qmio/hpc unloaded
gcccore/12.3.0 unloaded
binutils/2.40 unloaded
gcc/12.3.0 unloaded
sqlite/3.45.3 unloaded
libffi/3.4.4 unloaded
python/3.11.9 unloaded
rust/1.88.0 unloaded
imkl/2023.2.0 unloaded
ninja/1.9.0 unloaded
meson/1.5.2-python-3.11.9 unloaded
meson-python/0.16.0-python-3.11.9 unloaded
cython/3.0.9-python-3.11.9 unloaded
numpy/1.26.4-python-3.11.9 unloaded
pythran/0.15.0-python-3.11.9 unloaded
pybind11/2.13.6-python-3.11.9 unloaded
xsimd/12.1.1 unloaded
scipy/1.13.0-python-3.11.9 unloaded
llvm/16.0.0 unloaded
gmp/6.3.0 unloaded
mpfr/4.2.1 unloaded
mpc/1.3.1 unloaded
flint/3.1.2 unloaded
symengine/0.11.2 unloaded
symengine-python/0.11.0-python-3.11.9 unloaded
spdlog/1.9.2 unloaded
pylatexenc/2.10-python-3.11.9 unloaded
libgd/2.3.3 unloaded
nasm/2.16.03 unloaded
libjpeg-turbo/3.0.2 unloaded
matplotlib/3.6.3-python-3.11.9 unloaded
pandas/2.2.2-python-3.11.9 unloaded
seaborn/0.12.2-python-3.11.9 unloaded
qiskit/2.2.3-python-3.11.9 unloaded
qmio-run/0.5.1-python-3.11.9 unloaded
qmio-tools/0.2.1-python-3.11.9 unloaded
        Preparing the environment for use of the sistema software stack.
        Please rebuild modules cache: module --ignore-cache avail
     
qmio/hpc loaded
gcccore/12.3.0 loaded
binutils/2.40 loaded
gcc/12.3.0 loaded
sqlite/3.45.3 loaded
libffi/3.4.4 loaded
python/3.11.9 loaded
rust/1.88.0 loaded

imkl/2023.2.0 loaded
ninja/1.9.0 loaded
meson/1.5.2-python-3.11.9 loaded
meson-python/0.16.0-python-3.11.9 loaded
cython/3.0.9-python-3.11.9 loaded
numpy/1.26.4-python-3.11.9 loaded
pythran/0.15.0-python-3.11.9 loaded
pybind11/2.13.6-python-3.11.9 loaded
xsimd/12.1.1 loaded
scipy/1.13.0-python-3.11.9 loaded
llvm/16.0.0 loaded
gmp/6.3.0 loaded
mpfr/4.2.1 loaded
mpc/1.3.1 loaded
flint/3.1.2 loaded
symengine/0.11.2 loaded
symengine-python/0.11.0-python-3.11.9 loaded
spdlog/1.9.2 loaded
pylatexenc/2.10-python-3.11.9 loaded
libgd/2.3.3 loaded
nasm/2.16.03 loaded
libjpeg-turbo/3.0.2 loaded
matplotlib/3.6.3-python-3.11.9 loaded
pandas/2.2.2-python-3.11.9 loaded
seaborn/0.12.2-python-3.11.9 loaded
qiskit/2.2.3-python-3.11.9 loaded
qmio-run/0.5.1-python-3.11.9 loaded
qmio-tools/0.2.1-python-3.11.9 loaded
gcc/12.3.0 unloaded
rust/1.88.0 unloaded
pythran/0.15.0-python-3.11.9 unloaded
scipy/1.13.0-python-3.11.9 unloaded
qiskit/2.2.3-python-3.11.9 unloaded
qmio-run/0.5.1-python-3.11.9 unloaded
qmio-tools/0.2.1-python-3.11.9 unloaded
gcc/12.3.0 loaded
rust/1.88.0 loaded
pythran/0.15.0-python-3.11.9 loaded
scipy/1.13.0-python-3.11.9 loaded
qiskit/2.2.3-python-3.11.9 loaded
qmio-run/0.5.1-python-3.11.9 loaded
qmio-tools/0.2.1-python-3.11.9 loaded
qiskit/2.2.3-python-3.11.9 unloaded
qiskit/2.2.3-python-3.11.9 loaded
qmio-tools/0.2.1-python-3.11.9 unloaded
qmio-tools/0.2.1-python-3.11.9 loaded
2026-07-10 21:16:58,521 [INFO] [PCE] Ejecutando 100 grafos con 150 nodos.
2026-07-10 21:16:58,521 [INFO] [PCE] n=150 usa 11 qubits (k=2).
2026-07-10 21:16:58,645 [INFO] Pass: ContainsInstruction - 0.01311 (ms)
2026-07-10 21:16:58,645 [INFO] Pass: UnitarySynthesis - 0.00787 (ms)
2026-07-10 21:16:58,645 [INFO] Pass: HighLevelSynthesis - 0.00882 (ms)
2026-07-10 21:16:58,645 [INFO] Pass: BasisTranslator - 0.05627 (ms)
2026-07-10 21:16:58,645 [INFO] Pass: ElidePermutations - 0.00548 (ms)
2026-07-10 21:16:58,645 [INFO] Pass: RemoveDiagonalGatesBeforeMeasure - 0.01001 (ms)
2026-07-10 21:16:58,645 [INFO] Pass: RemoveIdentityEquivalent - 0.00429 (ms)
2026-07-10 21:16:58,645 [INFO] Pass: InverseCancellation - 0.00668 (ms)
2026-07-10 21:16:58,645 [INFO] Pass: ContractIdleWiresInControlFlow - 0.00262 (ms)
2026-07-10 21:16:58,645 [INFO] Pass: CommutativeCancellation - 0.05269 (ms)
2026-07-10 21:16:58,645 [INFO] Pass: ConsolidateBlocks - 0.05674 (ms)
2026-07-10 21:16:58,645 [INFO] Pass: Split2QUnitaries - 0.00381 (ms)
2026-07-10 21:16:58,645 [INFO] Pass: UnitarySynthesis - 0.00572 (ms)
2026-07-10 21:16:58,645 [INFO] Pass: HighLevelSynthesis - 0.02217 (ms)
2026-07-10 21:16:58,645 [INFO] Pass: BasisTranslator - 0.06819 (ms)
2026-07-10 21:16:58,646 [INFO] Pass: ConsolidateBlocks - 0.05245 (ms)
2026-07-10 21:16:58,646 [INFO] Pass: UnitarySynthesis - 0.00477 (ms)
2026-07-10 21:16:58,646 [INFO] Pass: Depth - 0.02027 (ms)
2026-07-10 21:16:58,646 [INFO] Pass: FixedPoint - 0.00596 (ms)
2026-07-10 21:16:58,646 [INFO] Pass: Size - 0.00358 (ms)
2026-07-10 21:16:58,646 [INFO] Pass: FixedPoint - 0.00334 (ms)
2026-07-10 21:16:58,646 [INFO] Pass: RemoveIdentityEquivalent - 0.00310 (ms)
2026-07-10 21:16:58,646 [INFO] Pass: Optimize1qGatesDecomposition - 0.03529 (ms)
2026-07-10 21:16:58,646 [INFO] Pass: CommutativeCancellation - 0.07582 (ms)
2026-07-10 21:16:58,646 [INFO] Pass: ContractIdleWiresInControlFlow - 0.00238 (ms)
2026-07-10 21:16:58,646 [INFO] Pass: GatesInBasis - 0.01979 (ms)
2026-07-10 21:16:58,646 [INFO] Pass: Depth - 0.01669 (ms)
2026-07-10 21:16:58,646 [INFO] Pass: FixedPoint - 0.00381 (ms)
2026-07-10 21:16:58,646 [INFO] Pass: Size - 0.00215 (ms)
2026-07-10 21:16:58,646 [INFO] Pass: FixedPoint - 0.00310 (ms)
2026-07-10 21:16:58,646 [INFO] Pass: ContainsInstruction - 0.00572 (ms)
2026-07-10 21:16:58,646 [INFO] Total Transpile Time - 108.03819 (ms)
2026-07-10 21:16:58,736 [INFO] Pass: ContainsInstruction - 0.01168 (ms)
2026-07-10 21:16:58,736 [INFO] Pass: UnitarySynthesis - 0.00739 (ms)
2026-07-10 21:16:58,736 [INFO] Pass: HighLevelSynthesis - 0.00882 (ms)
2026-07-10 21:16:58,736 [INFO] Pass: BasisTranslator - 0.05412 (ms)
2026-07-10 21:16:58,736 [INFO] Pass: ElidePermutations - 0.00501 (ms)
2026-07-10 21:16:58,736 [INFO] Pass: RemoveDiagonalGatesBeforeMeasure - 0.00787 (ms)
2026-07-10 21:16:58,736 [INFO] Pass: RemoveIdentityEquivalent - 0.00620 (ms)
2026-07-10 21:16:58,736 [INFO] Pass: InverseCancellation - 0.02909 (ms)
2026-07-10 21:16:58,736 [INFO] Pass: ContractIdleWiresInControlFlow - 0.00262 (ms)
2026-07-10 21:16:58,736 [INFO] Pass: CommutativeCancellation - 0.06008 (ms)
2026-07-10 21:16:58,736 [INFO] Pass: ConsolidateBlocks - 0.04220 (ms)
2026-07-10 21:16:58,736 [INFO] Pass: Split2QUnitaries - 0.00310 (ms)
2026-07-10 21:16:58,737 [INFO] Pass: UnitarySynthesis - 0.00596 (ms)
2026-07-10 21:16:58,737 [INFO] Pass: HighLevelSynthesis - 0.02432 (ms)
2026-07-10 21:16:58,737 [INFO] Pass: BasisTranslator - 0.06580 (ms)
2026-07-10 21:16:58,737 [INFO] Pass: ConsolidateBlocks - 0.05126 (ms)
2026-07-10 21:16:58,737 [INFO] Pass: UnitarySynthesis - 0.00525 (ms)
2026-07-10 21:16:58,737 [INFO] Pass: Depth - 0.01979 (ms)
2026-07-10 21:16:58,737 [INFO] Pass: FixedPoint - 0.00548 (ms)
2026-07-10 21:16:58,737 [INFO] Pass: Size - 0.00334 (ms)
2026-07-10 21:16:58,737 [INFO] Pass: FixedPoint - 0.00310 (ms)
2026-07-10 21:16:58,737 [INFO] Pass: RemoveIdentityEquivalent - 0.00405 (ms)
2026-07-10 21:16:58,737 [INFO] Pass: Optimize1qGatesDecomposition - 0.15640 (ms)
2026-07-10 21:16:58,737 [INFO] Pass: CommutativeCancellation - 0.08202 (ms)
2026-07-10 21:16:58,737 [INFO] Pass: ContractIdleWiresInControlFlow - 0.00167 (ms)
2026-07-10 21:16:58,737 [INFO] Pass: GatesInBasis - 0.02885 (ms)
2026-07-10 21:16:58,737 [INFO] Pass: Depth - 0.01788 (ms)
2026-07-10 21:16:58,737 [INFO] Pass: FixedPoint - 0.00429 (ms)
2026-07-10 21:16:58,737 [INFO] Pass: Size - 0.00215 (ms)
2026-07-10 21:16:58,737 [INFO] Pass: FixedPoint - 0.00477 (ms)
2026-07-10 21:16:58,737 [INFO] Pass: ContainsInstruction - 0.00525 (ms)
2026-07-10 21:16:58,738 [INFO] Total Transpile Time - 90.95359 (ms)
2026-07-10 21:16:58,827 [INFO] Pass: ContainsInstruction - 0.01097 (ms)
2026-07-10 21:16:58,827 [INFO] Pass: UnitarySynthesis - 0.00763 (ms)
2026-07-10 21:16:58,827 [INFO] Pass: HighLevelSynthesis - 0.00954 (ms)
2026-07-10 21:16:58,827 [INFO] Pass: BasisTranslator - 0.05221 (ms)
2026-07-10 21:16:58,827 [INFO] Pass: ElidePermutations - 0.00453 (ms)
2026-07-10 21:16:58,827 [INFO] Pass: RemoveDiagonalGatesBeforeMeasure - 0.00763 (ms)
2026-07-10 21:16:58,827 [INFO] Pass: RemoveIdentityEquivalent - 0.00620 (ms)
2026-07-10 21:16:58,827 [INFO] Pass: InverseCancellation - 0.02122 (ms)
2026-07-10 21:16:58,827 [INFO] Pass: ContractIdleWiresInControlFlow - 0.00215 (ms)
2026-07-10 21:16:58,827 [INFO] Pass: CommutativeCancellation - 0.06056 (ms)
2026-07-10 21:16:58,828 [INFO] Pass: ConsolidateBlocks - 0.04292 (ms)
2026-07-10 21:16:58,828 [INFO] Pass: Split2QUnitaries - 0.00286 (ms)
2026-07-10 21:16:58,828 [INFO] Pass: UnitarySynthesis - 0.01049 (ms)
2026-07-10 21:16:58,828 [INFO] Pass: HighLevelSynthesis - 0.02551 (ms)
2026-07-10 21:16:58,828 [INFO] Pass: BasisTranslator - 0.06700 (ms)
2026-07-10 21:16:58,828 [INFO] Pass: ConsolidateBlocks - 0.05126 (ms)
2026-07-10 21:16:58,828 [INFO] Pass: UnitarySynthesis - 0.00453 (ms)
2026-07-10 21:16:58,828 [INFO] Pass: Depth - 0.02003 (ms)
2026-07-10 21:16:58,828 [INFO] Pass: FixedPoint - 0.00477 (ms)
2026-07-10 21:16:58,828 [INFO] Pass: Size - 0.00358 (ms)
2026-07-10 21:16:58,828 [INFO] Pass: FixedPoint - 0.00310 (ms)
2026-07-10 21:16:58,828 [INFO] Pass: RemoveIdentityEquivalent - 0.00477 (ms)
2026-07-10 21:16:58,828 [INFO] Pass: Optimize1qGatesDecomposition - 0.18573 (ms)
2026-07-10 21:16:58,828 [INFO] Pass: CommutativeCancellation - 0.07510 (ms)
2026-07-10 21:16:58,828 [INFO] Pass: ContractIdleWiresInControlFlow - 0.00215 (ms)
2026-07-10 21:16:58,828 [INFO] Pass: GatesInBasis - 0.02098 (ms)
2026-07-10 21:16:58,828 [INFO] Pass: Depth - 0.01907 (ms)
2026-07-10 21:16:58,828 [INFO] Pass: FixedPoint - 0.00381 (ms)
2026-07-10 21:16:58,829 [INFO] Pass: Size - 0.00262 (ms)
2026-07-10 21:16:58,829 [INFO] Pass: FixedPoint - 0.00310 (ms)
2026-07-10 21:16:58,829 [INFO] Pass: RemoveIdentityEquivalent - 0.00525 (ms)
2026-07-10 21:16:58,829 [INFO] Pass: Optimize1qGatesDecomposition - 0.14305 (ms)
2026-07-10 21:16:58,829 [INFO] Pass: CommutativeCancellation - 0.06747 (ms)
2026-07-10 21:16:58,829 [INFO] Pass: ContractIdleWiresInControlFlow - 0.00191 (ms)
2026-07-10 21:16:58,829 [INFO] Pass: GatesInBasis - 0.01860 (ms)
2026-07-10 21:16:58,829 [INFO] Pass: Depth - 0.01836 (ms)
2026-07-10 21:16:58,829 [INFO] Pass: FixedPoint - 0.00334 (ms)
2026-07-10 21:16:58,829 [INFO] Pass: Size - 0.00238 (ms)
2026-07-10 21:16:58,829 [INFO] Pass: FixedPoint - 0.00286 (ms)
2026-07-10 21:16:58,829 [INFO] Pass: ContainsInstruction - 0.00596 (ms)
2026-07-10 21:16:58,829 [INFO] Total Transpile Time - 91.24088 (ms)
2026-07-10 21:16:59,099 [INFO] [PCE] Aer metadata (1ª ejecución de este proceso): device=CPU method=statevector shots=4096 fusion_enabled=True
2026-07-10 21:36:24,327 [INFO] [PCE] n=150 instancia 1/100 completada en 0:00:19:26 — transcurrido=0:00:19:26 restante_estimado=1:08:03:35
2026-07-10 21:36:24,436 [INFO] Pass: ContainsInstruction - 0.01526 (ms)
2026-07-10 21:36:24,436 [INFO] Pass: UnitarySynthesis - 0.00691 (ms)
2026-07-10 21:36:24,436 [INFO] Pass: HighLevelSynthesis - 0.00954 (ms)
2026-07-10 21:36:24,436 [INFO] Pass: BasisTranslator - 0.06652 (ms)
2026-07-10 21:36:24,436 [INFO] Pass: ElidePermutations - 0.01264 (ms)
2026-07-10 21:36:24,436 [INFO] Pass: RemoveDiagonalGatesBeforeMeasure - 0.00882 (ms)
2026-07-10 21:36:24,436 [INFO] Pass: RemoveIdentityEquivalent - 0.00453 (ms)
2026-07-10 21:36:24,436 [INFO] Pass: InverseCancellation - 0.00548 (ms)
2026-07-10 21:36:24,436 [INFO] Pass: ContractIdleWiresInControlFlow - 0.00477 (ms)
2026-07-10 21:36:24,436 [INFO] Pass: CommutativeCancellation - 0.05651 (ms)
2026-07-10 21:36:24,437 [INFO] Pass: ConsolidateBlocks - 0.04673 (ms)
2026-07-10 21:36:24,437 [INFO] Pass: Split2QUnitaries - 0.00358 (ms)
2026-07-10 21:36:24,437 [INFO] Pass: UnitarySynthesis - 0.00501 (ms)
2026-07-10 21:36:24,437 [INFO] Pass: HighLevelSynthesis - 0.02432 (ms)
2026-07-10 21:36:24,437 [INFO] Pass: BasisTranslator - 0.06723 (ms)
2026-07-10 21:36:24,437 [INFO] Pass: ConsolidateBlocks - 0.05555 (ms)
2026-07-10 21:36:24,437 [INFO] Pass: UnitarySynthesis - 0.00477 (ms)
2026-07-10 21:36:24,437 [INFO] Pass: Depth - 0.02027 (ms)
2026-07-10 21:36:24,437 [INFO] Pass: FixedPoint - 0.00501 (ms)
2026-07-10 21:36:24,437 [INFO] Pass: Size - 0.00405 (ms)
2026-07-10 21:36:24,437 [INFO] Pass: FixedPoint - 0.00286 (ms)
2026-07-10 21:36:24,437 [INFO] Pass: RemoveIdentityEquivalent - 0.00334 (ms)
2026-07-10 21:36:24,437 [INFO] Pass: Optimize1qGatesDecomposition - 0.03481 (ms)
2026-07-10 21:36:24,437 [INFO] Pass: CommutativeCancellation - 0.07367 (ms)
2026-07-10 21:36:24,437 [INFO] Pass: ContractIdleWiresInControlFlow - 0.00191 (ms)
2026-07-10 21:36:24,437 [INFO] Pass: GatesInBasis - 0.01979 (ms)
2026-07-10 21:36:24,437 [INFO] Pass: Depth - 0.01812 (ms)
2026-07-10 21:36:24,437 [INFO] Pass: FixedPoint - 0.00358 (ms)
2026-07-10 21:36:24,437 [INFO] Pass: Size - 0.00238 (ms)
2026-07-10 21:36:24,437 [INFO] Pass: FixedPoint - 0.00286 (ms)
2026-07-10 21:36:24,437 [INFO] Pass: ContainsInstruction - 0.00548 (ms)
2026-07-10 21:36:24,438 [INFO] Total Transpile Time - 94.80453 (ms)
2026-07-10 21:36:24,528 [INFO] Pass: ContainsInstruction - 0.01049 (ms)
2026-07-10 21:36:24,528 [INFO] Pass: UnitarySynthesis - 0.00644 (ms)
2026-07-10 21:36:24,528 [INFO] Pass: HighLevelSynthesis - 0.00811 (ms)
2026-07-10 21:36:24,528 [INFO] Pass: BasisTranslator - 0.05746 (ms)
2026-07-10 21:36:24,528 [INFO] Pass: ElidePermutations - 0.00453 (ms)
2026-07-10 21:36:24,528 [INFO] Pass: RemoveDiagonalGatesBeforeMeasure - 0.00715 (ms)
2026-07-10 21:36:24,528 [INFO] Pass: RemoveIdentityEquivalent - 0.00548 (ms)
2026-07-10 21:36:24,528 [INFO] Pass: InverseCancellation - 0.02122 (ms)
2026-07-10 21:36:24,528 [INFO] Pass: ContractIdleWiresInControlFlow - 0.00191 (ms)
2026-07-10 21:36:24,528 [INFO] Pass: CommutativeCancellation - 0.06294 (ms)
2026-07-10 21:36:24,528 [INFO] Pass: ConsolidateBlocks - 0.04077 (ms)
2026-07-10 21:36:24,528 [INFO] Pass: Split2QUnitaries - 0.00262 (ms)
2026-07-10 21:36:24,528 [INFO] Pass: UnitarySynthesis - 0.00477 (ms)
2026-07-10 21:36:24,529 [INFO] Pass: HighLevelSynthesis - 0.02432 (ms)
2026-07-10 21:36:24,529 [INFO] Pass: BasisTranslator - 0.06700 (ms)
2026-07-10 21:36:24,529 [INFO] Pass: ConsolidateBlocks - 0.05031 (ms)
2026-07-10 21:36:24,529 [INFO] Pass: UnitarySynthesis - 0.00453 (ms)
2026-07-10 21:36:24,529 [INFO] Pass: Depth - 0.02074 (ms)
2026-07-10 21:36:24,529 [INFO] Pass: FixedPoint - 0.00477 (ms)
2026-07-10 21:36:24,529 [INFO] Pass: Size - 0.00262 (ms)
2026-07-10 21:36:24,529 [INFO] Pass: FixedPoint - 0.00310 (ms)
2026-07-10 21:36:24,529 [INFO] Pass: RemoveIdentityEquivalent - 0.00405 (ms)
2026-07-10 21:36:24,529 [INFO] Pass: Optimize1qGatesDecomposition - 0.15140 (ms)
2026-07-10 21:36:24,529 [INFO] Pass: CommutativeCancellation - 0.08368 (ms)
2026-07-10 21:36:24,529 [INFO] Pass: ContractIdleWiresInControlFlow - 0.00191 (ms)
2026-07-10 21:36:24,529 [INFO] Pass: GatesInBasis - 0.02003 (ms)
2026-07-10 21:36:24,529 [INFO] Pass: Depth - 0.01860 (ms)
2026-07-10 21:36:24,529 [INFO] Pass: FixedPoint - 0.00358 (ms)
2026-07-10 21:36:24,529 [INFO] Pass: Size - 0.00238 (ms)
2026-07-10 21:36:24,529 [INFO] Pass: FixedPoint - 0.00286 (ms)
2026-07-10 21:36:24,529 [INFO] Pass: ContainsInstruction - 0.00548 (ms)
2026-07-10 21:36:24,530 [INFO] Total Transpile Time - 91.57252 (ms)
2026-07-10 21:36:24,619 [INFO] Pass: ContainsInstruction - 0.01001 (ms)
2026-07-10 21:36:24,619 [INFO] Pass: UnitarySynthesis - 0.00644 (ms)
2026-07-10 21:36:24,619 [INFO] Pass: HighLevelSynthesis - 0.00763 (ms)
2026-07-10 21:36:24,619 [INFO] Pass: BasisTranslator - 0.06270 (ms)
2026-07-10 21:36:24,619 [INFO] Pass: ElidePermutations - 0.00405 (ms)
2026-07-10 21:36:24,619 [INFO] Pass: RemoveDiagonalGatesBeforeMeasure - 0.00691 (ms)
2026-07-10 21:36:24,619 [INFO] Pass: RemoveIdentityEquivalent - 0.00596 (ms)
2026-07-10 21:36:24,619 [INFO] Pass: InverseCancellation - 0.02170 (ms)
2026-07-10 21:36:24,619 [INFO] Pass: ContractIdleWiresInControlFlow - 0.00238 (ms)
2026-07-10 21:36:24,620 [INFO] Pass: CommutativeCancellation - 0.05794 (ms)
2026-07-10 21:36:24,620 [INFO] Pass: ConsolidateBlocks - 0.04005 (ms)
2026-07-10 21:36:24,620 [INFO] Pass: Split2QUnitaries - 0.00262 (ms)
2026-07-10 21:36:24,620 [INFO] Pass: UnitarySynthesis - 0.00525 (ms)
2026-07-10 21:36:24,620 [INFO] Pass: HighLevelSynthesis - 0.02623 (ms)
2026-07-10 21:36:24,620 [INFO] Pass: BasisTranslator - 0.06938 (ms)
2026-07-10 21:36:24,620 [INFO] Pass: ConsolidateBlocks - 0.05078 (ms)
2026-07-10 21:36:24,620 [INFO] Pass: UnitarySynthesis - 0.00501 (ms)
2026-07-10 21:36:24,620 [INFO] Pass: Depth - 0.02027 (ms)
2026-07-10 21:36:24,620 [INFO] Pass: FixedPoint - 0.00477 (ms)
2026-07-10 21:36:24,620 [INFO] Pass: Size - 0.00310 (ms)
2026-07-10 21:36:24,620 [INFO] Pass: FixedPoint - 0.00286 (ms)
2026-07-10 21:36:24,620 [INFO] Pass: RemoveIdentityEquivalent - 0.00501 (ms)
2026-07-10 21:36:24,620 [INFO] Pass: Optimize1qGatesDecomposition - 0.15807 (ms)
2026-07-10 21:36:24,620 [INFO] Pass: CommutativeCancellation - 0.07606 (ms)
2026-07-10 21:36:24,620 [INFO] Pass: ContractIdleWiresInControlFlow - 0.00215 (ms)
2026-07-10 21:36:24,620 [INFO] Pass: GatesInBasis - 0.02003 (ms)
2026-07-10 21:36:24,620 [INFO] Pass: Depth - 0.01931 (ms)
2026-07-10 21:36:24,621 [INFO] Pass: FixedPoint - 0.00405 (ms)
2026-07-10 21:36:24,621 [INFO] Pass: Size - 0.00262 (ms)
2026-07-10 21:36:24,621 [INFO] Pass: FixedPoint - 0.00310 (ms)
2026-07-10 21:36:24,621 [INFO] Pass: RemoveIdentityEquivalent - 0.00525 (ms)
2026-07-10 21:36:24,621 [INFO] Pass: Optimize1qGatesDecomposition - 0.14138 (ms)
2026-07-10 21:36:24,621 [INFO] Pass: CommutativeCancellation - 0.06962 (ms)
2026-07-10 21:36:24,621 [INFO] Pass: ContractIdleWiresInControlFlow - 0.00167 (ms)
2026-07-10 21:36:24,621 [INFO] Pass: GatesInBasis - 0.01979 (ms)
2026-07-10 21:36:24,621 [INFO] Pass: Depth - 0.01788 (ms)
2026-07-10 21:36:24,621 [INFO] Pass: FixedPoint - 0.00358 (ms)
2026-07-10 21:36:24,621 [INFO] Pass: Size - 0.00191 (ms)
2026-07-10 21:36:24,621 [INFO] Pass: FixedPoint - 0.00286 (ms)
2026-07-10 21:36:24,621 [INFO] Pass: ContainsInstruction - 0.00572 (ms)
2026-07-10 21:36:24,621 [INFO] Total Transpile Time - 91.31026 (ms)
2026-07-10 21:57:00,773 [INFO] [PCE] n=150 instancia 2/100 completada en 0:00:20:36 — transcurrido=0:00:40:02 restante_estimado=1:08:41:50
2026-07-10 21:57:00,877 [INFO] Pass: ContainsInstruction - 0.01097 (ms)
2026-07-10 21:57:00,877 [INFO] Pass: UnitarySynthesis - 0.00691 (ms)
2026-07-10 21:57:00,877 [INFO] Pass: HighLevelSynthesis - 0.00882 (ms)
2026-07-10 21:57:00,877 [INFO] Pass: BasisTranslator - 0.05984 (ms)
2026-07-10 21:57:00,877 [INFO] Pass: ElidePermutations - 0.00596 (ms)
2026-07-10 21:57:00,877 [INFO] Pass: RemoveDiagonalGatesBeforeMeasure - 0.01621 (ms)
2026-07-10 21:57:00,877 [INFO] Pass: RemoveIdentityEquivalent - 0.00381 (ms)
2026-07-10 21:57:00,877 [INFO] Pass: InverseCancellation - 0.00548 (ms)
2026-07-10 21:57:00,877 [INFO] Pass: ContractIdleWiresInControlFlow - 0.00191 (ms)
2026-07-10 21:57:00,877 [INFO] Pass: CommutativeCancellation - 0.05555 (ms)
2026-07-10 21:57:00,877 [INFO] Pass: ConsolidateBlocks - 0.04077 (ms)
2026-07-10 21:57:00,878 [INFO] Pass: Split2QUnitaries - 0.00310 (ms)
2026-07-10 21:57:00,878 [INFO] Pass: UnitarySynthesis - 0.00525 (ms)
2026-07-10 21:57:00,878 [INFO] Pass: HighLevelSynthesis - 0.02360 (ms)
2026-07-10 21:57:00,878 [INFO] Pass: BasisTranslator - 0.06533 (ms)
2026-07-10 21:57:00,878 [INFO] Pass: ConsolidateBlocks - 0.04792 (ms)
2026-07-10 21:57:00,878 [INFO] Pass: UnitarySynthesis - 0.00453 (ms)
2026-07-10 21:57:00,878 [INFO] Pass: Depth - 0.01907 (ms)
2026-07-10 21:57:00,878 [INFO] Pass: FixedPoint - 0.00477 (ms)
2026-07-10 21:57:00,878 [INFO] Pass: Size - 0.00310 (ms)
2026-07-10 21:57:00,878 [INFO] Pass: FixedPoint - 0.00286 (ms)
2026-07-10 21:57:00,878 [INFO] Pass: RemoveIdentityEquivalent - 0.00238 (ms)
2026-07-10 21:57:00,878 [INFO] Pass: Optimize1qGatesDecomposition - 0.03481 (ms)
2026-07-10 21:57:00,878 [INFO] Pass: CommutativeCancellation - 0.07486 (ms)
2026-07-10 21:57:00,878 [INFO] Pass: ContractIdleWiresInControlFlow - 0.00215 (ms)
2026-07-10 21:57:00,878 [INFO] Pass: GatesInBasis - 0.01979 (ms)
2026-07-10 21:57:00,878 [INFO] Pass: Depth - 0.01669 (ms)
2026-07-10 21:57:00,878 [INFO] Pass: FixedPoint - 0.00334 (ms)
2026-07-10 21:57:00,878 [INFO] Pass: Size - 0.00191 (ms)
2026-07-10 21:57:00,878 [INFO] Pass: FixedPoint - 0.00286 (ms)
2026-07-10 21:57:00,878 [INFO] Pass: ContainsInstruction - 0.00501 (ms)
2026-07-10 21:57:00,879 [INFO] Total Transpile Time - 89.00714 (ms)
2026-07-10 21:57:00,965 [INFO] Pass: ContainsInstruction - 0.00978 (ms)
2026-07-10 21:57:00,965 [INFO] Pass: UnitarySynthesis - 0.00644 (ms)
2026-07-10 21:57:00,965 [INFO] Pass: HighLevelSynthesis - 0.00739 (ms)
2026-07-10 21:57:00,965 [INFO] Pass: BasisTranslator - 0.05436 (ms)
2026-07-10 21:57:00,965 [INFO] Pass: ElidePermutations - 0.00596 (ms)
2026-07-10 21:57:00,965 [INFO] Pass: RemoveDiagonalGatesBeforeMeasure - 0.00691 (ms)
2026-07-10 21:57:00,965 [INFO] Pass: RemoveIdentityEquivalent - 0.00453 (ms)
2026-07-10 21:57:00,965 [INFO] Pass: InverseCancellation - 0.02313 (ms)
2026-07-10 21:57:00,965 [INFO] Pass: ContractIdleWiresInControlFlow - 0.00167 (ms)
2026-07-10 21:57:00,965 [INFO] Pass: CommutativeCancellation - 0.06771 (ms)
2026-07-10 21:57:00,965 [INFO] Pass: ConsolidateBlocks - 0.03934 (ms)
2026-07-10 21:57:00,965 [INFO] Pass: Split2QUnitaries - 0.00453 (ms)
2026-07-10 21:57:00,965 [INFO] Pass: UnitarySynthesis - 0.00501 (ms)
2026-07-10 21:57:00,965 [INFO] Pass: HighLevelSynthesis - 0.02313 (ms)
2026-07-10 21:57:00,966 [INFO] Pass: BasisTranslator - 0.06533 (ms)
2026-07-10 21:57:00,966 [INFO] Pass: ConsolidateBlocks - 0.04816 (ms)
2026-07-10 21:57:00,966 [INFO] Pass: UnitarySynthesis - 0.00429 (ms)
2026-07-10 21:57:00,966 [INFO] Pass: Depth - 0.01931 (ms)
2026-07-10 21:57:00,966 [INFO] Pass: FixedPoint - 0.00429 (ms)
2026-07-10 21:57:00,966 [INFO] Pass: Size - 0.00262 (ms)
2026-07-10 21:57:00,966 [INFO] Pass: FixedPoint - 0.00286 (ms)
2026-07-10 21:57:00,966 [INFO] Pass: RemoveIdentityEquivalent - 0.00405 (ms)
2026-07-10 21:57:00,966 [INFO] Pass: Optimize1qGatesDecomposition - 0.14853 (ms)
2026-07-10 21:57:00,966 [INFO] Pass: CommutativeCancellation - 0.08011 (ms)
2026-07-10 21:57:00,966 [INFO] Pass: ContractIdleWiresInControlFlow - 0.00167 (ms)
2026-07-10 21:57:00,966 [INFO] Pass: GatesInBasis - 0.01884 (ms)
2026-07-10 21:57:00,966 [INFO] Pass: Depth - 0.01788 (ms)
2026-07-10 21:57:00,966 [INFO] Pass: FixedPoint - 0.00358 (ms)
2026-07-10 21:57:00,966 [INFO] Pass: Size - 0.00191 (ms)
2026-07-10 21:57:00,966 [INFO] Pass: FixedPoint - 0.00286 (ms)
2026-07-10 21:57:00,966 [INFO] Pass: ContainsInstruction - 0.00525 (ms)
2026-07-10 21:57:00,967 [INFO] Total Transpile Time - 87.55374 (ms)
2026-07-10 21:57:01,052 [INFO] Pass: ContainsInstruction - 0.01001 (ms)
2026-07-10 21:57:01,052 [INFO] Pass: UnitarySynthesis - 0.00644 (ms)
2026-07-10 21:57:01,052 [INFO] Pass: HighLevelSynthesis - 0.00715 (ms)
2026-07-10 21:57:01,052 [INFO] Pass: BasisTranslator - 0.05126 (ms)
2026-07-10 21:57:01,052 [INFO] Pass: ElidePermutations - 0.00334 (ms)
2026-07-10 21:57:01,052 [INFO] Pass: RemoveDiagonalGatesBeforeMeasure - 0.00620 (ms)
2026-07-10 21:57:01,052 [INFO] Pass: RemoveIdentityEquivalent - 0.00501 (ms)
2026-07-10 21:57:01,052 [INFO] Pass: InverseCancellation - 0.02074 (ms)
2026-07-10 21:57:01,053 [INFO] Pass: ContractIdleWiresInControlFlow - 0.00215 (ms)
2026-07-10 21:57:01,053 [INFO] Pass: CommutativeCancellation - 0.05722 (ms)
2026-07-10 21:57:01,053 [INFO] Pass: ConsolidateBlocks - 0.03886 (ms)
2026-07-10 21:57:01,053 [INFO] Pass: Split2QUnitaries - 0.00238 (ms)
2026-07-10 21:57:01,053 [INFO] Pass: UnitarySynthesis - 0.00548 (ms)
2026-07-10 21:57:01,053 [INFO] Pass: HighLevelSynthesis - 0.02480 (ms)
2026-07-10 21:57:01,053 [INFO] Pass: BasisTranslator - 0.06557 (ms)
2026-07-10 21:57:01,053 [INFO] Pass: ConsolidateBlocks - 0.04888 (ms)
2026-07-10 21:57:01,053 [INFO] Pass: UnitarySynthesis - 0.00477 (ms)
2026-07-10 21:57:01,053 [INFO] Pass: Depth - 0.02027 (ms)
2026-07-10 21:57:01,053 [INFO] Pass: FixedPoint - 0.00429 (ms)
2026-07-10 21:57:01,053 [INFO] Pass: Size - 0.00286 (ms)
2026-07-10 21:57:01,053 [INFO] Pass: FixedPoint - 0.00286 (ms)
2026-07-10 21:57:01,053 [INFO] Pass: RemoveIdentityEquivalent - 0.00477 (ms)
2026-07-10 21:57:01,053 [INFO] Pass: Optimize1qGatesDecomposition - 0.16117 (ms)
2026-07-10 21:57:01,053 [INFO] Pass: CommutativeCancellation - 0.07367 (ms)
2026-07-10 21:57:01,053 [INFO] Pass: ContractIdleWiresInControlFlow - 0.00191 (ms)
2026-07-10 21:57:01,053 [INFO] Pass: GatesInBasis - 0.01836 (ms)
2026-07-10 21:57:01,054 [INFO] Pass: Depth - 0.01812 (ms)
2026-07-10 21:57:01,054 [INFO] Pass: FixedPoint - 0.00358 (ms)
2026-07-10 21:57:01,054 [INFO] Pass: Size - 0.00215 (ms)
2026-07-10 21:57:01,054 [INFO] Pass: FixedPoint - 0.00286 (ms)
2026-07-10 21:57:01,054 [INFO] Pass: RemoveIdentityEquivalent - 0.00429 (ms)
2026-07-10 21:57:01,054 [INFO] Pass: Optimize1qGatesDecomposition - 0.13804 (ms)
2026-07-10 21:57:01,054 [INFO] Pass: CommutativeCancellation - 0.06795 (ms)
2026-07-10 21:57:01,054 [INFO] Pass: ContractIdleWiresInControlFlow - 0.00167 (ms)
2026-07-10 21:57:01,054 [INFO] Pass: GatesInBasis - 0.01860 (ms)
2026-07-10 21:57:01,054 [INFO] Pass: Depth - 0.01740 (ms)
2026-07-10 21:57:01,054 [INFO] Pass: FixedPoint - 0.00334 (ms)
2026-07-10 21:57:01,054 [INFO] Pass: Size - 0.00167 (ms)
2026-07-10 21:57:01,054 [INFO] Pass: FixedPoint - 0.00286 (ms)
2026-07-10 21:57:01,054 [INFO] Pass: ContainsInstruction - 0.00548 (ms)
2026-07-10 21:57:01,054 [INFO] Total Transpile Time - 87.46457 (ms)
2026-07-10 22:18:10,374 [INFO] [PCE] n=150 instancia 3/100 completada en 0:00:21:10 — transcurrido=0:01:01:12 restante_estimado=1:08:58:43
2026-07-10 22:18:10,478 [INFO] Pass: ContainsInstruction - 0.01097 (ms)
2026-07-10 22:18:10,478 [INFO] Pass: UnitarySynthesis - 0.00668 (ms)
2026-07-10 22:18:10,478 [INFO] Pass: HighLevelSynthesis - 0.00882 (ms)
2026-07-10 22:18:10,478 [INFO] Pass: BasisTranslator - 0.05746 (ms)
2026-07-10 22:18:10,478 [INFO] Pass: ElidePermutations - 0.00501 (ms)
2026-07-10 22:18:10,478 [INFO] Pass: RemoveDiagonalGatesBeforeMeasure - 0.00811 (ms)
2026-07-10 22:18:10,478 [INFO] Pass: RemoveIdentityEquivalent - 0.00358 (ms)
2026-07-10 22:18:10,478 [INFO] Pass: InverseCancellation - 0.00501 (ms)
2026-07-10 22:18:10,478 [INFO] Pass: ContractIdleWiresInControlFlow - 0.00215 (ms)
2026-07-10 22:18:10,478 [INFO] Pass: CommutativeCancellation - 0.05603 (ms)
2026-07-10 22:18:10,478 [INFO] Pass: ConsolidateBlocks - 0.04220 (ms)
2026-07-10 22:18:10,478 [INFO] Pass: Split2QUnitaries - 0.00334 (ms)
2026-07-10 22:18:10,479 [INFO] Pass: UnitarySynthesis - 0.00501 (ms)
2026-07-10 22:18:10,479 [INFO] Pass: HighLevelSynthesis - 0.02384 (ms)
2026-07-10 22:18:10,479 [INFO] Pass: BasisTranslator - 0.06247 (ms)
2026-07-10 22:18:10,479 [INFO] Pass: ConsolidateBlocks - 0.04673 (ms)
2026-07-10 22:18:10,479 [INFO] Pass: UnitarySynthesis - 0.00477 (ms)
2026-07-10 22:18:10,479 [INFO] Pass: Depth - 0.01884 (ms)
2026-07-10 22:18:10,479 [INFO] Pass: FixedPoint - 0.00429 (ms)
2026-07-10 22:18:10,479 [INFO] Pass: Size - 0.00358 (ms)
2026-07-10 22:18:10,479 [INFO] Pass: FixedPoint - 0.00286 (ms)
2026-07-10 22:18:10,479 [INFO] Pass: RemoveIdentityEquivalent - 0.00286 (ms)
2026-07-10 22:18:10,479 [INFO] Pass: Optimize1qGatesDecomposition - 0.03266 (ms)
2026-07-10 22:18:10,479 [INFO] Pass: CommutativeCancellation - 0.07153 (ms)
2026-07-10 22:18:10,479 [INFO] Pass: ContractIdleWiresInControlFlow - 0.00215 (ms)
2026-07-10 22:18:10,479 [INFO] Pass: GatesInBasis - 0.01884 (ms)
2026-07-10 22:18:10,479 [INFO] Pass: Depth - 0.01717 (ms)
2026-07-10 22:18:10,479 [INFO] Pass: FixedPoint - 0.00358 (ms)
2026-07-10 22:18:10,479 [INFO] Pass: Size - 0.00191 (ms)
2026-07-10 22:18:10,479 [INFO] Pass: FixedPoint - 0.00262 (ms)
2026-07-10 22:18:10,479 [INFO] Pass: ContainsInstruction - 0.00477 (ms)
2026-07-10 22:18:10,480 [INFO] Total Transpile Time - 89.45799 (ms)
2026-07-10 22:18:10,566 [INFO] Pass: ContainsInstruction - 0.00954 (ms)
2026-07-10 22:18:10,566 [INFO] Pass: UnitarySynthesis - 0.00620 (ms)
2026-07-10 22:18:10,566 [INFO] Pass: HighLevelSynthesis - 0.00739 (ms)
2026-07-10 22:18:10,566 [INFO] Pass: BasisTranslator - 0.05269 (ms)
2026-07-10 22:18:10,566 [INFO] Pass: ElidePermutations - 0.00381 (ms)
2026-07-10 22:18:10,566 [INFO] Pass: RemoveDiagonalGatesBeforeMeasure - 0.00644 (ms)
2026-07-10 22:18:10,566 [INFO] Pass: RemoveIdentityEquivalent - 0.00429 (ms)
2026-07-10 22:18:10,566 [INFO] Pass: InverseCancellation - 0.02956 (ms)
2026-07-10 22:18:10,566 [INFO] Pass: ContractIdleWiresInControlFlow - 0.00215 (ms)
2026-07-10 22:18:10,566 [INFO] Pass: CommutativeCancellation - 0.06080 (ms)
2026-07-10 22:18:10,566 [INFO] Pass: ConsolidateBlocks - 0.03910 (ms)
2026-07-10 22:18:10,566 [INFO] Pass: Split2QUnitaries - 0.00238 (ms)
2026-07-10 22:18:10,567 [INFO] Pass: UnitarySynthesis - 0.00525 (ms)
2026-07-10 22:18:10,567 [INFO] Pass: HighLevelSynthesis - 0.02337 (ms)
2026-07-10 22:18:10,567 [INFO] Pass: BasisTranslator - 0.06294 (ms)
2026-07-10 22:18:10,567 [INFO] Pass: ConsolidateBlocks - 0.04745 (ms)
2026-07-10 22:18:10,567 [INFO] Pass: UnitarySynthesis - 0.00453 (ms)
2026-07-10 22:18:10,567 [INFO] Pass: Depth - 0.01884 (ms)
2026-07-10 22:18:10,567 [INFO] Pass: FixedPoint - 0.00429 (ms)
2026-07-10 22:18:10,567 [INFO] Pass: Size - 0.00238 (ms)
2026-07-10 22:18:10,567 [INFO] Pass: FixedPoint - 0.00262 (ms)
2026-07-10 22:18:10,567 [INFO] Pass: RemoveIdentityEquivalent - 0.00453 (ms)
2026-07-10 22:18:10,567 [INFO] Pass: Optimize1qGatesDecomposition - 0.14806 (ms)
2026-07-10 22:18:10,567 [INFO] Pass: CommutativeCancellation - 0.08011 (ms)
2026-07-10 22:18:10,567 [INFO] Pass: ContractIdleWiresInControlFlow - 0.00215 (ms)
2026-07-10 22:18:10,567 [INFO] Pass: GatesInBasis - 0.01931 (ms)
2026-07-10 22:18:10,567 [INFO] Pass: Depth - 0.01788 (ms)
2026-07-10 22:18:10,567 [INFO] Pass: FixedPoint - 0.00381 (ms)
2026-07-10 22:18:10,567 [INFO] Pass: Size - 0.00215 (ms)
2026-07-10 22:18:10,567 [INFO] Pass: FixedPoint - 0.00262 (ms)
2026-07-10 22:18:10,567 [INFO] Pass: ContainsInstruction - 0.00501 (ms)
2026-07-10 22:18:10,568 [INFO] Total Transpile Time - 87.76474 (ms)
2026-07-10 22:18:10,654 [INFO] Pass: ContainsInstruction - 0.00930 (ms)
2026-07-10 22:18:10,654 [INFO] Pass: UnitarySynthesis - 0.00620 (ms)
2026-07-10 22:18:10,654 [INFO] Pass: HighLevelSynthesis - 0.00739 (ms)
2026-07-10 22:18:10,654 [INFO] Pass: BasisTranslator - 0.05126 (ms)
2026-07-10 22:18:10,655 [INFO] Pass: ElidePermutations - 0.00358 (ms)
2026-07-10 22:18:10,655 [INFO] Pass: RemoveDiagonalGatesBeforeMeasure - 0.00620 (ms)
2026-07-10 22:18:10,655 [INFO] Pass: RemoveIdentityEquivalent - 0.00572 (ms)
2026-07-10 22:18:10,655 [INFO] Pass: InverseCancellation - 0.02050 (ms)
2026-07-10 22:18:10,655 [INFO] Pass: ContractIdleWiresInControlFlow - 0.00191 (ms)
2026-07-10 22:18:10,655 [INFO] Pass: CommutativeCancellation - 0.05674 (ms)
2026-07-10 22:18:10,655 [INFO] Pass: ConsolidateBlocks - 0.03839 (ms)
2026-07-10 22:18:10,655 [INFO] Pass: Split2QUnitaries - 0.00215 (ms)
2026-07-10 22:18:10,655 [INFO] Pass: UnitarySynthesis - 0.00501 (ms)
2026-07-10 22:18:10,655 [INFO] Pass: HighLevelSynthesis - 0.02503 (ms)
2026-07-10 22:18:10,655 [INFO] Pass: BasisTranslator - 0.06580 (ms)
2026-07-10 22:18:10,655 [INFO] Pass: ConsolidateBlocks - 0.04959 (ms)
2026-07-10 22:18:10,655 [INFO] Pass: UnitarySynthesis - 0.00501 (ms)
2026-07-10 22:18:10,655 [INFO] Pass: Depth - 0.02027 (ms)
2026-07-10 22:18:10,655 [INFO] Pass: FixedPoint - 0.00405 (ms)
2026-07-10 22:18:10,655 [INFO] Pass: Size - 0.00262 (ms)
2026-07-10 22:18:10,655 [INFO] Pass: FixedPoint - 0.00262 (ms)
2026-07-10 22:18:10,655 [INFO] Pass: RemoveIdentityEquivalent - 0.00477 (ms)
2026-07-10 22:18:10,655 [INFO] Pass: Optimize1qGatesDecomposition - 0.16403 (ms)
2026-07-10 22:18:10,655 [INFO] Pass: CommutativeCancellation - 0.07153 (ms)
2026-07-10 22:18:10,656 [INFO] Pass: ContractIdleWiresInControlFlow - 0.00191 (ms)
2026-07-10 22:18:10,656 [INFO] Pass: GatesInBasis - 0.01931 (ms)
2026-07-10 22:18:10,656 [INFO] Pass: Depth - 0.01931 (ms)
2026-07-10 22:18:10,656 [INFO] Pass: FixedPoint - 0.00358 (ms)
2026-07-10 22:18:10,656 [INFO] Pass: Size - 0.00238 (ms)
2026-07-10 22:18:10,656 [INFO] Pass: FixedPoint - 0.00286 (ms)
2026-07-10 22:18:10,656 [INFO] Pass: RemoveIdentityEquivalent - 0.00429 (ms)
2026-07-10 22:18:10,656 [INFO] Pass: Optimize1qGatesDecomposition - 0.13757 (ms)
2026-07-10 22:18:10,656 [INFO] Pass: CommutativeCancellation - 0.06652 (ms)
2026-07-10 22:18:10,656 [INFO] Pass: ContractIdleWiresInControlFlow - 0.00143 (ms)
2026-07-10 22:18:10,656 [INFO] Pass: GatesInBasis - 0.01836 (ms)
2026-07-10 22:18:10,656 [INFO] Pass: Depth - 0.01764 (ms)
2026-07-10 22:18:10,656 [INFO] Pass: FixedPoint - 0.00334 (ms)
2026-07-10 22:18:10,656 [INFO] Pass: Size - 0.00191 (ms)
2026-07-10 22:18:10,656 [INFO] Pass: FixedPoint - 0.00262 (ms)
2026-07-10 22:18:10,656 [INFO] Pass: ContainsInstruction - 0.00548 (ms)
2026-07-10 22:18:10,656 [INFO] Total Transpile Time - 88.43040 (ms)
2026-07-10 22:36:55,947 [INFO] [PCE] n=150 instancia 4/100 completada en 0:00:18:46 — transcurrido=0:01:19:57 restante_estimado=1:07:58:58
2026-07-10 22:36:56,055 [INFO] Pass: ContainsInstruction - 0.01144 (ms)
2026-07-10 22:36:56,055 [INFO] Pass: UnitarySynthesis - 0.00739 (ms)
2026-07-10 22:36:56,055 [INFO] Pass: HighLevelSynthesis - 0.00858 (ms)
2026-07-10 22:36:56,055 [INFO] Pass: BasisTranslator - 0.05937 (ms)
2026-07-10 22:36:56,055 [INFO] Pass: ElidePermutations - 0.00525 (ms)
2026-07-10 22:36:56,055 [INFO] Pass: RemoveDiagonalGatesBeforeMeasure - 0.00882 (ms)
2026-07-10 22:36:56,055 [INFO] Pass: RemoveIdentityEquivalent - 0.00429 (ms)
2026-07-10 22:36:56,055 [INFO] Pass: InverseCancellation - 0.00429 (ms)
2026-07-10 22:36:56,055 [INFO] Pass: ContractIdleWiresInControlFlow - 0.00215 (ms)
2026-07-10 22:36:56,055 [INFO] Pass: CommutativeCancellation - 0.05817 (ms)
2026-07-10 22:36:56,055 [INFO] Pass: ConsolidateBlocks - 0.04244 (ms)
2026-07-10 22:36:56,055 [INFO] Pass: Split2QUnitaries - 0.00286 (ms)
2026-07-10 22:36:56,055 [INFO] Pass: UnitarySynthesis - 0.00525 (ms)
2026-07-10 22:36:56,055 [INFO] Pass: HighLevelSynthesis - 0.02337 (ms)
2026-07-10 22:36:56,055 [INFO] Pass: BasisTranslator - 0.06557 (ms)
2026-07-10 22:36:56,055 [INFO] Pass: ConsolidateBlocks - 0.04959 (ms)
2026-07-10 22:36:56,055 [INFO] Pass: UnitarySynthesis - 0.00477 (ms)
2026-07-10 22:36:56,056 [INFO] Pass: Depth - 0.01931 (ms)
2026-07-10 22:36:56,056 [INFO] Pass: FixedPoint - 0.00453 (ms)
2026-07-10 22:36:56,056 [INFO] Pass: Size - 0.00334 (ms)
2026-07-10 22:36:56,056 [INFO] Pass: FixedPoint - 0.00310 (ms)
2026-07-10 22:36:56,056 [INFO] Pass: RemoveIdentityEquivalent - 0.00262 (ms)
2026-07-10 22:36:56,056 [INFO] Pass: Optimize1qGatesDecomposition - 0.03386 (ms)
2026-07-10 22:36:56,056 [INFO] Pass: CommutativeCancellation - 0.07510 (ms)
2026-07-10 22:36:56,056 [INFO] Pass: ContractIdleWiresInControlFlow - 0.00167 (ms)
2026-07-10 22:36:56,056 [INFO] Pass: GatesInBasis - 0.01931 (ms)
2026-07-10 22:36:56,056 [INFO] Pass: Depth - 0.01717 (ms)
2026-07-10 22:36:56,056 [INFO] Pass: FixedPoint - 0.00334 (ms)
2026-07-10 22:36:56,056 [INFO] Pass: Size - 0.00191 (ms)
2026-07-10 22:36:56,056 [INFO] Pass: FixedPoint - 0.00286 (ms)
2026-07-10 22:36:56,056 [INFO] Pass: ContainsInstruction - 0.00501 (ms)
2026-07-10 22:36:56,056 [INFO] Total Transpile Time - 90.90829 (ms)
2026-07-10 22:36:56,143 [INFO] Pass: ContainsInstruction - 0.00930 (ms)
2026-07-10 22:36:56,143 [INFO] Pass: UnitarySynthesis - 0.00596 (ms)
2026-07-10 22:36:56,143 [INFO] Pass: HighLevelSynthesis - 0.00715 (ms)
2026-07-10 22:36:56,143 [INFO] Pass: BasisTranslator - 0.05102 (ms)
2026-07-10 22:36:56,143 [INFO] Pass: ElidePermutations - 0.00334 (ms)
2026-07-10 22:36:56,143 [INFO] Pass: RemoveDiagonalGatesBeforeMeasure - 0.00668 (ms)
2026-07-10 22:36:56,143 [INFO] Pass: RemoveIdentityEquivalent - 0.00572 (ms)
2026-07-10 22:36:56,143 [INFO] Pass: InverseCancellation - 0.02098 (ms)
2026-07-10 22:36:56,143 [INFO] Pass: ContractIdleWiresInControlFlow - 0.00215 (ms)
2026-07-10 22:36:56,143 [INFO] Pass: CommutativeCancellation - 0.06199 (ms)
2026-07-10 22:36:56,143 [INFO] Pass: ConsolidateBlocks - 0.03839 (ms)
2026-07-10 22:36:56,143 [INFO] Pass: Split2QUnitaries - 0.00262 (ms)
2026-07-10 22:36:56,143 [INFO] Pass: UnitarySynthesis - 0.00525 (ms)
2026-07-10 22:36:56,143 [INFO] Pass: HighLevelSynthesis - 0.02337 (ms)
2026-07-10 22:36:56,143 [INFO] Pass: BasisTranslator - 0.06342 (ms)
2026-07-10 22:36:56,143 [INFO] Pass: ConsolidateBlocks - 0.04840 (ms)
2026-07-10 22:36:56,143 [INFO] Pass: UnitarySynthesis - 0.00453 (ms)
2026-07-10 22:36:56,143 [INFO] Pass: Depth - 0.02003 (ms)
2026-07-10 22:36:56,144 [INFO] Pass: FixedPoint - 0.00453 (ms)
2026-07-10 22:36:56,144 [INFO] Pass: Size - 0.00310 (ms)
2026-07-10 22:36:56,144 [INFO] Pass: FixedPoint - 0.00286 (ms)
2026-07-10 22:36:56,144 [INFO] Pass: RemoveIdentityEquivalent - 0.00429 (ms)
2026-07-10 22:36:56,144 [INFO] Pass: Optimize1qGatesDecomposition - 0.14997 (ms)
2026-07-10 22:36:56,144 [INFO] Pass: CommutativeCancellation - 0.08011 (ms)
2026-07-10 22:36:56,144 [INFO] Pass: ContractIdleWiresInControlFlow - 0.00191 (ms)
2026-07-10 22:36:56,144 [INFO] Pass: GatesInBasis - 0.01907 (ms)
2026-07-10 22:36:56,144 [INFO] Pass: Depth - 0.01788 (ms)
2026-07-10 22:36:56,144 [INFO] Pass: FixedPoint - 0.00381 (ms)
2026-07-10 22:36:56,144 [INFO] Pass: Size - 0.00215 (ms)
2026-07-10 22:36:56,144 [INFO] Pass: FixedPoint - 0.00286 (ms)
2026-07-10 22:36:56,144 [INFO] Pass: ContainsInstruction - 0.00525 (ms)
2026-07-10 22:36:56,144 [INFO] Total Transpile Time - 87.66389 (ms)
2026-07-10 22:36:56,231 [INFO] Pass: ContainsInstruction - 0.00954 (ms)
2026-07-10 22:36:56,231 [INFO] Pass: UnitarySynthesis - 0.00596 (ms)
2026-07-10 22:36:56,231 [INFO] Pass: HighLevelSynthesis - 0.00668 (ms)
2026-07-10 22:36:56,231 [INFO] Pass: BasisTranslator - 0.05031 (ms)
2026-07-10 22:36:56,231 [INFO] Pass: ElidePermutations - 0.00310 (ms)
2026-07-10 22:36:56,231 [INFO] Pass: RemoveDiagonalGatesBeforeMeasure - 0.00596 (ms)
2026-07-10 22:36:56,231 [INFO] Pass: RemoveIdentityEquivalent - 0.00525 (ms)
2026-07-10 22:36:56,231 [INFO] Pass: InverseCancellation - 0.02122 (ms)
2026-07-10 22:36:56,231 [INFO] Pass: ContractIdleWiresInControlFlow - 0.00191 (ms)
2026-07-10 22:36:56,231 [INFO] Pass: CommutativeCancellation - 0.05770 (ms)
2026-07-10 22:36:56,231 [INFO] Pass: ConsolidateBlocks - 0.03743 (ms)
2026-07-10 22:36:56,231 [INFO] Pass: Split2QUnitaries - 0.00215 (ms)
2026-07-10 22:36:56,231 [INFO] Pass: UnitarySynthesis - 0.00525 (ms)
2026-07-10 22:36:56,231 [INFO] Pass: HighLevelSynthesis - 0.02408 (ms)
2026-07-10 22:36:56,231 [INFO] Pass: BasisTranslator - 0.07248 (ms)
2026-07-10 22:36:56,231 [INFO] Pass: ConsolidateBlocks - 0.04697 (ms)
2026-07-10 22:36:56,231 [INFO] Pass: UnitarySynthesis - 0.00453 (ms)
2026-07-10 22:36:56,231 [INFO] Pass: Depth - 0.01931 (ms)
2026-07-10 22:36:56,231 [INFO] Pass: FixedPoint - 0.00429 (ms)
2026-07-10 22:36:56,232 [INFO] Pass: Size - 0.00262 (ms)
2026-07-10 22:36:56,232 [INFO] Pass: FixedPoint - 0.00262 (ms)
2026-07-10 22:36:56,232 [INFO] Pass: RemoveIdentityEquivalent - 0.00501 (ms)
2026-07-10 22:36:56,232 [INFO] Pass: Optimize1qGatesDecomposition - 0.15473 (ms)
2026-07-10 22:36:56,232 [INFO] Pass: CommutativeCancellation - 0.07200 (ms)
2026-07-10 22:36:56,232 [INFO] Pass: ContractIdleWiresInControlFlow - 0.00191 (ms)
2026-07-10 22:36:56,232 [INFO] Pass: GatesInBasis - 0.01836 (ms)
2026-07-10 22:36:56,232 [INFO] Pass: Depth - 0.01860 (ms)
2026-07-10 22:36:56,232 [INFO] Pass: FixedPoint - 0.00358 (ms)
2026-07-10 22:36:56,232 [INFO] Pass: Size - 0.00215 (ms)
2026-07-10 22:36:56,232 [INFO] Pass: FixedPoint - 0.00262 (ms)
2026-07-10 22:36:56,232 [INFO] Pass: RemoveIdentityEquivalent - 0.00453 (ms)
2026-07-10 22:36:56,232 [INFO] Pass: Optimize1qGatesDecomposition - 0.13661 (ms)
2026-07-10 22:36:56,232 [INFO] Pass: CommutativeCancellation - 0.07272 (ms)
2026-07-10 22:36:56,232 [INFO] Pass: ContractIdleWiresInControlFlow - 0.00191 (ms)
2026-07-10 22:36:56,232 [INFO] Pass: GatesInBasis - 0.01812 (ms)
2026-07-10 22:36:56,232 [INFO] Pass: Depth - 0.01764 (ms)
2026-07-10 22:36:56,232 [INFO] Pass: FixedPoint - 0.00334 (ms)
2026-07-10 22:36:56,232 [INFO] Pass: Size - 0.00262 (ms)
2026-07-10 22:36:56,232 [INFO] Pass: FixedPoint - 0.00310 (ms)
2026-07-10 22:36:56,233 [INFO] Pass: ContainsInstruction - 0.00501 (ms)
2026-07-10 22:36:56,233 [INFO] Total Transpile Time - 88.06872 (ms)
2026-07-10 22:57:11,822 [INFO] [PCE] n=150 instancia 5/100 completada en 0:00:20:16 — transcurrido=0:01:40:13 restante_estimado=1:07:44:13
2026-07-10 22:57:11,927 [INFO] Pass: ContainsInstruction - 0.01144 (ms)
2026-07-10 22:57:11,927 [INFO] Pass: UnitarySynthesis - 0.00668 (ms)
2026-07-10 22:57:11,927 [INFO] Pass: HighLevelSynthesis - 0.00882 (ms)
2026-07-10 22:57:11,927 [INFO] Pass: BasisTranslator - 0.05865 (ms)
2026-07-10 22:57:11,927 [INFO] Pass: ElidePermutations - 0.00429 (ms)
2026-07-10 22:57:11,927 [INFO] Pass: RemoveDiagonalGatesBeforeMeasure - 0.00763 (ms)
2026-07-10 22:57:11,927 [INFO] Pass: RemoveIdentityEquivalent - 0.00358 (ms)
2026-07-10 22:57:11,927 [INFO] Pass: InverseCancellation - 0.00548 (ms)
2026-07-10 22:57:11,928 [INFO] Pass: ContractIdleWiresInControlFlow - 0.00215 (ms)
2026-07-10 22:57:11,928 [INFO] Pass: CommutativeCancellation - 0.05364 (ms)
2026-07-10 22:57:11,928 [INFO] Pass: ConsolidateBlocks - 0.04172 (ms)
2026-07-10 22:57:11,928 [INFO] Pass: Split2QUnitaries - 0.00262 (ms)
2026-07-10 22:57:11,928 [INFO] Pass: UnitarySynthesis - 0.00548 (ms)
2026-07-10 22:57:11,928 [INFO] Pass: HighLevelSynthesis - 0.02289 (ms)
2026-07-10 22:57:11,928 [INFO] Pass: BasisTranslator - 0.06509 (ms)
2026-07-10 22:57:11,928 [INFO] Pass: ConsolidateBlocks - 0.04673 (ms)
2026-07-10 22:57:11,928 [INFO] Pass: UnitarySynthesis - 0.00429 (ms)
2026-07-10 22:57:11,928 [INFO] Pass: Depth - 0.02050 (ms)
2026-07-10 22:57:11,928 [INFO] Pass: FixedPoint - 0.00477 (ms)
2026-07-10 22:57:11,928 [INFO] Pass: Size - 0.00310 (ms)
2026-07-10 22:57:11,928 [INFO] Pass: FixedPoint - 0.00262 (ms)
2026-07-10 22:57:11,928 [INFO] Pass: RemoveIdentityEquivalent - 0.00262 (ms)
2026-07-10 22:57:11,928 [INFO] Pass: Optimize1qGatesDecomposition - 0.03362 (ms)
2026-07-10 22:57:11,928 [INFO] Pass: CommutativeCancellation - 0.07796 (ms)
2026-07-10 22:57:11,928 [INFO] Pass: ContractIdleWiresInControlFlow - 0.00215 (ms)
2026-07-10 22:57:11,928 [INFO] Pass: GatesInBasis - 0.01907 (ms)
2026-07-10 22:57:11,928 [INFO] Pass: Depth - 0.01764 (ms)
2026-07-10 22:57:11,928 [INFO] Pass: FixedPoint - 0.00358 (ms)
2026-07-10 22:57:11,928 [INFO] Pass: Size - 0.00167 (ms)
2026-07-10 22:57:11,928 [INFO] Pass: FixedPoint - 0.00262 (ms)
2026-07-10 22:57:11,928 [INFO] Pass: ContainsInstruction - 0.00477 (ms)
2026-07-10 22:57:11,929 [INFO] Total Transpile Time - 90.44814 (ms)
2026-07-10 22:57:12,015 [INFO] Pass: ContainsInstruction - 0.00954 (ms)
2026-07-10 22:57:12,015 [INFO] Pass: UnitarySynthesis - 0.00596 (ms)
2026-07-10 22:57:12,015 [INFO] Pass: HighLevelSynthesis - 0.00715 (ms)
2026-07-10 22:57:12,016 [INFO] Pass: BasisTranslator - 0.05126 (ms)
2026-07-10 22:57:12,016 [INFO] Pass: ElidePermutations - 0.00358 (ms)
2026-07-10 22:57:12,016 [INFO] Pass: RemoveDiagonalGatesBeforeMeasure - 0.00691 (ms)
2026-07-10 22:57:12,016 [INFO] Pass: RemoveIdentityEquivalent - 0.00501 (ms)
2026-07-10 22:57:12,016 [INFO] Pass: InverseCancellation - 0.02098 (ms)
2026-07-10 22:57:12,016 [INFO] Pass: ContractIdleWiresInControlFlow - 0.00191 (ms)
2026-07-10 22:57:12,016 [INFO] Pass: CommutativeCancellation - 0.06104 (ms)
2026-07-10 22:57:12,016 [INFO] Pass: ConsolidateBlocks - 0.03910 (ms)
2026-07-10 22:57:12,016 [INFO] Pass: Split2QUnitaries - 0.00215 (ms)
2026-07-10 22:57:12,016 [INFO] Pass: UnitarySynthesis - 0.00501 (ms)
2026-07-10 22:57:12,016 [INFO] Pass: HighLevelSynthesis - 0.02384 (ms)
2026-07-10 22:57:12,016 [INFO] Pass: BasisTranslator - 0.06270 (ms)
2026-07-10 22:57:12,016 [INFO] Pass: ConsolidateBlocks - 0.04745 (ms)
2026-07-10 22:57:12,016 [INFO] Pass: UnitarySynthesis - 0.00501 (ms)
2026-07-10 22:57:12,016 [INFO] Pass: Depth - 0.01907 (ms)
2026-07-10 22:57:12,016 [INFO] Pass: FixedPoint - 0.00381 (ms)
2026-07-10 22:57:12,016 [INFO] Pass: Size - 0.00286 (ms)
2026-07-10 22:57:12,016 [INFO] Pass: FixedPoint - 0.00262 (ms)
2026-07-10 22:57:12,016 [INFO] Pass: RemoveIdentityEquivalent - 0.00405 (ms)
2026-07-10 22:57:12,016 [INFO] Pass: Optimize1qGatesDecomposition - 0.14782 (ms)
2026-07-10 22:57:12,017 [INFO] Pass: CommutativeCancellation - 0.07749 (ms)
2026-07-10 22:57:12,017 [INFO] Pass: ContractIdleWiresInControlFlow - 0.00215 (ms)
2026-07-10 22:57:12,017 [INFO] Pass: GatesInBasis - 0.01860 (ms)
2026-07-10 22:57:12,017 [INFO] Pass: Depth - 0.01740 (ms)
2026-07-10 22:57:12,017 [INFO] Pass: FixedPoint - 0.00334 (ms)
2026-07-10 22:57:12,017 [INFO] Pass: Size - 0.00215 (ms)
2026-07-10 22:57:12,017 [INFO] Pass: FixedPoint - 0.00262 (ms)
2026-07-10 22:57:12,017 [INFO] Pass: ContainsInstruction - 0.00548 (ms)
2026-07-10 22:57:12,017 [INFO] Total Transpile Time - 87.90612 (ms)
2026-07-10 22:57:12,104 [INFO] Pass: ContainsInstruction - 0.00930 (ms)
2026-07-10 22:57:12,104 [INFO] Pass: UnitarySynthesis - 0.00668 (ms)
2026-07-10 22:57:12,104 [INFO] Pass: HighLevelSynthesis - 0.00739 (ms)
2026-07-10 22:57:12,104 [INFO] Pass: BasisTranslator - 0.05054 (ms)
2026-07-10 22:57:12,104 [INFO] Pass: ElidePermutations - 0.00310 (ms)
2026-07-10 22:57:12,104 [INFO] Pass: RemoveDiagonalGatesBeforeMeasure - 0.00596 (ms)
2026-07-10 22:57:12,104 [INFO] Pass: RemoveIdentityEquivalent - 0.00501 (ms)
2026-07-10 22:57:12,104 [INFO] Pass: InverseCancellation - 0.02050 (ms)
2026-07-10 22:57:12,104 [INFO] Pass: ContractIdleWiresInControlFlow - 0.00215 (ms)
2026-07-10 22:57:12,104 [INFO] Pass: CommutativeCancellation - 0.05460 (ms)
2026-07-10 22:57:12,104 [INFO] Pass: ConsolidateBlocks - 0.03791 (ms)
2026-07-10 22:57:12,104 [INFO] Pass: Split2QUnitaries - 0.00238 (ms)
2026-07-10 22:57:12,104 [INFO] Pass: UnitarySynthesis - 0.00525 (ms)
2026-07-10 22:57:12,104 [INFO] Pass: HighLevelSynthesis - 0.02456 (ms)
2026-07-10 22:57:12,104 [INFO] Pass: BasisTranslator - 0.06485 (ms)
2026-07-10 22:57:12,104 [INFO] Pass: ConsolidateBlocks - 0.04792 (ms)
2026-07-10 22:57:12,105 [INFO] Pass: UnitarySynthesis - 0.00453 (ms)
2026-07-10 22:57:12,105 [INFO] Pass: Depth - 0.01931 (ms)
2026-07-10 22:57:12,105 [INFO] Pass: FixedPoint - 0.00405 (ms)
2026-07-10 22:57:12,105 [INFO] Pass: Size - 0.00286 (ms)
2026-07-10 22:57:12,105 [INFO] Pass: FixedPoint - 0.00238 (ms)
2026-07-10 22:57:12,105 [INFO] Pass: RemoveIdentityEquivalent - 0.00501 (ms)
2026-07-10 22:57:12,105 [INFO] Pass: Optimize1qGatesDecomposition - 0.15426 (ms)
2026-07-10 22:57:12,105 [INFO] Pass: CommutativeCancellation - 0.07081 (ms)
2026-07-10 22:57:12,105 [INFO] Pass: ContractIdleWiresInControlFlow - 0.00215 (ms)
2026-07-10 22:57:12,105 [INFO] Pass: GatesInBasis - 0.01884 (ms)
2026-07-10 22:57:12,105 [INFO] Pass: Depth - 0.01931 (ms)
2026-07-10 22:57:12,105 [INFO] Pass: FixedPoint - 0.00381 (ms)
2026-07-10 22:57:12,105 [INFO] Pass: Size - 0.00215 (ms)
2026-07-10 22:57:12,105 [INFO] Pass: FixedPoint - 0.00286 (ms)
2026-07-10 22:57:12,105 [INFO] Pass: RemoveIdentityEquivalent - 0.00477 (ms)
2026-07-10 22:57:12,105 [INFO] Pass: Optimize1qGatesDecomposition - 0.14210 (ms)
2026-07-10 22:57:12,105 [INFO] Pass: CommutativeCancellation - 0.06485 (ms)
2026-07-10 22:57:12,105 [INFO] Pass: ContractIdleWiresInControlFlow - 0.00167 (ms)
2026-07-10 22:57:12,105 [INFO] Pass: GatesInBasis - 0.01717 (ms)
2026-07-10 22:57:12,106 [INFO] Pass: Depth - 0.01764 (ms)
2026-07-10 22:57:12,106 [INFO] Pass: FixedPoint - 0.00334 (ms)
2026-07-10 22:57:12,106 [INFO] Pass: Size - 0.00167 (ms)
2026-07-10 22:57:12,106 [INFO] Pass: FixedPoint - 0.00286 (ms)
2026-07-10 22:57:12,106 [INFO] Pass: ContainsInstruction - 0.00525 (ms)
2026-07-10 22:57:12,106 [INFO] Total Transpile Time - 88.50098 (ms)
2026-07-10 23:17:16,048 [INFO] [PCE] n=150 instancia 6/100 completada en 0:00:20:04 — transcurrido=0:02:00:18 restante_estimado=1:07:24:35
2026-07-10 23:17:16,152 [INFO] Pass: ContainsInstruction - 0.01192 (ms)
2026-07-10 23:17:16,152 [INFO] Pass: UnitarySynthesis - 0.00715 (ms)
2026-07-10 23:17:16,152 [INFO] Pass: HighLevelSynthesis - 0.00906 (ms)
2026-07-10 23:17:16,152 [INFO] Pass: BasisTranslator - 0.05817 (ms)
2026-07-10 23:17:16,152 [INFO] Pass: ElidePermutations - 0.00501 (ms)
2026-07-10 23:17:16,152 [INFO] Pass: RemoveDiagonalGatesBeforeMeasure - 0.00811 (ms)
2026-07-10 23:17:16,152 [INFO] Pass: RemoveIdentityEquivalent - 0.00334 (ms)
2026-07-10 23:17:16,152 [INFO] Pass: InverseCancellation - 0.00477 (ms)
2026-07-10 23:17:16,152 [INFO] Pass: ContractIdleWiresInControlFlow - 0.00215 (ms)
2026-07-10 23:17:16,152 [INFO] Pass: CommutativeCancellation - 0.05579 (ms)
2026-07-10 23:17:16,152 [INFO] Pass: ConsolidateBlocks - 0.04244 (ms)
2026-07-10 23:17:16,152 [INFO] Pass: Split2QUnitaries - 0.00286 (ms)
2026-07-10 23:17:16,152 [INFO] Pass: UnitarySynthesis - 0.00501 (ms)
2026-07-10 23:17:16,152 [INFO] Pass: HighLevelSynthesis - 0.02313 (ms)
2026-07-10 23:17:16,152 [INFO] Pass: BasisTranslator - 0.06652 (ms)
2026-07-10 23:17:16,153 [INFO] Pass: ConsolidateBlocks - 0.04792 (ms)
2026-07-10 23:17:16,153 [INFO] Pass: UnitarySynthesis - 0.00453 (ms)
2026-07-10 23:17:16,153 [INFO] Pass: Depth - 0.01931 (ms)
2026-07-10 23:17:16,153 [INFO] Pass: FixedPoint - 0.00429 (ms)
2026-07-10 23:17:16,153 [INFO] Pass: Size - 0.00358 (ms)
2026-07-10 23:17:16,153 [INFO] Pass: FixedPoint - 0.00310 (ms)
2026-07-10 23:17:16,153 [INFO] Pass: RemoveIdentityEquivalent - 0.00262 (ms)
2026-07-10 23:17:16,153 [INFO] Pass: Optimize1qGatesDecomposition - 0.03362 (ms)
2026-07-10 23:17:16,153 [INFO] Pass: CommutativeCancellation - 0.07415 (ms)
2026-07-10 23:17:16,153 [INFO] Pass: ContractIdleWiresInControlFlow - 0.00191 (ms)
2026-07-10 23:17:16,153 [INFO] Pass: GatesInBasis - 0.01907 (ms)
2026-07-10 23:17:16,153 [INFO] Pass: Depth - 0.01621 (ms)
2026-07-10 23:17:16,153 [INFO] Pass: FixedPoint - 0.00381 (ms)
2026-07-10 23:17:16,153 [INFO] Pass: Size - 0.00238 (ms)
2026-07-10 23:17:16,153 [INFO] Pass: FixedPoint - 0.00262 (ms)
2026-07-10 23:17:16,153 [INFO] Pass: ContainsInstruction - 0.00477 (ms)
2026-07-10 23:17:16,153 [INFO] Total Transpile Time - 89.36524 (ms)
2026-07-10 23:17:16,240 [INFO] Pass: ContainsInstruction - 0.00906 (ms)
2026-07-10 23:17:16,240 [INFO] Pass: UnitarySynthesis - 0.00668 (ms)
2026-07-10 23:17:16,240 [INFO] Pass: HighLevelSynthesis - 0.00787 (ms)
2026-07-10 23:17:16,240 [INFO] Pass: BasisTranslator - 0.05174 (ms)
2026-07-10 23:17:16,240 [INFO] Pass: ElidePermutations - 0.00334 (ms)
2026-07-10 23:17:16,240 [INFO] Pass: RemoveDiagonalGatesBeforeMeasure - 0.00691 (ms)
2026-07-10 23:17:16,240 [INFO] Pass: RemoveIdentityEquivalent - 0.00453 (ms)
2026-07-10 23:17:16,240 [INFO] Pass: InverseCancellation - 0.02170 (ms)
2026-07-10 23:17:16,240 [INFO] Pass: ContractIdleWiresInControlFlow - 0.00191 (ms)
2026-07-10 23:17:16,240 [INFO] Pass: CommutativeCancellation - 0.05984 (ms)
2026-07-10 23:17:16,240 [INFO] Pass: ConsolidateBlocks - 0.03886 (ms)
2026-07-10 23:17:16,240 [INFO] Pass: Split2QUnitaries - 0.00238 (ms)
2026-07-10 23:17:16,240 [INFO] Pass: UnitarySynthesis - 0.00525 (ms)
2026-07-10 23:17:16,240 [INFO] Pass: HighLevelSynthesis - 0.02289 (ms)
2026-07-10 23:17:16,240 [INFO] Pass: BasisTranslator - 0.06223 (ms)
2026-07-10 23:17:16,240 [INFO] Pass: ConsolidateBlocks - 0.05436 (ms)
2026-07-10 23:17:16,240 [INFO] Pass: UnitarySynthesis - 0.00453 (ms)
2026-07-10 23:17:16,240 [INFO] Pass: Depth - 0.01860 (ms)
2026-07-10 23:17:16,240 [INFO] Pass: FixedPoint - 0.00453 (ms)
2026-07-10 23:17:16,240 [INFO] Pass: Size - 0.00286 (ms)
2026-07-10 23:17:16,240 [INFO] Pass: FixedPoint - 0.00310 (ms)
2026-07-10 23:17:16,240 [INFO] Pass: RemoveIdentityEquivalent - 0.00453 (ms)
2026-07-10 23:17:16,241 [INFO] Pass: Optimize1qGatesDecomposition - 0.14639 (ms)
2026-07-10 23:17:16,241 [INFO] Pass: CommutativeCancellation - 0.07987 (ms)
2026-07-10 23:17:16,241 [INFO] Pass: ContractIdleWiresInControlFlow - 0.00215 (ms)
2026-07-10 23:17:16,241 [INFO] Pass: GatesInBasis - 0.01955 (ms)
2026-07-10 23:17:16,241 [INFO] Pass: Depth - 0.01836 (ms)
2026-07-10 23:17:16,241 [INFO] Pass: FixedPoint - 0.00334 (ms)
2026-07-10 23:17:16,241 [INFO] Pass: Size - 0.00215 (ms)
2026-07-10 23:17:16,241 [INFO] Pass: FixedPoint - 0.00310 (ms)
2026-07-10 23:17:16,241 [INFO] Pass: ContainsInstruction - 0.00501 (ms)
2026-07-10 23:17:16,241 [INFO] Total Transpile Time - 87.47029 (ms)
2026-07-10 23:17:16,328 [INFO] Pass: ContainsInstruction - 0.00978 (ms)
2026-07-10 23:17:16,328 [INFO] Pass: UnitarySynthesis - 0.00644 (ms)
2026-07-10 23:17:16,328 [INFO] Pass: HighLevelSynthesis - 0.00739 (ms)
2026-07-10 23:17:16,328 [INFO] Pass: BasisTranslator - 0.05007 (ms)
2026-07-10 23:17:16,328 [INFO] Pass: ElidePermutations - 0.00310 (ms)
2026-07-10 23:17:16,329 [INFO] Pass: RemoveDiagonalGatesBeforeMeasure - 0.00668 (ms)
2026-07-10 23:17:16,329 [INFO] Pass: RemoveIdentityEquivalent - 0.00525 (ms)
2026-07-10 23:17:16,329 [INFO] Pass: InverseCancellation - 0.02003 (ms)
2026-07-10 23:17:16,329 [INFO] Pass: ContractIdleWiresInControlFlow - 0.00167 (ms)
2026-07-10 23:17:16,329 [INFO] Pass: CommutativeCancellation - 0.05627 (ms)
2026-07-10 23:17:16,329 [INFO] Pass: ConsolidateBlocks - 0.03791 (ms)
2026-07-10 23:17:16,329 [INFO] Pass: Split2QUnitaries - 0.00191 (ms)
2026-07-10 23:17:16,329 [INFO] Pass: UnitarySynthesis - 0.00501 (ms)
2026-07-10 23:17:16,329 [INFO] Pass: HighLevelSynthesis - 0.02503 (ms)
2026-07-10 23:17:16,329 [INFO] Pass: BasisTranslator - 0.06437 (ms)
2026-07-10 23:17:16,329 [INFO] Pass: ConsolidateBlocks - 0.04840 (ms)
2026-07-10 23:17:16,329 [INFO] Pass: UnitarySynthesis - 0.00453 (ms)
2026-07-10 23:17:16,329 [INFO] Pass: Depth - 0.02074 (ms)
2026-07-10 23:17:16,329 [INFO] Pass: FixedPoint - 0.00429 (ms)
2026-07-10 23:17:16,329 [INFO] Pass: Size - 0.00238 (ms)
2026-07-10 23:17:16,329 [INFO] Pass: FixedPoint - 0.00286 (ms)
2026-07-10 23:17:16,329 [INFO] Pass: RemoveIdentityEquivalent - 0.00477 (ms)
2026-07-10 23:17:16,329 [INFO] Pass: Optimize1qGatesDecomposition - 0.16212 (ms)
2026-07-10 23:17:16,329 [INFO] Pass: CommutativeCancellation - 0.07224 (ms)
2026-07-10 23:17:16,330 [INFO] Pass: ContractIdleWiresInControlFlow - 0.00167 (ms)
2026-07-10 23:17:16,330 [INFO] Pass: GatesInBasis - 0.01931 (ms)
2026-07-10 23:17:16,330 [INFO] Pass: Depth - 0.01931 (ms)
2026-07-10 23:17:16,330 [INFO] Pass: FixedPoint - 0.00334 (ms)
2026-07-10 23:17:16,330 [INFO] Pass: Size - 0.00215 (ms)
2026-07-10 23:17:16,330 [INFO] Pass: FixedPoint - 0.00262 (ms)
2026-07-10 23:17:16,330 [INFO] Pass: RemoveIdentityEquivalent - 0.00453 (ms)
2026-07-10 23:17:16,330 [INFO] Pass: Optimize1qGatesDecomposition - 0.13661 (ms)
2026-07-10 23:17:16,330 [INFO] Pass: CommutativeCancellation - 0.06628 (ms)
2026-07-10 23:17:16,330 [INFO] Pass: ContractIdleWiresInControlFlow - 0.00191 (ms)
2026-07-10 23:17:16,330 [INFO] Pass: GatesInBasis - 0.01812 (ms)
2026-07-10 23:17:16,330 [INFO] Pass: Depth - 0.01860 (ms)
2026-07-10 23:17:16,330 [INFO] Pass: FixedPoint - 0.00334 (ms)
2026-07-10 23:17:16,330 [INFO] Pass: Size - 0.00167 (ms)
2026-07-10 23:17:16,330 [INFO] Pass: FixedPoint - 0.00238 (ms)
2026-07-10 23:17:16,330 [INFO] Pass: ContainsInstruction - 0.00525 (ms)
2026-07-10 23:17:16,330 [INFO] Total Transpile Time - 88.83762 (ms)
2026-07-10 23:36:34,150 [INFO] [PCE] n=150 instancia 7/100 completada en 0:00:19:18 — transcurrido=0:02:19:36 restante_estimado=1:06:54:36
2026-07-10 23:36:34,254 [INFO] Pass: ContainsInstruction - 0.01097 (ms)
2026-07-10 23:36:34,254 [INFO] Pass: UnitarySynthesis - 0.01407 (ms)
2026-07-10 23:36:34,254 [INFO] Pass: HighLevelSynthesis - 0.00811 (ms)
2026-07-10 23:36:34,254 [INFO] Pass: BasisTranslator - 0.05698 (ms)
2026-07-10 23:36:34,254 [INFO] Pass: ElidePermutations - 0.00477 (ms)
2026-07-10 23:36:34,254 [INFO] Pass: RemoveDiagonalGatesBeforeMeasure - 0.00858 (ms)
2026-07-10 23:36:34,254 [INFO] Pass: RemoveIdentityEquivalent - 0.00334 (ms)
2026-07-10 23:36:34,255 [INFO] Pass: InverseCancellation - 0.00501 (ms)
2026-07-10 23:36:34,255 [INFO] Pass: ContractIdleWiresInControlFlow - 0.00238 (ms)
2026-07-10 23:36:34,255 [INFO] Pass: CommutativeCancellation - 0.05364 (ms)
2026-07-10 23:36:34,255 [INFO] Pass: ConsolidateBlocks - 0.04220 (ms)
2026-07-10 23:36:34,255 [INFO] Pass: Split2QUnitaries - 0.00286 (ms)
2026-07-10 23:36:34,255 [INFO] Pass: UnitarySynthesis - 0.00548 (ms)
2026-07-10 23:36:34,255 [INFO] Pass: HighLevelSynthesis - 0.02313 (ms)
2026-07-10 23:36:34,255 [INFO] Pass: BasisTranslator - 0.06127 (ms)
2026-07-10 23:36:34,255 [INFO] Pass: ConsolidateBlocks - 0.04745 (ms)
2026-07-10 23:36:34,255 [INFO] Pass: UnitarySynthesis - 0.00477 (ms)
2026-07-10 23:36:34,255 [INFO] Pass: Depth - 0.01812 (ms)
2026-07-10 23:36:34,255 [INFO] Pass: FixedPoint - 0.00453 (ms)
2026-07-10 23:36:34,255 [INFO] Pass: Size - 0.00334 (ms)
2026-07-10 23:36:34,255 [INFO] Pass: FixedPoint - 0.00238 (ms)
2026-07-10 23:36:34,255 [INFO] Pass: RemoveIdentityEquivalent - 0.00310 (ms)
2026-07-10 23:36:34,255 [INFO] Pass: Optimize1qGatesDecomposition - 0.03338 (ms)
2026-07-10 23:36:34,255 [INFO] Pass: CommutativeCancellation - 0.08225 (ms)
2026-07-10 23:36:34,255 [INFO] Pass: ContractIdleWiresInControlFlow - 0.00191 (ms)
2026-07-10 23:36:34,255 [INFO] Pass: GatesInBasis - 0.01955 (ms)
2026-07-10 23:36:34,255 [INFO] Pass: Depth - 0.01717 (ms)
2026-07-10 23:36:34,255 [INFO] Pass: FixedPoint - 0.00334 (ms)
2026-07-10 23:36:34,255 [INFO] Pass: Size - 0.00215 (ms)
2026-07-10 23:36:34,255 [INFO] Pass: FixedPoint - 0.00286 (ms)
2026-07-10 23:36:34,255 [INFO] Pass: ContainsInstruction - 0.00501 (ms)
2026-07-10 23:36:34,256 [INFO] Total Transpile Time - 89.76054 (ms)
2026-07-10 23:36:34,342 [INFO] Pass: ContainsInstruction - 0.00978 (ms)
2026-07-10 23:36:34,342 [INFO] Pass: UnitarySynthesis - 0.00644 (ms)
2026-07-10 23:36:34,342 [INFO] Pass: HighLevelSynthesis - 0.00763 (ms)
2026-07-10 23:36:34,342 [INFO] Pass: BasisTranslator - 0.05245 (ms)
2026-07-10 23:36:34,342 [INFO] Pass: ElidePermutations - 0.00334 (ms)
2026-07-10 23:36:34,342 [INFO] Pass: RemoveDiagonalGatesBeforeMeasure - 0.00739 (ms)
2026-07-10 23:36:34,342 [INFO] Pass: RemoveIdentityEquivalent - 0.00477 (ms)
2026-07-10 23:36:34,343 [INFO] Pass: InverseCancellation - 0.02098 (ms)
2026-07-10 23:36:34,343 [INFO] Pass: ContractIdleWiresInControlFlow - 0.00215 (ms)
2026-07-10 23:36:34,343 [INFO] Pass: CommutativeCancellation - 0.05889 (ms)
2026-07-10 23:36:34,343 [INFO] Pass: ConsolidateBlocks - 0.04148 (ms)
2026-07-10 23:36:34,343 [INFO] Pass: Split2QUnitaries - 0.00262 (ms)
2026-07-10 23:36:34,343 [INFO] Pass: UnitarySynthesis - 0.00501 (ms)
2026-07-10 23:36:34,343 [INFO] Pass: HighLevelSynthesis - 0.02360 (ms)
2026-07-10 23:36:34,343 [INFO] Pass: BasisTranslator - 0.06175 (ms)
2026-07-10 23:36:34,343 [INFO] Pass: ConsolidateBlocks - 0.04673 (ms)
2026-07-10 23:36:34,343 [INFO] Pass: UnitarySynthesis - 0.00501 (ms)
2026-07-10 23:36:34,343 [INFO] Pass: Depth - 0.01979 (ms)
2026-07-10 23:36:34,343 [INFO] Pass: FixedPoint - 0.00429 (ms)
2026-07-10 23:36:34,343 [INFO] Pass: Size - 0.00286 (ms)
2026-07-10 23:36:34,343 [INFO] Pass: FixedPoint - 0.00286 (ms)
2026-07-10 23:36:34,343 [INFO] Pass: RemoveIdentityEquivalent - 0.00381 (ms)
2026-07-10 23:36:34,343 [INFO] Pass: Optimize1qGatesDecomposition - 0.15187 (ms)
2026-07-10 23:36:34,343 [INFO] Pass: CommutativeCancellation - 0.08082 (ms)
2026-07-10 23:36:34,343 [INFO] Pass: ContractIdleWiresInControlFlow - 0.00191 (ms)
2026-07-10 23:36:34,344 [INFO] Pass: GatesInBasis - 0.01884 (ms)
2026-07-10 23:36:34,344 [INFO] Pass: Depth - 0.02003 (ms)
2026-07-10 23:36:34,344 [INFO] Pass: FixedPoint - 0.00358 (ms)
2026-07-10 23:36:34,344 [INFO] Pass: Size - 0.00191 (ms)
2026-07-10 23:36:34,344 [INFO] Pass: FixedPoint - 0.00286 (ms)
2026-07-10 23:36:34,344 [INFO] Pass: ContainsInstruction - 0.00525 (ms)
2026-07-10 23:36:34,344 [INFO] Total Transpile Time - 87.74900 (ms)
2026-07-10 23:36:34,430 [INFO] Pass: ContainsInstruction - 0.00930 (ms)
2026-07-10 23:36:34,430 [INFO] Pass: UnitarySynthesis - 0.00572 (ms)
2026-07-10 23:36:34,430 [INFO] Pass: HighLevelSynthesis - 0.00763 (ms)
2026-07-10 23:36:34,431 [INFO] Pass: BasisTranslator - 0.05031 (ms)
2026-07-10 23:36:34,431 [INFO] Pass: ElidePermutations - 0.00310 (ms)
2026-07-10 23:36:34,431 [INFO] Pass: RemoveDiagonalGatesBeforeMeasure - 0.00691 (ms)
2026-07-10 23:36:34,431 [INFO] Pass: RemoveIdentityEquivalent - 0.00525 (ms)
2026-07-10 23:36:34,431 [INFO] Pass: InverseCancellation - 0.02098 (ms)
2026-07-10 23:36:34,431 [INFO] Pass: ContractIdleWiresInControlFlow - 0.00191 (ms)
2026-07-10 23:36:34,431 [INFO] Pass: CommutativeCancellation - 0.05674 (ms)
2026-07-10 23:36:34,431 [INFO] Pass: ConsolidateBlocks - 0.03791 (ms)
2026-07-10 23:36:34,431 [INFO] Pass: Split2QUnitaries - 0.00215 (ms)
2026-07-10 23:36:34,431 [INFO] Pass: UnitarySynthesis - 0.00501 (ms)
2026-07-10 23:36:34,431 [INFO] Pass: HighLevelSynthesis - 0.02575 (ms)
2026-07-10 23:36:34,431 [INFO] Pass: BasisTranslator - 0.06199 (ms)
2026-07-10 23:36:34,431 [INFO] Pass: ConsolidateBlocks - 0.04721 (ms)
2026-07-10 23:36:34,431 [INFO] Pass: UnitarySynthesis - 0.00453 (ms)
2026-07-10 23:36:34,431 [INFO] Pass: Depth - 0.01979 (ms)
2026-07-10 23:36:34,431 [INFO] Pass: FixedPoint - 0.00429 (ms)
2026-07-10 23:36:34,431 [INFO] Pass: Size - 0.00262 (ms)
2026-07-10 23:36:34,431 [INFO] Pass: FixedPoint - 0.00238 (ms)
2026-07-10 23:36:34,431 [INFO] Pass: RemoveIdentityEquivalent - 0.00477 (ms)
2026-07-10 23:36:34,431 [INFO] Pass: Optimize1qGatesDecomposition - 0.15688 (ms)
2026-07-10 23:36:34,432 [INFO] Pass: CommutativeCancellation - 0.07391 (ms)
2026-07-10 23:36:34,432 [INFO] Pass: ContractIdleWiresInControlFlow - 0.00167 (ms)
2026-07-10 23:36:34,432 [INFO] Pass: GatesInBasis - 0.02003 (ms)
2026-07-10 23:36:34,432 [INFO] Pass: Depth - 0.01836 (ms)
2026-07-10 23:36:34,432 [INFO] Pass: FixedPoint - 0.00381 (ms)
2026-07-10 23:36:34,432 [INFO] Pass: Size - 0.00215 (ms)
2026-07-10 23:36:34,432 [INFO] Pass: FixedPoint - 0.00310 (ms)
2026-07-10 23:36:34,432 [INFO] Pass: RemoveIdentityEquivalent - 0.00453 (ms)
2026-07-10 23:36:34,432 [INFO] Pass: Optimize1qGatesDecomposition - 0.13781 (ms)
2026-07-10 23:36:34,432 [INFO] Pass: CommutativeCancellation - 0.06938 (ms)
2026-07-10 23:36:34,432 [INFO] Pass: ContractIdleWiresInControlFlow - 0.00167 (ms)
2026-07-10 23:36:34,432 [INFO] Pass: GatesInBasis - 0.01812 (ms)
2026-07-10 23:36:34,432 [INFO] Pass: Depth - 0.01907 (ms)
2026-07-10 23:36:34,432 [INFO] Pass: FixedPoint - 0.00334 (ms)
2026-07-10 23:36:34,432 [INFO] Pass: Size - 0.00191 (ms)
2026-07-10 23:36:34,432 [INFO] Pass: FixedPoint - 0.00262 (ms)
2026-07-10 23:36:34,432 [INFO] Pass: ContainsInstruction - 0.00525 (ms)
2026-07-10 23:36:34,433 [INFO] Total Transpile Time - 88.25922 (ms)
2026-07-10 23:59:33,503 [INFO] [PCE] n=150 instancia 8/100 completada en 0:00:22:59 — transcurrido=0:02:42:35 restante_estimado=1:07:09:42
2026-07-10 23:59:33,607 [INFO] Pass: ContainsInstruction - 0.01168 (ms)
2026-07-10 23:59:33,607 [INFO] Pass: UnitarySynthesis - 0.00715 (ms)
2026-07-10 23:59:33,607 [INFO] Pass: HighLevelSynthesis - 0.00858 (ms)
2026-07-10 23:59:33,607 [INFO] Pass: BasisTranslator - 0.05698 (ms)
2026-07-10 23:59:33,607 [INFO] Pass: ElidePermutations - 0.00453 (ms)
2026-07-10 23:59:33,607 [INFO] Pass: RemoveDiagonalGatesBeforeMeasure - 0.00787 (ms)
2026-07-10 23:59:33,607 [INFO] Pass: RemoveIdentityEquivalent - 0.00310 (ms)
2026-07-10 23:59:33,607 [INFO] Pass: InverseCancellation - 0.00525 (ms)
2026-07-10 23:59:33,607 [INFO] Pass: ContractIdleWiresInControlFlow - 0.00215 (ms)
2026-07-10 23:59:33,607 [INFO] Pass: CommutativeCancellation - 0.05174 (ms)
2026-07-10 23:59:33,607 [INFO] Pass: ConsolidateBlocks - 0.04268 (ms)
2026-07-10 23:59:33,607 [INFO] Pass: Split2QUnitaries - 0.00310 (ms)
2026-07-10 23:59:33,607 [INFO] Pass: UnitarySynthesis - 0.00477 (ms)
2026-07-10 23:59:33,608 [INFO] Pass: HighLevelSynthesis - 0.02265 (ms)
2026-07-10 23:59:33,608 [INFO] Pass: BasisTranslator - 0.06247 (ms)
2026-07-10 23:59:33,608 [INFO] Pass: ConsolidateBlocks - 0.04697 (ms)
2026-07-10 23:59:33,608 [INFO] Pass: UnitarySynthesis - 0.00405 (ms)
2026-07-10 23:59:33,608 [INFO] Pass: Depth - 0.01979 (ms)
2026-07-10 23:59:33,608 [INFO] Pass: FixedPoint - 0.00429 (ms)
2026-07-10 23:59:33,608 [INFO] Pass: Size - 0.00310 (ms)
2026-07-10 23:59:33,608 [INFO] Pass: FixedPoint - 0.00262 (ms)
2026-07-10 23:59:33,608 [INFO] Pass: RemoveIdentityEquivalent - 0.00262 (ms)
2026-07-10 23:59:33,608 [INFO] Pass: Optimize1qGatesDecomposition - 0.03290 (ms)
2026-07-10 23:59:33,608 [INFO] Pass: CommutativeCancellation - 0.06914 (ms)
2026-07-10 23:59:33,608 [INFO] Pass: ContractIdleWiresInControlFlow - 0.00215 (ms)
2026-07-10 23:59:33,608 [INFO] Pass: GatesInBasis - 0.01955 (ms)
2026-07-10 23:59:33,608 [INFO] Pass: Depth - 0.01693 (ms)
2026-07-10 23:59:33,608 [INFO] Pass: FixedPoint - 0.00334 (ms)
2026-07-10 23:59:33,608 [INFO] Pass: Size - 0.00238 (ms)
2026-07-10 23:59:33,608 [INFO] Pass: FixedPoint - 0.00286 (ms)
2026-07-10 23:59:33,608 [INFO] Pass: ContainsInstruction - 0.00525 (ms)
2026-07-10 23:59:33,608 [INFO] Total Transpile Time - 89.03980 (ms)
2026-07-10 23:59:33,694 [INFO] Pass: ContainsInstruction - 0.01001 (ms)
2026-07-10 23:59:33,694 [INFO] Pass: UnitarySynthesis - 0.00668 (ms)
2026-07-10 23:59:33,694 [INFO] Pass: HighLevelSynthesis - 0.00739 (ms)
2026-07-10 23:59:33,695 [INFO] Pass: BasisTranslator - 0.05174 (ms)
2026-07-10 23:59:33,695 [INFO] Pass: ElidePermutations - 0.00334 (ms)
2026-07-10 23:59:33,695 [INFO] Pass: RemoveDiagonalGatesBeforeMeasure - 0.00691 (ms)
2026-07-10 23:59:33,695 [INFO] Pass: RemoveIdentityEquivalent - 0.00453 (ms)
2026-07-10 23:59:33,695 [INFO] Pass: InverseCancellation - 0.02170 (ms)
2026-07-10 23:59:33,695 [INFO] Pass: ContractIdleWiresInControlFlow - 0.00215 (ms)
2026-07-10 23:59:33,695 [INFO] Pass: CommutativeCancellation - 0.05698 (ms)
2026-07-10 23:59:33,695 [INFO] Pass: ConsolidateBlocks - 0.04148 (ms)
2026-07-10 23:59:33,695 [INFO] Pass: Split2QUnitaries - 0.00262 (ms)
2026-07-10 23:59:33,695 [INFO] Pass: UnitarySynthesis - 0.00477 (ms)
2026-07-10 23:59:33,695 [INFO] Pass: HighLevelSynthesis - 0.02337 (ms)
2026-07-10 23:59:33,695 [INFO] Pass: BasisTranslator - 0.06247 (ms)
2026-07-10 23:59:33,695 [INFO] Pass: ConsolidateBlocks - 0.04768 (ms)
2026-07-10 23:59:33,695 [INFO] Pass: UnitarySynthesis - 0.00429 (ms)
2026-07-10 23:59:33,695 [INFO] Pass: Depth - 0.02027 (ms)
2026-07-10 23:59:33,695 [INFO] Pass: FixedPoint - 0.00429 (ms)
2026-07-10 23:59:33,695 [INFO] Pass: Size - 0.00262 (ms)
2026-07-10 23:59:33,695 [INFO] Pass: FixedPoint - 0.00286 (ms)
2026-07-10 23:59:33,695 [INFO] Pass: RemoveIdentityEquivalent - 0.00405 (ms)
2026-07-10 23:59:33,695 [INFO] Pass: Optimize1qGatesDecomposition - 0.14520 (ms)
2026-07-10 23:59:33,696 [INFO] Pass: CommutativeCancellation - 0.07939 (ms)
2026-07-10 23:59:33,696 [INFO] Pass: ContractIdleWiresInControlFlow - 0.00215 (ms)
2026-07-10 23:59:33,696 [INFO] Pass: GatesInBasis - 0.01931 (ms)
2026-07-10 23:59:33,696 [INFO] Pass: Depth - 0.01884 (ms)
2026-07-10 23:59:33,696 [INFO] Pass: FixedPoint - 0.00381 (ms)
2026-07-10 23:59:33,696 [INFO] Pass: Size - 0.00238 (ms)
2026-07-10 23:59:33,696 [INFO] Pass: FixedPoint - 0.00310 (ms)
2026-07-10 23:59:33,696 [INFO] Pass: ContainsInstruction - 0.00501 (ms)
2026-07-10 23:59:33,696 [INFO] Total Transpile Time - 87.18300 (ms)
2026-07-10 23:59:33,782 [INFO] Pass: ContainsInstruction - 0.00954 (ms)
2026-07-10 23:59:33,783 [INFO] Pass: UnitarySynthesis - 0.00620 (ms)
2026-07-10 23:59:33,783 [INFO] Pass: HighLevelSynthesis - 0.00763 (ms)
2026-07-10 23:59:33,783 [INFO] Pass: BasisTranslator - 0.04888 (ms)
2026-07-10 23:59:33,783 [INFO] Pass: ElidePermutations - 0.00358 (ms)
2026-07-10 23:59:33,783 [INFO] Pass: RemoveDiagonalGatesBeforeMeasure - 0.00691 (ms)
2026-07-10 23:59:33,783 [INFO] Pass: RemoveIdentityEquivalent - 0.00548 (ms)
2026-07-10 23:59:33,783 [INFO] Pass: InverseCancellation - 0.02074 (ms)
2026-07-10 23:59:33,783 [INFO] Pass: ContractIdleWiresInControlFlow - 0.00215 (ms)
2026-07-10 23:59:33,783 [INFO] Pass: CommutativeCancellation - 0.05579 (ms)
2026-07-10 23:59:33,783 [INFO] Pass: ConsolidateBlocks - 0.03839 (ms)
2026-07-10 23:59:33,783 [INFO] Pass: Split2QUnitaries - 0.00238 (ms)
2026-07-10 23:59:33,783 [INFO] Pass: UnitarySynthesis - 0.00477 (ms)
2026-07-10 23:59:33,783 [INFO] Pass: HighLevelSynthesis - 0.02432 (ms)
2026-07-10 23:59:33,783 [INFO] Pass: BasisTranslator - 0.06318 (ms)
2026-07-10 23:59:33,783 [INFO] Pass: ConsolidateBlocks - 0.04959 (ms)
2026-07-10 23:59:33,783 [INFO] Pass: UnitarySynthesis - 0.00501 (ms)
2026-07-10 23:59:33,783 [INFO] Pass: Depth - 0.02027 (ms)
2026-07-10 23:59:33,783 [INFO] Pass: FixedPoint - 0.00453 (ms)
2026-07-10 23:59:33,783 [INFO] Pass: Size - 0.00286 (ms)
2026-07-10 23:59:33,783 [INFO] Pass: FixedPoint - 0.00262 (ms)
2026-07-10 23:59:33,783 [INFO] Pass: RemoveIdentityEquivalent - 0.00501 (ms)
2026-07-10 23:59:33,784 [INFO] Pass: Optimize1qGatesDecomposition - 0.15235 (ms)
2026-07-10 23:59:33,784 [INFO] Pass: CommutativeCancellation - 0.07486 (ms)
2026-07-10 23:59:33,784 [INFO] Pass: ContractIdleWiresInControlFlow - 0.00191 (ms)
2026-07-10 23:59:33,784 [INFO] Pass: GatesInBasis - 0.01907 (ms)
2026-07-10 23:59:33,784 [INFO] Pass: Depth - 0.01907 (ms)
2026-07-10 23:59:33,784 [INFO] Pass: FixedPoint - 0.00358 (ms)
2026-07-10 23:59:33,784 [INFO] Pass: Size - 0.00191 (ms)
2026-07-10 23:59:33,784 [INFO] Pass: FixedPoint - 0.00262 (ms)
2026-07-10 23:59:33,784 [INFO] Pass: RemoveIdentityEquivalent - 0.00429 (ms)
2026-07-10 23:59:33,784 [INFO] Pass: Optimize1qGatesDecomposition - 0.13614 (ms)
2026-07-10 23:59:33,784 [INFO] Pass: CommutativeCancellation - 0.06628 (ms)
2026-07-10 23:59:33,784 [INFO] Pass: ContractIdleWiresInControlFlow - 0.00167 (ms)
2026-07-10 23:59:33,784 [INFO] Pass: GatesInBasis - 0.01812 (ms)
2026-07-10 23:59:33,784 [INFO] Pass: Depth - 0.01812 (ms)
2026-07-10 23:59:33,784 [INFO] Pass: FixedPoint - 0.00310 (ms)
2026-07-10 23:59:33,784 [INFO] Pass: Size - 0.00215 (ms)
2026-07-10 23:59:33,784 [INFO] Pass: FixedPoint - 0.00286 (ms)
2026-07-10 23:59:33,784 [INFO] Pass: ContainsInstruction - 0.00525 (ms)
2026-07-10 23:59:33,785 [INFO] Total Transpile Time - 88.27639 (ms)
2026-07-11 00:20:40,233 [INFO] [PCE] n=150 instancia 9/100 completada en 0:00:21:07 — transcurrido=0:03:03:42 restante_estimado=1:06:57:22
2026-07-11 00:20:40,338 [INFO] Pass: ContainsInstruction - 0.01240 (ms)
2026-07-11 00:20:40,339 [INFO] Pass: UnitarySynthesis - 0.00715 (ms)
2026-07-11 00:20:40,339 [INFO] Pass: HighLevelSynthesis - 0.00834 (ms)
2026-07-11 00:20:40,339 [INFO] Pass: BasisTranslator - 0.05674 (ms)
2026-07-11 00:20:40,339 [INFO] Pass: ElidePermutations - 0.00453 (ms)
2026-07-11 00:20:40,339 [INFO] Pass: RemoveDiagonalGatesBeforeMeasure - 0.00858 (ms)
2026-07-11 00:20:40,339 [INFO] Pass: RemoveIdentityEquivalent - 0.00358 (ms)
2026-07-11 00:20:40,339 [INFO] Pass: InverseCancellation - 0.00429 (ms)
2026-07-11 00:20:40,339 [INFO] Pass: ContractIdleWiresInControlFlow - 0.00191 (ms)
2026-07-11 00:20:40,339 [INFO] Pass: CommutativeCancellation - 0.05531 (ms)
2026-07-11 00:20:40,339 [INFO] Pass: ConsolidateBlocks - 0.04101 (ms)
2026-07-11 00:20:40,339 [INFO] Pass: Split2QUnitaries - 0.00334 (ms)
2026-07-11 00:20:40,339 [INFO] Pass: UnitarySynthesis - 0.00525 (ms)
2026-07-11 00:20:40,339 [INFO] Pass: HighLevelSynthesis - 0.02217 (ms)
2026-07-11 00:20:40,339 [INFO] Pass: BasisTranslator - 0.06437 (ms)
2026-07-11 00:20:40,339 [INFO] Pass: ConsolidateBlocks - 0.04745 (ms)
2026-07-11 00:20:40,339 [INFO] Pass: UnitarySynthesis - 0.00429 (ms)
2026-07-11 00:20:40,339 [INFO] Pass: Depth - 0.01955 (ms)
2026-07-11 00:20:40,339 [INFO] Pass: FixedPoint - 0.00429 (ms)
2026-07-11 00:20:40,339 [INFO] Pass: Size - 0.00286 (ms)
2026-07-11 00:20:40,339 [INFO] Pass: FixedPoint - 0.00310 (ms)
2026-07-11 00:20:40,339 [INFO] Pass: RemoveIdentityEquivalent - 0.00262 (ms)
2026-07-11 00:20:40,339 [INFO] Pass: Optimize1qGatesDecomposition - 0.03219 (ms)
2026-07-11 00:20:40,340 [INFO] Pass: CommutativeCancellation - 0.07319 (ms)
2026-07-11 00:20:40,340 [INFO] Pass: ContractIdleWiresInControlFlow - 0.00191 (ms)
2026-07-11 00:20:40,340 [INFO] Pass: GatesInBasis - 0.01907 (ms)
2026-07-11 00:20:40,340 [INFO] Pass: Depth - 0.01645 (ms)
2026-07-11 00:20:40,340 [INFO] Pass: FixedPoint - 0.00334 (ms)
2026-07-11 00:20:40,340 [INFO] Pass: Size - 0.00238 (ms)
2026-07-11 00:20:40,340 [INFO] Pass: FixedPoint - 0.00262 (ms)
2026-07-11 00:20:40,340 [INFO] Pass: ContainsInstruction - 0.00477 (ms)
2026-07-11 00:20:40,340 [INFO] Total Transpile Time - 90.71159 (ms)
2026-07-11 00:20:40,427 [INFO] Pass: ContainsInstruction - 0.00978 (ms)
2026-07-11 00:20:40,427 [INFO] Pass: UnitarySynthesis - 0.00644 (ms)
2026-07-11 00:20:40,427 [INFO] Pass: HighLevelSynthesis - 0.00763 (ms)
2026-07-11 00:20:40,427 [INFO] Pass: BasisTranslator - 0.05269 (ms)
2026-07-11 00:20:40,427 [INFO] Pass: ElidePermutations - 0.00381 (ms)
2026-07-11 00:20:40,427 [INFO] Pass: RemoveDiagonalGatesBeforeMeasure - 0.00715 (ms)
2026-07-11 00:20:40,427 [INFO] Pass: RemoveIdentityEquivalent - 0.00477 (ms)
2026-07-11 00:20:40,427 [INFO] Pass: InverseCancellation - 0.02074 (ms)
2026-07-11 00:20:40,427 [INFO] Pass: ContractIdleWiresInControlFlow - 0.00191 (ms)
2026-07-11 00:20:40,427 [INFO] Pass: CommutativeCancellation - 0.05722 (ms)
2026-07-11 00:20:40,427 [INFO] Pass: ConsolidateBlocks - 0.03886 (ms)
2026-07-11 00:20:40,427 [INFO] Pass: Split2QUnitaries - 0.00238 (ms)
2026-07-11 00:20:40,427 [INFO] Pass: UnitarySynthesis - 0.00525 (ms)
2026-07-11 00:20:40,427 [INFO] Pass: HighLevelSynthesis - 0.02360 (ms)
2026-07-11 00:20:40,427 [INFO] Pass: BasisTranslator - 0.06461 (ms)
2026-07-11 00:20:40,428 [INFO] Pass: ConsolidateBlocks - 0.04673 (ms)
2026-07-11 00:20:40,428 [INFO] Pass: UnitarySynthesis - 0.00429 (ms)
2026-07-11 00:20:40,428 [INFO] Pass: Depth - 0.01955 (ms)
2026-07-11 00:20:40,428 [INFO] Pass: FixedPoint - 0.00405 (ms)
2026-07-11 00:20:40,428 [INFO] Pass: Size - 0.00238 (ms)
2026-07-11 00:20:40,428 [INFO] Pass: FixedPoint - 0.00286 (ms)
2026-07-11 00:20:40,428 [INFO] Pass: RemoveIdentityEquivalent - 0.00429 (ms)
2026-07-11 00:20:40,428 [INFO] Pass: Optimize1qGatesDecomposition - 0.14544 (ms)
2026-07-11 00:20:40,428 [INFO] Pass: CommutativeCancellation - 0.08011 (ms)
2026-07-11 00:20:40,428 [INFO] Pass: ContractIdleWiresInControlFlow - 0.00167 (ms)
2026-07-11 00:20:40,428 [INFO] Pass: GatesInBasis - 0.01931 (ms)
2026-07-11 00:20:40,428 [INFO] Pass: Depth - 0.01788 (ms)
2026-07-11 00:20:40,428 [INFO] Pass: FixedPoint - 0.00358 (ms)
2026-07-11 00:20:40,428 [INFO] Pass: Size - 0.00215 (ms)
2026-07-11 00:20:40,428 [INFO] Pass: FixedPoint - 0.00286 (ms)
2026-07-11 00:20:40,428 [INFO] Pass: ContainsInstruction - 0.00525 (ms)
2026-07-11 00:20:40,428 [INFO] Total Transpile Time - 88.00817 (ms)
2026-07-11 00:20:40,515 [INFO] Pass: ContainsInstruction - 0.00978 (ms)
2026-07-11 00:20:40,515 [INFO] Pass: UnitarySynthesis - 0.00620 (ms)
2026-07-11 00:20:40,515 [INFO] Pass: HighLevelSynthesis - 0.00691 (ms)
2026-07-11 00:20:40,515 [INFO] Pass: BasisTranslator - 0.05102 (ms)
2026-07-11 00:20:40,515 [INFO] Pass: ElidePermutations - 0.00310 (ms)
2026-07-11 00:20:40,515 [INFO] Pass: RemoveDiagonalGatesBeforeMeasure - 0.00620 (ms)
2026-07-11 00:20:40,515 [INFO] Pass: RemoveIdentityEquivalent - 0.00548 (ms)
2026-07-11 00:20:40,515 [INFO] Pass: InverseCancellation - 0.02122 (ms)
2026-07-11 00:20:40,515 [INFO] Pass: ContractIdleWiresInControlFlow - 0.00215 (ms)
2026-07-11 00:20:40,515 [INFO] Pass: CommutativeCancellation - 0.05722 (ms)
2026-07-11 00:20:40,516 [INFO] Pass: ConsolidateBlocks - 0.03791 (ms)
2026-07-11 00:20:40,516 [INFO] Pass: Split2QUnitaries - 0.00215 (ms)
2026-07-11 00:20:40,516 [INFO] Pass: UnitarySynthesis - 0.00572 (ms)
2026-07-11 00:20:40,516 [INFO] Pass: HighLevelSynthesis - 0.02575 (ms)
2026-07-11 00:20:40,516 [INFO] Pass: BasisTranslator - 0.06819 (ms)
2026-07-11 00:20:40,516 [INFO] Pass: ConsolidateBlocks - 0.04816 (ms)
2026-07-11 00:20:40,516 [INFO] Pass: UnitarySynthesis - 0.00477 (ms)
2026-07-11 00:20:40,516 [INFO] Pass: Depth - 0.01955 (ms)
2026-07-11 00:20:40,516 [INFO] Pass: FixedPoint - 0.00405 (ms)
2026-07-11 00:20:40,516 [INFO] Pass: Size - 0.00262 (ms)
2026-07-11 00:20:40,516 [INFO] Pass: FixedPoint - 0.00286 (ms)
2026-07-11 00:20:40,516 [INFO] Pass: RemoveIdentityEquivalent - 0.00477 (ms)
2026-07-11 00:20:40,516 [INFO] Pass: Optimize1qGatesDecomposition - 0.15783 (ms)
2026-07-11 00:20:40,516 [INFO] Pass: CommutativeCancellation - 0.07892 (ms)
2026-07-11 00:20:40,516 [INFO] Pass: ContractIdleWiresInControlFlow - 0.00215 (ms)
2026-07-11 00:20:40,516 [INFO] Pass: GatesInBasis - 0.01931 (ms)
2026-07-11 00:20:40,516 [INFO] Pass: Depth - 0.01907 (ms)
2026-07-11 00:20:40,516 [INFO] Pass: FixedPoint - 0.00358 (ms)
2026-07-11 00:20:40,516 [INFO] Pass: Size - 0.00215 (ms)
2026-07-11 00:20:40,516 [INFO] Pass: FixedPoint - 0.00286 (ms)
2026-07-11 00:20:40,516 [INFO] Pass: RemoveIdentityEquivalent - 0.00429 (ms)
2026-07-11 00:20:40,517 [INFO] Pass: Optimize1qGatesDecomposition - 0.13638 (ms)
2026-07-11 00:20:40,517 [INFO] Pass: CommutativeCancellation - 0.06604 (ms)
2026-07-11 00:20:40,517 [INFO] Pass: ContractIdleWiresInControlFlow - 0.00167 (ms)
2026-07-11 00:20:40,517 [INFO] Pass: GatesInBasis - 0.01764 (ms)
2026-07-11 00:20:40,517 [INFO] Pass: Depth - 0.01788 (ms)
2026-07-11 00:20:40,517 [INFO] Pass: FixedPoint - 0.00334 (ms)
2026-07-11 00:20:40,517 [INFO] Pass: Size - 0.00191 (ms)
2026-07-11 00:20:40,517 [INFO] Pass: FixedPoint - 0.00310 (ms)
2026-07-11 00:20:40,517 [INFO] Pass: ContainsInstruction - 0.00572 (ms)
2026-07-11 00:20:40,517 [INFO] Total Transpile Time - 88.40609 (ms)
2026-07-11 00:39:44,581 [INFO] [PCE] n=150 instancia 10/100 completada en 0:00:19:04 — transcurrido=0:03:22:46 restante_estimado=1:06:24:55
2026-07-11 00:39:44,687 [INFO] Pass: ContainsInstruction - 0.01144 (ms)
2026-07-11 00:39:44,687 [INFO] Pass: UnitarySynthesis - 0.00668 (ms)
2026-07-11 00:39:44,687 [INFO] Pass: HighLevelSynthesis - 0.00930 (ms)
2026-07-11 00:39:44,687 [INFO] Pass: BasisTranslator - 0.05794 (ms)
2026-07-11 00:39:44,687 [INFO] Pass: ElidePermutations - 0.00477 (ms)
2026-07-11 00:39:44,687 [INFO] Pass: RemoveDiagonalGatesBeforeMeasure - 0.00834 (ms)
2026-07-11 00:39:44,687 [INFO] Pass: RemoveIdentityEquivalent - 0.00334 (ms)
2026-07-11 00:39:44,687 [INFO] Pass: InverseCancellation - 0.00453 (ms)
2026-07-11 00:39:44,687 [INFO] Pass: ContractIdleWiresInControlFlow - 0.00215 (ms)
2026-07-11 00:39:44,687 [INFO] Pass: CommutativeCancellation - 0.05293 (ms)
2026-07-11 00:39:44,688 [INFO] Pass: ConsolidateBlocks - 0.04125 (ms)
2026-07-11 00:39:44,688 [INFO] Pass: Split2QUnitaries - 0.00334 (ms)
2026-07-11 00:39:44,688 [INFO] Pass: UnitarySynthesis - 0.00477 (ms)
2026-07-11 00:39:44,688 [INFO] Pass: HighLevelSynthesis - 0.02313 (ms)
2026-07-11 00:39:44,688 [INFO] Pass: BasisTranslator - 0.06390 (ms)
2026-07-11 00:39:44,688 [INFO] Pass: ConsolidateBlocks - 0.04649 (ms)
2026-07-11 00:39:44,688 [INFO] Pass: UnitarySynthesis - 0.00453 (ms)
2026-07-11 00:39:44,688 [INFO] Pass: Depth - 0.01955 (ms)
2026-07-11 00:39:44,688 [INFO] Pass: FixedPoint - 0.00453 (ms)
2026-07-11 00:39:44,688 [INFO] Pass: Size - 0.00310 (ms)
2026-07-11 00:39:44,688 [INFO] Pass: FixedPoint - 0.00310 (ms)
2026-07-11 00:39:44,688 [INFO] Pass: RemoveIdentityEquivalent - 0.00262 (ms)
2026-07-11 00:39:44,688 [INFO] Pass: Optimize1qGatesDecomposition - 0.03386 (ms)
2026-07-11 00:39:44,688 [INFO] Pass: CommutativeCancellation - 0.07129 (ms)
2026-07-11 00:39:44,688 [INFO] Pass: ContractIdleWiresInControlFlow - 0.00167 (ms)
2026-07-11 00:39:44,688 [INFO] Pass: GatesInBasis - 0.01884 (ms)
2026-07-11 00:39:44,688 [INFO] Pass: Depth - 0.01693 (ms)
2026-07-11 00:39:44,688 [INFO] Pass: FixedPoint - 0.00334 (ms)
2026-07-11 00:39:44,688 [INFO] Pass: Size - 0.00191 (ms)
2026-07-11 00:39:44,688 [INFO] Pass: FixedPoint - 0.00262 (ms)
2026-07-11 00:39:44,688 [INFO] Pass: ContainsInstruction - 0.00477 (ms)
2026-07-11 00:39:44,689 [INFO] Total Transpile Time - 90.62243 (ms)
2026-07-11 00:39:44,775 [INFO] Pass: ContainsInstruction - 0.00906 (ms)
2026-07-11 00:39:44,775 [INFO] Pass: UnitarySynthesis - 0.00572 (ms)
2026-07-11 00:39:44,775 [INFO] Pass: HighLevelSynthesis - 0.00715 (ms)
2026-07-11 00:39:44,775 [INFO] Pass: BasisTranslator - 0.05364 (ms)
2026-07-11 00:39:44,775 [INFO] Pass: ElidePermutations - 0.00310 (ms)
2026-07-11 00:39:44,775 [INFO] Pass: RemoveDiagonalGatesBeforeMeasure - 0.00644 (ms)
2026-07-11 00:39:44,775 [INFO] Pass: RemoveIdentityEquivalent - 0.00453 (ms)
2026-07-11 00:39:44,775 [INFO] Pass: InverseCancellation - 0.02027 (ms)
2026-07-11 00:39:44,775 [INFO] Pass: ContractIdleWiresInControlFlow - 0.00215 (ms)
2026-07-11 00:39:44,775 [INFO] Pass: CommutativeCancellation - 0.05746 (ms)
2026-07-11 00:39:44,775 [INFO] Pass: ConsolidateBlocks - 0.03886 (ms)
2026-07-11 00:39:44,775 [INFO] Pass: Split2QUnitaries - 0.00191 (ms)
2026-07-11 00:39:44,775 [INFO] Pass: UnitarySynthesis - 0.00477 (ms)
2026-07-11 00:39:44,775 [INFO] Pass: HighLevelSynthesis - 0.02313 (ms)
2026-07-11 00:39:44,775 [INFO] Pass: BasisTranslator - 0.06270 (ms)
2026-07-11 00:39:44,775 [INFO] Pass: ConsolidateBlocks - 0.04625 (ms)
2026-07-11 00:39:44,775 [INFO] Pass: UnitarySynthesis - 0.00453 (ms)
2026-07-11 00:39:44,775 [INFO] Pass: Depth - 0.01860 (ms)
2026-07-11 00:39:44,775 [INFO] Pass: FixedPoint - 0.00405 (ms)
2026-07-11 00:39:44,776 [INFO] Pass: Size - 0.00262 (ms)
2026-07-11 00:39:44,776 [INFO] Pass: FixedPoint - 0.00286 (ms)
2026-07-11 00:39:44,776 [INFO] Pass: RemoveIdentityEquivalent - 0.00381 (ms)
2026-07-11 00:39:44,776 [INFO] Pass: Optimize1qGatesDecomposition - 0.15116 (ms)
2026-07-11 00:39:44,776 [INFO] Pass: CommutativeCancellation - 0.07939 (ms)
2026-07-11 00:39:44,776 [INFO] Pass: ContractIdleWiresInControlFlow - 0.00191 (ms)
2026-07-11 00:39:44,776 [INFO] Pass: GatesInBasis - 0.01884 (ms)
2026-07-11 00:39:44,776 [INFO] Pass: Depth - 0.01740 (ms)
2026-07-11 00:39:44,776 [INFO] Pass: FixedPoint - 0.00381 (ms)
2026-07-11 00:39:44,776 [INFO] Pass: Size - 0.00238 (ms)
2026-07-11 00:39:44,776 [INFO] Pass: FixedPoint - 0.00286 (ms)
2026-07-11 00:39:44,776 [INFO] Pass: ContainsInstruction - 0.00548 (ms)
2026-07-11 00:39:44,776 [INFO] Total Transpile Time - 87.39424 (ms)
2026-07-11 00:39:44,863 [INFO] Pass: ContainsInstruction - 0.00930 (ms)
2026-07-11 00:39:44,863 [INFO] Pass: UnitarySynthesis - 0.00620 (ms)
2026-07-11 00:39:44,863 [INFO] Pass: HighLevelSynthesis - 0.00834 (ms)
2026-07-11 00:39:44,863 [INFO] Pass: BasisTranslator - 0.05007 (ms)
2026-07-11 00:39:44,863 [INFO] Pass: ElidePermutations - 0.00286 (ms)
2026-07-11 00:39:44,863 [INFO] Pass: RemoveDiagonalGatesBeforeMeasure - 0.00572 (ms)
2026-07-11 00:39:44,863 [INFO] Pass: RemoveIdentityEquivalent - 0.00548 (ms)
2026-07-11 00:39:44,863 [INFO] Pass: InverseCancellation - 0.02122 (ms)
2026-07-11 00:39:44,863 [INFO] Pass: ContractIdleWiresInControlFlow - 0.00215 (ms)
2026-07-11 00:39:44,863 [INFO] Pass: CommutativeCancellation - 0.05555 (ms)
2026-07-11 00:39:44,863 [INFO] Pass: ConsolidateBlocks - 0.03815 (ms)
2026-07-11 00:39:44,863 [INFO] Pass: Split2QUnitaries - 0.00215 (ms)
2026-07-11 00:39:44,863 [INFO] Pass: UnitarySynthesis - 0.00501 (ms)
2026-07-11 00:39:44,863 [INFO] Pass: HighLevelSynthesis - 0.02456 (ms)
2026-07-11 00:39:44,863 [INFO] Pass: BasisTranslator - 0.06318 (ms)
2026-07-11 00:39:44,863 [INFO] Pass: ConsolidateBlocks - 0.04935 (ms)
2026-07-11 00:39:44,864 [INFO] Pass: UnitarySynthesis - 0.00501 (ms)
2026-07-11 00:39:44,864 [INFO] Pass: Depth - 0.02050 (ms)
2026-07-11 00:39:44,864 [INFO] Pass: FixedPoint - 0.00381 (ms)
2026-07-11 00:39:44,864 [INFO] Pass: Size - 0.00286 (ms)
2026-07-11 00:39:44,864 [INFO] Pass: FixedPoint - 0.00262 (ms)
2026-07-11 00:39:44,864 [INFO] Pass: RemoveIdentityEquivalent - 0.00477 (ms)
2026-07-11 00:39:44,864 [INFO] Pass: Optimize1qGatesDecomposition - 0.15998 (ms)
2026-07-11 00:39:44,864 [INFO] Pass: CommutativeCancellation - 0.07129 (ms)
2026-07-11 00:39:44,864 [INFO] Pass: ContractIdleWiresInControlFlow - 0.00215 (ms)
2026-07-11 00:39:44,864 [INFO] Pass: GatesInBasis - 0.01931 (ms)
2026-07-11 00:39:44,864 [INFO] Pass: Depth - 0.02027 (ms)
2026-07-11 00:39:44,864 [INFO] Pass: FixedPoint - 0.00381 (ms)
2026-07-11 00:39:44,864 [INFO] Pass: Size - 0.00215 (ms)
2026-07-11 00:39:44,864 [INFO] Pass: FixedPoint - 0.00286 (ms)
2026-07-11 00:39:44,864 [INFO] Pass: RemoveIdentityEquivalent - 0.00453 (ms)
2026-07-11 00:39:44,864 [INFO] Pass: Optimize1qGatesDecomposition - 0.14997 (ms)
2026-07-11 00:39:44,864 [INFO] Pass: CommutativeCancellation - 0.06747 (ms)
2026-07-11 00:39:44,864 [INFO] Pass: ContractIdleWiresInControlFlow - 0.00191 (ms)
2026-07-11 00:39:44,864 [INFO] Pass: GatesInBasis - 0.01764 (ms)
2026-07-11 00:39:44,865 [INFO] Pass: Depth - 0.01836 (ms)
2026-07-11 00:39:44,865 [INFO] Pass: FixedPoint - 0.00334 (ms)
2026-07-11 00:39:44,865 [INFO] Pass: Size - 0.00167 (ms)
2026-07-11 00:39:44,865 [INFO] Pass: FixedPoint - 0.00262 (ms)
2026-07-11 00:39:44,865 [INFO] Pass: ContainsInstruction - 0.00548 (ms)
2026-07-11 00:39:44,865 [INFO] Total Transpile Time - 88.21034 (ms)
2026-07-11 01:02:32,647 [INFO] [PCE] n=150 instancia 11/100 completada en 0:00:22:48 — transcurrido=0:03:45:34 restante_estimado=1:06:25:03
2026-07-11 01:02:32,752 [INFO] Pass: ContainsInstruction - 0.01121 (ms)
2026-07-11 01:02:32,752 [INFO] Pass: UnitarySynthesis - 0.00715 (ms)
2026-07-11 01:02:32,752 [INFO] Pass: HighLevelSynthesis - 0.00906 (ms)
2026-07-11 01:02:32,752 [INFO] Pass: BasisTranslator - 0.05937 (ms)
2026-07-11 01:02:32,752 [INFO] Pass: ElidePermutations - 0.00501 (ms)
2026-07-11 01:02:32,752 [INFO] Pass: RemoveDiagonalGatesBeforeMeasure - 0.00811 (ms)
2026-07-11 01:02:32,752 [INFO] Pass: RemoveIdentityEquivalent - 0.00358 (ms)
2026-07-11 01:02:32,752 [INFO] Pass: InverseCancellation - 0.00453 (ms)
2026-07-11 01:02:32,752 [INFO] Pass: ContractIdleWiresInControlFlow - 0.00167 (ms)
2026-07-11 01:02:32,752 [INFO] Pass: CommutativeCancellation - 0.05627 (ms)
2026-07-11 01:02:32,752 [INFO] Pass: ConsolidateBlocks - 0.04148 (ms)
2026-07-11 01:02:32,752 [INFO] Pass: Split2QUnitaries - 0.00238 (ms)
2026-07-11 01:02:32,752 [INFO] Pass: UnitarySynthesis - 0.00525 (ms)
2026-07-11 01:02:32,752 [INFO] Pass: HighLevelSynthesis - 0.02241 (ms)
2026-07-11 01:02:32,752 [INFO] Pass: BasisTranslator - 0.07391 (ms)
2026-07-11 01:02:32,752 [INFO] Pass: ConsolidateBlocks - 0.05150 (ms)
2026-07-11 01:02:32,752 [INFO] Pass: UnitarySynthesis - 0.00501 (ms)
2026-07-11 01:02:32,752 [INFO] Pass: Depth - 0.01884 (ms)
2026-07-11 01:02:32,753 [INFO] Pass: FixedPoint - 0.00477 (ms)
2026-07-11 01:02:32,753 [INFO] Pass: Size - 0.00334 (ms)
2026-07-11 01:02:32,753 [INFO] Pass: FixedPoint - 0.00286 (ms)
2026-07-11 01:02:32,753 [INFO] Pass: RemoveIdentityEquivalent - 0.00286 (ms)
2026-07-11 01:02:32,753 [INFO] Pass: Optimize1qGatesDecomposition - 0.03433 (ms)
2026-07-11 01:02:32,753 [INFO] Pass: CommutativeCancellation - 0.07391 (ms)
2026-07-11 01:02:32,753 [INFO] Pass: ContractIdleWiresInControlFlow - 0.00167 (ms)
2026-07-11 01:02:32,753 [INFO] Pass: GatesInBasis - 0.01884 (ms)
2026-07-11 01:02:32,753 [INFO] Pass: Depth - 0.01693 (ms)
2026-07-11 01:02:32,753 [INFO] Pass: FixedPoint - 0.00334 (ms)
2026-07-11 01:02:32,753 [INFO] Pass: Size - 0.00191 (ms)
2026-07-11 01:02:32,753 [INFO] Pass: FixedPoint - 0.00286 (ms)
2026-07-11 01:02:32,753 [INFO] Pass: ContainsInstruction - 0.00501 (ms)
2026-07-11 01:02:32,753 [INFO] Total Transpile Time - 90.07883 (ms)
2026-07-11 01:02:32,841 [INFO] Pass: ContainsInstruction - 0.00978 (ms)
2026-07-11 01:02:32,841 [INFO] Pass: UnitarySynthesis - 0.00644 (ms)
2026-07-11 01:02:32,841 [INFO] Pass: HighLevelSynthesis - 0.00715 (ms)
2026-07-11 01:02:32,841 [INFO] Pass: BasisTranslator - 0.05054 (ms)
2026-07-11 01:02:32,841 [INFO] Pass: ElidePermutations - 0.00334 (ms)
2026-07-11 01:02:32,841 [INFO] Pass: RemoveDiagonalGatesBeforeMeasure - 0.00691 (ms)
2026-07-11 01:02:32,841 [INFO] Pass: RemoveIdentityEquivalent - 0.00453 (ms)
2026-07-11 01:02:32,841 [INFO] Pass: InverseCancellation - 0.02122 (ms)
2026-07-11 01:02:32,841 [INFO] Pass: ContractIdleWiresInControlFlow - 0.00238 (ms)
2026-07-11 01:02:32,841 [INFO] Pass: CommutativeCancellation - 0.06366 (ms)
2026-07-11 01:02:32,841 [INFO] Pass: ConsolidateBlocks - 0.03886 (ms)
2026-07-11 01:02:32,841 [INFO] Pass: Split2QUnitaries - 0.00262 (ms)
2026-07-11 01:02:32,841 [INFO] Pass: UnitarySynthesis - 0.00501 (ms)
2026-07-11 01:02:32,841 [INFO] Pass: HighLevelSynthesis - 0.03004 (ms)
2026-07-11 01:02:32,841 [INFO] Pass: BasisTranslator - 0.06533 (ms)
2026-07-11 01:02:32,841 [INFO] Pass: ConsolidateBlocks - 0.04792 (ms)
2026-07-11 01:02:32,841 [INFO] Pass: UnitarySynthesis - 0.00453 (ms)
2026-07-11 01:02:32,842 [INFO] Pass: Depth - 0.01836 (ms)
2026-07-11 01:02:32,842 [INFO] Pass: FixedPoint - 0.00429 (ms)
2026-07-11 01:02:32,842 [INFO] Pass: Size - 0.00310 (ms)
2026-07-11 01:02:32,842 [INFO] Pass: FixedPoint - 0.00238 (ms)
2026-07-11 01:02:32,842 [INFO] Pass: RemoveIdentityEquivalent - 0.00405 (ms)
2026-07-11 01:02:32,842 [INFO] Pass: Optimize1qGatesDecomposition - 0.14472 (ms)
2026-07-11 01:02:32,842 [INFO] Pass: CommutativeCancellation - 0.08154 (ms)
2026-07-11 01:02:32,842 [INFO] Pass: ContractIdleWiresInControlFlow - 0.00167 (ms)
2026-07-11 01:02:32,842 [INFO] Pass: GatesInBasis - 0.01884 (ms)
2026-07-11 01:02:32,842 [INFO] Pass: Depth - 0.02003 (ms)
2026-07-11 01:02:32,842 [INFO] Pass: FixedPoint - 0.00381 (ms)
2026-07-11 01:02:32,842 [INFO] Pass: Size - 0.00238 (ms)
2026-07-11 01:02:32,842 [INFO] Pass: FixedPoint - 0.00286 (ms)
2026-07-11 01:02:32,842 [INFO] Pass: ContainsInstruction - 0.00548 (ms)
2026-07-11 01:02:32,842 [INFO] Total Transpile Time - 88.74631 (ms)
2026-07-11 01:02:32,932 [INFO] Pass: ContainsInstruction - 0.00906 (ms)
2026-07-11 01:02:32,932 [INFO] Pass: UnitarySynthesis - 0.00620 (ms)
2026-07-11 01:02:32,932 [INFO] Pass: HighLevelSynthesis - 0.00691 (ms)
2026-07-11 01:02:32,932 [INFO] Pass: BasisTranslator - 0.04911 (ms)
2026-07-11 01:02:32,932 [INFO] Pass: ElidePermutations - 0.00310 (ms)
2026-07-11 01:02:32,932 [INFO] Pass: RemoveDiagonalGatesBeforeMeasure - 0.00596 (ms)
2026-07-11 01:02:32,932 [INFO] Pass: RemoveIdentityEquivalent - 0.00525 (ms)
2026-07-11 01:02:32,932 [INFO] Pass: InverseCancellation - 0.02098 (ms)
2026-07-11 01:02:32,932 [INFO] Pass: ContractIdleWiresInControlFlow - 0.00238 (ms)
2026-07-11 01:02:32,932 [INFO] Pass: CommutativeCancellation - 0.06008 (ms)
2026-07-11 01:02:32,932 [INFO] Pass: ConsolidateBlocks - 0.03910 (ms)
2026-07-11 01:02:32,933 [INFO] Pass: Split2QUnitaries - 0.00262 (ms)
2026-07-11 01:02:32,933 [INFO] Pass: UnitarySynthesis - 0.00525 (ms)
2026-07-11 01:02:32,933 [INFO] Pass: HighLevelSynthesis - 0.02456 (ms)
2026-07-11 01:02:32,933 [INFO] Pass: BasisTranslator - 0.06509 (ms)
2026-07-11 01:02:32,933 [INFO] Pass: ConsolidateBlocks - 0.04649 (ms)
2026-07-11 01:02:32,933 [INFO] Pass: UnitarySynthesis - 0.00429 (ms)
2026-07-11 01:02:32,933 [INFO] Pass: Depth - 0.01931 (ms)
2026-07-11 01:02:32,933 [INFO] Pass: FixedPoint - 0.00429 (ms)
2026-07-11 01:02:32,933 [INFO] Pass: Size - 0.00262 (ms)
2026-07-11 01:02:32,933 [INFO] Pass: FixedPoint - 0.00262 (ms)
2026-07-11 01:02:32,933 [INFO] Pass: RemoveIdentityEquivalent - 0.00453 (ms)
2026-07-11 01:02:32,933 [INFO] Pass: Optimize1qGatesDecomposition - 0.16141 (ms)
2026-07-11 01:02:32,933 [INFO] Pass: CommutativeCancellation - 0.07296 (ms)
2026-07-11 01:02:32,933 [INFO] Pass: ContractIdleWiresInControlFlow - 0.00191 (ms)
2026-07-11 01:02:32,933 [INFO] Pass: GatesInBasis - 0.02599 (ms)
2026-07-11 01:02:32,933 [INFO] Pass: Depth - 0.01884 (ms)
2026-07-11 01:02:32,933 [INFO] Pass: FixedPoint - 0.00358 (ms)
2026-07-11 01:02:32,933 [INFO] Pass: Size - 0.00191 (ms)
2026-07-11 01:02:32,933 [INFO] Pass: FixedPoint - 0.00238 (ms)
2026-07-11 01:02:32,933 [INFO] Pass: RemoveIdentityEquivalent - 0.00453 (ms)
2026-07-11 01:02:32,934 [INFO] Pass: Optimize1qGatesDecomposition - 0.13757 (ms)
2026-07-11 01:02:32,934 [INFO] Pass: CommutativeCancellation - 0.06676 (ms)
2026-07-11 01:02:32,934 [INFO] Pass: ContractIdleWiresInControlFlow - 0.00143 (ms)
2026-07-11 01:02:32,934 [INFO] Pass: GatesInBasis - 0.01764 (ms)
2026-07-11 01:02:32,934 [INFO] Pass: Depth - 0.01740 (ms)
2026-07-11 01:02:32,934 [INFO] Pass: FixedPoint - 0.00334 (ms)
2026-07-11 01:02:32,934 [INFO] Pass: Size - 0.00215 (ms)
2026-07-11 01:02:32,934 [INFO] Pass: FixedPoint - 0.00286 (ms)
2026-07-11 01:02:32,934 [INFO] Pass: ContainsInstruction - 0.00501 (ms)
2026-07-11 01:02:32,934 [INFO] Total Transpile Time - 91.40992 (ms)
2026-07-11 01:22:06,114 [INFO] [PCE] n=150 instancia 12/100 completada en 0:00:19:33 — transcurrido=0:04:05:08 restante_estimado=1:05:57:36
2026-07-11 01:22:06,216 [INFO] Pass: ContainsInstruction - 0.01073 (ms)
2026-07-11 01:22:06,216 [INFO] Pass: UnitarySynthesis - 0.00739 (ms)
2026-07-11 01:22:06,216 [INFO] Pass: HighLevelSynthesis - 0.00858 (ms)
2026-07-11 01:22:06,216 [INFO] Pass: BasisTranslator - 0.05841 (ms)
2026-07-11 01:22:06,216 [INFO] Pass: ElidePermutations - 0.00501 (ms)
2026-07-11 01:22:06,216 [INFO] Pass: RemoveDiagonalGatesBeforeMeasure - 0.00787 (ms)
2026-07-11 01:22:06,216 [INFO] Pass: RemoveIdentityEquivalent - 0.00381 (ms)
2026-07-11 01:22:06,216 [INFO] Pass: InverseCancellation - 0.00453 (ms)
2026-07-11 01:22:06,217 [INFO] Pass: ContractIdleWiresInControlFlow - 0.00215 (ms)
2026-07-11 01:22:06,217 [INFO] Pass: CommutativeCancellation - 0.05388 (ms)
2026-07-11 01:22:06,217 [INFO] Pass: ConsolidateBlocks - 0.04101 (ms)
2026-07-11 01:22:06,217 [INFO] Pass: Split2QUnitaries - 0.00262 (ms)
2026-07-11 01:22:06,217 [INFO] Pass: UnitarySynthesis - 0.00477 (ms)
2026-07-11 01:22:06,217 [INFO] Pass: HighLevelSynthesis - 0.02241 (ms)
2026-07-11 01:22:06,217 [INFO] Pass: BasisTranslator - 0.06366 (ms)
2026-07-11 01:22:06,217 [INFO] Pass: ConsolidateBlocks - 0.04768 (ms)
2026-07-11 01:22:06,217 [INFO] Pass: UnitarySynthesis - 0.00453 (ms)
2026-07-11 01:22:06,217 [INFO] Pass: Depth - 0.01836 (ms)
2026-07-11 01:22:06,217 [INFO] Pass: FixedPoint - 0.00453 (ms)
2026-07-11 01:22:06,217 [INFO] Pass: Size - 0.00310 (ms)
2026-07-11 01:22:06,217 [INFO] Pass: FixedPoint - 0.00286 (ms)
2026-07-11 01:22:06,217 [INFO] Pass: RemoveIdentityEquivalent - 0.00262 (ms)
2026-07-11 01:22:06,217 [INFO] Pass: Optimize1qGatesDecomposition - 0.03242 (ms)
2026-07-11 01:22:06,217 [INFO] Pass: CommutativeCancellation - 0.07963 (ms)
2026-07-11 01:22:06,217 [INFO] Pass: ContractIdleWiresInControlFlow - 0.00191 (ms)
2026-07-11 01:22:06,217 [INFO] Pass: GatesInBasis - 0.01907 (ms)
2026-07-11 01:22:06,217 [INFO] Pass: Depth - 0.01740 (ms)
2026-07-11 01:22:06,217 [INFO] Pass: FixedPoint - 0.00358 (ms)
2026-07-11 01:22:06,217 [INFO] Pass: Size - 0.00238 (ms)
2026-07-11 01:22:06,217 [INFO] Pass: FixedPoint - 0.00238 (ms)
2026-07-11 01:22:06,217 [INFO] Pass: ContainsInstruction - 0.00501 (ms)
2026-07-11 01:22:06,218 [INFO] Total Transpile Time - 88.53221 (ms)
2026-07-11 01:22:06,304 [INFO] Pass: ContainsInstruction - 0.00954 (ms)
2026-07-11 01:22:06,304 [INFO] Pass: UnitarySynthesis - 0.00572 (ms)
2026-07-11 01:22:06,304 [INFO] Pass: HighLevelSynthesis - 0.00715 (ms)
2026-07-11 01:22:06,304 [INFO] Pass: BasisTranslator - 0.05007 (ms)
2026-07-11 01:22:06,304 [INFO] Pass: ElidePermutations - 0.00381 (ms)
2026-07-11 01:22:06,304 [INFO] Pass: RemoveDiagonalGatesBeforeMeasure - 0.00668 (ms)
2026-07-11 01:22:06,304 [INFO] Pass: RemoveIdentityEquivalent - 0.00477 (ms)
2026-07-11 01:22:06,304 [INFO] Pass: InverseCancellation - 0.02098 (ms)
2026-07-11 01:22:06,304 [INFO] Pass: ContractIdleWiresInControlFlow - 0.00215 (ms)
2026-07-11 01:22:06,304 [INFO] Pass: CommutativeCancellation - 0.05674 (ms)
2026-07-11 01:22:06,304 [INFO] Pass: ConsolidateBlocks - 0.03862 (ms)
2026-07-11 01:22:06,304 [INFO] Pass: Split2QUnitaries - 0.00286 (ms)
2026-07-11 01:22:06,304 [INFO] Pass: UnitarySynthesis - 0.00501 (ms)
2026-07-11 01:22:06,304 [INFO] Pass: HighLevelSynthesis - 0.02432 (ms)
2026-07-11 01:22:06,304 [INFO] Pass: BasisTranslator - 0.06318 (ms)
2026-07-11 01:22:06,304 [INFO] Pass: ConsolidateBlocks - 0.04721 (ms)
2026-07-11 01:22:06,305 [INFO] Pass: UnitarySynthesis - 0.00429 (ms)
2026-07-11 01:22:06,305 [INFO] Pass: Depth - 0.01907 (ms)
2026-07-11 01:22:06,305 [INFO] Pass: FixedPoint - 0.00453 (ms)
2026-07-11 01:22:06,305 [INFO] Pass: Size - 0.00262 (ms)
2026-07-11 01:22:06,305 [INFO] Pass: FixedPoint - 0.00286 (ms)
2026-07-11 01:22:06,305 [INFO] Pass: RemoveIdentityEquivalent - 0.00429 (ms)
2026-07-11 01:22:06,305 [INFO] Pass: Optimize1qGatesDecomposition - 0.14639 (ms)
2026-07-11 01:22:06,305 [INFO] Pass: CommutativeCancellation - 0.07820 (ms)
2026-07-11 01:22:06,305 [INFO] Pass: ContractIdleWiresInControlFlow - 0.00191 (ms)
2026-07-11 01:22:06,305 [INFO] Pass: GatesInBasis - 0.01884 (ms)
2026-07-11 01:22:06,305 [INFO] Pass: Depth - 0.01836 (ms)
2026-07-11 01:22:06,305 [INFO] Pass: FixedPoint - 0.00381 (ms)
2026-07-11 01:22:06,305 [INFO] Pass: Size - 0.00215 (ms)
2026-07-11 01:22:06,305 [INFO] Pass: FixedPoint - 0.00286 (ms)
2026-07-11 01:22:06,305 [INFO] Pass: ContainsInstruction - 0.00501 (ms)
2026-07-11 01:22:06,305 [INFO] Total Transpile Time - 87.29172 (ms)
2026-07-11 01:22:06,392 [INFO] Pass: ContainsInstruction - 0.00930 (ms)
2026-07-11 01:22:06,392 [INFO] Pass: UnitarySynthesis - 0.00644 (ms)
2026-07-11 01:22:06,392 [INFO] Pass: HighLevelSynthesis - 0.00763 (ms)
2026-07-11 01:22:06,392 [INFO] Pass: BasisTranslator - 0.05007 (ms)
2026-07-11 01:22:06,392 [INFO] Pass: ElidePermutations - 0.00310 (ms)
2026-07-11 01:22:06,392 [INFO] Pass: RemoveDiagonalGatesBeforeMeasure - 0.00596 (ms)
2026-07-11 01:22:06,392 [INFO] Pass: RemoveIdentityEquivalent - 0.00548 (ms)
2026-07-11 01:22:06,392 [INFO] Pass: InverseCancellation - 0.02074 (ms)
2026-07-11 01:22:06,392 [INFO] Pass: ContractIdleWiresInControlFlow - 0.00215 (ms)
2026-07-11 01:22:06,392 [INFO] Pass: CommutativeCancellation - 0.05865 (ms)
2026-07-11 01:22:06,393 [INFO] Pass: ConsolidateBlocks - 0.03791 (ms)
2026-07-11 01:22:06,393 [INFO] Pass: Split2QUnitaries - 0.00238 (ms)
2026-07-11 01:22:06,393 [INFO] Pass: UnitarySynthesis - 0.00525 (ms)
2026-07-11 01:22:06,393 [INFO] Pass: HighLevelSynthesis - 0.02503 (ms)
2026-07-11 01:22:06,393 [INFO] Pass: BasisTranslator - 0.06437 (ms)
2026-07-11 01:22:06,393 [INFO] Pass: ConsolidateBlocks - 0.04745 (ms)
2026-07-11 01:22:06,393 [INFO] Pass: UnitarySynthesis - 0.00453 (ms)
2026-07-11 01:22:06,393 [INFO] Pass: Depth - 0.01907 (ms)
2026-07-11 01:22:06,393 [INFO] Pass: FixedPoint - 0.00405 (ms)
2026-07-11 01:22:06,393 [INFO] Pass: Size - 0.00262 (ms)
2026-07-11 01:22:06,393 [INFO] Pass: FixedPoint - 0.00286 (ms)
2026-07-11 01:22:06,393 [INFO] Pass: RemoveIdentityEquivalent - 0.00477 (ms)
2026-07-11 01:22:06,393 [INFO] Pass: Optimize1qGatesDecomposition - 0.15330 (ms)
2026-07-11 01:22:06,393 [INFO] Pass: CommutativeCancellation - 0.07987 (ms)
2026-07-11 01:22:06,393 [INFO] Pass: ContractIdleWiresInControlFlow - 0.00191 (ms)
2026-07-11 01:22:06,393 [INFO] Pass: GatesInBasis - 0.01884 (ms)
2026-07-11 01:22:06,393 [INFO] Pass: Depth - 0.01836 (ms)
2026-07-11 01:22:06,393 [INFO] Pass: FixedPoint - 0.00381 (ms)
2026-07-11 01:22:06,393 [INFO] Pass: Size - 0.00191 (ms)
2026-07-11 01:22:06,393 [INFO] Pass: FixedPoint - 0.00262 (ms)
2026-07-11 01:22:06,393 [INFO] Pass: RemoveIdentityEquivalent - 0.00429 (ms)
2026-07-11 01:22:06,394 [INFO] Pass: Optimize1qGatesDecomposition - 0.13328 (ms)
2026-07-11 01:22:06,394 [INFO] Pass: CommutativeCancellation - 0.06437 (ms)
2026-07-11 01:22:06,394 [INFO] Pass: ContractIdleWiresInControlFlow - 0.00167 (ms)
2026-07-11 01:22:06,394 [INFO] Pass: GatesInBasis - 0.01812 (ms)
2026-07-11 01:22:06,394 [INFO] Pass: Depth - 0.01740 (ms)
2026-07-11 01:22:06,394 [INFO] Pass: FixedPoint - 0.00310 (ms)
2026-07-11 01:22:06,394 [INFO] Pass: Size - 0.00191 (ms)
2026-07-11 01:22:06,394 [INFO] Pass: FixedPoint - 0.00262 (ms)
2026-07-11 01:22:06,394 [INFO] Pass: ContainsInstruction - 0.00501 (ms)
2026-07-11 01:22:06,394 [INFO] Total Transpile Time - 88.47833 (ms)
2026-07-11 01:41:13,161 [INFO] [PCE] n=150 instancia 13/100 completada en 0:00:19:07 — transcurrido=0:04:24:15 restante_estimado=1:05:28:24
2026-07-11 01:41:13,265 [INFO] Pass: ContainsInstruction - 0.01168 (ms)
2026-07-11 01:41:13,265 [INFO] Pass: UnitarySynthesis - 0.00739 (ms)
2026-07-11 01:41:13,265 [INFO] Pass: HighLevelSynthesis - 0.00858 (ms)
2026-07-11 01:41:13,265 [INFO] Pass: BasisTranslator - 0.05817 (ms)
2026-07-11 01:41:13,265 [INFO] Pass: ElidePermutations - 0.00429 (ms)
2026-07-11 01:41:13,265 [INFO] Pass: RemoveDiagonalGatesBeforeMeasure - 0.00811 (ms)
2026-07-11 01:41:13,266 [INFO] Pass: RemoveIdentityEquivalent - 0.00429 (ms)
2026-07-11 01:41:13,266 [INFO] Pass: InverseCancellation - 0.00477 (ms)
2026-07-11 01:41:13,266 [INFO] Pass: ContractIdleWiresInControlFlow - 0.00191 (ms)
2026-07-11 01:41:13,266 [INFO] Pass: CommutativeCancellation - 0.05269 (ms)
2026-07-11 01:41:13,266 [INFO] Pass: ConsolidateBlocks - 0.04148 (ms)
2026-07-11 01:41:13,266 [INFO] Pass: Split2QUnitaries - 0.00310 (ms)
2026-07-11 01:41:13,266 [INFO] Pass: UnitarySynthesis - 0.00548 (ms)
2026-07-11 01:41:13,266 [INFO] Pass: HighLevelSynthesis - 0.02217 (ms)
2026-07-11 01:41:13,266 [INFO] Pass: BasisTranslator - 0.06557 (ms)
2026-07-11 01:41:13,266 [INFO] Pass: ConsolidateBlocks - 0.04721 (ms)
2026-07-11 01:41:13,266 [INFO] Pass: UnitarySynthesis - 0.00429 (ms)
2026-07-11 01:41:13,266 [INFO] Pass: Depth - 0.01860 (ms)
2026-07-11 01:41:13,266 [INFO] Pass: FixedPoint - 0.00477 (ms)
2026-07-11 01:41:13,266 [INFO] Pass: Size - 0.00358 (ms)
2026-07-11 01:41:13,266 [INFO] Pass: FixedPoint - 0.00286 (ms)
2026-07-11 01:41:13,266 [INFO] Pass: RemoveIdentityEquivalent - 0.00310 (ms)
2026-07-11 01:41:13,266 [INFO] Pass: Optimize1qGatesDecomposition - 0.03171 (ms)
2026-07-11 01:41:13,266 [INFO] Pass: CommutativeCancellation - 0.08154 (ms)
2026-07-11 01:41:13,266 [INFO] Pass: ContractIdleWiresInControlFlow - 0.00191 (ms)
2026-07-11 01:41:13,266 [INFO] Pass: GatesInBasis - 0.01955 (ms)
2026-07-11 01:41:13,266 [INFO] Pass: Depth - 0.01669 (ms)
2026-07-11 01:41:13,266 [INFO] Pass: FixedPoint - 0.00358 (ms)
2026-07-11 01:41:13,266 [INFO] Pass: Size - 0.00215 (ms)
2026-07-11 01:41:13,266 [INFO] Pass: FixedPoint - 0.00262 (ms)
2026-07-11 01:41:13,267 [INFO] Pass: ContainsInstruction - 0.00501 (ms)
2026-07-11 01:41:13,267 [INFO] Total Transpile Time - 90.02090 (ms)
2026-07-11 01:41:13,353 [INFO] Pass: ContainsInstruction - 0.00930 (ms)
2026-07-11 01:41:13,353 [INFO] Pass: UnitarySynthesis - 0.00572 (ms)
2026-07-11 01:41:13,353 [INFO] Pass: HighLevelSynthesis - 0.00739 (ms)
2026-07-11 01:41:13,353 [INFO] Pass: BasisTranslator - 0.05341 (ms)
2026-07-11 01:41:13,353 [INFO] Pass: ElidePermutations - 0.00310 (ms)
2026-07-11 01:41:13,353 [INFO] Pass: RemoveDiagonalGatesBeforeMeasure - 0.00644 (ms)
2026-07-11 01:41:13,353 [INFO] Pass: RemoveIdentityEquivalent - 0.00501 (ms)
2026-07-11 01:41:13,353 [INFO] Pass: InverseCancellation - 0.02170 (ms)
2026-07-11 01:41:13,353 [INFO] Pass: ContractIdleWiresInControlFlow - 0.00215 (ms)
2026-07-11 01:41:13,353 [INFO] Pass: CommutativeCancellation - 0.05841 (ms)
2026-07-11 01:41:13,353 [INFO] Pass: ConsolidateBlocks - 0.03934 (ms)
2026-07-11 01:41:13,353 [INFO] Pass: Split2QUnitaries - 0.00215 (ms)
2026-07-11 01:41:13,353 [INFO] Pass: UnitarySynthesis - 0.00477 (ms)
2026-07-11 01:41:13,354 [INFO] Pass: HighLevelSynthesis - 0.02337 (ms)
2026-07-11 01:41:13,354 [INFO] Pass: BasisTranslator - 0.06318 (ms)
2026-07-11 01:41:13,354 [INFO] Pass: ConsolidateBlocks - 0.04625 (ms)
2026-07-11 01:41:13,354 [INFO] Pass: UnitarySynthesis - 0.00405 (ms)
2026-07-11 01:41:13,354 [INFO] Pass: Depth - 0.01884 (ms)
2026-07-11 01:41:13,354 [INFO] Pass: FixedPoint - 0.00405 (ms)
2026-07-11 01:41:13,354 [INFO] Pass: Size - 0.00286 (ms)
2026-07-11 01:41:13,354 [INFO] Pass: FixedPoint - 0.00238 (ms)
2026-07-11 01:41:13,354 [INFO] Pass: RemoveIdentityEquivalent - 0.00405 (ms)
2026-07-11 01:41:13,354 [INFO] Pass: Optimize1qGatesDecomposition - 0.14997 (ms)
2026-07-11 01:41:13,354 [INFO] Pass: CommutativeCancellation - 0.07892 (ms)
2026-07-11 01:41:13,354 [INFO] Pass: ContractIdleWiresInControlFlow - 0.00167 (ms)
2026-07-11 01:41:13,354 [INFO] Pass: GatesInBasis - 0.01907 (ms)
2026-07-11 01:41:13,354 [INFO] Pass: Depth - 0.01860 (ms)
2026-07-11 01:41:13,354 [INFO] Pass: FixedPoint - 0.00381 (ms)
2026-07-11 01:41:13,354 [INFO] Pass: Size - 0.00215 (ms)
2026-07-11 01:41:13,354 [INFO] Pass: FixedPoint - 0.00286 (ms)
2026-07-11 01:41:13,354 [INFO] Pass: ContainsInstruction - 0.00501 (ms)
2026-07-11 01:41:13,355 [INFO] Total Transpile Time - 87.42118 (ms)
2026-07-11 01:41:13,441 [INFO] Pass: ContainsInstruction - 0.00882 (ms)
2026-07-11 01:41:13,442 [INFO] Pass: UnitarySynthesis - 0.00596 (ms)
2026-07-11 01:41:13,442 [INFO] Pass: HighLevelSynthesis - 0.00739 (ms)
2026-07-11 01:41:13,442 [INFO] Pass: BasisTranslator - 0.05293 (ms)
2026-07-11 01:41:13,442 [INFO] Pass: ElidePermutations - 0.00310 (ms)
2026-07-11 01:41:13,442 [INFO] Pass: RemoveDiagonalGatesBeforeMeasure - 0.00620 (ms)
2026-07-11 01:41:13,442 [INFO] Pass: RemoveIdentityEquivalent - 0.00548 (ms)
2026-07-11 01:41:13,442 [INFO] Pass: InverseCancellation - 0.02098 (ms)
2026-07-11 01:41:13,442 [INFO] Pass: ContractIdleWiresInControlFlow - 0.00238 (ms)
2026-07-11 01:41:13,442 [INFO] Pass: CommutativeCancellation - 0.05937 (ms)
2026-07-11 01:41:13,442 [INFO] Pass: ConsolidateBlocks - 0.03910 (ms)
2026-07-11 01:41:13,442 [INFO] Pass: Split2QUnitaries - 0.00215 (ms)
2026-07-11 01:41:13,442 [INFO] Pass: UnitarySynthesis - 0.00501 (ms)
2026-07-11 01:41:13,442 [INFO] Pass: HighLevelSynthesis - 0.02432 (ms)
2026-07-11 01:41:13,442 [INFO] Pass: BasisTranslator - 0.06604 (ms)
2026-07-11 01:41:13,442 [INFO] Pass: ConsolidateBlocks - 0.04888 (ms)
2026-07-11 01:41:13,442 [INFO] Pass: UnitarySynthesis - 0.00477 (ms)
2026-07-11 01:41:13,442 [INFO] Pass: Depth - 0.02003 (ms)
2026-07-11 01:41:13,442 [INFO] Pass: FixedPoint - 0.00405 (ms)
2026-07-11 01:41:13,442 [INFO] Pass: Size - 0.00238 (ms)
2026-07-11 01:41:13,442 [INFO] Pass: FixedPoint - 0.00286 (ms)
2026-07-11 01:41:13,442 [INFO] Pass: RemoveIdentityEquivalent - 0.00501 (ms)
2026-07-11 01:41:13,443 [INFO] Pass: Optimize1qGatesDecomposition - 0.15450 (ms)
2026-07-11 01:41:13,443 [INFO] Pass: CommutativeCancellation - 0.07105 (ms)
2026-07-11 01:41:13,443 [INFO] Pass: ContractIdleWiresInControlFlow - 0.00167 (ms)
2026-07-11 01:41:13,443 [INFO] Pass: GatesInBasis - 0.01907 (ms)
2026-07-11 01:41:13,443 [INFO] Pass: Depth - 0.01884 (ms)
2026-07-11 01:41:13,443 [INFO] Pass: FixedPoint - 0.00358 (ms)
2026-07-11 01:41:13,443 [INFO] Pass: Size - 0.00215 (ms)
2026-07-11 01:41:13,443 [INFO] Pass: FixedPoint - 0.00310 (ms)
2026-07-11 01:41:13,443 [INFO] Pass: RemoveIdentityEquivalent - 0.00477 (ms)
2026-07-11 01:41:13,443 [INFO] Pass: Optimize1qGatesDecomposition - 0.13614 (ms)
2026-07-11 01:41:13,443 [INFO] Pass: CommutativeCancellation - 0.06652 (ms)
2026-07-11 01:41:13,443 [INFO] Pass: ContractIdleWiresInControlFlow - 0.00143 (ms)
2026-07-11 01:41:13,443 [INFO] Pass: GatesInBasis - 0.01836 (ms)
2026-07-11 01:41:13,443 [INFO] Pass: Depth - 0.01740 (ms)
2026-07-11 01:41:13,443 [INFO] Pass: FixedPoint - 0.00334 (ms)
2026-07-11 01:41:13,443 [INFO] Pass: Size - 0.00215 (ms)
2026-07-11 01:41:13,443 [INFO] Pass: FixedPoint - 0.00286 (ms)
2026-07-11 01:41:13,443 [INFO] Pass: ContainsInstruction - 0.00525 (ms)
2026-07-11 01:41:13,444 [INFO] Total Transpile Time - 88.70602 (ms)
2026-07-11 02:00:54,337 [INFO] [PCE] n=150 instancia 14/100 completada en 0:00:19:41 — transcurrido=0:04:43:56 restante_estimado=1:05:04:09
2026-07-11 02:00:54,443 [INFO] Pass: ContainsInstruction - 0.01168 (ms)
2026-07-11 02:00:54,443 [INFO] Pass: UnitarySynthesis - 0.00811 (ms)
2026-07-11 02:00:54,443 [INFO] Pass: HighLevelSynthesis - 0.00834 (ms)
2026-07-11 02:00:54,443 [INFO] Pass: BasisTranslator - 0.05960 (ms)
2026-07-11 02:00:54,443 [INFO] Pass: ElidePermutations - 0.00501 (ms)
2026-07-11 02:00:54,443 [INFO] Pass: RemoveDiagonalGatesBeforeMeasure - 0.00811 (ms)
2026-07-11 02:00:54,443 [INFO] Pass: RemoveIdentityEquivalent - 0.00358 (ms)
2026-07-11 02:00:54,443 [INFO] Pass: InverseCancellation - 0.00453 (ms)
2026-07-11 02:00:54,443 [INFO] Pass: ContractIdleWiresInControlFlow - 0.00238 (ms)
2026-07-11 02:00:54,443 [INFO] Pass: CommutativeCancellation - 0.05674 (ms)
2026-07-11 02:00:54,443 [INFO] Pass: ConsolidateBlocks - 0.04292 (ms)
2026-07-11 02:00:54,443 [INFO] Pass: Split2QUnitaries - 0.00286 (ms)
2026-07-11 02:00:54,443 [INFO] Pass: UnitarySynthesis - 0.00548 (ms)
2026-07-11 02:00:54,443 [INFO] Pass: HighLevelSynthesis - 0.02265 (ms)
2026-07-11 02:00:54,443 [INFO] Pass: BasisTranslator - 0.06342 (ms)
2026-07-11 02:00:54,444 [INFO] Pass: ConsolidateBlocks - 0.05078 (ms)
2026-07-11 02:00:54,444 [INFO] Pass: UnitarySynthesis - 0.00453 (ms)
2026-07-11 02:00:54,444 [INFO] Pass: Depth - 0.01884 (ms)
2026-07-11 02:00:54,444 [INFO] Pass: FixedPoint - 0.00501 (ms)
2026-07-11 02:00:54,444 [INFO] Pass: Size - 0.00334 (ms)
2026-07-11 02:00:54,444 [INFO] Pass: FixedPoint - 0.00286 (ms)
2026-07-11 02:00:54,444 [INFO] Pass: RemoveIdentityEquivalent - 0.00238 (ms)
2026-07-11 02:00:54,444 [INFO] Pass: Optimize1qGatesDecomposition - 0.03362 (ms)
2026-07-11 02:00:54,444 [INFO] Pass: CommutativeCancellation - 0.07391 (ms)
2026-07-11 02:00:54,444 [INFO] Pass: ContractIdleWiresInControlFlow - 0.00238 (ms)
2026-07-11 02:00:54,444 [INFO] Pass: GatesInBasis - 0.01931 (ms)
2026-07-11 02:00:54,444 [INFO] Pass: Depth - 0.01693 (ms)
2026-07-11 02:00:54,444 [INFO] Pass: FixedPoint - 0.00358 (ms)
2026-07-11 02:00:54,444 [INFO] Pass: Size - 0.00215 (ms)
2026-07-11 02:00:54,444 [INFO] Pass: FixedPoint - 0.00286 (ms)
2026-07-11 02:00:54,444 [INFO] Pass: ContainsInstruction - 0.00501 (ms)
2026-07-11 02:00:54,444 [INFO] Total Transpile Time - 89.94865 (ms)
2026-07-11 02:00:54,532 [INFO] Pass: ContainsInstruction - 0.00906 (ms)
2026-07-11 02:00:54,532 [INFO] Pass: UnitarySynthesis - 0.00620 (ms)
2026-07-11 02:00:54,532 [INFO] Pass: HighLevelSynthesis - 0.00739 (ms)
2026-07-11 02:00:54,532 [INFO] Pass: BasisTranslator - 0.04983 (ms)
2026-07-11 02:00:54,532 [INFO] Pass: ElidePermutations - 0.00334 (ms)
2026-07-11 02:00:54,532 [INFO] Pass: RemoveDiagonalGatesBeforeMeasure - 0.00668 (ms)
2026-07-11 02:00:54,532 [INFO] Pass: RemoveIdentityEquivalent - 0.00477 (ms)
2026-07-11 02:00:54,532 [INFO] Pass: InverseCancellation - 0.02122 (ms)
2026-07-11 02:00:54,532 [INFO] Pass: ContractIdleWiresInControlFlow - 0.00191 (ms)
2026-07-11 02:00:54,532 [INFO] Pass: CommutativeCancellation - 0.05817 (ms)
2026-07-11 02:00:54,532 [INFO] Pass: ConsolidateBlocks - 0.03791 (ms)
2026-07-11 02:00:54,533 [INFO] Pass: Split2QUnitaries - 0.00191 (ms)
2026-07-11 02:00:54,533 [INFO] Pass: UnitarySynthesis - 0.00525 (ms)
2026-07-11 02:00:54,533 [INFO] Pass: HighLevelSynthesis - 0.02313 (ms)
2026-07-11 02:00:54,533 [INFO] Pass: BasisTranslator - 0.06247 (ms)
2026-07-11 02:00:54,533 [INFO] Pass: ConsolidateBlocks - 0.04768 (ms)
2026-07-11 02:00:54,533 [INFO] Pass: UnitarySynthesis - 0.00477 (ms)
2026-07-11 02:00:54,533 [INFO] Pass: Depth - 0.01955 (ms)
2026-07-11 02:00:54,533 [INFO] Pass: FixedPoint - 0.00405 (ms)
2026-07-11 02:00:54,533 [INFO] Pass: Size - 0.00262 (ms)
2026-07-11 02:00:54,533 [INFO] Pass: FixedPoint - 0.00262 (ms)
2026-07-11 02:00:54,533 [INFO] Pass: RemoveIdentityEquivalent - 0.00405 (ms)
2026-07-11 02:00:54,533 [INFO] Pass: Optimize1qGatesDecomposition - 0.14639 (ms)
2026-07-11 02:00:54,533 [INFO] Pass: CommutativeCancellation - 0.07868 (ms)
2026-07-11 02:00:54,533 [INFO] Pass: ContractIdleWiresInControlFlow - 0.00167 (ms)
2026-07-11 02:00:54,533 [INFO] Pass: GatesInBasis - 0.01884 (ms)
2026-07-11 02:00:54,533 [INFO] Pass: Depth - 0.01740 (ms)
2026-07-11 02:00:54,533 [INFO] Pass: FixedPoint - 0.00358 (ms)
2026-07-11 02:00:54,533 [INFO] Pass: Size - 0.00191 (ms)
2026-07-11 02:00:54,533 [INFO] Pass: FixedPoint - 0.00286 (ms)
2026-07-11 02:00:54,533 [INFO] Pass: ContainsInstruction - 0.00477 (ms)
2026-07-11 02:00:54,534 [INFO] Total Transpile Time - 88.95040 (ms)
2026-07-11 02:00:54,620 [INFO] Pass: ContainsInstruction - 0.00978 (ms)
2026-07-11 02:00:54,620 [INFO] Pass: UnitarySynthesis - 0.00644 (ms)
2026-07-11 02:00:54,620 [INFO] Pass: HighLevelSynthesis - 0.00739 (ms)
2026-07-11 02:00:54,621 [INFO] Pass: BasisTranslator - 0.05007 (ms)
2026-07-11 02:00:54,621 [INFO] Pass: ElidePermutations - 0.00310 (ms)
2026-07-11 02:00:54,621 [INFO] Pass: RemoveDiagonalGatesBeforeMeasure - 0.00548 (ms)
2026-07-11 02:00:54,621 [INFO] Pass: RemoveIdentityEquivalent - 0.00525 (ms)
2026-07-11 02:00:54,621 [INFO] Pass: InverseCancellation - 0.02122 (ms)
2026-07-11 02:00:54,621 [INFO] Pass: ContractIdleWiresInControlFlow - 0.00167 (ms)
2026-07-11 02:00:54,621 [INFO] Pass: CommutativeCancellation - 0.05484 (ms)
2026-07-11 02:00:54,621 [INFO] Pass: ConsolidateBlocks - 0.03815 (ms)
2026-07-11 02:00:54,621 [INFO] Pass: Split2QUnitaries - 0.00191 (ms)
2026-07-11 02:00:54,621 [INFO] Pass: UnitarySynthesis - 0.00477 (ms)
2026-07-11 02:00:54,621 [INFO] Pass: HighLevelSynthesis - 0.02480 (ms)
2026-07-11 02:00:54,621 [INFO] Pass: BasisTranslator - 0.06104 (ms)
2026-07-11 02:00:54,621 [INFO] Pass: ConsolidateBlocks - 0.04721 (ms)
2026-07-11 02:00:54,621 [INFO] Pass: UnitarySynthesis - 0.00477 (ms)
2026-07-11 02:00:54,621 [INFO] Pass: Depth - 0.01907 (ms)
2026-07-11 02:00:54,621 [INFO] Pass: FixedPoint - 0.00381 (ms)
2026-07-11 02:00:54,621 [INFO] Pass: Size - 0.00262 (ms)
2026-07-11 02:00:54,621 [INFO] Pass: FixedPoint - 0.00310 (ms)
2026-07-11 02:00:54,621 [INFO] Pass: RemoveIdentityEquivalent - 0.00501 (ms)
2026-07-11 02:00:54,621 [INFO] Pass: Optimize1qGatesDecomposition - 0.15664 (ms)
2026-07-11 02:00:54,622 [INFO] Pass: CommutativeCancellation - 0.07486 (ms)
2026-07-11 02:00:54,622 [INFO] Pass: ContractIdleWiresInControlFlow - 0.00191 (ms)
2026-07-11 02:00:54,622 [INFO] Pass: GatesInBasis - 0.01836 (ms)
2026-07-11 02:00:54,622 [INFO] Pass: Depth - 0.01836 (ms)
2026-07-11 02:00:54,622 [INFO] Pass: FixedPoint - 0.00358 (ms)
2026-07-11 02:00:54,622 [INFO] Pass: Size - 0.00191 (ms)
2026-07-11 02:00:54,622 [INFO] Pass: FixedPoint - 0.00310 (ms)
2026-07-11 02:00:54,622 [INFO] Pass: RemoveIdentityEquivalent - 0.00429 (ms)
2026-07-11 02:00:54,622 [INFO] Pass: Optimize1qGatesDecomposition - 0.13566 (ms)
2026-07-11 02:00:54,622 [INFO] Pass: CommutativeCancellation - 0.06771 (ms)
2026-07-11 02:00:54,622 [INFO] Pass: ContractIdleWiresInControlFlow - 0.00191 (ms)
2026-07-11 02:00:54,622 [INFO] Pass: GatesInBasis - 0.01764 (ms)
2026-07-11 02:00:54,622 [INFO] Pass: Depth - 0.01693 (ms)
2026-07-11 02:00:54,622 [INFO] Pass: FixedPoint - 0.00310 (ms)
2026-07-11 02:00:54,622 [INFO] Pass: Size - 0.00167 (ms)
2026-07-11 02:00:54,622 [INFO] Pass: FixedPoint - 0.00238 (ms)
2026-07-11 02:00:54,622 [INFO] Pass: ContainsInstruction - 0.00501 (ms)
2026-07-11 02:00:54,622 [INFO] Total Transpile Time - 88.45234 (ms)
2026-07-11 02:19:34,851 [INFO] [PCE] n=150 instancia 15/100 completada en 0:00:18:41 — transcurrido=0:05:02:36 restante_estimado=1:04:34:46
2026-07-11 02:19:34,954 [INFO] Pass: ContainsInstruction - 0.01168 (ms)
2026-07-11 02:19:34,954 [INFO] Pass: UnitarySynthesis - 0.00715 (ms)
2026-07-11 02:19:34,954 [INFO] Pass: HighLevelSynthesis - 0.00834 (ms)
2026-07-11 02:19:34,954 [INFO] Pass: BasisTranslator - 0.05937 (ms)
2026-07-11 02:19:34,954 [INFO] Pass: ElidePermutations - 0.00453 (ms)
2026-07-11 02:19:34,954 [INFO] Pass: RemoveDiagonalGatesBeforeMeasure - 0.00858 (ms)
2026-07-11 02:19:34,954 [INFO] Pass: RemoveIdentityEquivalent - 0.00358 (ms)
2026-07-11 02:19:34,954 [INFO] Pass: InverseCancellation - 0.00501 (ms)
2026-07-11 02:19:34,954 [INFO] Pass: ContractIdleWiresInControlFlow - 0.00215 (ms)
2026-07-11 02:19:34,954 [INFO] Pass: CommutativeCancellation - 0.05436 (ms)
2026-07-11 02:19:34,954 [INFO] Pass: ConsolidateBlocks - 0.04268 (ms)
2026-07-11 02:19:34,954 [INFO] Pass: Split2QUnitaries - 0.00310 (ms)
2026-07-11 02:19:34,954 [INFO] Pass: UnitarySynthesis - 0.00548 (ms)
2026-07-11 02:19:34,954 [INFO] Pass: HighLevelSynthesis - 0.02241 (ms)
2026-07-11 02:19:34,955 [INFO] Pass: BasisTranslator - 0.06485 (ms)
2026-07-11 02:19:34,955 [INFO] Pass: ConsolidateBlocks - 0.04792 (ms)
2026-07-11 02:19:34,955 [INFO] Pass: UnitarySynthesis - 0.00429 (ms)
2026-07-11 02:19:34,955 [INFO] Pass: Depth - 0.01860 (ms)
2026-07-11 02:19:34,955 [INFO] Pass: FixedPoint - 0.00429 (ms)
2026-07-11 02:19:34,955 [INFO] Pass: Size - 0.00310 (ms)
2026-07-11 02:19:34,955 [INFO] Pass: FixedPoint - 0.00286 (ms)
2026-07-11 02:19:34,955 [INFO] Pass: RemoveIdentityEquivalent - 0.00286 (ms)
2026-07-11 02:19:34,955 [INFO] Pass: Optimize1qGatesDecomposition - 0.03409 (ms)
2026-07-11 02:19:34,955 [INFO] Pass: CommutativeCancellation - 0.07391 (ms)
2026-07-11 02:19:34,955 [INFO] Pass: ContractIdleWiresInControlFlow - 0.00191 (ms)
2026-07-11 02:19:34,955 [INFO] Pass: GatesInBasis - 0.01884 (ms)
2026-07-11 02:19:34,955 [INFO] Pass: Depth - 0.01717 (ms)
2026-07-11 02:19:34,955 [INFO] Pass: FixedPoint - 0.00310 (ms)
2026-07-11 02:19:34,955 [INFO] Pass: Size - 0.00238 (ms)
2026-07-11 02:19:34,955 [INFO] Pass: FixedPoint - 0.00238 (ms)
2026-07-11 02:19:34,955 [INFO] Pass: ContainsInstruction - 0.00525 (ms)
2026-07-11 02:19:34,955 [INFO] Total Transpile Time - 88.86576 (ms)
2026-07-11 02:19:35,042 [INFO] Pass: ContainsInstruction - 0.00978 (ms)
2026-07-11 02:19:35,042 [INFO] Pass: UnitarySynthesis - 0.00644 (ms)
2026-07-11 02:19:35,042 [INFO] Pass: HighLevelSynthesis - 0.00739 (ms)
2026-07-11 02:19:35,042 [INFO] Pass: BasisTranslator - 0.05245 (ms)
2026-07-11 02:19:35,042 [INFO] Pass: ElidePermutations - 0.00381 (ms)
2026-07-11 02:19:35,042 [INFO] Pass: RemoveDiagonalGatesBeforeMeasure - 0.00668 (ms)
2026-07-11 02:19:35,042 [INFO] Pass: RemoveIdentityEquivalent - 0.00548 (ms)
2026-07-11 02:19:35,042 [INFO] Pass: InverseCancellation - 0.02146 (ms)
2026-07-11 02:19:35,042 [INFO] Pass: ContractIdleWiresInControlFlow - 0.00191 (ms)
2026-07-11 02:19:35,042 [INFO] Pass: CommutativeCancellation - 0.06056 (ms)
2026-07-11 02:19:35,042 [INFO] Pass: ConsolidateBlocks - 0.03815 (ms)
2026-07-11 02:19:35,042 [INFO] Pass: Split2QUnitaries - 0.00262 (ms)
2026-07-11 02:19:35,042 [INFO] Pass: UnitarySynthesis - 0.00501 (ms)
2026-07-11 02:19:35,042 [INFO] Pass: HighLevelSynthesis - 0.02265 (ms)
2026-07-11 02:19:35,042 [INFO] Pass: BasisTranslator - 0.06270 (ms)
2026-07-11 02:19:35,042 [INFO] Pass: ConsolidateBlocks - 0.04768 (ms)
2026-07-11 02:19:35,043 [INFO] Pass: UnitarySynthesis - 0.00453 (ms)
2026-07-11 02:19:35,043 [INFO] Pass: Depth - 0.01884 (ms)
2026-07-11 02:19:35,043 [INFO] Pass: FixedPoint - 0.00405 (ms)
2026-07-11 02:19:35,043 [INFO] Pass: Size - 0.00262 (ms)
2026-07-11 02:19:35,043 [INFO] Pass: FixedPoint - 0.00286 (ms)
2026-07-11 02:19:35,043 [INFO] Pass: RemoveIdentityEquivalent - 0.00381 (ms)
2026-07-11 02:19:35,043 [INFO] Pass: Optimize1qGatesDecomposition - 0.14448 (ms)
2026-07-11 02:19:35,043 [INFO] Pass: CommutativeCancellation - 0.08392 (ms)
2026-07-11 02:19:35,043 [INFO] Pass: ContractIdleWiresInControlFlow - 0.00191 (ms)
2026-07-11 02:19:35,043 [INFO] Pass: GatesInBasis - 0.01907 (ms)
2026-07-11 02:19:35,043 [INFO] Pass: Depth - 0.01860 (ms)
2026-07-11 02:19:35,043 [INFO] Pass: FixedPoint - 0.00358 (ms)
2026-07-11 02:19:35,043 [INFO] Pass: Size - 0.00191 (ms)
2026-07-11 02:19:35,043 [INFO] Pass: FixedPoint - 0.00310 (ms)
2026-07-11 02:19:35,043 [INFO] Pass: ContainsInstruction - 0.00525 (ms)
2026-07-11 02:19:35,043 [INFO] Total Transpile Time - 87.65793 (ms)
2026-07-11 02:19:35,130 [INFO] Pass: ContainsInstruction - 0.00906 (ms)
2026-07-11 02:19:35,130 [INFO] Pass: UnitarySynthesis - 0.00620 (ms)
2026-07-11 02:19:35,130 [INFO] Pass: HighLevelSynthesis - 0.00739 (ms)
2026-07-11 02:19:35,130 [INFO] Pass: BasisTranslator - 0.04959 (ms)
2026-07-11 02:19:35,130 [INFO] Pass: ElidePermutations - 0.00310 (ms)
2026-07-11 02:19:35,130 [INFO] Pass: RemoveDiagonalGatesBeforeMeasure - 0.00668 (ms)
2026-07-11 02:19:35,130 [INFO] Pass: RemoveIdentityEquivalent - 0.00548 (ms)
2026-07-11 02:19:35,130 [INFO] Pass: InverseCancellation - 0.02170 (ms)
2026-07-11 02:19:35,130 [INFO] Pass: ContractIdleWiresInControlFlow - 0.00167 (ms)
2026-07-11 02:19:35,131 [INFO] Pass: CommutativeCancellation - 0.05531 (ms)
2026-07-11 02:19:35,131 [INFO] Pass: ConsolidateBlocks - 0.03934 (ms)
2026-07-11 02:19:35,131 [INFO] Pass: Split2QUnitaries - 0.00191 (ms)
2026-07-11 02:19:35,131 [INFO] Pass: UnitarySynthesis - 0.00525 (ms)
2026-07-11 02:19:35,131 [INFO] Pass: HighLevelSynthesis - 0.02432 (ms)
2026-07-11 02:19:35,131 [INFO] Pass: BasisTranslator - 0.06390 (ms)
2026-07-11 02:19:35,131 [INFO] Pass: ConsolidateBlocks - 0.04864 (ms)
2026-07-11 02:19:35,131 [INFO] Pass: UnitarySynthesis - 0.00453 (ms)
2026-07-11 02:19:35,131 [INFO] Pass: Depth - 0.02003 (ms)
2026-07-11 02:19:35,131 [INFO] Pass: FixedPoint - 0.00453 (ms)
2026-07-11 02:19:35,131 [INFO] Pass: Size - 0.00286 (ms)
2026-07-11 02:19:35,131 [INFO] Pass: FixedPoint - 0.00238 (ms)
2026-07-11 02:19:35,131 [INFO] Pass: RemoveIdentityEquivalent - 0.00501 (ms)
2026-07-11 02:19:35,131 [INFO] Pass: Optimize1qGatesDecomposition - 0.15330 (ms)
2026-07-11 02:19:35,131 [INFO] Pass: CommutativeCancellation - 0.07415 (ms)
2026-07-11 02:19:35,131 [INFO] Pass: ContractIdleWiresInControlFlow - 0.00191 (ms)
2026-07-11 02:19:35,131 [INFO] Pass: GatesInBasis - 0.01884 (ms)
2026-07-11 02:19:35,131 [INFO] Pass: Depth - 0.01836 (ms)
2026-07-11 02:19:35,131 [INFO] Pass: FixedPoint - 0.00358 (ms)
2026-07-11 02:19:35,132 [INFO] Pass: Size - 0.00191 (ms)
2026-07-11 02:19:35,132 [INFO] Pass: FixedPoint - 0.00262 (ms)
2026-07-11 02:19:35,132 [INFO] Pass: RemoveIdentityEquivalent - 0.00453 (ms)
2026-07-11 02:19:35,132 [INFO] Pass: Optimize1qGatesDecomposition - 0.13685 (ms)
2026-07-11 02:19:35,132 [INFO] Pass: CommutativeCancellation - 0.06652 (ms)
2026-07-11 02:19:35,132 [INFO] Pass: ContractIdleWiresInControlFlow - 0.00167 (ms)
2026-07-11 02:19:35,132 [INFO] Pass: GatesInBasis - 0.01812 (ms)
2026-07-11 02:19:35,132 [INFO] Pass: Depth - 0.01693 (ms)
2026-07-11 02:19:35,132 [INFO] Pass: FixedPoint - 0.00286 (ms)
2026-07-11 02:19:35,132 [INFO] Pass: Size - 0.00191 (ms)
2026-07-11 02:19:35,132 [INFO] Pass: FixedPoint - 0.00238 (ms)
2026-07-11 02:19:35,132 [INFO] Pass: ContainsInstruction - 0.00572 (ms)
2026-07-11 02:19:35,132 [INFO] Total Transpile Time - 88.49335 (ms)
2026-07-11 02:39:20,611 [INFO] [PCE] n=150 instancia 16/100 completada en 0:00:19:46 — transcurrido=0:05:22:22 restante_estimado=1:04:12:26
2026-07-11 02:39:20,719 [INFO] Pass: ContainsInstruction - 0.01097 (ms)
2026-07-11 02:39:20,719 [INFO] Pass: UnitarySynthesis - 0.00644 (ms)
2026-07-11 02:39:20,719 [INFO] Pass: HighLevelSynthesis - 0.00811 (ms)
2026-07-11 02:39:20,719 [INFO] Pass: BasisTranslator - 0.05698 (ms)
2026-07-11 02:39:20,719 [INFO] Pass: ElidePermutations - 0.00429 (ms)
2026-07-11 02:39:20,719 [INFO] Pass: RemoveDiagonalGatesBeforeMeasure - 0.00834 (ms)
2026-07-11 02:39:20,719 [INFO] Pass: RemoveIdentityEquivalent - 0.00381 (ms)
2026-07-11 02:39:20,719 [INFO] Pass: InverseCancellation - 0.00477 (ms)
2026-07-11 02:39:20,719 [INFO] Pass: ContractIdleWiresInControlFlow - 0.00191 (ms)
2026-07-11 02:39:20,719 [INFO] Pass: CommutativeCancellation - 0.05317 (ms)
2026-07-11 02:39:20,720 [INFO] Pass: ConsolidateBlocks - 0.04148 (ms)
2026-07-11 02:39:20,720 [INFO] Pass: Split2QUnitaries - 0.00286 (ms)
2026-07-11 02:39:20,720 [INFO] Pass: UnitarySynthesis - 0.00453 (ms)
2026-07-11 02:39:20,720 [INFO] Pass: HighLevelSynthesis - 0.02337 (ms)
2026-07-11 02:39:20,720 [INFO] Pass: BasisTranslator - 0.06485 (ms)
2026-07-11 02:39:20,720 [INFO] Pass: ConsolidateBlocks - 0.04792 (ms)
2026-07-11 02:39:20,720 [INFO] Pass: UnitarySynthesis - 0.00429 (ms)
2026-07-11 02:39:20,720 [INFO] Pass: Depth - 0.01931 (ms)
2026-07-11 02:39:20,720 [INFO] Pass: FixedPoint - 0.00453 (ms)
2026-07-11 02:39:20,720 [INFO] Pass: Size - 0.00381 (ms)
2026-07-11 02:39:20,720 [INFO] Pass: FixedPoint - 0.00262 (ms)
2026-07-11 02:39:20,720 [INFO] Pass: RemoveIdentityEquivalent - 0.00286 (ms)
2026-07-11 02:39:20,720 [INFO] Pass: Optimize1qGatesDecomposition - 0.03266 (ms)
2026-07-11 02:39:20,720 [INFO] Pass: CommutativeCancellation - 0.06962 (ms)
2026-07-11 02:39:20,720 [INFO] Pass: ContractIdleWiresInControlFlow - 0.00215 (ms)
2026-07-11 02:39:20,720 [INFO] Pass: GatesInBasis - 0.02003 (ms)
2026-07-11 02:39:20,720 [INFO] Pass: Depth - 0.01764 (ms)
2026-07-11 02:39:20,720 [INFO] Pass: FixedPoint - 0.00334 (ms)
2026-07-11 02:39:20,720 [INFO] Pass: Size - 0.00930 (ms)
2026-07-11 02:39:20,720 [INFO] Pass: FixedPoint - 0.00286 (ms)
2026-07-11 02:39:20,720 [INFO] Pass: ContainsInstruction - 0.00501 (ms)
2026-07-11 02:39:20,721 [INFO] Total Transpile Time - 92.78941 (ms)
2026-07-11 02:39:20,806 [INFO] Pass: ContainsInstruction - 0.00954 (ms)
2026-07-11 02:39:20,806 [INFO] Pass: UnitarySynthesis - 0.00668 (ms)
2026-07-11 02:39:20,807 [INFO] Pass: HighLevelSynthesis - 0.00811 (ms)
2026-07-11 02:39:20,807 [INFO] Pass: BasisTranslator - 0.05078 (ms)
2026-07-11 02:39:20,807 [INFO] Pass: ElidePermutations - 0.00334 (ms)
2026-07-11 02:39:20,807 [INFO] Pass: RemoveDiagonalGatesBeforeMeasure - 0.00691 (ms)
2026-07-11 02:39:20,807 [INFO] Pass: RemoveIdentityEquivalent - 0.00429 (ms)
2026-07-11 02:39:20,807 [INFO] Pass: InverseCancellation - 0.02313 (ms)
2026-07-11 02:39:20,807 [INFO] Pass: ContractIdleWiresInControlFlow - 0.00191 (ms)
2026-07-11 02:39:20,807 [INFO] Pass: CommutativeCancellation - 0.05937 (ms)
2026-07-11 02:39:20,807 [INFO] Pass: ConsolidateBlocks - 0.03862 (ms)
2026-07-11 02:39:20,807 [INFO] Pass: Split2QUnitaries - 0.00262 (ms)
2026-07-11 02:39:20,807 [INFO] Pass: UnitarySynthesis - 0.00525 (ms)
2026-07-11 02:39:20,807 [INFO] Pass: HighLevelSynthesis - 0.02313 (ms)
2026-07-11 02:39:20,807 [INFO] Pass: BasisTranslator - 0.06366 (ms)
2026-07-11 02:39:20,807 [INFO] Pass: ConsolidateBlocks - 0.04792 (ms)
2026-07-11 02:39:20,807 [INFO] Pass: UnitarySynthesis - 0.00429 (ms)
2026-07-11 02:39:20,807 [INFO] Pass: Depth - 0.01955 (ms)
2026-07-11 02:39:20,807 [INFO] Pass: FixedPoint - 0.00477 (ms)
2026-07-11 02:39:20,807 [INFO] Pass: Size - 0.00262 (ms)
2026-07-11 02:39:20,807 [INFO] Pass: FixedPoint - 0.00262 (ms)
2026-07-11 02:39:20,807 [INFO] Pass: RemoveIdentityEquivalent - 0.00381 (ms)
2026-07-11 02:39:20,808 [INFO] Pass: Optimize1qGatesDecomposition - 0.14710 (ms)
2026-07-11 02:39:20,808 [INFO] Pass: CommutativeCancellation - 0.07892 (ms)
2026-07-11 02:39:20,808 [INFO] Pass: ContractIdleWiresInControlFlow - 0.00215 (ms)
2026-07-11 02:39:20,808 [INFO] Pass: GatesInBasis - 0.01931 (ms)
2026-07-11 02:39:20,808 [INFO] Pass: Depth - 0.01812 (ms)
2026-07-11 02:39:20,808 [INFO] Pass: FixedPoint - 0.00358 (ms)
2026-07-11 02:39:20,808 [INFO] Pass: Size - 0.00191 (ms)
2026-07-11 02:39:20,808 [INFO] Pass: FixedPoint - 0.00262 (ms)
2026-07-11 02:39:20,808 [INFO] Pass: ContainsInstruction - 0.00525 (ms)
2026-07-11 02:39:20,808 [INFO] Total Transpile Time - 87.15558 (ms)
2026-07-11 02:39:20,895 [INFO] Pass: ContainsInstruction - 0.00906 (ms)
2026-07-11 02:39:20,895 [INFO] Pass: UnitarySynthesis - 0.00644 (ms)
2026-07-11 02:39:20,895 [INFO] Pass: HighLevelSynthesis - 0.00739 (ms)
2026-07-11 02:39:20,895 [INFO] Pass: BasisTranslator - 0.05031 (ms)
2026-07-11 02:39:20,895 [INFO] Pass: ElidePermutations - 0.00310 (ms)
2026-07-11 02:39:20,895 [INFO] Pass: RemoveDiagonalGatesBeforeMeasure - 0.00668 (ms)
2026-07-11 02:39:20,895 [INFO] Pass: RemoveIdentityEquivalent - 0.00572 (ms)
2026-07-11 02:39:20,895 [INFO] Pass: InverseCancellation - 0.02146 (ms)
2026-07-11 02:39:20,895 [INFO] Pass: ContractIdleWiresInControlFlow - 0.00215 (ms)
2026-07-11 02:39:20,895 [INFO] Pass: CommutativeCancellation - 0.05937 (ms)
2026-07-11 02:39:20,895 [INFO] Pass: ConsolidateBlocks - 0.03862 (ms)
2026-07-11 02:39:20,895 [INFO] Pass: Split2QUnitaries - 0.00238 (ms)
2026-07-11 02:39:20,895 [INFO] Pass: UnitarySynthesis - 0.00548 (ms)
2026-07-11 02:39:20,895 [INFO] Pass: HighLevelSynthesis - 0.02503 (ms)
2026-07-11 02:39:20,895 [INFO] Pass: BasisTranslator - 0.06533 (ms)
2026-07-11 02:39:20,895 [INFO] Pass: ConsolidateBlocks - 0.04959 (ms)
2026-07-11 02:39:20,896 [INFO] Pass: UnitarySynthesis - 0.00477 (ms)
2026-07-11 02:39:20,896 [INFO] Pass: Depth - 0.02003 (ms)
2026-07-11 02:39:20,896 [INFO] Pass: FixedPoint - 0.00405 (ms)
2026-07-11 02:39:20,896 [INFO] Pass: Size - 0.00262 (ms)
2026-07-11 02:39:20,896 [INFO] Pass: FixedPoint - 0.00286 (ms)
2026-07-11 02:39:20,896 [INFO] Pass: RemoveIdentityEquivalent - 0.00501 (ms)
2026-07-11 02:39:20,896 [INFO] Pass: Optimize1qGatesDecomposition - 0.15664 (ms)
2026-07-11 02:39:20,896 [INFO] Pass: CommutativeCancellation - 0.07439 (ms)
2026-07-11 02:39:20,896 [INFO] Pass: ContractIdleWiresInControlFlow - 0.00215 (ms)
2026-07-11 02:39:20,896 [INFO] Pass: GatesInBasis - 0.01907 (ms)
2026-07-11 02:39:20,896 [INFO] Pass: Depth - 0.01884 (ms)
2026-07-11 02:39:20,896 [INFO] Pass: FixedPoint - 0.00334 (ms)
2026-07-11 02:39:20,896 [INFO] Pass: Size - 0.00191 (ms)
2026-07-11 02:39:20,896 [INFO] Pass: FixedPoint - 0.00286 (ms)
2026-07-11 02:39:20,896 [INFO] Pass: RemoveIdentityEquivalent - 0.00453 (ms)
2026-07-11 02:39:20,896 [INFO] Pass: Optimize1qGatesDecomposition - 0.14305 (ms)
2026-07-11 02:39:20,896 [INFO] Pass: CommutativeCancellation - 0.06676 (ms)
2026-07-11 02:39:20,896 [INFO] Pass: ContractIdleWiresInControlFlow - 0.00191 (ms)
2026-07-11 02:39:20,896 [INFO] Pass: GatesInBasis - 0.01836 (ms)
2026-07-11 02:39:20,896 [INFO] Pass: Depth - 0.01812 (ms)
2026-07-11 02:39:20,897 [INFO] Pass: FixedPoint - 0.00334 (ms)
2026-07-11 02:39:20,897 [INFO] Pass: Size - 0.00191 (ms)
2026-07-11 02:39:20,897 [INFO] Pass: FixedPoint - 0.00262 (ms)
2026-07-11 02:39:20,897 [INFO] Pass: ContainsInstruction - 0.00596 (ms)
2026-07-11 02:39:20,897 [INFO] Total Transpile Time - 88.41372 (ms)
2026-07-11 02:59:36,384 [INFO] [PCE] n=150 instancia 17/100 completada en 0:00:20:16 — transcurrido=0:05:42:38 restante_estimado=1:03:52:51
2026-07-11 02:59:36,490 [INFO] Pass: ContainsInstruction - 0.01168 (ms)
2026-07-11 02:59:36,490 [INFO] Pass: UnitarySynthesis - 0.00715 (ms)
2026-07-11 02:59:36,490 [INFO] Pass: HighLevelSynthesis - 0.00858 (ms)
2026-07-11 02:59:36,490 [INFO] Pass: BasisTranslator - 0.05984 (ms)
2026-07-11 02:59:36,490 [INFO] Pass: ElidePermutations - 0.00405 (ms)
2026-07-11 02:59:36,490 [INFO] Pass: RemoveDiagonalGatesBeforeMeasure - 0.00763 (ms)
2026-07-11 02:59:36,490 [INFO] Pass: RemoveIdentityEquivalent - 0.00334 (ms)
2026-07-11 02:59:36,490 [INFO] Pass: InverseCancellation - 0.00453 (ms)
2026-07-11 02:59:36,490 [INFO] Pass: ContractIdleWiresInControlFlow - 0.00191 (ms)
2026-07-11 02:59:36,490 [INFO] Pass: CommutativeCancellation - 0.05770 (ms)
2026-07-11 02:59:36,490 [INFO] Pass: ConsolidateBlocks - 0.04339 (ms)
2026-07-11 02:59:36,490 [INFO] Pass: Split2QUnitaries - 0.00334 (ms)
2026-07-11 02:59:36,490 [INFO] Pass: UnitarySynthesis - 0.00501 (ms)
2026-07-11 02:59:36,490 [INFO] Pass: HighLevelSynthesis - 0.02241 (ms)
2026-07-11 02:59:36,490 [INFO] Pass: BasisTranslator - 0.06509 (ms)
2026-07-11 02:59:36,490 [INFO] Pass: ConsolidateBlocks - 0.05794 (ms)
2026-07-11 02:59:36,490 [INFO] Pass: UnitarySynthesis - 0.00501 (ms)
2026-07-11 02:59:36,490 [INFO] Pass: Depth - 0.02074 (ms)
2026-07-11 02:59:36,490 [INFO] Pass: FixedPoint - 0.00453 (ms)
2026-07-11 02:59:36,490 [INFO] Pass: Size - 0.00286 (ms)
2026-07-11 02:59:36,490 [INFO] Pass: FixedPoint - 0.00262 (ms)
2026-07-11 02:59:36,490 [INFO] Pass: RemoveIdentityEquivalent - 0.00286 (ms)
2026-07-11 02:59:36,491 [INFO] Pass: Optimize1qGatesDecomposition - 0.03433 (ms)
2026-07-11 02:59:36,491 [INFO] Pass: CommutativeCancellation - 0.07391 (ms)
2026-07-11 02:59:36,491 [INFO] Pass: ContractIdleWiresInControlFlow - 0.00167 (ms)
2026-07-11 02:59:36,491 [INFO] Pass: GatesInBasis - 0.01931 (ms)
2026-07-11 02:59:36,491 [INFO] Pass: Depth - 0.02003 (ms)
2026-07-11 02:59:36,491 [INFO] Pass: FixedPoint - 0.00334 (ms)
2026-07-11 02:59:36,491 [INFO] Pass: Size - 0.00238 (ms)
2026-07-11 02:59:36,491 [INFO] Pass: FixedPoint - 0.00262 (ms)
2026-07-11 02:59:36,491 [INFO] Pass: ContainsInstruction - 0.00501 (ms)
2026-07-11 02:59:36,491 [INFO] Total Transpile Time - 90.40236 (ms)
2026-07-11 02:59:36,578 [INFO] Pass: ContainsInstruction - 0.00978 (ms)
2026-07-11 02:59:36,578 [INFO] Pass: UnitarySynthesis - 0.00644 (ms)
2026-07-11 02:59:36,578 [INFO] Pass: HighLevelSynthesis - 0.00739 (ms)
2026-07-11 02:59:36,578 [INFO] Pass: BasisTranslator - 0.05293 (ms)
2026-07-11 02:59:36,578 [INFO] Pass: ElidePermutations - 0.00358 (ms)
2026-07-11 02:59:36,578 [INFO] Pass: RemoveDiagonalGatesBeforeMeasure - 0.00668 (ms)
2026-07-11 02:59:36,578 [INFO] Pass: RemoveIdentityEquivalent - 0.00501 (ms)
2026-07-11 02:59:36,578 [INFO] Pass: InverseCancellation - 0.02074 (ms)
2026-07-11 02:59:36,578 [INFO] Pass: ContractIdleWiresInControlFlow - 0.00215 (ms)
2026-07-11 02:59:36,578 [INFO] Pass: CommutativeCancellation - 0.06247 (ms)
2026-07-11 02:59:36,578 [INFO] Pass: ConsolidateBlocks - 0.03934 (ms)
2026-07-11 02:59:36,578 [INFO] Pass: Split2QUnitaries - 0.00215 (ms)
2026-07-11 02:59:36,578 [INFO] Pass: UnitarySynthesis - 0.00525 (ms)
2026-07-11 02:59:36,578 [INFO] Pass: HighLevelSynthesis - 0.02337 (ms)
2026-07-11 02:59:36,578 [INFO] Pass: BasisTranslator - 0.06509 (ms)
2026-07-11 02:59:36,578 [INFO] Pass: ConsolidateBlocks - 0.04888 (ms)
2026-07-11 02:59:36,579 [INFO] Pass: UnitarySynthesis - 0.00453 (ms)
2026-07-11 02:59:36,579 [INFO] Pass: Depth - 0.01955 (ms)
2026-07-11 02:59:36,579 [INFO] Pass: FixedPoint - 0.00429 (ms)
2026-07-11 02:59:36,579 [INFO] Pass: Size - 0.00262 (ms)
2026-07-11 02:59:36,579 [INFO] Pass: FixedPoint - 0.00286 (ms)
2026-07-11 02:59:36,579 [INFO] Pass: RemoveIdentityEquivalent - 0.00405 (ms)
2026-07-11 02:59:36,579 [INFO] Pass: Optimize1qGatesDecomposition - 0.14710 (ms)
2026-07-11 02:59:36,579 [INFO] Pass: CommutativeCancellation - 0.08178 (ms)
2026-07-11 02:59:36,579 [INFO] Pass: ContractIdleWiresInControlFlow - 0.00191 (ms)
2026-07-11 02:59:36,579 [INFO] Pass: GatesInBasis - 0.01931 (ms)
2026-07-11 02:59:36,579 [INFO] Pass: Depth - 0.02074 (ms)
2026-07-11 02:59:36,579 [INFO] Pass: FixedPoint - 0.00381 (ms)
2026-07-11 02:59:36,579 [INFO] Pass: Size - 0.00215 (ms)
2026-07-11 02:59:36,579 [INFO] Pass: FixedPoint - 0.00286 (ms)
2026-07-11 02:59:36,579 [INFO] Pass: ContainsInstruction - 0.00572 (ms)
2026-07-11 02:59:36,579 [INFO] Total Transpile Time - 87.92830 (ms)
2026-07-11 02:59:36,667 [INFO] Pass: ContainsInstruction - 0.00954 (ms)
2026-07-11 02:59:36,667 [INFO] Pass: UnitarySynthesis - 0.00620 (ms)
2026-07-11 02:59:36,667 [INFO] Pass: HighLevelSynthesis - 0.00715 (ms)
2026-07-11 02:59:36,667 [INFO] Pass: BasisTranslator - 0.05150 (ms)
2026-07-11 02:59:36,667 [INFO] Pass: ElidePermutations - 0.00310 (ms)
2026-07-11 02:59:36,667 [INFO] Pass: RemoveDiagonalGatesBeforeMeasure - 0.00644 (ms)
2026-07-11 02:59:36,667 [INFO] Pass: RemoveIdentityEquivalent - 0.00572 (ms)
2026-07-11 02:59:36,667 [INFO] Pass: InverseCancellation - 0.02146 (ms)
2026-07-11 02:59:36,667 [INFO] Pass: ContractIdleWiresInControlFlow - 0.00191 (ms)
2026-07-11 02:59:36,667 [INFO] Pass: CommutativeCancellation - 0.05913 (ms)
2026-07-11 02:59:36,667 [INFO] Pass: ConsolidateBlocks - 0.04649 (ms)
2026-07-11 02:59:36,667 [INFO] Pass: Split2QUnitaries - 0.00215 (ms)
2026-07-11 02:59:36,667 [INFO] Pass: UnitarySynthesis - 0.00525 (ms)
2026-07-11 02:59:36,667 [INFO] Pass: HighLevelSynthesis - 0.02456 (ms)
2026-07-11 02:59:36,667 [INFO] Pass: BasisTranslator - 0.06461 (ms)
2026-07-11 02:59:36,668 [INFO] Pass: ConsolidateBlocks - 0.05031 (ms)
2026-07-11 02:59:36,668 [INFO] Pass: UnitarySynthesis - 0.00501 (ms)
2026-07-11 02:59:36,668 [INFO] Pass: Depth - 0.01931 (ms)
2026-07-11 02:59:36,668 [INFO] Pass: FixedPoint - 0.00429 (ms)
2026-07-11 02:59:36,668 [INFO] Pass: Size - 0.00286 (ms)
2026-07-11 02:59:36,668 [INFO] Pass: FixedPoint - 0.00286 (ms)
2026-07-11 02:59:36,668 [INFO] Pass: RemoveIdentityEquivalent - 0.00477 (ms)
2026-07-11 02:59:36,668 [INFO] Pass: Optimize1qGatesDecomposition - 0.15903 (ms)
2026-07-11 02:59:36,668 [INFO] Pass: CommutativeCancellation - 0.07439 (ms)
2026-07-11 02:59:36,668 [INFO] Pass: ContractIdleWiresInControlFlow - 0.00191 (ms)
2026-07-11 02:59:36,668 [INFO] Pass: GatesInBasis - 0.01907 (ms)
2026-07-11 02:59:36,668 [INFO] Pass: Depth - 0.02003 (ms)
2026-07-11 02:59:36,668 [INFO] Pass: FixedPoint - 0.00358 (ms)
2026-07-11 02:59:36,668 [INFO] Pass: Size - 0.00215 (ms)
2026-07-11 02:59:36,668 [INFO] Pass: FixedPoint - 0.00310 (ms)
2026-07-11 02:59:36,668 [INFO] Pass: RemoveIdentityEquivalent - 0.00453 (ms)
2026-07-11 02:59:36,668 [INFO] Pass: Optimize1qGatesDecomposition - 0.14281 (ms)
2026-07-11 02:59:36,668 [INFO] Pass: CommutativeCancellation - 0.06723 (ms)
2026-07-11 02:59:36,669 [INFO] Pass: ContractIdleWiresInControlFlow - 0.00191 (ms)
2026-07-11 02:59:36,669 [INFO] Pass: GatesInBasis - 0.01836 (ms)
2026-07-11 02:59:36,669 [INFO] Pass: Depth - 0.01693 (ms)
2026-07-11 02:59:36,669 [INFO] Pass: FixedPoint - 0.00334 (ms)
2026-07-11 02:59:36,669 [INFO] Pass: Size - 0.00191 (ms)
2026-07-11 02:59:36,669 [INFO] Pass: FixedPoint - 0.00286 (ms)
2026-07-11 02:59:36,669 [INFO] Pass: ContainsInstruction - 0.00525 (ms)
2026-07-11 02:59:36,669 [INFO] Total Transpile Time - 89.18309 (ms)
2026-07-11 03:21:14,194 [INFO] [PCE] n=150 instancia 18/100 completada en 0:00:21:38 — transcurrido=0:06:04:16 restante_estimado=1:03:39:25
2026-07-11 03:21:14,296 [INFO] Pass: ContainsInstruction - 0.01097 (ms)
2026-07-11 03:21:14,296 [INFO] Pass: UnitarySynthesis - 0.00691 (ms)
2026-07-11 03:21:14,296 [INFO] Pass: HighLevelSynthesis - 0.00930 (ms)
2026-07-11 03:21:14,296 [INFO] Pass: BasisTranslator - 0.06342 (ms)
2026-07-11 03:21:14,296 [INFO] Pass: ElidePermutations - 0.00453 (ms)
2026-07-11 03:21:14,296 [INFO] Pass: RemoveDiagonalGatesBeforeMeasure - 0.00787 (ms)
2026-07-11 03:21:14,296 [INFO] Pass: RemoveIdentityEquivalent - 0.00334 (ms)
2026-07-11 03:21:14,296 [INFO] Pass: InverseCancellation - 0.00453 (ms)
2026-07-11 03:21:14,296 [INFO] Pass: ContractIdleWiresInControlFlow - 0.00215 (ms)
2026-07-11 03:21:14,296 [INFO] Pass: CommutativeCancellation - 0.05341 (ms)
2026-07-11 03:21:14,297 [INFO] Pass: ConsolidateBlocks - 0.04196 (ms)
2026-07-11 03:21:14,297 [INFO] Pass: Split2QUnitaries - 0.00286 (ms)
2026-07-11 03:21:14,297 [INFO] Pass: UnitarySynthesis - 0.00477 (ms)
2026-07-11 03:21:14,297 [INFO] Pass: HighLevelSynthesis - 0.02241 (ms)
2026-07-11 03:21:14,297 [INFO] Pass: BasisTranslator - 0.06366 (ms)
2026-07-11 03:21:14,297 [INFO] Pass: ConsolidateBlocks - 0.04649 (ms)
2026-07-11 03:21:14,297 [INFO] Pass: UnitarySynthesis - 0.00429 (ms)
2026-07-11 03:21:14,297 [INFO] Pass: Depth - 0.02050 (ms)
2026-07-11 03:21:14,297 [INFO] Pass: FixedPoint - 0.00453 (ms)
2026-07-11 03:21:14,297 [INFO] Pass: Size - 0.00286 (ms)
2026-07-11 03:21:14,297 [INFO] Pass: FixedPoint - 0.00286 (ms)
2026-07-11 03:21:14,297 [INFO] Pass: RemoveIdentityEquivalent - 0.00286 (ms)
2026-07-11 03:21:14,297 [INFO] Pass: Optimize1qGatesDecomposition - 0.03409 (ms)
2026-07-11 03:21:14,297 [INFO] Pass: CommutativeCancellation - 0.07296 (ms)
2026-07-11 03:21:14,297 [INFO] Pass: ContractIdleWiresInControlFlow - 0.00215 (ms)
2026-07-11 03:21:14,297 [INFO] Pass: GatesInBasis - 0.01884 (ms)
2026-07-11 03:21:14,297 [INFO] Pass: Depth - 0.01693 (ms)
2026-07-11 03:21:14,297 [INFO] Pass: FixedPoint - 0.00358 (ms)
2026-07-11 03:21:14,297 [INFO] Pass: Size - 0.00215 (ms)
2026-07-11 03:21:14,297 [INFO] Pass: FixedPoint - 0.00310 (ms)
2026-07-11 03:21:14,297 [INFO] Pass: ContainsInstruction - 0.00477 (ms)
2026-07-11 03:21:14,298 [INFO] Total Transpile Time - 87.91351 (ms)
2026-07-11 03:21:14,382 [INFO] Pass: ContainsInstruction - 0.00930 (ms)
2026-07-11 03:21:14,383 [INFO] Pass: UnitarySynthesis - 0.00596 (ms)
2026-07-11 03:21:14,383 [INFO] Pass: HighLevelSynthesis - 0.00715 (ms)
2026-07-11 03:21:14,383 [INFO] Pass: BasisTranslator - 0.05126 (ms)
2026-07-11 03:21:14,383 [INFO] Pass: ElidePermutations - 0.00358 (ms)
2026-07-11 03:21:14,383 [INFO] Pass: RemoveDiagonalGatesBeforeMeasure - 0.00620 (ms)
2026-07-11 03:21:14,383 [INFO] Pass: RemoveIdentityEquivalent - 0.00453 (ms)
2026-07-11 03:21:14,383 [INFO] Pass: InverseCancellation - 0.02098 (ms)
2026-07-11 03:21:14,383 [INFO] Pass: ContractIdleWiresInControlFlow - 0.00215 (ms)
2026-07-11 03:21:14,383 [INFO] Pass: CommutativeCancellation - 0.05794 (ms)
2026-07-11 03:21:14,383 [INFO] Pass: ConsolidateBlocks - 0.04029 (ms)
2026-07-11 03:21:14,383 [INFO] Pass: Split2QUnitaries - 0.00215 (ms)
2026-07-11 03:21:14,383 [INFO] Pass: UnitarySynthesis - 0.00501 (ms)
2026-07-11 03:21:14,383 [INFO] Pass: HighLevelSynthesis - 0.02265 (ms)
2026-07-11 03:21:14,383 [INFO] Pass: BasisTranslator - 0.06318 (ms)
2026-07-11 03:21:14,383 [INFO] Pass: ConsolidateBlocks - 0.04816 (ms)
2026-07-11 03:21:14,383 [INFO] Pass: UnitarySynthesis - 0.00477 (ms)
2026-07-11 03:21:14,383 [INFO] Pass: Depth - 0.02003 (ms)
2026-07-11 03:21:14,383 [INFO] Pass: FixedPoint - 0.00429 (ms)
2026-07-11 03:21:14,383 [INFO] Pass: Size - 0.00286 (ms)
2026-07-11 03:21:14,383 [INFO] Pass: FixedPoint - 0.00286 (ms)
2026-07-11 03:21:14,383 [INFO] Pass: RemoveIdentityEquivalent - 0.00429 (ms)
2026-07-11 03:21:14,384 [INFO] Pass: Optimize1qGatesDecomposition - 0.14782 (ms)
2026-07-11 03:21:14,384 [INFO] Pass: CommutativeCancellation - 0.07915 (ms)
2026-07-11 03:21:14,384 [INFO] Pass: ContractIdleWiresInControlFlow - 0.00215 (ms)
2026-07-11 03:21:14,384 [INFO] Pass: GatesInBasis - 0.02003 (ms)
2026-07-11 03:21:14,384 [INFO] Pass: Depth - 0.01860 (ms)
2026-07-11 03:21:14,384 [INFO] Pass: FixedPoint - 0.00358 (ms)
2026-07-11 03:21:14,384 [INFO] Pass: Size - 0.00215 (ms)
2026-07-11 03:21:14,384 [INFO] Pass: FixedPoint - 0.00286 (ms)
2026-07-11 03:21:14,384 [INFO] Pass: ContainsInstruction - 0.00453 (ms)
2026-07-11 03:21:14,384 [INFO] Total Transpile Time - 86.15279 (ms)
2026-07-11 03:21:14,469 [INFO] Pass: ContainsInstruction - 0.00954 (ms)
2026-07-11 03:21:14,469 [INFO] Pass: UnitarySynthesis - 0.00644 (ms)
2026-07-11 03:21:14,469 [INFO] Pass: HighLevelSynthesis - 0.00715 (ms)
2026-07-11 03:21:14,469 [INFO] Pass: BasisTranslator - 0.04959 (ms)
2026-07-11 03:21:14,469 [INFO] Pass: ElidePermutations - 0.00310 (ms)
2026-07-11 03:21:14,470 [INFO] Pass: RemoveDiagonalGatesBeforeMeasure - 0.00596 (ms)
2026-07-11 03:21:14,470 [INFO] Pass: RemoveIdentityEquivalent - 0.00501 (ms)
2026-07-11 03:21:14,470 [INFO] Pass: InverseCancellation - 0.02074 (ms)
2026-07-11 03:21:14,470 [INFO] Pass: ContractIdleWiresInControlFlow - 0.00167 (ms)
2026-07-11 03:21:14,470 [INFO] Pass: CommutativeCancellation - 0.05722 (ms)
2026-07-11 03:21:14,470 [INFO] Pass: ConsolidateBlocks - 0.03815 (ms)
2026-07-11 03:21:14,470 [INFO] Pass: Split2QUnitaries - 0.00215 (ms)
2026-07-11 03:21:14,470 [INFO] Pass: UnitarySynthesis - 0.00548 (ms)
2026-07-11 03:21:14,470 [INFO] Pass: HighLevelSynthesis - 0.02456 (ms)
2026-07-11 03:21:14,470 [INFO] Pass: BasisTranslator - 0.06270 (ms)
2026-07-11 03:21:14,470 [INFO] Pass: ConsolidateBlocks - 0.04840 (ms)
2026-07-11 03:21:14,470 [INFO] Pass: UnitarySynthesis - 0.00453 (ms)
2026-07-11 03:21:14,470 [INFO] Pass: Depth - 0.02003 (ms)
2026-07-11 03:21:14,470 [INFO] Pass: FixedPoint - 0.00405 (ms)
2026-07-11 03:21:14,470 [INFO] Pass: Size - 0.00286 (ms)
2026-07-11 03:21:14,470 [INFO] Pass: FixedPoint - 0.00238 (ms)
2026-07-11 03:21:14,470 [INFO] Pass: RemoveIdentityEquivalent - 0.00501 (ms)
2026-07-11 03:21:14,470 [INFO] Pass: Optimize1qGatesDecomposition - 0.15974 (ms)
2026-07-11 03:21:14,470 [INFO] Pass: CommutativeCancellation - 0.07248 (ms)
2026-07-11 03:21:14,471 [INFO] Pass: ContractIdleWiresInControlFlow - 0.00167 (ms)
2026-07-11 03:21:14,471 [INFO] Pass: GatesInBasis - 0.01955 (ms)
2026-07-11 03:21:14,471 [INFO] Pass: Depth - 0.01884 (ms)
2026-07-11 03:21:14,471 [INFO] Pass: FixedPoint - 0.00381 (ms)
2026-07-11 03:21:14,471 [INFO] Pass: Size - 0.00215 (ms)
2026-07-11 03:21:14,471 [INFO] Pass: FixedPoint - 0.00238 (ms)
2026-07-11 03:21:14,471 [INFO] Pass: RemoveIdentityEquivalent - 0.00429 (ms)
2026-07-11 03:21:14,471 [INFO] Pass: Optimize1qGatesDecomposition - 0.13494 (ms)
2026-07-11 03:21:14,471 [INFO] Pass: CommutativeCancellation - 0.06580 (ms)
2026-07-11 03:21:14,471 [INFO] Pass: ContractIdleWiresInControlFlow - 0.00167 (ms)
2026-07-11 03:21:14,471 [INFO] Pass: GatesInBasis - 0.01788 (ms)
2026-07-11 03:21:14,471 [INFO] Pass: Depth - 0.01764 (ms)
2026-07-11 03:21:14,471 [INFO] Pass: FixedPoint - 0.00310 (ms)
2026-07-11 03:21:14,471 [INFO] Pass: Size - 0.00167 (ms)
2026-07-11 03:21:14,471 [INFO] Pass: FixedPoint - 0.00262 (ms)
2026-07-11 03:21:14,471 [INFO] Pass: ContainsInstruction - 0.00525 (ms)
2026-07-11 03:21:14,471 [INFO] Total Transpile Time - 86.92074 (ms)
2026-07-11 03:38:06,205 [INFO] [PCE] n=150 instancia 19/100 completada en 0:00:16:52 — transcurrido=0:06:21:08 restante_estimado=1:03:04:49
2026-07-11 03:38:06,308 [INFO] Pass: ContainsInstruction - 0.01121 (ms)
2026-07-11 03:38:06,308 [INFO] Pass: UnitarySynthesis - 0.00715 (ms)
2026-07-11 03:38:06,308 [INFO] Pass: HighLevelSynthesis - 0.00858 (ms)
2026-07-11 03:38:06,309 [INFO] Pass: BasisTranslator - 0.05698 (ms)
2026-07-11 03:38:06,309 [INFO] Pass: ElidePermutations - 0.00525 (ms)
2026-07-11 03:38:06,309 [INFO] Pass: RemoveDiagonalGatesBeforeMeasure - 0.00834 (ms)
2026-07-11 03:38:06,309 [INFO] Pass: RemoveIdentityEquivalent - 0.00405 (ms)
2026-07-11 03:38:06,309 [INFO] Pass: InverseCancellation - 0.00525 (ms)
2026-07-11 03:38:06,309 [INFO] Pass: ContractIdleWiresInControlFlow - 0.00191 (ms)
2026-07-11 03:38:06,309 [INFO] Pass: CommutativeCancellation - 0.05579 (ms)
2026-07-11 03:38:06,309 [INFO] Pass: ConsolidateBlocks - 0.04506 (ms)
2026-07-11 03:38:06,309 [INFO] Pass: Split2QUnitaries - 0.00334 (ms)
2026-07-11 03:38:06,309 [INFO] Pass: UnitarySynthesis - 0.00525 (ms)
2026-07-11 03:38:06,309 [INFO] Pass: HighLevelSynthesis - 0.02313 (ms)
2026-07-11 03:38:06,309 [INFO] Pass: BasisTranslator - 0.06628 (ms)
2026-07-11 03:38:06,309 [INFO] Pass: ConsolidateBlocks - 0.04745 (ms)
2026-07-11 03:38:06,309 [INFO] Pass: UnitarySynthesis - 0.00453 (ms)
2026-07-11 03:38:06,309 [INFO] Pass: Depth - 0.02003 (ms)
2026-07-11 03:38:06,309 [INFO] Pass: FixedPoint - 0.00501 (ms)
2026-07-11 03:38:06,309 [INFO] Pass: Size - 0.00310 (ms)
2026-07-11 03:38:06,309 [INFO] Pass: FixedPoint - 0.01121 (ms)
2026-07-11 03:38:06,309 [INFO] Pass: RemoveIdentityEquivalent - 0.00310 (ms)
2026-07-11 03:38:06,309 [INFO] Pass: Optimize1qGatesDecomposition - 0.03314 (ms)
2026-07-11 03:38:06,309 [INFO] Pass: CommutativeCancellation - 0.07248 (ms)
2026-07-11 03:38:06,309 [INFO] Pass: ContractIdleWiresInControlFlow - 0.00191 (ms)
2026-07-11 03:38:06,310 [INFO] Pass: GatesInBasis - 0.01907 (ms)
2026-07-11 03:38:06,310 [INFO] Pass: Depth - 0.01740 (ms)
2026-07-11 03:38:06,310 [INFO] Pass: FixedPoint - 0.00334 (ms)
2026-07-11 03:38:06,310 [INFO] Pass: Size - 0.00215 (ms)
2026-07-11 03:38:06,310 [INFO] Pass: FixedPoint - 0.00310 (ms)
2026-07-11 03:38:06,310 [INFO] Pass: ContainsInstruction - 0.00477 (ms)
2026-07-11 03:38:06,310 [INFO] Total Transpile Time - 88.98616 (ms)
2026-07-11 03:38:06,396 [INFO] Pass: ContainsInstruction - 0.00930 (ms)
2026-07-11 03:38:06,396 [INFO] Pass: UnitarySynthesis - 0.00596 (ms)
2026-07-11 03:38:06,396 [INFO] Pass: HighLevelSynthesis - 0.00715 (ms)
2026-07-11 03:38:06,396 [INFO] Pass: BasisTranslator - 0.05198 (ms)
2026-07-11 03:38:06,396 [INFO] Pass: ElidePermutations - 0.00358 (ms)
2026-07-11 03:38:06,396 [INFO] Pass: RemoveDiagonalGatesBeforeMeasure - 0.00668 (ms)
2026-07-11 03:38:06,396 [INFO] Pass: RemoveIdentityEquivalent - 0.00572 (ms)
2026-07-11 03:38:06,396 [INFO] Pass: InverseCancellation - 0.02265 (ms)
2026-07-11 03:38:06,396 [INFO] Pass: ContractIdleWiresInControlFlow - 0.00215 (ms)
2026-07-11 03:38:06,396 [INFO] Pass: CommutativeCancellation - 0.06056 (ms)
2026-07-11 03:38:06,396 [INFO] Pass: ConsolidateBlocks - 0.04220 (ms)
2026-07-11 03:38:06,396 [INFO] Pass: Split2QUnitaries - 0.00262 (ms)
2026-07-11 03:38:06,396 [INFO] Pass: UnitarySynthesis - 0.00501 (ms)
2026-07-11 03:38:06,396 [INFO] Pass: HighLevelSynthesis - 0.02313 (ms)
2026-07-11 03:38:06,396 [INFO] Pass: BasisTranslator - 0.06461 (ms)
2026-07-11 03:38:06,397 [INFO] Pass: ConsolidateBlocks - 0.05269 (ms)
2026-07-11 03:38:06,397 [INFO] Pass: UnitarySynthesis - 0.00501 (ms)
2026-07-11 03:38:06,397 [INFO] Pass: Depth - 0.02122 (ms)
2026-07-11 03:38:06,397 [INFO] Pass: FixedPoint - 0.00429 (ms)
2026-07-11 03:38:06,397 [INFO] Pass: Size - 0.00286 (ms)
2026-07-11 03:38:06,397 [INFO] Pass: FixedPoint - 0.00310 (ms)
2026-07-11 03:38:06,397 [INFO] Pass: RemoveIdentityEquivalent - 0.00429 (ms)
2026-07-11 03:38:06,397 [INFO] Pass: Optimize1qGatesDecomposition - 0.15140 (ms)
2026-07-11 03:38:06,397 [INFO] Pass: CommutativeCancellation - 0.08512 (ms)
2026-07-11 03:38:06,397 [INFO] Pass: ContractIdleWiresInControlFlow - 0.00215 (ms)
2026-07-11 03:38:06,397 [INFO] Pass: GatesInBasis - 0.01931 (ms)
2026-07-11 03:38:06,397 [INFO] Pass: Depth - 0.01884 (ms)
2026-07-11 03:38:06,397 [INFO] Pass: FixedPoint - 0.00358 (ms)
2026-07-11 03:38:06,397 [INFO] Pass: Size - 0.00238 (ms)
2026-07-11 03:38:06,397 [INFO] Pass: FixedPoint - 0.00310 (ms)
2026-07-11 03:38:06,397 [INFO] Pass: ContainsInstruction - 0.00525 (ms)
2026-07-11 03:38:06,397 [INFO] Total Transpile Time - 87.18133 (ms)
2026-07-11 03:38:06,485 [INFO] Pass: ContainsInstruction - 0.00930 (ms)
2026-07-11 03:38:06,486 [INFO] Pass: UnitarySynthesis - 0.00620 (ms)
2026-07-11 03:38:06,486 [INFO] Pass: HighLevelSynthesis - 0.00715 (ms)
2026-07-11 03:38:06,486 [INFO] Pass: BasisTranslator - 0.05102 (ms)
2026-07-11 03:38:06,486 [INFO] Pass: ElidePermutations - 0.00286 (ms)
2026-07-11 03:38:06,486 [INFO] Pass: RemoveDiagonalGatesBeforeMeasure - 0.00644 (ms)
2026-07-11 03:38:06,486 [INFO] Pass: RemoveIdentityEquivalent - 0.00548 (ms)
2026-07-11 03:38:06,486 [INFO] Pass: InverseCancellation - 0.02074 (ms)
2026-07-11 03:38:06,486 [INFO] Pass: ContractIdleWiresInControlFlow - 0.00215 (ms)
2026-07-11 03:38:06,486 [INFO] Pass: CommutativeCancellation - 0.05770 (ms)
2026-07-11 03:38:06,486 [INFO] Pass: ConsolidateBlocks - 0.03910 (ms)
2026-07-11 03:38:06,486 [INFO] Pass: Split2QUnitaries - 0.00215 (ms)
2026-07-11 03:38:06,486 [INFO] Pass: UnitarySynthesis - 0.00525 (ms)
2026-07-11 03:38:06,486 [INFO] Pass: HighLevelSynthesis - 0.02456 (ms)
2026-07-11 03:38:06,486 [INFO] Pass: BasisTranslator - 0.06294 (ms)
2026-07-11 03:38:06,486 [INFO] Pass: ConsolidateBlocks - 0.04697 (ms)
2026-07-11 03:38:06,486 [INFO] Pass: UnitarySynthesis - 0.00477 (ms)
2026-07-11 03:38:06,486 [INFO] Pass: Depth - 0.01979 (ms)
2026-07-11 03:38:06,486 [INFO] Pass: FixedPoint - 0.00405 (ms)
2026-07-11 03:38:06,486 [INFO] Pass: Size - 0.00262 (ms)
2026-07-11 03:38:06,486 [INFO] Pass: FixedPoint - 0.00262 (ms)
2026-07-11 03:38:06,486 [INFO] Pass: RemoveIdentityEquivalent - 0.00477 (ms)
2026-07-11 03:38:06,487 [INFO] Pass: Optimize1qGatesDecomposition - 0.16069 (ms)
2026-07-11 03:38:06,487 [INFO] Pass: CommutativeCancellation - 0.07486 (ms)
2026-07-11 03:38:06,487 [INFO] Pass: ContractIdleWiresInControlFlow - 0.00191 (ms)
2026-07-11 03:38:06,487 [INFO] Pass: GatesInBasis - 0.01955 (ms)
2026-07-11 03:38:06,487 [INFO] Pass: Depth - 0.01884 (ms)
2026-07-11 03:38:06,487 [INFO] Pass: FixedPoint - 0.00358 (ms)
2026-07-11 03:38:06,487 [INFO] Pass: Size - 0.00215 (ms)
2026-07-11 03:38:06,487 [INFO] Pass: FixedPoint - 0.00286 (ms)
2026-07-11 03:38:06,487 [INFO] Pass: RemoveIdentityEquivalent - 0.00477 (ms)
2026-07-11 03:38:06,487 [INFO] Pass: Optimize1qGatesDecomposition - 0.13494 (ms)
2026-07-11 03:38:06,487 [INFO] Pass: CommutativeCancellation - 0.06723 (ms)
2026-07-11 03:38:06,487 [INFO] Pass: ContractIdleWiresInControlFlow - 0.00215 (ms)
2026-07-11 03:38:06,487 [INFO] Pass: GatesInBasis - 0.01884 (ms)
2026-07-11 03:38:06,487 [INFO] Pass: Depth - 0.02480 (ms)
2026-07-11 03:38:06,487 [INFO] Pass: FixedPoint - 0.00334 (ms)
2026-07-11 03:38:06,487 [INFO] Pass: Size - 0.00215 (ms)
2026-07-11 03:38:06,487 [INFO] Pass: FixedPoint - 0.00262 (ms)
2026-07-11 03:38:06,487 [INFO] Pass: ContainsInstruction - 0.00548 (ms)
2026-07-11 03:38:06,488 [INFO] Total Transpile Time - 89.76841 (ms)
2026-07-11 03:58:26,214 [INFO] [PCE] n=150 instancia 20/100 completada en 0:00:20:20 — transcurrido=0:06:41:28 restante_estimado=1:02:45:51
2026-07-11 03:58:26,318 [INFO] Pass: ContainsInstruction - 0.01097 (ms)
2026-07-11 03:58:26,318 [INFO] Pass: UnitarySynthesis - 0.00715 (ms)
2026-07-11 03:58:26,318 [INFO] Pass: HighLevelSynthesis - 0.00930 (ms)
2026-07-11 03:58:26,318 [INFO] Pass: BasisTranslator - 0.05984 (ms)
2026-07-11 03:58:26,318 [INFO] Pass: ElidePermutations - 0.00525 (ms)
2026-07-11 03:58:26,318 [INFO] Pass: RemoveDiagonalGatesBeforeMeasure - 0.00834 (ms)
2026-07-11 03:58:26,318 [INFO] Pass: RemoveIdentityEquivalent - 0.00334 (ms)
2026-07-11 03:58:26,318 [INFO] Pass: InverseCancellation - 0.00501 (ms)
2026-07-11 03:58:26,318 [INFO] Pass: ContractIdleWiresInControlFlow - 0.00238 (ms)
2026-07-11 03:58:26,318 [INFO] Pass: CommutativeCancellation - 0.05174 (ms)
2026-07-11 03:58:26,318 [INFO] Pass: ConsolidateBlocks - 0.04101 (ms)
2026-07-11 03:58:26,318 [INFO] Pass: Split2QUnitaries - 0.00310 (ms)
2026-07-11 03:58:26,318 [INFO] Pass: UnitarySynthesis - 0.00501 (ms)
2026-07-11 03:58:26,318 [INFO] Pass: HighLevelSynthesis - 0.02217 (ms)
2026-07-11 03:58:26,318 [INFO] Pass: BasisTranslator - 0.06413 (ms)
2026-07-11 03:58:26,319 [INFO] Pass: ConsolidateBlocks - 0.04768 (ms)
2026-07-11 03:58:26,319 [INFO] Pass: UnitarySynthesis - 0.00429 (ms)
2026-07-11 03:58:26,319 [INFO] Pass: Depth - 0.01979 (ms)
2026-07-11 03:58:26,319 [INFO] Pass: FixedPoint - 0.00453 (ms)
2026-07-11 03:58:26,319 [INFO] Pass: Size - 0.00334 (ms)
2026-07-11 03:58:26,319 [INFO] Pass: FixedPoint - 0.00310 (ms)
2026-07-11 03:58:26,319 [INFO] Pass: RemoveIdentityEquivalent - 0.00310 (ms)
2026-07-11 03:58:26,319 [INFO] Pass: Optimize1qGatesDecomposition - 0.03242 (ms)
2026-07-11 03:58:26,319 [INFO] Pass: CommutativeCancellation - 0.07248 (ms)
2026-07-11 03:58:26,319 [INFO] Pass: ContractIdleWiresInControlFlow - 0.00215 (ms)
2026-07-11 03:58:26,319 [INFO] Pass: GatesInBasis - 0.01860 (ms)
2026-07-11 03:58:26,319 [INFO] Pass: Depth - 0.01717 (ms)
2026-07-11 03:58:26,319 [INFO] Pass: FixedPoint - 0.00334 (ms)
2026-07-11 03:58:26,319 [INFO] Pass: Size - 0.00167 (ms)
2026-07-11 03:58:26,319 [INFO] Pass: FixedPoint - 0.00262 (ms)
2026-07-11 03:58:26,319 [INFO] Pass: ContainsInstruction - 0.00477 (ms)
2026-07-11 03:58:26,319 [INFO] Total Transpile Time - 88.71937 (ms)
2026-07-11 03:58:26,405 [INFO] Pass: ContainsInstruction - 0.00930 (ms)
2026-07-11 03:58:26,405 [INFO] Pass: UnitarySynthesis - 0.00572 (ms)
2026-07-11 03:58:26,405 [INFO] Pass: HighLevelSynthesis - 0.00715 (ms)
2026-07-11 03:58:26,405 [INFO] Pass: BasisTranslator - 0.05031 (ms)
2026-07-11 03:58:26,405 [INFO] Pass: ElidePermutations - 0.00334 (ms)
2026-07-11 03:58:26,405 [INFO] Pass: RemoveDiagonalGatesBeforeMeasure - 0.00644 (ms)
2026-07-11 03:58:26,405 [INFO] Pass: RemoveIdentityEquivalent - 0.00501 (ms)
2026-07-11 03:58:26,405 [INFO] Pass: InverseCancellation - 0.02146 (ms)
2026-07-11 03:58:26,405 [INFO] Pass: ContractIdleWiresInControlFlow - 0.00191 (ms)
2026-07-11 03:58:26,405 [INFO] Pass: CommutativeCancellation - 0.05794 (ms)
2026-07-11 03:58:26,405 [INFO] Pass: ConsolidateBlocks - 0.03958 (ms)
2026-07-11 03:58:26,405 [INFO] Pass: Split2QUnitaries - 0.00215 (ms)
2026-07-11 03:58:26,405 [INFO] Pass: UnitarySynthesis - 0.00453 (ms)
2026-07-11 03:58:26,405 [INFO] Pass: HighLevelSynthesis - 0.02289 (ms)
2026-07-11 03:58:26,405 [INFO] Pass: BasisTranslator - 0.06127 (ms)
2026-07-11 03:58:26,406 [INFO] Pass: ConsolidateBlocks - 0.04649 (ms)
2026-07-11 03:58:26,406 [INFO] Pass: UnitarySynthesis - 0.00429 (ms)
2026-07-11 03:58:26,406 [INFO] Pass: Depth - 0.01884 (ms)
2026-07-11 03:58:26,406 [INFO] Pass: FixedPoint - 0.00429 (ms)
2026-07-11 03:58:26,406 [INFO] Pass: Size - 0.00262 (ms)
2026-07-11 03:58:26,406 [INFO] Pass: FixedPoint - 0.00286 (ms)
2026-07-11 03:58:26,406 [INFO] Pass: RemoveIdentityEquivalent - 0.00405 (ms)
2026-07-11 03:58:26,406 [INFO] Pass: Optimize1qGatesDecomposition - 0.14400 (ms)
2026-07-11 03:58:26,406 [INFO] Pass: CommutativeCancellation - 0.07963 (ms)
2026-07-11 03:58:26,406 [INFO] Pass: ContractIdleWiresInControlFlow - 0.00167 (ms)
2026-07-11 03:58:26,406 [INFO] Pass: GatesInBasis - 0.01884 (ms)
2026-07-11 03:58:26,406 [INFO] Pass: Depth - 0.01764 (ms)
2026-07-11 03:58:26,406 [INFO] Pass: FixedPoint - 0.00358 (ms)
2026-07-11 03:58:26,406 [INFO] Pass: Size - 0.00215 (ms)
2026-07-11 03:58:26,406 [INFO] Pass: FixedPoint - 0.00262 (ms)
2026-07-11 03:58:26,406 [INFO] Pass: ContainsInstruction - 0.00477 (ms)
2026-07-11 03:58:26,406 [INFO] Total Transpile Time - 86.82251 (ms)
2026-07-11 03:58:26,492 [INFO] Pass: ContainsInstruction - 0.00954 (ms)
2026-07-11 03:58:26,492 [INFO] Pass: UnitarySynthesis - 0.00596 (ms)
2026-07-11 03:58:26,493 [INFO] Pass: HighLevelSynthesis - 0.00811 (ms)
2026-07-11 03:58:26,493 [INFO] Pass: BasisTranslator - 0.04864 (ms)
2026-07-11 03:58:26,493 [INFO] Pass: ElidePermutations - 0.00286 (ms)
2026-07-11 03:58:26,493 [INFO] Pass: RemoveDiagonalGatesBeforeMeasure - 0.00596 (ms)
2026-07-11 03:58:26,493 [INFO] Pass: RemoveIdentityEquivalent - 0.00525 (ms)
2026-07-11 03:58:26,493 [INFO] Pass: InverseCancellation - 0.02027 (ms)
2026-07-11 03:58:26,493 [INFO] Pass: ContractIdleWiresInControlFlow - 0.00215 (ms)
2026-07-11 03:58:26,493 [INFO] Pass: CommutativeCancellation - 0.05722 (ms)
2026-07-11 03:58:26,493 [INFO] Pass: ConsolidateBlocks - 0.03791 (ms)
2026-07-11 03:58:26,493 [INFO] Pass: Split2QUnitaries - 0.00191 (ms)
2026-07-11 03:58:26,493 [INFO] Pass: UnitarySynthesis - 0.00501 (ms)
2026-07-11 03:58:26,493 [INFO] Pass: HighLevelSynthesis - 0.02456 (ms)
2026-07-11 03:58:26,493 [INFO] Pass: BasisTranslator - 0.06413 (ms)
2026-07-11 03:58:26,493 [INFO] Pass: ConsolidateBlocks - 0.04840 (ms)
2026-07-11 03:58:26,493 [INFO] Pass: UnitarySynthesis - 0.00453 (ms)
2026-07-11 03:58:26,493 [INFO] Pass: Depth - 0.01931 (ms)
2026-07-11 03:58:26,493 [INFO] Pass: FixedPoint - 0.00405 (ms)
2026-07-11 03:58:26,493 [INFO] Pass: Size - 0.00286 (ms)
2026-07-11 03:58:26,493 [INFO] Pass: FixedPoint - 0.00286 (ms)
2026-07-11 03:58:26,493 [INFO] Pass: RemoveIdentityEquivalent - 0.00477 (ms)
2026-07-11 03:58:26,493 [INFO] Pass: Optimize1qGatesDecomposition - 0.15426 (ms)
2026-07-11 03:58:26,494 [INFO] Pass: CommutativeCancellation - 0.07391 (ms)
2026-07-11 03:58:26,494 [INFO] Pass: ContractIdleWiresInControlFlow - 0.00215 (ms)
2026-07-11 03:58:26,494 [INFO] Pass: GatesInBasis - 0.01884 (ms)
2026-07-11 03:58:26,494 [INFO] Pass: Depth - 0.01907 (ms)
2026-07-11 03:58:26,494 [INFO] Pass: FixedPoint - 0.00358 (ms)
2026-07-11 03:58:26,494 [INFO] Pass: Size - 0.00215 (ms)
2026-07-11 03:58:26,494 [INFO] Pass: FixedPoint - 0.00262 (ms)
2026-07-11 03:58:26,494 [INFO] Pass: RemoveIdentityEquivalent - 0.00429 (ms)
2026-07-11 03:58:26,494 [INFO] Pass: Optimize1qGatesDecomposition - 0.13661 (ms)
2026-07-11 03:58:26,494 [INFO] Pass: CommutativeCancellation - 0.06580 (ms)
2026-07-11 03:58:26,494 [INFO] Pass: ContractIdleWiresInControlFlow - 0.00143 (ms)
2026-07-11 03:58:26,494 [INFO] Pass: GatesInBasis - 0.01836 (ms)
2026-07-11 03:58:26,494 [INFO] Pass: Depth - 0.01788 (ms)
2026-07-11 03:58:26,494 [INFO] Pass: FixedPoint - 0.00334 (ms)
2026-07-11 03:58:26,494 [INFO] Pass: Size - 0.00215 (ms)
2026-07-11 03:58:26,494 [INFO] Pass: FixedPoint - 0.00286 (ms)
2026-07-11 03:58:26,494 [INFO] Pass: ContainsInstruction - 0.00548 (ms)
2026-07-11 03:58:26,495 [INFO] Total Transpile Time - 87.70347 (ms)
2026-07-11 04:20:53,272 [INFO] [PCE] n=150 instancia 21/100 completada en 0:00:22:27 — transcurrido=0:07:03:55 restante_estimado=1:02:34:43
2026-07-11 04:20:53,376 [INFO] Pass: ContainsInstruction - 0.01121 (ms)
2026-07-11 04:20:53,376 [INFO] Pass: UnitarySynthesis - 0.00691 (ms)
2026-07-11 04:20:53,376 [INFO] Pass: HighLevelSynthesis - 0.00882 (ms)
2026-07-11 04:20:53,376 [INFO] Pass: BasisTranslator - 0.05889 (ms)
2026-07-11 04:20:53,376 [INFO] Pass: ElidePermutations - 0.00453 (ms)
2026-07-11 04:20:53,376 [INFO] Pass: RemoveDiagonalGatesBeforeMeasure - 0.00906 (ms)
2026-07-11 04:20:53,376 [INFO] Pass: RemoveIdentityEquivalent - 0.00358 (ms)
2026-07-11 04:20:53,376 [INFO] Pass: InverseCancellation - 0.00405 (ms)
2026-07-11 04:20:53,376 [INFO] Pass: ContractIdleWiresInControlFlow - 0.00191 (ms)
2026-07-11 04:20:53,376 [INFO] Pass: CommutativeCancellation - 0.06390 (ms)
2026-07-11 04:20:53,376 [INFO] Pass: ConsolidateBlocks - 0.04244 (ms)
2026-07-11 04:20:53,376 [INFO] Pass: Split2QUnitaries - 0.00286 (ms)
2026-07-11 04:20:53,376 [INFO] Pass: UnitarySynthesis - 0.00501 (ms)
2026-07-11 04:20:53,376 [INFO] Pass: HighLevelSynthesis - 0.02289 (ms)
2026-07-11 04:20:53,377 [INFO] Pass: BasisTranslator - 0.06318 (ms)
2026-07-11 04:20:53,377 [INFO] Pass: ConsolidateBlocks - 0.04816 (ms)
2026-07-11 04:20:53,377 [INFO] Pass: UnitarySynthesis - 0.00429 (ms)
2026-07-11 04:20:53,377 [INFO] Pass: Depth - 0.02050 (ms)
2026-07-11 04:20:53,377 [INFO] Pass: FixedPoint - 0.00501 (ms)
2026-07-11 04:20:53,377 [INFO] Pass: Size - 0.00310 (ms)
2026-07-11 04:20:53,377 [INFO] Pass: FixedPoint - 0.00262 (ms)
2026-07-11 04:20:53,377 [INFO] Pass: RemoveIdentityEquivalent - 0.00286 (ms)
2026-07-11 04:20:53,377 [INFO] Pass: Optimize1qGatesDecomposition - 0.03290 (ms)
2026-07-11 04:20:53,377 [INFO] Pass: CommutativeCancellation - 0.07129 (ms)
2026-07-11 04:20:53,377 [INFO] Pass: ContractIdleWiresInControlFlow - 0.00191 (ms)
2026-07-11 04:20:53,377 [INFO] Pass: GatesInBasis - 0.01979 (ms)
2026-07-11 04:20:53,377 [INFO] Pass: Depth - 0.01740 (ms)
2026-07-11 04:20:53,377 [INFO] Pass: FixedPoint - 0.00358 (ms)
2026-07-11 04:20:53,377 [INFO] Pass: Size - 0.00215 (ms)
2026-07-11 04:20:53,377 [INFO] Pass: FixedPoint - 0.00310 (ms)
2026-07-11 04:20:53,377 [INFO] Pass: ContainsInstruction - 0.00477 (ms)
2026-07-11 04:20:53,377 [INFO] Total Transpile Time - 88.46188 (ms)
2026-07-11 04:20:53,463 [INFO] Pass: ContainsInstruction - 0.00954 (ms)
2026-07-11 04:20:53,463 [INFO] Pass: UnitarySynthesis - 0.00596 (ms)
2026-07-11 04:20:53,463 [INFO] Pass: HighLevelSynthesis - 0.00691 (ms)
2026-07-11 04:20:53,463 [INFO] Pass: BasisTranslator - 0.05269 (ms)
2026-07-11 04:20:53,463 [INFO] Pass: ElidePermutations - 0.00334 (ms)
2026-07-11 04:20:53,463 [INFO] Pass: RemoveDiagonalGatesBeforeMeasure - 0.00620 (ms)
2026-07-11 04:20:53,463 [INFO] Pass: RemoveIdentityEquivalent - 0.00453 (ms)
2026-07-11 04:20:53,463 [INFO] Pass: InverseCancellation - 0.02146 (ms)
2026-07-11 04:20:53,463 [INFO] Pass: ContractIdleWiresInControlFlow - 0.00191 (ms)
2026-07-11 04:20:53,463 [INFO] Pass: CommutativeCancellation - 0.05722 (ms)
2026-07-11 04:20:53,464 [INFO] Pass: ConsolidateBlocks - 0.03886 (ms)
2026-07-11 04:20:53,464 [INFO] Pass: Split2QUnitaries - 0.00238 (ms)
2026-07-11 04:20:53,464 [INFO] Pass: UnitarySynthesis - 0.00501 (ms)
2026-07-11 04:20:53,464 [INFO] Pass: HighLevelSynthesis - 0.02289 (ms)
2026-07-11 04:20:53,464 [INFO] Pass: BasisTranslator - 0.06580 (ms)
2026-07-11 04:20:53,464 [INFO] Pass: ConsolidateBlocks - 0.04673 (ms)
2026-07-11 04:20:53,464 [INFO] Pass: UnitarySynthesis - 0.00453 (ms)
2026-07-11 04:20:53,464 [INFO] Pass: Depth - 0.01979 (ms)
2026-07-11 04:20:53,464 [INFO] Pass: FixedPoint - 0.00405 (ms)
2026-07-11 04:20:53,464 [INFO] Pass: Size - 0.00286 (ms)
2026-07-11 04:20:53,464 [INFO] Pass: FixedPoint - 0.00286 (ms)
2026-07-11 04:20:53,464 [INFO] Pass: RemoveIdentityEquivalent - 0.00381 (ms)
2026-07-11 04:20:53,464 [INFO] Pass: Optimize1qGatesDecomposition - 0.14687 (ms)
2026-07-11 04:20:53,464 [INFO] Pass: CommutativeCancellation - 0.08583 (ms)
2026-07-11 04:20:53,464 [INFO] Pass: ContractIdleWiresInControlFlow - 0.00215 (ms)
2026-07-11 04:20:53,464 [INFO] Pass: GatesInBasis - 0.01907 (ms)
2026-07-11 04:20:53,464 [INFO] Pass: Depth - 0.01907 (ms)
2026-07-11 04:20:53,464 [INFO] Pass: FixedPoint - 0.00358 (ms)
2026-07-11 04:20:53,464 [INFO] Pass: Size - 0.00215 (ms)
2026-07-11 04:20:53,464 [INFO] Pass: FixedPoint - 0.00262 (ms)
2026-07-11 04:20:53,464 [INFO] Pass: ContainsInstruction - 0.00477 (ms)
2026-07-11 04:20:53,465 [INFO] Total Transpile Time - 86.93504 (ms)
2026-07-11 04:20:53,551 [INFO] Pass: ContainsInstruction - 0.00930 (ms)
2026-07-11 04:20:53,551 [INFO] Pass: UnitarySynthesis - 0.00596 (ms)
2026-07-11 04:20:53,551 [INFO] Pass: HighLevelSynthesis - 0.00715 (ms)
2026-07-11 04:20:53,551 [INFO] Pass: BasisTranslator - 0.04935 (ms)
2026-07-11 04:20:53,551 [INFO] Pass: ElidePermutations - 0.00286 (ms)
2026-07-11 04:20:53,551 [INFO] Pass: RemoveDiagonalGatesBeforeMeasure - 0.00548 (ms)
2026-07-11 04:20:53,551 [INFO] Pass: RemoveIdentityEquivalent - 0.00548 (ms)
2026-07-11 04:20:53,551 [INFO] Pass: InverseCancellation - 0.02146 (ms)
2026-07-11 04:20:53,551 [INFO] Pass: ContractIdleWiresInControlFlow - 0.00167 (ms)
2026-07-11 04:20:53,551 [INFO] Pass: CommutativeCancellation - 0.05817 (ms)
2026-07-11 04:20:53,552 [INFO] Pass: ConsolidateBlocks - 0.03695 (ms)
2026-07-11 04:20:53,552 [INFO] Pass: Split2QUnitaries - 0.00215 (ms)
2026-07-11 04:20:53,552 [INFO] Pass: UnitarySynthesis - 0.00501 (ms)
2026-07-11 04:20:53,552 [INFO] Pass: HighLevelSynthesis - 0.02456 (ms)
2026-07-11 04:20:53,552 [INFO] Pass: BasisTranslator - 0.06366 (ms)
2026-07-11 04:20:53,552 [INFO] Pass: ConsolidateBlocks - 0.04768 (ms)
2026-07-11 04:20:53,552 [INFO] Pass: UnitarySynthesis - 0.00453 (ms)
2026-07-11 04:20:53,552 [INFO] Pass: Depth - 0.02050 (ms)
2026-07-11 04:20:53,552 [INFO] Pass: FixedPoint - 0.00429 (ms)
2026-07-11 04:20:53,552 [INFO] Pass: Size - 0.00262 (ms)
2026-07-11 04:20:53,552 [INFO] Pass: FixedPoint - 0.00262 (ms)
2026-07-11 04:20:53,552 [INFO] Pass: RemoveIdentityEquivalent - 0.00525 (ms)
2026-07-11 04:20:53,552 [INFO] Pass: Optimize1qGatesDecomposition - 0.15473 (ms)
2026-07-11 04:20:53,552 [INFO] Pass: CommutativeCancellation - 0.07963 (ms)
2026-07-11 04:20:53,552 [INFO] Pass: ContractIdleWiresInControlFlow - 0.00167 (ms)
2026-07-11 04:20:53,552 [INFO] Pass: GatesInBasis - 0.01860 (ms)
2026-07-11 04:20:53,552 [INFO] Pass: Depth - 0.01884 (ms)
2026-07-11 04:20:53,552 [INFO] Pass: FixedPoint - 0.00334 (ms)
2026-07-11 04:20:53,552 [INFO] Pass: Size - 0.00191 (ms)
2026-07-11 04:20:53,552 [INFO] Pass: FixedPoint - 0.00310 (ms)
2026-07-11 04:20:53,552 [INFO] Pass: RemoveIdentityEquivalent - 0.00477 (ms)
2026-07-11 04:20:53,553 [INFO] Pass: Optimize1qGatesDecomposition - 0.13685 (ms)
2026-07-11 04:20:53,553 [INFO] Pass: CommutativeCancellation - 0.06604 (ms)
2026-07-11 04:20:53,553 [INFO] Pass: ContractIdleWiresInControlFlow - 0.00167 (ms)
2026-07-11 04:20:53,553 [INFO] Pass: GatesInBasis - 0.01812 (ms)
2026-07-11 04:20:53,553 [INFO] Pass: Depth - 0.01764 (ms)
2026-07-11 04:20:53,553 [INFO] Pass: FixedPoint - 0.00334 (ms)
2026-07-11 04:20:53,553 [INFO] Pass: Size - 0.00191 (ms)
2026-07-11 04:20:53,553 [INFO] Pass: FixedPoint - 0.00286 (ms)
2026-07-11 04:20:53,553 [INFO] Pass: ContainsInstruction - 0.00477 (ms)
2026-07-11 04:20:53,553 [INFO] Total Transpile Time - 88.12761 (ms)
2026-07-11 04:39:32,569 [INFO] [PCE] n=150 instancia 22/100 completada en 0:00:18:39 — transcurrido=0:07:22:34 restante_estimado=1:02:09:06
2026-07-11 04:39:32,674 [INFO] Pass: ContainsInstruction - 0.01764 (ms)
2026-07-11 04:39:32,674 [INFO] Pass: UnitarySynthesis - 0.00691 (ms)
2026-07-11 04:39:32,674 [INFO] Pass: HighLevelSynthesis - 0.00858 (ms)
2026-07-11 04:39:32,674 [INFO] Pass: BasisTranslator - 0.05913 (ms)
2026-07-11 04:39:32,675 [INFO] Pass: ElidePermutations - 0.00453 (ms)
2026-07-11 04:39:32,675 [INFO] Pass: RemoveDiagonalGatesBeforeMeasure - 0.00882 (ms)
2026-07-11 04:39:32,675 [INFO] Pass: RemoveIdentityEquivalent - 0.00381 (ms)
2026-07-11 04:39:32,675 [INFO] Pass: InverseCancellation - 0.00429 (ms)
2026-07-11 04:39:32,675 [INFO] Pass: ContractIdleWiresInControlFlow - 0.00215 (ms)
2026-07-11 04:39:32,675 [INFO] Pass: CommutativeCancellation - 0.05603 (ms)
2026-07-11 04:39:32,675 [INFO] Pass: ConsolidateBlocks - 0.04172 (ms)
2026-07-11 04:39:32,675 [INFO] Pass: Split2QUnitaries - 0.00286 (ms)
2026-07-11 04:39:32,675 [INFO] Pass: UnitarySynthesis - 0.00501 (ms)
2026-07-11 04:39:32,675 [INFO] Pass: HighLevelSynthesis - 0.02193 (ms)
2026-07-11 04:39:32,675 [INFO] Pass: BasisTranslator - 0.06247 (ms)
2026-07-11 04:39:32,675 [INFO] Pass: ConsolidateBlocks - 0.04745 (ms)
2026-07-11 04:39:32,675 [INFO] Pass: UnitarySynthesis - 0.00429 (ms)
2026-07-11 04:39:32,675 [INFO] Pass: Depth - 0.01907 (ms)
2026-07-11 04:39:32,675 [INFO] Pass: FixedPoint - 0.00453 (ms)
2026-07-11 04:39:32,675 [INFO] Pass: Size - 0.00334 (ms)
2026-07-11 04:39:32,675 [INFO] Pass: FixedPoint - 0.00310 (ms)
2026-07-11 04:39:32,675 [INFO] Pass: RemoveIdentityEquivalent - 0.00286 (ms)
2026-07-11 04:39:32,675 [INFO] Pass: Optimize1qGatesDecomposition - 0.03791 (ms)
2026-07-11 04:39:32,675 [INFO] Pass: CommutativeCancellation - 0.06962 (ms)
2026-07-11 04:39:32,675 [INFO] Pass: ContractIdleWiresInControlFlow - 0.00191 (ms)
2026-07-11 04:39:32,675 [INFO] Pass: GatesInBasis - 0.01884 (ms)
2026-07-11 04:39:32,675 [INFO] Pass: Depth - 0.01669 (ms)
2026-07-11 04:39:32,676 [INFO] Pass: FixedPoint - 0.00334 (ms)
2026-07-11 04:39:32,676 [INFO] Pass: Size - 0.00191 (ms)
2026-07-11 04:39:32,676 [INFO] Pass: FixedPoint - 0.00262 (ms)
2026-07-11 04:39:32,676 [INFO] Pass: ContainsInstruction - 0.00501 (ms)
2026-07-11 04:39:32,676 [INFO] Total Transpile Time - 90.11412 (ms)
2026-07-11 04:39:32,764 [INFO] Pass: ContainsInstruction - 0.00906 (ms)
2026-07-11 04:39:32,764 [INFO] Pass: UnitarySynthesis - 0.00668 (ms)
2026-07-11 04:39:32,764 [INFO] Pass: HighLevelSynthesis - 0.00739 (ms)
2026-07-11 04:39:32,764 [INFO] Pass: BasisTranslator - 0.05221 (ms)
2026-07-11 04:39:32,764 [INFO] Pass: ElidePermutations - 0.00334 (ms)
2026-07-11 04:39:32,764 [INFO] Pass: RemoveDiagonalGatesBeforeMeasure - 0.00691 (ms)
2026-07-11 04:39:32,764 [INFO] Pass: RemoveIdentityEquivalent - 0.00453 (ms)
2026-07-11 04:39:32,764 [INFO] Pass: InverseCancellation - 0.02217 (ms)
2026-07-11 04:39:32,764 [INFO] Pass: ContractIdleWiresInControlFlow - 0.00238 (ms)
2026-07-11 04:39:32,764 [INFO] Pass: CommutativeCancellation - 0.07081 (ms)
2026-07-11 04:39:32,764 [INFO] Pass: ConsolidateBlocks - 0.03862 (ms)
2026-07-11 04:39:32,764 [INFO] Pass: Split2QUnitaries - 0.00238 (ms)
2026-07-11 04:39:32,764 [INFO] Pass: UnitarySynthesis - 0.00548 (ms)
2026-07-11 04:39:32,764 [INFO] Pass: HighLevelSynthesis - 0.02337 (ms)
2026-07-11 04:39:32,765 [INFO] Pass: BasisTranslator - 0.06533 (ms)
2026-07-11 04:39:32,765 [INFO] Pass: ConsolidateBlocks - 0.04864 (ms)
2026-07-11 04:39:32,765 [INFO] Pass: UnitarySynthesis - 0.00453 (ms)
2026-07-11 04:39:32,765 [INFO] Pass: Depth - 0.01884 (ms)
2026-07-11 04:39:32,765 [INFO] Pass: FixedPoint - 0.00453 (ms)
2026-07-11 04:39:32,765 [INFO] Pass: Size - 0.00286 (ms)
2026-07-11 04:39:32,765 [INFO] Pass: FixedPoint - 0.00286 (ms)
2026-07-11 04:39:32,765 [INFO] Pass: RemoveIdentityEquivalent - 0.00405 (ms)
2026-07-11 04:39:32,765 [INFO] Pass: Optimize1qGatesDecomposition - 0.14901 (ms)
2026-07-11 04:39:32,765 [INFO] Pass: CommutativeCancellation - 0.07939 (ms)
2026-07-11 04:39:32,765 [INFO] Pass: ContractIdleWiresInControlFlow - 0.00215 (ms)
2026-07-11 04:39:32,765 [INFO] Pass: GatesInBasis - 0.01860 (ms)
2026-07-11 04:39:32,765 [INFO] Pass: Depth - 0.01764 (ms)
2026-07-11 04:39:32,765 [INFO] Pass: FixedPoint - 0.00358 (ms)
2026-07-11 04:39:32,765 [INFO] Pass: Size - 0.00191 (ms)
2026-07-11 04:39:32,765 [INFO] Pass: FixedPoint - 0.00238 (ms)
2026-07-11 04:39:32,765 [INFO] Pass: ContainsInstruction - 0.00548 (ms)
2026-07-11 04:39:32,766 [INFO] Total Transpile Time - 89.33640 (ms)
2026-07-11 04:39:32,854 [INFO] Pass: ContainsInstruction - 0.00930 (ms)
2026-07-11 04:39:32,854 [INFO] Pass: UnitarySynthesis - 0.00620 (ms)
2026-07-11 04:39:32,854 [INFO] Pass: HighLevelSynthesis - 0.00691 (ms)
2026-07-11 04:39:32,854 [INFO] Pass: BasisTranslator - 0.05865 (ms)
2026-07-11 04:39:32,854 [INFO] Pass: ElidePermutations - 0.00334 (ms)
2026-07-11 04:39:32,854 [INFO] Pass: RemoveDiagonalGatesBeforeMeasure - 0.00668 (ms)
2026-07-11 04:39:32,854 [INFO] Pass: RemoveIdentityEquivalent - 0.00548 (ms)
2026-07-11 04:39:32,854 [INFO] Pass: InverseCancellation - 0.02003 (ms)
2026-07-11 04:39:32,854 [INFO] Pass: ContractIdleWiresInControlFlow - 0.00215 (ms)
2026-07-11 04:39:32,855 [INFO] Pass: CommutativeCancellation - 0.05865 (ms)
2026-07-11 04:39:32,855 [INFO] Pass: ConsolidateBlocks - 0.03862 (ms)
2026-07-11 04:39:32,855 [INFO] Pass: Split2QUnitaries - 0.00167 (ms)
2026-07-11 04:39:32,855 [INFO] Pass: UnitarySynthesis - 0.00572 (ms)
2026-07-11 04:39:32,855 [INFO] Pass: HighLevelSynthesis - 0.02432 (ms)
2026-07-11 04:39:32,855 [INFO] Pass: BasisTranslator - 0.06485 (ms)
2026-07-11 04:39:32,855 [INFO] Pass: ConsolidateBlocks - 0.04888 (ms)
2026-07-11 04:39:32,855 [INFO] Pass: UnitarySynthesis - 0.00477 (ms)
2026-07-11 04:39:32,855 [INFO] Pass: Depth - 0.02027 (ms)
2026-07-11 04:39:32,855 [INFO] Pass: FixedPoint - 0.00453 (ms)
2026-07-11 04:39:32,855 [INFO] Pass: Size - 0.00238 (ms)
2026-07-11 04:39:32,855 [INFO] Pass: FixedPoint - 0.00310 (ms)
2026-07-11 04:39:32,855 [INFO] Pass: RemoveIdentityEquivalent - 0.00477 (ms)
2026-07-11 04:39:32,855 [INFO] Pass: Optimize1qGatesDecomposition - 0.16189 (ms)
2026-07-11 04:39:32,855 [INFO] Pass: CommutativeCancellation - 0.07176 (ms)
2026-07-11 04:39:32,855 [INFO] Pass: ContractIdleWiresInControlFlow - 0.00167 (ms)
2026-07-11 04:39:32,855 [INFO] Pass: GatesInBasis - 0.01955 (ms)
2026-07-11 04:39:32,855 [INFO] Pass: Depth - 0.01860 (ms)
2026-07-11 04:39:32,855 [INFO] Pass: FixedPoint - 0.00358 (ms)
2026-07-11 04:39:32,856 [INFO] Pass: Size - 0.00215 (ms)
2026-07-11 04:39:32,856 [INFO] Pass: FixedPoint - 0.00286 (ms)
2026-07-11 04:39:32,856 [INFO] Pass: RemoveIdentityEquivalent - 0.00405 (ms)
2026-07-11 04:39:32,856 [INFO] Pass: Optimize1qGatesDecomposition - 0.13900 (ms)
2026-07-11 04:39:32,856 [INFO] Pass: CommutativeCancellation - 0.06628 (ms)
2026-07-11 04:39:32,856 [INFO] Pass: ContractIdleWiresInControlFlow - 0.00191 (ms)
2026-07-11 04:39:32,856 [INFO] Pass: GatesInBasis - 0.01812 (ms)
2026-07-11 04:39:32,856 [INFO] Pass: Depth - 0.01717 (ms)
2026-07-11 04:39:32,856 [INFO] Pass: FixedPoint - 0.00310 (ms)
2026-07-11 04:39:32,856 [INFO] Pass: Size - 0.00191 (ms)
2026-07-11 04:39:32,856 [INFO] Pass: FixedPoint - 0.00286 (ms)
2026-07-11 04:39:32,856 [INFO] Pass: ContainsInstruction - 0.00572 (ms)
2026-07-11 04:39:32,856 [INFO] Total Transpile Time - 90.38544 (ms)
2026-07-11 04:57:05,543 [INFO] [PCE] n=150 instancia 23/100 completada en 0:00:17:33 — transcurrido=0:07:40:07 restante_estimado=1:01:40:24
2026-07-11 04:57:05,646 [INFO] Pass: ContainsInstruction - 0.01097 (ms)
2026-07-11 04:57:05,646 [INFO] Pass: UnitarySynthesis - 0.00739 (ms)
2026-07-11 04:57:05,646 [INFO] Pass: HighLevelSynthesis - 0.00858 (ms)
2026-07-11 04:57:05,646 [INFO] Pass: BasisTranslator - 0.05651 (ms)
2026-07-11 04:57:05,646 [INFO] Pass: ElidePermutations - 0.00477 (ms)
2026-07-11 04:57:05,646 [INFO] Pass: RemoveDiagonalGatesBeforeMeasure - 0.00787 (ms)
2026-07-11 04:57:05,646 [INFO] Pass: RemoveIdentityEquivalent - 0.00358 (ms)
2026-07-11 04:57:05,646 [INFO] Pass: InverseCancellation - 0.00477 (ms)
2026-07-11 04:57:05,646 [INFO] Pass: ContractIdleWiresInControlFlow - 0.00191 (ms)
2026-07-11 04:57:05,647 [INFO] Pass: CommutativeCancellation - 0.05174 (ms)
2026-07-11 04:57:05,647 [INFO] Pass: ConsolidateBlocks - 0.04148 (ms)
2026-07-11 04:57:05,647 [INFO] Pass: Split2QUnitaries - 0.00334 (ms)
2026-07-11 04:57:05,647 [INFO] Pass: UnitarySynthesis - 0.00501 (ms)
2026-07-11 04:57:05,647 [INFO] Pass: HighLevelSynthesis - 0.02337 (ms)
2026-07-11 04:57:05,647 [INFO] Pass: BasisTranslator - 0.06247 (ms)
2026-07-11 04:57:05,647 [INFO] Pass: ConsolidateBlocks - 0.04745 (ms)
2026-07-11 04:57:05,647 [INFO] Pass: UnitarySynthesis - 0.00453 (ms)
2026-07-11 04:57:05,647 [INFO] Pass: Depth - 0.01884 (ms)
2026-07-11 04:57:05,647 [INFO] Pass: FixedPoint - 0.00477 (ms)
2026-07-11 04:57:05,647 [INFO] Pass: Size - 0.00334 (ms)
2026-07-11 04:57:05,647 [INFO] Pass: FixedPoint - 0.00262 (ms)
2026-07-11 04:57:05,647 [INFO] Pass: RemoveIdentityEquivalent - 0.00262 (ms)
2026-07-11 04:57:05,647 [INFO] Pass: Optimize1qGatesDecomposition - 0.03314 (ms)
2026-07-11 04:57:05,647 [INFO] Pass: CommutativeCancellation - 0.07224 (ms)
2026-07-11 04:57:05,647 [INFO] Pass: ContractIdleWiresInControlFlow - 0.00238 (ms)
2026-07-11 04:57:05,647 [INFO] Pass: GatesInBasis - 0.02003 (ms)
2026-07-11 04:57:05,647 [INFO] Pass: Depth - 0.01740 (ms)
2026-07-11 04:57:05,647 [INFO] Pass: FixedPoint - 0.00334 (ms)
2026-07-11 04:57:05,647 [INFO] Pass: Size - 0.00238 (ms)
2026-07-11 04:57:05,647 [INFO] Pass: FixedPoint - 0.00286 (ms)
2026-07-11 04:57:05,647 [INFO] Pass: ContainsInstruction - 0.00477 (ms)
2026-07-11 04:57:05,648 [INFO] Total Transpile Time - 88.73701 (ms)
2026-07-11 04:57:05,733 [INFO] Pass: ContainsInstruction - 0.00954 (ms)
2026-07-11 04:57:05,734 [INFO] Pass: UnitarySynthesis - 0.00620 (ms)
2026-07-11 04:57:05,734 [INFO] Pass: HighLevelSynthesis - 0.00715 (ms)
2026-07-11 04:57:05,734 [INFO] Pass: BasisTranslator - 0.05436 (ms)
2026-07-11 04:57:05,734 [INFO] Pass: ElidePermutations - 0.00358 (ms)
2026-07-11 04:57:05,734 [INFO] Pass: RemoveDiagonalGatesBeforeMeasure - 0.00644 (ms)
2026-07-11 04:57:05,734 [INFO] Pass: RemoveIdentityEquivalent - 0.00477 (ms)
2026-07-11 04:57:05,734 [INFO] Pass: InverseCancellation - 0.02193 (ms)
2026-07-11 04:57:05,734 [INFO] Pass: ContractIdleWiresInControlFlow - 0.00215 (ms)
2026-07-11 04:57:05,734 [INFO] Pass: CommutativeCancellation - 0.06032 (ms)
2026-07-11 04:57:05,734 [INFO] Pass: ConsolidateBlocks - 0.03839 (ms)
2026-07-11 04:57:05,734 [INFO] Pass: Split2QUnitaries - 0.00286 (ms)
2026-07-11 04:57:05,734 [INFO] Pass: UnitarySynthesis - 0.00477 (ms)
2026-07-11 04:57:05,734 [INFO] Pass: HighLevelSynthesis - 0.02313 (ms)
2026-07-11 04:57:05,734 [INFO] Pass: BasisTranslator - 0.06247 (ms)
2026-07-11 04:57:05,734 [INFO] Pass: ConsolidateBlocks - 0.04768 (ms)
2026-07-11 04:57:05,734 [INFO] Pass: UnitarySynthesis - 0.00477 (ms)
2026-07-11 04:57:05,734 [INFO] Pass: Depth - 0.01931 (ms)
2026-07-11 04:57:05,734 [INFO] Pass: FixedPoint - 0.00453 (ms)
2026-07-11 04:57:05,734 [INFO] Pass: Size - 0.00310 (ms)
2026-07-11 04:57:05,734 [INFO] Pass: FixedPoint - 0.00286 (ms)
2026-07-11 04:57:05,734 [INFO] Pass: RemoveIdentityEquivalent - 0.00453 (ms)
2026-07-11 04:57:05,735 [INFO] Pass: Optimize1qGatesDecomposition - 0.14663 (ms)
2026-07-11 04:57:05,735 [INFO] Pass: CommutativeCancellation - 0.08249 (ms)
2026-07-11 04:57:05,735 [INFO] Pass: ContractIdleWiresInControlFlow - 0.00215 (ms)
2026-07-11 04:57:05,735 [INFO] Pass: GatesInBasis - 0.01884 (ms)
2026-07-11 04:57:05,735 [INFO] Pass: Depth - 0.02098 (ms)
2026-07-11 04:57:05,735 [INFO] Pass: FixedPoint - 0.00381 (ms)
2026-07-11 04:57:05,735 [INFO] Pass: Size - 0.00238 (ms)
2026-07-11 04:57:05,735 [INFO] Pass: FixedPoint - 0.00286 (ms)
2026-07-11 04:57:05,735 [INFO] Pass: ContainsInstruction - 0.00548 (ms)
2026-07-11 04:57:05,735 [INFO] Total Transpile Time - 87.05926 (ms)
2026-07-11 04:57:05,821 [INFO] Pass: ContainsInstruction - 0.00978 (ms)
2026-07-11 04:57:05,821 [INFO] Pass: UnitarySynthesis - 0.00691 (ms)
2026-07-11 04:57:05,821 [INFO] Pass: HighLevelSynthesis - 0.00739 (ms)
2026-07-11 04:57:05,821 [INFO] Pass: BasisTranslator - 0.05102 (ms)
2026-07-11 04:57:05,821 [INFO] Pass: ElidePermutations - 0.00310 (ms)
2026-07-11 04:57:05,821 [INFO] Pass: RemoveDiagonalGatesBeforeMeasure - 0.00620 (ms)
2026-07-11 04:57:05,822 [INFO] Pass: RemoveIdentityEquivalent - 0.00525 (ms)
2026-07-11 04:57:05,822 [INFO] Pass: InverseCancellation - 0.02074 (ms)
2026-07-11 04:57:05,822 [INFO] Pass: ContractIdleWiresInControlFlow - 0.00191 (ms)
2026-07-11 04:57:05,822 [INFO] Pass: CommutativeCancellation - 0.05698 (ms)
2026-07-11 04:57:05,822 [INFO] Pass: ConsolidateBlocks - 0.03815 (ms)
2026-07-11 04:57:05,822 [INFO] Pass: Split2QUnitaries - 0.00286 (ms)
2026-07-11 04:57:05,822 [INFO] Pass: UnitarySynthesis - 0.00548 (ms)
2026-07-11 04:57:05,822 [INFO] Pass: HighLevelSynthesis - 0.02456 (ms)
2026-07-11 04:57:05,822 [INFO] Pass: BasisTranslator - 0.06366 (ms)
2026-07-11 04:57:05,822 [INFO] Pass: ConsolidateBlocks - 0.04959 (ms)
2026-07-11 04:57:05,822 [INFO] Pass: UnitarySynthesis - 0.00477 (ms)
2026-07-11 04:57:05,822 [INFO] Pass: Depth - 0.02003 (ms)
2026-07-11 04:57:05,822 [INFO] Pass: FixedPoint - 0.00429 (ms)
2026-07-11 04:57:05,822 [INFO] Pass: Size - 0.00286 (ms)
2026-07-11 04:57:05,822 [INFO] Pass: FixedPoint - 0.00286 (ms)
2026-07-11 04:57:05,822 [INFO] Pass: RemoveIdentityEquivalent - 0.00477 (ms)
2026-07-11 04:57:05,822 [INFO] Pass: Optimize1qGatesDecomposition - 0.16546 (ms)
2026-07-11 04:57:05,822 [INFO] Pass: CommutativeCancellation - 0.07486 (ms)
2026-07-11 04:57:05,823 [INFO] Pass: ContractIdleWiresInControlFlow - 0.00215 (ms)
2026-07-11 04:57:05,823 [INFO] Pass: GatesInBasis - 0.01907 (ms)
2026-07-11 04:57:05,823 [INFO] Pass: Depth - 0.01979 (ms)
2026-07-11 04:57:05,823 [INFO] Pass: FixedPoint - 0.00358 (ms)
2026-07-11 04:57:05,823 [INFO] Pass: Size - 0.00238 (ms)
2026-07-11 04:57:05,823 [INFO] Pass: FixedPoint - 0.00310 (ms)
2026-07-11 04:57:05,823 [INFO] Pass: RemoveIdentityEquivalent - 0.00453 (ms)
2026-07-11 04:57:05,823 [INFO] Pass: Optimize1qGatesDecomposition - 0.14019 (ms)
2026-07-11 04:57:05,823 [INFO] Pass: CommutativeCancellation - 0.06890 (ms)
2026-07-11 04:57:05,823 [INFO] Pass: ContractIdleWiresInControlFlow - 0.00143 (ms)
2026-07-11 04:57:05,823 [INFO] Pass: GatesInBasis - 0.01788 (ms)
2026-07-11 04:57:05,823 [INFO] Pass: Depth - 0.01740 (ms)
2026-07-11 04:57:05,823 [INFO] Pass: FixedPoint - 0.00310 (ms)
2026-07-11 04:57:05,823 [INFO] Pass: Size - 0.00191 (ms)
2026-07-11 04:57:05,823 [INFO] Pass: FixedPoint - 0.00262 (ms)
2026-07-11 04:57:05,823 [INFO] Pass: ContainsInstruction - 0.00548 (ms)
2026-07-11 04:57:05,823 [INFO] Total Transpile Time - 87.92114 (ms)
2026-07-11 05:18:21,611 [INFO] [PCE] n=150 instancia 24/100 completada en 0:00:21:16 — transcurrido=0:08:01:23 restante_estimado=1:01:24:23
2026-07-11 05:18:21,716 [INFO] Pass: ContainsInstruction - 0.01121 (ms)
2026-07-11 05:18:21,716 [INFO] Pass: UnitarySynthesis - 0.00715 (ms)
2026-07-11 05:18:21,716 [INFO] Pass: HighLevelSynthesis - 0.00858 (ms)
2026-07-11 05:18:21,716 [INFO] Pass: BasisTranslator - 0.05841 (ms)
2026-07-11 05:18:21,716 [INFO] Pass: ElidePermutations - 0.00477 (ms)
2026-07-11 05:18:21,716 [INFO] Pass: RemoveDiagonalGatesBeforeMeasure - 0.00811 (ms)
2026-07-11 05:18:21,716 [INFO] Pass: RemoveIdentityEquivalent - 0.00358 (ms)
2026-07-11 05:18:21,716 [INFO] Pass: InverseCancellation - 0.00572 (ms)
2026-07-11 05:18:21,716 [INFO] Pass: ContractIdleWiresInControlFlow - 0.00167 (ms)
2026-07-11 05:18:21,716 [INFO] Pass: CommutativeCancellation - 0.05555 (ms)
2026-07-11 05:18:21,716 [INFO] Pass: ConsolidateBlocks - 0.05126 (ms)
2026-07-11 05:18:21,716 [INFO] Pass: Split2QUnitaries - 0.00286 (ms)
2026-07-11 05:18:21,716 [INFO] Pass: UnitarySynthesis - 0.00501 (ms)
2026-07-11 05:18:21,716 [INFO] Pass: HighLevelSynthesis - 0.02289 (ms)
2026-07-11 05:18:21,716 [INFO] Pass: BasisTranslator - 0.06485 (ms)
2026-07-11 05:18:21,717 [INFO] Pass: ConsolidateBlocks - 0.04816 (ms)
2026-07-11 05:18:21,717 [INFO] Pass: UnitarySynthesis - 0.00429 (ms)
2026-07-11 05:18:21,717 [INFO] Pass: Depth - 0.01931 (ms)
2026-07-11 05:18:21,717 [INFO] Pass: FixedPoint - 0.00453 (ms)
2026-07-11 05:18:21,717 [INFO] Pass: Size - 0.00310 (ms)
2026-07-11 05:18:21,717 [INFO] Pass: FixedPoint - 0.00286 (ms)
2026-07-11 05:18:21,717 [INFO] Pass: RemoveIdentityEquivalent - 0.00262 (ms)
2026-07-11 05:18:21,717 [INFO] Pass: Optimize1qGatesDecomposition - 0.03529 (ms)
2026-07-11 05:18:21,717 [INFO] Pass: CommutativeCancellation - 0.07224 (ms)
2026-07-11 05:18:21,717 [INFO] Pass: ContractIdleWiresInControlFlow - 0.00167 (ms)
2026-07-11 05:18:21,717 [INFO] Pass: GatesInBasis - 0.01836 (ms)
2026-07-11 05:18:21,717 [INFO] Pass: Depth - 0.01717 (ms)
2026-07-11 05:18:21,717 [INFO] Pass: FixedPoint - 0.00358 (ms)
2026-07-11 05:18:21,717 [INFO] Pass: Size - 0.00167 (ms)
2026-07-11 05:18:21,717 [INFO] Pass: FixedPoint - 0.00286 (ms)
2026-07-11 05:18:21,717 [INFO] Pass: ContainsInstruction - 0.00501 (ms)
2026-07-11 05:18:21,717 [INFO] Total Transpile Time - 89.69402 (ms)
2026-07-11 05:18:21,804 [INFO] Pass: ContainsInstruction - 0.00930 (ms)
2026-07-11 05:18:21,804 [INFO] Pass: UnitarySynthesis - 0.00644 (ms)
2026-07-11 05:18:21,804 [INFO] Pass: HighLevelSynthesis - 0.00763 (ms)
2026-07-11 05:18:21,804 [INFO] Pass: BasisTranslator - 0.06056 (ms)
2026-07-11 05:18:21,804 [INFO] Pass: ElidePermutations - 0.00381 (ms)
2026-07-11 05:18:21,804 [INFO] Pass: RemoveDiagonalGatesBeforeMeasure - 0.00620 (ms)
2026-07-11 05:18:21,804 [INFO] Pass: RemoveIdentityEquivalent - 0.00501 (ms)
2026-07-11 05:18:21,804 [INFO] Pass: InverseCancellation - 0.02241 (ms)
2026-07-11 05:18:21,804 [INFO] Pass: ContractIdleWiresInControlFlow - 0.00215 (ms)
2026-07-11 05:18:21,805 [INFO] Pass: CommutativeCancellation - 0.06175 (ms)
2026-07-11 05:18:21,805 [INFO] Pass: ConsolidateBlocks - 0.04148 (ms)
2026-07-11 05:18:21,805 [INFO] Pass: Split2QUnitaries - 0.00238 (ms)
2026-07-11 05:18:21,805 [INFO] Pass: UnitarySynthesis - 0.00525 (ms)
2026-07-11 05:18:21,805 [INFO] Pass: HighLevelSynthesis - 0.02337 (ms)
2026-07-11 05:18:21,805 [INFO] Pass: BasisTranslator - 0.06604 (ms)
2026-07-11 05:18:21,805 [INFO] Pass: ConsolidateBlocks - 0.04792 (ms)
2026-07-11 05:18:21,805 [INFO] Pass: UnitarySynthesis - 0.00453 (ms)
2026-07-11 05:18:21,805 [INFO] Pass: Depth - 0.01955 (ms)
2026-07-11 05:18:21,805 [INFO] Pass: FixedPoint - 0.00381 (ms)
2026-07-11 05:18:21,805 [INFO] Pass: Size - 0.00286 (ms)
2026-07-11 05:18:21,805 [INFO] Pass: FixedPoint - 0.00286 (ms)
2026-07-11 05:18:21,805 [INFO] Pass: RemoveIdentityEquivalent - 0.00381 (ms)
2026-07-11 05:18:21,805 [INFO] Pass: Optimize1qGatesDecomposition - 0.14830 (ms)
2026-07-11 05:18:21,805 [INFO] Pass: CommutativeCancellation - 0.08988 (ms)
2026-07-11 05:18:21,805 [INFO] Pass: ContractIdleWiresInControlFlow - 0.00167 (ms)
2026-07-11 05:18:21,805 [INFO] Pass: GatesInBasis - 0.01931 (ms)
2026-07-11 05:18:21,805 [INFO] Pass: Depth - 0.02003 (ms)
2026-07-11 05:18:21,805 [INFO] Pass: FixedPoint - 0.00405 (ms)
2026-07-11 05:18:21,805 [INFO] Pass: Size - 0.00238 (ms)
2026-07-11 05:18:21,805 [INFO] Pass: FixedPoint - 0.00310 (ms)
2026-07-11 05:18:21,806 [INFO] Pass: ContainsInstruction - 0.00525 (ms)
2026-07-11 05:18:21,806 [INFO] Total Transpile Time - 88.01627 (ms)
2026-07-11 05:18:21,893 [INFO] Pass: ContainsInstruction - 0.00906 (ms)
2026-07-11 05:18:21,893 [INFO] Pass: UnitarySynthesis - 0.00620 (ms)
2026-07-11 05:18:21,893 [INFO] Pass: HighLevelSynthesis - 0.00715 (ms)
2026-07-11 05:18:21,893 [INFO] Pass: BasisTranslator - 0.05054 (ms)
2026-07-11 05:18:21,893 [INFO] Pass: ElidePermutations - 0.00310 (ms)
2026-07-11 05:18:21,893 [INFO] Pass: RemoveDiagonalGatesBeforeMeasure - 0.00620 (ms)
2026-07-11 05:18:21,893 [INFO] Pass: RemoveIdentityEquivalent - 0.00572 (ms)
2026-07-11 05:18:21,893 [INFO] Pass: InverseCancellation - 0.02170 (ms)
2026-07-11 05:18:21,893 [INFO] Pass: ContractIdleWiresInControlFlow - 0.00215 (ms)
2026-07-11 05:18:21,893 [INFO] Pass: CommutativeCancellation - 0.05770 (ms)
2026-07-11 05:18:21,893 [INFO] Pass: ConsolidateBlocks - 0.03839 (ms)
2026-07-11 05:18:21,893 [INFO] Pass: Split2QUnitaries - 0.00238 (ms)
2026-07-11 05:18:21,893 [INFO] Pass: UnitarySynthesis - 0.00548 (ms)
2026-07-11 05:18:21,893 [INFO] Pass: HighLevelSynthesis - 0.02456 (ms)
2026-07-11 05:18:21,894 [INFO] Pass: BasisTranslator - 0.06342 (ms)
2026-07-11 05:18:21,894 [INFO] Pass: ConsolidateBlocks - 0.04888 (ms)
2026-07-11 05:18:21,894 [INFO] Pass: UnitarySynthesis - 0.00453 (ms)
2026-07-11 05:18:21,894 [INFO] Pass: Depth - 0.02027 (ms)
2026-07-11 05:18:21,894 [INFO] Pass: FixedPoint - 0.00405 (ms)
2026-07-11 05:18:21,894 [INFO] Pass: Size - 0.00286 (ms)
2026-07-11 05:18:21,894 [INFO] Pass: FixedPoint - 0.00286 (ms)
2026-07-11 05:18:21,894 [INFO] Pass: RemoveIdentityEquivalent - 0.00525 (ms)
2026-07-11 05:18:21,894 [INFO] Pass: Optimize1qGatesDecomposition - 0.16236 (ms)
2026-07-11 05:18:21,894 [INFO] Pass: CommutativeCancellation - 0.07391 (ms)
2026-07-11 05:18:21,894 [INFO] Pass: ContractIdleWiresInControlFlow - 0.00215 (ms)
2026-07-11 05:18:21,894 [INFO] Pass: GatesInBasis - 0.01931 (ms)
2026-07-11 05:18:21,894 [INFO] Pass: Depth - 0.01860 (ms)
2026-07-11 05:18:21,894 [INFO] Pass: FixedPoint - 0.00381 (ms)
2026-07-11 05:18:21,894 [INFO] Pass: Size - 0.00238 (ms)
2026-07-11 05:18:21,894 [INFO] Pass: FixedPoint - 0.00286 (ms)
2026-07-11 05:18:21,894 [INFO] Pass: RemoveIdentityEquivalent - 0.00453 (ms)
2026-07-11 05:18:21,894 [INFO] Pass: Optimize1qGatesDecomposition - 0.13733 (ms)
2026-07-11 05:18:21,895 [INFO] Pass: CommutativeCancellation - 0.06604 (ms)
2026-07-11 05:18:21,895 [INFO] Pass: ContractIdleWiresInControlFlow - 0.00191 (ms)
2026-07-11 05:18:21,895 [INFO] Pass: GatesInBasis - 0.01836 (ms)
2026-07-11 05:18:21,895 [INFO] Pass: Depth - 0.01931 (ms)
2026-07-11 05:18:21,895 [INFO] Pass: FixedPoint - 0.00358 (ms)
2026-07-11 05:18:21,895 [INFO] Pass: Size - 0.00215 (ms)
2026-07-11 05:18:21,895 [INFO] Pass: FixedPoint - 0.00262 (ms)
2026-07-11 05:18:21,895 [INFO] Pass: ContainsInstruction - 0.00501 (ms)
2026-07-11 05:18:21,895 [INFO] Total Transpile Time - 88.85121 (ms)
2026-07-11 05:38:35,693 [INFO] [PCE] n=150 instancia 25/100 completada en 0:00:20:14 — transcurrido=0:08:21:37 restante_estimado=1:01:04:52
2026-07-11 05:38:35,798 [INFO] Pass: ContainsInstruction - 0.01097 (ms)
2026-07-11 05:38:35,798 [INFO] Pass: UnitarySynthesis - 0.00739 (ms)
2026-07-11 05:38:35,798 [INFO] Pass: HighLevelSynthesis - 0.00882 (ms)
2026-07-11 05:38:35,798 [INFO] Pass: BasisTranslator - 0.05984 (ms)
2026-07-11 05:38:35,798 [INFO] Pass: ElidePermutations - 0.00477 (ms)
2026-07-11 05:38:35,798 [INFO] Pass: RemoveDiagonalGatesBeforeMeasure - 0.00811 (ms)
2026-07-11 05:38:35,798 [INFO] Pass: RemoveIdentityEquivalent - 0.00381 (ms)
2026-07-11 05:38:35,798 [INFO] Pass: InverseCancellation - 0.00525 (ms)
2026-07-11 05:38:35,798 [INFO] Pass: ContractIdleWiresInControlFlow - 0.00238 (ms)
2026-07-11 05:38:35,798 [INFO] Pass: CommutativeCancellation - 0.05198 (ms)
2026-07-11 05:38:35,798 [INFO] Pass: ConsolidateBlocks - 0.05007 (ms)
2026-07-11 05:38:35,798 [INFO] Pass: Split2QUnitaries - 0.00334 (ms)
2026-07-11 05:38:35,798 [INFO] Pass: UnitarySynthesis - 0.00477 (ms)
2026-07-11 05:38:35,798 [INFO] Pass: HighLevelSynthesis - 0.02337 (ms)
2026-07-11 05:38:35,798 [INFO] Pass: BasisTranslator - 0.06723 (ms)
2026-07-11 05:38:35,799 [INFO] Pass: ConsolidateBlocks - 0.04768 (ms)
2026-07-11 05:38:35,799 [INFO] Pass: UnitarySynthesis - 0.00429 (ms)
2026-07-11 05:38:35,799 [INFO] Pass: Depth - 0.01931 (ms)
2026-07-11 05:38:35,799 [INFO] Pass: FixedPoint - 0.00453 (ms)
2026-07-11 05:38:35,799 [INFO] Pass: Size - 0.00310 (ms)
2026-07-11 05:38:35,799 [INFO] Pass: FixedPoint - 0.00286 (ms)
2026-07-11 05:38:35,799 [INFO] Pass: RemoveIdentityEquivalent - 0.00238 (ms)
2026-07-11 05:38:35,799 [INFO] Pass: Optimize1qGatesDecomposition - 0.03362 (ms)
2026-07-11 05:38:35,799 [INFO] Pass: CommutativeCancellation - 0.07153 (ms)
2026-07-11 05:38:35,799 [INFO] Pass: ContractIdleWiresInControlFlow - 0.00191 (ms)
2026-07-11 05:38:35,799 [INFO] Pass: GatesInBasis - 0.01979 (ms)
2026-07-11 05:38:35,799 [INFO] Pass: Depth - 0.01717 (ms)
2026-07-11 05:38:35,799 [INFO] Pass: FixedPoint - 0.00334 (ms)
2026-07-11 05:38:35,799 [INFO] Pass: Size - 0.00167 (ms)
2026-07-11 05:38:35,799 [INFO] Pass: FixedPoint - 0.00286 (ms)
2026-07-11 05:38:35,799 [INFO] Pass: ContainsInstruction - 0.00453 (ms)
2026-07-11 05:38:35,799 [INFO] Total Transpile Time - 90.00278 (ms)
2026-07-11 05:38:35,886 [INFO] Pass: ContainsInstruction - 0.00954 (ms)
2026-07-11 05:38:35,886 [INFO] Pass: UnitarySynthesis - 0.00644 (ms)
2026-07-11 05:38:35,886 [INFO] Pass: HighLevelSynthesis - 0.00739 (ms)
2026-07-11 05:38:35,887 [INFO] Pass: BasisTranslator - 0.05293 (ms)
2026-07-11 05:38:35,887 [INFO] Pass: ElidePermutations - 0.00381 (ms)
2026-07-11 05:38:35,887 [INFO] Pass: RemoveDiagonalGatesBeforeMeasure - 0.00739 (ms)
2026-07-11 05:38:35,887 [INFO] Pass: RemoveIdentityEquivalent - 0.00501 (ms)
2026-07-11 05:38:35,887 [INFO] Pass: InverseCancellation - 0.02170 (ms)
2026-07-11 05:38:35,887 [INFO] Pass: ContractIdleWiresInControlFlow - 0.00215 (ms)
2026-07-11 05:38:35,887 [INFO] Pass: CommutativeCancellation - 0.05794 (ms)
2026-07-11 05:38:35,887 [INFO] Pass: ConsolidateBlocks - 0.03958 (ms)
2026-07-11 05:38:35,887 [INFO] Pass: Split2QUnitaries - 0.00286 (ms)
2026-07-11 05:38:35,887 [INFO] Pass: UnitarySynthesis - 0.00525 (ms)
2026-07-11 05:38:35,887 [INFO] Pass: HighLevelSynthesis - 0.02337 (ms)
2026-07-11 05:38:35,887 [INFO] Pass: BasisTranslator - 0.06557 (ms)
2026-07-11 05:38:35,887 [INFO] Pass: ConsolidateBlocks - 0.04888 (ms)
2026-07-11 05:38:35,887 [INFO] Pass: UnitarySynthesis - 0.00477 (ms)
2026-07-11 05:38:35,887 [INFO] Pass: Depth - 0.02050 (ms)
2026-07-11 05:38:35,887 [INFO] Pass: FixedPoint - 0.00429 (ms)
2026-07-11 05:38:35,887 [INFO] Pass: Size - 0.00238 (ms)
2026-07-11 05:38:35,887 [INFO] Pass: FixedPoint - 0.00286 (ms)
2026-07-11 05:38:35,887 [INFO] Pass: RemoveIdentityEquivalent - 0.00429 (ms)
2026-07-11 05:38:35,887 [INFO] Pass: Optimize1qGatesDecomposition - 0.14758 (ms)
2026-07-11 05:38:35,888 [INFO] Pass: CommutativeCancellation - 0.08225 (ms)
2026-07-11 05:38:35,888 [INFO] Pass: ContractIdleWiresInControlFlow - 0.00191 (ms)
2026-07-11 05:38:35,888 [INFO] Pass: GatesInBasis - 0.01836 (ms)
2026-07-11 05:38:35,888 [INFO] Pass: Depth - 0.01812 (ms)
2026-07-11 05:38:35,888 [INFO] Pass: FixedPoint - 0.00358 (ms)
2026-07-11 05:38:35,888 [INFO] Pass: Size - 0.00238 (ms)
2026-07-11 05:38:35,888 [INFO] Pass: FixedPoint - 0.00310 (ms)
2026-07-11 05:38:35,888 [INFO] Pass: ContainsInstruction - 0.00501 (ms)
2026-07-11 05:38:35,888 [INFO] Total Transpile Time - 88.30500 (ms)
2026-07-11 05:38:35,975 [INFO] Pass: ContainsInstruction - 0.00930 (ms)
2026-07-11 05:38:35,975 [INFO] Pass: UnitarySynthesis - 0.00620 (ms)
2026-07-11 05:38:35,975 [INFO] Pass: HighLevelSynthesis - 0.00715 (ms)
2026-07-11 05:38:35,975 [INFO] Pass: BasisTranslator - 0.05102 (ms)
2026-07-11 05:38:35,975 [INFO] Pass: ElidePermutations - 0.00310 (ms)
2026-07-11 05:38:35,975 [INFO] Pass: RemoveDiagonalGatesBeforeMeasure - 0.00644 (ms)
2026-07-11 05:38:35,976 [INFO] Pass: RemoveIdentityEquivalent - 0.00525 (ms)
2026-07-11 05:38:35,976 [INFO] Pass: InverseCancellation - 0.02122 (ms)
2026-07-11 05:38:35,976 [INFO] Pass: ContractIdleWiresInControlFlow - 0.00191 (ms)
2026-07-11 05:38:35,976 [INFO] Pass: CommutativeCancellation - 0.05960 (ms)
2026-07-11 05:38:35,976 [INFO] Pass: ConsolidateBlocks - 0.03862 (ms)
2026-07-11 05:38:35,976 [INFO] Pass: Split2QUnitaries - 0.00215 (ms)
2026-07-11 05:38:35,976 [INFO] Pass: UnitarySynthesis - 0.00501 (ms)
2026-07-11 05:38:35,976 [INFO] Pass: HighLevelSynthesis - 0.02432 (ms)
2026-07-11 05:38:35,976 [INFO] Pass: BasisTranslator - 0.06580 (ms)
2026-07-11 05:38:35,976 [INFO] Pass: ConsolidateBlocks - 0.04840 (ms)
2026-07-11 05:38:35,976 [INFO] Pass: UnitarySynthesis - 0.00477 (ms)
2026-07-11 05:38:35,976 [INFO] Pass: Depth - 0.02003 (ms)
2026-07-11 05:38:35,976 [INFO] Pass: FixedPoint - 0.00405 (ms)
2026-07-11 05:38:35,976 [INFO] Pass: Size - 0.00262 (ms)
2026-07-11 05:38:35,976 [INFO] Pass: FixedPoint - 0.00286 (ms)
2026-07-11 05:38:35,976 [INFO] Pass: RemoveIdentityEquivalent - 0.00525 (ms)
2026-07-11 05:38:35,976 [INFO] Pass: Optimize1qGatesDecomposition - 0.16594 (ms)
2026-07-11 05:38:35,976 [INFO] Pass: CommutativeCancellation - 0.07248 (ms)
2026-07-11 05:38:35,977 [INFO] Pass: ContractIdleWiresInControlFlow - 0.00191 (ms)
2026-07-11 05:38:35,977 [INFO] Pass: GatesInBasis - 0.01907 (ms)
2026-07-11 05:38:35,977 [INFO] Pass: Depth - 0.01907 (ms)
2026-07-11 05:38:35,977 [INFO] Pass: FixedPoint - 0.00358 (ms)
2026-07-11 05:38:35,977 [INFO] Pass: Size - 0.00191 (ms)
2026-07-11 05:38:35,977 [INFO] Pass: FixedPoint - 0.00286 (ms)
2026-07-11 05:38:35,977 [INFO] Pass: RemoveIdentityEquivalent - 0.00429 (ms)
2026-07-11 05:38:35,977 [INFO] Pass: Optimize1qGatesDecomposition - 0.13804 (ms)
2026-07-11 05:38:35,977 [INFO] Pass: CommutativeCancellation - 0.06533 (ms)
2026-07-11 05:38:35,977 [INFO] Pass: ContractIdleWiresInControlFlow - 0.00191 (ms)
2026-07-11 05:38:35,977 [INFO] Pass: GatesInBasis - 0.01788 (ms)
2026-07-11 05:38:35,977 [INFO] Pass: Depth - 0.01764 (ms)
2026-07-11 05:38:35,977 [INFO] Pass: FixedPoint - 0.00334 (ms)
2026-07-11 05:38:35,977 [INFO] Pass: Size - 0.00215 (ms)
2026-07-11 05:38:35,977 [INFO] Pass: FixedPoint - 0.00262 (ms)
2026-07-11 05:38:35,977 [INFO] Pass: ContainsInstruction - 0.00501 (ms)
2026-07-11 05:38:35,977 [INFO] Total Transpile Time - 89.00928 (ms)
2026-07-11 06:00:15,355 [INFO] [PCE] n=150 instancia 26/100 completada en 0:00:21:40 — transcurrido=0:08:43:17 restante_estimado=1:00:49:20
2026-07-11 06:00:15,459 [INFO] Pass: ContainsInstruction - 0.01168 (ms)
2026-07-11 06:00:15,459 [INFO] Pass: UnitarySynthesis - 0.00691 (ms)
2026-07-11 06:00:15,459 [INFO] Pass: HighLevelSynthesis - 0.00882 (ms)
2026-07-11 06:00:15,459 [INFO] Pass: BasisTranslator - 0.05913 (ms)
2026-07-11 06:00:15,459 [INFO] Pass: ElidePermutations - 0.00477 (ms)
2026-07-11 06:00:15,459 [INFO] Pass: RemoveDiagonalGatesBeforeMeasure - 0.00858 (ms)
2026-07-11 06:00:15,459 [INFO] Pass: RemoveIdentityEquivalent - 0.00429 (ms)
2026-07-11 06:00:15,459 [INFO] Pass: InverseCancellation - 0.00525 (ms)
2026-07-11 06:00:15,459 [INFO] Pass: ContractIdleWiresInControlFlow - 0.00191 (ms)
2026-07-11 06:00:15,459 [INFO] Pass: CommutativeCancellation - 0.05674 (ms)
2026-07-11 06:00:15,459 [INFO] Pass: ConsolidateBlocks - 0.04125 (ms)
2026-07-11 06:00:15,459 [INFO] Pass: Split2QUnitaries - 0.00262 (ms)
2026-07-11 06:00:15,459 [INFO] Pass: UnitarySynthesis - 0.00525 (ms)
2026-07-11 06:00:15,459 [INFO] Pass: HighLevelSynthesis - 0.02289 (ms)
2026-07-11 06:00:15,459 [INFO] Pass: BasisTranslator - 0.06175 (ms)
2026-07-11 06:00:15,459 [INFO] Pass: ConsolidateBlocks - 0.05126 (ms)
2026-07-11 06:00:15,459 [INFO] Pass: UnitarySynthesis - 0.00477 (ms)
2026-07-11 06:00:15,459 [INFO] Pass: Depth - 0.02146 (ms)
2026-07-11 06:00:15,459 [INFO] Pass: FixedPoint - 0.00453 (ms)
2026-07-11 06:00:15,459 [INFO] Pass: Size - 0.00310 (ms)
2026-07-11 06:00:15,459 [INFO] Pass: FixedPoint - 0.00286 (ms)
2026-07-11 06:00:15,459 [INFO] Pass: RemoveIdentityEquivalent - 0.00286 (ms)
2026-07-11 06:00:15,460 [INFO] Pass: Optimize1qGatesDecomposition - 0.03290 (ms)
2026-07-11 06:00:15,460 [INFO] Pass: CommutativeCancellation - 0.07391 (ms)
2026-07-11 06:00:15,460 [INFO] Pass: ContractIdleWiresInControlFlow - 0.00215 (ms)
2026-07-11 06:00:15,460 [INFO] Pass: GatesInBasis - 0.01979 (ms)
2026-07-11 06:00:15,460 [INFO] Pass: Depth - 0.01693 (ms)
2026-07-11 06:00:15,460 [INFO] Pass: FixedPoint - 0.00334 (ms)
2026-07-11 06:00:15,460 [INFO] Pass: Size - 0.00215 (ms)
2026-07-11 06:00:15,460 [INFO] Pass: FixedPoint - 0.00286 (ms)
2026-07-11 06:00:15,460 [INFO] Pass: ContainsInstruction - 0.00477 (ms)
2026-07-11 06:00:15,460 [INFO] Total Transpile Time - 88.88745 (ms)
2026-07-11 06:00:15,546 [INFO] Pass: ContainsInstruction - 0.01001 (ms)
2026-07-11 06:00:15,546 [INFO] Pass: UnitarySynthesis - 0.00644 (ms)
2026-07-11 06:00:15,546 [INFO] Pass: HighLevelSynthesis - 0.00763 (ms)
2026-07-11 06:00:15,546 [INFO] Pass: BasisTranslator - 0.05364 (ms)
2026-07-11 06:00:15,546 [INFO] Pass: ElidePermutations - 0.00405 (ms)
2026-07-11 06:00:15,546 [INFO] Pass: RemoveDiagonalGatesBeforeMeasure - 0.00739 (ms)
2026-07-11 06:00:15,546 [INFO] Pass: RemoveIdentityEquivalent - 0.00501 (ms)
2026-07-11 06:00:15,546 [INFO] Pass: InverseCancellation - 0.02193 (ms)
2026-07-11 06:00:15,546 [INFO] Pass: ContractIdleWiresInControlFlow - 0.00215 (ms)
2026-07-11 06:00:15,546 [INFO] Pass: CommutativeCancellation - 0.06270 (ms)
2026-07-11 06:00:15,546 [INFO] Pass: ConsolidateBlocks - 0.04816 (ms)
2026-07-11 06:00:15,546 [INFO] Pass: Split2QUnitaries - 0.00262 (ms)
2026-07-11 06:00:15,546 [INFO] Pass: UnitarySynthesis - 0.00548 (ms)
2026-07-11 06:00:15,546 [INFO] Pass: HighLevelSynthesis - 0.02384 (ms)
2026-07-11 06:00:15,546 [INFO] Pass: BasisTranslator - 0.06318 (ms)
2026-07-11 06:00:15,547 [INFO] Pass: ConsolidateBlocks - 0.04983 (ms)
2026-07-11 06:00:15,547 [INFO] Pass: UnitarySynthesis - 0.00477 (ms)
2026-07-11 06:00:15,547 [INFO] Pass: Depth - 0.02074 (ms)
2026-07-11 06:00:15,547 [INFO] Pass: FixedPoint - 0.00453 (ms)
2026-07-11 06:00:15,547 [INFO] Pass: Size - 0.00310 (ms)
2026-07-11 06:00:15,547 [INFO] Pass: FixedPoint - 0.00286 (ms)
2026-07-11 06:00:15,547 [INFO] Pass: RemoveIdentityEquivalent - 0.00429 (ms)
2026-07-11 06:00:15,547 [INFO] Pass: Optimize1qGatesDecomposition - 0.15068 (ms)
2026-07-11 06:00:15,547 [INFO] Pass: CommutativeCancellation - 0.08154 (ms)
2026-07-11 06:00:15,547 [INFO] Pass: ContractIdleWiresInControlFlow - 0.00191 (ms)
2026-07-11 06:00:15,547 [INFO] Pass: GatesInBasis - 0.01931 (ms)
2026-07-11 06:00:15,547 [INFO] Pass: Depth - 0.01955 (ms)
2026-07-11 06:00:15,547 [INFO] Pass: FixedPoint - 0.00334 (ms)
2026-07-11 06:00:15,547 [INFO] Pass: Size - 0.00215 (ms)
2026-07-11 06:00:15,547 [INFO] Pass: FixedPoint - 0.00286 (ms)
2026-07-11 06:00:15,547 [INFO] Pass: ContainsInstruction - 0.00525 (ms)
2026-07-11 06:00:15,547 [INFO] Total Transpile Time - 86.96365 (ms)
2026-07-11 06:00:15,634 [INFO] Pass: ContainsInstruction - 0.00930 (ms)
2026-07-11 06:00:15,634 [INFO] Pass: UnitarySynthesis - 0.00620 (ms)
2026-07-11 06:00:15,634 [INFO] Pass: HighLevelSynthesis - 0.00715 (ms)
2026-07-11 06:00:15,634 [INFO] Pass: BasisTranslator - 0.05102 (ms)
2026-07-11 06:00:15,634 [INFO] Pass: ElidePermutations - 0.00334 (ms)
2026-07-11 06:00:15,634 [INFO] Pass: RemoveDiagonalGatesBeforeMeasure - 0.00620 (ms)
2026-07-11 06:00:15,634 [INFO] Pass: RemoveIdentityEquivalent - 0.00501 (ms)
2026-07-11 06:00:15,634 [INFO] Pass: InverseCancellation - 0.02122 (ms)
2026-07-11 06:00:15,634 [INFO] Pass: ContractIdleWiresInControlFlow - 0.00215 (ms)
2026-07-11 06:00:15,634 [INFO] Pass: CommutativeCancellation - 0.05889 (ms)
2026-07-11 06:00:15,634 [INFO] Pass: ConsolidateBlocks - 0.03815 (ms)
2026-07-11 06:00:15,634 [INFO] Pass: Split2QUnitaries - 0.00215 (ms)
2026-07-11 06:00:15,634 [INFO] Pass: UnitarySynthesis - 0.00525 (ms)
2026-07-11 06:00:15,634 [INFO] Pass: HighLevelSynthesis - 0.02527 (ms)
2026-07-11 06:00:15,634 [INFO] Pass: BasisTranslator - 0.06795 (ms)
2026-07-11 06:00:15,634 [INFO] Pass: ConsolidateBlocks - 0.05651 (ms)
2026-07-11 06:00:15,634 [INFO] Pass: UnitarySynthesis - 0.00501 (ms)
2026-07-11 06:00:15,634 [INFO] Pass: Depth - 0.01979 (ms)
2026-07-11 06:00:15,634 [INFO] Pass: FixedPoint - 0.00405 (ms)
2026-07-11 06:00:15,634 [INFO] Pass: Size - 0.00262 (ms)
2026-07-11 06:00:15,634 [INFO] Pass: FixedPoint - 0.00286 (ms)
2026-07-11 06:00:15,634 [INFO] Pass: RemoveIdentityEquivalent - 0.00548 (ms)
2026-07-11 06:00:15,635 [INFO] Pass: Optimize1qGatesDecomposition - 0.15759 (ms)
2026-07-11 06:00:15,635 [INFO] Pass: CommutativeCancellation - 0.07343 (ms)
2026-07-11 06:00:15,635 [INFO] Pass: ContractIdleWiresInControlFlow - 0.00191 (ms)
2026-07-11 06:00:15,635 [INFO] Pass: GatesInBasis - 0.01884 (ms)
2026-07-11 06:00:15,635 [INFO] Pass: Depth - 0.01907 (ms)
2026-07-11 06:00:15,635 [INFO] Pass: FixedPoint - 0.00358 (ms)
2026-07-11 06:00:15,635 [INFO] Pass: Size - 0.00191 (ms)
2026-07-11 06:00:15,635 [INFO] Pass: FixedPoint - 0.00262 (ms)
2026-07-11 06:00:15,635 [INFO] Pass: RemoveIdentityEquivalent - 0.00453 (ms)
2026-07-11 06:00:15,635 [INFO] Pass: Optimize1qGatesDecomposition - 0.13876 (ms)
2026-07-11 06:00:15,635 [INFO] Pass: CommutativeCancellation - 0.06843 (ms)
2026-07-11 06:00:15,635 [INFO] Pass: ContractIdleWiresInControlFlow - 0.00167 (ms)
2026-07-11 06:00:15,635 [INFO] Pass: GatesInBasis - 0.02456 (ms)
2026-07-11 06:00:15,635 [INFO] Pass: Depth - 0.01860 (ms)
2026-07-11 06:00:15,635 [INFO] Pass: FixedPoint - 0.00334 (ms)
2026-07-11 06:00:15,635 [INFO] Pass: Size - 0.00238 (ms)
2026-07-11 06:00:15,635 [INFO] Pass: FixedPoint - 0.00286 (ms)
2026-07-11 06:00:15,635 [INFO] Pass: ContainsInstruction - 0.00548 (ms)
2026-07-11 06:00:15,636 [INFO] Total Transpile Time - 87.80527 (ms)
2026-07-11 06:22:42,748 [INFO] [PCE] n=150 instancia 27/100 completada en 0:00:22:27 — transcurrido=0:09:05:44 restante_estimado=1:00:35:31
2026-07-11 06:22:42,851 [INFO] Pass: ContainsInstruction - 0.01144 (ms)
2026-07-11 06:22:42,851 [INFO] Pass: UnitarySynthesis - 0.00739 (ms)
2026-07-11 06:22:42,852 [INFO] Pass: HighLevelSynthesis - 0.00834 (ms)
2026-07-11 06:22:42,852 [INFO] Pass: BasisTranslator - 0.05817 (ms)
2026-07-11 06:22:42,852 [INFO] Pass: ElidePermutations - 0.00525 (ms)
2026-07-11 06:22:42,852 [INFO] Pass: RemoveDiagonalGatesBeforeMeasure - 0.00787 (ms)
2026-07-11 06:22:42,852 [INFO] Pass: RemoveIdentityEquivalent - 0.00334 (ms)
2026-07-11 06:22:42,852 [INFO] Pass: InverseCancellation - 0.00501 (ms)
2026-07-11 06:22:42,852 [INFO] Pass: ContractIdleWiresInControlFlow - 0.00191 (ms)
2026-07-11 06:22:42,852 [INFO] Pass: CommutativeCancellation - 0.05436 (ms)
2026-07-11 06:22:42,852 [INFO] Pass: ConsolidateBlocks - 0.04172 (ms)
2026-07-11 06:22:42,852 [INFO] Pass: Split2QUnitaries - 0.00310 (ms)
2026-07-11 06:22:42,852 [INFO] Pass: UnitarySynthesis - 0.00501 (ms)
2026-07-11 06:22:42,852 [INFO] Pass: HighLevelSynthesis - 0.02360 (ms)
2026-07-11 06:22:42,852 [INFO] Pass: BasisTranslator - 0.06604 (ms)
2026-07-11 06:22:42,852 [INFO] Pass: ConsolidateBlocks - 0.04768 (ms)
2026-07-11 06:22:42,852 [INFO] Pass: UnitarySynthesis - 0.00429 (ms)
2026-07-11 06:22:42,852 [INFO] Pass: Depth - 0.01812 (ms)
2026-07-11 06:22:42,852 [INFO] Pass: FixedPoint - 0.00501 (ms)
2026-07-11 06:22:42,852 [INFO] Pass: Size - 0.00381 (ms)
2026-07-11 06:22:42,852 [INFO] Pass: FixedPoint - 0.00310 (ms)
2026-07-11 06:22:42,852 [INFO] Pass: RemoveIdentityEquivalent - 0.00262 (ms)
2026-07-11 06:22:42,852 [INFO] Pass: Optimize1qGatesDecomposition - 0.03147 (ms)
2026-07-11 06:22:42,852 [INFO] Pass: CommutativeCancellation - 0.07510 (ms)
2026-07-11 06:22:42,853 [INFO] Pass: ContractIdleWiresInControlFlow - 0.00191 (ms)
2026-07-11 06:22:42,853 [INFO] Pass: GatesInBasis - 0.01931 (ms)
2026-07-11 06:22:42,853 [INFO] Pass: Depth - 0.01645 (ms)
2026-07-11 06:22:42,853 [INFO] Pass: FixedPoint - 0.00334 (ms)
2026-07-11 06:22:42,853 [INFO] Pass: Size - 0.00191 (ms)
2026-07-11 06:22:42,853 [INFO] Pass: FixedPoint - 0.00286 (ms)
2026-07-11 06:22:42,853 [INFO] Pass: ContainsInstruction - 0.00453 (ms)
2026-07-11 06:22:42,853 [INFO] Total Transpile Time - 89.24389 (ms)
2026-07-11 06:22:42,940 [INFO] Pass: ContainsInstruction - 0.01001 (ms)
2026-07-11 06:22:42,940 [INFO] Pass: UnitarySynthesis - 0.00620 (ms)
2026-07-11 06:22:42,940 [INFO] Pass: HighLevelSynthesis - 0.00787 (ms)
2026-07-11 06:22:42,940 [INFO] Pass: BasisTranslator - 0.05269 (ms)
2026-07-11 06:22:42,940 [INFO] Pass: ElidePermutations - 0.00954 (ms)
2026-07-11 06:22:42,940 [INFO] Pass: RemoveDiagonalGatesBeforeMeasure - 0.00668 (ms)
2026-07-11 06:22:42,940 [INFO] Pass: RemoveIdentityEquivalent - 0.00453 (ms)
2026-07-11 06:22:42,940 [INFO] Pass: InverseCancellation - 0.02146 (ms)
2026-07-11 06:22:42,940 [INFO] Pass: ContractIdleWiresInControlFlow - 0.00167 (ms)
2026-07-11 06:22:42,940 [INFO] Pass: CommutativeCancellation - 0.06199 (ms)
2026-07-11 06:22:42,941 [INFO] Pass: ConsolidateBlocks - 0.03719 (ms)
2026-07-11 06:22:42,941 [INFO] Pass: Split2QUnitaries - 0.00215 (ms)
2026-07-11 06:22:42,941 [INFO] Pass: UnitarySynthesis - 0.00501 (ms)
2026-07-11 06:22:42,941 [INFO] Pass: HighLevelSynthesis - 0.02408 (ms)
2026-07-11 06:22:42,941 [INFO] Pass: BasisTranslator - 0.06199 (ms)
2026-07-11 06:22:42,941 [INFO] Pass: ConsolidateBlocks - 0.04745 (ms)
2026-07-11 06:22:42,941 [INFO] Pass: UnitarySynthesis - 0.00429 (ms)
2026-07-11 06:22:42,941 [INFO] Pass: Depth - 0.01884 (ms)
2026-07-11 06:22:42,941 [INFO] Pass: FixedPoint - 0.00405 (ms)
2026-07-11 06:22:42,941 [INFO] Pass: Size - 0.00238 (ms)
2026-07-11 06:22:42,941 [INFO] Pass: FixedPoint - 0.00286 (ms)
2026-07-11 06:22:42,941 [INFO] Pass: RemoveIdentityEquivalent - 0.00405 (ms)
2026-07-11 06:22:42,941 [INFO] Pass: Optimize1qGatesDecomposition - 0.14353 (ms)
2026-07-11 06:22:42,941 [INFO] Pass: CommutativeCancellation - 0.07653 (ms)
2026-07-11 06:22:42,941 [INFO] Pass: ContractIdleWiresInControlFlow - 0.00191 (ms)
2026-07-11 06:22:42,941 [INFO] Pass: GatesInBasis - 0.01955 (ms)
2026-07-11 06:22:42,941 [INFO] Pass: Depth - 0.01788 (ms)
2026-07-11 06:22:42,941 [INFO] Pass: FixedPoint - 0.00381 (ms)
2026-07-11 06:22:42,941 [INFO] Pass: Size - 0.00215 (ms)
2026-07-11 06:22:42,941 [INFO] Pass: FixedPoint - 0.00286 (ms)
2026-07-11 06:22:42,941 [INFO] Pass: ContainsInstruction - 0.00501 (ms)
2026-07-11 06:22:42,942 [INFO] Total Transpile Time - 88.36412 (ms)
2026-07-11 06:22:43,029 [INFO] Pass: ContainsInstruction - 0.00906 (ms)
2026-07-11 06:22:43,029 [INFO] Pass: UnitarySynthesis - 0.00620 (ms)
2026-07-11 06:22:43,029 [INFO] Pass: HighLevelSynthesis - 0.00715 (ms)
2026-07-11 06:22:43,029 [INFO] Pass: BasisTranslator - 0.05245 (ms)
2026-07-11 06:22:43,029 [INFO] Pass: ElidePermutations - 0.00310 (ms)
2026-07-11 06:22:43,029 [INFO] Pass: RemoveDiagonalGatesBeforeMeasure - 0.00644 (ms)
2026-07-11 06:22:43,030 [INFO] Pass: RemoveIdentityEquivalent - 0.00548 (ms)
2026-07-11 06:22:43,030 [INFO] Pass: InverseCancellation - 0.02217 (ms)
2026-07-11 06:22:43,030 [INFO] Pass: ContractIdleWiresInControlFlow - 0.00191 (ms)
2026-07-11 06:22:43,030 [INFO] Pass: CommutativeCancellation - 0.05817 (ms)
2026-07-11 06:22:43,030 [INFO] Pass: ConsolidateBlocks - 0.03815 (ms)
2026-07-11 06:22:43,030 [INFO] Pass: Split2QUnitaries - 0.00191 (ms)
2026-07-11 06:22:43,030 [INFO] Pass: UnitarySynthesis - 0.00477 (ms)
2026-07-11 06:22:43,030 [INFO] Pass: HighLevelSynthesis - 0.02456 (ms)
2026-07-11 06:22:43,030 [INFO] Pass: BasisTranslator - 0.06890 (ms)
2026-07-11 06:22:43,030 [INFO] Pass: ConsolidateBlocks - 0.04983 (ms)
2026-07-11 06:22:43,030 [INFO] Pass: UnitarySynthesis - 0.00477 (ms)
2026-07-11 06:22:43,030 [INFO] Pass: Depth - 0.01931 (ms)
2026-07-11 06:22:43,030 [INFO] Pass: FixedPoint - 0.00405 (ms)
2026-07-11 06:22:43,030 [INFO] Pass: Size - 0.00262 (ms)
2026-07-11 06:22:43,030 [INFO] Pass: FixedPoint - 0.00262 (ms)
2026-07-11 06:22:43,030 [INFO] Pass: RemoveIdentityEquivalent - 0.00501 (ms)
2026-07-11 06:22:43,030 [INFO] Pass: Optimize1qGatesDecomposition - 0.17333 (ms)
2026-07-11 06:22:43,030 [INFO] Pass: CommutativeCancellation - 0.07272 (ms)
2026-07-11 06:22:43,031 [INFO] Pass: ContractIdleWiresInControlFlow - 0.00191 (ms)
2026-07-11 06:22:43,031 [INFO] Pass: GatesInBasis - 0.01955 (ms)
2026-07-11 06:22:43,031 [INFO] Pass: Depth - 0.01884 (ms)
2026-07-11 06:22:43,031 [INFO] Pass: FixedPoint - 0.00358 (ms)
2026-07-11 06:22:43,031 [INFO] Pass: Size - 0.00191 (ms)
2026-07-11 06:22:43,031 [INFO] Pass: FixedPoint - 0.00286 (ms)
2026-07-11 06:22:43,031 [INFO] Pass: RemoveIdentityEquivalent - 0.00525 (ms)
2026-07-11 06:22:43,031 [INFO] Pass: Optimize1qGatesDecomposition - 0.13733 (ms)
2026-07-11 06:22:43,031 [INFO] Pass: CommutativeCancellation - 0.06413 (ms)
2026-07-11 06:22:43,031 [INFO] Pass: ContractIdleWiresInControlFlow - 0.00167 (ms)
2026-07-11 06:22:43,031 [INFO] Pass: GatesInBasis - 0.01812 (ms)
2026-07-11 06:22:43,031 [INFO] Pass: Depth - 0.01693 (ms)
2026-07-11 06:22:43,031 [INFO] Pass: FixedPoint - 0.00334 (ms)
2026-07-11 06:22:43,031 [INFO] Pass: Size - 0.00191 (ms)
2026-07-11 06:22:43,031 [INFO] Pass: FixedPoint - 0.00286 (ms)
2026-07-11 06:22:43,031 [INFO] Pass: ContainsInstruction - 0.00548 (ms)
2026-07-11 06:22:43,031 [INFO] Total Transpile Time - 89.34760 (ms)
2026-07-11 06:44:09,041 [INFO] [PCE] n=150 instancia 28/100 completada en 0:00:21:26 — transcurrido=0:09:27:11 restante_estimado=1:00:18:27
2026-07-11 06:44:09,144 [INFO] Pass: ContainsInstruction - 0.01144 (ms)
2026-07-11 06:44:09,144 [INFO] Pass: UnitarySynthesis - 0.00691 (ms)
2026-07-11 06:44:09,144 [INFO] Pass: HighLevelSynthesis - 0.00811 (ms)
2026-07-11 06:44:09,145 [INFO] Pass: BasisTranslator - 0.05960 (ms)
2026-07-11 06:44:09,145 [INFO] Pass: ElidePermutations - 0.00477 (ms)
2026-07-11 06:44:09,145 [INFO] Pass: RemoveDiagonalGatesBeforeMeasure - 0.00930 (ms)
2026-07-11 06:44:09,145 [INFO] Pass: RemoveIdentityEquivalent - 0.00381 (ms)
2026-07-11 06:44:09,145 [INFO] Pass: InverseCancellation - 0.00548 (ms)
2026-07-11 06:44:09,145 [INFO] Pass: ContractIdleWiresInControlFlow - 0.00238 (ms)
2026-07-11 06:44:09,145 [INFO] Pass: CommutativeCancellation - 0.05317 (ms)
2026-07-11 06:44:09,145 [INFO] Pass: ConsolidateBlocks - 0.04101 (ms)
2026-07-11 06:44:09,145 [INFO] Pass: Split2QUnitaries - 0.00310 (ms)
2026-07-11 06:44:09,145 [INFO] Pass: UnitarySynthesis - 0.00501 (ms)
2026-07-11 06:44:09,145 [INFO] Pass: HighLevelSynthesis - 0.02289 (ms)
2026-07-11 06:44:09,145 [INFO] Pass: BasisTranslator - 0.06390 (ms)
2026-07-11 06:44:09,145 [INFO] Pass: ConsolidateBlocks - 0.04816 (ms)
2026-07-11 06:44:09,145 [INFO] Pass: UnitarySynthesis - 0.00477 (ms)
2026-07-11 06:44:09,145 [INFO] Pass: Depth - 0.02146 (ms)
2026-07-11 06:44:09,145 [INFO] Pass: FixedPoint - 0.00477 (ms)
2026-07-11 06:44:09,145 [INFO] Pass: Size - 0.00334 (ms)
2026-07-11 06:44:09,145 [INFO] Pass: FixedPoint - 0.00286 (ms)
2026-07-11 06:44:09,145 [INFO] Pass: RemoveIdentityEquivalent - 0.00310 (ms)
2026-07-11 06:44:09,145 [INFO] Pass: Optimize1qGatesDecomposition - 0.03362 (ms)
2026-07-11 06:44:09,145 [INFO] Pass: CommutativeCancellation - 0.07534 (ms)
2026-07-11 06:44:09,145 [INFO] Pass: ContractIdleWiresInControlFlow - 0.00238 (ms)
2026-07-11 06:44:09,146 [INFO] Pass: GatesInBasis - 0.01979 (ms)
2026-07-11 06:44:09,146 [INFO] Pass: Depth - 0.01717 (ms)
2026-07-11 06:44:09,146 [INFO] Pass: FixedPoint - 0.00334 (ms)
2026-07-11 06:44:09,146 [INFO] Pass: Size - 0.00238 (ms)
2026-07-11 06:44:09,146 [INFO] Pass: FixedPoint - 0.00262 (ms)
2026-07-11 06:44:09,146 [INFO] Pass: ContainsInstruction - 0.00453 (ms)
2026-07-11 06:44:09,146 [INFO] Total Transpile Time - 89.30206 (ms)
2026-07-11 06:44:09,232 [INFO] Pass: ContainsInstruction - 0.00930 (ms)
2026-07-11 06:44:09,232 [INFO] Pass: UnitarySynthesis - 0.00668 (ms)
2026-07-11 06:44:09,232 [INFO] Pass: HighLevelSynthesis - 0.00763 (ms)
2026-07-11 06:44:09,232 [INFO] Pass: BasisTranslator - 0.05269 (ms)
2026-07-11 06:44:09,232 [INFO] Pass: ElidePermutations - 0.00525 (ms)
2026-07-11 06:44:09,232 [INFO] Pass: RemoveDiagonalGatesBeforeMeasure - 0.00715 (ms)
2026-07-11 06:44:09,232 [INFO] Pass: RemoveIdentityEquivalent - 0.00477 (ms)
2026-07-11 06:44:09,232 [INFO] Pass: InverseCancellation - 0.02170 (ms)
2026-07-11 06:44:09,232 [INFO] Pass: ContractIdleWiresInControlFlow - 0.00191 (ms)
2026-07-11 06:44:09,232 [INFO] Pass: CommutativeCancellation - 0.05865 (ms)
2026-07-11 06:44:09,232 [INFO] Pass: ConsolidateBlocks - 0.03886 (ms)
2026-07-11 06:44:09,233 [INFO] Pass: Split2QUnitaries - 0.00238 (ms)
2026-07-11 06:44:09,233 [INFO] Pass: UnitarySynthesis - 0.00525 (ms)
2026-07-11 06:44:09,233 [INFO] Pass: HighLevelSynthesis - 0.02384 (ms)
2026-07-11 06:44:09,233 [INFO] Pass: BasisTranslator - 0.06485 (ms)
2026-07-11 06:44:09,233 [INFO] Pass: ConsolidateBlocks - 0.04792 (ms)
2026-07-11 06:44:09,233 [INFO] Pass: UnitarySynthesis - 0.00453 (ms)
2026-07-11 06:44:09,233 [INFO] Pass: Depth - 0.02003 (ms)
2026-07-11 06:44:09,233 [INFO] Pass: FixedPoint - 0.00429 (ms)
2026-07-11 06:44:09,233 [INFO] Pass: Size - 0.00262 (ms)
2026-07-11 06:44:09,233 [INFO] Pass: FixedPoint - 0.00262 (ms)
2026-07-11 06:44:09,233 [INFO] Pass: RemoveIdentityEquivalent - 0.00429 (ms)
2026-07-11 06:44:09,233 [INFO] Pass: Optimize1qGatesDecomposition - 0.14472 (ms)
2026-07-11 06:44:09,233 [INFO] Pass: CommutativeCancellation - 0.07820 (ms)
2026-07-11 06:44:09,233 [INFO] Pass: ContractIdleWiresInControlFlow - 0.00215 (ms)
2026-07-11 06:44:09,233 [INFO] Pass: GatesInBasis - 0.02050 (ms)
2026-07-11 06:44:09,233 [INFO] Pass: Depth - 0.01884 (ms)
2026-07-11 06:44:09,233 [INFO] Pass: FixedPoint - 0.00358 (ms)
2026-07-11 06:44:09,233 [INFO] Pass: Size - 0.00215 (ms)
2026-07-11 06:44:09,233 [INFO] Pass: FixedPoint - 0.00310 (ms)
2026-07-11 06:44:09,233 [INFO] Pass: ContainsInstruction - 0.00525 (ms)
2026-07-11 06:44:09,234 [INFO] Total Transpile Time - 87.38303 (ms)
2026-07-11 06:44:09,320 [INFO] Pass: ContainsInstruction - 0.00930 (ms)
2026-07-11 06:44:09,320 [INFO] Pass: UnitarySynthesis - 0.00620 (ms)
2026-07-11 06:44:09,320 [INFO] Pass: HighLevelSynthesis - 0.00739 (ms)
2026-07-11 06:44:09,320 [INFO] Pass: BasisTranslator - 0.05150 (ms)
2026-07-11 06:44:09,320 [INFO] Pass: ElidePermutations - 0.00286 (ms)
2026-07-11 06:44:09,320 [INFO] Pass: RemoveDiagonalGatesBeforeMeasure - 0.00620 (ms)
2026-07-11 06:44:09,320 [INFO] Pass: RemoveIdentityEquivalent - 0.00477 (ms)
2026-07-11 06:44:09,320 [INFO] Pass: InverseCancellation - 0.02050 (ms)
2026-07-11 06:44:09,320 [INFO] Pass: ContractIdleWiresInControlFlow - 0.00167 (ms)
2026-07-11 06:44:09,320 [INFO] Pass: CommutativeCancellation - 0.05746 (ms)
2026-07-11 06:44:09,320 [INFO] Pass: ConsolidateBlocks - 0.03791 (ms)
2026-07-11 06:44:09,320 [INFO] Pass: Split2QUnitaries - 0.00238 (ms)
2026-07-11 06:44:09,320 [INFO] Pass: UnitarySynthesis - 0.01216 (ms)
2026-07-11 06:44:09,320 [INFO] Pass: HighLevelSynthesis - 0.02480 (ms)
2026-07-11 06:44:09,320 [INFO] Pass: BasisTranslator - 0.06437 (ms)
2026-07-11 06:44:09,320 [INFO] Pass: ConsolidateBlocks - 0.04792 (ms)
2026-07-11 06:44:09,321 [INFO] Pass: UnitarySynthesis - 0.00477 (ms)
2026-07-11 06:44:09,321 [INFO] Pass: Depth - 0.01979 (ms)
2026-07-11 06:44:09,321 [INFO] Pass: FixedPoint - 0.00405 (ms)
2026-07-11 06:44:09,321 [INFO] Pass: Size - 0.00215 (ms)
2026-07-11 06:44:09,321 [INFO] Pass: FixedPoint - 0.00286 (ms)
2026-07-11 06:44:09,321 [INFO] Pass: RemoveIdentityEquivalent - 0.00453 (ms)
2026-07-11 06:44:09,321 [INFO] Pass: Optimize1qGatesDecomposition - 0.15450 (ms)
2026-07-11 06:44:09,321 [INFO] Pass: CommutativeCancellation - 0.07010 (ms)
2026-07-11 06:44:09,321 [INFO] Pass: ContractIdleWiresInControlFlow - 0.00191 (ms)
2026-07-11 06:44:09,321 [INFO] Pass: GatesInBasis - 0.01931 (ms)
2026-07-11 06:44:09,321 [INFO] Pass: Depth - 0.01955 (ms)
2026-07-11 06:44:09,321 [INFO] Pass: FixedPoint - 0.00358 (ms)
2026-07-11 06:44:09,321 [INFO] Pass: Size - 0.00191 (ms)
2026-07-11 06:44:09,321 [INFO] Pass: FixedPoint - 0.00334 (ms)
2026-07-11 06:44:09,321 [INFO] Pass: RemoveIdentityEquivalent - 0.00477 (ms)
2026-07-11 06:44:09,321 [INFO] Pass: Optimize1qGatesDecomposition - 0.14544 (ms)
2026-07-11 06:44:09,321 [INFO] Pass: CommutativeCancellation - 0.06628 (ms)
2026-07-11 06:44:09,321 [INFO] Pass: ContractIdleWiresInControlFlow - 0.00167 (ms)
2026-07-11 06:44:09,321 [INFO] Pass: GatesInBasis - 0.01860 (ms)
2026-07-11 06:44:09,321 [INFO] Pass: Depth - 0.01764 (ms)
2026-07-11 06:44:09,322 [INFO] Pass: FixedPoint - 0.00310 (ms)
2026-07-11 06:44:09,322 [INFO] Pass: Size - 0.00191 (ms)
2026-07-11 06:44:09,322 [INFO] Pass: FixedPoint - 0.00238 (ms)
2026-07-11 06:44:09,322 [INFO] Pass: ContainsInstruction - 0.00548 (ms)
2026-07-11 06:44:09,322 [INFO] Total Transpile Time - 87.83746 (ms)
2026-07-11 07:03:19,227 [INFO] [PCE] n=150 instancia 29/100 completada en 0:00:19:10 — transcurrido=0:09:46:21 restante_estimado=0:23:55:32
2026-07-11 07:03:19,332 [INFO] Pass: ContainsInstruction - 0.01168 (ms)
2026-07-11 07:03:19,332 [INFO] Pass: UnitarySynthesis - 0.00715 (ms)
2026-07-11 07:03:19,332 [INFO] Pass: HighLevelSynthesis - 0.00834 (ms)
2026-07-11 07:03:19,332 [INFO] Pass: BasisTranslator - 0.06056 (ms)
2026-07-11 07:03:19,332 [INFO] Pass: ElidePermutations - 0.00477 (ms)
2026-07-11 07:03:19,332 [INFO] Pass: RemoveDiagonalGatesBeforeMeasure - 0.00858 (ms)
2026-07-11 07:03:19,333 [INFO] Pass: RemoveIdentityEquivalent - 0.00334 (ms)
2026-07-11 07:03:19,333 [INFO] Pass: InverseCancellation - 0.00477 (ms)
2026-07-11 07:03:19,333 [INFO] Pass: ContractIdleWiresInControlFlow - 0.00215 (ms)
2026-07-11 07:03:19,333 [INFO] Pass: CommutativeCancellation - 0.05817 (ms)
2026-07-11 07:03:19,333 [INFO] Pass: ConsolidateBlocks - 0.04196 (ms)
2026-07-11 07:03:19,333 [INFO] Pass: Split2QUnitaries - 0.00310 (ms)
2026-07-11 07:03:19,333 [INFO] Pass: UnitarySynthesis - 0.00501 (ms)
2026-07-11 07:03:19,333 [INFO] Pass: HighLevelSynthesis - 0.02241 (ms)
2026-07-11 07:03:19,333 [INFO] Pass: BasisTranslator - 0.06533 (ms)
2026-07-11 07:03:19,333 [INFO] Pass: ConsolidateBlocks - 0.04935 (ms)
2026-07-11 07:03:19,333 [INFO] Pass: UnitarySynthesis - 0.00429 (ms)
2026-07-11 07:03:19,333 [INFO] Pass: Depth - 0.02027 (ms)
2026-07-11 07:03:19,333 [INFO] Pass: FixedPoint - 0.00429 (ms)
2026-07-11 07:03:19,333 [INFO] Pass: Size - 0.00334 (ms)
2026-07-11 07:03:19,333 [INFO] Pass: FixedPoint - 0.00262 (ms)
2026-07-11 07:03:19,333 [INFO] Pass: RemoveIdentityEquivalent - 0.00286 (ms)
2026-07-11 07:03:19,333 [INFO] Pass: Optimize1qGatesDecomposition - 0.03314 (ms)
2026-07-11 07:03:19,333 [INFO] Pass: CommutativeCancellation - 0.07915 (ms)
2026-07-11 07:03:19,333 [INFO] Pass: ContractIdleWiresInControlFlow - 0.00191 (ms)
2026-07-11 07:03:19,333 [INFO] Pass: GatesInBasis - 0.02003 (ms)
2026-07-11 07:03:19,333 [INFO] Pass: Depth - 0.01740 (ms)
2026-07-11 07:03:19,333 [INFO] Pass: FixedPoint - 0.00334 (ms)
2026-07-11 07:03:19,333 [INFO] Pass: Size - 0.00215 (ms)
2026-07-11 07:03:19,334 [INFO] Pass: FixedPoint - 0.00286 (ms)
2026-07-11 07:03:19,334 [INFO] Pass: ContainsInstruction - 0.00525 (ms)
2026-07-11 07:03:19,334 [INFO] Total Transpile Time - 89.58650 (ms)
2026-07-11 07:03:19,421 [INFO] Pass: ContainsInstruction - 0.01001 (ms)
2026-07-11 07:03:19,421 [INFO] Pass: UnitarySynthesis - 0.00644 (ms)
2026-07-11 07:03:19,421 [INFO] Pass: HighLevelSynthesis - 0.00763 (ms)
2026-07-11 07:03:19,421 [INFO] Pass: BasisTranslator - 0.05412 (ms)
2026-07-11 07:03:19,421 [INFO] Pass: ElidePermutations - 0.00358 (ms)
2026-07-11 07:03:19,421 [INFO] Pass: RemoveDiagonalGatesBeforeMeasure - 0.00691 (ms)
2026-07-11 07:03:19,421 [INFO] Pass: RemoveIdentityEquivalent - 0.00477 (ms)
2026-07-11 07:03:19,421 [INFO] Pass: InverseCancellation - 0.02146 (ms)
2026-07-11 07:03:19,421 [INFO] Pass: ContractIdleWiresInControlFlow - 0.00191 (ms)
2026-07-11 07:03:19,421 [INFO] Pass: CommutativeCancellation - 0.06104 (ms)
2026-07-11 07:03:19,421 [INFO] Pass: ConsolidateBlocks - 0.04029 (ms)
2026-07-11 07:03:19,421 [INFO] Pass: Split2QUnitaries - 0.00238 (ms)
2026-07-11 07:03:19,421 [INFO] Pass: UnitarySynthesis - 0.00525 (ms)
2026-07-11 07:03:19,421 [INFO] Pass: HighLevelSynthesis - 0.02337 (ms)
2026-07-11 07:03:19,421 [INFO] Pass: BasisTranslator - 0.06723 (ms)
2026-07-11 07:03:19,421 [INFO] Pass: ConsolidateBlocks - 0.04840 (ms)
2026-07-11 07:03:19,421 [INFO] Pass: UnitarySynthesis - 0.00453 (ms)
2026-07-11 07:03:19,422 [INFO] Pass: Depth - 0.02074 (ms)
2026-07-11 07:03:19,422 [INFO] Pass: FixedPoint - 0.00453 (ms)
2026-07-11 07:03:19,422 [INFO] Pass: Size - 0.00238 (ms)
2026-07-11 07:03:19,422 [INFO] Pass: FixedPoint - 0.00286 (ms)
2026-07-11 07:03:19,422 [INFO] Pass: RemoveIdentityEquivalent - 0.00405 (ms)
2026-07-11 07:03:19,422 [INFO] Pass: Optimize1qGatesDecomposition - 0.14806 (ms)
2026-07-11 07:03:19,422 [INFO] Pass: CommutativeCancellation - 0.08011 (ms)
2026-07-11 07:03:19,422 [INFO] Pass: ContractIdleWiresInControlFlow - 0.00215 (ms)
2026-07-11 07:03:19,422 [INFO] Pass: GatesInBasis - 0.01979 (ms)
2026-07-11 07:03:19,422 [INFO] Pass: Depth - 0.01860 (ms)
2026-07-11 07:03:19,422 [INFO] Pass: FixedPoint - 0.00381 (ms)
2026-07-11 07:03:19,422 [INFO] Pass: Size - 0.00191 (ms)
2026-07-11 07:03:19,422 [INFO] Pass: FixedPoint - 0.00262 (ms)
2026-07-11 07:03:19,422 [INFO] Pass: ContainsInstruction - 0.00525 (ms)
2026-07-11 07:03:19,422 [INFO] Total Transpile Time - 88.20820 (ms)
2026-07-11 07:03:19,509 [INFO] Pass: ContainsInstruction - 0.00930 (ms)
2026-07-11 07:03:19,510 [INFO] Pass: UnitarySynthesis - 0.00644 (ms)
2026-07-11 07:03:19,510 [INFO] Pass: HighLevelSynthesis - 0.00763 (ms)
2026-07-11 07:03:19,510 [INFO] Pass: BasisTranslator - 0.05102 (ms)
2026-07-11 07:03:19,510 [INFO] Pass: ElidePermutations - 0.00286 (ms)
2026-07-11 07:03:19,510 [INFO] Pass: RemoveDiagonalGatesBeforeMeasure - 0.00596 (ms)
2026-07-11 07:03:19,510 [INFO] Pass: RemoveIdentityEquivalent - 0.00525 (ms)
2026-07-11 07:03:19,510 [INFO] Pass: InverseCancellation - 0.02146 (ms)
2026-07-11 07:03:19,510 [INFO] Pass: ContractIdleWiresInControlFlow - 0.00215 (ms)
2026-07-11 07:03:19,510 [INFO] Pass: CommutativeCancellation - 0.05889 (ms)
2026-07-11 07:03:19,510 [INFO] Pass: ConsolidateBlocks - 0.03791 (ms)
2026-07-11 07:03:19,510 [INFO] Pass: Split2QUnitaries - 0.00238 (ms)
2026-07-11 07:03:19,510 [INFO] Pass: UnitarySynthesis - 0.00548 (ms)
2026-07-11 07:03:19,510 [INFO] Pass: HighLevelSynthesis - 0.02503 (ms)
2026-07-11 07:03:19,510 [INFO] Pass: BasisTranslator - 0.06676 (ms)
2026-07-11 07:03:19,510 [INFO] Pass: ConsolidateBlocks - 0.04983 (ms)
2026-07-11 07:03:19,510 [INFO] Pass: UnitarySynthesis - 0.00453 (ms)
2026-07-11 07:03:19,510 [INFO] Pass: Depth - 0.02074 (ms)
2026-07-11 07:03:19,510 [INFO] Pass: FixedPoint - 0.00453 (ms)
2026-07-11 07:03:19,510 [INFO] Pass: Size - 0.00286 (ms)
2026-07-11 07:03:19,510 [INFO] Pass: FixedPoint - 0.00238 (ms)
2026-07-11 07:03:19,510 [INFO] Pass: RemoveIdentityEquivalent - 0.00548 (ms)
2026-07-11 07:03:19,511 [INFO] Pass: Optimize1qGatesDecomposition - 0.16356 (ms)
2026-07-11 07:03:19,511 [INFO] Pass: CommutativeCancellation - 0.07582 (ms)
2026-07-11 07:03:19,511 [INFO] Pass: ContractIdleWiresInControlFlow - 0.00191 (ms)
2026-07-11 07:03:19,511 [INFO] Pass: GatesInBasis - 0.01931 (ms)
2026-07-11 07:03:19,511 [INFO] Pass: Depth - 0.02170 (ms)
2026-07-11 07:03:19,511 [INFO] Pass: FixedPoint - 0.00358 (ms)
2026-07-11 07:03:19,511 [INFO] Pass: Size - 0.00191 (ms)
2026-07-11 07:03:19,511 [INFO] Pass: FixedPoint - 0.00262 (ms)
2026-07-11 07:03:19,511 [INFO] Pass: RemoveIdentityEquivalent - 0.00477 (ms)
2026-07-11 07:03:19,511 [INFO] Pass: Optimize1qGatesDecomposition - 0.13614 (ms)
2026-07-11 07:03:19,511 [INFO] Pass: CommutativeCancellation - 0.06723 (ms)
2026-07-11 07:03:19,511 [INFO] Pass: ContractIdleWiresInControlFlow - 0.00191 (ms)
2026-07-11 07:03:19,511 [INFO] Pass: GatesInBasis - 0.01812 (ms)
2026-07-11 07:03:19,511 [INFO] Pass: Depth - 0.02551 (ms)
2026-07-11 07:03:19,511 [INFO] Pass: FixedPoint - 0.00310 (ms)
2026-07-11 07:03:19,511 [INFO] Pass: Size - 0.00215 (ms)
2026-07-11 07:03:19,511 [INFO] Pass: FixedPoint - 0.00286 (ms)
2026-07-11 07:03:19,511 [INFO] Pass: ContainsInstruction - 0.00548 (ms)
2026-07-11 07:03:19,512 [INFO] Total Transpile Time - 88.87219 (ms)
2026-07-11 07:20:53,666 [INFO] [PCE] n=150 instancia 30/100 completada en 0:00:17:34 — transcurrido=0:10:03:55 restante_estimado=0:23:29:09
2026-07-11 07:20:53,769 [INFO] Pass: ContainsInstruction - 0.01121 (ms)
2026-07-11 07:20:53,769 [INFO] Pass: UnitarySynthesis - 0.00644 (ms)
2026-07-11 07:20:53,769 [INFO] Pass: HighLevelSynthesis - 0.00858 (ms)
2026-07-11 07:20:53,769 [INFO] Pass: BasisTranslator - 0.05698 (ms)
2026-07-11 07:20:53,769 [INFO] Pass: ElidePermutations - 0.00501 (ms)
2026-07-11 07:20:53,769 [INFO] Pass: RemoveDiagonalGatesBeforeMeasure - 0.00834 (ms)
2026-07-11 07:20:53,769 [INFO] Pass: RemoveIdentityEquivalent - 0.00358 (ms)
2026-07-11 07:20:53,769 [INFO] Pass: InverseCancellation - 0.00453 (ms)
2026-07-11 07:20:53,769 [INFO] Pass: ContractIdleWiresInControlFlow - 0.00191 (ms)
2026-07-11 07:20:53,769 [INFO] Pass: CommutativeCancellation - 0.05913 (ms)
2026-07-11 07:20:53,769 [INFO] Pass: ConsolidateBlocks - 0.04220 (ms)
2026-07-11 07:20:53,769 [INFO] Pass: Split2QUnitaries - 0.00238 (ms)
2026-07-11 07:20:53,769 [INFO] Pass: UnitarySynthesis - 0.00477 (ms)
2026-07-11 07:20:53,769 [INFO] Pass: HighLevelSynthesis - 0.02313 (ms)
2026-07-11 07:20:53,769 [INFO] Pass: BasisTranslator - 0.07105 (ms)
2026-07-11 07:20:53,769 [INFO] Pass: ConsolidateBlocks - 0.04816 (ms)
2026-07-11 07:20:53,769 [INFO] Pass: UnitarySynthesis - 0.00429 (ms)
2026-07-11 07:20:53,769 [INFO] Pass: Depth - 0.01955 (ms)
2026-07-11 07:20:53,769 [INFO] Pass: FixedPoint - 0.00405 (ms)
2026-07-11 07:20:53,769 [INFO] Pass: Size - 0.00286 (ms)
2026-07-11 07:20:53,770 [INFO] Pass: FixedPoint - 0.00262 (ms)
2026-07-11 07:20:53,770 [INFO] Pass: RemoveIdentityEquivalent - 0.00286 (ms)
2026-07-11 07:20:53,770 [INFO] Pass: Optimize1qGatesDecomposition - 0.03338 (ms)
2026-07-11 07:20:53,770 [INFO] Pass: CommutativeCancellation - 0.07749 (ms)
2026-07-11 07:20:53,770 [INFO] Pass: ContractIdleWiresInControlFlow - 0.00215 (ms)
2026-07-11 07:20:53,770 [INFO] Pass: GatesInBasis - 0.01860 (ms)
2026-07-11 07:20:53,770 [INFO] Pass: Depth - 0.01740 (ms)
2026-07-11 07:20:53,770 [INFO] Pass: FixedPoint - 0.00334 (ms)
2026-07-11 07:20:53,770 [INFO] Pass: Size - 0.00215 (ms)
2026-07-11 07:20:53,770 [INFO] Pass: FixedPoint - 0.00286 (ms)
2026-07-11 07:20:53,770 [INFO] Pass: ContainsInstruction - 0.00501 (ms)
2026-07-11 07:20:53,770 [INFO] Total Transpile Time - 88.11641 (ms)
2026-07-11 07:20:53,855 [INFO] Pass: ContainsInstruction - 0.00930 (ms)
2026-07-11 07:20:53,855 [INFO] Pass: UnitarySynthesis - 0.00620 (ms)
2026-07-11 07:20:53,855 [INFO] Pass: HighLevelSynthesis - 0.00739 (ms)
2026-07-11 07:20:53,855 [INFO] Pass: BasisTranslator - 0.05078 (ms)
2026-07-11 07:20:53,855 [INFO] Pass: ElidePermutations - 0.00358 (ms)
2026-07-11 07:20:53,855 [INFO] Pass: RemoveDiagonalGatesBeforeMeasure - 0.00596 (ms)
2026-07-11 07:20:53,855 [INFO] Pass: RemoveIdentityEquivalent - 0.00477 (ms)
2026-07-11 07:20:53,855 [INFO] Pass: InverseCancellation - 0.02146 (ms)
2026-07-11 07:20:53,855 [INFO] Pass: ContractIdleWiresInControlFlow - 0.00215 (ms)
2026-07-11 07:20:53,856 [INFO] Pass: CommutativeCancellation - 0.06175 (ms)
2026-07-11 07:20:53,856 [INFO] Pass: ConsolidateBlocks - 0.03815 (ms)
2026-07-11 07:20:53,856 [INFO] Pass: Split2QUnitaries - 0.00191 (ms)
2026-07-11 07:20:53,856 [INFO] Pass: UnitarySynthesis - 0.00501 (ms)
2026-07-11 07:20:53,856 [INFO] Pass: HighLevelSynthesis - 0.02313 (ms)
2026-07-11 07:20:53,856 [INFO] Pass: BasisTranslator - 0.06151 (ms)
2026-07-11 07:20:53,856 [INFO] Pass: ConsolidateBlocks - 0.04721 (ms)
2026-07-11 07:20:53,856 [INFO] Pass: UnitarySynthesis - 0.00429 (ms)
2026-07-11 07:20:53,856 [INFO] Pass: Depth - 0.01931 (ms)
2026-07-11 07:20:53,856 [INFO] Pass: FixedPoint - 0.00453 (ms)
2026-07-11 07:20:53,856 [INFO] Pass: Size - 0.00238 (ms)
2026-07-11 07:20:53,856 [INFO] Pass: FixedPoint - 0.00262 (ms)
2026-07-11 07:20:53,856 [INFO] Pass: RemoveIdentityEquivalent - 0.00381 (ms)
2026-07-11 07:20:53,856 [INFO] Pass: Optimize1qGatesDecomposition - 0.14591 (ms)
2026-07-11 07:20:53,856 [INFO] Pass: CommutativeCancellation - 0.08368 (ms)
2026-07-11 07:20:53,856 [INFO] Pass: ContractIdleWiresInControlFlow - 0.00191 (ms)
2026-07-11 07:20:53,856 [INFO] Pass: GatesInBasis - 0.01907 (ms)
2026-07-11 07:20:53,856 [INFO] Pass: Depth - 0.01717 (ms)
2026-07-11 07:20:53,856 [INFO] Pass: FixedPoint - 0.00358 (ms)
2026-07-11 07:20:53,857 [INFO] Pass: Size - 0.00215 (ms)
2026-07-11 07:20:53,857 [INFO] Pass: FixedPoint - 0.00286 (ms)
2026-07-11 07:20:53,857 [INFO] Pass: ContainsInstruction - 0.00477 (ms)
2026-07-11 07:20:53,857 [INFO] Total Transpile Time - 86.23028 (ms)
2026-07-11 07:20:53,942 [INFO] Pass: ContainsInstruction - 0.00954 (ms)
2026-07-11 07:20:53,942 [INFO] Pass: UnitarySynthesis - 0.00620 (ms)
2026-07-11 07:20:53,942 [INFO] Pass: HighLevelSynthesis - 0.00691 (ms)
2026-07-11 07:20:53,943 [INFO] Pass: BasisTranslator - 0.04983 (ms)
2026-07-11 07:20:53,943 [INFO] Pass: ElidePermutations - 0.00286 (ms)
2026-07-11 07:20:53,943 [INFO] Pass: RemoveDiagonalGatesBeforeMeasure - 0.00596 (ms)
2026-07-11 07:20:53,943 [INFO] Pass: RemoveIdentityEquivalent - 0.00548 (ms)
2026-07-11 07:20:53,943 [INFO] Pass: InverseCancellation - 0.01955 (ms)
2026-07-11 07:20:53,943 [INFO] Pass: ContractIdleWiresInControlFlow - 0.00215 (ms)
2026-07-11 07:20:53,943 [INFO] Pass: CommutativeCancellation - 0.05865 (ms)
2026-07-11 07:20:53,943 [INFO] Pass: ConsolidateBlocks - 0.03910 (ms)
2026-07-11 07:20:53,943 [INFO] Pass: Split2QUnitaries - 0.00238 (ms)
2026-07-11 07:20:53,943 [INFO] Pass: UnitarySynthesis - 0.00477 (ms)
2026-07-11 07:20:53,943 [INFO] Pass: HighLevelSynthesis - 0.02432 (ms)
2026-07-11 07:20:53,943 [INFO] Pass: BasisTranslator - 0.06247 (ms)
2026-07-11 07:20:53,943 [INFO] Pass: ConsolidateBlocks - 0.04625 (ms)
2026-07-11 07:20:53,943 [INFO] Pass: UnitarySynthesis - 0.00429 (ms)
2026-07-11 07:20:53,943 [INFO] Pass: Depth - 0.02050 (ms)
2026-07-11 07:20:53,943 [INFO] Pass: FixedPoint - 0.00429 (ms)
2026-07-11 07:20:53,943 [INFO] Pass: Size - 0.00238 (ms)
2026-07-11 07:20:53,943 [INFO] Pass: FixedPoint - 0.00286 (ms)
2026-07-11 07:20:53,943 [INFO] Pass: RemoveIdentityEquivalent - 0.00501 (ms)
2026-07-11 07:20:53,943 [INFO] Pass: Optimize1qGatesDecomposition - 0.16546 (ms)
2026-07-11 07:20:53,944 [INFO] Pass: CommutativeCancellation - 0.07463 (ms)
2026-07-11 07:20:53,944 [INFO] Pass: ContractIdleWiresInControlFlow - 0.00191 (ms)
2026-07-11 07:20:53,944 [INFO] Pass: GatesInBasis - 0.01931 (ms)
2026-07-11 07:20:53,944 [INFO] Pass: Depth - 0.01955 (ms)
2026-07-11 07:20:53,944 [INFO] Pass: FixedPoint - 0.00334 (ms)
2026-07-11 07:20:53,944 [INFO] Pass: Size - 0.00238 (ms)
2026-07-11 07:20:53,944 [INFO] Pass: FixedPoint - 0.00310 (ms)
2026-07-11 07:20:53,944 [INFO] Pass: RemoveIdentityEquivalent - 0.00453 (ms)
2026-07-11 07:20:53,944 [INFO] Pass: Optimize1qGatesDecomposition - 0.13542 (ms)
2026-07-11 07:20:53,944 [INFO] Pass: CommutativeCancellation - 0.07224 (ms)
2026-07-11 07:20:53,944 [INFO] Pass: ContractIdleWiresInControlFlow - 0.00167 (ms)
2026-07-11 07:20:53,944 [INFO] Pass: GatesInBasis - 0.01788 (ms)
2026-07-11 07:20:53,944 [INFO] Pass: Depth - 0.01764 (ms)
2026-07-11 07:20:53,944 [INFO] Pass: FixedPoint - 0.00310 (ms)
2026-07-11 07:20:53,944 [INFO] Pass: Size - 0.00167 (ms)
2026-07-11 07:20:53,944 [INFO] Pass: FixedPoint - 0.00238 (ms)
2026-07-11 07:20:53,944 [INFO] Pass: ContainsInstruction - 0.00525 (ms)
2026-07-11 07:20:53,944 [INFO] Total Transpile Time - 87.34941 (ms)
2026-07-11 07:39:27,441 [INFO] [PCE] n=150 instancia 31/100 completada en 0:00:18:34 — transcurrido=0:10:22:29 restante_estimado=0:23:05:31
2026-07-11 07:39:27,543 [INFO] Pass: ContainsInstruction - 0.01144 (ms)
2026-07-11 07:39:27,543 [INFO] Pass: UnitarySynthesis - 0.00715 (ms)
2026-07-11 07:39:27,543 [INFO] Pass: HighLevelSynthesis - 0.00858 (ms)
2026-07-11 07:39:27,543 [INFO] Pass: BasisTranslator - 0.05865 (ms)
2026-07-11 07:39:27,543 [INFO] Pass: ElidePermutations - 0.00453 (ms)
2026-07-11 07:39:27,543 [INFO] Pass: RemoveDiagonalGatesBeforeMeasure - 0.00739 (ms)
2026-07-11 07:39:27,543 [INFO] Pass: RemoveIdentityEquivalent - 0.00286 (ms)
2026-07-11 07:39:27,543 [INFO] Pass: InverseCancellation - 0.00429 (ms)
2026-07-11 07:39:27,543 [INFO] Pass: ContractIdleWiresInControlFlow - 0.00215 (ms)
2026-07-11 07:39:27,543 [INFO] Pass: CommutativeCancellation - 0.05317 (ms)
2026-07-11 07:39:27,543 [INFO] Pass: ConsolidateBlocks - 0.04148 (ms)
2026-07-11 07:39:27,543 [INFO] Pass: Split2QUnitaries - 0.00286 (ms)
2026-07-11 07:39:27,543 [INFO] Pass: UnitarySynthesis - 0.00477 (ms)
2026-07-11 07:39:27,543 [INFO] Pass: HighLevelSynthesis - 0.02241 (ms)
2026-07-11 07:39:27,543 [INFO] Pass: BasisTranslator - 0.06223 (ms)
2026-07-11 07:39:27,543 [INFO] Pass: ConsolidateBlocks - 0.05651 (ms)
2026-07-11 07:39:27,543 [INFO] Pass: UnitarySynthesis - 0.00429 (ms)
2026-07-11 07:39:27,543 [INFO] Pass: Depth - 0.01955 (ms)
2026-07-11 07:39:27,543 [INFO] Pass: FixedPoint - 0.00429 (ms)
2026-07-11 07:39:27,543 [INFO] Pass: Size - 0.00310 (ms)
2026-07-11 07:39:27,543 [INFO] Pass: FixedPoint - 0.00286 (ms)
2026-07-11 07:39:27,543 [INFO] Pass: RemoveIdentityEquivalent - 0.00286 (ms)
2026-07-11 07:39:27,544 [INFO] Pass: Optimize1qGatesDecomposition - 0.03123 (ms)
2026-07-11 07:39:27,544 [INFO] Pass: CommutativeCancellation - 0.07057 (ms)
2026-07-11 07:39:27,544 [INFO] Pass: ContractIdleWiresInControlFlow - 0.00215 (ms)
2026-07-11 07:39:27,544 [INFO] Pass: GatesInBasis - 0.01836 (ms)
2026-07-11 07:39:27,544 [INFO] Pass: Depth - 0.01669 (ms)
2026-07-11 07:39:27,544 [INFO] Pass: FixedPoint - 0.00358 (ms)
2026-07-11 07:39:27,544 [INFO] Pass: Size - 0.00191 (ms)
2026-07-11 07:39:27,544 [INFO] Pass: FixedPoint - 0.00286 (ms)
2026-07-11 07:39:27,544 [INFO] Pass: ContainsInstruction - 0.00477 (ms)
2026-07-11 07:39:27,544 [INFO] Total Transpile Time - 87.26549 (ms)
2026-07-11 07:39:27,628 [INFO] Pass: ContainsInstruction - 0.00954 (ms)
2026-07-11 07:39:27,629 [INFO] Pass: UnitarySynthesis - 0.00620 (ms)
2026-07-11 07:39:27,629 [INFO] Pass: HighLevelSynthesis - 0.00811 (ms)
2026-07-11 07:39:27,629 [INFO] Pass: BasisTranslator - 0.05174 (ms)
2026-07-11 07:39:27,629 [INFO] Pass: ElidePermutations - 0.00334 (ms)
2026-07-11 07:39:27,629 [INFO] Pass: RemoveDiagonalGatesBeforeMeasure - 0.00668 (ms)
2026-07-11 07:39:27,629 [INFO] Pass: RemoveIdentityEquivalent - 0.00477 (ms)
2026-07-11 07:39:27,629 [INFO] Pass: InverseCancellation - 0.02193 (ms)
2026-07-11 07:39:27,629 [INFO] Pass: ContractIdleWiresInControlFlow - 0.00191 (ms)
2026-07-11 07:39:27,629 [INFO] Pass: CommutativeCancellation - 0.05889 (ms)
2026-07-11 07:39:27,629 [INFO] Pass: ConsolidateBlocks - 0.03910 (ms)
2026-07-11 07:39:27,629 [INFO] Pass: Split2QUnitaries - 0.00215 (ms)
2026-07-11 07:39:27,629 [INFO] Pass: UnitarySynthesis - 0.00477 (ms)
2026-07-11 07:39:27,629 [INFO] Pass: HighLevelSynthesis - 0.02432 (ms)
2026-07-11 07:39:27,629 [INFO] Pass: BasisTranslator - 0.06294 (ms)
2026-07-11 07:39:27,629 [INFO] Pass: ConsolidateBlocks - 0.04959 (ms)
2026-07-11 07:39:27,629 [INFO] Pass: UnitarySynthesis - 0.00477 (ms)
2026-07-11 07:39:27,629 [INFO] Pass: Depth - 0.02098 (ms)
2026-07-11 07:39:27,629 [INFO] Pass: FixedPoint - 0.00405 (ms)
2026-07-11 07:39:27,629 [INFO] Pass: Size - 0.00286 (ms)
2026-07-11 07:39:27,629 [INFO] Pass: FixedPoint - 0.00286 (ms)
2026-07-11 07:39:27,629 [INFO] Pass: RemoveIdentityEquivalent - 0.00405 (ms)
2026-07-11 07:39:27,630 [INFO] Pass: Optimize1qGatesDecomposition - 0.14901 (ms)
2026-07-11 07:39:27,630 [INFO] Pass: CommutativeCancellation - 0.07939 (ms)
2026-07-11 07:39:27,630 [INFO] Pass: ContractIdleWiresInControlFlow - 0.00215 (ms)
2026-07-11 07:39:27,630 [INFO] Pass: GatesInBasis - 0.01979 (ms)
2026-07-11 07:39:27,630 [INFO] Pass: Depth - 0.01979 (ms)
2026-07-11 07:39:27,630 [INFO] Pass: FixedPoint - 0.00405 (ms)
2026-07-11 07:39:27,630 [INFO] Pass: Size - 0.00262 (ms)
2026-07-11 07:39:27,630 [INFO] Pass: FixedPoint - 0.00286 (ms)
2026-07-11 07:39:27,630 [INFO] Pass: ContainsInstruction - 0.00501 (ms)
2026-07-11 07:39:27,630 [INFO] Total Transpile Time - 85.72721 (ms)
2026-07-11 07:39:27,715 [INFO] Pass: ContainsInstruction - 0.00906 (ms)
2026-07-11 07:39:27,715 [INFO] Pass: UnitarySynthesis - 0.00620 (ms)
2026-07-11 07:39:27,715 [INFO] Pass: HighLevelSynthesis - 0.00739 (ms)
2026-07-11 07:39:27,715 [INFO] Pass: BasisTranslator - 0.05031 (ms)
2026-07-11 07:39:27,715 [INFO] Pass: ElidePermutations - 0.00334 (ms)
2026-07-11 07:39:27,715 [INFO] Pass: RemoveDiagonalGatesBeforeMeasure - 0.00596 (ms)
2026-07-11 07:39:27,715 [INFO] Pass: RemoveIdentityEquivalent - 0.00525 (ms)
2026-07-11 07:39:27,715 [INFO] Pass: InverseCancellation - 0.02050 (ms)
2026-07-11 07:39:27,715 [INFO] Pass: ContractIdleWiresInControlFlow - 0.00215 (ms)
2026-07-11 07:39:27,715 [INFO] Pass: CommutativeCancellation - 0.06795 (ms)
2026-07-11 07:39:27,715 [INFO] Pass: ConsolidateBlocks - 0.03791 (ms)
2026-07-11 07:39:27,715 [INFO] Pass: Split2QUnitaries - 0.00238 (ms)
2026-07-11 07:39:27,715 [INFO] Pass: UnitarySynthesis - 0.00548 (ms)
2026-07-11 07:39:27,715 [INFO] Pass: HighLevelSynthesis - 0.02432 (ms)
2026-07-11 07:39:27,716 [INFO] Pass: BasisTranslator - 0.06723 (ms)
2026-07-11 07:39:27,716 [INFO] Pass: ConsolidateBlocks - 0.04911 (ms)
2026-07-11 07:39:27,716 [INFO] Pass: UnitarySynthesis - 0.00453 (ms)
2026-07-11 07:39:27,716 [INFO] Pass: Depth - 0.02003 (ms)
2026-07-11 07:39:27,716 [INFO] Pass: FixedPoint - 0.00405 (ms)
2026-07-11 07:39:27,716 [INFO] Pass: Size - 0.00286 (ms)
2026-07-11 07:39:27,716 [INFO] Pass: FixedPoint - 0.00262 (ms)
2026-07-11 07:39:27,716 [INFO] Pass: RemoveIdentityEquivalent - 0.00525 (ms)
2026-07-11 07:39:27,716 [INFO] Pass: Optimize1qGatesDecomposition - 0.15664 (ms)
2026-07-11 07:39:27,716 [INFO] Pass: CommutativeCancellation - 0.07272 (ms)
2026-07-11 07:39:27,716 [INFO] Pass: ContractIdleWiresInControlFlow - 0.00191 (ms)
2026-07-11 07:39:27,716 [INFO] Pass: GatesInBasis - 0.01955 (ms)
2026-07-11 07:39:27,716 [INFO] Pass: Depth - 0.02003 (ms)
2026-07-11 07:39:27,716 [INFO] Pass: FixedPoint - 0.00358 (ms)
2026-07-11 07:39:27,716 [INFO] Pass: Size - 0.00215 (ms)
2026-07-11 07:39:27,716 [INFO] Pass: FixedPoint - 0.00286 (ms)
2026-07-11 07:39:27,716 [INFO] Pass: RemoveIdentityEquivalent - 0.00429 (ms)
2026-07-11 07:39:27,716 [INFO] Pass: Optimize1qGatesDecomposition - 0.13971 (ms)
2026-07-11 07:39:27,717 [INFO] Pass: CommutativeCancellation - 0.06676 (ms)
2026-07-11 07:39:27,717 [INFO] Pass: ContractIdleWiresInControlFlow - 0.00191 (ms)
2026-07-11 07:39:27,717 [INFO] Pass: GatesInBasis - 0.01860 (ms)
2026-07-11 07:39:27,717 [INFO] Pass: Depth - 0.01740 (ms)
2026-07-11 07:39:27,717 [INFO] Pass: FixedPoint - 0.00286 (ms)
2026-07-11 07:39:27,717 [INFO] Pass: Size - 0.00191 (ms)
2026-07-11 07:39:27,717 [INFO] Pass: FixedPoint - 0.00286 (ms)
2026-07-11 07:39:27,717 [INFO] Pass: ContainsInstruction - 0.00572 (ms)
2026-07-11 07:39:27,717 [INFO] Total Transpile Time - 86.47990 (ms)
2026-07-11 07:56:57,069 [INFO] [PCE] n=150 instancia 32/100 completada en 0:00:17:30 — transcurrido=0:10:39:59 restante_estimado=0:22:39:57
2026-07-11 07:56:57,178 [INFO] Pass: ContainsInstruction - 0.01121 (ms)
2026-07-11 07:56:57,178 [INFO] Pass: UnitarySynthesis - 0.00691 (ms)
2026-07-11 07:56:57,178 [INFO] Pass: HighLevelSynthesis - 0.00858 (ms)
2026-07-11 07:56:57,178 [INFO] Pass: BasisTranslator - 0.05841 (ms)
2026-07-11 07:56:57,178 [INFO] Pass: ElidePermutations - 0.00477 (ms)
2026-07-11 07:56:57,178 [INFO] Pass: RemoveDiagonalGatesBeforeMeasure - 0.00811 (ms)
2026-07-11 07:56:57,178 [INFO] Pass: RemoveIdentityEquivalent - 0.00381 (ms)
2026-07-11 07:56:57,178 [INFO] Pass: InverseCancellation - 0.00477 (ms)
2026-07-11 07:56:57,178 [INFO] Pass: ContractIdleWiresInControlFlow - 0.00215 (ms)
2026-07-11 07:56:57,178 [INFO] Pass: CommutativeCancellation - 0.05770 (ms)
2026-07-11 07:56:57,178 [INFO] Pass: ConsolidateBlocks - 0.04148 (ms)
2026-07-11 07:56:57,178 [INFO] Pass: Split2QUnitaries - 0.00358 (ms)
2026-07-11 07:56:57,178 [INFO] Pass: UnitarySynthesis - 0.00525 (ms)
2026-07-11 07:56:57,178 [INFO] Pass: HighLevelSynthesis - 0.02241 (ms)
2026-07-11 07:56:57,178 [INFO] Pass: BasisTranslator - 0.07057 (ms)
2026-07-11 07:56:57,178 [INFO] Pass: ConsolidateBlocks - 0.05031 (ms)
2026-07-11 07:56:57,178 [INFO] Pass: UnitarySynthesis - 0.00429 (ms)
2026-07-11 07:56:57,178 [INFO] Pass: Depth - 0.01955 (ms)
2026-07-11 07:56:57,178 [INFO] Pass: FixedPoint - 0.00477 (ms)
2026-07-11 07:56:57,178 [INFO] Pass: Size - 0.00334 (ms)
2026-07-11 07:56:57,179 [INFO] Pass: FixedPoint - 0.00286 (ms)
2026-07-11 07:56:57,179 [INFO] Pass: RemoveIdentityEquivalent - 0.00286 (ms)
2026-07-11 07:56:57,179 [INFO] Pass: Optimize1qGatesDecomposition - 0.03552 (ms)
2026-07-11 07:56:57,179 [INFO] Pass: CommutativeCancellation - 0.07606 (ms)
2026-07-11 07:56:57,179 [INFO] Pass: ContractIdleWiresInControlFlow - 0.00167 (ms)
2026-07-11 07:56:57,179 [INFO] Pass: GatesInBasis - 0.01907 (ms)
2026-07-11 07:56:57,179 [INFO] Pass: Depth - 0.01764 (ms)
2026-07-11 07:56:57,179 [INFO] Pass: FixedPoint - 0.00358 (ms)
2026-07-11 07:56:57,179 [INFO] Pass: Size - 0.00215 (ms)
2026-07-11 07:56:57,179 [INFO] Pass: FixedPoint - 0.00286 (ms)
2026-07-11 07:56:57,179 [INFO] Pass: ContainsInstruction - 0.00525 (ms)
2026-07-11 07:56:57,179 [INFO] Total Transpile Time - 92.46874 (ms)
2026-07-11 07:56:57,268 [INFO] Pass: ContainsInstruction - 0.00978 (ms)
2026-07-11 07:56:57,269 [INFO] Pass: UnitarySynthesis - 0.00620 (ms)
2026-07-11 07:56:57,269 [INFO] Pass: HighLevelSynthesis - 0.00715 (ms)
2026-07-11 07:56:57,269 [INFO] Pass: BasisTranslator - 0.05364 (ms)
2026-07-11 07:56:57,269 [INFO] Pass: ElidePermutations - 0.00358 (ms)
2026-07-11 07:56:57,269 [INFO] Pass: RemoveDiagonalGatesBeforeMeasure - 0.00691 (ms)
2026-07-11 07:56:57,269 [INFO] Pass: RemoveIdentityEquivalent - 0.00501 (ms)
2026-07-11 07:56:57,269 [INFO] Pass: InverseCancellation - 0.02146 (ms)
2026-07-11 07:56:57,269 [INFO] Pass: ContractIdleWiresInControlFlow - 0.00215 (ms)
2026-07-11 07:56:57,269 [INFO] Pass: CommutativeCancellation - 0.06676 (ms)
2026-07-11 07:56:57,269 [INFO] Pass: ConsolidateBlocks - 0.03862 (ms)
2026-07-11 07:56:57,269 [INFO] Pass: Split2QUnitaries - 0.00262 (ms)
2026-07-11 07:56:57,269 [INFO] Pass: UnitarySynthesis - 0.00525 (ms)
2026-07-11 07:56:57,269 [INFO] Pass: HighLevelSynthesis - 0.02360 (ms)
2026-07-11 07:56:57,269 [INFO] Pass: BasisTranslator - 0.06628 (ms)
2026-07-11 07:56:57,269 [INFO] Pass: ConsolidateBlocks - 0.04816 (ms)
2026-07-11 07:56:57,269 [INFO] Pass: UnitarySynthesis - 0.00453 (ms)
2026-07-11 07:56:57,269 [INFO] Pass: Depth - 0.02027 (ms)
2026-07-11 07:56:57,269 [INFO] Pass: FixedPoint - 0.00405 (ms)
2026-07-11 07:56:57,269 [INFO] Pass: Size - 0.00238 (ms)
2026-07-11 07:56:57,269 [INFO] Pass: FixedPoint - 0.00286 (ms)
2026-07-11 07:56:57,269 [INFO] Pass: RemoveIdentityEquivalent - 0.00381 (ms)
2026-07-11 07:56:57,270 [INFO] Pass: Optimize1qGatesDecomposition - 0.15116 (ms)
2026-07-11 07:56:57,270 [INFO] Pass: CommutativeCancellation - 0.08583 (ms)
2026-07-11 07:56:57,270 [INFO] Pass: ContractIdleWiresInControlFlow - 0.00215 (ms)
2026-07-11 07:56:57,270 [INFO] Pass: GatesInBasis - 0.01907 (ms)
2026-07-11 07:56:57,270 [INFO] Pass: Depth - 0.01788 (ms)
2026-07-11 07:56:57,270 [INFO] Pass: FixedPoint - 0.00358 (ms)
2026-07-11 07:56:57,270 [INFO] Pass: Size - 0.00191 (ms)
2026-07-11 07:56:57,270 [INFO] Pass: FixedPoint - 0.00262 (ms)
2026-07-11 07:56:57,270 [INFO] Pass: ContainsInstruction - 0.00525 (ms)
2026-07-11 07:56:57,270 [INFO] Total Transpile Time - 90.60621 (ms)
2026-07-11 07:56:57,359 [INFO] Pass: ContainsInstruction - 0.01025 (ms)
2026-07-11 07:56:57,359 [INFO] Pass: UnitarySynthesis - 0.00644 (ms)
2026-07-11 07:56:57,359 [INFO] Pass: HighLevelSynthesis - 0.00739 (ms)
2026-07-11 07:56:57,360 [INFO] Pass: BasisTranslator - 0.05150 (ms)
2026-07-11 07:56:57,360 [INFO] Pass: ElidePermutations - 0.00286 (ms)
2026-07-11 07:56:57,360 [INFO] Pass: RemoveDiagonalGatesBeforeMeasure - 0.00620 (ms)
2026-07-11 07:56:57,360 [INFO] Pass: RemoveIdentityEquivalent - 0.00572 (ms)
2026-07-11 07:56:57,360 [INFO] Pass: InverseCancellation - 0.02122 (ms)
2026-07-11 07:56:57,360 [INFO] Pass: ContractIdleWiresInControlFlow - 0.00215 (ms)
2026-07-11 07:56:57,360 [INFO] Pass: CommutativeCancellation - 0.06008 (ms)
2026-07-11 07:56:57,360 [INFO] Pass: ConsolidateBlocks - 0.03815 (ms)
2026-07-11 07:56:57,360 [INFO] Pass: Split2QUnitaries - 0.00238 (ms)
2026-07-11 07:56:57,360 [INFO] Pass: UnitarySynthesis - 0.00525 (ms)
2026-07-11 07:56:57,360 [INFO] Pass: HighLevelSynthesis - 0.02456 (ms)
2026-07-11 07:56:57,360 [INFO] Pass: BasisTranslator - 0.06771 (ms)
2026-07-11 07:56:57,360 [INFO] Pass: ConsolidateBlocks - 0.04816 (ms)
2026-07-11 07:56:57,360 [INFO] Pass: UnitarySynthesis - 0.00477 (ms)
2026-07-11 07:56:57,360 [INFO] Pass: Depth - 0.02074 (ms)
2026-07-11 07:56:57,360 [INFO] Pass: FixedPoint - 0.00405 (ms)
2026-07-11 07:56:57,360 [INFO] Pass: Size - 0.00286 (ms)
2026-07-11 07:56:57,360 [INFO] Pass: FixedPoint - 0.00286 (ms)
2026-07-11 07:56:57,360 [INFO] Pass: RemoveIdentityEquivalent - 0.00525 (ms)
2026-07-11 07:56:57,361 [INFO] Pass: Optimize1qGatesDecomposition - 0.17238 (ms)
2026-07-11 07:56:57,361 [INFO] Pass: CommutativeCancellation - 0.07486 (ms)
2026-07-11 07:56:57,361 [INFO] Pass: ContractIdleWiresInControlFlow - 0.00191 (ms)
2026-07-11 07:56:57,361 [INFO] Pass: GatesInBasis - 0.01884 (ms)
2026-07-11 07:56:57,361 [INFO] Pass: Depth - 0.01884 (ms)
2026-07-11 07:56:57,361 [INFO] Pass: FixedPoint - 0.00358 (ms)
2026-07-11 07:56:57,361 [INFO] Pass: Size - 0.00215 (ms)
2026-07-11 07:56:57,361 [INFO] Pass: FixedPoint - 0.00286 (ms)
2026-07-11 07:56:57,361 [INFO] Pass: RemoveIdentityEquivalent - 0.00429 (ms)
2026-07-11 07:56:57,361 [INFO] Pass: Optimize1qGatesDecomposition - 0.14067 (ms)
2026-07-11 07:56:57,361 [INFO] Pass: CommutativeCancellation - 0.07105 (ms)
2026-07-11 07:56:57,361 [INFO] Pass: ContractIdleWiresInControlFlow - 0.00167 (ms)
2026-07-11 07:56:57,361 [INFO] Pass: GatesInBasis - 0.01812 (ms)
2026-07-11 07:56:57,361 [INFO] Pass: Depth - 0.01907 (ms)
2026-07-11 07:56:57,361 [INFO] Pass: FixedPoint - 0.00358 (ms)
2026-07-11 07:56:57,361 [INFO] Pass: Size - 0.00715 (ms)
2026-07-11 07:56:57,361 [INFO] Pass: FixedPoint - 0.00286 (ms)
2026-07-11 07:56:57,361 [INFO] Pass: ContainsInstruction - 0.00596 (ms)
2026-07-11 07:56:57,362 [INFO] Total Transpile Time - 91.03751 (ms)
2026-07-11 08:16:58,596 [INFO] [PCE] n=150 instancia 33/100 completada en 0:00:20:02 — transcurrido=0:11:00:00 restante_estimado=0:22:20:00
2026-07-11 08:16:58,699 [INFO] Pass: ContainsInstruction - 0.01168 (ms)
2026-07-11 08:16:58,699 [INFO] Pass: UnitarySynthesis - 0.00715 (ms)
2026-07-11 08:16:58,699 [INFO] Pass: HighLevelSynthesis - 0.00811 (ms)
2026-07-11 08:16:58,699 [INFO] Pass: BasisTranslator - 0.05746 (ms)
2026-07-11 08:16:58,699 [INFO] Pass: ElidePermutations - 0.00477 (ms)
2026-07-11 08:16:58,699 [INFO] Pass: RemoveDiagonalGatesBeforeMeasure - 0.00787 (ms)
2026-07-11 08:16:58,699 [INFO] Pass: RemoveIdentityEquivalent - 0.00381 (ms)
2026-07-11 08:16:58,699 [INFO] Pass: InverseCancellation - 0.00453 (ms)
2026-07-11 08:16:58,699 [INFO] Pass: ContractIdleWiresInControlFlow - 0.00191 (ms)
2026-07-11 08:16:58,699 [INFO] Pass: CommutativeCancellation - 0.05722 (ms)
2026-07-11 08:16:58,700 [INFO] Pass: ConsolidateBlocks - 0.04172 (ms)
2026-07-11 08:16:58,700 [INFO] Pass: Split2QUnitaries - 0.00334 (ms)
2026-07-11 08:16:58,700 [INFO] Pass: UnitarySynthesis - 0.00477 (ms)
2026-07-11 08:16:58,700 [INFO] Pass: HighLevelSynthesis - 0.02265 (ms)
2026-07-11 08:16:58,700 [INFO] Pass: BasisTranslator - 0.06270 (ms)
2026-07-11 08:16:58,700 [INFO] Pass: ConsolidateBlocks - 0.04840 (ms)
2026-07-11 08:16:58,700 [INFO] Pass: UnitarySynthesis - 0.00429 (ms)
2026-07-11 08:16:58,700 [INFO] Pass: Depth - 0.01931 (ms)
2026-07-11 08:16:58,700 [INFO] Pass: FixedPoint - 0.00429 (ms)
2026-07-11 08:16:58,700 [INFO] Pass: Size - 0.00334 (ms)
2026-07-11 08:16:58,700 [INFO] Pass: FixedPoint - 0.00262 (ms)
2026-07-11 08:16:58,700 [INFO] Pass: RemoveIdentityEquivalent - 0.00286 (ms)
2026-07-11 08:16:58,700 [INFO] Pass: Optimize1qGatesDecomposition - 0.03195 (ms)
2026-07-11 08:16:58,700 [INFO] Pass: CommutativeCancellation - 0.07343 (ms)
2026-07-11 08:16:58,700 [INFO] Pass: ContractIdleWiresInControlFlow - 0.00215 (ms)
2026-07-11 08:16:58,700 [INFO] Pass: GatesInBasis - 0.01931 (ms)
2026-07-11 08:16:58,700 [INFO] Pass: Depth - 0.02360 (ms)
2026-07-11 08:16:58,700 [INFO] Pass: FixedPoint - 0.00334 (ms)
2026-07-11 08:16:58,700 [INFO] Pass: Size - 0.00215 (ms)
2026-07-11 08:16:58,700 [INFO] Pass: FixedPoint - 0.00262 (ms)
2026-07-11 08:16:58,700 [INFO] Pass: ContainsInstruction - 0.00453 (ms)
2026-07-11 08:16:58,701 [INFO] Total Transpile Time - 87.94570 (ms)
2026-07-11 08:16:58,786 [INFO] Pass: ContainsInstruction - 0.00954 (ms)
2026-07-11 08:16:58,786 [INFO] Pass: UnitarySynthesis - 0.00572 (ms)
2026-07-11 08:16:58,786 [INFO] Pass: HighLevelSynthesis - 0.00739 (ms)
2026-07-11 08:16:58,786 [INFO] Pass: BasisTranslator - 0.05269 (ms)
2026-07-11 08:16:58,786 [INFO] Pass: ElidePermutations - 0.00429 (ms)
2026-07-11 08:16:58,786 [INFO] Pass: RemoveDiagonalGatesBeforeMeasure - 0.00715 (ms)
2026-07-11 08:16:58,786 [INFO] Pass: RemoveIdentityEquivalent - 0.00453 (ms)
2026-07-11 08:16:58,786 [INFO] Pass: InverseCancellation - 0.02122 (ms)
2026-07-11 08:16:58,786 [INFO] Pass: ContractIdleWiresInControlFlow - 0.00215 (ms)
2026-07-11 08:16:58,786 [INFO] Pass: CommutativeCancellation - 0.06151 (ms)
2026-07-11 08:16:58,786 [INFO] Pass: ConsolidateBlocks - 0.03910 (ms)
2026-07-11 08:16:58,786 [INFO] Pass: Split2QUnitaries - 0.00238 (ms)
2026-07-11 08:16:58,786 [INFO] Pass: UnitarySynthesis - 0.00525 (ms)
2026-07-11 08:16:58,786 [INFO] Pass: HighLevelSynthesis - 0.02313 (ms)
2026-07-11 08:16:58,786 [INFO] Pass: BasisTranslator - 0.07129 (ms)
2026-07-11 08:16:58,786 [INFO] Pass: ConsolidateBlocks - 0.04911 (ms)
2026-07-11 08:16:58,786 [INFO] Pass: UnitarySynthesis - 0.00453 (ms)
2026-07-11 08:16:58,786 [INFO] Pass: Depth - 0.01955 (ms)
2026-07-11 08:16:58,786 [INFO] Pass: FixedPoint - 0.00405 (ms)
2026-07-11 08:16:58,786 [INFO] Pass: Size - 0.00286 (ms)
2026-07-11 08:16:58,786 [INFO] Pass: FixedPoint - 0.00262 (ms)
2026-07-11 08:16:58,787 [INFO] Pass: RemoveIdentityEquivalent - 0.00405 (ms)
2026-07-11 08:16:58,787 [INFO] Pass: Optimize1qGatesDecomposition - 0.14806 (ms)
2026-07-11 08:16:58,787 [INFO] Pass: CommutativeCancellation - 0.08059 (ms)
2026-07-11 08:16:58,787 [INFO] Pass: ContractIdleWiresInControlFlow - 0.00191 (ms)
2026-07-11 08:16:58,787 [INFO] Pass: GatesInBasis - 0.01955 (ms)
2026-07-11 08:16:58,787 [INFO] Pass: Depth - 0.01812 (ms)
2026-07-11 08:16:58,787 [INFO] Pass: FixedPoint - 0.00358 (ms)
2026-07-11 08:16:58,787 [INFO] Pass: Size - 0.00191 (ms)
2026-07-11 08:16:58,787 [INFO] Pass: FixedPoint - 0.00286 (ms)
2026-07-11 08:16:58,787 [INFO] Pass: ContainsInstruction - 0.00477 (ms)
2026-07-11 08:16:58,787 [INFO] Total Transpile Time - 86.25937 (ms)
2026-07-11 08:16:58,873 [INFO] Pass: ContainsInstruction - 0.00930 (ms)
2026-07-11 08:16:58,873 [INFO] Pass: UnitarySynthesis - 0.00668 (ms)
2026-07-11 08:16:58,873 [INFO] Pass: HighLevelSynthesis - 0.00739 (ms)
2026-07-11 08:16:58,873 [INFO] Pass: BasisTranslator - 0.05007 (ms)
2026-07-11 08:16:58,873 [INFO] Pass: ElidePermutations - 0.00310 (ms)
2026-07-11 08:16:58,873 [INFO] Pass: RemoveDiagonalGatesBeforeMeasure - 0.00644 (ms)
2026-07-11 08:16:58,873 [INFO] Pass: RemoveIdentityEquivalent - 0.00548 (ms)
2026-07-11 08:16:58,873 [INFO] Pass: InverseCancellation - 0.02098 (ms)
2026-07-11 08:16:58,873 [INFO] Pass: ContractIdleWiresInControlFlow - 0.00167 (ms)
2026-07-11 08:16:58,873 [INFO] Pass: CommutativeCancellation - 0.05984 (ms)
2026-07-11 08:16:58,873 [INFO] Pass: ConsolidateBlocks - 0.03815 (ms)
2026-07-11 08:16:58,873 [INFO] Pass: Split2QUnitaries - 0.00238 (ms)
2026-07-11 08:16:58,873 [INFO] Pass: UnitarySynthesis - 0.00525 (ms)
2026-07-11 08:16:58,873 [INFO] Pass: HighLevelSynthesis - 0.02456 (ms)
2026-07-11 08:16:58,873 [INFO] Pass: BasisTranslator - 0.07057 (ms)
2026-07-11 08:16:58,873 [INFO] Pass: ConsolidateBlocks - 0.04911 (ms)
2026-07-11 08:16:58,873 [INFO] Pass: UnitarySynthesis - 0.00477 (ms)
2026-07-11 08:16:58,873 [INFO] Pass: Depth - 0.02027 (ms)
2026-07-11 08:16:58,873 [INFO] Pass: FixedPoint - 0.00381 (ms)
2026-07-11 08:16:58,873 [INFO] Pass: Size - 0.00238 (ms)
2026-07-11 08:16:58,874 [INFO] Pass: FixedPoint - 0.00262 (ms)
2026-07-11 08:16:58,874 [INFO] Pass: RemoveIdentityEquivalent - 0.00501 (ms)
2026-07-11 08:16:58,874 [INFO] Pass: Optimize1qGatesDecomposition - 0.15330 (ms)
2026-07-11 08:16:58,874 [INFO] Pass: CommutativeCancellation - 0.07367 (ms)
2026-07-11 08:16:58,874 [INFO] Pass: ContractIdleWiresInControlFlow - 0.00191 (ms)
2026-07-11 08:16:58,874 [INFO] Pass: GatesInBasis - 0.02003 (ms)
2026-07-11 08:16:58,874 [INFO] Pass: Depth - 0.01860 (ms)
2026-07-11 08:16:58,874 [INFO] Pass: FixedPoint - 0.00358 (ms)
2026-07-11 08:16:58,874 [INFO] Pass: Size - 0.00215 (ms)
2026-07-11 08:16:58,874 [INFO] Pass: FixedPoint - 0.00286 (ms)
2026-07-11 08:16:58,874 [INFO] Pass: RemoveIdentityEquivalent - 0.00429 (ms)
2026-07-11 08:16:58,874 [INFO] Pass: Optimize1qGatesDecomposition - 0.13351 (ms)
2026-07-11 08:16:58,874 [INFO] Pass: CommutativeCancellation - 0.07439 (ms)
2026-07-11 08:16:58,874 [INFO] Pass: ContractIdleWiresInControlFlow - 0.00191 (ms)
2026-07-11 08:16:58,874 [INFO] Pass: GatesInBasis - 0.01836 (ms)
2026-07-11 08:16:58,874 [INFO] Pass: Depth - 0.01693 (ms)
2026-07-11 08:16:58,874 [INFO] Pass: FixedPoint - 0.00310 (ms)
2026-07-11 08:16:58,874 [INFO] Pass: Size - 0.00167 (ms)
2026-07-11 08:16:58,874 [INFO] Pass: FixedPoint - 0.00262 (ms)
2026-07-11 08:16:58,874 [INFO] Pass: ContainsInstruction - 0.00525 (ms)
2026-07-11 08:16:58,875 [INFO] Total Transpile Time - 87.11243 (ms)
2026-07-11 08:40:42,552 [INFO] [PCE] n=150 instancia 34/100 completada en 0:00:23:44 — transcurrido=0:11:23:44 restante_estimado=0:22:07:15
2026-07-11 08:40:42,657 [INFO] Pass: ContainsInstruction - 0.01192 (ms)
2026-07-11 08:40:42,657 [INFO] Pass: UnitarySynthesis - 0.00691 (ms)
2026-07-11 08:40:42,657 [INFO] Pass: HighLevelSynthesis - 0.00834 (ms)
2026-07-11 08:40:42,657 [INFO] Pass: BasisTranslator - 0.05651 (ms)
2026-07-11 08:40:42,657 [INFO] Pass: ElidePermutations - 0.00525 (ms)
2026-07-11 08:40:42,657 [INFO] Pass: RemoveDiagonalGatesBeforeMeasure - 0.00906 (ms)
2026-07-11 08:40:42,657 [INFO] Pass: RemoveIdentityEquivalent - 0.00358 (ms)
2026-07-11 08:40:42,657 [INFO] Pass: InverseCancellation - 0.00501 (ms)
2026-07-11 08:40:42,657 [INFO] Pass: ContractIdleWiresInControlFlow - 0.00215 (ms)
2026-07-11 08:40:42,657 [INFO] Pass: CommutativeCancellation - 0.05388 (ms)
2026-07-11 08:40:42,658 [INFO] Pass: ConsolidateBlocks - 0.04172 (ms)
2026-07-11 08:40:42,658 [INFO] Pass: Split2QUnitaries - 0.00286 (ms)
2026-07-11 08:40:42,658 [INFO] Pass: UnitarySynthesis - 0.00453 (ms)
2026-07-11 08:40:42,658 [INFO] Pass: HighLevelSynthesis - 0.02289 (ms)
2026-07-11 08:40:42,658 [INFO] Pass: BasisTranslator - 0.06199 (ms)
2026-07-11 08:40:42,658 [INFO] Pass: ConsolidateBlocks - 0.04792 (ms)
2026-07-11 08:40:42,658 [INFO] Pass: UnitarySynthesis - 0.00453 (ms)
2026-07-11 08:40:42,658 [INFO] Pass: Depth - 0.02217 (ms)
2026-07-11 08:40:42,658 [INFO] Pass: FixedPoint - 0.00477 (ms)
2026-07-11 08:40:42,658 [INFO] Pass: Size - 0.00358 (ms)
2026-07-11 08:40:42,658 [INFO] Pass: FixedPoint - 0.00286 (ms)
2026-07-11 08:40:42,658 [INFO] Pass: RemoveIdentityEquivalent - 0.00286 (ms)
2026-07-11 08:40:42,658 [INFO] Pass: Optimize1qGatesDecomposition - 0.03314 (ms)
2026-07-11 08:40:42,658 [INFO] Pass: CommutativeCancellation - 0.07272 (ms)
2026-07-11 08:40:42,658 [INFO] Pass: ContractIdleWiresInControlFlow - 0.00238 (ms)
2026-07-11 08:40:42,658 [INFO] Pass: GatesInBasis - 0.02027 (ms)
2026-07-11 08:40:42,658 [INFO] Pass: Depth - 0.02527 (ms)
2026-07-11 08:40:42,658 [INFO] Pass: FixedPoint - 0.00334 (ms)
2026-07-11 08:40:42,658 [INFO] Pass: Size - 0.00215 (ms)
2026-07-11 08:40:42,658 [INFO] Pass: FixedPoint - 0.00286 (ms)
2026-07-11 08:40:42,658 [INFO] Pass: ContainsInstruction - 0.00525 (ms)
2026-07-11 08:40:42,659 [INFO] Total Transpile Time - 90.11841 (ms)
2026-07-11 08:40:42,745 [INFO] Pass: ContainsInstruction - 0.00954 (ms)
2026-07-11 08:40:42,745 [INFO] Pass: UnitarySynthesis - 0.00620 (ms)
2026-07-11 08:40:42,746 [INFO] Pass: HighLevelSynthesis - 0.00739 (ms)
2026-07-11 08:40:42,746 [INFO] Pass: BasisTranslator - 0.05031 (ms)
2026-07-11 08:40:42,746 [INFO] Pass: ElidePermutations - 0.00381 (ms)
2026-07-11 08:40:42,746 [INFO] Pass: RemoveDiagonalGatesBeforeMeasure - 0.00644 (ms)
2026-07-11 08:40:42,746 [INFO] Pass: RemoveIdentityEquivalent - 0.00429 (ms)
2026-07-11 08:40:42,746 [INFO] Pass: InverseCancellation - 0.02146 (ms)
2026-07-11 08:40:42,746 [INFO] Pass: ContractIdleWiresInControlFlow - 0.00191 (ms)
2026-07-11 08:40:42,746 [INFO] Pass: CommutativeCancellation - 0.06032 (ms)
2026-07-11 08:40:42,746 [INFO] Pass: ConsolidateBlocks - 0.03958 (ms)
2026-07-11 08:40:42,746 [INFO] Pass: Split2QUnitaries - 0.00262 (ms)
2026-07-11 08:40:42,746 [INFO] Pass: UnitarySynthesis - 0.00501 (ms)
2026-07-11 08:40:42,746 [INFO] Pass: HighLevelSynthesis - 0.02337 (ms)
2026-07-11 08:40:42,746 [INFO] Pass: BasisTranslator - 0.06223 (ms)
2026-07-11 08:40:42,746 [INFO] Pass: ConsolidateBlocks - 0.04745 (ms)
2026-07-11 08:40:42,746 [INFO] Pass: UnitarySynthesis - 0.00405 (ms)
2026-07-11 08:40:42,746 [INFO] Pass: Depth - 0.02527 (ms)
2026-07-11 08:40:42,746 [INFO] Pass: FixedPoint - 0.00381 (ms)
2026-07-11 08:40:42,746 [INFO] Pass: Size - 0.00286 (ms)
2026-07-11 08:40:42,746 [INFO] Pass: FixedPoint - 0.00262 (ms)
2026-07-11 08:40:42,746 [INFO] Pass: RemoveIdentityEquivalent - 0.00405 (ms)
2026-07-11 08:40:42,747 [INFO] Pass: Optimize1qGatesDecomposition - 0.14615 (ms)
2026-07-11 08:40:42,747 [INFO] Pass: CommutativeCancellation - 0.07987 (ms)
2026-07-11 08:40:42,747 [INFO] Pass: ContractIdleWiresInControlFlow - 0.00215 (ms)
2026-07-11 08:40:42,747 [INFO] Pass: GatesInBasis - 0.01836 (ms)
2026-07-11 08:40:42,747 [INFO] Pass: Depth - 0.01764 (ms)
2026-07-11 08:40:42,747 [INFO] Pass: FixedPoint - 0.00334 (ms)
2026-07-11 08:40:42,747 [INFO] Pass: Size - 0.00215 (ms)
2026-07-11 08:40:42,747 [INFO] Pass: FixedPoint - 0.00286 (ms)
2026-07-11 08:40:42,747 [INFO] Pass: ContainsInstruction - 0.00501 (ms)
2026-07-11 08:40:42,747 [INFO] Total Transpile Time - 88.10091 (ms)
2026-07-11 08:40:42,834 [INFO] Pass: ContainsInstruction - 0.00954 (ms)
2026-07-11 08:40:42,834 [INFO] Pass: UnitarySynthesis - 0.00620 (ms)
2026-07-11 08:40:42,834 [INFO] Pass: HighLevelSynthesis - 0.00715 (ms)
2026-07-11 08:40:42,834 [INFO] Pass: BasisTranslator - 0.05150 (ms)
2026-07-11 08:40:42,834 [INFO] Pass: ElidePermutations - 0.00334 (ms)
2026-07-11 08:40:42,834 [INFO] Pass: RemoveDiagonalGatesBeforeMeasure - 0.00668 (ms)
2026-07-11 08:40:42,834 [INFO] Pass: RemoveIdentityEquivalent - 0.00525 (ms)
2026-07-11 08:40:42,834 [INFO] Pass: InverseCancellation - 0.02050 (ms)
2026-07-11 08:40:42,835 [INFO] Pass: ContractIdleWiresInControlFlow - 0.00215 (ms)
2026-07-11 08:40:42,835 [INFO] Pass: CommutativeCancellation - 0.06056 (ms)
2026-07-11 08:40:42,835 [INFO] Pass: ConsolidateBlocks - 0.04029 (ms)
2026-07-11 08:40:42,835 [INFO] Pass: Split2QUnitaries - 0.00215 (ms)
2026-07-11 08:40:42,835 [INFO] Pass: UnitarySynthesis - 0.00477 (ms)
2026-07-11 08:40:42,835 [INFO] Pass: HighLevelSynthesis - 0.02456 (ms)
2026-07-11 08:40:42,835 [INFO] Pass: BasisTranslator - 0.06604 (ms)
2026-07-11 08:40:42,835 [INFO] Pass: ConsolidateBlocks - 0.05031 (ms)
2026-07-11 08:40:42,835 [INFO] Pass: UnitarySynthesis - 0.00501 (ms)
2026-07-11 08:40:42,835 [INFO] Pass: Depth - 0.01979 (ms)
2026-07-11 08:40:42,835 [INFO] Pass: FixedPoint - 0.00405 (ms)
2026-07-11 08:40:42,835 [INFO] Pass: Size - 0.00262 (ms)
2026-07-11 08:40:42,835 [INFO] Pass: FixedPoint - 0.00286 (ms)
2026-07-11 08:40:42,835 [INFO] Pass: RemoveIdentityEquivalent - 0.00501 (ms)
2026-07-11 08:40:42,835 [INFO] Pass: Optimize1qGatesDecomposition - 0.16737 (ms)
2026-07-11 08:40:42,835 [INFO] Pass: CommutativeCancellation - 0.07367 (ms)
2026-07-11 08:40:42,835 [INFO] Pass: ContractIdleWiresInControlFlow - 0.00167 (ms)
2026-07-11 08:40:42,835 [INFO] Pass: GatesInBasis - 0.01860 (ms)
2026-07-11 08:40:42,836 [INFO] Pass: Depth - 0.01884 (ms)
2026-07-11 08:40:42,836 [INFO] Pass: FixedPoint - 0.00358 (ms)
2026-07-11 08:40:42,836 [INFO] Pass: Size - 0.00167 (ms)
2026-07-11 08:40:42,836 [INFO] Pass: FixedPoint - 0.00238 (ms)
2026-07-11 08:40:42,836 [INFO] Pass: RemoveIdentityEquivalent - 0.00429 (ms)
2026-07-11 08:40:42,836 [INFO] Pass: Optimize1qGatesDecomposition - 0.13876 (ms)
2026-07-11 08:40:42,836 [INFO] Pass: CommutativeCancellation - 0.06652 (ms)
2026-07-11 08:40:42,836 [INFO] Pass: ContractIdleWiresInControlFlow - 0.00167 (ms)
2026-07-11 08:40:42,836 [INFO] Pass: GatesInBasis - 0.01812 (ms)
2026-07-11 08:40:42,836 [INFO] Pass: Depth - 0.01788 (ms)
2026-07-11 08:40:42,836 [INFO] Pass: FixedPoint - 0.00310 (ms)
2026-07-11 08:40:42,836 [INFO] Pass: Size - 0.00191 (ms)
2026-07-11 08:40:42,836 [INFO] Pass: FixedPoint - 0.00286 (ms)
2026-07-11 08:40:42,836 [INFO] Pass: ContainsInstruction - 0.00548 (ms)
2026-07-11 08:40:42,836 [INFO] Total Transpile Time - 88.90176 (ms)
2026-07-11 08:58:19,084 [INFO] [PCE] n=150 instancia 35/100 completada en 0:00:17:37 — transcurrido=0:11:41:21 restante_estimado=0:21:42:30
2026-07-11 08:58:19,187 [INFO] Pass: ContainsInstruction - 0.01144 (ms)
2026-07-11 08:58:19,187 [INFO] Pass: UnitarySynthesis - 0.01454 (ms)
2026-07-11 08:58:19,187 [INFO] Pass: HighLevelSynthesis - 0.00930 (ms)
2026-07-11 08:58:19,187 [INFO] Pass: BasisTranslator - 0.05913 (ms)
2026-07-11 08:58:19,187 [INFO] Pass: ElidePermutations - 0.00477 (ms)
2026-07-11 08:58:19,187 [INFO] Pass: RemoveDiagonalGatesBeforeMeasure - 0.00811 (ms)
2026-07-11 08:58:19,187 [INFO] Pass: RemoveIdentityEquivalent - 0.00381 (ms)
2026-07-11 08:58:19,188 [INFO] Pass: InverseCancellation - 0.00477 (ms)
2026-07-11 08:58:19,188 [INFO] Pass: ContractIdleWiresInControlFlow - 0.00215 (ms)
2026-07-11 08:58:19,188 [INFO] Pass: CommutativeCancellation - 0.05674 (ms)
2026-07-11 08:58:19,188 [INFO] Pass: ConsolidateBlocks - 0.04339 (ms)
2026-07-11 08:58:19,188 [INFO] Pass: Split2QUnitaries - 0.00262 (ms)
2026-07-11 08:58:19,188 [INFO] Pass: UnitarySynthesis - 0.00525 (ms)
2026-07-11 08:58:19,188 [INFO] Pass: HighLevelSynthesis - 0.02313 (ms)
2026-07-11 08:58:19,188 [INFO] Pass: BasisTranslator - 0.06580 (ms)
2026-07-11 08:58:19,188 [INFO] Pass: ConsolidateBlocks - 0.04792 (ms)
2026-07-11 08:58:19,188 [INFO] Pass: UnitarySynthesis - 0.00429 (ms)
2026-07-11 08:58:19,188 [INFO] Pass: Depth - 0.02241 (ms)
2026-07-11 08:58:19,188 [INFO] Pass: FixedPoint - 0.00429 (ms)
2026-07-11 08:58:19,188 [INFO] Pass: Size - 0.00334 (ms)
2026-07-11 08:58:19,188 [INFO] Pass: FixedPoint - 0.00238 (ms)
2026-07-11 08:58:19,188 [INFO] Pass: RemoveIdentityEquivalent - 0.00286 (ms)
2026-07-11 08:58:19,188 [INFO] Pass: Optimize1qGatesDecomposition - 0.03147 (ms)
2026-07-11 08:58:19,188 [INFO] Pass: CommutativeCancellation - 0.08249 (ms)
2026-07-11 08:58:19,188 [INFO] Pass: ContractIdleWiresInControlFlow - 0.00215 (ms)
2026-07-11 08:58:19,188 [INFO] Pass: GatesInBasis - 0.01955 (ms)
2026-07-11 08:58:19,188 [INFO] Pass: Depth - 0.02050 (ms)
2026-07-11 08:58:19,188 [INFO] Pass: FixedPoint - 0.00334 (ms)
2026-07-11 08:58:19,188 [INFO] Pass: Size - 0.00215 (ms)
2026-07-11 08:58:19,188 [INFO] Pass: FixedPoint - 0.00286 (ms)
2026-07-11 08:58:19,189 [INFO] Pass: ContainsInstruction - 0.00548 (ms)
2026-07-11 08:58:19,189 [INFO] Total Transpile Time - 88.89318 (ms)
2026-07-11 08:58:19,276 [INFO] Pass: ContainsInstruction - 0.00978 (ms)
2026-07-11 08:58:19,276 [INFO] Pass: UnitarySynthesis - 0.00620 (ms)
2026-07-11 08:58:19,276 [INFO] Pass: HighLevelSynthesis - 0.00763 (ms)
2026-07-11 08:58:19,276 [INFO] Pass: BasisTranslator - 0.05364 (ms)
2026-07-11 08:58:19,276 [INFO] Pass: ElidePermutations - 0.00381 (ms)
2026-07-11 08:58:19,276 [INFO] Pass: RemoveDiagonalGatesBeforeMeasure - 0.00763 (ms)
2026-07-11 08:58:19,276 [INFO] Pass: RemoveIdentityEquivalent - 0.00453 (ms)
2026-07-11 08:58:19,276 [INFO] Pass: InverseCancellation - 0.02241 (ms)
2026-07-11 08:58:19,276 [INFO] Pass: ContractIdleWiresInControlFlow - 0.00215 (ms)
2026-07-11 08:58:19,276 [INFO] Pass: CommutativeCancellation - 0.06366 (ms)
2026-07-11 08:58:19,276 [INFO] Pass: ConsolidateBlocks - 0.04172 (ms)
2026-07-11 08:58:19,276 [INFO] Pass: Split2QUnitaries - 0.00238 (ms)
2026-07-11 08:58:19,276 [INFO] Pass: UnitarySynthesis - 0.00501 (ms)
2026-07-11 08:58:19,276 [INFO] Pass: HighLevelSynthesis - 0.03123 (ms)
2026-07-11 08:58:19,276 [INFO] Pass: BasisTranslator - 0.06390 (ms)
2026-07-11 08:58:19,276 [INFO] Pass: ConsolidateBlocks - 0.04864 (ms)
2026-07-11 08:58:19,276 [INFO] Pass: UnitarySynthesis - 0.00453 (ms)
2026-07-11 08:58:19,277 [INFO] Pass: Depth - 0.01884 (ms)
2026-07-11 08:58:19,277 [INFO] Pass: FixedPoint - 0.00453 (ms)
2026-07-11 08:58:19,277 [INFO] Pass: Size - 0.00286 (ms)
2026-07-11 08:58:19,277 [INFO] Pass: FixedPoint - 0.00286 (ms)
2026-07-11 08:58:19,277 [INFO] Pass: RemoveIdentityEquivalent - 0.00381 (ms)
2026-07-11 08:58:19,277 [INFO] Pass: Optimize1qGatesDecomposition - 0.14448 (ms)
2026-07-11 08:58:19,277 [INFO] Pass: CommutativeCancellation - 0.07963 (ms)
2026-07-11 08:58:19,277 [INFO] Pass: ContractIdleWiresInControlFlow - 0.00167 (ms)
2026-07-11 08:58:19,277 [INFO] Pass: GatesInBasis - 0.01931 (ms)
2026-07-11 08:58:19,277 [INFO] Pass: Depth - 0.01764 (ms)
2026-07-11 08:58:19,277 [INFO] Pass: FixedPoint - 0.00358 (ms)
2026-07-11 08:58:19,277 [INFO] Pass: Size - 0.00238 (ms)
2026-07-11 08:58:19,277 [INFO] Pass: FixedPoint - 0.00286 (ms)
2026-07-11 08:58:19,277 [INFO] Pass: ContainsInstruction - 0.00501 (ms)
2026-07-11 08:58:19,277 [INFO] Total Transpile Time - 88.15980 (ms)
2026-07-11 08:58:19,364 [INFO] Pass: ContainsInstruction - 0.00930 (ms)
2026-07-11 08:58:19,364 [INFO] Pass: UnitarySynthesis - 0.00644 (ms)
2026-07-11 08:58:19,364 [INFO] Pass: HighLevelSynthesis - 0.00811 (ms)
2026-07-11 08:58:19,364 [INFO] Pass: BasisTranslator - 0.05436 (ms)
2026-07-11 08:58:19,364 [INFO] Pass: ElidePermutations - 0.00334 (ms)
2026-07-11 08:58:19,364 [INFO] Pass: RemoveDiagonalGatesBeforeMeasure - 0.00668 (ms)
2026-07-11 08:58:19,364 [INFO] Pass: RemoveIdentityEquivalent - 0.00525 (ms)
2026-07-11 08:58:19,364 [INFO] Pass: InverseCancellation - 0.02074 (ms)
2026-07-11 08:58:19,364 [INFO] Pass: ContractIdleWiresInControlFlow - 0.00191 (ms)
2026-07-11 08:58:19,364 [INFO] Pass: CommutativeCancellation - 0.05841 (ms)
2026-07-11 08:58:19,364 [INFO] Pass: ConsolidateBlocks - 0.04005 (ms)
2026-07-11 08:58:19,364 [INFO] Pass: Split2QUnitaries - 0.00191 (ms)
2026-07-11 08:58:19,364 [INFO] Pass: UnitarySynthesis - 0.00525 (ms)
2026-07-11 08:58:19,364 [INFO] Pass: HighLevelSynthesis - 0.02527 (ms)
2026-07-11 08:58:19,364 [INFO] Pass: BasisTranslator - 0.06366 (ms)
2026-07-11 08:58:19,364 [INFO] Pass: ConsolidateBlocks - 0.04935 (ms)
2026-07-11 08:58:19,365 [INFO] Pass: UnitarySynthesis - 0.00477 (ms)
2026-07-11 08:58:19,365 [INFO] Pass: Depth - 0.02003 (ms)
2026-07-11 08:58:19,365 [INFO] Pass: FixedPoint - 0.00429 (ms)
2026-07-11 08:58:19,365 [INFO] Pass: Size - 0.00262 (ms)
2026-07-11 08:58:19,365 [INFO] Pass: FixedPoint - 0.00286 (ms)
2026-07-11 08:58:19,365 [INFO] Pass: RemoveIdentityEquivalent - 0.00525 (ms)
2026-07-11 08:58:19,365 [INFO] Pass: Optimize1qGatesDecomposition - 0.16212 (ms)
2026-07-11 08:58:19,365 [INFO] Pass: CommutativeCancellation - 0.07343 (ms)
2026-07-11 08:58:19,365 [INFO] Pass: ContractIdleWiresInControlFlow - 0.00167 (ms)
2026-07-11 08:58:19,365 [INFO] Pass: GatesInBasis - 0.01884 (ms)
2026-07-11 08:58:19,365 [INFO] Pass: Depth - 0.01836 (ms)
2026-07-11 08:58:19,365 [INFO] Pass: FixedPoint - 0.00358 (ms)
2026-07-11 08:58:19,365 [INFO] Pass: Size - 0.00191 (ms)
2026-07-11 08:58:19,365 [INFO] Pass: FixedPoint - 0.00310 (ms)
2026-07-11 08:58:19,365 [INFO] Pass: RemoveIdentityEquivalent - 0.00477 (ms)
2026-07-11 08:58:19,365 [INFO] Pass: Optimize1qGatesDecomposition - 0.14448 (ms)
2026-07-11 08:58:19,365 [INFO] Pass: CommutativeCancellation - 0.06866 (ms)
2026-07-11 08:58:19,365 [INFO] Pass: ContractIdleWiresInControlFlow - 0.00191 (ms)
2026-07-11 08:58:19,366 [INFO] Pass: GatesInBasis - 0.01788 (ms)
2026-07-11 08:58:19,366 [INFO] Pass: Depth - 0.01836 (ms)
2026-07-11 08:58:19,366 [INFO] Pass: FixedPoint - 0.00334 (ms)
2026-07-11 08:58:19,366 [INFO] Pass: Size - 0.00191 (ms)
2026-07-11 08:58:19,366 [INFO] Pass: FixedPoint - 0.00286 (ms)
2026-07-11 08:58:19,366 [INFO] Pass: ContainsInstruction - 0.00501 (ms)
2026-07-11 08:58:19,366 [INFO] Total Transpile Time - 88.18316 (ms)
2026-07-11 09:17:35,897 [INFO] [PCE] n=150 instancia 36/100 completada en 0:00:19:17 — transcurrido=0:12:00:37 restante_estimado=0:21:21:06
2026-07-11 09:17:36,000 [INFO] Pass: ContainsInstruction - 0.01073 (ms)
2026-07-11 09:17:36,000 [INFO] Pass: UnitarySynthesis - 0.00691 (ms)
2026-07-11 09:17:36,000 [INFO] Pass: HighLevelSynthesis - 0.00882 (ms)
2026-07-11 09:17:36,000 [INFO] Pass: BasisTranslator - 0.05555 (ms)
2026-07-11 09:17:36,000 [INFO] Pass: ElidePermutations - 0.00477 (ms)
2026-07-11 09:17:36,000 [INFO] Pass: RemoveDiagonalGatesBeforeMeasure - 0.00882 (ms)
2026-07-11 09:17:36,000 [INFO] Pass: RemoveIdentityEquivalent - 0.00334 (ms)
2026-07-11 09:17:36,000 [INFO] Pass: InverseCancellation - 0.00525 (ms)
2026-07-11 09:17:36,000 [INFO] Pass: ContractIdleWiresInControlFlow - 0.00238 (ms)
2026-07-11 09:17:36,000 [INFO] Pass: CommutativeCancellation - 0.05531 (ms)
2026-07-11 09:17:36,000 [INFO] Pass: ConsolidateBlocks - 0.04148 (ms)
2026-07-11 09:17:36,000 [INFO] Pass: Split2QUnitaries - 0.00286 (ms)
2026-07-11 09:17:36,000 [INFO] Pass: UnitarySynthesis - 0.00501 (ms)
2026-07-11 09:17:36,000 [INFO] Pass: HighLevelSynthesis - 0.02933 (ms)
2026-07-11 09:17:36,000 [INFO] Pass: BasisTranslator - 0.06366 (ms)
2026-07-11 09:17:36,000 [INFO] Pass: ConsolidateBlocks - 0.05007 (ms)
2026-07-11 09:17:36,000 [INFO] Pass: UnitarySynthesis - 0.00453 (ms)
2026-07-11 09:17:36,001 [INFO] Pass: Depth - 0.02027 (ms)
2026-07-11 09:17:36,001 [INFO] Pass: FixedPoint - 0.00477 (ms)
2026-07-11 09:17:36,001 [INFO] Pass: Size - 0.00310 (ms)
2026-07-11 09:17:36,001 [INFO] Pass: FixedPoint - 0.00262 (ms)
2026-07-11 09:17:36,001 [INFO] Pass: RemoveIdentityEquivalent - 0.00286 (ms)
2026-07-11 09:17:36,001 [INFO] Pass: Optimize1qGatesDecomposition - 0.03171 (ms)
2026-07-11 09:17:36,001 [INFO] Pass: CommutativeCancellation - 0.07319 (ms)
2026-07-11 09:17:36,001 [INFO] Pass: ContractIdleWiresInControlFlow - 0.00191 (ms)
2026-07-11 09:17:36,001 [INFO] Pass: GatesInBasis - 0.01836 (ms)
2026-07-11 09:17:36,001 [INFO] Pass: Depth - 0.01717 (ms)
2026-07-11 09:17:36,001 [INFO] Pass: FixedPoint - 0.00334 (ms)
2026-07-11 09:17:36,001 [INFO] Pass: Size - 0.00215 (ms)
2026-07-11 09:17:36,001 [INFO] Pass: FixedPoint - 0.00286 (ms)
2026-07-11 09:17:36,001 [INFO] Pass: ContainsInstruction - 0.00501 (ms)
2026-07-11 09:17:36,001 [INFO] Total Transpile Time - 88.18674 (ms)
2026-07-11 09:17:36,087 [INFO] Pass: ContainsInstruction - 0.01001 (ms)
2026-07-11 09:17:36,087 [INFO] Pass: UnitarySynthesis - 0.00620 (ms)
2026-07-11 09:17:36,087 [INFO] Pass: HighLevelSynthesis - 0.00715 (ms)
2026-07-11 09:17:36,087 [INFO] Pass: BasisTranslator - 0.05269 (ms)
2026-07-11 09:17:36,087 [INFO] Pass: ElidePermutations - 0.00405 (ms)
2026-07-11 09:17:36,087 [INFO] Pass: RemoveDiagonalGatesBeforeMeasure - 0.00644 (ms)
2026-07-11 09:17:36,087 [INFO] Pass: RemoveIdentityEquivalent - 0.00501 (ms)
2026-07-11 09:17:36,087 [INFO] Pass: InverseCancellation - 0.02241 (ms)
2026-07-11 09:17:36,087 [INFO] Pass: ContractIdleWiresInControlFlow - 0.00215 (ms)
2026-07-11 09:17:36,087 [INFO] Pass: CommutativeCancellation - 0.06366 (ms)
2026-07-11 09:17:36,087 [INFO] Pass: ConsolidateBlocks - 0.03982 (ms)
2026-07-11 09:17:36,087 [INFO] Pass: Split2QUnitaries - 0.00286 (ms)
2026-07-11 09:17:36,087 [INFO] Pass: UnitarySynthesis - 0.00501 (ms)
2026-07-11 09:17:36,087 [INFO] Pass: HighLevelSynthesis - 0.02337 (ms)
2026-07-11 09:17:36,088 [INFO] Pass: BasisTranslator - 0.06270 (ms)
2026-07-11 09:17:36,088 [INFO] Pass: ConsolidateBlocks - 0.04816 (ms)
2026-07-11 09:17:36,088 [INFO] Pass: UnitarySynthesis - 0.00477 (ms)
2026-07-11 09:17:36,088 [INFO] Pass: Depth - 0.02050 (ms)
2026-07-11 09:17:36,088 [INFO] Pass: FixedPoint - 0.00477 (ms)
2026-07-11 09:17:36,088 [INFO] Pass: Size - 0.00286 (ms)
2026-07-11 09:17:36,088 [INFO] Pass: FixedPoint - 0.00262 (ms)
2026-07-11 09:17:36,088 [INFO] Pass: RemoveIdentityEquivalent - 0.00453 (ms)
2026-07-11 09:17:36,088 [INFO] Pass: Optimize1qGatesDecomposition - 0.14496 (ms)
2026-07-11 09:17:36,088 [INFO] Pass: CommutativeCancellation - 0.07749 (ms)
2026-07-11 09:17:36,088 [INFO] Pass: ContractIdleWiresInControlFlow - 0.00167 (ms)
2026-07-11 09:17:36,088 [INFO] Pass: GatesInBasis - 0.01884 (ms)
2026-07-11 09:17:36,088 [INFO] Pass: Depth - 0.01812 (ms)
2026-07-11 09:17:36,088 [INFO] Pass: FixedPoint - 0.00358 (ms)
2026-07-11 09:17:36,088 [INFO] Pass: Size - 0.00215 (ms)
2026-07-11 09:17:36,088 [INFO] Pass: FixedPoint - 0.00286 (ms)
2026-07-11 09:17:36,088 [INFO] Pass: ContainsInstruction - 0.00548 (ms)
2026-07-11 09:17:36,089 [INFO] Total Transpile Time - 86.92527 (ms)
2026-07-11 09:17:36,174 [INFO] Pass: ContainsInstruction - 0.00954 (ms)
2026-07-11 09:17:36,174 [INFO] Pass: UnitarySynthesis - 0.00668 (ms)
2026-07-11 09:17:36,174 [INFO] Pass: HighLevelSynthesis - 0.00739 (ms)
2026-07-11 09:17:36,174 [INFO] Pass: BasisTranslator - 0.05007 (ms)
2026-07-11 09:17:36,174 [INFO] Pass: ElidePermutations - 0.00358 (ms)
2026-07-11 09:17:36,174 [INFO] Pass: RemoveDiagonalGatesBeforeMeasure - 0.00596 (ms)
2026-07-11 09:17:36,174 [INFO] Pass: RemoveIdentityEquivalent - 0.00501 (ms)
2026-07-11 09:17:36,174 [INFO] Pass: InverseCancellation - 0.02098 (ms)
2026-07-11 09:17:36,174 [INFO] Pass: ContractIdleWiresInControlFlow - 0.00191 (ms)
2026-07-11 09:17:36,174 [INFO] Pass: CommutativeCancellation - 0.05865 (ms)
2026-07-11 09:17:36,174 [INFO] Pass: ConsolidateBlocks - 0.03815 (ms)
2026-07-11 09:17:36,174 [INFO] Pass: Split2QUnitaries - 0.00238 (ms)
2026-07-11 09:17:36,174 [INFO] Pass: UnitarySynthesis - 0.00525 (ms)
2026-07-11 09:17:36,174 [INFO] Pass: HighLevelSynthesis - 0.03099 (ms)
2026-07-11 09:17:36,174 [INFO] Pass: BasisTranslator - 0.06795 (ms)
2026-07-11 09:17:36,174 [INFO] Pass: ConsolidateBlocks - 0.05007 (ms)
2026-07-11 09:17:36,174 [INFO] Pass: UnitarySynthesis - 0.00477 (ms)
2026-07-11 09:17:36,175 [INFO] Pass: Depth - 0.02027 (ms)
2026-07-11 09:17:36,175 [INFO] Pass: FixedPoint - 0.00429 (ms)
2026-07-11 09:17:36,175 [INFO] Pass: Size - 0.00310 (ms)
2026-07-11 09:17:36,175 [INFO] Pass: FixedPoint - 0.00286 (ms)
2026-07-11 09:17:36,175 [INFO] Pass: RemoveIdentityEquivalent - 0.00477 (ms)
2026-07-11 09:17:36,175 [INFO] Pass: Optimize1qGatesDecomposition - 0.15473 (ms)
2026-07-11 09:17:36,175 [INFO] Pass: CommutativeCancellation - 0.07534 (ms)
2026-07-11 09:17:36,175 [INFO] Pass: ContractIdleWiresInControlFlow - 0.00215 (ms)
2026-07-11 09:17:36,175 [INFO] Pass: GatesInBasis - 0.01860 (ms)
2026-07-11 09:17:36,175 [INFO] Pass: Depth - 0.02003 (ms)
2026-07-11 09:17:36,175 [INFO] Pass: FixedPoint - 0.00310 (ms)
2026-07-11 09:17:36,175 [INFO] Pass: Size - 0.00167 (ms)
2026-07-11 09:17:36,175 [INFO] Pass: FixedPoint - 0.00286 (ms)
2026-07-11 09:17:36,175 [INFO] Pass: RemoveIdentityEquivalent - 0.00429 (ms)
2026-07-11 09:17:36,175 [INFO] Pass: Optimize1qGatesDecomposition - 0.14400 (ms)
2026-07-11 09:17:36,175 [INFO] Pass: CommutativeCancellation - 0.06914 (ms)
2026-07-11 09:17:36,175 [INFO] Pass: ContractIdleWiresInControlFlow - 0.00191 (ms)
2026-07-11 09:17:36,175 [INFO] Pass: GatesInBasis - 0.01788 (ms)
2026-07-11 09:17:36,175 [INFO] Pass: Depth - 0.01788 (ms)
2026-07-11 09:17:36,176 [INFO] Pass: FixedPoint - 0.00310 (ms)
2026-07-11 09:17:36,176 [INFO] Pass: Size - 0.00191 (ms)
2026-07-11 09:17:36,176 [INFO] Pass: FixedPoint - 0.00286 (ms)
2026-07-11 09:17:36,176 [INFO] Pass: ContainsInstruction - 0.00525 (ms)
2026-07-11 09:17:36,176 [INFO] Total Transpile Time - 86.97295 (ms)
2026-07-11 09:37:25,067 [INFO] [PCE] n=150 instancia 37/100 completada en 0:00:19:49 — transcurrido=0:12:20:27 restante_estimado=0:21:00:45
2026-07-11 09:37:25,173 [INFO] Pass: ContainsInstruction - 0.01192 (ms)
2026-07-11 09:37:25,173 [INFO] Pass: UnitarySynthesis - 0.00691 (ms)
2026-07-11 09:37:25,173 [INFO] Pass: HighLevelSynthesis - 0.00834 (ms)
2026-07-11 09:37:25,174 [INFO] Pass: BasisTranslator - 0.05722 (ms)
2026-07-11 09:37:25,174 [INFO] Pass: ElidePermutations - 0.00501 (ms)
2026-07-11 09:37:25,174 [INFO] Pass: RemoveDiagonalGatesBeforeMeasure - 0.00930 (ms)
2026-07-11 09:37:25,174 [INFO] Pass: RemoveIdentityEquivalent - 0.00334 (ms)
2026-07-11 09:37:25,174 [INFO] Pass: InverseCancellation - 0.00501 (ms)
2026-07-11 09:37:25,174 [INFO] Pass: ContractIdleWiresInControlFlow - 0.00191 (ms)
2026-07-11 09:37:25,174 [INFO] Pass: CommutativeCancellation - 0.05531 (ms)
2026-07-11 09:37:25,174 [INFO] Pass: ConsolidateBlocks - 0.04077 (ms)
2026-07-11 09:37:25,174 [INFO] Pass: Split2QUnitaries - 0.00262 (ms)
2026-07-11 09:37:25,174 [INFO] Pass: UnitarySynthesis - 0.00477 (ms)
2026-07-11 09:37:25,174 [INFO] Pass: HighLevelSynthesis - 0.02289 (ms)
2026-07-11 09:37:25,174 [INFO] Pass: BasisTranslator - 0.06151 (ms)
2026-07-11 09:37:25,174 [INFO] Pass: ConsolidateBlocks - 0.04840 (ms)
2026-07-11 09:37:25,174 [INFO] Pass: UnitarySynthesis - 0.00453 (ms)
2026-07-11 09:37:25,174 [INFO] Pass: Depth - 0.01955 (ms)
2026-07-11 09:37:25,174 [INFO] Pass: FixedPoint - 0.00477 (ms)
2026-07-11 09:37:25,174 [INFO] Pass: Size - 0.00334 (ms)
2026-07-11 09:37:25,174 [INFO] Pass: FixedPoint - 0.00286 (ms)
2026-07-11 09:37:25,174 [INFO] Pass: RemoveIdentityEquivalent - 0.00286 (ms)
2026-07-11 09:37:25,174 [INFO] Pass: Optimize1qGatesDecomposition - 0.03815 (ms)
2026-07-11 09:37:25,174 [INFO] Pass: CommutativeCancellation - 0.07081 (ms)
2026-07-11 09:37:25,174 [INFO] Pass: ContractIdleWiresInControlFlow - 0.00238 (ms)
2026-07-11 09:37:25,174 [INFO] Pass: GatesInBasis - 0.01907 (ms)
2026-07-11 09:37:25,174 [INFO] Pass: Depth - 0.01788 (ms)
2026-07-11 09:37:25,175 [INFO] Pass: FixedPoint - 0.00358 (ms)
2026-07-11 09:37:25,175 [INFO] Pass: Size - 0.00191 (ms)
2026-07-11 09:37:25,175 [INFO] Pass: FixedPoint - 0.00262 (ms)
2026-07-11 09:37:25,175 [INFO] Pass: ContainsInstruction - 0.00477 (ms)
2026-07-11 09:37:25,175 [INFO] Total Transpile Time - 91.07924 (ms)
2026-07-11 09:37:25,263 [INFO] Pass: ContainsInstruction - 0.00930 (ms)
2026-07-11 09:37:25,263 [INFO] Pass: UnitarySynthesis - 0.00620 (ms)
2026-07-11 09:37:25,263 [INFO] Pass: HighLevelSynthesis - 0.00715 (ms)
2026-07-11 09:37:25,263 [INFO] Pass: BasisTranslator - 0.05007 (ms)
2026-07-11 09:37:25,263 [INFO] Pass: ElidePermutations - 0.00405 (ms)
2026-07-11 09:37:25,263 [INFO] Pass: RemoveDiagonalGatesBeforeMeasure - 0.00715 (ms)
2026-07-11 09:37:25,263 [INFO] Pass: RemoveIdentityEquivalent - 0.00453 (ms)
2026-07-11 09:37:25,263 [INFO] Pass: InverseCancellation - 0.02241 (ms)
2026-07-11 09:37:25,263 [INFO] Pass: ContractIdleWiresInControlFlow - 0.00215 (ms)
2026-07-11 09:37:25,263 [INFO] Pass: CommutativeCancellation - 0.06151 (ms)
2026-07-11 09:37:25,263 [INFO] Pass: ConsolidateBlocks - 0.03910 (ms)
2026-07-11 09:37:25,263 [INFO] Pass: Split2QUnitaries - 0.00262 (ms)
2026-07-11 09:37:25,263 [INFO] Pass: UnitarySynthesis - 0.00525 (ms)
2026-07-11 09:37:25,263 [INFO] Pass: HighLevelSynthesis - 0.02313 (ms)
2026-07-11 09:37:25,264 [INFO] Pass: BasisTranslator - 0.06270 (ms)
2026-07-11 09:37:25,264 [INFO] Pass: ConsolidateBlocks - 0.04721 (ms)
2026-07-11 09:37:25,264 [INFO] Pass: UnitarySynthesis - 0.00429 (ms)
2026-07-11 09:37:25,264 [INFO] Pass: Depth - 0.01860 (ms)
2026-07-11 09:37:25,264 [INFO] Pass: FixedPoint - 0.00453 (ms)
2026-07-11 09:37:25,264 [INFO] Pass: Size - 0.00286 (ms)
2026-07-11 09:37:25,264 [INFO] Pass: FixedPoint - 0.00262 (ms)
2026-07-11 09:37:25,264 [INFO] Pass: RemoveIdentityEquivalent - 0.00381 (ms)
2026-07-11 09:37:25,264 [INFO] Pass: Optimize1qGatesDecomposition - 0.14710 (ms)
2026-07-11 09:37:25,264 [INFO] Pass: CommutativeCancellation - 0.07987 (ms)
2026-07-11 09:37:25,264 [INFO] Pass: ContractIdleWiresInControlFlow - 0.00191 (ms)
2026-07-11 09:37:25,264 [INFO] Pass: GatesInBasis - 0.01955 (ms)
2026-07-11 09:37:25,264 [INFO] Pass: Depth - 0.01693 (ms)
2026-07-11 09:37:25,264 [INFO] Pass: FixedPoint - 0.00334 (ms)
2026-07-11 09:37:25,264 [INFO] Pass: Size - 0.00191 (ms)
2026-07-11 09:37:25,264 [INFO] Pass: FixedPoint - 0.00262 (ms)
2026-07-11 09:37:25,264 [INFO] Pass: ContainsInstruction - 0.00525 (ms)
2026-07-11 09:37:25,265 [INFO] Total Transpile Time - 89.27846 (ms)
2026-07-11 09:37:25,353 [INFO] Pass: ContainsInstruction - 0.00978 (ms)
2026-07-11 09:37:25,353 [INFO] Pass: UnitarySynthesis - 0.00620 (ms)
2026-07-11 09:37:25,353 [INFO] Pass: HighLevelSynthesis - 0.00691 (ms)
2026-07-11 09:37:25,353 [INFO] Pass: BasisTranslator - 0.05436 (ms)
2026-07-11 09:37:25,353 [INFO] Pass: ElidePermutations - 0.00334 (ms)
2026-07-11 09:37:25,353 [INFO] Pass: RemoveDiagonalGatesBeforeMeasure - 0.00644 (ms)
2026-07-11 09:37:25,353 [INFO] Pass: RemoveIdentityEquivalent - 0.00572 (ms)
2026-07-11 09:37:25,353 [INFO] Pass: InverseCancellation - 0.02098 (ms)
2026-07-11 09:37:25,353 [INFO] Pass: ContractIdleWiresInControlFlow - 0.00215 (ms)
2026-07-11 09:37:25,353 [INFO] Pass: CommutativeCancellation - 0.05889 (ms)
2026-07-11 09:37:25,354 [INFO] Pass: ConsolidateBlocks - 0.03862 (ms)
2026-07-11 09:37:25,354 [INFO] Pass: Split2QUnitaries - 0.00238 (ms)
2026-07-11 09:37:25,354 [INFO] Pass: UnitarySynthesis - 0.00548 (ms)
2026-07-11 09:37:25,354 [INFO] Pass: HighLevelSynthesis - 0.02480 (ms)
2026-07-11 09:37:25,354 [INFO] Pass: BasisTranslator - 0.06986 (ms)
2026-07-11 09:37:25,354 [INFO] Pass: ConsolidateBlocks - 0.04959 (ms)
2026-07-11 09:37:25,354 [INFO] Pass: UnitarySynthesis - 0.00477 (ms)
2026-07-11 09:37:25,354 [INFO] Pass: Depth - 0.02193 (ms)
2026-07-11 09:37:25,354 [INFO] Pass: FixedPoint - 0.00381 (ms)
2026-07-11 09:37:25,354 [INFO] Pass: Size - 0.00238 (ms)
2026-07-11 09:37:25,354 [INFO] Pass: FixedPoint - 0.00262 (ms)
2026-07-11 09:37:25,354 [INFO] Pass: RemoveIdentityEquivalent - 0.00477 (ms)
2026-07-11 09:37:25,354 [INFO] Pass: Optimize1qGatesDecomposition - 0.16189 (ms)
2026-07-11 09:37:25,354 [INFO] Pass: CommutativeCancellation - 0.08130 (ms)
2026-07-11 09:37:25,354 [INFO] Pass: ContractIdleWiresInControlFlow - 0.00191 (ms)
2026-07-11 09:37:25,354 [INFO] Pass: GatesInBasis - 0.01860 (ms)
2026-07-11 09:37:25,354 [INFO] Pass: Depth - 0.02027 (ms)
2026-07-11 09:37:25,354 [INFO] Pass: FixedPoint - 0.00334 (ms)
2026-07-11 09:37:25,354 [INFO] Pass: Size - 0.00191 (ms)
2026-07-11 09:37:25,354 [INFO] Pass: FixedPoint - 0.00262 (ms)
2026-07-11 09:37:25,354 [INFO] Pass: RemoveIdentityEquivalent - 0.00453 (ms)
2026-07-11 09:37:25,355 [INFO] Pass: Optimize1qGatesDecomposition - 0.13924 (ms)
2026-07-11 09:37:25,355 [INFO] Pass: CommutativeCancellation - 0.06723 (ms)
2026-07-11 09:37:25,355 [INFO] Pass: ContractIdleWiresInControlFlow - 0.00167 (ms)
2026-07-11 09:37:25,355 [INFO] Pass: GatesInBasis - 0.01812 (ms)
2026-07-11 09:37:25,355 [INFO] Pass: Depth - 0.01764 (ms)
2026-07-11 09:37:25,355 [INFO] Pass: FixedPoint - 0.00310 (ms)
2026-07-11 09:37:25,355 [INFO] Pass: Size - 0.00191 (ms)
2026-07-11 09:37:25,355 [INFO] Pass: FixedPoint - 0.00286 (ms)
2026-07-11 09:37:25,355 [INFO] Pass: ContainsInstruction - 0.00525 (ms)
2026-07-11 09:37:25,355 [INFO] Total Transpile Time - 90.35611 (ms)
2026-07-11 09:56:59,718 [INFO] [PCE] n=150 instancia 38/100 completada en 0:00:19:35 — transcurrido=0:12:40:01 restante_estimado=0:20:40:02
2026-07-11 09:56:59,823 [INFO] Pass: ContainsInstruction - 0.01168 (ms)
2026-07-11 09:56:59,823 [INFO] Pass: UnitarySynthesis - 0.00691 (ms)
2026-07-11 09:56:59,823 [INFO] Pass: HighLevelSynthesis - 0.00882 (ms)
2026-07-11 09:56:59,824 [INFO] Pass: BasisTranslator - 0.05889 (ms)
2026-07-11 09:56:59,824 [INFO] Pass: ElidePermutations - 0.00429 (ms)
2026-07-11 09:56:59,824 [INFO] Pass: RemoveDiagonalGatesBeforeMeasure - 0.00882 (ms)
2026-07-11 09:56:59,824 [INFO] Pass: RemoveIdentityEquivalent - 0.00405 (ms)
2026-07-11 09:56:59,824 [INFO] Pass: InverseCancellation - 0.00525 (ms)
2026-07-11 09:56:59,824 [INFO] Pass: ContractIdleWiresInControlFlow - 0.00238 (ms)
2026-07-11 09:56:59,824 [INFO] Pass: CommutativeCancellation - 0.05746 (ms)
2026-07-11 09:56:59,824 [INFO] Pass: ConsolidateBlocks - 0.04220 (ms)
2026-07-11 09:56:59,824 [INFO] Pass: Split2QUnitaries - 0.00334 (ms)
2026-07-11 09:56:59,824 [INFO] Pass: UnitarySynthesis - 0.00501 (ms)
2026-07-11 09:56:59,824 [INFO] Pass: HighLevelSynthesis - 0.02337 (ms)
2026-07-11 09:56:59,824 [INFO] Pass: BasisTranslator - 0.06366 (ms)
2026-07-11 09:56:59,824 [INFO] Pass: ConsolidateBlocks - 0.04649 (ms)
2026-07-11 09:56:59,824 [INFO] Pass: UnitarySynthesis - 0.00429 (ms)
2026-07-11 09:56:59,824 [INFO] Pass: Depth - 0.02003 (ms)
2026-07-11 09:56:59,824 [INFO] Pass: FixedPoint - 0.00501 (ms)
2026-07-11 09:56:59,824 [INFO] Pass: Size - 0.00310 (ms)
2026-07-11 09:56:59,824 [INFO] Pass: FixedPoint - 0.00286 (ms)
2026-07-11 09:56:59,824 [INFO] Pass: RemoveIdentityEquivalent - 0.00262 (ms)
2026-07-11 09:56:59,824 [INFO] Pass: Optimize1qGatesDecomposition - 0.03242 (ms)
2026-07-11 09:56:59,824 [INFO] Pass: CommutativeCancellation - 0.07367 (ms)
2026-07-11 09:56:59,824 [INFO] Pass: ContractIdleWiresInControlFlow - 0.00167 (ms)
2026-07-11 09:56:59,825 [INFO] Pass: GatesInBasis - 0.01955 (ms)
2026-07-11 09:56:59,825 [INFO] Pass: Depth - 0.01836 (ms)
2026-07-11 09:56:59,825 [INFO] Pass: FixedPoint - 0.00334 (ms)
2026-07-11 09:56:59,825 [INFO] Pass: Size - 0.00191 (ms)
2026-07-11 09:56:59,825 [INFO] Pass: FixedPoint - 0.00286 (ms)
2026-07-11 09:56:59,825 [INFO] Pass: ContainsInstruction - 0.00501 (ms)
2026-07-11 09:56:59,825 [INFO] Total Transpile Time - 89.96868 (ms)
2026-07-11 09:56:59,911 [INFO] Pass: ContainsInstruction - 0.00954 (ms)
2026-07-11 09:56:59,912 [INFO] Pass: UnitarySynthesis - 0.00644 (ms)
2026-07-11 09:56:59,912 [INFO] Pass: HighLevelSynthesis - 0.00787 (ms)
2026-07-11 09:56:59,912 [INFO] Pass: BasisTranslator - 0.05198 (ms)
2026-07-11 09:56:59,912 [INFO] Pass: ElidePermutations - 0.00358 (ms)
2026-07-11 09:56:59,912 [INFO] Pass: RemoveDiagonalGatesBeforeMeasure - 0.00668 (ms)
2026-07-11 09:56:59,912 [INFO] Pass: RemoveIdentityEquivalent - 0.00501 (ms)
2026-07-11 09:56:59,912 [INFO] Pass: InverseCancellation - 0.02074 (ms)
2026-07-11 09:56:59,912 [INFO] Pass: ContractIdleWiresInControlFlow - 0.00215 (ms)
2026-07-11 09:56:59,912 [INFO] Pass: CommutativeCancellation - 0.06199 (ms)
2026-07-11 09:56:59,912 [INFO] Pass: ConsolidateBlocks - 0.03839 (ms)
2026-07-11 09:56:59,912 [INFO] Pass: Split2QUnitaries - 0.00215 (ms)
2026-07-11 09:56:59,912 [INFO] Pass: UnitarySynthesis - 0.00477 (ms)
2026-07-11 09:56:59,912 [INFO] Pass: HighLevelSynthesis - 0.02313 (ms)
2026-07-11 09:56:59,912 [INFO] Pass: BasisTranslator - 0.06270 (ms)
2026-07-11 09:56:59,912 [INFO] Pass: ConsolidateBlocks - 0.04745 (ms)
2026-07-11 09:56:59,912 [INFO] Pass: UnitarySynthesis - 0.00453 (ms)
2026-07-11 09:56:59,912 [INFO] Pass: Depth - 0.01931 (ms)
2026-07-11 09:56:59,912 [INFO] Pass: FixedPoint - 0.00453 (ms)
2026-07-11 09:56:59,912 [INFO] Pass: Size - 0.00262 (ms)
2026-07-11 09:56:59,912 [INFO] Pass: FixedPoint - 0.00286 (ms)
2026-07-11 09:56:59,912 [INFO] Pass: RemoveIdentityEquivalent - 0.00405 (ms)
2026-07-11 09:56:59,913 [INFO] Pass: Optimize1qGatesDecomposition - 0.14663 (ms)
2026-07-11 09:56:59,913 [INFO] Pass: CommutativeCancellation - 0.08225 (ms)
2026-07-11 09:56:59,913 [INFO] Pass: ContractIdleWiresInControlFlow - 0.00167 (ms)
2026-07-11 09:56:59,913 [INFO] Pass: GatesInBasis - 0.01884 (ms)
2026-07-11 09:56:59,913 [INFO] Pass: Depth - 0.01788 (ms)
2026-07-11 09:56:59,913 [INFO] Pass: FixedPoint - 0.00381 (ms)
2026-07-11 09:56:59,913 [INFO] Pass: Size - 0.00238 (ms)
2026-07-11 09:56:59,913 [INFO] Pass: FixedPoint - 0.00310 (ms)
2026-07-11 09:56:59,913 [INFO] Pass: ContainsInstruction - 0.00525 (ms)
2026-07-11 09:56:59,913 [INFO] Total Transpile Time - 87.89492 (ms)
2026-07-11 09:57:00,000 [INFO] Pass: ContainsInstruction - 0.00906 (ms)
2026-07-11 09:57:00,000 [INFO] Pass: UnitarySynthesis - 0.00620 (ms)
2026-07-11 09:57:00,000 [INFO] Pass: HighLevelSynthesis - 0.00715 (ms)
2026-07-11 09:57:00,000 [INFO] Pass: BasisTranslator - 0.05102 (ms)
2026-07-11 09:57:00,000 [INFO] Pass: ElidePermutations - 0.00286 (ms)
2026-07-11 09:57:00,000 [INFO] Pass: RemoveDiagonalGatesBeforeMeasure - 0.00620 (ms)
2026-07-11 09:57:00,000 [INFO] Pass: RemoveIdentityEquivalent - 0.00548 (ms)
2026-07-11 09:57:00,000 [INFO] Pass: InverseCancellation - 0.02050 (ms)
2026-07-11 09:57:00,000 [INFO] Pass: ContractIdleWiresInControlFlow - 0.00215 (ms)
2026-07-11 09:57:00,001 [INFO] Pass: CommutativeCancellation - 0.05841 (ms)
2026-07-11 09:57:00,001 [INFO] Pass: ConsolidateBlocks - 0.03695 (ms)
2026-07-11 09:57:00,001 [INFO] Pass: Split2QUnitaries - 0.00215 (ms)
2026-07-11 09:57:00,001 [INFO] Pass: UnitarySynthesis - 0.00501 (ms)
2026-07-11 09:57:00,001 [INFO] Pass: HighLevelSynthesis - 0.02480 (ms)
2026-07-11 09:57:00,001 [INFO] Pass: BasisTranslator - 0.06294 (ms)
2026-07-11 09:57:00,001 [INFO] Pass: ConsolidateBlocks - 0.04649 (ms)
2026-07-11 09:57:00,001 [INFO] Pass: UnitarySynthesis - 0.00477 (ms)
2026-07-11 09:57:00,001 [INFO] Pass: Depth - 0.01955 (ms)
2026-07-11 09:57:00,001 [INFO] Pass: FixedPoint - 0.00405 (ms)
2026-07-11 09:57:00,001 [INFO] Pass: Size - 0.00286 (ms)
2026-07-11 09:57:00,001 [INFO] Pass: FixedPoint - 0.00238 (ms)
2026-07-11 09:57:00,001 [INFO] Pass: RemoveIdentityEquivalent - 0.00477 (ms)
2026-07-11 09:57:00,001 [INFO] Pass: Optimize1qGatesDecomposition - 0.16141 (ms)
2026-07-11 09:57:00,001 [INFO] Pass: CommutativeCancellation - 0.07319 (ms)
2026-07-11 09:57:00,001 [INFO] Pass: ContractIdleWiresInControlFlow - 0.00215 (ms)
2026-07-11 09:57:00,001 [INFO] Pass: GatesInBasis - 0.01884 (ms)
2026-07-11 09:57:00,001 [INFO] Pass: Depth - 0.01931 (ms)
2026-07-11 09:57:00,001 [INFO] Pass: FixedPoint - 0.00358 (ms)
2026-07-11 09:57:00,002 [INFO] Pass: Size - 0.00191 (ms)
2026-07-11 09:57:00,002 [INFO] Pass: FixedPoint - 0.00262 (ms)
2026-07-11 09:57:00,002 [INFO] Pass: RemoveIdentityEquivalent - 0.00453 (ms)
2026-07-11 09:57:00,002 [INFO] Pass: Optimize1qGatesDecomposition - 0.14377 (ms)
2026-07-11 09:57:00,002 [INFO] Pass: CommutativeCancellation - 0.06986 (ms)
2026-07-11 09:57:00,002 [INFO] Pass: ContractIdleWiresInControlFlow - 0.00191 (ms)
2026-07-11 09:57:00,002 [INFO] Pass: GatesInBasis - 0.01860 (ms)
2026-07-11 09:57:00,002 [INFO] Pass: Depth - 0.01955 (ms)
2026-07-11 09:57:00,002 [INFO] Pass: FixedPoint - 0.00358 (ms)
2026-07-11 09:57:00,002 [INFO] Pass: Size - 0.00191 (ms)
2026-07-11 09:57:00,002 [INFO] Pass: FixedPoint - 0.00262 (ms)
2026-07-11 09:57:00,002 [INFO] Pass: ContainsInstruction - 0.00572 (ms)
2026-07-11 09:57:00,002 [INFO] Total Transpile Time - 88.78541 (ms)
2026-07-11 10:17:03,605 [INFO] [PCE] n=150 instancia 39/100 completada en 0:00:20:04 — transcurrido=0:13:00:05 restante_estimado=0:20:20:08
2026-07-11 10:17:03,711 [INFO] Pass: ContainsInstruction - 0.01144 (ms)
2026-07-11 10:17:03,711 [INFO] Pass: UnitarySynthesis - 0.00787 (ms)
2026-07-11 10:17:03,711 [INFO] Pass: HighLevelSynthesis - 0.00834 (ms)
2026-07-11 10:17:03,711 [INFO] Pass: BasisTranslator - 0.05627 (ms)
2026-07-11 10:17:03,711 [INFO] Pass: ElidePermutations - 0.00501 (ms)
2026-07-11 10:17:03,711 [INFO] Pass: RemoveDiagonalGatesBeforeMeasure - 0.00930 (ms)
2026-07-11 10:17:03,711 [INFO] Pass: RemoveIdentityEquivalent - 0.00358 (ms)
2026-07-11 10:17:03,711 [INFO] Pass: InverseCancellation - 0.00525 (ms)
2026-07-11 10:17:03,711 [INFO] Pass: ContractIdleWiresInControlFlow - 0.00215 (ms)
2026-07-11 10:17:03,711 [INFO] Pass: CommutativeCancellation - 0.05651 (ms)
2026-07-11 10:17:03,711 [INFO] Pass: ConsolidateBlocks - 0.04411 (ms)
2026-07-11 10:17:03,711 [INFO] Pass: Split2QUnitaries - 0.00310 (ms)
2026-07-11 10:17:03,711 [INFO] Pass: UnitarySynthesis - 0.00525 (ms)
2026-07-11 10:17:03,711 [INFO] Pass: HighLevelSynthesis - 0.02289 (ms)
2026-07-11 10:17:03,711 [INFO] Pass: BasisTranslator - 0.07296 (ms)
2026-07-11 10:17:03,711 [INFO] Pass: ConsolidateBlocks - 0.05031 (ms)
2026-07-11 10:17:03,711 [INFO] Pass: UnitarySynthesis - 0.00477 (ms)
2026-07-11 10:17:03,711 [INFO] Pass: Depth - 0.02432 (ms)
2026-07-11 10:17:03,711 [INFO] Pass: FixedPoint - 0.00477 (ms)
2026-07-11 10:17:03,711 [INFO] Pass: Size - 0.00286 (ms)
2026-07-11 10:17:03,712 [INFO] Pass: FixedPoint - 0.00262 (ms)
2026-07-11 10:17:03,712 [INFO] Pass: RemoveIdentityEquivalent - 0.00286 (ms)
2026-07-11 10:17:03,712 [INFO] Pass: Optimize1qGatesDecomposition - 0.03242 (ms)
2026-07-11 10:17:03,712 [INFO] Pass: CommutativeCancellation - 0.07415 (ms)
2026-07-11 10:17:03,712 [INFO] Pass: ContractIdleWiresInControlFlow - 0.00238 (ms)
2026-07-11 10:17:03,712 [INFO] Pass: GatesInBasis - 0.02027 (ms)
2026-07-11 10:17:03,712 [INFO] Pass: Depth - 0.01884 (ms)
2026-07-11 10:17:03,712 [INFO] Pass: FixedPoint - 0.00334 (ms)
2026-07-11 10:17:03,712 [INFO] Pass: Size - 0.00215 (ms)
2026-07-11 10:17:03,712 [INFO] Pass: FixedPoint - 0.00286 (ms)
2026-07-11 10:17:03,712 [INFO] Pass: ContainsInstruction - 0.00501 (ms)
2026-07-11 10:17:03,712 [INFO] Total Transpile Time - 90.31725 (ms)
2026-07-11 10:17:03,799 [INFO] Pass: ContainsInstruction - 0.00978 (ms)
2026-07-11 10:17:03,799 [INFO] Pass: UnitarySynthesis - 0.00572 (ms)
2026-07-11 10:17:03,799 [INFO] Pass: HighLevelSynthesis - 0.00739 (ms)
2026-07-11 10:17:03,799 [INFO] Pass: BasisTranslator - 0.05102 (ms)
2026-07-11 10:17:03,799 [INFO] Pass: ElidePermutations - 0.00358 (ms)
2026-07-11 10:17:03,799 [INFO] Pass: RemoveDiagonalGatesBeforeMeasure - 0.00691 (ms)
2026-07-11 10:17:03,800 [INFO] Pass: RemoveIdentityEquivalent - 0.00453 (ms)
2026-07-11 10:17:03,800 [INFO] Pass: InverseCancellation - 0.02265 (ms)
2026-07-11 10:17:03,800 [INFO] Pass: ContractIdleWiresInControlFlow - 0.00191 (ms)
2026-07-11 10:17:03,800 [INFO] Pass: CommutativeCancellation - 0.06461 (ms)
2026-07-11 10:17:03,800 [INFO] Pass: ConsolidateBlocks - 0.04196 (ms)
2026-07-11 10:17:03,800 [INFO] Pass: Split2QUnitaries - 0.00286 (ms)
2026-07-11 10:17:03,800 [INFO] Pass: UnitarySynthesis - 0.00501 (ms)
2026-07-11 10:17:03,800 [INFO] Pass: HighLevelSynthesis - 0.02337 (ms)
2026-07-11 10:17:03,800 [INFO] Pass: BasisTranslator - 0.06080 (ms)
2026-07-11 10:17:03,800 [INFO] Pass: ConsolidateBlocks - 0.04649 (ms)
2026-07-11 10:17:03,800 [INFO] Pass: UnitarySynthesis - 0.00429 (ms)
2026-07-11 10:17:03,800 [INFO] Pass: Depth - 0.02027 (ms)
2026-07-11 10:17:03,800 [INFO] Pass: FixedPoint - 0.00405 (ms)
2026-07-11 10:17:03,800 [INFO] Pass: Size - 0.00310 (ms)
2026-07-11 10:17:03,800 [INFO] Pass: FixedPoint - 0.00286 (ms)
2026-07-11 10:17:03,800 [INFO] Pass: RemoveIdentityEquivalent - 0.00405 (ms)
2026-07-11 10:17:03,800 [INFO] Pass: Optimize1qGatesDecomposition - 0.15616 (ms)
2026-07-11 10:17:03,800 [INFO] Pass: CommutativeCancellation - 0.07987 (ms)
2026-07-11 10:17:03,801 [INFO] Pass: ContractIdleWiresInControlFlow - 0.00191 (ms)
2026-07-11 10:17:03,801 [INFO] Pass: GatesInBasis - 0.01955 (ms)
2026-07-11 10:17:03,801 [INFO] Pass: Depth - 0.01860 (ms)
2026-07-11 10:17:03,801 [INFO] Pass: FixedPoint - 0.00381 (ms)
2026-07-11 10:17:03,801 [INFO] Pass: Size - 0.00238 (ms)
2026-07-11 10:17:03,801 [INFO] Pass: FixedPoint - 0.00286 (ms)
2026-07-11 10:17:03,801 [INFO] Pass: ContainsInstruction - 0.00501 (ms)
2026-07-11 10:17:03,801 [INFO] Total Transpile Time - 88.37128 (ms)
2026-07-11 10:17:03,887 [INFO] Pass: ContainsInstruction - 0.00906 (ms)
2026-07-11 10:17:03,887 [INFO] Pass: UnitarySynthesis - 0.00596 (ms)
2026-07-11 10:17:03,887 [INFO] Pass: HighLevelSynthesis - 0.00739 (ms)
2026-07-11 10:17:03,887 [INFO] Pass: BasisTranslator - 0.05102 (ms)
2026-07-11 10:17:03,887 [INFO] Pass: ElidePermutations - 0.00358 (ms)
2026-07-11 10:17:03,887 [INFO] Pass: RemoveDiagonalGatesBeforeMeasure - 0.00668 (ms)
2026-07-11 10:17:03,887 [INFO] Pass: RemoveIdentityEquivalent - 0.00548 (ms)
2026-07-11 10:17:03,888 [INFO] Pass: InverseCancellation - 0.02241 (ms)
2026-07-11 10:17:03,888 [INFO] Pass: ContractIdleWiresInControlFlow - 0.00215 (ms)
2026-07-11 10:17:03,888 [INFO] Pass: CommutativeCancellation - 0.06223 (ms)
2026-07-11 10:17:03,888 [INFO] Pass: ConsolidateBlocks - 0.04077 (ms)
2026-07-11 10:17:03,888 [INFO] Pass: Split2QUnitaries - 0.00238 (ms)
2026-07-11 10:17:03,888 [INFO] Pass: UnitarySynthesis - 0.00501 (ms)
2026-07-11 10:17:03,888 [INFO] Pass: HighLevelSynthesis - 0.02503 (ms)
2026-07-11 10:17:03,888 [INFO] Pass: BasisTranslator - 0.06795 (ms)
2026-07-11 10:17:03,888 [INFO] Pass: ConsolidateBlocks - 0.04792 (ms)
2026-07-11 10:17:03,888 [INFO] Pass: UnitarySynthesis - 0.00429 (ms)
2026-07-11 10:17:03,888 [INFO] Pass: Depth - 0.02098 (ms)
2026-07-11 10:17:03,888 [INFO] Pass: FixedPoint - 0.00381 (ms)
2026-07-11 10:17:03,888 [INFO] Pass: Size - 0.00286 (ms)
2026-07-11 10:17:03,888 [INFO] Pass: FixedPoint - 0.00286 (ms)
2026-07-11 10:17:03,888 [INFO] Pass: RemoveIdentityEquivalent - 0.00501 (ms)
2026-07-11 10:17:03,888 [INFO] Pass: Optimize1qGatesDecomposition - 0.16856 (ms)
2026-07-11 10:17:03,888 [INFO] Pass: CommutativeCancellation - 0.07319 (ms)
2026-07-11 10:17:03,888 [INFO] Pass: ContractIdleWiresInControlFlow - 0.00191 (ms)
2026-07-11 10:17:03,888 [INFO] Pass: GatesInBasis - 0.01884 (ms)
2026-07-11 10:17:03,889 [INFO] Pass: Depth - 0.02027 (ms)
2026-07-11 10:17:03,889 [INFO] Pass: FixedPoint - 0.00358 (ms)
2026-07-11 10:17:03,889 [INFO] Pass: Size - 0.00215 (ms)
2026-07-11 10:17:03,889 [INFO] Pass: FixedPoint - 0.00286 (ms)
2026-07-11 10:17:03,889 [INFO] Pass: RemoveIdentityEquivalent - 0.00477 (ms)
2026-07-11 10:17:03,889 [INFO] Pass: Optimize1qGatesDecomposition - 0.14091 (ms)
2026-07-11 10:17:03,889 [INFO] Pass: CommutativeCancellation - 0.06533 (ms)
2026-07-11 10:17:03,889 [INFO] Pass: ContractIdleWiresInControlFlow - 0.00167 (ms)
2026-07-11 10:17:03,889 [INFO] Pass: GatesInBasis - 0.01836 (ms)
2026-07-11 10:17:03,889 [INFO] Pass: Depth - 0.01740 (ms)
2026-07-11 10:17:03,889 [INFO] Pass: FixedPoint - 0.00310 (ms)
2026-07-11 10:17:03,889 [INFO] Pass: Size - 0.00215 (ms)
2026-07-11 10:17:03,889 [INFO] Pass: FixedPoint - 0.00238 (ms)
2026-07-11 10:17:03,889 [INFO] Pass: ContainsInstruction - 0.00525 (ms)
2026-07-11 10:17:03,889 [INFO] Total Transpile Time - 88.05966 (ms)
2026-07-11 10:33:46,215 [INFO] [PCE] n=150 instancia 40/100 completada en 0:00:16:43 — transcurrido=0:13:16:48 restante_estimado=0:19:55:12
2026-07-11 10:33:46,320 [INFO] Pass: ContainsInstruction - 0.01121 (ms)
2026-07-11 10:33:46,320 [INFO] Pass: UnitarySynthesis - 0.00691 (ms)
2026-07-11 10:33:46,320 [INFO] Pass: HighLevelSynthesis - 0.00906 (ms)
2026-07-11 10:33:46,320 [INFO] Pass: BasisTranslator - 0.05889 (ms)
2026-07-11 10:33:46,321 [INFO] Pass: ElidePermutations - 0.00501 (ms)
2026-07-11 10:33:46,321 [INFO] Pass: RemoveDiagonalGatesBeforeMeasure - 0.00906 (ms)
2026-07-11 10:33:46,321 [INFO] Pass: RemoveIdentityEquivalent - 0.00405 (ms)
2026-07-11 10:33:46,321 [INFO] Pass: InverseCancellation - 0.00525 (ms)
2026-07-11 10:33:46,321 [INFO] Pass: ContractIdleWiresInControlFlow - 0.00191 (ms)
2026-07-11 10:33:46,321 [INFO] Pass: CommutativeCancellation - 0.05603 (ms)
2026-07-11 10:33:46,321 [INFO] Pass: ConsolidateBlocks - 0.04196 (ms)
2026-07-11 10:33:46,321 [INFO] Pass: Split2QUnitaries - 0.00310 (ms)
2026-07-11 10:33:46,321 [INFO] Pass: UnitarySynthesis - 0.00501 (ms)
2026-07-11 10:33:46,321 [INFO] Pass: HighLevelSynthesis - 0.02265 (ms)
2026-07-11 10:33:46,321 [INFO] Pass: BasisTranslator - 0.06318 (ms)
2026-07-11 10:33:46,321 [INFO] Pass: ConsolidateBlocks - 0.04530 (ms)
2026-07-11 10:33:46,321 [INFO] Pass: UnitarySynthesis - 0.00429 (ms)
2026-07-11 10:33:46,321 [INFO] Pass: Depth - 0.01955 (ms)
2026-07-11 10:33:46,321 [INFO] Pass: FixedPoint - 0.00501 (ms)
2026-07-11 10:33:46,321 [INFO] Pass: Size - 0.00310 (ms)
2026-07-11 10:33:46,321 [INFO] Pass: FixedPoint - 0.00286 (ms)
2026-07-11 10:33:46,321 [INFO] Pass: RemoveIdentityEquivalent - 0.00238 (ms)
2026-07-11 10:33:46,321 [INFO] Pass: Optimize1qGatesDecomposition - 0.04244 (ms)
2026-07-11 10:33:46,321 [INFO] Pass: CommutativeCancellation - 0.07391 (ms)
2026-07-11 10:33:46,321 [INFO] Pass: ContractIdleWiresInControlFlow - 0.00215 (ms)
2026-07-11 10:33:46,321 [INFO] Pass: GatesInBasis - 0.01931 (ms)
2026-07-11 10:33:46,321 [INFO] Pass: Depth - 0.01693 (ms)
2026-07-11 10:33:46,322 [INFO] Pass: FixedPoint - 0.00358 (ms)
2026-07-11 10:33:46,322 [INFO] Pass: Size - 0.00215 (ms)
2026-07-11 10:33:46,322 [INFO] Pass: FixedPoint - 0.00286 (ms)
2026-07-11 10:33:46,322 [INFO] Pass: ContainsInstruction - 0.00525 (ms)
2026-07-11 10:33:46,322 [INFO] Total Transpile Time - 90.17420 (ms)
2026-07-11 10:33:46,409 [INFO] Pass: ContainsInstruction - 0.00954 (ms)
2026-07-11 10:33:46,409 [INFO] Pass: UnitarySynthesis - 0.00572 (ms)
2026-07-11 10:33:46,409 [INFO] Pass: HighLevelSynthesis - 0.00763 (ms)
2026-07-11 10:33:46,409 [INFO] Pass: BasisTranslator - 0.05269 (ms)
2026-07-11 10:33:46,409 [INFO] Pass: ElidePermutations - 0.00358 (ms)
2026-07-11 10:33:46,409 [INFO] Pass: RemoveDiagonalGatesBeforeMeasure - 0.00644 (ms)
2026-07-11 10:33:46,409 [INFO] Pass: RemoveIdentityEquivalent - 0.00453 (ms)
2026-07-11 10:33:46,409 [INFO] Pass: InverseCancellation - 0.02074 (ms)
2026-07-11 10:33:46,409 [INFO] Pass: ContractIdleWiresInControlFlow - 0.00191 (ms)
2026-07-11 10:33:46,409 [INFO] Pass: CommutativeCancellation - 0.06032 (ms)
2026-07-11 10:33:46,409 [INFO] Pass: ConsolidateBlocks - 0.04005 (ms)
2026-07-11 10:33:46,409 [INFO] Pass: Split2QUnitaries - 0.00238 (ms)
2026-07-11 10:33:46,409 [INFO] Pass: UnitarySynthesis - 0.00477 (ms)
2026-07-11 10:33:46,409 [INFO] Pass: HighLevelSynthesis - 0.02313 (ms)
2026-07-11 10:33:46,410 [INFO] Pass: BasisTranslator - 0.06127 (ms)
2026-07-11 10:33:46,410 [INFO] Pass: ConsolidateBlocks - 0.04649 (ms)
2026-07-11 10:33:46,410 [INFO] Pass: UnitarySynthesis - 0.00405 (ms)
2026-07-11 10:33:46,410 [INFO] Pass: Depth - 0.02050 (ms)
2026-07-11 10:33:46,410 [INFO] Pass: FixedPoint - 0.00405 (ms)
2026-07-11 10:33:46,410 [INFO] Pass: Size - 0.00238 (ms)
2026-07-11 10:33:46,410 [INFO] Pass: FixedPoint - 0.00286 (ms)
2026-07-11 10:33:46,410 [INFO] Pass: RemoveIdentityEquivalent - 0.00381 (ms)
2026-07-11 10:33:46,410 [INFO] Pass: Optimize1qGatesDecomposition - 0.14472 (ms)
2026-07-11 10:33:46,410 [INFO] Pass: CommutativeCancellation - 0.08059 (ms)
2026-07-11 10:33:46,410 [INFO] Pass: ContractIdleWiresInControlFlow - 0.00191 (ms)
2026-07-11 10:33:46,410 [INFO] Pass: GatesInBasis - 0.01907 (ms)
2026-07-11 10:33:46,410 [INFO] Pass: Depth - 0.01836 (ms)
2026-07-11 10:33:46,410 [INFO] Pass: FixedPoint - 0.00358 (ms)
2026-07-11 10:33:46,410 [INFO] Pass: Size - 0.00238 (ms)
2026-07-11 10:33:46,410 [INFO] Pass: FixedPoint - 0.00310 (ms)
2026-07-11 10:33:46,410 [INFO] Pass: ContainsInstruction - 0.00525 (ms)
2026-07-11 10:33:46,411 [INFO] Total Transpile Time - 88.34028 (ms)
2026-07-11 10:33:46,498 [INFO] Pass: ContainsInstruction - 0.00930 (ms)
2026-07-11 10:33:46,498 [INFO] Pass: UnitarySynthesis - 0.00620 (ms)
2026-07-11 10:33:46,498 [INFO] Pass: HighLevelSynthesis - 0.00834 (ms)
2026-07-11 10:33:46,498 [INFO] Pass: BasisTranslator - 0.04983 (ms)
2026-07-11 10:33:46,498 [INFO] Pass: ElidePermutations - 0.00286 (ms)
2026-07-11 10:33:46,498 [INFO] Pass: RemoveDiagonalGatesBeforeMeasure - 0.00644 (ms)
2026-07-11 10:33:46,498 [INFO] Pass: RemoveIdentityEquivalent - 0.00548 (ms)
2026-07-11 10:33:46,498 [INFO] Pass: InverseCancellation - 0.02098 (ms)
2026-07-11 10:33:46,498 [INFO] Pass: ContractIdleWiresInControlFlow - 0.00191 (ms)
2026-07-11 10:33:46,498 [INFO] Pass: CommutativeCancellation - 0.05817 (ms)
2026-07-11 10:33:46,498 [INFO] Pass: ConsolidateBlocks - 0.03934 (ms)
2026-07-11 10:33:46,498 [INFO] Pass: Split2QUnitaries - 0.00191 (ms)
2026-07-11 10:33:46,498 [INFO] Pass: UnitarySynthesis - 0.00501 (ms)
2026-07-11 10:33:46,498 [INFO] Pass: HighLevelSynthesis - 0.03147 (ms)
2026-07-11 10:33:46,498 [INFO] Pass: BasisTranslator - 0.06342 (ms)
2026-07-11 10:33:46,498 [INFO] Pass: ConsolidateBlocks - 0.04792 (ms)
2026-07-11 10:33:46,498 [INFO] Pass: UnitarySynthesis - 0.00501 (ms)
2026-07-11 10:33:46,499 [INFO] Pass: Depth - 0.02050 (ms)
2026-07-11 10:33:46,499 [INFO] Pass: FixedPoint - 0.00453 (ms)
2026-07-11 10:33:46,499 [INFO] Pass: Size - 0.00262 (ms)
2026-07-11 10:33:46,499 [INFO] Pass: FixedPoint - 0.00310 (ms)
2026-07-11 10:33:46,499 [INFO] Pass: RemoveIdentityEquivalent - 0.00501 (ms)
2026-07-11 10:33:46,499 [INFO] Pass: Optimize1qGatesDecomposition - 0.16212 (ms)
2026-07-11 10:33:46,499 [INFO] Pass: CommutativeCancellation - 0.07272 (ms)
2026-07-11 10:33:46,499 [INFO] Pass: ContractIdleWiresInControlFlow - 0.00191 (ms)
2026-07-11 10:33:46,499 [INFO] Pass: GatesInBasis - 0.01931 (ms)
2026-07-11 10:33:46,499 [INFO] Pass: Depth - 0.01931 (ms)
2026-07-11 10:33:46,499 [INFO] Pass: FixedPoint - 0.00358 (ms)
2026-07-11 10:33:46,499 [INFO] Pass: Size - 0.00238 (ms)
2026-07-11 10:33:46,499 [INFO] Pass: FixedPoint - 0.00262 (ms)
2026-07-11 10:33:46,499 [INFO] Pass: RemoveIdentityEquivalent - 0.00405 (ms)
2026-07-11 10:33:46,499 [INFO] Pass: Optimize1qGatesDecomposition - 0.14281 (ms)
2026-07-11 10:33:46,499 [INFO] Pass: CommutativeCancellation - 0.06723 (ms)
2026-07-11 10:33:46,499 [INFO] Pass: ContractIdleWiresInControlFlow - 0.00191 (ms)
2026-07-11 10:33:46,499 [INFO] Pass: GatesInBasis - 0.01884 (ms)
2026-07-11 10:33:46,499 [INFO] Pass: Depth - 0.01860 (ms)
2026-07-11 10:33:46,499 [INFO] Pass: FixedPoint - 0.00334 (ms)
2026-07-11 10:33:46,500 [INFO] Pass: Size - 0.00191 (ms)
2026-07-11 10:33:46,500 [INFO] Pass: FixedPoint - 0.00262 (ms)
2026-07-11 10:33:46,500 [INFO] Pass: ContainsInstruction - 0.00548 (ms)
2026-07-11 10:33:46,500 [INFO] Total Transpile Time - 88.91129 (ms)
2026-07-11 10:54:09,311 [INFO] [PCE] n=150 instancia 41/100 completada en 0:00:20:23 — transcurrido=0:13:37:11 restante_estimado=0:19:35:57
2026-07-11 10:54:09,412 [INFO] Pass: ContainsInstruction - 0.01144 (ms)
2026-07-11 10:54:09,412 [INFO] Pass: UnitarySynthesis - 0.00691 (ms)
2026-07-11 10:54:09,412 [INFO] Pass: HighLevelSynthesis - 0.00834 (ms)
2026-07-11 10:54:09,412 [INFO] Pass: BasisTranslator - 0.05531 (ms)
2026-07-11 10:54:09,412 [INFO] Pass: ElidePermutations - 0.00453 (ms)
2026-07-11 10:54:09,412 [INFO] Pass: RemoveDiagonalGatesBeforeMeasure - 0.00811 (ms)
2026-07-11 10:54:09,412 [INFO] Pass: RemoveIdentityEquivalent - 0.00310 (ms)
2026-07-11 10:54:09,412 [INFO] Pass: InverseCancellation - 0.00525 (ms)
2026-07-11 10:54:09,412 [INFO] Pass: ContractIdleWiresInControlFlow - 0.00191 (ms)
2026-07-11 10:54:09,412 [INFO] Pass: CommutativeCancellation - 0.05412 (ms)
2026-07-11 10:54:09,412 [INFO] Pass: ConsolidateBlocks - 0.04125 (ms)
2026-07-11 10:54:09,412 [INFO] Pass: Split2QUnitaries - 0.00262 (ms)
2026-07-11 10:54:09,412 [INFO] Pass: UnitarySynthesis - 0.00525 (ms)
2026-07-11 10:54:09,412 [INFO] Pass: HighLevelSynthesis - 0.02241 (ms)
2026-07-11 10:54:09,413 [INFO] Pass: BasisTranslator - 0.06318 (ms)
2026-07-11 10:54:09,413 [INFO] Pass: ConsolidateBlocks - 0.04768 (ms)
2026-07-11 10:54:09,413 [INFO] Pass: UnitarySynthesis - 0.00453 (ms)
2026-07-11 10:54:09,413 [INFO] Pass: Depth - 0.02241 (ms)
2026-07-11 10:54:09,413 [INFO] Pass: FixedPoint - 0.00429 (ms)
2026-07-11 10:54:09,413 [INFO] Pass: Size - 0.00405 (ms)
2026-07-11 10:54:09,413 [INFO] Pass: FixedPoint - 0.00286 (ms)
2026-07-11 10:54:09,413 [INFO] Pass: RemoveIdentityEquivalent - 0.00286 (ms)
2026-07-11 10:54:09,413 [INFO] Pass: Optimize1qGatesDecomposition - 0.03266 (ms)
2026-07-11 10:54:09,413 [INFO] Pass: CommutativeCancellation - 0.06890 (ms)
2026-07-11 10:54:09,413 [INFO] Pass: ContractIdleWiresInControlFlow - 0.00238 (ms)
2026-07-11 10:54:09,413 [INFO] Pass: GatesInBasis - 0.01884 (ms)
2026-07-11 10:54:09,413 [INFO] Pass: Depth - 0.01812 (ms)
2026-07-11 10:54:09,413 [INFO] Pass: FixedPoint - 0.00381 (ms)
2026-07-11 10:54:09,413 [INFO] Pass: Size - 0.00191 (ms)
2026-07-11 10:54:09,413 [INFO] Pass: FixedPoint - 0.00286 (ms)
2026-07-11 10:54:09,413 [INFO] Pass: ContainsInstruction - 0.00477 (ms)
2026-07-11 10:54:09,413 [INFO] Total Transpile Time - 86.96461 (ms)
2026-07-11 10:54:09,498 [INFO] Pass: ContainsInstruction - 0.00882 (ms)
2026-07-11 10:54:09,498 [INFO] Pass: UnitarySynthesis - 0.00620 (ms)
2026-07-11 10:54:09,498 [INFO] Pass: HighLevelSynthesis - 0.00715 (ms)
2026-07-11 10:54:09,498 [INFO] Pass: BasisTranslator - 0.05150 (ms)
2026-07-11 10:54:09,498 [INFO] Pass: ElidePermutations - 0.00334 (ms)
2026-07-11 10:54:09,498 [INFO] Pass: RemoveDiagonalGatesBeforeMeasure - 0.00620 (ms)
2026-07-11 10:54:09,498 [INFO] Pass: RemoveIdentityEquivalent - 0.00477 (ms)
2026-07-11 10:54:09,498 [INFO] Pass: InverseCancellation - 0.02146 (ms)
2026-07-11 10:54:09,498 [INFO] Pass: ContractIdleWiresInControlFlow - 0.00215 (ms)
2026-07-11 10:54:09,498 [INFO] Pass: CommutativeCancellation - 0.06747 (ms)
2026-07-11 10:54:09,498 [INFO] Pass: ConsolidateBlocks - 0.04029 (ms)
2026-07-11 10:54:09,498 [INFO] Pass: Split2QUnitaries - 0.00238 (ms)
2026-07-11 10:54:09,498 [INFO] Pass: UnitarySynthesis - 0.00501 (ms)
2026-07-11 10:54:09,498 [INFO] Pass: HighLevelSynthesis - 0.02384 (ms)
2026-07-11 10:54:09,499 [INFO] Pass: BasisTranslator - 0.06223 (ms)
2026-07-11 10:54:09,499 [INFO] Pass: ConsolidateBlocks - 0.04864 (ms)
2026-07-11 10:54:09,499 [INFO] Pass: UnitarySynthesis - 0.00477 (ms)
2026-07-11 10:54:09,499 [INFO] Pass: Depth - 0.02027 (ms)
2026-07-11 10:54:09,499 [INFO] Pass: FixedPoint - 0.00405 (ms)
2026-07-11 10:54:09,499 [INFO] Pass: Size - 0.00262 (ms)
2026-07-11 10:54:09,499 [INFO] Pass: FixedPoint - 0.00310 (ms)
2026-07-11 10:54:09,499 [INFO] Pass: RemoveIdentityEquivalent - 0.00381 (ms)
2026-07-11 10:54:09,499 [INFO] Pass: Optimize1qGatesDecomposition - 0.14472 (ms)
2026-07-11 10:54:09,499 [INFO] Pass: CommutativeCancellation - 0.08059 (ms)
2026-07-11 10:54:09,499 [INFO] Pass: ContractIdleWiresInControlFlow - 0.00215 (ms)
2026-07-11 10:54:09,499 [INFO] Pass: GatesInBasis - 0.01836 (ms)
2026-07-11 10:54:09,499 [INFO] Pass: Depth - 0.01717 (ms)
2026-07-11 10:54:09,499 [INFO] Pass: FixedPoint - 0.00334 (ms)
2026-07-11 10:54:09,499 [INFO] Pass: Size - 0.00191 (ms)
2026-07-11 10:54:09,499 [INFO] Pass: FixedPoint - 0.00262 (ms)
2026-07-11 10:54:09,499 [INFO] Pass: ContainsInstruction - 0.00525 (ms)
2026-07-11 10:54:09,500 [INFO] Total Transpile Time - 85.72078 (ms)
2026-07-11 10:54:09,584 [INFO] Pass: ContainsInstruction - 0.00906 (ms)
2026-07-11 10:54:09,584 [INFO] Pass: UnitarySynthesis - 0.00620 (ms)
2026-07-11 10:54:09,584 [INFO] Pass: HighLevelSynthesis - 0.00739 (ms)
2026-07-11 10:54:09,584 [INFO] Pass: BasisTranslator - 0.05007 (ms)
2026-07-11 10:54:09,584 [INFO] Pass: ElidePermutations - 0.00310 (ms)
2026-07-11 10:54:09,584 [INFO] Pass: RemoveDiagonalGatesBeforeMeasure - 0.00572 (ms)
2026-07-11 10:54:09,584 [INFO] Pass: RemoveIdentityEquivalent - 0.00548 (ms)
2026-07-11 10:54:09,584 [INFO] Pass: InverseCancellation - 0.02217 (ms)
2026-07-11 10:54:09,584 [INFO] Pass: ContractIdleWiresInControlFlow - 0.00215 (ms)
2026-07-11 10:54:09,584 [INFO] Pass: CommutativeCancellation - 0.06676 (ms)
2026-07-11 10:54:09,584 [INFO] Pass: ConsolidateBlocks - 0.03862 (ms)
2026-07-11 10:54:09,584 [INFO] Pass: Split2QUnitaries - 0.00238 (ms)
2026-07-11 10:54:09,584 [INFO] Pass: UnitarySynthesis - 0.00525 (ms)
2026-07-11 10:54:09,584 [INFO] Pass: HighLevelSynthesis - 0.02527 (ms)
2026-07-11 10:54:09,585 [INFO] Pass: BasisTranslator - 0.06461 (ms)
2026-07-11 10:54:09,585 [INFO] Pass: ConsolidateBlocks - 0.04888 (ms)
2026-07-11 10:54:09,585 [INFO] Pass: UnitarySynthesis - 0.00477 (ms)
2026-07-11 10:54:09,585 [INFO] Pass: Depth - 0.02027 (ms)
2026-07-11 10:54:09,585 [INFO] Pass: FixedPoint - 0.00381 (ms)
2026-07-11 10:54:09,585 [INFO] Pass: Size - 0.00286 (ms)
2026-07-11 10:54:09,585 [INFO] Pass: FixedPoint - 0.00286 (ms)
2026-07-11 10:54:09,585 [INFO] Pass: RemoveIdentityEquivalent - 0.00477 (ms)
2026-07-11 10:54:09,585 [INFO] Pass: Optimize1qGatesDecomposition - 0.15974 (ms)
2026-07-11 10:54:09,585 [INFO] Pass: CommutativeCancellation - 0.07343 (ms)
2026-07-11 10:54:09,585 [INFO] Pass: ContractIdleWiresInControlFlow - 0.00191 (ms)
2026-07-11 10:54:09,585 [INFO] Pass: GatesInBasis - 0.01860 (ms)
2026-07-11 10:54:09,585 [INFO] Pass: Depth - 0.01979 (ms)
2026-07-11 10:54:09,585 [INFO] Pass: FixedPoint - 0.00358 (ms)
2026-07-11 10:54:09,585 [INFO] Pass: Size - 0.00215 (ms)
2026-07-11 10:54:09,585 [INFO] Pass: FixedPoint - 0.00286 (ms)
2026-07-11 10:54:09,585 [INFO] Pass: RemoveIdentityEquivalent - 0.00453 (ms)
2026-07-11 10:54:09,585 [INFO] Pass: Optimize1qGatesDecomposition - 0.14329 (ms)
2026-07-11 10:54:09,586 [INFO] Pass: CommutativeCancellation - 0.06652 (ms)
2026-07-11 10:54:09,586 [INFO] Pass: ContractIdleWiresInControlFlow - 0.00191 (ms)
2026-07-11 10:54:09,586 [INFO] Pass: GatesInBasis - 0.01764 (ms)
2026-07-11 10:54:09,586 [INFO] Pass: Depth - 0.01764 (ms)
2026-07-11 10:54:09,586 [INFO] Pass: FixedPoint - 0.00310 (ms)
2026-07-11 10:54:09,586 [INFO] Pass: Size - 0.00191 (ms)
2026-07-11 10:54:09,586 [INFO] Pass: FixedPoint - 0.00286 (ms)
2026-07-11 10:54:09,586 [INFO] Pass: ContainsInstruction - 0.00525 (ms)
2026-07-11 10:54:09,586 [INFO] Total Transpile Time - 86.15351 (ms)
2026-07-11 11:14:54,070 [INFO] [PCE] n=150 instancia 42/100 completada en 0:00:20:45 — transcurrido=0:13:57:56 restante_estimado=0:19:17:08
2026-07-11 11:14:54,177 [INFO] Pass: ContainsInstruction - 0.01097 (ms)
2026-07-11 11:14:54,177 [INFO] Pass: UnitarySynthesis - 0.00691 (ms)
2026-07-11 11:14:54,177 [INFO] Pass: HighLevelSynthesis - 0.00906 (ms)
2026-07-11 11:14:54,177 [INFO] Pass: BasisTranslator - 0.06294 (ms)
2026-07-11 11:14:54,177 [INFO] Pass: ElidePermutations - 0.00453 (ms)
2026-07-11 11:14:54,177 [INFO] Pass: RemoveDiagonalGatesBeforeMeasure - 0.00930 (ms)
2026-07-11 11:14:54,177 [INFO] Pass: RemoveIdentityEquivalent - 0.00381 (ms)
2026-07-11 11:14:54,177 [INFO] Pass: InverseCancellation - 0.00453 (ms)
2026-07-11 11:14:54,177 [INFO] Pass: ContractIdleWiresInControlFlow - 0.00191 (ms)
2026-07-11 11:14:54,177 [INFO] Pass: CommutativeCancellation - 0.06032 (ms)
2026-07-11 11:14:54,178 [INFO] Pass: ConsolidateBlocks - 0.04125 (ms)
2026-07-11 11:14:54,178 [INFO] Pass: Split2QUnitaries - 0.00334 (ms)
2026-07-11 11:14:54,178 [INFO] Pass: UnitarySynthesis - 0.00548 (ms)
2026-07-11 11:14:54,178 [INFO] Pass: HighLevelSynthesis - 0.02432 (ms)
2026-07-11 11:14:54,178 [INFO] Pass: BasisTranslator - 0.07010 (ms)
2026-07-11 11:14:54,178 [INFO] Pass: ConsolidateBlocks - 0.04935 (ms)
2026-07-11 11:14:54,178 [INFO] Pass: UnitarySynthesis - 0.00429 (ms)
2026-07-11 11:14:54,178 [INFO] Pass: Depth - 0.02360 (ms)
2026-07-11 11:14:54,178 [INFO] Pass: FixedPoint - 0.00477 (ms)
2026-07-11 11:14:54,178 [INFO] Pass: Size - 0.00381 (ms)
2026-07-11 11:14:54,178 [INFO] Pass: FixedPoint - 0.00262 (ms)
2026-07-11 11:14:54,178 [INFO] Pass: RemoveIdentityEquivalent - 0.00262 (ms)
2026-07-11 11:14:54,178 [INFO] Pass: Optimize1qGatesDecomposition - 0.03433 (ms)
2026-07-11 11:14:54,178 [INFO] Pass: CommutativeCancellation - 0.07558 (ms)
2026-07-11 11:14:54,178 [INFO] Pass: ContractIdleWiresInControlFlow - 0.00191 (ms)
2026-07-11 11:14:54,178 [INFO] Pass: GatesInBasis - 0.01907 (ms)
2026-07-11 11:14:54,178 [INFO] Pass: Depth - 0.01764 (ms)
2026-07-11 11:14:54,178 [INFO] Pass: FixedPoint - 0.00358 (ms)
2026-07-11 11:14:54,178 [INFO] Pass: Size - 0.00215 (ms)
2026-07-11 11:14:54,178 [INFO] Pass: FixedPoint - 0.00262 (ms)
2026-07-11 11:14:54,178 [INFO] Pass: ContainsInstruction - 0.00477 (ms)
2026-07-11 11:14:54,179 [INFO] Total Transpile Time - 91.44139 (ms)
2026-07-11 11:14:54,267 [INFO] Pass: ContainsInstruction - 0.00978 (ms)
2026-07-11 11:14:54,267 [INFO] Pass: UnitarySynthesis - 0.00596 (ms)
2026-07-11 11:14:54,267 [INFO] Pass: HighLevelSynthesis - 0.00739 (ms)
2026-07-11 11:14:54,267 [INFO] Pass: BasisTranslator - 0.05364 (ms)
2026-07-11 11:14:54,267 [INFO] Pass: ElidePermutations - 0.00334 (ms)
2026-07-11 11:14:54,267 [INFO] Pass: RemoveDiagonalGatesBeforeMeasure - 0.00644 (ms)
2026-07-11 11:14:54,267 [INFO] Pass: RemoveIdentityEquivalent - 0.00453 (ms)
2026-07-11 11:14:54,267 [INFO] Pass: InverseCancellation - 0.02146 (ms)
2026-07-11 11:14:54,267 [INFO] Pass: ContractIdleWiresInControlFlow - 0.00191 (ms)
2026-07-11 11:14:54,267 [INFO] Pass: CommutativeCancellation - 0.06533 (ms)
2026-07-11 11:14:54,267 [INFO] Pass: ConsolidateBlocks - 0.03862 (ms)
2026-07-11 11:14:54,267 [INFO] Pass: Split2QUnitaries - 0.00215 (ms)
2026-07-11 11:14:54,267 [INFO] Pass: UnitarySynthesis - 0.00477 (ms)
2026-07-11 11:14:54,267 [INFO] Pass: HighLevelSynthesis - 0.02360 (ms)
2026-07-11 11:14:54,267 [INFO] Pass: BasisTranslator - 0.06795 (ms)
2026-07-11 11:14:54,267 [INFO] Pass: ConsolidateBlocks - 0.05603 (ms)
2026-07-11 11:14:54,267 [INFO] Pass: UnitarySynthesis - 0.00453 (ms)
2026-07-11 11:14:54,267 [INFO] Pass: Depth - 0.01860 (ms)
2026-07-11 11:14:54,267 [INFO] Pass: FixedPoint - 0.00381 (ms)
2026-07-11 11:14:54,267 [INFO] Pass: Size - 0.00262 (ms)
2026-07-11 11:14:54,267 [INFO] Pass: FixedPoint - 0.00262 (ms)
2026-07-11 11:14:54,267 [INFO] Pass: RemoveIdentityEquivalent - 0.00429 (ms)
2026-07-11 11:14:54,268 [INFO] Pass: Optimize1qGatesDecomposition - 0.15140 (ms)
2026-07-11 11:14:54,268 [INFO] Pass: CommutativeCancellation - 0.08559 (ms)
2026-07-11 11:14:54,268 [INFO] Pass: ContractIdleWiresInControlFlow - 0.00167 (ms)
2026-07-11 11:14:54,268 [INFO] Pass: GatesInBasis - 0.01884 (ms)
2026-07-11 11:14:54,268 [INFO] Pass: Depth - 0.01836 (ms)
2026-07-11 11:14:54,268 [INFO] Pass: FixedPoint - 0.00334 (ms)
2026-07-11 11:14:54,268 [INFO] Pass: Size - 0.00191 (ms)
2026-07-11 11:14:54,268 [INFO] Pass: FixedPoint - 0.00310 (ms)
2026-07-11 11:14:54,268 [INFO] Pass: ContainsInstruction - 0.00501 (ms)
2026-07-11 11:14:54,268 [INFO] Total Transpile Time - 89.17189 (ms)
2026-07-11 11:14:54,356 [INFO] Pass: ContainsInstruction - 0.00906 (ms)
2026-07-11 11:14:54,356 [INFO] Pass: UnitarySynthesis - 0.00644 (ms)
2026-07-11 11:14:54,356 [INFO] Pass: HighLevelSynthesis - 0.00739 (ms)
2026-07-11 11:14:54,356 [INFO] Pass: BasisTranslator - 0.05174 (ms)
2026-07-11 11:14:54,356 [INFO] Pass: ElidePermutations - 0.00310 (ms)
2026-07-11 11:14:54,356 [INFO] Pass: RemoveDiagonalGatesBeforeMeasure - 0.00644 (ms)
2026-07-11 11:14:54,356 [INFO] Pass: RemoveIdentityEquivalent - 0.00548 (ms)
2026-07-11 11:14:54,356 [INFO] Pass: InverseCancellation - 0.02027 (ms)
2026-07-11 11:14:54,356 [INFO] Pass: ContractIdleWiresInControlFlow - 0.00167 (ms)
2026-07-11 11:14:54,356 [INFO] Pass: CommutativeCancellation - 0.06318 (ms)
2026-07-11 11:14:54,356 [INFO] Pass: ConsolidateBlocks - 0.03791 (ms)
2026-07-11 11:14:54,356 [INFO] Pass: Split2QUnitaries - 0.00215 (ms)
2026-07-11 11:14:54,356 [INFO] Pass: UnitarySynthesis - 0.00501 (ms)
2026-07-11 11:14:54,356 [INFO] Pass: HighLevelSynthesis - 0.02551 (ms)
2026-07-11 11:14:54,356 [INFO] Pass: BasisTranslator - 0.06628 (ms)
2026-07-11 11:14:54,357 [INFO] Pass: ConsolidateBlocks - 0.04888 (ms)
2026-07-11 11:14:54,357 [INFO] Pass: UnitarySynthesis - 0.00453 (ms)
2026-07-11 11:14:54,357 [INFO] Pass: Depth - 0.01907 (ms)
2026-07-11 11:14:54,357 [INFO] Pass: FixedPoint - 0.00405 (ms)
2026-07-11 11:14:54,357 [INFO] Pass: Size - 0.00262 (ms)
2026-07-11 11:14:54,357 [INFO] Pass: FixedPoint - 0.00262 (ms)
2026-07-11 11:14:54,357 [INFO] Pass: RemoveIdentityEquivalent - 0.00501 (ms)
2026-07-11 11:14:54,357 [INFO] Pass: Optimize1qGatesDecomposition - 0.16332 (ms)
2026-07-11 11:14:54,357 [INFO] Pass: CommutativeCancellation - 0.07606 (ms)
2026-07-11 11:14:54,357 [INFO] Pass: ContractIdleWiresInControlFlow - 0.00167 (ms)
2026-07-11 11:14:54,357 [INFO] Pass: GatesInBasis - 0.01884 (ms)
2026-07-11 11:14:54,357 [INFO] Pass: Depth - 0.01884 (ms)
2026-07-11 11:14:54,357 [INFO] Pass: FixedPoint - 0.00381 (ms)
2026-07-11 11:14:54,357 [INFO] Pass: Size - 0.00191 (ms)
2026-07-11 11:14:54,357 [INFO] Pass: FixedPoint - 0.00310 (ms)
2026-07-11 11:14:54,357 [INFO] Pass: RemoveIdentityEquivalent - 0.00477 (ms)
2026-07-11 11:14:54,357 [INFO] Pass: Optimize1qGatesDecomposition - 0.14019 (ms)
2026-07-11 11:14:54,358 [INFO] Pass: CommutativeCancellation - 0.07319 (ms)
2026-07-11 11:14:54,358 [INFO] Pass: ContractIdleWiresInControlFlow - 0.00191 (ms)
2026-07-11 11:14:54,358 [INFO] Pass: GatesInBasis - 0.01884 (ms)
2026-07-11 11:14:54,358 [INFO] Pass: Depth - 0.01764 (ms)
2026-07-11 11:14:54,358 [INFO] Pass: FixedPoint - 0.00334 (ms)
2026-07-11 11:14:54,358 [INFO] Pass: Size - 0.00215 (ms)
2026-07-11 11:14:54,358 [INFO] Pass: FixedPoint - 0.00286 (ms)
2026-07-11 11:14:54,358 [INFO] Pass: ContainsInstruction - 0.00572 (ms)
2026-07-11 11:14:54,358 [INFO] Total Transpile Time - 89.42723 (ms)
2026-07-11 11:35:55,364 [INFO] [PCE] n=150 instancia 43/100 completada en 0:00:21:01 — transcurrido=0:14:18:57 restante_estimado=0:18:58:36
2026-07-11 11:35:55,469 [INFO] Pass: ContainsInstruction - 0.01097 (ms)
2026-07-11 11:35:55,469 [INFO] Pass: UnitarySynthesis - 0.00668 (ms)
2026-07-11 11:35:55,469 [INFO] Pass: HighLevelSynthesis - 0.00787 (ms)
2026-07-11 11:35:55,469 [INFO] Pass: BasisTranslator - 0.05865 (ms)
2026-07-11 11:35:55,469 [INFO] Pass: ElidePermutations - 0.00429 (ms)
2026-07-11 11:35:55,469 [INFO] Pass: RemoveDiagonalGatesBeforeMeasure - 0.00858 (ms)
2026-07-11 11:35:55,469 [INFO] Pass: RemoveIdentityEquivalent - 0.00310 (ms)
2026-07-11 11:35:55,469 [INFO] Pass: InverseCancellation - 0.00477 (ms)
2026-07-11 11:35:55,469 [INFO] Pass: ContractIdleWiresInControlFlow - 0.00215 (ms)
2026-07-11 11:35:55,469 [INFO] Pass: CommutativeCancellation - 0.05746 (ms)
2026-07-11 11:35:55,469 [INFO] Pass: ConsolidateBlocks - 0.04244 (ms)
2026-07-11 11:35:55,469 [INFO] Pass: Split2QUnitaries - 0.00286 (ms)
2026-07-11 11:35:55,469 [INFO] Pass: UnitarySynthesis - 0.00477 (ms)
2026-07-11 11:35:55,469 [INFO] Pass: HighLevelSynthesis - 0.02217 (ms)
2026-07-11 11:35:55,469 [INFO] Pass: BasisTranslator - 0.06175 (ms)
2026-07-11 11:35:55,469 [INFO] Pass: ConsolidateBlocks - 0.05603 (ms)
2026-07-11 11:35:55,469 [INFO] Pass: UnitarySynthesis - 0.00477 (ms)
2026-07-11 11:35:55,469 [INFO] Pass: Depth - 0.02337 (ms)
2026-07-11 11:35:55,469 [INFO] Pass: FixedPoint - 0.00453 (ms)
2026-07-11 11:35:55,469 [INFO] Pass: Size - 0.00334 (ms)
2026-07-11 11:35:55,469 [INFO] Pass: FixedPoint - 0.00286 (ms)
2026-07-11 11:35:55,469 [INFO] Pass: RemoveIdentityEquivalent - 0.00262 (ms)
2026-07-11 11:35:55,470 [INFO] Pass: Optimize1qGatesDecomposition - 0.03099 (ms)
2026-07-11 11:35:55,470 [INFO] Pass: CommutativeCancellation - 0.07653 (ms)
2026-07-11 11:35:55,470 [INFO] Pass: ContractIdleWiresInControlFlow - 0.00167 (ms)
2026-07-11 11:35:55,470 [INFO] Pass: GatesInBasis - 0.01907 (ms)
2026-07-11 11:35:55,470 [INFO] Pass: Depth - 0.01931 (ms)
2026-07-11 11:35:55,470 [INFO] Pass: FixedPoint - 0.00334 (ms)
2026-07-11 11:35:55,470 [INFO] Pass: Size - 0.00215 (ms)
2026-07-11 11:35:55,470 [INFO] Pass: FixedPoint - 0.00286 (ms)
2026-07-11 11:35:55,470 [INFO] Pass: ContainsInstruction - 0.00477 (ms)
2026-07-11 11:35:55,470 [INFO] Total Transpile Time - 89.56170 (ms)
2026-07-11 11:35:55,556 [INFO] Pass: ContainsInstruction - 0.00930 (ms)
2026-07-11 11:35:55,557 [INFO] Pass: UnitarySynthesis - 0.00668 (ms)
2026-07-11 11:35:55,557 [INFO] Pass: HighLevelSynthesis - 0.00739 (ms)
2026-07-11 11:35:55,557 [INFO] Pass: BasisTranslator - 0.05007 (ms)
2026-07-11 11:35:55,557 [INFO] Pass: ElidePermutations - 0.00334 (ms)
2026-07-11 11:35:55,557 [INFO] Pass: RemoveDiagonalGatesBeforeMeasure - 0.00668 (ms)
2026-07-11 11:35:55,557 [INFO] Pass: RemoveIdentityEquivalent - 0.00477 (ms)
2026-07-11 11:35:55,557 [INFO] Pass: InverseCancellation - 0.02098 (ms)
2026-07-11 11:35:55,557 [INFO] Pass: ContractIdleWiresInControlFlow - 0.00215 (ms)
2026-07-11 11:35:55,557 [INFO] Pass: CommutativeCancellation - 0.06342 (ms)
2026-07-11 11:35:55,557 [INFO] Pass: ConsolidateBlocks - 0.03982 (ms)
2026-07-11 11:35:55,557 [INFO] Pass: Split2QUnitaries - 0.00191 (ms)
2026-07-11 11:35:55,557 [INFO] Pass: UnitarySynthesis - 0.00501 (ms)
2026-07-11 11:35:55,557 [INFO] Pass: HighLevelSynthesis - 0.02265 (ms)
2026-07-11 11:35:55,557 [INFO] Pass: BasisTranslator - 0.06199 (ms)
2026-07-11 11:35:55,557 [INFO] Pass: ConsolidateBlocks - 0.04721 (ms)
2026-07-11 11:35:55,557 [INFO] Pass: UnitarySynthesis - 0.00453 (ms)
2026-07-11 11:35:55,557 [INFO] Pass: Depth - 0.02122 (ms)
2026-07-11 11:35:55,557 [INFO] Pass: FixedPoint - 0.00429 (ms)
2026-07-11 11:35:55,557 [INFO] Pass: Size - 0.00286 (ms)
2026-07-11 11:35:55,557 [INFO] Pass: FixedPoint - 0.00286 (ms)
2026-07-11 11:35:55,557 [INFO] Pass: RemoveIdentityEquivalent - 0.00381 (ms)
2026-07-11 11:35:55,558 [INFO] Pass: Optimize1qGatesDecomposition - 0.14877 (ms)
2026-07-11 11:35:55,558 [INFO] Pass: CommutativeCancellation - 0.08321 (ms)
2026-07-11 11:35:55,558 [INFO] Pass: ContractIdleWiresInControlFlow - 0.00191 (ms)
2026-07-11 11:35:55,558 [INFO] Pass: GatesInBasis - 0.01931 (ms)
2026-07-11 11:35:55,558 [INFO] Pass: Depth - 0.01860 (ms)
2026-07-11 11:35:55,558 [INFO] Pass: FixedPoint - 0.00358 (ms)
2026-07-11 11:35:55,558 [INFO] Pass: Size - 0.00191 (ms)
2026-07-11 11:35:55,558 [INFO] Pass: FixedPoint - 0.00310 (ms)
2026-07-11 11:35:55,558 [INFO] Pass: ContainsInstruction - 0.00477 (ms)
2026-07-11 11:35:55,558 [INFO] Total Transpile Time - 87.68058 (ms)
2026-07-11 11:35:55,645 [INFO] Pass: ContainsInstruction - 0.00906 (ms)
2026-07-11 11:35:55,645 [INFO] Pass: UnitarySynthesis - 0.00644 (ms)
2026-07-11 11:35:55,645 [INFO] Pass: HighLevelSynthesis - 0.00691 (ms)
2026-07-11 11:35:55,645 [INFO] Pass: BasisTranslator - 0.04864 (ms)
2026-07-11 11:35:55,645 [INFO] Pass: ElidePermutations - 0.00310 (ms)
2026-07-11 11:35:55,645 [INFO] Pass: RemoveDiagonalGatesBeforeMeasure - 0.00644 (ms)
2026-07-11 11:35:55,645 [INFO] Pass: RemoveIdentityEquivalent - 0.00525 (ms)
2026-07-11 11:35:55,645 [INFO] Pass: InverseCancellation - 0.02170 (ms)
2026-07-11 11:35:55,645 [INFO] Pass: ContractIdleWiresInControlFlow - 0.00215 (ms)
2026-07-11 11:35:55,645 [INFO] Pass: CommutativeCancellation - 0.06080 (ms)
2026-07-11 11:35:55,645 [INFO] Pass: ConsolidateBlocks - 0.03767 (ms)
2026-07-11 11:35:55,646 [INFO] Pass: Split2QUnitaries - 0.00191 (ms)
2026-07-11 11:35:55,646 [INFO] Pass: UnitarySynthesis - 0.00548 (ms)
2026-07-11 11:35:55,646 [INFO] Pass: HighLevelSynthesis - 0.02480 (ms)
2026-07-11 11:35:55,646 [INFO] Pass: BasisTranslator - 0.06247 (ms)
2026-07-11 11:35:55,646 [INFO] Pass: ConsolidateBlocks - 0.04959 (ms)
2026-07-11 11:35:55,646 [INFO] Pass: UnitarySynthesis - 0.00501 (ms)
2026-07-11 11:35:55,646 [INFO] Pass: Depth - 0.02098 (ms)
2026-07-11 11:35:55,646 [INFO] Pass: FixedPoint - 0.00453 (ms)
2026-07-11 11:35:55,646 [INFO] Pass: Size - 0.00262 (ms)
2026-07-11 11:35:55,646 [INFO] Pass: FixedPoint - 0.00286 (ms)
2026-07-11 11:35:55,646 [INFO] Pass: RemoveIdentityEquivalent - 0.00501 (ms)
2026-07-11 11:35:55,646 [INFO] Pass: Optimize1qGatesDecomposition - 0.16522 (ms)
2026-07-11 11:35:55,646 [INFO] Pass: CommutativeCancellation - 0.07725 (ms)
2026-07-11 11:35:55,646 [INFO] Pass: ContractIdleWiresInControlFlow - 0.00215 (ms)
2026-07-11 11:35:55,646 [INFO] Pass: GatesInBasis - 0.01884 (ms)
2026-07-11 11:35:55,646 [INFO] Pass: Depth - 0.01931 (ms)
2026-07-11 11:35:55,646 [INFO] Pass: FixedPoint - 0.00381 (ms)
2026-07-11 11:35:55,646 [INFO] Pass: Size - 0.00191 (ms)
2026-07-11 11:35:55,646 [INFO] Pass: FixedPoint - 0.00286 (ms)
2026-07-11 11:35:55,646 [INFO] Pass: RemoveIdentityEquivalent - 0.00429 (ms)
2026-07-11 11:35:55,647 [INFO] Pass: Optimize1qGatesDecomposition - 0.13709 (ms)
2026-07-11 11:35:55,647 [INFO] Pass: CommutativeCancellation - 0.06938 (ms)
2026-07-11 11:35:55,647 [INFO] Pass: ContractIdleWiresInControlFlow - 0.00191 (ms)
2026-07-11 11:35:55,647 [INFO] Pass: GatesInBasis - 0.01788 (ms)
2026-07-11 11:35:55,647 [INFO] Pass: Depth - 0.01717 (ms)
2026-07-11 11:35:55,647 [INFO] Pass: FixedPoint - 0.00334 (ms)
2026-07-11 11:35:55,647 [INFO] Pass: Size - 0.00191 (ms)
2026-07-11 11:35:55,647 [INFO] Pass: FixedPoint - 0.00262 (ms)
2026-07-11 11:35:55,647 [INFO] Pass: ContainsInstruction - 0.00525 (ms)
2026-07-11 11:35:55,647 [INFO] Total Transpile Time - 88.61279 (ms)
2026-07-11 11:57:01,860 [INFO] [PCE] n=150 instancia 44/100 completada en 0:00:21:06 — transcurrido=0:14:40:03 restante_estimado=0:18:40:04
2026-07-11 11:57:01,962 [INFO] Pass: ContainsInstruction - 0.01121 (ms)
2026-07-11 11:57:01,962 [INFO] Pass: UnitarySynthesis - 0.00691 (ms)
2026-07-11 11:57:01,962 [INFO] Pass: HighLevelSynthesis - 0.00882 (ms)
2026-07-11 11:57:01,963 [INFO] Pass: BasisTranslator - 0.05674 (ms)
2026-07-11 11:57:01,963 [INFO] Pass: ElidePermutations - 0.00453 (ms)
2026-07-11 11:57:01,963 [INFO] Pass: RemoveDiagonalGatesBeforeMeasure - 0.00882 (ms)
2026-07-11 11:57:01,963 [INFO] Pass: RemoveIdentityEquivalent - 0.00381 (ms)
2026-07-11 11:57:01,963 [INFO] Pass: InverseCancellation - 0.00477 (ms)
2026-07-11 11:57:01,963 [INFO] Pass: ContractIdleWiresInControlFlow - 0.00238 (ms)
2026-07-11 11:57:01,963 [INFO] Pass: CommutativeCancellation - 0.05150 (ms)
2026-07-11 11:57:01,963 [INFO] Pass: ConsolidateBlocks - 0.04244 (ms)
2026-07-11 11:57:01,963 [INFO] Pass: Split2QUnitaries - 0.00310 (ms)
2026-07-11 11:57:01,963 [INFO] Pass: UnitarySynthesis - 0.00501 (ms)
2026-07-11 11:57:01,963 [INFO] Pass: HighLevelSynthesis - 0.02217 (ms)
2026-07-11 11:57:01,963 [INFO] Pass: BasisTranslator - 0.06247 (ms)
2026-07-11 11:57:01,963 [INFO] Pass: ConsolidateBlocks - 0.04888 (ms)
2026-07-11 11:57:01,963 [INFO] Pass: UnitarySynthesis - 0.00429 (ms)
2026-07-11 11:57:01,963 [INFO] Pass: Depth - 0.02193 (ms)
2026-07-11 11:57:01,963 [INFO] Pass: FixedPoint - 0.00453 (ms)
2026-07-11 11:57:01,963 [INFO] Pass: Size - 0.00334 (ms)
2026-07-11 11:57:01,963 [INFO] Pass: FixedPoint - 0.00954 (ms)
2026-07-11 11:57:01,963 [INFO] Pass: RemoveIdentityEquivalent - 0.00286 (ms)
2026-07-11 11:57:01,963 [INFO] Pass: Optimize1qGatesDecomposition - 0.03242 (ms)
2026-07-11 11:57:01,963 [INFO] Pass: CommutativeCancellation - 0.07129 (ms)
2026-07-11 11:57:01,963 [INFO] Pass: ContractIdleWiresInControlFlow - 0.00215 (ms)
2026-07-11 11:57:01,964 [INFO] Pass: GatesInBasis - 0.01907 (ms)
2026-07-11 11:57:01,964 [INFO] Pass: Depth - 0.01788 (ms)
2026-07-11 11:57:01,964 [INFO] Pass: FixedPoint - 0.00310 (ms)
2026-07-11 11:57:01,964 [INFO] Pass: Size - 0.00215 (ms)
2026-07-11 11:57:01,964 [INFO] Pass: FixedPoint - 0.00286 (ms)
2026-07-11 11:57:01,964 [INFO] Pass: ContainsInstruction - 0.00501 (ms)
2026-07-11 11:57:01,964 [INFO] Total Transpile Time - 87.89897 (ms)
2026-07-11 11:57:02,049 [INFO] Pass: ContainsInstruction - 0.00882 (ms)
2026-07-11 11:57:02,049 [INFO] Pass: UnitarySynthesis - 0.00668 (ms)
2026-07-11 11:57:02,049 [INFO] Pass: HighLevelSynthesis - 0.00715 (ms)
2026-07-11 11:57:02,049 [INFO] Pass: BasisTranslator - 0.05174 (ms)
2026-07-11 11:57:02,049 [INFO] Pass: ElidePermutations - 0.00334 (ms)
2026-07-11 11:57:02,050 [INFO] Pass: RemoveDiagonalGatesBeforeMeasure - 0.00620 (ms)
2026-07-11 11:57:02,050 [INFO] Pass: RemoveIdentityEquivalent - 0.00453 (ms)
2026-07-11 11:57:02,050 [INFO] Pass: InverseCancellation - 0.02074 (ms)
2026-07-11 11:57:02,050 [INFO] Pass: ContractIdleWiresInControlFlow - 0.00215 (ms)
2026-07-11 11:57:02,050 [INFO] Pass: CommutativeCancellation - 0.05865 (ms)
2026-07-11 11:57:02,050 [INFO] Pass: ConsolidateBlocks - 0.03886 (ms)
2026-07-11 11:57:02,050 [INFO] Pass: Split2QUnitaries - 0.00238 (ms)
2026-07-11 11:57:02,050 [INFO] Pass: UnitarySynthesis - 0.00477 (ms)
2026-07-11 11:57:02,050 [INFO] Pass: HighLevelSynthesis - 0.02384 (ms)
2026-07-11 11:57:02,050 [INFO] Pass: BasisTranslator - 0.06127 (ms)
2026-07-11 11:57:02,050 [INFO] Pass: ConsolidateBlocks - 0.04601 (ms)
2026-07-11 11:57:02,050 [INFO] Pass: UnitarySynthesis - 0.00453 (ms)
2026-07-11 11:57:02,050 [INFO] Pass: Depth - 0.01860 (ms)
2026-07-11 11:57:02,050 [INFO] Pass: FixedPoint - 0.00405 (ms)
2026-07-11 11:57:02,050 [INFO] Pass: Size - 0.00286 (ms)
2026-07-11 11:57:02,050 [INFO] Pass: FixedPoint - 0.00262 (ms)
2026-07-11 11:57:02,050 [INFO] Pass: RemoveIdentityEquivalent - 0.00358 (ms)
2026-07-11 11:57:02,050 [INFO] Pass: Optimize1qGatesDecomposition - 0.15402 (ms)
2026-07-11 11:57:02,050 [INFO] Pass: CommutativeCancellation - 0.07606 (ms)
2026-07-11 11:57:02,050 [INFO] Pass: ContractIdleWiresInControlFlow - 0.00215 (ms)
2026-07-11 11:57:02,051 [INFO] Pass: GatesInBasis - 0.01955 (ms)
2026-07-11 11:57:02,051 [INFO] Pass: Depth - 0.01788 (ms)
2026-07-11 11:57:02,051 [INFO] Pass: FixedPoint - 0.00334 (ms)
2026-07-11 11:57:02,051 [INFO] Pass: Size - 0.00215 (ms)
2026-07-11 11:57:02,051 [INFO] Pass: FixedPoint - 0.00262 (ms)
2026-07-11 11:57:02,051 [INFO] Pass: ContainsInstruction - 0.00453 (ms)
2026-07-11 11:57:02,051 [INFO] Total Transpile Time - 86.61985 (ms)
2026-07-11 11:57:02,137 [INFO] Pass: ContainsInstruction - 0.00906 (ms)
2026-07-11 11:57:02,137 [INFO] Pass: UnitarySynthesis - 0.00644 (ms)
2026-07-11 11:57:02,137 [INFO] Pass: HighLevelSynthesis - 0.00691 (ms)
2026-07-11 11:57:02,137 [INFO] Pass: BasisTranslator - 0.04888 (ms)
2026-07-11 11:57:02,137 [INFO] Pass: ElidePermutations - 0.00310 (ms)
2026-07-11 11:57:02,137 [INFO] Pass: RemoveDiagonalGatesBeforeMeasure - 0.00644 (ms)
2026-07-11 11:57:02,137 [INFO] Pass: RemoveIdentityEquivalent - 0.00548 (ms)
2026-07-11 11:57:02,137 [INFO] Pass: InverseCancellation - 0.02027 (ms)
2026-07-11 11:57:02,137 [INFO] Pass: ContractIdleWiresInControlFlow - 0.00167 (ms)
2026-07-11 11:57:02,137 [INFO] Pass: CommutativeCancellation - 0.05555 (ms)
2026-07-11 11:57:02,137 [INFO] Pass: ConsolidateBlocks - 0.03743 (ms)
2026-07-11 11:57:02,137 [INFO] Pass: Split2QUnitaries - 0.00215 (ms)
2026-07-11 11:57:02,137 [INFO] Pass: UnitarySynthesis - 0.00501 (ms)
2026-07-11 11:57:02,137 [INFO] Pass: HighLevelSynthesis - 0.02456 (ms)
2026-07-11 11:57:02,137 [INFO] Pass: BasisTranslator - 0.07200 (ms)
2026-07-11 11:57:02,137 [INFO] Pass: ConsolidateBlocks - 0.04745 (ms)
2026-07-11 11:57:02,137 [INFO] Pass: UnitarySynthesis - 0.00453 (ms)
2026-07-11 11:57:02,137 [INFO] Pass: Depth - 0.02003 (ms)
2026-07-11 11:57:02,137 [INFO] Pass: FixedPoint - 0.00405 (ms)
2026-07-11 11:57:02,137 [INFO] Pass: Size - 0.00238 (ms)
2026-07-11 11:57:02,138 [INFO] Pass: FixedPoint - 0.00286 (ms)
2026-07-11 11:57:02,138 [INFO] Pass: RemoveIdentityEquivalent - 0.00453 (ms)
2026-07-11 11:57:02,138 [INFO] Pass: Optimize1qGatesDecomposition - 0.15497 (ms)
2026-07-11 11:57:02,138 [INFO] Pass: CommutativeCancellation - 0.07176 (ms)
2026-07-11 11:57:02,138 [INFO] Pass: ContractIdleWiresInControlFlow - 0.00191 (ms)
2026-07-11 11:57:02,138 [INFO] Pass: GatesInBasis - 0.01955 (ms)
2026-07-11 11:57:02,138 [INFO] Pass: Depth - 0.01907 (ms)
2026-07-11 11:57:02,138 [INFO] Pass: FixedPoint - 0.00358 (ms)
2026-07-11 11:57:02,138 [INFO] Pass: Size - 0.00191 (ms)
2026-07-11 11:57:02,138 [INFO] Pass: FixedPoint - 0.00286 (ms)
2026-07-11 11:57:02,138 [INFO] Pass: RemoveIdentityEquivalent - 0.00429 (ms)
2026-07-11 11:57:02,138 [INFO] Pass: Optimize1qGatesDecomposition - 0.13566 (ms)
2026-07-11 11:57:02,138 [INFO] Pass: CommutativeCancellation - 0.07224 (ms)
2026-07-11 11:57:02,138 [INFO] Pass: ContractIdleWiresInControlFlow - 0.00143 (ms)
2026-07-11 11:57:02,138 [INFO] Pass: GatesInBasis - 0.01836 (ms)
2026-07-11 11:57:02,138 [INFO] Pass: Depth - 0.01764 (ms)
2026-07-11 11:57:02,138 [INFO] Pass: FixedPoint - 0.00310 (ms)
2026-07-11 11:57:02,138 [INFO] Pass: Size - 0.00191 (ms)
2026-07-11 11:57:02,138 [INFO] Pass: FixedPoint - 0.00262 (ms)
2026-07-11 11:57:02,138 [INFO] Pass: ContainsInstruction - 0.00501 (ms)
2026-07-11 11:57:02,139 [INFO] Total Transpile Time - 87.49294 (ms)
2026-07-11 12:17:01,145 [INFO] [PCE] n=150 instancia 45/100 completada en 0:00:19:59 — transcurrido=0:15:00:03 restante_estimado=0:18:20:03
2026-07-11 12:17:01,252 [INFO] Pass: ContainsInstruction - 0.01097 (ms)
2026-07-11 12:17:01,252 [INFO] Pass: UnitarySynthesis - 0.00668 (ms)
2026-07-11 12:17:01,252 [INFO] Pass: HighLevelSynthesis - 0.00882 (ms)
2026-07-11 12:17:01,252 [INFO] Pass: BasisTranslator - 0.05555 (ms)
2026-07-11 12:17:01,252 [INFO] Pass: ElidePermutations - 0.00453 (ms)
2026-07-11 12:17:01,252 [INFO] Pass: RemoveDiagonalGatesBeforeMeasure - 0.00811 (ms)
2026-07-11 12:17:01,252 [INFO] Pass: RemoveIdentityEquivalent - 0.00381 (ms)
2026-07-11 12:17:01,252 [INFO] Pass: InverseCancellation - 0.00477 (ms)
2026-07-11 12:17:01,252 [INFO] Pass: ContractIdleWiresInControlFlow - 0.00238 (ms)
2026-07-11 12:17:01,252 [INFO] Pass: CommutativeCancellation - 0.06509 (ms)
2026-07-11 12:17:01,252 [INFO] Pass: ConsolidateBlocks - 0.04148 (ms)
2026-07-11 12:17:01,252 [INFO] Pass: Split2QUnitaries - 0.00310 (ms)
2026-07-11 12:17:01,252 [INFO] Pass: UnitarySynthesis - 0.00525 (ms)
2026-07-11 12:17:01,252 [INFO] Pass: HighLevelSynthesis - 0.02337 (ms)
2026-07-11 12:17:01,253 [INFO] Pass: BasisTranslator - 0.06104 (ms)
2026-07-11 12:17:01,253 [INFO] Pass: ConsolidateBlocks - 0.04888 (ms)
2026-07-11 12:17:01,253 [INFO] Pass: UnitarySynthesis - 0.00477 (ms)
2026-07-11 12:17:01,253 [INFO] Pass: Depth - 0.01860 (ms)
2026-07-11 12:17:01,253 [INFO] Pass: FixedPoint - 0.00477 (ms)
2026-07-11 12:17:01,253 [INFO] Pass: Size - 0.00334 (ms)
2026-07-11 12:17:01,253 [INFO] Pass: FixedPoint - 0.00286 (ms)
2026-07-11 12:17:01,253 [INFO] Pass: RemoveIdentityEquivalent - 0.00238 (ms)
2026-07-11 12:17:01,253 [INFO] Pass: Optimize1qGatesDecomposition - 0.03242 (ms)
2026-07-11 12:17:01,253 [INFO] Pass: CommutativeCancellation - 0.07153 (ms)
2026-07-11 12:17:01,253 [INFO] Pass: ContractIdleWiresInControlFlow - 0.00215 (ms)
2026-07-11 12:17:01,253 [INFO] Pass: GatesInBasis - 0.01955 (ms)
2026-07-11 12:17:01,253 [INFO] Pass: Depth - 0.01788 (ms)
2026-07-11 12:17:01,253 [INFO] Pass: FixedPoint - 0.00358 (ms)
2026-07-11 12:17:01,253 [INFO] Pass: Size - 0.00215 (ms)
2026-07-11 12:17:01,253 [INFO] Pass: FixedPoint - 0.00286 (ms)
2026-07-11 12:17:01,253 [INFO] Pass: ContainsInstruction - 0.00453 (ms)
2026-07-11 12:17:01,253 [INFO] Total Transpile Time - 90.99698 (ms)
2026-07-11 12:17:01,341 [INFO] Pass: ContainsInstruction - 0.00978 (ms)
2026-07-11 12:17:01,342 [INFO] Pass: UnitarySynthesis - 0.00620 (ms)
2026-07-11 12:17:01,342 [INFO] Pass: HighLevelSynthesis - 0.00739 (ms)
2026-07-11 12:17:01,342 [INFO] Pass: BasisTranslator - 0.05221 (ms)
2026-07-11 12:17:01,342 [INFO] Pass: ElidePermutations - 0.00381 (ms)
2026-07-11 12:17:01,342 [INFO] Pass: RemoveDiagonalGatesBeforeMeasure - 0.00691 (ms)
2026-07-11 12:17:01,342 [INFO] Pass: RemoveIdentityEquivalent - 0.00477 (ms)
2026-07-11 12:17:01,342 [INFO] Pass: InverseCancellation - 0.02289 (ms)
2026-07-11 12:17:01,342 [INFO] Pass: ContractIdleWiresInControlFlow - 0.00215 (ms)
2026-07-11 12:17:01,342 [INFO] Pass: CommutativeCancellation - 0.05984 (ms)
2026-07-11 12:17:01,342 [INFO] Pass: ConsolidateBlocks - 0.04005 (ms)
2026-07-11 12:17:01,342 [INFO] Pass: Split2QUnitaries - 0.00262 (ms)
2026-07-11 12:17:01,342 [INFO] Pass: UnitarySynthesis - 0.00501 (ms)
2026-07-11 12:17:01,342 [INFO] Pass: HighLevelSynthesis - 0.02265 (ms)
2026-07-11 12:17:01,342 [INFO] Pass: BasisTranslator - 0.06342 (ms)
2026-07-11 12:17:01,342 [INFO] Pass: ConsolidateBlocks - 0.04792 (ms)
2026-07-11 12:17:01,342 [INFO] Pass: UnitarySynthesis - 0.00429 (ms)
2026-07-11 12:17:01,342 [INFO] Pass: Depth - 0.01955 (ms)
2026-07-11 12:17:01,342 [INFO] Pass: FixedPoint - 0.00405 (ms)
2026-07-11 12:17:01,342 [INFO] Pass: Size - 0.00262 (ms)
2026-07-11 12:17:01,342 [INFO] Pass: FixedPoint - 0.00286 (ms)
2026-07-11 12:17:01,342 [INFO] Pass: RemoveIdentityEquivalent - 0.00405 (ms)
2026-07-11 12:17:01,343 [INFO] Pass: Optimize1qGatesDecomposition - 0.15140 (ms)
2026-07-11 12:17:01,343 [INFO] Pass: CommutativeCancellation - 0.08345 (ms)
2026-07-11 12:17:01,343 [INFO] Pass: ContractIdleWiresInControlFlow - 0.00215 (ms)
2026-07-11 12:17:01,343 [INFO] Pass: GatesInBasis - 0.01907 (ms)
2026-07-11 12:17:01,343 [INFO] Pass: Depth - 0.01812 (ms)
2026-07-11 12:17:01,343 [INFO] Pass: FixedPoint - 0.00381 (ms)
2026-07-11 12:17:01,343 [INFO] Pass: Size - 0.00238 (ms)
2026-07-11 12:17:01,343 [INFO] Pass: FixedPoint - 0.00286 (ms)
2026-07-11 12:17:01,343 [INFO] Pass: ContainsInstruction - 0.00525 (ms)
2026-07-11 12:17:01,343 [INFO] Total Transpile Time - 89.30945 (ms)
2026-07-11 12:17:01,432 [INFO] Pass: ContainsInstruction - 0.00930 (ms)
2026-07-11 12:17:01,432 [INFO] Pass: UnitarySynthesis - 0.00620 (ms)
2026-07-11 12:17:01,432 [INFO] Pass: HighLevelSynthesis - 0.00715 (ms)
2026-07-11 12:17:01,432 [INFO] Pass: BasisTranslator - 0.05150 (ms)
2026-07-11 12:17:01,432 [INFO] Pass: ElidePermutations - 0.00358 (ms)
2026-07-11 12:17:01,432 [INFO] Pass: RemoveDiagonalGatesBeforeMeasure - 0.00596 (ms)
2026-07-11 12:17:01,432 [INFO] Pass: RemoveIdentityEquivalent - 0.00525 (ms)
2026-07-11 12:17:01,432 [INFO] Pass: InverseCancellation - 0.02074 (ms)
2026-07-11 12:17:01,432 [INFO] Pass: ContractIdleWiresInControlFlow - 0.00215 (ms)
2026-07-11 12:17:01,432 [INFO] Pass: CommutativeCancellation - 0.06890 (ms)
2026-07-11 12:17:01,432 [INFO] Pass: ConsolidateBlocks - 0.03886 (ms)
2026-07-11 12:17:01,432 [INFO] Pass: Split2QUnitaries - 0.00215 (ms)
2026-07-11 12:17:01,432 [INFO] Pass: UnitarySynthesis - 0.00525 (ms)
2026-07-11 12:17:01,432 [INFO] Pass: HighLevelSynthesis - 0.02456 (ms)
2026-07-11 12:17:01,433 [INFO] Pass: BasisTranslator - 0.06914 (ms)
2026-07-11 12:17:01,433 [INFO] Pass: ConsolidateBlocks - 0.04959 (ms)
2026-07-11 12:17:01,433 [INFO] Pass: UnitarySynthesis - 0.00477 (ms)
2026-07-11 12:17:01,433 [INFO] Pass: Depth - 0.02146 (ms)
2026-07-11 12:17:01,433 [INFO] Pass: FixedPoint - 0.00381 (ms)
2026-07-11 12:17:01,433 [INFO] Pass: Size - 0.00262 (ms)
2026-07-11 12:17:01,433 [INFO] Pass: FixedPoint - 0.00262 (ms)
2026-07-11 12:17:01,433 [INFO] Pass: RemoveIdentityEquivalent - 0.00477 (ms)
2026-07-11 12:17:01,433 [INFO] Pass: Optimize1qGatesDecomposition - 0.16570 (ms)
2026-07-11 12:17:01,433 [INFO] Pass: CommutativeCancellation - 0.07463 (ms)
2026-07-11 12:17:01,433 [INFO] Pass: ContractIdleWiresInControlFlow - 0.00191 (ms)
2026-07-11 12:17:01,433 [INFO] Pass: GatesInBasis - 0.01931 (ms)
2026-07-11 12:17:01,433 [INFO] Pass: Depth - 0.02074 (ms)
2026-07-11 12:17:01,433 [INFO] Pass: FixedPoint - 0.00358 (ms)
2026-07-11 12:17:01,433 [INFO] Pass: Size - 0.00191 (ms)
2026-07-11 12:17:01,433 [INFO] Pass: FixedPoint - 0.00310 (ms)
2026-07-11 12:17:01,433 [INFO] Pass: RemoveIdentityEquivalent - 0.00429 (ms)
2026-07-11 12:17:01,433 [INFO] Pass: Optimize1qGatesDecomposition - 0.13852 (ms)
2026-07-11 12:17:01,434 [INFO] Pass: CommutativeCancellation - 0.06938 (ms)
2026-07-11 12:17:01,434 [INFO] Pass: ContractIdleWiresInControlFlow - 0.00191 (ms)
2026-07-11 12:17:01,434 [INFO] Pass: GatesInBasis - 0.01860 (ms)
2026-07-11 12:17:01,434 [INFO] Pass: Depth - 0.01812 (ms)
2026-07-11 12:17:01,434 [INFO] Pass: FixedPoint - 0.00310 (ms)
2026-07-11 12:17:01,434 [INFO] Pass: Size - 0.00215 (ms)
2026-07-11 12:17:01,434 [INFO] Pass: FixedPoint - 0.00262 (ms)
2026-07-11 12:17:01,434 [INFO] Pass: ContainsInstruction - 0.00525 (ms)
2026-07-11 12:17:01,434 [INFO] Total Transpile Time - 90.53612 (ms)
2026-07-11 12:33:25,680 [INFO] [PCE] n=150 instancia 46/100 completada en 0:00:16:25 — transcurrido=0:15:16:27 restante_estimado=0:17:55:50
2026-07-11 12:33:25,784 [INFO] Pass: ContainsInstruction - 0.01121 (ms)
2026-07-11 12:33:25,784 [INFO] Pass: UnitarySynthesis - 0.00691 (ms)
2026-07-11 12:33:25,784 [INFO] Pass: HighLevelSynthesis - 0.00858 (ms)
2026-07-11 12:33:25,784 [INFO] Pass: BasisTranslator - 0.05889 (ms)
2026-07-11 12:33:25,784 [INFO] Pass: ElidePermutations - 0.00477 (ms)
2026-07-11 12:33:25,784 [INFO] Pass: RemoveDiagonalGatesBeforeMeasure - 0.00811 (ms)
2026-07-11 12:33:25,784 [INFO] Pass: RemoveIdentityEquivalent - 0.00381 (ms)
2026-07-11 12:33:25,784 [INFO] Pass: InverseCancellation - 0.00429 (ms)
2026-07-11 12:33:25,784 [INFO] Pass: ContractIdleWiresInControlFlow - 0.00215 (ms)
2026-07-11 12:33:25,784 [INFO] Pass: CommutativeCancellation - 0.05245 (ms)
2026-07-11 12:33:25,784 [INFO] Pass: ConsolidateBlocks - 0.04172 (ms)
2026-07-11 12:33:25,784 [INFO] Pass: Split2QUnitaries - 0.00310 (ms)
2026-07-11 12:33:25,784 [INFO] Pass: UnitarySynthesis - 0.00453 (ms)
2026-07-11 12:33:25,784 [INFO] Pass: HighLevelSynthesis - 0.02241 (ms)
2026-07-11 12:33:25,784 [INFO] Pass: BasisTranslator - 0.06485 (ms)
2026-07-11 12:33:25,784 [INFO] Pass: ConsolidateBlocks - 0.05007 (ms)
2026-07-11 12:33:25,784 [INFO] Pass: UnitarySynthesis - 0.00477 (ms)
2026-07-11 12:33:25,784 [INFO] Pass: Depth - 0.01884 (ms)
2026-07-11 12:33:25,784 [INFO] Pass: FixedPoint - 0.00429 (ms)
2026-07-11 12:33:25,784 [INFO] Pass: Size - 0.00310 (ms)
2026-07-11 12:33:25,784 [INFO] Pass: FixedPoint - 0.00286 (ms)
2026-07-11 12:33:25,784 [INFO] Pass: RemoveIdentityEquivalent - 0.00286 (ms)
2026-07-11 12:33:25,785 [INFO] Pass: Optimize1qGatesDecomposition - 0.03386 (ms)
2026-07-11 12:33:25,785 [INFO] Pass: CommutativeCancellation - 0.06986 (ms)
2026-07-11 12:33:25,785 [INFO] Pass: ContractIdleWiresInControlFlow - 0.00167 (ms)
2026-07-11 12:33:25,785 [INFO] Pass: GatesInBasis - 0.02003 (ms)
2026-07-11 12:33:25,785 [INFO] Pass: Depth - 0.01836 (ms)
2026-07-11 12:33:25,785 [INFO] Pass: FixedPoint - 0.00334 (ms)
2026-07-11 12:33:25,785 [INFO] Pass: Size - 0.00215 (ms)
2026-07-11 12:33:25,785 [INFO] Pass: FixedPoint - 0.00286 (ms)
2026-07-11 12:33:25,785 [INFO] Pass: ContainsInstruction - 0.00501 (ms)
2026-07-11 12:33:25,785 [INFO] Total Transpile Time - 89.33973 (ms)
2026-07-11 12:33:25,872 [INFO] Pass: ContainsInstruction - 0.00930 (ms)
2026-07-11 12:33:25,872 [INFO] Pass: UnitarySynthesis - 0.00596 (ms)
2026-07-11 12:33:25,872 [INFO] Pass: HighLevelSynthesis - 0.00834 (ms)
2026-07-11 12:33:25,872 [INFO] Pass: BasisTranslator - 0.05221 (ms)
2026-07-11 12:33:25,872 [INFO] Pass: ElidePermutations - 0.00358 (ms)
2026-07-11 12:33:25,872 [INFO] Pass: RemoveDiagonalGatesBeforeMeasure - 0.00644 (ms)
2026-07-11 12:33:25,872 [INFO] Pass: RemoveIdentityEquivalent - 0.00477 (ms)
2026-07-11 12:33:25,872 [INFO] Pass: InverseCancellation - 0.02098 (ms)
2026-07-11 12:33:25,872 [INFO] Pass: ContractIdleWiresInControlFlow - 0.00167 (ms)
2026-07-11 12:33:25,872 [INFO] Pass: CommutativeCancellation - 0.06652 (ms)
2026-07-11 12:33:25,872 [INFO] Pass: ConsolidateBlocks - 0.03982 (ms)
2026-07-11 12:33:25,872 [INFO] Pass: Split2QUnitaries - 0.00238 (ms)
2026-07-11 12:33:25,872 [INFO] Pass: UnitarySynthesis - 0.00501 (ms)
2026-07-11 12:33:25,872 [INFO] Pass: HighLevelSynthesis - 0.02313 (ms)
2026-07-11 12:33:25,873 [INFO] Pass: BasisTranslator - 0.06533 (ms)
2026-07-11 12:33:25,873 [INFO] Pass: ConsolidateBlocks - 0.04745 (ms)
2026-07-11 12:33:25,873 [INFO] Pass: UnitarySynthesis - 0.00453 (ms)
2026-07-11 12:33:25,873 [INFO] Pass: Depth - 0.01860 (ms)
2026-07-11 12:33:25,873 [INFO] Pass: FixedPoint - 0.00381 (ms)
2026-07-11 12:33:25,873 [INFO] Pass: Size - 0.00286 (ms)
2026-07-11 12:33:25,873 [INFO] Pass: FixedPoint - 0.00262 (ms)
2026-07-11 12:33:25,873 [INFO] Pass: RemoveIdentityEquivalent - 0.00381 (ms)
2026-07-11 12:33:25,873 [INFO] Pass: Optimize1qGatesDecomposition - 0.15044 (ms)
2026-07-11 12:33:25,873 [INFO] Pass: CommutativeCancellation - 0.07820 (ms)
2026-07-11 12:33:25,873 [INFO] Pass: ContractIdleWiresInControlFlow - 0.00167 (ms)
2026-07-11 12:33:25,873 [INFO] Pass: GatesInBasis - 0.01860 (ms)
2026-07-11 12:33:25,873 [INFO] Pass: Depth - 0.01740 (ms)
2026-07-11 12:33:25,873 [INFO] Pass: FixedPoint - 0.00358 (ms)
2026-07-11 12:33:25,873 [INFO] Pass: Size - 0.00191 (ms)
2026-07-11 12:33:25,873 [INFO] Pass: FixedPoint - 0.00262 (ms)
2026-07-11 12:33:25,873 [INFO] Pass: ContainsInstruction - 0.00525 (ms)
2026-07-11 12:33:25,874 [INFO] Total Transpile Time - 88.05132 (ms)
2026-07-11 12:33:25,960 [INFO] Pass: ContainsInstruction - 0.00978 (ms)
2026-07-11 12:33:25,960 [INFO] Pass: UnitarySynthesis - 0.00644 (ms)
2026-07-11 12:33:25,960 [INFO] Pass: HighLevelSynthesis - 0.00739 (ms)
2026-07-11 12:33:25,960 [INFO] Pass: BasisTranslator - 0.05031 (ms)
2026-07-11 12:33:25,960 [INFO] Pass: ElidePermutations - 0.00310 (ms)
2026-07-11 12:33:25,960 [INFO] Pass: RemoveDiagonalGatesBeforeMeasure - 0.00620 (ms)
2026-07-11 12:33:25,960 [INFO] Pass: RemoveIdentityEquivalent - 0.00501 (ms)
2026-07-11 12:33:25,960 [INFO] Pass: InverseCancellation - 0.02098 (ms)
2026-07-11 12:33:25,960 [INFO] Pass: ContractIdleWiresInControlFlow - 0.00167 (ms)
2026-07-11 12:33:25,961 [INFO] Pass: CommutativeCancellation - 0.05746 (ms)
2026-07-11 12:33:25,961 [INFO] Pass: ConsolidateBlocks - 0.03791 (ms)
2026-07-11 12:33:25,961 [INFO] Pass: Split2QUnitaries - 0.00286 (ms)
2026-07-11 12:33:25,961 [INFO] Pass: UnitarySynthesis - 0.00548 (ms)
2026-07-11 12:33:25,961 [INFO] Pass: HighLevelSynthesis - 0.02503 (ms)
2026-07-11 12:33:25,961 [INFO] Pass: BasisTranslator - 0.06509 (ms)
2026-07-11 12:33:25,961 [INFO] Pass: ConsolidateBlocks - 0.04864 (ms)
2026-07-11 12:33:25,961 [INFO] Pass: UnitarySynthesis - 0.00477 (ms)
2026-07-11 12:33:25,961 [INFO] Pass: Depth - 0.01955 (ms)
2026-07-11 12:33:25,961 [INFO] Pass: FixedPoint - 0.00405 (ms)
2026-07-11 12:33:25,961 [INFO] Pass: Size - 0.00286 (ms)
2026-07-11 12:33:25,961 [INFO] Pass: FixedPoint - 0.00262 (ms)
2026-07-11 12:33:25,961 [INFO] Pass: RemoveIdentityEquivalent - 0.00477 (ms)
2026-07-11 12:33:25,961 [INFO] Pass: Optimize1qGatesDecomposition - 0.16689 (ms)
2026-07-11 12:33:25,961 [INFO] Pass: CommutativeCancellation - 0.07272 (ms)
2026-07-11 12:33:25,961 [INFO] Pass: ContractIdleWiresInControlFlow - 0.00191 (ms)
2026-07-11 12:33:25,961 [INFO] Pass: GatesInBasis - 0.01955 (ms)
2026-07-11 12:33:25,961 [INFO] Pass: Depth - 0.01931 (ms)
2026-07-11 12:33:25,962 [INFO] Pass: FixedPoint - 0.00358 (ms)
2026-07-11 12:33:25,962 [INFO] Pass: Size - 0.00191 (ms)
2026-07-11 12:33:25,962 [INFO] Pass: FixedPoint - 0.00310 (ms)
2026-07-11 12:33:25,962 [INFO] Pass: RemoveIdentityEquivalent - 0.00405 (ms)
2026-07-11 12:33:25,962 [INFO] Pass: Optimize1qGatesDecomposition - 0.13590 (ms)
2026-07-11 12:33:25,962 [INFO] Pass: CommutativeCancellation - 0.06533 (ms)
2026-07-11 12:33:25,962 [INFO] Pass: ContractIdleWiresInControlFlow - 0.00167 (ms)
2026-07-11 12:33:25,962 [INFO] Pass: GatesInBasis - 0.01860 (ms)
2026-07-11 12:33:25,962 [INFO] Pass: Depth - 0.01717 (ms)
2026-07-11 12:33:25,962 [INFO] Pass: FixedPoint - 0.00310 (ms)
2026-07-11 12:33:25,962 [INFO] Pass: Size - 0.00191 (ms)
2026-07-11 12:33:25,962 [INFO] Pass: FixedPoint - 0.00286 (ms)
2026-07-11 12:33:25,962 [INFO] Pass: ContainsInstruction - 0.00548 (ms)
2026-07-11 12:33:25,962 [INFO] Total Transpile Time - 88.41205 (ms)
2026-07-11 12:55:45,724 [INFO] [PCE] n=150 instancia 47/100 completada en 0:00:22:20 — transcurrido=0:15:38:47 restante_estimado=0:17:38:38
2026-07-11 12:55:45,828 [INFO] Pass: ContainsInstruction - 0.01192 (ms)
2026-07-11 12:55:45,828 [INFO] Pass: UnitarySynthesis - 0.00668 (ms)
2026-07-11 12:55:45,828 [INFO] Pass: HighLevelSynthesis - 0.00834 (ms)
2026-07-11 12:55:45,828 [INFO] Pass: BasisTranslator - 0.05865 (ms)
2026-07-11 12:55:45,828 [INFO] Pass: ElidePermutations - 0.00477 (ms)
2026-07-11 12:55:45,828 [INFO] Pass: RemoveDiagonalGatesBeforeMeasure - 0.00787 (ms)
2026-07-11 12:55:45,829 [INFO] Pass: RemoveIdentityEquivalent - 0.00381 (ms)
2026-07-11 12:55:45,829 [INFO] Pass: InverseCancellation - 0.00477 (ms)
2026-07-11 12:55:45,829 [INFO] Pass: ContractIdleWiresInControlFlow - 0.00215 (ms)
2026-07-11 12:55:45,829 [INFO] Pass: CommutativeCancellation - 0.05889 (ms)
2026-07-11 12:55:45,829 [INFO] Pass: ConsolidateBlocks - 0.04077 (ms)
2026-07-11 12:55:45,829 [INFO] Pass: Split2QUnitaries - 0.00238 (ms)
2026-07-11 12:55:45,829 [INFO] Pass: UnitarySynthesis - 0.00453 (ms)
2026-07-11 12:55:45,829 [INFO] Pass: HighLevelSynthesis - 0.02193 (ms)
2026-07-11 12:55:45,829 [INFO] Pass: BasisTranslator - 0.06413 (ms)
2026-07-11 12:55:45,829 [INFO] Pass: ConsolidateBlocks - 0.04673 (ms)
2026-07-11 12:55:45,829 [INFO] Pass: UnitarySynthesis - 0.00477 (ms)
2026-07-11 12:55:45,829 [INFO] Pass: Depth - 0.02289 (ms)
2026-07-11 12:55:45,829 [INFO] Pass: FixedPoint - 0.00453 (ms)
2026-07-11 12:55:45,829 [INFO] Pass: Size - 0.00310 (ms)
2026-07-11 12:55:45,829 [INFO] Pass: FixedPoint - 0.00238 (ms)
2026-07-11 12:55:45,829 [INFO] Pass: RemoveIdentityEquivalent - 0.00262 (ms)
2026-07-11 12:55:45,829 [INFO] Pass: Optimize1qGatesDecomposition - 0.03409 (ms)
2026-07-11 12:55:45,829 [INFO] Pass: CommutativeCancellation - 0.08225 (ms)
2026-07-11 12:55:45,829 [INFO] Pass: ContractIdleWiresInControlFlow - 0.00191 (ms)
2026-07-11 12:55:45,829 [INFO] Pass: GatesInBasis - 0.01955 (ms)
2026-07-11 12:55:45,829 [INFO] Pass: Depth - 0.01884 (ms)
2026-07-11 12:55:45,829 [INFO] Pass: FixedPoint - 0.00358 (ms)
2026-07-11 12:55:45,829 [INFO] Pass: Size - 0.00215 (ms)
2026-07-11 12:55:45,829 [INFO] Pass: FixedPoint - 0.00286 (ms)
2026-07-11 12:55:45,830 [INFO] Pass: ContainsInstruction - 0.00453 (ms)
2026-07-11 12:55:45,830 [INFO] Total Transpile Time - 89.43963 (ms)
2026-07-11 12:55:45,917 [INFO] Pass: ContainsInstruction - 0.00906 (ms)
2026-07-11 12:55:45,917 [INFO] Pass: UnitarySynthesis - 0.00596 (ms)
2026-07-11 12:55:45,917 [INFO] Pass: HighLevelSynthesis - 0.00715 (ms)
2026-07-11 12:55:45,917 [INFO] Pass: BasisTranslator - 0.05269 (ms)
2026-07-11 12:55:45,917 [INFO] Pass: ElidePermutations - 0.00429 (ms)
2026-07-11 12:55:45,917 [INFO] Pass: RemoveDiagonalGatesBeforeMeasure - 0.00691 (ms)
2026-07-11 12:55:45,917 [INFO] Pass: RemoveIdentityEquivalent - 0.00501 (ms)
2026-07-11 12:55:45,917 [INFO] Pass: InverseCancellation - 0.02289 (ms)
2026-07-11 12:55:45,917 [INFO] Pass: ContractIdleWiresInControlFlow - 0.00215 (ms)
2026-07-11 12:55:45,917 [INFO] Pass: CommutativeCancellation - 0.06175 (ms)
2026-07-11 12:55:45,917 [INFO] Pass: ConsolidateBlocks - 0.03934 (ms)
2026-07-11 12:55:45,918 [INFO] Pass: Split2QUnitaries - 0.00215 (ms)
2026-07-11 12:55:45,918 [INFO] Pass: UnitarySynthesis - 0.00477 (ms)
2026-07-11 12:55:45,918 [INFO] Pass: HighLevelSynthesis - 0.02313 (ms)
2026-07-11 12:55:45,918 [INFO] Pass: BasisTranslator - 0.06390 (ms)
2026-07-11 12:55:45,918 [INFO] Pass: ConsolidateBlocks - 0.04792 (ms)
2026-07-11 12:55:45,918 [INFO] Pass: UnitarySynthesis - 0.00429 (ms)
2026-07-11 12:55:45,918 [INFO] Pass: Depth - 0.02027 (ms)
2026-07-11 12:55:45,918 [INFO] Pass: FixedPoint - 0.00453 (ms)
2026-07-11 12:55:45,918 [INFO] Pass: Size - 0.00286 (ms)
2026-07-11 12:55:45,918 [INFO] Pass: FixedPoint - 0.00286 (ms)
2026-07-11 12:55:45,918 [INFO] Pass: RemoveIdentityEquivalent - 0.00405 (ms)
2026-07-11 12:55:45,918 [INFO] Pass: Optimize1qGatesDecomposition - 0.14997 (ms)
2026-07-11 12:55:45,918 [INFO] Pass: CommutativeCancellation - 0.08273 (ms)
2026-07-11 12:55:45,918 [INFO] Pass: ContractIdleWiresInControlFlow - 0.00215 (ms)
2026-07-11 12:55:45,918 [INFO] Pass: GatesInBasis - 0.02670 (ms)
2026-07-11 12:55:45,918 [INFO] Pass: Depth - 0.01931 (ms)
2026-07-11 12:55:45,918 [INFO] Pass: FixedPoint - 0.00358 (ms)
2026-07-11 12:55:45,918 [INFO] Pass: Size - 0.00191 (ms)
2026-07-11 12:55:45,918 [INFO] Pass: FixedPoint - 0.00286 (ms)
2026-07-11 12:55:45,918 [INFO] Pass: ContainsInstruction - 0.00477 (ms)
2026-07-11 12:55:45,919 [INFO] Total Transpile Time - 88.49621 (ms)
2026-07-11 12:55:46,007 [INFO] Pass: ContainsInstruction - 0.00954 (ms)
2026-07-11 12:55:46,007 [INFO] Pass: UnitarySynthesis - 0.00572 (ms)
2026-07-11 12:55:46,007 [INFO] Pass: HighLevelSynthesis - 0.00691 (ms)
2026-07-11 12:55:46,008 [INFO] Pass: BasisTranslator - 0.05007 (ms)
2026-07-11 12:55:46,008 [INFO] Pass: ElidePermutations - 0.00310 (ms)
2026-07-11 12:55:46,008 [INFO] Pass: RemoveDiagonalGatesBeforeMeasure - 0.00620 (ms)
2026-07-11 12:55:46,008 [INFO] Pass: RemoveIdentityEquivalent - 0.00572 (ms)
2026-07-11 12:55:46,008 [INFO] Pass: InverseCancellation - 0.01979 (ms)
2026-07-11 12:55:46,008 [INFO] Pass: ContractIdleWiresInControlFlow - 0.00191 (ms)
2026-07-11 12:55:46,008 [INFO] Pass: CommutativeCancellation - 0.06199 (ms)
2026-07-11 12:55:46,008 [INFO] Pass: ConsolidateBlocks - 0.03862 (ms)
2026-07-11 12:55:46,008 [INFO] Pass: Split2QUnitaries - 0.00215 (ms)
2026-07-11 12:55:46,008 [INFO] Pass: UnitarySynthesis - 0.00501 (ms)
2026-07-11 12:55:46,008 [INFO] Pass: HighLevelSynthesis - 0.02503 (ms)
2026-07-11 12:55:46,008 [INFO] Pass: BasisTranslator - 0.06294 (ms)
2026-07-11 12:55:46,008 [INFO] Pass: ConsolidateBlocks - 0.04721 (ms)
2026-07-11 12:55:46,008 [INFO] Pass: UnitarySynthesis - 0.00429 (ms)
2026-07-11 12:55:46,008 [INFO] Pass: Depth - 0.02170 (ms)
2026-07-11 12:55:46,008 [INFO] Pass: FixedPoint - 0.00429 (ms)
2026-07-11 12:55:46,008 [INFO] Pass: Size - 0.00238 (ms)
2026-07-11 12:55:46,008 [INFO] Pass: FixedPoint - 0.00238 (ms)
2026-07-11 12:55:46,008 [INFO] Pass: RemoveIdentityEquivalent - 0.01216 (ms)
2026-07-11 12:55:46,008 [INFO] Pass: Optimize1qGatesDecomposition - 0.15903 (ms)
2026-07-11 12:55:46,009 [INFO] Pass: CommutativeCancellation - 0.07415 (ms)
2026-07-11 12:55:46,009 [INFO] Pass: ContractIdleWiresInControlFlow - 0.00167 (ms)
2026-07-11 12:55:46,009 [INFO] Pass: GatesInBasis - 0.01931 (ms)
2026-07-11 12:55:46,009 [INFO] Pass: Depth - 0.02027 (ms)
2026-07-11 12:55:46,009 [INFO] Pass: FixedPoint - 0.00358 (ms)
2026-07-11 12:55:46,009 [INFO] Pass: Size - 0.00167 (ms)
2026-07-11 12:55:46,009 [INFO] Pass: FixedPoint - 0.00262 (ms)
2026-07-11 12:55:46,009 [INFO] Pass: RemoveIdentityEquivalent - 0.00429 (ms)
2026-07-11 12:55:46,009 [INFO] Pass: Optimize1qGatesDecomposition - 0.13757 (ms)
2026-07-11 12:55:46,009 [INFO] Pass: CommutativeCancellation - 0.06700 (ms)
2026-07-11 12:55:46,009 [INFO] Pass: ContractIdleWiresInControlFlow - 0.00167 (ms)
2026-07-11 12:55:46,009 [INFO] Pass: GatesInBasis - 0.01812 (ms)
2026-07-11 12:55:46,009 [INFO] Pass: Depth - 0.01812 (ms)
2026-07-11 12:55:46,009 [INFO] Pass: FixedPoint - 0.00334 (ms)
2026-07-11 12:55:46,009 [INFO] Pass: Size - 0.00167 (ms)
2026-07-11 12:55:46,009 [INFO] Pass: FixedPoint - 0.00262 (ms)
2026-07-11 12:55:46,009 [INFO] Pass: ContainsInstruction - 0.00477 (ms)
2026-07-11 12:55:46,009 [INFO] Total Transpile Time - 90.46912 (ms)
2026-07-11 13:16:36,700 [INFO] [PCE] n=150 instancia 48/100 completada en 0:00:20:51 — transcurrido=0:15:59:38 restante_estimado=0:17:19:36
2026-07-11 13:16:36,805 [INFO] Pass: ContainsInstruction - 0.01216 (ms)
2026-07-11 13:16:36,805 [INFO] Pass: UnitarySynthesis - 0.00668 (ms)
2026-07-11 13:16:36,805 [INFO] Pass: HighLevelSynthesis - 0.00858 (ms)
2026-07-11 13:16:36,805 [INFO] Pass: BasisTranslator - 0.05794 (ms)
2026-07-11 13:16:36,806 [INFO] Pass: ElidePermutations - 0.00453 (ms)
2026-07-11 13:16:36,806 [INFO] Pass: RemoveDiagonalGatesBeforeMeasure - 0.00787 (ms)
2026-07-11 13:16:36,806 [INFO] Pass: RemoveIdentityEquivalent - 0.00381 (ms)
2026-07-11 13:16:36,806 [INFO] Pass: InverseCancellation - 0.00525 (ms)
2026-07-11 13:16:36,806 [INFO] Pass: ContractIdleWiresInControlFlow - 0.00191 (ms)
2026-07-11 13:16:36,806 [INFO] Pass: CommutativeCancellation - 0.05531 (ms)
2026-07-11 13:16:36,806 [INFO] Pass: ConsolidateBlocks - 0.04172 (ms)
2026-07-11 13:16:36,806 [INFO] Pass: Split2QUnitaries - 0.00286 (ms)
2026-07-11 13:16:36,806 [INFO] Pass: UnitarySynthesis - 0.00501 (ms)
2026-07-11 13:16:36,806 [INFO] Pass: HighLevelSynthesis - 0.02337 (ms)
2026-07-11 13:16:36,806 [INFO] Pass: BasisTranslator - 0.06127 (ms)
2026-07-11 13:16:36,806 [INFO] Pass: ConsolidateBlocks - 0.04697 (ms)
2026-07-11 13:16:36,806 [INFO] Pass: UnitarySynthesis - 0.00453 (ms)
2026-07-11 13:16:36,806 [INFO] Pass: Depth - 0.01931 (ms)
2026-07-11 13:16:36,806 [INFO] Pass: FixedPoint - 0.00429 (ms)
2026-07-11 13:16:36,806 [INFO] Pass: Size - 0.00358 (ms)
2026-07-11 13:16:36,806 [INFO] Pass: FixedPoint - 0.00262 (ms)
2026-07-11 13:16:36,806 [INFO] Pass: RemoveIdentityEquivalent - 0.00262 (ms)
2026-07-11 13:16:36,806 [INFO] Pass: Optimize1qGatesDecomposition - 0.03910 (ms)
2026-07-11 13:16:36,806 [INFO] Pass: CommutativeCancellation - 0.07153 (ms)
2026-07-11 13:16:36,806 [INFO] Pass: ContractIdleWiresInControlFlow - 0.00215 (ms)
2026-07-11 13:16:36,806 [INFO] Pass: GatesInBasis - 0.01955 (ms)
2026-07-11 13:16:36,806 [INFO] Pass: Depth - 0.01764 (ms)
2026-07-11 13:16:36,807 [INFO] Pass: FixedPoint - 0.00358 (ms)
2026-07-11 13:16:36,807 [INFO] Pass: Size - 0.00215 (ms)
2026-07-11 13:16:36,807 [INFO] Pass: FixedPoint - 0.00262 (ms)
2026-07-11 13:16:36,807 [INFO] Pass: ContainsInstruction - 0.00501 (ms)
2026-07-11 13:16:36,807 [INFO] Total Transpile Time - 90.03091 (ms)
2026-07-11 13:16:36,894 [INFO] Pass: ContainsInstruction - 0.00882 (ms)
2026-07-11 13:16:36,894 [INFO] Pass: UnitarySynthesis - 0.00644 (ms)
2026-07-11 13:16:36,894 [INFO] Pass: HighLevelSynthesis - 0.00763 (ms)
2026-07-11 13:16:36,894 [INFO] Pass: BasisTranslator - 0.05245 (ms)
2026-07-11 13:16:36,894 [INFO] Pass: ElidePermutations - 0.00358 (ms)
2026-07-11 13:16:36,894 [INFO] Pass: RemoveDiagonalGatesBeforeMeasure - 0.00691 (ms)
2026-07-11 13:16:36,894 [INFO] Pass: RemoveIdentityEquivalent - 0.00453 (ms)
2026-07-11 13:16:36,894 [INFO] Pass: InverseCancellation - 0.02098 (ms)
2026-07-11 13:16:36,894 [INFO] Pass: ContractIdleWiresInControlFlow - 0.00215 (ms)
2026-07-11 13:16:36,894 [INFO] Pass: CommutativeCancellation - 0.05937 (ms)
2026-07-11 13:16:36,894 [INFO] Pass: ConsolidateBlocks - 0.03958 (ms)
2026-07-11 13:16:36,894 [INFO] Pass: Split2QUnitaries - 0.00238 (ms)
2026-07-11 13:16:36,895 [INFO] Pass: UnitarySynthesis - 0.00548 (ms)
2026-07-11 13:16:36,895 [INFO] Pass: HighLevelSynthesis - 0.02337 (ms)
2026-07-11 13:16:36,895 [INFO] Pass: BasisTranslator - 0.06127 (ms)
2026-07-11 13:16:36,895 [INFO] Pass: ConsolidateBlocks - 0.04721 (ms)
2026-07-11 13:16:36,895 [INFO] Pass: UnitarySynthesis - 0.00453 (ms)
2026-07-11 13:16:36,895 [INFO] Pass: Depth - 0.01836 (ms)
2026-07-11 13:16:36,895 [INFO] Pass: FixedPoint - 0.00477 (ms)
2026-07-11 13:16:36,895 [INFO] Pass: Size - 0.00262 (ms)
2026-07-11 13:16:36,895 [INFO] Pass: FixedPoint - 0.00286 (ms)
2026-07-11 13:16:36,895 [INFO] Pass: RemoveIdentityEquivalent - 0.00405 (ms)
2026-07-11 13:16:36,895 [INFO] Pass: Optimize1qGatesDecomposition - 0.14806 (ms)
2026-07-11 13:16:36,895 [INFO] Pass: CommutativeCancellation - 0.08035 (ms)
2026-07-11 13:16:36,895 [INFO] Pass: ContractIdleWiresInControlFlow - 0.00167 (ms)
2026-07-11 13:16:36,895 [INFO] Pass: GatesInBasis - 0.02694 (ms)
2026-07-11 13:16:36,895 [INFO] Pass: Depth - 0.01836 (ms)
2026-07-11 13:16:36,895 [INFO] Pass: FixedPoint - 0.00358 (ms)
2026-07-11 13:16:36,895 [INFO] Pass: Size - 0.00238 (ms)
2026-07-11 13:16:36,895 [INFO] Pass: FixedPoint - 0.00286 (ms)
2026-07-11 13:16:36,895 [INFO] Pass: ContainsInstruction - 0.00501 (ms)
2026-07-11 13:16:36,896 [INFO] Total Transpile Time - 88.43684 (ms)
2026-07-11 13:16:36,983 [INFO] Pass: ContainsInstruction - 0.00954 (ms)
2026-07-11 13:16:36,983 [INFO] Pass: UnitarySynthesis - 0.00620 (ms)
2026-07-11 13:16:36,983 [INFO] Pass: HighLevelSynthesis - 0.00739 (ms)
2026-07-11 13:16:36,983 [INFO] Pass: BasisTranslator - 0.04959 (ms)
2026-07-11 13:16:36,983 [INFO] Pass: ElidePermutations - 0.00358 (ms)
2026-07-11 13:16:36,983 [INFO] Pass: RemoveDiagonalGatesBeforeMeasure - 0.00620 (ms)
2026-07-11 13:16:36,983 [INFO] Pass: RemoveIdentityEquivalent - 0.00572 (ms)
2026-07-11 13:16:36,983 [INFO] Pass: InverseCancellation - 0.02074 (ms)
2026-07-11 13:16:36,983 [INFO] Pass: ContractIdleWiresInControlFlow - 0.00215 (ms)
2026-07-11 13:16:36,983 [INFO] Pass: CommutativeCancellation - 0.05960 (ms)
2026-07-11 13:16:36,983 [INFO] Pass: ConsolidateBlocks - 0.03839 (ms)
2026-07-11 13:16:36,983 [INFO] Pass: Split2QUnitaries - 0.00262 (ms)
2026-07-11 13:16:36,983 [INFO] Pass: UnitarySynthesis - 0.00501 (ms)
2026-07-11 13:16:36,983 [INFO] Pass: HighLevelSynthesis - 0.02480 (ms)
2026-07-11 13:16:36,983 [INFO] Pass: BasisTranslator - 0.07129 (ms)
2026-07-11 13:16:36,983 [INFO] Pass: ConsolidateBlocks - 0.04816 (ms)
2026-07-11 13:16:36,983 [INFO] Pass: UnitarySynthesis - 0.00501 (ms)
2026-07-11 13:16:36,983 [INFO] Pass: Depth - 0.01907 (ms)
2026-07-11 13:16:36,983 [INFO] Pass: FixedPoint - 0.00381 (ms)
2026-07-11 13:16:36,983 [INFO] Pass: Size - 0.00262 (ms)
2026-07-11 13:16:36,983 [INFO] Pass: FixedPoint - 0.00238 (ms)
2026-07-11 13:16:36,984 [INFO] Pass: RemoveIdentityEquivalent - 0.00477 (ms)
2026-07-11 13:16:36,984 [INFO] Pass: Optimize1qGatesDecomposition - 0.16546 (ms)
2026-07-11 13:16:36,984 [INFO] Pass: CommutativeCancellation - 0.07367 (ms)
2026-07-11 13:16:36,984 [INFO] Pass: ContractIdleWiresInControlFlow - 0.00167 (ms)
2026-07-11 13:16:36,984 [INFO] Pass: GatesInBasis - 0.01836 (ms)
2026-07-11 13:16:36,984 [INFO] Pass: Depth - 0.01812 (ms)
2026-07-11 13:16:36,984 [INFO] Pass: FixedPoint - 0.00358 (ms)
2026-07-11 13:16:36,984 [INFO] Pass: Size - 0.00191 (ms)
2026-07-11 13:16:36,984 [INFO] Pass: FixedPoint - 0.00262 (ms)
2026-07-11 13:16:36,984 [INFO] Pass: RemoveIdentityEquivalent - 0.00405 (ms)
2026-07-11 13:16:36,984 [INFO] Pass: Optimize1qGatesDecomposition - 0.13781 (ms)
2026-07-11 13:16:36,984 [INFO] Pass: CommutativeCancellation - 0.07248 (ms)
2026-07-11 13:16:36,984 [INFO] Pass: ContractIdleWiresInControlFlow - 0.00191 (ms)
2026-07-11 13:16:36,984 [INFO] Pass: GatesInBasis - 0.01788 (ms)
2026-07-11 13:16:36,984 [INFO] Pass: Depth - 0.01812 (ms)
2026-07-11 13:16:36,984 [INFO] Pass: FixedPoint - 0.00310 (ms)
2026-07-11 13:16:36,984 [INFO] Pass: Size - 0.00167 (ms)
2026-07-11 13:16:36,984 [INFO] Pass: FixedPoint - 0.00262 (ms)
2026-07-11 13:16:36,984 [INFO] Pass: ContainsInstruction - 0.00525 (ms)
2026-07-11 13:16:36,985 [INFO] Total Transpile Time - 88.73487 (ms)
2026-07-11 13:40:09,582 [INFO] [PCE] n=150 instancia 49/100 completada en 0:00:23:33 — transcurrido=0:16:23:11 restante_estimado=0:17:03:19
2026-07-11 13:40:09,686 [INFO] Pass: ContainsInstruction - 0.01144 (ms)
2026-07-11 13:40:09,687 [INFO] Pass: UnitarySynthesis - 0.00715 (ms)
2026-07-11 13:40:09,687 [INFO] Pass: HighLevelSynthesis - 0.00787 (ms)
2026-07-11 13:40:09,687 [INFO] Pass: BasisTranslator - 0.05722 (ms)
2026-07-11 13:40:09,687 [INFO] Pass: ElidePermutations - 0.00501 (ms)
2026-07-11 13:40:09,687 [INFO] Pass: RemoveDiagonalGatesBeforeMeasure - 0.00858 (ms)
2026-07-11 13:40:09,687 [INFO] Pass: RemoveIdentityEquivalent - 0.00405 (ms)
2026-07-11 13:40:09,687 [INFO] Pass: InverseCancellation - 0.00453 (ms)
2026-07-11 13:40:09,687 [INFO] Pass: ContractIdleWiresInControlFlow - 0.00238 (ms)
2026-07-11 13:40:09,687 [INFO] Pass: CommutativeCancellation - 0.05889 (ms)
2026-07-11 13:40:09,687 [INFO] Pass: ConsolidateBlocks - 0.04101 (ms)
2026-07-11 13:40:09,687 [INFO] Pass: Split2QUnitaries - 0.00286 (ms)
2026-07-11 13:40:09,687 [INFO] Pass: UnitarySynthesis - 0.00501 (ms)
2026-07-11 13:40:09,687 [INFO] Pass: HighLevelSynthesis - 0.02241 (ms)
2026-07-11 13:40:09,687 [INFO] Pass: BasisTranslator - 0.06294 (ms)
2026-07-11 13:40:09,687 [INFO] Pass: ConsolidateBlocks - 0.04721 (ms)
2026-07-11 13:40:09,687 [INFO] Pass: UnitarySynthesis - 0.00429 (ms)
2026-07-11 13:40:09,687 [INFO] Pass: Depth - 0.02623 (ms)
2026-07-11 13:40:09,687 [INFO] Pass: FixedPoint - 0.00501 (ms)
2026-07-11 13:40:09,687 [INFO] Pass: Size - 0.00286 (ms)
2026-07-11 13:40:09,687 [INFO] Pass: FixedPoint - 0.00286 (ms)
2026-07-11 13:40:09,687 [INFO] Pass: RemoveIdentityEquivalent - 0.00262 (ms)
2026-07-11 13:40:09,687 [INFO] Pass: Optimize1qGatesDecomposition - 0.03266 (ms)
2026-07-11 13:40:09,688 [INFO] Pass: CommutativeCancellation - 0.07272 (ms)
2026-07-11 13:40:09,688 [INFO] Pass: ContractIdleWiresInControlFlow - 0.00191 (ms)
2026-07-11 13:40:09,688 [INFO] Pass: GatesInBasis - 0.01884 (ms)
2026-07-11 13:40:09,688 [INFO] Pass: Depth - 0.01693 (ms)
2026-07-11 13:40:09,688 [INFO] Pass: FixedPoint - 0.00310 (ms)
2026-07-11 13:40:09,688 [INFO] Pass: Size - 0.00215 (ms)
2026-07-11 13:40:09,688 [INFO] Pass: FixedPoint - 0.00286 (ms)
2026-07-11 13:40:09,688 [INFO] Pass: ContainsInstruction - 0.00453 (ms)
2026-07-11 13:40:09,688 [INFO] Total Transpile Time - 88.50074 (ms)
2026-07-11 13:40:09,773 [INFO] Pass: ContainsInstruction - 0.00978 (ms)
2026-07-11 13:40:09,774 [INFO] Pass: UnitarySynthesis - 0.00644 (ms)
2026-07-11 13:40:09,774 [INFO] Pass: HighLevelSynthesis - 0.00715 (ms)
2026-07-11 13:40:09,774 [INFO] Pass: BasisTranslator - 0.05126 (ms)
2026-07-11 13:40:09,774 [INFO] Pass: ElidePermutations - 0.00381 (ms)
2026-07-11 13:40:09,774 [INFO] Pass: RemoveDiagonalGatesBeforeMeasure - 0.00668 (ms)
2026-07-11 13:40:09,774 [INFO] Pass: RemoveIdentityEquivalent - 0.00477 (ms)
2026-07-11 13:40:09,774 [INFO] Pass: InverseCancellation - 0.02313 (ms)
2026-07-11 13:40:09,774 [INFO] Pass: ContractIdleWiresInControlFlow - 0.00191 (ms)
2026-07-11 13:40:09,774 [INFO] Pass: CommutativeCancellation - 0.06056 (ms)
2026-07-11 13:40:09,774 [INFO] Pass: ConsolidateBlocks - 0.03910 (ms)
2026-07-11 13:40:09,774 [INFO] Pass: Split2QUnitaries - 0.00262 (ms)
2026-07-11 13:40:09,774 [INFO] Pass: UnitarySynthesis - 0.00525 (ms)
2026-07-11 13:40:09,774 [INFO] Pass: HighLevelSynthesis - 0.02265 (ms)
2026-07-11 13:40:09,774 [INFO] Pass: BasisTranslator - 0.06390 (ms)
2026-07-11 13:40:09,774 [INFO] Pass: ConsolidateBlocks - 0.04721 (ms)
2026-07-11 13:40:09,774 [INFO] Pass: UnitarySynthesis - 0.00477 (ms)
2026-07-11 13:40:09,774 [INFO] Pass: Depth - 0.02050 (ms)
2026-07-11 13:40:09,774 [INFO] Pass: FixedPoint - 0.00405 (ms)
2026-07-11 13:40:09,774 [INFO] Pass: Size - 0.00286 (ms)
2026-07-11 13:40:09,774 [INFO] Pass: FixedPoint - 0.00286 (ms)
2026-07-11 13:40:09,774 [INFO] Pass: RemoveIdentityEquivalent - 0.00453 (ms)
2026-07-11 13:40:09,775 [INFO] Pass: Optimize1qGatesDecomposition - 0.14544 (ms)
2026-07-11 13:40:09,775 [INFO] Pass: CommutativeCancellation - 0.07987 (ms)
2026-07-11 13:40:09,775 [INFO] Pass: ContractIdleWiresInControlFlow - 0.00167 (ms)
2026-07-11 13:40:09,775 [INFO] Pass: GatesInBasis - 0.01907 (ms)
2026-07-11 13:40:09,775 [INFO] Pass: Depth - 0.01884 (ms)
2026-07-11 13:40:09,775 [INFO] Pass: FixedPoint - 0.00358 (ms)
2026-07-11 13:40:09,775 [INFO] Pass: Size - 0.00238 (ms)
2026-07-11 13:40:09,775 [INFO] Pass: FixedPoint - 0.00262 (ms)
2026-07-11 13:40:09,775 [INFO] Pass: ContainsInstruction - 0.00501 (ms)
2026-07-11 13:40:09,775 [INFO] Total Transpile Time - 86.80582 (ms)
2026-07-11 13:40:09,861 [INFO] Pass: ContainsInstruction - 0.00954 (ms)
2026-07-11 13:40:09,861 [INFO] Pass: UnitarySynthesis - 0.00596 (ms)
2026-07-11 13:40:09,861 [INFO] Pass: HighLevelSynthesis - 0.00715 (ms)
2026-07-11 13:40:09,861 [INFO] Pass: BasisTranslator - 0.05054 (ms)
2026-07-11 13:40:09,861 [INFO] Pass: ElidePermutations - 0.00310 (ms)
2026-07-11 13:40:09,861 [INFO] Pass: RemoveDiagonalGatesBeforeMeasure - 0.00668 (ms)
2026-07-11 13:40:09,861 [INFO] Pass: RemoveIdentityEquivalent - 0.00548 (ms)
2026-07-11 13:40:09,861 [INFO] Pass: InverseCancellation - 0.02027 (ms)
2026-07-11 13:40:09,861 [INFO] Pass: ContractIdleWiresInControlFlow - 0.00167 (ms)
2026-07-11 13:40:09,861 [INFO] Pass: CommutativeCancellation - 0.05722 (ms)
2026-07-11 13:40:09,861 [INFO] Pass: ConsolidateBlocks - 0.03958 (ms)
2026-07-11 13:40:09,861 [INFO] Pass: Split2QUnitaries - 0.00215 (ms)
2026-07-11 13:40:09,861 [INFO] Pass: UnitarySynthesis - 0.00525 (ms)
2026-07-11 13:40:09,861 [INFO] Pass: HighLevelSynthesis - 0.03171 (ms)
2026-07-11 13:40:09,861 [INFO] Pass: BasisTranslator - 0.06342 (ms)
2026-07-11 13:40:09,861 [INFO] Pass: ConsolidateBlocks - 0.04840 (ms)
2026-07-11 13:40:09,861 [INFO] Pass: UnitarySynthesis - 0.00453 (ms)
2026-07-11 13:40:09,861 [INFO] Pass: Depth - 0.01955 (ms)
2026-07-11 13:40:09,862 [INFO] Pass: FixedPoint - 0.00405 (ms)
2026-07-11 13:40:09,862 [INFO] Pass: Size - 0.00262 (ms)
2026-07-11 13:40:09,862 [INFO] Pass: FixedPoint - 0.00262 (ms)
2026-07-11 13:40:09,862 [INFO] Pass: RemoveIdentityEquivalent - 0.00453 (ms)
2026-07-11 13:40:09,862 [INFO] Pass: Optimize1qGatesDecomposition - 0.15640 (ms)
2026-07-11 13:40:09,862 [INFO] Pass: CommutativeCancellation - 0.07153 (ms)
2026-07-11 13:40:09,862 [INFO] Pass: ContractIdleWiresInControlFlow - 0.00167 (ms)
2026-07-11 13:40:09,862 [INFO] Pass: GatesInBasis - 0.01884 (ms)
2026-07-11 13:40:09,862 [INFO] Pass: Depth - 0.01812 (ms)
2026-07-11 13:40:09,862 [INFO] Pass: FixedPoint - 0.00358 (ms)
2026-07-11 13:40:09,862 [INFO] Pass: Size - 0.00167 (ms)
2026-07-11 13:40:09,862 [INFO] Pass: FixedPoint - 0.00334 (ms)
2026-07-11 13:40:09,862 [INFO] Pass: RemoveIdentityEquivalent - 0.00477 (ms)
2026-07-11 13:40:09,862 [INFO] Pass: Optimize1qGatesDecomposition - 0.13709 (ms)
2026-07-11 13:40:09,862 [INFO] Pass: CommutativeCancellation - 0.06533 (ms)
2026-07-11 13:40:09,862 [INFO] Pass: ContractIdleWiresInControlFlow - 0.00191 (ms)
2026-07-11 13:40:09,862 [INFO] Pass: GatesInBasis - 0.01788 (ms)
2026-07-11 13:40:09,862 [INFO] Pass: Depth - 0.01740 (ms)
2026-07-11 13:40:09,862 [INFO] Pass: FixedPoint - 0.00310 (ms)
2026-07-11 13:40:09,862 [INFO] Pass: Size - 0.00167 (ms)
2026-07-11 13:40:09,863 [INFO] Pass: FixedPoint - 0.00262 (ms)
2026-07-11 13:40:09,863 [INFO] Pass: ContainsInstruction - 0.00477 (ms)
2026-07-11 13:40:09,863 [INFO] Total Transpile Time - 87.27646 (ms)
2026-07-11 14:01:29,853 [INFO] [PCE] n=150 instancia 50/100 completada en 0:00:21:20 — transcurrido=0:16:44:31 restante_estimado=0:16:44:31
2026-07-11 14:01:29,958 [INFO] Pass: ContainsInstruction - 0.01144 (ms)
2026-07-11 14:01:29,958 [INFO] Pass: UnitarySynthesis - 0.00668 (ms)
2026-07-11 14:01:29,958 [INFO] Pass: HighLevelSynthesis - 0.00811 (ms)
2026-07-11 14:01:29,958 [INFO] Pass: BasisTranslator - 0.05841 (ms)
2026-07-11 14:01:29,958 [INFO] Pass: ElidePermutations - 0.00453 (ms)
2026-07-11 14:01:29,958 [INFO] Pass: RemoveDiagonalGatesBeforeMeasure - 0.00763 (ms)
2026-07-11 14:01:29,958 [INFO] Pass: RemoveIdentityEquivalent - 0.00358 (ms)
2026-07-11 14:01:29,958 [INFO] Pass: InverseCancellation - 0.00477 (ms)
2026-07-11 14:01:29,958 [INFO] Pass: ContractIdleWiresInControlFlow - 0.00191 (ms)
2026-07-11 14:01:29,958 [INFO] Pass: CommutativeCancellation - 0.04935 (ms)
2026-07-11 14:01:29,958 [INFO] Pass: ConsolidateBlocks - 0.03982 (ms)
2026-07-11 14:01:29,958 [INFO] Pass: Split2QUnitaries - 0.00262 (ms)
2026-07-11 14:01:29,958 [INFO] Pass: UnitarySynthesis - 0.00525 (ms)
2026-07-11 14:01:29,958 [INFO] Pass: HighLevelSynthesis - 0.02241 (ms)
2026-07-11 14:01:29,958 [INFO] Pass: BasisTranslator - 0.06247 (ms)
2026-07-11 14:01:29,958 [INFO] Pass: ConsolidateBlocks - 0.04792 (ms)
2026-07-11 14:01:29,959 [INFO] Pass: UnitarySynthesis - 0.00429 (ms)
2026-07-11 14:01:29,959 [INFO] Pass: Depth - 0.01907 (ms)
2026-07-11 14:01:29,959 [INFO] Pass: FixedPoint - 0.00453 (ms)
2026-07-11 14:01:29,959 [INFO] Pass: Size - 0.00310 (ms)
2026-07-11 14:01:29,959 [INFO] Pass: FixedPoint - 0.00286 (ms)
2026-07-11 14:01:29,959 [INFO] Pass: RemoveIdentityEquivalent - 0.00310 (ms)
2026-07-11 14:01:29,959 [INFO] Pass: Optimize1qGatesDecomposition - 0.03147 (ms)
2026-07-11 14:01:29,959 [INFO] Pass: CommutativeCancellation - 0.06819 (ms)
2026-07-11 14:01:29,959 [INFO] Pass: ContractIdleWiresInControlFlow - 0.00191 (ms)
2026-07-11 14:01:29,959 [INFO] Pass: GatesInBasis - 0.01860 (ms)
2026-07-11 14:01:29,959 [INFO] Pass: Depth - 0.01669 (ms)
2026-07-11 14:01:29,959 [INFO] Pass: FixedPoint - 0.00334 (ms)
2026-07-11 14:01:29,959 [INFO] Pass: Size - 0.00191 (ms)
2026-07-11 14:01:29,959 [INFO] Pass: FixedPoint - 0.00262 (ms)
2026-07-11 14:01:29,959 [INFO] Pass: ContainsInstruction - 0.00477 (ms)
2026-07-11 14:01:29,959 [INFO] Total Transpile Time - 89.83445 (ms)
2026-07-11 14:01:30,048 [INFO] Pass: ContainsInstruction - 0.00858 (ms)
2026-07-11 14:01:30,048 [INFO] Pass: UnitarySynthesis - 0.00620 (ms)
2026-07-11 14:01:30,048 [INFO] Pass: HighLevelSynthesis - 0.00691 (ms)
2026-07-11 14:01:30,048 [INFO] Pass: BasisTranslator - 0.05221 (ms)
2026-07-11 14:01:30,048 [INFO] Pass: ElidePermutations - 0.00334 (ms)
2026-07-11 14:01:30,048 [INFO] Pass: RemoveDiagonalGatesBeforeMeasure - 0.00668 (ms)
2026-07-11 14:01:30,048 [INFO] Pass: RemoveIdentityEquivalent - 0.00501 (ms)
2026-07-11 14:01:30,048 [INFO] Pass: InverseCancellation - 0.02265 (ms)
2026-07-11 14:01:30,048 [INFO] Pass: ContractIdleWiresInControlFlow - 0.00191 (ms)
2026-07-11 14:01:30,048 [INFO] Pass: CommutativeCancellation - 0.06008 (ms)
2026-07-11 14:01:30,048 [INFO] Pass: ConsolidateBlocks - 0.03743 (ms)
2026-07-11 14:01:30,048 [INFO] Pass: Split2QUnitaries - 0.00215 (ms)
2026-07-11 14:01:30,048 [INFO] Pass: UnitarySynthesis - 0.00477 (ms)
2026-07-11 14:01:30,048 [INFO] Pass: HighLevelSynthesis - 0.02313 (ms)
2026-07-11 14:01:30,048 [INFO] Pass: BasisTranslator - 0.07772 (ms)
2026-07-11 14:01:30,048 [INFO] Pass: ConsolidateBlocks - 0.04888 (ms)
2026-07-11 14:01:30,048 [INFO] Pass: UnitarySynthesis - 0.00453 (ms)
2026-07-11 14:01:30,048 [INFO] Pass: Depth - 0.01860 (ms)
2026-07-11 14:01:30,048 [INFO] Pass: FixedPoint - 0.00453 (ms)
2026-07-11 14:01:30,048 [INFO] Pass: Size - 0.00286 (ms)
2026-07-11 14:01:30,049 [INFO] Pass: FixedPoint - 0.00262 (ms)
2026-07-11 14:01:30,049 [INFO] Pass: RemoveIdentityEquivalent - 0.00429 (ms)
2026-07-11 14:01:30,049 [INFO] Pass: Optimize1qGatesDecomposition - 0.14830 (ms)
2026-07-11 14:01:30,049 [INFO] Pass: CommutativeCancellation - 0.08130 (ms)
2026-07-11 14:01:30,049 [INFO] Pass: ContractIdleWiresInControlFlow - 0.00215 (ms)
2026-07-11 14:01:30,049 [INFO] Pass: GatesInBasis - 0.01955 (ms)
2026-07-11 14:01:30,049 [INFO] Pass: Depth - 0.02027 (ms)
2026-07-11 14:01:30,049 [INFO] Pass: FixedPoint - 0.00381 (ms)
2026-07-11 14:01:30,049 [INFO] Pass: Size - 0.00238 (ms)
2026-07-11 14:01:30,049 [INFO] Pass: FixedPoint - 0.00286 (ms)
2026-07-11 14:01:30,049 [INFO] Pass: ContainsInstruction - 0.00548 (ms)
2026-07-11 14:01:30,049 [INFO] Total Transpile Time - 89.65850 (ms)
2026-07-11 14:01:30,137 [INFO] Pass: ContainsInstruction - 0.00906 (ms)
2026-07-11 14:01:30,138 [INFO] Pass: UnitarySynthesis - 0.00596 (ms)
2026-07-11 14:01:30,138 [INFO] Pass: HighLevelSynthesis - 0.00691 (ms)
2026-07-11 14:01:30,138 [INFO] Pass: BasisTranslator - 0.05174 (ms)
2026-07-11 14:01:30,138 [INFO] Pass: ElidePermutations - 0.00358 (ms)
2026-07-11 14:01:30,138 [INFO] Pass: RemoveDiagonalGatesBeforeMeasure - 0.00644 (ms)
2026-07-11 14:01:30,138 [INFO] Pass: RemoveIdentityEquivalent - 0.00548 (ms)
2026-07-11 14:01:30,138 [INFO] Pass: InverseCancellation - 0.02146 (ms)
2026-07-11 14:01:30,138 [INFO] Pass: ContractIdleWiresInControlFlow - 0.00191 (ms)
2026-07-11 14:01:30,138 [INFO] Pass: CommutativeCancellation - 0.05770 (ms)
2026-07-11 14:01:30,138 [INFO] Pass: ConsolidateBlocks - 0.03719 (ms)
2026-07-11 14:01:30,138 [INFO] Pass: Split2QUnitaries - 0.00238 (ms)
2026-07-11 14:01:30,138 [INFO] Pass: UnitarySynthesis - 0.00548 (ms)
2026-07-11 14:01:30,138 [INFO] Pass: HighLevelSynthesis - 0.02456 (ms)
2026-07-11 14:01:30,138 [INFO] Pass: BasisTranslator - 0.06795 (ms)
2026-07-11 14:01:30,138 [INFO] Pass: ConsolidateBlocks - 0.04864 (ms)
2026-07-11 14:01:30,138 [INFO] Pass: UnitarySynthesis - 0.00453 (ms)
2026-07-11 14:01:30,138 [INFO] Pass: Depth - 0.01955 (ms)
2026-07-11 14:01:30,138 [INFO] Pass: FixedPoint - 0.00429 (ms)
2026-07-11 14:01:30,138 [INFO] Pass: Size - 0.00310 (ms)
2026-07-11 14:01:30,138 [INFO] Pass: FixedPoint - 0.00286 (ms)
2026-07-11 14:01:30,138 [INFO] Pass: RemoveIdentityEquivalent - 0.00477 (ms)
2026-07-11 14:01:30,139 [INFO] Pass: Optimize1qGatesDecomposition - 0.16475 (ms)
2026-07-11 14:01:30,139 [INFO] Pass: CommutativeCancellation - 0.07367 (ms)
2026-07-11 14:01:30,139 [INFO] Pass: ContractIdleWiresInControlFlow - 0.00191 (ms)
2026-07-11 14:01:30,139 [INFO] Pass: GatesInBasis - 0.01860 (ms)
2026-07-11 14:01:30,139 [INFO] Pass: Depth - 0.01788 (ms)
2026-07-11 14:01:30,139 [INFO] Pass: FixedPoint - 0.00381 (ms)
2026-07-11 14:01:30,139 [INFO] Pass: Size - 0.00191 (ms)
2026-07-11 14:01:30,139 [INFO] Pass: FixedPoint - 0.00286 (ms)
2026-07-11 14:01:30,139 [INFO] Pass: RemoveIdentityEquivalent - 0.00453 (ms)
2026-07-11 14:01:30,139 [INFO] Pass: Optimize1qGatesDecomposition - 0.14114 (ms)
2026-07-11 14:01:30,139 [INFO] Pass: CommutativeCancellation - 0.06866 (ms)
2026-07-11 14:01:30,139 [INFO] Pass: ContractIdleWiresInControlFlow - 0.00215 (ms)
2026-07-11 14:01:30,139 [INFO] Pass: GatesInBasis - 0.01836 (ms)
2026-07-11 14:01:30,139 [INFO] Pass: Depth - 0.02408 (ms)
2026-07-11 14:01:30,139 [INFO] Pass: FixedPoint - 0.00334 (ms)
2026-07-11 14:01:30,139 [INFO] Pass: Size - 0.00191 (ms)
2026-07-11 14:01:30,139 [INFO] Pass: FixedPoint - 0.00238 (ms)
2026-07-11 14:01:30,139 [INFO] Pass: ContainsInstruction - 0.00525 (ms)
2026-07-11 14:01:30,140 [INFO] Total Transpile Time - 89.97154 (ms)
2026-07-11 14:20:00,588 [INFO] [PCE] n=150 instancia 51/100 completada en 0:00:18:31 — transcurrido=0:17:03:02 restante_estimado=0:16:22:55
2026-07-11 14:20:00,692 [INFO] Pass: ContainsInstruction - 0.01168 (ms)
2026-07-11 14:20:00,693 [INFO] Pass: UnitarySynthesis - 0.00691 (ms)
2026-07-11 14:20:00,693 [INFO] Pass: HighLevelSynthesis - 0.00834 (ms)
2026-07-11 14:20:00,693 [INFO] Pass: BasisTranslator - 0.05960 (ms)
2026-07-11 14:20:00,693 [INFO] Pass: ElidePermutations - 0.00501 (ms)
2026-07-11 14:20:00,693 [INFO] Pass: RemoveDiagonalGatesBeforeMeasure - 0.00858 (ms)
2026-07-11 14:20:00,693 [INFO] Pass: RemoveIdentityEquivalent - 0.00358 (ms)
2026-07-11 14:20:00,693 [INFO] Pass: InverseCancellation - 0.00429 (ms)
2026-07-11 14:20:00,693 [INFO] Pass: ContractIdleWiresInControlFlow - 0.00215 (ms)
2026-07-11 14:20:00,693 [INFO] Pass: CommutativeCancellation - 0.06294 (ms)
2026-07-11 14:20:00,693 [INFO] Pass: ConsolidateBlocks - 0.04268 (ms)
2026-07-11 14:20:00,693 [INFO] Pass: Split2QUnitaries - 0.00286 (ms)
2026-07-11 14:20:00,693 [INFO] Pass: UnitarySynthesis - 0.00548 (ms)
2026-07-11 14:20:00,693 [INFO] Pass: HighLevelSynthesis - 0.02289 (ms)
2026-07-11 14:20:00,693 [INFO] Pass: BasisTranslator - 0.06485 (ms)
2026-07-11 14:20:00,693 [INFO] Pass: ConsolidateBlocks - 0.04649 (ms)
2026-07-11 14:20:00,693 [INFO] Pass: UnitarySynthesis - 0.00453 (ms)
2026-07-11 14:20:00,693 [INFO] Pass: Depth - 0.01860 (ms)
2026-07-11 14:20:00,693 [INFO] Pass: FixedPoint - 0.00477 (ms)
2026-07-11 14:20:00,693 [INFO] Pass: Size - 0.00334 (ms)
2026-07-11 14:20:00,693 [INFO] Pass: FixedPoint - 0.00310 (ms)
2026-07-11 14:20:00,693 [INFO] Pass: RemoveIdentityEquivalent - 0.00334 (ms)
2026-07-11 14:20:00,693 [INFO] Pass: Optimize1qGatesDecomposition - 0.03362 (ms)
2026-07-11 14:20:00,694 [INFO] Pass: CommutativeCancellation - 0.07439 (ms)
2026-07-11 14:20:00,694 [INFO] Pass: ContractIdleWiresInControlFlow - 0.00191 (ms)
2026-07-11 14:20:00,694 [INFO] Pass: GatesInBasis - 0.01931 (ms)
2026-07-11 14:20:00,694 [INFO] Pass: Depth - 0.01574 (ms)
2026-07-11 14:20:00,694 [INFO] Pass: FixedPoint - 0.00310 (ms)
2026-07-11 14:20:00,694 [INFO] Pass: Size - 0.00191 (ms)
2026-07-11 14:20:00,694 [INFO] Pass: FixedPoint - 0.00286 (ms)
2026-07-11 14:20:00,694 [INFO] Pass: ContainsInstruction - 0.00525 (ms)
2026-07-11 14:20:00,694 [INFO] Total Transpile Time - 90.57689 (ms)
2026-07-11 14:20:00,781 [INFO] Pass: ContainsInstruction - 0.00954 (ms)
2026-07-11 14:20:00,781 [INFO] Pass: UnitarySynthesis - 0.00620 (ms)
2026-07-11 14:20:00,781 [INFO] Pass: HighLevelSynthesis - 0.00787 (ms)
2026-07-11 14:20:00,781 [INFO] Pass: BasisTranslator - 0.05221 (ms)
2026-07-11 14:20:00,781 [INFO] Pass: ElidePermutations - 0.00358 (ms)
2026-07-11 14:20:00,782 [INFO] Pass: RemoveDiagonalGatesBeforeMeasure - 0.00668 (ms)
2026-07-11 14:20:00,782 [INFO] Pass: RemoveIdentityEquivalent - 0.00525 (ms)
2026-07-11 14:20:00,782 [INFO] Pass: InverseCancellation - 0.02122 (ms)
2026-07-11 14:20:00,782 [INFO] Pass: ContractIdleWiresInControlFlow - 0.00191 (ms)
2026-07-11 14:20:00,782 [INFO] Pass: CommutativeCancellation - 0.06437 (ms)
2026-07-11 14:20:00,782 [INFO] Pass: ConsolidateBlocks - 0.03958 (ms)
2026-07-11 14:20:00,782 [INFO] Pass: Split2QUnitaries - 0.00286 (ms)
2026-07-11 14:20:00,782 [INFO] Pass: UnitarySynthesis - 0.00453 (ms)
2026-07-11 14:20:00,782 [INFO] Pass: HighLevelSynthesis - 0.02360 (ms)
2026-07-11 14:20:00,782 [INFO] Pass: BasisTranslator - 0.06247 (ms)
2026-07-11 14:20:00,782 [INFO] Pass: ConsolidateBlocks - 0.04792 (ms)
2026-07-11 14:20:00,782 [INFO] Pass: UnitarySynthesis - 0.00429 (ms)
2026-07-11 14:20:00,782 [INFO] Pass: Depth - 0.01907 (ms)
2026-07-11 14:20:00,782 [INFO] Pass: FixedPoint - 0.00405 (ms)
2026-07-11 14:20:00,782 [INFO] Pass: Size - 0.00262 (ms)
2026-07-11 14:20:00,782 [INFO] Pass: FixedPoint - 0.00238 (ms)
2026-07-11 14:20:00,782 [INFO] Pass: RemoveIdentityEquivalent - 0.00429 (ms)
2026-07-11 14:20:00,782 [INFO] Pass: Optimize1qGatesDecomposition - 0.15259 (ms)
2026-07-11 14:20:00,782 [INFO] Pass: CommutativeCancellation - 0.08583 (ms)
2026-07-11 14:20:00,783 [INFO] Pass: ContractIdleWiresInControlFlow - 0.00215 (ms)
2026-07-11 14:20:00,783 [INFO] Pass: GatesInBasis - 0.01931 (ms)
2026-07-11 14:20:00,783 [INFO] Pass: Depth - 0.01955 (ms)
2026-07-11 14:20:00,783 [INFO] Pass: FixedPoint - 0.00358 (ms)
2026-07-11 14:20:00,783 [INFO] Pass: Size - 0.00215 (ms)
2026-07-11 14:20:00,783 [INFO] Pass: FixedPoint - 0.00286 (ms)
2026-07-11 14:20:00,783 [INFO] Pass: ContainsInstruction - 0.00525 (ms)
2026-07-11 14:20:00,783 [INFO] Total Transpile Time - 88.52100 (ms)
2026-07-11 14:20:00,870 [INFO] Pass: ContainsInstruction - 0.00978 (ms)
2026-07-11 14:20:00,870 [INFO] Pass: UnitarySynthesis - 0.00644 (ms)
2026-07-11 14:20:00,870 [INFO] Pass: HighLevelSynthesis - 0.00787 (ms)
2026-07-11 14:20:00,870 [INFO] Pass: BasisTranslator - 0.05436 (ms)
2026-07-11 14:20:00,870 [INFO] Pass: ElidePermutations - 0.00286 (ms)
2026-07-11 14:20:00,870 [INFO] Pass: RemoveDiagonalGatesBeforeMeasure - 0.00620 (ms)
2026-07-11 14:20:00,870 [INFO] Pass: RemoveIdentityEquivalent - 0.00572 (ms)
2026-07-11 14:20:00,870 [INFO] Pass: InverseCancellation - 0.02146 (ms)
2026-07-11 14:20:00,870 [INFO] Pass: ContractIdleWiresInControlFlow - 0.00167 (ms)
2026-07-11 14:20:00,870 [INFO] Pass: CommutativeCancellation - 0.06080 (ms)
2026-07-11 14:20:00,870 [INFO] Pass: ConsolidateBlocks - 0.03862 (ms)
2026-07-11 14:20:00,870 [INFO] Pass: Split2QUnitaries - 0.00238 (ms)
2026-07-11 14:20:00,870 [INFO] Pass: UnitarySynthesis - 0.00501 (ms)
2026-07-11 14:20:00,870 [INFO] Pass: HighLevelSynthesis - 0.02456 (ms)
2026-07-11 14:20:00,870 [INFO] Pass: BasisTranslator - 0.06461 (ms)
2026-07-11 14:20:00,870 [INFO] Pass: ConsolidateBlocks - 0.05794 (ms)
2026-07-11 14:20:00,870 [INFO] Pass: UnitarySynthesis - 0.00501 (ms)
2026-07-11 14:20:00,870 [INFO] Pass: Depth - 0.02003 (ms)
2026-07-11 14:20:00,870 [INFO] Pass: FixedPoint - 0.00405 (ms)
2026-07-11 14:20:00,870 [INFO] Pass: Size - 0.00262 (ms)
2026-07-11 14:20:00,870 [INFO] Pass: FixedPoint - 0.00286 (ms)
2026-07-11 14:20:00,870 [INFO] Pass: RemoveIdentityEquivalent - 0.00501 (ms)
2026-07-11 14:20:00,871 [INFO] Pass: Optimize1qGatesDecomposition - 0.16594 (ms)
2026-07-11 14:20:00,871 [INFO] Pass: CommutativeCancellation - 0.07629 (ms)
2026-07-11 14:20:00,871 [INFO] Pass: ContractIdleWiresInControlFlow - 0.00215 (ms)
2026-07-11 14:20:00,871 [INFO] Pass: GatesInBasis - 0.01907 (ms)
2026-07-11 14:20:00,871 [INFO] Pass: Depth - 0.01836 (ms)
2026-07-11 14:20:00,871 [INFO] Pass: FixedPoint - 0.00358 (ms)
2026-07-11 14:20:00,871 [INFO] Pass: Size - 0.00215 (ms)
2026-07-11 14:20:00,871 [INFO] Pass: FixedPoint - 0.00262 (ms)
2026-07-11 14:20:00,871 [INFO] Pass: RemoveIdentityEquivalent - 0.00453 (ms)
2026-07-11 14:20:00,871 [INFO] Pass: Optimize1qGatesDecomposition - 0.13542 (ms)
2026-07-11 14:20:00,871 [INFO] Pass: CommutativeCancellation - 0.06700 (ms)
2026-07-11 14:20:00,871 [INFO] Pass: ContractIdleWiresInControlFlow - 0.00167 (ms)
2026-07-11 14:20:00,871 [INFO] Pass: GatesInBasis - 0.01788 (ms)
2026-07-11 14:20:00,871 [INFO] Pass: Depth - 0.01717 (ms)
2026-07-11 14:20:00,871 [INFO] Pass: FixedPoint - 0.00334 (ms)
2026-07-11 14:20:00,871 [INFO] Pass: Size - 0.00215 (ms)
2026-07-11 14:20:00,871 [INFO] Pass: FixedPoint - 0.00262 (ms)
2026-07-11 14:20:00,871 [INFO] Pass: ContainsInstruction - 0.00525 (ms)
2026-07-11 14:20:00,872 [INFO] Total Transpile Time - 88.37438 (ms)
2026-07-11 14:39:40,594 [INFO] [PCE] n=150 instancia 52/100 completada en 0:00:19:40 — transcurrido=0:17:22:42 restante_estimado=0:16:02:30
2026-07-11 14:39:40,699 [INFO] Pass: ContainsInstruction - 0.01168 (ms)
2026-07-11 14:39:40,699 [INFO] Pass: UnitarySynthesis - 0.00691 (ms)
2026-07-11 14:39:40,699 [INFO] Pass: HighLevelSynthesis - 0.00834 (ms)
2026-07-11 14:39:40,699 [INFO] Pass: BasisTranslator - 0.05937 (ms)
2026-07-11 14:39:40,699 [INFO] Pass: ElidePermutations - 0.00453 (ms)
2026-07-11 14:39:40,699 [INFO] Pass: RemoveDiagonalGatesBeforeMeasure - 0.00787 (ms)
2026-07-11 14:39:40,699 [INFO] Pass: RemoveIdentityEquivalent - 0.00334 (ms)
2026-07-11 14:39:40,699 [INFO] Pass: InverseCancellation - 0.00477 (ms)
2026-07-11 14:39:40,699 [INFO] Pass: ContractIdleWiresInControlFlow - 0.00191 (ms)
2026-07-11 14:39:40,699 [INFO] Pass: CommutativeCancellation - 0.05341 (ms)
2026-07-11 14:39:40,699 [INFO] Pass: ConsolidateBlocks - 0.04292 (ms)
2026-07-11 14:39:40,699 [INFO] Pass: Split2QUnitaries - 0.00286 (ms)
2026-07-11 14:39:40,699 [INFO] Pass: UnitarySynthesis - 0.00501 (ms)
2026-07-11 14:39:40,699 [INFO] Pass: HighLevelSynthesis - 0.02289 (ms)
2026-07-11 14:39:40,699 [INFO] Pass: BasisTranslator - 0.07343 (ms)
2026-07-11 14:39:40,699 [INFO] Pass: ConsolidateBlocks - 0.04983 (ms)
2026-07-11 14:39:40,699 [INFO] Pass: UnitarySynthesis - 0.00453 (ms)
2026-07-11 14:39:40,699 [INFO] Pass: Depth - 0.02170 (ms)
2026-07-11 14:39:40,699 [INFO] Pass: FixedPoint - 0.00477 (ms)
2026-07-11 14:39:40,700 [INFO] Pass: Size - 0.00310 (ms)
2026-07-11 14:39:40,700 [INFO] Pass: FixedPoint - 0.00286 (ms)
2026-07-11 14:39:40,700 [INFO] Pass: RemoveIdentityEquivalent - 0.00286 (ms)
2026-07-11 14:39:40,700 [INFO] Pass: Optimize1qGatesDecomposition - 0.03362 (ms)
2026-07-11 14:39:40,700 [INFO] Pass: CommutativeCancellation - 0.07010 (ms)
2026-07-11 14:39:40,700 [INFO] Pass: ContractIdleWiresInControlFlow - 0.00191 (ms)
2026-07-11 14:39:40,700 [INFO] Pass: GatesInBasis - 0.01979 (ms)
2026-07-11 14:39:40,700 [INFO] Pass: Depth - 0.01764 (ms)
2026-07-11 14:39:40,700 [INFO] Pass: FixedPoint - 0.00358 (ms)
2026-07-11 14:39:40,700 [INFO] Pass: Size - 0.00191 (ms)
2026-07-11 14:39:40,700 [INFO] Pass: FixedPoint - 0.00286 (ms)
2026-07-11 14:39:40,700 [INFO] Pass: ContainsInstruction - 0.00525 (ms)
2026-07-11 14:39:40,700 [INFO] Total Transpile Time - 89.97107 (ms)
2026-07-11 14:39:40,787 [INFO] Pass: ContainsInstruction - 0.00954 (ms)
2026-07-11 14:39:40,788 [INFO] Pass: UnitarySynthesis - 0.00596 (ms)
2026-07-11 14:39:40,788 [INFO] Pass: HighLevelSynthesis - 0.00715 (ms)
2026-07-11 14:39:40,788 [INFO] Pass: BasisTranslator - 0.05317 (ms)
2026-07-11 14:39:40,788 [INFO] Pass: ElidePermutations - 0.00358 (ms)
2026-07-11 14:39:40,788 [INFO] Pass: RemoveDiagonalGatesBeforeMeasure - 0.00739 (ms)
2026-07-11 14:39:40,788 [INFO] Pass: RemoveIdentityEquivalent - 0.00525 (ms)
2026-07-11 14:39:40,788 [INFO] Pass: InverseCancellation - 0.02217 (ms)
2026-07-11 14:39:40,788 [INFO] Pass: ContractIdleWiresInControlFlow - 0.00215 (ms)
2026-07-11 14:39:40,788 [INFO] Pass: CommutativeCancellation - 0.06127 (ms)
2026-07-11 14:39:40,788 [INFO] Pass: ConsolidateBlocks - 0.04196 (ms)
2026-07-11 14:39:40,788 [INFO] Pass: Split2QUnitaries - 0.00238 (ms)
2026-07-11 14:39:40,788 [INFO] Pass: UnitarySynthesis - 0.00525 (ms)
2026-07-11 14:39:40,788 [INFO] Pass: HighLevelSynthesis - 0.02313 (ms)
2026-07-11 14:39:40,788 [INFO] Pass: BasisTranslator - 0.06294 (ms)
2026-07-11 14:39:40,788 [INFO] Pass: ConsolidateBlocks - 0.04816 (ms)
2026-07-11 14:39:40,788 [INFO] Pass: UnitarySynthesis - 0.01168 (ms)
2026-07-11 14:39:40,788 [INFO] Pass: Depth - 0.02027 (ms)
2026-07-11 14:39:40,788 [INFO] Pass: FixedPoint - 0.00405 (ms)
2026-07-11 14:39:40,788 [INFO] Pass: Size - 0.00334 (ms)
2026-07-11 14:39:40,788 [INFO] Pass: FixedPoint - 0.00238 (ms)
2026-07-11 14:39:40,788 [INFO] Pass: RemoveIdentityEquivalent - 0.00381 (ms)
2026-07-11 14:39:40,789 [INFO] Pass: Optimize1qGatesDecomposition - 0.14997 (ms)
2026-07-11 14:39:40,789 [INFO] Pass: CommutativeCancellation - 0.08106 (ms)
2026-07-11 14:39:40,789 [INFO] Pass: ContractIdleWiresInControlFlow - 0.00167 (ms)
2026-07-11 14:39:40,789 [INFO] Pass: GatesInBasis - 0.01836 (ms)
2026-07-11 14:39:40,789 [INFO] Pass: Depth - 0.01907 (ms)
2026-07-11 14:39:40,789 [INFO] Pass: FixedPoint - 0.00381 (ms)
2026-07-11 14:39:40,789 [INFO] Pass: Size - 0.00215 (ms)
2026-07-11 14:39:40,789 [INFO] Pass: FixedPoint - 0.00310 (ms)
2026-07-11 14:39:40,789 [INFO] Pass: ContainsInstruction - 0.00525 (ms)
2026-07-11 14:39:40,789 [INFO] Total Transpile Time - 88.55009 (ms)
2026-07-11 14:39:40,876 [INFO] Pass: ContainsInstruction - 0.00954 (ms)
2026-07-11 14:39:40,877 [INFO] Pass: UnitarySynthesis - 0.00644 (ms)
2026-07-11 14:39:40,877 [INFO] Pass: HighLevelSynthesis - 0.00739 (ms)
2026-07-11 14:39:40,877 [INFO] Pass: BasisTranslator - 0.05102 (ms)
2026-07-11 14:39:40,877 [INFO] Pass: ElidePermutations - 0.00334 (ms)
2026-07-11 14:39:40,877 [INFO] Pass: RemoveDiagonalGatesBeforeMeasure - 0.00620 (ms)
2026-07-11 14:39:40,877 [INFO] Pass: RemoveIdentityEquivalent - 0.00644 (ms)
2026-07-11 14:39:40,877 [INFO] Pass: InverseCancellation - 0.02146 (ms)
2026-07-11 14:39:40,877 [INFO] Pass: ContractIdleWiresInControlFlow - 0.00215 (ms)
2026-07-11 14:39:40,877 [INFO] Pass: CommutativeCancellation - 0.05984 (ms)
2026-07-11 14:39:40,877 [INFO] Pass: ConsolidateBlocks - 0.04077 (ms)
2026-07-11 14:39:40,877 [INFO] Pass: Split2QUnitaries - 0.00238 (ms)
2026-07-11 14:39:40,877 [INFO] Pass: UnitarySynthesis - 0.00548 (ms)
2026-07-11 14:39:40,877 [INFO] Pass: HighLevelSynthesis - 0.02432 (ms)
2026-07-11 14:39:40,877 [INFO] Pass: BasisTranslator - 0.06437 (ms)
2026-07-11 14:39:40,877 [INFO] Pass: ConsolidateBlocks - 0.05746 (ms)
2026-07-11 14:39:40,877 [INFO] Pass: UnitarySynthesis - 0.00525 (ms)
2026-07-11 14:39:40,877 [INFO] Pass: Depth - 0.02170 (ms)
2026-07-11 14:39:40,877 [INFO] Pass: FixedPoint - 0.00405 (ms)
2026-07-11 14:39:40,877 [INFO] Pass: Size - 0.00262 (ms)
2026-07-11 14:39:40,877 [INFO] Pass: FixedPoint - 0.00286 (ms)
2026-07-11 14:39:40,877 [INFO] Pass: RemoveIdentityEquivalent - 0.00501 (ms)
2026-07-11 14:39:40,878 [INFO] Pass: Optimize1qGatesDecomposition - 0.16117 (ms)
2026-07-11 14:39:40,878 [INFO] Pass: CommutativeCancellation - 0.07176 (ms)
2026-07-11 14:39:40,878 [INFO] Pass: ContractIdleWiresInControlFlow - 0.00215 (ms)
2026-07-11 14:39:40,878 [INFO] Pass: GatesInBasis - 0.01955 (ms)
2026-07-11 14:39:40,878 [INFO] Pass: Depth - 0.01955 (ms)
2026-07-11 14:39:40,878 [INFO] Pass: FixedPoint - 0.00381 (ms)
2026-07-11 14:39:40,878 [INFO] Pass: Size - 0.00191 (ms)
2026-07-11 14:39:40,878 [INFO] Pass: FixedPoint - 0.00310 (ms)
2026-07-11 14:39:40,878 [INFO] Pass: RemoveIdentityEquivalent - 0.00429 (ms)
2026-07-11 14:39:40,878 [INFO] Pass: Optimize1qGatesDecomposition - 0.13852 (ms)
2026-07-11 14:39:40,878 [INFO] Pass: CommutativeCancellation - 0.06676 (ms)
2026-07-11 14:39:40,878 [INFO] Pass: ContractIdleWiresInControlFlow - 0.00191 (ms)
2026-07-11 14:39:40,878 [INFO] Pass: GatesInBasis - 0.02432 (ms)
2026-07-11 14:39:40,878 [INFO] Pass: Depth - 0.01693 (ms)
2026-07-11 14:39:40,878 [INFO] Pass: FixedPoint - 0.00334 (ms)
2026-07-11 14:39:40,878 [INFO] Pass: Size - 0.00167 (ms)
2026-07-11 14:39:40,878 [INFO] Pass: FixedPoint - 0.00238 (ms)
2026-07-11 14:39:40,878 [INFO] Pass: ContainsInstruction - 0.00548 (ms)
2026-07-11 14:39:40,879 [INFO] Total Transpile Time - 89.16545 (ms)
2026-07-11 14:56:22,317 [INFO] [PCE] n=150 instancia 53/100 completada en 0:00:16:42 — transcurrido=0:17:39:24 restante_estimado=0:15:39:28
2026-07-11 14:56:22,419 [INFO] Pass: ContainsInstruction - 0.01097 (ms)
2026-07-11 14:56:22,419 [INFO] Pass: UnitarySynthesis - 0.00691 (ms)
2026-07-11 14:56:22,419 [INFO] Pass: HighLevelSynthesis - 0.00858 (ms)
2026-07-11 14:56:22,420 [INFO] Pass: BasisTranslator - 0.05698 (ms)
2026-07-11 14:56:22,420 [INFO] Pass: ElidePermutations - 0.00453 (ms)
2026-07-11 14:56:22,420 [INFO] Pass: RemoveDiagonalGatesBeforeMeasure - 0.00858 (ms)
2026-07-11 14:56:22,420 [INFO] Pass: RemoveIdentityEquivalent - 0.00334 (ms)
2026-07-11 14:56:22,420 [INFO] Pass: InverseCancellation - 0.00525 (ms)
2026-07-11 14:56:22,420 [INFO] Pass: ContractIdleWiresInControlFlow - 0.00238 (ms)
2026-07-11 14:56:22,420 [INFO] Pass: CommutativeCancellation - 0.05388 (ms)
2026-07-11 14:56:22,420 [INFO] Pass: ConsolidateBlocks - 0.04292 (ms)
2026-07-11 14:56:22,420 [INFO] Pass: Split2QUnitaries - 0.00286 (ms)
2026-07-11 14:56:22,420 [INFO] Pass: UnitarySynthesis - 0.00501 (ms)
2026-07-11 14:56:22,420 [INFO] Pass: HighLevelSynthesis - 0.02193 (ms)
2026-07-11 14:56:22,420 [INFO] Pass: BasisTranslator - 0.06342 (ms)
2026-07-11 14:56:22,420 [INFO] Pass: ConsolidateBlocks - 0.04745 (ms)
2026-07-11 14:56:22,420 [INFO] Pass: UnitarySynthesis - 0.00453 (ms)
2026-07-11 14:56:22,420 [INFO] Pass: Depth - 0.01979 (ms)
2026-07-11 14:56:22,420 [INFO] Pass: FixedPoint - 0.00429 (ms)
2026-07-11 14:56:22,420 [INFO] Pass: Size - 0.00930 (ms)
2026-07-11 14:56:22,420 [INFO] Pass: FixedPoint - 0.00286 (ms)
2026-07-11 14:56:22,420 [INFO] Pass: RemoveIdentityEquivalent - 0.00262 (ms)
2026-07-11 14:56:22,420 [INFO] Pass: Optimize1qGatesDecomposition - 0.03242 (ms)
2026-07-11 14:56:22,420 [INFO] Pass: CommutativeCancellation - 0.07224 (ms)
2026-07-11 14:56:22,420 [INFO] Pass: ContractIdleWiresInControlFlow - 0.00191 (ms)
2026-07-11 14:56:22,421 [INFO] Pass: GatesInBasis - 0.01907 (ms)
2026-07-11 14:56:22,421 [INFO] Pass: Depth - 0.01717 (ms)
2026-07-11 14:56:22,421 [INFO] Pass: FixedPoint - 0.00358 (ms)
2026-07-11 14:56:22,421 [INFO] Pass: Size - 0.00215 (ms)
2026-07-11 14:56:22,421 [INFO] Pass: FixedPoint - 0.00262 (ms)
2026-07-11 14:56:22,421 [INFO] Pass: ContainsInstruction - 0.00453 (ms)
2026-07-11 14:56:22,421 [INFO] Total Transpile Time - 88.20605 (ms)
2026-07-11 14:56:22,507 [INFO] Pass: ContainsInstruction - 0.00882 (ms)
2026-07-11 14:56:22,507 [INFO] Pass: UnitarySynthesis - 0.00572 (ms)
2026-07-11 14:56:22,507 [INFO] Pass: HighLevelSynthesis - 0.00763 (ms)
2026-07-11 14:56:22,507 [INFO] Pass: BasisTranslator - 0.05102 (ms)
2026-07-11 14:56:22,507 [INFO] Pass: ElidePermutations - 0.00334 (ms)
2026-07-11 14:56:22,507 [INFO] Pass: RemoveDiagonalGatesBeforeMeasure - 0.00644 (ms)
2026-07-11 14:56:22,507 [INFO] Pass: RemoveIdentityEquivalent - 0.00501 (ms)
2026-07-11 14:56:22,507 [INFO] Pass: InverseCancellation - 0.02956 (ms)
2026-07-11 14:56:22,507 [INFO] Pass: ContractIdleWiresInControlFlow - 0.00238 (ms)
2026-07-11 14:56:22,507 [INFO] Pass: CommutativeCancellation - 0.05841 (ms)
2026-07-11 14:56:22,507 [INFO] Pass: ConsolidateBlocks - 0.04029 (ms)
2026-07-11 14:56:22,507 [INFO] Pass: Split2QUnitaries - 0.00215 (ms)
2026-07-11 14:56:22,508 [INFO] Pass: UnitarySynthesis - 0.00477 (ms)
2026-07-11 14:56:22,508 [INFO] Pass: HighLevelSynthesis - 0.02241 (ms)
2026-07-11 14:56:22,508 [INFO] Pass: BasisTranslator - 0.06247 (ms)
2026-07-11 14:56:22,508 [INFO] Pass: ConsolidateBlocks - 0.04673 (ms)
2026-07-11 14:56:22,508 [INFO] Pass: UnitarySynthesis - 0.00453 (ms)
2026-07-11 14:56:22,508 [INFO] Pass: Depth - 0.01931 (ms)
2026-07-11 14:56:22,508 [INFO] Pass: FixedPoint - 0.00405 (ms)
2026-07-11 14:56:22,508 [INFO] Pass: Size - 0.00286 (ms)
2026-07-11 14:56:22,508 [INFO] Pass: FixedPoint - 0.00262 (ms)
2026-07-11 14:56:22,508 [INFO] Pass: RemoveIdentityEquivalent - 0.00405 (ms)
2026-07-11 14:56:22,508 [INFO] Pass: Optimize1qGatesDecomposition - 0.14997 (ms)
2026-07-11 14:56:22,508 [INFO] Pass: CommutativeCancellation - 0.08273 (ms)
2026-07-11 14:56:22,508 [INFO] Pass: ContractIdleWiresInControlFlow - 0.00191 (ms)
2026-07-11 14:56:22,508 [INFO] Pass: GatesInBasis - 0.01860 (ms)
2026-07-11 14:56:22,508 [INFO] Pass: Depth - 0.02027 (ms)
2026-07-11 14:56:22,508 [INFO] Pass: FixedPoint - 0.00405 (ms)
2026-07-11 14:56:22,508 [INFO] Pass: Size - 0.00262 (ms)
2026-07-11 14:56:22,508 [INFO] Pass: FixedPoint - 0.00286 (ms)
2026-07-11 14:56:22,508 [INFO] Pass: ContainsInstruction - 0.00548 (ms)
2026-07-11 14:56:22,509 [INFO] Total Transpile Time - 87.35681 (ms)
2026-07-11 14:56:22,594 [INFO] Pass: ContainsInstruction - 0.00954 (ms)
2026-07-11 14:56:22,594 [INFO] Pass: UnitarySynthesis - 0.00644 (ms)
2026-07-11 14:56:22,594 [INFO] Pass: HighLevelSynthesis - 0.00834 (ms)
2026-07-11 14:56:22,595 [INFO] Pass: BasisTranslator - 0.04888 (ms)
2026-07-11 14:56:22,595 [INFO] Pass: ElidePermutations - 0.00310 (ms)
2026-07-11 14:56:22,595 [INFO] Pass: RemoveDiagonalGatesBeforeMeasure - 0.00620 (ms)
2026-07-11 14:56:22,595 [INFO] Pass: RemoveIdentityEquivalent - 0.00525 (ms)
2026-07-11 14:56:22,595 [INFO] Pass: InverseCancellation - 0.02122 (ms)
2026-07-11 14:56:22,595 [INFO] Pass: ContractIdleWiresInControlFlow - 0.00191 (ms)
2026-07-11 14:56:22,595 [INFO] Pass: CommutativeCancellation - 0.05841 (ms)
2026-07-11 14:56:22,595 [INFO] Pass: ConsolidateBlocks - 0.04196 (ms)
2026-07-11 14:56:22,595 [INFO] Pass: Split2QUnitaries - 0.00215 (ms)
2026-07-11 14:56:22,595 [INFO] Pass: UnitarySynthesis - 0.00548 (ms)
2026-07-11 14:56:22,595 [INFO] Pass: HighLevelSynthesis - 0.02432 (ms)
2026-07-11 14:56:22,595 [INFO] Pass: BasisTranslator - 0.06342 (ms)
2026-07-11 14:56:22,595 [INFO] Pass: ConsolidateBlocks - 0.04840 (ms)
2026-07-11 14:56:22,595 [INFO] Pass: UnitarySynthesis - 0.00501 (ms)
2026-07-11 14:56:22,595 [INFO] Pass: Depth - 0.02122 (ms)
2026-07-11 14:56:22,595 [INFO] Pass: FixedPoint - 0.00429 (ms)
2026-07-11 14:56:22,595 [INFO] Pass: Size - 0.01001 (ms)
2026-07-11 14:56:22,595 [INFO] Pass: FixedPoint - 0.00286 (ms)
2026-07-11 14:56:22,595 [INFO] Pass: RemoveIdentityEquivalent - 0.00501 (ms)
2026-07-11 14:56:22,595 [INFO] Pass: Optimize1qGatesDecomposition - 0.15855 (ms)
2026-07-11 14:56:22,596 [INFO] Pass: CommutativeCancellation - 0.07176 (ms)
2026-07-11 14:56:22,596 [INFO] Pass: ContractIdleWiresInControlFlow - 0.00215 (ms)
2026-07-11 14:56:22,596 [INFO] Pass: GatesInBasis - 0.01907 (ms)
2026-07-11 14:56:22,596 [INFO] Pass: Depth - 0.02003 (ms)
2026-07-11 14:56:22,596 [INFO] Pass: FixedPoint - 0.00381 (ms)
2026-07-11 14:56:22,596 [INFO] Pass: Size - 0.00191 (ms)
2026-07-11 14:56:22,596 [INFO] Pass: FixedPoint - 0.00238 (ms)
2026-07-11 14:56:22,596 [INFO] Pass: RemoveIdentityEquivalent - 0.00453 (ms)
2026-07-11 14:56:22,596 [INFO] Pass: Optimize1qGatesDecomposition - 0.13471 (ms)
2026-07-11 14:56:22,596 [INFO] Pass: CommutativeCancellation - 0.06676 (ms)
2026-07-11 14:56:22,596 [INFO] Pass: ContractIdleWiresInControlFlow - 0.00191 (ms)
2026-07-11 14:56:22,596 [INFO] Pass: GatesInBasis - 0.01764 (ms)
2026-07-11 14:56:22,596 [INFO] Pass: Depth - 0.01884 (ms)
2026-07-11 14:56:22,596 [INFO] Pass: FixedPoint - 0.00334 (ms)
2026-07-11 14:56:22,596 [INFO] Pass: Size - 0.00191 (ms)
2026-07-11 14:56:22,596 [INFO] Pass: FixedPoint - 0.00262 (ms)
2026-07-11 14:56:22,596 [INFO] Pass: ContainsInstruction - 0.00548 (ms)
2026-07-11 14:56:22,597 [INFO] Total Transpile Time - 87.54182 (ms)
2026-07-11 15:19:07,523 [INFO] [PCE] n=150 instancia 54/100 completada en 0:00:22:45 — transcurrido=0:18:02:09 restante_estimado=0:15:21:50
2026-07-11 15:19:07,625 [INFO] Pass: ContainsInstruction - 0.01097 (ms)
2026-07-11 15:19:07,625 [INFO] Pass: UnitarySynthesis - 0.00715 (ms)
2026-07-11 15:19:07,625 [INFO] Pass: HighLevelSynthesis - 0.00882 (ms)
2026-07-11 15:19:07,625 [INFO] Pass: BasisTranslator - 0.05722 (ms)
2026-07-11 15:19:07,625 [INFO] Pass: ElidePermutations - 0.00477 (ms)
2026-07-11 15:19:07,625 [INFO] Pass: RemoveDiagonalGatesBeforeMeasure - 0.00787 (ms)
2026-07-11 15:19:07,626 [INFO] Pass: RemoveIdentityEquivalent - 0.00358 (ms)
2026-07-11 15:19:07,626 [INFO] Pass: InverseCancellation - 0.00477 (ms)
2026-07-11 15:19:07,626 [INFO] Pass: ContractIdleWiresInControlFlow - 0.00191 (ms)
2026-07-11 15:19:07,626 [INFO] Pass: CommutativeCancellation - 0.05579 (ms)
2026-07-11 15:19:07,626 [INFO] Pass: ConsolidateBlocks - 0.04101 (ms)
2026-07-11 15:19:07,626 [INFO] Pass: Split2QUnitaries - 0.00310 (ms)
2026-07-11 15:19:07,626 [INFO] Pass: UnitarySynthesis - 0.00525 (ms)
2026-07-11 15:19:07,626 [INFO] Pass: HighLevelSynthesis - 0.02289 (ms)
2026-07-11 15:19:07,626 [INFO] Pass: BasisTranslator - 0.06318 (ms)
2026-07-11 15:19:07,626 [INFO] Pass: ConsolidateBlocks - 0.04673 (ms)
2026-07-11 15:19:07,626 [INFO] Pass: UnitarySynthesis - 0.00453 (ms)
2026-07-11 15:19:07,626 [INFO] Pass: Depth - 0.01884 (ms)
2026-07-11 15:19:07,626 [INFO] Pass: FixedPoint - 0.00453 (ms)
2026-07-11 15:19:07,626 [INFO] Pass: Size - 0.00310 (ms)
2026-07-11 15:19:07,626 [INFO] Pass: FixedPoint - 0.00262 (ms)
2026-07-11 15:19:07,626 [INFO] Pass: RemoveIdentityEquivalent - 0.00262 (ms)
2026-07-11 15:19:07,626 [INFO] Pass: Optimize1qGatesDecomposition - 0.03171 (ms)
2026-07-11 15:19:07,626 [INFO] Pass: CommutativeCancellation - 0.07939 (ms)
2026-07-11 15:19:07,626 [INFO] Pass: ContractIdleWiresInControlFlow - 0.00191 (ms)
2026-07-11 15:19:07,626 [INFO] Pass: GatesInBasis - 0.01931 (ms)
2026-07-11 15:19:07,626 [INFO] Pass: Depth - 0.01717 (ms)
2026-07-11 15:19:07,626 [INFO] Pass: FixedPoint - 0.00358 (ms)
2026-07-11 15:19:07,626 [INFO] Pass: Size - 0.00191 (ms)
2026-07-11 15:19:07,626 [INFO] Pass: FixedPoint - 0.00286 (ms)
2026-07-11 15:19:07,626 [INFO] Pass: ContainsInstruction - 0.00501 (ms)
2026-07-11 15:19:07,627 [INFO] Total Transpile Time - 88.25159 (ms)
2026-07-11 15:19:07,712 [INFO] Pass: ContainsInstruction - 0.01001 (ms)
2026-07-11 15:19:07,712 [INFO] Pass: UnitarySynthesis - 0.00620 (ms)
2026-07-11 15:19:07,712 [INFO] Pass: HighLevelSynthesis - 0.00715 (ms)
2026-07-11 15:19:07,712 [INFO] Pass: BasisTranslator - 0.05126 (ms)
2026-07-11 15:19:07,712 [INFO] Pass: ElidePermutations - 0.00429 (ms)
2026-07-11 15:19:07,712 [INFO] Pass: RemoveDiagonalGatesBeforeMeasure - 0.00715 (ms)
2026-07-11 15:19:07,712 [INFO] Pass: RemoveIdentityEquivalent - 0.00477 (ms)
2026-07-11 15:19:07,712 [INFO] Pass: InverseCancellation - 0.02170 (ms)
2026-07-11 15:19:07,712 [INFO] Pass: ContractIdleWiresInControlFlow - 0.00191 (ms)
2026-07-11 15:19:07,712 [INFO] Pass: CommutativeCancellation - 0.05984 (ms)
2026-07-11 15:19:07,712 [INFO] Pass: ConsolidateBlocks - 0.03982 (ms)
2026-07-11 15:19:07,712 [INFO] Pass: Split2QUnitaries - 0.00262 (ms)
2026-07-11 15:19:07,712 [INFO] Pass: UnitarySynthesis - 0.00548 (ms)
2026-07-11 15:19:07,712 [INFO] Pass: HighLevelSynthesis - 0.02289 (ms)
2026-07-11 15:19:07,713 [INFO] Pass: BasisTranslator - 0.06318 (ms)
2026-07-11 15:19:07,713 [INFO] Pass: ConsolidateBlocks - 0.04601 (ms)
2026-07-11 15:19:07,713 [INFO] Pass: UnitarySynthesis - 0.00453 (ms)
2026-07-11 15:19:07,713 [INFO] Pass: Depth - 0.01931 (ms)
2026-07-11 15:19:07,713 [INFO] Pass: FixedPoint - 0.00453 (ms)
2026-07-11 15:19:07,713 [INFO] Pass: Size - 0.00310 (ms)
2026-07-11 15:19:07,713 [INFO] Pass: FixedPoint - 0.00286 (ms)
2026-07-11 15:19:07,713 [INFO] Pass: RemoveIdentityEquivalent - 0.00429 (ms)
2026-07-11 15:19:07,713 [INFO] Pass: Optimize1qGatesDecomposition - 0.14567 (ms)
2026-07-11 15:19:07,713 [INFO] Pass: CommutativeCancellation - 0.08011 (ms)
2026-07-11 15:19:07,713 [INFO] Pass: ContractIdleWiresInControlFlow - 0.00191 (ms)
2026-07-11 15:19:07,713 [INFO] Pass: GatesInBasis - 0.01907 (ms)
2026-07-11 15:19:07,713 [INFO] Pass: Depth - 0.01812 (ms)
2026-07-11 15:19:07,713 [INFO] Pass: FixedPoint - 0.00358 (ms)
2026-07-11 15:19:07,713 [INFO] Pass: Size - 0.00238 (ms)
2026-07-11 15:19:07,713 [INFO] Pass: FixedPoint - 0.00262 (ms)
2026-07-11 15:19:07,713 [INFO] Pass: ContainsInstruction - 0.00548 (ms)
2026-07-11 15:19:07,714 [INFO] Total Transpile Time - 86.39264 (ms)
2026-07-11 15:19:07,799 [INFO] Pass: ContainsInstruction - 0.00954 (ms)
2026-07-11 15:19:07,799 [INFO] Pass: UnitarySynthesis - 0.00644 (ms)
2026-07-11 15:19:07,799 [INFO] Pass: HighLevelSynthesis - 0.00763 (ms)
2026-07-11 15:19:07,799 [INFO] Pass: BasisTranslator - 0.04935 (ms)
2026-07-11 15:19:07,799 [INFO] Pass: ElidePermutations - 0.00286 (ms)
2026-07-11 15:19:07,799 [INFO] Pass: RemoveDiagonalGatesBeforeMeasure - 0.00668 (ms)
2026-07-11 15:19:07,799 [INFO] Pass: RemoveIdentityEquivalent - 0.00525 (ms)
2026-07-11 15:19:07,799 [INFO] Pass: InverseCancellation - 0.02146 (ms)
2026-07-11 15:19:07,799 [INFO] Pass: ContractIdleWiresInControlFlow - 0.00167 (ms)
2026-07-11 15:19:07,799 [INFO] Pass: CommutativeCancellation - 0.05674 (ms)
2026-07-11 15:19:07,799 [INFO] Pass: ConsolidateBlocks - 0.03862 (ms)
2026-07-11 15:19:07,799 [INFO] Pass: Split2QUnitaries - 0.00215 (ms)
2026-07-11 15:19:07,799 [INFO] Pass: UnitarySynthesis - 0.00501 (ms)
2026-07-11 15:19:07,799 [INFO] Pass: HighLevelSynthesis - 0.02432 (ms)
2026-07-11 15:19:07,799 [INFO] Pass: BasisTranslator - 0.06294 (ms)
2026-07-11 15:19:07,799 [INFO] Pass: ConsolidateBlocks - 0.04697 (ms)
2026-07-11 15:19:07,799 [INFO] Pass: UnitarySynthesis - 0.00477 (ms)
2026-07-11 15:19:07,799 [INFO] Pass: Depth - 0.02098 (ms)
2026-07-11 15:19:07,800 [INFO] Pass: FixedPoint - 0.00405 (ms)
2026-07-11 15:19:07,800 [INFO] Pass: Size - 0.00262 (ms)
2026-07-11 15:19:07,800 [INFO] Pass: FixedPoint - 0.00238 (ms)
2026-07-11 15:19:07,800 [INFO] Pass: RemoveIdentityEquivalent - 0.00477 (ms)
2026-07-11 15:19:07,800 [INFO] Pass: Optimize1qGatesDecomposition - 0.15163 (ms)
2026-07-11 15:19:07,800 [INFO] Pass: CommutativeCancellation - 0.07129 (ms)
2026-07-11 15:19:07,800 [INFO] Pass: ContractIdleWiresInControlFlow - 0.00191 (ms)
2026-07-11 15:19:07,800 [INFO] Pass: GatesInBasis - 0.01907 (ms)
2026-07-11 15:19:07,800 [INFO] Pass: Depth - 0.01836 (ms)
2026-07-11 15:19:07,800 [INFO] Pass: FixedPoint - 0.00358 (ms)
2026-07-11 15:19:07,800 [INFO] Pass: Size - 0.00191 (ms)
2026-07-11 15:19:07,800 [INFO] Pass: FixedPoint - 0.00310 (ms)
2026-07-11 15:19:07,800 [INFO] Pass: RemoveIdentityEquivalent - 0.00429 (ms)
2026-07-11 15:19:07,800 [INFO] Pass: Optimize1qGatesDecomposition - 0.13494 (ms)
2026-07-11 15:19:07,800 [INFO] Pass: CommutativeCancellation - 0.07176 (ms)
2026-07-11 15:19:07,800 [INFO] Pass: ContractIdleWiresInControlFlow - 0.00167 (ms)
2026-07-11 15:19:07,800 [INFO] Pass: GatesInBasis - 0.01788 (ms)
2026-07-11 15:19:07,800 [INFO] Pass: Depth - 0.01740 (ms)
2026-07-11 15:19:07,800 [INFO] Pass: FixedPoint - 0.00334 (ms)
2026-07-11 15:19:07,800 [INFO] Pass: Size - 0.00215 (ms)
2026-07-11 15:19:07,800 [INFO] Pass: FixedPoint - 0.00286 (ms)
2026-07-11 15:19:07,801 [INFO] Pass: ContainsInstruction - 0.00501 (ms)
2026-07-11 15:19:07,801 [INFO] Total Transpile Time - 86.91645 (ms)
2026-07-11 15:34:38,295 [INFO] [PCE] n=150 instancia 55/100 completada en 0:00:15:31 — transcurrido=0:18:17:40 restante_estimado=0:14:58:05
2026-07-11 15:34:38,402 [INFO] Pass: ContainsInstruction - 0.01192 (ms)
2026-07-11 15:34:38,402 [INFO] Pass: UnitarySynthesis - 0.00691 (ms)
2026-07-11 15:34:38,402 [INFO] Pass: HighLevelSynthesis - 0.00834 (ms)
2026-07-11 15:34:38,402 [INFO] Pass: BasisTranslator - 0.05817 (ms)
2026-07-11 15:34:38,402 [INFO] Pass: ElidePermutations - 0.00453 (ms)
2026-07-11 15:34:38,402 [INFO] Pass: RemoveDiagonalGatesBeforeMeasure - 0.00834 (ms)
2026-07-11 15:34:38,402 [INFO] Pass: RemoveIdentityEquivalent - 0.00334 (ms)
2026-07-11 15:34:38,402 [INFO] Pass: InverseCancellation - 0.00429 (ms)
2026-07-11 15:34:38,402 [INFO] Pass: ContractIdleWiresInControlFlow - 0.00215 (ms)
2026-07-11 15:34:38,402 [INFO] Pass: CommutativeCancellation - 0.05126 (ms)
2026-07-11 15:34:38,402 [INFO] Pass: ConsolidateBlocks - 0.04292 (ms)
2026-07-11 15:34:38,402 [INFO] Pass: Split2QUnitaries - 0.00310 (ms)
2026-07-11 15:34:38,402 [INFO] Pass: UnitarySynthesis - 0.00501 (ms)
2026-07-11 15:34:38,402 [INFO] Pass: HighLevelSynthesis - 0.02289 (ms)
2026-07-11 15:34:38,402 [INFO] Pass: BasisTranslator - 0.06151 (ms)
2026-07-11 15:34:38,402 [INFO] Pass: ConsolidateBlocks - 0.05388 (ms)
2026-07-11 15:34:38,402 [INFO] Pass: UnitarySynthesis - 0.00429 (ms)
2026-07-11 15:34:38,402 [INFO] Pass: Depth - 0.02193 (ms)
2026-07-11 15:34:38,402 [INFO] Pass: FixedPoint - 0.00501 (ms)
2026-07-11 15:34:38,402 [INFO] Pass: Size - 0.00358 (ms)
2026-07-11 15:34:38,402 [INFO] Pass: FixedPoint - 0.00286 (ms)
2026-07-11 15:34:38,402 [INFO] Pass: RemoveIdentityEquivalent - 0.00286 (ms)
2026-07-11 15:34:38,403 [INFO] Pass: Optimize1qGatesDecomposition - 0.03171 (ms)
2026-07-11 15:34:38,403 [INFO] Pass: CommutativeCancellation - 0.07010 (ms)
2026-07-11 15:34:38,403 [INFO] Pass: ContractIdleWiresInControlFlow - 0.00215 (ms)
2026-07-11 15:34:38,403 [INFO] Pass: GatesInBasis - 0.01955 (ms)
2026-07-11 15:34:38,403 [INFO] Pass: Depth - 0.01597 (ms)
2026-07-11 15:34:38,403 [INFO] Pass: FixedPoint - 0.00334 (ms)
2026-07-11 15:34:38,403 [INFO] Pass: Size - 0.00215 (ms)
2026-07-11 15:34:38,403 [INFO] Pass: FixedPoint - 0.00310 (ms)
2026-07-11 15:34:38,403 [INFO] Pass: ContainsInstruction - 0.00525 (ms)
2026-07-11 15:34:38,403 [INFO] Total Transpile Time - 91.13002 (ms)
2026-07-11 15:34:38,491 [INFO] Pass: ContainsInstruction - 0.00930 (ms)
2026-07-11 15:34:38,491 [INFO] Pass: UnitarySynthesis - 0.00644 (ms)
2026-07-11 15:34:38,491 [INFO] Pass: HighLevelSynthesis - 0.00715 (ms)
2026-07-11 15:34:38,491 [INFO] Pass: BasisTranslator - 0.05293 (ms)
2026-07-11 15:34:38,491 [INFO] Pass: ElidePermutations - 0.00334 (ms)
2026-07-11 15:34:38,491 [INFO] Pass: RemoveDiagonalGatesBeforeMeasure - 0.00668 (ms)
2026-07-11 15:34:38,491 [INFO] Pass: RemoveIdentityEquivalent - 0.00453 (ms)
2026-07-11 15:34:38,491 [INFO] Pass: InverseCancellation - 0.02193 (ms)
2026-07-11 15:34:38,491 [INFO] Pass: ContractIdleWiresInControlFlow - 0.00215 (ms)
2026-07-11 15:34:38,492 [INFO] Pass: CommutativeCancellation - 0.05817 (ms)
2026-07-11 15:34:38,492 [INFO] Pass: ConsolidateBlocks - 0.03982 (ms)
2026-07-11 15:34:38,492 [INFO] Pass: Split2QUnitaries - 0.00262 (ms)
2026-07-11 15:34:38,492 [INFO] Pass: UnitarySynthesis - 0.00501 (ms)
2026-07-11 15:34:38,492 [INFO] Pass: HighLevelSynthesis - 0.02360 (ms)
2026-07-11 15:34:38,492 [INFO] Pass: BasisTranslator - 0.06747 (ms)
2026-07-11 15:34:38,492 [INFO] Pass: ConsolidateBlocks - 0.04959 (ms)
2026-07-11 15:34:38,492 [INFO] Pass: UnitarySynthesis - 0.00429 (ms)
2026-07-11 15:34:38,492 [INFO] Pass: Depth - 0.01931 (ms)
2026-07-11 15:34:38,492 [INFO] Pass: FixedPoint - 0.00405 (ms)
2026-07-11 15:34:38,492 [INFO] Pass: Size - 0.00286 (ms)
2026-07-11 15:34:38,492 [INFO] Pass: FixedPoint - 0.00262 (ms)
2026-07-11 15:34:38,492 [INFO] Pass: RemoveIdentityEquivalent - 0.00405 (ms)
2026-07-11 15:34:38,492 [INFO] Pass: Optimize1qGatesDecomposition - 0.15068 (ms)
2026-07-11 15:34:38,492 [INFO] Pass: CommutativeCancellation - 0.07868 (ms)
2026-07-11 15:34:38,492 [INFO] Pass: ContractIdleWiresInControlFlow - 0.00191 (ms)
2026-07-11 15:34:38,492 [INFO] Pass: GatesInBasis - 0.01836 (ms)
2026-07-11 15:34:38,492 [INFO] Pass: Depth - 0.01884 (ms)
2026-07-11 15:34:38,492 [INFO] Pass: FixedPoint - 0.00358 (ms)
2026-07-11 15:34:38,493 [INFO] Pass: Size - 0.00215 (ms)
2026-07-11 15:34:38,493 [INFO] Pass: FixedPoint - 0.00286 (ms)
2026-07-11 15:34:38,493 [INFO] Pass: ContainsInstruction - 0.00501 (ms)
2026-07-11 15:34:38,493 [INFO] Total Transpile Time - 89.39314 (ms)
2026-07-11 15:34:38,581 [INFO] Pass: ContainsInstruction - 0.00930 (ms)
2026-07-11 15:34:38,581 [INFO] Pass: UnitarySynthesis - 0.00620 (ms)
2026-07-11 15:34:38,581 [INFO] Pass: HighLevelSynthesis - 0.00691 (ms)
2026-07-11 15:34:38,582 [INFO] Pass: BasisTranslator - 0.05102 (ms)
2026-07-11 15:34:38,582 [INFO] Pass: ElidePermutations - 0.00310 (ms)
2026-07-11 15:34:38,582 [INFO] Pass: RemoveDiagonalGatesBeforeMeasure - 0.00620 (ms)
2026-07-11 15:34:38,582 [INFO] Pass: RemoveIdentityEquivalent - 0.00548 (ms)
2026-07-11 15:34:38,582 [INFO] Pass: InverseCancellation - 0.02074 (ms)
2026-07-11 15:34:38,582 [INFO] Pass: ContractIdleWiresInControlFlow - 0.00191 (ms)
2026-07-11 15:34:38,582 [INFO] Pass: CommutativeCancellation - 0.05794 (ms)
2026-07-11 15:34:38,582 [INFO] Pass: ConsolidateBlocks - 0.03767 (ms)
2026-07-11 15:34:38,582 [INFO] Pass: Split2QUnitaries - 0.00215 (ms)
2026-07-11 15:34:38,582 [INFO] Pass: UnitarySynthesis - 0.00501 (ms)
2026-07-11 15:34:38,582 [INFO] Pass: HighLevelSynthesis - 0.02623 (ms)
2026-07-11 15:34:38,582 [INFO] Pass: BasisTranslator - 0.06604 (ms)
2026-07-11 15:34:38,582 [INFO] Pass: ConsolidateBlocks - 0.04983 (ms)
2026-07-11 15:34:38,582 [INFO] Pass: UnitarySynthesis - 0.00477 (ms)
2026-07-11 15:34:38,582 [INFO] Pass: Depth - 0.02003 (ms)
2026-07-11 15:34:38,582 [INFO] Pass: FixedPoint - 0.00405 (ms)
2026-07-11 15:34:38,582 [INFO] Pass: Size - 0.00286 (ms)
2026-07-11 15:34:38,582 [INFO] Pass: FixedPoint - 0.00286 (ms)
2026-07-11 15:34:38,582 [INFO] Pass: RemoveIdentityEquivalent - 0.00477 (ms)
2026-07-11 15:34:38,582 [INFO] Pass: Optimize1qGatesDecomposition - 0.16546 (ms)
2026-07-11 15:34:38,583 [INFO] Pass: CommutativeCancellation - 0.07582 (ms)
2026-07-11 15:34:38,583 [INFO] Pass: ContractIdleWiresInControlFlow - 0.00215 (ms)
2026-07-11 15:34:38,583 [INFO] Pass: GatesInBasis - 0.01907 (ms)
2026-07-11 15:34:38,583 [INFO] Pass: Depth - 0.01955 (ms)
2026-07-11 15:34:38,583 [INFO] Pass: FixedPoint - 0.00358 (ms)
2026-07-11 15:34:38,583 [INFO] Pass: Size - 0.00191 (ms)
2026-07-11 15:34:38,583 [INFO] Pass: FixedPoint - 0.00310 (ms)
2026-07-11 15:34:38,583 [INFO] Pass: RemoveIdentityEquivalent - 0.00477 (ms)
2026-07-11 15:34:38,583 [INFO] Pass: Optimize1qGatesDecomposition - 0.13757 (ms)
2026-07-11 15:34:38,583 [INFO] Pass: CommutativeCancellation - 0.07057 (ms)
2026-07-11 15:34:38,583 [INFO] Pass: ContractIdleWiresInControlFlow - 0.00167 (ms)
2026-07-11 15:34:38,583 [INFO] Pass: GatesInBasis - 0.01764 (ms)
2026-07-11 15:34:38,583 [INFO] Pass: Depth - 0.01693 (ms)
2026-07-11 15:34:38,583 [INFO] Pass: FixedPoint - 0.00310 (ms)
2026-07-11 15:34:38,583 [INFO] Pass: Size - 0.00167 (ms)
2026-07-11 15:34:38,583 [INFO] Pass: FixedPoint - 0.00286 (ms)
2026-07-11 15:34:38,583 [INFO] Pass: ContainsInstruction - 0.00572 (ms)
2026-07-11 15:34:38,583 [INFO] Total Transpile Time - 90.33823 (ms)
2026-07-11 15:54:27,234 [INFO] [PCE] n=150 instancia 56/100 completada en 0:00:19:49 — transcurrido=0:18:37:29 restante_estimado=0:14:38:01
2026-07-11 15:54:27,339 [INFO] Pass: ContainsInstruction - 0.01121 (ms)
2026-07-11 15:54:27,339 [INFO] Pass: UnitarySynthesis - 0.00715 (ms)
2026-07-11 15:54:27,339 [INFO] Pass: HighLevelSynthesis - 0.00882 (ms)
2026-07-11 15:54:27,340 [INFO] Pass: BasisTranslator - 0.05960 (ms)
2026-07-11 15:54:27,340 [INFO] Pass: ElidePermutations - 0.00501 (ms)
2026-07-11 15:54:27,340 [INFO] Pass: RemoveDiagonalGatesBeforeMeasure - 0.00834 (ms)
2026-07-11 15:54:27,340 [INFO] Pass: RemoveIdentityEquivalent - 0.00334 (ms)
2026-07-11 15:54:27,340 [INFO] Pass: InverseCancellation - 0.00453 (ms)
2026-07-11 15:54:27,340 [INFO] Pass: ContractIdleWiresInControlFlow - 0.00191 (ms)
2026-07-11 15:54:27,340 [INFO] Pass: CommutativeCancellation - 0.05507 (ms)
2026-07-11 15:54:27,340 [INFO] Pass: ConsolidateBlocks - 0.04196 (ms)
2026-07-11 15:54:27,340 [INFO] Pass: Split2QUnitaries - 0.00262 (ms)
2026-07-11 15:54:27,340 [INFO] Pass: UnitarySynthesis - 0.00477 (ms)
2026-07-11 15:54:27,340 [INFO] Pass: HighLevelSynthesis - 0.02384 (ms)
2026-07-11 15:54:27,340 [INFO] Pass: BasisTranslator - 0.06557 (ms)
2026-07-11 15:54:27,340 [INFO] Pass: ConsolidateBlocks - 0.04983 (ms)
2026-07-11 15:54:27,340 [INFO] Pass: UnitarySynthesis - 0.00453 (ms)
2026-07-11 15:54:27,340 [INFO] Pass: Depth - 0.02074 (ms)
2026-07-11 15:54:27,340 [INFO] Pass: FixedPoint - 0.00501 (ms)
2026-07-11 15:54:27,340 [INFO] Pass: Size - 0.00310 (ms)
2026-07-11 15:54:27,340 [INFO] Pass: FixedPoint - 0.00286 (ms)
2026-07-11 15:54:27,340 [INFO] Pass: RemoveIdentityEquivalent - 0.00286 (ms)
2026-07-11 15:54:27,340 [INFO] Pass: Optimize1qGatesDecomposition - 0.03314 (ms)
2026-07-11 15:54:27,340 [INFO] Pass: CommutativeCancellation - 0.07367 (ms)
2026-07-11 15:54:27,340 [INFO] Pass: ContractIdleWiresInControlFlow - 0.00167 (ms)
2026-07-11 15:54:27,341 [INFO] Pass: GatesInBasis - 0.01979 (ms)
2026-07-11 15:54:27,341 [INFO] Pass: Depth - 0.01860 (ms)
2026-07-11 15:54:27,341 [INFO] Pass: FixedPoint - 0.00334 (ms)
2026-07-11 15:54:27,341 [INFO] Pass: Size - 0.00215 (ms)
2026-07-11 15:54:27,341 [INFO] Pass: FixedPoint - 0.00286 (ms)
2026-07-11 15:54:27,341 [INFO] Pass: ContainsInstruction - 0.00501 (ms)
2026-07-11 15:54:27,341 [INFO] Total Transpile Time - 91.11404 (ms)
2026-07-11 15:54:27,429 [INFO] Pass: ContainsInstruction - 0.00930 (ms)
2026-07-11 15:54:27,429 [INFO] Pass: UnitarySynthesis - 0.00644 (ms)
2026-07-11 15:54:27,429 [INFO] Pass: HighLevelSynthesis - 0.00715 (ms)
2026-07-11 15:54:27,429 [INFO] Pass: BasisTranslator - 0.05507 (ms)
2026-07-11 15:54:27,429 [INFO] Pass: ElidePermutations - 0.00381 (ms)
2026-07-11 15:54:27,430 [INFO] Pass: RemoveDiagonalGatesBeforeMeasure - 0.00691 (ms)
2026-07-11 15:54:27,430 [INFO] Pass: RemoveIdentityEquivalent - 0.00453 (ms)
2026-07-11 15:54:27,430 [INFO] Pass: InverseCancellation - 0.02217 (ms)
2026-07-11 15:54:27,430 [INFO] Pass: ContractIdleWiresInControlFlow - 0.00191 (ms)
2026-07-11 15:54:27,430 [INFO] Pass: CommutativeCancellation - 0.06175 (ms)
2026-07-11 15:54:27,430 [INFO] Pass: ConsolidateBlocks - 0.03862 (ms)
2026-07-11 15:54:27,430 [INFO] Pass: Split2QUnitaries - 0.00262 (ms)
2026-07-11 15:54:27,430 [INFO] Pass: UnitarySynthesis - 0.00525 (ms)
2026-07-11 15:54:27,430 [INFO] Pass: HighLevelSynthesis - 0.02313 (ms)
2026-07-11 15:54:27,430 [INFO] Pass: BasisTranslator - 0.06437 (ms)
2026-07-11 15:54:27,430 [INFO] Pass: ConsolidateBlocks - 0.04935 (ms)
2026-07-11 15:54:27,430 [INFO] Pass: UnitarySynthesis - 0.00477 (ms)
2026-07-11 15:54:27,430 [INFO] Pass: Depth - 0.01979 (ms)
2026-07-11 15:54:27,430 [INFO] Pass: FixedPoint - 0.00477 (ms)
2026-07-11 15:54:27,430 [INFO] Pass: Size - 0.00286 (ms)
2026-07-11 15:54:27,430 [INFO] Pass: FixedPoint - 0.00286 (ms)
2026-07-11 15:54:27,430 [INFO] Pass: RemoveIdentityEquivalent - 0.00405 (ms)
2026-07-11 15:54:27,430 [INFO] Pass: Optimize1qGatesDecomposition - 0.15616 (ms)
2026-07-11 15:54:27,430 [INFO] Pass: CommutativeCancellation - 0.08082 (ms)
2026-07-11 15:54:27,431 [INFO] Pass: ContractIdleWiresInControlFlow - 0.00215 (ms)
2026-07-11 15:54:27,431 [INFO] Pass: GatesInBasis - 0.01931 (ms)
2026-07-11 15:54:27,431 [INFO] Pass: Depth - 0.01836 (ms)
2026-07-11 15:54:27,431 [INFO] Pass: FixedPoint - 0.00358 (ms)
2026-07-11 15:54:27,431 [INFO] Pass: Size - 0.00191 (ms)
2026-07-11 15:54:27,431 [INFO] Pass: FixedPoint - 0.00310 (ms)
2026-07-11 15:54:27,431 [INFO] Pass: ContainsInstruction - 0.00548 (ms)
2026-07-11 15:54:27,431 [INFO] Total Transpile Time - 89.62655 (ms)
2026-07-11 15:54:27,520 [INFO] Pass: ContainsInstruction - 0.00954 (ms)
2026-07-11 15:54:27,520 [INFO] Pass: UnitarySynthesis - 0.00644 (ms)
2026-07-11 15:54:27,520 [INFO] Pass: HighLevelSynthesis - 0.00763 (ms)
2026-07-11 15:54:27,520 [INFO] Pass: BasisTranslator - 0.05078 (ms)
2026-07-11 15:54:27,520 [INFO] Pass: ElidePermutations - 0.00310 (ms)
2026-07-11 15:54:27,520 [INFO] Pass: RemoveDiagonalGatesBeforeMeasure - 0.00596 (ms)
2026-07-11 15:54:27,520 [INFO] Pass: RemoveIdentityEquivalent - 0.00596 (ms)
2026-07-11 15:54:27,520 [INFO] Pass: InverseCancellation - 0.02241 (ms)
2026-07-11 15:54:27,520 [INFO] Pass: ContractIdleWiresInControlFlow - 0.00215 (ms)
2026-07-11 15:54:27,520 [INFO] Pass: CommutativeCancellation - 0.06151 (ms)
2026-07-11 15:54:27,520 [INFO] Pass: ConsolidateBlocks - 0.03886 (ms)
2026-07-11 15:54:27,520 [INFO] Pass: Split2QUnitaries - 0.00238 (ms)
2026-07-11 15:54:27,520 [INFO] Pass: UnitarySynthesis - 0.00501 (ms)
2026-07-11 15:54:27,520 [INFO] Pass: HighLevelSynthesis - 0.02551 (ms)
2026-07-11 15:54:27,520 [INFO] Pass: BasisTranslator - 0.06795 (ms)
2026-07-11 15:54:27,520 [INFO] Pass: ConsolidateBlocks - 0.05054 (ms)
2026-07-11 15:54:27,520 [INFO] Pass: UnitarySynthesis - 0.00501 (ms)
2026-07-11 15:54:27,521 [INFO] Pass: Depth - 0.02027 (ms)
2026-07-11 15:54:27,521 [INFO] Pass: FixedPoint - 0.00429 (ms)
2026-07-11 15:54:27,521 [INFO] Pass: Size - 0.00238 (ms)
2026-07-11 15:54:27,521 [INFO] Pass: FixedPoint - 0.00310 (ms)
2026-07-11 15:54:27,521 [INFO] Pass: RemoveIdentityEquivalent - 0.00525 (ms)
2026-07-11 15:54:27,521 [INFO] Pass: Optimize1qGatesDecomposition - 0.16356 (ms)
2026-07-11 15:54:27,521 [INFO] Pass: CommutativeCancellation - 0.07439 (ms)
2026-07-11 15:54:27,521 [INFO] Pass: ContractIdleWiresInControlFlow - 0.00191 (ms)
2026-07-11 15:54:27,521 [INFO] Pass: GatesInBasis - 0.01907 (ms)
2026-07-11 15:54:27,521 [INFO] Pass: Depth - 0.01860 (ms)
2026-07-11 15:54:27,521 [INFO] Pass: FixedPoint - 0.00358 (ms)
2026-07-11 15:54:27,521 [INFO] Pass: Size - 0.00215 (ms)
2026-07-11 15:54:27,521 [INFO] Pass: FixedPoint - 0.00310 (ms)
2026-07-11 15:54:27,521 [INFO] Pass: RemoveIdentityEquivalent - 0.00477 (ms)
2026-07-11 15:54:27,521 [INFO] Pass: Optimize1qGatesDecomposition - 0.14853 (ms)
2026-07-11 15:54:27,521 [INFO] Pass: CommutativeCancellation - 0.07010 (ms)
2026-07-11 15:54:27,521 [INFO] Pass: ContractIdleWiresInControlFlow - 0.00167 (ms)
2026-07-11 15:54:27,521 [INFO] Pass: GatesInBasis - 0.01836 (ms)
2026-07-11 15:54:27,522 [INFO] Pass: Depth - 0.01788 (ms)
2026-07-11 15:54:27,522 [INFO] Pass: FixedPoint - 0.00310 (ms)
2026-07-11 15:54:27,522 [INFO] Pass: Size - 0.00191 (ms)
2026-07-11 15:54:27,522 [INFO] Pass: FixedPoint - 0.00238 (ms)
2026-07-11 15:54:27,522 [INFO] Pass: ContainsInstruction - 0.00548 (ms)
2026-07-11 15:54:27,522 [INFO] Total Transpile Time - 90.57283 (ms)
2026-07-11 16:13:28,243 [INFO] [PCE] n=150 instancia 57/100 completada en 0:00:19:01 — transcurrido=0:18:56:30 restante_estimado=0:14:17:21
2026-07-11 16:13:28,346 [INFO] Pass: ContainsInstruction - 0.01097 (ms)
2026-07-11 16:13:28,346 [INFO] Pass: UnitarySynthesis - 0.00739 (ms)
2026-07-11 16:13:28,346 [INFO] Pass: HighLevelSynthesis - 0.00811 (ms)
2026-07-11 16:13:28,346 [INFO] Pass: BasisTranslator - 0.05865 (ms)
2026-07-11 16:13:28,346 [INFO] Pass: ElidePermutations - 0.00477 (ms)
2026-07-11 16:13:28,346 [INFO] Pass: RemoveDiagonalGatesBeforeMeasure - 0.00787 (ms)
2026-07-11 16:13:28,346 [INFO] Pass: RemoveIdentityEquivalent - 0.00310 (ms)
2026-07-11 16:13:28,346 [INFO] Pass: InverseCancellation - 0.00477 (ms)
2026-07-11 16:13:28,346 [INFO] Pass: ContractIdleWiresInControlFlow - 0.00215 (ms)
2026-07-11 16:13:28,346 [INFO] Pass: CommutativeCancellation - 0.05245 (ms)
2026-07-11 16:13:28,346 [INFO] Pass: ConsolidateBlocks - 0.04220 (ms)
2026-07-11 16:13:28,346 [INFO] Pass: Split2QUnitaries - 0.00310 (ms)
2026-07-11 16:13:28,347 [INFO] Pass: UnitarySynthesis - 0.00548 (ms)
2026-07-11 16:13:28,347 [INFO] Pass: HighLevelSynthesis - 0.02337 (ms)
2026-07-11 16:13:28,347 [INFO] Pass: BasisTranslator - 0.06437 (ms)
2026-07-11 16:13:28,347 [INFO] Pass: ConsolidateBlocks - 0.04864 (ms)
2026-07-11 16:13:28,347 [INFO] Pass: UnitarySynthesis - 0.00453 (ms)
2026-07-11 16:13:28,347 [INFO] Pass: Depth - 0.02074 (ms)
2026-07-11 16:13:28,347 [INFO] Pass: FixedPoint - 0.00453 (ms)
2026-07-11 16:13:28,347 [INFO] Pass: Size - 0.00286 (ms)
2026-07-11 16:13:28,347 [INFO] Pass: FixedPoint - 0.00286 (ms)
2026-07-11 16:13:28,347 [INFO] Pass: RemoveIdentityEquivalent - 0.00262 (ms)
2026-07-11 16:13:28,347 [INFO] Pass: Optimize1qGatesDecomposition - 0.03052 (ms)
2026-07-11 16:13:28,347 [INFO] Pass: CommutativeCancellation - 0.07153 (ms)
2026-07-11 16:13:28,347 [INFO] Pass: ContractIdleWiresInControlFlow - 0.00191 (ms)
2026-07-11 16:13:28,347 [INFO] Pass: GatesInBasis - 0.01907 (ms)
2026-07-11 16:13:28,347 [INFO] Pass: Depth - 0.01693 (ms)
2026-07-11 16:13:28,347 [INFO] Pass: FixedPoint - 0.00334 (ms)
2026-07-11 16:13:28,347 [INFO] Pass: Size - 0.00215 (ms)
2026-07-11 16:13:28,347 [INFO] Pass: FixedPoint - 0.00262 (ms)
2026-07-11 16:13:28,347 [INFO] Pass: ContainsInstruction - 0.00620 (ms)
2026-07-11 16:13:28,348 [INFO] Total Transpile Time - 88.93895 (ms)
2026-07-11 16:13:28,433 [INFO] Pass: ContainsInstruction - 0.00930 (ms)
2026-07-11 16:13:28,433 [INFO] Pass: UnitarySynthesis - 0.00644 (ms)
2026-07-11 16:13:28,433 [INFO] Pass: HighLevelSynthesis - 0.00787 (ms)
2026-07-11 16:13:28,433 [INFO] Pass: BasisTranslator - 0.05150 (ms)
2026-07-11 16:13:28,433 [INFO] Pass: ElidePermutations - 0.00334 (ms)
2026-07-11 16:13:28,433 [INFO] Pass: RemoveDiagonalGatesBeforeMeasure - 0.00691 (ms)
2026-07-11 16:13:28,433 [INFO] Pass: RemoveIdentityEquivalent - 0.00453 (ms)
2026-07-11 16:13:28,433 [INFO] Pass: InverseCancellation - 0.02193 (ms)
2026-07-11 16:13:28,433 [INFO] Pass: ContractIdleWiresInControlFlow - 0.00167 (ms)
2026-07-11 16:13:28,433 [INFO] Pass: CommutativeCancellation - 0.05841 (ms)
2026-07-11 16:13:28,434 [INFO] Pass: ConsolidateBlocks - 0.04101 (ms)
2026-07-11 16:13:28,434 [INFO] Pass: Split2QUnitaries - 0.00238 (ms)
2026-07-11 16:13:28,434 [INFO] Pass: UnitarySynthesis - 0.00525 (ms)
2026-07-11 16:13:28,434 [INFO] Pass: HighLevelSynthesis - 0.02337 (ms)
2026-07-11 16:13:28,434 [INFO] Pass: BasisTranslator - 0.06151 (ms)
2026-07-11 16:13:28,434 [INFO] Pass: ConsolidateBlocks - 0.04721 (ms)
2026-07-11 16:13:28,434 [INFO] Pass: UnitarySynthesis - 0.00429 (ms)
2026-07-11 16:13:28,434 [INFO] Pass: Depth - 0.01979 (ms)
2026-07-11 16:13:28,434 [INFO] Pass: FixedPoint - 0.00429 (ms)
2026-07-11 16:13:28,434 [INFO] Pass: Size - 0.00262 (ms)
2026-07-11 16:13:28,434 [INFO] Pass: FixedPoint - 0.00286 (ms)
2026-07-11 16:13:28,434 [INFO] Pass: RemoveIdentityEquivalent - 0.00381 (ms)
2026-07-11 16:13:28,434 [INFO] Pass: Optimize1qGatesDecomposition - 0.14424 (ms)
2026-07-11 16:13:28,434 [INFO] Pass: CommutativeCancellation - 0.07725 (ms)
2026-07-11 16:13:28,434 [INFO] Pass: ContractIdleWiresInControlFlow - 0.00215 (ms)
2026-07-11 16:13:28,434 [INFO] Pass: GatesInBasis - 0.01931 (ms)
2026-07-11 16:13:28,434 [INFO] Pass: Depth - 0.01836 (ms)
2026-07-11 16:13:28,434 [INFO] Pass: FixedPoint - 0.00358 (ms)
2026-07-11 16:13:28,434 [INFO] Pass: Size - 0.00191 (ms)
2026-07-11 16:13:28,434 [INFO] Pass: FixedPoint - 0.00286 (ms)
2026-07-11 16:13:28,434 [INFO] Pass: ContainsInstruction - 0.00477 (ms)
2026-07-11 16:13:28,435 [INFO] Total Transpile Time - 86.76410 (ms)
2026-07-11 16:13:28,521 [INFO] Pass: ContainsInstruction - 0.00930 (ms)
2026-07-11 16:13:28,521 [INFO] Pass: UnitarySynthesis - 0.00620 (ms)
2026-07-11 16:13:28,521 [INFO] Pass: HighLevelSynthesis - 0.00763 (ms)
2026-07-11 16:13:28,521 [INFO] Pass: BasisTranslator - 0.05126 (ms)
2026-07-11 16:13:28,521 [INFO] Pass: ElidePermutations - 0.00334 (ms)
2026-07-11 16:13:28,521 [INFO] Pass: RemoveDiagonalGatesBeforeMeasure - 0.00644 (ms)
2026-07-11 16:13:28,521 [INFO] Pass: RemoveIdentityEquivalent - 0.00548 (ms)
2026-07-11 16:13:28,521 [INFO] Pass: InverseCancellation - 0.02003 (ms)
2026-07-11 16:13:28,522 [INFO] Pass: ContractIdleWiresInControlFlow - 0.00215 (ms)
2026-07-11 16:13:28,522 [INFO] Pass: CommutativeCancellation - 0.06127 (ms)
2026-07-11 16:13:28,522 [INFO] Pass: ConsolidateBlocks - 0.03958 (ms)
2026-07-11 16:13:28,522 [INFO] Pass: Split2QUnitaries - 0.00215 (ms)
2026-07-11 16:13:28,522 [INFO] Pass: UnitarySynthesis - 0.00525 (ms)
2026-07-11 16:13:28,522 [INFO] Pass: HighLevelSynthesis - 0.02551 (ms)
2026-07-11 16:13:28,522 [INFO] Pass: BasisTranslator - 0.06366 (ms)
2026-07-11 16:13:28,522 [INFO] Pass: ConsolidateBlocks - 0.04888 (ms)
2026-07-11 16:13:28,522 [INFO] Pass: UnitarySynthesis - 0.00477 (ms)
2026-07-11 16:13:28,522 [INFO] Pass: Depth - 0.02241 (ms)
2026-07-11 16:13:28,522 [INFO] Pass: FixedPoint - 0.00453 (ms)
2026-07-11 16:13:28,522 [INFO] Pass: Size - 0.00286 (ms)
2026-07-11 16:13:28,522 [INFO] Pass: FixedPoint - 0.00286 (ms)
2026-07-11 16:13:28,522 [INFO] Pass: RemoveIdentityEquivalent - 0.00501 (ms)
2026-07-11 16:13:28,522 [INFO] Pass: Optimize1qGatesDecomposition - 0.15903 (ms)
2026-07-11 16:13:28,522 [INFO] Pass: CommutativeCancellation - 0.07439 (ms)
2026-07-11 16:13:28,522 [INFO] Pass: ContractIdleWiresInControlFlow - 0.00191 (ms)
2026-07-11 16:13:28,522 [INFO] Pass: GatesInBasis - 0.01884 (ms)
2026-07-11 16:13:28,523 [INFO] Pass: Depth - 0.01979 (ms)
2026-07-11 16:13:28,523 [INFO] Pass: FixedPoint - 0.00358 (ms)
2026-07-11 16:13:28,523 [INFO] Pass: Size - 0.00191 (ms)
2026-07-11 16:13:28,523 [INFO] Pass: FixedPoint - 0.00238 (ms)
2026-07-11 16:13:28,523 [INFO] Pass: RemoveIdentityEquivalent - 0.00453 (ms)
2026-07-11 16:13:28,523 [INFO] Pass: Optimize1qGatesDecomposition - 0.13614 (ms)
2026-07-11 16:13:28,523 [INFO] Pass: CommutativeCancellation - 0.07010 (ms)
2026-07-11 16:13:28,523 [INFO] Pass: ContractIdleWiresInControlFlow - 0.00143 (ms)
2026-07-11 16:13:28,523 [INFO] Pass: GatesInBasis - 0.01788 (ms)
2026-07-11 16:13:28,523 [INFO] Pass: Depth - 0.01836 (ms)
2026-07-11 16:13:28,523 [INFO] Pass: FixedPoint - 0.00286 (ms)
2026-07-11 16:13:28,523 [INFO] Pass: Size - 0.00191 (ms)
2026-07-11 16:13:28,523 [INFO] Pass: FixedPoint - 0.00262 (ms)
2026-07-11 16:13:28,523 [INFO] Pass: ContainsInstruction - 0.00501 (ms)
2026-07-11 16:13:28,523 [INFO] Total Transpile Time - 88.31954 (ms)
2026-07-11 16:32:33,559 [INFO] [PCE] n=150 instancia 58/100 completada en 0:00:19:05 — transcurrido=0:19:15:35 restante_estimado=0:13:56:48
2026-07-11 16:32:33,662 [INFO] Pass: ContainsInstruction - 0.01121 (ms)
2026-07-11 16:32:33,662 [INFO] Pass: UnitarySynthesis - 0.00691 (ms)
2026-07-11 16:32:33,662 [INFO] Pass: HighLevelSynthesis - 0.00882 (ms)
2026-07-11 16:32:33,662 [INFO] Pass: BasisTranslator - 0.05746 (ms)
2026-07-11 16:32:33,662 [INFO] Pass: ElidePermutations - 0.00477 (ms)
2026-07-11 16:32:33,662 [INFO] Pass: RemoveDiagonalGatesBeforeMeasure - 0.00834 (ms)
2026-07-11 16:32:33,663 [INFO] Pass: RemoveIdentityEquivalent - 0.00334 (ms)
2026-07-11 16:32:33,663 [INFO] Pass: InverseCancellation - 0.00453 (ms)
2026-07-11 16:32:33,663 [INFO] Pass: ContractIdleWiresInControlFlow - 0.00238 (ms)
2026-07-11 16:32:33,663 [INFO] Pass: CommutativeCancellation - 0.05555 (ms)
2026-07-11 16:32:33,663 [INFO] Pass: ConsolidateBlocks - 0.04125 (ms)
2026-07-11 16:32:33,663 [INFO] Pass: Split2QUnitaries - 0.00310 (ms)
2026-07-11 16:32:33,663 [INFO] Pass: UnitarySynthesis - 0.00477 (ms)
2026-07-11 16:32:33,663 [INFO] Pass: HighLevelSynthesis - 0.02265 (ms)
2026-07-11 16:32:33,663 [INFO] Pass: BasisTranslator - 0.06413 (ms)
2026-07-11 16:32:33,663 [INFO] Pass: ConsolidateBlocks - 0.04673 (ms)
2026-07-11 16:32:33,663 [INFO] Pass: UnitarySynthesis - 0.00453 (ms)
2026-07-11 16:32:33,663 [INFO] Pass: Depth - 0.01931 (ms)
2026-07-11 16:32:33,663 [INFO] Pass: FixedPoint - 0.00453 (ms)
2026-07-11 16:32:33,663 [INFO] Pass: Size - 0.00334 (ms)
2026-07-11 16:32:33,663 [INFO] Pass: FixedPoint - 0.00286 (ms)
2026-07-11 16:32:33,663 [INFO] Pass: RemoveIdentityEquivalent - 0.00262 (ms)
2026-07-11 16:32:33,663 [INFO] Pass: Optimize1qGatesDecomposition - 0.03147 (ms)
2026-07-11 16:32:33,663 [INFO] Pass: CommutativeCancellation - 0.07653 (ms)
2026-07-11 16:32:33,663 [INFO] Pass: ContractIdleWiresInControlFlow - 0.00215 (ms)
2026-07-11 16:32:33,663 [INFO] Pass: GatesInBasis - 0.01979 (ms)
2026-07-11 16:32:33,663 [INFO] Pass: Depth - 0.01669 (ms)
2026-07-11 16:32:33,663 [INFO] Pass: FixedPoint - 0.00358 (ms)
2026-07-11 16:32:33,663 [INFO] Pass: Size - 0.00215 (ms)
2026-07-11 16:32:33,663 [INFO] Pass: FixedPoint - 0.00286 (ms)
2026-07-11 16:32:33,664 [INFO] Pass: ContainsInstruction - 0.00501 (ms)
2026-07-11 16:32:33,664 [INFO] Total Transpile Time - 87.84151 (ms)
2026-07-11 16:32:33,750 [INFO] Pass: ContainsInstruction - 0.00930 (ms)
2026-07-11 16:32:33,750 [INFO] Pass: UnitarySynthesis - 0.00596 (ms)
2026-07-11 16:32:33,750 [INFO] Pass: HighLevelSynthesis - 0.00715 (ms)
2026-07-11 16:32:33,750 [INFO] Pass: BasisTranslator - 0.05817 (ms)
2026-07-11 16:32:33,750 [INFO] Pass: ElidePermutations - 0.00358 (ms)
2026-07-11 16:32:33,750 [INFO] Pass: RemoveDiagonalGatesBeforeMeasure - 0.00596 (ms)
2026-07-11 16:32:33,750 [INFO] Pass: RemoveIdentityEquivalent - 0.00501 (ms)
2026-07-11 16:32:33,750 [INFO] Pass: InverseCancellation - 0.02170 (ms)
2026-07-11 16:32:33,750 [INFO] Pass: ContractIdleWiresInControlFlow - 0.00215 (ms)
2026-07-11 16:32:33,751 [INFO] Pass: CommutativeCancellation - 0.05865 (ms)
2026-07-11 16:32:33,751 [INFO] Pass: ConsolidateBlocks - 0.03934 (ms)
2026-07-11 16:32:33,751 [INFO] Pass: Split2QUnitaries - 0.00238 (ms)
2026-07-11 16:32:33,751 [INFO] Pass: UnitarySynthesis - 0.00477 (ms)
2026-07-11 16:32:33,751 [INFO] Pass: HighLevelSynthesis - 0.02337 (ms)
2026-07-11 16:32:33,751 [INFO] Pass: BasisTranslator - 0.06151 (ms)
2026-07-11 16:32:33,751 [INFO] Pass: ConsolidateBlocks - 0.04911 (ms)
2026-07-11 16:32:33,751 [INFO] Pass: UnitarySynthesis - 0.00477 (ms)
2026-07-11 16:32:33,751 [INFO] Pass: Depth - 0.01955 (ms)
2026-07-11 16:32:33,751 [INFO] Pass: FixedPoint - 0.00429 (ms)
2026-07-11 16:32:33,751 [INFO] Pass: Size - 0.00238 (ms)
2026-07-11 16:32:33,751 [INFO] Pass: FixedPoint - 0.00262 (ms)
2026-07-11 16:32:33,751 [INFO] Pass: RemoveIdentityEquivalent - 0.00405 (ms)
2026-07-11 16:32:33,751 [INFO] Pass: Optimize1qGatesDecomposition - 0.14591 (ms)
2026-07-11 16:32:33,751 [INFO] Pass: CommutativeCancellation - 0.08392 (ms)
2026-07-11 16:32:33,751 [INFO] Pass: ContractIdleWiresInControlFlow - 0.00191 (ms)
2026-07-11 16:32:33,751 [INFO] Pass: GatesInBasis - 0.01955 (ms)
2026-07-11 16:32:33,751 [INFO] Pass: Depth - 0.01931 (ms)
2026-07-11 16:32:33,751 [INFO] Pass: FixedPoint - 0.00358 (ms)
2026-07-11 16:32:33,751 [INFO] Pass: Size - 0.00215 (ms)
2026-07-11 16:32:33,751 [INFO] Pass: FixedPoint - 0.00286 (ms)
2026-07-11 16:32:33,752 [INFO] Pass: ContainsInstruction - 0.00501 (ms)
2026-07-11 16:32:33,752 [INFO] Total Transpile Time - 87.62312 (ms)
2026-07-11 16:32:33,839 [INFO] Pass: ContainsInstruction - 0.00930 (ms)
2026-07-11 16:32:33,839 [INFO] Pass: UnitarySynthesis - 0.00620 (ms)
2026-07-11 16:32:33,839 [INFO] Pass: HighLevelSynthesis - 0.00715 (ms)
2026-07-11 16:32:33,839 [INFO] Pass: BasisTranslator - 0.04959 (ms)
2026-07-11 16:32:33,839 [INFO] Pass: ElidePermutations - 0.00334 (ms)
2026-07-11 16:32:33,839 [INFO] Pass: RemoveDiagonalGatesBeforeMeasure - 0.00548 (ms)
2026-07-11 16:32:33,840 [INFO] Pass: RemoveIdentityEquivalent - 0.00525 (ms)
2026-07-11 16:32:33,840 [INFO] Pass: InverseCancellation - 0.02098 (ms)
2026-07-11 16:32:33,840 [INFO] Pass: ContractIdleWiresInControlFlow - 0.00143 (ms)
2026-07-11 16:32:33,840 [INFO] Pass: CommutativeCancellation - 0.05579 (ms)
2026-07-11 16:32:33,840 [INFO] Pass: ConsolidateBlocks - 0.03743 (ms)
2026-07-11 16:32:33,840 [INFO] Pass: Split2QUnitaries - 0.00238 (ms)
2026-07-11 16:32:33,840 [INFO] Pass: UnitarySynthesis - 0.00501 (ms)
2026-07-11 16:32:33,840 [INFO] Pass: HighLevelSynthesis - 0.02551 (ms)
2026-07-11 16:32:33,840 [INFO] Pass: BasisTranslator - 0.06294 (ms)
2026-07-11 16:32:33,840 [INFO] Pass: ConsolidateBlocks - 0.04673 (ms)
2026-07-11 16:32:33,840 [INFO] Pass: UnitarySynthesis - 0.00477 (ms)
2026-07-11 16:32:33,840 [INFO] Pass: Depth - 0.02027 (ms)
2026-07-11 16:32:33,840 [INFO] Pass: FixedPoint - 0.00429 (ms)
2026-07-11 16:32:33,840 [INFO] Pass: Size - 0.00262 (ms)
2026-07-11 16:32:33,840 [INFO] Pass: FixedPoint - 0.00310 (ms)
2026-07-11 16:32:33,840 [INFO] Pass: RemoveIdentityEquivalent - 0.00501 (ms)
2026-07-11 16:32:33,840 [INFO] Pass: Optimize1qGatesDecomposition - 0.16665 (ms)
2026-07-11 16:32:33,840 [INFO] Pass: CommutativeCancellation - 0.06938 (ms)
2026-07-11 16:32:33,840 [INFO] Pass: ContractIdleWiresInControlFlow - 0.00191 (ms)
2026-07-11 16:32:33,841 [INFO] Pass: GatesInBasis - 0.01979 (ms)
2026-07-11 16:32:33,841 [INFO] Pass: Depth - 0.02027 (ms)
2026-07-11 16:32:33,841 [INFO] Pass: FixedPoint - 0.00358 (ms)
2026-07-11 16:32:33,841 [INFO] Pass: Size - 0.00238 (ms)
2026-07-11 16:32:33,841 [INFO] Pass: FixedPoint - 0.00310 (ms)
2026-07-11 16:32:33,841 [INFO] Pass: RemoveIdentityEquivalent - 0.00501 (ms)
2026-07-11 16:32:33,841 [INFO] Pass: Optimize1qGatesDecomposition - 0.14091 (ms)
2026-07-11 16:32:33,841 [INFO] Pass: CommutativeCancellation - 0.06390 (ms)
2026-07-11 16:32:33,841 [INFO] Pass: ContractIdleWiresInControlFlow - 0.00167 (ms)
2026-07-11 16:32:33,841 [INFO] Pass: GatesInBasis - 0.01788 (ms)
2026-07-11 16:32:33,841 [INFO] Pass: Depth - 0.01812 (ms)
2026-07-11 16:32:33,841 [INFO] Pass: FixedPoint - 0.00310 (ms)
2026-07-11 16:32:33,841 [INFO] Pass: Size - 0.00191 (ms)
2026-07-11 16:32:33,841 [INFO] Pass: FixedPoint - 0.00286 (ms)
2026-07-11 16:32:33,841 [INFO] Pass: ContainsInstruction - 0.00548 (ms)
2026-07-11 16:32:33,841 [INFO] Total Transpile Time - 89.30492 (ms)
2026-07-11 16:52:31,822 [INFO] [PCE] n=150 instancia 59/100 completada en 0:00:19:58 — transcurrido=0:19:35:33 restante_estimado=0:13:36:55
2026-07-11 16:52:31,926 [INFO] Pass: ContainsInstruction - 0.01168 (ms)
2026-07-11 16:52:31,926 [INFO] Pass: UnitarySynthesis - 0.00739 (ms)
2026-07-11 16:52:31,926 [INFO] Pass: HighLevelSynthesis - 0.00811 (ms)
2026-07-11 16:52:31,926 [INFO] Pass: BasisTranslator - 0.05865 (ms)
2026-07-11 16:52:31,926 [INFO] Pass: ElidePermutations - 0.00429 (ms)
2026-07-11 16:52:31,926 [INFO] Pass: RemoveDiagonalGatesBeforeMeasure - 0.00858 (ms)
2026-07-11 16:52:31,926 [INFO] Pass: RemoveIdentityEquivalent - 0.00334 (ms)
2026-07-11 16:52:31,926 [INFO] Pass: InverseCancellation - 0.00477 (ms)
2026-07-11 16:52:31,926 [INFO] Pass: ContractIdleWiresInControlFlow - 0.00215 (ms)
2026-07-11 16:52:31,926 [INFO] Pass: CommutativeCancellation - 0.05317 (ms)
2026-07-11 16:52:31,926 [INFO] Pass: ConsolidateBlocks - 0.04268 (ms)
2026-07-11 16:52:31,926 [INFO] Pass: Split2QUnitaries - 0.00358 (ms)
2026-07-11 16:52:31,926 [INFO] Pass: UnitarySynthesis - 0.00477 (ms)
2026-07-11 16:52:31,926 [INFO] Pass: HighLevelSynthesis - 0.02241 (ms)
2026-07-11 16:52:31,926 [INFO] Pass: BasisTranslator - 0.06366 (ms)
2026-07-11 16:52:31,926 [INFO] Pass: ConsolidateBlocks - 0.04888 (ms)
2026-07-11 16:52:31,926 [INFO] Pass: UnitarySynthesis - 0.00429 (ms)
2026-07-11 16:52:31,926 [INFO] Pass: Depth - 0.02003 (ms)
2026-07-11 16:52:31,927 [INFO] Pass: FixedPoint - 0.00429 (ms)
2026-07-11 16:52:31,927 [INFO] Pass: Size - 0.00334 (ms)
2026-07-11 16:52:31,927 [INFO] Pass: FixedPoint - 0.00286 (ms)
2026-07-11 16:52:31,927 [INFO] Pass: RemoveIdentityEquivalent - 0.00262 (ms)
2026-07-11 16:52:31,927 [INFO] Pass: Optimize1qGatesDecomposition - 0.03338 (ms)
2026-07-11 16:52:31,927 [INFO] Pass: CommutativeCancellation - 0.07367 (ms)
2026-07-11 16:52:31,927 [INFO] Pass: ContractIdleWiresInControlFlow - 0.00167 (ms)
2026-07-11 16:52:31,927 [INFO] Pass: GatesInBasis - 0.01884 (ms)
2026-07-11 16:52:31,927 [INFO] Pass: Depth - 0.01740 (ms)
2026-07-11 16:52:31,927 [INFO] Pass: FixedPoint - 0.00358 (ms)
2026-07-11 16:52:31,927 [INFO] Pass: Size - 0.00215 (ms)
2026-07-11 16:52:31,927 [INFO] Pass: FixedPoint - 0.00262 (ms)
2026-07-11 16:52:31,927 [INFO] Pass: ContainsInstruction - 0.00477 (ms)
2026-07-11 16:52:31,927 [INFO] Total Transpile Time - 89.42986 (ms)
2026-07-11 16:52:32,014 [INFO] Pass: ContainsInstruction - 0.00930 (ms)
2026-07-11 16:52:32,014 [INFO] Pass: UnitarySynthesis - 0.00620 (ms)
2026-07-11 16:52:32,014 [INFO] Pass: HighLevelSynthesis - 0.00715 (ms)
2026-07-11 16:52:32,014 [INFO] Pass: BasisTranslator - 0.05269 (ms)
2026-07-11 16:52:32,014 [INFO] Pass: ElidePermutations - 0.00453 (ms)
2026-07-11 16:52:32,014 [INFO] Pass: RemoveDiagonalGatesBeforeMeasure - 0.00811 (ms)
2026-07-11 16:52:32,014 [INFO] Pass: RemoveIdentityEquivalent - 0.00453 (ms)
2026-07-11 16:52:32,014 [INFO] Pass: InverseCancellation - 0.02170 (ms)
2026-07-11 16:52:32,014 [INFO] Pass: ContractIdleWiresInControlFlow - 0.00215 (ms)
2026-07-11 16:52:32,014 [INFO] Pass: CommutativeCancellation - 0.06127 (ms)
2026-07-11 16:52:32,014 [INFO] Pass: ConsolidateBlocks - 0.03982 (ms)
2026-07-11 16:52:32,014 [INFO] Pass: Split2QUnitaries - 0.00262 (ms)
2026-07-11 16:52:32,014 [INFO] Pass: UnitarySynthesis - 0.00525 (ms)
2026-07-11 16:52:32,014 [INFO] Pass: HighLevelSynthesis - 0.02265 (ms)
2026-07-11 16:52:32,014 [INFO] Pass: BasisTranslator - 0.06437 (ms)
2026-07-11 16:52:32,015 [INFO] Pass: ConsolidateBlocks - 0.04959 (ms)
2026-07-11 16:52:32,015 [INFO] Pass: UnitarySynthesis - 0.00453 (ms)
2026-07-11 16:52:32,015 [INFO] Pass: Depth - 0.02098 (ms)
2026-07-11 16:52:32,015 [INFO] Pass: FixedPoint - 0.00405 (ms)
2026-07-11 16:52:32,015 [INFO] Pass: Size - 0.00286 (ms)
2026-07-11 16:52:32,015 [INFO] Pass: FixedPoint - 0.00286 (ms)
2026-07-11 16:52:32,015 [INFO] Pass: RemoveIdentityEquivalent - 0.00405 (ms)
2026-07-11 16:52:32,015 [INFO] Pass: Optimize1qGatesDecomposition - 0.14806 (ms)
2026-07-11 16:52:32,015 [INFO] Pass: CommutativeCancellation - 0.08225 (ms)
2026-07-11 16:52:32,015 [INFO] Pass: ContractIdleWiresInControlFlow - 0.00191 (ms)
2026-07-11 16:52:32,015 [INFO] Pass: GatesInBasis - 0.01931 (ms)
2026-07-11 16:52:32,015 [INFO] Pass: Depth - 0.01812 (ms)
2026-07-11 16:52:32,015 [INFO] Pass: FixedPoint - 0.00381 (ms)
2026-07-11 16:52:32,015 [INFO] Pass: Size - 0.00238 (ms)
2026-07-11 16:52:32,015 [INFO] Pass: FixedPoint - 0.00310 (ms)
2026-07-11 16:52:32,015 [INFO] Pass: ContainsInstruction - 0.00548 (ms)
2026-07-11 16:52:32,015 [INFO] Total Transpile Time - 87.89515 (ms)
2026-07-11 16:52:32,102 [INFO] Pass: ContainsInstruction - 0.00906 (ms)
2026-07-11 16:52:32,102 [INFO] Pass: UnitarySynthesis - 0.00620 (ms)
2026-07-11 16:52:32,102 [INFO] Pass: HighLevelSynthesis - 0.00715 (ms)
2026-07-11 16:52:32,102 [INFO] Pass: BasisTranslator - 0.04911 (ms)
2026-07-11 16:52:32,102 [INFO] Pass: ElidePermutations - 0.00310 (ms)
2026-07-11 16:52:32,102 [INFO] Pass: RemoveDiagonalGatesBeforeMeasure - 0.00644 (ms)
2026-07-11 16:52:32,102 [INFO] Pass: RemoveIdentityEquivalent - 0.00548 (ms)
2026-07-11 16:52:32,102 [INFO] Pass: InverseCancellation - 0.02170 (ms)
2026-07-11 16:52:32,102 [INFO] Pass: ContractIdleWiresInControlFlow - 0.00191 (ms)
2026-07-11 16:52:32,102 [INFO] Pass: CommutativeCancellation - 0.06104 (ms)
2026-07-11 16:52:32,103 [INFO] Pass: ConsolidateBlocks - 0.03862 (ms)
2026-07-11 16:52:32,103 [INFO] Pass: Split2QUnitaries - 0.00215 (ms)
2026-07-11 16:52:32,103 [INFO] Pass: UnitarySynthesis - 0.00501 (ms)
2026-07-11 16:52:32,103 [INFO] Pass: HighLevelSynthesis - 0.02432 (ms)
2026-07-11 16:52:32,103 [INFO] Pass: BasisTranslator - 0.06366 (ms)
2026-07-11 16:52:32,103 [INFO] Pass: ConsolidateBlocks - 0.04721 (ms)
2026-07-11 16:52:32,103 [INFO] Pass: UnitarySynthesis - 0.00453 (ms)
2026-07-11 16:52:32,103 [INFO] Pass: Depth - 0.01955 (ms)
2026-07-11 16:52:32,103 [INFO] Pass: FixedPoint - 0.00405 (ms)
2026-07-11 16:52:32,103 [INFO] Pass: Size - 0.00310 (ms)
2026-07-11 16:52:32,103 [INFO] Pass: FixedPoint - 0.00286 (ms)
2026-07-11 16:52:32,103 [INFO] Pass: RemoveIdentityEquivalent - 0.00477 (ms)
2026-07-11 16:52:32,103 [INFO] Pass: Optimize1qGatesDecomposition - 0.16332 (ms)
2026-07-11 16:52:32,103 [INFO] Pass: CommutativeCancellation - 0.07796 (ms)
2026-07-11 16:52:32,103 [INFO] Pass: ContractIdleWiresInControlFlow - 0.00191 (ms)
2026-07-11 16:52:32,103 [INFO] Pass: GatesInBasis - 0.01907 (ms)
2026-07-11 16:52:32,103 [INFO] Pass: Depth - 0.01860 (ms)
2026-07-11 16:52:32,103 [INFO] Pass: FixedPoint - 0.00358 (ms)
2026-07-11 16:52:32,103 [INFO] Pass: Size - 0.00191 (ms)
2026-07-11 16:52:32,103 [INFO] Pass: FixedPoint - 0.00262 (ms)
2026-07-11 16:52:32,103 [INFO] Pass: RemoveIdentityEquivalent - 0.00429 (ms)
2026-07-11 16:52:32,104 [INFO] Pass: Optimize1qGatesDecomposition - 0.13804 (ms)
2026-07-11 16:52:32,104 [INFO] Pass: CommutativeCancellation - 0.06604 (ms)
2026-07-11 16:52:32,104 [INFO] Pass: ContractIdleWiresInControlFlow - 0.00167 (ms)
2026-07-11 16:52:32,104 [INFO] Pass: GatesInBasis - 0.01788 (ms)
2026-07-11 16:52:32,104 [INFO] Pass: Depth - 0.01693 (ms)
2026-07-11 16:52:32,104 [INFO] Pass: FixedPoint - 0.00334 (ms)
2026-07-11 16:52:32,104 [INFO] Pass: Size - 0.00167 (ms)
2026-07-11 16:52:32,104 [INFO] Pass: FixedPoint - 0.00286 (ms)
2026-07-11 16:52:32,104 [INFO] Pass: ContainsInstruction - 0.00525 (ms)
2026-07-11 16:52:32,104 [INFO] Total Transpile Time - 88.39893 (ms)
2026-07-11 17:15:07,744 [INFO] [PCE] n=150 instancia 60/100 completada en 0:00:22:36 — transcurrido=0:19:58:09 restante_estimado=0:13:18:46
2026-07-11 17:15:07,849 [INFO] Pass: ContainsInstruction - 0.01073 (ms)
2026-07-11 17:15:07,849 [INFO] Pass: UnitarySynthesis - 0.00715 (ms)
2026-07-11 17:15:07,850 [INFO] Pass: HighLevelSynthesis - 0.00811 (ms)
2026-07-11 17:15:07,850 [INFO] Pass: BasisTranslator - 0.05984 (ms)
2026-07-11 17:15:07,850 [INFO] Pass: ElidePermutations - 0.00453 (ms)
2026-07-11 17:15:07,850 [INFO] Pass: RemoveDiagonalGatesBeforeMeasure - 0.00811 (ms)
2026-07-11 17:15:07,850 [INFO] Pass: RemoveIdentityEquivalent - 0.00381 (ms)
2026-07-11 17:15:07,850 [INFO] Pass: InverseCancellation - 0.00477 (ms)
2026-07-11 17:15:07,850 [INFO] Pass: ContractIdleWiresInControlFlow - 0.00215 (ms)
2026-07-11 17:15:07,850 [INFO] Pass: CommutativeCancellation - 0.05722 (ms)
2026-07-11 17:15:07,850 [INFO] Pass: ConsolidateBlocks - 0.04363 (ms)
2026-07-11 17:15:07,850 [INFO] Pass: Split2QUnitaries - 0.00310 (ms)
2026-07-11 17:15:07,850 [INFO] Pass: UnitarySynthesis - 0.00477 (ms)
2026-07-11 17:15:07,850 [INFO] Pass: HighLevelSynthesis - 0.02313 (ms)
2026-07-11 17:15:07,850 [INFO] Pass: BasisTranslator - 0.06795 (ms)
2026-07-11 17:15:07,850 [INFO] Pass: ConsolidateBlocks - 0.04888 (ms)
2026-07-11 17:15:07,850 [INFO] Pass: UnitarySynthesis - 0.00453 (ms)
2026-07-11 17:15:07,850 [INFO] Pass: Depth - 0.02956 (ms)
2026-07-11 17:15:07,850 [INFO] Pass: FixedPoint - 0.00429 (ms)
2026-07-11 17:15:07,850 [INFO] Pass: Size - 0.00310 (ms)
2026-07-11 17:15:07,850 [INFO] Pass: FixedPoint - 0.00262 (ms)
2026-07-11 17:15:07,850 [INFO] Pass: RemoveIdentityEquivalent - 0.00286 (ms)
2026-07-11 17:15:07,850 [INFO] Pass: Optimize1qGatesDecomposition - 0.03481 (ms)
2026-07-11 17:15:07,851 [INFO] Pass: CommutativeCancellation - 0.07653 (ms)
2026-07-11 17:15:07,851 [INFO] Pass: ContractIdleWiresInControlFlow - 0.00191 (ms)
2026-07-11 17:15:07,851 [INFO] Pass: GatesInBasis - 0.02098 (ms)
2026-07-11 17:15:07,851 [INFO] Pass: Depth - 0.01884 (ms)
2026-07-11 17:15:07,851 [INFO] Pass: FixedPoint - 0.00334 (ms)
2026-07-11 17:15:07,851 [INFO] Pass: Size - 0.00191 (ms)
2026-07-11 17:15:07,851 [INFO] Pass: FixedPoint - 0.00262 (ms)
2026-07-11 17:15:07,851 [INFO] Pass: ContainsInstruction - 0.00453 (ms)
2026-07-11 17:15:07,851 [INFO] Total Transpile Time - 91.29119 (ms)
2026-07-11 17:15:07,938 [INFO] Pass: ContainsInstruction - 0.00978 (ms)
2026-07-11 17:15:07,939 [INFO] Pass: UnitarySynthesis - 0.00596 (ms)
2026-07-11 17:15:07,939 [INFO] Pass: HighLevelSynthesis - 0.00715 (ms)
2026-07-11 17:15:07,939 [INFO] Pass: BasisTranslator - 0.05341 (ms)
2026-07-11 17:15:07,939 [INFO] Pass: ElidePermutations - 0.00334 (ms)
2026-07-11 17:15:07,939 [INFO] Pass: RemoveDiagonalGatesBeforeMeasure - 0.00620 (ms)
2026-07-11 17:15:07,939 [INFO] Pass: RemoveIdentityEquivalent - 0.00453 (ms)
2026-07-11 17:15:07,939 [INFO] Pass: InverseCancellation - 0.02074 (ms)
2026-07-11 17:15:07,939 [INFO] Pass: ContractIdleWiresInControlFlow - 0.00215 (ms)
2026-07-11 17:15:07,939 [INFO] Pass: CommutativeCancellation - 0.06294 (ms)
2026-07-11 17:15:07,939 [INFO] Pass: ConsolidateBlocks - 0.03862 (ms)
2026-07-11 17:15:07,939 [INFO] Pass: Split2QUnitaries - 0.00215 (ms)
2026-07-11 17:15:07,939 [INFO] Pass: UnitarySynthesis - 0.00477 (ms)
2026-07-11 17:15:07,939 [INFO] Pass: HighLevelSynthesis - 0.02337 (ms)
2026-07-11 17:15:07,939 [INFO] Pass: BasisTranslator - 0.06700 (ms)
2026-07-11 17:15:07,939 [INFO] Pass: ConsolidateBlocks - 0.04673 (ms)
2026-07-11 17:15:07,939 [INFO] Pass: UnitarySynthesis - 0.00453 (ms)
2026-07-11 17:15:07,939 [INFO] Pass: Depth - 0.02027 (ms)
2026-07-11 17:15:07,939 [INFO] Pass: FixedPoint - 0.00405 (ms)
2026-07-11 17:15:07,939 [INFO] Pass: Size - 0.00286 (ms)
2026-07-11 17:15:07,939 [INFO] Pass: FixedPoint - 0.00262 (ms)
2026-07-11 17:15:07,939 [INFO] Pass: RemoveIdentityEquivalent - 0.00381 (ms)
2026-07-11 17:15:07,940 [INFO] Pass: Optimize1qGatesDecomposition - 0.15259 (ms)
2026-07-11 17:15:07,940 [INFO] Pass: CommutativeCancellation - 0.08416 (ms)
2026-07-11 17:15:07,940 [INFO] Pass: ContractIdleWiresInControlFlow - 0.00167 (ms)
2026-07-11 17:15:07,940 [INFO] Pass: GatesInBasis - 0.02027 (ms)
2026-07-11 17:15:07,940 [INFO] Pass: Depth - 0.01836 (ms)
2026-07-11 17:15:07,940 [INFO] Pass: FixedPoint - 0.00381 (ms)
2026-07-11 17:15:07,940 [INFO] Pass: Size - 0.00238 (ms)
2026-07-11 17:15:07,940 [INFO] Pass: FixedPoint - 0.00310 (ms)
2026-07-11 17:15:07,940 [INFO] Pass: ContainsInstruction - 0.00501 (ms)
2026-07-11 17:15:07,940 [INFO] Total Transpile Time - 88.80520 (ms)
2026-07-11 17:15:08,027 [INFO] Pass: ContainsInstruction - 0.00954 (ms)
2026-07-11 17:15:08,028 [INFO] Pass: UnitarySynthesis - 0.00596 (ms)
2026-07-11 17:15:08,028 [INFO] Pass: HighLevelSynthesis - 0.00739 (ms)
2026-07-11 17:15:08,028 [INFO] Pass: BasisTranslator - 0.05102 (ms)
2026-07-11 17:15:08,028 [INFO] Pass: ElidePermutations - 0.00310 (ms)
2026-07-11 17:15:08,028 [INFO] Pass: RemoveDiagonalGatesBeforeMeasure - 0.00620 (ms)
2026-07-11 17:15:08,028 [INFO] Pass: RemoveIdentityEquivalent - 0.00525 (ms)
2026-07-11 17:15:08,028 [INFO] Pass: InverseCancellation - 0.02003 (ms)
2026-07-11 17:15:08,028 [INFO] Pass: ContractIdleWiresInControlFlow - 0.00167 (ms)
2026-07-11 17:15:08,028 [INFO] Pass: CommutativeCancellation - 0.06080 (ms)
2026-07-11 17:15:08,028 [INFO] Pass: ConsolidateBlocks - 0.03839 (ms)
2026-07-11 17:15:08,028 [INFO] Pass: Split2QUnitaries - 0.00238 (ms)
2026-07-11 17:15:08,028 [INFO] Pass: UnitarySynthesis - 0.00525 (ms)
2026-07-11 17:15:08,028 [INFO] Pass: HighLevelSynthesis - 0.02408 (ms)
2026-07-11 17:15:08,028 [INFO] Pass: BasisTranslator - 0.06604 (ms)
2026-07-11 17:15:08,028 [INFO] Pass: ConsolidateBlocks - 0.04888 (ms)
2026-07-11 17:15:08,028 [INFO] Pass: UnitarySynthesis - 0.00453 (ms)
2026-07-11 17:15:08,028 [INFO] Pass: Depth - 0.02193 (ms)
2026-07-11 17:15:08,028 [INFO] Pass: FixedPoint - 0.00405 (ms)
2026-07-11 17:15:08,028 [INFO] Pass: Size - 0.00262 (ms)
2026-07-11 17:15:08,028 [INFO] Pass: FixedPoint - 0.00238 (ms)
2026-07-11 17:15:08,028 [INFO] Pass: RemoveIdentityEquivalent - 0.00477 (ms)
2026-07-11 17:15:08,029 [INFO] Pass: Optimize1qGatesDecomposition - 0.16570 (ms)
2026-07-11 17:15:08,029 [INFO] Pass: CommutativeCancellation - 0.07939 (ms)
2026-07-11 17:15:08,029 [INFO] Pass: ContractIdleWiresInControlFlow - 0.00191 (ms)
2026-07-11 17:15:08,029 [INFO] Pass: GatesInBasis - 0.02003 (ms)
2026-07-11 17:15:08,029 [INFO] Pass: Depth - 0.01931 (ms)
2026-07-11 17:15:08,029 [INFO] Pass: FixedPoint - 0.00358 (ms)
2026-07-11 17:15:08,029 [INFO] Pass: Size - 0.00167 (ms)
2026-07-11 17:15:08,029 [INFO] Pass: FixedPoint - 0.00286 (ms)
2026-07-11 17:15:08,029 [INFO] Pass: RemoveIdentityEquivalent - 0.00405 (ms)
2026-07-11 17:15:08,029 [INFO] Pass: Optimize1qGatesDecomposition - 0.14019 (ms)
2026-07-11 17:15:08,029 [INFO] Pass: CommutativeCancellation - 0.07153 (ms)
2026-07-11 17:15:08,029 [INFO] Pass: ContractIdleWiresInControlFlow - 0.00167 (ms)
2026-07-11 17:15:08,029 [INFO] Pass: GatesInBasis - 0.01907 (ms)
2026-07-11 17:15:08,029 [INFO] Pass: Depth - 0.01812 (ms)
2026-07-11 17:15:08,029 [INFO] Pass: FixedPoint - 0.00310 (ms)
2026-07-11 17:15:08,029 [INFO] Pass: Size - 0.00215 (ms)
2026-07-11 17:15:08,029 [INFO] Pass: FixedPoint - 0.00286 (ms)
2026-07-11 17:15:08,029 [INFO] Pass: ContainsInstruction - 0.00477 (ms)
2026-07-11 17:15:08,030 [INFO] Total Transpile Time - 89.07342 (ms)
2026-07-11 17:34:36,950 [INFO] [PCE] n=150 instancia 61/100 completada en 0:00:19:29 — transcurrido=0:20:17:38 restante_estimado=0:12:58:29
2026-07-11 17:34:37,056 [INFO] Pass: ContainsInstruction - 0.01097 (ms)
2026-07-11 17:34:37,056 [INFO] Pass: UnitarySynthesis - 0.00668 (ms)
2026-07-11 17:34:37,056 [INFO] Pass: HighLevelSynthesis - 0.00954 (ms)
2026-07-11 17:34:37,056 [INFO] Pass: BasisTranslator - 0.05746 (ms)
2026-07-11 17:34:37,056 [INFO] Pass: ElidePermutations - 0.00477 (ms)
2026-07-11 17:34:37,056 [INFO] Pass: RemoveDiagonalGatesBeforeMeasure - 0.00763 (ms)
2026-07-11 17:34:37,056 [INFO] Pass: RemoveIdentityEquivalent - 0.00334 (ms)
2026-07-11 17:34:37,056 [INFO] Pass: InverseCancellation - 0.00477 (ms)
2026-07-11 17:34:37,056 [INFO] Pass: ContractIdleWiresInControlFlow - 0.00215 (ms)
2026-07-11 17:34:37,056 [INFO] Pass: CommutativeCancellation - 0.05937 (ms)
2026-07-11 17:34:37,056 [INFO] Pass: ConsolidateBlocks - 0.04983 (ms)
2026-07-11 17:34:37,056 [INFO] Pass: Split2QUnitaries - 0.00286 (ms)
2026-07-11 17:34:37,056 [INFO] Pass: UnitarySynthesis - 0.00501 (ms)
2026-07-11 17:34:37,056 [INFO] Pass: HighLevelSynthesis - 0.02289 (ms)
2026-07-11 17:34:37,056 [INFO] Pass: BasisTranslator - 0.06557 (ms)
2026-07-11 17:34:37,057 [INFO] Pass: ConsolidateBlocks - 0.04888 (ms)
2026-07-11 17:34:37,057 [INFO] Pass: UnitarySynthesis - 0.00453 (ms)
2026-07-11 17:34:37,057 [INFO] Pass: Depth - 0.02146 (ms)
2026-07-11 17:34:37,057 [INFO] Pass: FixedPoint - 0.00453 (ms)
2026-07-11 17:34:37,057 [INFO] Pass: Size - 0.00310 (ms)
2026-07-11 17:34:37,057 [INFO] Pass: FixedPoint - 0.00286 (ms)
2026-07-11 17:34:37,057 [INFO] Pass: RemoveIdentityEquivalent - 0.00238 (ms)
2026-07-11 17:34:37,057 [INFO] Pass: Optimize1qGatesDecomposition - 0.03433 (ms)
2026-07-11 17:34:37,057 [INFO] Pass: CommutativeCancellation - 0.07296 (ms)
2026-07-11 17:34:37,057 [INFO] Pass: ContractIdleWiresInControlFlow - 0.00191 (ms)
2026-07-11 17:34:37,057 [INFO] Pass: GatesInBasis - 0.01907 (ms)
2026-07-11 17:34:37,057 [INFO] Pass: Depth - 0.01764 (ms)
2026-07-11 17:34:37,057 [INFO] Pass: FixedPoint - 0.00334 (ms)
2026-07-11 17:34:37,057 [INFO] Pass: Size - 0.00191 (ms)
2026-07-11 17:34:37,057 [INFO] Pass: FixedPoint - 0.00286 (ms)
2026-07-11 17:34:37,057 [INFO] Pass: ContainsInstruction - 0.00501 (ms)
2026-07-11 17:34:37,057 [INFO] Total Transpile Time - 91.10546 (ms)
2026-07-11 17:34:37,145 [INFO] Pass: ContainsInstruction - 0.00978 (ms)
2026-07-11 17:34:37,145 [INFO] Pass: UnitarySynthesis - 0.00596 (ms)
2026-07-11 17:34:37,145 [INFO] Pass: HighLevelSynthesis - 0.00715 (ms)
2026-07-11 17:34:37,145 [INFO] Pass: BasisTranslator - 0.05245 (ms)
2026-07-11 17:34:37,145 [INFO] Pass: ElidePermutations - 0.00429 (ms)
2026-07-11 17:34:37,145 [INFO] Pass: RemoveDiagonalGatesBeforeMeasure - 0.00691 (ms)
2026-07-11 17:34:37,145 [INFO] Pass: RemoveIdentityEquivalent - 0.00525 (ms)
2026-07-11 17:34:37,145 [INFO] Pass: InverseCancellation - 0.02122 (ms)
2026-07-11 17:34:37,145 [INFO] Pass: ContractIdleWiresInControlFlow - 0.00238 (ms)
2026-07-11 17:34:37,145 [INFO] Pass: CommutativeCancellation - 0.06342 (ms)
2026-07-11 17:34:37,145 [INFO] Pass: ConsolidateBlocks - 0.03934 (ms)
2026-07-11 17:34:37,145 [INFO] Pass: Split2QUnitaries - 0.00262 (ms)
2026-07-11 17:34:37,145 [INFO] Pass: UnitarySynthesis - 0.00477 (ms)
2026-07-11 17:34:37,145 [INFO] Pass: HighLevelSynthesis - 0.02337 (ms)
2026-07-11 17:34:37,145 [INFO] Pass: BasisTranslator - 0.06485 (ms)
2026-07-11 17:34:37,145 [INFO] Pass: ConsolidateBlocks - 0.05507 (ms)
2026-07-11 17:34:37,145 [INFO] Pass: UnitarySynthesis - 0.00453 (ms)
2026-07-11 17:34:37,145 [INFO] Pass: Depth - 0.02003 (ms)
2026-07-11 17:34:37,145 [INFO] Pass: FixedPoint - 0.00405 (ms)
2026-07-11 17:34:37,145 [INFO] Pass: Size - 0.00286 (ms)
2026-07-11 17:34:37,145 [INFO] Pass: FixedPoint - 0.00286 (ms)
2026-07-11 17:34:37,145 [INFO] Pass: RemoveIdentityEquivalent - 0.00381 (ms)
2026-07-11 17:34:37,146 [INFO] Pass: Optimize1qGatesDecomposition - 0.14710 (ms)
2026-07-11 17:34:37,146 [INFO] Pass: CommutativeCancellation - 0.08059 (ms)
2026-07-11 17:34:37,146 [INFO] Pass: ContractIdleWiresInControlFlow - 0.00191 (ms)
2026-07-11 17:34:37,146 [INFO] Pass: GatesInBasis - 0.01955 (ms)
2026-07-11 17:34:37,146 [INFO] Pass: Depth - 0.01740 (ms)
2026-07-11 17:34:37,146 [INFO] Pass: FixedPoint - 0.00358 (ms)
2026-07-11 17:34:37,146 [INFO] Pass: Size - 0.00238 (ms)
2026-07-11 17:34:37,146 [INFO] Pass: FixedPoint - 0.00286 (ms)
2026-07-11 17:34:37,146 [INFO] Pass: ContainsInstruction - 0.00477 (ms)
2026-07-11 17:34:37,146 [INFO] Total Transpile Time - 88.48596 (ms)
2026-07-11 17:34:37,234 [INFO] Pass: ContainsInstruction - 0.00930 (ms)
2026-07-11 17:34:37,234 [INFO] Pass: UnitarySynthesis - 0.00668 (ms)
2026-07-11 17:34:37,234 [INFO] Pass: HighLevelSynthesis - 0.00715 (ms)
2026-07-11 17:34:37,234 [INFO] Pass: BasisTranslator - 0.05054 (ms)
2026-07-11 17:34:37,234 [INFO] Pass: ElidePermutations - 0.00310 (ms)
2026-07-11 17:34:37,234 [INFO] Pass: RemoveDiagonalGatesBeforeMeasure - 0.00572 (ms)
2026-07-11 17:34:37,234 [INFO] Pass: RemoveIdentityEquivalent - 0.00572 (ms)
2026-07-11 17:34:37,234 [INFO] Pass: InverseCancellation - 0.02074 (ms)
2026-07-11 17:34:37,234 [INFO] Pass: ContractIdleWiresInControlFlow - 0.00215 (ms)
2026-07-11 17:34:37,234 [INFO] Pass: CommutativeCancellation - 0.06485 (ms)
2026-07-11 17:34:37,234 [INFO] Pass: ConsolidateBlocks - 0.03743 (ms)
2026-07-11 17:34:37,234 [INFO] Pass: Split2QUnitaries - 0.00238 (ms)
2026-07-11 17:34:37,234 [INFO] Pass: UnitarySynthesis - 0.00525 (ms)
2026-07-11 17:34:37,234 [INFO] Pass: HighLevelSynthesis - 0.02551 (ms)
2026-07-11 17:34:37,234 [INFO] Pass: BasisTranslator - 0.06461 (ms)
2026-07-11 17:34:37,234 [INFO] Pass: ConsolidateBlocks - 0.05627 (ms)
2026-07-11 17:34:37,234 [INFO] Pass: UnitarySynthesis - 0.00501 (ms)
2026-07-11 17:34:37,234 [INFO] Pass: Depth - 0.02027 (ms)
2026-07-11 17:34:37,234 [INFO] Pass: FixedPoint - 0.00429 (ms)
2026-07-11 17:34:37,234 [INFO] Pass: Size - 0.00286 (ms)
2026-07-11 17:34:37,234 [INFO] Pass: FixedPoint - 0.00262 (ms)
2026-07-11 17:34:37,234 [INFO] Pass: RemoveIdentityEquivalent - 0.00501 (ms)
2026-07-11 17:34:37,235 [INFO] Pass: Optimize1qGatesDecomposition - 0.15831 (ms)
2026-07-11 17:34:37,235 [INFO] Pass: CommutativeCancellation - 0.07486 (ms)
2026-07-11 17:34:37,235 [INFO] Pass: ContractIdleWiresInControlFlow - 0.00215 (ms)
2026-07-11 17:34:37,235 [INFO] Pass: GatesInBasis - 0.01955 (ms)
2026-07-11 17:34:37,235 [INFO] Pass: Depth - 0.01836 (ms)
2026-07-11 17:34:37,235 [INFO] Pass: FixedPoint - 0.00334 (ms)
2026-07-11 17:34:37,235 [INFO] Pass: Size - 0.00191 (ms)
2026-07-11 17:34:37,235 [INFO] Pass: FixedPoint - 0.00238 (ms)
2026-07-11 17:34:37,235 [INFO] Pass: RemoveIdentityEquivalent - 0.00429 (ms)
2026-07-11 17:34:37,235 [INFO] Pass: Optimize1qGatesDecomposition - 0.13828 (ms)
2026-07-11 17:34:37,235 [INFO] Pass: CommutativeCancellation - 0.06819 (ms)
2026-07-11 17:34:37,235 [INFO] Pass: ContractIdleWiresInControlFlow - 0.00167 (ms)
2026-07-11 17:34:37,235 [INFO] Pass: GatesInBasis - 0.01836 (ms)
2026-07-11 17:34:37,235 [INFO] Pass: Depth - 0.01717 (ms)
2026-07-11 17:34:37,235 [INFO] Pass: FixedPoint - 0.00286 (ms)
2026-07-11 17:34:37,235 [INFO] Pass: Size - 0.00191 (ms)
2026-07-11 17:34:37,235 [INFO] Pass: FixedPoint - 0.00262 (ms)
2026-07-11 17:34:37,235 [INFO] Pass: ContainsInstruction - 0.00548 (ms)
2026-07-11 17:34:37,236 [INFO] Total Transpile Time - 89.11252 (ms)
2026-07-11 17:54:33,149 [INFO] [PCE] n=150 instancia 62/100 completada en 0:00:19:56 — transcurrido=0:20:37:35 restante_estimado=0:12:38:31
2026-07-11 17:54:33,251 [INFO] Pass: ContainsInstruction - 0.01121 (ms)
2026-07-11 17:54:33,251 [INFO] Pass: UnitarySynthesis - 0.00691 (ms)
2026-07-11 17:54:33,251 [INFO] Pass: HighLevelSynthesis - 0.00882 (ms)
2026-07-11 17:54:33,251 [INFO] Pass: BasisTranslator - 0.05722 (ms)
2026-07-11 17:54:33,251 [INFO] Pass: ElidePermutations - 0.00429 (ms)
2026-07-11 17:54:33,251 [INFO] Pass: RemoveDiagonalGatesBeforeMeasure - 0.00834 (ms)
2026-07-11 17:54:33,251 [INFO] Pass: RemoveIdentityEquivalent - 0.00429 (ms)
2026-07-11 17:54:33,251 [INFO] Pass: InverseCancellation - 0.00453 (ms)
2026-07-11 17:54:33,251 [INFO] Pass: ContractIdleWiresInControlFlow - 0.00215 (ms)
2026-07-11 17:54:33,251 [INFO] Pass: CommutativeCancellation - 0.05484 (ms)
2026-07-11 17:54:33,251 [INFO] Pass: ConsolidateBlocks - 0.04220 (ms)
2026-07-11 17:54:33,251 [INFO] Pass: Split2QUnitaries - 0.00358 (ms)
2026-07-11 17:54:33,251 [INFO] Pass: UnitarySynthesis - 0.00525 (ms)
2026-07-11 17:54:33,251 [INFO] Pass: HighLevelSynthesis - 0.02313 (ms)
2026-07-11 17:54:33,251 [INFO] Pass: BasisTranslator - 0.06342 (ms)
2026-07-11 17:54:33,252 [INFO] Pass: ConsolidateBlocks - 0.04911 (ms)
2026-07-11 17:54:33,252 [INFO] Pass: UnitarySynthesis - 0.00429 (ms)
2026-07-11 17:54:33,252 [INFO] Pass: Depth - 0.01931 (ms)
2026-07-11 17:54:33,252 [INFO] Pass: FixedPoint - 0.00477 (ms)
2026-07-11 17:54:33,252 [INFO] Pass: Size - 0.00358 (ms)
2026-07-11 17:54:33,252 [INFO] Pass: FixedPoint - 0.00286 (ms)
2026-07-11 17:54:33,252 [INFO] Pass: RemoveIdentityEquivalent - 0.00334 (ms)
2026-07-11 17:54:33,252 [INFO] Pass: Optimize1qGatesDecomposition - 0.03266 (ms)
2026-07-11 17:54:33,252 [INFO] Pass: CommutativeCancellation - 0.07558 (ms)
2026-07-11 17:54:33,252 [INFO] Pass: ContractIdleWiresInControlFlow - 0.00191 (ms)
2026-07-11 17:54:33,252 [INFO] Pass: GatesInBasis - 0.01955 (ms)
2026-07-11 17:54:33,252 [INFO] Pass: Depth - 0.01764 (ms)
2026-07-11 17:54:33,252 [INFO] Pass: FixedPoint - 0.00358 (ms)
2026-07-11 17:54:33,252 [INFO] Pass: Size - 0.00167 (ms)
2026-07-11 17:54:33,252 [INFO] Pass: FixedPoint - 0.00262 (ms)
2026-07-11 17:54:33,252 [INFO] Pass: ContainsInstruction - 0.00477 (ms)
2026-07-11 17:54:33,252 [INFO] Total Transpile Time - 87.88729 (ms)
2026-07-11 17:54:33,337 [INFO] Pass: ContainsInstruction - 0.00930 (ms)
2026-07-11 17:54:33,337 [INFO] Pass: UnitarySynthesis - 0.00572 (ms)
2026-07-11 17:54:33,337 [INFO] Pass: HighLevelSynthesis - 0.00739 (ms)
2026-07-11 17:54:33,337 [INFO] Pass: BasisTranslator - 0.05102 (ms)
2026-07-11 17:54:33,338 [INFO] Pass: ElidePermutations - 0.00310 (ms)
2026-07-11 17:54:33,338 [INFO] Pass: RemoveDiagonalGatesBeforeMeasure - 0.00644 (ms)
2026-07-11 17:54:33,338 [INFO] Pass: RemoveIdentityEquivalent - 0.00429 (ms)
2026-07-11 17:54:33,338 [INFO] Pass: InverseCancellation - 0.02170 (ms)
2026-07-11 17:54:33,338 [INFO] Pass: ContractIdleWiresInControlFlow - 0.00191 (ms)
2026-07-11 17:54:33,338 [INFO] Pass: CommutativeCancellation - 0.06342 (ms)
2026-07-11 17:54:33,338 [INFO] Pass: ConsolidateBlocks - 0.03910 (ms)
2026-07-11 17:54:33,338 [INFO] Pass: Split2QUnitaries - 0.00310 (ms)
2026-07-11 17:54:33,338 [INFO] Pass: UnitarySynthesis - 0.00525 (ms)
2026-07-11 17:54:33,338 [INFO] Pass: HighLevelSynthesis - 0.02313 (ms)
2026-07-11 17:54:33,338 [INFO] Pass: BasisTranslator - 0.06390 (ms)
2026-07-11 17:54:33,338 [INFO] Pass: ConsolidateBlocks - 0.04816 (ms)
2026-07-11 17:54:33,338 [INFO] Pass: UnitarySynthesis - 0.00453 (ms)
2026-07-11 17:54:33,338 [INFO] Pass: Depth - 0.01955 (ms)
2026-07-11 17:54:33,338 [INFO] Pass: FixedPoint - 0.00429 (ms)
2026-07-11 17:54:33,338 [INFO] Pass: Size - 0.00286 (ms)
2026-07-11 17:54:33,338 [INFO] Pass: FixedPoint - 0.00310 (ms)
2026-07-11 17:54:33,338 [INFO] Pass: RemoveIdentityEquivalent - 0.00405 (ms)
2026-07-11 17:54:33,338 [INFO] Pass: Optimize1qGatesDecomposition - 0.15283 (ms)
2026-07-11 17:54:33,339 [INFO] Pass: CommutativeCancellation - 0.08106 (ms)
2026-07-11 17:54:33,339 [INFO] Pass: ContractIdleWiresInControlFlow - 0.00191 (ms)
2026-07-11 17:54:33,339 [INFO] Pass: GatesInBasis - 0.01884 (ms)
2026-07-11 17:54:33,339 [INFO] Pass: Depth - 0.01836 (ms)
2026-07-11 17:54:33,339 [INFO] Pass: FixedPoint - 0.00358 (ms)
2026-07-11 17:54:33,339 [INFO] Pass: Size - 0.00238 (ms)
2026-07-11 17:54:33,339 [INFO] Pass: FixedPoint - 0.00286 (ms)
2026-07-11 17:54:33,339 [INFO] Pass: ContainsInstruction - 0.00501 (ms)
2026-07-11 17:54:33,339 [INFO] Total Transpile Time - 86.25865 (ms)
2026-07-11 17:54:33,424 [INFO] Pass: ContainsInstruction - 0.00930 (ms)
2026-07-11 17:54:33,424 [INFO] Pass: UnitarySynthesis - 0.00644 (ms)
2026-07-11 17:54:33,425 [INFO] Pass: HighLevelSynthesis - 0.00739 (ms)
2026-07-11 17:54:33,425 [INFO] Pass: BasisTranslator - 0.05054 (ms)
2026-07-11 17:54:33,425 [INFO] Pass: ElidePermutations - 0.00334 (ms)
2026-07-11 17:54:33,425 [INFO] Pass: RemoveDiagonalGatesBeforeMeasure - 0.00668 (ms)
2026-07-11 17:54:33,425 [INFO] Pass: RemoveIdentityEquivalent - 0.00596 (ms)
2026-07-11 17:54:33,425 [INFO] Pass: InverseCancellation - 0.02170 (ms)
2026-07-11 17:54:33,425 [INFO] Pass: ContractIdleWiresInControlFlow - 0.00215 (ms)
2026-07-11 17:54:33,425 [INFO] Pass: CommutativeCancellation - 0.05817 (ms)
2026-07-11 17:54:33,425 [INFO] Pass: ConsolidateBlocks - 0.03743 (ms)
2026-07-11 17:54:33,425 [INFO] Pass: Split2QUnitaries - 0.00262 (ms)
2026-07-11 17:54:33,425 [INFO] Pass: UnitarySynthesis - 0.00501 (ms)
2026-07-11 17:54:33,425 [INFO] Pass: HighLevelSynthesis - 0.02456 (ms)
2026-07-11 17:54:33,425 [INFO] Pass: BasisTranslator - 0.06390 (ms)
2026-07-11 17:54:33,425 [INFO] Pass: ConsolidateBlocks - 0.04768 (ms)
2026-07-11 17:54:33,425 [INFO] Pass: UnitarySynthesis - 0.00453 (ms)
2026-07-11 17:54:33,425 [INFO] Pass: Depth - 0.02742 (ms)
2026-07-11 17:54:33,425 [INFO] Pass: FixedPoint - 0.00405 (ms)
2026-07-11 17:54:33,425 [INFO] Pass: Size - 0.00262 (ms)
2026-07-11 17:54:33,425 [INFO] Pass: FixedPoint - 0.00262 (ms)
2026-07-11 17:54:33,425 [INFO] Pass: RemoveIdentityEquivalent - 0.00501 (ms)
2026-07-11 17:54:33,426 [INFO] Pass: Optimize1qGatesDecomposition - 0.15450 (ms)
2026-07-11 17:54:33,426 [INFO] Pass: CommutativeCancellation - 0.07606 (ms)
2026-07-11 17:54:33,426 [INFO] Pass: ContractIdleWiresInControlFlow - 0.00191 (ms)
2026-07-11 17:54:33,426 [INFO] Pass: GatesInBasis - 0.01931 (ms)
2026-07-11 17:54:33,426 [INFO] Pass: Depth - 0.01812 (ms)
2026-07-11 17:54:33,426 [INFO] Pass: FixedPoint - 0.00358 (ms)
2026-07-11 17:54:33,426 [INFO] Pass: Size - 0.00215 (ms)
2026-07-11 17:54:33,426 [INFO] Pass: FixedPoint - 0.00286 (ms)
2026-07-11 17:54:33,426 [INFO] Pass: RemoveIdentityEquivalent - 0.00429 (ms)
2026-07-11 17:54:33,426 [INFO] Pass: Optimize1qGatesDecomposition - 0.13685 (ms)
2026-07-11 17:54:33,426 [INFO] Pass: CommutativeCancellation - 0.06938 (ms)
2026-07-11 17:54:33,426 [INFO] Pass: ContractIdleWiresInControlFlow - 0.00167 (ms)
2026-07-11 17:54:33,426 [INFO] Pass: GatesInBasis - 0.01836 (ms)
2026-07-11 17:54:33,426 [INFO] Pass: Depth - 0.01717 (ms)
2026-07-11 17:54:33,426 [INFO] Pass: FixedPoint - 0.00334 (ms)
2026-07-11 17:54:33,426 [INFO] Pass: Size - 0.00167 (ms)
2026-07-11 17:54:33,426 [INFO] Pass: FixedPoint - 0.00286 (ms)
2026-07-11 17:54:33,426 [INFO] Pass: ContainsInstruction - 0.00477 (ms)
2026-07-11 17:54:33,427 [INFO] Total Transpile Time - 87.26215 (ms)
2026-07-11 18:13:32,757 [INFO] [PCE] n=150 instancia 63/100 completada en 0:00:19:00 — transcurrido=0:20:56:34 restante_estimado=0:12:17:59
2026-07-11 18:13:32,864 [INFO] Pass: ContainsInstruction - 0.01144 (ms)
2026-07-11 18:13:32,864 [INFO] Pass: UnitarySynthesis - 0.00715 (ms)
2026-07-11 18:13:32,864 [INFO] Pass: HighLevelSynthesis - 0.00882 (ms)
2026-07-11 18:13:32,864 [INFO] Pass: BasisTranslator - 0.05603 (ms)
2026-07-11 18:13:32,864 [INFO] Pass: ElidePermutations - 0.00477 (ms)
2026-07-11 18:13:32,865 [INFO] Pass: RemoveDiagonalGatesBeforeMeasure - 0.00858 (ms)
2026-07-11 18:13:32,865 [INFO] Pass: RemoveIdentityEquivalent - 0.00334 (ms)
2026-07-11 18:13:32,865 [INFO] Pass: InverseCancellation - 0.00477 (ms)
2026-07-11 18:13:32,865 [INFO] Pass: ContractIdleWiresInControlFlow - 0.00238 (ms)
2026-07-11 18:13:32,865 [INFO] Pass: CommutativeCancellation - 0.05150 (ms)
2026-07-11 18:13:32,865 [INFO] Pass: ConsolidateBlocks - 0.04220 (ms)
2026-07-11 18:13:32,865 [INFO] Pass: Split2QUnitaries - 0.00286 (ms)
2026-07-11 18:13:32,865 [INFO] Pass: UnitarySynthesis - 0.00477 (ms)
2026-07-11 18:13:32,865 [INFO] Pass: HighLevelSynthesis - 0.02217 (ms)
2026-07-11 18:13:32,865 [INFO] Pass: BasisTranslator - 0.06056 (ms)
2026-07-11 18:13:32,865 [INFO] Pass: ConsolidateBlocks - 0.04649 (ms)
2026-07-11 18:13:32,865 [INFO] Pass: UnitarySynthesis - 0.00453 (ms)
2026-07-11 18:13:32,865 [INFO] Pass: Depth - 0.02146 (ms)
2026-07-11 18:13:32,865 [INFO] Pass: FixedPoint - 0.00453 (ms)
2026-07-11 18:13:32,865 [INFO] Pass: Size - 0.00310 (ms)
2026-07-11 18:13:32,865 [INFO] Pass: FixedPoint - 0.00286 (ms)
2026-07-11 18:13:32,865 [INFO] Pass: RemoveIdentityEquivalent - 0.00262 (ms)
2026-07-11 18:13:32,865 [INFO] Pass: Optimize1qGatesDecomposition - 0.03171 (ms)
2026-07-11 18:13:32,865 [INFO] Pass: CommutativeCancellation - 0.07057 (ms)
2026-07-11 18:13:32,865 [INFO] Pass: ContractIdleWiresInControlFlow - 0.00191 (ms)
2026-07-11 18:13:32,865 [INFO] Pass: GatesInBasis - 0.01931 (ms)
2026-07-11 18:13:32,865 [INFO] Pass: Depth - 0.01717 (ms)
2026-07-11 18:13:32,865 [INFO] Pass: FixedPoint - 0.00358 (ms)
2026-07-11 18:13:32,866 [INFO] Pass: Size - 0.00191 (ms)
2026-07-11 18:13:32,866 [INFO] Pass: FixedPoint - 0.00286 (ms)
2026-07-11 18:13:32,866 [INFO] Pass: ContainsInstruction - 0.00525 (ms)
2026-07-11 18:13:32,866 [INFO] Total Transpile Time - 92.31162 (ms)
2026-07-11 18:13:32,955 [INFO] Pass: ContainsInstruction - 0.00978 (ms)
2026-07-11 18:13:32,955 [INFO] Pass: UnitarySynthesis - 0.00644 (ms)
2026-07-11 18:13:32,955 [INFO] Pass: HighLevelSynthesis - 0.00739 (ms)
2026-07-11 18:13:32,955 [INFO] Pass: BasisTranslator - 0.05102 (ms)
2026-07-11 18:13:32,955 [INFO] Pass: ElidePermutations - 0.00381 (ms)
2026-07-11 18:13:32,955 [INFO] Pass: RemoveDiagonalGatesBeforeMeasure - 0.00644 (ms)
2026-07-11 18:13:32,955 [INFO] Pass: RemoveIdentityEquivalent - 0.00477 (ms)
2026-07-11 18:13:32,955 [INFO] Pass: InverseCancellation - 0.02933 (ms)
2026-07-11 18:13:32,955 [INFO] Pass: ContractIdleWiresInControlFlow - 0.00215 (ms)
2026-07-11 18:13:32,955 [INFO] Pass: CommutativeCancellation - 0.05984 (ms)
2026-07-11 18:13:32,955 [INFO] Pass: ConsolidateBlocks - 0.03886 (ms)
2026-07-11 18:13:32,955 [INFO] Pass: Split2QUnitaries - 0.00286 (ms)
2026-07-11 18:13:32,956 [INFO] Pass: UnitarySynthesis - 0.00548 (ms)
2026-07-11 18:13:32,956 [INFO] Pass: HighLevelSynthesis - 0.02360 (ms)
2026-07-11 18:13:32,956 [INFO] Pass: BasisTranslator - 0.06294 (ms)
2026-07-11 18:13:32,956 [INFO] Pass: ConsolidateBlocks - 0.04792 (ms)
2026-07-11 18:13:32,956 [INFO] Pass: UnitarySynthesis - 0.00477 (ms)
2026-07-11 18:13:32,956 [INFO] Pass: Depth - 0.01955 (ms)
2026-07-11 18:13:32,956 [INFO] Pass: FixedPoint - 0.00405 (ms)
2026-07-11 18:13:32,956 [INFO] Pass: Size - 0.00286 (ms)
2026-07-11 18:13:32,956 [INFO] Pass: FixedPoint - 0.00262 (ms)
2026-07-11 18:13:32,956 [INFO] Pass: RemoveIdentityEquivalent - 0.00405 (ms)
2026-07-11 18:13:32,956 [INFO] Pass: Optimize1qGatesDecomposition - 0.14925 (ms)
2026-07-11 18:13:32,956 [INFO] Pass: CommutativeCancellation - 0.08130 (ms)
2026-07-11 18:13:32,956 [INFO] Pass: ContractIdleWiresInControlFlow - 0.00191 (ms)
2026-07-11 18:13:32,956 [INFO] Pass: GatesInBasis - 0.01907 (ms)
2026-07-11 18:13:32,956 [INFO] Pass: Depth - 0.01836 (ms)
2026-07-11 18:13:32,956 [INFO] Pass: FixedPoint - 0.00358 (ms)
2026-07-11 18:13:32,956 [INFO] Pass: Size - 0.00238 (ms)
2026-07-11 18:13:32,956 [INFO] Pass: FixedPoint - 0.00286 (ms)
2026-07-11 18:13:32,956 [INFO] Pass: ContainsInstruction - 0.00477 (ms)
2026-07-11 18:13:32,957 [INFO] Total Transpile Time - 90.43932 (ms)
2026-07-11 18:13:33,046 [INFO] Pass: ContainsInstruction - 0.00954 (ms)
2026-07-11 18:13:33,046 [INFO] Pass: UnitarySynthesis - 0.00620 (ms)
2026-07-11 18:13:33,046 [INFO] Pass: HighLevelSynthesis - 0.00763 (ms)
2026-07-11 18:13:33,046 [INFO] Pass: BasisTranslator - 0.04959 (ms)
2026-07-11 18:13:33,046 [INFO] Pass: ElidePermutations - 0.00310 (ms)
2026-07-11 18:13:33,046 [INFO] Pass: RemoveDiagonalGatesBeforeMeasure - 0.00596 (ms)
2026-07-11 18:13:33,046 [INFO] Pass: RemoveIdentityEquivalent - 0.00572 (ms)
2026-07-11 18:13:33,046 [INFO] Pass: InverseCancellation - 0.02193 (ms)
2026-07-11 18:13:33,046 [INFO] Pass: ContractIdleWiresInControlFlow - 0.00215 (ms)
2026-07-11 18:13:33,046 [INFO] Pass: CommutativeCancellation - 0.05674 (ms)
2026-07-11 18:13:33,046 [INFO] Pass: ConsolidateBlocks - 0.03886 (ms)
2026-07-11 18:13:33,046 [INFO] Pass: Split2QUnitaries - 0.00238 (ms)
2026-07-11 18:13:33,046 [INFO] Pass: UnitarySynthesis - 0.00525 (ms)
2026-07-11 18:13:33,046 [INFO] Pass: HighLevelSynthesis - 0.02503 (ms)
2026-07-11 18:13:33,047 [INFO] Pass: BasisTranslator - 0.06366 (ms)
2026-07-11 18:13:33,047 [INFO] Pass: ConsolidateBlocks - 0.04983 (ms)
2026-07-11 18:13:33,047 [INFO] Pass: UnitarySynthesis - 0.00477 (ms)
2026-07-11 18:13:33,047 [INFO] Pass: Depth - 0.02003 (ms)
2026-07-11 18:13:33,047 [INFO] Pass: FixedPoint - 0.00429 (ms)
2026-07-11 18:13:33,047 [INFO] Pass: Size - 0.00238 (ms)
2026-07-11 18:13:33,047 [INFO] Pass: FixedPoint - 0.00262 (ms)
2026-07-11 18:13:33,047 [INFO] Pass: RemoveIdentityEquivalent - 0.00477 (ms)
2026-07-11 18:13:33,047 [INFO] Pass: Optimize1qGatesDecomposition - 0.16212 (ms)
2026-07-11 18:13:33,047 [INFO] Pass: CommutativeCancellation - 0.07057 (ms)
2026-07-11 18:13:33,047 [INFO] Pass: ContractIdleWiresInControlFlow - 0.00167 (ms)
2026-07-11 18:13:33,047 [INFO] Pass: GatesInBasis - 0.02098 (ms)
2026-07-11 18:13:33,047 [INFO] Pass: Depth - 0.01884 (ms)
2026-07-11 18:13:33,047 [INFO] Pass: FixedPoint - 0.00358 (ms)
2026-07-11 18:13:33,047 [INFO] Pass: Size - 0.00191 (ms)
2026-07-11 18:13:33,047 [INFO] Pass: FixedPoint - 0.00310 (ms)
2026-07-11 18:13:33,047 [INFO] Pass: RemoveIdentityEquivalent - 0.00453 (ms)
2026-07-11 18:13:33,047 [INFO] Pass: Optimize1qGatesDecomposition - 0.13900 (ms)
2026-07-11 18:13:33,048 [INFO] Pass: CommutativeCancellation - 0.06509 (ms)
2026-07-11 18:13:33,048 [INFO] Pass: ContractIdleWiresInControlFlow - 0.00167 (ms)
2026-07-11 18:13:33,048 [INFO] Pass: GatesInBasis - 0.01884 (ms)
2026-07-11 18:13:33,048 [INFO] Pass: Depth - 0.01740 (ms)
2026-07-11 18:13:33,048 [INFO] Pass: FixedPoint - 0.00334 (ms)
2026-07-11 18:13:33,048 [INFO] Pass: Size - 0.00215 (ms)
2026-07-11 18:13:33,048 [INFO] Pass: FixedPoint - 0.00286 (ms)
2026-07-11 18:13:33,048 [INFO] Pass: ContainsInstruction - 0.00548 (ms)
2026-07-11 18:13:33,048 [INFO] Total Transpile Time - 90.99746 (ms)
2026-07-11 18:35:09,899 [INFO] [PCE] n=150 instancia 64/100 completada en 0:00:21:37 — transcurrido=0:21:18:11 restante_estimado=0:11:58:59
2026-07-11 18:35:10,006 [INFO] Pass: ContainsInstruction - 0.01121 (ms)
2026-07-11 18:35:10,006 [INFO] Pass: UnitarySynthesis - 0.00691 (ms)
2026-07-11 18:35:10,006 [INFO] Pass: HighLevelSynthesis - 0.00834 (ms)
2026-07-11 18:35:10,006 [INFO] Pass: BasisTranslator - 0.05937 (ms)
2026-07-11 18:35:10,006 [INFO] Pass: ElidePermutations - 0.00477 (ms)
2026-07-11 18:35:10,006 [INFO] Pass: RemoveDiagonalGatesBeforeMeasure - 0.00811 (ms)
2026-07-11 18:35:10,006 [INFO] Pass: RemoveIdentityEquivalent - 0.00381 (ms)
2026-07-11 18:35:10,006 [INFO] Pass: InverseCancellation - 0.00501 (ms)
2026-07-11 18:35:10,006 [INFO] Pass: ContractIdleWiresInControlFlow - 0.00215 (ms)
2026-07-11 18:35:10,006 [INFO] Pass: CommutativeCancellation - 0.06104 (ms)
2026-07-11 18:35:10,006 [INFO] Pass: ConsolidateBlocks - 0.05078 (ms)
2026-07-11 18:35:10,006 [INFO] Pass: Split2QUnitaries - 0.00310 (ms)
2026-07-11 18:35:10,006 [INFO] Pass: UnitarySynthesis - 0.00525 (ms)
2026-07-11 18:35:10,006 [INFO] Pass: HighLevelSynthesis - 0.02360 (ms)
2026-07-11 18:35:10,006 [INFO] Pass: BasisTranslator - 0.06509 (ms)
2026-07-11 18:35:10,007 [INFO] Pass: ConsolidateBlocks - 0.04721 (ms)
2026-07-11 18:35:10,007 [INFO] Pass: UnitarySynthesis - 0.00429 (ms)
2026-07-11 18:35:10,007 [INFO] Pass: Depth - 0.02241 (ms)
2026-07-11 18:35:10,007 [INFO] Pass: FixedPoint - 0.00453 (ms)
2026-07-11 18:35:10,007 [INFO] Pass: Size - 0.00310 (ms)
2026-07-11 18:35:10,007 [INFO] Pass: FixedPoint - 0.00262 (ms)
2026-07-11 18:35:10,007 [INFO] Pass: RemoveIdentityEquivalent - 0.00238 (ms)
2026-07-11 18:35:10,007 [INFO] Pass: Optimize1qGatesDecomposition - 0.03171 (ms)
2026-07-11 18:35:10,007 [INFO] Pass: CommutativeCancellation - 0.07701 (ms)
2026-07-11 18:35:10,007 [INFO] Pass: ContractIdleWiresInControlFlow - 0.00167 (ms)
2026-07-11 18:35:10,007 [INFO] Pass: GatesInBasis - 0.01907 (ms)
2026-07-11 18:35:10,007 [INFO] Pass: Depth - 0.01740 (ms)
2026-07-11 18:35:10,007 [INFO] Pass: FixedPoint - 0.00334 (ms)
2026-07-11 18:35:10,007 [INFO] Pass: Size - 0.00191 (ms)
2026-07-11 18:35:10,007 [INFO] Pass: FixedPoint - 0.00286 (ms)
2026-07-11 18:35:10,007 [INFO] Pass: ContainsInstruction - 0.00477 (ms)
2026-07-11 18:35:10,007 [INFO] Total Transpile Time - 90.59906 (ms)
2026-07-11 18:35:10,094 [INFO] Pass: ContainsInstruction - 0.00954 (ms)
2026-07-11 18:35:10,094 [INFO] Pass: UnitarySynthesis - 0.00620 (ms)
2026-07-11 18:35:10,095 [INFO] Pass: HighLevelSynthesis - 0.00715 (ms)
2026-07-11 18:35:10,095 [INFO] Pass: BasisTranslator - 0.05507 (ms)
2026-07-11 18:35:10,095 [INFO] Pass: ElidePermutations - 0.00310 (ms)
2026-07-11 18:35:10,095 [INFO] Pass: RemoveDiagonalGatesBeforeMeasure - 0.00668 (ms)
2026-07-11 18:35:10,095 [INFO] Pass: RemoveIdentityEquivalent - 0.00453 (ms)
2026-07-11 18:35:10,095 [INFO] Pass: InverseCancellation - 0.02193 (ms)
2026-07-11 18:35:10,095 [INFO] Pass: ContractIdleWiresInControlFlow - 0.00191 (ms)
2026-07-11 18:35:10,095 [INFO] Pass: CommutativeCancellation - 0.06318 (ms)
2026-07-11 18:35:10,095 [INFO] Pass: ConsolidateBlocks - 0.03862 (ms)
2026-07-11 18:35:10,095 [INFO] Pass: Split2QUnitaries - 0.00238 (ms)
2026-07-11 18:35:10,095 [INFO] Pass: UnitarySynthesis - 0.00525 (ms)
2026-07-11 18:35:10,095 [INFO] Pass: HighLevelSynthesis - 0.02337 (ms)
2026-07-11 18:35:10,095 [INFO] Pass: BasisTranslator - 0.06747 (ms)
2026-07-11 18:35:10,095 [INFO] Pass: ConsolidateBlocks - 0.04959 (ms)
2026-07-11 18:35:10,095 [INFO] Pass: UnitarySynthesis - 0.00453 (ms)
2026-07-11 18:35:10,095 [INFO] Pass: Depth - 0.02623 (ms)
2026-07-11 18:35:10,095 [INFO] Pass: FixedPoint - 0.00429 (ms)
2026-07-11 18:35:10,095 [INFO] Pass: Size - 0.00286 (ms)
2026-07-11 18:35:10,095 [INFO] Pass: FixedPoint - 0.00286 (ms)
2026-07-11 18:35:10,095 [INFO] Pass: RemoveIdentityEquivalent - 0.00405 (ms)
2026-07-11 18:35:10,096 [INFO] Pass: Optimize1qGatesDecomposition - 0.15092 (ms)
2026-07-11 18:35:10,096 [INFO] Pass: CommutativeCancellation - 0.08440 (ms)
2026-07-11 18:35:10,096 [INFO] Pass: ContractIdleWiresInControlFlow - 0.00167 (ms)
2026-07-11 18:35:10,096 [INFO] Pass: GatesInBasis - 0.01931 (ms)
2026-07-11 18:35:10,096 [INFO] Pass: Depth - 0.01788 (ms)
2026-07-11 18:35:10,096 [INFO] Pass: FixedPoint - 0.00358 (ms)
2026-07-11 18:35:10,096 [INFO] Pass: Size - 0.00215 (ms)
2026-07-11 18:35:10,096 [INFO] Pass: FixedPoint - 0.00262 (ms)
2026-07-11 18:35:10,096 [INFO] Pass: ContainsInstruction - 0.00525 (ms)
2026-07-11 18:35:10,096 [INFO] Total Transpile Time - 88.38320 (ms)
2026-07-11 18:35:10,183 [INFO] Pass: ContainsInstruction - 0.00930 (ms)
2026-07-11 18:35:10,184 [INFO] Pass: UnitarySynthesis - 0.00620 (ms)
2026-07-11 18:35:10,184 [INFO] Pass: HighLevelSynthesis - 0.00715 (ms)
2026-07-11 18:35:10,184 [INFO] Pass: BasisTranslator - 0.05388 (ms)
2026-07-11 18:35:10,184 [INFO] Pass: ElidePermutations - 0.00334 (ms)
2026-07-11 18:35:10,184 [INFO] Pass: RemoveDiagonalGatesBeforeMeasure - 0.00644 (ms)
2026-07-11 18:35:10,184 [INFO] Pass: RemoveIdentityEquivalent - 0.00525 (ms)
2026-07-11 18:35:10,184 [INFO] Pass: InverseCancellation - 0.02122 (ms)
2026-07-11 18:35:10,184 [INFO] Pass: ContractIdleWiresInControlFlow - 0.00215 (ms)
2026-07-11 18:35:10,184 [INFO] Pass: CommutativeCancellation - 0.05937 (ms)
2026-07-11 18:35:10,184 [INFO] Pass: ConsolidateBlocks - 0.03767 (ms)
2026-07-11 18:35:10,184 [INFO] Pass: Split2QUnitaries - 0.00191 (ms)
2026-07-11 18:35:10,184 [INFO] Pass: UnitarySynthesis - 0.00525 (ms)
2026-07-11 18:35:10,184 [INFO] Pass: HighLevelSynthesis - 0.02456 (ms)
2026-07-11 18:35:10,184 [INFO] Pass: BasisTranslator - 0.06890 (ms)
2026-07-11 18:35:10,184 [INFO] Pass: ConsolidateBlocks - 0.04911 (ms)
2026-07-11 18:35:10,184 [INFO] Pass: UnitarySynthesis - 0.00501 (ms)
2026-07-11 18:35:10,184 [INFO] Pass: Depth - 0.02003 (ms)
2026-07-11 18:35:10,184 [INFO] Pass: FixedPoint - 0.00453 (ms)
2026-07-11 18:35:10,184 [INFO] Pass: Size - 0.00286 (ms)
2026-07-11 18:35:10,184 [INFO] Pass: FixedPoint - 0.00238 (ms)
2026-07-11 18:35:10,184 [INFO] Pass: RemoveIdentityEquivalent - 0.00453 (ms)
2026-07-11 18:35:10,185 [INFO] Pass: Optimize1qGatesDecomposition - 0.16856 (ms)
2026-07-11 18:35:10,185 [INFO] Pass: CommutativeCancellation - 0.07606 (ms)
2026-07-11 18:35:10,185 [INFO] Pass: ContractIdleWiresInControlFlow - 0.00191 (ms)
2026-07-11 18:35:10,185 [INFO] Pass: GatesInBasis - 0.01931 (ms)
2026-07-11 18:35:10,185 [INFO] Pass: Depth - 0.01955 (ms)
2026-07-11 18:35:10,185 [INFO] Pass: FixedPoint - 0.00358 (ms)
2026-07-11 18:35:10,185 [INFO] Pass: Size - 0.00238 (ms)
2026-07-11 18:35:10,185 [INFO] Pass: FixedPoint - 0.00286 (ms)
2026-07-11 18:35:10,185 [INFO] Pass: RemoveIdentityEquivalent - 0.00453 (ms)
2026-07-11 18:35:10,185 [INFO] Pass: Optimize1qGatesDecomposition - 0.13781 (ms)
2026-07-11 18:35:10,185 [INFO] Pass: CommutativeCancellation - 0.06986 (ms)
2026-07-11 18:35:10,185 [INFO] Pass: ContractIdleWiresInControlFlow - 0.00143 (ms)
2026-07-11 18:35:10,185 [INFO] Pass: GatesInBasis - 0.01788 (ms)
2026-07-11 18:35:10,185 [INFO] Pass: Depth - 0.02432 (ms)
2026-07-11 18:35:10,185 [INFO] Pass: FixedPoint - 0.00334 (ms)
2026-07-11 18:35:10,185 [INFO] Pass: Size - 0.00215 (ms)
2026-07-11 18:35:10,185 [INFO] Pass: FixedPoint - 0.00262 (ms)
2026-07-11 18:35:10,185 [INFO] Pass: ContainsInstruction - 0.00525 (ms)
2026-07-11 18:35:10,186 [INFO] Total Transpile Time - 89.15305 (ms)
2026-07-11 18:55:43,046 [INFO] [PCE] n=150 instancia 65/100 completada en 0:00:20:33 — transcurrido=0:21:38:45 restante_estimado=0:11:39:19
2026-07-11 18:55:43,150 [INFO] Pass: ContainsInstruction - 0.01121 (ms)
2026-07-11 18:55:43,150 [INFO] Pass: UnitarySynthesis - 0.00691 (ms)
2026-07-11 18:55:43,150 [INFO] Pass: HighLevelSynthesis - 0.00906 (ms)
2026-07-11 18:55:43,151 [INFO] Pass: BasisTranslator - 0.05674 (ms)
2026-07-11 18:55:43,151 [INFO] Pass: ElidePermutations - 0.00477 (ms)
2026-07-11 18:55:43,151 [INFO] Pass: RemoveDiagonalGatesBeforeMeasure - 0.00834 (ms)
2026-07-11 18:55:43,151 [INFO] Pass: RemoveIdentityEquivalent - 0.00358 (ms)
2026-07-11 18:55:43,151 [INFO] Pass: InverseCancellation - 0.00477 (ms)
2026-07-11 18:55:43,151 [INFO] Pass: ContractIdleWiresInControlFlow - 0.00238 (ms)
2026-07-11 18:55:43,151 [INFO] Pass: CommutativeCancellation - 0.05293 (ms)
2026-07-11 18:55:43,151 [INFO] Pass: ConsolidateBlocks - 0.04148 (ms)
2026-07-11 18:55:43,151 [INFO] Pass: Split2QUnitaries - 0.00286 (ms)
2026-07-11 18:55:43,151 [INFO] Pass: UnitarySynthesis - 0.00477 (ms)
2026-07-11 18:55:43,151 [INFO] Pass: HighLevelSynthesis - 0.02289 (ms)
2026-07-11 18:55:43,151 [INFO] Pass: BasisTranslator - 0.06247 (ms)
2026-07-11 18:55:43,151 [INFO] Pass: ConsolidateBlocks - 0.04911 (ms)
2026-07-11 18:55:43,151 [INFO] Pass: UnitarySynthesis - 0.00453 (ms)
2026-07-11 18:55:43,151 [INFO] Pass: Depth - 0.02027 (ms)
2026-07-11 18:55:43,151 [INFO] Pass: FixedPoint - 0.00453 (ms)
2026-07-11 18:55:43,151 [INFO] Pass: Size - 0.00334 (ms)
2026-07-11 18:55:43,151 [INFO] Pass: FixedPoint - 0.00262 (ms)
2026-07-11 18:55:43,151 [INFO] Pass: RemoveIdentityEquivalent - 0.00334 (ms)
2026-07-11 18:55:43,151 [INFO] Pass: Optimize1qGatesDecomposition - 0.03242 (ms)
2026-07-11 18:55:43,151 [INFO] Pass: CommutativeCancellation - 0.07224 (ms)
2026-07-11 18:55:43,151 [INFO] Pass: ContractIdleWiresInControlFlow - 0.00191 (ms)
2026-07-11 18:55:43,151 [INFO] Pass: GatesInBasis - 0.01907 (ms)
2026-07-11 18:55:43,152 [INFO] Pass: Depth - 0.01764 (ms)
2026-07-11 18:55:43,152 [INFO] Pass: FixedPoint - 0.00334 (ms)
2026-07-11 18:55:43,152 [INFO] Pass: Size - 0.00167 (ms)
2026-07-11 18:55:43,152 [INFO] Pass: FixedPoint - 0.00262 (ms)
2026-07-11 18:55:43,152 [INFO] Pass: ContainsInstruction - 0.00477 (ms)
2026-07-11 18:55:43,152 [INFO] Total Transpile Time - 89.42962 (ms)
2026-07-11 18:55:43,238 [INFO] Pass: ContainsInstruction - 0.00978 (ms)
2026-07-11 18:55:43,238 [INFO] Pass: UnitarySynthesis - 0.00620 (ms)
2026-07-11 18:55:43,238 [INFO] Pass: HighLevelSynthesis - 0.00811 (ms)
2026-07-11 18:55:43,239 [INFO] Pass: BasisTranslator - 0.05460 (ms)
2026-07-11 18:55:43,239 [INFO] Pass: ElidePermutations - 0.00358 (ms)
2026-07-11 18:55:43,239 [INFO] Pass: RemoveDiagonalGatesBeforeMeasure - 0.00787 (ms)
2026-07-11 18:55:43,239 [INFO] Pass: RemoveIdentityEquivalent - 0.00453 (ms)
2026-07-11 18:55:43,239 [INFO] Pass: InverseCancellation - 0.02170 (ms)
2026-07-11 18:55:43,239 [INFO] Pass: ContractIdleWiresInControlFlow - 0.00167 (ms)
2026-07-11 18:55:43,239 [INFO] Pass: CommutativeCancellation - 0.05817 (ms)
2026-07-11 18:55:43,239 [INFO] Pass: ConsolidateBlocks - 0.04005 (ms)
2026-07-11 18:55:43,239 [INFO] Pass: Split2QUnitaries - 0.00215 (ms)
2026-07-11 18:55:43,239 [INFO] Pass: UnitarySynthesis - 0.00453 (ms)
2026-07-11 18:55:43,239 [INFO] Pass: HighLevelSynthesis - 0.02337 (ms)
2026-07-11 18:55:43,239 [INFO] Pass: BasisTranslator - 0.06199 (ms)
2026-07-11 18:55:43,239 [INFO] Pass: ConsolidateBlocks - 0.04697 (ms)
2026-07-11 18:55:43,239 [INFO] Pass: UnitarySynthesis - 0.00477 (ms)
2026-07-11 18:55:43,239 [INFO] Pass: Depth - 0.02003 (ms)
2026-07-11 18:55:43,239 [INFO] Pass: FixedPoint - 0.00477 (ms)
2026-07-11 18:55:43,239 [INFO] Pass: Size - 0.00262 (ms)
2026-07-11 18:55:43,239 [INFO] Pass: FixedPoint - 0.00930 (ms)
2026-07-11 18:55:43,239 [INFO] Pass: RemoveIdentityEquivalent - 0.00381 (ms)
2026-07-11 18:55:43,239 [INFO] Pass: Optimize1qGatesDecomposition - 0.14782 (ms)
2026-07-11 18:55:43,240 [INFO] Pass: CommutativeCancellation - 0.07987 (ms)
2026-07-11 18:55:43,240 [INFO] Pass: ContractIdleWiresInControlFlow - 0.00215 (ms)
2026-07-11 18:55:43,240 [INFO] Pass: GatesInBasis - 0.01884 (ms)
2026-07-11 18:55:43,240 [INFO] Pass: Depth - 0.01907 (ms)
2026-07-11 18:55:43,240 [INFO] Pass: FixedPoint - 0.00358 (ms)
2026-07-11 18:55:43,240 [INFO] Pass: Size - 0.00191 (ms)
2026-07-11 18:55:43,240 [INFO] Pass: FixedPoint - 0.00286 (ms)
2026-07-11 18:55:43,240 [INFO] Pass: ContainsInstruction - 0.00501 (ms)
2026-07-11 18:55:43,240 [INFO] Total Transpile Time - 87.79740 (ms)
2026-07-11 18:55:43,327 [INFO] Pass: ContainsInstruction - 0.00930 (ms)
2026-07-11 18:55:43,327 [INFO] Pass: UnitarySynthesis - 0.00620 (ms)
2026-07-11 18:55:43,327 [INFO] Pass: HighLevelSynthesis - 0.00715 (ms)
2026-07-11 18:55:43,327 [INFO] Pass: BasisTranslator - 0.05031 (ms)
2026-07-11 18:55:43,327 [INFO] Pass: ElidePermutations - 0.00310 (ms)
2026-07-11 18:55:43,327 [INFO] Pass: RemoveDiagonalGatesBeforeMeasure - 0.00620 (ms)
2026-07-11 18:55:43,327 [INFO] Pass: RemoveIdentityEquivalent - 0.00501 (ms)
2026-07-11 18:55:43,327 [INFO] Pass: InverseCancellation - 0.02050 (ms)
2026-07-11 18:55:43,327 [INFO] Pass: ContractIdleWiresInControlFlow - 0.00191 (ms)
2026-07-11 18:55:43,327 [INFO] Pass: CommutativeCancellation - 0.05627 (ms)
2026-07-11 18:55:43,327 [INFO] Pass: ConsolidateBlocks - 0.03839 (ms)
2026-07-11 18:55:43,327 [INFO] Pass: Split2QUnitaries - 0.00191 (ms)
2026-07-11 18:55:43,327 [INFO] Pass: UnitarySynthesis - 0.00548 (ms)
2026-07-11 18:55:43,327 [INFO] Pass: HighLevelSynthesis - 0.02503 (ms)
2026-07-11 18:55:43,328 [INFO] Pass: BasisTranslator - 0.06342 (ms)
2026-07-11 18:55:43,328 [INFO] Pass: ConsolidateBlocks - 0.04721 (ms)
2026-07-11 18:55:43,328 [INFO] Pass: UnitarySynthesis - 0.00453 (ms)
2026-07-11 18:55:43,328 [INFO] Pass: Depth - 0.02050 (ms)
2026-07-11 18:55:43,328 [INFO] Pass: FixedPoint - 0.00405 (ms)
2026-07-11 18:55:43,328 [INFO] Pass: Size - 0.00262 (ms)
2026-07-11 18:55:43,328 [INFO] Pass: FixedPoint - 0.00262 (ms)
2026-07-11 18:55:43,328 [INFO] Pass: RemoveIdentityEquivalent - 0.00501 (ms)
2026-07-11 18:55:43,328 [INFO] Pass: Optimize1qGatesDecomposition - 0.15116 (ms)
2026-07-11 18:55:43,328 [INFO] Pass: CommutativeCancellation - 0.07081 (ms)
2026-07-11 18:55:43,328 [INFO] Pass: ContractIdleWiresInControlFlow - 0.00167 (ms)
2026-07-11 18:55:43,328 [INFO] Pass: GatesInBasis - 0.01836 (ms)
2026-07-11 18:55:43,328 [INFO] Pass: Depth - 0.01884 (ms)
2026-07-11 18:55:43,328 [INFO] Pass: FixedPoint - 0.00334 (ms)
2026-07-11 18:55:43,328 [INFO] Pass: Size - 0.00215 (ms)
2026-07-11 18:55:43,328 [INFO] Pass: FixedPoint - 0.00238 (ms)
2026-07-11 18:55:43,328 [INFO] Pass: RemoveIdentityEquivalent - 0.00429 (ms)
2026-07-11 18:55:43,328 [INFO] Pass: Optimize1qGatesDecomposition - 0.13494 (ms)
2026-07-11 18:55:43,329 [INFO] Pass: CommutativeCancellation - 0.06533 (ms)
2026-07-11 18:55:43,329 [INFO] Pass: ContractIdleWiresInControlFlow - 0.00191 (ms)
2026-07-11 18:55:43,329 [INFO] Pass: GatesInBasis - 0.01764 (ms)
2026-07-11 18:55:43,329 [INFO] Pass: Depth - 0.01740 (ms)
2026-07-11 18:55:43,329 [INFO] Pass: FixedPoint - 0.00334 (ms)
2026-07-11 18:55:43,329 [INFO] Pass: Size - 0.00215 (ms)
2026-07-11 18:55:43,329 [INFO] Pass: FixedPoint - 0.00286 (ms)
2026-07-11 18:55:43,329 [INFO] Pass: ContainsInstruction - 0.00548 (ms)
2026-07-11 18:55:43,329 [INFO] Total Transpile Time - 88.58323 (ms)
2026-07-11 19:16:31,231 [INFO] [PCE] n=150 instancia 66/100 completada en 0:00:20:48 — transcurrido=0:21:59:33 restante_estimado=0:11:19:46
2026-07-11 19:16:31,339 [INFO] Pass: ContainsInstruction - 0.01097 (ms)
2026-07-11 19:16:31,339 [INFO] Pass: UnitarySynthesis - 0.00691 (ms)
2026-07-11 19:16:31,339 [INFO] Pass: HighLevelSynthesis - 0.00978 (ms)
2026-07-11 19:16:31,339 [INFO] Pass: BasisTranslator - 0.05913 (ms)
2026-07-11 19:16:31,339 [INFO] Pass: ElidePermutations - 0.00477 (ms)
2026-07-11 19:16:31,339 [INFO] Pass: RemoveDiagonalGatesBeforeMeasure - 0.00811 (ms)
2026-07-11 19:16:31,339 [INFO] Pass: RemoveIdentityEquivalent - 0.00334 (ms)
2026-07-11 19:16:31,339 [INFO] Pass: InverseCancellation - 0.00501 (ms)
2026-07-11 19:16:31,339 [INFO] Pass: ContractIdleWiresInControlFlow - 0.00215 (ms)
2026-07-11 19:16:31,339 [INFO] Pass: CommutativeCancellation - 0.06056 (ms)
2026-07-11 19:16:31,339 [INFO] Pass: ConsolidateBlocks - 0.04411 (ms)
2026-07-11 19:16:31,339 [INFO] Pass: Split2QUnitaries - 0.00334 (ms)
2026-07-11 19:16:31,339 [INFO] Pass: UnitarySynthesis - 0.00525 (ms)
2026-07-11 19:16:31,339 [INFO] Pass: HighLevelSynthesis - 0.02360 (ms)
2026-07-11 19:16:31,340 [INFO] Pass: BasisTranslator - 0.06652 (ms)
2026-07-11 19:16:31,340 [INFO] Pass: ConsolidateBlocks - 0.04935 (ms)
2026-07-11 19:16:31,340 [INFO] Pass: UnitarySynthesis - 0.00453 (ms)
2026-07-11 19:16:31,340 [INFO] Pass: Depth - 0.01979 (ms)
2026-07-11 19:16:31,340 [INFO] Pass: FixedPoint - 0.00525 (ms)
2026-07-11 19:16:31,340 [INFO] Pass: Size - 0.00334 (ms)
2026-07-11 19:16:31,340 [INFO] Pass: FixedPoint - 0.00262 (ms)
2026-07-11 19:16:31,340 [INFO] Pass: RemoveIdentityEquivalent - 0.00286 (ms)
2026-07-11 19:16:31,340 [INFO] Pass: Optimize1qGatesDecomposition - 0.03409 (ms)
2026-07-11 19:16:31,340 [INFO] Pass: CommutativeCancellation - 0.07606 (ms)
2026-07-11 19:16:31,340 [INFO] Pass: ContractIdleWiresInControlFlow - 0.00191 (ms)
2026-07-11 19:16:31,340 [INFO] Pass: GatesInBasis - 0.01884 (ms)
2026-07-11 19:16:31,340 [INFO] Pass: Depth - 0.01693 (ms)
2026-07-11 19:16:31,340 [INFO] Pass: FixedPoint - 0.00334 (ms)
2026-07-11 19:16:31,340 [INFO] Pass: Size - 0.00191 (ms)
2026-07-11 19:16:31,340 [INFO] Pass: FixedPoint - 0.00286 (ms)
2026-07-11 19:16:31,340 [INFO] Pass: ContainsInstruction - 0.00501 (ms)
2026-07-11 19:16:31,340 [INFO] Total Transpile Time - 92.38100 (ms)
2026-07-11 19:16:31,430 [INFO] Pass: ContainsInstruction - 0.00978 (ms)
2026-07-11 19:16:31,430 [INFO] Pass: UnitarySynthesis - 0.00620 (ms)
2026-07-11 19:16:31,430 [INFO] Pass: HighLevelSynthesis - 0.00715 (ms)
2026-07-11 19:16:31,430 [INFO] Pass: BasisTranslator - 0.05555 (ms)
2026-07-11 19:16:31,431 [INFO] Pass: ElidePermutations - 0.00358 (ms)
2026-07-11 19:16:31,431 [INFO] Pass: RemoveDiagonalGatesBeforeMeasure - 0.00691 (ms)
2026-07-11 19:16:31,431 [INFO] Pass: RemoveIdentityEquivalent - 0.00477 (ms)
2026-07-11 19:16:31,431 [INFO] Pass: InverseCancellation - 0.02122 (ms)
2026-07-11 19:16:31,431 [INFO] Pass: ContractIdleWiresInControlFlow - 0.00215 (ms)
2026-07-11 19:16:31,431 [INFO] Pass: CommutativeCancellation - 0.06390 (ms)
2026-07-11 19:16:31,431 [INFO] Pass: ConsolidateBlocks - 0.04029 (ms)
2026-07-11 19:16:31,431 [INFO] Pass: Split2QUnitaries - 0.00215 (ms)
2026-07-11 19:16:31,431 [INFO] Pass: UnitarySynthesis - 0.00453 (ms)
2026-07-11 19:16:31,431 [INFO] Pass: HighLevelSynthesis - 0.02337 (ms)
2026-07-11 19:16:31,431 [INFO] Pass: BasisTranslator - 0.06533 (ms)
2026-07-11 19:16:31,431 [INFO] Pass: ConsolidateBlocks - 0.04935 (ms)
2026-07-11 19:16:31,431 [INFO] Pass: UnitarySynthesis - 0.00429 (ms)
2026-07-11 19:16:31,431 [INFO] Pass: Depth - 0.01979 (ms)
2026-07-11 19:16:31,431 [INFO] Pass: FixedPoint - 0.00453 (ms)
2026-07-11 19:16:31,431 [INFO] Pass: Size - 0.00286 (ms)
2026-07-11 19:16:31,431 [INFO] Pass: FixedPoint - 0.00262 (ms)
2026-07-11 19:16:31,431 [INFO] Pass: RemoveIdentityEquivalent - 0.00405 (ms)
2026-07-11 19:16:31,431 [INFO] Pass: Optimize1qGatesDecomposition - 0.15807 (ms)
2026-07-11 19:16:31,432 [INFO] Pass: CommutativeCancellation - 0.08225 (ms)
2026-07-11 19:16:31,432 [INFO] Pass: ContractIdleWiresInControlFlow - 0.00191 (ms)
2026-07-11 19:16:31,432 [INFO] Pass: GatesInBasis - 0.01884 (ms)
2026-07-11 19:16:31,432 [INFO] Pass: Depth - 0.02098 (ms)
2026-07-11 19:16:31,432 [INFO] Pass: FixedPoint - 0.00405 (ms)
2026-07-11 19:16:31,432 [INFO] Pass: Size - 0.00238 (ms)
2026-07-11 19:16:31,432 [INFO] Pass: FixedPoint - 0.00286 (ms)
2026-07-11 19:16:31,432 [INFO] Pass: ContainsInstruction - 0.00572 (ms)
2026-07-11 19:16:31,432 [INFO] Total Transpile Time - 91.23111 (ms)
2026-07-11 19:16:31,520 [INFO] Pass: ContainsInstruction - 0.00954 (ms)
2026-07-11 19:16:31,520 [INFO] Pass: UnitarySynthesis - 0.00644 (ms)
2026-07-11 19:16:31,520 [INFO] Pass: HighLevelSynthesis - 0.00715 (ms)
2026-07-11 19:16:31,520 [INFO] Pass: BasisTranslator - 0.05126 (ms)
2026-07-11 19:16:31,521 [INFO] Pass: ElidePermutations - 0.00310 (ms)
2026-07-11 19:16:31,521 [INFO] Pass: RemoveDiagonalGatesBeforeMeasure - 0.00644 (ms)
2026-07-11 19:16:31,521 [INFO] Pass: RemoveIdentityEquivalent - 0.00596 (ms)
2026-07-11 19:16:31,521 [INFO] Pass: InverseCancellation - 0.02098 (ms)
2026-07-11 19:16:31,521 [INFO] Pass: ContractIdleWiresInControlFlow - 0.00215 (ms)
2026-07-11 19:16:31,521 [INFO] Pass: CommutativeCancellation - 0.06008 (ms)
2026-07-11 19:16:31,521 [INFO] Pass: ConsolidateBlocks - 0.03862 (ms)
2026-07-11 19:16:31,521 [INFO] Pass: Split2QUnitaries - 0.00238 (ms)
2026-07-11 19:16:31,521 [INFO] Pass: UnitarySynthesis - 0.00525 (ms)
2026-07-11 19:16:31,521 [INFO] Pass: HighLevelSynthesis - 0.02480 (ms)
2026-07-11 19:16:31,521 [INFO] Pass: BasisTranslator - 0.06437 (ms)
2026-07-11 19:16:31,521 [INFO] Pass: ConsolidateBlocks - 0.04721 (ms)
2026-07-11 19:16:31,521 [INFO] Pass: UnitarySynthesis - 0.00501 (ms)
2026-07-11 19:16:31,521 [INFO] Pass: Depth - 0.02074 (ms)
2026-07-11 19:16:31,521 [INFO] Pass: FixedPoint - 0.00405 (ms)
2026-07-11 19:16:31,521 [INFO] Pass: Size - 0.00238 (ms)
2026-07-11 19:16:31,521 [INFO] Pass: FixedPoint - 0.00262 (ms)
2026-07-11 19:16:31,521 [INFO] Pass: RemoveIdentityEquivalent - 0.00501 (ms)
2026-07-11 19:16:31,521 [INFO] Pass: Optimize1qGatesDecomposition - 0.16451 (ms)
2026-07-11 19:16:31,522 [INFO] Pass: CommutativeCancellation - 0.07391 (ms)
2026-07-11 19:16:31,522 [INFO] Pass: ContractIdleWiresInControlFlow - 0.00191 (ms)
2026-07-11 19:16:31,522 [INFO] Pass: GatesInBasis - 0.01884 (ms)
2026-07-11 19:16:31,522 [INFO] Pass: Depth - 0.01884 (ms)
2026-07-11 19:16:31,522 [INFO] Pass: FixedPoint - 0.00381 (ms)
2026-07-11 19:16:31,522 [INFO] Pass: Size - 0.00215 (ms)
2026-07-11 19:16:31,522 [INFO] Pass: FixedPoint - 0.00262 (ms)
2026-07-11 19:16:31,522 [INFO] Pass: RemoveIdentityEquivalent - 0.00477 (ms)
2026-07-11 19:16:31,522 [INFO] Pass: Optimize1qGatesDecomposition - 0.13685 (ms)
2026-07-11 19:16:31,522 [INFO] Pass: CommutativeCancellation - 0.06557 (ms)
2026-07-11 19:16:31,522 [INFO] Pass: ContractIdleWiresInControlFlow - 0.00191 (ms)
2026-07-11 19:16:31,522 [INFO] Pass: GatesInBasis - 0.01788 (ms)
2026-07-11 19:16:31,522 [INFO] Pass: Depth - 0.01764 (ms)
2026-07-11 19:16:31,522 [INFO] Pass: FixedPoint - 0.00310 (ms)
2026-07-11 19:16:31,522 [INFO] Pass: Size - 0.00191 (ms)
2026-07-11 19:16:31,522 [INFO] Pass: FixedPoint - 0.00286 (ms)
2026-07-11 19:16:31,522 [INFO] Pass: ContainsInstruction - 0.00501 (ms)
2026-07-11 19:16:31,522 [INFO] Total Transpile Time - 90.09743 (ms)
2026-07-11 19:37:16,720 [INFO] [PCE] n=150 instancia 67/100 completada en 0:00:20:45 — transcurrido=0:22:20:18 restante_estimado=0:11:00:09
2026-07-11 19:37:16,824 [INFO] Pass: ContainsInstruction - 0.01144 (ms)
2026-07-11 19:37:16,824 [INFO] Pass: UnitarySynthesis - 0.00763 (ms)
2026-07-11 19:37:16,824 [INFO] Pass: HighLevelSynthesis - 0.00882 (ms)
2026-07-11 19:37:16,824 [INFO] Pass: BasisTranslator - 0.05937 (ms)
2026-07-11 19:37:16,824 [INFO] Pass: ElidePermutations - 0.00477 (ms)
2026-07-11 19:37:16,824 [INFO] Pass: RemoveDiagonalGatesBeforeMeasure - 0.00811 (ms)
2026-07-11 19:37:16,824 [INFO] Pass: RemoveIdentityEquivalent - 0.00381 (ms)
2026-07-11 19:37:16,824 [INFO] Pass: InverseCancellation - 0.00525 (ms)
2026-07-11 19:37:16,824 [INFO] Pass: ContractIdleWiresInControlFlow - 0.00215 (ms)
2026-07-11 19:37:16,824 [INFO] Pass: CommutativeCancellation - 0.05579 (ms)
2026-07-11 19:37:16,824 [INFO] Pass: ConsolidateBlocks - 0.04220 (ms)
2026-07-11 19:37:16,824 [INFO] Pass: Split2QUnitaries - 0.00262 (ms)
2026-07-11 19:37:16,825 [INFO] Pass: UnitarySynthesis - 0.00501 (ms)
2026-07-11 19:37:16,825 [INFO] Pass: HighLevelSynthesis - 0.02265 (ms)
2026-07-11 19:37:16,825 [INFO] Pass: BasisTranslator - 0.06843 (ms)
2026-07-11 19:37:16,825 [INFO] Pass: ConsolidateBlocks - 0.04935 (ms)
2026-07-11 19:37:16,825 [INFO] Pass: UnitarySynthesis - 0.00453 (ms)
2026-07-11 19:37:16,825 [INFO] Pass: Depth - 0.01979 (ms)
2026-07-11 19:37:16,825 [INFO] Pass: FixedPoint - 0.00477 (ms)
2026-07-11 19:37:16,825 [INFO] Pass: Size - 0.00310 (ms)
2026-07-11 19:37:16,825 [INFO] Pass: FixedPoint - 0.00262 (ms)
2026-07-11 19:37:16,825 [INFO] Pass: RemoveIdentityEquivalent - 0.00286 (ms)
2026-07-11 19:37:16,825 [INFO] Pass: Optimize1qGatesDecomposition - 0.03266 (ms)
2026-07-11 19:37:16,825 [INFO] Pass: CommutativeCancellation - 0.07272 (ms)
2026-07-11 19:37:16,825 [INFO] Pass: ContractIdleWiresInControlFlow - 0.00215 (ms)
2026-07-11 19:37:16,825 [INFO] Pass: GatesInBasis - 0.01955 (ms)
2026-07-11 19:37:16,825 [INFO] Pass: Depth - 0.01693 (ms)
2026-07-11 19:37:16,825 [INFO] Pass: FixedPoint - 0.00334 (ms)
2026-07-11 19:37:16,825 [INFO] Pass: Size - 0.00262 (ms)
2026-07-11 19:37:16,825 [INFO] Pass: FixedPoint - 0.00286 (ms)
2026-07-11 19:37:16,825 [INFO] Pass: ContainsInstruction - 0.00477 (ms)
2026-07-11 19:37:16,826 [INFO] Total Transpile Time - 89.90574 (ms)
2026-07-11 19:37:16,912 [INFO] Pass: ContainsInstruction - 0.00978 (ms)
2026-07-11 19:37:16,912 [INFO] Pass: UnitarySynthesis - 0.00644 (ms)
2026-07-11 19:37:16,912 [INFO] Pass: HighLevelSynthesis - 0.00763 (ms)
2026-07-11 19:37:16,912 [INFO] Pass: BasisTranslator - 0.05984 (ms)
2026-07-11 19:37:16,912 [INFO] Pass: ElidePermutations - 0.00405 (ms)
2026-07-11 19:37:16,912 [INFO] Pass: RemoveDiagonalGatesBeforeMeasure - 0.00668 (ms)
2026-07-11 19:37:16,912 [INFO] Pass: RemoveIdentityEquivalent - 0.00429 (ms)
2026-07-11 19:37:16,912 [INFO] Pass: InverseCancellation - 0.02241 (ms)
2026-07-11 19:37:16,912 [INFO] Pass: ContractIdleWiresInControlFlow - 0.00215 (ms)
2026-07-11 19:37:16,913 [INFO] Pass: CommutativeCancellation - 0.06413 (ms)
2026-07-11 19:37:16,913 [INFO] Pass: ConsolidateBlocks - 0.03886 (ms)
2026-07-11 19:37:16,913 [INFO] Pass: Split2QUnitaries - 0.00310 (ms)
2026-07-11 19:37:16,913 [INFO] Pass: UnitarySynthesis - 0.00501 (ms)
2026-07-11 19:37:16,913 [INFO] Pass: HighLevelSynthesis - 0.02337 (ms)
2026-07-11 19:37:16,913 [INFO] Pass: BasisTranslator - 0.06294 (ms)
2026-07-11 19:37:16,913 [INFO] Pass: ConsolidateBlocks - 0.04745 (ms)
2026-07-11 19:37:16,913 [INFO] Pass: UnitarySynthesis - 0.00477 (ms)
2026-07-11 19:37:16,913 [INFO] Pass: Depth - 0.01931 (ms)
2026-07-11 19:37:16,913 [INFO] Pass: FixedPoint - 0.00477 (ms)
2026-07-11 19:37:16,913 [INFO] Pass: Size - 0.00286 (ms)
2026-07-11 19:37:16,913 [INFO] Pass: FixedPoint - 0.00286 (ms)
2026-07-11 19:37:16,913 [INFO] Pass: RemoveIdentityEquivalent - 0.00381 (ms)
2026-07-11 19:37:16,913 [INFO] Pass: Optimize1qGatesDecomposition - 0.14925 (ms)
2026-07-11 19:37:16,913 [INFO] Pass: CommutativeCancellation - 0.08893 (ms)
2026-07-11 19:37:16,913 [INFO] Pass: ContractIdleWiresInControlFlow - 0.00215 (ms)
2026-07-11 19:37:16,913 [INFO] Pass: GatesInBasis - 0.02050 (ms)
2026-07-11 19:37:16,913 [INFO] Pass: Depth - 0.01740 (ms)
2026-07-11 19:37:16,913 [INFO] Pass: FixedPoint - 0.00381 (ms)
2026-07-11 19:37:16,913 [INFO] Pass: Size - 0.00238 (ms)
2026-07-11 19:37:16,914 [INFO] Pass: FixedPoint - 0.00286 (ms)
2026-07-11 19:37:16,914 [INFO] Pass: ContainsInstruction - 0.00525 (ms)
2026-07-11 19:37:16,914 [INFO] Total Transpile Time - 87.91304 (ms)
2026-07-11 19:37:17,001 [INFO] Pass: ContainsInstruction - 0.00906 (ms)
2026-07-11 19:37:17,001 [INFO] Pass: UnitarySynthesis - 0.00644 (ms)
2026-07-11 19:37:17,001 [INFO] Pass: HighLevelSynthesis - 0.00691 (ms)
2026-07-11 19:37:17,001 [INFO] Pass: BasisTranslator - 0.05078 (ms)
2026-07-11 19:37:17,001 [INFO] Pass: ElidePermutations - 0.00334 (ms)
2026-07-11 19:37:17,001 [INFO] Pass: RemoveDiagonalGatesBeforeMeasure - 0.00596 (ms)
2026-07-11 19:37:17,001 [INFO] Pass: RemoveIdentityEquivalent - 0.00525 (ms)
2026-07-11 19:37:17,001 [INFO] Pass: InverseCancellation - 0.02050 (ms)
2026-07-11 19:37:17,001 [INFO] Pass: ContractIdleWiresInControlFlow - 0.00906 (ms)
2026-07-11 19:37:17,001 [INFO] Pass: CommutativeCancellation - 0.06056 (ms)
2026-07-11 19:37:17,001 [INFO] Pass: ConsolidateBlocks - 0.03934 (ms)
2026-07-11 19:37:17,001 [INFO] Pass: Split2QUnitaries - 0.00215 (ms)
2026-07-11 19:37:17,001 [INFO] Pass: UnitarySynthesis - 0.00548 (ms)
2026-07-11 19:37:17,002 [INFO] Pass: HighLevelSynthesis - 0.02456 (ms)
2026-07-11 19:37:17,002 [INFO] Pass: BasisTranslator - 0.06580 (ms)
2026-07-11 19:37:17,002 [INFO] Pass: ConsolidateBlocks - 0.05031 (ms)
2026-07-11 19:37:17,002 [INFO] Pass: UnitarySynthesis - 0.00477 (ms)
2026-07-11 19:37:17,002 [INFO] Pass: Depth - 0.02027 (ms)
2026-07-11 19:37:17,002 [INFO] Pass: FixedPoint - 0.00429 (ms)
2026-07-11 19:37:17,002 [INFO] Pass: Size - 0.00238 (ms)
2026-07-11 19:37:17,002 [INFO] Pass: FixedPoint - 0.00286 (ms)
2026-07-11 19:37:17,002 [INFO] Pass: RemoveIdentityEquivalent - 0.00501 (ms)
2026-07-11 19:37:17,002 [INFO] Pass: Optimize1qGatesDecomposition - 0.16475 (ms)
2026-07-11 19:37:17,002 [INFO] Pass: CommutativeCancellation - 0.07653 (ms)
2026-07-11 19:37:17,002 [INFO] Pass: ContractIdleWiresInControlFlow - 0.00167 (ms)
2026-07-11 19:37:17,002 [INFO] Pass: GatesInBasis - 0.02027 (ms)
2026-07-11 19:37:17,002 [INFO] Pass: Depth - 0.02551 (ms)
2026-07-11 19:37:17,002 [INFO] Pass: FixedPoint - 0.00381 (ms)
2026-07-11 19:37:17,002 [INFO] Pass: Size - 0.00215 (ms)
2026-07-11 19:37:17,002 [INFO] Pass: FixedPoint - 0.00286 (ms)
2026-07-11 19:37:17,002 [INFO] Pass: RemoveIdentityEquivalent - 0.00477 (ms)
2026-07-11 19:37:17,003 [INFO] Pass: Optimize1qGatesDecomposition - 0.14067 (ms)
2026-07-11 19:37:17,003 [INFO] Pass: CommutativeCancellation - 0.06914 (ms)
2026-07-11 19:37:17,003 [INFO] Pass: ContractIdleWiresInControlFlow - 0.00167 (ms)
2026-07-11 19:37:17,003 [INFO] Pass: GatesInBasis - 0.01884 (ms)
2026-07-11 19:37:17,003 [INFO] Pass: Depth - 0.01693 (ms)
2026-07-11 19:37:17,003 [INFO] Pass: FixedPoint - 0.00286 (ms)
2026-07-11 19:37:17,003 [INFO] Pass: Size - 0.00215 (ms)
2026-07-11 19:37:17,003 [INFO] Pass: FixedPoint - 0.00262 (ms)
2026-07-11 19:37:17,003 [INFO] Pass: ContainsInstruction - 0.00525 (ms)
2026-07-11 19:37:17,003 [INFO] Total Transpile Time - 88.95564 (ms)
2026-07-11 19:59:03,558 [INFO] [PCE] n=150 instancia 68/100 completada en 0:00:21:47 — transcurrido=0:22:42:05 restante_estimado=0:10:40:59
2026-07-11 19:59:03,666 [INFO] Pass: ContainsInstruction - 0.01168 (ms)
2026-07-11 19:59:03,666 [INFO] Pass: UnitarySynthesis - 0.00739 (ms)
2026-07-11 19:59:03,666 [INFO] Pass: HighLevelSynthesis - 0.00858 (ms)
2026-07-11 19:59:03,667 [INFO] Pass: BasisTranslator - 0.05651 (ms)
2026-07-11 19:59:03,667 [INFO] Pass: ElidePermutations - 0.00501 (ms)
2026-07-11 19:59:03,667 [INFO] Pass: RemoveDiagonalGatesBeforeMeasure - 0.00811 (ms)
2026-07-11 19:59:03,667 [INFO] Pass: RemoveIdentityEquivalent - 0.00381 (ms)
2026-07-11 19:59:03,667 [INFO] Pass: InverseCancellation - 0.00525 (ms)
2026-07-11 19:59:03,667 [INFO] Pass: ContractIdleWiresInControlFlow - 0.00215 (ms)
2026-07-11 19:59:03,667 [INFO] Pass: CommutativeCancellation - 0.05579 (ms)
2026-07-11 19:59:03,667 [INFO] Pass: ConsolidateBlocks - 0.04244 (ms)
2026-07-11 19:59:03,667 [INFO] Pass: Split2QUnitaries - 0.00286 (ms)
2026-07-11 19:59:03,667 [INFO] Pass: UnitarySynthesis - 0.00477 (ms)
2026-07-11 19:59:03,667 [INFO] Pass: HighLevelSynthesis - 0.02289 (ms)
2026-07-11 19:59:03,667 [INFO] Pass: BasisTranslator - 0.06151 (ms)
2026-07-11 19:59:03,667 [INFO] Pass: ConsolidateBlocks - 0.04697 (ms)
2026-07-11 19:59:03,667 [INFO] Pass: UnitarySynthesis - 0.00453 (ms)
2026-07-11 19:59:03,667 [INFO] Pass: Depth - 0.02217 (ms)
2026-07-11 19:59:03,667 [INFO] Pass: FixedPoint - 0.00453 (ms)
2026-07-11 19:59:03,667 [INFO] Pass: Size - 0.00310 (ms)
2026-07-11 19:59:03,667 [INFO] Pass: FixedPoint - 0.00286 (ms)
2026-07-11 19:59:03,667 [INFO] Pass: RemoveIdentityEquivalent - 0.00238 (ms)
2026-07-11 19:59:03,667 [INFO] Pass: Optimize1qGatesDecomposition - 0.03242 (ms)
2026-07-11 19:59:03,667 [INFO] Pass: CommutativeCancellation - 0.07176 (ms)
2026-07-11 19:59:03,667 [INFO] Pass: ContractIdleWiresInControlFlow - 0.00215 (ms)
2026-07-11 19:59:03,667 [INFO] Pass: GatesInBasis - 0.01955 (ms)
2026-07-11 19:59:03,668 [INFO] Pass: Depth - 0.01693 (ms)
2026-07-11 19:59:03,668 [INFO] Pass: FixedPoint - 0.00358 (ms)
2026-07-11 19:59:03,668 [INFO] Pass: Size - 0.00191 (ms)
2026-07-11 19:59:03,668 [INFO] Pass: FixedPoint - 0.00262 (ms)
2026-07-11 19:59:03,668 [INFO] Pass: ContainsInstruction - 0.00477 (ms)
2026-07-11 19:59:03,668 [INFO] Total Transpile Time - 92.47255 (ms)
2026-07-11 19:59:03,756 [INFO] Pass: ContainsInstruction - 0.00930 (ms)
2026-07-11 19:59:03,757 [INFO] Pass: UnitarySynthesis - 0.00596 (ms)
2026-07-11 19:59:03,757 [INFO] Pass: HighLevelSynthesis - 0.00763 (ms)
2026-07-11 19:59:03,757 [INFO] Pass: BasisTranslator - 0.05126 (ms)
2026-07-11 19:59:03,757 [INFO] Pass: ElidePermutations - 0.00381 (ms)
2026-07-11 19:59:03,757 [INFO] Pass: RemoveDiagonalGatesBeforeMeasure - 0.00763 (ms)
2026-07-11 19:59:03,757 [INFO] Pass: RemoveIdentityEquivalent - 0.00501 (ms)
2026-07-11 19:59:03,757 [INFO] Pass: InverseCancellation - 0.02289 (ms)
2026-07-11 19:59:03,757 [INFO] Pass: ContractIdleWiresInControlFlow - 0.00191 (ms)
2026-07-11 19:59:03,757 [INFO] Pass: CommutativeCancellation - 0.06270 (ms)
2026-07-11 19:59:03,757 [INFO] Pass: ConsolidateBlocks - 0.04005 (ms)
2026-07-11 19:59:03,757 [INFO] Pass: Split2QUnitaries - 0.00334 (ms)
2026-07-11 19:59:03,757 [INFO] Pass: UnitarySynthesis - 0.00501 (ms)
2026-07-11 19:59:03,757 [INFO] Pass: HighLevelSynthesis - 0.02384 (ms)
2026-07-11 19:59:03,757 [INFO] Pass: BasisTranslator - 0.06413 (ms)
2026-07-11 19:59:03,757 [INFO] Pass: ConsolidateBlocks - 0.04888 (ms)
2026-07-11 19:59:03,757 [INFO] Pass: UnitarySynthesis - 0.00453 (ms)
2026-07-11 19:59:03,757 [INFO] Pass: Depth - 0.02027 (ms)
2026-07-11 19:59:03,757 [INFO] Pass: FixedPoint - 0.00405 (ms)
2026-07-11 19:59:03,757 [INFO] Pass: Size - 0.00262 (ms)
2026-07-11 19:59:03,757 [INFO] Pass: FixedPoint - 0.00262 (ms)
2026-07-11 19:59:03,757 [INFO] Pass: RemoveIdentityEquivalent - 0.00405 (ms)
2026-07-11 19:59:03,758 [INFO] Pass: Optimize1qGatesDecomposition - 0.14853 (ms)
2026-07-11 19:59:03,758 [INFO] Pass: CommutativeCancellation - 0.08130 (ms)
2026-07-11 19:59:03,758 [INFO] Pass: ContractIdleWiresInControlFlow - 0.00191 (ms)
2026-07-11 19:59:03,758 [INFO] Pass: GatesInBasis - 0.01884 (ms)
2026-07-11 19:59:03,758 [INFO] Pass: Depth - 0.01812 (ms)
2026-07-11 19:59:03,758 [INFO] Pass: FixedPoint - 0.00358 (ms)
2026-07-11 19:59:03,758 [INFO] Pass: Size - 0.00238 (ms)
2026-07-11 19:59:03,758 [INFO] Pass: FixedPoint - 0.00286 (ms)
2026-07-11 19:59:03,758 [INFO] Pass: ContainsInstruction - 0.00501 (ms)
2026-07-11 19:59:03,758 [INFO] Total Transpile Time - 89.91456 (ms)
2026-07-11 19:59:03,846 [INFO] Pass: ContainsInstruction - 0.00930 (ms)
2026-07-11 19:59:03,847 [INFO] Pass: UnitarySynthesis - 0.00620 (ms)
2026-07-11 19:59:03,847 [INFO] Pass: HighLevelSynthesis - 0.00763 (ms)
2026-07-11 19:59:03,847 [INFO] Pass: BasisTranslator - 0.04983 (ms)
2026-07-11 19:59:03,847 [INFO] Pass: ElidePermutations - 0.00286 (ms)
2026-07-11 19:59:03,847 [INFO] Pass: RemoveDiagonalGatesBeforeMeasure - 0.00668 (ms)
2026-07-11 19:59:03,847 [INFO] Pass: RemoveIdentityEquivalent - 0.00548 (ms)
2026-07-11 19:59:03,847 [INFO] Pass: InverseCancellation - 0.02241 (ms)
2026-07-11 19:59:03,847 [INFO] Pass: ContractIdleWiresInControlFlow - 0.00215 (ms)
2026-07-11 19:59:03,847 [INFO] Pass: CommutativeCancellation - 0.06104 (ms)
2026-07-11 19:59:03,847 [INFO] Pass: ConsolidateBlocks - 0.04268 (ms)
2026-07-11 19:59:03,847 [INFO] Pass: Split2QUnitaries - 0.00215 (ms)
2026-07-11 19:59:03,847 [INFO] Pass: UnitarySynthesis - 0.00477 (ms)
2026-07-11 19:59:03,847 [INFO] Pass: HighLevelSynthesis - 0.02503 (ms)
2026-07-11 19:59:03,847 [INFO] Pass: BasisTranslator - 0.06247 (ms)
2026-07-11 19:59:03,847 [INFO] Pass: ConsolidateBlocks - 0.05722 (ms)
2026-07-11 19:59:03,847 [INFO] Pass: UnitarySynthesis - 0.00477 (ms)
2026-07-11 19:59:03,847 [INFO] Pass: Depth - 0.02193 (ms)
2026-07-11 19:59:03,847 [INFO] Pass: FixedPoint - 0.00429 (ms)
2026-07-11 19:59:03,847 [INFO] Pass: Size - 0.00238 (ms)
2026-07-11 19:59:03,847 [INFO] Pass: FixedPoint - 0.00286 (ms)
2026-07-11 19:59:03,847 [INFO] Pass: RemoveIdentityEquivalent - 0.00501 (ms)
2026-07-11 19:59:03,848 [INFO] Pass: Optimize1qGatesDecomposition - 0.16022 (ms)
2026-07-11 19:59:03,848 [INFO] Pass: CommutativeCancellation - 0.07343 (ms)
2026-07-11 19:59:03,848 [INFO] Pass: ContractIdleWiresInControlFlow - 0.00167 (ms)
2026-07-11 19:59:03,848 [INFO] Pass: GatesInBasis - 0.01979 (ms)
2026-07-11 19:59:03,848 [INFO] Pass: Depth - 0.01907 (ms)
2026-07-11 19:59:03,848 [INFO] Pass: FixedPoint - 0.00334 (ms)
2026-07-11 19:59:03,848 [INFO] Pass: Size - 0.00191 (ms)
2026-07-11 19:59:03,848 [INFO] Pass: FixedPoint - 0.00286 (ms)
2026-07-11 19:59:03,848 [INFO] Pass: RemoveIdentityEquivalent - 0.00477 (ms)
2026-07-11 19:59:03,848 [INFO] Pass: Optimize1qGatesDecomposition - 0.13733 (ms)
2026-07-11 19:59:03,848 [INFO] Pass: CommutativeCancellation - 0.07057 (ms)
2026-07-11 19:59:03,848 [INFO] Pass: ContractIdleWiresInControlFlow - 0.00167 (ms)
2026-07-11 19:59:03,848 [INFO] Pass: GatesInBasis - 0.02480 (ms)
2026-07-11 19:59:03,848 [INFO] Pass: Depth - 0.01836 (ms)
2026-07-11 19:59:03,848 [INFO] Pass: FixedPoint - 0.00334 (ms)
2026-07-11 19:59:03,848 [INFO] Pass: Size - 0.00191 (ms)
2026-07-11 19:59:03,848 [INFO] Pass: FixedPoint - 0.00286 (ms)
2026-07-11 19:59:03,848 [INFO] Pass: ContainsInstruction - 0.00525 (ms)
2026-07-11 19:59:03,849 [INFO] Total Transpile Time - 90.14750 (ms)
2026-07-11 20:20:43,335 [INFO] [PCE] n=150 instancia 69/100 completada en 0:00:21:40 — transcurrido=0:23:03:45 restante_estimado=0:10:21:41
2026-07-11 20:20:43,440 [INFO] Pass: ContainsInstruction - 0.01168 (ms)
2026-07-11 20:20:43,441 [INFO] Pass: UnitarySynthesis - 0.00668 (ms)
2026-07-11 20:20:43,441 [INFO] Pass: HighLevelSynthesis - 0.00834 (ms)
2026-07-11 20:20:43,441 [INFO] Pass: BasisTranslator - 0.05960 (ms)
2026-07-11 20:20:43,441 [INFO] Pass: ElidePermutations - 0.00453 (ms)
2026-07-11 20:20:43,441 [INFO] Pass: RemoveDiagonalGatesBeforeMeasure - 0.00834 (ms)
2026-07-11 20:20:43,441 [INFO] Pass: RemoveIdentityEquivalent - 0.00334 (ms)
2026-07-11 20:20:43,441 [INFO] Pass: InverseCancellation - 0.00548 (ms)
2026-07-11 20:20:43,441 [INFO] Pass: ContractIdleWiresInControlFlow - 0.00191 (ms)
2026-07-11 20:20:43,441 [INFO] Pass: CommutativeCancellation - 0.05674 (ms)
2026-07-11 20:20:43,441 [INFO] Pass: ConsolidateBlocks - 0.04196 (ms)
2026-07-11 20:20:43,441 [INFO] Pass: Split2QUnitaries - 0.00286 (ms)
2026-07-11 20:20:43,441 [INFO] Pass: UnitarySynthesis - 0.00453 (ms)
2026-07-11 20:20:43,441 [INFO] Pass: HighLevelSynthesis - 0.02265 (ms)
2026-07-11 20:20:43,441 [INFO] Pass: BasisTranslator - 0.06604 (ms)
2026-07-11 20:20:43,441 [INFO] Pass: ConsolidateBlocks - 0.05794 (ms)
2026-07-11 20:20:43,441 [INFO] Pass: UnitarySynthesis - 0.00429 (ms)
2026-07-11 20:20:43,441 [INFO] Pass: Depth - 0.01931 (ms)
2026-07-11 20:20:43,441 [INFO] Pass: FixedPoint - 0.00429 (ms)
2026-07-11 20:20:43,441 [INFO] Pass: Size - 0.00358 (ms)
2026-07-11 20:20:43,441 [INFO] Pass: FixedPoint - 0.00310 (ms)
2026-07-11 20:20:43,441 [INFO] Pass: RemoveIdentityEquivalent - 0.00286 (ms)
2026-07-11 20:20:43,442 [INFO] Pass: Optimize1qGatesDecomposition - 0.03386 (ms)
2026-07-11 20:20:43,442 [INFO] Pass: CommutativeCancellation - 0.07486 (ms)
2026-07-11 20:20:43,442 [INFO] Pass: ContractIdleWiresInControlFlow - 0.00167 (ms)
2026-07-11 20:20:43,442 [INFO] Pass: GatesInBasis - 0.02027 (ms)
2026-07-11 20:20:43,442 [INFO] Pass: Depth - 0.01693 (ms)
2026-07-11 20:20:43,442 [INFO] Pass: FixedPoint - 0.00334 (ms)
2026-07-11 20:20:43,442 [INFO] Pass: Size - 0.00191 (ms)
2026-07-11 20:20:43,442 [INFO] Pass: FixedPoint - 0.00286 (ms)
2026-07-11 20:20:43,442 [INFO] Pass: ContainsInstruction - 0.00501 (ms)
2026-07-11 20:20:43,442 [INFO] Total Transpile Time - 91.04347 (ms)
2026-07-11 20:20:43,530 [INFO] Pass: ContainsInstruction - 0.00978 (ms)
2026-07-11 20:20:43,530 [INFO] Pass: UnitarySynthesis - 0.00644 (ms)
2026-07-11 20:20:43,530 [INFO] Pass: HighLevelSynthesis - 0.00858 (ms)
2026-07-11 20:20:43,530 [INFO] Pass: BasisTranslator - 0.05436 (ms)
2026-07-11 20:20:43,530 [INFO] Pass: ElidePermutations - 0.00381 (ms)
2026-07-11 20:20:43,530 [INFO] Pass: RemoveDiagonalGatesBeforeMeasure - 0.00715 (ms)
2026-07-11 20:20:43,530 [INFO] Pass: RemoveIdentityEquivalent - 0.00477 (ms)
2026-07-11 20:20:43,530 [INFO] Pass: InverseCancellation - 0.02193 (ms)
2026-07-11 20:20:43,530 [INFO] Pass: ContractIdleWiresInControlFlow - 0.00215 (ms)
2026-07-11 20:20:43,530 [INFO] Pass: CommutativeCancellation - 0.06413 (ms)
2026-07-11 20:20:43,530 [INFO] Pass: ConsolidateBlocks - 0.03910 (ms)
2026-07-11 20:20:43,530 [INFO] Pass: Split2QUnitaries - 0.00286 (ms)
2026-07-11 20:20:43,530 [INFO] Pass: UnitarySynthesis - 0.00548 (ms)
2026-07-11 20:20:43,531 [INFO] Pass: HighLevelSynthesis - 0.02337 (ms)
2026-07-11 20:20:43,531 [INFO] Pass: BasisTranslator - 0.06509 (ms)
2026-07-11 20:20:43,531 [INFO] Pass: ConsolidateBlocks - 0.04911 (ms)
2026-07-11 20:20:43,531 [INFO] Pass: UnitarySynthesis - 0.00477 (ms)
2026-07-11 20:20:43,531 [INFO] Pass: Depth - 0.01979 (ms)
2026-07-11 20:20:43,531 [INFO] Pass: FixedPoint - 0.00429 (ms)
2026-07-11 20:20:43,531 [INFO] Pass: Size - 0.00286 (ms)
2026-07-11 20:20:43,531 [INFO] Pass: FixedPoint - 0.00286 (ms)
2026-07-11 20:20:43,531 [INFO] Pass: RemoveIdentityEquivalent - 0.00429 (ms)
2026-07-11 20:20:43,531 [INFO] Pass: Optimize1qGatesDecomposition - 0.14973 (ms)
2026-07-11 20:20:43,531 [INFO] Pass: CommutativeCancellation - 0.08297 (ms)
2026-07-11 20:20:43,531 [INFO] Pass: ContractIdleWiresInControlFlow - 0.00215 (ms)
2026-07-11 20:20:43,531 [INFO] Pass: GatesInBasis - 0.01907 (ms)
2026-07-11 20:20:43,531 [INFO] Pass: Depth - 0.02408 (ms)
2026-07-11 20:20:43,531 [INFO] Pass: FixedPoint - 0.00358 (ms)
2026-07-11 20:20:43,531 [INFO] Pass: Size - 0.00191 (ms)
2026-07-11 20:20:43,531 [INFO] Pass: FixedPoint - 0.00262 (ms)
2026-07-11 20:20:43,531 [INFO] Pass: ContainsInstruction - 0.00525 (ms)
2026-07-11 20:20:43,532 [INFO] Total Transpile Time - 89.14042 (ms)
2026-07-11 20:20:43,619 [INFO] Pass: ContainsInstruction - 0.00954 (ms)
2026-07-11 20:20:43,620 [INFO] Pass: UnitarySynthesis - 0.00644 (ms)
2026-07-11 20:20:43,620 [INFO] Pass: HighLevelSynthesis - 0.00763 (ms)
2026-07-11 20:20:43,620 [INFO] Pass: BasisTranslator - 0.05293 (ms)
2026-07-11 20:20:43,620 [INFO] Pass: ElidePermutations - 0.00334 (ms)
2026-07-11 20:20:43,620 [INFO] Pass: RemoveDiagonalGatesBeforeMeasure - 0.00620 (ms)
2026-07-11 20:20:43,620 [INFO] Pass: RemoveIdentityEquivalent - 0.00548 (ms)
2026-07-11 20:20:43,620 [INFO] Pass: InverseCancellation - 0.02193 (ms)
2026-07-11 20:20:43,620 [INFO] Pass: ContractIdleWiresInControlFlow - 0.00215 (ms)
2026-07-11 20:20:43,620 [INFO] Pass: CommutativeCancellation - 0.06080 (ms)
2026-07-11 20:20:43,620 [INFO] Pass: ConsolidateBlocks - 0.03815 (ms)
2026-07-11 20:20:43,620 [INFO] Pass: Split2QUnitaries - 0.00238 (ms)
2026-07-11 20:20:43,620 [INFO] Pass: UnitarySynthesis - 0.00572 (ms)
2026-07-11 20:20:43,620 [INFO] Pass: HighLevelSynthesis - 0.02480 (ms)
2026-07-11 20:20:43,620 [INFO] Pass: BasisTranslator - 0.06485 (ms)
2026-07-11 20:20:43,620 [INFO] Pass: ConsolidateBlocks - 0.04935 (ms)
2026-07-11 20:20:43,620 [INFO] Pass: UnitarySynthesis - 0.01264 (ms)
2026-07-11 20:20:43,620 [INFO] Pass: Depth - 0.02027 (ms)
2026-07-11 20:20:43,620 [INFO] Pass: FixedPoint - 0.00429 (ms)
2026-07-11 20:20:43,620 [INFO] Pass: Size - 0.00286 (ms)
2026-07-11 20:20:43,620 [INFO] Pass: FixedPoint - 0.00286 (ms)
2026-07-11 20:20:43,620 [INFO] Pass: RemoveIdentityEquivalent - 0.00477 (ms)
2026-07-11 20:20:43,621 [INFO] Pass: Optimize1qGatesDecomposition - 0.16165 (ms)
2026-07-11 20:20:43,621 [INFO] Pass: CommutativeCancellation - 0.07772 (ms)
2026-07-11 20:20:43,621 [INFO] Pass: ContractIdleWiresInControlFlow - 0.00215 (ms)
2026-07-11 20:20:43,621 [INFO] Pass: GatesInBasis - 0.01931 (ms)
2026-07-11 20:20:43,621 [INFO] Pass: Depth - 0.01907 (ms)
2026-07-11 20:20:43,621 [INFO] Pass: FixedPoint - 0.00381 (ms)
2026-07-11 20:20:43,621 [INFO] Pass: Size - 0.00215 (ms)
2026-07-11 20:20:43,621 [INFO] Pass: FixedPoint - 0.00310 (ms)
2026-07-11 20:20:43,621 [INFO] Pass: RemoveIdentityEquivalent - 0.00477 (ms)
2026-07-11 20:20:43,621 [INFO] Pass: Optimize1qGatesDecomposition - 0.13971 (ms)
2026-07-11 20:20:43,621 [INFO] Pass: CommutativeCancellation - 0.07081 (ms)
2026-07-11 20:20:43,621 [INFO] Pass: ContractIdleWiresInControlFlow - 0.00215 (ms)
2026-07-11 20:20:43,621 [INFO] Pass: GatesInBasis - 0.01860 (ms)
2026-07-11 20:20:43,621 [INFO] Pass: Depth - 0.01788 (ms)
2026-07-11 20:20:43,621 [INFO] Pass: FixedPoint - 0.00334 (ms)
2026-07-11 20:20:43,621 [INFO] Pass: Size - 0.00215 (ms)
2026-07-11 20:20:43,621 [INFO] Pass: FixedPoint - 0.00262 (ms)
2026-07-11 20:20:43,621 [INFO] Pass: ContainsInstruction - 0.00572 (ms)
2026-07-11 20:20:43,622 [INFO] Total Transpile Time - 89.69831 (ms)
2026-07-11 20:41:47,092 [INFO] [PCE] n=150 instancia 70/100 completada en 0:00:21:04 — transcurrido=0:23:24:49 restante_estimado=0:10:02:04
2026-07-11 20:41:47,195 [INFO] Pass: ContainsInstruction - 0.01097 (ms)
2026-07-11 20:41:47,195 [INFO] Pass: UnitarySynthesis - 0.00715 (ms)
2026-07-11 20:41:47,195 [INFO] Pass: HighLevelSynthesis - 0.00906 (ms)
2026-07-11 20:41:47,196 [INFO] Pass: BasisTranslator - 0.05865 (ms)
2026-07-11 20:41:47,196 [INFO] Pass: ElidePermutations - 0.00477 (ms)
2026-07-11 20:41:47,196 [INFO] Pass: RemoveDiagonalGatesBeforeMeasure - 0.00906 (ms)
2026-07-11 20:41:47,196 [INFO] Pass: RemoveIdentityEquivalent - 0.00334 (ms)
2026-07-11 20:41:47,196 [INFO] Pass: InverseCancellation - 0.00477 (ms)
2026-07-11 20:41:47,196 [INFO] Pass: ContractIdleWiresInControlFlow - 0.00215 (ms)
2026-07-11 20:41:47,196 [INFO] Pass: CommutativeCancellation - 0.05603 (ms)
2026-07-11 20:41:47,196 [INFO] Pass: ConsolidateBlocks - 0.04101 (ms)
2026-07-11 20:41:47,196 [INFO] Pass: Split2QUnitaries - 0.00310 (ms)
2026-07-11 20:41:47,196 [INFO] Pass: UnitarySynthesis - 0.00501 (ms)
2026-07-11 20:41:47,196 [INFO] Pass: HighLevelSynthesis - 0.02193 (ms)
2026-07-11 20:41:47,196 [INFO] Pass: BasisTranslator - 0.06318 (ms)
2026-07-11 20:41:47,196 [INFO] Pass: ConsolidateBlocks - 0.04792 (ms)
2026-07-11 20:41:47,196 [INFO] Pass: UnitarySynthesis - 0.00453 (ms)
2026-07-11 20:41:47,196 [INFO] Pass: Depth - 0.01955 (ms)
2026-07-11 20:41:47,196 [INFO] Pass: FixedPoint - 0.00453 (ms)
2026-07-11 20:41:47,196 [INFO] Pass: Size - 0.00334 (ms)
2026-07-11 20:41:47,196 [INFO] Pass: FixedPoint - 0.00310 (ms)
2026-07-11 20:41:47,196 [INFO] Pass: RemoveIdentityEquivalent - 0.00286 (ms)
2026-07-11 20:41:47,196 [INFO] Pass: Optimize1qGatesDecomposition - 0.03338 (ms)
2026-07-11 20:41:47,196 [INFO] Pass: CommutativeCancellation - 0.07343 (ms)
2026-07-11 20:41:47,196 [INFO] Pass: ContractIdleWiresInControlFlow - 0.00167 (ms)
2026-07-11 20:41:47,197 [INFO] Pass: GatesInBasis - 0.01931 (ms)
2026-07-11 20:41:47,197 [INFO] Pass: Depth - 0.01621 (ms)
2026-07-11 20:41:47,197 [INFO] Pass: FixedPoint - 0.00334 (ms)
2026-07-11 20:41:47,197 [INFO] Pass: Size - 0.00262 (ms)
2026-07-11 20:41:47,197 [INFO] Pass: FixedPoint - 0.00286 (ms)
2026-07-11 20:41:47,197 [INFO] Pass: ContainsInstruction - 0.00453 (ms)
2026-07-11 20:41:47,197 [INFO] Total Transpile Time - 88.72175 (ms)
2026-07-11 20:41:47,283 [INFO] Pass: ContainsInstruction - 0.00954 (ms)
2026-07-11 20:41:47,283 [INFO] Pass: UnitarySynthesis - 0.00620 (ms)
2026-07-11 20:41:47,283 [INFO] Pass: HighLevelSynthesis - 0.00763 (ms)
2026-07-11 20:41:47,283 [INFO] Pass: BasisTranslator - 0.05054 (ms)
2026-07-11 20:41:47,283 [INFO] Pass: ElidePermutations - 0.00358 (ms)
2026-07-11 20:41:47,283 [INFO] Pass: RemoveDiagonalGatesBeforeMeasure - 0.00668 (ms)
2026-07-11 20:41:47,283 [INFO] Pass: RemoveIdentityEquivalent - 0.00525 (ms)
2026-07-11 20:41:47,283 [INFO] Pass: InverseCancellation - 0.02027 (ms)
2026-07-11 20:41:47,283 [INFO] Pass: ContractIdleWiresInControlFlow - 0.00191 (ms)
2026-07-11 20:41:47,284 [INFO] Pass: CommutativeCancellation - 0.06199 (ms)
2026-07-11 20:41:47,284 [INFO] Pass: ConsolidateBlocks - 0.03958 (ms)
2026-07-11 20:41:47,284 [INFO] Pass: Split2QUnitaries - 0.00238 (ms)
2026-07-11 20:41:47,284 [INFO] Pass: UnitarySynthesis - 0.00501 (ms)
2026-07-11 20:41:47,284 [INFO] Pass: HighLevelSynthesis - 0.02384 (ms)
2026-07-11 20:41:47,284 [INFO] Pass: BasisTranslator - 0.06318 (ms)
2026-07-11 20:41:47,284 [INFO] Pass: ConsolidateBlocks - 0.04745 (ms)
2026-07-11 20:41:47,284 [INFO] Pass: UnitarySynthesis - 0.00477 (ms)
2026-07-11 20:41:47,284 [INFO] Pass: Depth - 0.01884 (ms)
2026-07-11 20:41:47,284 [INFO] Pass: FixedPoint - 0.00429 (ms)
2026-07-11 20:41:47,284 [INFO] Pass: Size - 0.00262 (ms)
2026-07-11 20:41:47,284 [INFO] Pass: FixedPoint - 0.00238 (ms)
2026-07-11 20:41:47,284 [INFO] Pass: RemoveIdentityEquivalent - 0.00429 (ms)
2026-07-11 20:41:47,284 [INFO] Pass: Optimize1qGatesDecomposition - 0.15140 (ms)
2026-07-11 20:41:47,284 [INFO] Pass: CommutativeCancellation - 0.09012 (ms)
2026-07-11 20:41:47,284 [INFO] Pass: ContractIdleWiresInControlFlow - 0.00167 (ms)
2026-07-11 20:41:47,284 [INFO] Pass: GatesInBasis - 0.02027 (ms)
2026-07-11 20:41:47,284 [INFO] Pass: Depth - 0.01812 (ms)
2026-07-11 20:41:47,284 [INFO] Pass: FixedPoint - 0.00358 (ms)
2026-07-11 20:41:47,284 [INFO] Pass: Size - 0.00191 (ms)
2026-07-11 20:41:47,284 [INFO] Pass: FixedPoint - 0.00286 (ms)
2026-07-11 20:41:47,285 [INFO] Pass: ContainsInstruction - 0.00548 (ms)
2026-07-11 20:41:47,285 [INFO] Total Transpile Time - 87.47482 (ms)
2026-07-11 20:41:47,372 [INFO] Pass: ContainsInstruction - 0.00882 (ms)
2026-07-11 20:41:47,372 [INFO] Pass: UnitarySynthesis - 0.00644 (ms)
2026-07-11 20:41:47,372 [INFO] Pass: HighLevelSynthesis - 0.00763 (ms)
2026-07-11 20:41:47,372 [INFO] Pass: BasisTranslator - 0.05007 (ms)
2026-07-11 20:41:47,372 [INFO] Pass: ElidePermutations - 0.00334 (ms)
2026-07-11 20:41:47,372 [INFO] Pass: RemoveDiagonalGatesBeforeMeasure - 0.00668 (ms)
2026-07-11 20:41:47,372 [INFO] Pass: RemoveIdentityEquivalent - 0.00548 (ms)
2026-07-11 20:41:47,372 [INFO] Pass: InverseCancellation - 0.02122 (ms)
2026-07-11 20:41:47,372 [INFO] Pass: ContractIdleWiresInControlFlow - 0.00215 (ms)
2026-07-11 20:41:47,372 [INFO] Pass: CommutativeCancellation - 0.06104 (ms)
2026-07-11 20:41:47,372 [INFO] Pass: ConsolidateBlocks - 0.03886 (ms)
2026-07-11 20:41:47,372 [INFO] Pass: Split2QUnitaries - 0.00262 (ms)
2026-07-11 20:41:47,372 [INFO] Pass: UnitarySynthesis - 0.00548 (ms)
2026-07-11 20:41:47,372 [INFO] Pass: HighLevelSynthesis - 0.02456 (ms)
2026-07-11 20:41:47,372 [INFO] Pass: BasisTranslator - 0.06461 (ms)
2026-07-11 20:41:47,372 [INFO] Pass: ConsolidateBlocks - 0.05603 (ms)
2026-07-11 20:41:47,372 [INFO] Pass: UnitarySynthesis - 0.00477 (ms)
2026-07-11 20:41:47,372 [INFO] Pass: Depth - 0.01931 (ms)
2026-07-11 20:41:47,372 [INFO] Pass: FixedPoint - 0.00405 (ms)
2026-07-11 20:41:47,372 [INFO] Pass: Size - 0.00286 (ms)
2026-07-11 20:41:47,372 [INFO] Pass: FixedPoint - 0.00286 (ms)
2026-07-11 20:41:47,372 [INFO] Pass: RemoveIdentityEquivalent - 0.00525 (ms)
2026-07-11 20:41:47,373 [INFO] Pass: Optimize1qGatesDecomposition - 0.15616 (ms)
2026-07-11 20:41:47,373 [INFO] Pass: CommutativeCancellation - 0.07224 (ms)
2026-07-11 20:41:47,373 [INFO] Pass: ContractIdleWiresInControlFlow - 0.00191 (ms)
2026-07-11 20:41:47,373 [INFO] Pass: GatesInBasis - 0.01884 (ms)
2026-07-11 20:41:47,373 [INFO] Pass: Depth - 0.01884 (ms)
2026-07-11 20:41:47,373 [INFO] Pass: FixedPoint - 0.00334 (ms)
2026-07-11 20:41:47,373 [INFO] Pass: Size - 0.00167 (ms)
2026-07-11 20:41:47,373 [INFO] Pass: FixedPoint - 0.00310 (ms)
2026-07-11 20:41:47,373 [INFO] Pass: RemoveIdentityEquivalent - 0.00477 (ms)
2026-07-11 20:41:47,373 [INFO] Pass: Optimize1qGatesDecomposition - 0.13804 (ms)
2026-07-11 20:41:47,373 [INFO] Pass: CommutativeCancellation - 0.06580 (ms)
2026-07-11 20:41:47,373 [INFO] Pass: ContractIdleWiresInControlFlow - 0.00167 (ms)
2026-07-11 20:41:47,373 [INFO] Pass: GatesInBasis - 0.02575 (ms)
2026-07-11 20:41:47,373 [INFO] Pass: Depth - 0.01669 (ms)
2026-07-11 20:41:47,373 [INFO] Pass: FixedPoint - 0.00310 (ms)
2026-07-11 20:41:47,373 [INFO] Pass: Size - 0.00215 (ms)
2026-07-11 20:41:47,373 [INFO] Pass: FixedPoint - 0.00262 (ms)
2026-07-11 20:41:47,373 [INFO] Pass: ContainsInstruction - 0.00572 (ms)
2026-07-11 20:41:47,374 [INFO] Total Transpile Time - 88.56869 (ms)
2026-07-11 20:59:32,693 [INFO] [PCE] n=150 instancia 71/100 completada en 0:00:17:46 — transcurrido=0:23:42:34 restante_estimado=0:09:41:03
2026-07-11 20:59:32,800 [INFO] Pass: ContainsInstruction - 0.01144 (ms)
2026-07-11 20:59:32,800 [INFO] Pass: UnitarySynthesis - 0.00739 (ms)
2026-07-11 20:59:32,800 [INFO] Pass: HighLevelSynthesis - 0.00882 (ms)
2026-07-11 20:59:32,800 [INFO] Pass: BasisTranslator - 0.05937 (ms)
2026-07-11 20:59:32,800 [INFO] Pass: ElidePermutations - 0.00477 (ms)
2026-07-11 20:59:32,800 [INFO] Pass: RemoveDiagonalGatesBeforeMeasure - 0.00858 (ms)
2026-07-11 20:59:32,800 [INFO] Pass: RemoveIdentityEquivalent - 0.00358 (ms)
2026-07-11 20:59:32,800 [INFO] Pass: InverseCancellation - 0.00501 (ms)
2026-07-11 20:59:32,801 [INFO] Pass: ContractIdleWiresInControlFlow - 0.00215 (ms)
2026-07-11 20:59:32,801 [INFO] Pass: CommutativeCancellation - 0.05507 (ms)
2026-07-11 20:59:32,801 [INFO] Pass: ConsolidateBlocks - 0.04196 (ms)
2026-07-11 20:59:32,801 [INFO] Pass: Split2QUnitaries - 0.00334 (ms)
2026-07-11 20:59:32,801 [INFO] Pass: UnitarySynthesis - 0.00548 (ms)
2026-07-11 20:59:32,801 [INFO] Pass: HighLevelSynthesis - 0.02289 (ms)
2026-07-11 20:59:32,801 [INFO] Pass: BasisTranslator - 0.06628 (ms)
2026-07-11 20:59:32,801 [INFO] Pass: ConsolidateBlocks - 0.04983 (ms)
2026-07-11 20:59:32,801 [INFO] Pass: UnitarySynthesis - 0.00429 (ms)
2026-07-11 20:59:32,801 [INFO] Pass: Depth - 0.02241 (ms)
2026-07-11 20:59:32,801 [INFO] Pass: FixedPoint - 0.00453 (ms)
2026-07-11 20:59:32,801 [INFO] Pass: Size - 0.00310 (ms)
2026-07-11 20:59:32,801 [INFO] Pass: FixedPoint - 0.00286 (ms)
2026-07-11 20:59:32,801 [INFO] Pass: RemoveIdentityEquivalent - 0.00286 (ms)
2026-07-11 20:59:32,801 [INFO] Pass: Optimize1qGatesDecomposition - 0.03386 (ms)
2026-07-11 20:59:32,801 [INFO] Pass: CommutativeCancellation - 0.07319 (ms)
2026-07-11 20:59:32,801 [INFO] Pass: ContractIdleWiresInControlFlow - 0.00215 (ms)
2026-07-11 20:59:32,801 [INFO] Pass: GatesInBasis - 0.02003 (ms)
2026-07-11 20:59:32,801 [INFO] Pass: Depth - 0.01764 (ms)
2026-07-11 20:59:32,801 [INFO] Pass: FixedPoint - 0.00358 (ms)
2026-07-11 20:59:32,801 [INFO] Pass: Size - 0.00215 (ms)
2026-07-11 20:59:32,801 [INFO] Pass: FixedPoint - 0.00286 (ms)
2026-07-11 20:59:32,801 [INFO] Pass: ContainsInstruction - 0.00525 (ms)
2026-07-11 20:59:32,802 [INFO] Total Transpile Time - 91.74991 (ms)
2026-07-11 20:59:32,891 [INFO] Pass: ContainsInstruction - 0.00906 (ms)
2026-07-11 20:59:32,891 [INFO] Pass: UnitarySynthesis - 0.00620 (ms)
2026-07-11 20:59:32,891 [INFO] Pass: HighLevelSynthesis - 0.00763 (ms)
2026-07-11 20:59:32,891 [INFO] Pass: BasisTranslator - 0.05412 (ms)
2026-07-11 20:59:32,891 [INFO] Pass: ElidePermutations - 0.00381 (ms)
2026-07-11 20:59:32,891 [INFO] Pass: RemoveDiagonalGatesBeforeMeasure - 0.00691 (ms)
2026-07-11 20:59:32,891 [INFO] Pass: RemoveIdentityEquivalent - 0.00453 (ms)
2026-07-11 20:59:32,891 [INFO] Pass: InverseCancellation - 0.02146 (ms)
2026-07-11 20:59:32,891 [INFO] Pass: ContractIdleWiresInControlFlow - 0.00191 (ms)
2026-07-11 20:59:32,891 [INFO] Pass: CommutativeCancellation - 0.06223 (ms)
2026-07-11 20:59:32,891 [INFO] Pass: ConsolidateBlocks - 0.03934 (ms)
2026-07-11 20:59:32,891 [INFO] Pass: Split2QUnitaries - 0.00215 (ms)
2026-07-11 20:59:32,891 [INFO] Pass: UnitarySynthesis - 0.00525 (ms)
2026-07-11 20:59:32,891 [INFO] Pass: HighLevelSynthesis - 0.02289 (ms)
2026-07-11 20:59:32,891 [INFO] Pass: BasisTranslator - 0.06771 (ms)
2026-07-11 20:59:32,891 [INFO] Pass: ConsolidateBlocks - 0.05031 (ms)
2026-07-11 20:59:32,891 [INFO] Pass: UnitarySynthesis - 0.00429 (ms)
2026-07-11 20:59:32,891 [INFO] Pass: Depth - 0.02050 (ms)
2026-07-11 20:59:32,891 [INFO] Pass: FixedPoint - 0.00405 (ms)
2026-07-11 20:59:32,891 [INFO] Pass: Size - 0.00286 (ms)
2026-07-11 20:59:32,891 [INFO] Pass: FixedPoint - 0.00310 (ms)
2026-07-11 20:59:32,892 [INFO] Pass: RemoveIdentityEquivalent - 0.00453 (ms)
2026-07-11 20:59:32,892 [INFO] Pass: Optimize1qGatesDecomposition - 0.15163 (ms)
2026-07-11 20:59:32,892 [INFO] Pass: CommutativeCancellation - 0.07820 (ms)
2026-07-11 20:59:32,892 [INFO] Pass: ContractIdleWiresInControlFlow - 0.00215 (ms)
2026-07-11 20:59:32,892 [INFO] Pass: GatesInBasis - 0.01955 (ms)
2026-07-11 20:59:32,892 [INFO] Pass: Depth - 0.01931 (ms)
2026-07-11 20:59:32,892 [INFO] Pass: FixedPoint - 0.00358 (ms)
2026-07-11 20:59:32,892 [INFO] Pass: Size - 0.00191 (ms)
2026-07-11 20:59:32,892 [INFO] Pass: FixedPoint - 0.00286 (ms)
2026-07-11 20:59:32,892 [INFO] Pass: ContainsInstruction - 0.00525 (ms)
2026-07-11 20:59:32,892 [INFO] Total Transpile Time - 90.14082 (ms)
2026-07-11 20:59:32,982 [INFO] Pass: ContainsInstruction - 0.00906 (ms)
2026-07-11 20:59:32,982 [INFO] Pass: UnitarySynthesis - 0.00644 (ms)
2026-07-11 20:59:32,982 [INFO] Pass: HighLevelSynthesis - 0.00715 (ms)
2026-07-11 20:59:32,982 [INFO] Pass: BasisTranslator - 0.05126 (ms)
2026-07-11 20:59:32,982 [INFO] Pass: ElidePermutations - 0.00334 (ms)
2026-07-11 20:59:32,982 [INFO] Pass: RemoveDiagonalGatesBeforeMeasure - 0.00620 (ms)
2026-07-11 20:59:32,982 [INFO] Pass: RemoveIdentityEquivalent - 0.00525 (ms)
2026-07-11 20:59:32,982 [INFO] Pass: InverseCancellation - 0.02003 (ms)
2026-07-11 20:59:32,982 [INFO] Pass: ContractIdleWiresInControlFlow - 0.00191 (ms)
2026-07-11 20:59:32,982 [INFO] Pass: CommutativeCancellation - 0.05531 (ms)
2026-07-11 20:59:32,982 [INFO] Pass: ConsolidateBlocks - 0.04554 (ms)
2026-07-11 20:59:32,982 [INFO] Pass: Split2QUnitaries - 0.00191 (ms)
2026-07-11 20:59:32,982 [INFO] Pass: UnitarySynthesis - 0.00525 (ms)
2026-07-11 20:59:32,982 [INFO] Pass: HighLevelSynthesis - 0.02480 (ms)
2026-07-11 20:59:32,982 [INFO] Pass: BasisTranslator - 0.06223 (ms)
2026-07-11 20:59:32,983 [INFO] Pass: ConsolidateBlocks - 0.04792 (ms)
2026-07-11 20:59:32,983 [INFO] Pass: UnitarySynthesis - 0.00477 (ms)
2026-07-11 20:59:32,983 [INFO] Pass: Depth - 0.02003 (ms)
2026-07-11 20:59:32,983 [INFO] Pass: FixedPoint - 0.00429 (ms)
2026-07-11 20:59:32,983 [INFO] Pass: Size - 0.00262 (ms)
2026-07-11 20:59:32,983 [INFO] Pass: FixedPoint - 0.00286 (ms)
2026-07-11 20:59:32,983 [INFO] Pass: RemoveIdentityEquivalent - 0.00525 (ms)
2026-07-11 20:59:32,983 [INFO] Pass: Optimize1qGatesDecomposition - 0.16379 (ms)
2026-07-11 20:59:32,983 [INFO] Pass: CommutativeCancellation - 0.07033 (ms)
2026-07-11 20:59:32,983 [INFO] Pass: ContractIdleWiresInControlFlow - 0.00191 (ms)
2026-07-11 20:59:32,983 [INFO] Pass: GatesInBasis - 0.01931 (ms)
2026-07-11 20:59:32,983 [INFO] Pass: Depth - 0.01860 (ms)
2026-07-11 20:59:32,983 [INFO] Pass: FixedPoint - 0.00381 (ms)
2026-07-11 20:59:32,983 [INFO] Pass: Size - 0.00191 (ms)
2026-07-11 20:59:32,983 [INFO] Pass: FixedPoint - 0.00286 (ms)
2026-07-11 20:59:32,983 [INFO] Pass: RemoveIdentityEquivalent - 0.00429 (ms)
2026-07-11 20:59:32,983 [INFO] Pass: Optimize1qGatesDecomposition - 0.14400 (ms)
2026-07-11 20:59:32,983 [INFO] Pass: CommutativeCancellation - 0.06533 (ms)
2026-07-11 20:59:32,983 [INFO] Pass: ContractIdleWiresInControlFlow - 0.00215 (ms)
2026-07-11 20:59:32,984 [INFO] Pass: GatesInBasis - 0.01860 (ms)
2026-07-11 20:59:32,984 [INFO] Pass: Depth - 0.01764 (ms)
2026-07-11 20:59:32,984 [INFO] Pass: FixedPoint - 0.00334 (ms)
2026-07-11 20:59:32,984 [INFO] Pass: Size - 0.00215 (ms)
2026-07-11 20:59:32,984 [INFO] Pass: FixedPoint - 0.00262 (ms)
2026-07-11 20:59:32,984 [INFO] Pass: ContainsInstruction - 0.00525 (ms)
2026-07-11 20:59:32,984 [INFO] Total Transpile Time - 91.31670 (ms)
2026-07-11 21:21:47,052 [INFO] [PCE] n=150 instancia 72/100 completada en 0:00:22:14 — transcurrido=1:00:04:49 restante_estimado=0:09:21:52
2026-07-11 21:21:47,157 [INFO] Pass: ContainsInstruction - 0.01144 (ms)
2026-07-11 21:21:47,157 [INFO] Pass: UnitarySynthesis - 0.00691 (ms)
2026-07-11 21:21:47,157 [INFO] Pass: HighLevelSynthesis - 0.00858 (ms)
2026-07-11 21:21:47,157 [INFO] Pass: BasisTranslator - 0.05627 (ms)
2026-07-11 21:21:47,158 [INFO] Pass: ElidePermutations - 0.00477 (ms)
2026-07-11 21:21:47,158 [INFO] Pass: RemoveDiagonalGatesBeforeMeasure - 0.00811 (ms)
2026-07-11 21:21:47,158 [INFO] Pass: RemoveIdentityEquivalent - 0.00358 (ms)
2026-07-11 21:21:47,158 [INFO] Pass: InverseCancellation - 0.00501 (ms)
2026-07-11 21:21:47,158 [INFO] Pass: ContractIdleWiresInControlFlow - 0.00191 (ms)
2026-07-11 21:21:47,158 [INFO] Pass: CommutativeCancellation - 0.05698 (ms)
2026-07-11 21:21:47,158 [INFO] Pass: ConsolidateBlocks - 0.04148 (ms)
2026-07-11 21:21:47,158 [INFO] Pass: Split2QUnitaries - 0.00310 (ms)
2026-07-11 21:21:47,158 [INFO] Pass: UnitarySynthesis - 0.00525 (ms)
2026-07-11 21:21:47,158 [INFO] Pass: HighLevelSynthesis - 0.02337 (ms)
2026-07-11 21:21:47,158 [INFO] Pass: BasisTranslator - 0.06914 (ms)
2026-07-11 21:21:47,158 [INFO] Pass: ConsolidateBlocks - 0.04959 (ms)
2026-07-11 21:21:47,158 [INFO] Pass: UnitarySynthesis - 0.00477 (ms)
2026-07-11 21:21:47,158 [INFO] Pass: Depth - 0.02050 (ms)
2026-07-11 21:21:47,158 [INFO] Pass: FixedPoint - 0.00429 (ms)
2026-07-11 21:21:47,158 [INFO] Pass: Size - 0.00334 (ms)
2026-07-11 21:21:47,158 [INFO] Pass: FixedPoint - 0.00262 (ms)
2026-07-11 21:21:47,158 [INFO] Pass: RemoveIdentityEquivalent - 0.00286 (ms)
2026-07-11 21:21:47,158 [INFO] Pass: Optimize1qGatesDecomposition - 0.04148 (ms)
2026-07-11 21:21:47,158 [INFO] Pass: CommutativeCancellation - 0.07463 (ms)
2026-07-11 21:21:47,158 [INFO] Pass: ContractIdleWiresInControlFlow - 0.00167 (ms)
2026-07-11 21:21:47,158 [INFO] Pass: GatesInBasis - 0.02074 (ms)
2026-07-11 21:21:47,159 [INFO] Pass: Depth - 0.01740 (ms)
2026-07-11 21:21:47,159 [INFO] Pass: FixedPoint - 0.00334 (ms)
2026-07-11 21:21:47,159 [INFO] Pass: Size - 0.00191 (ms)
2026-07-11 21:21:47,159 [INFO] Pass: FixedPoint - 0.00238 (ms)
2026-07-11 21:21:47,159 [INFO] Pass: ContainsInstruction - 0.00477 (ms)
2026-07-11 21:21:47,159 [INFO] Total Transpile Time - 90.20686 (ms)
2026-07-11 21:21:47,247 [INFO] Pass: ContainsInstruction - 0.00954 (ms)
2026-07-11 21:21:47,247 [INFO] Pass: UnitarySynthesis - 0.00572 (ms)
2026-07-11 21:21:47,247 [INFO] Pass: HighLevelSynthesis - 0.00739 (ms)
2026-07-11 21:21:47,247 [INFO] Pass: BasisTranslator - 0.05341 (ms)
2026-07-11 21:21:47,247 [INFO] Pass: ElidePermutations - 0.00358 (ms)
2026-07-11 21:21:47,247 [INFO] Pass: RemoveDiagonalGatesBeforeMeasure - 0.00787 (ms)
2026-07-11 21:21:47,247 [INFO] Pass: RemoveIdentityEquivalent - 0.00477 (ms)
2026-07-11 21:21:47,247 [INFO] Pass: InverseCancellation - 0.02193 (ms)
2026-07-11 21:21:47,247 [INFO] Pass: ContractIdleWiresInControlFlow - 0.00215 (ms)
2026-07-11 21:21:47,247 [INFO] Pass: CommutativeCancellation - 0.06199 (ms)
2026-07-11 21:21:47,247 [INFO] Pass: ConsolidateBlocks - 0.03862 (ms)
2026-07-11 21:21:47,247 [INFO] Pass: Split2QUnitaries - 0.00262 (ms)
2026-07-11 21:21:47,247 [INFO] Pass: UnitarySynthesis - 0.00501 (ms)
2026-07-11 21:21:47,247 [INFO] Pass: HighLevelSynthesis - 0.02313 (ms)
2026-07-11 21:21:47,247 [INFO] Pass: BasisTranslator - 0.06437 (ms)
2026-07-11 21:21:47,247 [INFO] Pass: ConsolidateBlocks - 0.04840 (ms)
2026-07-11 21:21:47,247 [INFO] Pass: UnitarySynthesis - 0.00429 (ms)
2026-07-11 21:21:47,247 [INFO] Pass: Depth - 0.01979 (ms)
2026-07-11 21:21:47,248 [INFO] Pass: FixedPoint - 0.00453 (ms)
2026-07-11 21:21:47,248 [INFO] Pass: Size - 0.00310 (ms)
2026-07-11 21:21:47,248 [INFO] Pass: FixedPoint - 0.00286 (ms)
2026-07-11 21:21:47,248 [INFO] Pass: RemoveIdentityEquivalent - 0.00381 (ms)
2026-07-11 21:21:47,248 [INFO] Pass: Optimize1qGatesDecomposition - 0.14925 (ms)
2026-07-11 21:21:47,248 [INFO] Pass: CommutativeCancellation - 0.08059 (ms)
2026-07-11 21:21:47,248 [INFO] Pass: ContractIdleWiresInControlFlow - 0.00167 (ms)
2026-07-11 21:21:47,248 [INFO] Pass: GatesInBasis - 0.02050 (ms)
2026-07-11 21:21:47,248 [INFO] Pass: Depth - 0.01764 (ms)
2026-07-11 21:21:47,248 [INFO] Pass: FixedPoint - 0.00358 (ms)
2026-07-11 21:21:47,248 [INFO] Pass: Size - 0.00215 (ms)
2026-07-11 21:21:47,248 [INFO] Pass: FixedPoint - 0.00286 (ms)
2026-07-11 21:21:47,248 [INFO] Pass: ContainsInstruction - 0.00477 (ms)
2026-07-11 21:21:47,248 [INFO] Total Transpile Time - 89.07318 (ms)
2026-07-11 21:21:47,337 [INFO] Pass: ContainsInstruction - 0.00954 (ms)
2026-07-11 21:21:47,337 [INFO] Pass: UnitarySynthesis - 0.00644 (ms)
2026-07-11 21:21:47,337 [INFO] Pass: HighLevelSynthesis - 0.00763 (ms)
2026-07-11 21:21:47,337 [INFO] Pass: BasisTranslator - 0.05102 (ms)
2026-07-11 21:21:47,337 [INFO] Pass: ElidePermutations - 0.00334 (ms)
2026-07-11 21:21:47,337 [INFO] Pass: RemoveDiagonalGatesBeforeMeasure - 0.00596 (ms)
2026-07-11 21:21:47,337 [INFO] Pass: RemoveIdentityEquivalent - 0.00525 (ms)
2026-07-11 21:21:47,337 [INFO] Pass: InverseCancellation - 0.02003 (ms)
2026-07-11 21:21:47,337 [INFO] Pass: ContractIdleWiresInControlFlow - 0.00191 (ms)
2026-07-11 21:21:47,337 [INFO] Pass: CommutativeCancellation - 0.05960 (ms)
2026-07-11 21:21:47,337 [INFO] Pass: ConsolidateBlocks - 0.03839 (ms)
2026-07-11 21:21:47,337 [INFO] Pass: Split2QUnitaries - 0.00215 (ms)
2026-07-11 21:21:47,337 [INFO] Pass: UnitarySynthesis - 0.00525 (ms)
2026-07-11 21:21:47,337 [INFO] Pass: HighLevelSynthesis - 0.02503 (ms)
2026-07-11 21:21:47,337 [INFO] Pass: BasisTranslator - 0.06580 (ms)
2026-07-11 21:21:47,338 [INFO] Pass: ConsolidateBlocks - 0.04816 (ms)
2026-07-11 21:21:47,338 [INFO] Pass: UnitarySynthesis - 0.00477 (ms)
2026-07-11 21:21:47,338 [INFO] Pass: Depth - 0.02050 (ms)
2026-07-11 21:21:47,338 [INFO] Pass: FixedPoint - 0.00405 (ms)
2026-07-11 21:21:47,338 [INFO] Pass: Size - 0.00238 (ms)
2026-07-11 21:21:47,338 [INFO] Pass: FixedPoint - 0.00310 (ms)
2026-07-11 21:21:47,338 [INFO] Pass: RemoveIdentityEquivalent - 0.00548 (ms)
2026-07-11 21:21:47,338 [INFO] Pass: Optimize1qGatesDecomposition - 0.16856 (ms)
2026-07-11 21:21:47,338 [INFO] Pass: CommutativeCancellation - 0.07224 (ms)
2026-07-11 21:21:47,338 [INFO] Pass: ContractIdleWiresInControlFlow - 0.00215 (ms)
2026-07-11 21:21:47,338 [INFO] Pass: GatesInBasis - 0.01955 (ms)
2026-07-11 21:21:47,338 [INFO] Pass: Depth - 0.01860 (ms)
2026-07-11 21:21:47,338 [INFO] Pass: FixedPoint - 0.00358 (ms)
2026-07-11 21:21:47,338 [INFO] Pass: Size - 0.00238 (ms)
2026-07-11 21:21:47,338 [INFO] Pass: FixedPoint - 0.00286 (ms)
2026-07-11 21:21:47,338 [INFO] Pass: RemoveIdentityEquivalent - 0.00453 (ms)
2026-07-11 21:21:47,338 [INFO] Pass: Optimize1qGatesDecomposition - 0.14687 (ms)
2026-07-11 21:21:47,338 [INFO] Pass: CommutativeCancellation - 0.06771 (ms)
2026-07-11 21:21:47,338 [INFO] Pass: ContractIdleWiresInControlFlow - 0.00191 (ms)
2026-07-11 21:21:47,339 [INFO] Pass: GatesInBasis - 0.01860 (ms)
2026-07-11 21:21:47,339 [INFO] Pass: Depth - 0.01884 (ms)
2026-07-11 21:21:47,339 [INFO] Pass: FixedPoint - 0.00334 (ms)
2026-07-11 21:21:47,339 [INFO] Pass: Size - 0.00215 (ms)
2026-07-11 21:21:47,339 [INFO] Pass: FixedPoint - 0.00286 (ms)
2026-07-11 21:21:47,339 [INFO] Pass: ContainsInstruction - 0.00525 (ms)
2026-07-11 21:21:47,339 [INFO] Total Transpile Time - 90.23380 (ms)
2026-07-11 21:41:11,326 [INFO] [PCE] n=150 instancia 73/100 completada en 0:00:19:24 — transcurrido=1:00:24:13 restante_estimado=0:09:01:34
2026-07-11 21:41:11,429 [INFO] Pass: ContainsInstruction - 0.01144 (ms)
2026-07-11 21:41:11,429 [INFO] Pass: UnitarySynthesis - 0.00668 (ms)
2026-07-11 21:41:11,429 [INFO] Pass: HighLevelSynthesis - 0.00906 (ms)
2026-07-11 21:41:11,429 [INFO] Pass: BasisTranslator - 0.05889 (ms)
2026-07-11 21:41:11,429 [INFO] Pass: ElidePermutations - 0.00501 (ms)
2026-07-11 21:41:11,429 [INFO] Pass: RemoveDiagonalGatesBeforeMeasure - 0.00834 (ms)
2026-07-11 21:41:11,429 [INFO] Pass: RemoveIdentityEquivalent - 0.00334 (ms)
2026-07-11 21:41:11,429 [INFO] Pass: InverseCancellation - 0.00501 (ms)
2026-07-11 21:41:11,429 [INFO] Pass: ContractIdleWiresInControlFlow - 0.00262 (ms)
2026-07-11 21:41:11,429 [INFO] Pass: CommutativeCancellation - 0.05436 (ms)
2026-07-11 21:41:11,429 [INFO] Pass: ConsolidateBlocks - 0.04077 (ms)
2026-07-11 21:41:11,429 [INFO] Pass: Split2QUnitaries - 0.00310 (ms)
2026-07-11 21:41:11,429 [INFO] Pass: UnitarySynthesis - 0.00477 (ms)
2026-07-11 21:41:11,429 [INFO] Pass: HighLevelSynthesis - 0.02170 (ms)
2026-07-11 21:41:11,429 [INFO] Pass: BasisTranslator - 0.06509 (ms)
2026-07-11 21:41:11,429 [INFO] Pass: ConsolidateBlocks - 0.05603 (ms)
2026-07-11 21:41:11,429 [INFO] Pass: UnitarySynthesis - 0.00477 (ms)
2026-07-11 21:41:11,429 [INFO] Pass: Depth - 0.01931 (ms)
2026-07-11 21:41:11,429 [INFO] Pass: FixedPoint - 0.00477 (ms)
2026-07-11 21:41:11,429 [INFO] Pass: Size - 0.00310 (ms)
2026-07-11 21:41:11,429 [INFO] Pass: FixedPoint - 0.00262 (ms)
2026-07-11 21:41:11,429 [INFO] Pass: RemoveIdentityEquivalent - 0.00286 (ms)
2026-07-11 21:41:11,430 [INFO] Pass: Optimize1qGatesDecomposition - 0.03266 (ms)
2026-07-11 21:41:11,430 [INFO] Pass: CommutativeCancellation - 0.07296 (ms)
2026-07-11 21:41:11,430 [INFO] Pass: ContractIdleWiresInControlFlow - 0.00215 (ms)
2026-07-11 21:41:11,430 [INFO] Pass: GatesInBasis - 0.01884 (ms)
2026-07-11 21:41:11,430 [INFO] Pass: Depth - 0.01693 (ms)
2026-07-11 21:41:11,430 [INFO] Pass: FixedPoint - 0.00358 (ms)
2026-07-11 21:41:11,430 [INFO] Pass: Size - 0.00191 (ms)
2026-07-11 21:41:11,430 [INFO] Pass: FixedPoint - 0.00262 (ms)
2026-07-11 21:41:11,430 [INFO] Pass: ContainsInstruction - 0.00477 (ms)
2026-07-11 21:41:11,430 [INFO] Total Transpile Time - 87.86893 (ms)
2026-07-11 21:41:11,515 [INFO] Pass: ContainsInstruction - 0.00930 (ms)
2026-07-11 21:41:11,515 [INFO] Pass: UnitarySynthesis - 0.00644 (ms)
2026-07-11 21:41:11,515 [INFO] Pass: HighLevelSynthesis - 0.00715 (ms)
2026-07-11 21:41:11,515 [INFO] Pass: BasisTranslator - 0.05054 (ms)
2026-07-11 21:41:11,515 [INFO] Pass: ElidePermutations - 0.00405 (ms)
2026-07-11 21:41:11,515 [INFO] Pass: RemoveDiagonalGatesBeforeMeasure - 0.00644 (ms)
2026-07-11 21:41:11,515 [INFO] Pass: RemoveIdentityEquivalent - 0.00453 (ms)
2026-07-11 21:41:11,515 [INFO] Pass: InverseCancellation - 0.02098 (ms)
2026-07-11 21:41:11,515 [INFO] Pass: ContractIdleWiresInControlFlow - 0.00215 (ms)
2026-07-11 21:41:11,515 [INFO] Pass: CommutativeCancellation - 0.06700 (ms)
2026-07-11 21:41:11,515 [INFO] Pass: ConsolidateBlocks - 0.03910 (ms)
2026-07-11 21:41:11,515 [INFO] Pass: Split2QUnitaries - 0.00238 (ms)
2026-07-11 21:41:11,515 [INFO] Pass: UnitarySynthesis - 0.00477 (ms)
2026-07-11 21:41:11,515 [INFO] Pass: HighLevelSynthesis - 0.02265 (ms)
2026-07-11 21:41:11,516 [INFO] Pass: BasisTranslator - 0.06342 (ms)
2026-07-11 21:41:11,516 [INFO] Pass: ConsolidateBlocks - 0.04768 (ms)
2026-07-11 21:41:11,516 [INFO] Pass: UnitarySynthesis - 0.00453 (ms)
2026-07-11 21:41:11,516 [INFO] Pass: Depth - 0.01907 (ms)
2026-07-11 21:41:11,516 [INFO] Pass: FixedPoint - 0.00381 (ms)
2026-07-11 21:41:11,516 [INFO] Pass: Size - 0.00262 (ms)
2026-07-11 21:41:11,516 [INFO] Pass: FixedPoint - 0.00286 (ms)
2026-07-11 21:41:11,516 [INFO] Pass: RemoveIdentityEquivalent - 0.00381 (ms)
2026-07-11 21:41:11,516 [INFO] Pass: Optimize1qGatesDecomposition - 0.14806 (ms)
2026-07-11 21:41:11,516 [INFO] Pass: CommutativeCancellation - 0.08106 (ms)
2026-07-11 21:41:11,516 [INFO] Pass: ContractIdleWiresInControlFlow - 0.00167 (ms)
2026-07-11 21:41:11,516 [INFO] Pass: GatesInBasis - 0.01860 (ms)
2026-07-11 21:41:11,516 [INFO] Pass: Depth - 0.01860 (ms)
2026-07-11 21:41:11,516 [INFO] Pass: FixedPoint - 0.00358 (ms)
2026-07-11 21:41:11,516 [INFO] Pass: Size - 0.00215 (ms)
2026-07-11 21:41:11,516 [INFO] Pass: FixedPoint - 0.00286 (ms)
2026-07-11 21:41:11,516 [INFO] Pass: ContainsInstruction - 0.00477 (ms)
2026-07-11 21:41:11,517 [INFO] Total Transpile Time - 86.07841 (ms)
2026-07-11 21:41:11,602 [INFO] Pass: ContainsInstruction - 0.00930 (ms)
2026-07-11 21:41:11,602 [INFO] Pass: UnitarySynthesis - 0.00596 (ms)
2026-07-11 21:41:11,602 [INFO] Pass: HighLevelSynthesis - 0.00763 (ms)
2026-07-11 21:41:11,602 [INFO] Pass: BasisTranslator - 0.05221 (ms)
2026-07-11 21:41:11,602 [INFO] Pass: ElidePermutations - 0.00334 (ms)
2026-07-11 21:41:11,602 [INFO] Pass: RemoveDiagonalGatesBeforeMeasure - 0.00668 (ms)
2026-07-11 21:41:11,602 [INFO] Pass: RemoveIdentityEquivalent - 0.00596 (ms)
2026-07-11 21:41:11,602 [INFO] Pass: InverseCancellation - 0.02122 (ms)
2026-07-11 21:41:11,602 [INFO] Pass: ContractIdleWiresInControlFlow - 0.00191 (ms)
2026-07-11 21:41:11,603 [INFO] Pass: CommutativeCancellation - 0.05746 (ms)
2026-07-11 21:41:11,603 [INFO] Pass: ConsolidateBlocks - 0.03862 (ms)
2026-07-11 21:41:11,603 [INFO] Pass: Split2QUnitaries - 0.00215 (ms)
2026-07-11 21:41:11,603 [INFO] Pass: UnitarySynthesis - 0.00477 (ms)
2026-07-11 21:41:11,603 [INFO] Pass: HighLevelSynthesis - 0.02432 (ms)
2026-07-11 21:41:11,603 [INFO] Pass: BasisTranslator - 0.06413 (ms)
2026-07-11 21:41:11,603 [INFO] Pass: ConsolidateBlocks - 0.04864 (ms)
2026-07-11 21:41:11,603 [INFO] Pass: UnitarySynthesis - 0.00477 (ms)
2026-07-11 21:41:11,603 [INFO] Pass: Depth - 0.01931 (ms)
2026-07-11 21:41:11,603 [INFO] Pass: FixedPoint - 0.00381 (ms)
2026-07-11 21:41:11,603 [INFO] Pass: Size - 0.00286 (ms)
2026-07-11 21:41:11,603 [INFO] Pass: FixedPoint - 0.00262 (ms)
2026-07-11 21:41:11,603 [INFO] Pass: RemoveIdentityEquivalent - 0.00501 (ms)
2026-07-11 21:41:11,603 [INFO] Pass: Optimize1qGatesDecomposition - 0.15235 (ms)
2026-07-11 21:41:11,603 [INFO] Pass: CommutativeCancellation - 0.07296 (ms)
2026-07-11 21:41:11,603 [INFO] Pass: ContractIdleWiresInControlFlow - 0.00191 (ms)
2026-07-11 21:41:11,603 [INFO] Pass: GatesInBasis - 0.01931 (ms)
2026-07-11 21:41:11,603 [INFO] Pass: Depth - 0.01931 (ms)
2026-07-11 21:41:11,603 [INFO] Pass: FixedPoint - 0.00334 (ms)
2026-07-11 21:41:11,604 [INFO] Pass: Size - 0.00215 (ms)
2026-07-11 21:41:11,604 [INFO] Pass: FixedPoint - 0.00286 (ms)
2026-07-11 21:41:11,604 [INFO] Pass: RemoveIdentityEquivalent - 0.00453 (ms)
2026-07-11 21:41:11,604 [INFO] Pass: Optimize1qGatesDecomposition - 0.13399 (ms)
2026-07-11 21:41:11,604 [INFO] Pass: CommutativeCancellation - 0.06437 (ms)
2026-07-11 21:41:11,604 [INFO] Pass: ContractIdleWiresInControlFlow - 0.00167 (ms)
2026-07-11 21:41:11,604 [INFO] Pass: GatesInBasis - 0.01788 (ms)
2026-07-11 21:41:11,604 [INFO] Pass: Depth - 0.01764 (ms)
2026-07-11 21:41:11,604 [INFO] Pass: FixedPoint - 0.00310 (ms)
2026-07-11 21:41:11,604 [INFO] Pass: Size - 0.00167 (ms)
2026-07-11 21:41:11,604 [INFO] Pass: FixedPoint - 0.00238 (ms)
2026-07-11 21:41:11,604 [INFO] Pass: ContainsInstruction - 0.00572 (ms)
2026-07-11 21:41:11,604 [INFO] Total Transpile Time - 87.43501 (ms)
2026-07-11 22:01:05,082 [INFO] [PCE] n=150 instancia 74/100 completada en 0:00:19:54 — transcurrido=1:00:44:07 restante_estimado=0:08:41:27
2026-07-11 22:01:05,187 [INFO] Pass: ContainsInstruction - 0.01216 (ms)
2026-07-11 22:01:05,187 [INFO] Pass: UnitarySynthesis - 0.00763 (ms)
2026-07-11 22:01:05,187 [INFO] Pass: HighLevelSynthesis - 0.00834 (ms)
2026-07-11 22:01:05,188 [INFO] Pass: BasisTranslator - 0.05960 (ms)
2026-07-11 22:01:05,188 [INFO] Pass: ElidePermutations - 0.00525 (ms)
2026-07-11 22:01:05,188 [INFO] Pass: RemoveDiagonalGatesBeforeMeasure - 0.00906 (ms)
2026-07-11 22:01:05,188 [INFO] Pass: RemoveIdentityEquivalent - 0.00310 (ms)
2026-07-11 22:01:05,188 [INFO] Pass: InverseCancellation - 0.00525 (ms)
2026-07-11 22:01:05,188 [INFO] Pass: ContractIdleWiresInControlFlow - 0.00262 (ms)
2026-07-11 22:01:05,188 [INFO] Pass: CommutativeCancellation - 0.05674 (ms)
2026-07-11 22:01:05,188 [INFO] Pass: ConsolidateBlocks - 0.04315 (ms)
2026-07-11 22:01:05,188 [INFO] Pass: Split2QUnitaries - 0.00358 (ms)
2026-07-11 22:01:05,188 [INFO] Pass: UnitarySynthesis - 0.00525 (ms)
2026-07-11 22:01:05,188 [INFO] Pass: HighLevelSynthesis - 0.02241 (ms)
2026-07-11 22:01:05,188 [INFO] Pass: BasisTranslator - 0.06819 (ms)
2026-07-11 22:01:05,188 [INFO] Pass: ConsolidateBlocks - 0.05126 (ms)
2026-07-11 22:01:05,188 [INFO] Pass: UnitarySynthesis - 0.00429 (ms)
2026-07-11 22:01:05,188 [INFO] Pass: Depth - 0.02360 (ms)
2026-07-11 22:01:05,188 [INFO] Pass: FixedPoint - 0.00429 (ms)
2026-07-11 22:01:05,188 [INFO] Pass: Size - 0.00286 (ms)
2026-07-11 22:01:05,188 [INFO] Pass: FixedPoint - 0.00238 (ms)
2026-07-11 22:01:05,188 [INFO] Pass: RemoveIdentityEquivalent - 0.00310 (ms)
2026-07-11 22:01:05,188 [INFO] Pass: Optimize1qGatesDecomposition - 0.03433 (ms)
2026-07-11 22:01:05,188 [INFO] Pass: CommutativeCancellation - 0.07534 (ms)
2026-07-11 22:01:05,188 [INFO] Pass: ContractIdleWiresInControlFlow - 0.00191 (ms)
2026-07-11 22:01:05,189 [INFO] Pass: GatesInBasis - 0.01955 (ms)
2026-07-11 22:01:05,189 [INFO] Pass: Depth - 0.02050 (ms)
2026-07-11 22:01:05,189 [INFO] Pass: FixedPoint - 0.00358 (ms)
2026-07-11 22:01:05,189 [INFO] Pass: Size - 0.00191 (ms)
2026-07-11 22:01:05,189 [INFO] Pass: FixedPoint - 0.00262 (ms)
2026-07-11 22:01:05,189 [INFO] Pass: ContainsInstruction - 0.00501 (ms)
2026-07-11 22:01:05,189 [INFO] Total Transpile Time - 90.82484 (ms)
2026-07-11 22:01:05,277 [INFO] Pass: ContainsInstruction - 0.00930 (ms)
2026-07-11 22:01:05,277 [INFO] Pass: UnitarySynthesis - 0.00596 (ms)
2026-07-11 22:01:05,277 [INFO] Pass: HighLevelSynthesis - 0.00763 (ms)
2026-07-11 22:01:05,277 [INFO] Pass: BasisTranslator - 0.06127 (ms)
2026-07-11 22:01:05,277 [INFO] Pass: ElidePermutations - 0.00358 (ms)
2026-07-11 22:01:05,277 [INFO] Pass: RemoveDiagonalGatesBeforeMeasure - 0.00811 (ms)
2026-07-11 22:01:05,277 [INFO] Pass: RemoveIdentityEquivalent - 0.00477 (ms)
2026-07-11 22:01:05,277 [INFO] Pass: InverseCancellation - 0.02170 (ms)
2026-07-11 22:01:05,277 [INFO] Pass: ContractIdleWiresInControlFlow - 0.00167 (ms)
2026-07-11 22:01:05,278 [INFO] Pass: CommutativeCancellation - 0.06676 (ms)
2026-07-11 22:01:05,278 [INFO] Pass: ConsolidateBlocks - 0.04029 (ms)
2026-07-11 22:01:05,278 [INFO] Pass: Split2QUnitaries - 0.00262 (ms)
2026-07-11 22:01:05,278 [INFO] Pass: UnitarySynthesis - 0.00453 (ms)
2026-07-11 22:01:05,278 [INFO] Pass: HighLevelSynthesis - 0.02313 (ms)
2026-07-11 22:01:05,278 [INFO] Pass: BasisTranslator - 0.06819 (ms)
2026-07-11 22:01:05,278 [INFO] Pass: ConsolidateBlocks - 0.05126 (ms)
2026-07-11 22:01:05,278 [INFO] Pass: UnitarySynthesis - 0.00429 (ms)
2026-07-11 22:01:05,278 [INFO] Pass: Depth - 0.02384 (ms)
2026-07-11 22:01:05,278 [INFO] Pass: FixedPoint - 0.00429 (ms)
2026-07-11 22:01:05,278 [INFO] Pass: Size - 0.00262 (ms)
2026-07-11 22:01:05,278 [INFO] Pass: FixedPoint - 0.00286 (ms)
2026-07-11 22:01:05,278 [INFO] Pass: RemoveIdentityEquivalent - 0.00429 (ms)
2026-07-11 22:01:05,278 [INFO] Pass: Optimize1qGatesDecomposition - 0.14758 (ms)
2026-07-11 22:01:05,278 [INFO] Pass: CommutativeCancellation - 0.08655 (ms)
2026-07-11 22:01:05,278 [INFO] Pass: ContractIdleWiresInControlFlow - 0.00191 (ms)
2026-07-11 22:01:05,278 [INFO] Pass: GatesInBasis - 0.01979 (ms)
2026-07-11 22:01:05,278 [INFO] Pass: Depth - 0.02599 (ms)
2026-07-11 22:01:05,279 [INFO] Pass: FixedPoint - 0.00381 (ms)
2026-07-11 22:01:05,279 [INFO] Pass: Size - 0.00191 (ms)
2026-07-11 22:01:05,279 [INFO] Pass: FixedPoint - 0.00286 (ms)
2026-07-11 22:01:05,279 [INFO] Pass: ContainsInstruction - 0.00477 (ms)
2026-07-11 22:01:05,279 [INFO] Total Transpile Time - 89.53404 (ms)
2026-07-11 22:01:05,368 [INFO] Pass: ContainsInstruction - 0.00906 (ms)
2026-07-11 22:01:05,368 [INFO] Pass: UnitarySynthesis - 0.00620 (ms)
2026-07-11 22:01:05,368 [INFO] Pass: HighLevelSynthesis - 0.00834 (ms)
2026-07-11 22:01:05,368 [INFO] Pass: BasisTranslator - 0.05245 (ms)
2026-07-11 22:01:05,368 [INFO] Pass: ElidePermutations - 0.00334 (ms)
2026-07-11 22:01:05,368 [INFO] Pass: RemoveDiagonalGatesBeforeMeasure - 0.00668 (ms)
2026-07-11 22:01:05,368 [INFO] Pass: RemoveIdentityEquivalent - 0.00548 (ms)
2026-07-11 22:01:05,368 [INFO] Pass: InverseCancellation - 0.02193 (ms)
2026-07-11 22:01:05,368 [INFO] Pass: ContractIdleWiresInControlFlow - 0.00215 (ms)
2026-07-11 22:01:05,368 [INFO] Pass: CommutativeCancellation - 0.06533 (ms)
2026-07-11 22:01:05,368 [INFO] Pass: ConsolidateBlocks - 0.03839 (ms)
2026-07-11 22:01:05,368 [INFO] Pass: Split2QUnitaries - 0.00215 (ms)
2026-07-11 22:01:05,368 [INFO] Pass: UnitarySynthesis - 0.00477 (ms)
2026-07-11 22:01:05,368 [INFO] Pass: HighLevelSynthesis - 0.02503 (ms)
2026-07-11 22:01:05,368 [INFO] Pass: BasisTranslator - 0.07558 (ms)
2026-07-11 22:01:05,368 [INFO] Pass: ConsolidateBlocks - 0.05174 (ms)
2026-07-11 22:01:05,368 [INFO] Pass: UnitarySynthesis - 0.00501 (ms)
2026-07-11 22:01:05,368 [INFO] Pass: Depth - 0.02432 (ms)
2026-07-11 22:01:05,369 [INFO] Pass: FixedPoint - 0.00405 (ms)
2026-07-11 22:01:05,369 [INFO] Pass: Size - 0.00238 (ms)
2026-07-11 22:01:05,369 [INFO] Pass: FixedPoint - 0.00286 (ms)
2026-07-11 22:01:05,369 [INFO] Pass: RemoveIdentityEquivalent - 0.00501 (ms)
2026-07-11 22:01:05,369 [INFO] Pass: Optimize1qGatesDecomposition - 0.16594 (ms)
2026-07-11 22:01:05,369 [INFO] Pass: CommutativeCancellation - 0.07749 (ms)
2026-07-11 22:01:05,369 [INFO] Pass: ContractIdleWiresInControlFlow - 0.00215 (ms)
2026-07-11 22:01:05,369 [INFO] Pass: GatesInBasis - 0.01979 (ms)
2026-07-11 22:01:05,369 [INFO] Pass: Depth - 0.02193 (ms)
2026-07-11 22:01:05,369 [INFO] Pass: FixedPoint - 0.00381 (ms)
2026-07-11 22:01:05,369 [INFO] Pass: Size - 0.00191 (ms)
2026-07-11 22:01:05,369 [INFO] Pass: FixedPoint - 0.00286 (ms)
2026-07-11 22:01:05,369 [INFO] Pass: RemoveIdentityEquivalent - 0.00453 (ms)
2026-07-11 22:01:05,369 [INFO] Pass: Optimize1qGatesDecomposition - 0.14472 (ms)
2026-07-11 22:01:05,369 [INFO] Pass: CommutativeCancellation - 0.06866 (ms)
2026-07-11 22:01:05,369 [INFO] Pass: ContractIdleWiresInControlFlow - 0.00191 (ms)
2026-07-11 22:01:05,369 [INFO] Pass: GatesInBasis - 0.01836 (ms)
2026-07-11 22:01:05,369 [INFO] Pass: Depth - 0.02098 (ms)
2026-07-11 22:01:05,369 [INFO] Pass: FixedPoint - 0.00334 (ms)
2026-07-11 22:01:05,370 [INFO] Pass: Size - 0.00167 (ms)
2026-07-11 22:01:05,370 [INFO] Pass: FixedPoint - 0.00286 (ms)
2026-07-11 22:01:05,370 [INFO] Pass: ContainsInstruction - 0.00525 (ms)
2026-07-11 22:01:05,370 [INFO] Total Transpile Time - 90.63935 (ms)
2026-07-11 22:19:34,808 [INFO] [PCE] n=150 instancia 75/100 completada en 0:00:18:30 — transcurrido=1:01:02:36 restante_estimado=0:08:20:52
2026-07-11 22:19:34,913 [INFO] Pass: ContainsInstruction - 0.01121 (ms)
2026-07-11 22:19:34,914 [INFO] Pass: UnitarySynthesis - 0.00668 (ms)
2026-07-11 22:19:34,914 [INFO] Pass: HighLevelSynthesis - 0.00882 (ms)
2026-07-11 22:19:34,914 [INFO] Pass: BasisTranslator - 0.05865 (ms)
2026-07-11 22:19:34,914 [INFO] Pass: ElidePermutations - 0.00429 (ms)
2026-07-11 22:19:34,914 [INFO] Pass: RemoveDiagonalGatesBeforeMeasure - 0.00739 (ms)
2026-07-11 22:19:34,914 [INFO] Pass: RemoveIdentityEquivalent - 0.00358 (ms)
2026-07-11 22:19:34,914 [INFO] Pass: InverseCancellation - 0.00477 (ms)
2026-07-11 22:19:34,914 [INFO] Pass: ContractIdleWiresInControlFlow - 0.00238 (ms)
2026-07-11 22:19:34,914 [INFO] Pass: CommutativeCancellation - 0.05436 (ms)
2026-07-11 22:19:34,914 [INFO] Pass: ConsolidateBlocks - 0.04077 (ms)
2026-07-11 22:19:34,914 [INFO] Pass: Split2QUnitaries - 0.00286 (ms)
2026-07-11 22:19:34,914 [INFO] Pass: UnitarySynthesis - 0.00525 (ms)
2026-07-11 22:19:34,914 [INFO] Pass: HighLevelSynthesis - 0.02265 (ms)
2026-07-11 22:19:34,914 [INFO] Pass: BasisTranslator - 0.06700 (ms)
2026-07-11 22:19:34,914 [INFO] Pass: ConsolidateBlocks - 0.04959 (ms)
2026-07-11 22:19:34,914 [INFO] Pass: UnitarySynthesis - 0.00429 (ms)
2026-07-11 22:19:34,914 [INFO] Pass: Depth - 0.01907 (ms)
2026-07-11 22:19:34,914 [INFO] Pass: FixedPoint - 0.00429 (ms)
2026-07-11 22:19:34,914 [INFO] Pass: Size - 0.00310 (ms)
2026-07-11 22:19:34,914 [INFO] Pass: FixedPoint - 0.00286 (ms)
2026-07-11 22:19:34,914 [INFO] Pass: RemoveIdentityEquivalent - 0.00286 (ms)
2026-07-11 22:19:34,914 [INFO] Pass: Optimize1qGatesDecomposition - 0.03433 (ms)
2026-07-11 22:19:34,915 [INFO] Pass: CommutativeCancellation - 0.06986 (ms)
2026-07-11 22:19:34,915 [INFO] Pass: ContractIdleWiresInControlFlow - 0.00191 (ms)
2026-07-11 22:19:34,915 [INFO] Pass: GatesInBasis - 0.01907 (ms)
2026-07-11 22:19:34,915 [INFO] Pass: Depth - 0.01740 (ms)
2026-07-11 22:19:34,915 [INFO] Pass: FixedPoint - 0.00334 (ms)
2026-07-11 22:19:34,915 [INFO] Pass: Size - 0.00215 (ms)
2026-07-11 22:19:34,915 [INFO] Pass: FixedPoint - 0.00262 (ms)
2026-07-11 22:19:34,915 [INFO] Pass: ContainsInstruction - 0.00477 (ms)
2026-07-11 22:19:34,915 [INFO] Total Transpile Time - 90.75713 (ms)
2026-07-11 22:19:35,002 [INFO] Pass: ContainsInstruction - 0.00930 (ms)
2026-07-11 22:19:35,002 [INFO] Pass: UnitarySynthesis - 0.00596 (ms)
2026-07-11 22:19:35,002 [INFO] Pass: HighLevelSynthesis - 0.00691 (ms)
2026-07-11 22:19:35,002 [INFO] Pass: BasisTranslator - 0.05221 (ms)
2026-07-11 22:19:35,002 [INFO] Pass: ElidePermutations - 0.00405 (ms)
2026-07-11 22:19:35,002 [INFO] Pass: RemoveDiagonalGatesBeforeMeasure - 0.00668 (ms)
2026-07-11 22:19:35,002 [INFO] Pass: RemoveIdentityEquivalent - 0.00477 (ms)
2026-07-11 22:19:35,002 [INFO] Pass: InverseCancellation - 0.02146 (ms)
2026-07-11 22:19:35,002 [INFO] Pass: ContractIdleWiresInControlFlow - 0.00167 (ms)
2026-07-11 22:19:35,002 [INFO] Pass: CommutativeCancellation - 0.05937 (ms)
2026-07-11 22:19:35,002 [INFO] Pass: ConsolidateBlocks - 0.03839 (ms)
2026-07-11 22:19:35,002 [INFO] Pass: Split2QUnitaries - 0.00238 (ms)
2026-07-11 22:19:35,003 [INFO] Pass: UnitarySynthesis - 0.00477 (ms)
2026-07-11 22:19:35,003 [INFO] Pass: HighLevelSynthesis - 0.02337 (ms)
2026-07-11 22:19:35,003 [INFO] Pass: BasisTranslator - 0.06866 (ms)
2026-07-11 22:19:35,003 [INFO] Pass: ConsolidateBlocks - 0.04840 (ms)
2026-07-11 22:19:35,003 [INFO] Pass: UnitarySynthesis - 0.00429 (ms)
2026-07-11 22:19:35,003 [INFO] Pass: Depth - 0.01884 (ms)
2026-07-11 22:19:35,003 [INFO] Pass: FixedPoint - 0.00405 (ms)
2026-07-11 22:19:35,003 [INFO] Pass: Size - 0.00286 (ms)
2026-07-11 22:19:35,003 [INFO] Pass: FixedPoint - 0.00286 (ms)
2026-07-11 22:19:35,003 [INFO] Pass: RemoveIdentityEquivalent - 0.00405 (ms)
2026-07-11 22:19:35,003 [INFO] Pass: Optimize1qGatesDecomposition - 0.14710 (ms)
2026-07-11 22:19:35,003 [INFO] Pass: CommutativeCancellation - 0.07939 (ms)
2026-07-11 22:19:35,003 [INFO] Pass: ContractIdleWiresInControlFlow - 0.00191 (ms)
2026-07-11 22:19:35,003 [INFO] Pass: GatesInBasis - 0.01860 (ms)
2026-07-11 22:19:35,003 [INFO] Pass: Depth - 0.01740 (ms)
2026-07-11 22:19:35,003 [INFO] Pass: FixedPoint - 0.00358 (ms)
2026-07-11 22:19:35,003 [INFO] Pass: Size - 0.00191 (ms)
2026-07-11 22:19:35,003 [INFO] Pass: FixedPoint - 0.00262 (ms)
2026-07-11 22:19:35,003 [INFO] Pass: ContainsInstruction - 0.00501 (ms)
2026-07-11 22:19:35,004 [INFO] Total Transpile Time - 88.26780 (ms)
2026-07-11 22:19:35,091 [INFO] Pass: ContainsInstruction - 0.00906 (ms)
2026-07-11 22:19:35,091 [INFO] Pass: UnitarySynthesis - 0.00596 (ms)
2026-07-11 22:19:35,091 [INFO] Pass: HighLevelSynthesis - 0.00715 (ms)
2026-07-11 22:19:35,091 [INFO] Pass: BasisTranslator - 0.05102 (ms)
2026-07-11 22:19:35,091 [INFO] Pass: ElidePermutations - 0.00310 (ms)
2026-07-11 22:19:35,091 [INFO] Pass: RemoveDiagonalGatesBeforeMeasure - 0.00620 (ms)
2026-07-11 22:19:35,091 [INFO] Pass: RemoveIdentityEquivalent - 0.00572 (ms)
2026-07-11 22:19:35,091 [INFO] Pass: InverseCancellation - 0.02003 (ms)
2026-07-11 22:19:35,091 [INFO] Pass: ContractIdleWiresInControlFlow - 0.00191 (ms)
2026-07-11 22:19:35,091 [INFO] Pass: CommutativeCancellation - 0.05817 (ms)
2026-07-11 22:19:35,091 [INFO] Pass: ConsolidateBlocks - 0.03672 (ms)
2026-07-11 22:19:35,091 [INFO] Pass: Split2QUnitaries - 0.00215 (ms)
2026-07-11 22:19:35,091 [INFO] Pass: UnitarySynthesis - 0.00525 (ms)
2026-07-11 22:19:35,092 [INFO] Pass: HighLevelSynthesis - 0.02432 (ms)
2026-07-11 22:19:35,092 [INFO] Pass: BasisTranslator - 0.06723 (ms)
2026-07-11 22:19:35,092 [INFO] Pass: ConsolidateBlocks - 0.04888 (ms)
2026-07-11 22:19:35,092 [INFO] Pass: UnitarySynthesis - 0.00477 (ms)
2026-07-11 22:19:35,092 [INFO] Pass: Depth - 0.02050 (ms)
2026-07-11 22:19:35,092 [INFO] Pass: FixedPoint - 0.00405 (ms)
2026-07-11 22:19:35,092 [INFO] Pass: Size - 0.00286 (ms)
2026-07-11 22:19:35,092 [INFO] Pass: FixedPoint - 0.00286 (ms)
2026-07-11 22:19:35,092 [INFO] Pass: RemoveIdentityEquivalent - 0.00525 (ms)
2026-07-11 22:19:35,092 [INFO] Pass: Optimize1qGatesDecomposition - 0.16069 (ms)
2026-07-11 22:19:35,092 [INFO] Pass: CommutativeCancellation - 0.07057 (ms)
2026-07-11 22:19:35,092 [INFO] Pass: ContractIdleWiresInControlFlow - 0.00167 (ms)
2026-07-11 22:19:35,092 [INFO] Pass: GatesInBasis - 0.01907 (ms)
2026-07-11 22:19:35,092 [INFO] Pass: Depth - 0.01860 (ms)
2026-07-11 22:19:35,092 [INFO] Pass: FixedPoint - 0.00381 (ms)
2026-07-11 22:19:35,092 [INFO] Pass: Size - 0.00215 (ms)
2026-07-11 22:19:35,092 [INFO] Pass: FixedPoint - 0.00286 (ms)
2026-07-11 22:19:35,092 [INFO] Pass: RemoveIdentityEquivalent - 0.00501 (ms)
2026-07-11 22:19:35,093 [INFO] Pass: Optimize1qGatesDecomposition - 0.13900 (ms)
2026-07-11 22:19:35,093 [INFO] Pass: CommutativeCancellation - 0.06628 (ms)
2026-07-11 22:19:35,093 [INFO] Pass: ContractIdleWiresInControlFlow - 0.00191 (ms)
2026-07-11 22:19:35,093 [INFO] Pass: GatesInBasis - 0.01812 (ms)
2026-07-11 22:19:35,093 [INFO] Pass: Depth - 0.01740 (ms)
2026-07-11 22:19:35,093 [INFO] Pass: FixedPoint - 0.00286 (ms)
2026-07-11 22:19:35,093 [INFO] Pass: Size - 0.00191 (ms)
2026-07-11 22:19:35,093 [INFO] Pass: FixedPoint - 0.00262 (ms)
2026-07-11 22:19:35,093 [INFO] Pass: ContainsInstruction - 0.00525 (ms)
2026-07-11 22:19:35,093 [INFO] Total Transpile Time - 89.09893 (ms)
2026-07-11 22:34:48,188 [INFO] [PCE] n=150 instancia 76/100 completada en 0:00:15:13 — transcurrido=1:01:17:50 restante_estimado=0:07:59:19
2026-07-11 22:34:48,296 [INFO] Pass: ContainsInstruction - 0.01144 (ms)
2026-07-11 22:34:48,296 [INFO] Pass: UnitarySynthesis - 0.00715 (ms)
2026-07-11 22:34:48,296 [INFO] Pass: HighLevelSynthesis - 0.00882 (ms)
2026-07-11 22:34:48,296 [INFO] Pass: BasisTranslator - 0.05722 (ms)
2026-07-11 22:34:48,296 [INFO] Pass: ElidePermutations - 0.00405 (ms)
2026-07-11 22:34:48,296 [INFO] Pass: RemoveDiagonalGatesBeforeMeasure - 0.00811 (ms)
2026-07-11 22:34:48,296 [INFO] Pass: RemoveIdentityEquivalent - 0.00381 (ms)
2026-07-11 22:34:48,296 [INFO] Pass: InverseCancellation - 0.00501 (ms)
2026-07-11 22:34:48,296 [INFO] Pass: ContractIdleWiresInControlFlow - 0.00167 (ms)
2026-07-11 22:34:48,296 [INFO] Pass: CommutativeCancellation - 0.05555 (ms)
2026-07-11 22:34:48,296 [INFO] Pass: ConsolidateBlocks - 0.04244 (ms)
2026-07-11 22:34:48,296 [INFO] Pass: Split2QUnitaries - 0.00286 (ms)
2026-07-11 22:34:48,296 [INFO] Pass: UnitarySynthesis - 0.00548 (ms)
2026-07-11 22:34:48,296 [INFO] Pass: HighLevelSynthesis - 0.02265 (ms)
2026-07-11 22:34:48,296 [INFO] Pass: BasisTranslator - 0.06390 (ms)
2026-07-11 22:34:48,297 [INFO] Pass: ConsolidateBlocks - 0.05031 (ms)
2026-07-11 22:34:48,297 [INFO] Pass: UnitarySynthesis - 0.00429 (ms)
2026-07-11 22:34:48,297 [INFO] Pass: Depth - 0.02360 (ms)
2026-07-11 22:34:48,297 [INFO] Pass: FixedPoint - 0.00453 (ms)
2026-07-11 22:34:48,297 [INFO] Pass: Size - 0.00334 (ms)
2026-07-11 22:34:48,297 [INFO] Pass: FixedPoint - 0.00334 (ms)
2026-07-11 22:34:48,297 [INFO] Pass: RemoveIdentityEquivalent - 0.00286 (ms)
2026-07-11 22:34:48,297 [INFO] Pass: Optimize1qGatesDecomposition - 0.03147 (ms)
2026-07-11 22:34:48,297 [INFO] Pass: CommutativeCancellation - 0.07129 (ms)
2026-07-11 22:34:48,297 [INFO] Pass: ContractIdleWiresInControlFlow - 0.00215 (ms)
2026-07-11 22:34:48,297 [INFO] Pass: GatesInBasis - 0.02050 (ms)
2026-07-11 22:34:48,297 [INFO] Pass: Depth - 0.01812 (ms)
2026-07-11 22:34:48,297 [INFO] Pass: FixedPoint - 0.00334 (ms)
2026-07-11 22:34:48,297 [INFO] Pass: Size - 0.00167 (ms)
2026-07-11 22:34:48,297 [INFO] Pass: FixedPoint - 0.00262 (ms)
2026-07-11 22:34:48,297 [INFO] Pass: ContainsInstruction - 0.00453 (ms)
2026-07-11 22:34:48,297 [INFO] Total Transpile Time - 92.63587 (ms)
2026-07-11 22:34:48,387 [INFO] Pass: ContainsInstruction - 0.00930 (ms)
2026-07-11 22:34:48,387 [INFO] Pass: UnitarySynthesis - 0.00644 (ms)
2026-07-11 22:34:48,387 [INFO] Pass: HighLevelSynthesis - 0.00787 (ms)
2026-07-11 22:34:48,387 [INFO] Pass: BasisTranslator - 0.05174 (ms)
2026-07-11 22:34:48,387 [INFO] Pass: ElidePermutations - 0.00358 (ms)
2026-07-11 22:34:48,387 [INFO] Pass: RemoveDiagonalGatesBeforeMeasure - 0.00787 (ms)
2026-07-11 22:34:48,387 [INFO] Pass: RemoveIdentityEquivalent - 0.00572 (ms)
2026-07-11 22:34:48,387 [INFO] Pass: InverseCancellation - 0.02265 (ms)
2026-07-11 22:34:48,387 [INFO] Pass: ContractIdleWiresInControlFlow - 0.00238 (ms)
2026-07-11 22:34:48,387 [INFO] Pass: CommutativeCancellation - 0.06866 (ms)
2026-07-11 22:34:48,387 [INFO] Pass: ConsolidateBlocks - 0.04601 (ms)
2026-07-11 22:34:48,387 [INFO] Pass: Split2QUnitaries - 0.00215 (ms)
2026-07-11 22:34:48,387 [INFO] Pass: UnitarySynthesis - 0.00548 (ms)
2026-07-11 22:34:48,388 [INFO] Pass: HighLevelSynthesis - 0.02384 (ms)
2026-07-11 22:34:48,388 [INFO] Pass: BasisTranslator - 0.06437 (ms)
2026-07-11 22:34:48,388 [INFO] Pass: ConsolidateBlocks - 0.05102 (ms)
2026-07-11 22:34:48,388 [INFO] Pass: UnitarySynthesis - 0.00501 (ms)
2026-07-11 22:34:48,388 [INFO] Pass: Depth - 0.02217 (ms)
2026-07-11 22:34:48,388 [INFO] Pass: FixedPoint - 0.00429 (ms)
2026-07-11 22:34:48,388 [INFO] Pass: Size - 0.00286 (ms)
2026-07-11 22:34:48,388 [INFO] Pass: FixedPoint - 0.00286 (ms)
2026-07-11 22:34:48,388 [INFO] Pass: RemoveIdentityEquivalent - 0.00429 (ms)
2026-07-11 22:34:48,388 [INFO] Pass: Optimize1qGatesDecomposition - 0.15473 (ms)
2026-07-11 22:34:48,388 [INFO] Pass: CommutativeCancellation - 0.08202 (ms)
2026-07-11 22:34:48,388 [INFO] Pass: ContractIdleWiresInControlFlow - 0.00191 (ms)
2026-07-11 22:34:48,388 [INFO] Pass: GatesInBasis - 0.02050 (ms)
2026-07-11 22:34:48,388 [INFO] Pass: Depth - 0.02074 (ms)
2026-07-11 22:34:48,388 [INFO] Pass: FixedPoint - 0.00358 (ms)
2026-07-11 22:34:48,388 [INFO] Pass: Size - 0.00238 (ms)
2026-07-11 22:34:48,388 [INFO] Pass: FixedPoint - 0.00310 (ms)
2026-07-11 22:34:48,388 [INFO] Pass: ContainsInstruction - 0.00548 (ms)
2026-07-11 22:34:48,389 [INFO] Total Transpile Time - 90.90972 (ms)
2026-07-11 22:34:48,478 [INFO] Pass: ContainsInstruction - 0.00930 (ms)
2026-07-11 22:34:48,478 [INFO] Pass: UnitarySynthesis - 0.00644 (ms)
2026-07-11 22:34:48,478 [INFO] Pass: HighLevelSynthesis - 0.00787 (ms)
2026-07-11 22:34:48,478 [INFO] Pass: BasisTranslator - 0.05102 (ms)
2026-07-11 22:34:48,478 [INFO] Pass: ElidePermutations - 0.00334 (ms)
2026-07-11 22:34:48,478 [INFO] Pass: RemoveDiagonalGatesBeforeMeasure - 0.00715 (ms)
2026-07-11 22:34:48,478 [INFO] Pass: RemoveIdentityEquivalent - 0.00572 (ms)
2026-07-11 22:34:48,479 [INFO] Pass: InverseCancellation - 0.02170 (ms)
2026-07-11 22:34:48,479 [INFO] Pass: ContractIdleWiresInControlFlow - 0.00215 (ms)
2026-07-11 22:34:48,479 [INFO] Pass: CommutativeCancellation - 0.05937 (ms)
2026-07-11 22:34:48,479 [INFO] Pass: ConsolidateBlocks - 0.04363 (ms)
2026-07-11 22:34:48,479 [INFO] Pass: Split2QUnitaries - 0.00215 (ms)
2026-07-11 22:34:48,479 [INFO] Pass: UnitarySynthesis - 0.00501 (ms)
2026-07-11 22:34:48,479 [INFO] Pass: HighLevelSynthesis - 0.02503 (ms)
2026-07-11 22:34:48,479 [INFO] Pass: BasisTranslator - 0.06318 (ms)
2026-07-11 22:34:48,479 [INFO] Pass: ConsolidateBlocks - 0.04864 (ms)
2026-07-11 22:34:48,479 [INFO] Pass: UnitarySynthesis - 0.00453 (ms)
2026-07-11 22:34:48,479 [INFO] Pass: Depth - 0.02170 (ms)
2026-07-11 22:34:48,479 [INFO] Pass: FixedPoint - 0.00429 (ms)
2026-07-11 22:34:48,479 [INFO] Pass: Size - 0.00262 (ms)
2026-07-11 22:34:48,479 [INFO] Pass: FixedPoint - 0.00286 (ms)
2026-07-11 22:34:48,479 [INFO] Pass: RemoveIdentityEquivalent - 0.00501 (ms)
2026-07-11 22:34:48,479 [INFO] Pass: Optimize1qGatesDecomposition - 0.16475 (ms)
2026-07-11 22:34:48,479 [INFO] Pass: CommutativeCancellation - 0.07272 (ms)
2026-07-11 22:34:48,479 [INFO] Pass: ContractIdleWiresInControlFlow - 0.00191 (ms)
2026-07-11 22:34:48,480 [INFO] Pass: GatesInBasis - 0.01955 (ms)
2026-07-11 22:34:48,480 [INFO] Pass: Depth - 0.01931 (ms)
2026-07-11 22:34:48,480 [INFO] Pass: FixedPoint - 0.00358 (ms)
2026-07-11 22:34:48,480 [INFO] Pass: Size - 0.00215 (ms)
2026-07-11 22:34:48,480 [INFO] Pass: FixedPoint - 0.00286 (ms)
2026-07-11 22:34:48,480 [INFO] Pass: RemoveIdentityEquivalent - 0.00429 (ms)
2026-07-11 22:34:48,480 [INFO] Pass: Optimize1qGatesDecomposition - 0.13661 (ms)
2026-07-11 22:34:48,480 [INFO] Pass: CommutativeCancellation - 0.06604 (ms)
2026-07-11 22:34:48,480 [INFO] Pass: ContractIdleWiresInControlFlow - 0.00167 (ms)
2026-07-11 22:34:48,480 [INFO] Pass: GatesInBasis - 0.01836 (ms)
2026-07-11 22:34:48,480 [INFO] Pass: Depth - 0.01788 (ms)
2026-07-11 22:34:48,480 [INFO] Pass: FixedPoint - 0.00334 (ms)
2026-07-11 22:34:48,480 [INFO] Pass: Size - 0.00167 (ms)
2026-07-11 22:34:48,480 [INFO] Pass: FixedPoint - 0.00238 (ms)
2026-07-11 22:34:48,480 [INFO] Pass: ContainsInstruction - 0.00525 (ms)
2026-07-11 22:34:48,480 [INFO] Total Transpile Time - 91.38274 (ms)
2026-07-11 22:50:26,734 [INFO] [PCE] n=150 instancia 77/100 completada en 0:00:15:39 — transcurrido=1:01:33:28 restante_estimado=0:07:38:03
2026-07-11 22:50:26,839 [INFO] Pass: ContainsInstruction - 0.01121 (ms)
2026-07-11 22:50:26,839 [INFO] Pass: UnitarySynthesis - 0.00739 (ms)
2026-07-11 22:50:26,839 [INFO] Pass: HighLevelSynthesis - 0.00811 (ms)
2026-07-11 22:50:26,839 [INFO] Pass: BasisTranslator - 0.05794 (ms)
2026-07-11 22:50:26,839 [INFO] Pass: ElidePermutations - 0.00477 (ms)
2026-07-11 22:50:26,839 [INFO] Pass: RemoveDiagonalGatesBeforeMeasure - 0.00858 (ms)
2026-07-11 22:50:26,839 [INFO] Pass: RemoveIdentityEquivalent - 0.00405 (ms)
2026-07-11 22:50:26,840 [INFO] Pass: InverseCancellation - 0.00453 (ms)
2026-07-11 22:50:26,840 [INFO] Pass: ContractIdleWiresInControlFlow - 0.00191 (ms)
2026-07-11 22:50:26,840 [INFO] Pass: CommutativeCancellation - 0.05579 (ms)
2026-07-11 22:50:26,840 [INFO] Pass: ConsolidateBlocks - 0.04220 (ms)
2026-07-11 22:50:26,840 [INFO] Pass: Split2QUnitaries - 0.00286 (ms)
2026-07-11 22:50:26,840 [INFO] Pass: UnitarySynthesis - 0.00477 (ms)
2026-07-11 22:50:26,840 [INFO] Pass: HighLevelSynthesis - 0.02217 (ms)
2026-07-11 22:50:26,840 [INFO] Pass: BasisTranslator - 0.06676 (ms)
2026-07-11 22:50:26,840 [INFO] Pass: ConsolidateBlocks - 0.04983 (ms)
2026-07-11 22:50:26,840 [INFO] Pass: UnitarySynthesis - 0.00429 (ms)
2026-07-11 22:50:26,840 [INFO] Pass: Depth - 0.01931 (ms)
2026-07-11 22:50:26,840 [INFO] Pass: FixedPoint - 0.00429 (ms)
2026-07-11 22:50:26,840 [INFO] Pass: Size - 0.00310 (ms)
2026-07-11 22:50:26,840 [INFO] Pass: FixedPoint - 0.00286 (ms)
2026-07-11 22:50:26,840 [INFO] Pass: RemoveIdentityEquivalent - 0.00286 (ms)
2026-07-11 22:50:26,840 [INFO] Pass: Optimize1qGatesDecomposition - 0.03338 (ms)
2026-07-11 22:50:26,840 [INFO] Pass: CommutativeCancellation - 0.08082 (ms)
2026-07-11 22:50:26,840 [INFO] Pass: ContractIdleWiresInControlFlow - 0.00191 (ms)
2026-07-11 22:50:26,840 [INFO] Pass: GatesInBasis - 0.01955 (ms)
2026-07-11 22:50:26,840 [INFO] Pass: Depth - 0.01717 (ms)
2026-07-11 22:50:26,840 [INFO] Pass: FixedPoint - 0.00358 (ms)
2026-07-11 22:50:26,840 [INFO] Pass: Size - 0.00215 (ms)
2026-07-11 22:50:26,840 [INFO] Pass: FixedPoint - 0.00286 (ms)
2026-07-11 22:50:26,840 [INFO] Pass: ContainsInstruction - 0.00477 (ms)
2026-07-11 22:50:26,841 [INFO] Total Transpile Time - 90.65819 (ms)
2026-07-11 22:50:26,928 [INFO] Pass: ContainsInstruction - 0.01001 (ms)
2026-07-11 22:50:26,929 [INFO] Pass: UnitarySynthesis - 0.00620 (ms)
2026-07-11 22:50:26,929 [INFO] Pass: HighLevelSynthesis - 0.00763 (ms)
2026-07-11 22:50:26,929 [INFO] Pass: BasisTranslator - 0.05174 (ms)
2026-07-11 22:50:26,929 [INFO] Pass: ElidePermutations - 0.00334 (ms)
2026-07-11 22:50:26,929 [INFO] Pass: RemoveDiagonalGatesBeforeMeasure - 0.00691 (ms)
2026-07-11 22:50:26,929 [INFO] Pass: RemoveIdentityEquivalent - 0.00477 (ms)
2026-07-11 22:50:26,929 [INFO] Pass: InverseCancellation - 0.02098 (ms)
2026-07-11 22:50:26,929 [INFO] Pass: ContractIdleWiresInControlFlow - 0.00167 (ms)
2026-07-11 22:50:26,929 [INFO] Pass: CommutativeCancellation - 0.06199 (ms)
2026-07-11 22:50:26,929 [INFO] Pass: ConsolidateBlocks - 0.04005 (ms)
2026-07-11 22:50:26,929 [INFO] Pass: Split2QUnitaries - 0.00215 (ms)
2026-07-11 22:50:26,929 [INFO] Pass: UnitarySynthesis - 0.00501 (ms)
2026-07-11 22:50:26,929 [INFO] Pass: HighLevelSynthesis - 0.02265 (ms)
2026-07-11 22:50:26,929 [INFO] Pass: BasisTranslator - 0.06247 (ms)
2026-07-11 22:50:26,929 [INFO] Pass: ConsolidateBlocks - 0.04864 (ms)
2026-07-11 22:50:26,929 [INFO] Pass: UnitarySynthesis - 0.00477 (ms)
2026-07-11 22:50:26,929 [INFO] Pass: Depth - 0.01979 (ms)
2026-07-11 22:50:26,929 [INFO] Pass: FixedPoint - 0.00405 (ms)
2026-07-11 22:50:26,929 [INFO] Pass: Size - 0.00262 (ms)
2026-07-11 22:50:26,929 [INFO] Pass: FixedPoint - 0.00262 (ms)
2026-07-11 22:50:26,929 [INFO] Pass: RemoveIdentityEquivalent - 0.00381 (ms)
2026-07-11 22:50:26,930 [INFO] Pass: Optimize1qGatesDecomposition - 0.14758 (ms)
2026-07-11 22:50:26,930 [INFO] Pass: CommutativeCancellation - 0.07844 (ms)
2026-07-11 22:50:26,930 [INFO] Pass: ContractIdleWiresInControlFlow - 0.00191 (ms)
2026-07-11 22:50:26,930 [INFO] Pass: GatesInBasis - 0.01884 (ms)
2026-07-11 22:50:26,930 [INFO] Pass: Depth - 0.01788 (ms)
2026-07-11 22:50:26,930 [INFO] Pass: FixedPoint - 0.00358 (ms)
2026-07-11 22:50:26,930 [INFO] Pass: Size - 0.00191 (ms)
2026-07-11 22:50:26,930 [INFO] Pass: FixedPoint - 0.00286 (ms)
2026-07-11 22:50:26,930 [INFO] Pass: ContainsInstruction - 0.00501 (ms)
2026-07-11 22:50:26,930 [INFO] Total Transpile Time - 89.03384 (ms)
2026-07-11 22:50:27,018 [INFO] Pass: ContainsInstruction - 0.00882 (ms)
2026-07-11 22:50:27,018 [INFO] Pass: UnitarySynthesis - 0.00620 (ms)
2026-07-11 22:50:27,018 [INFO] Pass: HighLevelSynthesis - 0.00763 (ms)
2026-07-11 22:50:27,018 [INFO] Pass: BasisTranslator - 0.05913 (ms)
2026-07-11 22:50:27,018 [INFO] Pass: ElidePermutations - 0.00310 (ms)
2026-07-11 22:50:27,018 [INFO] Pass: RemoveDiagonalGatesBeforeMeasure - 0.00596 (ms)
2026-07-11 22:50:27,018 [INFO] Pass: RemoveIdentityEquivalent - 0.00525 (ms)
2026-07-11 22:50:27,018 [INFO] Pass: InverseCancellation - 0.02098 (ms)
2026-07-11 22:50:27,018 [INFO] Pass: ContractIdleWiresInControlFlow - 0.00191 (ms)
2026-07-11 22:50:27,019 [INFO] Pass: CommutativeCancellation - 0.05865 (ms)
2026-07-11 22:50:27,019 [INFO] Pass: ConsolidateBlocks - 0.03815 (ms)
2026-07-11 22:50:27,019 [INFO] Pass: Split2QUnitaries - 0.00167 (ms)
2026-07-11 22:50:27,019 [INFO] Pass: UnitarySynthesis - 0.00477 (ms)
2026-07-11 22:50:27,019 [INFO] Pass: HighLevelSynthesis - 0.02432 (ms)
2026-07-11 22:50:27,019 [INFO] Pass: BasisTranslator - 0.06437 (ms)
2026-07-11 22:50:27,019 [INFO] Pass: ConsolidateBlocks - 0.04721 (ms)
2026-07-11 22:50:27,019 [INFO] Pass: UnitarySynthesis - 0.00477 (ms)
2026-07-11 22:50:27,019 [INFO] Pass: Depth - 0.02313 (ms)
2026-07-11 22:50:27,019 [INFO] Pass: FixedPoint - 0.00429 (ms)
2026-07-11 22:50:27,019 [INFO] Pass: Size - 0.00262 (ms)
2026-07-11 22:50:27,019 [INFO] Pass: FixedPoint - 0.00238 (ms)
2026-07-11 22:50:27,019 [INFO] Pass: RemoveIdentityEquivalent - 0.00525 (ms)
2026-07-11 22:50:27,019 [INFO] Pass: Optimize1qGatesDecomposition - 0.15807 (ms)
2026-07-11 22:50:27,019 [INFO] Pass: CommutativeCancellation - 0.08011 (ms)
2026-07-11 22:50:27,019 [INFO] Pass: ContractIdleWiresInControlFlow - 0.00191 (ms)
2026-07-11 22:50:27,019 [INFO] Pass: GatesInBasis - 0.01955 (ms)
2026-07-11 22:50:27,019 [INFO] Pass: Depth - 0.02313 (ms)
2026-07-11 22:50:27,019 [INFO] Pass: FixedPoint - 0.00358 (ms)
2026-07-11 22:50:27,019 [INFO] Pass: Size - 0.00215 (ms)
2026-07-11 22:50:27,020 [INFO] Pass: FixedPoint - 0.00310 (ms)
2026-07-11 22:50:27,020 [INFO] Pass: RemoveIdentityEquivalent - 0.00429 (ms)
2026-07-11 22:50:27,020 [INFO] Pass: Optimize1qGatesDecomposition - 0.13781 (ms)
2026-07-11 22:50:27,020 [INFO] Pass: CommutativeCancellation - 0.06914 (ms)
2026-07-11 22:50:27,020 [INFO] Pass: ContractIdleWiresInControlFlow - 0.00167 (ms)
2026-07-11 22:50:27,020 [INFO] Pass: GatesInBasis - 0.01788 (ms)
2026-07-11 22:50:27,020 [INFO] Pass: Depth - 0.02098 (ms)
2026-07-11 22:50:27,020 [INFO] Pass: FixedPoint - 0.00310 (ms)
2026-07-11 22:50:27,020 [INFO] Pass: Size - 0.00215 (ms)
2026-07-11 22:50:27,020 [INFO] Pass: FixedPoint - 0.00262 (ms)
2026-07-11 22:50:27,020 [INFO] Pass: ContainsInstruction - 0.00501 (ms)
2026-07-11 22:50:27,020 [INFO] Total Transpile Time - 89.75077 (ms)
2026-07-11 23:09:04,625 [INFO] [PCE] n=150 instancia 78/100 completada en 0:00:18:38 — transcurrido=1:01:52:06 restante_estimado=0:07:17:46
2026-07-11 23:09:04,729 [INFO] Pass: ContainsInstruction - 0.01097 (ms)
2026-07-11 23:09:04,729 [INFO] Pass: UnitarySynthesis - 0.00668 (ms)
2026-07-11 23:09:04,729 [INFO] Pass: HighLevelSynthesis - 0.00787 (ms)
2026-07-11 23:09:04,729 [INFO] Pass: BasisTranslator - 0.05937 (ms)
2026-07-11 23:09:04,729 [INFO] Pass: ElidePermutations - 0.00429 (ms)
2026-07-11 23:09:04,729 [INFO] Pass: RemoveDiagonalGatesBeforeMeasure - 0.00811 (ms)
2026-07-11 23:09:04,729 [INFO] Pass: RemoveIdentityEquivalent - 0.00358 (ms)
2026-07-11 23:09:04,729 [INFO] Pass: InverseCancellation - 0.00477 (ms)
2026-07-11 23:09:04,729 [INFO] Pass: ContractIdleWiresInControlFlow - 0.00238 (ms)
2026-07-11 23:09:04,729 [INFO] Pass: CommutativeCancellation - 0.05436 (ms)
2026-07-11 23:09:04,729 [INFO] Pass: ConsolidateBlocks - 0.04148 (ms)
2026-07-11 23:09:04,729 [INFO] Pass: Split2QUnitaries - 0.00310 (ms)
2026-07-11 23:09:04,729 [INFO] Pass: UnitarySynthesis - 0.00501 (ms)
2026-07-11 23:09:04,729 [INFO] Pass: HighLevelSynthesis - 0.02265 (ms)
2026-07-11 23:09:04,729 [INFO] Pass: BasisTranslator - 0.06485 (ms)
2026-07-11 23:09:04,729 [INFO] Pass: ConsolidateBlocks - 0.04888 (ms)
2026-07-11 23:09:04,729 [INFO] Pass: UnitarySynthesis - 0.00405 (ms)
2026-07-11 23:09:04,730 [INFO] Pass: Depth - 0.02050 (ms)
2026-07-11 23:09:04,730 [INFO] Pass: FixedPoint - 0.00477 (ms)
2026-07-11 23:09:04,730 [INFO] Pass: Size - 0.00381 (ms)
2026-07-11 23:09:04,730 [INFO] Pass: FixedPoint - 0.00286 (ms)
2026-07-11 23:09:04,730 [INFO] Pass: RemoveIdentityEquivalent - 0.00310 (ms)
2026-07-11 23:09:04,730 [INFO] Pass: Optimize1qGatesDecomposition - 0.03195 (ms)
2026-07-11 23:09:04,730 [INFO] Pass: CommutativeCancellation - 0.07296 (ms)
2026-07-11 23:09:04,730 [INFO] Pass: ContractIdleWiresInControlFlow - 0.00191 (ms)
2026-07-11 23:09:04,730 [INFO] Pass: GatesInBasis - 0.01931 (ms)
2026-07-11 23:09:04,730 [INFO] Pass: Depth - 0.01645 (ms)
2026-07-11 23:09:04,730 [INFO] Pass: FixedPoint - 0.00334 (ms)
2026-07-11 23:09:04,730 [INFO] Pass: Size - 0.00191 (ms)
2026-07-11 23:09:04,730 [INFO] Pass: FixedPoint - 0.00238 (ms)
2026-07-11 23:09:04,730 [INFO] Pass: ContainsInstruction - 0.00525 (ms)
2026-07-11 23:09:04,730 [INFO] Total Transpile Time - 88.65786 (ms)
2026-07-11 23:09:04,816 [INFO] Pass: ContainsInstruction - 0.00978 (ms)
2026-07-11 23:09:04,816 [INFO] Pass: UnitarySynthesis - 0.00644 (ms)
2026-07-11 23:09:04,816 [INFO] Pass: HighLevelSynthesis - 0.00715 (ms)
2026-07-11 23:09:04,816 [INFO] Pass: BasisTranslator - 0.05198 (ms)
2026-07-11 23:09:04,816 [INFO] Pass: ElidePermutations - 0.00358 (ms)
2026-07-11 23:09:04,816 [INFO] Pass: RemoveDiagonalGatesBeforeMeasure - 0.00668 (ms)
2026-07-11 23:09:04,816 [INFO] Pass: RemoveIdentityEquivalent - 0.00453 (ms)
2026-07-11 23:09:04,816 [INFO] Pass: InverseCancellation - 0.02122 (ms)
2026-07-11 23:09:04,816 [INFO] Pass: ContractIdleWiresInControlFlow - 0.00215 (ms)
2026-07-11 23:09:04,816 [INFO] Pass: CommutativeCancellation - 0.05984 (ms)
2026-07-11 23:09:04,816 [INFO] Pass: ConsolidateBlocks - 0.03886 (ms)
2026-07-11 23:09:04,816 [INFO] Pass: Split2QUnitaries - 0.00238 (ms)
2026-07-11 23:09:04,816 [INFO] Pass: UnitarySynthesis - 0.00501 (ms)
2026-07-11 23:09:04,816 [INFO] Pass: HighLevelSynthesis - 0.02337 (ms)
2026-07-11 23:09:04,817 [INFO] Pass: BasisTranslator - 0.06390 (ms)
2026-07-11 23:09:04,817 [INFO] Pass: ConsolidateBlocks - 0.04792 (ms)
2026-07-11 23:09:04,817 [INFO] Pass: UnitarySynthesis - 0.00477 (ms)
2026-07-11 23:09:04,817 [INFO] Pass: Depth - 0.01979 (ms)
2026-07-11 23:09:04,817 [INFO] Pass: FixedPoint - 0.00453 (ms)
2026-07-11 23:09:04,817 [INFO] Pass: Size - 0.00286 (ms)
2026-07-11 23:09:04,817 [INFO] Pass: FixedPoint - 0.00286 (ms)
2026-07-11 23:09:04,817 [INFO] Pass: RemoveIdentityEquivalent - 0.00429 (ms)
2026-07-11 23:09:04,817 [INFO] Pass: Optimize1qGatesDecomposition - 0.15068 (ms)
2026-07-11 23:09:04,817 [INFO] Pass: CommutativeCancellation - 0.08082 (ms)
2026-07-11 23:09:04,817 [INFO] Pass: ContractIdleWiresInControlFlow - 0.00215 (ms)
2026-07-11 23:09:04,817 [INFO] Pass: GatesInBasis - 0.01907 (ms)
2026-07-11 23:09:04,817 [INFO] Pass: Depth - 0.01764 (ms)
2026-07-11 23:09:04,817 [INFO] Pass: FixedPoint - 0.00358 (ms)
2026-07-11 23:09:04,817 [INFO] Pass: Size - 0.00215 (ms)
2026-07-11 23:09:04,817 [INFO] Pass: FixedPoint - 0.00286 (ms)
2026-07-11 23:09:04,817 [INFO] Pass: ContainsInstruction - 0.00525 (ms)
2026-07-11 23:09:04,818 [INFO] Total Transpile Time - 86.90476 (ms)
2026-07-11 23:09:04,904 [INFO] Pass: ContainsInstruction - 0.00930 (ms)
2026-07-11 23:09:04,904 [INFO] Pass: UnitarySynthesis - 0.00644 (ms)
2026-07-11 23:09:04,904 [INFO] Pass: HighLevelSynthesis - 0.00715 (ms)
2026-07-11 23:09:04,904 [INFO] Pass: BasisTranslator - 0.05150 (ms)
2026-07-11 23:09:04,904 [INFO] Pass: ElidePermutations - 0.00334 (ms)
2026-07-11 23:09:04,904 [INFO] Pass: RemoveDiagonalGatesBeforeMeasure - 0.00644 (ms)
2026-07-11 23:09:04,904 [INFO] Pass: RemoveIdentityEquivalent - 0.00548 (ms)
2026-07-11 23:09:04,904 [INFO] Pass: InverseCancellation - 0.02027 (ms)
2026-07-11 23:09:04,904 [INFO] Pass: ContractIdleWiresInControlFlow - 0.00215 (ms)
2026-07-11 23:09:04,904 [INFO] Pass: CommutativeCancellation - 0.05770 (ms)
2026-07-11 23:09:04,904 [INFO] Pass: ConsolidateBlocks - 0.04554 (ms)
2026-07-11 23:09:04,904 [INFO] Pass: Split2QUnitaries - 0.00215 (ms)
2026-07-11 23:09:04,904 [INFO] Pass: UnitarySynthesis - 0.00548 (ms)
2026-07-11 23:09:04,904 [INFO] Pass: HighLevelSynthesis - 0.02480 (ms)
2026-07-11 23:09:04,904 [INFO] Pass: BasisTranslator - 0.06366 (ms)
2026-07-11 23:09:04,905 [INFO] Pass: ConsolidateBlocks - 0.04935 (ms)
2026-07-11 23:09:04,905 [INFO] Pass: UnitarySynthesis - 0.00525 (ms)
2026-07-11 23:09:04,905 [INFO] Pass: Depth - 0.02027 (ms)
2026-07-11 23:09:04,905 [INFO] Pass: FixedPoint - 0.00477 (ms)
2026-07-11 23:09:04,905 [INFO] Pass: Size - 0.00262 (ms)
2026-07-11 23:09:04,905 [INFO] Pass: FixedPoint - 0.00262 (ms)
2026-07-11 23:09:04,905 [INFO] Pass: RemoveIdentityEquivalent - 0.00501 (ms)
2026-07-11 23:09:04,905 [INFO] Pass: Optimize1qGatesDecomposition - 0.15426 (ms)
2026-07-11 23:09:04,905 [INFO] Pass: CommutativeCancellation - 0.07296 (ms)
2026-07-11 23:09:04,905 [INFO] Pass: ContractIdleWiresInControlFlow - 0.00167 (ms)
2026-07-11 23:09:04,905 [INFO] Pass: GatesInBasis - 0.01931 (ms)
2026-07-11 23:09:04,905 [INFO] Pass: Depth - 0.01836 (ms)
2026-07-11 23:09:04,905 [INFO] Pass: FixedPoint - 0.00381 (ms)
2026-07-11 23:09:04,905 [INFO] Pass: Size - 0.00191 (ms)
2026-07-11 23:09:04,905 [INFO] Pass: FixedPoint - 0.00238 (ms)
2026-07-11 23:09:04,905 [INFO] Pass: RemoveIdentityEquivalent - 0.00453 (ms)
2026-07-11 23:09:04,905 [INFO] Pass: Optimize1qGatesDecomposition - 0.14210 (ms)
2026-07-11 23:09:04,905 [INFO] Pass: CommutativeCancellation - 0.06628 (ms)
2026-07-11 23:09:04,905 [INFO] Pass: ContractIdleWiresInControlFlow - 0.00167 (ms)
2026-07-11 23:09:04,906 [INFO] Pass: GatesInBasis - 0.01812 (ms)
2026-07-11 23:09:04,906 [INFO] Pass: Depth - 0.01717 (ms)
2026-07-11 23:09:04,906 [INFO] Pass: FixedPoint - 0.00310 (ms)
2026-07-11 23:09:04,906 [INFO] Pass: Size - 0.00167 (ms)
2026-07-11 23:09:04,906 [INFO] Pass: FixedPoint - 0.00262 (ms)
2026-07-11 23:09:04,906 [INFO] Pass: ContainsInstruction - 0.00501 (ms)
2026-07-11 23:09:04,906 [INFO] Total Transpile Time - 88.08088 (ms)
2026-07-11 23:27:26,225 [INFO] [PCE] n=150 instancia 79/100 completada en 0:00:18:22 — transcurrido=1:02:10:28 restante_estimado=0:06:57:28
2026-07-11 23:27:26,331 [INFO] Pass: ContainsInstruction - 0.01192 (ms)
2026-07-11 23:27:26,331 [INFO] Pass: UnitarySynthesis - 0.00691 (ms)
2026-07-11 23:27:26,331 [INFO] Pass: HighLevelSynthesis - 0.00930 (ms)
2026-07-11 23:27:26,331 [INFO] Pass: BasisTranslator - 0.05865 (ms)
2026-07-11 23:27:26,331 [INFO] Pass: ElidePermutations - 0.00501 (ms)
2026-07-11 23:27:26,331 [INFO] Pass: RemoveDiagonalGatesBeforeMeasure - 0.00811 (ms)
2026-07-11 23:27:26,331 [INFO] Pass: RemoveIdentityEquivalent - 0.00334 (ms)
2026-07-11 23:27:26,331 [INFO] Pass: InverseCancellation - 0.00501 (ms)
2026-07-11 23:27:26,331 [INFO] Pass: ContractIdleWiresInControlFlow - 0.00215 (ms)
2026-07-11 23:27:26,331 [INFO] Pass: CommutativeCancellation - 0.05364 (ms)
2026-07-11 23:27:26,331 [INFO] Pass: ConsolidateBlocks - 0.04244 (ms)
2026-07-11 23:27:26,331 [INFO] Pass: Split2QUnitaries - 0.00310 (ms)
2026-07-11 23:27:26,331 [INFO] Pass: UnitarySynthesis - 0.00501 (ms)
2026-07-11 23:27:26,331 [INFO] Pass: HighLevelSynthesis - 0.02313 (ms)
2026-07-11 23:27:26,331 [INFO] Pass: BasisTranslator - 0.06700 (ms)
2026-07-11 23:27:26,331 [INFO] Pass: ConsolidateBlocks - 0.05126 (ms)
2026-07-11 23:27:26,331 [INFO] Pass: UnitarySynthesis - 0.00429 (ms)
2026-07-11 23:27:26,332 [INFO] Pass: Depth - 0.02313 (ms)
2026-07-11 23:27:26,332 [INFO] Pass: FixedPoint - 0.00453 (ms)
2026-07-11 23:27:26,332 [INFO] Pass: Size - 0.00334 (ms)
2026-07-11 23:27:26,332 [INFO] Pass: FixedPoint - 0.00262 (ms)
2026-07-11 23:27:26,332 [INFO] Pass: RemoveIdentityEquivalent - 0.00286 (ms)
2026-07-11 23:27:26,332 [INFO] Pass: Optimize1qGatesDecomposition - 0.03505 (ms)
2026-07-11 23:27:26,332 [INFO] Pass: CommutativeCancellation - 0.07105 (ms)
2026-07-11 23:27:26,332 [INFO] Pass: ContractIdleWiresInControlFlow - 0.00191 (ms)
2026-07-11 23:27:26,332 [INFO] Pass: GatesInBasis - 0.01931 (ms)
2026-07-11 23:27:26,332 [INFO] Pass: Depth - 0.01693 (ms)
2026-07-11 23:27:26,332 [INFO] Pass: FixedPoint - 0.00334 (ms)
2026-07-11 23:27:26,332 [INFO] Pass: Size - 0.00191 (ms)
2026-07-11 23:27:26,332 [INFO] Pass: FixedPoint - 0.00238 (ms)
2026-07-11 23:27:26,332 [INFO] Pass: ContainsInstruction - 0.00501 (ms)
2026-07-11 23:27:26,332 [INFO] Total Transpile Time - 91.18509 (ms)
2026-07-11 23:27:26,420 [INFO] Pass: ContainsInstruction - 0.00954 (ms)
2026-07-11 23:27:26,420 [INFO] Pass: UnitarySynthesis - 0.00620 (ms)
2026-07-11 23:27:26,420 [INFO] Pass: HighLevelSynthesis - 0.00763 (ms)
2026-07-11 23:27:26,420 [INFO] Pass: BasisTranslator - 0.05150 (ms)
2026-07-11 23:27:26,420 [INFO] Pass: ElidePermutations - 0.00334 (ms)
2026-07-11 23:27:26,420 [INFO] Pass: RemoveDiagonalGatesBeforeMeasure - 0.00644 (ms)
2026-07-11 23:27:26,420 [INFO] Pass: RemoveIdentityEquivalent - 0.00477 (ms)
2026-07-11 23:27:26,421 [INFO] Pass: InverseCancellation - 0.02122 (ms)
2026-07-11 23:27:26,421 [INFO] Pass: ContractIdleWiresInControlFlow - 0.00191 (ms)
2026-07-11 23:27:26,421 [INFO] Pass: CommutativeCancellation - 0.06151 (ms)
2026-07-11 23:27:26,421 [INFO] Pass: ConsolidateBlocks - 0.03982 (ms)
2026-07-11 23:27:26,421 [INFO] Pass: Split2QUnitaries - 0.00215 (ms)
2026-07-11 23:27:26,421 [INFO] Pass: UnitarySynthesis - 0.00453 (ms)
2026-07-11 23:27:26,421 [INFO] Pass: HighLevelSynthesis - 0.02289 (ms)
2026-07-11 23:27:26,421 [INFO] Pass: BasisTranslator - 0.06533 (ms)
2026-07-11 23:27:26,421 [INFO] Pass: ConsolidateBlocks - 0.04983 (ms)
2026-07-11 23:27:26,421 [INFO] Pass: UnitarySynthesis - 0.00429 (ms)
2026-07-11 23:27:26,421 [INFO] Pass: Depth - 0.02027 (ms)
2026-07-11 23:27:26,421 [INFO] Pass: FixedPoint - 0.00429 (ms)
2026-07-11 23:27:26,421 [INFO] Pass: Size - 0.00238 (ms)
2026-07-11 23:27:26,421 [INFO] Pass: FixedPoint - 0.00286 (ms)
2026-07-11 23:27:26,421 [INFO] Pass: RemoveIdentityEquivalent - 0.00381 (ms)
2026-07-11 23:27:26,421 [INFO] Pass: Optimize1qGatesDecomposition - 0.15640 (ms)
2026-07-11 23:27:26,421 [INFO] Pass: CommutativeCancellation - 0.07915 (ms)
2026-07-11 23:27:26,421 [INFO] Pass: ContractIdleWiresInControlFlow - 0.00191 (ms)
2026-07-11 23:27:26,421 [INFO] Pass: GatesInBasis - 0.01860 (ms)
2026-07-11 23:27:26,422 [INFO] Pass: Depth - 0.01812 (ms)
2026-07-11 23:27:26,422 [INFO] Pass: FixedPoint - 0.00358 (ms)
2026-07-11 23:27:26,422 [INFO] Pass: Size - 0.00167 (ms)
2026-07-11 23:27:26,422 [INFO] Pass: FixedPoint - 0.00262 (ms)
2026-07-11 23:27:26,422 [INFO] Pass: ContainsInstruction - 0.00477 (ms)
2026-07-11 23:27:26,422 [INFO] Total Transpile Time - 89.23674 (ms)
2026-07-11 23:27:26,510 [INFO] Pass: ContainsInstruction - 0.00930 (ms)
2026-07-11 23:27:26,510 [INFO] Pass: UnitarySynthesis - 0.00620 (ms)
2026-07-11 23:27:26,510 [INFO] Pass: HighLevelSynthesis - 0.00739 (ms)
2026-07-11 23:27:26,510 [INFO] Pass: BasisTranslator - 0.05126 (ms)
2026-07-11 23:27:26,510 [INFO] Pass: ElidePermutations - 0.00262 (ms)
2026-07-11 23:27:26,510 [INFO] Pass: RemoveDiagonalGatesBeforeMeasure - 0.00596 (ms)
2026-07-11 23:27:26,510 [INFO] Pass: RemoveIdentityEquivalent - 0.00501 (ms)
2026-07-11 23:27:26,510 [INFO] Pass: InverseCancellation - 0.02003 (ms)
2026-07-11 23:27:26,510 [INFO] Pass: ContractIdleWiresInControlFlow - 0.00167 (ms)
2026-07-11 23:27:26,510 [INFO] Pass: CommutativeCancellation - 0.05770 (ms)
2026-07-11 23:27:26,510 [INFO] Pass: ConsolidateBlocks - 0.04554 (ms)
2026-07-11 23:27:26,510 [INFO] Pass: Split2QUnitaries - 0.00238 (ms)
2026-07-11 23:27:26,510 [INFO] Pass: UnitarySynthesis - 0.00501 (ms)
2026-07-11 23:27:26,510 [INFO] Pass: HighLevelSynthesis - 0.02480 (ms)
2026-07-11 23:27:26,510 [INFO] Pass: BasisTranslator - 0.06723 (ms)
2026-07-11 23:27:26,511 [INFO] Pass: ConsolidateBlocks - 0.05102 (ms)
2026-07-11 23:27:26,511 [INFO] Pass: UnitarySynthesis - 0.00501 (ms)
2026-07-11 23:27:26,511 [INFO] Pass: Depth - 0.02193 (ms)
2026-07-11 23:27:26,511 [INFO] Pass: FixedPoint - 0.00429 (ms)
2026-07-11 23:27:26,511 [INFO] Pass: Size - 0.00262 (ms)
2026-07-11 23:27:26,511 [INFO] Pass: FixedPoint - 0.00286 (ms)
2026-07-11 23:27:26,511 [INFO] Pass: RemoveIdentityEquivalent - 0.00501 (ms)
2026-07-11 23:27:26,511 [INFO] Pass: Optimize1qGatesDecomposition - 0.15950 (ms)
2026-07-11 23:27:26,511 [INFO] Pass: CommutativeCancellation - 0.07081 (ms)
2026-07-11 23:27:26,511 [INFO] Pass: ContractIdleWiresInControlFlow - 0.00167 (ms)
2026-07-11 23:27:26,511 [INFO] Pass: GatesInBasis - 0.01907 (ms)
2026-07-11 23:27:26,511 [INFO] Pass: Depth - 0.01884 (ms)
2026-07-11 23:27:26,511 [INFO] Pass: FixedPoint - 0.00381 (ms)
2026-07-11 23:27:26,511 [INFO] Pass: Size - 0.00191 (ms)
2026-07-11 23:27:26,511 [INFO] Pass: FixedPoint - 0.00262 (ms)
2026-07-11 23:27:26,511 [INFO] Pass: RemoveIdentityEquivalent - 0.00453 (ms)
2026-07-11 23:27:26,511 [INFO] Pass: Optimize1qGatesDecomposition - 0.14305 (ms)
2026-07-11 23:27:26,511 [INFO] Pass: CommutativeCancellation - 0.06628 (ms)
2026-07-11 23:27:26,512 [INFO] Pass: ContractIdleWiresInControlFlow - 0.00191 (ms)
2026-07-11 23:27:26,512 [INFO] Pass: GatesInBasis - 0.01788 (ms)
2026-07-11 23:27:26,512 [INFO] Pass: Depth - 0.01907 (ms)
2026-07-11 23:27:26,512 [INFO] Pass: FixedPoint - 0.00334 (ms)
2026-07-11 23:27:26,512 [INFO] Pass: Size - 0.00215 (ms)
2026-07-11 23:27:26,512 [INFO] Pass: FixedPoint - 0.00286 (ms)
2026-07-11 23:27:26,512 [INFO] Pass: ContainsInstruction - 0.00501 (ms)
2026-07-11 23:27:26,512 [INFO] Total Transpile Time - 89.74791 (ms)
2026-07-11 23:42:42,698 [INFO] [PCE] n=150 instancia 80/100 completada en 0:00:15:16 — transcurrido=1:02:25:44 restante_estimado=0:06:36:26
2026-07-11 23:42:42,803 [INFO] Pass: ContainsInstruction - 0.01192 (ms)
2026-07-11 23:42:42,803 [INFO] Pass: UnitarySynthesis - 0.00691 (ms)
2026-07-11 23:42:42,803 [INFO] Pass: HighLevelSynthesis - 0.01597 (ms)
2026-07-11 23:42:42,803 [INFO] Pass: BasisTranslator - 0.05698 (ms)
2026-07-11 23:42:42,803 [INFO] Pass: ElidePermutations - 0.00525 (ms)
2026-07-11 23:42:42,803 [INFO] Pass: RemoveDiagonalGatesBeforeMeasure - 0.00906 (ms)
2026-07-11 23:42:42,803 [INFO] Pass: RemoveIdentityEquivalent - 0.00334 (ms)
2026-07-11 23:42:42,803 [INFO] Pass: InverseCancellation - 0.00477 (ms)
2026-07-11 23:42:42,803 [INFO] Pass: ContractIdleWiresInControlFlow - 0.00191 (ms)
2026-07-11 23:42:42,804 [INFO] Pass: CommutativeCancellation - 0.05913 (ms)
2026-07-11 23:42:42,804 [INFO] Pass: ConsolidateBlocks - 0.04101 (ms)
2026-07-11 23:42:42,804 [INFO] Pass: Split2QUnitaries - 0.00286 (ms)
2026-07-11 23:42:42,804 [INFO] Pass: UnitarySynthesis - 0.00548 (ms)
2026-07-11 23:42:42,804 [INFO] Pass: HighLevelSynthesis - 0.02456 (ms)
2026-07-11 23:42:42,804 [INFO] Pass: BasisTranslator - 0.06676 (ms)
2026-07-11 23:42:42,804 [INFO] Pass: ConsolidateBlocks - 0.05102 (ms)
2026-07-11 23:42:42,804 [INFO] Pass: UnitarySynthesis - 0.00453 (ms)
2026-07-11 23:42:42,804 [INFO] Pass: Depth - 0.01884 (ms)
2026-07-11 23:42:42,804 [INFO] Pass: FixedPoint - 0.00477 (ms)
2026-07-11 23:42:42,804 [INFO] Pass: Size - 0.00334 (ms)
2026-07-11 23:42:42,804 [INFO] Pass: FixedPoint - 0.00262 (ms)
2026-07-11 23:42:42,804 [INFO] Pass: RemoveIdentityEquivalent - 0.00286 (ms)
2026-07-11 23:42:42,804 [INFO] Pass: Optimize1qGatesDecomposition - 0.03457 (ms)
2026-07-11 23:42:42,804 [INFO] Pass: CommutativeCancellation - 0.07653 (ms)
2026-07-11 23:42:42,804 [INFO] Pass: ContractIdleWiresInControlFlow - 0.00215 (ms)
2026-07-11 23:42:42,804 [INFO] Pass: GatesInBasis - 0.01907 (ms)
2026-07-11 23:42:42,804 [INFO] Pass: Depth - 0.01717 (ms)
2026-07-11 23:42:42,804 [INFO] Pass: FixedPoint - 0.00381 (ms)
2026-07-11 23:42:42,804 [INFO] Pass: Size - 0.00215 (ms)
2026-07-11 23:42:42,804 [INFO] Pass: FixedPoint - 0.00310 (ms)
2026-07-11 23:42:42,804 [INFO] Pass: ContainsInstruction - 0.00525 (ms)
2026-07-11 23:42:42,805 [INFO] Total Transpile Time - 90.99269 (ms)
2026-07-11 23:42:42,892 [INFO] Pass: ContainsInstruction - 0.00978 (ms)
2026-07-11 23:42:42,892 [INFO] Pass: UnitarySynthesis - 0.00620 (ms)
2026-07-11 23:42:42,892 [INFO] Pass: HighLevelSynthesis - 0.00739 (ms)
2026-07-11 23:42:42,893 [INFO] Pass: BasisTranslator - 0.05245 (ms)
2026-07-11 23:42:42,893 [INFO] Pass: ElidePermutations - 0.00310 (ms)
2026-07-11 23:42:42,893 [INFO] Pass: RemoveDiagonalGatesBeforeMeasure - 0.00668 (ms)
2026-07-11 23:42:42,893 [INFO] Pass: RemoveIdentityEquivalent - 0.00477 (ms)
2026-07-11 23:42:42,893 [INFO] Pass: InverseCancellation - 0.02193 (ms)
2026-07-11 23:42:42,893 [INFO] Pass: ContractIdleWiresInControlFlow - 0.00215 (ms)
2026-07-11 23:42:42,893 [INFO] Pass: CommutativeCancellation - 0.06056 (ms)
2026-07-11 23:42:42,893 [INFO] Pass: ConsolidateBlocks - 0.03862 (ms)
2026-07-11 23:42:42,893 [INFO] Pass: Split2QUnitaries - 0.00262 (ms)
2026-07-11 23:42:42,893 [INFO] Pass: UnitarySynthesis - 0.00477 (ms)
2026-07-11 23:42:42,893 [INFO] Pass: HighLevelSynthesis - 0.02313 (ms)
2026-07-11 23:42:42,893 [INFO] Pass: BasisTranslator - 0.06247 (ms)
2026-07-11 23:42:42,893 [INFO] Pass: ConsolidateBlocks - 0.04721 (ms)
2026-07-11 23:42:42,893 [INFO] Pass: UnitarySynthesis - 0.00453 (ms)
2026-07-11 23:42:42,893 [INFO] Pass: Depth - 0.01955 (ms)
2026-07-11 23:42:42,893 [INFO] Pass: FixedPoint - 0.00381 (ms)
2026-07-11 23:42:42,893 [INFO] Pass: Size - 0.00238 (ms)
2026-07-11 23:42:42,893 [INFO] Pass: FixedPoint - 0.00286 (ms)
2026-07-11 23:42:42,893 [INFO] Pass: RemoveIdentityEquivalent - 0.00405 (ms)
2026-07-11 23:42:42,893 [INFO] Pass: Optimize1qGatesDecomposition - 0.14949 (ms)
2026-07-11 23:42:42,894 [INFO] Pass: CommutativeCancellation - 0.07963 (ms)
2026-07-11 23:42:42,894 [INFO] Pass: ContractIdleWiresInControlFlow - 0.00215 (ms)
2026-07-11 23:42:42,894 [INFO] Pass: GatesInBasis - 0.01955 (ms)
2026-07-11 23:42:42,894 [INFO] Pass: Depth - 0.02074 (ms)
2026-07-11 23:42:42,894 [INFO] Pass: FixedPoint - 0.00381 (ms)
2026-07-11 23:42:42,894 [INFO] Pass: Size - 0.00215 (ms)
2026-07-11 23:42:42,894 [INFO] Pass: FixedPoint - 0.00286 (ms)
2026-07-11 23:42:42,894 [INFO] Pass: ContainsInstruction - 0.00548 (ms)
2026-07-11 23:42:42,894 [INFO] Total Transpile Time - 88.89484 (ms)
2026-07-11 23:42:42,982 [INFO] Pass: ContainsInstruction - 0.00906 (ms)
2026-07-11 23:42:42,982 [INFO] Pass: UnitarySynthesis - 0.00644 (ms)
2026-07-11 23:42:42,982 [INFO] Pass: HighLevelSynthesis - 0.00715 (ms)
2026-07-11 23:42:42,982 [INFO] Pass: BasisTranslator - 0.04911 (ms)
2026-07-11 23:42:42,982 [INFO] Pass: ElidePermutations - 0.00310 (ms)
2026-07-11 23:42:42,982 [INFO] Pass: RemoveDiagonalGatesBeforeMeasure - 0.00644 (ms)
2026-07-11 23:42:42,982 [INFO] Pass: RemoveIdentityEquivalent - 0.00572 (ms)
2026-07-11 23:42:42,982 [INFO] Pass: InverseCancellation - 0.02003 (ms)
2026-07-11 23:42:42,982 [INFO] Pass: ContractIdleWiresInControlFlow - 0.00215 (ms)
2026-07-11 23:42:42,982 [INFO] Pass: CommutativeCancellation - 0.05937 (ms)
2026-07-11 23:42:42,982 [INFO] Pass: ConsolidateBlocks - 0.03815 (ms)
2026-07-11 23:42:42,982 [INFO] Pass: Split2QUnitaries - 0.00191 (ms)
2026-07-11 23:42:42,982 [INFO] Pass: UnitarySynthesis - 0.00548 (ms)
2026-07-11 23:42:42,982 [INFO] Pass: HighLevelSynthesis - 0.02527 (ms)
2026-07-11 23:42:42,982 [INFO] Pass: BasisTranslator - 0.06437 (ms)
2026-07-11 23:42:42,982 [INFO] Pass: ConsolidateBlocks - 0.04768 (ms)
2026-07-11 23:42:42,982 [INFO] Pass: UnitarySynthesis - 0.00477 (ms)
2026-07-11 23:42:42,982 [INFO] Pass: Depth - 0.01955 (ms)
2026-07-11 23:42:42,983 [INFO] Pass: FixedPoint - 0.00405 (ms)
2026-07-11 23:42:42,983 [INFO] Pass: Size - 0.00262 (ms)
2026-07-11 23:42:42,983 [INFO] Pass: FixedPoint - 0.00286 (ms)
2026-07-11 23:42:42,983 [INFO] Pass: RemoveIdentityEquivalent - 0.00501 (ms)
2026-07-11 23:42:42,983 [INFO] Pass: Optimize1qGatesDecomposition - 0.16475 (ms)
2026-07-11 23:42:42,983 [INFO] Pass: CommutativeCancellation - 0.07033 (ms)
2026-07-11 23:42:42,983 [INFO] Pass: ContractIdleWiresInControlFlow - 0.00167 (ms)
2026-07-11 23:42:42,983 [INFO] Pass: GatesInBasis - 0.01931 (ms)
2026-07-11 23:42:42,983 [INFO] Pass: Depth - 0.01812 (ms)
2026-07-11 23:42:42,983 [INFO] Pass: FixedPoint - 0.00358 (ms)
2026-07-11 23:42:42,983 [INFO] Pass: Size - 0.00215 (ms)
2026-07-11 23:42:42,983 [INFO] Pass: FixedPoint - 0.00310 (ms)
2026-07-11 23:42:42,983 [INFO] Pass: RemoveIdentityEquivalent - 0.00453 (ms)
2026-07-11 23:42:42,983 [INFO] Pass: Optimize1qGatesDecomposition - 0.13638 (ms)
2026-07-11 23:42:42,983 [INFO] Pass: CommutativeCancellation - 0.06437 (ms)
2026-07-11 23:42:42,983 [INFO] Pass: ContractIdleWiresInControlFlow - 0.00167 (ms)
2026-07-11 23:42:42,983 [INFO] Pass: GatesInBasis - 0.01836 (ms)
2026-07-11 23:42:42,983 [INFO] Pass: Depth - 0.01764 (ms)
2026-07-11 23:42:42,983 [INFO] Pass: FixedPoint - 0.00334 (ms)
2026-07-11 23:42:42,984 [INFO] Pass: Size - 0.00215 (ms)
2026-07-11 23:42:42,984 [INFO] Pass: FixedPoint - 0.00262 (ms)
2026-07-11 23:42:42,984 [INFO] Pass: ContainsInstruction - 0.00548 (ms)
2026-07-11 23:42:42,984 [INFO] Total Transpile Time - 89.47062 (ms)
2026-07-12 00:02:05,418 [INFO] [PCE] n=150 instancia 81/100 completada en 0:00:19:23 — transcurrido=1:02:45:07 restante_estimado=0:06:16:31
2026-07-12 00:02:05,525 [INFO] Pass: ContainsInstruction - 0.01168 (ms)
2026-07-12 00:02:05,525 [INFO] Pass: UnitarySynthesis - 0.00691 (ms)
2026-07-12 00:02:05,525 [INFO] Pass: HighLevelSynthesis - 0.00858 (ms)
2026-07-12 00:02:05,525 [INFO] Pass: BasisTranslator - 0.05794 (ms)
2026-07-12 00:02:05,526 [INFO] Pass: ElidePermutations - 0.00501 (ms)
2026-07-12 00:02:05,526 [INFO] Pass: RemoveDiagonalGatesBeforeMeasure - 0.00882 (ms)
2026-07-12 00:02:05,526 [INFO] Pass: RemoveIdentityEquivalent - 0.00358 (ms)
2026-07-12 00:02:05,526 [INFO] Pass: InverseCancellation - 0.00477 (ms)
2026-07-12 00:02:05,526 [INFO] Pass: ContractIdleWiresInControlFlow - 0.00167 (ms)
2026-07-12 00:02:05,526 [INFO] Pass: CommutativeCancellation - 0.05579 (ms)
2026-07-12 00:02:05,526 [INFO] Pass: ConsolidateBlocks - 0.04554 (ms)
2026-07-12 00:02:05,526 [INFO] Pass: Split2QUnitaries - 0.00310 (ms)
2026-07-12 00:02:05,526 [INFO] Pass: UnitarySynthesis - 0.00477 (ms)
2026-07-12 00:02:05,526 [INFO] Pass: HighLevelSynthesis - 0.02289 (ms)
2026-07-12 00:02:05,526 [INFO] Pass: BasisTranslator - 0.06223 (ms)
2026-07-12 00:02:05,526 [INFO] Pass: ConsolidateBlocks - 0.04959 (ms)
2026-07-12 00:02:05,526 [INFO] Pass: UnitarySynthesis - 0.00429 (ms)
2026-07-12 00:02:05,526 [INFO] Pass: Depth - 0.02265 (ms)
2026-07-12 00:02:05,526 [INFO] Pass: FixedPoint - 0.00429 (ms)
2026-07-12 00:02:05,526 [INFO] Pass: Size - 0.00358 (ms)
2026-07-12 00:02:05,526 [INFO] Pass: FixedPoint - 0.00286 (ms)
2026-07-12 00:02:05,526 [INFO] Pass: RemoveIdentityEquivalent - 0.00286 (ms)
2026-07-12 00:02:05,526 [INFO] Pass: Optimize1qGatesDecomposition - 0.04005 (ms)
2026-07-12 00:02:05,526 [INFO] Pass: CommutativeCancellation - 0.07439 (ms)
2026-07-12 00:02:05,526 [INFO] Pass: ContractIdleWiresInControlFlow - 0.00191 (ms)
2026-07-12 00:02:05,526 [INFO] Pass: GatesInBasis - 0.02003 (ms)
2026-07-12 00:02:05,526 [INFO] Pass: Depth - 0.01788 (ms)
2026-07-12 00:02:05,527 [INFO] Pass: FixedPoint - 0.00334 (ms)
2026-07-12 00:02:05,527 [INFO] Pass: Size - 0.00191 (ms)
2026-07-12 00:02:05,527 [INFO] Pass: FixedPoint - 0.00286 (ms)
2026-07-12 00:02:05,527 [INFO] Pass: ContainsInstruction - 0.00453 (ms)
2026-07-12 00:02:05,527 [INFO] Total Transpile Time - 92.23509 (ms)
2026-07-12 00:02:05,617 [INFO] Pass: ContainsInstruction - 0.00954 (ms)
2026-07-12 00:02:05,617 [INFO] Pass: UnitarySynthesis - 0.00572 (ms)
2026-07-12 00:02:05,617 [INFO] Pass: HighLevelSynthesis - 0.00763 (ms)
2026-07-12 00:02:05,618 [INFO] Pass: BasisTranslator - 0.05221 (ms)
2026-07-12 00:02:05,618 [INFO] Pass: ElidePermutations - 0.00358 (ms)
2026-07-12 00:02:05,618 [INFO] Pass: RemoveDiagonalGatesBeforeMeasure - 0.00668 (ms)
2026-07-12 00:02:05,618 [INFO] Pass: RemoveIdentityEquivalent - 0.00501 (ms)
2026-07-12 00:02:05,618 [INFO] Pass: InverseCancellation - 0.02265 (ms)
2026-07-12 00:02:05,618 [INFO] Pass: ContractIdleWiresInControlFlow - 0.00191 (ms)
2026-07-12 00:02:05,618 [INFO] Pass: CommutativeCancellation - 0.06056 (ms)
2026-07-12 00:02:05,618 [INFO] Pass: ConsolidateBlocks - 0.04482 (ms)
2026-07-12 00:02:05,618 [INFO] Pass: Split2QUnitaries - 0.00262 (ms)
2026-07-12 00:02:05,618 [INFO] Pass: UnitarySynthesis - 0.00477 (ms)
2026-07-12 00:02:05,618 [INFO] Pass: HighLevelSynthesis - 0.02360 (ms)
2026-07-12 00:02:05,618 [INFO] Pass: BasisTranslator - 0.06366 (ms)
2026-07-12 00:02:05,618 [INFO] Pass: ConsolidateBlocks - 0.04745 (ms)
2026-07-12 00:02:05,618 [INFO] Pass: UnitarySynthesis - 0.00429 (ms)
2026-07-12 00:02:05,618 [INFO] Pass: Depth - 0.02050 (ms)
2026-07-12 00:02:05,618 [INFO] Pass: FixedPoint - 0.00405 (ms)
2026-07-12 00:02:05,618 [INFO] Pass: Size - 0.00286 (ms)
2026-07-12 00:02:05,618 [INFO] Pass: FixedPoint - 0.00286 (ms)
2026-07-12 00:02:05,618 [INFO] Pass: RemoveIdentityEquivalent - 0.00381 (ms)
2026-07-12 00:02:05,618 [INFO] Pass: Optimize1qGatesDecomposition - 0.14901 (ms)
2026-07-12 00:02:05,619 [INFO] Pass: CommutativeCancellation - 0.08392 (ms)
2026-07-12 00:02:05,619 [INFO] Pass: ContractIdleWiresInControlFlow - 0.00167 (ms)
2026-07-12 00:02:05,619 [INFO] Pass: GatesInBasis - 0.01931 (ms)
2026-07-12 00:02:05,619 [INFO] Pass: Depth - 0.02003 (ms)
2026-07-12 00:02:05,619 [INFO] Pass: FixedPoint - 0.00358 (ms)
2026-07-12 00:02:05,619 [INFO] Pass: Size - 0.00215 (ms)
2026-07-12 00:02:05,619 [INFO] Pass: FixedPoint - 0.00262 (ms)
2026-07-12 00:02:05,619 [INFO] Pass: ContainsInstruction - 0.00501 (ms)
2026-07-12 00:02:05,619 [INFO] Total Transpile Time - 91.80379 (ms)
2026-07-12 00:02:05,708 [INFO] Pass: ContainsInstruction - 0.00930 (ms)
2026-07-12 00:02:05,708 [INFO] Pass: UnitarySynthesis - 0.00596 (ms)
2026-07-12 00:02:05,708 [INFO] Pass: HighLevelSynthesis - 0.00715 (ms)
2026-07-12 00:02:05,708 [INFO] Pass: BasisTranslator - 0.04911 (ms)
2026-07-12 00:02:05,708 [INFO] Pass: ElidePermutations - 0.00334 (ms)
2026-07-12 00:02:05,708 [INFO] Pass: RemoveDiagonalGatesBeforeMeasure - 0.00620 (ms)
2026-07-12 00:02:05,708 [INFO] Pass: RemoveIdentityEquivalent - 0.00596 (ms)
2026-07-12 00:02:05,708 [INFO] Pass: InverseCancellation - 0.02098 (ms)
2026-07-12 00:02:05,708 [INFO] Pass: ContractIdleWiresInControlFlow - 0.00191 (ms)
2026-07-12 00:02:05,708 [INFO] Pass: CommutativeCancellation - 0.06175 (ms)
2026-07-12 00:02:05,708 [INFO] Pass: ConsolidateBlocks - 0.04387 (ms)
2026-07-12 00:02:05,708 [INFO] Pass: Split2QUnitaries - 0.00262 (ms)
2026-07-12 00:02:05,708 [INFO] Pass: UnitarySynthesis - 0.00501 (ms)
2026-07-12 00:02:05,708 [INFO] Pass: HighLevelSynthesis - 0.02456 (ms)
2026-07-12 00:02:05,708 [INFO] Pass: BasisTranslator - 0.06366 (ms)
2026-07-12 00:02:05,708 [INFO] Pass: ConsolidateBlocks - 0.04959 (ms)
2026-07-12 00:02:05,708 [INFO] Pass: UnitarySynthesis - 0.00477 (ms)
2026-07-12 00:02:05,708 [INFO] Pass: Depth - 0.02122 (ms)
2026-07-12 00:02:05,708 [INFO] Pass: FixedPoint - 0.00429 (ms)
2026-07-12 00:02:05,708 [INFO] Pass: Size - 0.00262 (ms)
2026-07-12 00:02:05,708 [INFO] Pass: FixedPoint - 0.00286 (ms)
2026-07-12 00:02:05,708 [INFO] Pass: RemoveIdentityEquivalent - 0.00525 (ms)
2026-07-12 00:02:05,709 [INFO] Pass: Optimize1qGatesDecomposition - 0.15664 (ms)
2026-07-12 00:02:05,709 [INFO] Pass: CommutativeCancellation - 0.07629 (ms)
2026-07-12 00:02:05,709 [INFO] Pass: ContractIdleWiresInControlFlow - 0.00215 (ms)
2026-07-12 00:02:05,709 [INFO] Pass: GatesInBasis - 0.02003 (ms)
2026-07-12 00:02:05,709 [INFO] Pass: Depth - 0.01884 (ms)
2026-07-12 00:02:05,709 [INFO] Pass: FixedPoint - 0.00381 (ms)
2026-07-12 00:02:05,709 [INFO] Pass: Size - 0.00215 (ms)
2026-07-12 00:02:05,709 [INFO] Pass: FixedPoint - 0.00286 (ms)
2026-07-12 00:02:05,709 [INFO] Pass: RemoveIdentityEquivalent - 0.00429 (ms)
2026-07-12 00:02:05,709 [INFO] Pass: Optimize1qGatesDecomposition - 0.13471 (ms)
2026-07-12 00:02:05,709 [INFO] Pass: CommutativeCancellation - 0.06795 (ms)
2026-07-12 00:02:05,709 [INFO] Pass: ContractIdleWiresInControlFlow - 0.00215 (ms)
2026-07-12 00:02:05,709 [INFO] Pass: GatesInBasis - 0.01884 (ms)
2026-07-12 00:02:05,709 [INFO] Pass: Depth - 0.01788 (ms)
2026-07-12 00:02:05,709 [INFO] Pass: FixedPoint - 0.00310 (ms)
2026-07-12 00:02:05,709 [INFO] Pass: Size - 0.00191 (ms)
2026-07-12 00:02:05,709 [INFO] Pass: FixedPoint - 0.00262 (ms)
2026-07-12 00:02:05,709 [INFO] Pass: ContainsInstruction - 0.00548 (ms)
2026-07-12 00:02:05,710 [INFO] Total Transpile Time - 90.34371 (ms)
2026-07-12 00:18:33,198 [INFO] [PCE] n=150 instancia 82/100 completada en 0:00:16:28 — transcurrido=1:03:01:35 restante_estimado=0:05:55:57
2026-07-12 00:18:33,303 [INFO] Pass: ContainsInstruction - 0.01097 (ms)
2026-07-12 00:18:33,303 [INFO] Pass: UnitarySynthesis - 0.00691 (ms)
2026-07-12 00:18:33,303 [INFO] Pass: HighLevelSynthesis - 0.00882 (ms)
2026-07-12 00:18:33,303 [INFO] Pass: BasisTranslator - 0.05913 (ms)
2026-07-12 00:18:33,303 [INFO] Pass: ElidePermutations - 0.00429 (ms)
2026-07-12 00:18:33,303 [INFO] Pass: RemoveDiagonalGatesBeforeMeasure - 0.00787 (ms)
2026-07-12 00:18:33,303 [INFO] Pass: RemoveIdentityEquivalent - 0.00358 (ms)
2026-07-12 00:18:33,303 [INFO] Pass: InverseCancellation - 0.00453 (ms)
2026-07-12 00:18:33,303 [INFO] Pass: ContractIdleWiresInControlFlow - 0.00167 (ms)
2026-07-12 00:18:33,303 [INFO] Pass: CommutativeCancellation - 0.05698 (ms)
2026-07-12 00:18:33,303 [INFO] Pass: ConsolidateBlocks - 0.04244 (ms)
2026-07-12 00:18:33,303 [INFO] Pass: Split2QUnitaries - 0.00334 (ms)
2026-07-12 00:18:33,304 [INFO] Pass: UnitarySynthesis - 0.00453 (ms)
2026-07-12 00:18:33,304 [INFO] Pass: HighLevelSynthesis - 0.02289 (ms)
2026-07-12 00:18:33,304 [INFO] Pass: BasisTranslator - 0.06676 (ms)
2026-07-12 00:18:33,304 [INFO] Pass: ConsolidateBlocks - 0.05150 (ms)
2026-07-12 00:18:33,304 [INFO] Pass: UnitarySynthesis - 0.00429 (ms)
2026-07-12 00:18:33,304 [INFO] Pass: Depth - 0.02217 (ms)
2026-07-12 00:18:33,304 [INFO] Pass: FixedPoint - 0.00429 (ms)
2026-07-12 00:18:33,304 [INFO] Pass: Size - 0.00286 (ms)
2026-07-12 00:18:33,304 [INFO] Pass: FixedPoint - 0.00262 (ms)
2026-07-12 00:18:33,304 [INFO] Pass: RemoveIdentityEquivalent - 0.00238 (ms)
2026-07-12 00:18:33,304 [INFO] Pass: Optimize1qGatesDecomposition - 0.03338 (ms)
2026-07-12 00:18:33,304 [INFO] Pass: CommutativeCancellation - 0.07343 (ms)
2026-07-12 00:18:33,304 [INFO] Pass: ContractIdleWiresInControlFlow - 0.00215 (ms)
2026-07-12 00:18:33,304 [INFO] Pass: GatesInBasis - 0.01931 (ms)
2026-07-12 00:18:33,304 [INFO] Pass: Depth - 0.01931 (ms)
2026-07-12 00:18:33,304 [INFO] Pass: FixedPoint - 0.00334 (ms)
2026-07-12 00:18:33,304 [INFO] Pass: Size - 0.00215 (ms)
2026-07-12 00:18:33,304 [INFO] Pass: FixedPoint - 0.00310 (ms)
2026-07-12 00:18:33,304 [INFO] Pass: ContainsInstruction - 0.00501 (ms)
2026-07-12 00:18:33,305 [INFO] Total Transpile Time - 90.23619 (ms)
2026-07-12 00:18:33,392 [INFO] Pass: ContainsInstruction - 0.00930 (ms)
2026-07-12 00:18:33,392 [INFO] Pass: UnitarySynthesis - 0.00596 (ms)
2026-07-12 00:18:33,392 [INFO] Pass: HighLevelSynthesis - 0.00763 (ms)
2026-07-12 00:18:33,392 [INFO] Pass: BasisTranslator - 0.05364 (ms)
2026-07-12 00:18:33,392 [INFO] Pass: ElidePermutations - 0.00405 (ms)
2026-07-12 00:18:33,392 [INFO] Pass: RemoveDiagonalGatesBeforeMeasure - 0.00691 (ms)
2026-07-12 00:18:33,392 [INFO] Pass: RemoveIdentityEquivalent - 0.00477 (ms)
2026-07-12 00:18:33,392 [INFO] Pass: InverseCancellation - 0.02265 (ms)
2026-07-12 00:18:33,392 [INFO] Pass: ContractIdleWiresInControlFlow - 0.00215 (ms)
2026-07-12 00:18:33,392 [INFO] Pass: CommutativeCancellation - 0.06413 (ms)
2026-07-12 00:18:33,392 [INFO] Pass: ConsolidateBlocks - 0.03815 (ms)
2026-07-12 00:18:33,392 [INFO] Pass: Split2QUnitaries - 0.00238 (ms)
2026-07-12 00:18:33,392 [INFO] Pass: UnitarySynthesis - 0.00501 (ms)
2026-07-12 00:18:33,393 [INFO] Pass: HighLevelSynthesis - 0.02337 (ms)
2026-07-12 00:18:33,393 [INFO] Pass: BasisTranslator - 0.06914 (ms)
2026-07-12 00:18:33,393 [INFO] Pass: ConsolidateBlocks - 0.05007 (ms)
2026-07-12 00:18:33,393 [INFO] Pass: UnitarySynthesis - 0.00429 (ms)
2026-07-12 00:18:33,393 [INFO] Pass: Depth - 0.02146 (ms)
2026-07-12 00:18:33,393 [INFO] Pass: FixedPoint - 0.00405 (ms)
2026-07-12 00:18:33,393 [INFO] Pass: Size - 0.00262 (ms)
2026-07-12 00:18:33,393 [INFO] Pass: FixedPoint - 0.00262 (ms)
2026-07-12 00:18:33,393 [INFO] Pass: RemoveIdentityEquivalent - 0.00405 (ms)
2026-07-12 00:18:33,393 [INFO] Pass: Optimize1qGatesDecomposition - 0.14830 (ms)
2026-07-12 00:18:33,393 [INFO] Pass: CommutativeCancellation - 0.08202 (ms)
2026-07-12 00:18:33,393 [INFO] Pass: ContractIdleWiresInControlFlow - 0.00167 (ms)
2026-07-12 00:18:33,393 [INFO] Pass: GatesInBasis - 0.01907 (ms)
2026-07-12 00:18:33,393 [INFO] Pass: Depth - 0.02742 (ms)
2026-07-12 00:18:33,393 [INFO] Pass: FixedPoint - 0.00358 (ms)
2026-07-12 00:18:33,393 [INFO] Pass: Size - 0.00238 (ms)
2026-07-12 00:18:33,393 [INFO] Pass: FixedPoint - 0.00262 (ms)
2026-07-12 00:18:33,393 [INFO] Pass: ContainsInstruction - 0.00501 (ms)
2026-07-12 00:18:33,394 [INFO] Total Transpile Time - 88.70649 (ms)
2026-07-12 00:18:33,481 [INFO] Pass: ContainsInstruction - 0.00906 (ms)
2026-07-12 00:18:33,481 [INFO] Pass: UnitarySynthesis - 0.00644 (ms)
2026-07-12 00:18:33,481 [INFO] Pass: HighLevelSynthesis - 0.00715 (ms)
2026-07-12 00:18:33,481 [INFO] Pass: BasisTranslator - 0.05937 (ms)
2026-07-12 00:18:33,481 [INFO] Pass: ElidePermutations - 0.00358 (ms)
2026-07-12 00:18:33,481 [INFO] Pass: RemoveDiagonalGatesBeforeMeasure - 0.00691 (ms)
2026-07-12 00:18:33,481 [INFO] Pass: RemoveIdentityEquivalent - 0.00548 (ms)
2026-07-12 00:18:33,481 [INFO] Pass: InverseCancellation - 0.02217 (ms)
2026-07-12 00:18:33,481 [INFO] Pass: ContractIdleWiresInControlFlow - 0.00191 (ms)
2026-07-12 00:18:33,482 [INFO] Pass: CommutativeCancellation - 0.06318 (ms)
2026-07-12 00:18:33,482 [INFO] Pass: ConsolidateBlocks - 0.03791 (ms)
2026-07-12 00:18:33,482 [INFO] Pass: Split2QUnitaries - 0.00215 (ms)
2026-07-12 00:18:33,482 [INFO] Pass: UnitarySynthesis - 0.00548 (ms)
2026-07-12 00:18:33,482 [INFO] Pass: HighLevelSynthesis - 0.02503 (ms)
2026-07-12 00:18:33,482 [INFO] Pass: BasisTranslator - 0.06795 (ms)
2026-07-12 00:18:33,482 [INFO] Pass: ConsolidateBlocks - 0.05150 (ms)
2026-07-12 00:18:33,482 [INFO] Pass: UnitarySynthesis - 0.00477 (ms)
2026-07-12 00:18:33,482 [INFO] Pass: Depth - 0.02289 (ms)
2026-07-12 00:18:33,482 [INFO] Pass: FixedPoint - 0.00429 (ms)
2026-07-12 00:18:33,482 [INFO] Pass: Size - 0.00238 (ms)
2026-07-12 00:18:33,482 [INFO] Pass: FixedPoint - 0.00286 (ms)
2026-07-12 00:18:33,482 [INFO] Pass: RemoveIdentityEquivalent - 0.00453 (ms)
2026-07-12 00:18:33,482 [INFO] Pass: Optimize1qGatesDecomposition - 0.15879 (ms)
2026-07-12 00:18:33,482 [INFO] Pass: CommutativeCancellation - 0.08559 (ms)
2026-07-12 00:18:33,482 [INFO] Pass: ContractIdleWiresInControlFlow - 0.00215 (ms)
2026-07-12 00:18:33,482 [INFO] Pass: GatesInBasis - 0.02050 (ms)
2026-07-12 00:18:33,482 [INFO] Pass: Depth - 0.02146 (ms)
2026-07-12 00:18:33,482 [INFO] Pass: FixedPoint - 0.00358 (ms)
2026-07-12 00:18:33,482 [INFO] Pass: Size - 0.00215 (ms)
2026-07-12 00:18:33,483 [INFO] Pass: FixedPoint - 0.00286 (ms)
2026-07-12 00:18:33,483 [INFO] Pass: RemoveIdentityEquivalent - 0.00429 (ms)
2026-07-12 00:18:33,483 [INFO] Pass: Optimize1qGatesDecomposition - 0.13947 (ms)
2026-07-12 00:18:33,483 [INFO] Pass: CommutativeCancellation - 0.07081 (ms)
2026-07-12 00:18:33,483 [INFO] Pass: ContractIdleWiresInControlFlow - 0.00167 (ms)
2026-07-12 00:18:33,483 [INFO] Pass: GatesInBasis - 0.01836 (ms)
2026-07-12 00:18:33,483 [INFO] Pass: Depth - 0.01907 (ms)
2026-07-12 00:18:33,483 [INFO] Pass: FixedPoint - 0.00262 (ms)
2026-07-12 00:18:33,483 [INFO] Pass: Size - 0.00191 (ms)
2026-07-12 00:18:33,483 [INFO] Pass: FixedPoint - 0.00238 (ms)
2026-07-12 00:18:33,483 [INFO] Pass: ContainsInstruction - 0.00548 (ms)
2026-07-12 00:18:33,483 [INFO] Total Transpile Time - 89.30683 (ms)
2026-07-12 00:34:52,713 [INFO] [PCE] n=150 instancia 83/100 completada en 0:00:16:20 — transcurrido=1:03:17:54 restante_estimado=0:05:35:28
2026-07-12 00:34:52,817 [INFO] Pass: ContainsInstruction - 0.01049 (ms)
2026-07-12 00:34:52,817 [INFO] Pass: UnitarySynthesis - 0.00691 (ms)
2026-07-12 00:34:52,817 [INFO] Pass: HighLevelSynthesis - 0.00858 (ms)
2026-07-12 00:34:52,817 [INFO] Pass: BasisTranslator - 0.05817 (ms)
2026-07-12 00:34:52,817 [INFO] Pass: ElidePermutations - 0.00477 (ms)
2026-07-12 00:34:52,817 [INFO] Pass: RemoveDiagonalGatesBeforeMeasure - 0.00858 (ms)
2026-07-12 00:34:52,817 [INFO] Pass: RemoveIdentityEquivalent - 0.00358 (ms)
2026-07-12 00:34:52,817 [INFO] Pass: InverseCancellation - 0.00477 (ms)
2026-07-12 00:34:52,817 [INFO] Pass: ContractIdleWiresInControlFlow - 0.00191 (ms)
2026-07-12 00:34:52,817 [INFO] Pass: CommutativeCancellation - 0.05889 (ms)
2026-07-12 00:34:52,817 [INFO] Pass: ConsolidateBlocks - 0.04840 (ms)
2026-07-12 00:34:52,817 [INFO] Pass: Split2QUnitaries - 0.00286 (ms)
2026-07-12 00:34:52,817 [INFO] Pass: UnitarySynthesis - 0.00501 (ms)
2026-07-12 00:34:52,817 [INFO] Pass: HighLevelSynthesis - 0.02241 (ms)
2026-07-12 00:34:52,817 [INFO] Pass: BasisTranslator - 0.06580 (ms)
2026-07-12 00:34:52,818 [INFO] Pass: ConsolidateBlocks - 0.05054 (ms)
2026-07-12 00:34:52,818 [INFO] Pass: UnitarySynthesis - 0.00453 (ms)
2026-07-12 00:34:52,818 [INFO] Pass: Depth - 0.01979 (ms)
2026-07-12 00:34:52,818 [INFO] Pass: FixedPoint - 0.00501 (ms)
2026-07-12 00:34:52,818 [INFO] Pass: Size - 0.00358 (ms)
2026-07-12 00:34:52,818 [INFO] Pass: FixedPoint - 0.00286 (ms)
2026-07-12 00:34:52,818 [INFO] Pass: RemoveIdentityEquivalent - 0.00262 (ms)
2026-07-12 00:34:52,818 [INFO] Pass: Optimize1qGatesDecomposition - 0.03481 (ms)
2026-07-12 00:34:52,818 [INFO] Pass: CommutativeCancellation - 0.07725 (ms)
2026-07-12 00:34:52,818 [INFO] Pass: ContractIdleWiresInControlFlow - 0.00238 (ms)
2026-07-12 00:34:52,818 [INFO] Pass: GatesInBasis - 0.01931 (ms)
2026-07-12 00:34:52,818 [INFO] Pass: Depth - 0.01836 (ms)
2026-07-12 00:34:52,818 [INFO] Pass: FixedPoint - 0.00334 (ms)
2026-07-12 00:34:52,818 [INFO] Pass: Size - 0.00191 (ms)
2026-07-12 00:34:52,818 [INFO] Pass: FixedPoint - 0.00286 (ms)
2026-07-12 00:34:52,818 [INFO] Pass: ContainsInstruction - 0.00477 (ms)
2026-07-12 00:34:52,818 [INFO] Total Transpile Time - 89.20312 (ms)
2026-07-12 00:34:52,904 [INFO] Pass: ContainsInstruction - 0.00906 (ms)
2026-07-12 00:34:52,904 [INFO] Pass: UnitarySynthesis - 0.00548 (ms)
2026-07-12 00:34:52,904 [INFO] Pass: HighLevelSynthesis - 0.00763 (ms)
2026-07-12 00:34:52,904 [INFO] Pass: BasisTranslator - 0.05174 (ms)
2026-07-12 00:34:52,904 [INFO] Pass: ElidePermutations - 0.00381 (ms)
2026-07-12 00:34:52,904 [INFO] Pass: RemoveDiagonalGatesBeforeMeasure - 0.00668 (ms)
2026-07-12 00:34:52,904 [INFO] Pass: RemoveIdentityEquivalent - 0.00525 (ms)
2026-07-12 00:34:52,904 [INFO] Pass: InverseCancellation - 0.02122 (ms)
2026-07-12 00:34:52,904 [INFO] Pass: ContractIdleWiresInControlFlow - 0.00191 (ms)
2026-07-12 00:34:52,904 [INFO] Pass: CommutativeCancellation - 0.06104 (ms)
2026-07-12 00:34:52,904 [INFO] Pass: ConsolidateBlocks - 0.03767 (ms)
2026-07-12 00:34:52,904 [INFO] Pass: Split2QUnitaries - 0.00262 (ms)
2026-07-12 00:34:52,904 [INFO] Pass: UnitarySynthesis - 0.00525 (ms)
2026-07-12 00:34:52,905 [INFO] Pass: HighLevelSynthesis - 0.02289 (ms)
2026-07-12 00:34:52,905 [INFO] Pass: BasisTranslator - 0.06509 (ms)
2026-07-12 00:34:52,905 [INFO] Pass: ConsolidateBlocks - 0.04721 (ms)
2026-07-12 00:34:52,905 [INFO] Pass: UnitarySynthesis - 0.00405 (ms)
2026-07-12 00:34:52,905 [INFO] Pass: Depth - 0.01907 (ms)
2026-07-12 00:34:52,905 [INFO] Pass: FixedPoint - 0.00429 (ms)
2026-07-12 00:34:52,905 [INFO] Pass: Size - 0.00286 (ms)
2026-07-12 00:34:52,905 [INFO] Pass: FixedPoint - 0.00238 (ms)
2026-07-12 00:34:52,905 [INFO] Pass: RemoveIdentityEquivalent - 0.00358 (ms)
2026-07-12 00:34:52,905 [INFO] Pass: Optimize1qGatesDecomposition - 0.14424 (ms)
2026-07-12 00:34:52,905 [INFO] Pass: CommutativeCancellation - 0.07987 (ms)
2026-07-12 00:34:52,905 [INFO] Pass: ContractIdleWiresInControlFlow - 0.00215 (ms)
2026-07-12 00:34:52,905 [INFO] Pass: GatesInBasis - 0.01907 (ms)
2026-07-12 00:34:52,905 [INFO] Pass: Depth - 0.01764 (ms)
2026-07-12 00:34:52,905 [INFO] Pass: FixedPoint - 0.00334 (ms)
2026-07-12 00:34:52,905 [INFO] Pass: Size - 0.00238 (ms)
2026-07-12 00:34:52,905 [INFO] Pass: FixedPoint - 0.00286 (ms)
2026-07-12 00:34:52,905 [INFO] Pass: ContainsInstruction - 0.00477 (ms)
2026-07-12 00:34:52,906 [INFO] Total Transpile Time - 86.89308 (ms)
2026-07-12 00:34:52,992 [INFO] Pass: ContainsInstruction - 0.00954 (ms)
2026-07-12 00:34:52,992 [INFO] Pass: UnitarySynthesis - 0.00620 (ms)
2026-07-12 00:34:52,992 [INFO] Pass: HighLevelSynthesis - 0.00763 (ms)
2026-07-12 00:34:52,992 [INFO] Pass: BasisTranslator - 0.05007 (ms)
2026-07-12 00:34:52,992 [INFO] Pass: ElidePermutations - 0.00358 (ms)
2026-07-12 00:34:52,992 [INFO] Pass: RemoveDiagonalGatesBeforeMeasure - 0.00596 (ms)
2026-07-12 00:34:52,992 [INFO] Pass: RemoveIdentityEquivalent - 0.00525 (ms)
2026-07-12 00:34:52,992 [INFO] Pass: InverseCancellation - 0.02027 (ms)
2026-07-12 00:34:52,992 [INFO] Pass: ContractIdleWiresInControlFlow - 0.00191 (ms)
2026-07-12 00:34:52,992 [INFO] Pass: CommutativeCancellation - 0.06080 (ms)
2026-07-12 00:34:52,992 [INFO] Pass: ConsolidateBlocks - 0.03791 (ms)
2026-07-12 00:34:52,992 [INFO] Pass: Split2QUnitaries - 0.00262 (ms)
2026-07-12 00:34:52,992 [INFO] Pass: UnitarySynthesis - 0.00501 (ms)
2026-07-12 00:34:52,992 [INFO] Pass: HighLevelSynthesis - 0.02456 (ms)
2026-07-12 00:34:52,992 [INFO] Pass: BasisTranslator - 0.06342 (ms)
2026-07-12 00:34:52,992 [INFO] Pass: ConsolidateBlocks - 0.05698 (ms)
2026-07-12 00:34:52,992 [INFO] Pass: UnitarySynthesis - 0.00501 (ms)
2026-07-12 00:34:52,992 [INFO] Pass: Depth - 0.02098 (ms)
2026-07-12 00:34:52,992 [INFO] Pass: FixedPoint - 0.00381 (ms)
2026-07-12 00:34:52,992 [INFO] Pass: Size - 0.00262 (ms)
2026-07-12 00:34:52,992 [INFO] Pass: FixedPoint - 0.00262 (ms)
2026-07-12 00:34:52,992 [INFO] Pass: RemoveIdentityEquivalent - 0.00501 (ms)
2026-07-12 00:34:52,993 [INFO] Pass: Optimize1qGatesDecomposition - 0.15211 (ms)
2026-07-12 00:34:52,993 [INFO] Pass: CommutativeCancellation - 0.07248 (ms)
2026-07-12 00:34:52,993 [INFO] Pass: ContractIdleWiresInControlFlow - 0.00215 (ms)
2026-07-12 00:34:52,993 [INFO] Pass: GatesInBasis - 0.01955 (ms)
2026-07-12 00:34:52,993 [INFO] Pass: Depth - 0.01907 (ms)
2026-07-12 00:34:52,993 [INFO] Pass: FixedPoint - 0.00334 (ms)
2026-07-12 00:34:52,993 [INFO] Pass: Size - 0.00191 (ms)
2026-07-12 00:34:52,993 [INFO] Pass: FixedPoint - 0.00286 (ms)
2026-07-12 00:34:52,993 [INFO] Pass: RemoveIdentityEquivalent - 0.00405 (ms)
2026-07-12 00:34:52,993 [INFO] Pass: Optimize1qGatesDecomposition - 0.13590 (ms)
2026-07-12 00:34:52,993 [INFO] Pass: CommutativeCancellation - 0.06914 (ms)
2026-07-12 00:34:52,993 [INFO] Pass: ContractIdleWiresInControlFlow - 0.00191 (ms)
2026-07-12 00:34:52,993 [INFO] Pass: GatesInBasis - 0.01788 (ms)
2026-07-12 00:34:52,993 [INFO] Pass: Depth - 0.01812 (ms)
2026-07-12 00:34:52,993 [INFO] Pass: FixedPoint - 0.00310 (ms)
2026-07-12 00:34:52,993 [INFO] Pass: Size - 0.00215 (ms)
2026-07-12 00:34:52,993 [INFO] Pass: FixedPoint - 0.00262 (ms)
2026-07-12 00:34:52,993 [INFO] Pass: ContainsInstruction - 0.00501 (ms)
2026-07-12 00:34:52,994 [INFO] Total Transpile Time - 87.69202 (ms)
2026-07-12 00:51:07,599 [INFO] [PCE] n=150 instancia 84/100 completada en 0:00:16:15 — transcurrido=1:03:34:09 restante_estimado=0:05:15:05
2026-07-12 00:51:07,706 [INFO] Pass: ContainsInstruction - 0.01168 (ms)
2026-07-12 00:51:07,706 [INFO] Pass: UnitarySynthesis - 0.00739 (ms)
2026-07-12 00:51:07,706 [INFO] Pass: HighLevelSynthesis - 0.00834 (ms)
2026-07-12 00:51:07,706 [INFO] Pass: BasisTranslator - 0.05865 (ms)
2026-07-12 00:51:07,706 [INFO] Pass: ElidePermutations - 0.00501 (ms)
2026-07-12 00:51:07,706 [INFO] Pass: RemoveDiagonalGatesBeforeMeasure - 0.00834 (ms)
2026-07-12 00:51:07,706 [INFO] Pass: RemoveIdentityEquivalent - 0.00381 (ms)
2026-07-12 00:51:07,706 [INFO] Pass: InverseCancellation - 0.00525 (ms)
2026-07-12 00:51:07,706 [INFO] Pass: ContractIdleWiresInControlFlow - 0.00215 (ms)
2026-07-12 00:51:07,706 [INFO] Pass: CommutativeCancellation - 0.05913 (ms)
2026-07-12 00:51:07,706 [INFO] Pass: ConsolidateBlocks - 0.04697 (ms)
2026-07-12 00:51:07,706 [INFO] Pass: Split2QUnitaries - 0.00334 (ms)
2026-07-12 00:51:07,707 [INFO] Pass: UnitarySynthesis - 0.00548 (ms)
2026-07-12 00:51:07,707 [INFO] Pass: HighLevelSynthesis - 0.02360 (ms)
2026-07-12 00:51:07,707 [INFO] Pass: BasisTranslator - 0.06604 (ms)
2026-07-12 00:51:07,707 [INFO] Pass: ConsolidateBlocks - 0.04864 (ms)
2026-07-12 00:51:07,707 [INFO] Pass: UnitarySynthesis - 0.00477 (ms)
2026-07-12 00:51:07,707 [INFO] Pass: Depth - 0.02360 (ms)
2026-07-12 00:51:07,707 [INFO] Pass: FixedPoint - 0.00477 (ms)
2026-07-12 00:51:07,707 [INFO] Pass: Size - 0.00310 (ms)
2026-07-12 00:51:07,707 [INFO] Pass: FixedPoint - 0.00286 (ms)
2026-07-12 00:51:07,707 [INFO] Pass: RemoveIdentityEquivalent - 0.00262 (ms)
2026-07-12 00:51:07,707 [INFO] Pass: Optimize1qGatesDecomposition - 0.03242 (ms)
2026-07-12 00:51:07,707 [INFO] Pass: CommutativeCancellation - 0.07200 (ms)
2026-07-12 00:51:07,707 [INFO] Pass: ContractIdleWiresInControlFlow - 0.00215 (ms)
2026-07-12 00:51:07,707 [INFO] Pass: GatesInBasis - 0.01907 (ms)
2026-07-12 00:51:07,707 [INFO] Pass: Depth - 0.01812 (ms)
2026-07-12 00:51:07,707 [INFO] Pass: FixedPoint - 0.00334 (ms)
2026-07-12 00:51:07,707 [INFO] Pass: Size - 0.00191 (ms)
2026-07-12 00:51:07,707 [INFO] Pass: FixedPoint - 0.00262 (ms)
2026-07-12 00:51:07,707 [INFO] Pass: ContainsInstruction - 0.00477 (ms)
2026-07-12 00:51:07,708 [INFO] Total Transpile Time - 92.85617 (ms)
2026-07-12 00:51:07,797 [INFO] Pass: ContainsInstruction - 0.00954 (ms)
2026-07-12 00:51:07,797 [INFO] Pass: UnitarySynthesis - 0.00572 (ms)
2026-07-12 00:51:07,797 [INFO] Pass: HighLevelSynthesis - 0.00739 (ms)
2026-07-12 00:51:07,797 [INFO] Pass: BasisTranslator - 0.05364 (ms)
2026-07-12 00:51:07,797 [INFO] Pass: ElidePermutations - 0.00405 (ms)
2026-07-12 00:51:07,797 [INFO] Pass: RemoveDiagonalGatesBeforeMeasure - 0.00668 (ms)
2026-07-12 00:51:07,797 [INFO] Pass: RemoveIdentityEquivalent - 0.00453 (ms)
2026-07-12 00:51:07,797 [INFO] Pass: InverseCancellation - 0.02146 (ms)
2026-07-12 00:51:07,797 [INFO] Pass: ContractIdleWiresInControlFlow - 0.00191 (ms)
2026-07-12 00:51:07,797 [INFO] Pass: CommutativeCancellation - 0.06366 (ms)
2026-07-12 00:51:07,797 [INFO] Pass: ConsolidateBlocks - 0.04482 (ms)
2026-07-12 00:51:07,797 [INFO] Pass: Split2QUnitaries - 0.00215 (ms)
2026-07-12 00:51:07,797 [INFO] Pass: UnitarySynthesis - 0.00501 (ms)
2026-07-12 00:51:07,797 [INFO] Pass: HighLevelSynthesis - 0.02289 (ms)
2026-07-12 00:51:07,798 [INFO] Pass: BasisTranslator - 0.06461 (ms)
2026-07-12 00:51:07,798 [INFO] Pass: ConsolidateBlocks - 0.05102 (ms)
2026-07-12 00:51:07,798 [INFO] Pass: UnitarySynthesis - 0.00477 (ms)
2026-07-12 00:51:07,798 [INFO] Pass: Depth - 0.02241 (ms)
2026-07-12 00:51:07,798 [INFO] Pass: FixedPoint - 0.00429 (ms)
2026-07-12 00:51:07,798 [INFO] Pass: Size - 0.00262 (ms)
2026-07-12 00:51:07,798 [INFO] Pass: FixedPoint - 0.00286 (ms)
2026-07-12 00:51:07,798 [INFO] Pass: RemoveIdentityEquivalent - 0.00381 (ms)
2026-07-12 00:51:07,798 [INFO] Pass: Optimize1qGatesDecomposition - 0.14710 (ms)
2026-07-12 00:51:07,798 [INFO] Pass: CommutativeCancellation - 0.08488 (ms)
2026-07-12 00:51:07,798 [INFO] Pass: ContractIdleWiresInControlFlow - 0.00215 (ms)
2026-07-12 00:51:07,798 [INFO] Pass: GatesInBasis - 0.01907 (ms)
2026-07-12 00:51:07,798 [INFO] Pass: Depth - 0.01860 (ms)
2026-07-12 00:51:07,798 [INFO] Pass: FixedPoint - 0.00358 (ms)
2026-07-12 00:51:07,798 [INFO] Pass: Size - 0.00215 (ms)
2026-07-12 00:51:07,798 [INFO] Pass: FixedPoint - 0.00286 (ms)
2026-07-12 00:51:07,798 [INFO] Pass: ContainsInstruction - 0.00525 (ms)
2026-07-12 00:51:07,799 [INFO] Total Transpile Time - 90.59906 (ms)
2026-07-12 00:51:07,888 [INFO] Pass: ContainsInstruction - 0.00954 (ms)
2026-07-12 00:51:07,888 [INFO] Pass: UnitarySynthesis - 0.00596 (ms)
2026-07-12 00:51:07,889 [INFO] Pass: HighLevelSynthesis - 0.00739 (ms)
2026-07-12 00:51:07,889 [INFO] Pass: BasisTranslator - 0.05221 (ms)
2026-07-12 00:51:07,889 [INFO] Pass: ElidePermutations - 0.00334 (ms)
2026-07-12 00:51:07,889 [INFO] Pass: RemoveDiagonalGatesBeforeMeasure - 0.00644 (ms)
2026-07-12 00:51:07,889 [INFO] Pass: RemoveIdentityEquivalent - 0.00548 (ms)
2026-07-12 00:51:07,889 [INFO] Pass: InverseCancellation - 0.02217 (ms)
2026-07-12 00:51:07,889 [INFO] Pass: ContractIdleWiresInControlFlow - 0.00167 (ms)
2026-07-12 00:51:07,889 [INFO] Pass: CommutativeCancellation - 0.05960 (ms)
2026-07-12 00:51:07,889 [INFO] Pass: ConsolidateBlocks - 0.04530 (ms)
2026-07-12 00:51:07,889 [INFO] Pass: Split2QUnitaries - 0.00238 (ms)
2026-07-12 00:51:07,889 [INFO] Pass: UnitarySynthesis - 0.00501 (ms)
2026-07-12 00:51:07,889 [INFO] Pass: HighLevelSynthesis - 0.02503 (ms)
2026-07-12 00:51:07,889 [INFO] Pass: BasisTranslator - 0.06485 (ms)
2026-07-12 00:51:07,889 [INFO] Pass: ConsolidateBlocks - 0.04959 (ms)
2026-07-12 00:51:07,889 [INFO] Pass: UnitarySynthesis - 0.00477 (ms)
2026-07-12 00:51:07,889 [INFO] Pass: Depth - 0.02122 (ms)
2026-07-12 00:51:07,889 [INFO] Pass: FixedPoint - 0.00405 (ms)
2026-07-12 00:51:07,889 [INFO] Pass: Size - 0.00238 (ms)
2026-07-12 00:51:07,889 [INFO] Pass: FixedPoint - 0.00262 (ms)
2026-07-12 00:51:07,889 [INFO] Pass: RemoveIdentityEquivalent - 0.00572 (ms)
2026-07-12 00:51:07,890 [INFO] Pass: Optimize1qGatesDecomposition - 0.16451 (ms)
2026-07-12 00:51:07,890 [INFO] Pass: CommutativeCancellation - 0.07463 (ms)
2026-07-12 00:51:07,890 [INFO] Pass: ContractIdleWiresInControlFlow - 0.00191 (ms)
2026-07-12 00:51:07,890 [INFO] Pass: GatesInBasis - 0.01907 (ms)
2026-07-12 00:51:07,890 [INFO] Pass: Depth - 0.01931 (ms)
2026-07-12 00:51:07,890 [INFO] Pass: FixedPoint - 0.00381 (ms)
2026-07-12 00:51:07,890 [INFO] Pass: Size - 0.00215 (ms)
2026-07-12 00:51:07,890 [INFO] Pass: FixedPoint - 0.00286 (ms)
2026-07-12 00:51:07,890 [INFO] Pass: RemoveIdentityEquivalent - 0.00453 (ms)
2026-07-12 00:51:07,890 [INFO] Pass: Optimize1qGatesDecomposition - 0.14186 (ms)
2026-07-12 00:51:07,890 [INFO] Pass: CommutativeCancellation - 0.06819 (ms)
2026-07-12 00:51:07,890 [INFO] Pass: ContractIdleWiresInControlFlow - 0.00191 (ms)
2026-07-12 00:51:07,890 [INFO] Pass: GatesInBasis - 0.01812 (ms)
2026-07-12 00:51:07,890 [INFO] Pass: Depth - 0.02384 (ms)
2026-07-12 00:51:07,890 [INFO] Pass: FixedPoint - 0.00310 (ms)
2026-07-12 00:51:07,890 [INFO] Pass: Size - 0.00191 (ms)
2026-07-12 00:51:07,890 [INFO] Pass: FixedPoint - 0.00262 (ms)
2026-07-12 00:51:07,890 [INFO] Pass: ContainsInstruction - 0.00501 (ms)
2026-07-12 00:51:07,891 [INFO] Total Transpile Time - 91.74299 (ms)
2026-07-12 01:09:45,117 [INFO] [PCE] n=150 instancia 85/100 completada en 0:00:18:38 — transcurrido=1:03:52:47 restante_estimado=0:04:55:12
2026-07-12 01:09:45,224 [INFO] Pass: ContainsInstruction - 0.01121 (ms)
2026-07-12 01:09:45,224 [INFO] Pass: UnitarySynthesis - 0.00644 (ms)
2026-07-12 01:09:45,224 [INFO] Pass: HighLevelSynthesis - 0.00954 (ms)
2026-07-12 01:09:45,224 [INFO] Pass: BasisTranslator - 0.06008 (ms)
2026-07-12 01:09:45,224 [INFO] Pass: ElidePermutations - 0.00429 (ms)
2026-07-12 01:09:45,224 [INFO] Pass: RemoveDiagonalGatesBeforeMeasure - 0.00763 (ms)
2026-07-12 01:09:45,224 [INFO] Pass: RemoveIdentityEquivalent - 0.00310 (ms)
2026-07-12 01:09:45,224 [INFO] Pass: InverseCancellation - 0.00525 (ms)
2026-07-12 01:09:45,224 [INFO] Pass: ContractIdleWiresInControlFlow - 0.00215 (ms)
2026-07-12 01:09:45,224 [INFO] Pass: CommutativeCancellation - 0.05960 (ms)
2026-07-12 01:09:45,224 [INFO] Pass: ConsolidateBlocks - 0.04220 (ms)
2026-07-12 01:09:45,224 [INFO] Pass: Split2QUnitaries - 0.00310 (ms)
2026-07-12 01:09:45,224 [INFO] Pass: UnitarySynthesis - 0.00477 (ms)
2026-07-12 01:09:45,225 [INFO] Pass: HighLevelSynthesis - 0.02313 (ms)
2026-07-12 01:09:45,225 [INFO] Pass: BasisTranslator - 0.06771 (ms)
2026-07-12 01:09:45,225 [INFO] Pass: ConsolidateBlocks - 0.05007 (ms)
2026-07-12 01:09:45,225 [INFO] Pass: UnitarySynthesis - 0.00429 (ms)
2026-07-12 01:09:45,225 [INFO] Pass: Depth - 0.01931 (ms)
2026-07-12 01:09:45,225 [INFO] Pass: FixedPoint - 0.00477 (ms)
2026-07-12 01:09:45,225 [INFO] Pass: Size - 0.00334 (ms)
2026-07-12 01:09:45,225 [INFO] Pass: FixedPoint - 0.00262 (ms)
2026-07-12 01:09:45,225 [INFO] Pass: RemoveIdentityEquivalent - 0.00286 (ms)
2026-07-12 01:09:45,225 [INFO] Pass: Optimize1qGatesDecomposition - 0.03552 (ms)
2026-07-12 01:09:45,225 [INFO] Pass: CommutativeCancellation - 0.07129 (ms)
2026-07-12 01:09:45,225 [INFO] Pass: ContractIdleWiresInControlFlow - 0.00215 (ms)
2026-07-12 01:09:45,225 [INFO] Pass: GatesInBasis - 0.02050 (ms)
2026-07-12 01:09:45,225 [INFO] Pass: Depth - 0.01669 (ms)
2026-07-12 01:09:45,225 [INFO] Pass: FixedPoint - 0.00358 (ms)
2026-07-12 01:09:45,225 [INFO] Pass: Size - 0.00215 (ms)
2026-07-12 01:09:45,225 [INFO] Pass: FixedPoint - 0.00286 (ms)
2026-07-12 01:09:45,225 [INFO] Pass: ContainsInstruction - 0.00548 (ms)
2026-07-12 01:09:45,226 [INFO] Total Transpile Time - 91.84074 (ms)
2026-07-12 01:09:45,314 [INFO] Pass: ContainsInstruction - 0.00930 (ms)
2026-07-12 01:09:45,314 [INFO] Pass: UnitarySynthesis - 0.00644 (ms)
2026-07-12 01:09:45,314 [INFO] Pass: HighLevelSynthesis - 0.00787 (ms)
2026-07-12 01:09:45,314 [INFO] Pass: BasisTranslator - 0.05460 (ms)
2026-07-12 01:09:45,314 [INFO] Pass: ElidePermutations - 0.00358 (ms)
2026-07-12 01:09:45,314 [INFO] Pass: RemoveDiagonalGatesBeforeMeasure - 0.00668 (ms)
2026-07-12 01:09:45,314 [INFO] Pass: RemoveIdentityEquivalent - 0.00453 (ms)
2026-07-12 01:09:45,314 [INFO] Pass: InverseCancellation - 0.02241 (ms)
2026-07-12 01:09:45,314 [INFO] Pass: ContractIdleWiresInControlFlow - 0.00238 (ms)
2026-07-12 01:09:45,314 [INFO] Pass: CommutativeCancellation - 0.06342 (ms)
2026-07-12 01:09:45,315 [INFO] Pass: ConsolidateBlocks - 0.03934 (ms)
2026-07-12 01:09:45,315 [INFO] Pass: Split2QUnitaries - 0.00262 (ms)
2026-07-12 01:09:45,315 [INFO] Pass: UnitarySynthesis - 0.00525 (ms)
2026-07-12 01:09:45,315 [INFO] Pass: HighLevelSynthesis - 0.02360 (ms)
2026-07-12 01:09:45,315 [INFO] Pass: BasisTranslator - 0.06700 (ms)
2026-07-12 01:09:45,315 [INFO] Pass: ConsolidateBlocks - 0.04983 (ms)
2026-07-12 01:09:45,315 [INFO] Pass: UnitarySynthesis - 0.00477 (ms)
2026-07-12 01:09:45,315 [INFO] Pass: Depth - 0.01884 (ms)
2026-07-12 01:09:45,315 [INFO] Pass: FixedPoint - 0.00501 (ms)
2026-07-12 01:09:45,315 [INFO] Pass: Size - 0.00286 (ms)
2026-07-12 01:09:45,315 [INFO] Pass: FixedPoint - 0.00262 (ms)
2026-07-12 01:09:45,315 [INFO] Pass: RemoveIdentityEquivalent - 0.00405 (ms)
2026-07-12 01:09:45,315 [INFO] Pass: Optimize1qGatesDecomposition - 0.15187 (ms)
2026-07-12 01:09:45,315 [INFO] Pass: CommutativeCancellation - 0.08750 (ms)
2026-07-12 01:09:45,315 [INFO] Pass: ContractIdleWiresInControlFlow - 0.00191 (ms)
2026-07-12 01:09:45,315 [INFO] Pass: GatesInBasis - 0.02027 (ms)
2026-07-12 01:09:45,315 [INFO] Pass: Depth - 0.01788 (ms)
2026-07-12 01:09:45,315 [INFO] Pass: FixedPoint - 0.00381 (ms)
2026-07-12 01:09:45,315 [INFO] Pass: Size - 0.00215 (ms)
2026-07-12 01:09:45,315 [INFO] Pass: FixedPoint - 0.00286 (ms)
2026-07-12 01:09:45,315 [INFO] Pass: ContainsInstruction - 0.00548 (ms)
2026-07-12 01:09:45,316 [INFO] Total Transpile Time - 89.86568 (ms)
2026-07-12 01:09:45,405 [INFO] Pass: ContainsInstruction - 0.00906 (ms)
2026-07-12 01:09:45,405 [INFO] Pass: UnitarySynthesis - 0.00620 (ms)
2026-07-12 01:09:45,405 [INFO] Pass: HighLevelSynthesis - 0.00763 (ms)
2026-07-12 01:09:45,405 [INFO] Pass: BasisTranslator - 0.05150 (ms)
2026-07-12 01:09:45,405 [INFO] Pass: ElidePermutations - 0.00310 (ms)
2026-07-12 01:09:45,405 [INFO] Pass: RemoveDiagonalGatesBeforeMeasure - 0.00620 (ms)
2026-07-12 01:09:45,405 [INFO] Pass: RemoveIdentityEquivalent - 0.00525 (ms)
2026-07-12 01:09:45,405 [INFO] Pass: InverseCancellation - 0.02027 (ms)
2026-07-12 01:09:45,405 [INFO] Pass: ContractIdleWiresInControlFlow - 0.00215 (ms)
2026-07-12 01:09:45,405 [INFO] Pass: CommutativeCancellation - 0.06294 (ms)
2026-07-12 01:09:45,405 [INFO] Pass: ConsolidateBlocks - 0.04435 (ms)
2026-07-12 01:09:45,405 [INFO] Pass: Split2QUnitaries - 0.00238 (ms)
2026-07-12 01:09:45,405 [INFO] Pass: UnitarySynthesis - 0.00525 (ms)
2026-07-12 01:09:45,405 [INFO] Pass: HighLevelSynthesis - 0.02503 (ms)
2026-07-12 01:09:45,405 [INFO] Pass: BasisTranslator - 0.07606 (ms)
2026-07-12 01:09:45,405 [INFO] Pass: ConsolidateBlocks - 0.05031 (ms)
2026-07-12 01:09:45,405 [INFO] Pass: UnitarySynthesis - 0.00453 (ms)
2026-07-12 01:09:45,405 [INFO] Pass: Depth - 0.02050 (ms)
2026-07-12 01:09:45,405 [INFO] Pass: FixedPoint - 0.00429 (ms)
2026-07-12 01:09:45,405 [INFO] Pass: Size - 0.00238 (ms)
2026-07-12 01:09:45,406 [INFO] Pass: FixedPoint - 0.00286 (ms)
2026-07-12 01:09:45,406 [INFO] Pass: RemoveIdentityEquivalent - 0.00525 (ms)
2026-07-12 01:09:45,406 [INFO] Pass: Optimize1qGatesDecomposition - 0.16570 (ms)
2026-07-12 01:09:45,406 [INFO] Pass: CommutativeCancellation - 0.07272 (ms)
2026-07-12 01:09:45,406 [INFO] Pass: ContractIdleWiresInControlFlow - 0.00191 (ms)
2026-07-12 01:09:45,406 [INFO] Pass: GatesInBasis - 0.02003 (ms)
2026-07-12 01:09:45,406 [INFO] Pass: Depth - 0.01931 (ms)
2026-07-12 01:09:45,406 [INFO] Pass: FixedPoint - 0.00334 (ms)
2026-07-12 01:09:45,406 [INFO] Pass: Size - 0.00215 (ms)
2026-07-12 01:09:45,406 [INFO] Pass: FixedPoint - 0.00286 (ms)
2026-07-12 01:09:45,406 [INFO] Pass: RemoveIdentityEquivalent - 0.00429 (ms)
2026-07-12 01:09:45,406 [INFO] Pass: Optimize1qGatesDecomposition - 0.13709 (ms)
2026-07-12 01:09:45,406 [INFO] Pass: CommutativeCancellation - 0.07200 (ms)
2026-07-12 01:09:45,406 [INFO] Pass: ContractIdleWiresInControlFlow - 0.00191 (ms)
2026-07-12 01:09:45,406 [INFO] Pass: GatesInBasis - 0.01860 (ms)
2026-07-12 01:09:45,406 [INFO] Pass: Depth - 0.01764 (ms)
2026-07-12 01:09:45,406 [INFO] Pass: FixedPoint - 0.00334 (ms)
2026-07-12 01:09:45,406 [INFO] Pass: Size - 0.00167 (ms)
2026-07-12 01:09:45,406 [INFO] Pass: FixedPoint - 0.00286 (ms)
2026-07-12 01:09:45,407 [INFO] Pass: ContainsInstruction - 0.00501 (ms)
2026-07-12 01:09:45,407 [INFO] Total Transpile Time - 90.67798 (ms)
2026-07-12 01:25:35,471 [INFO] [PCE] n=150 instancia 86/100 completada en 0:00:15:50 — transcurrido=1:04:08:37 restante_estimado=0:04:34:53
2026-07-12 01:25:35,576 [INFO] Pass: ContainsInstruction - 0.01097 (ms)
2026-07-12 01:25:35,576 [INFO] Pass: UnitarySynthesis - 0.00715 (ms)
2026-07-12 01:25:35,576 [INFO] Pass: HighLevelSynthesis - 0.00882 (ms)
2026-07-12 01:25:35,576 [INFO] Pass: BasisTranslator - 0.05913 (ms)
2026-07-12 01:25:35,576 [INFO] Pass: ElidePermutations - 0.00501 (ms)
2026-07-12 01:25:35,576 [INFO] Pass: RemoveDiagonalGatesBeforeMeasure - 0.00763 (ms)
2026-07-12 01:25:35,576 [INFO] Pass: RemoveIdentityEquivalent - 0.00334 (ms)
2026-07-12 01:25:35,576 [INFO] Pass: InverseCancellation - 0.00453 (ms)
2026-07-12 01:25:35,576 [INFO] Pass: ContractIdleWiresInControlFlow - 0.00191 (ms)
2026-07-12 01:25:35,576 [INFO] Pass: CommutativeCancellation - 0.05460 (ms)
2026-07-12 01:25:35,576 [INFO] Pass: ConsolidateBlocks - 0.04125 (ms)
2026-07-12 01:25:35,576 [INFO] Pass: Split2QUnitaries - 0.00286 (ms)
2026-07-12 01:25:35,576 [INFO] Pass: UnitarySynthesis - 0.00501 (ms)
2026-07-12 01:25:35,576 [INFO] Pass: HighLevelSynthesis - 0.02265 (ms)
2026-07-12 01:25:35,576 [INFO] Pass: BasisTranslator - 0.06533 (ms)
2026-07-12 01:25:35,577 [INFO] Pass: ConsolidateBlocks - 0.04983 (ms)
2026-07-12 01:25:35,577 [INFO] Pass: UnitarySynthesis - 0.00477 (ms)
2026-07-12 01:25:35,577 [INFO] Pass: Depth - 0.01812 (ms)
2026-07-12 01:25:35,577 [INFO] Pass: FixedPoint - 0.00501 (ms)
2026-07-12 01:25:35,577 [INFO] Pass: Size - 0.00310 (ms)
2026-07-12 01:25:35,577 [INFO] Pass: FixedPoint - 0.00286 (ms)
2026-07-12 01:25:35,577 [INFO] Pass: RemoveIdentityEquivalent - 0.00286 (ms)
2026-07-12 01:25:35,577 [INFO] Pass: Optimize1qGatesDecomposition - 0.03290 (ms)
2026-07-12 01:25:35,577 [INFO] Pass: CommutativeCancellation - 0.07010 (ms)
2026-07-12 01:25:35,577 [INFO] Pass: ContractIdleWiresInControlFlow - 0.00191 (ms)
2026-07-12 01:25:35,577 [INFO] Pass: GatesInBasis - 0.02003 (ms)
2026-07-12 01:25:35,577 [INFO] Pass: Depth - 0.01645 (ms)
2026-07-12 01:25:35,577 [INFO] Pass: FixedPoint - 0.00310 (ms)
2026-07-12 01:25:35,577 [INFO] Pass: Size - 0.00215 (ms)
2026-07-12 01:25:35,577 [INFO] Pass: FixedPoint - 0.00262 (ms)
2026-07-12 01:25:35,577 [INFO] Pass: ContainsInstruction - 0.00501 (ms)
2026-07-12 01:25:35,577 [INFO] Total Transpile Time - 90.19065 (ms)
2026-07-12 01:25:35,663 [INFO] Pass: ContainsInstruction - 0.00954 (ms)
2026-07-12 01:25:35,663 [INFO] Pass: UnitarySynthesis - 0.00644 (ms)
2026-07-12 01:25:35,663 [INFO] Pass: HighLevelSynthesis - 0.00715 (ms)
2026-07-12 01:25:35,663 [INFO] Pass: BasisTranslator - 0.05865 (ms)
2026-07-12 01:25:35,663 [INFO] Pass: ElidePermutations - 0.00358 (ms)
2026-07-12 01:25:35,663 [INFO] Pass: RemoveDiagonalGatesBeforeMeasure - 0.00715 (ms)
2026-07-12 01:25:35,663 [INFO] Pass: RemoveIdentityEquivalent - 0.00429 (ms)
2026-07-12 01:25:35,663 [INFO] Pass: InverseCancellation - 0.02122 (ms)
2026-07-12 01:25:35,663 [INFO] Pass: ContractIdleWiresInControlFlow - 0.00191 (ms)
2026-07-12 01:25:35,664 [INFO] Pass: CommutativeCancellation - 0.05817 (ms)
2026-07-12 01:25:35,664 [INFO] Pass: ConsolidateBlocks - 0.03839 (ms)
2026-07-12 01:25:35,664 [INFO] Pass: Split2QUnitaries - 0.00215 (ms)
2026-07-12 01:25:35,664 [INFO] Pass: UnitarySynthesis - 0.00453 (ms)
2026-07-12 01:25:35,664 [INFO] Pass: HighLevelSynthesis - 0.02289 (ms)
2026-07-12 01:25:35,664 [INFO] Pass: BasisTranslator - 0.06461 (ms)
2026-07-12 01:25:35,664 [INFO] Pass: ConsolidateBlocks - 0.04673 (ms)
2026-07-12 01:25:35,664 [INFO] Pass: UnitarySynthesis - 0.00453 (ms)
2026-07-12 01:25:35,664 [INFO] Pass: Depth - 0.01812 (ms)
2026-07-12 01:25:35,664 [INFO] Pass: FixedPoint - 0.00429 (ms)
2026-07-12 01:25:35,664 [INFO] Pass: Size - 0.00262 (ms)
2026-07-12 01:25:35,664 [INFO] Pass: FixedPoint - 0.00238 (ms)
2026-07-12 01:25:35,664 [INFO] Pass: RemoveIdentityEquivalent - 0.00405 (ms)
2026-07-12 01:25:35,664 [INFO] Pass: Optimize1qGatesDecomposition - 0.14639 (ms)
2026-07-12 01:25:35,664 [INFO] Pass: CommutativeCancellation - 0.08655 (ms)
2026-07-12 01:25:35,664 [INFO] Pass: ContractIdleWiresInControlFlow - 0.00215 (ms)
2026-07-12 01:25:35,664 [INFO] Pass: GatesInBasis - 0.01955 (ms)
2026-07-12 01:25:35,664 [INFO] Pass: Depth - 0.01717 (ms)
2026-07-12 01:25:35,664 [INFO] Pass: FixedPoint - 0.00334 (ms)
2026-07-12 01:25:35,664 [INFO] Pass: Size - 0.00191 (ms)
2026-07-12 01:25:35,664 [INFO] Pass: FixedPoint - 0.00286 (ms)
2026-07-12 01:25:35,665 [INFO] Pass: ContainsInstruction - 0.00477 (ms)
2026-07-12 01:25:35,665 [INFO] Total Transpile Time - 87.08954 (ms)
2026-07-12 01:25:35,751 [INFO] Pass: ContainsInstruction - 0.00930 (ms)
2026-07-12 01:25:35,751 [INFO] Pass: UnitarySynthesis - 0.00644 (ms)
2026-07-12 01:25:35,751 [INFO] Pass: HighLevelSynthesis - 0.00739 (ms)
2026-07-12 01:25:35,751 [INFO] Pass: BasisTranslator - 0.04911 (ms)
2026-07-12 01:25:35,751 [INFO] Pass: ElidePermutations - 0.00334 (ms)
2026-07-12 01:25:35,751 [INFO] Pass: RemoveDiagonalGatesBeforeMeasure - 0.00668 (ms)
2026-07-12 01:25:35,751 [INFO] Pass: RemoveIdentityEquivalent - 0.00548 (ms)
2026-07-12 01:25:35,751 [INFO] Pass: InverseCancellation - 0.02074 (ms)
2026-07-12 01:25:35,751 [INFO] Pass: ContractIdleWiresInControlFlow - 0.00215 (ms)
2026-07-12 01:25:35,751 [INFO] Pass: CommutativeCancellation - 0.05865 (ms)
2026-07-12 01:25:35,751 [INFO] Pass: ConsolidateBlocks - 0.03767 (ms)
2026-07-12 01:25:35,751 [INFO] Pass: Split2QUnitaries - 0.00238 (ms)
2026-07-12 01:25:35,751 [INFO] Pass: UnitarySynthesis - 0.00501 (ms)
2026-07-12 01:25:35,751 [INFO] Pass: HighLevelSynthesis - 0.02456 (ms)
2026-07-12 01:25:35,751 [INFO] Pass: BasisTranslator - 0.06366 (ms)
2026-07-12 01:25:35,751 [INFO] Pass: ConsolidateBlocks - 0.05770 (ms)
2026-07-12 01:25:35,751 [INFO] Pass: UnitarySynthesis - 0.00501 (ms)
2026-07-12 01:25:35,751 [INFO] Pass: Depth - 0.02170 (ms)
2026-07-12 01:25:35,751 [INFO] Pass: FixedPoint - 0.00453 (ms)
2026-07-12 01:25:35,751 [INFO] Pass: Size - 0.00262 (ms)
2026-07-12 01:25:35,751 [INFO] Pass: FixedPoint - 0.00286 (ms)
2026-07-12 01:25:35,751 [INFO] Pass: RemoveIdentityEquivalent - 0.00477 (ms)
2026-07-12 01:25:35,752 [INFO] Pass: Optimize1qGatesDecomposition - 0.16046 (ms)
2026-07-12 01:25:35,752 [INFO] Pass: CommutativeCancellation - 0.07057 (ms)
2026-07-12 01:25:35,752 [INFO] Pass: ContractIdleWiresInControlFlow - 0.00215 (ms)
2026-07-12 01:25:35,752 [INFO] Pass: GatesInBasis - 0.01907 (ms)
2026-07-12 01:25:35,752 [INFO] Pass: Depth - 0.01907 (ms)
2026-07-12 01:25:35,752 [INFO] Pass: FixedPoint - 0.00381 (ms)
2026-07-12 01:25:35,752 [INFO] Pass: Size - 0.00191 (ms)
2026-07-12 01:25:35,752 [INFO] Pass: FixedPoint - 0.00286 (ms)
2026-07-12 01:25:35,752 [INFO] Pass: RemoveIdentityEquivalent - 0.00453 (ms)
2026-07-12 01:25:35,752 [INFO] Pass: Optimize1qGatesDecomposition - 0.13685 (ms)
2026-07-12 01:25:35,752 [INFO] Pass: CommutativeCancellation - 0.06652 (ms)
2026-07-12 01:25:35,752 [INFO] Pass: ContractIdleWiresInControlFlow - 0.00215 (ms)
2026-07-12 01:25:35,752 [INFO] Pass: GatesInBasis - 0.02408 (ms)
2026-07-12 01:25:35,752 [INFO] Pass: Depth - 0.01740 (ms)
2026-07-12 01:25:35,752 [INFO] Pass: FixedPoint - 0.00334 (ms)
2026-07-12 01:25:35,752 [INFO] Pass: Size - 0.00191 (ms)
2026-07-12 01:25:35,752 [INFO] Pass: FixedPoint - 0.00262 (ms)
2026-07-12 01:25:35,752 [INFO] Pass: ContainsInstruction - 0.00501 (ms)
2026-07-12 01:25:35,753 [INFO] Total Transpile Time - 87.56113 (ms)
2026-07-12 01:44:10,667 [INFO] [PCE] n=150 instancia 87/100 completada en 0:00:18:35 — transcurrido=1:04:27:12 restante_estimado=0:04:15:06
2026-07-12 01:44:10,773 [INFO] Pass: ContainsInstruction - 0.01168 (ms)
2026-07-12 01:44:10,773 [INFO] Pass: UnitarySynthesis - 0.00668 (ms)
2026-07-12 01:44:10,773 [INFO] Pass: HighLevelSynthesis - 0.00834 (ms)
2026-07-12 01:44:10,773 [INFO] Pass: BasisTranslator - 0.05746 (ms)
2026-07-12 01:44:10,773 [INFO] Pass: ElidePermutations - 0.00525 (ms)
2026-07-12 01:44:10,773 [INFO] Pass: RemoveDiagonalGatesBeforeMeasure - 0.00858 (ms)
2026-07-12 01:44:10,773 [INFO] Pass: RemoveIdentityEquivalent - 0.00358 (ms)
2026-07-12 01:44:10,773 [INFO] Pass: InverseCancellation - 0.00477 (ms)
2026-07-12 01:44:10,773 [INFO] Pass: ContractIdleWiresInControlFlow - 0.00191 (ms)
2026-07-12 01:44:10,773 [INFO] Pass: CommutativeCancellation - 0.05865 (ms)
2026-07-12 01:44:10,773 [INFO] Pass: ConsolidateBlocks - 0.04339 (ms)
2026-07-12 01:44:10,773 [INFO] Pass: Split2QUnitaries - 0.00286 (ms)
2026-07-12 01:44:10,773 [INFO] Pass: UnitarySynthesis - 0.00501 (ms)
2026-07-12 01:44:10,773 [INFO] Pass: HighLevelSynthesis - 0.02193 (ms)
2026-07-12 01:44:10,773 [INFO] Pass: BasisTranslator - 0.06557 (ms)
2026-07-12 01:44:10,774 [INFO] Pass: ConsolidateBlocks - 0.05102 (ms)
2026-07-12 01:44:10,774 [INFO] Pass: UnitarySynthesis - 0.00453 (ms)
2026-07-12 01:44:10,774 [INFO] Pass: Depth - 0.02313 (ms)
2026-07-12 01:44:10,774 [INFO] Pass: FixedPoint - 0.00525 (ms)
2026-07-12 01:44:10,774 [INFO] Pass: Size - 0.00334 (ms)
2026-07-12 01:44:10,774 [INFO] Pass: FixedPoint - 0.00286 (ms)
2026-07-12 01:44:10,774 [INFO] Pass: RemoveIdentityEquivalent - 0.00286 (ms)
2026-07-12 01:44:10,774 [INFO] Pass: Optimize1qGatesDecomposition - 0.03386 (ms)
2026-07-12 01:44:10,774 [INFO] Pass: CommutativeCancellation - 0.07391 (ms)
2026-07-12 01:44:10,774 [INFO] Pass: ContractIdleWiresInControlFlow - 0.00191 (ms)
2026-07-12 01:44:10,774 [INFO] Pass: GatesInBasis - 0.01931 (ms)
2026-07-12 01:44:10,774 [INFO] Pass: Depth - 0.01788 (ms)
2026-07-12 01:44:10,774 [INFO] Pass: FixedPoint - 0.00334 (ms)
2026-07-12 01:44:10,774 [INFO] Pass: Size - 0.00191 (ms)
2026-07-12 01:44:10,774 [INFO] Pass: FixedPoint - 0.00286 (ms)
2026-07-12 01:44:10,774 [INFO] Pass: ContainsInstruction - 0.00501 (ms)
2026-07-12 01:44:10,774 [INFO] Total Transpile Time - 91.91322 (ms)
2026-07-12 01:44:10,862 [INFO] Pass: ContainsInstruction - 0.00906 (ms)
2026-07-12 01:44:10,863 [INFO] Pass: UnitarySynthesis - 0.00620 (ms)
2026-07-12 01:44:10,863 [INFO] Pass: HighLevelSynthesis - 0.00715 (ms)
2026-07-12 01:44:10,863 [INFO] Pass: BasisTranslator - 0.05245 (ms)
2026-07-12 01:44:10,863 [INFO] Pass: ElidePermutations - 0.00358 (ms)
2026-07-12 01:44:10,863 [INFO] Pass: RemoveDiagonalGatesBeforeMeasure - 0.00691 (ms)
2026-07-12 01:44:10,863 [INFO] Pass: RemoveIdentityEquivalent - 0.00429 (ms)
2026-07-12 01:44:10,863 [INFO] Pass: InverseCancellation - 0.02098 (ms)
2026-07-12 01:44:10,863 [INFO] Pass: ContractIdleWiresInControlFlow - 0.00191 (ms)
2026-07-12 01:44:10,863 [INFO] Pass: CommutativeCancellation - 0.06342 (ms)
2026-07-12 01:44:10,863 [INFO] Pass: ConsolidateBlocks - 0.03982 (ms)
2026-07-12 01:44:10,863 [INFO] Pass: Split2QUnitaries - 0.00238 (ms)
2026-07-12 01:44:10,863 [INFO] Pass: UnitarySynthesis - 0.00477 (ms)
2026-07-12 01:44:10,863 [INFO] Pass: HighLevelSynthesis - 0.02384 (ms)
2026-07-12 01:44:10,863 [INFO] Pass: BasisTranslator - 0.06413 (ms)
2026-07-12 01:44:10,863 [INFO] Pass: ConsolidateBlocks - 0.05245 (ms)
2026-07-12 01:44:10,863 [INFO] Pass: UnitarySynthesis - 0.00453 (ms)
2026-07-12 01:44:10,863 [INFO] Pass: Depth - 0.02050 (ms)
2026-07-12 01:44:10,863 [INFO] Pass: FixedPoint - 0.00429 (ms)
2026-07-12 01:44:10,863 [INFO] Pass: Size - 0.00310 (ms)
2026-07-12 01:44:10,863 [INFO] Pass: FixedPoint - 0.00262 (ms)
2026-07-12 01:44:10,863 [INFO] Pass: RemoveIdentityEquivalent - 0.00358 (ms)
2026-07-12 01:44:10,864 [INFO] Pass: Optimize1qGatesDecomposition - 0.15044 (ms)
2026-07-12 01:44:10,864 [INFO] Pass: CommutativeCancellation - 0.08225 (ms)
2026-07-12 01:44:10,864 [INFO] Pass: ContractIdleWiresInControlFlow - 0.00215 (ms)
2026-07-12 01:44:10,864 [INFO] Pass: GatesInBasis - 0.01955 (ms)
2026-07-12 01:44:10,864 [INFO] Pass: Depth - 0.01884 (ms)
2026-07-12 01:44:10,864 [INFO] Pass: FixedPoint - 0.00381 (ms)
2026-07-12 01:44:10,864 [INFO] Pass: Size - 0.00191 (ms)
2026-07-12 01:44:10,864 [INFO] Pass: FixedPoint - 0.00286 (ms)
2026-07-12 01:44:10,864 [INFO] Pass: ContainsInstruction - 0.00477 (ms)
2026-07-12 01:44:10,864 [INFO] Total Transpile Time - 89.48159 (ms)
2026-07-12 01:44:10,954 [INFO] Pass: ContainsInstruction - 0.00954 (ms)
2026-07-12 01:44:10,954 [INFO] Pass: UnitarySynthesis - 0.00596 (ms)
2026-07-12 01:44:10,954 [INFO] Pass: HighLevelSynthesis - 0.00739 (ms)
2026-07-12 01:44:10,954 [INFO] Pass: BasisTranslator - 0.05150 (ms)
2026-07-12 01:44:10,954 [INFO] Pass: ElidePermutations - 0.00310 (ms)
2026-07-12 01:44:10,955 [INFO] Pass: RemoveDiagonalGatesBeforeMeasure - 0.00644 (ms)
2026-07-12 01:44:10,955 [INFO] Pass: RemoveIdentityEquivalent - 0.00501 (ms)
2026-07-12 01:44:10,955 [INFO] Pass: InverseCancellation - 0.02074 (ms)
2026-07-12 01:44:10,955 [INFO] Pass: ContractIdleWiresInControlFlow - 0.00191 (ms)
2026-07-12 01:44:10,955 [INFO] Pass: CommutativeCancellation - 0.06247 (ms)
2026-07-12 01:44:10,955 [INFO] Pass: ConsolidateBlocks - 0.03910 (ms)
2026-07-12 01:44:10,955 [INFO] Pass: Split2QUnitaries - 0.00238 (ms)
2026-07-12 01:44:10,955 [INFO] Pass: UnitarySynthesis - 0.00501 (ms)
2026-07-12 01:44:10,955 [INFO] Pass: HighLevelSynthesis - 0.02480 (ms)
2026-07-12 01:44:10,955 [INFO] Pass: BasisTranslator - 0.06533 (ms)
2026-07-12 01:44:10,955 [INFO] Pass: ConsolidateBlocks - 0.05078 (ms)
2026-07-12 01:44:10,955 [INFO] Pass: UnitarySynthesis - 0.00477 (ms)
2026-07-12 01:44:10,955 [INFO] Pass: Depth - 0.02146 (ms)
2026-07-12 01:44:10,955 [INFO] Pass: FixedPoint - 0.00405 (ms)
2026-07-12 01:44:10,955 [INFO] Pass: Size - 0.00286 (ms)
2026-07-12 01:44:10,955 [INFO] Pass: FixedPoint - 0.00262 (ms)
2026-07-12 01:44:10,955 [INFO] Pass: RemoveIdentityEquivalent - 0.00453 (ms)
2026-07-12 01:44:10,955 [INFO] Pass: Optimize1qGatesDecomposition - 0.16761 (ms)
2026-07-12 01:44:10,956 [INFO] Pass: CommutativeCancellation - 0.07439 (ms)
2026-07-12 01:44:10,956 [INFO] Pass: ContractIdleWiresInControlFlow - 0.00215 (ms)
2026-07-12 01:44:10,956 [INFO] Pass: GatesInBasis - 0.01931 (ms)
2026-07-12 01:44:10,956 [INFO] Pass: Depth - 0.01979 (ms)
2026-07-12 01:44:10,956 [INFO] Pass: FixedPoint - 0.00358 (ms)
2026-07-12 01:44:10,956 [INFO] Pass: Size - 0.00238 (ms)
2026-07-12 01:44:10,956 [INFO] Pass: FixedPoint - 0.00286 (ms)
2026-07-12 01:44:10,956 [INFO] Pass: RemoveIdentityEquivalent - 0.00429 (ms)
2026-07-12 01:44:10,956 [INFO] Pass: Optimize1qGatesDecomposition - 0.14138 (ms)
2026-07-12 01:44:10,956 [INFO] Pass: CommutativeCancellation - 0.06986 (ms)
2026-07-12 01:44:10,956 [INFO] Pass: ContractIdleWiresInControlFlow - 0.00191 (ms)
2026-07-12 01:44:10,956 [INFO] Pass: GatesInBasis - 0.01907 (ms)
2026-07-12 01:44:10,956 [INFO] Pass: Depth - 0.01979 (ms)
2026-07-12 01:44:10,956 [INFO] Pass: FixedPoint - 0.00334 (ms)
2026-07-12 01:44:10,956 [INFO] Pass: Size - 0.00238 (ms)
2026-07-12 01:44:10,956 [INFO] Pass: FixedPoint - 0.00286 (ms)
2026-07-12 01:44:10,956 [INFO] Pass: ContainsInstruction - 0.00548 (ms)
2026-07-12 01:44:10,956 [INFO] Total Transpile Time - 91.93802 (ms)
2026-07-12 01:59:53,635 [INFO] [PCE] n=150 instancia 88/100 completada en 0:00:15:43 — transcurrido=1:04:42:55 restante_estimado=0:03:54:57
2026-07-12 01:59:53,741 [INFO] Pass: ContainsInstruction - 0.01216 (ms)
2026-07-12 01:59:53,741 [INFO] Pass: UnitarySynthesis - 0.00691 (ms)
2026-07-12 01:59:53,741 [INFO] Pass: HighLevelSynthesis - 0.00834 (ms)
2026-07-12 01:59:53,741 [INFO] Pass: BasisTranslator - 0.05960 (ms)
2026-07-12 01:59:53,741 [INFO] Pass: ElidePermutations - 0.00453 (ms)
2026-07-12 01:59:53,741 [INFO] Pass: RemoveDiagonalGatesBeforeMeasure - 0.00858 (ms)
2026-07-12 01:59:53,741 [INFO] Pass: RemoveIdentityEquivalent - 0.00334 (ms)
2026-07-12 01:59:53,741 [INFO] Pass: InverseCancellation - 0.00429 (ms)
2026-07-12 01:59:53,741 [INFO] Pass: ContractIdleWiresInControlFlow - 0.00191 (ms)
2026-07-12 01:59:53,741 [INFO] Pass: CommutativeCancellation - 0.05865 (ms)
2026-07-12 01:59:53,741 [INFO] Pass: ConsolidateBlocks - 0.04816 (ms)
2026-07-12 01:59:53,741 [INFO] Pass: Split2QUnitaries - 0.00310 (ms)
2026-07-12 01:59:53,741 [INFO] Pass: UnitarySynthesis - 0.00501 (ms)
2026-07-12 01:59:53,741 [INFO] Pass: HighLevelSynthesis - 0.02265 (ms)
2026-07-12 01:59:53,741 [INFO] Pass: BasisTranslator - 0.06747 (ms)
2026-07-12 01:59:53,742 [INFO] Pass: ConsolidateBlocks - 0.04959 (ms)
2026-07-12 01:59:53,742 [INFO] Pass: UnitarySynthesis - 0.00429 (ms)
2026-07-12 01:59:53,742 [INFO] Pass: Depth - 0.01955 (ms)
2026-07-12 01:59:53,742 [INFO] Pass: FixedPoint - 0.00501 (ms)
2026-07-12 01:59:53,742 [INFO] Pass: Size - 0.00310 (ms)
2026-07-12 01:59:53,742 [INFO] Pass: FixedPoint - 0.00286 (ms)
2026-07-12 01:59:53,742 [INFO] Pass: RemoveIdentityEquivalent - 0.00262 (ms)
2026-07-12 01:59:53,742 [INFO] Pass: Optimize1qGatesDecomposition - 0.03314 (ms)
2026-07-12 01:59:53,742 [INFO] Pass: CommutativeCancellation - 0.07272 (ms)
2026-07-12 01:59:53,742 [INFO] Pass: ContractIdleWiresInControlFlow - 0.00167 (ms)
2026-07-12 01:59:53,742 [INFO] Pass: GatesInBasis - 0.01955 (ms)
2026-07-12 01:59:53,742 [INFO] Pass: Depth - 0.01669 (ms)
2026-07-12 01:59:53,742 [INFO] Pass: FixedPoint - 0.00334 (ms)
2026-07-12 01:59:53,742 [INFO] Pass: Size - 0.00215 (ms)
2026-07-12 01:59:53,742 [INFO] Pass: FixedPoint - 0.00262 (ms)
2026-07-12 01:59:53,742 [INFO] Pass: ContainsInstruction - 0.00453 (ms)
2026-07-12 01:59:53,742 [INFO] Total Transpile Time - 90.28363 (ms)
2026-07-12 01:59:53,830 [INFO] Pass: ContainsInstruction - 0.00978 (ms)
2026-07-12 01:59:53,830 [INFO] Pass: UnitarySynthesis - 0.00548 (ms)
2026-07-12 01:59:53,830 [INFO] Pass: HighLevelSynthesis - 0.00715 (ms)
2026-07-12 01:59:53,830 [INFO] Pass: BasisTranslator - 0.05293 (ms)
2026-07-12 01:59:53,830 [INFO] Pass: ElidePermutations - 0.00358 (ms)
2026-07-12 01:59:53,830 [INFO] Pass: RemoveDiagonalGatesBeforeMeasure - 0.00691 (ms)
2026-07-12 01:59:53,830 [INFO] Pass: RemoveIdentityEquivalent - 0.00429 (ms)
2026-07-12 01:59:53,830 [INFO] Pass: InverseCancellation - 0.02193 (ms)
2026-07-12 01:59:53,830 [INFO] Pass: ContractIdleWiresInControlFlow - 0.00215 (ms)
2026-07-12 01:59:53,830 [INFO] Pass: CommutativeCancellation - 0.06318 (ms)
2026-07-12 01:59:53,830 [INFO] Pass: ConsolidateBlocks - 0.04506 (ms)
2026-07-12 01:59:53,830 [INFO] Pass: Split2QUnitaries - 0.00286 (ms)
2026-07-12 01:59:53,830 [INFO] Pass: UnitarySynthesis - 0.00453 (ms)
2026-07-12 01:59:53,830 [INFO] Pass: HighLevelSynthesis - 0.02933 (ms)
2026-07-12 01:59:53,830 [INFO] Pass: BasisTranslator - 0.06700 (ms)
2026-07-12 01:59:53,830 [INFO] Pass: ConsolidateBlocks - 0.04864 (ms)
2026-07-12 01:59:53,830 [INFO] Pass: UnitarySynthesis - 0.00453 (ms)
2026-07-12 01:59:53,831 [INFO] Pass: Depth - 0.02074 (ms)
2026-07-12 01:59:53,831 [INFO] Pass: FixedPoint - 0.00405 (ms)
2026-07-12 01:59:53,831 [INFO] Pass: Size - 0.00310 (ms)
2026-07-12 01:59:53,831 [INFO] Pass: FixedPoint - 0.00238 (ms)
2026-07-12 01:59:53,831 [INFO] Pass: RemoveIdentityEquivalent - 0.00429 (ms)
2026-07-12 01:59:53,831 [INFO] Pass: Optimize1qGatesDecomposition - 0.14806 (ms)
2026-07-12 01:59:53,831 [INFO] Pass: CommutativeCancellation - 0.08202 (ms)
2026-07-12 01:59:53,831 [INFO] Pass: ContractIdleWiresInControlFlow - 0.00215 (ms)
2026-07-12 01:59:53,831 [INFO] Pass: GatesInBasis - 0.01979 (ms)
2026-07-12 01:59:53,831 [INFO] Pass: Depth - 0.01812 (ms)
2026-07-12 01:59:53,831 [INFO] Pass: FixedPoint - 0.00358 (ms)
2026-07-12 01:59:53,831 [INFO] Pass: Size - 0.00191 (ms)
2026-07-12 01:59:53,831 [INFO] Pass: FixedPoint - 0.00262 (ms)
2026-07-12 01:59:53,831 [INFO] Pass: ContainsInstruction - 0.00453 (ms)
2026-07-12 01:59:53,831 [INFO] Total Transpile Time - 88.66191 (ms)
2026-07-12 01:59:53,918 [INFO] Pass: ContainsInstruction - 0.00906 (ms)
2026-07-12 01:59:53,918 [INFO] Pass: UnitarySynthesis - 0.00548 (ms)
2026-07-12 01:59:53,918 [INFO] Pass: HighLevelSynthesis - 0.00739 (ms)
2026-07-12 01:59:53,918 [INFO] Pass: BasisTranslator - 0.05198 (ms)
2026-07-12 01:59:53,918 [INFO] Pass: ElidePermutations - 0.00310 (ms)
2026-07-12 01:59:53,918 [INFO] Pass: RemoveDiagonalGatesBeforeMeasure - 0.00644 (ms)
2026-07-12 01:59:53,918 [INFO] Pass: RemoveIdentityEquivalent - 0.00548 (ms)
2026-07-12 01:59:53,918 [INFO] Pass: InverseCancellation - 0.02122 (ms)
2026-07-12 01:59:53,918 [INFO] Pass: ContractIdleWiresInControlFlow - 0.00191 (ms)
2026-07-12 01:59:53,918 [INFO] Pass: CommutativeCancellation - 0.06747 (ms)
2026-07-12 01:59:53,918 [INFO] Pass: ConsolidateBlocks - 0.03934 (ms)
2026-07-12 01:59:53,918 [INFO] Pass: Split2QUnitaries - 0.00238 (ms)
2026-07-12 01:59:53,918 [INFO] Pass: UnitarySynthesis - 0.00477 (ms)
2026-07-12 01:59:53,918 [INFO] Pass: HighLevelSynthesis - 0.02527 (ms)
2026-07-12 01:59:53,919 [INFO] Pass: BasisTranslator - 0.06318 (ms)
2026-07-12 01:59:53,919 [INFO] Pass: ConsolidateBlocks - 0.04840 (ms)
2026-07-12 01:59:53,919 [INFO] Pass: UnitarySynthesis - 0.00501 (ms)
2026-07-12 01:59:53,919 [INFO] Pass: Depth - 0.01931 (ms)
2026-07-12 01:59:53,919 [INFO] Pass: FixedPoint - 0.00405 (ms)
2026-07-12 01:59:53,919 [INFO] Pass: Size - 0.00286 (ms)
2026-07-12 01:59:53,919 [INFO] Pass: FixedPoint - 0.00286 (ms)
2026-07-12 01:59:53,919 [INFO] Pass: RemoveIdentityEquivalent - 0.00501 (ms)
2026-07-12 01:59:53,919 [INFO] Pass: Optimize1qGatesDecomposition - 0.15926 (ms)
2026-07-12 01:59:53,919 [INFO] Pass: CommutativeCancellation - 0.07081 (ms)
2026-07-12 01:59:53,919 [INFO] Pass: ContractIdleWiresInControlFlow - 0.00191 (ms)
2026-07-12 01:59:53,919 [INFO] Pass: GatesInBasis - 0.01979 (ms)
2026-07-12 01:59:53,919 [INFO] Pass: Depth - 0.01836 (ms)
2026-07-12 01:59:53,919 [INFO] Pass: FixedPoint - 0.00405 (ms)
2026-07-12 01:59:53,919 [INFO] Pass: Size - 0.00215 (ms)
2026-07-12 01:59:53,919 [INFO] Pass: FixedPoint - 0.00286 (ms)
2026-07-12 01:59:53,919 [INFO] Pass: RemoveIdentityEquivalent - 0.00429 (ms)
2026-07-12 01:59:53,919 [INFO] Pass: Optimize1qGatesDecomposition - 0.13399 (ms)
2026-07-12 01:59:53,920 [INFO] Pass: CommutativeCancellation - 0.06413 (ms)
2026-07-12 01:59:53,920 [INFO] Pass: ContractIdleWiresInControlFlow - 0.00167 (ms)
2026-07-12 01:59:53,920 [INFO] Pass: GatesInBasis - 0.01836 (ms)
2026-07-12 01:59:53,920 [INFO] Pass: Depth - 0.01669 (ms)
2026-07-12 01:59:53,920 [INFO] Pass: FixedPoint - 0.00334 (ms)
2026-07-12 01:59:53,920 [INFO] Pass: Size - 0.00215 (ms)
2026-07-12 01:59:53,920 [INFO] Pass: FixedPoint - 0.00262 (ms)
2026-07-12 01:59:53,920 [INFO] Pass: ContainsInstruction - 0.00548 (ms)
2026-07-12 01:59:53,920 [INFO] Total Transpile Time - 88.29641 (ms)
2026-07-12 02:18:27,578 [INFO] [PCE] n=150 instancia 89/100 completada en 0:00:18:34 — transcurrido=1:05:01:29 restante_estimado=0:03:35:14
2026-07-12 02:18:27,681 [INFO] Pass: ContainsInstruction - 0.01097 (ms)
2026-07-12 02:18:27,681 [INFO] Pass: UnitarySynthesis - 0.00715 (ms)
2026-07-12 02:18:27,681 [INFO] Pass: HighLevelSynthesis - 0.00882 (ms)
2026-07-12 02:18:27,681 [INFO] Pass: BasisTranslator - 0.05770 (ms)
2026-07-12 02:18:27,681 [INFO] Pass: ElidePermutations - 0.00501 (ms)
2026-07-12 02:18:27,681 [INFO] Pass: RemoveDiagonalGatesBeforeMeasure - 0.00787 (ms)
2026-07-12 02:18:27,681 [INFO] Pass: RemoveIdentityEquivalent - 0.00381 (ms)
2026-07-12 02:18:27,681 [INFO] Pass: InverseCancellation - 0.00453 (ms)
2026-07-12 02:18:27,681 [INFO] Pass: ContractIdleWiresInControlFlow - 0.00215 (ms)
2026-07-12 02:18:27,681 [INFO] Pass: CommutativeCancellation - 0.05722 (ms)
2026-07-12 02:18:27,681 [INFO] Pass: ConsolidateBlocks - 0.04339 (ms)
2026-07-12 02:18:27,681 [INFO] Pass: Split2QUnitaries - 0.00286 (ms)
2026-07-12 02:18:27,681 [INFO] Pass: UnitarySynthesis - 0.00501 (ms)
2026-07-12 02:18:27,681 [INFO] Pass: HighLevelSynthesis - 0.02265 (ms)
2026-07-12 02:18:27,681 [INFO] Pass: BasisTranslator - 0.07272 (ms)
2026-07-12 02:18:27,681 [INFO] Pass: ConsolidateBlocks - 0.04935 (ms)
2026-07-12 02:18:27,681 [INFO] Pass: UnitarySynthesis - 0.00453 (ms)
2026-07-12 02:18:27,681 [INFO] Pass: Depth - 0.02074 (ms)
2026-07-12 02:18:27,681 [INFO] Pass: FixedPoint - 0.00453 (ms)
2026-07-12 02:18:27,681 [INFO] Pass: Size - 0.00286 (ms)
2026-07-12 02:18:27,682 [INFO] Pass: FixedPoint - 0.00286 (ms)
2026-07-12 02:18:27,682 [INFO] Pass: RemoveIdentityEquivalent - 0.00334 (ms)
2026-07-12 02:18:27,682 [INFO] Pass: Optimize1qGatesDecomposition - 0.03266 (ms)
2026-07-12 02:18:27,682 [INFO] Pass: CommutativeCancellation - 0.07129 (ms)
2026-07-12 02:18:27,682 [INFO] Pass: ContractIdleWiresInControlFlow - 0.00215 (ms)
2026-07-12 02:18:27,682 [INFO] Pass: GatesInBasis - 0.01955 (ms)
2026-07-12 02:18:27,682 [INFO] Pass: Depth - 0.01740 (ms)
2026-07-12 02:18:27,682 [INFO] Pass: FixedPoint - 0.00334 (ms)
2026-07-12 02:18:27,682 [INFO] Pass: Size - 0.00167 (ms)
2026-07-12 02:18:27,682 [INFO] Pass: FixedPoint - 0.00286 (ms)
2026-07-12 02:18:27,682 [INFO] Pass: ContainsInstruction - 0.00501 (ms)
2026-07-12 02:18:27,682 [INFO] Total Transpile Time - 88.21130 (ms)
2026-07-12 02:18:27,767 [INFO] Pass: ContainsInstruction - 0.00930 (ms)
2026-07-12 02:18:27,767 [INFO] Pass: UnitarySynthesis - 0.00572 (ms)
2026-07-12 02:18:27,767 [INFO] Pass: HighLevelSynthesis - 0.00763 (ms)
2026-07-12 02:18:27,767 [INFO] Pass: BasisTranslator - 0.05937 (ms)
2026-07-12 02:18:27,767 [INFO] Pass: ElidePermutations - 0.00381 (ms)
2026-07-12 02:18:27,767 [INFO] Pass: RemoveDiagonalGatesBeforeMeasure - 0.00691 (ms)
2026-07-12 02:18:27,767 [INFO] Pass: RemoveIdentityEquivalent - 0.00453 (ms)
2026-07-12 02:18:27,767 [INFO] Pass: InverseCancellation - 0.02265 (ms)
2026-07-12 02:18:27,767 [INFO] Pass: ContractIdleWiresInControlFlow - 0.00215 (ms)
2026-07-12 02:18:27,768 [INFO] Pass: CommutativeCancellation - 0.06032 (ms)
2026-07-12 02:18:27,768 [INFO] Pass: ConsolidateBlocks - 0.03815 (ms)
2026-07-12 02:18:27,768 [INFO] Pass: Split2QUnitaries - 0.00238 (ms)
2026-07-12 02:18:27,768 [INFO] Pass: UnitarySynthesis - 0.00477 (ms)
2026-07-12 02:18:27,768 [INFO] Pass: HighLevelSynthesis - 0.02384 (ms)
2026-07-12 02:18:27,768 [INFO] Pass: BasisTranslator - 0.06390 (ms)
2026-07-12 02:18:27,768 [INFO] Pass: ConsolidateBlocks - 0.04673 (ms)
2026-07-12 02:18:27,768 [INFO] Pass: UnitarySynthesis - 0.00429 (ms)
2026-07-12 02:18:27,768 [INFO] Pass: Depth - 0.01979 (ms)
2026-07-12 02:18:27,768 [INFO] Pass: FixedPoint - 0.00405 (ms)
2026-07-12 02:18:27,768 [INFO] Pass: Size - 0.00334 (ms)
2026-07-12 02:18:27,768 [INFO] Pass: FixedPoint - 0.00262 (ms)
2026-07-12 02:18:27,768 [INFO] Pass: RemoveIdentityEquivalent - 0.00429 (ms)
2026-07-12 02:18:27,768 [INFO] Pass: Optimize1qGatesDecomposition - 0.14687 (ms)
2026-07-12 02:18:27,768 [INFO] Pass: CommutativeCancellation - 0.08464 (ms)
2026-07-12 02:18:27,768 [INFO] Pass: ContractIdleWiresInControlFlow - 0.00167 (ms)
2026-07-12 02:18:27,768 [INFO] Pass: GatesInBasis - 0.01907 (ms)
2026-07-12 02:18:27,768 [INFO] Pass: Depth - 0.01764 (ms)
2026-07-12 02:18:27,768 [INFO] Pass: FixedPoint - 0.00358 (ms)
2026-07-12 02:18:27,768 [INFO] Pass: Size - 0.00215 (ms)
2026-07-12 02:18:27,768 [INFO] Pass: FixedPoint - 0.00238 (ms)
2026-07-12 02:18:27,769 [INFO] Pass: ContainsInstruction - 0.00501 (ms)
2026-07-12 02:18:27,769 [INFO] Total Transpile Time - 86.23576 (ms)
2026-07-12 02:18:27,854 [INFO] Pass: ContainsInstruction - 0.00954 (ms)
2026-07-12 02:18:27,854 [INFO] Pass: UnitarySynthesis - 0.00620 (ms)
2026-07-12 02:18:27,854 [INFO] Pass: HighLevelSynthesis - 0.00715 (ms)
2026-07-12 02:18:27,854 [INFO] Pass: BasisTranslator - 0.05007 (ms)
2026-07-12 02:18:27,854 [INFO] Pass: ElidePermutations - 0.00358 (ms)
2026-07-12 02:18:27,854 [INFO] Pass: RemoveDiagonalGatesBeforeMeasure - 0.00644 (ms)
2026-07-12 02:18:27,854 [INFO] Pass: RemoveIdentityEquivalent - 0.00548 (ms)
2026-07-12 02:18:27,854 [INFO] Pass: InverseCancellation - 0.02122 (ms)
2026-07-12 02:18:27,854 [INFO] Pass: ContractIdleWiresInControlFlow - 0.00191 (ms)
2026-07-12 02:18:27,854 [INFO] Pass: CommutativeCancellation - 0.05651 (ms)
2026-07-12 02:18:27,854 [INFO] Pass: ConsolidateBlocks - 0.03767 (ms)
2026-07-12 02:18:27,854 [INFO] Pass: Split2QUnitaries - 0.00191 (ms)
2026-07-12 02:18:27,854 [INFO] Pass: UnitarySynthesis - 0.00548 (ms)
2026-07-12 02:18:27,854 [INFO] Pass: HighLevelSynthesis - 0.02432 (ms)
2026-07-12 02:18:27,855 [INFO] Pass: BasisTranslator - 0.06342 (ms)
2026-07-12 02:18:27,855 [INFO] Pass: ConsolidateBlocks - 0.04649 (ms)
2026-07-12 02:18:27,855 [INFO] Pass: UnitarySynthesis - 0.00501 (ms)
2026-07-12 02:18:27,855 [INFO] Pass: Depth - 0.01931 (ms)
2026-07-12 02:18:27,855 [INFO] Pass: FixedPoint - 0.00429 (ms)
2026-07-12 02:18:27,855 [INFO] Pass: Size - 0.00262 (ms)
2026-07-12 02:18:27,855 [INFO] Pass: FixedPoint - 0.00286 (ms)
2026-07-12 02:18:27,855 [INFO] Pass: RemoveIdentityEquivalent - 0.00501 (ms)
2026-07-12 02:18:27,855 [INFO] Pass: Optimize1qGatesDecomposition - 0.15378 (ms)
2026-07-12 02:18:27,855 [INFO] Pass: CommutativeCancellation - 0.07105 (ms)
2026-07-12 02:18:27,855 [INFO] Pass: ContractIdleWiresInControlFlow - 0.00167 (ms)
2026-07-12 02:18:27,855 [INFO] Pass: GatesInBasis - 0.01884 (ms)
2026-07-12 02:18:27,855 [INFO] Pass: Depth - 0.01884 (ms)
2026-07-12 02:18:27,855 [INFO] Pass: FixedPoint - 0.00358 (ms)
2026-07-12 02:18:27,855 [INFO] Pass: Size - 0.00215 (ms)
2026-07-12 02:18:27,855 [INFO] Pass: FixedPoint - 0.00286 (ms)
2026-07-12 02:18:27,855 [INFO] Pass: RemoveIdentityEquivalent - 0.00453 (ms)
2026-07-12 02:18:27,855 [INFO] Pass: Optimize1qGatesDecomposition - 0.13661 (ms)
2026-07-12 02:18:27,855 [INFO] Pass: CommutativeCancellation - 0.06557 (ms)
2026-07-12 02:18:27,856 [INFO] Pass: ContractIdleWiresInControlFlow - 0.00167 (ms)
2026-07-12 02:18:27,856 [INFO] Pass: GatesInBasis - 0.01836 (ms)
2026-07-12 02:18:27,856 [INFO] Pass: Depth - 0.01740 (ms)
2026-07-12 02:18:27,856 [INFO] Pass: FixedPoint - 0.00334 (ms)
2026-07-12 02:18:27,856 [INFO] Pass: Size - 0.00191 (ms)
2026-07-12 02:18:27,856 [INFO] Pass: FixedPoint - 0.00286 (ms)
2026-07-12 02:18:27,856 [INFO] Pass: ContainsInstruction - 0.00501 (ms)
2026-07-12 02:18:27,856 [INFO] Total Transpile Time - 86.86924 (ms)
2026-07-12 02:35:58,942 [INFO] [PCE] n=150 instancia 90/100 completada en 0:00:17:31 — transcurrido=1:05:19:00 restante_estimado=0:03:15:27
2026-07-12 02:35:59,050 [INFO] Pass: ContainsInstruction - 0.01192 (ms)
2026-07-12 02:35:59,050 [INFO] Pass: UnitarySynthesis - 0.00739 (ms)
2026-07-12 02:35:59,050 [INFO] Pass: HighLevelSynthesis - 0.00858 (ms)
2026-07-12 02:35:59,051 [INFO] Pass: BasisTranslator - 0.05841 (ms)
2026-07-12 02:35:59,051 [INFO] Pass: ElidePermutations - 0.00548 (ms)
2026-07-12 02:35:59,051 [INFO] Pass: RemoveDiagonalGatesBeforeMeasure - 0.00811 (ms)
2026-07-12 02:35:59,051 [INFO] Pass: RemoveIdentityEquivalent - 0.00334 (ms)
2026-07-12 02:35:59,051 [INFO] Pass: InverseCancellation - 0.00477 (ms)
2026-07-12 02:35:59,051 [INFO] Pass: ContractIdleWiresInControlFlow - 0.00191 (ms)
2026-07-12 02:35:59,051 [INFO] Pass: CommutativeCancellation - 0.05960 (ms)
2026-07-12 02:35:59,051 [INFO] Pass: ConsolidateBlocks - 0.04482 (ms)
2026-07-12 02:35:59,051 [INFO] Pass: Split2QUnitaries - 0.00262 (ms)
2026-07-12 02:35:59,051 [INFO] Pass: UnitarySynthesis - 0.00548 (ms)
2026-07-12 02:35:59,051 [INFO] Pass: HighLevelSynthesis - 0.02241 (ms)
2026-07-12 02:35:59,051 [INFO] Pass: BasisTranslator - 0.06628 (ms)
2026-07-12 02:35:59,051 [INFO] Pass: ConsolidateBlocks - 0.05102 (ms)
2026-07-12 02:35:59,051 [INFO] Pass: UnitarySynthesis - 0.00477 (ms)
2026-07-12 02:35:59,051 [INFO] Pass: Depth - 0.02265 (ms)
2026-07-12 02:35:59,051 [INFO] Pass: FixedPoint - 0.00453 (ms)
2026-07-12 02:35:59,051 [INFO] Pass: Size - 0.00358 (ms)
2026-07-12 02:35:59,051 [INFO] Pass: FixedPoint - 0.00286 (ms)
2026-07-12 02:35:59,051 [INFO] Pass: RemoveIdentityEquivalent - 0.00310 (ms)
2026-07-12 02:35:59,051 [INFO] Pass: Optimize1qGatesDecomposition - 0.03362 (ms)
2026-07-12 02:35:59,051 [INFO] Pass: CommutativeCancellation - 0.07296 (ms)
2026-07-12 02:35:59,052 [INFO] Pass: ContractIdleWiresInControlFlow - 0.00215 (ms)
2026-07-12 02:35:59,052 [INFO] Pass: GatesInBasis - 0.01955 (ms)
2026-07-12 02:35:59,052 [INFO] Pass: Depth - 0.01812 (ms)
2026-07-12 02:35:59,052 [INFO] Pass: FixedPoint - 0.00334 (ms)
2026-07-12 02:35:59,052 [INFO] Pass: Size - 0.00215 (ms)
2026-07-12 02:35:59,052 [INFO] Pass: FixedPoint - 0.00286 (ms)
2026-07-12 02:35:59,052 [INFO] Pass: ContainsInstruction - 0.00501 (ms)
2026-07-12 02:35:59,052 [INFO] Total Transpile Time - 92.32950 (ms)
2026-07-12 02:35:59,141 [INFO] Pass: ContainsInstruction - 0.01025 (ms)
2026-07-12 02:35:59,141 [INFO] Pass: UnitarySynthesis - 0.00644 (ms)
2026-07-12 02:35:59,141 [INFO] Pass: HighLevelSynthesis - 0.00739 (ms)
2026-07-12 02:35:59,141 [INFO] Pass: BasisTranslator - 0.05341 (ms)
2026-07-12 02:35:59,141 [INFO] Pass: ElidePermutations - 0.00358 (ms)
2026-07-12 02:35:59,141 [INFO] Pass: RemoveDiagonalGatesBeforeMeasure - 0.00715 (ms)
2026-07-12 02:35:59,141 [INFO] Pass: RemoveIdentityEquivalent - 0.00477 (ms)
2026-07-12 02:35:59,141 [INFO] Pass: InverseCancellation - 0.02289 (ms)
2026-07-12 02:35:59,141 [INFO] Pass: ContractIdleWiresInControlFlow - 0.00191 (ms)
2026-07-12 02:35:59,141 [INFO] Pass: CommutativeCancellation - 0.06986 (ms)
2026-07-12 02:35:59,141 [INFO] Pass: ConsolidateBlocks - 0.04053 (ms)
2026-07-12 02:35:59,141 [INFO] Pass: Split2QUnitaries - 0.00238 (ms)
2026-07-12 02:35:59,141 [INFO] Pass: UnitarySynthesis - 0.00501 (ms)
2026-07-12 02:35:59,141 [INFO] Pass: HighLevelSynthesis - 0.02289 (ms)
2026-07-12 02:35:59,142 [INFO] Pass: BasisTranslator - 0.06557 (ms)
2026-07-12 02:35:59,142 [INFO] Pass: ConsolidateBlocks - 0.04935 (ms)
2026-07-12 02:35:59,142 [INFO] Pass: UnitarySynthesis - 0.00453 (ms)
2026-07-12 02:35:59,142 [INFO] Pass: Depth - 0.02098 (ms)
2026-07-12 02:35:59,142 [INFO] Pass: FixedPoint - 0.00429 (ms)
2026-07-12 02:35:59,142 [INFO] Pass: Size - 0.00262 (ms)
2026-07-12 02:35:59,142 [INFO] Pass: FixedPoint - 0.00286 (ms)
2026-07-12 02:35:59,142 [INFO] Pass: RemoveIdentityEquivalent - 0.00405 (ms)
2026-07-12 02:35:59,142 [INFO] Pass: Optimize1qGatesDecomposition - 0.15616 (ms)
2026-07-12 02:35:59,142 [INFO] Pass: CommutativeCancellation - 0.07987 (ms)
2026-07-12 02:35:59,142 [INFO] Pass: ContractIdleWiresInControlFlow - 0.00167 (ms)
2026-07-12 02:35:59,142 [INFO] Pass: GatesInBasis - 0.01979 (ms)
2026-07-12 02:35:59,142 [INFO] Pass: Depth - 0.01884 (ms)
2026-07-12 02:35:59,142 [INFO] Pass: FixedPoint - 0.00358 (ms)
2026-07-12 02:35:59,142 [INFO] Pass: Size - 0.00191 (ms)
2026-07-12 02:35:59,142 [INFO] Pass: FixedPoint - 0.00286 (ms)
2026-07-12 02:35:59,142 [INFO] Pass: ContainsInstruction - 0.00525 (ms)
2026-07-12 02:35:59,143 [INFO] Total Transpile Time - 90.18731 (ms)
2026-07-12 02:35:59,231 [INFO] Pass: ContainsInstruction - 0.00954 (ms)
2026-07-12 02:35:59,231 [INFO] Pass: UnitarySynthesis - 0.00644 (ms)
2026-07-12 02:35:59,231 [INFO] Pass: HighLevelSynthesis - 0.00715 (ms)
2026-07-12 02:35:59,231 [INFO] Pass: BasisTranslator - 0.05078 (ms)
2026-07-12 02:35:59,231 [INFO] Pass: ElidePermutations - 0.00334 (ms)
2026-07-12 02:35:59,231 [INFO] Pass: RemoveDiagonalGatesBeforeMeasure - 0.00620 (ms)
2026-07-12 02:35:59,231 [INFO] Pass: RemoveIdentityEquivalent - 0.00525 (ms)
2026-07-12 02:35:59,231 [INFO] Pass: InverseCancellation - 0.02098 (ms)
2026-07-12 02:35:59,231 [INFO] Pass: ContractIdleWiresInControlFlow - 0.00191 (ms)
2026-07-12 02:35:59,231 [INFO] Pass: CommutativeCancellation - 0.05984 (ms)
2026-07-12 02:35:59,231 [INFO] Pass: ConsolidateBlocks - 0.03839 (ms)
2026-07-12 02:35:59,231 [INFO] Pass: Split2QUnitaries - 0.00215 (ms)
2026-07-12 02:35:59,231 [INFO] Pass: UnitarySynthesis - 0.00501 (ms)
2026-07-12 02:35:59,231 [INFO] Pass: HighLevelSynthesis - 0.02456 (ms)
2026-07-12 02:35:59,231 [INFO] Pass: BasisTranslator - 0.06723 (ms)
2026-07-12 02:35:59,232 [INFO] Pass: ConsolidateBlocks - 0.05054 (ms)
2026-07-12 02:35:59,232 [INFO] Pass: UnitarySynthesis - 0.00477 (ms)
2026-07-12 02:35:59,232 [INFO] Pass: Depth - 0.02170 (ms)
2026-07-12 02:35:59,232 [INFO] Pass: FixedPoint - 0.00405 (ms)
2026-07-12 02:35:59,232 [INFO] Pass: Size - 0.00262 (ms)
2026-07-12 02:35:59,232 [INFO] Pass: FixedPoint - 0.00286 (ms)
2026-07-12 02:35:59,232 [INFO] Pass: RemoveIdentityEquivalent - 0.00477 (ms)
2026-07-12 02:35:59,232 [INFO] Pass: Optimize1qGatesDecomposition - 0.16403 (ms)
2026-07-12 02:35:59,232 [INFO] Pass: CommutativeCancellation - 0.07129 (ms)
2026-07-12 02:35:59,232 [INFO] Pass: ContractIdleWiresInControlFlow - 0.00191 (ms)
2026-07-12 02:35:59,232 [INFO] Pass: GatesInBasis - 0.01884 (ms)
2026-07-12 02:35:59,232 [INFO] Pass: Depth - 0.01884 (ms)
2026-07-12 02:35:59,232 [INFO] Pass: FixedPoint - 0.00358 (ms)
2026-07-12 02:35:59,232 [INFO] Pass: Size - 0.00215 (ms)
2026-07-12 02:35:59,232 [INFO] Pass: FixedPoint - 0.00262 (ms)
2026-07-12 02:35:59,232 [INFO] Pass: RemoveIdentityEquivalent - 0.00453 (ms)
2026-07-12 02:35:59,232 [INFO] Pass: Optimize1qGatesDecomposition - 0.14591 (ms)
2026-07-12 02:35:59,232 [INFO] Pass: CommutativeCancellation - 0.06652 (ms)
2026-07-12 02:35:59,232 [INFO] Pass: ContractIdleWiresInControlFlow - 0.00167 (ms)
2026-07-12 02:35:59,232 [INFO] Pass: GatesInBasis - 0.01764 (ms)
2026-07-12 02:35:59,233 [INFO] Pass: Depth - 0.01788 (ms)
2026-07-12 02:35:59,233 [INFO] Pass: FixedPoint - 0.00310 (ms)
2026-07-12 02:35:59,233 [INFO] Pass: Size - 0.00191 (ms)
2026-07-12 02:35:59,233 [INFO] Pass: FixedPoint - 0.00262 (ms)
2026-07-12 02:35:59,233 [INFO] Pass: ContainsInstruction - 0.00525 (ms)
2026-07-12 02:35:59,233 [INFO] Total Transpile Time - 89.97488 (ms)
2026-07-12 02:54:35,736 [INFO] [PCE] n=150 instancia 91/100 completada en 0:00:18:37 — transcurrido=1:05:37:37 restante_estimado=0:02:55:49
2026-07-12 02:54:35,841 [INFO] Pass: ContainsInstruction - 0.01097 (ms)
2026-07-12 02:54:35,842 [INFO] Pass: UnitarySynthesis - 0.00715 (ms)
2026-07-12 02:54:35,842 [INFO] Pass: HighLevelSynthesis - 0.00858 (ms)
2026-07-12 02:54:35,842 [INFO] Pass: BasisTranslator - 0.05913 (ms)
2026-07-12 02:54:35,842 [INFO] Pass: ElidePermutations - 0.00453 (ms)
2026-07-12 02:54:35,842 [INFO] Pass: RemoveDiagonalGatesBeforeMeasure - 0.00906 (ms)
2026-07-12 02:54:35,842 [INFO] Pass: RemoveIdentityEquivalent - 0.00334 (ms)
2026-07-12 02:54:35,842 [INFO] Pass: InverseCancellation - 0.00453 (ms)
2026-07-12 02:54:35,842 [INFO] Pass: ContractIdleWiresInControlFlow - 0.00215 (ms)
2026-07-12 02:54:35,842 [INFO] Pass: CommutativeCancellation - 0.05722 (ms)
2026-07-12 02:54:35,842 [INFO] Pass: ConsolidateBlocks - 0.04220 (ms)
2026-07-12 02:54:35,842 [INFO] Pass: Split2QUnitaries - 0.00310 (ms)
2026-07-12 02:54:35,842 [INFO] Pass: UnitarySynthesis - 0.00525 (ms)
2026-07-12 02:54:35,842 [INFO] Pass: HighLevelSynthesis - 0.02193 (ms)
2026-07-12 02:54:35,842 [INFO] Pass: BasisTranslator - 0.06795 (ms)
2026-07-12 02:54:35,842 [INFO] Pass: ConsolidateBlocks - 0.05674 (ms)
2026-07-12 02:54:35,842 [INFO] Pass: UnitarySynthesis - 0.00477 (ms)
2026-07-12 02:54:35,842 [INFO] Pass: Depth - 0.02074 (ms)
2026-07-12 02:54:35,842 [INFO] Pass: FixedPoint - 0.00429 (ms)
2026-07-12 02:54:35,842 [INFO] Pass: Size - 0.00334 (ms)
2026-07-12 02:54:35,842 [INFO] Pass: FixedPoint - 0.00310 (ms)
2026-07-12 02:54:35,842 [INFO] Pass: RemoveIdentityEquivalent - 0.00286 (ms)
2026-07-12 02:54:35,843 [INFO] Pass: Optimize1qGatesDecomposition - 0.03386 (ms)
2026-07-12 02:54:35,843 [INFO] Pass: CommutativeCancellation - 0.07701 (ms)
2026-07-12 02:54:35,843 [INFO] Pass: ContractIdleWiresInControlFlow - 0.00215 (ms)
2026-07-12 02:54:35,843 [INFO] Pass: GatesInBasis - 0.01907 (ms)
2026-07-12 02:54:35,843 [INFO] Pass: Depth - 0.01740 (ms)
2026-07-12 02:54:35,843 [INFO] Pass: FixedPoint - 0.00381 (ms)
2026-07-12 02:54:35,843 [INFO] Pass: Size - 0.00238 (ms)
2026-07-12 02:54:35,843 [INFO] Pass: FixedPoint - 0.00286 (ms)
2026-07-12 02:54:35,843 [INFO] Pass: ContainsInstruction - 0.00525 (ms)
2026-07-12 02:54:35,843 [INFO] Total Transpile Time - 91.39109 (ms)
2026-07-12 02:54:35,931 [INFO] Pass: ContainsInstruction - 0.00978 (ms)
2026-07-12 02:54:35,931 [INFO] Pass: UnitarySynthesis - 0.00644 (ms)
2026-07-12 02:54:35,931 [INFO] Pass: HighLevelSynthesis - 0.00763 (ms)
2026-07-12 02:54:35,931 [INFO] Pass: BasisTranslator - 0.05484 (ms)
2026-07-12 02:54:35,931 [INFO] Pass: ElidePermutations - 0.00334 (ms)
2026-07-12 02:54:35,931 [INFO] Pass: RemoveDiagonalGatesBeforeMeasure - 0.00668 (ms)
2026-07-12 02:54:35,931 [INFO] Pass: RemoveIdentityEquivalent - 0.00525 (ms)
2026-07-12 02:54:35,931 [INFO] Pass: InverseCancellation - 0.02122 (ms)
2026-07-12 02:54:35,931 [INFO] Pass: ContractIdleWiresInControlFlow - 0.00191 (ms)
2026-07-12 02:54:35,931 [INFO] Pass: CommutativeCancellation - 0.06819 (ms)
2026-07-12 02:54:35,931 [INFO] Pass: ConsolidateBlocks - 0.04482 (ms)
2026-07-12 02:54:35,931 [INFO] Pass: Split2QUnitaries - 0.00262 (ms)
2026-07-12 02:54:35,931 [INFO] Pass: UnitarySynthesis - 0.00501 (ms)
2026-07-12 02:54:35,931 [INFO] Pass: HighLevelSynthesis - 0.02337 (ms)
2026-07-12 02:54:35,931 [INFO] Pass: BasisTranslator - 0.06890 (ms)
2026-07-12 02:54:35,932 [INFO] Pass: ConsolidateBlocks - 0.04959 (ms)
2026-07-12 02:54:35,932 [INFO] Pass: UnitarySynthesis - 0.00477 (ms)
2026-07-12 02:54:35,932 [INFO] Pass: Depth - 0.02241 (ms)
2026-07-12 02:54:35,932 [INFO] Pass: FixedPoint - 0.00405 (ms)
2026-07-12 02:54:35,932 [INFO] Pass: Size - 0.00286 (ms)
2026-07-12 02:54:35,932 [INFO] Pass: FixedPoint - 0.00262 (ms)
2026-07-12 02:54:35,932 [INFO] Pass: RemoveIdentityEquivalent - 0.00453 (ms)
2026-07-12 02:54:35,932 [INFO] Pass: Optimize1qGatesDecomposition - 0.15330 (ms)
2026-07-12 02:54:35,932 [INFO] Pass: CommutativeCancellation - 0.08416 (ms)
2026-07-12 02:54:35,932 [INFO] Pass: ContractIdleWiresInControlFlow - 0.00215 (ms)
2026-07-12 02:54:35,932 [INFO] Pass: GatesInBasis - 0.01907 (ms)
2026-07-12 02:54:35,932 [INFO] Pass: Depth - 0.01884 (ms)
2026-07-12 02:54:35,932 [INFO] Pass: FixedPoint - 0.00358 (ms)
2026-07-12 02:54:35,932 [INFO] Pass: Size - 0.00191 (ms)
2026-07-12 02:54:35,932 [INFO] Pass: FixedPoint - 0.00286 (ms)
2026-07-12 02:54:35,932 [INFO] Pass: ContainsInstruction - 0.00453 (ms)
2026-07-12 02:54:35,932 [INFO] Total Transpile Time - 88.98211 (ms)
2026-07-12 02:54:36,021 [INFO] Pass: ContainsInstruction - 0.00954 (ms)
2026-07-12 02:54:36,021 [INFO] Pass: UnitarySynthesis - 0.00620 (ms)
2026-07-12 02:54:36,021 [INFO] Pass: HighLevelSynthesis - 0.00739 (ms)
2026-07-12 02:54:36,021 [INFO] Pass: BasisTranslator - 0.05460 (ms)
2026-07-12 02:54:36,021 [INFO] Pass: ElidePermutations - 0.00310 (ms)
2026-07-12 02:54:36,021 [INFO] Pass: RemoveDiagonalGatesBeforeMeasure - 0.00620 (ms)
2026-07-12 02:54:36,021 [INFO] Pass: RemoveIdentityEquivalent - 0.00548 (ms)
2026-07-12 02:54:36,021 [INFO] Pass: InverseCancellation - 0.02122 (ms)
2026-07-12 02:54:36,021 [INFO] Pass: ContractIdleWiresInControlFlow - 0.00167 (ms)
2026-07-12 02:54:36,022 [INFO] Pass: CommutativeCancellation - 0.06461 (ms)
2026-07-12 02:54:36,022 [INFO] Pass: ConsolidateBlocks - 0.03815 (ms)
2026-07-12 02:54:36,022 [INFO] Pass: Split2QUnitaries - 0.00215 (ms)
2026-07-12 02:54:36,022 [INFO] Pass: UnitarySynthesis - 0.00477 (ms)
2026-07-12 02:54:36,022 [INFO] Pass: HighLevelSynthesis - 0.02456 (ms)
2026-07-12 02:54:36,022 [INFO] Pass: BasisTranslator - 0.06652 (ms)
2026-07-12 02:54:36,022 [INFO] Pass: ConsolidateBlocks - 0.05031 (ms)
2026-07-12 02:54:36,022 [INFO] Pass: UnitarySynthesis - 0.00453 (ms)
2026-07-12 02:54:36,022 [INFO] Pass: Depth - 0.02384 (ms)
2026-07-12 02:54:36,022 [INFO] Pass: FixedPoint - 0.00405 (ms)
2026-07-12 02:54:36,022 [INFO] Pass: Size - 0.00286 (ms)
2026-07-12 02:54:36,022 [INFO] Pass: FixedPoint - 0.00310 (ms)
2026-07-12 02:54:36,022 [INFO] Pass: RemoveIdentityEquivalent - 0.00477 (ms)
2026-07-12 02:54:36,022 [INFO] Pass: Optimize1qGatesDecomposition - 0.17619 (ms)
2026-07-12 02:54:36,022 [INFO] Pass: CommutativeCancellation - 0.07510 (ms)
2026-07-12 02:54:36,022 [INFO] Pass: ContractIdleWiresInControlFlow - 0.00167 (ms)
2026-07-12 02:54:36,022 [INFO] Pass: GatesInBasis - 0.01955 (ms)
2026-07-12 02:54:36,023 [INFO] Pass: Depth - 0.02170 (ms)
2026-07-12 02:54:36,023 [INFO] Pass: FixedPoint - 0.00381 (ms)
2026-07-12 02:54:36,023 [INFO] Pass: Size - 0.00215 (ms)
2026-07-12 02:54:36,023 [INFO] Pass: FixedPoint - 0.00334 (ms)
2026-07-12 02:54:36,023 [INFO] Pass: RemoveIdentityEquivalent - 0.00453 (ms)
2026-07-12 02:54:36,023 [INFO] Pass: Optimize1qGatesDecomposition - 0.14257 (ms)
2026-07-12 02:54:36,023 [INFO] Pass: CommutativeCancellation - 0.06676 (ms)
2026-07-12 02:54:36,023 [INFO] Pass: ContractIdleWiresInControlFlow - 0.00191 (ms)
2026-07-12 02:54:36,023 [INFO] Pass: GatesInBasis - 0.01812 (ms)
2026-07-12 02:54:36,023 [INFO] Pass: Depth - 0.01884 (ms)
2026-07-12 02:54:36,023 [INFO] Pass: FixedPoint - 0.00334 (ms)
2026-07-12 02:54:36,023 [INFO] Pass: Size - 0.00215 (ms)
2026-07-12 02:54:36,023 [INFO] Pass: FixedPoint - 0.00286 (ms)
2026-07-12 02:54:36,023 [INFO] Pass: ContainsInstruction - 0.00572 (ms)
2026-07-12 02:54:36,023 [INFO] Total Transpile Time - 90.52253 (ms)
2026-07-12 03:14:13,811 [INFO] [PCE] n=150 instancia 92/100 completada en 0:00:19:38 — transcurrido=1:05:57:15 restante_estimado=0:02:36:17
2026-07-12 03:14:13,914 [INFO] Pass: ContainsInstruction - 0.01073 (ms)
2026-07-12 03:14:13,914 [INFO] Pass: UnitarySynthesis - 0.00644 (ms)
2026-07-12 03:14:13,914 [INFO] Pass: HighLevelSynthesis - 0.00906 (ms)
2026-07-12 03:14:13,914 [INFO] Pass: BasisTranslator - 0.05865 (ms)
2026-07-12 03:14:13,914 [INFO] Pass: ElidePermutations - 0.00453 (ms)
2026-07-12 03:14:13,914 [INFO] Pass: RemoveDiagonalGatesBeforeMeasure - 0.00763 (ms)
2026-07-12 03:14:13,914 [INFO] Pass: RemoveIdentityEquivalent - 0.00286 (ms)
2026-07-12 03:14:13,914 [INFO] Pass: InverseCancellation - 0.00501 (ms)
2026-07-12 03:14:13,914 [INFO] Pass: ContractIdleWiresInControlFlow - 0.00191 (ms)
2026-07-12 03:14:13,914 [INFO] Pass: CommutativeCancellation - 0.05627 (ms)
2026-07-12 03:14:13,914 [INFO] Pass: ConsolidateBlocks - 0.04387 (ms)
2026-07-12 03:14:13,914 [INFO] Pass: Split2QUnitaries - 0.00334 (ms)
2026-07-12 03:14:13,914 [INFO] Pass: UnitarySynthesis - 0.00477 (ms)
2026-07-12 03:14:13,915 [INFO] Pass: HighLevelSynthesis - 0.02265 (ms)
2026-07-12 03:14:13,915 [INFO] Pass: BasisTranslator - 0.06318 (ms)
2026-07-12 03:14:13,915 [INFO] Pass: ConsolidateBlocks - 0.04840 (ms)
2026-07-12 03:14:13,915 [INFO] Pass: UnitarySynthesis - 0.00453 (ms)
2026-07-12 03:14:13,915 [INFO] Pass: Depth - 0.02003 (ms)
2026-07-12 03:14:13,915 [INFO] Pass: FixedPoint - 0.00429 (ms)
2026-07-12 03:14:13,915 [INFO] Pass: Size - 0.00358 (ms)
2026-07-12 03:14:13,915 [INFO] Pass: FixedPoint - 0.00286 (ms)
2026-07-12 03:14:13,915 [INFO] Pass: RemoveIdentityEquivalent - 0.00286 (ms)
2026-07-12 03:14:13,915 [INFO] Pass: Optimize1qGatesDecomposition - 0.03338 (ms)
2026-07-12 03:14:13,915 [INFO] Pass: CommutativeCancellation - 0.07057 (ms)
2026-07-12 03:14:13,915 [INFO] Pass: ContractIdleWiresInControlFlow - 0.00191 (ms)
2026-07-12 03:14:13,915 [INFO] Pass: GatesInBasis - 0.01931 (ms)
2026-07-12 03:14:13,915 [INFO] Pass: Depth - 0.01788 (ms)
2026-07-12 03:14:13,915 [INFO] Pass: FixedPoint - 0.00334 (ms)
2026-07-12 03:14:13,915 [INFO] Pass: Size - 0.00191 (ms)
2026-07-12 03:14:13,915 [INFO] Pass: FixedPoint - 0.00286 (ms)
2026-07-12 03:14:13,915 [INFO] Pass: ContainsInstruction - 0.00501 (ms)
2026-07-12 03:14:13,915 [INFO] Total Transpile Time - 87.92543 (ms)
2026-07-12 03:14:14,000 [INFO] Pass: ContainsInstruction - 0.00906 (ms)
2026-07-12 03:14:14,000 [INFO] Pass: UnitarySynthesis - 0.00572 (ms)
2026-07-12 03:14:14,000 [INFO] Pass: HighLevelSynthesis - 0.00715 (ms)
2026-07-12 03:14:14,000 [INFO] Pass: BasisTranslator - 0.05198 (ms)
2026-07-12 03:14:14,000 [INFO] Pass: ElidePermutations - 0.00334 (ms)
2026-07-12 03:14:14,000 [INFO] Pass: RemoveDiagonalGatesBeforeMeasure - 0.00739 (ms)
2026-07-12 03:14:14,000 [INFO] Pass: RemoveIdentityEquivalent - 0.00429 (ms)
2026-07-12 03:14:14,000 [INFO] Pass: InverseCancellation - 0.02122 (ms)
2026-07-12 03:14:14,000 [INFO] Pass: ContractIdleWiresInControlFlow - 0.00167 (ms)
2026-07-12 03:14:14,000 [INFO] Pass: CommutativeCancellation - 0.06413 (ms)
2026-07-12 03:14:14,001 [INFO] Pass: ConsolidateBlocks - 0.04077 (ms)
2026-07-12 03:14:14,001 [INFO] Pass: Split2QUnitaries - 0.00215 (ms)
2026-07-12 03:14:14,001 [INFO] Pass: UnitarySynthesis - 0.00501 (ms)
2026-07-12 03:14:14,001 [INFO] Pass: HighLevelSynthesis - 0.02360 (ms)
2026-07-12 03:14:14,001 [INFO] Pass: BasisTranslator - 0.06580 (ms)
2026-07-12 03:14:14,001 [INFO] Pass: ConsolidateBlocks - 0.04816 (ms)
2026-07-12 03:14:14,001 [INFO] Pass: UnitarySynthesis - 0.00405 (ms)
2026-07-12 03:14:14,001 [INFO] Pass: Depth - 0.01907 (ms)
2026-07-12 03:14:14,001 [INFO] Pass: FixedPoint - 0.00405 (ms)
2026-07-12 03:14:14,001 [INFO] Pass: Size - 0.00286 (ms)
2026-07-12 03:14:14,001 [INFO] Pass: FixedPoint - 0.00262 (ms)
2026-07-12 03:14:14,001 [INFO] Pass: RemoveIdentityEquivalent - 0.00381 (ms)
2026-07-12 03:14:14,001 [INFO] Pass: Optimize1qGatesDecomposition - 0.14710 (ms)
2026-07-12 03:14:14,001 [INFO] Pass: CommutativeCancellation - 0.08249 (ms)
2026-07-12 03:14:14,001 [INFO] Pass: ContractIdleWiresInControlFlow - 0.00191 (ms)
2026-07-12 03:14:14,001 [INFO] Pass: GatesInBasis - 0.01907 (ms)
2026-07-12 03:14:14,001 [INFO] Pass: Depth - 0.01860 (ms)
2026-07-12 03:14:14,001 [INFO] Pass: FixedPoint - 0.00405 (ms)
2026-07-12 03:14:14,001 [INFO] Pass: Size - 0.00238 (ms)
2026-07-12 03:14:14,001 [INFO] Pass: FixedPoint - 0.00286 (ms)
2026-07-12 03:14:14,001 [INFO] Pass: ContainsInstruction - 0.00501 (ms)
2026-07-12 03:14:14,002 [INFO] Total Transpile Time - 85.86979 (ms)
2026-07-12 03:14:14,087 [INFO] Pass: ContainsInstruction - 0.00954 (ms)
2026-07-12 03:14:14,087 [INFO] Pass: UnitarySynthesis - 0.00644 (ms)
2026-07-12 03:14:14,087 [INFO] Pass: HighLevelSynthesis - 0.00739 (ms)
2026-07-12 03:14:14,087 [INFO] Pass: BasisTranslator - 0.05126 (ms)
2026-07-12 03:14:14,087 [INFO] Pass: ElidePermutations - 0.00334 (ms)
2026-07-12 03:14:14,087 [INFO] Pass: RemoveDiagonalGatesBeforeMeasure - 0.00620 (ms)
2026-07-12 03:14:14,087 [INFO] Pass: RemoveIdentityEquivalent - 0.00501 (ms)
2026-07-12 03:14:14,087 [INFO] Pass: InverseCancellation - 0.02074 (ms)
2026-07-12 03:14:14,087 [INFO] Pass: ContractIdleWiresInControlFlow - 0.00215 (ms)
2026-07-12 03:14:14,087 [INFO] Pass: CommutativeCancellation - 0.05841 (ms)
2026-07-12 03:14:14,087 [INFO] Pass: ConsolidateBlocks - 0.03862 (ms)
2026-07-12 03:14:14,087 [INFO] Pass: Split2QUnitaries - 0.00215 (ms)
2026-07-12 03:14:14,087 [INFO] Pass: UnitarySynthesis - 0.01144 (ms)
2026-07-12 03:14:14,087 [INFO] Pass: HighLevelSynthesis - 0.02432 (ms)
2026-07-12 03:14:14,087 [INFO] Pass: BasisTranslator - 0.06557 (ms)
2026-07-12 03:14:14,087 [INFO] Pass: ConsolidateBlocks - 0.04768 (ms)
2026-07-12 03:14:14,087 [INFO] Pass: UnitarySynthesis - 0.00453 (ms)
2026-07-12 03:14:14,088 [INFO] Pass: Depth - 0.02003 (ms)
2026-07-12 03:14:14,088 [INFO] Pass: FixedPoint - 0.00453 (ms)
2026-07-12 03:14:14,088 [INFO] Pass: Size - 0.00286 (ms)
2026-07-12 03:14:14,088 [INFO] Pass: FixedPoint - 0.00286 (ms)
2026-07-12 03:14:14,088 [INFO] Pass: RemoveIdentityEquivalent - 0.00477 (ms)
2026-07-12 03:14:14,088 [INFO] Pass: Optimize1qGatesDecomposition - 0.15640 (ms)
2026-07-12 03:14:14,088 [INFO] Pass: CommutativeCancellation - 0.07176 (ms)
2026-07-12 03:14:14,088 [INFO] Pass: ContractIdleWiresInControlFlow - 0.00167 (ms)
2026-07-12 03:14:14,088 [INFO] Pass: GatesInBasis - 0.01931 (ms)
2026-07-12 03:14:14,088 [INFO] Pass: Depth - 0.01836 (ms)
2026-07-12 03:14:14,088 [INFO] Pass: FixedPoint - 0.00358 (ms)
2026-07-12 03:14:14,088 [INFO] Pass: Size - 0.00191 (ms)
2026-07-12 03:14:14,088 [INFO] Pass: FixedPoint - 0.00286 (ms)
2026-07-12 03:14:14,088 [INFO] Pass: RemoveIdentityEquivalent - 0.00429 (ms)
2026-07-12 03:14:14,088 [INFO] Pass: Optimize1qGatesDecomposition - 0.14520 (ms)
2026-07-12 03:14:14,088 [INFO] Pass: CommutativeCancellation - 0.06866 (ms)
2026-07-12 03:14:14,088 [INFO] Pass: ContractIdleWiresInControlFlow - 0.00143 (ms)
2026-07-12 03:14:14,088 [INFO] Pass: GatesInBasis - 0.01860 (ms)
2026-07-12 03:14:14,089 [INFO] Pass: Depth - 0.01740 (ms)
2026-07-12 03:14:14,089 [INFO] Pass: FixedPoint - 0.00310 (ms)
2026-07-12 03:14:14,089 [INFO] Pass: Size - 0.00215 (ms)
2026-07-12 03:14:14,089 [INFO] Pass: FixedPoint - 0.00262 (ms)
2026-07-12 03:14:14,089 [INFO] Pass: ContainsInstruction - 0.00501 (ms)
2026-07-12 03:14:14,089 [INFO] Total Transpile Time - 86.80964 (ms)
2026-07-12 03:27:36,558 [INFO] [PCE] n=150 instancia 93/100 completada en 0:00:13:23 — transcurrido=1:06:10:38 restante_estimado=0:02:16:17
2026-07-12 03:27:36,661 [INFO] Pass: ContainsInstruction - 0.01121 (ms)
2026-07-12 03:27:36,661 [INFO] Pass: UnitarySynthesis - 0.00715 (ms)
2026-07-12 03:27:36,661 [INFO] Pass: HighLevelSynthesis - 0.00930 (ms)
2026-07-12 03:27:36,661 [INFO] Pass: BasisTranslator - 0.05698 (ms)
2026-07-12 03:27:36,661 [INFO] Pass: ElidePermutations - 0.00477 (ms)
2026-07-12 03:27:36,661 [INFO] Pass: RemoveDiagonalGatesBeforeMeasure - 0.00763 (ms)
2026-07-12 03:27:36,661 [INFO] Pass: RemoveIdentityEquivalent - 0.00358 (ms)
2026-07-12 03:27:36,661 [INFO] Pass: InverseCancellation - 0.00501 (ms)
2026-07-12 03:27:36,661 [INFO] Pass: ContractIdleWiresInControlFlow - 0.00215 (ms)
2026-07-12 03:27:36,662 [INFO] Pass: CommutativeCancellation - 0.05555 (ms)
2026-07-12 03:27:36,662 [INFO] Pass: ConsolidateBlocks - 0.04292 (ms)
2026-07-12 03:27:36,662 [INFO] Pass: Split2QUnitaries - 0.00310 (ms)
2026-07-12 03:27:36,662 [INFO] Pass: UnitarySynthesis - 0.00525 (ms)
2026-07-12 03:27:36,662 [INFO] Pass: HighLevelSynthesis - 0.02432 (ms)
2026-07-12 03:27:36,662 [INFO] Pass: BasisTranslator - 0.06318 (ms)
2026-07-12 03:27:36,662 [INFO] Pass: ConsolidateBlocks - 0.04768 (ms)
2026-07-12 03:27:36,662 [INFO] Pass: UnitarySynthesis - 0.00453 (ms)
2026-07-12 03:27:36,662 [INFO] Pass: Depth - 0.01907 (ms)
2026-07-12 03:27:36,662 [INFO] Pass: FixedPoint - 0.00453 (ms)
2026-07-12 03:27:36,662 [INFO] Pass: Size - 0.00334 (ms)
2026-07-12 03:27:36,662 [INFO] Pass: FixedPoint - 0.00286 (ms)
2026-07-12 03:27:36,662 [INFO] Pass: RemoveIdentityEquivalent - 0.00215 (ms)
2026-07-12 03:27:36,662 [INFO] Pass: Optimize1qGatesDecomposition - 0.03195 (ms)
2026-07-12 03:27:36,662 [INFO] Pass: CommutativeCancellation - 0.07010 (ms)
2026-07-12 03:27:36,662 [INFO] Pass: ContractIdleWiresInControlFlow - 0.00215 (ms)
2026-07-12 03:27:36,662 [INFO] Pass: GatesInBasis - 0.01884 (ms)
2026-07-12 03:27:36,662 [INFO] Pass: Depth - 0.01740 (ms)
2026-07-12 03:27:36,662 [INFO] Pass: FixedPoint - 0.00334 (ms)
2026-07-12 03:27:36,662 [INFO] Pass: Size - 0.00238 (ms)
2026-07-12 03:27:36,662 [INFO] Pass: FixedPoint - 0.00286 (ms)
2026-07-12 03:27:36,662 [INFO] Pass: ContainsInstruction - 0.00477 (ms)
2026-07-12 03:27:36,663 [INFO] Total Transpile Time - 88.35697 (ms)
2026-07-12 03:27:36,749 [INFO] Pass: ContainsInstruction - 0.00906 (ms)
2026-07-12 03:27:36,749 [INFO] Pass: UnitarySynthesis - 0.00644 (ms)
2026-07-12 03:27:36,749 [INFO] Pass: HighLevelSynthesis - 0.00763 (ms)
2026-07-12 03:27:36,749 [INFO] Pass: BasisTranslator - 0.05054 (ms)
2026-07-12 03:27:36,749 [INFO] Pass: ElidePermutations - 0.00358 (ms)
2026-07-12 03:27:36,749 [INFO] Pass: RemoveDiagonalGatesBeforeMeasure - 0.00644 (ms)
2026-07-12 03:27:36,749 [INFO] Pass: RemoveIdentityEquivalent - 0.00453 (ms)
2026-07-12 03:27:36,749 [INFO] Pass: InverseCancellation - 0.02241 (ms)
2026-07-12 03:27:36,749 [INFO] Pass: ContractIdleWiresInControlFlow - 0.00191 (ms)
2026-07-12 03:27:36,749 [INFO] Pass: CommutativeCancellation - 0.06747 (ms)
2026-07-12 03:27:36,749 [INFO] Pass: ConsolidateBlocks - 0.03958 (ms)
2026-07-12 03:27:36,749 [INFO] Pass: Split2QUnitaries - 0.00262 (ms)
2026-07-12 03:27:36,749 [INFO] Pass: UnitarySynthesis - 0.00501 (ms)
2026-07-12 03:27:36,749 [INFO] Pass: HighLevelSynthesis - 0.02432 (ms)
2026-07-12 03:27:36,750 [INFO] Pass: BasisTranslator - 0.06318 (ms)
2026-07-12 03:27:36,750 [INFO] Pass: ConsolidateBlocks - 0.04911 (ms)
2026-07-12 03:27:36,750 [INFO] Pass: UnitarySynthesis - 0.00453 (ms)
2026-07-12 03:27:36,750 [INFO] Pass: Depth - 0.01860 (ms)
2026-07-12 03:27:36,750 [INFO] Pass: FixedPoint - 0.00453 (ms)
2026-07-12 03:27:36,750 [INFO] Pass: Size - 0.00286 (ms)
2026-07-12 03:27:36,750 [INFO] Pass: FixedPoint - 0.00286 (ms)
2026-07-12 03:27:36,750 [INFO] Pass: RemoveIdentityEquivalent - 0.00381 (ms)
2026-07-12 03:27:36,750 [INFO] Pass: Optimize1qGatesDecomposition - 0.14639 (ms)
2026-07-12 03:27:36,750 [INFO] Pass: CommutativeCancellation - 0.07939 (ms)
2026-07-12 03:27:36,750 [INFO] Pass: ContractIdleWiresInControlFlow - 0.00191 (ms)
2026-07-12 03:27:36,750 [INFO] Pass: GatesInBasis - 0.01979 (ms)
2026-07-12 03:27:36,750 [INFO] Pass: Depth - 0.01788 (ms)
2026-07-12 03:27:36,750 [INFO] Pass: FixedPoint - 0.00334 (ms)
2026-07-12 03:27:36,750 [INFO] Pass: Size - 0.00191 (ms)
2026-07-12 03:27:36,750 [INFO] Pass: FixedPoint - 0.00858 (ms)
2026-07-12 03:27:36,750 [INFO] Pass: ContainsInstruction - 0.00525 (ms)
2026-07-12 03:27:36,751 [INFO] Total Transpile Time - 87.48746 (ms)
2026-07-12 03:27:36,838 [INFO] Pass: ContainsInstruction - 0.00954 (ms)
2026-07-12 03:27:36,838 [INFO] Pass: UnitarySynthesis - 0.00644 (ms)
2026-07-12 03:27:36,838 [INFO] Pass: HighLevelSynthesis - 0.00715 (ms)
2026-07-12 03:27:36,838 [INFO] Pass: BasisTranslator - 0.04840 (ms)
2026-07-12 03:27:36,838 [INFO] Pass: ElidePermutations - 0.00310 (ms)
2026-07-12 03:27:36,838 [INFO] Pass: RemoveDiagonalGatesBeforeMeasure - 0.00596 (ms)
2026-07-12 03:27:36,838 [INFO] Pass: RemoveIdentityEquivalent - 0.00525 (ms)
2026-07-12 03:27:36,838 [INFO] Pass: InverseCancellation - 0.02170 (ms)
2026-07-12 03:27:36,838 [INFO] Pass: ContractIdleWiresInControlFlow - 0.00191 (ms)
2026-07-12 03:27:36,838 [INFO] Pass: CommutativeCancellation - 0.06080 (ms)
2026-07-12 03:27:36,838 [INFO] Pass: ConsolidateBlocks - 0.03934 (ms)
2026-07-12 03:27:36,838 [INFO] Pass: Split2QUnitaries - 0.00215 (ms)
2026-07-12 03:27:36,838 [INFO] Pass: UnitarySynthesis - 0.00525 (ms)
2026-07-12 03:27:36,839 [INFO] Pass: HighLevelSynthesis - 0.02432 (ms)
2026-07-12 03:27:36,839 [INFO] Pass: BasisTranslator - 0.06557 (ms)
2026-07-12 03:27:36,839 [INFO] Pass: ConsolidateBlocks - 0.04840 (ms)
2026-07-12 03:27:36,839 [INFO] Pass: UnitarySynthesis - 0.00477 (ms)
2026-07-12 03:27:36,839 [INFO] Pass: Depth - 0.02027 (ms)
2026-07-12 03:27:36,839 [INFO] Pass: FixedPoint - 0.00381 (ms)
2026-07-12 03:27:36,839 [INFO] Pass: Size - 0.00286 (ms)
2026-07-12 03:27:36,839 [INFO] Pass: FixedPoint - 0.00286 (ms)
2026-07-12 03:27:36,839 [INFO] Pass: RemoveIdentityEquivalent - 0.00501 (ms)
2026-07-12 03:27:36,839 [INFO] Pass: Optimize1qGatesDecomposition - 0.15736 (ms)
2026-07-12 03:27:36,839 [INFO] Pass: CommutativeCancellation - 0.07057 (ms)
2026-07-12 03:27:36,839 [INFO] Pass: ContractIdleWiresInControlFlow - 0.00215 (ms)
2026-07-12 03:27:36,839 [INFO] Pass: GatesInBasis - 0.01884 (ms)
2026-07-12 03:27:36,839 [INFO] Pass: Depth - 0.01836 (ms)
2026-07-12 03:27:36,839 [INFO] Pass: FixedPoint - 0.00358 (ms)
2026-07-12 03:27:36,839 [INFO] Pass: Size - 0.00215 (ms)
2026-07-12 03:27:36,839 [INFO] Pass: FixedPoint - 0.00310 (ms)
2026-07-12 03:27:36,839 [INFO] Pass: RemoveIdentityEquivalent - 0.00477 (ms)
2026-07-12 03:27:36,840 [INFO] Pass: Optimize1qGatesDecomposition - 0.13542 (ms)
2026-07-12 03:27:36,840 [INFO] Pass: CommutativeCancellation - 0.06533 (ms)
2026-07-12 03:27:36,840 [INFO] Pass: ContractIdleWiresInControlFlow - 0.00167 (ms)
2026-07-12 03:27:36,840 [INFO] Pass: GatesInBasis - 0.01764 (ms)
2026-07-12 03:27:36,840 [INFO] Pass: Depth - 0.01693 (ms)
2026-07-12 03:27:36,840 [INFO] Pass: FixedPoint - 0.00310 (ms)
2026-07-12 03:27:36,840 [INFO] Pass: Size - 0.00191 (ms)
2026-07-12 03:27:36,840 [INFO] Pass: FixedPoint - 0.00286 (ms)
2026-07-12 03:27:36,840 [INFO] Pass: ContainsInstruction - 0.00525 (ms)
2026-07-12 03:27:36,840 [INFO] Total Transpile Time - 89.21170 (ms)
2026-07-12 03:45:45,463 [INFO] [PCE] n=150 instancia 94/100 completada en 0:00:18:09 — transcurrido=1:06:28:47 restante_estimado=0:01:56:44
2026-07-12 03:45:45,570 [INFO] Pass: ContainsInstruction - 0.01168 (ms)
2026-07-12 03:45:45,570 [INFO] Pass: UnitarySynthesis - 0.00691 (ms)
2026-07-12 03:45:45,570 [INFO] Pass: HighLevelSynthesis - 0.00906 (ms)
2026-07-12 03:45:45,570 [INFO] Pass: BasisTranslator - 0.05984 (ms)
2026-07-12 03:45:45,570 [INFO] Pass: ElidePermutations - 0.00477 (ms)
2026-07-12 03:45:45,570 [INFO] Pass: RemoveDiagonalGatesBeforeMeasure - 0.00858 (ms)
2026-07-12 03:45:45,570 [INFO] Pass: RemoveIdentityEquivalent - 0.00334 (ms)
2026-07-12 03:45:45,570 [INFO] Pass: InverseCancellation - 0.00525 (ms)
2026-07-12 03:45:45,571 [INFO] Pass: ContractIdleWiresInControlFlow - 0.00191 (ms)
2026-07-12 03:45:45,571 [INFO] Pass: CommutativeCancellation - 0.05722 (ms)
2026-07-12 03:45:45,571 [INFO] Pass: ConsolidateBlocks - 0.04196 (ms)
2026-07-12 03:45:45,571 [INFO] Pass: Split2QUnitaries - 0.00310 (ms)
2026-07-12 03:45:45,571 [INFO] Pass: UnitarySynthesis - 0.00477 (ms)
2026-07-12 03:45:45,571 [INFO] Pass: HighLevelSynthesis - 0.02217 (ms)
2026-07-12 03:45:45,571 [INFO] Pass: BasisTranslator - 0.06747 (ms)
2026-07-12 03:45:45,571 [INFO] Pass: ConsolidateBlocks - 0.05150 (ms)
2026-07-12 03:45:45,571 [INFO] Pass: UnitarySynthesis - 0.00405 (ms)
2026-07-12 03:45:45,571 [INFO] Pass: Depth - 0.02265 (ms)
2026-07-12 03:45:45,571 [INFO] Pass: FixedPoint - 0.00453 (ms)
2026-07-12 03:45:45,571 [INFO] Pass: Size - 0.00310 (ms)
2026-07-12 03:45:45,571 [INFO] Pass: FixedPoint - 0.00286 (ms)
2026-07-12 03:45:45,571 [INFO] Pass: RemoveIdentityEquivalent - 0.00286 (ms)
2026-07-12 03:45:45,571 [INFO] Pass: Optimize1qGatesDecomposition - 0.03505 (ms)
2026-07-12 03:45:45,571 [INFO] Pass: CommutativeCancellation - 0.08154 (ms)
2026-07-12 03:45:45,571 [INFO] Pass: ContractIdleWiresInControlFlow - 0.00215 (ms)
2026-07-12 03:45:45,571 [INFO] Pass: GatesInBasis - 0.01979 (ms)
2026-07-12 03:45:45,571 [INFO] Pass: Depth - 0.01836 (ms)
2026-07-12 03:45:45,571 [INFO] Pass: FixedPoint - 0.00334 (ms)
2026-07-12 03:45:45,571 [INFO] Pass: Size - 0.00262 (ms)
2026-07-12 03:45:45,571 [INFO] Pass: FixedPoint - 0.00286 (ms)
2026-07-12 03:45:45,571 [INFO] Pass: ContainsInstruction - 0.00477 (ms)
2026-07-12 03:45:45,572 [INFO] Total Transpile Time - 91.54272 (ms)
2026-07-12 03:45:45,660 [INFO] Pass: ContainsInstruction - 0.01001 (ms)
2026-07-12 03:45:45,660 [INFO] Pass: UnitarySynthesis - 0.00620 (ms)
2026-07-12 03:45:45,660 [INFO] Pass: HighLevelSynthesis - 0.00763 (ms)
2026-07-12 03:45:45,661 [INFO] Pass: BasisTranslator - 0.05341 (ms)
2026-07-12 03:45:45,661 [INFO] Pass: ElidePermutations - 0.00429 (ms)
2026-07-12 03:45:45,661 [INFO] Pass: RemoveDiagonalGatesBeforeMeasure - 0.00691 (ms)
2026-07-12 03:45:45,661 [INFO] Pass: RemoveIdentityEquivalent - 0.00477 (ms)
2026-07-12 03:45:45,661 [INFO] Pass: InverseCancellation - 0.02146 (ms)
2026-07-12 03:45:45,661 [INFO] Pass: ContractIdleWiresInControlFlow - 0.00215 (ms)
2026-07-12 03:45:45,661 [INFO] Pass: CommutativeCancellation - 0.06461 (ms)
2026-07-12 03:45:45,661 [INFO] Pass: ConsolidateBlocks - 0.03910 (ms)
2026-07-12 03:45:45,661 [INFO] Pass: Split2QUnitaries - 0.00262 (ms)
2026-07-12 03:45:45,661 [INFO] Pass: UnitarySynthesis - 0.00525 (ms)
2026-07-12 03:45:45,661 [INFO] Pass: HighLevelSynthesis - 0.02337 (ms)
2026-07-12 03:45:45,661 [INFO] Pass: BasisTranslator - 0.06771 (ms)
2026-07-12 03:45:45,661 [INFO] Pass: ConsolidateBlocks - 0.04935 (ms)
2026-07-12 03:45:45,661 [INFO] Pass: UnitarySynthesis - 0.00453 (ms)
2026-07-12 03:45:45,661 [INFO] Pass: Depth - 0.01979 (ms)
2026-07-12 03:45:45,661 [INFO] Pass: FixedPoint - 0.00429 (ms)
2026-07-12 03:45:45,661 [INFO] Pass: Size - 0.00310 (ms)
2026-07-12 03:45:45,661 [INFO] Pass: FixedPoint - 0.00286 (ms)
2026-07-12 03:45:45,661 [INFO] Pass: RemoveIdentityEquivalent - 0.00429 (ms)
2026-07-12 03:45:45,662 [INFO] Pass: Optimize1qGatesDecomposition - 0.15473 (ms)
2026-07-12 03:45:45,662 [INFO] Pass: CommutativeCancellation - 0.07963 (ms)
2026-07-12 03:45:45,662 [INFO] Pass: ContractIdleWiresInControlFlow - 0.00191 (ms)
2026-07-12 03:45:45,662 [INFO] Pass: GatesInBasis - 0.02003 (ms)
2026-07-12 03:45:45,662 [INFO] Pass: Depth - 0.02170 (ms)
2026-07-12 03:45:45,662 [INFO] Pass: FixedPoint - 0.00405 (ms)
2026-07-12 03:45:45,662 [INFO] Pass: Size - 0.00238 (ms)
2026-07-12 03:45:45,662 [INFO] Pass: FixedPoint - 0.00286 (ms)
2026-07-12 03:45:45,662 [INFO] Pass: ContainsInstruction - 0.00572 (ms)
2026-07-12 03:45:45,662 [INFO] Total Transpile Time - 89.97130 (ms)
2026-07-12 03:45:45,750 [INFO] Pass: ContainsInstruction - 0.00954 (ms)
2026-07-12 03:45:45,750 [INFO] Pass: UnitarySynthesis - 0.00620 (ms)
2026-07-12 03:45:45,751 [INFO] Pass: HighLevelSynthesis - 0.00739 (ms)
2026-07-12 03:45:45,751 [INFO] Pass: BasisTranslator - 0.05269 (ms)
2026-07-12 03:45:45,751 [INFO] Pass: ElidePermutations - 0.00334 (ms)
2026-07-12 03:45:45,751 [INFO] Pass: RemoveDiagonalGatesBeforeMeasure - 0.00620 (ms)
2026-07-12 03:45:45,751 [INFO] Pass: RemoveIdentityEquivalent - 0.00572 (ms)
2026-07-12 03:45:45,751 [INFO] Pass: InverseCancellation - 0.02146 (ms)
2026-07-12 03:45:45,751 [INFO] Pass: ContractIdleWiresInControlFlow - 0.00191 (ms)
2026-07-12 03:45:45,751 [INFO] Pass: CommutativeCancellation - 0.06318 (ms)
2026-07-12 03:45:45,751 [INFO] Pass: ConsolidateBlocks - 0.03839 (ms)
2026-07-12 03:45:45,751 [INFO] Pass: Split2QUnitaries - 0.00215 (ms)
2026-07-12 03:45:45,751 [INFO] Pass: UnitarySynthesis - 0.00525 (ms)
2026-07-12 03:45:45,751 [INFO] Pass: HighLevelSynthesis - 0.02480 (ms)
2026-07-12 03:45:45,751 [INFO] Pass: BasisTranslator - 0.06843 (ms)
2026-07-12 03:45:45,751 [INFO] Pass: ConsolidateBlocks - 0.04935 (ms)
2026-07-12 03:45:45,751 [INFO] Pass: UnitarySynthesis - 0.00501 (ms)
2026-07-12 03:45:45,751 [INFO] Pass: Depth - 0.02837 (ms)
2026-07-12 03:45:45,751 [INFO] Pass: FixedPoint - 0.00405 (ms)
2026-07-12 03:45:45,751 [INFO] Pass: Size - 0.00262 (ms)
2026-07-12 03:45:45,751 [INFO] Pass: FixedPoint - 0.00238 (ms)
2026-07-12 03:45:45,751 [INFO] Pass: RemoveIdentityEquivalent - 0.00501 (ms)
2026-07-12 03:45:45,752 [INFO] Pass: Optimize1qGatesDecomposition - 0.16809 (ms)
2026-07-12 03:45:45,752 [INFO] Pass: CommutativeCancellation - 0.07272 (ms)
2026-07-12 03:45:45,752 [INFO] Pass: ContractIdleWiresInControlFlow - 0.00215 (ms)
2026-07-12 03:45:45,752 [INFO] Pass: GatesInBasis - 0.01884 (ms)
2026-07-12 03:45:45,752 [INFO] Pass: Depth - 0.01931 (ms)
2026-07-12 03:45:45,752 [INFO] Pass: FixedPoint - 0.00358 (ms)
2026-07-12 03:45:45,752 [INFO] Pass: Size - 0.00191 (ms)
2026-07-12 03:45:45,752 [INFO] Pass: FixedPoint - 0.00286 (ms)
2026-07-12 03:45:45,752 [INFO] Pass: RemoveIdentityEquivalent - 0.00453 (ms)
2026-07-12 03:45:45,752 [INFO] Pass: Optimize1qGatesDecomposition - 0.13852 (ms)
2026-07-12 03:45:45,752 [INFO] Pass: CommutativeCancellation - 0.06723 (ms)
2026-07-12 03:45:45,752 [INFO] Pass: ContractIdleWiresInControlFlow - 0.00167 (ms)
2026-07-12 03:45:45,752 [INFO] Pass: GatesInBasis - 0.01788 (ms)
2026-07-12 03:45:45,752 [INFO] Pass: Depth - 0.01931 (ms)
2026-07-12 03:45:45,752 [INFO] Pass: FixedPoint - 0.00334 (ms)
2026-07-12 03:45:45,752 [INFO] Pass: Size - 0.00191 (ms)
2026-07-12 03:45:45,752 [INFO] Pass: FixedPoint - 0.00286 (ms)
2026-07-12 03:45:45,752 [INFO] Pass: ContainsInstruction - 0.00525 (ms)
2026-07-12 03:45:45,753 [INFO] Total Transpile Time - 90.14082 (ms)
2026-07-12 03:59:58,403 [INFO] [PCE] n=150 instancia 95/100 completada en 0:00:14:13 — transcurrido=1:06:43:00 restante_estimado=0:01:37:00
2026-07-12 03:59:58,666 [INFO] Pass: ContainsInstruction - 0.01097 (ms)
2026-07-12 03:59:58,666 [INFO] Pass: UnitarySynthesis - 0.00763 (ms)
2026-07-12 03:59:58,666 [INFO] Pass: HighLevelSynthesis - 0.00882 (ms)
2026-07-12 03:59:58,666 [INFO] Pass: BasisTranslator - 0.06056 (ms)
2026-07-12 03:59:58,666 [INFO] Pass: ElidePermutations - 0.00501 (ms)
2026-07-12 03:59:58,666 [INFO] Pass: RemoveDiagonalGatesBeforeMeasure - 0.00834 (ms)
2026-07-12 03:59:58,666 [INFO] Pass: RemoveIdentityEquivalent - 0.00381 (ms)
2026-07-12 03:59:58,666 [INFO] Pass: InverseCancellation - 0.00429 (ms)
2026-07-12 03:59:58,666 [INFO] Pass: ContractIdleWiresInControlFlow - 0.00191 (ms)
2026-07-12 03:59:58,666 [INFO] Pass: CommutativeCancellation - 0.06437 (ms)
2026-07-12 03:59:58,666 [INFO] Pass: ConsolidateBlocks - 0.04673 (ms)
2026-07-12 03:59:58,666 [INFO] Pass: Split2QUnitaries - 0.00358 (ms)
2026-07-12 03:59:58,666 [INFO] Pass: UnitarySynthesis - 0.00525 (ms)
2026-07-12 03:59:58,666 [INFO] Pass: HighLevelSynthesis - 0.02313 (ms)
2026-07-12 03:59:58,666 [INFO] Pass: BasisTranslator - 0.07796 (ms)
2026-07-12 03:59:58,666 [INFO] Pass: ConsolidateBlocks - 0.05198 (ms)
2026-07-12 03:59:58,666 [INFO] Pass: UnitarySynthesis - 0.00453 (ms)
2026-07-12 03:59:58,666 [INFO] Pass: Depth - 0.02337 (ms)
2026-07-12 03:59:58,666 [INFO] Pass: FixedPoint - 0.00501 (ms)
2026-07-12 03:59:58,666 [INFO] Pass: Size - 0.00310 (ms)
2026-07-12 03:59:58,666 [INFO] Pass: FixedPoint - 0.00310 (ms)
2026-07-12 03:59:58,667 [INFO] Pass: RemoveIdentityEquivalent - 0.00286 (ms)
2026-07-12 03:59:58,667 [INFO] Pass: Optimize1qGatesDecomposition - 0.03529 (ms)
2026-07-12 03:59:58,667 [INFO] Pass: CommutativeCancellation - 0.07820 (ms)
2026-07-12 03:59:58,667 [INFO] Pass: ContractIdleWiresInControlFlow - 0.00167 (ms)
2026-07-12 03:59:58,667 [INFO] Pass: GatesInBasis - 0.02003 (ms)
2026-07-12 03:59:58,667 [INFO] Pass: Depth - 0.01860 (ms)
2026-07-12 03:59:58,667 [INFO] Pass: FixedPoint - 0.00358 (ms)
2026-07-12 03:59:58,667 [INFO] Pass: Size - 0.00191 (ms)
2026-07-12 03:59:58,667 [INFO] Pass: FixedPoint - 0.00262 (ms)
2026-07-12 03:59:58,667 [INFO] Pass: ContainsInstruction - 0.00501 (ms)
2026-07-12 03:59:58,667 [INFO] Total Transpile Time - 92.69118 (ms)
2026-07-12 03:59:58,756 [INFO] Pass: ContainsInstruction - 0.00954 (ms)
2026-07-12 03:59:58,756 [INFO] Pass: UnitarySynthesis - 0.00620 (ms)
2026-07-12 03:59:58,756 [INFO] Pass: HighLevelSynthesis - 0.00739 (ms)
2026-07-12 03:59:58,756 [INFO] Pass: BasisTranslator - 0.05698 (ms)
2026-07-12 03:59:58,756 [INFO] Pass: ElidePermutations - 0.00358 (ms)
2026-07-12 03:59:58,756 [INFO] Pass: RemoveDiagonalGatesBeforeMeasure - 0.00715 (ms)
2026-07-12 03:59:58,756 [INFO] Pass: RemoveIdentityEquivalent - 0.00525 (ms)
2026-07-12 03:59:58,756 [INFO] Pass: InverseCancellation - 0.02170 (ms)
2026-07-12 03:59:58,756 [INFO] Pass: ContractIdleWiresInControlFlow - 0.00191 (ms)
2026-07-12 03:59:58,756 [INFO] Pass: CommutativeCancellation - 0.06437 (ms)
2026-07-12 03:59:58,757 [INFO] Pass: ConsolidateBlocks - 0.04435 (ms)
2026-07-12 03:59:58,757 [INFO] Pass: Split2QUnitaries - 0.00238 (ms)
2026-07-12 03:59:58,757 [INFO] Pass: UnitarySynthesis - 0.00477 (ms)
2026-07-12 03:59:58,757 [INFO] Pass: HighLevelSynthesis - 0.02384 (ms)
2026-07-12 03:59:58,757 [INFO] Pass: BasisTranslator - 0.06700 (ms)
2026-07-12 03:59:58,757 [INFO] Pass: ConsolidateBlocks - 0.05007 (ms)
2026-07-12 03:59:58,757 [INFO] Pass: UnitarySynthesis - 0.00429 (ms)
2026-07-12 03:59:58,757 [INFO] Pass: Depth - 0.02074 (ms)
2026-07-12 03:59:58,757 [INFO] Pass: FixedPoint - 0.00381 (ms)
2026-07-12 03:59:58,757 [INFO] Pass: Size - 0.00286 (ms)
2026-07-12 03:59:58,757 [INFO] Pass: FixedPoint - 0.00262 (ms)
2026-07-12 03:59:58,757 [INFO] Pass: RemoveIdentityEquivalent - 0.00381 (ms)
2026-07-12 03:59:58,757 [INFO] Pass: Optimize1qGatesDecomposition - 0.16141 (ms)
2026-07-12 03:59:58,757 [INFO] Pass: CommutativeCancellation - 0.08965 (ms)
2026-07-12 03:59:58,757 [INFO] Pass: ContractIdleWiresInControlFlow - 0.00215 (ms)
2026-07-12 03:59:58,757 [INFO] Pass: GatesInBasis - 0.01979 (ms)
2026-07-12 03:59:58,757 [INFO] Pass: Depth - 0.02003 (ms)
2026-07-12 03:59:58,757 [INFO] Pass: FixedPoint - 0.00358 (ms)
2026-07-12 03:59:58,757 [INFO] Pass: Size - 0.00238 (ms)
2026-07-12 03:59:58,758 [INFO] Pass: FixedPoint - 0.00286 (ms)
2026-07-12 03:59:58,758 [INFO] Pass: ContainsInstruction - 0.00501 (ms)
2026-07-12 03:59:58,758 [INFO] Total Transpile Time - 90.25836 (ms)
2026-07-12 03:59:58,847 [INFO] Pass: ContainsInstruction - 0.00930 (ms)
2026-07-12 03:59:58,847 [INFO] Pass: UnitarySynthesis - 0.00620 (ms)
2026-07-12 03:59:58,847 [INFO] Pass: HighLevelSynthesis - 0.00787 (ms)
2026-07-12 03:59:58,847 [INFO] Pass: BasisTranslator - 0.06127 (ms)
2026-07-12 03:59:58,847 [INFO] Pass: ElidePermutations - 0.00334 (ms)
2026-07-12 03:59:58,847 [INFO] Pass: RemoveDiagonalGatesBeforeMeasure - 0.00691 (ms)
2026-07-12 03:59:58,847 [INFO] Pass: RemoveIdentityEquivalent - 0.00548 (ms)
2026-07-12 03:59:58,847 [INFO] Pass: InverseCancellation - 0.02217 (ms)
2026-07-12 03:59:58,847 [INFO] Pass: ContractIdleWiresInControlFlow - 0.00215 (ms)
2026-07-12 03:59:58,848 [INFO] Pass: CommutativeCancellation - 0.06390 (ms)
2026-07-12 03:59:58,848 [INFO] Pass: ConsolidateBlocks - 0.04411 (ms)
2026-07-12 03:59:58,848 [INFO] Pass: Split2QUnitaries - 0.00238 (ms)
2026-07-12 03:59:58,848 [INFO] Pass: UnitarySynthesis - 0.00501 (ms)
2026-07-12 03:59:58,848 [INFO] Pass: HighLevelSynthesis - 0.02551 (ms)
2026-07-12 03:59:58,848 [INFO] Pass: BasisTranslator - 0.06652 (ms)
2026-07-12 03:59:58,848 [INFO] Pass: ConsolidateBlocks - 0.05126 (ms)
2026-07-12 03:59:58,848 [INFO] Pass: UnitarySynthesis - 0.00453 (ms)
2026-07-12 03:59:58,848 [INFO] Pass: Depth - 0.02122 (ms)
2026-07-12 03:59:58,848 [INFO] Pass: FixedPoint - 0.00405 (ms)
2026-07-12 03:59:58,848 [INFO] Pass: Size - 0.00286 (ms)
2026-07-12 03:59:58,848 [INFO] Pass: FixedPoint - 0.00262 (ms)
2026-07-12 03:59:58,848 [INFO] Pass: RemoveIdentityEquivalent - 0.00548 (ms)
2026-07-12 03:59:58,848 [INFO] Pass: Optimize1qGatesDecomposition - 0.17309 (ms)
2026-07-12 03:59:58,848 [INFO] Pass: CommutativeCancellation - 0.07844 (ms)
2026-07-12 03:59:58,848 [INFO] Pass: ContractIdleWiresInControlFlow - 0.00215 (ms)
2026-07-12 03:59:58,848 [INFO] Pass: GatesInBasis - 0.01979 (ms)
2026-07-12 03:59:58,849 [INFO] Pass: Depth - 0.02098 (ms)
2026-07-12 03:59:58,849 [INFO] Pass: FixedPoint - 0.00358 (ms)
2026-07-12 03:59:58,849 [INFO] Pass: Size - 0.00191 (ms)
2026-07-12 03:59:58,849 [INFO] Pass: FixedPoint - 0.00286 (ms)
2026-07-12 03:59:58,849 [INFO] Pass: RemoveIdentityEquivalent - 0.00477 (ms)
2026-07-12 03:59:58,849 [INFO] Pass: Optimize1qGatesDecomposition - 0.14257 (ms)
2026-07-12 03:59:58,849 [INFO] Pass: CommutativeCancellation - 0.06962 (ms)
2026-07-12 03:59:58,849 [INFO] Pass: ContractIdleWiresInControlFlow - 0.00191 (ms)
2026-07-12 03:59:58,849 [INFO] Pass: GatesInBasis - 0.01812 (ms)
2026-07-12 03:59:58,849 [INFO] Pass: Depth - 0.01931 (ms)
2026-07-12 03:59:58,849 [INFO] Pass: FixedPoint - 0.00310 (ms)
2026-07-12 03:59:58,849 [INFO] Pass: Size - 0.00191 (ms)
2026-07-12 03:59:58,849 [INFO] Pass: FixedPoint - 0.00238 (ms)
2026-07-12 03:59:58,849 [INFO] Pass: ContainsInstruction - 0.00501 (ms)
2026-07-12 03:59:58,849 [INFO] Total Transpile Time - 91.22753 (ms)
2026-07-12 04:17:17,478 [INFO] [PCE] n=150 instancia 96/100 completada en 0:00:17:19 — transcurrido=1:07:00:19 restante_estimado=0:01:17:31
2026-07-12 04:17:17,585 [INFO] Pass: ContainsInstruction - 0.01121 (ms)
2026-07-12 04:17:17,585 [INFO] Pass: UnitarySynthesis - 0.00691 (ms)
2026-07-12 04:17:17,585 [INFO] Pass: HighLevelSynthesis - 0.00978 (ms)
2026-07-12 04:17:17,585 [INFO] Pass: BasisTranslator - 0.06151 (ms)
2026-07-12 04:17:17,585 [INFO] Pass: ElidePermutations - 0.00525 (ms)
2026-07-12 04:17:17,585 [INFO] Pass: RemoveDiagonalGatesBeforeMeasure - 0.01431 (ms)
2026-07-12 04:17:17,585 [INFO] Pass: RemoveIdentityEquivalent - 0.00358 (ms)
2026-07-12 04:17:17,585 [INFO] Pass: InverseCancellation - 0.00477 (ms)
2026-07-12 04:17:17,585 [INFO] Pass: ContractIdleWiresInControlFlow - 0.00191 (ms)
2026-07-12 04:17:17,585 [INFO] Pass: CommutativeCancellation - 0.05841 (ms)
2026-07-12 04:17:17,585 [INFO] Pass: ConsolidateBlocks - 0.04172 (ms)
2026-07-12 04:17:17,586 [INFO] Pass: Split2QUnitaries - 0.00310 (ms)
2026-07-12 04:17:17,586 [INFO] Pass: UnitarySynthesis - 0.00525 (ms)
2026-07-12 04:17:17,586 [INFO] Pass: HighLevelSynthesis - 0.02337 (ms)
2026-07-12 04:17:17,586 [INFO] Pass: BasisTranslator - 0.07010 (ms)
2026-07-12 04:17:17,586 [INFO] Pass: ConsolidateBlocks - 0.04935 (ms)
2026-07-12 04:17:17,586 [INFO] Pass: UnitarySynthesis - 0.00429 (ms)
2026-07-12 04:17:17,586 [INFO] Pass: Depth - 0.02146 (ms)
2026-07-12 04:17:17,586 [INFO] Pass: FixedPoint - 0.00501 (ms)
2026-07-12 04:17:17,586 [INFO] Pass: Size - 0.00358 (ms)
2026-07-12 04:17:17,586 [INFO] Pass: FixedPoint - 0.00286 (ms)
2026-07-12 04:17:17,586 [INFO] Pass: RemoveIdentityEquivalent - 0.00334 (ms)
2026-07-12 04:17:17,586 [INFO] Pass: Optimize1qGatesDecomposition - 0.03505 (ms)
2026-07-12 04:17:17,586 [INFO] Pass: CommutativeCancellation - 0.07558 (ms)
2026-07-12 04:17:17,586 [INFO] Pass: ContractIdleWiresInControlFlow - 0.00191 (ms)
2026-07-12 04:17:17,586 [INFO] Pass: GatesInBasis - 0.01955 (ms)
2026-07-12 04:17:17,586 [INFO] Pass: Depth - 0.01907 (ms)
2026-07-12 04:17:17,586 [INFO] Pass: FixedPoint - 0.00334 (ms)
2026-07-12 04:17:17,586 [INFO] Pass: Size - 0.00215 (ms)
2026-07-12 04:17:17,586 [INFO] Pass: FixedPoint - 0.00286 (ms)
2026-07-12 04:17:17,586 [INFO] Pass: ContainsInstruction - 0.00453 (ms)
2026-07-12 04:17:17,587 [INFO] Total Transpile Time - 91.50052 (ms)
2026-07-12 04:17:17,675 [INFO] Pass: ContainsInstruction - 0.00906 (ms)
2026-07-12 04:17:17,675 [INFO] Pass: UnitarySynthesis - 0.00572 (ms)
2026-07-12 04:17:17,675 [INFO] Pass: HighLevelSynthesis - 0.00763 (ms)
2026-07-12 04:17:17,675 [INFO] Pass: BasisTranslator - 0.05746 (ms)
2026-07-12 04:17:17,675 [INFO] Pass: ElidePermutations - 0.00381 (ms)
2026-07-12 04:17:17,675 [INFO] Pass: RemoveDiagonalGatesBeforeMeasure - 0.00668 (ms)
2026-07-12 04:17:17,675 [INFO] Pass: RemoveIdentityEquivalent - 0.00501 (ms)
2026-07-12 04:17:17,675 [INFO] Pass: InverseCancellation - 0.02027 (ms)
2026-07-12 04:17:17,675 [INFO] Pass: ContractIdleWiresInControlFlow - 0.00167 (ms)
2026-07-12 04:17:17,675 [INFO] Pass: CommutativeCancellation - 0.06628 (ms)
2026-07-12 04:17:17,675 [INFO] Pass: ConsolidateBlocks - 0.04005 (ms)
2026-07-12 04:17:17,675 [INFO] Pass: Split2QUnitaries - 0.00286 (ms)
2026-07-12 04:17:17,675 [INFO] Pass: UnitarySynthesis - 0.00501 (ms)
2026-07-12 04:17:17,675 [INFO] Pass: HighLevelSynthesis - 0.02337 (ms)
2026-07-12 04:17:17,675 [INFO] Pass: BasisTranslator - 0.06819 (ms)
2026-07-12 04:17:17,675 [INFO] Pass: ConsolidateBlocks - 0.04959 (ms)
2026-07-12 04:17:17,676 [INFO] Pass: UnitarySynthesis - 0.00405 (ms)
2026-07-12 04:17:17,676 [INFO] Pass: Depth - 0.02074 (ms)
2026-07-12 04:17:17,676 [INFO] Pass: FixedPoint - 0.00405 (ms)
2026-07-12 04:17:17,676 [INFO] Pass: Size - 0.00286 (ms)
2026-07-12 04:17:17,676 [INFO] Pass: FixedPoint - 0.00262 (ms)
2026-07-12 04:17:17,676 [INFO] Pass: RemoveIdentityEquivalent - 0.00381 (ms)
2026-07-12 04:17:17,676 [INFO] Pass: Optimize1qGatesDecomposition - 0.15140 (ms)
2026-07-12 04:17:17,676 [INFO] Pass: CommutativeCancellation - 0.08440 (ms)
2026-07-12 04:17:17,676 [INFO] Pass: ContractIdleWiresInControlFlow - 0.00191 (ms)
2026-07-12 04:17:17,676 [INFO] Pass: GatesInBasis - 0.01979 (ms)
2026-07-12 04:17:17,676 [INFO] Pass: Depth - 0.01955 (ms)
2026-07-12 04:17:17,676 [INFO] Pass: FixedPoint - 0.00358 (ms)
2026-07-12 04:17:17,676 [INFO] Pass: Size - 0.00191 (ms)
2026-07-12 04:17:17,676 [INFO] Pass: FixedPoint - 0.00286 (ms)
2026-07-12 04:17:17,676 [INFO] Pass: ContainsInstruction - 0.00525 (ms)
2026-07-12 04:17:17,676 [INFO] Total Transpile Time - 89.45870 (ms)
2026-07-12 04:17:17,765 [INFO] Pass: ContainsInstruction - 0.00978 (ms)
2026-07-12 04:17:17,765 [INFO] Pass: UnitarySynthesis - 0.00644 (ms)
2026-07-12 04:17:17,765 [INFO] Pass: HighLevelSynthesis - 0.00763 (ms)
2026-07-12 04:17:17,765 [INFO] Pass: BasisTranslator - 0.05341 (ms)
2026-07-12 04:17:17,765 [INFO] Pass: ElidePermutations - 0.00334 (ms)
2026-07-12 04:17:17,765 [INFO] Pass: RemoveDiagonalGatesBeforeMeasure - 0.00644 (ms)
2026-07-12 04:17:17,765 [INFO] Pass: RemoveIdentityEquivalent - 0.00572 (ms)
2026-07-12 04:17:17,765 [INFO] Pass: InverseCancellation - 0.02217 (ms)
2026-07-12 04:17:17,765 [INFO] Pass: ContractIdleWiresInControlFlow - 0.00215 (ms)
2026-07-12 04:17:17,765 [INFO] Pass: CommutativeCancellation - 0.06270 (ms)
2026-07-12 04:17:17,765 [INFO] Pass: ConsolidateBlocks - 0.03791 (ms)
2026-07-12 04:17:17,765 [INFO] Pass: Split2QUnitaries - 0.00262 (ms)
2026-07-12 04:17:17,765 [INFO] Pass: UnitarySynthesis - 0.00525 (ms)
2026-07-12 04:17:17,765 [INFO] Pass: HighLevelSynthesis - 0.02432 (ms)
2026-07-12 04:17:17,765 [INFO] Pass: BasisTranslator - 0.07010 (ms)
2026-07-12 04:17:17,766 [INFO] Pass: ConsolidateBlocks - 0.05174 (ms)
2026-07-12 04:17:17,766 [INFO] Pass: UnitarySynthesis - 0.00501 (ms)
2026-07-12 04:17:17,766 [INFO] Pass: Depth - 0.02265 (ms)
2026-07-12 04:17:17,766 [INFO] Pass: FixedPoint - 0.00405 (ms)
2026-07-12 04:17:17,766 [INFO] Pass: Size - 0.00262 (ms)
2026-07-12 04:17:17,766 [INFO] Pass: FixedPoint - 0.00286 (ms)
2026-07-12 04:17:17,766 [INFO] Pass: RemoveIdentityEquivalent - 0.00501 (ms)
2026-07-12 04:17:17,766 [INFO] Pass: Optimize1qGatesDecomposition - 0.16594 (ms)
2026-07-12 04:17:17,766 [INFO] Pass: CommutativeCancellation - 0.07486 (ms)
2026-07-12 04:17:17,766 [INFO] Pass: ContractIdleWiresInControlFlow - 0.00167 (ms)
2026-07-12 04:17:17,766 [INFO] Pass: GatesInBasis - 0.01860 (ms)
2026-07-12 04:17:17,766 [INFO] Pass: Depth - 0.02241 (ms)
2026-07-12 04:17:17,766 [INFO] Pass: FixedPoint - 0.00358 (ms)
2026-07-12 04:17:17,766 [INFO] Pass: Size - 0.00215 (ms)
2026-07-12 04:17:17,766 [INFO] Pass: FixedPoint - 0.00286 (ms)
2026-07-12 04:17:17,766 [INFO] Pass: RemoveIdentityEquivalent - 0.00501 (ms)
2026-07-12 04:17:17,766 [INFO] Pass: Optimize1qGatesDecomposition - 0.14830 (ms)
2026-07-12 04:17:17,766 [INFO] Pass: CommutativeCancellation - 0.06890 (ms)
2026-07-12 04:17:17,767 [INFO] Pass: ContractIdleWiresInControlFlow - 0.00167 (ms)
2026-07-12 04:17:17,767 [INFO] Pass: GatesInBasis - 0.01812 (ms)
2026-07-12 04:17:17,767 [INFO] Pass: Depth - 0.02027 (ms)
2026-07-12 04:17:17,767 [INFO] Pass: FixedPoint - 0.00334 (ms)
2026-07-12 04:17:17,767 [INFO] Pass: Size - 0.00191 (ms)
2026-07-12 04:17:17,767 [INFO] Pass: FixedPoint - 0.00238 (ms)
2026-07-12 04:17:17,767 [INFO] Pass: ContainsInstruction - 0.00596 (ms)
2026-07-12 04:17:17,767 [INFO] Total Transpile Time - 90.17992 (ms)
2026-07-12 04:31:00,566 [INFO] [PCE] n=150 instancia 97/100 completada en 0:00:13:43 — transcurrido=1:07:14:02 restante_estimado=0:00:57:58
2026-07-12 04:31:00,691 [INFO] Pass: ContainsInstruction - 0.01168 (ms)
2026-07-12 04:31:00,691 [INFO] Pass: UnitarySynthesis - 0.00739 (ms)
2026-07-12 04:31:00,691 [INFO] Pass: HighLevelSynthesis - 0.00930 (ms)
2026-07-12 04:31:00,691 [INFO] Pass: BasisTranslator - 0.05651 (ms)
2026-07-12 04:31:00,691 [INFO] Pass: ElidePermutations - 0.00525 (ms)
2026-07-12 04:31:00,691 [INFO] Pass: RemoveDiagonalGatesBeforeMeasure - 0.00858 (ms)
2026-07-12 04:31:00,691 [INFO] Pass: RemoveIdentityEquivalent - 0.00334 (ms)
2026-07-12 04:31:00,691 [INFO] Pass: InverseCancellation - 0.00477 (ms)
2026-07-12 04:31:00,691 [INFO] Pass: ContractIdleWiresInControlFlow - 0.00191 (ms)
2026-07-12 04:31:00,691 [INFO] Pass: CommutativeCancellation - 0.05698 (ms)
2026-07-12 04:31:00,691 [INFO] Pass: ConsolidateBlocks - 0.04220 (ms)
2026-07-12 04:31:00,691 [INFO] Pass: Split2QUnitaries - 0.00358 (ms)
2026-07-12 04:31:00,691 [INFO] Pass: UnitarySynthesis - 0.00477 (ms)
2026-07-12 04:31:00,691 [INFO] Pass: HighLevelSynthesis - 0.02289 (ms)
2026-07-12 04:31:00,691 [INFO] Pass: BasisTranslator - 0.06557 (ms)
2026-07-12 04:31:00,691 [INFO] Pass: ConsolidateBlocks - 0.04816 (ms)
2026-07-12 04:31:00,691 [INFO] Pass: UnitarySynthesis - 0.00453 (ms)
2026-07-12 04:31:00,691 [INFO] Pass: Depth - 0.02074 (ms)
2026-07-12 04:31:00,692 [INFO] Pass: FixedPoint - 0.00501 (ms)
2026-07-12 04:31:00,692 [INFO] Pass: Size - 0.00429 (ms)
2026-07-12 04:31:00,692 [INFO] Pass: FixedPoint - 0.00286 (ms)
2026-07-12 04:31:00,692 [INFO] Pass: RemoveIdentityEquivalent - 0.00262 (ms)
2026-07-12 04:31:00,692 [INFO] Pass: Optimize1qGatesDecomposition - 0.03242 (ms)
2026-07-12 04:31:00,692 [INFO] Pass: CommutativeCancellation - 0.07129 (ms)
2026-07-12 04:31:00,692 [INFO] Pass: ContractIdleWiresInControlFlow - 0.00191 (ms)
2026-07-12 04:31:00,692 [INFO] Pass: GatesInBasis - 0.01931 (ms)
2026-07-12 04:31:00,692 [INFO] Pass: Depth - 0.01693 (ms)
2026-07-12 04:31:00,692 [INFO] Pass: FixedPoint - 0.00286 (ms)
2026-07-12 04:31:00,692 [INFO] Pass: Size - 0.00215 (ms)
2026-07-12 04:31:00,692 [INFO] Pass: FixedPoint - 0.00238 (ms)
2026-07-12 04:31:00,692 [INFO] Pass: ContainsInstruction - 0.00525 (ms)
2026-07-12 04:31:00,692 [INFO] Total Transpile Time - 88.97543 (ms)
2026-07-12 04:31:00,778 [INFO] Pass: ContainsInstruction - 0.00954 (ms)
2026-07-12 04:31:00,778 [INFO] Pass: UnitarySynthesis - 0.00620 (ms)
2026-07-12 04:31:00,778 [INFO] Pass: HighLevelSynthesis - 0.00715 (ms)
2026-07-12 04:31:00,778 [INFO] Pass: BasisTranslator - 0.05293 (ms)
2026-07-12 04:31:00,778 [INFO] Pass: ElidePermutations - 0.00334 (ms)
2026-07-12 04:31:00,778 [INFO] Pass: RemoveDiagonalGatesBeforeMeasure - 0.00691 (ms)
2026-07-12 04:31:00,778 [INFO] Pass: RemoveIdentityEquivalent - 0.00453 (ms)
2026-07-12 04:31:00,778 [INFO] Pass: InverseCancellation - 0.02146 (ms)
2026-07-12 04:31:00,778 [INFO] Pass: ContractIdleWiresInControlFlow - 0.00215 (ms)
2026-07-12 04:31:00,778 [INFO] Pass: CommutativeCancellation - 0.06247 (ms)
2026-07-12 04:31:00,778 [INFO] Pass: ConsolidateBlocks - 0.03886 (ms)
2026-07-12 04:31:00,778 [INFO] Pass: Split2QUnitaries - 0.00238 (ms)
2026-07-12 04:31:00,778 [INFO] Pass: UnitarySynthesis - 0.00501 (ms)
2026-07-12 04:31:00,778 [INFO] Pass: HighLevelSynthesis - 0.02337 (ms)
2026-07-12 04:31:00,779 [INFO] Pass: BasisTranslator - 0.06723 (ms)
2026-07-12 04:31:00,779 [INFO] Pass: ConsolidateBlocks - 0.04768 (ms)
2026-07-12 04:31:00,779 [INFO] Pass: UnitarySynthesis - 0.00429 (ms)
2026-07-12 04:31:00,779 [INFO] Pass: Depth - 0.01907 (ms)
2026-07-12 04:31:00,779 [INFO] Pass: FixedPoint - 0.00477 (ms)
2026-07-12 04:31:00,779 [INFO] Pass: Size - 0.00310 (ms)
2026-07-12 04:31:00,779 [INFO] Pass: FixedPoint - 0.00286 (ms)
2026-07-12 04:31:00,779 [INFO] Pass: RemoveIdentityEquivalent - 0.00429 (ms)
2026-07-12 04:31:00,779 [INFO] Pass: Optimize1qGatesDecomposition - 0.14687 (ms)
2026-07-12 04:31:00,779 [INFO] Pass: CommutativeCancellation - 0.07963 (ms)
2026-07-12 04:31:00,779 [INFO] Pass: ContractIdleWiresInControlFlow - 0.00191 (ms)
2026-07-12 04:31:00,779 [INFO] Pass: GatesInBasis - 0.01955 (ms)
2026-07-12 04:31:00,779 [INFO] Pass: Depth - 0.01788 (ms)
2026-07-12 04:31:00,779 [INFO] Pass: FixedPoint - 0.00381 (ms)
2026-07-12 04:31:00,779 [INFO] Pass: Size - 0.00191 (ms)
2026-07-12 04:31:00,779 [INFO] Pass: FixedPoint - 0.00310 (ms)
2026-07-12 04:31:00,779 [INFO] Pass: ContainsInstruction - 0.00525 (ms)
2026-07-12 04:31:00,779 [INFO] Total Transpile Time - 86.92360 (ms)
2026-07-12 04:31:00,865 [INFO] Pass: ContainsInstruction - 0.00954 (ms)
2026-07-12 04:31:00,865 [INFO] Pass: UnitarySynthesis - 0.00620 (ms)
2026-07-12 04:31:00,865 [INFO] Pass: HighLevelSynthesis - 0.00691 (ms)
2026-07-12 04:31:00,866 [INFO] Pass: BasisTranslator - 0.05031 (ms)
2026-07-12 04:31:00,866 [INFO] Pass: ElidePermutations - 0.00334 (ms)
2026-07-12 04:31:00,866 [INFO] Pass: RemoveDiagonalGatesBeforeMeasure - 0.00644 (ms)
2026-07-12 04:31:00,866 [INFO] Pass: RemoveIdentityEquivalent - 0.00525 (ms)
2026-07-12 04:31:00,866 [INFO] Pass: InverseCancellation - 0.02098 (ms)
2026-07-12 04:31:00,866 [INFO] Pass: ContractIdleWiresInControlFlow - 0.00167 (ms)
2026-07-12 04:31:00,866 [INFO] Pass: CommutativeCancellation - 0.05960 (ms)
2026-07-12 04:31:00,866 [INFO] Pass: ConsolidateBlocks - 0.03767 (ms)
2026-07-12 04:31:00,866 [INFO] Pass: Split2QUnitaries - 0.00215 (ms)
2026-07-12 04:31:00,866 [INFO] Pass: UnitarySynthesis - 0.00525 (ms)
2026-07-12 04:31:00,866 [INFO] Pass: HighLevelSynthesis - 0.02408 (ms)
2026-07-12 04:31:00,866 [INFO] Pass: BasisTranslator - 0.06485 (ms)
2026-07-12 04:31:00,866 [INFO] Pass: ConsolidateBlocks - 0.04697 (ms)
2026-07-12 04:31:00,866 [INFO] Pass: UnitarySynthesis - 0.00453 (ms)
2026-07-12 04:31:00,866 [INFO] Pass: Depth - 0.01979 (ms)
2026-07-12 04:31:00,866 [INFO] Pass: FixedPoint - 0.00429 (ms)
2026-07-12 04:31:00,866 [INFO] Pass: Size - 0.00262 (ms)
2026-07-12 04:31:00,866 [INFO] Pass: FixedPoint - 0.00262 (ms)
2026-07-12 04:31:00,866 [INFO] Pass: RemoveIdentityEquivalent - 0.00453 (ms)
2026-07-12 04:31:00,866 [INFO] Pass: Optimize1qGatesDecomposition - 0.16260 (ms)
2026-07-12 04:31:00,867 [INFO] Pass: CommutativeCancellation - 0.07129 (ms)
2026-07-12 04:31:00,867 [INFO] Pass: ContractIdleWiresInControlFlow - 0.00191 (ms)
2026-07-12 04:31:00,867 [INFO] Pass: GatesInBasis - 0.01884 (ms)
2026-07-12 04:31:00,867 [INFO] Pass: Depth - 0.01860 (ms)
2026-07-12 04:31:00,867 [INFO] Pass: FixedPoint - 0.00358 (ms)
2026-07-12 04:31:00,867 [INFO] Pass: Size - 0.00215 (ms)
2026-07-12 04:31:00,867 [INFO] Pass: FixedPoint - 0.00310 (ms)
2026-07-12 04:31:00,867 [INFO] Pass: RemoveIdentityEquivalent - 0.00429 (ms)
2026-07-12 04:31:00,867 [INFO] Pass: Optimize1qGatesDecomposition - 0.13542 (ms)
2026-07-12 04:31:00,867 [INFO] Pass: CommutativeCancellation - 0.06437 (ms)
2026-07-12 04:31:00,867 [INFO] Pass: ContractIdleWiresInControlFlow - 0.00167 (ms)
2026-07-12 04:31:00,867 [INFO] Pass: GatesInBasis - 0.01764 (ms)
2026-07-12 04:31:00,867 [INFO] Pass: Depth - 0.01645 (ms)
2026-07-12 04:31:00,867 [INFO] Pass: FixedPoint - 0.00334 (ms)
2026-07-12 04:31:00,867 [INFO] Pass: Size - 0.00191 (ms)
2026-07-12 04:31:00,867 [INFO] Pass: FixedPoint - 0.00262 (ms)
2026-07-12 04:31:00,867 [INFO] Pass: ContainsInstruction - 0.00525 (ms)
2026-07-12 04:31:00,867 [INFO] Total Transpile Time - 87.66365 (ms)
2026-07-12 04:45:16,274 [INFO] [PCE] n=150 instancia 98/100 completada en 0:00:14:16 — transcurrido=1:07:28:18 restante_estimado=0:00:38:32
2026-07-12 04:45:16,381 [INFO] Pass: ContainsInstruction - 0.01073 (ms)
2026-07-12 04:45:16,381 [INFO] Pass: UnitarySynthesis - 0.00715 (ms)
2026-07-12 04:45:16,381 [INFO] Pass: HighLevelSynthesis - 0.00858 (ms)
2026-07-12 04:45:16,381 [INFO] Pass: BasisTranslator - 0.06032 (ms)
2026-07-12 04:45:16,381 [INFO] Pass: ElidePermutations - 0.00429 (ms)
2026-07-12 04:45:16,381 [INFO] Pass: RemoveDiagonalGatesBeforeMeasure - 0.00858 (ms)
2026-07-12 04:45:16,381 [INFO] Pass: RemoveIdentityEquivalent - 0.00358 (ms)
2026-07-12 04:45:16,381 [INFO] Pass: InverseCancellation - 0.00501 (ms)
2026-07-12 04:45:16,381 [INFO] Pass: ContractIdleWiresInControlFlow - 0.00215 (ms)
2026-07-12 04:45:16,381 [INFO] Pass: CommutativeCancellation - 0.05794 (ms)
2026-07-12 04:45:16,381 [INFO] Pass: ConsolidateBlocks - 0.04292 (ms)
2026-07-12 04:45:16,381 [INFO] Pass: Split2QUnitaries - 0.00334 (ms)
2026-07-12 04:45:16,381 [INFO] Pass: UnitarySynthesis - 0.00501 (ms)
2026-07-12 04:45:16,381 [INFO] Pass: HighLevelSynthesis - 0.02289 (ms)
2026-07-12 04:45:16,381 [INFO] Pass: BasisTranslator - 0.07582 (ms)
2026-07-12 04:45:16,381 [INFO] Pass: ConsolidateBlocks - 0.05221 (ms)
2026-07-12 04:45:16,381 [INFO] Pass: UnitarySynthesis - 0.00453 (ms)
2026-07-12 04:45:16,381 [INFO] Pass: Depth - 0.02337 (ms)
2026-07-12 04:45:16,381 [INFO] Pass: FixedPoint - 0.00477 (ms)
2026-07-12 04:45:16,382 [INFO] Pass: Size - 0.00286 (ms)
2026-07-12 04:45:16,382 [INFO] Pass: FixedPoint - 0.00262 (ms)
2026-07-12 04:45:16,382 [INFO] Pass: RemoveIdentityEquivalent - 0.00262 (ms)
2026-07-12 04:45:16,382 [INFO] Pass: Optimize1qGatesDecomposition - 0.03290 (ms)
2026-07-12 04:45:16,382 [INFO] Pass: CommutativeCancellation - 0.07224 (ms)
2026-07-12 04:45:16,382 [INFO] Pass: ContractIdleWiresInControlFlow - 0.00215 (ms)
2026-07-12 04:45:16,382 [INFO] Pass: GatesInBasis - 0.01955 (ms)
2026-07-12 04:45:16,382 [INFO] Pass: Depth - 0.01788 (ms)
2026-07-12 04:45:16,382 [INFO] Pass: FixedPoint - 0.00334 (ms)
2026-07-12 04:45:16,382 [INFO] Pass: Size - 0.00215 (ms)
2026-07-12 04:45:16,382 [INFO] Pass: FixedPoint - 0.00286 (ms)
2026-07-12 04:45:16,382 [INFO] Pass: ContainsInstruction - 0.00548 (ms)
2026-07-12 04:45:16,382 [INFO] Total Transpile Time - 91.30049 (ms)
2026-07-12 04:45:16,470 [INFO] Pass: ContainsInstruction - 0.01049 (ms)
2026-07-12 04:45:16,470 [INFO] Pass: UnitarySynthesis - 0.00572 (ms)
2026-07-12 04:45:16,471 [INFO] Pass: HighLevelSynthesis - 0.00739 (ms)
2026-07-12 04:45:16,471 [INFO] Pass: BasisTranslator - 0.05484 (ms)
2026-07-12 04:45:16,471 [INFO] Pass: ElidePermutations - 0.00381 (ms)
2026-07-12 04:45:16,471 [INFO] Pass: RemoveDiagonalGatesBeforeMeasure - 0.00691 (ms)
2026-07-12 04:45:16,471 [INFO] Pass: RemoveIdentityEquivalent - 0.00477 (ms)
2026-07-12 04:45:16,471 [INFO] Pass: InverseCancellation - 0.02217 (ms)
2026-07-12 04:45:16,471 [INFO] Pass: ContractIdleWiresInControlFlow - 0.00215 (ms)
2026-07-12 04:45:16,471 [INFO] Pass: CommutativeCancellation - 0.06461 (ms)
2026-07-12 04:45:16,471 [INFO] Pass: ConsolidateBlocks - 0.03958 (ms)
2026-07-12 04:45:16,471 [INFO] Pass: Split2QUnitaries - 0.00262 (ms)
2026-07-12 04:45:16,471 [INFO] Pass: UnitarySynthesis - 0.00501 (ms)
2026-07-12 04:45:16,471 [INFO] Pass: HighLevelSynthesis - 0.02527 (ms)
2026-07-12 04:45:16,471 [INFO] Pass: BasisTranslator - 0.06676 (ms)
2026-07-12 04:45:16,471 [INFO] Pass: ConsolidateBlocks - 0.04983 (ms)
2026-07-12 04:45:16,471 [INFO] Pass: UnitarySynthesis - 0.00477 (ms)
2026-07-12 04:45:16,471 [INFO] Pass: Depth - 0.02050 (ms)
2026-07-12 04:45:16,471 [INFO] Pass: FixedPoint - 0.00405 (ms)
2026-07-12 04:45:16,471 [INFO] Pass: Size - 0.00262 (ms)
2026-07-12 04:45:16,471 [INFO] Pass: FixedPoint - 0.00286 (ms)
2026-07-12 04:45:16,471 [INFO] Pass: RemoveIdentityEquivalent - 0.00429 (ms)
2026-07-12 04:45:16,472 [INFO] Pass: Optimize1qGatesDecomposition - 0.14997 (ms)
2026-07-12 04:45:16,472 [INFO] Pass: CommutativeCancellation - 0.07987 (ms)
2026-07-12 04:45:16,472 [INFO] Pass: ContractIdleWiresInControlFlow - 0.00215 (ms)
2026-07-12 04:45:16,472 [INFO] Pass: GatesInBasis - 0.01931 (ms)
2026-07-12 04:45:16,472 [INFO] Pass: Depth - 0.01907 (ms)
2026-07-12 04:45:16,472 [INFO] Pass: FixedPoint - 0.00358 (ms)
2026-07-12 04:45:16,472 [INFO] Pass: Size - 0.00215 (ms)
2026-07-12 04:45:16,472 [INFO] Pass: FixedPoint - 0.00286 (ms)
2026-07-12 04:45:16,472 [INFO] Pass: ContainsInstruction - 0.00453 (ms)
2026-07-12 04:45:16,472 [INFO] Total Transpile Time - 89.55550 (ms)
2026-07-12 04:45:16,560 [INFO] Pass: ContainsInstruction - 0.00906 (ms)
2026-07-12 04:45:16,560 [INFO] Pass: UnitarySynthesis - 0.00596 (ms)
2026-07-12 04:45:16,560 [INFO] Pass: HighLevelSynthesis - 0.00715 (ms)
2026-07-12 04:45:16,560 [INFO] Pass: BasisTranslator - 0.05388 (ms)
2026-07-12 04:45:16,560 [INFO] Pass: ElidePermutations - 0.00310 (ms)
2026-07-12 04:45:16,560 [INFO] Pass: RemoveDiagonalGatesBeforeMeasure - 0.00644 (ms)
2026-07-12 04:45:16,560 [INFO] Pass: RemoveIdentityEquivalent - 0.00548 (ms)
2026-07-12 04:45:16,560 [INFO] Pass: InverseCancellation - 0.02241 (ms)
2026-07-12 04:45:16,560 [INFO] Pass: ContractIdleWiresInControlFlow - 0.00191 (ms)
2026-07-12 04:45:16,560 [INFO] Pass: CommutativeCancellation - 0.06986 (ms)
2026-07-12 04:45:16,560 [INFO] Pass: ConsolidateBlocks - 0.03934 (ms)
2026-07-12 04:45:16,560 [INFO] Pass: Split2QUnitaries - 0.00215 (ms)
2026-07-12 04:45:16,560 [INFO] Pass: UnitarySynthesis - 0.00525 (ms)
2026-07-12 04:45:16,560 [INFO] Pass: HighLevelSynthesis - 0.02456 (ms)
2026-07-12 04:45:16,561 [INFO] Pass: BasisTranslator - 0.06866 (ms)
2026-07-12 04:45:16,561 [INFO] Pass: ConsolidateBlocks - 0.05007 (ms)
2026-07-12 04:45:16,561 [INFO] Pass: UnitarySynthesis - 0.00525 (ms)
2026-07-12 04:45:16,561 [INFO] Pass: Depth - 0.02074 (ms)
2026-07-12 04:45:16,561 [INFO] Pass: FixedPoint - 0.00405 (ms)
2026-07-12 04:45:16,561 [INFO] Pass: Size - 0.00262 (ms)
2026-07-12 04:45:16,561 [INFO] Pass: FixedPoint - 0.00262 (ms)
2026-07-12 04:45:16,561 [INFO] Pass: RemoveIdentityEquivalent - 0.00477 (ms)
2026-07-12 04:45:16,561 [INFO] Pass: Optimize1qGatesDecomposition - 0.15974 (ms)
2026-07-12 04:45:16,561 [INFO] Pass: CommutativeCancellation - 0.07463 (ms)
2026-07-12 04:45:16,561 [INFO] Pass: ContractIdleWiresInControlFlow - 0.00215 (ms)
2026-07-12 04:45:16,561 [INFO] Pass: GatesInBasis - 0.01860 (ms)
2026-07-12 04:45:16,561 [INFO] Pass: Depth - 0.01931 (ms)
2026-07-12 04:45:16,561 [INFO] Pass: FixedPoint - 0.00358 (ms)
2026-07-12 04:45:16,561 [INFO] Pass: Size - 0.00215 (ms)
2026-07-12 04:45:16,561 [INFO] Pass: FixedPoint - 0.00310 (ms)
2026-07-12 04:45:16,561 [INFO] Pass: RemoveIdentityEquivalent - 0.00453 (ms)
2026-07-12 04:45:16,561 [INFO] Pass: Optimize1qGatesDecomposition - 0.14114 (ms)
2026-07-12 04:45:16,562 [INFO] Pass: CommutativeCancellation - 0.06509 (ms)
2026-07-12 04:45:16,562 [INFO] Pass: ContractIdleWiresInControlFlow - 0.00167 (ms)
2026-07-12 04:45:16,562 [INFO] Pass: GatesInBasis - 0.01788 (ms)
2026-07-12 04:45:16,562 [INFO] Pass: Depth - 0.01836 (ms)
2026-07-12 04:45:16,562 [INFO] Pass: FixedPoint - 0.00334 (ms)
2026-07-12 04:45:16,562 [INFO] Pass: Size - 0.00215 (ms)
2026-07-12 04:45:16,562 [INFO] Pass: FixedPoint - 0.00310 (ms)
2026-07-12 04:45:16,562 [INFO] Pass: ContainsInstruction - 0.00548 (ms)
2026-07-12 04:45:16,562 [INFO] Total Transpile Time - 89.57338 (ms)
2026-07-12 05:00:48,045 [INFO] [PCE] n=150 instancia 99/100 completada en 0:00:15:32 — transcurrido=1:07:43:50 restante_estimado=0:00:19:14
2026-07-12 05:00:48,150 [INFO] Pass: ContainsInstruction - 0.01144 (ms)
2026-07-12 05:00:48,150 [INFO] Pass: UnitarySynthesis - 0.00691 (ms)
2026-07-12 05:00:48,150 [INFO] Pass: HighLevelSynthesis - 0.00906 (ms)
2026-07-12 05:00:48,150 [INFO] Pass: BasisTranslator - 0.05746 (ms)
2026-07-12 05:00:48,150 [INFO] Pass: ElidePermutations - 0.00525 (ms)
2026-07-12 05:00:48,150 [INFO] Pass: RemoveDiagonalGatesBeforeMeasure - 0.00811 (ms)
2026-07-12 05:00:48,150 [INFO] Pass: RemoveIdentityEquivalent - 0.00334 (ms)
2026-07-12 05:00:48,150 [INFO] Pass: InverseCancellation - 0.00477 (ms)
2026-07-12 05:00:48,150 [INFO] Pass: ContractIdleWiresInControlFlow - 0.00167 (ms)
2026-07-12 05:00:48,150 [INFO] Pass: CommutativeCancellation - 0.06247 (ms)
2026-07-12 05:00:48,150 [INFO] Pass: ConsolidateBlocks - 0.04268 (ms)
2026-07-12 05:00:48,150 [INFO] Pass: Split2QUnitaries - 0.00286 (ms)
2026-07-12 05:00:48,150 [INFO] Pass: UnitarySynthesis - 0.00525 (ms)
2026-07-12 05:00:48,150 [INFO] Pass: HighLevelSynthesis - 0.02360 (ms)
2026-07-12 05:00:48,151 [INFO] Pass: BasisTranslator - 0.06747 (ms)
2026-07-12 05:00:48,151 [INFO] Pass: ConsolidateBlocks - 0.04864 (ms)
2026-07-12 05:00:48,151 [INFO] Pass: UnitarySynthesis - 0.00429 (ms)
2026-07-12 05:00:48,151 [INFO] Pass: Depth - 0.01907 (ms)
2026-07-12 05:00:48,151 [INFO] Pass: FixedPoint - 0.00501 (ms)
2026-07-12 05:00:48,151 [INFO] Pass: Size - 0.00334 (ms)
2026-07-12 05:00:48,151 [INFO] Pass: FixedPoint - 0.00286 (ms)
2026-07-12 05:00:48,151 [INFO] Pass: RemoveIdentityEquivalent - 0.00262 (ms)
2026-07-12 05:00:48,151 [INFO] Pass: Optimize1qGatesDecomposition - 0.03362 (ms)
2026-07-12 05:00:48,151 [INFO] Pass: CommutativeCancellation - 0.07200 (ms)
2026-07-12 05:00:48,151 [INFO] Pass: ContractIdleWiresInControlFlow - 0.00191 (ms)
2026-07-12 05:00:48,151 [INFO] Pass: GatesInBasis - 0.01884 (ms)
2026-07-12 05:00:48,151 [INFO] Pass: Depth - 0.01740 (ms)
2026-07-12 05:00:48,151 [INFO] Pass: FixedPoint - 0.00358 (ms)
2026-07-12 05:00:48,151 [INFO] Pass: Size - 0.00191 (ms)
2026-07-12 05:00:48,151 [INFO] Pass: FixedPoint - 0.00286 (ms)
2026-07-12 05:00:48,151 [INFO] Pass: ContainsInstruction - 0.00501 (ms)
2026-07-12 05:00:48,151 [INFO] Total Transpile Time - 90.25335 (ms)
2026-07-12 05:00:48,238 [INFO] Pass: ContainsInstruction - 0.00954 (ms)
2026-07-12 05:00:48,238 [INFO] Pass: UnitarySynthesis - 0.00620 (ms)
2026-07-12 05:00:48,238 [INFO] Pass: HighLevelSynthesis - 0.00787 (ms)
2026-07-12 05:00:48,238 [INFO] Pass: BasisTranslator - 0.05460 (ms)
2026-07-12 05:00:48,239 [INFO] Pass: ElidePermutations - 0.00381 (ms)
2026-07-12 05:00:48,239 [INFO] Pass: RemoveDiagonalGatesBeforeMeasure - 0.00691 (ms)
2026-07-12 05:00:48,239 [INFO] Pass: RemoveIdentityEquivalent - 0.00477 (ms)
2026-07-12 05:00:48,239 [INFO] Pass: InverseCancellation - 0.02122 (ms)
2026-07-12 05:00:48,239 [INFO] Pass: ContractIdleWiresInControlFlow - 0.00191 (ms)
2026-07-12 05:00:48,239 [INFO] Pass: CommutativeCancellation - 0.06604 (ms)
2026-07-12 05:00:48,239 [INFO] Pass: ConsolidateBlocks - 0.03982 (ms)
2026-07-12 05:00:48,239 [INFO] Pass: Split2QUnitaries - 0.00238 (ms)
2026-07-12 05:00:48,239 [INFO] Pass: UnitarySynthesis - 0.00477 (ms)
2026-07-12 05:00:48,239 [INFO] Pass: HighLevelSynthesis - 0.02337 (ms)
2026-07-12 05:00:48,239 [INFO] Pass: BasisTranslator - 0.06604 (ms)
2026-07-12 05:00:48,239 [INFO] Pass: ConsolidateBlocks - 0.05054 (ms)
2026-07-12 05:00:48,239 [INFO] Pass: UnitarySynthesis - 0.00477 (ms)
2026-07-12 05:00:48,239 [INFO] Pass: Depth - 0.02003 (ms)
2026-07-12 05:00:48,239 [INFO] Pass: FixedPoint - 0.00477 (ms)
2026-07-12 05:00:48,239 [INFO] Pass: Size - 0.00310 (ms)
2026-07-12 05:00:48,239 [INFO] Pass: FixedPoint - 0.00262 (ms)
2026-07-12 05:00:48,239 [INFO] Pass: RemoveIdentityEquivalent - 0.00405 (ms)
2026-07-12 05:00:48,239 [INFO] Pass: Optimize1qGatesDecomposition - 0.15044 (ms)
2026-07-12 05:00:48,240 [INFO] Pass: CommutativeCancellation - 0.08440 (ms)
2026-07-12 05:00:48,240 [INFO] Pass: ContractIdleWiresInControlFlow - 0.00191 (ms)
2026-07-12 05:00:48,240 [INFO] Pass: GatesInBasis - 0.01907 (ms)
2026-07-12 05:00:48,240 [INFO] Pass: Depth - 0.01764 (ms)
2026-07-12 05:00:48,240 [INFO] Pass: FixedPoint - 0.00310 (ms)
2026-07-12 05:00:48,240 [INFO] Pass: Size - 0.00215 (ms)
2026-07-12 05:00:48,240 [INFO] Pass: FixedPoint - 0.00262 (ms)
2026-07-12 05:00:48,240 [INFO] Pass: ContainsInstruction - 0.00525 (ms)
2026-07-12 05:00:48,240 [INFO] Total Transpile Time - 88.22966 (ms)
2026-07-12 05:00:48,328 [INFO] Pass: ContainsInstruction - 0.00954 (ms)
2026-07-12 05:00:48,328 [INFO] Pass: UnitarySynthesis - 0.00668 (ms)
2026-07-12 05:00:48,328 [INFO] Pass: HighLevelSynthesis - 0.00715 (ms)
2026-07-12 05:00:48,328 [INFO] Pass: BasisTranslator - 0.05221 (ms)
2026-07-12 05:00:48,328 [INFO] Pass: ElidePermutations - 0.00381 (ms)
2026-07-12 05:00:48,328 [INFO] Pass: RemoveDiagonalGatesBeforeMeasure - 0.00668 (ms)
2026-07-12 05:00:48,328 [INFO] Pass: RemoveIdentityEquivalent - 0.00548 (ms)
2026-07-12 05:00:48,328 [INFO] Pass: InverseCancellation - 0.02050 (ms)
2026-07-12 05:00:48,328 [INFO] Pass: ContractIdleWiresInControlFlow - 0.00191 (ms)
2026-07-12 05:00:48,328 [INFO] Pass: CommutativeCancellation - 0.06270 (ms)
2026-07-12 05:00:48,328 [INFO] Pass: ConsolidateBlocks - 0.03791 (ms)
2026-07-12 05:00:48,328 [INFO] Pass: Split2QUnitaries - 0.00215 (ms)
2026-07-12 05:00:48,328 [INFO] Pass: UnitarySynthesis - 0.00548 (ms)
2026-07-12 05:00:48,328 [INFO] Pass: HighLevelSynthesis - 0.02527 (ms)
2026-07-12 05:00:48,328 [INFO] Pass: BasisTranslator - 0.06628 (ms)
2026-07-12 05:00:48,328 [INFO] Pass: ConsolidateBlocks - 0.05031 (ms)
2026-07-12 05:00:48,329 [INFO] Pass: UnitarySynthesis - 0.00477 (ms)
2026-07-12 05:00:48,329 [INFO] Pass: Depth - 0.01955 (ms)
2026-07-12 05:00:48,329 [INFO] Pass: FixedPoint - 0.00453 (ms)
2026-07-12 05:00:48,329 [INFO] Pass: Size - 0.00286 (ms)
2026-07-12 05:00:48,329 [INFO] Pass: FixedPoint - 0.00238 (ms)
2026-07-12 05:00:48,329 [INFO] Pass: RemoveIdentityEquivalent - 0.00477 (ms)
2026-07-12 05:00:48,329 [INFO] Pass: Optimize1qGatesDecomposition - 0.15807 (ms)
2026-07-12 05:00:48,329 [INFO] Pass: CommutativeCancellation - 0.07415 (ms)
2026-07-12 05:00:48,329 [INFO] Pass: ContractIdleWiresInControlFlow - 0.00191 (ms)
2026-07-12 05:00:48,329 [INFO] Pass: GatesInBasis - 0.01907 (ms)
2026-07-12 05:00:48,329 [INFO] Pass: Depth - 0.01955 (ms)
2026-07-12 05:00:48,329 [INFO] Pass: FixedPoint - 0.00358 (ms)
2026-07-12 05:00:48,329 [INFO] Pass: Size - 0.00167 (ms)
2026-07-12 05:00:48,329 [INFO] Pass: FixedPoint - 0.00286 (ms)
2026-07-12 05:00:48,329 [INFO] Pass: RemoveIdentityEquivalent - 0.00453 (ms)
2026-07-12 05:00:48,329 [INFO] Pass: Optimize1qGatesDecomposition - 0.14353 (ms)
2026-07-12 05:00:48,329 [INFO] Pass: CommutativeCancellation - 0.06986 (ms)
2026-07-12 05:00:48,329 [INFO] Pass: ContractIdleWiresInControlFlow - 0.00167 (ms)
2026-07-12 05:00:48,329 [INFO] Pass: GatesInBasis - 0.01764 (ms)
2026-07-12 05:00:48,330 [INFO] Pass: Depth - 0.01740 (ms)
2026-07-12 05:00:48,330 [INFO] Pass: FixedPoint - 0.00334 (ms)
2026-07-12 05:00:48,330 [INFO] Pass: Size - 0.00215 (ms)
2026-07-12 05:00:48,330 [INFO] Pass: FixedPoint - 0.00286 (ms)
2026-07-12 05:00:48,330 [INFO] Pass: ContainsInstruction - 0.00525 (ms)
2026-07-12 05:00:48,330 [INFO] Total Transpile Time - 89.51735 (ms)
2026-07-12 05:19:21,107 [INFO] [PCE] n=150 instancia 100/100 completada en 0:00:18:33 — transcurrido=1:08:02:23 restante_estimado=0:00:00:00
2026-07-12 05:19:21,108 [INFO] [PCE] n=150 beta=0.3242 ± 0.0108 (PASSED) qubits=11 duration=1:08:02:23 max_parallel_threads=16 shots=4096 backend=AER
