qmio/hpc unloaded
gcccore/12.3.0 unloaded
binutils/2.40 unloaded
gcc/12.3.0 unloaded
sqlite/3.45.3 unloaded
libffi/3.4.4 unloaded
python/3.11.9 unloaded
rust/1.88.0 unloaded
imkl/2023.2.0 unloaded
ninja/1.9.0 unloaded
meson/1.5.2-python-3.11.9 unloaded
meson-python/0.16.0-python-3.11.9 unloaded
cython/3.0.9-python-3.11.9 unloaded
numpy/1.26.4-python-3.11.9 unloaded
pythran/0.15.0-python-3.11.9 unloaded
pybind11/2.13.6-python-3.11.9 unloaded
xsimd/12.1.1 unloaded
scipy/1.13.0-python-3.11.9 unloaded
llvm/16.0.0 unloaded
gmp/6.3.0 unloaded
mpfr/4.2.1 unloaded
mpc/1.3.1 unloaded
flint/3.1.2 unloaded
symengine/0.11.2 unloaded
symengine-python/0.11.0-python-3.11.9 unloaded
spdlog/1.9.2 unloaded
pylatexenc/2.10-python-3.11.9 unloaded
libgd/2.3.3 unloaded
nasm/2.16.03 unloaded
libjpeg-turbo/3.0.2 unloaded
matplotlib/3.6.3-python-3.11.9 unloaded
pandas/2.2.2-python-3.11.9 unloaded
seaborn/0.12.2-python-3.11.9 unloaded
qiskit/2.2.3-python-3.11.9 unloaded
qmio-run/0.5.1-python-3.11.9 unloaded
qmio-tools/0.2.1-python-3.11.9 unloaded
        Preparing the environment for use of the sistema software stack.
        Please rebuild modules cache: module --ignore-cache avail
     
qmio/hpc loaded
gcccore/12.3.0 loaded
binutils/2.40 loaded
gcc/12.3.0 loaded
sqlite/3.45.3 loaded
libffi/3.4.4 loaded
python/3.11.9 loaded
rust/1.88.0 loaded

imkl/2023.2.0 loaded
ninja/1.9.0 loaded
meson/1.5.2-python-3.11.9 loaded
meson-python/0.16.0-python-3.11.9 loaded
cython/3.0.9-python-3.11.9 loaded
numpy/1.26.4-python-3.11.9 loaded
pythran/0.15.0-python-3.11.9 loaded
pybind11/2.13.6-python-3.11.9 loaded
xsimd/12.1.1 loaded
scipy/1.13.0-python-3.11.9 loaded
llvm/16.0.0 loaded
gmp/6.3.0 loaded
mpfr/4.2.1 loaded
mpc/1.3.1 loaded
flint/3.1.2 loaded
symengine/0.11.2 loaded
symengine-python/0.11.0-python-3.11.9 loaded
spdlog/1.9.2 loaded
pylatexenc/2.10-python-3.11.9 loaded
libgd/2.3.3 loaded
nasm/2.16.03 loaded
libjpeg-turbo/3.0.2 loaded
matplotlib/3.6.3-python-3.11.9 loaded
pandas/2.2.2-python-3.11.9 loaded
seaborn/0.12.2-python-3.11.9 loaded
qiskit/2.2.3-python-3.11.9 loaded
qmio-run/0.5.1-python-3.11.9 loaded
qmio-tools/0.2.1-python-3.11.9 loaded
gcc/12.3.0 unloaded
rust/1.88.0 unloaded
pythran/0.15.0-python-3.11.9 unloaded
scipy/1.13.0-python-3.11.9 unloaded
qiskit/2.2.3-python-3.11.9 unloaded
qmio-run/0.5.1-python-3.11.9 unloaded
qmio-tools/0.2.1-python-3.11.9 unloaded
gcc/12.3.0 loaded
rust/1.88.0 loaded
pythran/0.15.0-python-3.11.9 loaded
scipy/1.13.0-python-3.11.9 loaded
qiskit/2.2.3-python-3.11.9 loaded
qmio-run/0.5.1-python-3.11.9 loaded
qmio-tools/0.2.1-python-3.11.9 loaded
qiskit/2.2.3-python-3.11.9 unloaded
qiskit/2.2.3-python-3.11.9 loaded
qmio-tools/0.2.1-python-3.11.9 unloaded
qmio-tools/0.2.1-python-3.11.9 loaded
2026-07-10 21:16:30,862 [INFO] [PCE] Ejecutando 100 grafos con 25 nodos.
2026-07-10 21:16:30,862 [INFO] [PCE] n=25 usa 5 qubits (k=2).
2026-07-10 21:16:30,970 [INFO] Pass: ContainsInstruction - 0.01264 (ms)
2026-07-10 21:16:30,971 [INFO] Pass: UnitarySynthesis - 0.00763 (ms)
2026-07-10 21:16:30,971 [INFO] Pass: HighLevelSynthesis - 0.00787 (ms)
2026-07-10 21:16:30,971 [INFO] Pass: BasisTranslator - 0.06890 (ms)
2026-07-10 21:16:30,971 [INFO] Pass: ElidePermutations - 0.00620 (ms)
2026-07-10 21:16:30,971 [INFO] Pass: RemoveDiagonalGatesBeforeMeasure - 0.00954 (ms)
2026-07-10 21:16:30,971 [INFO] Pass: RemoveIdentityEquivalent - 0.00501 (ms)
2026-07-10 21:16:30,971 [INFO] Pass: InverseCancellation - 0.00668 (ms)
2026-07-10 21:16:30,971 [INFO] Pass: ContractIdleWiresInControlFlow - 0.00286 (ms)
2026-07-10 21:16:30,971 [INFO] Pass: CommutativeCancellation - 0.02623 (ms)
2026-07-10 21:16:30,971 [INFO] Pass: ConsolidateBlocks - 0.04435 (ms)
2026-07-10 21:16:30,971 [INFO] Pass: Split2QUnitaries - 0.00405 (ms)
2026-07-10 21:16:30,971 [INFO] Pass: UnitarySynthesis - 0.00620 (ms)
2026-07-10 21:16:30,971 [INFO] Pass: HighLevelSynthesis - 0.00978 (ms)
2026-07-10 21:16:30,971 [INFO] Pass: BasisTranslator - 0.06771 (ms)
2026-07-10 21:16:30,971 [INFO] Pass: ConsolidateBlocks - 0.04697 (ms)
2026-07-10 21:16:30,971 [INFO] Pass: UnitarySynthesis - 0.00501 (ms)
2026-07-10 21:16:30,971 [INFO] Pass: Depth - 0.01097 (ms)
2026-07-10 21:16:30,971 [INFO] Pass: FixedPoint - 0.00572 (ms)
2026-07-10 21:16:30,971 [INFO] Pass: Size - 0.00358 (ms)
2026-07-10 21:16:30,972 [INFO] Pass: FixedPoint - 0.00286 (ms)
2026-07-10 21:16:30,972 [INFO] Pass: RemoveIdentityEquivalent - 0.00334 (ms)
2026-07-10 21:16:30,972 [INFO] Pass: Optimize1qGatesDecomposition - 0.03266 (ms)
2026-07-10 21:16:30,972 [INFO] Pass: CommutativeCancellation - 0.04721 (ms)
2026-07-10 21:16:30,972 [INFO] Pass: ContractIdleWiresInControlFlow - 0.00191 (ms)
2026-07-10 21:16:30,972 [INFO] Pass: GatesInBasis - 0.00978 (ms)
2026-07-10 21:16:30,972 [INFO] Pass: Depth - 0.00763 (ms)
2026-07-10 21:16:30,972 [INFO] Pass: FixedPoint - 0.00381 (ms)
2026-07-10 21:16:30,972 [INFO] Pass: Size - 0.00191 (ms)
2026-07-10 21:16:30,972 [INFO] Pass: FixedPoint - 0.00286 (ms)
2026-07-10 21:16:30,972 [INFO] Pass: ContainsInstruction - 0.00572 (ms)
2026-07-10 21:16:30,972 [INFO] Total Transpile Time - 107.40995 (ms)
2026-07-10 21:16:31,062 [INFO] Pass: ContainsInstruction - 0.01073 (ms)
2026-07-10 21:16:31,062 [INFO] Pass: UnitarySynthesis - 0.00668 (ms)
2026-07-10 21:16:31,062 [INFO] Pass: HighLevelSynthesis - 0.00572 (ms)
2026-07-10 21:16:31,062 [INFO] Pass: BasisTranslator - 0.05817 (ms)
2026-07-10 21:16:31,062 [INFO] Pass: ElidePermutations - 0.00453 (ms)
2026-07-10 21:16:31,062 [INFO] Pass: RemoveDiagonalGatesBeforeMeasure - 0.00644 (ms)
2026-07-10 21:16:31,062 [INFO] Pass: RemoveIdentityEquivalent - 0.00477 (ms)
2026-07-10 21:16:31,062 [INFO] Pass: InverseCancellation - 0.01311 (ms)
2026-07-10 21:16:31,062 [INFO] Pass: ContractIdleWiresInControlFlow - 0.00215 (ms)
2026-07-10 21:16:31,062 [INFO] Pass: CommutativeCancellation - 0.02766 (ms)
2026-07-10 21:16:31,062 [INFO] Pass: ConsolidateBlocks - 0.03123 (ms)
2026-07-10 21:16:31,062 [INFO] Pass: Split2QUnitaries - 0.00358 (ms)
2026-07-10 21:16:31,062 [INFO] Pass: UnitarySynthesis - 0.01287 (ms)
2026-07-10 21:16:31,062 [INFO] Pass: HighLevelSynthesis - 0.00906 (ms)
2026-07-10 21:16:31,062 [INFO] Pass: BasisTranslator - 0.05746 (ms)
2026-07-10 21:16:31,062 [INFO] Pass: ConsolidateBlocks - 0.04220 (ms)
2026-07-10 21:16:31,062 [INFO] Pass: UnitarySynthesis - 0.00453 (ms)
2026-07-10 21:16:31,062 [INFO] Pass: Depth - 0.01001 (ms)
2026-07-10 21:16:31,063 [INFO] Pass: FixedPoint - 0.00477 (ms)
2026-07-10 21:16:31,063 [INFO] Pass: Size - 0.00334 (ms)
2026-07-10 21:16:31,063 [INFO] Pass: FixedPoint - 0.00310 (ms)
2026-07-10 21:16:31,063 [INFO] Pass: RemoveIdentityEquivalent - 0.00405 (ms)
2026-07-10 21:16:31,063 [INFO] Pass: Optimize1qGatesDecomposition - 0.09441 (ms)
2026-07-10 21:16:31,063 [INFO] Pass: CommutativeCancellation - 0.04816 (ms)
2026-07-10 21:16:31,063 [INFO] Pass: ContractIdleWiresInControlFlow - 0.00215 (ms)
2026-07-10 21:16:31,063 [INFO] Pass: GatesInBasis - 0.00954 (ms)
2026-07-10 21:16:31,063 [INFO] Pass: Depth - 0.00834 (ms)
2026-07-10 21:16:31,063 [INFO] Pass: FixedPoint - 0.00381 (ms)
2026-07-10 21:16:31,063 [INFO] Pass: Size - 0.00238 (ms)
2026-07-10 21:16:31,063 [INFO] Pass: FixedPoint - 0.00548 (ms)
2026-07-10 21:16:31,063 [INFO] Pass: ContainsInstruction - 0.00477 (ms)
2026-07-10 21:16:31,063 [INFO] Total Transpile Time - 90.71469 (ms)
2026-07-10 21:16:31,153 [INFO] Pass: ContainsInstruction - 0.00978 (ms)
2026-07-10 21:16:31,153 [INFO] Pass: UnitarySynthesis - 0.00715 (ms)
2026-07-10 21:16:31,153 [INFO] Pass: HighLevelSynthesis - 0.00525 (ms)
2026-07-10 21:16:31,153 [INFO] Pass: BasisTranslator - 0.05817 (ms)
2026-07-10 21:16:31,153 [INFO] Pass: ElidePermutations - 0.00405 (ms)
2026-07-10 21:16:31,153 [INFO] Pass: RemoveDiagonalGatesBeforeMeasure - 0.00620 (ms)
2026-07-10 21:16:31,153 [INFO] Pass: RemoveIdentityEquivalent - 0.00525 (ms)
2026-07-10 21:16:31,153 [INFO] Pass: InverseCancellation - 0.02027 (ms)
2026-07-10 21:16:31,153 [INFO] Pass: ContractIdleWiresInControlFlow - 0.00238 (ms)
2026-07-10 21:16:31,153 [INFO] Pass: CommutativeCancellation - 0.02360 (ms)
2026-07-10 21:16:31,153 [INFO] Pass: ConsolidateBlocks - 0.03076 (ms)
2026-07-10 21:16:31,153 [INFO] Pass: Split2QUnitaries - 0.00286 (ms)
2026-07-10 21:16:31,153 [INFO] Pass: UnitarySynthesis - 0.01001 (ms)
2026-07-10 21:16:31,153 [INFO] Pass: HighLevelSynthesis - 0.00978 (ms)
2026-07-10 21:16:31,154 [INFO] Pass: BasisTranslator - 0.05531 (ms)
2026-07-10 21:16:31,154 [INFO] Pass: ConsolidateBlocks - 0.04220 (ms)
2026-07-10 21:16:31,154 [INFO] Pass: UnitarySynthesis - 0.00477 (ms)
2026-07-10 21:16:31,154 [INFO] Pass: Depth - 0.01025 (ms)
2026-07-10 21:16:31,154 [INFO] Pass: FixedPoint - 0.00477 (ms)
2026-07-10 21:16:31,154 [INFO] Pass: Size - 0.00310 (ms)
2026-07-10 21:16:31,154 [INFO] Pass: FixedPoint - 0.00286 (ms)
2026-07-10 21:16:31,154 [INFO] Pass: RemoveIdentityEquivalent - 0.00453 (ms)
2026-07-10 21:16:31,154 [INFO] Pass: Optimize1qGatesDecomposition - 0.10180 (ms)
2026-07-10 21:16:31,154 [INFO] Pass: CommutativeCancellation - 0.04506 (ms)
2026-07-10 21:16:31,154 [INFO] Pass: ContractIdleWiresInControlFlow - 0.00215 (ms)
2026-07-10 21:16:31,154 [INFO] Pass: GatesInBasis - 0.01001 (ms)
2026-07-10 21:16:31,154 [INFO] Pass: Depth - 0.01001 (ms)
2026-07-10 21:16:31,154 [INFO] Pass: FixedPoint - 0.00358 (ms)
2026-07-10 21:16:31,154 [INFO] Pass: Size - 0.00215 (ms)
2026-07-10 21:16:31,154 [INFO] Pass: FixedPoint - 0.00334 (ms)
2026-07-10 21:16:31,154 [INFO] Pass: RemoveIdentityEquivalent - 0.00453 (ms)
2026-07-10 21:16:31,154 [INFO] Pass: Optimize1qGatesDecomposition - 0.08869 (ms)
2026-07-10 21:16:31,154 [INFO] Pass: CommutativeCancellation - 0.03886 (ms)
2026-07-10 21:16:31,154 [INFO] Pass: ContractIdleWiresInControlFlow - 0.00167 (ms)
2026-07-10 21:16:31,154 [INFO] Pass: GatesInBasis - 0.00715 (ms)
2026-07-10 21:16:31,154 [INFO] Pass: Depth - 0.00811 (ms)
2026-07-10 21:16:31,154 [INFO] Pass: FixedPoint - 0.00334 (ms)
2026-07-10 21:16:31,155 [INFO] Pass: Size - 0.00191 (ms)
2026-07-10 21:16:31,155 [INFO] Pass: FixedPoint - 0.00286 (ms)
2026-07-10 21:16:31,155 [INFO] Pass: ContainsInstruction - 0.00572 (ms)
2026-07-10 21:16:31,155 [INFO] Total Transpile Time - 91.19225 (ms)
2026-07-10 21:16:31,416 [INFO] [PCE] Aer metadata (1ª ejecución de este proceso): device=CPU method=statevector shots=4096 fusion_enabled=True
2026-07-10 21:16:44,482 [INFO] [PCE] n=25 instancia 1/100 completada en 0:00:00:14 — transcurrido=0:00:00:14 restante_estimado=0:00:22:28
2026-07-10 21:16:44,577 [INFO] Pass: ContainsInstruction - 0.01240 (ms)
2026-07-10 21:16:44,577 [INFO] Pass: UnitarySynthesis - 0.00691 (ms)
2026-07-10 21:16:44,577 [INFO] Pass: HighLevelSynthesis - 0.00739 (ms)
2026-07-10 21:16:44,577 [INFO] Pass: BasisTranslator - 0.06604 (ms)
2026-07-10 21:16:44,578 [INFO] Pass: ElidePermutations - 0.00572 (ms)
2026-07-10 21:16:44,578 [INFO] Pass: RemoveDiagonalGatesBeforeMeasure - 0.00763 (ms)
2026-07-10 21:16:44,578 [INFO] Pass: RemoveIdentityEquivalent - 0.00429 (ms)
2026-07-10 21:16:44,578 [INFO] Pass: InverseCancellation - 0.00572 (ms)
2026-07-10 21:16:44,578 [INFO] Pass: ContractIdleWiresInControlFlow - 0.00453 (ms)
2026-07-10 21:16:44,578 [INFO] Pass: CommutativeCancellation - 0.02456 (ms)
2026-07-10 21:16:44,578 [INFO] Pass: ConsolidateBlocks - 0.03839 (ms)
2026-07-10 21:16:44,578 [INFO] Pass: Split2QUnitaries - 0.00358 (ms)
2026-07-10 21:16:44,578 [INFO] Pass: UnitarySynthesis - 0.00501 (ms)
2026-07-10 21:16:44,578 [INFO] Pass: HighLevelSynthesis - 0.01001 (ms)
2026-07-10 21:16:44,578 [INFO] Pass: BasisTranslator - 0.05221 (ms)
2026-07-10 21:16:44,578 [INFO] Pass: ConsolidateBlocks - 0.04673 (ms)
2026-07-10 21:16:44,578 [INFO] Pass: UnitarySynthesis - 0.00453 (ms)
2026-07-10 21:16:44,578 [INFO] Pass: Depth - 0.01144 (ms)
2026-07-10 21:16:44,578 [INFO] Pass: FixedPoint - 0.00525 (ms)
2026-07-10 21:16:44,578 [INFO] Pass: Size - 0.00501 (ms)
2026-07-10 21:16:44,578 [INFO] Pass: FixedPoint - 0.00238 (ms)
2026-07-10 21:16:44,578 [INFO] Pass: RemoveIdentityEquivalent - 0.00286 (ms)
2026-07-10 21:16:44,578 [INFO] Pass: Optimize1qGatesDecomposition - 0.02885 (ms)
2026-07-10 21:16:44,578 [INFO] Pass: CommutativeCancellation - 0.04983 (ms)
2026-07-10 21:16:44,578 [INFO] Pass: ContractIdleWiresInControlFlow - 0.00215 (ms)
2026-07-10 21:16:44,578 [INFO] Pass: GatesInBasis - 0.01025 (ms)
2026-07-10 21:16:44,578 [INFO] Pass: Depth - 0.00882 (ms)
2026-07-10 21:16:44,578 [INFO] Pass: FixedPoint - 0.00358 (ms)
2026-07-10 21:16:44,578 [INFO] Pass: Size - 0.00215 (ms)
2026-07-10 21:16:44,578 [INFO] Pass: FixedPoint - 0.00310 (ms)
2026-07-10 21:16:44,578 [INFO] Pass: ContainsInstruction - 0.00453 (ms)
2026-07-10 21:16:44,579 [INFO] Total Transpile Time - 94.81025 (ms)
2026-07-10 21:16:44,668 [INFO] Pass: ContainsInstruction - 0.00978 (ms)
2026-07-10 21:16:44,668 [INFO] Pass: UnitarySynthesis - 0.00668 (ms)
2026-07-10 21:16:44,668 [INFO] Pass: HighLevelSynthesis - 0.00620 (ms)
2026-07-10 21:16:44,668 [INFO] Pass: BasisTranslator - 0.05460 (ms)
2026-07-10 21:16:44,668 [INFO] Pass: ElidePermutations - 0.00596 (ms)
2026-07-10 21:16:44,668 [INFO] Pass: RemoveDiagonalGatesBeforeMeasure - 0.00596 (ms)
2026-07-10 21:16:44,668 [INFO] Pass: RemoveIdentityEquivalent - 0.00405 (ms)
2026-07-10 21:16:44,669 [INFO] Pass: InverseCancellation - 0.01383 (ms)
2026-07-10 21:16:44,669 [INFO] Pass: ContractIdleWiresInControlFlow - 0.00191 (ms)
2026-07-10 21:16:44,669 [INFO] Pass: CommutativeCancellation - 0.02456 (ms)
2026-07-10 21:16:44,669 [INFO] Pass: ConsolidateBlocks - 0.03052 (ms)
2026-07-10 21:16:44,669 [INFO] Pass: Split2QUnitaries - 0.00381 (ms)
2026-07-10 21:16:44,669 [INFO] Pass: UnitarySynthesis - 0.00501 (ms)
2026-07-10 21:16:44,669 [INFO] Pass: HighLevelSynthesis - 0.00954 (ms)
2026-07-10 21:16:44,669 [INFO] Pass: BasisTranslator - 0.05293 (ms)
2026-07-10 21:16:44,669 [INFO] Pass: ConsolidateBlocks - 0.04172 (ms)
2026-07-10 21:16:44,669 [INFO] Pass: UnitarySynthesis - 0.00453 (ms)
2026-07-10 21:16:44,669 [INFO] Pass: Depth - 0.00954 (ms)
2026-07-10 21:16:44,669 [INFO] Pass: FixedPoint - 0.00501 (ms)
2026-07-10 21:16:44,669 [INFO] Pass: Size - 0.00310 (ms)
2026-07-10 21:16:44,669 [INFO] Pass: FixedPoint - 0.00310 (ms)
2026-07-10 21:16:44,669 [INFO] Pass: RemoveIdentityEquivalent - 0.00334 (ms)
2026-07-10 21:16:44,669 [INFO] Pass: Optimize1qGatesDecomposition - 0.09155 (ms)
2026-07-10 21:16:44,669 [INFO] Pass: CommutativeCancellation - 0.04816 (ms)
2026-07-10 21:16:44,669 [INFO] Pass: ContractIdleWiresInControlFlow - 0.00191 (ms)
2026-07-10 21:16:44,669 [INFO] Pass: GatesInBasis - 0.00906 (ms)
2026-07-10 21:16:44,669 [INFO] Pass: Depth - 0.00906 (ms)
2026-07-10 21:16:44,669 [INFO] Pass: FixedPoint - 0.00381 (ms)
2026-07-10 21:16:44,669 [INFO] Pass: Size - 0.00215 (ms)
2026-07-10 21:16:44,669 [INFO] Pass: FixedPoint - 0.00310 (ms)
2026-07-10 21:16:44,669 [INFO] Pass: ContainsInstruction - 0.00477 (ms)
2026-07-10 21:16:44,670 [INFO] Total Transpile Time - 90.55018 (ms)
2026-07-10 21:16:44,760 [INFO] Pass: ContainsInstruction - 0.01025 (ms)
2026-07-10 21:16:44,760 [INFO] Pass: UnitarySynthesis - 0.00644 (ms)
2026-07-10 21:16:44,760 [INFO] Pass: HighLevelSynthesis - 0.00525 (ms)
2026-07-10 21:16:44,760 [INFO] Pass: BasisTranslator - 0.05293 (ms)
2026-07-10 21:16:44,760 [INFO] Pass: ElidePermutations - 0.00453 (ms)
2026-07-10 21:16:44,760 [INFO] Pass: RemoveDiagonalGatesBeforeMeasure - 0.00572 (ms)
2026-07-10 21:16:44,760 [INFO] Pass: RemoveIdentityEquivalent - 0.00429 (ms)
2026-07-10 21:16:44,760 [INFO] Pass: InverseCancellation - 0.01264 (ms)
2026-07-10 21:16:44,760 [INFO] Pass: ContractIdleWiresInControlFlow - 0.00215 (ms)
2026-07-10 21:16:44,760 [INFO] Pass: CommutativeCancellation - 0.02217 (ms)
2026-07-10 21:16:44,760 [INFO] Pass: ConsolidateBlocks - 0.02933 (ms)
2026-07-10 21:16:44,760 [INFO] Pass: Split2QUnitaries - 0.00334 (ms)
2026-07-10 21:16:44,760 [INFO] Pass: UnitarySynthesis - 0.00525 (ms)
2026-07-10 21:16:44,760 [INFO] Pass: HighLevelSynthesis - 0.01001 (ms)
2026-07-10 21:16:44,760 [INFO] Pass: BasisTranslator - 0.05293 (ms)
2026-07-10 21:16:44,760 [INFO] Pass: ConsolidateBlocks - 0.04125 (ms)
2026-07-10 21:16:44,761 [INFO] Pass: UnitarySynthesis - 0.00477 (ms)
2026-07-10 21:16:44,761 [INFO] Pass: Depth - 0.01025 (ms)
2026-07-10 21:16:44,761 [INFO] Pass: FixedPoint - 0.00453 (ms)
2026-07-10 21:16:44,761 [INFO] Pass: Size - 0.00286 (ms)
2026-07-10 21:16:44,761 [INFO] Pass: FixedPoint - 0.00286 (ms)
2026-07-10 21:16:44,761 [INFO] Pass: RemoveIdentityEquivalent - 0.00358 (ms)
2026-07-10 21:16:44,761 [INFO] Pass: Optimize1qGatesDecomposition - 0.09561 (ms)
2026-07-10 21:16:44,761 [INFO] Pass: CommutativeCancellation - 0.04315 (ms)
2026-07-10 21:16:44,761 [INFO] Pass: ContractIdleWiresInControlFlow - 0.00191 (ms)
2026-07-10 21:16:44,761 [INFO] Pass: GatesInBasis - 0.00930 (ms)
2026-07-10 21:16:44,761 [INFO] Pass: Depth - 0.00978 (ms)
2026-07-10 21:16:44,761 [INFO] Pass: FixedPoint - 0.00358 (ms)
2026-07-10 21:16:44,761 [INFO] Pass: Size - 0.00191 (ms)
2026-07-10 21:16:44,761 [INFO] Pass: FixedPoint - 0.00286 (ms)
2026-07-10 21:16:44,761 [INFO] Pass: RemoveIdentityEquivalent - 0.00334 (ms)
2026-07-10 21:16:44,761 [INFO] Pass: Optimize1qGatesDecomposition - 0.07844 (ms)
2026-07-10 21:16:44,761 [INFO] Pass: CommutativeCancellation - 0.03791 (ms)
2026-07-10 21:16:44,761 [INFO] Pass: ContractIdleWiresInControlFlow - 0.00167 (ms)
2026-07-10 21:16:44,761 [INFO] Pass: GatesInBasis - 0.00882 (ms)
2026-07-10 21:16:44,761 [INFO] Pass: Depth - 0.00834 (ms)
2026-07-10 21:16:44,761 [INFO] Pass: FixedPoint - 0.00334 (ms)
2026-07-10 21:16:44,761 [INFO] Pass: Size - 0.00215 (ms)
2026-07-10 21:16:44,761 [INFO] Pass: FixedPoint - 0.00286 (ms)
2026-07-10 21:16:44,761 [INFO] Pass: ContainsInstruction - 0.00572 (ms)
2026-07-10 21:16:44,762 [INFO] Total Transpile Time - 91.61425 (ms)
2026-07-10 21:16:58,176 [INFO] [PCE] n=25 instancia 2/100 completada en 0:00:00:14 — transcurrido=0:00:00:27 restante_estimado=0:00:22:18
2026-07-10 21:16:58,270 [INFO] Pass: ContainsInstruction - 0.01168 (ms)
2026-07-10 21:16:58,271 [INFO] Pass: UnitarySynthesis - 0.00620 (ms)
2026-07-10 21:16:58,271 [INFO] Pass: HighLevelSynthesis - 0.00620 (ms)
2026-07-10 21:16:58,271 [INFO] Pass: BasisTranslator - 0.05674 (ms)
2026-07-10 21:16:58,271 [INFO] Pass: ElidePermutations - 0.00644 (ms)
2026-07-10 21:16:58,271 [INFO] Pass: RemoveDiagonalGatesBeforeMeasure - 0.00763 (ms)
2026-07-10 21:16:58,271 [INFO] Pass: RemoveIdentityEquivalent - 0.00310 (ms)
2026-07-10 21:16:58,271 [INFO] Pass: InverseCancellation - 0.00548 (ms)
2026-07-10 21:16:58,271 [INFO] Pass: ContractIdleWiresInControlFlow - 0.00191 (ms)
2026-07-10 21:16:58,271 [INFO] Pass: CommutativeCancellation - 0.02170 (ms)
2026-07-10 21:16:58,271 [INFO] Pass: ConsolidateBlocks - 0.03409 (ms)
2026-07-10 21:16:58,271 [INFO] Pass: Split2QUnitaries - 0.00501 (ms)
2026-07-10 21:16:58,271 [INFO] Pass: UnitarySynthesis - 0.00453 (ms)
2026-07-10 21:16:58,271 [INFO] Pass: HighLevelSynthesis - 0.00954 (ms)
2026-07-10 21:16:58,271 [INFO] Pass: BasisTranslator - 0.05126 (ms)
2026-07-10 21:16:58,271 [INFO] Pass: ConsolidateBlocks - 0.04029 (ms)
2026-07-10 21:16:58,271 [INFO] Pass: UnitarySynthesis - 0.00429 (ms)
2026-07-10 21:16:58,271 [INFO] Pass: Depth - 0.01001 (ms)
2026-07-10 21:16:58,271 [INFO] Pass: FixedPoint - 0.00525 (ms)
2026-07-10 21:16:58,271 [INFO] Pass: Size - 0.00334 (ms)
2026-07-10 21:16:58,271 [INFO] Pass: FixedPoint - 0.00262 (ms)
2026-07-10 21:16:58,271 [INFO] Pass: RemoveIdentityEquivalent - 0.00286 (ms)
2026-07-10 21:16:58,271 [INFO] Pass: Optimize1qGatesDecomposition - 0.02742 (ms)
2026-07-10 21:16:58,271 [INFO] Pass: CommutativeCancellation - 0.04244 (ms)
2026-07-10 21:16:58,271 [INFO] Pass: ContractIdleWiresInControlFlow - 0.00215 (ms)
2026-07-10 21:16:58,271 [INFO] Pass: GatesInBasis - 0.00930 (ms)
2026-07-10 21:16:58,272 [INFO] Pass: Depth - 0.00906 (ms)
2026-07-10 21:16:58,272 [INFO] Pass: FixedPoint - 0.00358 (ms)
2026-07-10 21:16:58,272 [INFO] Pass: Size - 0.00215 (ms)
2026-07-10 21:16:58,272 [INFO] Pass: FixedPoint - 0.00262 (ms)
2026-07-10 21:16:58,272 [INFO] Pass: ContainsInstruction - 0.00525 (ms)
2026-07-10 21:16:58,272 [INFO] Total Transpile Time - 92.50641 (ms)
2026-07-10 21:16:58,360 [INFO] Pass: ContainsInstruction - 0.01001 (ms)
2026-07-10 21:16:58,361 [INFO] Pass: UnitarySynthesis - 0.00620 (ms)
2026-07-10 21:16:58,361 [INFO] Pass: HighLevelSynthesis - 0.00572 (ms)
2026-07-10 21:16:58,361 [INFO] Pass: BasisTranslator - 0.05317 (ms)
2026-07-10 21:16:58,361 [INFO] Pass: ElidePermutations - 0.00596 (ms)
2026-07-10 21:16:58,361 [INFO] Pass: RemoveDiagonalGatesBeforeMeasure - 0.00668 (ms)
2026-07-10 21:16:58,361 [INFO] Pass: RemoveIdentityEquivalent - 0.00501 (ms)
2026-07-10 21:16:58,361 [INFO] Pass: InverseCancellation - 0.01383 (ms)
2026-07-10 21:16:58,361 [INFO] Pass: ContractIdleWiresInControlFlow - 0.00191 (ms)
2026-07-10 21:16:58,361 [INFO] Pass: CommutativeCancellation - 0.02575 (ms)
2026-07-10 21:16:58,361 [INFO] Pass: ConsolidateBlocks - 0.03028 (ms)
2026-07-10 21:16:58,361 [INFO] Pass: Split2QUnitaries - 0.00477 (ms)
2026-07-10 21:16:58,361 [INFO] Pass: UnitarySynthesis - 0.00501 (ms)
2026-07-10 21:16:58,361 [INFO] Pass: HighLevelSynthesis - 0.00930 (ms)
2026-07-10 21:16:58,361 [INFO] Pass: BasisTranslator - 0.05102 (ms)
2026-07-10 21:16:58,361 [INFO] Pass: ConsolidateBlocks - 0.04077 (ms)
2026-07-10 21:16:58,361 [INFO] Pass: UnitarySynthesis - 0.00429 (ms)
2026-07-10 21:16:58,361 [INFO] Pass: Depth - 0.01001 (ms)
2026-07-10 21:16:58,361 [INFO] Pass: FixedPoint - 0.00453 (ms)
2026-07-10 21:16:58,361 [INFO] Pass: Size - 0.00286 (ms)
2026-07-10 21:16:58,361 [INFO] Pass: FixedPoint - 0.00286 (ms)
2026-07-10 21:16:58,361 [INFO] Pass: RemoveIdentityEquivalent - 0.00381 (ms)
2026-07-10 21:16:58,361 [INFO] Pass: Optimize1qGatesDecomposition - 0.09036 (ms)
2026-07-10 21:16:58,361 [INFO] Pass: CommutativeCancellation - 0.04768 (ms)
2026-07-10 21:16:58,362 [INFO] Pass: ContractIdleWiresInControlFlow - 0.00191 (ms)
2026-07-10 21:16:58,362 [INFO] Pass: GatesInBasis - 0.00834 (ms)
2026-07-10 21:16:58,362 [INFO] Pass: Depth - 0.00882 (ms)
2026-07-10 21:16:58,362 [INFO] Pass: FixedPoint - 0.00358 (ms)
2026-07-10 21:16:58,362 [INFO] Pass: Size - 0.00191 (ms)
2026-07-10 21:16:58,362 [INFO] Pass: FixedPoint - 0.00286 (ms)
2026-07-10 21:16:58,362 [INFO] Pass: ContainsInstruction - 0.00453 (ms)
2026-07-10 21:16:58,362 [INFO] Total Transpile Time - 89.69092 (ms)
2026-07-10 21:16:58,452 [INFO] Pass: ContainsInstruction - 0.00906 (ms)
2026-07-10 21:16:58,452 [INFO] Pass: UnitarySynthesis - 0.00644 (ms)
2026-07-10 21:16:58,452 [INFO] Pass: HighLevelSynthesis - 0.00548 (ms)
2026-07-10 21:16:58,452 [INFO] Pass: BasisTranslator - 0.05126 (ms)
2026-07-10 21:16:58,452 [INFO] Pass: ElidePermutations - 0.00334 (ms)
2026-07-10 21:16:58,452 [INFO] Pass: RemoveDiagonalGatesBeforeMeasure - 0.00501 (ms)
2026-07-10 21:16:58,452 [INFO] Pass: RemoveIdentityEquivalent - 0.00429 (ms)
2026-07-10 21:16:58,452 [INFO] Pass: InverseCancellation - 0.01264 (ms)
2026-07-10 21:16:58,452 [INFO] Pass: ContractIdleWiresInControlFlow - 0.00215 (ms)
2026-07-10 21:16:58,452 [INFO] Pass: CommutativeCancellation - 0.02170 (ms)
2026-07-10 21:16:58,452 [INFO] Pass: ConsolidateBlocks - 0.02837 (ms)
2026-07-10 21:16:58,452 [INFO] Pass: Split2QUnitaries - 0.00286 (ms)
2026-07-10 21:16:58,452 [INFO] Pass: UnitarySynthesis - 0.00501 (ms)
2026-07-10 21:16:58,452 [INFO] Pass: HighLevelSynthesis - 0.01001 (ms)
2026-07-10 21:16:58,452 [INFO] Pass: BasisTranslator - 0.05221 (ms)
2026-07-10 21:16:58,452 [INFO] Pass: ConsolidateBlocks - 0.04172 (ms)
2026-07-10 21:16:58,452 [INFO] Pass: UnitarySynthesis - 0.00477 (ms)
2026-07-10 21:16:58,452 [INFO] Pass: Depth - 0.01788 (ms)
2026-07-10 21:16:58,452 [INFO] Pass: FixedPoint - 0.00453 (ms)
2026-07-10 21:16:58,452 [INFO] Pass: Size - 0.00310 (ms)
2026-07-10 21:16:58,452 [INFO] Pass: FixedPoint - 0.00238 (ms)
2026-07-10 21:16:58,452 [INFO] Pass: RemoveIdentityEquivalent - 0.00405 (ms)
2026-07-10 21:16:58,452 [INFO] Pass: Optimize1qGatesDecomposition - 0.09418 (ms)
2026-07-10 21:16:58,453 [INFO] Pass: CommutativeCancellation - 0.04196 (ms)
2026-07-10 21:16:58,453 [INFO] Pass: ContractIdleWiresInControlFlow - 0.00215 (ms)
2026-07-10 21:16:58,453 [INFO] Pass: GatesInBasis - 0.00811 (ms)
2026-07-10 21:16:58,453 [INFO] Pass: Depth - 0.00906 (ms)
2026-07-10 21:16:58,453 [INFO] Pass: FixedPoint - 0.00358 (ms)
2026-07-10 21:16:58,453 [INFO] Pass: Size - 0.00191 (ms)
2026-07-10 21:16:58,453 [INFO] Pass: FixedPoint - 0.00262 (ms)
2026-07-10 21:16:58,453 [INFO] Pass: RemoveIdentityEquivalent - 0.00358 (ms)
2026-07-10 21:16:58,453 [INFO] Pass: Optimize1qGatesDecomposition - 0.07749 (ms)
2026-07-10 21:16:58,453 [INFO] Pass: CommutativeCancellation - 0.03600 (ms)
2026-07-10 21:16:58,453 [INFO] Pass: ContractIdleWiresInControlFlow - 0.00167 (ms)
2026-07-10 21:16:58,453 [INFO] Pass: GatesInBasis - 0.00644 (ms)
2026-07-10 21:16:58,453 [INFO] Pass: Depth - 0.00811 (ms)
2026-07-10 21:16:58,453 [INFO] Pass: FixedPoint - 0.00310 (ms)
2026-07-10 21:16:58,453 [INFO] Pass: Size - 0.00167 (ms)
2026-07-10 21:16:58,453 [INFO] Pass: FixedPoint - 0.00238 (ms)
2026-07-10 21:16:58,453 [INFO] Pass: ContainsInstruction - 0.00548 (ms)
2026-07-10 21:16:58,453 [INFO] Total Transpile Time - 91.02035 (ms)
2026-07-10 21:17:10,848 [INFO] [PCE] n=25 instancia 3/100 completada en 0:00:00:13 — transcurrido=0:00:00:40 restante_estimado=0:00:21:33
2026-07-10 21:17:10,941 [INFO] Pass: ContainsInstruction - 0.01168 (ms)
2026-07-10 21:17:10,941 [INFO] Pass: UnitarySynthesis - 0.00691 (ms)
2026-07-10 21:17:10,941 [INFO] Pass: HighLevelSynthesis - 0.00715 (ms)
2026-07-10 21:17:10,941 [INFO] Pass: BasisTranslator - 0.06056 (ms)
2026-07-10 21:17:10,941 [INFO] Pass: ElidePermutations - 0.00501 (ms)
2026-07-10 21:17:10,941 [INFO] Pass: RemoveDiagonalGatesBeforeMeasure - 0.00763 (ms)
2026-07-10 21:17:10,941 [INFO] Pass: RemoveIdentityEquivalent - 0.00358 (ms)
2026-07-10 21:17:10,941 [INFO] Pass: InverseCancellation - 0.00477 (ms)
2026-07-10 21:17:10,941 [INFO] Pass: ContractIdleWiresInControlFlow - 0.00191 (ms)
2026-07-10 21:17:10,941 [INFO] Pass: CommutativeCancellation - 0.02122 (ms)
2026-07-10 21:17:10,941 [INFO] Pass: ConsolidateBlocks - 0.03457 (ms)
2026-07-10 21:17:10,941 [INFO] Pass: Split2QUnitaries - 0.00358 (ms)
2026-07-10 21:17:10,941 [INFO] Pass: UnitarySynthesis - 0.00477 (ms)
2026-07-10 21:17:10,941 [INFO] Pass: HighLevelSynthesis - 0.00882 (ms)
2026-07-10 21:17:10,941 [INFO] Pass: BasisTranslator - 0.05364 (ms)
2026-07-10 21:17:10,941 [INFO] Pass: ConsolidateBlocks - 0.04792 (ms)
2026-07-10 21:17:10,941 [INFO] Pass: UnitarySynthesis - 0.00429 (ms)
2026-07-10 21:17:10,941 [INFO] Pass: Depth - 0.01001 (ms)
2026-07-10 21:17:10,941 [INFO] Pass: FixedPoint - 0.00501 (ms)
2026-07-10 21:17:10,941 [INFO] Pass: Size - 0.00358 (ms)
2026-07-10 21:17:10,941 [INFO] Pass: FixedPoint - 0.00286 (ms)
2026-07-10 21:17:10,941 [INFO] Pass: RemoveIdentityEquivalent - 0.00286 (ms)
2026-07-10 21:17:10,941 [INFO] Pass: Optimize1qGatesDecomposition - 0.02861 (ms)
2026-07-10 21:17:10,942 [INFO] Pass: CommutativeCancellation - 0.04411 (ms)
2026-07-10 21:17:10,942 [INFO] Pass: ContractIdleWiresInControlFlow - 0.00167 (ms)
2026-07-10 21:17:10,942 [INFO] Pass: GatesInBasis - 0.00906 (ms)
2026-07-10 21:17:10,942 [INFO] Pass: Depth - 0.00763 (ms)
2026-07-10 21:17:10,942 [INFO] Pass: FixedPoint - 0.00334 (ms)
2026-07-10 21:17:10,942 [INFO] Pass: Size - 0.00191 (ms)
2026-07-10 21:17:10,942 [INFO] Pass: FixedPoint - 0.00310 (ms)
2026-07-10 21:17:10,942 [INFO] Pass: ContainsInstruction - 0.00477 (ms)
2026-07-10 21:17:10,942 [INFO] Total Transpile Time - 92.21721 (ms)
2026-07-10 21:17:11,031 [INFO] Pass: ContainsInstruction - 0.00930 (ms)
2026-07-10 21:17:11,031 [INFO] Pass: UnitarySynthesis - 0.00596 (ms)
2026-07-10 21:17:11,031 [INFO] Pass: HighLevelSynthesis - 0.00572 (ms)
2026-07-10 21:17:11,031 [INFO] Pass: BasisTranslator - 0.05364 (ms)
2026-07-10 21:17:11,031 [INFO] Pass: ElidePermutations - 0.00405 (ms)
2026-07-10 21:17:11,031 [INFO] Pass: RemoveDiagonalGatesBeforeMeasure - 0.00572 (ms)
2026-07-10 21:17:11,031 [INFO] Pass: RemoveIdentityEquivalent - 0.00381 (ms)
2026-07-10 21:17:11,031 [INFO] Pass: InverseCancellation - 0.02027 (ms)
2026-07-10 21:17:11,031 [INFO] Pass: ContractIdleWiresInControlFlow - 0.00191 (ms)
2026-07-10 21:17:11,031 [INFO] Pass: CommutativeCancellation - 0.02551 (ms)
2026-07-10 21:17:11,031 [INFO] Pass: ConsolidateBlocks - 0.02956 (ms)
2026-07-10 21:17:11,031 [INFO] Pass: Split2QUnitaries - 0.00286 (ms)
2026-07-10 21:17:11,031 [INFO] Pass: UnitarySynthesis - 0.00477 (ms)
2026-07-10 21:17:11,031 [INFO] Pass: HighLevelSynthesis - 0.00930 (ms)
2026-07-10 21:17:11,032 [INFO] Pass: BasisTranslator - 0.05460 (ms)
2026-07-10 21:17:11,032 [INFO] Pass: ConsolidateBlocks - 0.04125 (ms)
2026-07-10 21:17:11,032 [INFO] Pass: UnitarySynthesis - 0.00429 (ms)
2026-07-10 21:17:11,032 [INFO] Pass: Depth - 0.00954 (ms)
2026-07-10 21:17:11,032 [INFO] Pass: FixedPoint - 0.00453 (ms)
2026-07-10 21:17:11,032 [INFO] Pass: Size - 0.00262 (ms)
2026-07-10 21:17:11,032 [INFO] Pass: FixedPoint - 0.00286 (ms)
2026-07-10 21:17:11,032 [INFO] Pass: RemoveIdentityEquivalent - 0.00358 (ms)
2026-07-10 21:17:11,032 [INFO] Pass: Optimize1qGatesDecomposition - 0.09012 (ms)
2026-07-10 21:17:11,032 [INFO] Pass: CommutativeCancellation - 0.04792 (ms)
2026-07-10 21:17:11,032 [INFO] Pass: ContractIdleWiresInControlFlow - 0.00167 (ms)
2026-07-10 21:17:11,032 [INFO] Pass: GatesInBasis - 0.00858 (ms)
2026-07-10 21:17:11,032 [INFO] Pass: Depth - 0.00787 (ms)
2026-07-10 21:17:11,032 [INFO] Pass: FixedPoint - 0.00358 (ms)
2026-07-10 21:17:11,032 [INFO] Pass: Size - 0.00215 (ms)
2026-07-10 21:17:11,032 [INFO] Pass: FixedPoint - 0.00262 (ms)
2026-07-10 21:17:11,032 [INFO] Pass: ContainsInstruction - 0.00453 (ms)
2026-07-10 21:17:11,032 [INFO] Total Transpile Time - 90.02566 (ms)
2026-07-10 21:17:11,122 [INFO] Pass: ContainsInstruction - 0.00930 (ms)
2026-07-10 21:17:11,122 [INFO] Pass: UnitarySynthesis - 0.00644 (ms)
2026-07-10 21:17:11,122 [INFO] Pass: HighLevelSynthesis - 0.00572 (ms)
2026-07-10 21:17:11,122 [INFO] Pass: BasisTranslator - 0.05269 (ms)
2026-07-10 21:17:11,122 [INFO] Pass: ElidePermutations - 0.00358 (ms)
2026-07-10 21:17:11,122 [INFO] Pass: RemoveDiagonalGatesBeforeMeasure - 0.00548 (ms)
2026-07-10 21:17:11,122 [INFO] Pass: RemoveIdentityEquivalent - 0.00453 (ms)
2026-07-10 21:17:11,123 [INFO] Pass: InverseCancellation - 0.01240 (ms)
2026-07-10 21:17:11,123 [INFO] Pass: ContractIdleWiresInControlFlow - 0.00191 (ms)
2026-07-10 21:17:11,123 [INFO] Pass: CommutativeCancellation - 0.02241 (ms)
2026-07-10 21:17:11,123 [INFO] Pass: ConsolidateBlocks - 0.02885 (ms)
2026-07-10 21:17:11,123 [INFO] Pass: Split2QUnitaries - 0.00262 (ms)
2026-07-10 21:17:11,123 [INFO] Pass: UnitarySynthesis - 0.00453 (ms)
2026-07-10 21:17:11,123 [INFO] Pass: HighLevelSynthesis - 0.00930 (ms)
2026-07-10 21:17:11,123 [INFO] Pass: BasisTranslator - 0.05126 (ms)
2026-07-10 21:17:11,123 [INFO] Pass: ConsolidateBlocks - 0.04077 (ms)
2026-07-10 21:17:11,123 [INFO] Pass: UnitarySynthesis - 0.00453 (ms)
2026-07-10 21:17:11,123 [INFO] Pass: Depth - 0.00954 (ms)
2026-07-10 21:17:11,123 [INFO] Pass: FixedPoint - 0.00429 (ms)
2026-07-10 21:17:11,123 [INFO] Pass: Size - 0.00286 (ms)
2026-07-10 21:17:11,123 [INFO] Pass: FixedPoint - 0.00286 (ms)
2026-07-10 21:17:11,123 [INFO] Pass: RemoveIdentityEquivalent - 0.00334 (ms)
2026-07-10 21:17:11,123 [INFO] Pass: Optimize1qGatesDecomposition - 0.09155 (ms)
2026-07-10 21:17:11,123 [INFO] Pass: CommutativeCancellation - 0.04363 (ms)
2026-07-10 21:17:11,123 [INFO] Pass: ContractIdleWiresInControlFlow - 0.00167 (ms)
2026-07-10 21:17:11,123 [INFO] Pass: GatesInBasis - 0.00787 (ms)
2026-07-10 21:17:11,123 [INFO] Pass: Depth - 0.00978 (ms)
2026-07-10 21:17:11,123 [INFO] Pass: FixedPoint - 0.00334 (ms)
2026-07-10 21:17:11,123 [INFO] Pass: Size - 0.00215 (ms)
2026-07-10 21:17:11,123 [INFO] Pass: FixedPoint - 0.00286 (ms)
2026-07-10 21:17:11,123 [INFO] Pass: RemoveIdentityEquivalent - 0.00358 (ms)
2026-07-10 21:17:11,124 [INFO] Pass: Optimize1qGatesDecomposition - 0.07915 (ms)
2026-07-10 21:17:11,124 [INFO] Pass: CommutativeCancellation - 0.03695 (ms)
2026-07-10 21:17:11,124 [INFO] Pass: ContractIdleWiresInControlFlow - 0.00143 (ms)
2026-07-10 21:17:11,124 [INFO] Pass: GatesInBasis - 0.00668 (ms)
2026-07-10 21:17:11,124 [INFO] Pass: Depth - 0.00739 (ms)
2026-07-10 21:17:11,124 [INFO] Pass: FixedPoint - 0.00334 (ms)
2026-07-10 21:17:11,124 [INFO] Pass: Size - 0.00167 (ms)
2026-07-10 21:17:11,124 [INFO] Pass: FixedPoint - 0.00262 (ms)
2026-07-10 21:17:11,124 [INFO] Pass: ContainsInstruction - 0.00548 (ms)
2026-07-10 21:17:11,124 [INFO] Total Transpile Time - 91.23755 (ms)
2026-07-10 21:17:25,429 [INFO] [PCE] n=25 instancia 4/100 completada en 0:00:00:15 — transcurrido=0:00:00:55 restante_estimado=0:00:21:50
2026-07-10 21:17:25,521 [INFO] Pass: ContainsInstruction - 0.01073 (ms)
2026-07-10 21:17:25,521 [INFO] Pass: UnitarySynthesis - 0.00620 (ms)
2026-07-10 21:17:25,521 [INFO] Pass: HighLevelSynthesis - 0.00668 (ms)
2026-07-10 21:17:25,522 [INFO] Pass: BasisTranslator - 0.06342 (ms)
2026-07-10 21:17:25,522 [INFO] Pass: ElidePermutations - 0.00477 (ms)
2026-07-10 21:17:25,522 [INFO] Pass: RemoveDiagonalGatesBeforeMeasure - 0.00739 (ms)
2026-07-10 21:17:25,522 [INFO] Pass: RemoveIdentityEquivalent - 0.00334 (ms)
2026-07-10 21:17:25,522 [INFO] Pass: InverseCancellation - 0.00501 (ms)
2026-07-10 21:17:25,522 [INFO] Pass: ContractIdleWiresInControlFlow - 0.00215 (ms)
2026-07-10 21:17:25,522 [INFO] Pass: CommutativeCancellation - 0.02217 (ms)
2026-07-10 21:17:25,522 [INFO] Pass: ConsolidateBlocks - 0.03362 (ms)
2026-07-10 21:17:25,522 [INFO] Pass: Split2QUnitaries - 0.00334 (ms)
2026-07-10 21:17:25,522 [INFO] Pass: UnitarySynthesis - 0.00453 (ms)
2026-07-10 21:17:25,522 [INFO] Pass: HighLevelSynthesis - 0.00882 (ms)
2026-07-10 21:17:25,522 [INFO] Pass: BasisTranslator - 0.05102 (ms)
2026-07-10 21:17:25,522 [INFO] Pass: ConsolidateBlocks - 0.03910 (ms)
2026-07-10 21:17:25,522 [INFO] Pass: UnitarySynthesis - 0.00453 (ms)
2026-07-10 21:17:25,522 [INFO] Pass: Depth - 0.01025 (ms)
2026-07-10 21:17:25,522 [INFO] Pass: FixedPoint - 0.00501 (ms)
2026-07-10 21:17:25,522 [INFO] Pass: Size - 0.00358 (ms)
2026-07-10 21:17:25,522 [INFO] Pass: FixedPoint - 0.00286 (ms)
2026-07-10 21:17:25,522 [INFO] Pass: RemoveIdentityEquivalent - 0.00238 (ms)
2026-07-10 21:17:25,522 [INFO] Pass: Optimize1qGatesDecomposition - 0.02718 (ms)
2026-07-10 21:17:25,522 [INFO] Pass: CommutativeCancellation - 0.04888 (ms)
2026-07-10 21:17:25,522 [INFO] Pass: ContractIdleWiresInControlFlow - 0.00215 (ms)
2026-07-10 21:17:25,522 [INFO] Pass: GatesInBasis - 0.00882 (ms)
2026-07-10 21:17:25,522 [INFO] Pass: Depth - 0.00834 (ms)
2026-07-10 21:17:25,522 [INFO] Pass: FixedPoint - 0.00334 (ms)
2026-07-10 21:17:25,522 [INFO] Pass: Size - 0.00215 (ms)
2026-07-10 21:17:25,522 [INFO] Pass: FixedPoint - 0.00286 (ms)
2026-07-10 21:17:25,522 [INFO] Pass: ContainsInstruction - 0.00453 (ms)
2026-07-10 21:17:25,523 [INFO] Total Transpile Time - 91.24184 (ms)
2026-07-10 21:17:25,612 [INFO] Pass: ContainsInstruction - 0.00930 (ms)
2026-07-10 21:17:25,612 [INFO] Pass: UnitarySynthesis - 0.00596 (ms)
2026-07-10 21:17:25,612 [INFO] Pass: HighLevelSynthesis - 0.00548 (ms)
2026-07-10 21:17:25,612 [INFO] Pass: BasisTranslator - 0.05484 (ms)
2026-07-10 21:17:25,612 [INFO] Pass: ElidePermutations - 0.00358 (ms)
2026-07-10 21:17:25,612 [INFO] Pass: RemoveDiagonalGatesBeforeMeasure - 0.00548 (ms)
2026-07-10 21:17:25,612 [INFO] Pass: RemoveIdentityEquivalent - 0.00381 (ms)
2026-07-10 21:17:25,612 [INFO] Pass: InverseCancellation - 0.01287 (ms)
2026-07-10 21:17:25,612 [INFO] Pass: ContractIdleWiresInControlFlow - 0.00215 (ms)
2026-07-10 21:17:25,612 [INFO] Pass: CommutativeCancellation - 0.02551 (ms)
2026-07-10 21:17:25,612 [INFO] Pass: ConsolidateBlocks - 0.02980 (ms)
2026-07-10 21:17:25,612 [INFO] Pass: Split2QUnitaries - 0.00286 (ms)
2026-07-10 21:17:25,612 [INFO] Pass: UnitarySynthesis - 0.00477 (ms)
2026-07-10 21:17:25,612 [INFO] Pass: HighLevelSynthesis - 0.00882 (ms)
2026-07-10 21:17:25,612 [INFO] Pass: BasisTranslator - 0.05436 (ms)
2026-07-10 21:17:25,612 [INFO] Pass: ConsolidateBlocks - 0.04125 (ms)
2026-07-10 21:17:25,612 [INFO] Pass: UnitarySynthesis - 0.00405 (ms)
2026-07-10 21:17:25,612 [INFO] Pass: Depth - 0.00978 (ms)
2026-07-10 21:17:25,612 [INFO] Pass: FixedPoint - 0.00453 (ms)
2026-07-10 21:17:25,613 [INFO] Pass: Size - 0.00310 (ms)
2026-07-10 21:17:25,613 [INFO] Pass: FixedPoint - 0.00286 (ms)
2026-07-10 21:17:25,613 [INFO] Pass: RemoveIdentityEquivalent - 0.00334 (ms)
2026-07-10 21:17:25,613 [INFO] Pass: Optimize1qGatesDecomposition - 0.08941 (ms)
2026-07-10 21:17:25,613 [INFO] Pass: CommutativeCancellation - 0.04697 (ms)
2026-07-10 21:17:25,613 [INFO] Pass: ContractIdleWiresInControlFlow - 0.00191 (ms)
2026-07-10 21:17:25,613 [INFO] Pass: GatesInBasis - 0.00858 (ms)
2026-07-10 21:17:25,613 [INFO] Pass: Depth - 0.00882 (ms)
2026-07-10 21:17:25,613 [INFO] Pass: FixedPoint - 0.00358 (ms)
2026-07-10 21:17:25,613 [INFO] Pass: Size - 0.00191 (ms)
2026-07-10 21:17:25,613 [INFO] Pass: FixedPoint - 0.00262 (ms)
2026-07-10 21:17:25,613 [INFO] Pass: ContainsInstruction - 0.00453 (ms)
2026-07-10 21:17:25,613 [INFO] Total Transpile Time - 90.07859 (ms)
2026-07-10 21:17:25,703 [INFO] Pass: ContainsInstruction - 0.00954 (ms)
2026-07-10 21:17:25,703 [INFO] Pass: UnitarySynthesis - 0.00596 (ms)
2026-07-10 21:17:25,703 [INFO] Pass: HighLevelSynthesis - 0.00548 (ms)
2026-07-10 21:17:25,703 [INFO] Pass: BasisTranslator - 0.05293 (ms)
2026-07-10 21:17:25,703 [INFO] Pass: ElidePermutations - 0.00334 (ms)
2026-07-10 21:17:25,703 [INFO] Pass: RemoveDiagonalGatesBeforeMeasure - 0.00501 (ms)
2026-07-10 21:17:25,703 [INFO] Pass: RemoveIdentityEquivalent - 0.00429 (ms)
2026-07-10 21:17:25,703 [INFO] Pass: InverseCancellation - 0.01311 (ms)
2026-07-10 21:17:25,703 [INFO] Pass: ContractIdleWiresInControlFlow - 0.00167 (ms)
2026-07-10 21:17:25,703 [INFO] Pass: CommutativeCancellation - 0.02313 (ms)
2026-07-10 21:17:25,703 [INFO] Pass: ConsolidateBlocks - 0.02980 (ms)
2026-07-10 21:17:25,703 [INFO] Pass: Split2QUnitaries - 0.00238 (ms)
2026-07-10 21:17:25,703 [INFO] Pass: UnitarySynthesis - 0.00477 (ms)
2026-07-10 21:17:25,703 [INFO] Pass: HighLevelSynthesis - 0.00978 (ms)
2026-07-10 21:17:25,704 [INFO] Pass: BasisTranslator - 0.05317 (ms)
2026-07-10 21:17:25,704 [INFO] Pass: ConsolidateBlocks - 0.04005 (ms)
2026-07-10 21:17:25,704 [INFO] Pass: UnitarySynthesis - 0.00453 (ms)
2026-07-10 21:17:25,704 [INFO] Pass: Depth - 0.00954 (ms)
2026-07-10 21:17:25,704 [INFO] Pass: FixedPoint - 0.00453 (ms)
2026-07-10 21:17:25,704 [INFO] Pass: Size - 0.00286 (ms)
2026-07-10 21:17:25,704 [INFO] Pass: FixedPoint - 0.00286 (ms)
2026-07-10 21:17:25,704 [INFO] Pass: RemoveIdentityEquivalent - 0.00334 (ms)
2026-07-10 21:17:25,704 [INFO] Pass: Optimize1qGatesDecomposition - 0.09131 (ms)
2026-07-10 21:17:25,704 [INFO] Pass: CommutativeCancellation - 0.04292 (ms)
2026-07-10 21:17:25,704 [INFO] Pass: ContractIdleWiresInControlFlow - 0.00215 (ms)
2026-07-10 21:17:25,704 [INFO] Pass: GatesInBasis - 0.00787 (ms)
2026-07-10 21:17:25,704 [INFO] Pass: Depth - 0.00954 (ms)
2026-07-10 21:17:25,704 [INFO] Pass: FixedPoint - 0.00358 (ms)
2026-07-10 21:17:25,704 [INFO] Pass: Size - 0.00238 (ms)
2026-07-10 21:17:25,704 [INFO] Pass: FixedPoint - 0.00286 (ms)
2026-07-10 21:17:25,704 [INFO] Pass: RemoveIdentityEquivalent - 0.00334 (ms)
2026-07-10 21:17:25,704 [INFO] Pass: Optimize1qGatesDecomposition - 0.08440 (ms)
2026-07-10 21:17:25,704 [INFO] Pass: CommutativeCancellation - 0.03815 (ms)
2026-07-10 21:17:25,704 [INFO] Pass: ContractIdleWiresInControlFlow - 0.00167 (ms)
2026-07-10 21:17:25,704 [INFO] Pass: GatesInBasis - 0.00668 (ms)
2026-07-10 21:17:25,704 [INFO] Pass: Depth - 0.00739 (ms)
2026-07-10 21:17:25,704 [INFO] Pass: FixedPoint - 0.00310 (ms)
2026-07-10 21:17:25,704 [INFO] Pass: Size - 0.00215 (ms)
2026-07-10 21:17:25,704 [INFO] Pass: FixedPoint - 0.00286 (ms)
2026-07-10 21:17:25,705 [INFO] Pass: ContainsInstruction - 0.00525 (ms)
2026-07-10 21:17:25,705 [INFO] Total Transpile Time - 91.22634 (ms)
2026-07-10 21:17:38,621 [INFO] [PCE] n=25 instancia 5/100 completada en 0:00:00:13 — transcurrido=0:00:01:08 restante_estimado=0:00:21:27
2026-07-10 21:17:38,714 [INFO] Pass: ContainsInstruction - 0.01860 (ms)
2026-07-10 21:17:38,714 [INFO] Pass: UnitarySynthesis - 0.00668 (ms)
2026-07-10 21:17:38,714 [INFO] Pass: HighLevelSynthesis - 0.00644 (ms)
2026-07-10 21:17:38,714 [INFO] Pass: BasisTranslator - 0.06700 (ms)
2026-07-10 21:17:38,715 [INFO] Pass: ElidePermutations - 0.00501 (ms)
2026-07-10 21:17:38,715 [INFO] Pass: RemoveDiagonalGatesBeforeMeasure - 0.00739 (ms)
2026-07-10 21:17:38,715 [INFO] Pass: RemoveIdentityEquivalent - 0.00286 (ms)
2026-07-10 21:17:38,715 [INFO] Pass: InverseCancellation - 0.00525 (ms)
2026-07-10 21:17:38,715 [INFO] Pass: ContractIdleWiresInControlFlow - 0.00238 (ms)
2026-07-10 21:17:38,715 [INFO] Pass: CommutativeCancellation - 0.02241 (ms)
2026-07-10 21:17:38,715 [INFO] Pass: ConsolidateBlocks - 0.03314 (ms)
2026-07-10 21:17:38,715 [INFO] Pass: Split2QUnitaries - 0.00358 (ms)
2026-07-10 21:17:38,715 [INFO] Pass: UnitarySynthesis - 0.00477 (ms)
2026-07-10 21:17:38,715 [INFO] Pass: HighLevelSynthesis - 0.00930 (ms)
2026-07-10 21:17:38,715 [INFO] Pass: BasisTranslator - 0.05102 (ms)
2026-07-10 21:17:38,715 [INFO] Pass: ConsolidateBlocks - 0.04148 (ms)
2026-07-10 21:17:38,715 [INFO] Pass: UnitarySynthesis - 0.00405 (ms)
2026-07-10 21:17:38,715 [INFO] Pass: Depth - 0.00954 (ms)
2026-07-10 21:17:38,715 [INFO] Pass: FixedPoint - 0.00477 (ms)
2026-07-10 21:17:38,715 [INFO] Pass: Size - 0.00334 (ms)
2026-07-10 21:17:38,715 [INFO] Pass: FixedPoint - 0.00334 (ms)
2026-07-10 21:17:38,715 [INFO] Pass: RemoveIdentityEquivalent - 0.00238 (ms)
2026-07-10 21:17:38,715 [INFO] Pass: Optimize1qGatesDecomposition - 0.03004 (ms)
2026-07-10 21:17:38,715 [INFO] Pass: CommutativeCancellation - 0.04983 (ms)
2026-07-10 21:17:38,715 [INFO] Pass: ContractIdleWiresInControlFlow - 0.00215 (ms)
2026-07-10 21:17:38,715 [INFO] Pass: GatesInBasis - 0.00882 (ms)
2026-07-10 21:17:38,715 [INFO] Pass: Depth - 0.00763 (ms)
2026-07-10 21:17:38,715 [INFO] Pass: FixedPoint - 0.00334 (ms)
2026-07-10 21:17:38,715 [INFO] Pass: Size - 0.00191 (ms)
2026-07-10 21:17:38,715 [INFO] Pass: FixedPoint - 0.00286 (ms)
2026-07-10 21:17:38,715 [INFO] Pass: ContainsInstruction - 0.00501 (ms)
2026-07-10 21:17:38,716 [INFO] Total Transpile Time - 92.93509 (ms)
2026-07-10 21:17:38,806 [INFO] Pass: ContainsInstruction - 0.00978 (ms)
2026-07-10 21:17:38,806 [INFO] Pass: UnitarySynthesis - 0.00548 (ms)
2026-07-10 21:17:38,806 [INFO] Pass: HighLevelSynthesis - 0.00596 (ms)
2026-07-10 21:17:38,806 [INFO] Pass: BasisTranslator - 0.05388 (ms)
2026-07-10 21:17:38,806 [INFO] Pass: ElidePermutations - 0.00429 (ms)
2026-07-10 21:17:38,806 [INFO] Pass: RemoveDiagonalGatesBeforeMeasure - 0.00620 (ms)
2026-07-10 21:17:38,806 [INFO] Pass: RemoveIdentityEquivalent - 0.00429 (ms)
2026-07-10 21:17:38,806 [INFO] Pass: InverseCancellation - 0.01335 (ms)
2026-07-10 21:17:38,806 [INFO] Pass: ContractIdleWiresInControlFlow - 0.00191 (ms)
2026-07-10 21:17:38,806 [INFO] Pass: CommutativeCancellation - 0.02599 (ms)
2026-07-10 21:17:38,806 [INFO] Pass: ConsolidateBlocks - 0.03099 (ms)
2026-07-10 21:17:38,806 [INFO] Pass: Split2QUnitaries - 0.00286 (ms)
2026-07-10 21:17:38,806 [INFO] Pass: UnitarySynthesis - 0.00477 (ms)
2026-07-10 21:17:38,806 [INFO] Pass: HighLevelSynthesis - 0.00930 (ms)
2026-07-10 21:17:38,806 [INFO] Pass: BasisTranslator - 0.05317 (ms)
2026-07-10 21:17:38,806 [INFO] Pass: ConsolidateBlocks - 0.04101 (ms)
2026-07-10 21:17:38,806 [INFO] Pass: UnitarySynthesis - 0.01121 (ms)
2026-07-10 21:17:38,806 [INFO] Pass: Depth - 0.01001 (ms)
2026-07-10 21:17:38,806 [INFO] Pass: FixedPoint - 0.00453 (ms)
2026-07-10 21:17:38,806 [INFO] Pass: Size - 0.00286 (ms)
2026-07-10 21:17:38,806 [INFO] Pass: FixedPoint - 0.00286 (ms)
2026-07-10 21:17:38,806 [INFO] Pass: RemoveIdentityEquivalent - 0.00334 (ms)
2026-07-10 21:17:38,806 [INFO] Pass: Optimize1qGatesDecomposition - 0.09060 (ms)
2026-07-10 21:17:38,807 [INFO] Pass: CommutativeCancellation - 0.04983 (ms)
2026-07-10 21:17:38,807 [INFO] Pass: ContractIdleWiresInControlFlow - 0.00238 (ms)
2026-07-10 21:17:38,807 [INFO] Pass: GatesInBasis - 0.00834 (ms)
2026-07-10 21:17:38,807 [INFO] Pass: Depth - 0.00930 (ms)
2026-07-10 21:17:38,807 [INFO] Pass: FixedPoint - 0.00358 (ms)
2026-07-10 21:17:38,807 [INFO] Pass: Size - 0.00215 (ms)
2026-07-10 21:17:38,807 [INFO] Pass: FixedPoint - 0.00286 (ms)
2026-07-10 21:17:38,807 [INFO] Pass: ContainsInstruction - 0.00525 (ms)
2026-07-10 21:17:38,807 [INFO] Total Transpile Time - 90.90567 (ms)
2026-07-10 21:17:38,897 [INFO] Pass: ContainsInstruction - 0.00906 (ms)
2026-07-10 21:17:38,897 [INFO] Pass: UnitarySynthesis - 0.00644 (ms)
2026-07-10 21:17:38,897 [INFO] Pass: HighLevelSynthesis - 0.00548 (ms)
2026-07-10 21:17:38,897 [INFO] Pass: BasisTranslator - 0.05436 (ms)
2026-07-10 21:17:38,897 [INFO] Pass: ElidePermutations - 0.00334 (ms)
2026-07-10 21:17:38,897 [INFO] Pass: RemoveDiagonalGatesBeforeMeasure - 0.00572 (ms)
2026-07-10 21:17:38,897 [INFO] Pass: RemoveIdentityEquivalent - 0.00453 (ms)
2026-07-10 21:17:38,897 [INFO] Pass: InverseCancellation - 0.01287 (ms)
2026-07-10 21:17:38,897 [INFO] Pass: ContractIdleWiresInControlFlow - 0.00191 (ms)
2026-07-10 21:17:38,898 [INFO] Pass: CommutativeCancellation - 0.02289 (ms)
2026-07-10 21:17:38,898 [INFO] Pass: ConsolidateBlocks - 0.02980 (ms)
2026-07-10 21:17:38,898 [INFO] Pass: Split2QUnitaries - 0.00286 (ms)
2026-07-10 21:17:38,898 [INFO] Pass: UnitarySynthesis - 0.00525 (ms)
2026-07-10 21:17:38,898 [INFO] Pass: HighLevelSynthesis - 0.00978 (ms)
2026-07-10 21:17:38,898 [INFO] Pass: BasisTranslator - 0.05388 (ms)
2026-07-10 21:17:38,898 [INFO] Pass: ConsolidateBlocks - 0.04053 (ms)
2026-07-10 21:17:38,898 [INFO] Pass: UnitarySynthesis - 0.00453 (ms)
2026-07-10 21:17:38,898 [INFO] Pass: Depth - 0.00906 (ms)
2026-07-10 21:17:38,898 [INFO] Pass: FixedPoint - 0.00429 (ms)
2026-07-10 21:17:38,898 [INFO] Pass: Size - 0.00262 (ms)
2026-07-10 21:17:38,898 [INFO] Pass: FixedPoint - 0.00286 (ms)
2026-07-10 21:17:38,898 [INFO] Pass: RemoveIdentityEquivalent - 0.00334 (ms)
2026-07-10 21:17:38,898 [INFO] Pass: Optimize1qGatesDecomposition - 0.09203 (ms)
2026-07-10 21:17:38,898 [INFO] Pass: CommutativeCancellation - 0.04339 (ms)
2026-07-10 21:17:38,898 [INFO] Pass: ContractIdleWiresInControlFlow - 0.00167 (ms)
2026-07-10 21:17:38,898 [INFO] Pass: GatesInBasis - 0.00787 (ms)
2026-07-10 21:17:38,898 [INFO] Pass: Depth - 0.00882 (ms)
2026-07-10 21:17:38,898 [INFO] Pass: FixedPoint - 0.00358 (ms)
2026-07-10 21:17:38,898 [INFO] Pass: Size - 0.00215 (ms)
2026-07-10 21:17:38,898 [INFO] Pass: FixedPoint - 0.00286 (ms)
2026-07-10 21:17:38,898 [INFO] Pass: RemoveIdentityEquivalent - 0.00358 (ms)
2026-07-10 21:17:38,898 [INFO] Pass: Optimize1qGatesDecomposition - 0.07939 (ms)
2026-07-10 21:17:38,898 [INFO] Pass: CommutativeCancellation - 0.03767 (ms)
2026-07-10 21:17:38,899 [INFO] Pass: ContractIdleWiresInControlFlow - 0.00167 (ms)
2026-07-10 21:17:38,899 [INFO] Pass: GatesInBasis - 0.00763 (ms)
2026-07-10 21:17:38,899 [INFO] Pass: Depth - 0.00787 (ms)
2026-07-10 21:17:38,899 [INFO] Pass: FixedPoint - 0.00286 (ms)
2026-07-10 21:17:38,899 [INFO] Pass: Size - 0.00167 (ms)
2026-07-10 21:17:38,899 [INFO] Pass: FixedPoint - 0.00262 (ms)
2026-07-10 21:17:38,899 [INFO] Pass: ContainsInstruction - 0.00501 (ms)
2026-07-10 21:17:38,899 [INFO] Total Transpile Time - 91.53390 (ms)
2026-07-10 21:17:52,526 [INFO] [PCE] n=25 instancia 6/100 completada en 0:00:00:14 — transcurrido=0:00:01:22 restante_estimado=0:00:21:19
2026-07-10 21:17:52,619 [INFO] Pass: ContainsInstruction - 0.01121 (ms)
2026-07-10 21:17:52,619 [INFO] Pass: UnitarySynthesis - 0.00620 (ms)
2026-07-10 21:17:52,619 [INFO] Pass: HighLevelSynthesis - 0.00644 (ms)
2026-07-10 21:17:52,619 [INFO] Pass: BasisTranslator - 0.05794 (ms)
2026-07-10 21:17:52,619 [INFO] Pass: ElidePermutations - 0.00525 (ms)
2026-07-10 21:17:52,619 [INFO] Pass: RemoveDiagonalGatesBeforeMeasure - 0.00739 (ms)
2026-07-10 21:17:52,619 [INFO] Pass: RemoveIdentityEquivalent - 0.00334 (ms)
2026-07-10 21:17:52,619 [INFO] Pass: InverseCancellation - 0.00501 (ms)
2026-07-10 21:17:52,619 [INFO] Pass: ContractIdleWiresInControlFlow - 0.00215 (ms)
2026-07-10 21:17:52,619 [INFO] Pass: CommutativeCancellation - 0.02265 (ms)
2026-07-10 21:17:52,619 [INFO] Pass: ConsolidateBlocks - 0.03386 (ms)
2026-07-10 21:17:52,620 [INFO] Pass: Split2QUnitaries - 0.00358 (ms)
2026-07-10 21:17:52,620 [INFO] Pass: UnitarySynthesis - 0.00501 (ms)
2026-07-10 21:17:52,620 [INFO] Pass: HighLevelSynthesis - 0.00858 (ms)
2026-07-10 21:17:52,620 [INFO] Pass: BasisTranslator - 0.05293 (ms)
2026-07-10 21:17:52,620 [INFO] Pass: ConsolidateBlocks - 0.03934 (ms)
2026-07-10 21:17:52,620 [INFO] Pass: UnitarySynthesis - 0.00405 (ms)
2026-07-10 21:17:52,620 [INFO] Pass: Depth - 0.01001 (ms)
2026-07-10 21:17:52,620 [INFO] Pass: FixedPoint - 0.00477 (ms)
2026-07-10 21:17:52,620 [INFO] Pass: Size - 0.00381 (ms)
2026-07-10 21:17:52,620 [INFO] Pass: FixedPoint - 0.00262 (ms)
2026-07-10 21:17:52,620 [INFO] Pass: RemoveIdentityEquivalent - 0.00310 (ms)
2026-07-10 21:17:52,620 [INFO] Pass: Optimize1qGatesDecomposition - 0.02742 (ms)
2026-07-10 21:17:52,620 [INFO] Pass: CommutativeCancellation - 0.04220 (ms)
2026-07-10 21:17:52,620 [INFO] Pass: ContractIdleWiresInControlFlow - 0.00215 (ms)
2026-07-10 21:17:52,620 [INFO] Pass: GatesInBasis - 0.00811 (ms)
2026-07-10 21:17:52,620 [INFO] Pass: Depth - 0.00811 (ms)
2026-07-10 21:17:52,620 [INFO] Pass: FixedPoint - 0.00334 (ms)
2026-07-10 21:17:52,620 [INFO] Pass: Size - 0.00191 (ms)
2026-07-10 21:17:52,620 [INFO] Pass: FixedPoint - 0.00238 (ms)
2026-07-10 21:17:52,620 [INFO] Pass: ContainsInstruction - 0.00477 (ms)
2026-07-10 21:17:52,620 [INFO] Total Transpile Time - 92.57650 (ms)
2026-07-10 21:17:52,711 [INFO] Pass: ContainsInstruction - 0.01001 (ms)
2026-07-10 21:17:52,711 [INFO] Pass: UnitarySynthesis - 0.00572 (ms)
2026-07-10 21:17:52,711 [INFO] Pass: HighLevelSynthesis - 0.00525 (ms)
2026-07-10 21:17:52,711 [INFO] Pass: BasisTranslator - 0.05317 (ms)
2026-07-10 21:17:52,711 [INFO] Pass: ElidePermutations - 0.00358 (ms)
2026-07-10 21:17:52,711 [INFO] Pass: RemoveDiagonalGatesBeforeMeasure - 0.00620 (ms)
2026-07-10 21:17:52,711 [INFO] Pass: RemoveIdentityEquivalent - 0.00405 (ms)
2026-07-10 21:17:52,711 [INFO] Pass: InverseCancellation - 0.01216 (ms)
2026-07-10 21:17:52,711 [INFO] Pass: ContractIdleWiresInControlFlow - 0.00215 (ms)
2026-07-10 21:17:52,711 [INFO] Pass: CommutativeCancellation - 0.02527 (ms)
2026-07-10 21:17:52,711 [INFO] Pass: ConsolidateBlocks - 0.03052 (ms)
2026-07-10 21:17:52,711 [INFO] Pass: Split2QUnitaries - 0.00286 (ms)
2026-07-10 21:17:52,711 [INFO] Pass: UnitarySynthesis - 0.01144 (ms)
2026-07-10 21:17:52,711 [INFO] Pass: HighLevelSynthesis - 0.00906 (ms)
2026-07-10 21:17:52,711 [INFO] Pass: BasisTranslator - 0.05269 (ms)
2026-07-10 21:17:52,711 [INFO] Pass: ConsolidateBlocks - 0.04101 (ms)
2026-07-10 21:17:52,711 [INFO] Pass: UnitarySynthesis - 0.00405 (ms)
2026-07-10 21:17:52,711 [INFO] Pass: Depth - 0.00954 (ms)
2026-07-10 21:17:52,712 [INFO] Pass: FixedPoint - 0.00453 (ms)
2026-07-10 21:17:52,712 [INFO] Pass: Size - 0.00310 (ms)
2026-07-10 21:17:52,712 [INFO] Pass: FixedPoint - 0.00310 (ms)
2026-07-10 21:17:52,712 [INFO] Pass: RemoveIdentityEquivalent - 0.00334 (ms)
2026-07-10 21:17:52,712 [INFO] Pass: Optimize1qGatesDecomposition - 0.09060 (ms)
2026-07-10 21:17:52,712 [INFO] Pass: CommutativeCancellation - 0.04816 (ms)
2026-07-10 21:17:52,712 [INFO] Pass: ContractIdleWiresInControlFlow - 0.00215 (ms)
2026-07-10 21:17:52,712 [INFO] Pass: GatesInBasis - 0.00858 (ms)
2026-07-10 21:17:52,712 [INFO] Pass: Depth - 0.00882 (ms)
2026-07-10 21:17:52,712 [INFO] Pass: FixedPoint - 0.00358 (ms)
2026-07-10 21:17:52,712 [INFO] Pass: Size - 0.00238 (ms)
2026-07-10 21:17:52,712 [INFO] Pass: FixedPoint - 0.00262 (ms)
2026-07-10 21:17:52,712 [INFO] Pass: ContainsInstruction - 0.00453 (ms)
2026-07-10 21:17:52,712 [INFO] Total Transpile Time - 91.38346 (ms)
2026-07-10 21:17:52,802 [INFO] Pass: ContainsInstruction - 0.00930 (ms)
2026-07-10 21:17:52,802 [INFO] Pass: UnitarySynthesis - 0.00596 (ms)
2026-07-10 21:17:52,803 [INFO] Pass: HighLevelSynthesis - 0.00525 (ms)
2026-07-10 21:17:52,803 [INFO] Pass: BasisTranslator - 0.05269 (ms)
2026-07-10 21:17:52,803 [INFO] Pass: ElidePermutations - 0.00334 (ms)
2026-07-10 21:17:52,803 [INFO] Pass: RemoveDiagonalGatesBeforeMeasure - 0.00548 (ms)
2026-07-10 21:17:52,803 [INFO] Pass: RemoveIdentityEquivalent - 0.00429 (ms)
2026-07-10 21:17:52,803 [INFO] Pass: InverseCancellation - 0.01168 (ms)
2026-07-10 21:17:52,803 [INFO] Pass: ContractIdleWiresInControlFlow - 0.00215 (ms)
2026-07-10 21:17:52,803 [INFO] Pass: CommutativeCancellation - 0.02289 (ms)
2026-07-10 21:17:52,803 [INFO] Pass: ConsolidateBlocks - 0.02980 (ms)
2026-07-10 21:17:52,803 [INFO] Pass: Split2QUnitaries - 0.00262 (ms)
2026-07-10 21:17:52,803 [INFO] Pass: UnitarySynthesis - 0.00477 (ms)
2026-07-10 21:17:52,803 [INFO] Pass: HighLevelSynthesis - 0.00978 (ms)
2026-07-10 21:17:52,803 [INFO] Pass: BasisTranslator - 0.05269 (ms)
2026-07-10 21:17:52,803 [INFO] Pass: ConsolidateBlocks - 0.04029 (ms)
2026-07-10 21:17:52,803 [INFO] Pass: UnitarySynthesis - 0.00453 (ms)
2026-07-10 21:17:52,803 [INFO] Pass: Depth - 0.00978 (ms)
2026-07-10 21:17:52,803 [INFO] Pass: FixedPoint - 0.00429 (ms)
2026-07-10 21:17:52,803 [INFO] Pass: Size - 0.00286 (ms)
2026-07-10 21:17:52,803 [INFO] Pass: FixedPoint - 0.00262 (ms)
2026-07-10 21:17:52,803 [INFO] Pass: RemoveIdentityEquivalent - 0.00381 (ms)
2026-07-10 21:17:52,803 [INFO] Pass: Optimize1qGatesDecomposition - 0.09346 (ms)
2026-07-10 21:17:52,803 [INFO] Pass: CommutativeCancellation - 0.04268 (ms)
2026-07-10 21:17:52,803 [INFO] Pass: ContractIdleWiresInControlFlow - 0.00191 (ms)
2026-07-10 21:17:52,804 [INFO] Pass: GatesInBasis - 0.00787 (ms)
2026-07-10 21:17:52,804 [INFO] Pass: Depth - 0.00906 (ms)
2026-07-10 21:17:52,804 [INFO] Pass: FixedPoint - 0.00358 (ms)
2026-07-10 21:17:52,804 [INFO] Pass: Size - 0.00215 (ms)
2026-07-10 21:17:52,804 [INFO] Pass: FixedPoint - 0.00310 (ms)
2026-07-10 21:17:52,804 [INFO] Pass: RemoveIdentityEquivalent - 0.00358 (ms)
2026-07-10 21:17:52,804 [INFO] Pass: Optimize1qGatesDecomposition - 0.07796 (ms)
2026-07-10 21:17:52,804 [INFO] Pass: CommutativeCancellation - 0.03624 (ms)
2026-07-10 21:17:52,804 [INFO] Pass: ContractIdleWiresInControlFlow - 0.00167 (ms)
2026-07-10 21:17:52,804 [INFO] Pass: GatesInBasis - 0.00620 (ms)
2026-07-10 21:17:52,804 [INFO] Pass: Depth - 0.00763 (ms)
2026-07-10 21:17:52,804 [INFO] Pass: FixedPoint - 0.00310 (ms)
2026-07-10 21:17:52,804 [INFO] Pass: Size - 0.00191 (ms)
2026-07-10 21:17:52,804 [INFO] Pass: FixedPoint - 0.00262 (ms)
2026-07-10 21:17:52,804 [INFO] Pass: ContainsInstruction - 0.00525 (ms)
2026-07-10 21:17:52,804 [INFO] Total Transpile Time - 91.63666 (ms)
2026-07-10 21:18:06,024 [INFO] [PCE] n=25 instancia 7/100 completada en 0:00:00:13 — transcurrido=0:00:01:35 restante_estimado=0:00:21:04
2026-07-10 21:18:06,118 [INFO] Pass: ContainsInstruction - 0.01073 (ms)
2026-07-10 21:18:06,118 [INFO] Pass: UnitarySynthesis - 0.00644 (ms)
2026-07-10 21:18:06,118 [INFO] Pass: HighLevelSynthesis - 0.00668 (ms)
2026-07-10 21:18:06,118 [INFO] Pass: BasisTranslator - 0.06628 (ms)
2026-07-10 21:18:06,118 [INFO] Pass: ElidePermutations - 0.00525 (ms)
2026-07-10 21:18:06,118 [INFO] Pass: RemoveDiagonalGatesBeforeMeasure - 0.00834 (ms)
2026-07-10 21:18:06,118 [INFO] Pass: RemoveIdentityEquivalent - 0.00334 (ms)
2026-07-10 21:18:06,118 [INFO] Pass: InverseCancellation - 0.00501 (ms)
2026-07-10 21:18:06,118 [INFO] Pass: ContractIdleWiresInControlFlow - 0.00238 (ms)
2026-07-10 21:18:06,118 [INFO] Pass: CommutativeCancellation - 0.02193 (ms)
2026-07-10 21:18:06,119 [INFO] Pass: ConsolidateBlocks - 0.03433 (ms)
2026-07-10 21:18:06,119 [INFO] Pass: Split2QUnitaries - 0.00358 (ms)
2026-07-10 21:18:06,119 [INFO] Pass: UnitarySynthesis - 0.00525 (ms)
2026-07-10 21:18:06,119 [INFO] Pass: HighLevelSynthesis - 0.00978 (ms)
2026-07-10 21:18:06,119 [INFO] Pass: BasisTranslator - 0.05388 (ms)
2026-07-10 21:18:06,119 [INFO] Pass: ConsolidateBlocks - 0.04053 (ms)
2026-07-10 21:18:06,119 [INFO] Pass: UnitarySynthesis - 0.00405 (ms)
2026-07-10 21:18:06,119 [INFO] Pass: Depth - 0.01025 (ms)
2026-07-10 21:18:06,119 [INFO] Pass: FixedPoint - 0.00477 (ms)
2026-07-10 21:18:06,119 [INFO] Pass: Size - 0.00334 (ms)
2026-07-10 21:18:06,119 [INFO] Pass: FixedPoint - 0.00286 (ms)
2026-07-10 21:18:06,119 [INFO] Pass: RemoveIdentityEquivalent - 0.00238 (ms)
2026-07-10 21:18:06,119 [INFO] Pass: Optimize1qGatesDecomposition - 0.02813 (ms)
2026-07-10 21:18:06,119 [INFO] Pass: CommutativeCancellation - 0.04244 (ms)
2026-07-10 21:18:06,119 [INFO] Pass: ContractIdleWiresInControlFlow - 0.00167 (ms)
2026-07-10 21:18:06,119 [INFO] Pass: GatesInBasis - 0.00906 (ms)
2026-07-10 21:18:06,119 [INFO] Pass: Depth - 0.00787 (ms)
2026-07-10 21:18:06,119 [INFO] Pass: FixedPoint - 0.00358 (ms)
2026-07-10 21:18:06,119 [INFO] Pass: Size - 0.00167 (ms)
2026-07-10 21:18:06,119 [INFO] Pass: FixedPoint - 0.00238 (ms)
2026-07-10 21:18:06,119 [INFO] Pass: ContainsInstruction - 0.01192 (ms)
2026-07-10 21:18:06,119 [INFO] Total Transpile Time - 93.39929 (ms)
2026-07-10 21:18:06,209 [INFO] Pass: ContainsInstruction - 0.00954 (ms)
2026-07-10 21:18:06,209 [INFO] Pass: UnitarySynthesis - 0.00596 (ms)
2026-07-10 21:18:06,210 [INFO] Pass: HighLevelSynthesis - 0.00548 (ms)
2026-07-10 21:18:06,210 [INFO] Pass: BasisTranslator - 0.05555 (ms)
2026-07-10 21:18:06,210 [INFO] Pass: ElidePermutations - 0.00405 (ms)
2026-07-10 21:18:06,210 [INFO] Pass: RemoveDiagonalGatesBeforeMeasure - 0.00572 (ms)
2026-07-10 21:18:06,210 [INFO] Pass: RemoveIdentityEquivalent - 0.00405 (ms)
2026-07-10 21:18:06,210 [INFO] Pass: InverseCancellation - 0.01335 (ms)
2026-07-10 21:18:06,210 [INFO] Pass: ContractIdleWiresInControlFlow - 0.00191 (ms)
2026-07-10 21:18:06,210 [INFO] Pass: CommutativeCancellation - 0.02599 (ms)
2026-07-10 21:18:06,210 [INFO] Pass: ConsolidateBlocks - 0.03004 (ms)
2026-07-10 21:18:06,210 [INFO] Pass: Split2QUnitaries - 0.00310 (ms)
2026-07-10 21:18:06,210 [INFO] Pass: UnitarySynthesis - 0.00477 (ms)
2026-07-10 21:18:06,210 [INFO] Pass: HighLevelSynthesis - 0.00906 (ms)
2026-07-10 21:18:06,210 [INFO] Pass: BasisTranslator - 0.05341 (ms)
2026-07-10 21:18:06,210 [INFO] Pass: ConsolidateBlocks - 0.04077 (ms)
2026-07-10 21:18:06,210 [INFO] Pass: UnitarySynthesis - 0.00429 (ms)
2026-07-10 21:18:06,210 [INFO] Pass: Depth - 0.01025 (ms)
2026-07-10 21:18:06,210 [INFO] Pass: FixedPoint - 0.00453 (ms)
2026-07-10 21:18:06,210 [INFO] Pass: Size - 0.00310 (ms)
2026-07-10 21:18:06,210 [INFO] Pass: FixedPoint - 0.00262 (ms)
2026-07-10 21:18:06,210 [INFO] Pass: RemoveIdentityEquivalent - 0.00334 (ms)
2026-07-10 21:18:06,210 [INFO] Pass: Optimize1qGatesDecomposition - 0.09155 (ms)
2026-07-10 21:18:06,210 [INFO] Pass: CommutativeCancellation - 0.04983 (ms)
2026-07-10 21:18:06,210 [INFO] Pass: ContractIdleWiresInControlFlow - 0.00191 (ms)
2026-07-10 21:18:06,211 [INFO] Pass: GatesInBasis - 0.00811 (ms)
2026-07-10 21:18:06,211 [INFO] Pass: Depth - 0.00906 (ms)
2026-07-10 21:18:06,211 [INFO] Pass: FixedPoint - 0.00358 (ms)
2026-07-10 21:18:06,211 [INFO] Pass: Size - 0.00238 (ms)
2026-07-10 21:18:06,211 [INFO] Pass: FixedPoint - 0.00310 (ms)
2026-07-10 21:18:06,211 [INFO] Pass: ContainsInstruction - 0.00477 (ms)
2026-07-10 21:18:06,211 [INFO] Total Transpile Time - 90.97576 (ms)
2026-07-10 21:18:06,301 [INFO] Pass: ContainsInstruction - 0.00930 (ms)
2026-07-10 21:18:06,301 [INFO] Pass: UnitarySynthesis - 0.00620 (ms)
2026-07-10 21:18:06,301 [INFO] Pass: HighLevelSynthesis - 0.00501 (ms)
2026-07-10 21:18:06,301 [INFO] Pass: BasisTranslator - 0.05412 (ms)
2026-07-10 21:18:06,301 [INFO] Pass: ElidePermutations - 0.00334 (ms)
2026-07-10 21:18:06,302 [INFO] Pass: RemoveDiagonalGatesBeforeMeasure - 0.00501 (ms)
2026-07-10 21:18:06,302 [INFO] Pass: RemoveIdentityEquivalent - 0.00429 (ms)
2026-07-10 21:18:06,302 [INFO] Pass: InverseCancellation - 0.01216 (ms)
2026-07-10 21:18:06,302 [INFO] Pass: ContractIdleWiresInControlFlow - 0.00191 (ms)
2026-07-10 21:18:06,302 [INFO] Pass: CommutativeCancellation - 0.02337 (ms)
2026-07-10 21:18:06,302 [INFO] Pass: ConsolidateBlocks - 0.02789 (ms)
2026-07-10 21:18:06,302 [INFO] Pass: Split2QUnitaries - 0.00262 (ms)
2026-07-10 21:18:06,302 [INFO] Pass: UnitarySynthesis - 0.00501 (ms)
2026-07-10 21:18:06,302 [INFO] Pass: HighLevelSynthesis - 0.00954 (ms)
2026-07-10 21:18:06,302 [INFO] Pass: BasisTranslator - 0.05317 (ms)
2026-07-10 21:18:06,302 [INFO] Pass: ConsolidateBlocks - 0.04053 (ms)
2026-07-10 21:18:06,302 [INFO] Pass: UnitarySynthesis - 0.00453 (ms)
2026-07-10 21:18:06,302 [INFO] Pass: Depth - 0.00930 (ms)
2026-07-10 21:18:06,302 [INFO] Pass: FixedPoint - 0.00429 (ms)
2026-07-10 21:18:06,302 [INFO] Pass: Size - 0.00238 (ms)
2026-07-10 21:18:06,302 [INFO] Pass: FixedPoint - 0.00262 (ms)
2026-07-10 21:18:06,302 [INFO] Pass: RemoveIdentityEquivalent - 0.00381 (ms)
2026-07-10 21:18:06,302 [INFO] Pass: Optimize1qGatesDecomposition - 0.09346 (ms)
2026-07-10 21:18:06,302 [INFO] Pass: CommutativeCancellation - 0.05054 (ms)
2026-07-10 21:18:06,302 [INFO] Pass: ContractIdleWiresInControlFlow - 0.00215 (ms)
2026-07-10 21:18:06,302 [INFO] Pass: GatesInBasis - 0.00858 (ms)
2026-07-10 21:18:06,302 [INFO] Pass: Depth - 0.00978 (ms)
2026-07-10 21:18:06,302 [INFO] Pass: FixedPoint - 0.00381 (ms)
2026-07-10 21:18:06,302 [INFO] Pass: Size - 0.00215 (ms)
2026-07-10 21:18:06,302 [INFO] Pass: FixedPoint - 0.00310 (ms)
2026-07-10 21:18:06,302 [INFO] Pass: RemoveIdentityEquivalent - 0.00358 (ms)
2026-07-10 21:18:06,303 [INFO] Pass: Optimize1qGatesDecomposition - 0.08035 (ms)
2026-07-10 21:18:06,303 [INFO] Pass: CommutativeCancellation - 0.03839 (ms)
2026-07-10 21:18:06,303 [INFO] Pass: ContractIdleWiresInControlFlow - 0.00167 (ms)
2026-07-10 21:18:06,303 [INFO] Pass: GatesInBasis - 0.00668 (ms)
2026-07-10 21:18:06,303 [INFO] Pass: Depth - 0.00834 (ms)
2026-07-10 21:18:06,303 [INFO] Pass: FixedPoint - 0.00310 (ms)
2026-07-10 21:18:06,303 [INFO] Pass: Size - 0.00215 (ms)
2026-07-10 21:18:06,303 [INFO] Pass: FixedPoint - 0.00286 (ms)
2026-07-10 21:18:06,303 [INFO] Pass: ContainsInstruction - 0.00501 (ms)
2026-07-10 21:18:06,303 [INFO] Total Transpile Time - 91.81547 (ms)
2026-07-10 21:18:18,477 [INFO] [PCE] n=25 instancia 8/100 completada en 0:00:00:12 — transcurrido=0:00:01:48 restante_estimado=0:00:20:38
2026-07-10 21:18:18,570 [INFO] Pass: ContainsInstruction - 0.01025 (ms)
2026-07-10 21:18:18,570 [INFO] Pass: UnitarySynthesis - 0.00668 (ms)
2026-07-10 21:18:18,570 [INFO] Pass: HighLevelSynthesis - 0.00644 (ms)
2026-07-10 21:18:18,570 [INFO] Pass: BasisTranslator - 0.05817 (ms)
2026-07-10 21:18:18,570 [INFO] Pass: ElidePermutations - 0.00477 (ms)
2026-07-10 21:18:18,570 [INFO] Pass: RemoveDiagonalGatesBeforeMeasure - 0.00787 (ms)
2026-07-10 21:18:18,570 [INFO] Pass: RemoveIdentityEquivalent - 0.00334 (ms)
2026-07-10 21:18:18,570 [INFO] Pass: InverseCancellation - 0.00501 (ms)
2026-07-10 21:18:18,570 [INFO] Pass: ContractIdleWiresInControlFlow - 0.00215 (ms)
2026-07-10 21:18:18,571 [INFO] Pass: CommutativeCancellation - 0.02217 (ms)
2026-07-10 21:18:18,571 [INFO] Pass: ConsolidateBlocks - 0.03219 (ms)
2026-07-10 21:18:18,571 [INFO] Pass: Split2QUnitaries - 0.00310 (ms)
2026-07-10 21:18:18,571 [INFO] Pass: UnitarySynthesis - 0.00477 (ms)
2026-07-10 21:18:18,571 [INFO] Pass: HighLevelSynthesis - 0.00858 (ms)
2026-07-10 21:18:18,571 [INFO] Pass: BasisTranslator - 0.05317 (ms)
2026-07-10 21:18:18,571 [INFO] Pass: ConsolidateBlocks - 0.04029 (ms)
2026-07-10 21:18:18,571 [INFO] Pass: UnitarySynthesis - 0.00405 (ms)
2026-07-10 21:18:18,571 [INFO] Pass: Depth - 0.00954 (ms)
2026-07-10 21:18:18,571 [INFO] Pass: FixedPoint - 0.00453 (ms)
2026-07-10 21:18:18,571 [INFO] Pass: Size - 0.00358 (ms)
2026-07-10 21:18:18,571 [INFO] Pass: FixedPoint - 0.00262 (ms)
2026-07-10 21:18:18,571 [INFO] Pass: RemoveIdentityEquivalent - 0.00286 (ms)
2026-07-10 21:18:18,571 [INFO] Pass: Optimize1qGatesDecomposition - 0.02766 (ms)
2026-07-10 21:18:18,571 [INFO] Pass: CommutativeCancellation - 0.04244 (ms)
2026-07-10 21:18:18,571 [INFO] Pass: ContractIdleWiresInControlFlow - 0.00191 (ms)
2026-07-10 21:18:18,571 [INFO] Pass: GatesInBasis - 0.00906 (ms)
2026-07-10 21:18:18,571 [INFO] Pass: Depth - 0.00787 (ms)
2026-07-10 21:18:18,571 [INFO] Pass: FixedPoint - 0.00358 (ms)
2026-07-10 21:18:18,571 [INFO] Pass: Size - 0.00215 (ms)
2026-07-10 21:18:18,571 [INFO] Pass: FixedPoint - 0.00286 (ms)
2026-07-10 21:18:18,571 [INFO] Pass: ContainsInstruction - 0.00525 (ms)
2026-07-10 21:18:18,571 [INFO] Total Transpile Time - 92.99707 (ms)
2026-07-10 21:18:18,661 [INFO] Pass: ContainsInstruction - 0.00978 (ms)
2026-07-10 21:18:18,661 [INFO] Pass: UnitarySynthesis - 0.00620 (ms)
2026-07-10 21:18:18,661 [INFO] Pass: HighLevelSynthesis - 0.00620 (ms)
2026-07-10 21:18:18,661 [INFO] Pass: BasisTranslator - 0.05436 (ms)
2026-07-10 21:18:18,661 [INFO] Pass: ElidePermutations - 0.00381 (ms)
2026-07-10 21:18:18,661 [INFO] Pass: RemoveDiagonalGatesBeforeMeasure - 0.00572 (ms)
2026-07-10 21:18:18,661 [INFO] Pass: RemoveIdentityEquivalent - 0.00405 (ms)
2026-07-10 21:18:18,661 [INFO] Pass: InverseCancellation - 0.01311 (ms)
2026-07-10 21:18:18,661 [INFO] Pass: ContractIdleWiresInControlFlow - 0.00215 (ms)
2026-07-10 21:18:18,662 [INFO] Pass: CommutativeCancellation - 0.02480 (ms)
2026-07-10 21:18:18,662 [INFO] Pass: ConsolidateBlocks - 0.03028 (ms)
2026-07-10 21:18:18,662 [INFO] Pass: Split2QUnitaries - 0.00334 (ms)
2026-07-10 21:18:18,662 [INFO] Pass: UnitarySynthesis - 0.00477 (ms)
2026-07-10 21:18:18,662 [INFO] Pass: HighLevelSynthesis - 0.00858 (ms)
2026-07-10 21:18:18,662 [INFO] Pass: BasisTranslator - 0.05198 (ms)
2026-07-10 21:18:18,662 [INFO] Pass: ConsolidateBlocks - 0.03958 (ms)
2026-07-10 21:18:18,662 [INFO] Pass: UnitarySynthesis - 0.00429 (ms)
2026-07-10 21:18:18,662 [INFO] Pass: Depth - 0.00954 (ms)
2026-07-10 21:18:18,662 [INFO] Pass: FixedPoint - 0.00477 (ms)
2026-07-10 21:18:18,662 [INFO] Pass: Size - 0.00334 (ms)
2026-07-10 21:18:18,662 [INFO] Pass: FixedPoint - 0.00286 (ms)
2026-07-10 21:18:18,662 [INFO] Pass: RemoveIdentityEquivalent - 0.00334 (ms)
2026-07-10 21:18:18,662 [INFO] Pass: Optimize1qGatesDecomposition - 0.09108 (ms)
2026-07-10 21:18:18,662 [INFO] Pass: CommutativeCancellation - 0.04792 (ms)
2026-07-10 21:18:18,662 [INFO] Pass: ContractIdleWiresInControlFlow - 0.00191 (ms)
2026-07-10 21:18:18,662 [INFO] Pass: GatesInBasis - 0.00834 (ms)
2026-07-10 21:18:18,662 [INFO] Pass: Depth - 0.00858 (ms)
2026-07-10 21:18:18,662 [INFO] Pass: FixedPoint - 0.00358 (ms)
2026-07-10 21:18:18,662 [INFO] Pass: Size - 0.00238 (ms)
2026-07-10 21:18:18,662 [INFO] Pass: FixedPoint - 0.00262 (ms)
2026-07-10 21:18:18,662 [INFO] Pass: ContainsInstruction - 0.00477 (ms)
2026-07-10 21:18:18,662 [INFO] Total Transpile Time - 90.65890 (ms)
2026-07-10 21:18:18,753 [INFO] Pass: ContainsInstruction - 0.00906 (ms)
2026-07-10 21:18:18,753 [INFO] Pass: UnitarySynthesis - 0.00620 (ms)
2026-07-10 21:18:18,753 [INFO] Pass: HighLevelSynthesis - 0.00525 (ms)
2026-07-10 21:18:18,753 [INFO] Pass: BasisTranslator - 0.05293 (ms)
2026-07-10 21:18:18,753 [INFO] Pass: ElidePermutations - 0.00334 (ms)
2026-07-10 21:18:18,753 [INFO] Pass: RemoveDiagonalGatesBeforeMeasure - 0.00525 (ms)
2026-07-10 21:18:18,753 [INFO] Pass: RemoveIdentityEquivalent - 0.00405 (ms)
2026-07-10 21:18:18,753 [INFO] Pass: InverseCancellation - 0.01240 (ms)
2026-07-10 21:18:18,753 [INFO] Pass: ContractIdleWiresInControlFlow - 0.00215 (ms)
2026-07-10 21:18:18,753 [INFO] Pass: CommutativeCancellation - 0.02289 (ms)
2026-07-10 21:18:18,753 [INFO] Pass: ConsolidateBlocks - 0.02813 (ms)
2026-07-10 21:18:18,753 [INFO] Pass: Split2QUnitaries - 0.00238 (ms)
2026-07-10 21:18:18,753 [INFO] Pass: UnitarySynthesis - 0.00501 (ms)
2026-07-10 21:18:18,753 [INFO] Pass: HighLevelSynthesis - 0.00954 (ms)
2026-07-10 21:18:18,753 [INFO] Pass: BasisTranslator - 0.05412 (ms)
2026-07-10 21:18:18,753 [INFO] Pass: ConsolidateBlocks - 0.04125 (ms)
2026-07-10 21:18:18,753 [INFO] Pass: UnitarySynthesis - 0.00453 (ms)
2026-07-10 21:18:18,753 [INFO] Pass: Depth - 0.00954 (ms)
2026-07-10 21:18:18,754 [INFO] Pass: FixedPoint - 0.00453 (ms)
2026-07-10 21:18:18,754 [INFO] Pass: Size - 0.00262 (ms)
2026-07-10 21:18:18,754 [INFO] Pass: FixedPoint - 0.00286 (ms)
2026-07-10 21:18:18,754 [INFO] Pass: RemoveIdentityEquivalent - 0.00358 (ms)
2026-07-10 21:18:18,754 [INFO] Pass: Optimize1qGatesDecomposition - 0.09489 (ms)
2026-07-10 21:18:18,754 [INFO] Pass: CommutativeCancellation - 0.04411 (ms)
2026-07-10 21:18:18,754 [INFO] Pass: ContractIdleWiresInControlFlow - 0.00167 (ms)
2026-07-10 21:18:18,754 [INFO] Pass: GatesInBasis - 0.00739 (ms)
2026-07-10 21:18:18,754 [INFO] Pass: Depth - 0.00930 (ms)
2026-07-10 21:18:18,754 [INFO] Pass: FixedPoint - 0.00358 (ms)
2026-07-10 21:18:18,754 [INFO] Pass: Size - 0.00215 (ms)
2026-07-10 21:18:18,754 [INFO] Pass: FixedPoint - 0.00310 (ms)
2026-07-10 21:18:18,754 [INFO] Pass: RemoveIdentityEquivalent - 0.00334 (ms)
2026-07-10 21:18:18,754 [INFO] Pass: Optimize1qGatesDecomposition - 0.07820 (ms)
2026-07-10 21:18:18,754 [INFO] Pass: CommutativeCancellation - 0.03719 (ms)
2026-07-10 21:18:18,754 [INFO] Pass: ContractIdleWiresInControlFlow - 0.00191 (ms)
2026-07-10 21:18:18,754 [INFO] Pass: GatesInBasis - 0.00644 (ms)
2026-07-10 21:18:18,754 [INFO] Pass: Depth - 0.00834 (ms)
2026-07-10 21:18:18,754 [INFO] Pass: FixedPoint - 0.00310 (ms)
2026-07-10 21:18:18,754 [INFO] Pass: Size - 0.00191 (ms)
2026-07-10 21:18:18,754 [INFO] Pass: FixedPoint - 0.00262 (ms)
2026-07-10 21:18:18,754 [INFO] Pass: ContainsInstruction - 0.00501 (ms)
2026-07-10 21:18:18,754 [INFO] Total Transpile Time - 91.62092 (ms)
2026-07-10 21:18:32,041 [INFO] [PCE] n=25 instancia 9/100 completada en 0:00:00:14 — transcurrido=0:00:02:01 restante_estimado=0:00:20:25
2026-07-10 21:18:32,134 [INFO] Pass: ContainsInstruction - 0.01144 (ms)
2026-07-10 21:18:32,134 [INFO] Pass: UnitarySynthesis - 0.00668 (ms)
2026-07-10 21:18:32,134 [INFO] Pass: HighLevelSynthesis - 0.00644 (ms)
2026-07-10 21:18:32,134 [INFO] Pass: BasisTranslator - 0.06628 (ms)
2026-07-10 21:18:32,134 [INFO] Pass: ElidePermutations - 0.00525 (ms)
2026-07-10 21:18:32,134 [INFO] Pass: RemoveDiagonalGatesBeforeMeasure - 0.00739 (ms)
2026-07-10 21:18:32,134 [INFO] Pass: RemoveIdentityEquivalent - 0.00310 (ms)
2026-07-10 21:18:32,134 [INFO] Pass: InverseCancellation - 0.00525 (ms)
2026-07-10 21:18:32,134 [INFO] Pass: ContractIdleWiresInControlFlow - 0.00215 (ms)
2026-07-10 21:18:32,134 [INFO] Pass: CommutativeCancellation - 0.02217 (ms)
2026-07-10 21:18:32,135 [INFO] Pass: ConsolidateBlocks - 0.03338 (ms)
2026-07-10 21:18:32,135 [INFO] Pass: Split2QUnitaries - 0.00334 (ms)
2026-07-10 21:18:32,135 [INFO] Pass: UnitarySynthesis - 0.00453 (ms)
2026-07-10 21:18:32,135 [INFO] Pass: HighLevelSynthesis - 0.00954 (ms)
2026-07-10 21:18:32,135 [INFO] Pass: BasisTranslator - 0.05078 (ms)
2026-07-10 21:18:32,135 [INFO] Pass: ConsolidateBlocks - 0.03982 (ms)
2026-07-10 21:18:32,135 [INFO] Pass: UnitarySynthesis - 0.00405 (ms)
2026-07-10 21:18:32,135 [INFO] Pass: Depth - 0.01025 (ms)
2026-07-10 21:18:32,135 [INFO] Pass: FixedPoint - 0.00525 (ms)
2026-07-10 21:18:32,135 [INFO] Pass: Size - 0.00381 (ms)
2026-07-10 21:18:32,135 [INFO] Pass: FixedPoint - 0.00286 (ms)
2026-07-10 21:18:32,135 [INFO] Pass: RemoveIdentityEquivalent - 0.00286 (ms)
2026-07-10 21:18:32,135 [INFO] Pass: Optimize1qGatesDecomposition - 0.02766 (ms)
2026-07-10 21:18:32,135 [INFO] Pass: CommutativeCancellation - 0.04220 (ms)
2026-07-10 21:18:32,135 [INFO] Pass: ContractIdleWiresInControlFlow - 0.00167 (ms)
2026-07-10 21:18:32,135 [INFO] Pass: GatesInBasis - 0.00882 (ms)
2026-07-10 21:18:32,135 [INFO] Pass: Depth - 0.00763 (ms)
2026-07-10 21:18:32,135 [INFO] Pass: FixedPoint - 0.00358 (ms)
2026-07-10 21:18:32,135 [INFO] Pass: Size - 0.00215 (ms)
2026-07-10 21:18:32,135 [INFO] Pass: FixedPoint - 0.00286 (ms)
2026-07-10 21:18:32,135 [INFO] Pass: ContainsInstruction - 0.00501 (ms)
2026-07-10 21:18:32,135 [INFO] Total Transpile Time - 92.90886 (ms)
2026-07-10 21:18:32,226 [INFO] Pass: ContainsInstruction - 0.00954 (ms)
2026-07-10 21:18:32,226 [INFO] Pass: UnitarySynthesis - 0.00620 (ms)
2026-07-10 21:18:32,226 [INFO] Pass: HighLevelSynthesis - 0.00572 (ms)
2026-07-10 21:18:32,226 [INFO] Pass: BasisTranslator - 0.05531 (ms)
2026-07-10 21:18:32,226 [INFO] Pass: ElidePermutations - 0.00358 (ms)
2026-07-10 21:18:32,226 [INFO] Pass: RemoveDiagonalGatesBeforeMeasure - 0.00596 (ms)
2026-07-10 21:18:32,226 [INFO] Pass: RemoveIdentityEquivalent - 0.00405 (ms)
2026-07-10 21:18:32,226 [INFO] Pass: InverseCancellation - 0.01311 (ms)
2026-07-10 21:18:32,226 [INFO] Pass: ContractIdleWiresInControlFlow - 0.00215 (ms)
2026-07-10 21:18:32,226 [INFO] Pass: CommutativeCancellation - 0.02623 (ms)
2026-07-10 21:18:32,226 [INFO] Pass: ConsolidateBlocks - 0.03123 (ms)
2026-07-10 21:18:32,226 [INFO] Pass: Split2QUnitaries - 0.00310 (ms)
2026-07-10 21:18:32,226 [INFO] Pass: UnitarySynthesis - 0.00453 (ms)
2026-07-10 21:18:32,227 [INFO] Pass: HighLevelSynthesis - 0.00954 (ms)
2026-07-10 21:18:32,227 [INFO] Pass: BasisTranslator - 0.05388 (ms)
2026-07-10 21:18:32,227 [INFO] Pass: ConsolidateBlocks - 0.04077 (ms)
2026-07-10 21:18:32,227 [INFO] Pass: UnitarySynthesis - 0.00429 (ms)
2026-07-10 21:18:32,227 [INFO] Pass: Depth - 0.00954 (ms)
2026-07-10 21:18:32,227 [INFO] Pass: FixedPoint - 0.00429 (ms)
2026-07-10 21:18:32,227 [INFO] Pass: Size - 0.00310 (ms)
2026-07-10 21:18:32,227 [INFO] Pass: FixedPoint - 0.00262 (ms)
2026-07-10 21:18:32,227 [INFO] Pass: RemoveIdentityEquivalent - 0.00334 (ms)
2026-07-10 21:18:32,227 [INFO] Pass: Optimize1qGatesDecomposition - 0.09036 (ms)
2026-07-10 21:18:32,227 [INFO] Pass: CommutativeCancellation - 0.04792 (ms)
2026-07-10 21:18:32,227 [INFO] Pass: ContractIdleWiresInControlFlow - 0.00215 (ms)
2026-07-10 21:18:32,227 [INFO] Pass: GatesInBasis - 0.00811 (ms)
2026-07-10 21:18:32,227 [INFO] Pass: Depth - 0.00811 (ms)
2026-07-10 21:18:32,227 [INFO] Pass: FixedPoint - 0.00358 (ms)
2026-07-10 21:18:32,227 [INFO] Pass: Size - 0.00215 (ms)
2026-07-10 21:18:32,227 [INFO] Pass: FixedPoint - 0.00310 (ms)
2026-07-10 21:18:32,227 [INFO] Pass: ContainsInstruction - 0.00477 (ms)
2026-07-10 21:18:32,227 [INFO] Total Transpile Time - 91.58540 (ms)
2026-07-10 21:18:32,319 [INFO] Pass: ContainsInstruction - 0.00930 (ms)
2026-07-10 21:18:32,319 [INFO] Pass: UnitarySynthesis - 0.00620 (ms)
2026-07-10 21:18:32,319 [INFO] Pass: HighLevelSynthesis - 0.00548 (ms)
2026-07-10 21:18:32,319 [INFO] Pass: BasisTranslator - 0.05436 (ms)
2026-07-10 21:18:32,319 [INFO] Pass: ElidePermutations - 0.00381 (ms)
2026-07-10 21:18:32,319 [INFO] Pass: RemoveDiagonalGatesBeforeMeasure - 0.00596 (ms)
2026-07-10 21:18:32,319 [INFO] Pass: RemoveIdentityEquivalent - 0.00477 (ms)
2026-07-10 21:18:32,319 [INFO] Pass: InverseCancellation - 0.01240 (ms)
2026-07-10 21:18:32,319 [INFO] Pass: ContractIdleWiresInControlFlow - 0.00215 (ms)
2026-07-10 21:18:32,319 [INFO] Pass: CommutativeCancellation - 0.02313 (ms)
2026-07-10 21:18:32,319 [INFO] Pass: ConsolidateBlocks - 0.02909 (ms)
2026-07-10 21:18:32,319 [INFO] Pass: Split2QUnitaries - 0.00262 (ms)
2026-07-10 21:18:32,319 [INFO] Pass: UnitarySynthesis - 0.00525 (ms)
2026-07-10 21:18:32,319 [INFO] Pass: HighLevelSynthesis - 0.00978 (ms)
2026-07-10 21:18:32,319 [INFO] Pass: BasisTranslator - 0.05364 (ms)
2026-07-10 21:18:32,319 [INFO] Pass: ConsolidateBlocks - 0.03934 (ms)
2026-07-10 21:18:32,319 [INFO] Pass: UnitarySynthesis - 0.00429 (ms)
2026-07-10 21:18:32,319 [INFO] Pass: Depth - 0.00930 (ms)
2026-07-10 21:18:32,319 [INFO] Pass: FixedPoint - 0.00429 (ms)
2026-07-10 21:18:32,319 [INFO] Pass: Size - 0.00286 (ms)
2026-07-10 21:18:32,319 [INFO] Pass: FixedPoint - 0.00310 (ms)
2026-07-10 21:18:32,319 [INFO] Pass: RemoveIdentityEquivalent - 0.00381 (ms)
2026-07-10 21:18:32,319 [INFO] Pass: Optimize1qGatesDecomposition - 0.09537 (ms)
2026-07-10 21:18:32,320 [INFO] Pass: CommutativeCancellation - 0.04292 (ms)
2026-07-10 21:18:32,320 [INFO] Pass: ContractIdleWiresInControlFlow - 0.00191 (ms)
2026-07-10 21:18:32,320 [INFO] Pass: GatesInBasis - 0.00787 (ms)
2026-07-10 21:18:32,320 [INFO] Pass: Depth - 0.00978 (ms)
2026-07-10 21:18:32,320 [INFO] Pass: FixedPoint - 0.00381 (ms)
2026-07-10 21:18:32,320 [INFO] Pass: Size - 0.00215 (ms)
2026-07-10 21:18:32,320 [INFO] Pass: FixedPoint - 0.00286 (ms)
2026-07-10 21:18:32,320 [INFO] Pass: RemoveIdentityEquivalent - 0.00358 (ms)
2026-07-10 21:18:32,320 [INFO] Pass: Optimize1qGatesDecomposition - 0.07653 (ms)
2026-07-10 21:18:32,320 [INFO] Pass: CommutativeCancellation - 0.03767 (ms)
2026-07-10 21:18:32,320 [INFO] Pass: ContractIdleWiresInControlFlow - 0.00167 (ms)
2026-07-10 21:18:32,320 [INFO] Pass: GatesInBasis - 0.00668 (ms)
2026-07-10 21:18:32,320 [INFO] Pass: Depth - 0.00811 (ms)
2026-07-10 21:18:32,320 [INFO] Pass: FixedPoint - 0.00334 (ms)
2026-07-10 21:18:32,320 [INFO] Pass: Size - 0.00215 (ms)
2026-07-10 21:18:32,320 [INFO] Pass: FixedPoint - 0.00310 (ms)
2026-07-10 21:18:32,320 [INFO] Pass: ContainsInstruction - 0.00525 (ms)
2026-07-10 21:18:32,320 [INFO] Total Transpile Time - 92.47947 (ms)
2026-07-10 21:18:46,256 [INFO] [PCE] n=25 instancia 10/100 completada en 0:00:00:14 — transcurrido=0:00:02:15 restante_estimado=0:00:20:19
2026-07-10 21:18:46,350 [INFO] Pass: ContainsInstruction - 0.01144 (ms)
2026-07-10 21:18:46,350 [INFO] Pass: UnitarySynthesis - 0.00644 (ms)
2026-07-10 21:18:46,350 [INFO] Pass: HighLevelSynthesis - 0.00620 (ms)
2026-07-10 21:18:46,350 [INFO] Pass: BasisTranslator - 0.06413 (ms)
2026-07-10 21:18:46,350 [INFO] Pass: ElidePermutations - 0.00501 (ms)
2026-07-10 21:18:46,350 [INFO] Pass: RemoveDiagonalGatesBeforeMeasure - 0.00715 (ms)
2026-07-10 21:18:46,350 [INFO] Pass: RemoveIdentityEquivalent - 0.00334 (ms)
2026-07-10 21:18:46,350 [INFO] Pass: InverseCancellation - 0.00525 (ms)
2026-07-10 21:18:46,350 [INFO] Pass: ContractIdleWiresInControlFlow - 0.00215 (ms)
2026-07-10 21:18:46,350 [INFO] Pass: CommutativeCancellation - 0.02360 (ms)
2026-07-10 21:18:46,350 [INFO] Pass: ConsolidateBlocks - 0.03266 (ms)
2026-07-10 21:18:46,350 [INFO] Pass: Split2QUnitaries - 0.00334 (ms)
2026-07-10 21:18:46,350 [INFO] Pass: UnitarySynthesis - 0.00501 (ms)
2026-07-10 21:18:46,350 [INFO] Pass: HighLevelSynthesis - 0.00906 (ms)
2026-07-10 21:18:46,351 [INFO] Pass: BasisTranslator - 0.05364 (ms)
2026-07-10 21:18:46,351 [INFO] Pass: ConsolidateBlocks - 0.03982 (ms)
2026-07-10 21:18:46,351 [INFO] Pass: UnitarySynthesis - 0.00453 (ms)
2026-07-10 21:18:46,351 [INFO] Pass: Depth - 0.01001 (ms)
2026-07-10 21:18:46,351 [INFO] Pass: FixedPoint - 0.00477 (ms)
2026-07-10 21:18:46,351 [INFO] Pass: Size - 0.00334 (ms)
2026-07-10 21:18:46,351 [INFO] Pass: FixedPoint - 0.00262 (ms)
2026-07-10 21:18:46,351 [INFO] Pass: RemoveIdentityEquivalent - 0.00238 (ms)
2026-07-10 21:18:46,351 [INFO] Pass: Optimize1qGatesDecomposition - 0.02789 (ms)
2026-07-10 21:18:46,351 [INFO] Pass: CommutativeCancellation - 0.04220 (ms)
2026-07-10 21:18:46,351 [INFO] Pass: ContractIdleWiresInControlFlow - 0.00167 (ms)
2026-07-10 21:18:46,351 [INFO] Pass: GatesInBasis - 0.00834 (ms)
2026-07-10 21:18:46,351 [INFO] Pass: Depth - 0.00834 (ms)
2026-07-10 21:18:46,351 [INFO] Pass: FixedPoint - 0.00358 (ms)
2026-07-10 21:18:46,351 [INFO] Pass: Size - 0.00191 (ms)
2026-07-10 21:18:46,351 [INFO] Pass: FixedPoint - 0.00286 (ms)
2026-07-10 21:18:46,351 [INFO] Pass: ContainsInstruction - 0.00477 (ms)
2026-07-10 21:18:46,351 [INFO] Total Transpile Time - 93.99605 (ms)
2026-07-10 21:18:46,442 [INFO] Pass: ContainsInstruction - 0.00930 (ms)
2026-07-10 21:18:46,442 [INFO] Pass: UnitarySynthesis - 0.00596 (ms)
2026-07-10 21:18:46,442 [INFO] Pass: HighLevelSynthesis - 0.00572 (ms)
2026-07-10 21:18:46,442 [INFO] Pass: BasisTranslator - 0.05507 (ms)
2026-07-10 21:18:46,442 [INFO] Pass: ElidePermutations - 0.00358 (ms)
2026-07-10 21:18:46,442 [INFO] Pass: RemoveDiagonalGatesBeforeMeasure - 0.00572 (ms)
2026-07-10 21:18:46,442 [INFO] Pass: RemoveIdentityEquivalent - 0.00429 (ms)
2026-07-10 21:18:46,442 [INFO] Pass: InverseCancellation - 0.01264 (ms)
2026-07-10 21:18:46,442 [INFO] Pass: ContractIdleWiresInControlFlow - 0.00215 (ms)
2026-07-10 21:18:46,442 [INFO] Pass: CommutativeCancellation - 0.02599 (ms)
2026-07-10 21:18:46,442 [INFO] Pass: ConsolidateBlocks - 0.03052 (ms)
2026-07-10 21:18:46,442 [INFO] Pass: Split2QUnitaries - 0.00286 (ms)
2026-07-10 21:18:46,442 [INFO] Pass: UnitarySynthesis - 0.00453 (ms)
2026-07-10 21:18:46,442 [INFO] Pass: HighLevelSynthesis - 0.00930 (ms)
2026-07-10 21:18:46,442 [INFO] Pass: BasisTranslator - 0.05269 (ms)
2026-07-10 21:18:46,442 [INFO] Pass: ConsolidateBlocks - 0.04053 (ms)
2026-07-10 21:18:46,442 [INFO] Pass: UnitarySynthesis - 0.00405 (ms)
2026-07-10 21:18:46,442 [INFO] Pass: Depth - 0.01001 (ms)
2026-07-10 21:18:46,442 [INFO] Pass: FixedPoint - 0.00429 (ms)
2026-07-10 21:18:46,442 [INFO] Pass: Size - 0.00286 (ms)
2026-07-10 21:18:46,442 [INFO] Pass: FixedPoint - 0.00286 (ms)
2026-07-10 21:18:46,442 [INFO] Pass: RemoveIdentityEquivalent - 0.00381 (ms)
2026-07-10 21:18:46,442 [INFO] Pass: Optimize1qGatesDecomposition - 0.09227 (ms)
2026-07-10 21:18:46,443 [INFO] Pass: CommutativeCancellation - 0.04864 (ms)
2026-07-10 21:18:46,443 [INFO] Pass: ContractIdleWiresInControlFlow - 0.00191 (ms)
2026-07-10 21:18:46,443 [INFO] Pass: GatesInBasis - 0.00811 (ms)
2026-07-10 21:18:46,443 [INFO] Pass: Depth - 0.00834 (ms)
2026-07-10 21:18:46,443 [INFO] Pass: FixedPoint - 0.00381 (ms)
2026-07-10 21:18:46,443 [INFO] Pass: Size - 0.00238 (ms)
2026-07-10 21:18:46,443 [INFO] Pass: FixedPoint - 0.00310 (ms)
2026-07-10 21:18:46,443 [INFO] Pass: ContainsInstruction - 0.00501 (ms)
2026-07-10 21:18:46,443 [INFO] Total Transpile Time - 91.28976 (ms)
2026-07-10 21:18:46,533 [INFO] Pass: ContainsInstruction - 0.00930 (ms)
2026-07-10 21:18:46,533 [INFO] Pass: UnitarySynthesis - 0.00620 (ms)
2026-07-10 21:18:46,533 [INFO] Pass: HighLevelSynthesis - 0.00548 (ms)
2026-07-10 21:18:46,533 [INFO] Pass: BasisTranslator - 0.05221 (ms)
2026-07-10 21:18:46,533 [INFO] Pass: ElidePermutations - 0.00334 (ms)
2026-07-10 21:18:46,534 [INFO] Pass: RemoveDiagonalGatesBeforeMeasure - 0.00572 (ms)
2026-07-10 21:18:46,534 [INFO] Pass: RemoveIdentityEquivalent - 0.00477 (ms)
2026-07-10 21:18:46,534 [INFO] Pass: InverseCancellation - 0.01335 (ms)
2026-07-10 21:18:46,534 [INFO] Pass: ContractIdleWiresInControlFlow - 0.00191 (ms)
2026-07-10 21:18:46,534 [INFO] Pass: CommutativeCancellation - 0.02313 (ms)
2026-07-10 21:18:46,534 [INFO] Pass: ConsolidateBlocks - 0.02956 (ms)
2026-07-10 21:18:46,534 [INFO] Pass: Split2QUnitaries - 0.00238 (ms)
2026-07-10 21:18:46,534 [INFO] Pass: UnitarySynthesis - 0.00429 (ms)
2026-07-10 21:18:46,534 [INFO] Pass: HighLevelSynthesis - 0.00930 (ms)
2026-07-10 21:18:46,534 [INFO] Pass: BasisTranslator - 0.05293 (ms)
2026-07-10 21:18:46,534 [INFO] Pass: ConsolidateBlocks - 0.04101 (ms)
2026-07-10 21:18:46,534 [INFO] Pass: UnitarySynthesis - 0.00453 (ms)
2026-07-10 21:18:46,534 [INFO] Pass: Depth - 0.00978 (ms)
2026-07-10 21:18:46,534 [INFO] Pass: FixedPoint - 0.00453 (ms)
2026-07-10 21:18:46,534 [INFO] Pass: Size - 0.00286 (ms)
2026-07-10 21:18:46,534 [INFO] Pass: FixedPoint - 0.00286 (ms)
2026-07-10 21:18:46,534 [INFO] Pass: RemoveIdentityEquivalent - 0.00429 (ms)
2026-07-10 21:18:46,534 [INFO] Pass: Optimize1qGatesDecomposition - 0.09274 (ms)
2026-07-10 21:18:46,534 [INFO] Pass: CommutativeCancellation - 0.04268 (ms)
2026-07-10 21:18:46,534 [INFO] Pass: ContractIdleWiresInControlFlow - 0.00215 (ms)
2026-07-10 21:18:46,534 [INFO] Pass: GatesInBasis - 0.00811 (ms)
2026-07-10 21:18:46,534 [INFO] Pass: Depth - 0.00978 (ms)
2026-07-10 21:18:46,534 [INFO] Pass: FixedPoint - 0.00334 (ms)
2026-07-10 21:18:46,534 [INFO] Pass: Size - 0.00215 (ms)
2026-07-10 21:18:46,534 [INFO] Pass: FixedPoint - 0.00262 (ms)
2026-07-10 21:18:46,534 [INFO] Pass: RemoveIdentityEquivalent - 0.00334 (ms)
2026-07-10 21:18:46,535 [INFO] Pass: Optimize1qGatesDecomposition - 0.07796 (ms)
2026-07-10 21:18:46,535 [INFO] Pass: CommutativeCancellation - 0.03695 (ms)
2026-07-10 21:18:46,535 [INFO] Pass: ContractIdleWiresInControlFlow - 0.00191 (ms)
2026-07-10 21:18:46,535 [INFO] Pass: GatesInBasis - 0.00668 (ms)
2026-07-10 21:18:46,535 [INFO] Pass: Depth - 0.00787 (ms)
2026-07-10 21:18:46,535 [INFO] Pass: FixedPoint - 0.00310 (ms)
2026-07-10 21:18:46,535 [INFO] Pass: Size - 0.00167 (ms)
2026-07-10 21:18:46,535 [INFO] Pass: FixedPoint - 0.00238 (ms)
2026-07-10 21:18:46,535 [INFO] Pass: ContainsInstruction - 0.00501 (ms)
2026-07-10 21:18:46,535 [INFO] Total Transpile Time - 91.71605 (ms)
2026-07-10 21:18:58,956 [INFO] [PCE] n=25 instancia 11/100 completada en 0:00:00:13 — transcurrido=0:00:02:28 restante_estimado=0:00:19:58
2026-07-10 21:18:59,050 [INFO] Pass: ContainsInstruction - 0.01168 (ms)
2026-07-10 21:18:59,050 [INFO] Pass: UnitarySynthesis - 0.00668 (ms)
2026-07-10 21:18:59,050 [INFO] Pass: HighLevelSynthesis - 0.00644 (ms)
2026-07-10 21:18:59,050 [INFO] Pass: BasisTranslator - 0.05865 (ms)
2026-07-10 21:18:59,050 [INFO] Pass: ElidePermutations - 0.00548 (ms)
2026-07-10 21:18:59,050 [INFO] Pass: RemoveDiagonalGatesBeforeMeasure - 0.00763 (ms)
2026-07-10 21:18:59,050 [INFO] Pass: RemoveIdentityEquivalent - 0.00358 (ms)
2026-07-10 21:18:59,050 [INFO] Pass: InverseCancellation - 0.00525 (ms)
2026-07-10 21:18:59,050 [INFO] Pass: ContractIdleWiresInControlFlow - 0.00215 (ms)
2026-07-10 21:18:59,050 [INFO] Pass: CommutativeCancellation - 0.02480 (ms)
2026-07-10 21:18:59,050 [INFO] Pass: ConsolidateBlocks - 0.03552 (ms)
2026-07-10 21:18:59,050 [INFO] Pass: Split2QUnitaries - 0.00358 (ms)
2026-07-10 21:18:59,050 [INFO] Pass: UnitarySynthesis - 0.00453 (ms)
2026-07-10 21:18:59,051 [INFO] Pass: HighLevelSynthesis - 0.00978 (ms)
2026-07-10 21:18:59,051 [INFO] Pass: BasisTranslator - 0.05317 (ms)
2026-07-10 21:18:59,051 [INFO] Pass: ConsolidateBlocks - 0.04339 (ms)
2026-07-10 21:18:59,051 [INFO] Pass: UnitarySynthesis - 0.00477 (ms)
2026-07-10 21:18:59,051 [INFO] Pass: Depth - 0.01073 (ms)
2026-07-10 21:18:59,051 [INFO] Pass: FixedPoint - 0.00501 (ms)
2026-07-10 21:18:59,051 [INFO] Pass: Size - 0.00334 (ms)
2026-07-10 21:18:59,051 [INFO] Pass: FixedPoint - 0.00310 (ms)
2026-07-10 21:18:59,051 [INFO] Pass: RemoveIdentityEquivalent - 0.00262 (ms)
2026-07-10 21:18:59,051 [INFO] Pass: Optimize1qGatesDecomposition - 0.02933 (ms)
2026-07-10 21:18:59,051 [INFO] Pass: CommutativeCancellation - 0.04387 (ms)
2026-07-10 21:18:59,051 [INFO] Pass: ContractIdleWiresInControlFlow - 0.00215 (ms)
2026-07-10 21:18:59,051 [INFO] Pass: GatesInBasis - 0.00834 (ms)
2026-07-10 21:18:59,051 [INFO] Pass: Depth - 0.00882 (ms)
2026-07-10 21:18:59,051 [INFO] Pass: FixedPoint - 0.00334 (ms)
2026-07-10 21:18:59,051 [INFO] Pass: Size - 0.00238 (ms)
2026-07-10 21:18:59,051 [INFO] Pass: FixedPoint - 0.00286 (ms)
2026-07-10 21:18:59,051 [INFO] Pass: ContainsInstruction - 0.00477 (ms)
2026-07-10 21:18:59,051 [INFO] Total Transpile Time - 93.90831 (ms)
2026-07-10 21:18:59,143 [INFO] Pass: ContainsInstruction - 0.00978 (ms)
2026-07-10 21:18:59,143 [INFO] Pass: UnitarySynthesis - 0.00620 (ms)
2026-07-10 21:18:59,143 [INFO] Pass: HighLevelSynthesis - 0.00525 (ms)
2026-07-10 21:18:59,143 [INFO] Pass: BasisTranslator - 0.06080 (ms)
2026-07-10 21:18:59,143 [INFO] Pass: ElidePermutations - 0.00358 (ms)
2026-07-10 21:18:59,143 [INFO] Pass: RemoveDiagonalGatesBeforeMeasure - 0.00548 (ms)
2026-07-10 21:18:59,143 [INFO] Pass: RemoveIdentityEquivalent - 0.00429 (ms)
2026-07-10 21:18:59,143 [INFO] Pass: InverseCancellation - 0.01311 (ms)
2026-07-10 21:18:59,143 [INFO] Pass: ContractIdleWiresInControlFlow - 0.00191 (ms)
2026-07-10 21:18:59,143 [INFO] Pass: CommutativeCancellation - 0.02456 (ms)
2026-07-10 21:18:59,144 [INFO] Pass: ConsolidateBlocks - 0.03076 (ms)
2026-07-10 21:18:59,144 [INFO] Pass: Split2QUnitaries - 0.00310 (ms)
2026-07-10 21:18:59,144 [INFO] Pass: UnitarySynthesis - 0.00453 (ms)
2026-07-10 21:18:59,144 [INFO] Pass: HighLevelSynthesis - 0.00858 (ms)
2026-07-10 21:18:59,144 [INFO] Pass: BasisTranslator - 0.04983 (ms)
2026-07-10 21:18:59,144 [INFO] Pass: ConsolidateBlocks - 0.03910 (ms)
2026-07-10 21:18:59,144 [INFO] Pass: UnitarySynthesis - 0.00405 (ms)
2026-07-10 21:18:59,144 [INFO] Pass: Depth - 0.00954 (ms)
2026-07-10 21:18:59,144 [INFO] Pass: FixedPoint - 0.00429 (ms)
2026-07-10 21:18:59,144 [INFO] Pass: Size - 0.00310 (ms)
2026-07-10 21:18:59,144 [INFO] Pass: FixedPoint - 0.00286 (ms)
2026-07-10 21:18:59,144 [INFO] Pass: RemoveIdentityEquivalent - 0.00334 (ms)
2026-07-10 21:18:59,144 [INFO] Pass: Optimize1qGatesDecomposition - 0.09084 (ms)
2026-07-10 21:18:59,144 [INFO] Pass: CommutativeCancellation - 0.04673 (ms)
2026-07-10 21:18:59,144 [INFO] Pass: ContractIdleWiresInControlFlow - 0.00215 (ms)
2026-07-10 21:18:59,144 [INFO] Pass: GatesInBasis - 0.00834 (ms)
2026-07-10 21:18:59,144 [INFO] Pass: Depth - 0.00811 (ms)
2026-07-10 21:18:59,144 [INFO] Pass: FixedPoint - 0.00381 (ms)
2026-07-10 21:18:59,144 [INFO] Pass: Size - 0.00238 (ms)
2026-07-10 21:18:59,144 [INFO] Pass: FixedPoint - 0.00286 (ms)
2026-07-10 21:18:59,144 [INFO] Pass: ContainsInstruction - 0.00477 (ms)
2026-07-10 21:18:59,144 [INFO] Total Transpile Time - 92.68856 (ms)
2026-07-10 21:18:59,236 [INFO] Pass: ContainsInstruction - 0.00930 (ms)
2026-07-10 21:18:59,236 [INFO] Pass: UnitarySynthesis - 0.00644 (ms)
2026-07-10 21:18:59,236 [INFO] Pass: HighLevelSynthesis - 0.00548 (ms)
2026-07-10 21:18:59,236 [INFO] Pass: BasisTranslator - 0.05174 (ms)
2026-07-10 21:18:59,236 [INFO] Pass: ElidePermutations - 0.00405 (ms)
2026-07-10 21:18:59,236 [INFO] Pass: RemoveDiagonalGatesBeforeMeasure - 0.00548 (ms)
2026-07-10 21:18:59,236 [INFO] Pass: RemoveIdentityEquivalent - 0.00429 (ms)
2026-07-10 21:18:59,236 [INFO] Pass: InverseCancellation - 0.01216 (ms)
2026-07-10 21:18:59,236 [INFO] Pass: ContractIdleWiresInControlFlow - 0.00215 (ms)
2026-07-10 21:18:59,236 [INFO] Pass: CommutativeCancellation - 0.02265 (ms)
2026-07-10 21:18:59,236 [INFO] Pass: ConsolidateBlocks - 0.02933 (ms)
2026-07-10 21:18:59,236 [INFO] Pass: Split2QUnitaries - 0.00262 (ms)
2026-07-10 21:18:59,237 [INFO] Pass: UnitarySynthesis - 0.00501 (ms)
2026-07-10 21:18:59,237 [INFO] Pass: HighLevelSynthesis - 0.01025 (ms)
2026-07-10 21:18:59,237 [INFO] Pass: BasisTranslator - 0.05436 (ms)
2026-07-10 21:18:59,237 [INFO] Pass: ConsolidateBlocks - 0.04077 (ms)
2026-07-10 21:18:59,237 [INFO] Pass: UnitarySynthesis - 0.00453 (ms)
2026-07-10 21:18:59,237 [INFO] Pass: Depth - 0.00978 (ms)
2026-07-10 21:18:59,237 [INFO] Pass: FixedPoint - 0.00429 (ms)
2026-07-10 21:18:59,237 [INFO] Pass: Size - 0.00262 (ms)
2026-07-10 21:18:59,237 [INFO] Pass: FixedPoint - 0.00262 (ms)
2026-07-10 21:18:59,237 [INFO] Pass: RemoveIdentityEquivalent - 0.00381 (ms)
2026-07-10 21:18:59,237 [INFO] Pass: Optimize1qGatesDecomposition - 0.09227 (ms)
2026-07-10 21:18:59,237 [INFO] Pass: CommutativeCancellation - 0.04268 (ms)
2026-07-10 21:18:59,237 [INFO] Pass: ContractIdleWiresInControlFlow - 0.00167 (ms)
2026-07-10 21:18:59,237 [INFO] Pass: GatesInBasis - 0.00834 (ms)
2026-07-10 21:18:59,237 [INFO] Pass: Depth - 0.00954 (ms)
2026-07-10 21:18:59,237 [INFO] Pass: FixedPoint - 0.00381 (ms)
2026-07-10 21:18:59,237 [INFO] Pass: Size - 0.00191 (ms)
2026-07-10 21:18:59,237 [INFO] Pass: FixedPoint - 0.00286 (ms)
2026-07-10 21:18:59,237 [INFO] Pass: RemoveIdentityEquivalent - 0.00334 (ms)
2026-07-10 21:18:59,237 [INFO] Pass: Optimize1qGatesDecomposition - 0.07749 (ms)
2026-07-10 21:18:59,237 [INFO] Pass: CommutativeCancellation - 0.03743 (ms)
2026-07-10 21:18:59,237 [INFO] Pass: ContractIdleWiresInControlFlow - 0.00143 (ms)
2026-07-10 21:18:59,237 [INFO] Pass: GatesInBasis - 0.00691 (ms)
2026-07-10 21:18:59,237 [INFO] Pass: Depth - 0.00787 (ms)
2026-07-10 21:18:59,238 [INFO] Pass: FixedPoint - 0.00334 (ms)
2026-07-10 21:18:59,238 [INFO] Pass: Size - 0.00191 (ms)
2026-07-10 21:18:59,238 [INFO] Pass: FixedPoint - 0.00262 (ms)
2026-07-10 21:18:59,238 [INFO] Pass: ContainsInstruction - 0.00501 (ms)
2026-07-10 21:18:59,238 [INFO] Total Transpile Time - 92.92340 (ms)
2026-07-10 21:19:12,654 [INFO] [PCE] n=25 instancia 12/100 completada en 0:00:00:14 — transcurrido=0:00:02:42 restante_estimado=0:00:19:46
2026-07-10 21:19:12,748 [INFO] Pass: ContainsInstruction - 0.01049 (ms)
2026-07-10 21:19:12,748 [INFO] Pass: UnitarySynthesis - 0.00644 (ms)
2026-07-10 21:19:12,748 [INFO] Pass: HighLevelSynthesis - 0.00620 (ms)
2026-07-10 21:19:12,748 [INFO] Pass: BasisTranslator - 0.06461 (ms)
2026-07-10 21:19:12,748 [INFO] Pass: ElidePermutations - 0.00525 (ms)
2026-07-10 21:19:12,748 [INFO] Pass: RemoveDiagonalGatesBeforeMeasure - 0.00834 (ms)
2026-07-10 21:19:12,748 [INFO] Pass: RemoveIdentityEquivalent - 0.00286 (ms)
2026-07-10 21:19:12,748 [INFO] Pass: InverseCancellation - 0.00453 (ms)
2026-07-10 21:19:12,748 [INFO] Pass: ContractIdleWiresInControlFlow - 0.00191 (ms)
2026-07-10 21:19:12,748 [INFO] Pass: CommutativeCancellation - 0.02193 (ms)
2026-07-10 21:19:12,749 [INFO] Pass: ConsolidateBlocks - 0.03314 (ms)
2026-07-10 21:19:12,749 [INFO] Pass: Split2QUnitaries - 0.00381 (ms)
2026-07-10 21:19:12,749 [INFO] Pass: UnitarySynthesis - 0.00429 (ms)
2026-07-10 21:19:12,749 [INFO] Pass: HighLevelSynthesis - 0.00906 (ms)
2026-07-10 21:19:12,749 [INFO] Pass: BasisTranslator - 0.04840 (ms)
2026-07-10 21:19:12,749 [INFO] Pass: ConsolidateBlocks - 0.03958 (ms)
2026-07-10 21:19:12,749 [INFO] Pass: UnitarySynthesis - 0.00381 (ms)
2026-07-10 21:19:12,749 [INFO] Pass: Depth - 0.00978 (ms)
2026-07-10 21:19:12,749 [INFO] Pass: FixedPoint - 0.00477 (ms)
2026-07-10 21:19:12,749 [INFO] Pass: Size - 0.00334 (ms)
2026-07-10 21:19:12,749 [INFO] Pass: FixedPoint - 0.00262 (ms)
2026-07-10 21:19:12,749 [INFO] Pass: RemoveIdentityEquivalent - 0.00215 (ms)
2026-07-10 21:19:12,749 [INFO] Pass: Optimize1qGatesDecomposition - 0.02742 (ms)
2026-07-10 21:19:12,749 [INFO] Pass: CommutativeCancellation - 0.04077 (ms)
2026-07-10 21:19:12,749 [INFO] Pass: ContractIdleWiresInControlFlow - 0.00191 (ms)
2026-07-10 21:19:12,749 [INFO] Pass: GatesInBasis - 0.00834 (ms)
2026-07-10 21:19:12,749 [INFO] Pass: Depth - 0.00834 (ms)
2026-07-10 21:19:12,749 [INFO] Pass: FixedPoint - 0.00334 (ms)
2026-07-10 21:19:12,749 [INFO] Pass: Size - 0.00215 (ms)
2026-07-10 21:19:12,749 [INFO] Pass: FixedPoint - 0.00262 (ms)
2026-07-10 21:19:12,749 [INFO] Pass: ContainsInstruction - 0.00453 (ms)
2026-07-10 21:19:12,749 [INFO] Total Transpile Time - 93.45675 (ms)
2026-07-10 21:19:12,840 [INFO] Pass: ContainsInstruction - 0.00954 (ms)
2026-07-10 21:19:12,840 [INFO] Pass: UnitarySynthesis - 0.00596 (ms)
2026-07-10 21:19:12,841 [INFO] Pass: HighLevelSynthesis - 0.00596 (ms)
2026-07-10 21:19:12,841 [INFO] Pass: BasisTranslator - 0.05388 (ms)
2026-07-10 21:19:12,841 [INFO] Pass: ElidePermutations - 0.00405 (ms)
2026-07-10 21:19:12,841 [INFO] Pass: RemoveDiagonalGatesBeforeMeasure - 0.00620 (ms)
2026-07-10 21:19:12,841 [INFO] Pass: RemoveIdentityEquivalent - 0.00405 (ms)
2026-07-10 21:19:12,841 [INFO] Pass: InverseCancellation - 0.01287 (ms)
2026-07-10 21:19:12,841 [INFO] Pass: ContractIdleWiresInControlFlow - 0.00191 (ms)
2026-07-10 21:19:12,841 [INFO] Pass: CommutativeCancellation - 0.02623 (ms)
2026-07-10 21:19:12,841 [INFO] Pass: ConsolidateBlocks - 0.03099 (ms)
2026-07-10 21:19:12,841 [INFO] Pass: Split2QUnitaries - 0.00310 (ms)
2026-07-10 21:19:12,841 [INFO] Pass: UnitarySynthesis - 0.00501 (ms)
2026-07-10 21:19:12,841 [INFO] Pass: HighLevelSynthesis - 0.00906 (ms)
2026-07-10 21:19:12,841 [INFO] Pass: BasisTranslator - 0.05102 (ms)
2026-07-10 21:19:12,841 [INFO] Pass: ConsolidateBlocks - 0.04244 (ms)
2026-07-10 21:19:12,841 [INFO] Pass: UnitarySynthesis - 0.00501 (ms)
2026-07-10 21:19:12,841 [INFO] Pass: Depth - 0.01073 (ms)
2026-07-10 21:19:12,841 [INFO] Pass: FixedPoint - 0.00429 (ms)
2026-07-10 21:19:12,841 [INFO] Pass: Size - 0.00334 (ms)
2026-07-10 21:19:12,841 [INFO] Pass: FixedPoint - 0.00334 (ms)
2026-07-10 21:19:12,841 [INFO] Pass: RemoveIdentityEquivalent - 0.00334 (ms)
2026-07-10 21:19:12,841 [INFO] Pass: Optimize1qGatesDecomposition - 0.09537 (ms)
2026-07-10 21:19:12,842 [INFO] Pass: CommutativeCancellation - 0.04768 (ms)
2026-07-10 21:19:12,842 [INFO] Pass: ContractIdleWiresInControlFlow - 0.00191 (ms)
2026-07-10 21:19:12,842 [INFO] Pass: GatesInBasis - 0.00834 (ms)
2026-07-10 21:19:12,842 [INFO] Pass: Depth - 0.00954 (ms)
2026-07-10 21:19:12,842 [INFO] Pass: FixedPoint - 0.00381 (ms)
2026-07-10 21:19:12,842 [INFO] Pass: Size - 0.00191 (ms)
2026-07-10 21:19:12,842 [INFO] Pass: FixedPoint - 0.00310 (ms)
2026-07-10 21:19:12,842 [INFO] Pass: ContainsInstruction - 0.00525 (ms)
2026-07-10 21:19:12,842 [INFO] Total Transpile Time - 92.09228 (ms)
2026-07-10 21:19:12,933 [INFO] Pass: ContainsInstruction - 0.00906 (ms)
2026-07-10 21:19:12,933 [INFO] Pass: UnitarySynthesis - 0.00620 (ms)
2026-07-10 21:19:12,933 [INFO] Pass: HighLevelSynthesis - 0.00548 (ms)
2026-07-10 21:19:12,934 [INFO] Pass: BasisTranslator - 0.05221 (ms)
2026-07-10 21:19:12,934 [INFO] Pass: ElidePermutations - 0.00310 (ms)
2026-07-10 21:19:12,934 [INFO] Pass: RemoveDiagonalGatesBeforeMeasure - 0.00548 (ms)
2026-07-10 21:19:12,934 [INFO] Pass: RemoveIdentityEquivalent - 0.00405 (ms)
2026-07-10 21:19:12,934 [INFO] Pass: InverseCancellation - 0.01264 (ms)
2026-07-10 21:19:12,934 [INFO] Pass: ContractIdleWiresInControlFlow - 0.00215 (ms)
2026-07-10 21:19:12,934 [INFO] Pass: CommutativeCancellation - 0.02170 (ms)
2026-07-10 21:19:12,934 [INFO] Pass: ConsolidateBlocks - 0.02837 (ms)
2026-07-10 21:19:12,934 [INFO] Pass: Split2QUnitaries - 0.00286 (ms)
2026-07-10 21:19:12,934 [INFO] Pass: UnitarySynthesis - 0.00477 (ms)
2026-07-10 21:19:12,934 [INFO] Pass: HighLevelSynthesis - 0.00930 (ms)
2026-07-10 21:19:12,934 [INFO] Pass: BasisTranslator - 0.05078 (ms)
2026-07-10 21:19:12,934 [INFO] Pass: ConsolidateBlocks - 0.03934 (ms)
2026-07-10 21:19:12,934 [INFO] Pass: UnitarySynthesis - 0.00429 (ms)
2026-07-10 21:19:12,934 [INFO] Pass: Depth - 0.00978 (ms)
2026-07-10 21:19:12,934 [INFO] Pass: FixedPoint - 0.00453 (ms)
2026-07-10 21:19:12,934 [INFO] Pass: Size - 0.00262 (ms)
2026-07-10 21:19:12,934 [INFO] Pass: FixedPoint - 0.00262 (ms)
2026-07-10 21:19:12,934 [INFO] Pass: RemoveIdentityEquivalent - 0.00358 (ms)
2026-07-10 21:19:12,934 [INFO] Pass: Optimize1qGatesDecomposition - 0.10037 (ms)
2026-07-10 21:19:12,934 [INFO] Pass: CommutativeCancellation - 0.04244 (ms)
2026-07-10 21:19:12,934 [INFO] Pass: ContractIdleWiresInControlFlow - 0.00167 (ms)
2026-07-10 21:19:12,934 [INFO] Pass: GatesInBasis - 0.00811 (ms)
2026-07-10 21:19:12,934 [INFO] Pass: Depth - 0.00930 (ms)
2026-07-10 21:19:12,934 [INFO] Pass: FixedPoint - 0.00334 (ms)
2026-07-10 21:19:12,934 [INFO] Pass: Size - 0.00215 (ms)
2026-07-10 21:19:12,934 [INFO] Pass: FixedPoint - 0.00262 (ms)
2026-07-10 21:19:12,935 [INFO] Pass: RemoveIdentityEquivalent - 0.00334 (ms)
2026-07-10 21:19:12,935 [INFO] Pass: Optimize1qGatesDecomposition - 0.07820 (ms)
2026-07-10 21:19:12,935 [INFO] Pass: CommutativeCancellation - 0.03672 (ms)
2026-07-10 21:19:12,935 [INFO] Pass: ContractIdleWiresInControlFlow - 0.00191 (ms)
2026-07-10 21:19:12,935 [INFO] Pass: GatesInBasis - 0.00668 (ms)
2026-07-10 21:19:12,935 [INFO] Pass: Depth - 0.00787 (ms)
2026-07-10 21:19:12,935 [INFO] Pass: FixedPoint - 0.00310 (ms)
2026-07-10 21:19:12,935 [INFO] Pass: Size - 0.00215 (ms)
2026-07-10 21:19:12,935 [INFO] Pass: FixedPoint - 0.00262 (ms)
2026-07-10 21:19:12,935 [INFO] Pass: ContainsInstruction - 0.00501 (ms)
2026-07-10 21:19:12,935 [INFO] Total Transpile Time - 92.77105 (ms)
2026-07-10 21:19:26,745 [INFO] [PCE] n=25 instancia 13/100 completada en 0:00:00:14 — transcurrido=0:00:02:56 restante_estimado=0:00:19:37
2026-07-10 21:19:26,839 [INFO] Pass: ContainsInstruction - 0.01168 (ms)
2026-07-10 21:19:26,839 [INFO] Pass: UnitarySynthesis - 0.00644 (ms)
2026-07-10 21:19:26,839 [INFO] Pass: HighLevelSynthesis - 0.00620 (ms)
2026-07-10 21:19:26,839 [INFO] Pass: BasisTranslator - 0.06056 (ms)
2026-07-10 21:19:26,839 [INFO] Pass: ElidePermutations - 0.00501 (ms)
2026-07-10 21:19:26,839 [INFO] Pass: RemoveDiagonalGatesBeforeMeasure - 0.00787 (ms)
2026-07-10 21:19:26,839 [INFO] Pass: RemoveIdentityEquivalent - 0.00286 (ms)
2026-07-10 21:19:26,839 [INFO] Pass: InverseCancellation - 0.00501 (ms)
2026-07-10 21:19:26,839 [INFO] Pass: ContractIdleWiresInControlFlow - 0.00191 (ms)
2026-07-10 21:19:26,839 [INFO] Pass: CommutativeCancellation - 0.02289 (ms)
2026-07-10 21:19:26,839 [INFO] Pass: ConsolidateBlocks - 0.03362 (ms)
2026-07-10 21:19:26,839 [INFO] Pass: Split2QUnitaries - 0.00334 (ms)
2026-07-10 21:19:26,839 [INFO] Pass: UnitarySynthesis - 0.00453 (ms)
2026-07-10 21:19:26,839 [INFO] Pass: HighLevelSynthesis - 0.00930 (ms)
2026-07-10 21:19:26,839 [INFO] Pass: BasisTranslator - 0.05102 (ms)
2026-07-10 21:19:26,839 [INFO] Pass: ConsolidateBlocks - 0.04005 (ms)
2026-07-10 21:19:26,840 [INFO] Pass: UnitarySynthesis - 0.00405 (ms)
2026-07-10 21:19:26,840 [INFO] Pass: Depth - 0.01025 (ms)
2026-07-10 21:19:26,840 [INFO] Pass: FixedPoint - 0.00477 (ms)
2026-07-10 21:19:26,840 [INFO] Pass: Size - 0.00358 (ms)
2026-07-10 21:19:26,840 [INFO] Pass: FixedPoint - 0.00286 (ms)
2026-07-10 21:19:26,840 [INFO] Pass: RemoveIdentityEquivalent - 0.00238 (ms)
2026-07-10 21:19:26,840 [INFO] Pass: Optimize1qGatesDecomposition - 0.02837 (ms)
2026-07-10 21:19:26,840 [INFO] Pass: CommutativeCancellation - 0.04268 (ms)
2026-07-10 21:19:26,840 [INFO] Pass: ContractIdleWiresInControlFlow - 0.00191 (ms)
2026-07-10 21:19:26,840 [INFO] Pass: GatesInBasis - 0.00858 (ms)
2026-07-10 21:19:26,840 [INFO] Pass: Depth - 0.00787 (ms)
2026-07-10 21:19:26,840 [INFO] Pass: FixedPoint - 0.00334 (ms)
2026-07-10 21:19:26,840 [INFO] Pass: Size - 0.00167 (ms)
2026-07-10 21:19:26,840 [INFO] Pass: FixedPoint - 0.00262 (ms)
2026-07-10 21:19:26,840 [INFO] Pass: ContainsInstruction - 0.00501 (ms)
2026-07-10 21:19:26,840 [INFO] Total Transpile Time - 93.37759 (ms)
2026-07-10 21:19:26,932 [INFO] Pass: ContainsInstruction - 0.00954 (ms)
2026-07-10 21:19:26,932 [INFO] Pass: UnitarySynthesis - 0.00572 (ms)
2026-07-10 21:19:26,932 [INFO] Pass: HighLevelSynthesis - 0.00572 (ms)
2026-07-10 21:19:26,932 [INFO] Pass: BasisTranslator - 0.05269 (ms)
2026-07-10 21:19:26,932 [INFO] Pass: ElidePermutations - 0.00381 (ms)
2026-07-10 21:19:26,932 [INFO] Pass: RemoveDiagonalGatesBeforeMeasure - 0.00691 (ms)
2026-07-10 21:19:26,932 [INFO] Pass: RemoveIdentityEquivalent - 0.00381 (ms)
2026-07-10 21:19:26,932 [INFO] Pass: InverseCancellation - 0.01264 (ms)
2026-07-10 21:19:26,932 [INFO] Pass: ContractIdleWiresInControlFlow - 0.00191 (ms)
2026-07-10 21:19:26,932 [INFO] Pass: CommutativeCancellation - 0.02456 (ms)
2026-07-10 21:19:26,932 [INFO] Pass: ConsolidateBlocks - 0.02909 (ms)
2026-07-10 21:19:26,932 [INFO] Pass: Split2QUnitaries - 0.00286 (ms)
2026-07-10 21:19:26,932 [INFO] Pass: UnitarySynthesis - 0.00477 (ms)
2026-07-10 21:19:26,932 [INFO] Pass: HighLevelSynthesis - 0.01693 (ms)
2026-07-10 21:19:26,932 [INFO] Pass: BasisTranslator - 0.05341 (ms)
2026-07-10 21:19:26,932 [INFO] Pass: ConsolidateBlocks - 0.03982 (ms)
2026-07-10 21:19:26,932 [INFO] Pass: UnitarySynthesis - 0.00429 (ms)
2026-07-10 21:19:26,932 [INFO] Pass: Depth - 0.00978 (ms)
2026-07-10 21:19:26,932 [INFO] Pass: FixedPoint - 0.00453 (ms)
2026-07-10 21:19:26,933 [INFO] Pass: Size - 0.00310 (ms)
2026-07-10 21:19:26,933 [INFO] Pass: FixedPoint - 0.00286 (ms)
2026-07-10 21:19:26,933 [INFO] Pass: RemoveIdentityEquivalent - 0.00358 (ms)
2026-07-10 21:19:26,933 [INFO] Pass: Optimize1qGatesDecomposition - 0.09370 (ms)
2026-07-10 21:19:26,933 [INFO] Pass: CommutativeCancellation - 0.04768 (ms)
2026-07-10 21:19:26,933 [INFO] Pass: ContractIdleWiresInControlFlow - 0.00167 (ms)
2026-07-10 21:19:26,933 [INFO] Pass: GatesInBasis - 0.00834 (ms)
2026-07-10 21:19:26,933 [INFO] Pass: Depth - 0.00906 (ms)
2026-07-10 21:19:26,933 [INFO] Pass: FixedPoint - 0.00358 (ms)
2026-07-10 21:19:26,933 [INFO] Pass: Size - 0.00215 (ms)
2026-07-10 21:19:26,933 [INFO] Pass: FixedPoint - 0.00286 (ms)
2026-07-10 21:19:26,933 [INFO] Pass: ContainsInstruction - 0.00501 (ms)
2026-07-10 21:19:26,933 [INFO] Total Transpile Time - 92.59462 (ms)
2026-07-10 21:19:27,025 [INFO] Pass: ContainsInstruction - 0.00954 (ms)
2026-07-10 21:19:27,026 [INFO] Pass: UnitarySynthesis - 0.00620 (ms)
2026-07-10 21:19:27,026 [INFO] Pass: HighLevelSynthesis - 0.00525 (ms)
2026-07-10 21:19:27,026 [INFO] Pass: BasisTranslator - 0.05245 (ms)
2026-07-10 21:19:27,026 [INFO] Pass: ElidePermutations - 0.00358 (ms)
2026-07-10 21:19:27,026 [INFO] Pass: RemoveDiagonalGatesBeforeMeasure - 0.00620 (ms)
2026-07-10 21:19:27,026 [INFO] Pass: RemoveIdentityEquivalent - 0.00453 (ms)
2026-07-10 21:19:27,026 [INFO] Pass: InverseCancellation - 0.01216 (ms)
2026-07-10 21:19:27,026 [INFO] Pass: ContractIdleWiresInControlFlow - 0.00215 (ms)
2026-07-10 21:19:27,026 [INFO] Pass: CommutativeCancellation - 0.02241 (ms)
2026-07-10 21:19:27,026 [INFO] Pass: ConsolidateBlocks - 0.02837 (ms)
2026-07-10 21:19:27,026 [INFO] Pass: Split2QUnitaries - 0.00262 (ms)
2026-07-10 21:19:27,026 [INFO] Pass: UnitarySynthesis - 0.00477 (ms)
2026-07-10 21:19:27,026 [INFO] Pass: HighLevelSynthesis - 0.01025 (ms)
2026-07-10 21:19:27,026 [INFO] Pass: BasisTranslator - 0.05269 (ms)
2026-07-10 21:19:27,026 [INFO] Pass: ConsolidateBlocks - 0.04005 (ms)
2026-07-10 21:19:27,026 [INFO] Pass: UnitarySynthesis - 0.00429 (ms)
2026-07-10 21:19:27,026 [INFO] Pass: Depth - 0.00954 (ms)
2026-07-10 21:19:27,026 [INFO] Pass: FixedPoint - 0.00429 (ms)
2026-07-10 21:19:27,026 [INFO] Pass: Size - 0.00310 (ms)
2026-07-10 21:19:27,026 [INFO] Pass: FixedPoint - 0.00286 (ms)
2026-07-10 21:19:27,026 [INFO] Pass: RemoveIdentityEquivalent - 0.00381 (ms)
2026-07-10 21:19:27,026 [INFO] Pass: Optimize1qGatesDecomposition - 0.09322 (ms)
2026-07-10 21:19:27,026 [INFO] Pass: CommutativeCancellation - 0.04268 (ms)
2026-07-10 21:19:27,027 [INFO] Pass: ContractIdleWiresInControlFlow - 0.00191 (ms)
2026-07-10 21:19:27,027 [INFO] Pass: GatesInBasis - 0.00834 (ms)
2026-07-10 21:19:27,027 [INFO] Pass: Depth - 0.00906 (ms)
2026-07-10 21:19:27,027 [INFO] Pass: FixedPoint - 0.00334 (ms)
2026-07-10 21:19:27,027 [INFO] Pass: Size - 0.00215 (ms)
2026-07-10 21:19:27,027 [INFO] Pass: FixedPoint - 0.00310 (ms)
2026-07-10 21:19:27,027 [INFO] Pass: RemoveIdentityEquivalent - 0.00358 (ms)
2026-07-10 21:19:27,027 [INFO] Pass: Optimize1qGatesDecomposition - 0.07653 (ms)
2026-07-10 21:19:27,027 [INFO] Pass: CommutativeCancellation - 0.03767 (ms)
2026-07-10 21:19:27,027 [INFO] Pass: ContractIdleWiresInControlFlow - 0.00191 (ms)
2026-07-10 21:19:27,027 [INFO] Pass: GatesInBasis - 0.00668 (ms)
2026-07-10 21:19:27,027 [INFO] Pass: Depth - 0.00811 (ms)
2026-07-10 21:19:27,027 [INFO] Pass: FixedPoint - 0.00310 (ms)
2026-07-10 21:19:27,027 [INFO] Pass: Size - 0.00167 (ms)
2026-07-10 21:19:27,027 [INFO] Pass: FixedPoint - 0.00310 (ms)
2026-07-10 21:19:27,027 [INFO] Pass: ContainsInstruction - 0.00501 (ms)
2026-07-10 21:19:27,027 [INFO] Total Transpile Time - 93.69326 (ms)
2026-07-10 21:19:39,397 [INFO] [PCE] n=25 instancia 14/100 completada en 0:00:00:13 — transcurrido=0:00:03:09 restante_estimado=0:00:19:18
2026-07-10 21:19:39,489 [INFO] Pass: ContainsInstruction - 0.01144 (ms)
2026-07-10 21:19:39,490 [INFO] Pass: UnitarySynthesis - 0.00668 (ms)
2026-07-10 21:19:39,490 [INFO] Pass: HighLevelSynthesis - 0.00691 (ms)
2026-07-10 21:19:39,490 [INFO] Pass: BasisTranslator - 0.05746 (ms)
2026-07-10 21:19:39,490 [INFO] Pass: ElidePermutations - 0.00525 (ms)
2026-07-10 21:19:39,490 [INFO] Pass: RemoveDiagonalGatesBeforeMeasure - 0.00739 (ms)
2026-07-10 21:19:39,490 [INFO] Pass: RemoveIdentityEquivalent - 0.00358 (ms)
2026-07-10 21:19:39,490 [INFO] Pass: InverseCancellation - 0.00453 (ms)
2026-07-10 21:19:39,490 [INFO] Pass: ContractIdleWiresInControlFlow - 0.00238 (ms)
2026-07-10 21:19:39,490 [INFO] Pass: CommutativeCancellation - 0.02265 (ms)
2026-07-10 21:19:39,490 [INFO] Pass: ConsolidateBlocks - 0.03338 (ms)
2026-07-10 21:19:39,490 [INFO] Pass: Split2QUnitaries - 0.00358 (ms)
2026-07-10 21:19:39,490 [INFO] Pass: UnitarySynthesis - 0.00525 (ms)
2026-07-10 21:19:39,490 [INFO] Pass: HighLevelSynthesis - 0.00858 (ms)
2026-07-10 21:19:39,490 [INFO] Pass: BasisTranslator - 0.04983 (ms)
2026-07-10 21:19:39,490 [INFO] Pass: ConsolidateBlocks - 0.03934 (ms)
2026-07-10 21:19:39,490 [INFO] Pass: UnitarySynthesis - 0.00429 (ms)
2026-07-10 21:19:39,490 [INFO] Pass: Depth - 0.00978 (ms)
2026-07-10 21:19:39,490 [INFO] Pass: FixedPoint - 0.00501 (ms)
2026-07-10 21:19:39,490 [INFO] Pass: Size - 0.00358 (ms)
2026-07-10 21:19:39,490 [INFO] Pass: FixedPoint - 0.00286 (ms)
2026-07-10 21:19:39,490 [INFO] Pass: RemoveIdentityEquivalent - 0.00262 (ms)
2026-07-10 21:19:39,490 [INFO] Pass: Optimize1qGatesDecomposition - 0.02789 (ms)
2026-07-10 21:19:39,490 [INFO] Pass: CommutativeCancellation - 0.04411 (ms)
2026-07-10 21:19:39,490 [INFO] Pass: ContractIdleWiresInControlFlow - 0.00191 (ms)
2026-07-10 21:19:39,491 [INFO] Pass: GatesInBasis - 0.00858 (ms)
2026-07-10 21:19:39,491 [INFO] Pass: Depth - 0.00787 (ms)
2026-07-10 21:19:39,491 [INFO] Pass: FixedPoint - 0.00334 (ms)
2026-07-10 21:19:39,491 [INFO] Pass: Size - 0.00167 (ms)
2026-07-10 21:19:39,491 [INFO] Pass: FixedPoint - 0.00238 (ms)
2026-07-10 21:19:39,491 [INFO] Pass: ContainsInstruction - 0.00453 (ms)
2026-07-10 21:19:39,491 [INFO] Total Transpile Time - 92.15689 (ms)
2026-07-10 21:19:39,581 [INFO] Pass: ContainsInstruction - 0.00954 (ms)
2026-07-10 21:19:39,581 [INFO] Pass: UnitarySynthesis - 0.00596 (ms)
2026-07-10 21:19:39,581 [INFO] Pass: HighLevelSynthesis - 0.00572 (ms)
2026-07-10 21:19:39,581 [INFO] Pass: BasisTranslator - 0.05245 (ms)
2026-07-10 21:19:39,581 [INFO] Pass: ElidePermutations - 0.00381 (ms)
2026-07-10 21:19:39,581 [INFO] Pass: RemoveDiagonalGatesBeforeMeasure - 0.00596 (ms)
2026-07-10 21:19:39,581 [INFO] Pass: RemoveIdentityEquivalent - 0.00453 (ms)
2026-07-10 21:19:39,582 [INFO] Pass: InverseCancellation - 0.01240 (ms)
2026-07-10 21:19:39,582 [INFO] Pass: ContractIdleWiresInControlFlow - 0.00215 (ms)
2026-07-10 21:19:39,582 [INFO] Pass: CommutativeCancellation - 0.02575 (ms)
2026-07-10 21:19:39,582 [INFO] Pass: ConsolidateBlocks - 0.03028 (ms)
2026-07-10 21:19:39,582 [INFO] Pass: Split2QUnitaries - 0.00358 (ms)
2026-07-10 21:19:39,582 [INFO] Pass: UnitarySynthesis - 0.00501 (ms)
2026-07-10 21:19:39,582 [INFO] Pass: HighLevelSynthesis - 0.00954 (ms)
2026-07-10 21:19:39,582 [INFO] Pass: BasisTranslator - 0.05269 (ms)
2026-07-10 21:19:39,582 [INFO] Pass: ConsolidateBlocks - 0.04029 (ms)
2026-07-10 21:19:39,582 [INFO] Pass: UnitarySynthesis - 0.00501 (ms)
2026-07-10 21:19:39,582 [INFO] Pass: Depth - 0.00978 (ms)
2026-07-10 21:19:39,582 [INFO] Pass: FixedPoint - 0.00453 (ms)
2026-07-10 21:19:39,582 [INFO] Pass: Size - 0.00310 (ms)
2026-07-10 21:19:39,582 [INFO] Pass: FixedPoint - 0.00262 (ms)
2026-07-10 21:19:39,582 [INFO] Pass: RemoveIdentityEquivalent - 0.00381 (ms)
2026-07-10 21:19:39,582 [INFO] Pass: Optimize1qGatesDecomposition - 0.08893 (ms)
2026-07-10 21:19:39,582 [INFO] Pass: CommutativeCancellation - 0.05579 (ms)
2026-07-10 21:19:39,582 [INFO] Pass: ContractIdleWiresInControlFlow - 0.00191 (ms)
2026-07-10 21:19:39,582 [INFO] Pass: GatesInBasis - 0.00906 (ms)
2026-07-10 21:19:39,582 [INFO] Pass: Depth - 0.00858 (ms)
2026-07-10 21:19:39,582 [INFO] Pass: FixedPoint - 0.00334 (ms)
2026-07-10 21:19:39,582 [INFO] Pass: Size - 0.00191 (ms)
2026-07-10 21:19:39,582 [INFO] Pass: FixedPoint - 0.00286 (ms)
2026-07-10 21:19:39,582 [INFO] Pass: ContainsInstruction - 0.00453 (ms)
2026-07-10 21:19:39,583 [INFO] Total Transpile Time - 91.40968 (ms)
2026-07-10 21:19:39,673 [INFO] Pass: ContainsInstruction - 0.00930 (ms)
2026-07-10 21:19:39,674 [INFO] Pass: UnitarySynthesis - 0.00620 (ms)
2026-07-10 21:19:39,674 [INFO] Pass: HighLevelSynthesis - 0.00572 (ms)
2026-07-10 21:19:39,674 [INFO] Pass: BasisTranslator - 0.05174 (ms)
2026-07-10 21:19:39,674 [INFO] Pass: ElidePermutations - 0.00429 (ms)
2026-07-10 21:19:39,674 [INFO] Pass: RemoveDiagonalGatesBeforeMeasure - 0.00596 (ms)
2026-07-10 21:19:39,674 [INFO] Pass: RemoveIdentityEquivalent - 0.00477 (ms)
2026-07-10 21:19:39,674 [INFO] Pass: InverseCancellation - 0.01264 (ms)
2026-07-10 21:19:39,674 [INFO] Pass: ContractIdleWiresInControlFlow - 0.00191 (ms)
2026-07-10 21:19:39,674 [INFO] Pass: CommutativeCancellation - 0.02313 (ms)
2026-07-10 21:19:39,674 [INFO] Pass: ConsolidateBlocks - 0.02789 (ms)
2026-07-10 21:19:39,674 [INFO] Pass: Split2QUnitaries - 0.00286 (ms)
2026-07-10 21:19:39,674 [INFO] Pass: UnitarySynthesis - 0.00525 (ms)
2026-07-10 21:19:39,674 [INFO] Pass: HighLevelSynthesis - 0.00978 (ms)
2026-07-10 21:19:39,674 [INFO] Pass: BasisTranslator - 0.05364 (ms)
2026-07-10 21:19:39,674 [INFO] Pass: ConsolidateBlocks - 0.04077 (ms)
2026-07-10 21:19:39,674 [INFO] Pass: UnitarySynthesis - 0.00453 (ms)
2026-07-10 21:19:39,674 [INFO] Pass: Depth - 0.00978 (ms)
2026-07-10 21:19:39,674 [INFO] Pass: FixedPoint - 0.00453 (ms)
2026-07-10 21:19:39,674 [INFO] Pass: Size - 0.00310 (ms)
2026-07-10 21:19:39,674 [INFO] Pass: FixedPoint - 0.00262 (ms)
2026-07-10 21:19:39,674 [INFO] Pass: RemoveIdentityEquivalent - 0.00358 (ms)
2026-07-10 21:19:39,674 [INFO] Pass: Optimize1qGatesDecomposition - 0.09465 (ms)
2026-07-10 21:19:39,675 [INFO] Pass: CommutativeCancellation - 0.04363 (ms)
2026-07-10 21:19:39,675 [INFO] Pass: ContractIdleWiresInControlFlow - 0.00191 (ms)
2026-07-10 21:19:39,675 [INFO] Pass: GatesInBasis - 0.00763 (ms)
2026-07-10 21:19:39,675 [INFO] Pass: Depth - 0.00906 (ms)
2026-07-10 21:19:39,675 [INFO] Pass: FixedPoint - 0.00358 (ms)
2026-07-10 21:19:39,675 [INFO] Pass: Size - 0.00215 (ms)
2026-07-10 21:19:39,675 [INFO] Pass: FixedPoint - 0.00310 (ms)
2026-07-10 21:19:39,675 [INFO] Pass: RemoveIdentityEquivalent - 0.00358 (ms)
2026-07-10 21:19:39,675 [INFO] Pass: Optimize1qGatesDecomposition - 0.07820 (ms)
2026-07-10 21:19:39,675 [INFO] Pass: CommutativeCancellation - 0.03791 (ms)
2026-07-10 21:19:39,675 [INFO] Pass: ContractIdleWiresInControlFlow - 0.00191 (ms)
2026-07-10 21:19:39,675 [INFO] Pass: GatesInBasis - 0.00668 (ms)
2026-07-10 21:19:39,675 [INFO] Pass: Depth - 0.00787 (ms)
2026-07-10 21:19:39,675 [INFO] Pass: FixedPoint - 0.00310 (ms)
2026-07-10 21:19:39,675 [INFO] Pass: Size - 0.00215 (ms)
2026-07-10 21:19:39,675 [INFO] Pass: FixedPoint - 0.00286 (ms)
2026-07-10 21:19:39,675 [INFO] Pass: ContainsInstruction - 0.00501 (ms)
2026-07-10 21:19:39,675 [INFO] Total Transpile Time - 92.23366 (ms)
2026-07-10 21:19:53,296 [INFO] [PCE] n=25 instancia 15/100 completada en 0:00:00:14 — transcurrido=0:00:03:22 restante_estimado=0:00:19:07
2026-07-10 21:19:53,390 [INFO] Pass: ContainsInstruction - 0.01168 (ms)
2026-07-10 21:19:53,390 [INFO] Pass: UnitarySynthesis - 0.00668 (ms)
2026-07-10 21:19:53,390 [INFO] Pass: HighLevelSynthesis - 0.00668 (ms)
2026-07-10 21:19:53,390 [INFO] Pass: BasisTranslator - 0.05889 (ms)
2026-07-10 21:19:53,390 [INFO] Pass: ElidePermutations - 0.00501 (ms)
2026-07-10 21:19:53,390 [INFO] Pass: RemoveDiagonalGatesBeforeMeasure - 0.00834 (ms)
2026-07-10 21:19:53,390 [INFO] Pass: RemoveIdentityEquivalent - 0.00334 (ms)
2026-07-10 21:19:53,390 [INFO] Pass: InverseCancellation - 0.00501 (ms)
2026-07-10 21:19:53,390 [INFO] Pass: ContractIdleWiresInControlFlow - 0.00238 (ms)
2026-07-10 21:19:53,390 [INFO] Pass: CommutativeCancellation - 0.02193 (ms)
2026-07-10 21:19:53,390 [INFO] Pass: ConsolidateBlocks - 0.03457 (ms)
2026-07-10 21:19:53,390 [INFO] Pass: Split2QUnitaries - 0.00334 (ms)
2026-07-10 21:19:53,390 [INFO] Pass: UnitarySynthesis - 0.00453 (ms)
2026-07-10 21:19:53,390 [INFO] Pass: HighLevelSynthesis - 0.00906 (ms)
2026-07-10 21:19:53,390 [INFO] Pass: BasisTranslator - 0.05102 (ms)
2026-07-10 21:19:53,390 [INFO] Pass: ConsolidateBlocks - 0.04911 (ms)
2026-07-10 21:19:53,390 [INFO] Pass: UnitarySynthesis - 0.00405 (ms)
2026-07-10 21:19:53,390 [INFO] Pass: Depth - 0.01025 (ms)
2026-07-10 21:19:53,390 [INFO] Pass: FixedPoint - 0.00453 (ms)
2026-07-10 21:19:53,390 [INFO] Pass: Size - 0.00334 (ms)
2026-07-10 21:19:53,390 [INFO] Pass: FixedPoint - 0.00286 (ms)
2026-07-10 21:19:53,390 [INFO] Pass: RemoveIdentityEquivalent - 0.00262 (ms)
2026-07-10 21:19:53,390 [INFO] Pass: Optimize1qGatesDecomposition - 0.02766 (ms)
2026-07-10 21:19:53,391 [INFO] Pass: CommutativeCancellation - 0.04196 (ms)
2026-07-10 21:19:53,391 [INFO] Pass: ContractIdleWiresInControlFlow - 0.00215 (ms)
2026-07-10 21:19:53,391 [INFO] Pass: GatesInBasis - 0.00906 (ms)
2026-07-10 21:19:53,391 [INFO] Pass: Depth - 0.00787 (ms)
2026-07-10 21:19:53,391 [INFO] Pass: FixedPoint - 0.00334 (ms)
2026-07-10 21:19:53,391 [INFO] Pass: Size - 0.00215 (ms)
2026-07-10 21:19:53,391 [INFO] Pass: FixedPoint - 0.00286 (ms)
2026-07-10 21:19:53,391 [INFO] Pass: ContainsInstruction - 0.00477 (ms)
2026-07-10 21:19:53,391 [INFO] Total Transpile Time - 92.99874 (ms)
2026-07-10 21:19:53,481 [INFO] Pass: ContainsInstruction - 0.01025 (ms)
2026-07-10 21:19:53,481 [INFO] Pass: UnitarySynthesis - 0.00668 (ms)
2026-07-10 21:19:53,481 [INFO] Pass: HighLevelSynthesis - 0.00525 (ms)
2026-07-10 21:19:53,481 [INFO] Pass: BasisTranslator - 0.05364 (ms)
2026-07-10 21:19:53,481 [INFO] Pass: ElidePermutations - 0.00405 (ms)
2026-07-10 21:19:53,481 [INFO] Pass: RemoveDiagonalGatesBeforeMeasure - 0.00572 (ms)
2026-07-10 21:19:53,481 [INFO] Pass: RemoveIdentityEquivalent - 0.00405 (ms)
2026-07-10 21:19:53,481 [INFO] Pass: InverseCancellation - 0.01359 (ms)
2026-07-10 21:19:53,481 [INFO] Pass: ContractIdleWiresInControlFlow - 0.00191 (ms)
2026-07-10 21:19:53,481 [INFO] Pass: CommutativeCancellation - 0.02503 (ms)
2026-07-10 21:19:53,481 [INFO] Pass: ConsolidateBlocks - 0.03123 (ms)
2026-07-10 21:19:53,481 [INFO] Pass: Split2QUnitaries - 0.00310 (ms)
2026-07-10 21:19:53,481 [INFO] Pass: UnitarySynthesis - 0.00477 (ms)
2026-07-10 21:19:53,481 [INFO] Pass: HighLevelSynthesis - 0.01001 (ms)
2026-07-10 21:19:53,481 [INFO] Pass: BasisTranslator - 0.05198 (ms)
2026-07-10 21:19:53,481 [INFO] Pass: ConsolidateBlocks - 0.04077 (ms)
2026-07-10 21:19:53,481 [INFO] Pass: UnitarySynthesis - 0.00429 (ms)
2026-07-10 21:19:53,481 [INFO] Pass: Depth - 0.00954 (ms)
2026-07-10 21:19:53,482 [INFO] Pass: FixedPoint - 0.00453 (ms)
2026-07-10 21:19:53,482 [INFO] Pass: Size - 0.00310 (ms)
2026-07-10 21:19:53,482 [INFO] Pass: FixedPoint - 0.00286 (ms)
2026-07-10 21:19:53,482 [INFO] Pass: RemoveIdentityEquivalent - 0.00334 (ms)
2026-07-10 21:19:53,482 [INFO] Pass: Optimize1qGatesDecomposition - 0.09060 (ms)
2026-07-10 21:19:53,482 [INFO] Pass: CommutativeCancellation - 0.04840 (ms)
2026-07-10 21:19:53,482 [INFO] Pass: ContractIdleWiresInControlFlow - 0.00215 (ms)
2026-07-10 21:19:53,482 [INFO] Pass: GatesInBasis - 0.00834 (ms)
2026-07-10 21:19:53,482 [INFO] Pass: Depth - 0.00930 (ms)
2026-07-10 21:19:53,482 [INFO] Pass: FixedPoint - 0.00358 (ms)
2026-07-10 21:19:53,482 [INFO] Pass: Size - 0.00167 (ms)
2026-07-10 21:19:53,482 [INFO] Pass: FixedPoint - 0.00310 (ms)
2026-07-10 21:19:53,482 [INFO] Pass: ContainsInstruction - 0.00453 (ms)
2026-07-10 21:19:53,482 [INFO] Total Transpile Time - 90.81817 (ms)
2026-07-10 21:19:53,572 [INFO] Pass: ContainsInstruction - 0.00930 (ms)
2026-07-10 21:19:53,573 [INFO] Pass: UnitarySynthesis - 0.00644 (ms)
2026-07-10 21:19:53,573 [INFO] Pass: HighLevelSynthesis - 0.00548 (ms)
2026-07-10 21:19:53,573 [INFO] Pass: BasisTranslator - 0.05221 (ms)
2026-07-10 21:19:53,573 [INFO] Pass: ElidePermutations - 0.00358 (ms)
2026-07-10 21:19:53,573 [INFO] Pass: RemoveDiagonalGatesBeforeMeasure - 0.00548 (ms)
2026-07-10 21:19:53,573 [INFO] Pass: RemoveIdentityEquivalent - 0.00429 (ms)
2026-07-10 21:19:53,573 [INFO] Pass: InverseCancellation - 0.01287 (ms)
2026-07-10 21:19:53,573 [INFO] Pass: ContractIdleWiresInControlFlow - 0.00167 (ms)
2026-07-10 21:19:53,573 [INFO] Pass: CommutativeCancellation - 0.02265 (ms)
2026-07-10 21:19:53,573 [INFO] Pass: ConsolidateBlocks - 0.02885 (ms)
2026-07-10 21:19:53,573 [INFO] Pass: Split2QUnitaries - 0.00238 (ms)
2026-07-10 21:19:53,573 [INFO] Pass: UnitarySynthesis - 0.00477 (ms)
2026-07-10 21:19:53,573 [INFO] Pass: HighLevelSynthesis - 0.00954 (ms)
2026-07-10 21:19:53,573 [INFO] Pass: BasisTranslator - 0.05174 (ms)
2026-07-10 21:19:53,573 [INFO] Pass: ConsolidateBlocks - 0.04053 (ms)
2026-07-10 21:19:53,573 [INFO] Pass: UnitarySynthesis - 0.00477 (ms)
2026-07-10 21:19:53,573 [INFO] Pass: Depth - 0.00954 (ms)
2026-07-10 21:19:53,573 [INFO] Pass: FixedPoint - 0.00453 (ms)
2026-07-10 21:19:53,573 [INFO] Pass: Size - 0.00286 (ms)
2026-07-10 21:19:53,573 [INFO] Pass: FixedPoint - 0.00286 (ms)
2026-07-10 21:19:53,573 [INFO] Pass: RemoveIdentityEquivalent - 0.00334 (ms)
2026-07-10 21:19:53,573 [INFO] Pass: Optimize1qGatesDecomposition - 0.09656 (ms)
2026-07-10 21:19:53,573 [INFO] Pass: CommutativeCancellation - 0.04268 (ms)
2026-07-10 21:19:53,574 [INFO] Pass: ContractIdleWiresInControlFlow - 0.00191 (ms)
2026-07-10 21:19:53,574 [INFO] Pass: GatesInBasis - 0.00858 (ms)
2026-07-10 21:19:53,574 [INFO] Pass: Depth - 0.00930 (ms)
2026-07-10 21:19:53,574 [INFO] Pass: FixedPoint - 0.00358 (ms)
2026-07-10 21:19:53,574 [INFO] Pass: Size - 0.00191 (ms)
2026-07-10 21:19:53,574 [INFO] Pass: FixedPoint - 0.00262 (ms)
2026-07-10 21:19:53,574 [INFO] Pass: RemoveIdentityEquivalent - 0.00334 (ms)
2026-07-10 21:19:53,574 [INFO] Pass: Optimize1qGatesDecomposition - 0.07868 (ms)
2026-07-10 21:19:53,574 [INFO] Pass: CommutativeCancellation - 0.03743 (ms)
2026-07-10 21:19:53,574 [INFO] Pass: ContractIdleWiresInControlFlow - 0.00191 (ms)
2026-07-10 21:19:53,574 [INFO] Pass: GatesInBasis - 0.00668 (ms)
2026-07-10 21:19:53,574 [INFO] Pass: Depth - 0.00787 (ms)
2026-07-10 21:19:53,574 [INFO] Pass: FixedPoint - 0.00334 (ms)
2026-07-10 21:19:53,574 [INFO] Pass: Size - 0.00191 (ms)
2026-07-10 21:19:53,574 [INFO] Pass: FixedPoint - 0.00262 (ms)
2026-07-10 21:19:53,574 [INFO] Pass: ContainsInstruction - 0.00477 (ms)
2026-07-10 21:19:53,574 [INFO] Total Transpile Time - 91.63260 (ms)
2026-07-10 21:20:06,411 [INFO] [PCE] n=25 instancia 16/100 completada en 0:00:00:13 — transcurrido=0:00:03:36 restante_estimado=0:00:18:52
2026-07-10 21:20:06,504 [INFO] Pass: ContainsInstruction - 0.01121 (ms)
2026-07-10 21:20:06,504 [INFO] Pass: UnitarySynthesis - 0.00644 (ms)
2026-07-10 21:20:06,504 [INFO] Pass: HighLevelSynthesis - 0.00620 (ms)
2026-07-10 21:20:06,504 [INFO] Pass: BasisTranslator - 0.05794 (ms)
2026-07-10 21:20:06,504 [INFO] Pass: ElidePermutations - 0.00548 (ms)
2026-07-10 21:20:06,504 [INFO] Pass: RemoveDiagonalGatesBeforeMeasure - 0.00787 (ms)
2026-07-10 21:20:06,504 [INFO] Pass: RemoveIdentityEquivalent - 0.00286 (ms)
2026-07-10 21:20:06,504 [INFO] Pass: InverseCancellation - 0.00548 (ms)
2026-07-10 21:20:06,504 [INFO] Pass: ContractIdleWiresInControlFlow - 0.00215 (ms)
2026-07-10 21:20:06,504 [INFO] Pass: CommutativeCancellation - 0.02241 (ms)
2026-07-10 21:20:06,504 [INFO] Pass: ConsolidateBlocks - 0.03266 (ms)
2026-07-10 21:20:06,504 [INFO] Pass: Split2QUnitaries - 0.00286 (ms)
2026-07-10 21:20:06,504 [INFO] Pass: UnitarySynthesis - 0.00477 (ms)
2026-07-10 21:20:06,504 [INFO] Pass: HighLevelSynthesis - 0.00858 (ms)
2026-07-10 21:20:06,504 [INFO] Pass: BasisTranslator - 0.06056 (ms)
2026-07-10 21:20:06,504 [INFO] Pass: ConsolidateBlocks - 0.04125 (ms)
2026-07-10 21:20:06,504 [INFO] Pass: UnitarySynthesis - 0.00453 (ms)
2026-07-10 21:20:06,504 [INFO] Pass: Depth - 0.00930 (ms)
2026-07-10 21:20:06,504 [INFO] Pass: FixedPoint - 0.00477 (ms)
2026-07-10 21:20:06,504 [INFO] Pass: Size - 0.00310 (ms)
2026-07-10 21:20:06,504 [INFO] Pass: FixedPoint - 0.00286 (ms)
2026-07-10 21:20:06,505 [INFO] Pass: RemoveIdentityEquivalent - 0.00286 (ms)
2026-07-10 21:20:06,505 [INFO] Pass: Optimize1qGatesDecomposition - 0.02742 (ms)
2026-07-10 21:20:06,505 [INFO] Pass: CommutativeCancellation - 0.04292 (ms)
2026-07-10 21:20:06,505 [INFO] Pass: ContractIdleWiresInControlFlow - 0.00191 (ms)
2026-07-10 21:20:06,505 [INFO] Pass: GatesInBasis - 0.00858 (ms)
2026-07-10 21:20:06,505 [INFO] Pass: Depth - 0.00763 (ms)
2026-07-10 21:20:06,505 [INFO] Pass: FixedPoint - 0.00310 (ms)
2026-07-10 21:20:06,505 [INFO] Pass: Size - 0.00191 (ms)
2026-07-10 21:20:06,505 [INFO] Pass: FixedPoint - 0.00262 (ms)
2026-07-10 21:20:06,505 [INFO] Pass: ContainsInstruction - 0.00477 (ms)
2026-07-10 21:20:06,505 [INFO] Total Transpile Time - 91.94756 (ms)
2026-07-10 21:20:06,595 [INFO] Pass: ContainsInstruction - 0.00978 (ms)
2026-07-10 21:20:06,595 [INFO] Pass: UnitarySynthesis - 0.00596 (ms)
2026-07-10 21:20:06,595 [INFO] Pass: HighLevelSynthesis - 0.00596 (ms)
2026-07-10 21:20:06,595 [INFO] Pass: BasisTranslator - 0.05245 (ms)
2026-07-10 21:20:06,595 [INFO] Pass: ElidePermutations - 0.00429 (ms)
2026-07-10 21:20:06,595 [INFO] Pass: RemoveDiagonalGatesBeforeMeasure - 0.00644 (ms)
2026-07-10 21:20:06,595 [INFO] Pass: RemoveIdentityEquivalent - 0.00358 (ms)
2026-07-10 21:20:06,595 [INFO] Pass: InverseCancellation - 0.01264 (ms)
2026-07-10 21:20:06,595 [INFO] Pass: ContractIdleWiresInControlFlow - 0.00215 (ms)
2026-07-10 21:20:06,595 [INFO] Pass: CommutativeCancellation - 0.02384 (ms)
2026-07-10 21:20:06,595 [INFO] Pass: ConsolidateBlocks - 0.03052 (ms)
2026-07-10 21:20:06,595 [INFO] Pass: Split2QUnitaries - 0.00310 (ms)
2026-07-10 21:20:06,595 [INFO] Pass: UnitarySynthesis - 0.00477 (ms)
2026-07-10 21:20:06,595 [INFO] Pass: HighLevelSynthesis - 0.00930 (ms)
2026-07-10 21:20:06,595 [INFO] Pass: BasisTranslator - 0.05293 (ms)
2026-07-10 21:20:06,596 [INFO] Pass: ConsolidateBlocks - 0.03958 (ms)
2026-07-10 21:20:06,596 [INFO] Pass: UnitarySynthesis - 0.00405 (ms)
2026-07-10 21:20:06,596 [INFO] Pass: Depth - 0.00930 (ms)
2026-07-10 21:20:06,596 [INFO] Pass: FixedPoint - 0.00429 (ms)
2026-07-10 21:20:06,596 [INFO] Pass: Size - 0.00310 (ms)
2026-07-10 21:20:06,596 [INFO] Pass: FixedPoint - 0.00286 (ms)
2026-07-10 21:20:06,596 [INFO] Pass: RemoveIdentityEquivalent - 0.00358 (ms)
2026-07-10 21:20:06,596 [INFO] Pass: Optimize1qGatesDecomposition - 0.08965 (ms)
2026-07-10 21:20:06,596 [INFO] Pass: CommutativeCancellation - 0.04792 (ms)
2026-07-10 21:20:06,596 [INFO] Pass: ContractIdleWiresInControlFlow - 0.00215 (ms)
2026-07-10 21:20:06,596 [INFO] Pass: GatesInBasis - 0.00906 (ms)
2026-07-10 21:20:06,596 [INFO] Pass: Depth - 0.00811 (ms)
2026-07-10 21:20:06,596 [INFO] Pass: FixedPoint - 0.00334 (ms)
2026-07-10 21:20:06,596 [INFO] Pass: Size - 0.00215 (ms)
2026-07-10 21:20:06,596 [INFO] Pass: FixedPoint - 0.00286 (ms)
2026-07-10 21:20:06,596 [INFO] Pass: ContainsInstruction - 0.00453 (ms)
2026-07-10 21:20:06,596 [INFO] Total Transpile Time - 90.81793 (ms)
2026-07-10 21:20:06,687 [INFO] Pass: ContainsInstruction - 0.00930 (ms)
2026-07-10 21:20:06,687 [INFO] Pass: UnitarySynthesis - 0.00596 (ms)
2026-07-10 21:20:06,687 [INFO] Pass: HighLevelSynthesis - 0.00501 (ms)
2026-07-10 21:20:06,687 [INFO] Pass: BasisTranslator - 0.05150 (ms)
2026-07-10 21:20:06,687 [INFO] Pass: ElidePermutations - 0.00334 (ms)
2026-07-10 21:20:06,687 [INFO] Pass: RemoveDiagonalGatesBeforeMeasure - 0.00548 (ms)
2026-07-10 21:20:06,687 [INFO] Pass: RemoveIdentityEquivalent - 0.00429 (ms)
2026-07-10 21:20:06,687 [INFO] Pass: InverseCancellation - 0.01216 (ms)
2026-07-10 21:20:06,687 [INFO] Pass: ContractIdleWiresInControlFlow - 0.00215 (ms)
2026-07-10 21:20:06,687 [INFO] Pass: CommutativeCancellation - 0.02337 (ms)
2026-07-10 21:20:06,687 [INFO] Pass: ConsolidateBlocks - 0.02933 (ms)
2026-07-10 21:20:06,687 [INFO] Pass: Split2QUnitaries - 0.00286 (ms)
2026-07-10 21:20:06,687 [INFO] Pass: UnitarySynthesis - 0.00525 (ms)
2026-07-10 21:20:06,687 [INFO] Pass: HighLevelSynthesis - 0.01001 (ms)
2026-07-10 21:20:06,687 [INFO] Pass: BasisTranslator - 0.05221 (ms)
2026-07-10 21:20:06,687 [INFO] Pass: ConsolidateBlocks - 0.04792 (ms)
2026-07-10 21:20:06,687 [INFO] Pass: UnitarySynthesis - 0.00453 (ms)
2026-07-10 21:20:06,687 [INFO] Pass: Depth - 0.00954 (ms)
2026-07-10 21:20:06,687 [INFO] Pass: FixedPoint - 0.00477 (ms)
2026-07-10 21:20:06,687 [INFO] Pass: Size - 0.00262 (ms)
2026-07-10 21:20:06,687 [INFO] Pass: FixedPoint - 0.00286 (ms)
2026-07-10 21:20:06,687 [INFO] Pass: RemoveIdentityEquivalent - 0.00405 (ms)
2026-07-10 21:20:06,688 [INFO] Pass: Optimize1qGatesDecomposition - 0.09227 (ms)
2026-07-10 21:20:06,688 [INFO] Pass: CommutativeCancellation - 0.04435 (ms)
2026-07-10 21:20:06,688 [INFO] Pass: ContractIdleWiresInControlFlow - 0.00167 (ms)
2026-07-10 21:20:06,688 [INFO] Pass: GatesInBasis - 0.00763 (ms)
2026-07-10 21:20:06,688 [INFO] Pass: Depth - 0.00930 (ms)
2026-07-10 21:20:06,688 [INFO] Pass: FixedPoint - 0.00334 (ms)
2026-07-10 21:20:06,688 [INFO] Pass: Size - 0.00191 (ms)
2026-07-10 21:20:06,688 [INFO] Pass: FixedPoint - 0.00286 (ms)
2026-07-10 21:20:06,688 [INFO] Pass: RemoveIdentityEquivalent - 0.00310 (ms)
2026-07-10 21:20:06,688 [INFO] Pass: Optimize1qGatesDecomposition - 0.07915 (ms)
2026-07-10 21:20:06,688 [INFO] Pass: CommutativeCancellation - 0.03815 (ms)
2026-07-10 21:20:06,688 [INFO] Pass: ContractIdleWiresInControlFlow - 0.00191 (ms)
2026-07-10 21:20:06,688 [INFO] Pass: GatesInBasis - 0.00668 (ms)
2026-07-10 21:20:06,688 [INFO] Pass: Depth - 0.00858 (ms)
2026-07-10 21:20:06,688 [INFO] Pass: FixedPoint - 0.00334 (ms)
2026-07-10 21:20:06,688 [INFO] Pass: Size - 0.00215 (ms)
2026-07-10 21:20:06,688 [INFO] Pass: FixedPoint - 0.00286 (ms)
2026-07-10 21:20:06,688 [INFO] Pass: ContainsInstruction - 0.00501 (ms)
2026-07-10 21:20:06,688 [INFO] Total Transpile Time - 91.74705 (ms)
2026-07-10 21:20:19,122 [INFO] [PCE] n=25 instancia 17/100 completada en 0:00:00:13 — transcurrido=0:00:03:48 restante_estimado=0:00:18:34
2026-07-10 21:20:19,215 [INFO] Pass: ContainsInstruction - 0.01192 (ms)
2026-07-10 21:20:19,215 [INFO] Pass: UnitarySynthesis - 0.00691 (ms)
2026-07-10 21:20:19,215 [INFO] Pass: HighLevelSynthesis - 0.00620 (ms)
2026-07-10 21:20:19,215 [INFO] Pass: BasisTranslator - 0.05960 (ms)
2026-07-10 21:20:19,215 [INFO] Pass: ElidePermutations - 0.00501 (ms)
2026-07-10 21:20:19,215 [INFO] Pass: RemoveDiagonalGatesBeforeMeasure - 0.00811 (ms)
2026-07-10 21:20:19,215 [INFO] Pass: RemoveIdentityEquivalent - 0.00334 (ms)
2026-07-10 21:20:19,215 [INFO] Pass: InverseCancellation - 0.00525 (ms)
2026-07-10 21:20:19,215 [INFO] Pass: ContractIdleWiresInControlFlow - 0.00238 (ms)
2026-07-10 21:20:19,215 [INFO] Pass: CommutativeCancellation - 0.02170 (ms)
2026-07-10 21:20:19,215 [INFO] Pass: ConsolidateBlocks - 0.03242 (ms)
2026-07-10 21:20:19,215 [INFO] Pass: Split2QUnitaries - 0.00310 (ms)
2026-07-10 21:20:19,215 [INFO] Pass: UnitarySynthesis - 0.00477 (ms)
2026-07-10 21:20:19,215 [INFO] Pass: HighLevelSynthesis - 0.01001 (ms)
2026-07-10 21:20:19,215 [INFO] Pass: BasisTranslator - 0.05245 (ms)
2026-07-10 21:20:19,215 [INFO] Pass: ConsolidateBlocks - 0.04125 (ms)
2026-07-10 21:20:19,215 [INFO] Pass: UnitarySynthesis - 0.00405 (ms)
2026-07-10 21:20:19,215 [INFO] Pass: Depth - 0.00978 (ms)
2026-07-10 21:20:19,216 [INFO] Pass: FixedPoint - 0.00525 (ms)
2026-07-10 21:20:19,216 [INFO] Pass: Size - 0.00334 (ms)
2026-07-10 21:20:19,216 [INFO] Pass: FixedPoint - 0.00310 (ms)
2026-07-10 21:20:19,216 [INFO] Pass: RemoveIdentityEquivalent - 0.00286 (ms)
2026-07-10 21:20:19,216 [INFO] Pass: Optimize1qGatesDecomposition - 0.02933 (ms)
2026-07-10 21:20:19,216 [INFO] Pass: CommutativeCancellation - 0.04172 (ms)
2026-07-10 21:20:19,216 [INFO] Pass: ContractIdleWiresInControlFlow - 0.00167 (ms)
2026-07-10 21:20:19,216 [INFO] Pass: GatesInBasis - 0.00906 (ms)
2026-07-10 21:20:19,216 [INFO] Pass: Depth - 0.00763 (ms)
2026-07-10 21:20:19,216 [INFO] Pass: FixedPoint - 0.00334 (ms)
2026-07-10 21:20:19,216 [INFO] Pass: Size - 0.00167 (ms)
2026-07-10 21:20:19,216 [INFO] Pass: FixedPoint - 0.00286 (ms)
2026-07-10 21:20:19,216 [INFO] Pass: ContainsInstruction - 0.00501 (ms)
2026-07-10 21:20:19,216 [INFO] Total Transpile Time - 92.48114 (ms)
2026-07-10 21:20:19,306 [INFO] Pass: ContainsInstruction - 0.00978 (ms)
2026-07-10 21:20:19,306 [INFO] Pass: UnitarySynthesis - 0.00596 (ms)
2026-07-10 21:20:19,307 [INFO] Pass: HighLevelSynthesis - 0.00596 (ms)
2026-07-10 21:20:19,307 [INFO] Pass: BasisTranslator - 0.05293 (ms)
2026-07-10 21:20:19,307 [INFO] Pass: ElidePermutations - 0.00429 (ms)
2026-07-10 21:20:19,307 [INFO] Pass: RemoveDiagonalGatesBeforeMeasure - 0.00644 (ms)
2026-07-10 21:20:19,307 [INFO] Pass: RemoveIdentityEquivalent - 0.00405 (ms)
2026-07-10 21:20:19,307 [INFO] Pass: InverseCancellation - 0.01311 (ms)
2026-07-10 21:20:19,307 [INFO] Pass: ContractIdleWiresInControlFlow - 0.00215 (ms)
2026-07-10 21:20:19,307 [INFO] Pass: CommutativeCancellation - 0.02575 (ms)
2026-07-10 21:20:19,307 [INFO] Pass: ConsolidateBlocks - 0.03099 (ms)
2026-07-10 21:20:19,307 [INFO] Pass: Split2QUnitaries - 0.00334 (ms)
2026-07-10 21:20:19,307 [INFO] Pass: UnitarySynthesis - 0.00501 (ms)
2026-07-10 21:20:19,307 [INFO] Pass: HighLevelSynthesis - 0.00978 (ms)
2026-07-10 21:20:19,307 [INFO] Pass: BasisTranslator - 0.05126 (ms)
2026-07-10 21:20:19,307 [INFO] Pass: ConsolidateBlocks - 0.04220 (ms)
2026-07-10 21:20:19,307 [INFO] Pass: UnitarySynthesis - 0.00453 (ms)
2026-07-10 21:20:19,307 [INFO] Pass: Depth - 0.00978 (ms)
2026-07-10 21:20:19,307 [INFO] Pass: FixedPoint - 0.00453 (ms)
2026-07-10 21:20:19,307 [INFO] Pass: Size - 0.00286 (ms)
2026-07-10 21:20:19,307 [INFO] Pass: FixedPoint - 0.00262 (ms)
2026-07-10 21:20:19,307 [INFO] Pass: RemoveIdentityEquivalent - 0.00334 (ms)
2026-07-10 21:20:19,307 [INFO] Pass: Optimize1qGatesDecomposition - 0.09274 (ms)
2026-07-10 21:20:19,307 [INFO] Pass: CommutativeCancellation - 0.04816 (ms)
2026-07-10 21:20:19,307 [INFO] Pass: ContractIdleWiresInControlFlow - 0.00167 (ms)
2026-07-10 21:20:19,308 [INFO] Pass: GatesInBasis - 0.00930 (ms)
2026-07-10 21:20:19,308 [INFO] Pass: Depth - 0.00882 (ms)
2026-07-10 21:20:19,308 [INFO] Pass: FixedPoint - 0.00381 (ms)
2026-07-10 21:20:19,308 [INFO] Pass: Size - 0.00238 (ms)
2026-07-10 21:20:19,308 [INFO] Pass: FixedPoint - 0.00286 (ms)
2026-07-10 21:20:19,308 [INFO] Pass: ContainsInstruction - 0.00525 (ms)
2026-07-10 21:20:19,308 [INFO] Total Transpile Time - 91.31980 (ms)
2026-07-10 21:20:19,399 [INFO] Pass: ContainsInstruction - 0.00978 (ms)
2026-07-10 21:20:19,399 [INFO] Pass: UnitarySynthesis - 0.00596 (ms)
2026-07-10 21:20:19,399 [INFO] Pass: HighLevelSynthesis - 0.00501 (ms)
2026-07-10 21:20:19,399 [INFO] Pass: BasisTranslator - 0.05245 (ms)
2026-07-10 21:20:19,399 [INFO] Pass: ElidePermutations - 0.00381 (ms)
2026-07-10 21:20:19,399 [INFO] Pass: RemoveDiagonalGatesBeforeMeasure - 0.00548 (ms)
2026-07-10 21:20:19,400 [INFO] Pass: RemoveIdentityEquivalent - 0.00477 (ms)
2026-07-10 21:20:19,400 [INFO] Pass: InverseCancellation - 0.01240 (ms)
2026-07-10 21:20:19,400 [INFO] Pass: ContractIdleWiresInControlFlow - 0.00215 (ms)
2026-07-10 21:20:19,400 [INFO] Pass: CommutativeCancellation - 0.02265 (ms)
2026-07-10 21:20:19,400 [INFO] Pass: ConsolidateBlocks - 0.02909 (ms)
2026-07-10 21:20:19,400 [INFO] Pass: Split2QUnitaries - 0.00262 (ms)
2026-07-10 21:20:19,400 [INFO] Pass: UnitarySynthesis - 0.00525 (ms)
2026-07-10 21:20:19,400 [INFO] Pass: HighLevelSynthesis - 0.01001 (ms)
2026-07-10 21:20:19,400 [INFO] Pass: BasisTranslator - 0.05364 (ms)
2026-07-10 21:20:19,400 [INFO] Pass: ConsolidateBlocks - 0.04244 (ms)
2026-07-10 21:20:19,400 [INFO] Pass: UnitarySynthesis - 0.00501 (ms)
2026-07-10 21:20:19,400 [INFO] Pass: Depth - 0.00954 (ms)
2026-07-10 21:20:19,400 [INFO] Pass: FixedPoint - 0.00405 (ms)
2026-07-10 21:20:19,400 [INFO] Pass: Size - 0.00262 (ms)
2026-07-10 21:20:19,400 [INFO] Pass: FixedPoint - 0.00238 (ms)
2026-07-10 21:20:19,400 [INFO] Pass: RemoveIdentityEquivalent - 0.00405 (ms)
2026-07-10 21:20:19,400 [INFO] Pass: Optimize1qGatesDecomposition - 0.09441 (ms)
2026-07-10 21:20:19,400 [INFO] Pass: CommutativeCancellation - 0.05174 (ms)
2026-07-10 21:20:19,400 [INFO] Pass: ContractIdleWiresInControlFlow - 0.00191 (ms)
2026-07-10 21:20:19,400 [INFO] Pass: GatesInBasis - 0.00811 (ms)
2026-07-10 21:20:19,400 [INFO] Pass: Depth - 0.00930 (ms)
2026-07-10 21:20:19,400 [INFO] Pass: FixedPoint - 0.00334 (ms)
2026-07-10 21:20:19,400 [INFO] Pass: Size - 0.00238 (ms)
2026-07-10 21:20:19,400 [INFO] Pass: FixedPoint - 0.00286 (ms)
2026-07-10 21:20:19,400 [INFO] Pass: RemoveIdentityEquivalent - 0.00358 (ms)
2026-07-10 21:20:19,401 [INFO] Pass: Optimize1qGatesDecomposition - 0.07987 (ms)
2026-07-10 21:20:19,401 [INFO] Pass: CommutativeCancellation - 0.03719 (ms)
2026-07-10 21:20:19,401 [INFO] Pass: ContractIdleWiresInControlFlow - 0.00167 (ms)
2026-07-10 21:20:19,401 [INFO] Pass: GatesInBasis - 0.00668 (ms)
2026-07-10 21:20:19,401 [INFO] Pass: Depth - 0.00858 (ms)
2026-07-10 21:20:19,401 [INFO] Pass: FixedPoint - 0.00310 (ms)
2026-07-10 21:20:19,401 [INFO] Pass: Size - 0.00215 (ms)
2026-07-10 21:20:19,401 [INFO] Pass: FixedPoint - 0.00238 (ms)
2026-07-10 21:20:19,401 [INFO] Pass: ContainsInstruction - 0.00548 (ms)
2026-07-10 21:20:19,401 [INFO] Total Transpile Time - 92.79156 (ms)
2026-07-10 21:20:32,468 [INFO] [PCE] n=25 instancia 18/100 completada en 0:00:00:13 — transcurrido=0:00:04:02 restante_estimado=0:00:18:21
2026-07-10 21:20:32,561 [INFO] Pass: ContainsInstruction - 0.01097 (ms)
2026-07-10 21:20:32,561 [INFO] Pass: UnitarySynthesis - 0.00691 (ms)
2026-07-10 21:20:32,561 [INFO] Pass: HighLevelSynthesis - 0.00644 (ms)
2026-07-10 21:20:32,561 [INFO] Pass: BasisTranslator - 0.05627 (ms)
2026-07-10 21:20:32,561 [INFO] Pass: ElidePermutations - 0.00572 (ms)
2026-07-10 21:20:32,561 [INFO] Pass: RemoveDiagonalGatesBeforeMeasure - 0.00834 (ms)
2026-07-10 21:20:32,561 [INFO] Pass: RemoveIdentityEquivalent - 0.00334 (ms)
2026-07-10 21:20:32,561 [INFO] Pass: InverseCancellation - 0.00525 (ms)
2026-07-10 21:20:32,561 [INFO] Pass: ContractIdleWiresInControlFlow - 0.00215 (ms)
2026-07-10 21:20:32,561 [INFO] Pass: CommutativeCancellation - 0.02098 (ms)
2026-07-10 21:20:32,561 [INFO] Pass: ConsolidateBlocks - 0.04101 (ms)
2026-07-10 21:20:32,561 [INFO] Pass: Split2QUnitaries - 0.00358 (ms)
2026-07-10 21:20:32,561 [INFO] Pass: UnitarySynthesis - 0.00525 (ms)
2026-07-10 21:20:32,561 [INFO] Pass: HighLevelSynthesis - 0.00882 (ms)
2026-07-10 21:20:32,561 [INFO] Pass: BasisTranslator - 0.05293 (ms)
2026-07-10 21:20:32,562 [INFO] Pass: ConsolidateBlocks - 0.04005 (ms)
2026-07-10 21:20:32,562 [INFO] Pass: UnitarySynthesis - 0.00453 (ms)
2026-07-10 21:20:32,562 [INFO] Pass: Depth - 0.01025 (ms)
2026-07-10 21:20:32,562 [INFO] Pass: FixedPoint - 0.00429 (ms)
2026-07-10 21:20:32,562 [INFO] Pass: Size - 0.00405 (ms)
2026-07-10 21:20:32,562 [INFO] Pass: FixedPoint - 0.00286 (ms)
2026-07-10 21:20:32,562 [INFO] Pass: RemoveIdentityEquivalent - 0.00262 (ms)
2026-07-10 21:20:32,562 [INFO] Pass: Optimize1qGatesDecomposition - 0.02789 (ms)
2026-07-10 21:20:32,562 [INFO] Pass: CommutativeCancellation - 0.04196 (ms)
2026-07-10 21:20:32,562 [INFO] Pass: ContractIdleWiresInControlFlow - 0.00191 (ms)
2026-07-10 21:20:32,562 [INFO] Pass: GatesInBasis - 0.00858 (ms)
2026-07-10 21:20:32,562 [INFO] Pass: Depth - 0.00763 (ms)
2026-07-10 21:20:32,562 [INFO] Pass: FixedPoint - 0.00358 (ms)
2026-07-10 21:20:32,562 [INFO] Pass: Size - 0.00191 (ms)
2026-07-10 21:20:32,562 [INFO] Pass: FixedPoint - 0.00262 (ms)
2026-07-10 21:20:32,562 [INFO] Pass: ContainsInstruction - 0.00477 (ms)
2026-07-10 21:20:32,562 [INFO] Total Transpile Time - 91.97950 (ms)
2026-07-10 21:20:32,651 [INFO] Pass: ContainsInstruction - 0.00954 (ms)
2026-07-10 21:20:32,652 [INFO] Pass: UnitarySynthesis - 0.00596 (ms)
2026-07-10 21:20:32,652 [INFO] Pass: HighLevelSynthesis - 0.00572 (ms)
2026-07-10 21:20:32,652 [INFO] Pass: BasisTranslator - 0.05341 (ms)
2026-07-10 21:20:32,652 [INFO] Pass: ElidePermutations - 0.00358 (ms)
2026-07-10 21:20:32,652 [INFO] Pass: RemoveDiagonalGatesBeforeMeasure - 0.00596 (ms)
2026-07-10 21:20:32,652 [INFO] Pass: RemoveIdentityEquivalent - 0.00405 (ms)
2026-07-10 21:20:32,652 [INFO] Pass: InverseCancellation - 0.01335 (ms)
2026-07-10 21:20:32,652 [INFO] Pass: ContractIdleWiresInControlFlow - 0.00215 (ms)
2026-07-10 21:20:32,652 [INFO] Pass: CommutativeCancellation - 0.02551 (ms)
2026-07-10 21:20:32,652 [INFO] Pass: ConsolidateBlocks - 0.03147 (ms)
2026-07-10 21:20:32,652 [INFO] Pass: Split2QUnitaries - 0.00310 (ms)
2026-07-10 21:20:32,652 [INFO] Pass: UnitarySynthesis - 0.00477 (ms)
2026-07-10 21:20:32,652 [INFO] Pass: HighLevelSynthesis - 0.00882 (ms)
2026-07-10 21:20:32,652 [INFO] Pass: BasisTranslator - 0.05150 (ms)
2026-07-10 21:20:32,652 [INFO] Pass: ConsolidateBlocks - 0.04053 (ms)
2026-07-10 21:20:32,652 [INFO] Pass: UnitarySynthesis - 0.00429 (ms)
2026-07-10 21:20:32,652 [INFO] Pass: Depth - 0.01025 (ms)
2026-07-10 21:20:32,652 [INFO] Pass: FixedPoint - 0.00477 (ms)
2026-07-10 21:20:32,652 [INFO] Pass: Size - 0.00310 (ms)
2026-07-10 21:20:32,652 [INFO] Pass: FixedPoint - 0.00262 (ms)
2026-07-10 21:20:32,652 [INFO] Pass: RemoveIdentityEquivalent - 0.00358 (ms)
2026-07-10 21:20:32,652 [INFO] Pass: Optimize1qGatesDecomposition - 0.09155 (ms)
2026-07-10 21:20:32,652 [INFO] Pass: CommutativeCancellation - 0.04792 (ms)
2026-07-10 21:20:32,653 [INFO] Pass: ContractIdleWiresInControlFlow - 0.00167 (ms)
2026-07-10 21:20:32,653 [INFO] Pass: GatesInBasis - 0.00858 (ms)
2026-07-10 21:20:32,653 [INFO] Pass: Depth - 0.00834 (ms)
2026-07-10 21:20:32,653 [INFO] Pass: FixedPoint - 0.00358 (ms)
2026-07-10 21:20:32,653 [INFO] Pass: Size - 0.00191 (ms)
2026-07-10 21:20:32,653 [INFO] Pass: FixedPoint - 0.00286 (ms)
2026-07-10 21:20:32,653 [INFO] Pass: ContainsInstruction - 0.00453 (ms)
2026-07-10 21:20:32,653 [INFO] Total Transpile Time - 90.28506 (ms)
2026-07-10 21:20:32,743 [INFO] Pass: ContainsInstruction - 0.00930 (ms)
2026-07-10 21:20:32,743 [INFO] Pass: UnitarySynthesis - 0.00644 (ms)
2026-07-10 21:20:32,744 [INFO] Pass: HighLevelSynthesis - 0.00501 (ms)
2026-07-10 21:20:32,744 [INFO] Pass: BasisTranslator - 0.05198 (ms)
2026-07-10 21:20:32,744 [INFO] Pass: ElidePermutations - 0.00358 (ms)
2026-07-10 21:20:32,744 [INFO] Pass: RemoveDiagonalGatesBeforeMeasure - 0.00525 (ms)
2026-07-10 21:20:32,744 [INFO] Pass: RemoveIdentityEquivalent - 0.00429 (ms)
2026-07-10 21:20:32,744 [INFO] Pass: InverseCancellation - 0.01168 (ms)
2026-07-10 21:20:32,744 [INFO] Pass: ContractIdleWiresInControlFlow - 0.00191 (ms)
2026-07-10 21:20:32,744 [INFO] Pass: CommutativeCancellation - 0.02265 (ms)
2026-07-10 21:20:32,744 [INFO] Pass: ConsolidateBlocks - 0.02837 (ms)
2026-07-10 21:20:32,744 [INFO] Pass: Split2QUnitaries - 0.00286 (ms)
2026-07-10 21:20:32,744 [INFO] Pass: UnitarySynthesis - 0.00477 (ms)
2026-07-10 21:20:32,744 [INFO] Pass: HighLevelSynthesis - 0.00954 (ms)
2026-07-10 21:20:32,744 [INFO] Pass: BasisTranslator - 0.05293 (ms)
2026-07-10 21:20:32,744 [INFO] Pass: ConsolidateBlocks - 0.04077 (ms)
2026-07-10 21:20:32,744 [INFO] Pass: UnitarySynthesis - 0.00477 (ms)
2026-07-10 21:20:32,744 [INFO] Pass: Depth - 0.00930 (ms)
2026-07-10 21:20:32,744 [INFO] Pass: FixedPoint - 0.00453 (ms)
2026-07-10 21:20:32,744 [INFO] Pass: Size - 0.00286 (ms)
2026-07-10 21:20:32,744 [INFO] Pass: FixedPoint - 0.00286 (ms)
2026-07-10 21:20:32,744 [INFO] Pass: RemoveIdentityEquivalent - 0.00358 (ms)
2026-07-10 21:20:32,744 [INFO] Pass: Optimize1qGatesDecomposition - 0.09346 (ms)
2026-07-10 21:20:32,744 [INFO] Pass: CommutativeCancellation - 0.04411 (ms)
2026-07-10 21:20:32,744 [INFO] Pass: ContractIdleWiresInControlFlow - 0.00191 (ms)
2026-07-10 21:20:32,745 [INFO] Pass: GatesInBasis - 0.00811 (ms)
2026-07-10 21:20:32,745 [INFO] Pass: Depth - 0.00954 (ms)
2026-07-10 21:20:32,745 [INFO] Pass: FixedPoint - 0.00358 (ms)
2026-07-10 21:20:32,745 [INFO] Pass: Size - 0.00238 (ms)
2026-07-10 21:20:32,745 [INFO] Pass: FixedPoint - 0.00310 (ms)
2026-07-10 21:20:32,745 [INFO] Pass: RemoveIdentityEquivalent - 0.00334 (ms)
2026-07-10 21:20:32,745 [INFO] Pass: Optimize1qGatesDecomposition - 0.07820 (ms)
2026-07-10 21:20:32,745 [INFO] Pass: CommutativeCancellation - 0.03791 (ms)
2026-07-10 21:20:32,745 [INFO] Pass: ContractIdleWiresInControlFlow - 0.00167 (ms)
2026-07-10 21:20:32,745 [INFO] Pass: GatesInBasis - 0.00644 (ms)
2026-07-10 21:20:32,745 [INFO] Pass: Depth - 0.00834 (ms)
2026-07-10 21:20:32,745 [INFO] Pass: FixedPoint - 0.00334 (ms)
2026-07-10 21:20:32,745 [INFO] Pass: Size - 0.00191 (ms)
2026-07-10 21:20:32,745 [INFO] Pass: FixedPoint - 0.00286 (ms)
2026-07-10 21:20:32,745 [INFO] Pass: ContainsInstruction - 0.00477 (ms)
2026-07-10 21:20:32,745 [INFO] Total Transpile Time - 91.94231 (ms)
2026-07-10 21:20:45,944 [INFO] [PCE] n=25 instancia 19/100 completada en 0:00:00:13 — transcurrido=0:00:04:15 restante_estimado=0:00:18:07
2026-07-10 21:20:46,037 [INFO] Pass: ContainsInstruction - 0.01097 (ms)
2026-07-10 21:20:46,037 [INFO] Pass: UnitarySynthesis - 0.00644 (ms)
2026-07-10 21:20:46,037 [INFO] Pass: HighLevelSynthesis - 0.00691 (ms)
2026-07-10 21:20:46,037 [INFO] Pass: BasisTranslator - 0.05913 (ms)
2026-07-10 21:20:46,037 [INFO] Pass: ElidePermutations - 0.00525 (ms)
2026-07-10 21:20:46,038 [INFO] Pass: RemoveDiagonalGatesBeforeMeasure - 0.00763 (ms)
2026-07-10 21:20:46,038 [INFO] Pass: RemoveIdentityEquivalent - 0.00310 (ms)
2026-07-10 21:20:46,038 [INFO] Pass: InverseCancellation - 0.00477 (ms)
2026-07-10 21:20:46,038 [INFO] Pass: ContractIdleWiresInControlFlow - 0.00191 (ms)
2026-07-10 21:20:46,038 [INFO] Pass: CommutativeCancellation - 0.02170 (ms)
2026-07-10 21:20:46,038 [INFO] Pass: ConsolidateBlocks - 0.03362 (ms)
2026-07-10 21:20:46,038 [INFO] Pass: Split2QUnitaries - 0.00310 (ms)
2026-07-10 21:20:46,038 [INFO] Pass: UnitarySynthesis - 0.00453 (ms)
2026-07-10 21:20:46,038 [INFO] Pass: HighLevelSynthesis - 0.00858 (ms)
2026-07-10 21:20:46,038 [INFO] Pass: BasisTranslator - 0.05150 (ms)
2026-07-10 21:20:46,038 [INFO] Pass: ConsolidateBlocks - 0.04053 (ms)
2026-07-10 21:20:46,038 [INFO] Pass: UnitarySynthesis - 0.00405 (ms)
2026-07-10 21:20:46,038 [INFO] Pass: Depth - 0.01001 (ms)
2026-07-10 21:20:46,038 [INFO] Pass: FixedPoint - 0.00548 (ms)
2026-07-10 21:20:46,038 [INFO] Pass: Size - 0.00358 (ms)
2026-07-10 21:20:46,038 [INFO] Pass: FixedPoint - 0.00286 (ms)
2026-07-10 21:20:46,038 [INFO] Pass: RemoveIdentityEquivalent - 0.00238 (ms)
2026-07-10 21:20:46,038 [INFO] Pass: Optimize1qGatesDecomposition - 0.02766 (ms)
2026-07-10 21:20:46,038 [INFO] Pass: CommutativeCancellation - 0.04244 (ms)
2026-07-10 21:20:46,038 [INFO] Pass: ContractIdleWiresInControlFlow - 0.00191 (ms)
2026-07-10 21:20:46,038 [INFO] Pass: GatesInBasis - 0.00906 (ms)
2026-07-10 21:20:46,038 [INFO] Pass: Depth - 0.00811 (ms)
2026-07-10 21:20:46,038 [INFO] Pass: FixedPoint - 0.00358 (ms)
2026-07-10 21:20:46,038 [INFO] Pass: Size - 0.00215 (ms)
2026-07-10 21:20:46,038 [INFO] Pass: FixedPoint - 0.00286 (ms)
2026-07-10 21:20:46,038 [INFO] Pass: ContainsInstruction - 0.00477 (ms)
2026-07-10 21:20:46,039 [INFO] Total Transpile Time - 93.08219 (ms)
2026-07-10 21:20:46,129 [INFO] Pass: ContainsInstruction - 0.01001 (ms)
2026-07-10 21:20:46,129 [INFO] Pass: UnitarySynthesis - 0.00596 (ms)
2026-07-10 21:20:46,129 [INFO] Pass: HighLevelSynthesis - 0.00572 (ms)
2026-07-10 21:20:46,129 [INFO] Pass: BasisTranslator - 0.05460 (ms)
2026-07-10 21:20:46,129 [INFO] Pass: ElidePermutations - 0.00405 (ms)
2026-07-10 21:20:46,129 [INFO] Pass: RemoveDiagonalGatesBeforeMeasure - 0.00668 (ms)
2026-07-10 21:20:46,129 [INFO] Pass: RemoveIdentityEquivalent - 0.00381 (ms)
2026-07-10 21:20:46,129 [INFO] Pass: InverseCancellation - 0.01287 (ms)
2026-07-10 21:20:46,129 [INFO] Pass: ContractIdleWiresInControlFlow - 0.00191 (ms)
2026-07-10 21:20:46,129 [INFO] Pass: CommutativeCancellation - 0.02623 (ms)
2026-07-10 21:20:46,129 [INFO] Pass: ConsolidateBlocks - 0.03076 (ms)
2026-07-10 21:20:46,129 [INFO] Pass: Split2QUnitaries - 0.00334 (ms)
2026-07-10 21:20:46,129 [INFO] Pass: UnitarySynthesis - 0.00453 (ms)
2026-07-10 21:20:46,129 [INFO] Pass: HighLevelSynthesis - 0.01001 (ms)
2026-07-10 21:20:46,129 [INFO] Pass: BasisTranslator - 0.05317 (ms)
2026-07-10 21:20:46,129 [INFO] Pass: ConsolidateBlocks - 0.04745 (ms)
2026-07-10 21:20:46,129 [INFO] Pass: UnitarySynthesis - 0.00477 (ms)
2026-07-10 21:20:46,129 [INFO] Pass: Depth - 0.00930 (ms)
2026-07-10 21:20:46,129 [INFO] Pass: FixedPoint - 0.00453 (ms)
2026-07-10 21:20:46,129 [INFO] Pass: Size - 0.00286 (ms)
2026-07-10 21:20:46,129 [INFO] Pass: FixedPoint - 0.00262 (ms)
2026-07-10 21:20:46,129 [INFO] Pass: RemoveIdentityEquivalent - 0.00334 (ms)
2026-07-10 21:20:46,130 [INFO] Pass: Optimize1qGatesDecomposition - 0.08798 (ms)
2026-07-10 21:20:46,130 [INFO] Pass: CommutativeCancellation - 0.04792 (ms)
2026-07-10 21:20:46,130 [INFO] Pass: ContractIdleWiresInControlFlow - 0.00191 (ms)
2026-07-10 21:20:46,130 [INFO] Pass: GatesInBasis - 0.00858 (ms)
2026-07-10 21:20:46,130 [INFO] Pass: Depth - 0.00834 (ms)
2026-07-10 21:20:46,130 [INFO] Pass: FixedPoint - 0.00334 (ms)
2026-07-10 21:20:46,130 [INFO] Pass: Size - 0.00215 (ms)
2026-07-10 21:20:46,130 [INFO] Pass: FixedPoint - 0.00286 (ms)
2026-07-10 21:20:46,130 [INFO] Pass: ContainsInstruction - 0.00453 (ms)
2026-07-10 21:20:46,130 [INFO] Total Transpile Time - 90.97743 (ms)
2026-07-10 21:20:46,221 [INFO] Pass: ContainsInstruction - 0.00978 (ms)
2026-07-10 21:20:46,221 [INFO] Pass: UnitarySynthesis - 0.00644 (ms)
2026-07-10 21:20:46,221 [INFO] Pass: HighLevelSynthesis - 0.00525 (ms)
2026-07-10 21:20:46,221 [INFO] Pass: BasisTranslator - 0.05484 (ms)
2026-07-10 21:20:46,221 [INFO] Pass: ElidePermutations - 0.00334 (ms)
2026-07-10 21:20:46,221 [INFO] Pass: RemoveDiagonalGatesBeforeMeasure - 0.00501 (ms)
2026-07-10 21:20:46,221 [INFO] Pass: RemoveIdentityEquivalent - 0.00429 (ms)
2026-07-10 21:20:46,221 [INFO] Pass: InverseCancellation - 0.01287 (ms)
2026-07-10 21:20:46,221 [INFO] Pass: ContractIdleWiresInControlFlow - 0.00215 (ms)
2026-07-10 21:20:46,221 [INFO] Pass: CommutativeCancellation - 0.02408 (ms)
2026-07-10 21:20:46,221 [INFO] Pass: ConsolidateBlocks - 0.02885 (ms)
2026-07-10 21:20:46,221 [INFO] Pass: Split2QUnitaries - 0.00286 (ms)
2026-07-10 21:20:46,221 [INFO] Pass: UnitarySynthesis - 0.00501 (ms)
2026-07-10 21:20:46,221 [INFO] Pass: HighLevelSynthesis - 0.01025 (ms)
2026-07-10 21:20:46,221 [INFO] Pass: BasisTranslator - 0.06080 (ms)
2026-07-10 21:20:46,221 [INFO] Pass: ConsolidateBlocks - 0.04148 (ms)
2026-07-10 21:20:46,221 [INFO] Pass: UnitarySynthesis - 0.00477 (ms)
2026-07-10 21:20:46,221 [INFO] Pass: Depth - 0.00978 (ms)
2026-07-10 21:20:46,221 [INFO] Pass: FixedPoint - 0.00429 (ms)
2026-07-10 21:20:46,221 [INFO] Pass: Size - 0.00238 (ms)
2026-07-10 21:20:46,221 [INFO] Pass: FixedPoint - 0.00262 (ms)
2026-07-10 21:20:46,222 [INFO] Pass: RemoveIdentityEquivalent - 0.00358 (ms)
2026-07-10 21:20:46,222 [INFO] Pass: Optimize1qGatesDecomposition - 0.09108 (ms)
2026-07-10 21:20:46,222 [INFO] Pass: CommutativeCancellation - 0.04339 (ms)
2026-07-10 21:20:46,222 [INFO] Pass: ContractIdleWiresInControlFlow - 0.00191 (ms)
2026-07-10 21:20:46,222 [INFO] Pass: GatesInBasis - 0.00834 (ms)
2026-07-10 21:20:46,222 [INFO] Pass: Depth - 0.00906 (ms)
2026-07-10 21:20:46,222 [INFO] Pass: FixedPoint - 0.00358 (ms)
2026-07-10 21:20:46,222 [INFO] Pass: Size - 0.00191 (ms)
2026-07-10 21:20:46,222 [INFO] Pass: FixedPoint - 0.00262 (ms)
2026-07-10 21:20:46,222 [INFO] Pass: RemoveIdentityEquivalent - 0.00334 (ms)
2026-07-10 21:20:46,222 [INFO] Pass: Optimize1qGatesDecomposition - 0.07772 (ms)
2026-07-10 21:20:46,222 [INFO] Pass: CommutativeCancellation - 0.03600 (ms)
2026-07-10 21:20:46,222 [INFO] Pass: ContractIdleWiresInControlFlow - 0.00167 (ms)
2026-07-10 21:20:46,222 [INFO] Pass: GatesInBasis - 0.00668 (ms)
2026-07-10 21:20:46,222 [INFO] Pass: Depth - 0.00811 (ms)
2026-07-10 21:20:46,222 [INFO] Pass: FixedPoint - 0.00334 (ms)
2026-07-10 21:20:46,222 [INFO] Pass: Size - 0.00167 (ms)
2026-07-10 21:20:46,222 [INFO] Pass: FixedPoint - 0.00286 (ms)
2026-07-10 21:20:46,222 [INFO] Pass: ContainsInstruction - 0.00525 (ms)
2026-07-10 21:20:46,222 [INFO] Total Transpile Time - 92.07082 (ms)
2026-07-10 21:20:59,234 [INFO] [PCE] n=25 instancia 20/100 completada en 0:00:00:13 — transcurrido=0:00:04:28 restante_estimado=0:00:17:53
2026-07-10 21:20:59,331 [INFO] Pass: ContainsInstruction - 0.01192 (ms)
2026-07-10 21:20:59,331 [INFO] Pass: UnitarySynthesis - 0.00644 (ms)
2026-07-10 21:20:59,331 [INFO] Pass: HighLevelSynthesis - 0.00644 (ms)
2026-07-10 21:20:59,331 [INFO] Pass: BasisTranslator - 0.06700 (ms)
2026-07-10 21:20:59,331 [INFO] Pass: ElidePermutations - 0.00501 (ms)
2026-07-10 21:20:59,331 [INFO] Pass: RemoveDiagonalGatesBeforeMeasure - 0.00691 (ms)
2026-07-10 21:20:59,331 [INFO] Pass: RemoveIdentityEquivalent - 0.00334 (ms)
2026-07-10 21:20:59,331 [INFO] Pass: InverseCancellation - 0.00525 (ms)
2026-07-10 21:20:59,331 [INFO] Pass: ContractIdleWiresInControlFlow - 0.00215 (ms)
2026-07-10 21:20:59,331 [INFO] Pass: CommutativeCancellation - 0.02360 (ms)
2026-07-10 21:20:59,332 [INFO] Pass: ConsolidateBlocks - 0.03386 (ms)
2026-07-10 21:20:59,332 [INFO] Pass: Split2QUnitaries - 0.00381 (ms)
2026-07-10 21:20:59,332 [INFO] Pass: UnitarySynthesis - 0.00453 (ms)
2026-07-10 21:20:59,332 [INFO] Pass: HighLevelSynthesis - 0.00930 (ms)
2026-07-10 21:20:59,332 [INFO] Pass: BasisTranslator - 0.05245 (ms)
2026-07-10 21:20:59,332 [INFO] Pass: ConsolidateBlocks - 0.04029 (ms)
2026-07-10 21:20:59,332 [INFO] Pass: UnitarySynthesis - 0.00381 (ms)
2026-07-10 21:20:59,332 [INFO] Pass: Depth - 0.01049 (ms)
2026-07-10 21:20:59,332 [INFO] Pass: FixedPoint - 0.00453 (ms)
2026-07-10 21:20:59,332 [INFO] Pass: Size - 0.00381 (ms)
2026-07-10 21:20:59,332 [INFO] Pass: FixedPoint - 0.00286 (ms)
2026-07-10 21:20:59,332 [INFO] Pass: RemoveIdentityEquivalent - 0.00215 (ms)
2026-07-10 21:20:59,332 [INFO] Pass: Optimize1qGatesDecomposition - 0.02789 (ms)
2026-07-10 21:20:59,332 [INFO] Pass: CommutativeCancellation - 0.04315 (ms)
2026-07-10 21:20:59,332 [INFO] Pass: ContractIdleWiresInControlFlow - 0.00215 (ms)
2026-07-10 21:20:59,332 [INFO] Pass: GatesInBasis - 0.00882 (ms)
2026-07-10 21:20:59,332 [INFO] Pass: Depth - 0.00787 (ms)
2026-07-10 21:20:59,332 [INFO] Pass: FixedPoint - 0.00358 (ms)
2026-07-10 21:20:59,332 [INFO] Pass: Size - 0.00191 (ms)
2026-07-10 21:20:59,332 [INFO] Pass: FixedPoint - 0.00262 (ms)
2026-07-10 21:20:59,332 [INFO] Pass: ContainsInstruction - 0.00477 (ms)
2026-07-10 21:20:59,332 [INFO] Total Transpile Time - 96.52996 (ms)
2026-07-10 21:20:59,422 [INFO] Pass: ContainsInstruction - 0.01001 (ms)
2026-07-10 21:20:59,422 [INFO] Pass: UnitarySynthesis - 0.00620 (ms)
2026-07-10 21:20:59,423 [INFO] Pass: HighLevelSynthesis - 0.00525 (ms)
2026-07-10 21:20:59,423 [INFO] Pass: BasisTranslator - 0.05388 (ms)
2026-07-10 21:20:59,423 [INFO] Pass: ElidePermutations - 0.00358 (ms)
2026-07-10 21:20:59,423 [INFO] Pass: RemoveDiagonalGatesBeforeMeasure - 0.00644 (ms)
2026-07-10 21:20:59,423 [INFO] Pass: RemoveIdentityEquivalent - 0.00381 (ms)
2026-07-10 21:20:59,423 [INFO] Pass: InverseCancellation - 0.01264 (ms)
2026-07-10 21:20:59,423 [INFO] Pass: ContractIdleWiresInControlFlow - 0.00191 (ms)
2026-07-10 21:20:59,423 [INFO] Pass: CommutativeCancellation - 0.02718 (ms)
2026-07-10 21:20:59,423 [INFO] Pass: ConsolidateBlocks - 0.02933 (ms)
2026-07-10 21:20:59,423 [INFO] Pass: Split2QUnitaries - 0.00286 (ms)
2026-07-10 21:20:59,423 [INFO] Pass: UnitarySynthesis - 0.00477 (ms)
2026-07-10 21:20:59,423 [INFO] Pass: HighLevelSynthesis - 0.00882 (ms)
2026-07-10 21:20:59,423 [INFO] Pass: BasisTranslator - 0.05031 (ms)
2026-07-10 21:20:59,423 [INFO] Pass: ConsolidateBlocks - 0.03982 (ms)
2026-07-10 21:20:59,423 [INFO] Pass: UnitarySynthesis - 0.00429 (ms)
2026-07-10 21:20:59,423 [INFO] Pass: Depth - 0.00906 (ms)
2026-07-10 21:20:59,423 [INFO] Pass: FixedPoint - 0.00429 (ms)
2026-07-10 21:20:59,423 [INFO] Pass: Size - 0.00310 (ms)
2026-07-10 21:20:59,423 [INFO] Pass: FixedPoint - 0.00262 (ms)
2026-07-10 21:20:59,423 [INFO] Pass: RemoveIdentityEquivalent - 0.00405 (ms)
2026-07-10 21:20:59,423 [INFO] Pass: Optimize1qGatesDecomposition - 0.09179 (ms)
2026-07-10 21:20:59,423 [INFO] Pass: CommutativeCancellation - 0.04816 (ms)
2026-07-10 21:20:59,423 [INFO] Pass: ContractIdleWiresInControlFlow - 0.00191 (ms)
2026-07-10 21:20:59,424 [INFO] Pass: GatesInBasis - 0.00858 (ms)
2026-07-10 21:20:59,424 [INFO] Pass: Depth - 0.00882 (ms)
2026-07-10 21:20:59,424 [INFO] Pass: FixedPoint - 0.00358 (ms)
2026-07-10 21:20:59,424 [INFO] Pass: Size - 0.00215 (ms)
2026-07-10 21:20:59,424 [INFO] Pass: FixedPoint - 0.00286 (ms)
2026-07-10 21:20:59,424 [INFO] Pass: ContainsInstruction - 0.00501 (ms)
2026-07-10 21:20:59,424 [INFO] Total Transpile Time - 90.97624 (ms)
2026-07-10 21:20:59,515 [INFO] Pass: ContainsInstruction - 0.00930 (ms)
2026-07-10 21:20:59,515 [INFO] Pass: UnitarySynthesis - 0.00620 (ms)
2026-07-10 21:20:59,515 [INFO] Pass: HighLevelSynthesis - 0.00548 (ms)
2026-07-10 21:20:59,515 [INFO] Pass: BasisTranslator - 0.05269 (ms)
2026-07-10 21:20:59,515 [INFO] Pass: ElidePermutations - 0.00334 (ms)
2026-07-10 21:20:59,515 [INFO] Pass: RemoveDiagonalGatesBeforeMeasure - 0.00548 (ms)
2026-07-10 21:20:59,515 [INFO] Pass: RemoveIdentityEquivalent - 0.00405 (ms)
2026-07-10 21:20:59,515 [INFO] Pass: InverseCancellation - 0.01168 (ms)
2026-07-10 21:20:59,515 [INFO] Pass: ContractIdleWiresInControlFlow - 0.00167 (ms)
2026-07-10 21:20:59,515 [INFO] Pass: CommutativeCancellation - 0.02337 (ms)
2026-07-10 21:20:59,515 [INFO] Pass: ConsolidateBlocks - 0.02861 (ms)
2026-07-10 21:20:59,515 [INFO] Pass: Split2QUnitaries - 0.00215 (ms)
2026-07-10 21:20:59,515 [INFO] Pass: UnitarySynthesis - 0.00477 (ms)
2026-07-10 21:20:59,515 [INFO] Pass: HighLevelSynthesis - 0.00930 (ms)
2026-07-10 21:20:59,515 [INFO] Pass: BasisTranslator - 0.05293 (ms)
2026-07-10 21:20:59,515 [INFO] Pass: ConsolidateBlocks - 0.04101 (ms)
2026-07-10 21:20:59,515 [INFO] Pass: UnitarySynthesis - 0.00453 (ms)
2026-07-10 21:20:59,515 [INFO] Pass: Depth - 0.01001 (ms)
2026-07-10 21:20:59,515 [INFO] Pass: FixedPoint - 0.00453 (ms)
2026-07-10 21:20:59,515 [INFO] Pass: Size - 0.00310 (ms)
2026-07-10 21:20:59,515 [INFO] Pass: FixedPoint - 0.00286 (ms)
2026-07-10 21:20:59,515 [INFO] Pass: RemoveIdentityEquivalent - 0.00381 (ms)
2026-07-10 21:20:59,516 [INFO] Pass: Optimize1qGatesDecomposition - 0.09322 (ms)
2026-07-10 21:20:59,516 [INFO] Pass: CommutativeCancellation - 0.04411 (ms)
2026-07-10 21:20:59,516 [INFO] Pass: ContractIdleWiresInControlFlow - 0.00167 (ms)
2026-07-10 21:20:59,516 [INFO] Pass: GatesInBasis - 0.00763 (ms)
2026-07-10 21:20:59,516 [INFO] Pass: Depth - 0.00930 (ms)
2026-07-10 21:20:59,516 [INFO] Pass: FixedPoint - 0.00334 (ms)
2026-07-10 21:20:59,516 [INFO] Pass: Size - 0.00215 (ms)
2026-07-10 21:20:59,516 [INFO] Pass: FixedPoint - 0.00286 (ms)
2026-07-10 21:20:59,516 [INFO] Pass: RemoveIdentityEquivalent - 0.00310 (ms)
2026-07-10 21:20:59,516 [INFO] Pass: Optimize1qGatesDecomposition - 0.07749 (ms)
2026-07-10 21:20:59,516 [INFO] Pass: CommutativeCancellation - 0.03815 (ms)
2026-07-10 21:20:59,516 [INFO] Pass: ContractIdleWiresInControlFlow - 0.00167 (ms)
2026-07-10 21:20:59,516 [INFO] Pass: GatesInBasis - 0.00668 (ms)
2026-07-10 21:20:59,516 [INFO] Pass: Depth - 0.00811 (ms)
2026-07-10 21:20:59,516 [INFO] Pass: FixedPoint - 0.00334 (ms)
2026-07-10 21:20:59,516 [INFO] Pass: Size - 0.00167 (ms)
2026-07-10 21:20:59,516 [INFO] Pass: FixedPoint - 0.00262 (ms)
2026-07-10 21:20:59,516 [INFO] Pass: ContainsInstruction - 0.00525 (ms)
2026-07-10 21:20:59,516 [INFO] Total Transpile Time - 92.10706 (ms)
2026-07-10 21:21:13,225 [INFO] [PCE] n=25 instancia 21/100 completada en 0:00:00:14 — transcurrido=0:00:04:42 restante_estimado=0:00:17:42
2026-07-10 21:21:13,318 [INFO] Pass: ContainsInstruction - 0.01121 (ms)
2026-07-10 21:21:13,318 [INFO] Pass: UnitarySynthesis - 0.00668 (ms)
2026-07-10 21:21:13,318 [INFO] Pass: HighLevelSynthesis - 0.00620 (ms)
2026-07-10 21:21:13,318 [INFO] Pass: BasisTranslator - 0.05937 (ms)
2026-07-10 21:21:13,318 [INFO] Pass: ElidePermutations - 0.00548 (ms)
2026-07-10 21:21:13,318 [INFO] Pass: RemoveDiagonalGatesBeforeMeasure - 0.00811 (ms)
2026-07-10 21:21:13,318 [INFO] Pass: RemoveIdentityEquivalent - 0.00334 (ms)
2026-07-10 21:21:13,318 [INFO] Pass: InverseCancellation - 0.00572 (ms)
2026-07-10 21:21:13,318 [INFO] Pass: ContractIdleWiresInControlFlow - 0.00215 (ms)
2026-07-10 21:21:13,318 [INFO] Pass: CommutativeCancellation - 0.02193 (ms)
2026-07-10 21:21:13,318 [INFO] Pass: ConsolidateBlocks - 0.03409 (ms)
2026-07-10 21:21:13,318 [INFO] Pass: Split2QUnitaries - 0.00310 (ms)
2026-07-10 21:21:13,318 [INFO] Pass: UnitarySynthesis - 0.00453 (ms)
2026-07-10 21:21:13,318 [INFO] Pass: HighLevelSynthesis - 0.00930 (ms)
2026-07-10 21:21:13,318 [INFO] Pass: BasisTranslator - 0.05507 (ms)
2026-07-10 21:21:13,318 [INFO] Pass: ConsolidateBlocks - 0.04387 (ms)
2026-07-10 21:21:13,318 [INFO] Pass: UnitarySynthesis - 0.00405 (ms)
2026-07-10 21:21:13,318 [INFO] Pass: Depth - 0.01049 (ms)
2026-07-10 21:21:13,318 [INFO] Pass: FixedPoint - 0.00501 (ms)
2026-07-10 21:21:13,318 [INFO] Pass: Size - 0.00310 (ms)
2026-07-10 21:21:13,319 [INFO] Pass: FixedPoint - 0.00262 (ms)
2026-07-10 21:21:13,319 [INFO] Pass: RemoveIdentityEquivalent - 0.00238 (ms)
2026-07-10 21:21:13,319 [INFO] Pass: Optimize1qGatesDecomposition - 0.02837 (ms)
2026-07-10 21:21:13,319 [INFO] Pass: CommutativeCancellation - 0.04363 (ms)
2026-07-10 21:21:13,319 [INFO] Pass: ContractIdleWiresInControlFlow - 0.00191 (ms)
2026-07-10 21:21:13,319 [INFO] Pass: GatesInBasis - 0.00882 (ms)
2026-07-10 21:21:13,319 [INFO] Pass: Depth - 0.00811 (ms)
2026-07-10 21:21:13,319 [INFO] Pass: FixedPoint - 0.00358 (ms)
2026-07-10 21:21:13,319 [INFO] Pass: Size - 0.00215 (ms)
2026-07-10 21:21:13,319 [INFO] Pass: FixedPoint - 0.00262 (ms)
2026-07-10 21:21:13,319 [INFO] Pass: ContainsInstruction - 0.00501 (ms)
2026-07-10 21:21:13,319 [INFO] Total Transpile Time - 92.14902 (ms)
2026-07-10 21:21:13,409 [INFO] Pass: ContainsInstruction - 0.00978 (ms)
2026-07-10 21:21:13,409 [INFO] Pass: UnitarySynthesis - 0.00620 (ms)
2026-07-10 21:21:13,409 [INFO] Pass: HighLevelSynthesis - 0.00572 (ms)
2026-07-10 21:21:13,409 [INFO] Pass: BasisTranslator - 0.05436 (ms)
2026-07-10 21:21:13,409 [INFO] Pass: ElidePermutations - 0.00405 (ms)
2026-07-10 21:21:13,409 [INFO] Pass: RemoveDiagonalGatesBeforeMeasure - 0.00620 (ms)
2026-07-10 21:21:13,409 [INFO] Pass: RemoveIdentityEquivalent - 0.00405 (ms)
2026-07-10 21:21:13,409 [INFO] Pass: InverseCancellation - 0.01359 (ms)
2026-07-10 21:21:13,409 [INFO] Pass: ContractIdleWiresInControlFlow - 0.00215 (ms)
2026-07-10 21:21:13,409 [INFO] Pass: CommutativeCancellation - 0.03290 (ms)
2026-07-10 21:21:13,409 [INFO] Pass: ConsolidateBlocks - 0.02956 (ms)
2026-07-10 21:21:13,409 [INFO] Pass: Split2QUnitaries - 0.00310 (ms)
2026-07-10 21:21:13,409 [INFO] Pass: UnitarySynthesis - 0.00453 (ms)
2026-07-10 21:21:13,409 [INFO] Pass: HighLevelSynthesis - 0.00906 (ms)
2026-07-10 21:21:13,409 [INFO] Pass: BasisTranslator - 0.05412 (ms)
2026-07-10 21:21:13,410 [INFO] Pass: ConsolidateBlocks - 0.04125 (ms)
2026-07-10 21:21:13,410 [INFO] Pass: UnitarySynthesis - 0.00429 (ms)
2026-07-10 21:21:13,410 [INFO] Pass: Depth - 0.01049 (ms)
2026-07-10 21:21:13,410 [INFO] Pass: FixedPoint - 0.00429 (ms)
2026-07-10 21:21:13,410 [INFO] Pass: Size - 0.00334 (ms)
2026-07-10 21:21:13,410 [INFO] Pass: FixedPoint - 0.00262 (ms)
2026-07-10 21:21:13,410 [INFO] Pass: RemoveIdentityEquivalent - 0.00358 (ms)
2026-07-10 21:21:13,410 [INFO] Pass: Optimize1qGatesDecomposition - 0.09370 (ms)
2026-07-10 21:21:13,410 [INFO] Pass: CommutativeCancellation - 0.04840 (ms)
2026-07-10 21:21:13,410 [INFO] Pass: ContractIdleWiresInControlFlow - 0.00167 (ms)
2026-07-10 21:21:13,410 [INFO] Pass: GatesInBasis - 0.00834 (ms)
2026-07-10 21:21:13,410 [INFO] Pass: Depth - 0.00834 (ms)
2026-07-10 21:21:13,410 [INFO] Pass: FixedPoint - 0.00334 (ms)
2026-07-10 21:21:13,410 [INFO] Pass: Size - 0.00215 (ms)
2026-07-10 21:21:13,410 [INFO] Pass: FixedPoint - 0.00334 (ms)
2026-07-10 21:21:13,410 [INFO] Pass: ContainsInstruction - 0.00477 (ms)
2026-07-10 21:21:13,410 [INFO] Total Transpile Time - 90.84797 (ms)
2026-07-10 21:21:13,501 [INFO] Pass: ContainsInstruction - 0.00954 (ms)
2026-07-10 21:21:13,501 [INFO] Pass: UnitarySynthesis - 0.00644 (ms)
2026-07-10 21:21:13,501 [INFO] Pass: HighLevelSynthesis - 0.00572 (ms)
2026-07-10 21:21:13,501 [INFO] Pass: BasisTranslator - 0.05269 (ms)
2026-07-10 21:21:13,501 [INFO] Pass: ElidePermutations - 0.00381 (ms)
2026-07-10 21:21:13,501 [INFO] Pass: RemoveDiagonalGatesBeforeMeasure - 0.00572 (ms)
2026-07-10 21:21:13,501 [INFO] Pass: RemoveIdentityEquivalent - 0.00477 (ms)
2026-07-10 21:21:13,501 [INFO] Pass: InverseCancellation - 0.01192 (ms)
2026-07-10 21:21:13,501 [INFO] Pass: ContractIdleWiresInControlFlow - 0.00191 (ms)
2026-07-10 21:21:13,501 [INFO] Pass: CommutativeCancellation - 0.02432 (ms)
2026-07-10 21:21:13,501 [INFO] Pass: ConsolidateBlocks - 0.03004 (ms)
2026-07-10 21:21:13,501 [INFO] Pass: Split2QUnitaries - 0.00238 (ms)
2026-07-10 21:21:13,501 [INFO] Pass: UnitarySynthesis - 0.00477 (ms)
2026-07-10 21:21:13,501 [INFO] Pass: HighLevelSynthesis - 0.00978 (ms)
2026-07-10 21:21:13,501 [INFO] Pass: BasisTranslator - 0.05293 (ms)
2026-07-10 21:21:13,501 [INFO] Pass: ConsolidateBlocks - 0.04888 (ms)
2026-07-10 21:21:13,501 [INFO] Pass: UnitarySynthesis - 0.00501 (ms)
2026-07-10 21:21:13,501 [INFO] Pass: Depth - 0.01049 (ms)
2026-07-10 21:21:13,501 [INFO] Pass: FixedPoint - 0.00477 (ms)
2026-07-10 21:21:13,501 [INFO] Pass: Size - 0.00310 (ms)
2026-07-10 21:21:13,501 [INFO] Pass: FixedPoint - 0.00286 (ms)
2026-07-10 21:21:13,501 [INFO] Pass: RemoveIdentityEquivalent - 0.00381 (ms)
2026-07-10 21:21:13,502 [INFO] Pass: Optimize1qGatesDecomposition - 0.09584 (ms)
2026-07-10 21:21:13,502 [INFO] Pass: CommutativeCancellation - 0.04506 (ms)
2026-07-10 21:21:13,502 [INFO] Pass: ContractIdleWiresInControlFlow - 0.00191 (ms)
2026-07-10 21:21:13,502 [INFO] Pass: GatesInBasis - 0.00811 (ms)
2026-07-10 21:21:13,502 [INFO] Pass: Depth - 0.00978 (ms)
2026-07-10 21:21:13,502 [INFO] Pass: FixedPoint - 0.00381 (ms)
2026-07-10 21:21:13,502 [INFO] Pass: Size - 0.00215 (ms)
2026-07-10 21:21:13,502 [INFO] Pass: FixedPoint - 0.00310 (ms)
2026-07-10 21:21:13,502 [INFO] Pass: RemoveIdentityEquivalent - 0.00358 (ms)
2026-07-10 21:21:13,502 [INFO] Pass: Optimize1qGatesDecomposition - 0.08106 (ms)
2026-07-10 21:21:13,502 [INFO] Pass: CommutativeCancellation - 0.03910 (ms)
2026-07-10 21:21:13,502 [INFO] Pass: ContractIdleWiresInControlFlow - 0.00143 (ms)
2026-07-10 21:21:13,502 [INFO] Pass: GatesInBasis - 0.00644 (ms)
2026-07-10 21:21:13,502 [INFO] Pass: Depth - 0.00811 (ms)
2026-07-10 21:21:13,502 [INFO] Pass: FixedPoint - 0.00310 (ms)
2026-07-10 21:21:13,502 [INFO] Pass: Size - 0.00191 (ms)
2026-07-10 21:21:13,502 [INFO] Pass: FixedPoint - 0.00238 (ms)
2026-07-10 21:21:13,502 [INFO] Pass: ContainsInstruction - 0.00501 (ms)
2026-07-10 21:21:13,502 [INFO] Total Transpile Time - 91.69626 (ms)
2026-07-10 21:21:27,184 [INFO] [PCE] n=25 instancia 22/100 completada en 0:00:00:14 — transcurrido=0:00:04:56 restante_estimado=0:00:17:31
2026-07-10 21:21:27,276 [INFO] Pass: ContainsInstruction - 0.01097 (ms)
2026-07-10 21:21:27,276 [INFO] Pass: UnitarySynthesis - 0.00668 (ms)
2026-07-10 21:21:27,276 [INFO] Pass: HighLevelSynthesis - 0.00668 (ms)
2026-07-10 21:21:27,276 [INFO] Pass: BasisTranslator - 0.06390 (ms)
2026-07-10 21:21:27,276 [INFO] Pass: ElidePermutations - 0.00620 (ms)
2026-07-10 21:21:27,276 [INFO] Pass: RemoveDiagonalGatesBeforeMeasure - 0.00739 (ms)
2026-07-10 21:21:27,276 [INFO] Pass: RemoveIdentityEquivalent - 0.00334 (ms)
2026-07-10 21:21:27,276 [INFO] Pass: InverseCancellation - 0.00501 (ms)
2026-07-10 21:21:27,277 [INFO] Pass: ContractIdleWiresInControlFlow - 0.00191 (ms)
2026-07-10 21:21:27,277 [INFO] Pass: CommutativeCancellation - 0.02170 (ms)
2026-07-10 21:21:27,277 [INFO] Pass: ConsolidateBlocks - 0.03338 (ms)
2026-07-10 21:21:27,277 [INFO] Pass: Split2QUnitaries - 0.00334 (ms)
2026-07-10 21:21:27,277 [INFO] Pass: UnitarySynthesis - 0.00477 (ms)
2026-07-10 21:21:27,277 [INFO] Pass: HighLevelSynthesis - 0.00930 (ms)
2026-07-10 21:21:27,277 [INFO] Pass: BasisTranslator - 0.05412 (ms)
2026-07-10 21:21:27,277 [INFO] Pass: ConsolidateBlocks - 0.03958 (ms)
2026-07-10 21:21:27,277 [INFO] Pass: UnitarySynthesis - 0.00429 (ms)
2026-07-10 21:21:27,277 [INFO] Pass: Depth - 0.01001 (ms)
2026-07-10 21:21:27,277 [INFO] Pass: FixedPoint - 0.00477 (ms)
2026-07-10 21:21:27,277 [INFO] Pass: Size - 0.00334 (ms)
2026-07-10 21:21:27,277 [INFO] Pass: FixedPoint - 0.00286 (ms)
2026-07-10 21:21:27,277 [INFO] Pass: RemoveIdentityEquivalent - 0.00238 (ms)
2026-07-10 21:21:27,277 [INFO] Pass: Optimize1qGatesDecomposition - 0.02718 (ms)
2026-07-10 21:21:27,277 [INFO] Pass: CommutativeCancellation - 0.04268 (ms)
2026-07-10 21:21:27,277 [INFO] Pass: ContractIdleWiresInControlFlow - 0.00167 (ms)
2026-07-10 21:21:27,277 [INFO] Pass: GatesInBasis - 0.00906 (ms)
2026-07-10 21:21:27,277 [INFO] Pass: Depth - 0.00811 (ms)
2026-07-10 21:21:27,277 [INFO] Pass: FixedPoint - 0.00334 (ms)
2026-07-10 21:21:27,277 [INFO] Pass: Size - 0.00215 (ms)
2026-07-10 21:21:27,277 [INFO] Pass: FixedPoint - 0.00286 (ms)
2026-07-10 21:21:27,277 [INFO] Pass: ContainsInstruction - 0.00501 (ms)
2026-07-10 21:21:27,277 [INFO] Total Transpile Time - 92.12685 (ms)
2026-07-10 21:21:27,367 [INFO] Pass: ContainsInstruction - 0.00930 (ms)
2026-07-10 21:21:27,367 [INFO] Pass: UnitarySynthesis - 0.00620 (ms)
2026-07-10 21:21:27,367 [INFO] Pass: HighLevelSynthesis - 0.00596 (ms)
2026-07-10 21:21:27,367 [INFO] Pass: BasisTranslator - 0.05317 (ms)
2026-07-10 21:21:27,367 [INFO] Pass: ElidePermutations - 0.00334 (ms)
2026-07-10 21:21:27,367 [INFO] Pass: RemoveDiagonalGatesBeforeMeasure - 0.00620 (ms)
2026-07-10 21:21:27,367 [INFO] Pass: RemoveIdentityEquivalent - 0.00381 (ms)
2026-07-10 21:21:27,367 [INFO] Pass: InverseCancellation - 0.01335 (ms)
2026-07-10 21:21:27,368 [INFO] Pass: ContractIdleWiresInControlFlow - 0.00215 (ms)
2026-07-10 21:21:27,368 [INFO] Pass: CommutativeCancellation - 0.02766 (ms)
2026-07-10 21:21:27,368 [INFO] Pass: ConsolidateBlocks - 0.02933 (ms)
2026-07-10 21:21:27,368 [INFO] Pass: Split2QUnitaries - 0.00286 (ms)
2026-07-10 21:21:27,368 [INFO] Pass: UnitarySynthesis - 0.00453 (ms)
2026-07-10 21:21:27,368 [INFO] Pass: HighLevelSynthesis - 0.00930 (ms)
2026-07-10 21:21:27,368 [INFO] Pass: BasisTranslator - 0.05317 (ms)
2026-07-10 21:21:27,368 [INFO] Pass: ConsolidateBlocks - 0.04077 (ms)
2026-07-10 21:21:27,368 [INFO] Pass: UnitarySynthesis - 0.00429 (ms)
2026-07-10 21:21:27,368 [INFO] Pass: Depth - 0.01049 (ms)
2026-07-10 21:21:27,368 [INFO] Pass: FixedPoint - 0.00453 (ms)
2026-07-10 21:21:27,368 [INFO] Pass: Size - 0.00310 (ms)
2026-07-10 21:21:27,368 [INFO] Pass: FixedPoint - 0.00286 (ms)
2026-07-10 21:21:27,368 [INFO] Pass: RemoveIdentityEquivalent - 0.00334 (ms)
2026-07-10 21:21:27,368 [INFO] Pass: Optimize1qGatesDecomposition - 0.09012 (ms)
2026-07-10 21:21:27,368 [INFO] Pass: CommutativeCancellation - 0.05007 (ms)
2026-07-10 21:21:27,368 [INFO] Pass: ContractIdleWiresInControlFlow - 0.00215 (ms)
2026-07-10 21:21:27,368 [INFO] Pass: GatesInBasis - 0.00834 (ms)
2026-07-10 21:21:27,368 [INFO] Pass: Depth - 0.00930 (ms)
2026-07-10 21:21:27,368 [INFO] Pass: FixedPoint - 0.00358 (ms)
2026-07-10 21:21:27,368 [INFO] Pass: Size - 0.00191 (ms)
2026-07-10 21:21:27,368 [INFO] Pass: FixedPoint - 0.00286 (ms)
2026-07-10 21:21:27,368 [INFO] Pass: ContainsInstruction - 0.00453 (ms)
2026-07-10 21:21:27,369 [INFO] Total Transpile Time - 90.65247 (ms)
2026-07-10 21:21:27,459 [INFO] Pass: ContainsInstruction - 0.00930 (ms)
2026-07-10 21:21:27,459 [INFO] Pass: UnitarySynthesis - 0.00572 (ms)
2026-07-10 21:21:27,459 [INFO] Pass: HighLevelSynthesis - 0.00525 (ms)
2026-07-10 21:21:27,459 [INFO] Pass: BasisTranslator - 0.05317 (ms)
2026-07-10 21:21:27,459 [INFO] Pass: ElidePermutations - 0.00334 (ms)
2026-07-10 21:21:27,459 [INFO] Pass: RemoveDiagonalGatesBeforeMeasure - 0.00477 (ms)
2026-07-10 21:21:27,459 [INFO] Pass: RemoveIdentityEquivalent - 0.00501 (ms)
2026-07-10 21:21:27,459 [INFO] Pass: InverseCancellation - 0.01264 (ms)
2026-07-10 21:21:27,459 [INFO] Pass: ContractIdleWiresInControlFlow - 0.00215 (ms)
2026-07-10 21:21:27,459 [INFO] Pass: CommutativeCancellation - 0.02384 (ms)
2026-07-10 21:21:27,459 [INFO] Pass: ConsolidateBlocks - 0.02766 (ms)
2026-07-10 21:21:27,459 [INFO] Pass: Split2QUnitaries - 0.00262 (ms)
2026-07-10 21:21:27,459 [INFO] Pass: UnitarySynthesis - 0.00477 (ms)
2026-07-10 21:21:27,459 [INFO] Pass: HighLevelSynthesis - 0.01001 (ms)
2026-07-10 21:21:27,459 [INFO] Pass: BasisTranslator - 0.05412 (ms)
2026-07-10 21:21:27,459 [INFO] Pass: ConsolidateBlocks - 0.03982 (ms)
2026-07-10 21:21:27,459 [INFO] Pass: UnitarySynthesis - 0.00453 (ms)
2026-07-10 21:21:27,459 [INFO] Pass: Depth - 0.00978 (ms)
2026-07-10 21:21:27,459 [INFO] Pass: FixedPoint - 0.00501 (ms)
2026-07-10 21:21:27,459 [INFO] Pass: Size - 0.00286 (ms)
2026-07-10 21:21:27,460 [INFO] Pass: FixedPoint - 0.00286 (ms)
2026-07-10 21:21:27,460 [INFO] Pass: RemoveIdentityEquivalent - 0.00358 (ms)
2026-07-10 21:21:27,460 [INFO] Pass: Optimize1qGatesDecomposition - 0.09203 (ms)
2026-07-10 21:21:27,460 [INFO] Pass: CommutativeCancellation - 0.04411 (ms)
2026-07-10 21:21:27,460 [INFO] Pass: ContractIdleWiresInControlFlow - 0.00167 (ms)
2026-07-10 21:21:27,460 [INFO] Pass: GatesInBasis - 0.00763 (ms)
2026-07-10 21:21:27,460 [INFO] Pass: Depth - 0.00930 (ms)
2026-07-10 21:21:27,460 [INFO] Pass: FixedPoint - 0.00334 (ms)
2026-07-10 21:21:27,460 [INFO] Pass: Size - 0.00191 (ms)
2026-07-10 21:21:27,460 [INFO] Pass: FixedPoint - 0.00286 (ms)
2026-07-10 21:21:27,460 [INFO] Pass: RemoveIdentityEquivalent - 0.00334 (ms)
2026-07-10 21:21:27,460 [INFO] Pass: Optimize1qGatesDecomposition - 0.07582 (ms)
2026-07-10 21:21:27,460 [INFO] Pass: CommutativeCancellation - 0.03791 (ms)
2026-07-10 21:21:27,460 [INFO] Pass: ContractIdleWiresInControlFlow - 0.00191 (ms)
2026-07-10 21:21:27,460 [INFO] Pass: GatesInBasis - 0.00644 (ms)
2026-07-10 21:21:27,460 [INFO] Pass: Depth - 0.00787 (ms)
2026-07-10 21:21:27,460 [INFO] Pass: FixedPoint - 0.00286 (ms)
2026-07-10 21:21:27,460 [INFO] Pass: Size - 0.00191 (ms)
2026-07-10 21:21:27,460 [INFO] Pass: FixedPoint - 0.00262 (ms)
2026-07-10 21:21:27,460 [INFO] Pass: ContainsInstruction - 0.00525 (ms)
2026-07-10 21:21:27,460 [INFO] Total Transpile Time - 91.51316 (ms)
2026-07-10 21:21:42,254 [INFO] [PCE] n=25 instancia 23/100 completada en 0:00:00:15 — transcurrido=0:00:05:11 restante_estimado=0:00:17:22
2026-07-10 21:21:42,347 [INFO] Pass: ContainsInstruction - 0.01812 (ms)
2026-07-10 21:21:42,347 [INFO] Pass: UnitarySynthesis - 0.00691 (ms)
2026-07-10 21:21:42,347 [INFO] Pass: HighLevelSynthesis - 0.00644 (ms)
2026-07-10 21:21:42,347 [INFO] Pass: BasisTranslator - 0.06533 (ms)
2026-07-10 21:21:42,348 [INFO] Pass: ElidePermutations - 0.00501 (ms)
2026-07-10 21:21:42,348 [INFO] Pass: RemoveDiagonalGatesBeforeMeasure - 0.00763 (ms)
2026-07-10 21:21:42,348 [INFO] Pass: RemoveIdentityEquivalent - 0.00310 (ms)
2026-07-10 21:21:42,348 [INFO] Pass: InverseCancellation - 0.00525 (ms)
2026-07-10 21:21:42,348 [INFO] Pass: ContractIdleWiresInControlFlow - 0.00215 (ms)
2026-07-10 21:21:42,348 [INFO] Pass: CommutativeCancellation - 0.02217 (ms)
2026-07-10 21:21:42,348 [INFO] Pass: ConsolidateBlocks - 0.03409 (ms)
2026-07-10 21:21:42,348 [INFO] Pass: Split2QUnitaries - 0.00358 (ms)
2026-07-10 21:21:42,348 [INFO] Pass: UnitarySynthesis - 0.00525 (ms)
2026-07-10 21:21:42,348 [INFO] Pass: HighLevelSynthesis - 0.00882 (ms)
2026-07-10 21:21:42,348 [INFO] Pass: BasisTranslator - 0.05126 (ms)
2026-07-10 21:21:42,348 [INFO] Pass: ConsolidateBlocks - 0.04101 (ms)
2026-07-10 21:21:42,348 [INFO] Pass: UnitarySynthesis - 0.00405 (ms)
2026-07-10 21:21:42,348 [INFO] Pass: Depth - 0.01001 (ms)
2026-07-10 21:21:42,348 [INFO] Pass: FixedPoint - 0.00525 (ms)
2026-07-10 21:21:42,348 [INFO] Pass: Size - 0.00334 (ms)
2026-07-10 21:21:42,348 [INFO] Pass: FixedPoint - 0.00262 (ms)
2026-07-10 21:21:42,348 [INFO] Pass: RemoveIdentityEquivalent - 0.00262 (ms)
2026-07-10 21:21:42,348 [INFO] Pass: Optimize1qGatesDecomposition - 0.02956 (ms)
2026-07-10 21:21:42,348 [INFO] Pass: CommutativeCancellation - 0.04959 (ms)
2026-07-10 21:21:42,348 [INFO] Pass: ContractIdleWiresInControlFlow - 0.00167 (ms)
2026-07-10 21:21:42,348 [INFO] Pass: GatesInBasis - 0.00906 (ms)
2026-07-10 21:21:42,348 [INFO] Pass: Depth - 0.00858 (ms)
2026-07-10 21:21:42,348 [INFO] Pass: FixedPoint - 0.00334 (ms)
2026-07-10 21:21:42,348 [INFO] Pass: Size - 0.00191 (ms)
2026-07-10 21:21:42,348 [INFO] Pass: FixedPoint - 0.00238 (ms)
2026-07-10 21:21:42,348 [INFO] Pass: ContainsInstruction - 0.00477 (ms)
2026-07-10 21:21:42,349 [INFO] Total Transpile Time - 93.23454 (ms)
2026-07-10 21:21:42,439 [INFO] Pass: ContainsInstruction - 0.00954 (ms)
2026-07-10 21:21:42,439 [INFO] Pass: UnitarySynthesis - 0.00596 (ms)
2026-07-10 21:21:42,440 [INFO] Pass: HighLevelSynthesis - 0.00620 (ms)
2026-07-10 21:21:42,440 [INFO] Pass: BasisTranslator - 0.05555 (ms)
2026-07-10 21:21:42,440 [INFO] Pass: ElidePermutations - 0.00358 (ms)
2026-07-10 21:21:42,440 [INFO] Pass: RemoveDiagonalGatesBeforeMeasure - 0.00620 (ms)
2026-07-10 21:21:42,440 [INFO] Pass: RemoveIdentityEquivalent - 0.00405 (ms)
2026-07-10 21:21:42,440 [INFO] Pass: InverseCancellation - 0.01287 (ms)
2026-07-10 21:21:42,440 [INFO] Pass: ContractIdleWiresInControlFlow - 0.00191 (ms)
2026-07-10 21:21:42,440 [INFO] Pass: CommutativeCancellation - 0.02551 (ms)
2026-07-10 21:21:42,440 [INFO] Pass: ConsolidateBlocks - 0.03052 (ms)
2026-07-10 21:21:42,440 [INFO] Pass: Split2QUnitaries - 0.00310 (ms)
2026-07-10 21:21:42,440 [INFO] Pass: UnitarySynthesis - 0.00453 (ms)
2026-07-10 21:21:42,440 [INFO] Pass: HighLevelSynthesis - 0.00930 (ms)
2026-07-10 21:21:42,440 [INFO] Pass: BasisTranslator - 0.05293 (ms)
2026-07-10 21:21:42,440 [INFO] Pass: ConsolidateBlocks - 0.04005 (ms)
2026-07-10 21:21:42,440 [INFO] Pass: UnitarySynthesis - 0.00429 (ms)
2026-07-10 21:21:42,440 [INFO] Pass: Depth - 0.00930 (ms)
2026-07-10 21:21:42,440 [INFO] Pass: FixedPoint - 0.00453 (ms)
2026-07-10 21:21:42,440 [INFO] Pass: Size - 0.00238 (ms)
2026-07-10 21:21:42,440 [INFO] Pass: FixedPoint - 0.00286 (ms)
2026-07-10 21:21:42,440 [INFO] Pass: RemoveIdentityEquivalent - 0.00358 (ms)
2026-07-10 21:21:42,440 [INFO] Pass: Optimize1qGatesDecomposition - 0.09394 (ms)
2026-07-10 21:21:42,440 [INFO] Pass: CommutativeCancellation - 0.04792 (ms)
2026-07-10 21:21:42,440 [INFO] Pass: ContractIdleWiresInControlFlow - 0.00191 (ms)
2026-07-10 21:21:42,441 [INFO] Pass: GatesInBasis - 0.00882 (ms)
2026-07-10 21:21:42,441 [INFO] Pass: Depth - 0.00858 (ms)
2026-07-10 21:21:42,441 [INFO] Pass: FixedPoint - 0.00358 (ms)
2026-07-10 21:21:42,441 [INFO] Pass: Size - 0.00167 (ms)
2026-07-10 21:21:42,441 [INFO] Pass: FixedPoint - 0.00286 (ms)
2026-07-10 21:21:42,441 [INFO] Pass: ContainsInstruction - 0.00453 (ms)
2026-07-10 21:21:42,441 [INFO] Total Transpile Time - 91.76826 (ms)
2026-07-10 21:21:42,531 [INFO] Pass: ContainsInstruction - 0.00906 (ms)
2026-07-10 21:21:42,531 [INFO] Pass: UnitarySynthesis - 0.00596 (ms)
2026-07-10 21:21:42,532 [INFO] Pass: HighLevelSynthesis - 0.00525 (ms)
2026-07-10 21:21:42,532 [INFO] Pass: BasisTranslator - 0.05245 (ms)
2026-07-10 21:21:42,532 [INFO] Pass: ElidePermutations - 0.00334 (ms)
2026-07-10 21:21:42,532 [INFO] Pass: RemoveDiagonalGatesBeforeMeasure - 0.00548 (ms)
2026-07-10 21:21:42,532 [INFO] Pass: RemoveIdentityEquivalent - 0.00429 (ms)
2026-07-10 21:21:42,532 [INFO] Pass: InverseCancellation - 0.01311 (ms)
2026-07-10 21:21:42,532 [INFO] Pass: ContractIdleWiresInControlFlow - 0.00167 (ms)
2026-07-10 21:21:42,532 [INFO] Pass: CommutativeCancellation - 0.02313 (ms)
2026-07-10 21:21:42,532 [INFO] Pass: ConsolidateBlocks - 0.02909 (ms)
2026-07-10 21:21:42,532 [INFO] Pass: Split2QUnitaries - 0.00310 (ms)
2026-07-10 21:21:42,532 [INFO] Pass: UnitarySynthesis - 0.00525 (ms)
2026-07-10 21:21:42,532 [INFO] Pass: HighLevelSynthesis - 0.00978 (ms)
2026-07-10 21:21:42,532 [INFO] Pass: BasisTranslator - 0.05269 (ms)
2026-07-10 21:21:42,532 [INFO] Pass: ConsolidateBlocks - 0.04005 (ms)
2026-07-10 21:21:42,532 [INFO] Pass: UnitarySynthesis - 0.00477 (ms)
2026-07-10 21:21:42,532 [INFO] Pass: Depth - 0.00954 (ms)
2026-07-10 21:21:42,532 [INFO] Pass: FixedPoint - 0.00429 (ms)
2026-07-10 21:21:42,532 [INFO] Pass: Size - 0.00286 (ms)
2026-07-10 21:21:42,532 [INFO] Pass: FixedPoint - 0.00238 (ms)
2026-07-10 21:21:42,532 [INFO] Pass: RemoveIdentityEquivalent - 0.01073 (ms)
2026-07-10 21:21:42,532 [INFO] Pass: Optimize1qGatesDecomposition - 0.09251 (ms)
2026-07-10 21:21:42,532 [INFO] Pass: CommutativeCancellation - 0.04292 (ms)
2026-07-10 21:21:42,532 [INFO] Pass: ContractIdleWiresInControlFlow - 0.00215 (ms)
2026-07-10 21:21:42,532 [INFO] Pass: GatesInBasis - 0.00811 (ms)
2026-07-10 21:21:42,533 [INFO] Pass: Depth - 0.00930 (ms)
2026-07-10 21:21:42,533 [INFO] Pass: FixedPoint - 0.00358 (ms)
2026-07-10 21:21:42,533 [INFO] Pass: Size - 0.00191 (ms)
2026-07-10 21:21:42,533 [INFO] Pass: FixedPoint - 0.00286 (ms)
2026-07-10 21:21:42,533 [INFO] Pass: RemoveIdentityEquivalent - 0.00334 (ms)
2026-07-10 21:21:42,533 [INFO] Pass: Optimize1qGatesDecomposition - 0.07606 (ms)
2026-07-10 21:21:42,533 [INFO] Pass: CommutativeCancellation - 0.03576 (ms)
2026-07-10 21:21:42,533 [INFO] Pass: ContractIdleWiresInControlFlow - 0.00191 (ms)
2026-07-10 21:21:42,533 [INFO] Pass: GatesInBasis - 0.00644 (ms)
2026-07-10 21:21:42,533 [INFO] Pass: Depth - 0.00811 (ms)
2026-07-10 21:21:42,533 [INFO] Pass: FixedPoint - 0.00310 (ms)
2026-07-10 21:21:42,533 [INFO] Pass: Size - 0.00191 (ms)
2026-07-10 21:21:42,533 [INFO] Pass: FixedPoint - 0.00238 (ms)
2026-07-10 21:21:42,533 [INFO] Pass: ContainsInstruction - 0.00501 (ms)
2026-07-10 21:21:42,533 [INFO] Total Transpile Time - 91.96281 (ms)
2026-07-10 21:21:56,253 [INFO] [PCE] n=25 instancia 24/100 completada en 0:00:00:14 — transcurrido=0:00:05:25 restante_estimado=0:00:17:10
2026-07-10 21:21:56,348 [INFO] Pass: ContainsInstruction - 0.01144 (ms)
2026-07-10 21:21:56,348 [INFO] Pass: UnitarySynthesis - 0.00668 (ms)
2026-07-10 21:21:56,348 [INFO] Pass: HighLevelSynthesis - 0.00596 (ms)
2026-07-10 21:21:56,348 [INFO] Pass: BasisTranslator - 0.07844 (ms)
2026-07-10 21:21:56,348 [INFO] Pass: ElidePermutations - 0.00525 (ms)
2026-07-10 21:21:56,348 [INFO] Pass: RemoveDiagonalGatesBeforeMeasure - 0.00787 (ms)
2026-07-10 21:21:56,348 [INFO] Pass: RemoveIdentityEquivalent - 0.00381 (ms)
2026-07-10 21:21:56,348 [INFO] Pass: InverseCancellation - 0.00572 (ms)
2026-07-10 21:21:56,348 [INFO] Pass: ContractIdleWiresInControlFlow - 0.00215 (ms)
2026-07-10 21:21:56,348 [INFO] Pass: CommutativeCancellation - 0.02718 (ms)
2026-07-10 21:21:56,349 [INFO] Pass: ConsolidateBlocks - 0.03457 (ms)
2026-07-10 21:21:56,349 [INFO] Pass: Split2QUnitaries - 0.00334 (ms)
2026-07-10 21:21:56,349 [INFO] Pass: UnitarySynthesis - 0.00477 (ms)
2026-07-10 21:21:56,349 [INFO] Pass: HighLevelSynthesis - 0.01001 (ms)
2026-07-10 21:21:56,349 [INFO] Pass: BasisTranslator - 0.05460 (ms)
2026-07-10 21:21:56,349 [INFO] Pass: ConsolidateBlocks - 0.04268 (ms)
2026-07-10 21:21:56,349 [INFO] Pass: UnitarySynthesis - 0.00429 (ms)
2026-07-10 21:21:56,349 [INFO] Pass: Depth - 0.01025 (ms)
2026-07-10 21:21:56,349 [INFO] Pass: FixedPoint - 0.00525 (ms)
2026-07-10 21:21:56,349 [INFO] Pass: Size - 0.00358 (ms)
2026-07-10 21:21:56,349 [INFO] Pass: FixedPoint - 0.00286 (ms)
2026-07-10 21:21:56,349 [INFO] Pass: RemoveIdentityEquivalent - 0.00238 (ms)
2026-07-10 21:21:56,349 [INFO] Pass: Optimize1qGatesDecomposition - 0.02933 (ms)
2026-07-10 21:21:56,349 [INFO] Pass: CommutativeCancellation - 0.04601 (ms)
2026-07-10 21:21:56,349 [INFO] Pass: ContractIdleWiresInControlFlow - 0.00215 (ms)
2026-07-10 21:21:56,349 [INFO] Pass: GatesInBasis - 0.00882 (ms)
2026-07-10 21:21:56,349 [INFO] Pass: Depth - 0.00811 (ms)
2026-07-10 21:21:56,349 [INFO] Pass: FixedPoint - 0.00358 (ms)
2026-07-10 21:21:56,349 [INFO] Pass: Size - 0.00215 (ms)
2026-07-10 21:21:56,349 [INFO] Pass: FixedPoint - 0.00262 (ms)
2026-07-10 21:21:56,349 [INFO] Pass: ContainsInstruction - 0.00501 (ms)
2026-07-10 21:21:56,349 [INFO] Total Transpile Time - 94.46383 (ms)
2026-07-10 21:21:56,441 [INFO] Pass: ContainsInstruction - 0.01049 (ms)
2026-07-10 21:21:56,441 [INFO] Pass: UnitarySynthesis - 0.00620 (ms)
2026-07-10 21:21:56,441 [INFO] Pass: HighLevelSynthesis - 0.00572 (ms)
2026-07-10 21:21:56,441 [INFO] Pass: BasisTranslator - 0.05841 (ms)
2026-07-10 21:21:56,441 [INFO] Pass: ElidePermutations - 0.00429 (ms)
2026-07-10 21:21:56,441 [INFO] Pass: RemoveDiagonalGatesBeforeMeasure - 0.00644 (ms)
2026-07-10 21:21:56,441 [INFO] Pass: RemoveIdentityEquivalent - 0.00405 (ms)
2026-07-10 21:21:56,441 [INFO] Pass: InverseCancellation - 0.01359 (ms)
2026-07-10 21:21:56,441 [INFO] Pass: ContractIdleWiresInControlFlow - 0.00215 (ms)
2026-07-10 21:21:56,441 [INFO] Pass: CommutativeCancellation - 0.02837 (ms)
2026-07-10 21:21:56,441 [INFO] Pass: ConsolidateBlocks - 0.03123 (ms)
2026-07-10 21:21:56,441 [INFO] Pass: Split2QUnitaries - 0.00310 (ms)
2026-07-10 21:21:56,441 [INFO] Pass: UnitarySynthesis - 0.00525 (ms)
2026-07-10 21:21:56,441 [INFO] Pass: HighLevelSynthesis - 0.00978 (ms)
2026-07-10 21:21:56,441 [INFO] Pass: BasisTranslator - 0.05555 (ms)
2026-07-10 21:21:56,442 [INFO] Pass: ConsolidateBlocks - 0.04125 (ms)
2026-07-10 21:21:56,442 [INFO] Pass: UnitarySynthesis - 0.00429 (ms)
2026-07-10 21:21:56,442 [INFO] Pass: Depth - 0.00978 (ms)
2026-07-10 21:21:56,442 [INFO] Pass: FixedPoint - 0.00429 (ms)
2026-07-10 21:21:56,442 [INFO] Pass: Size - 0.00334 (ms)
2026-07-10 21:21:56,442 [INFO] Pass: FixedPoint - 0.00286 (ms)
2026-07-10 21:21:56,442 [INFO] Pass: RemoveIdentityEquivalent - 0.00334 (ms)
2026-07-10 21:21:56,442 [INFO] Pass: Optimize1qGatesDecomposition - 0.09632 (ms)
2026-07-10 21:21:56,442 [INFO] Pass: CommutativeCancellation - 0.05031 (ms)
2026-07-10 21:21:56,442 [INFO] Pass: ContractIdleWiresInControlFlow - 0.00191 (ms)
2026-07-10 21:21:56,442 [INFO] Pass: GatesInBasis - 0.00882 (ms)
2026-07-10 21:21:56,442 [INFO] Pass: Depth - 0.00834 (ms)
2026-07-10 21:21:56,442 [INFO] Pass: FixedPoint - 0.00381 (ms)
2026-07-10 21:21:56,442 [INFO] Pass: Size - 0.00215 (ms)
2026-07-10 21:21:56,442 [INFO] Pass: FixedPoint - 0.00286 (ms)
2026-07-10 21:21:56,442 [INFO] Pass: ContainsInstruction - 0.00501 (ms)
2026-07-10 21:21:56,442 [INFO] Total Transpile Time - 92.32068 (ms)
2026-07-10 21:21:56,603 [INFO] Pass: ContainsInstruction - 0.01287 (ms)
2026-07-10 21:21:56,603 [INFO] Pass: UnitarySynthesis - 0.00811 (ms)
2026-07-10 21:21:56,603 [INFO] Pass: HighLevelSynthesis - 0.00763 (ms)
2026-07-10 21:21:56,603 [INFO] Pass: BasisTranslator - 0.06533 (ms)
2026-07-10 21:21:56,603 [INFO] Pass: ElidePermutations - 0.00501 (ms)
2026-07-10 21:21:56,603 [INFO] Pass: RemoveDiagonalGatesBeforeMeasure - 0.00787 (ms)
2026-07-10 21:21:56,603 [INFO] Pass: RemoveIdentityEquivalent - 0.00572 (ms)
2026-07-10 21:21:56,603 [INFO] Pass: InverseCancellation - 0.01645 (ms)
2026-07-10 21:21:56,603 [INFO] Pass: ContractIdleWiresInControlFlow - 0.00238 (ms)
2026-07-10 21:21:56,603 [INFO] Pass: CommutativeCancellation - 0.02861 (ms)
2026-07-10 21:21:56,603 [INFO] Pass: ConsolidateBlocks - 0.03767 (ms)
2026-07-10 21:21:56,603 [INFO] Pass: Split2QUnitaries - 0.00358 (ms)
2026-07-10 21:21:56,603 [INFO] Pass: UnitarySynthesis - 0.00525 (ms)
2026-07-10 21:21:56,603 [INFO] Pass: HighLevelSynthesis - 0.01264 (ms)
2026-07-10 21:21:56,603 [INFO] Pass: BasisTranslator - 0.06104 (ms)
2026-07-10 21:21:56,603 [INFO] Pass: ConsolidateBlocks - 0.05174 (ms)
2026-07-10 21:21:56,603 [INFO] Pass: UnitarySynthesis - 0.00501 (ms)
2026-07-10 21:21:56,603 [INFO] Pass: Depth - 0.01121 (ms)
2026-07-10 21:21:56,603 [INFO] Pass: FixedPoint - 0.00525 (ms)
2026-07-10 21:21:56,604 [INFO] Pass: Size - 0.00381 (ms)
2026-07-10 21:21:56,604 [INFO] Pass: FixedPoint - 0.00262 (ms)
2026-07-10 21:21:56,604 [INFO] Pass: RemoveIdentityEquivalent - 0.00501 (ms)
2026-07-10 21:21:56,604 [INFO] Pass: Optimize1qGatesDecomposition - 0.10920 (ms)
2026-07-10 21:21:56,604 [INFO] Pass: CommutativeCancellation - 0.05054 (ms)
2026-07-10 21:21:56,604 [INFO] Pass: ContractIdleWiresInControlFlow - 0.00215 (ms)
2026-07-10 21:21:56,604 [INFO] Pass: GatesInBasis - 0.00930 (ms)
2026-07-10 21:21:56,604 [INFO] Pass: Depth - 0.00978 (ms)
2026-07-10 21:21:56,604 [INFO] Pass: FixedPoint - 0.00358 (ms)
2026-07-10 21:21:56,604 [INFO] Pass: Size - 0.00215 (ms)
2026-07-10 21:21:56,604 [INFO] Pass: FixedPoint - 0.00286 (ms)
2026-07-10 21:21:56,604 [INFO] Pass: RemoveIdentityEquivalent - 0.00429 (ms)
2026-07-10 21:21:56,604 [INFO] Pass: Optimize1qGatesDecomposition - 0.08750 (ms)
2026-07-10 21:21:56,604 [INFO] Pass: CommutativeCancellation - 0.04292 (ms)
2026-07-10 21:21:56,604 [INFO] Pass: ContractIdleWiresInControlFlow - 0.00215 (ms)
2026-07-10 21:21:56,604 [INFO] Pass: GatesInBasis - 0.00668 (ms)
2026-07-10 21:21:56,604 [INFO] Pass: Depth - 0.00882 (ms)
2026-07-10 21:21:56,604 [INFO] Pass: FixedPoint - 0.00310 (ms)
2026-07-10 21:21:56,604 [INFO] Pass: Size - 0.00215 (ms)
2026-07-10 21:21:56,604 [INFO] Pass: FixedPoint - 0.00286 (ms)
2026-07-10 21:21:56,604 [INFO] Pass: ContainsInstruction - 0.00572 (ms)
2026-07-10 21:21:56,605 [INFO] Total Transpile Time - 161.88407 (ms)
2026-07-10 21:22:08,983 [INFO] [PCE] n=25 instancia 25/100 completada en 0:00:00:13 — transcurrido=0:00:05:38 restante_estimado=0:00:16:54
2026-07-10 21:22:09,078 [INFO] Pass: ContainsInstruction - 0.01097 (ms)
2026-07-10 21:22:09,078 [INFO] Pass: UnitarySynthesis - 0.00644 (ms)
2026-07-10 21:22:09,078 [INFO] Pass: HighLevelSynthesis - 0.00668 (ms)
2026-07-10 21:22:09,078 [INFO] Pass: BasisTranslator - 0.05889 (ms)
2026-07-10 21:22:09,078 [INFO] Pass: ElidePermutations - 0.00501 (ms)
2026-07-10 21:22:09,078 [INFO] Pass: RemoveDiagonalGatesBeforeMeasure - 0.00715 (ms)
2026-07-10 21:22:09,078 [INFO] Pass: RemoveIdentityEquivalent - 0.00334 (ms)
2026-07-10 21:22:09,078 [INFO] Pass: InverseCancellation - 0.00525 (ms)
2026-07-10 21:22:09,078 [INFO] Pass: ContractIdleWiresInControlFlow - 0.00238 (ms)
2026-07-10 21:22:09,078 [INFO] Pass: CommutativeCancellation - 0.02337 (ms)
2026-07-10 21:22:09,078 [INFO] Pass: ConsolidateBlocks - 0.03338 (ms)
2026-07-10 21:22:09,078 [INFO] Pass: Split2QUnitaries - 0.00358 (ms)
2026-07-10 21:22:09,078 [INFO] Pass: UnitarySynthesis - 0.00429 (ms)
2026-07-10 21:22:09,078 [INFO] Pass: HighLevelSynthesis - 0.00930 (ms)
2026-07-10 21:22:09,079 [INFO] Pass: BasisTranslator - 0.05317 (ms)
2026-07-10 21:22:09,079 [INFO] Pass: ConsolidateBlocks - 0.04077 (ms)
2026-07-10 21:22:09,079 [INFO] Pass: UnitarySynthesis - 0.00429 (ms)
2026-07-10 21:22:09,079 [INFO] Pass: Depth - 0.01025 (ms)
2026-07-10 21:22:09,079 [INFO] Pass: FixedPoint - 0.00477 (ms)
2026-07-10 21:22:09,079 [INFO] Pass: Size - 0.00358 (ms)
2026-07-10 21:22:09,079 [INFO] Pass: FixedPoint - 0.00286 (ms)
2026-07-10 21:22:09,079 [INFO] Pass: RemoveIdentityEquivalent - 0.00238 (ms)
2026-07-10 21:22:09,079 [INFO] Pass: Optimize1qGatesDecomposition - 0.02861 (ms)
2026-07-10 21:22:09,079 [INFO] Pass: CommutativeCancellation - 0.04268 (ms)
2026-07-10 21:22:09,079 [INFO] Pass: ContractIdleWiresInControlFlow - 0.00191 (ms)
2026-07-10 21:22:09,079 [INFO] Pass: GatesInBasis - 0.00906 (ms)
2026-07-10 21:22:09,079 [INFO] Pass: Depth - 0.00787 (ms)
2026-07-10 21:22:09,079 [INFO] Pass: FixedPoint - 0.00334 (ms)
2026-07-10 21:22:09,079 [INFO] Pass: Size - 0.00215 (ms)
2026-07-10 21:22:09,079 [INFO] Pass: FixedPoint - 0.00286 (ms)
2026-07-10 21:22:09,079 [INFO] Pass: ContainsInstruction - 0.00453 (ms)
2026-07-10 21:22:09,079 [INFO] Total Transpile Time - 94.55538 (ms)
2026-07-10 21:22:09,171 [INFO] Pass: ContainsInstruction - 0.01025 (ms)
2026-07-10 21:22:09,171 [INFO] Pass: UnitarySynthesis - 0.00596 (ms)
2026-07-10 21:22:09,171 [INFO] Pass: HighLevelSynthesis - 0.00501 (ms)
2026-07-10 21:22:09,171 [INFO] Pass: BasisTranslator - 0.05412 (ms)
2026-07-10 21:22:09,171 [INFO] Pass: ElidePermutations - 0.01097 (ms)
2026-07-10 21:22:09,171 [INFO] Pass: RemoveDiagonalGatesBeforeMeasure - 0.00668 (ms)
2026-07-10 21:22:09,171 [INFO] Pass: RemoveIdentityEquivalent - 0.00405 (ms)
2026-07-10 21:22:09,171 [INFO] Pass: InverseCancellation - 0.01359 (ms)
2026-07-10 21:22:09,171 [INFO] Pass: ContractIdleWiresInControlFlow - 0.00215 (ms)
2026-07-10 21:22:09,171 [INFO] Pass: CommutativeCancellation - 0.02646 (ms)
2026-07-10 21:22:09,171 [INFO] Pass: ConsolidateBlocks - 0.03076 (ms)
2026-07-10 21:22:09,172 [INFO] Pass: Split2QUnitaries - 0.00310 (ms)
2026-07-10 21:22:09,172 [INFO] Pass: UnitarySynthesis - 0.00477 (ms)
2026-07-10 21:22:09,172 [INFO] Pass: HighLevelSynthesis - 0.00882 (ms)
2026-07-10 21:22:09,172 [INFO] Pass: BasisTranslator - 0.05364 (ms)
2026-07-10 21:22:09,172 [INFO] Pass: ConsolidateBlocks - 0.04053 (ms)
2026-07-10 21:22:09,172 [INFO] Pass: UnitarySynthesis - 0.00405 (ms)
2026-07-10 21:22:09,172 [INFO] Pass: Depth - 0.01025 (ms)
2026-07-10 21:22:09,172 [INFO] Pass: FixedPoint - 0.00453 (ms)
2026-07-10 21:22:09,172 [INFO] Pass: Size - 0.00310 (ms)
2026-07-10 21:22:09,172 [INFO] Pass: FixedPoint - 0.00286 (ms)
2026-07-10 21:22:09,172 [INFO] Pass: RemoveIdentityEquivalent - 0.00334 (ms)
2026-07-10 21:22:09,172 [INFO] Pass: Optimize1qGatesDecomposition - 0.08845 (ms)
2026-07-10 21:22:09,172 [INFO] Pass: CommutativeCancellation - 0.04840 (ms)
2026-07-10 21:22:09,172 [INFO] Pass: ContractIdleWiresInControlFlow - 0.00191 (ms)
2026-07-10 21:22:09,172 [INFO] Pass: GatesInBasis - 0.00834 (ms)
2026-07-10 21:22:09,172 [INFO] Pass: Depth - 0.00811 (ms)
2026-07-10 21:22:09,172 [INFO] Pass: FixedPoint - 0.00358 (ms)
2026-07-10 21:22:09,172 [INFO] Pass: Size - 0.00167 (ms)
2026-07-10 21:22:09,172 [INFO] Pass: FixedPoint - 0.00262 (ms)
2026-07-10 21:22:09,172 [INFO] Pass: ContainsInstruction - 0.00501 (ms)
2026-07-10 21:22:09,172 [INFO] Total Transpile Time - 92.78893 (ms)
2026-07-10 21:22:09,265 [INFO] Pass: ContainsInstruction - 0.00978 (ms)
2026-07-10 21:22:09,265 [INFO] Pass: UnitarySynthesis - 0.00644 (ms)
2026-07-10 21:22:09,265 [INFO] Pass: HighLevelSynthesis - 0.00525 (ms)
2026-07-10 21:22:09,265 [INFO] Pass: BasisTranslator - 0.05269 (ms)
2026-07-10 21:22:09,265 [INFO] Pass: ElidePermutations - 0.00381 (ms)
2026-07-10 21:22:09,265 [INFO] Pass: RemoveDiagonalGatesBeforeMeasure - 0.00548 (ms)
2026-07-10 21:22:09,265 [INFO] Pass: RemoveIdentityEquivalent - 0.00405 (ms)
2026-07-10 21:22:09,265 [INFO] Pass: InverseCancellation - 0.01216 (ms)
2026-07-10 21:22:09,265 [INFO] Pass: ContractIdleWiresInControlFlow - 0.00167 (ms)
2026-07-10 21:22:09,265 [INFO] Pass: CommutativeCancellation - 0.02265 (ms)
2026-07-10 21:22:09,265 [INFO] Pass: ConsolidateBlocks - 0.02789 (ms)
2026-07-10 21:22:09,265 [INFO] Pass: Split2QUnitaries - 0.00238 (ms)
2026-07-10 21:22:09,265 [INFO] Pass: UnitarySynthesis - 0.00501 (ms)
2026-07-10 21:22:09,265 [INFO] Pass: HighLevelSynthesis - 0.00954 (ms)
2026-07-10 21:22:09,265 [INFO] Pass: BasisTranslator - 0.05341 (ms)
2026-07-10 21:22:09,265 [INFO] Pass: ConsolidateBlocks - 0.04935 (ms)
2026-07-10 21:22:09,265 [INFO] Pass: UnitarySynthesis - 0.00453 (ms)
2026-07-10 21:22:09,265 [INFO] Pass: Depth - 0.00954 (ms)
2026-07-10 21:22:09,265 [INFO] Pass: FixedPoint - 0.00429 (ms)
2026-07-10 21:22:09,265 [INFO] Pass: Size - 0.00262 (ms)
2026-07-10 21:22:09,265 [INFO] Pass: FixedPoint - 0.00238 (ms)
2026-07-10 21:22:09,265 [INFO] Pass: RemoveIdentityEquivalent - 0.00334 (ms)
2026-07-10 21:22:09,266 [INFO] Pass: Optimize1qGatesDecomposition - 0.09251 (ms)
2026-07-10 21:22:09,266 [INFO] Pass: CommutativeCancellation - 0.04292 (ms)
2026-07-10 21:22:09,266 [INFO] Pass: ContractIdleWiresInControlFlow - 0.00167 (ms)
2026-07-10 21:22:09,266 [INFO] Pass: GatesInBasis - 0.00787 (ms)
2026-07-10 21:22:09,266 [INFO] Pass: Depth - 0.00954 (ms)
2026-07-10 21:22:09,266 [INFO] Pass: FixedPoint - 0.00358 (ms)
2026-07-10 21:22:09,266 [INFO] Pass: Size - 0.00191 (ms)
2026-07-10 21:22:09,266 [INFO] Pass: FixedPoint - 0.00286 (ms)
2026-07-10 21:22:09,266 [INFO] Pass: RemoveIdentityEquivalent - 0.00334 (ms)
2026-07-10 21:22:09,266 [INFO] Pass: Optimize1qGatesDecomposition - 0.07796 (ms)
2026-07-10 21:22:09,266 [INFO] Pass: CommutativeCancellation - 0.03719 (ms)
2026-07-10 21:22:09,266 [INFO] Pass: ContractIdleWiresInControlFlow - 0.00167 (ms)
2026-07-10 21:22:09,266 [INFO] Pass: GatesInBasis - 0.00668 (ms)
2026-07-10 21:22:09,266 [INFO] Pass: Depth - 0.00834 (ms)
2026-07-10 21:22:09,266 [INFO] Pass: FixedPoint - 0.00310 (ms)
2026-07-10 21:22:09,266 [INFO] Pass: Size - 0.00191 (ms)
2026-07-10 21:22:09,266 [INFO] Pass: FixedPoint - 0.00262 (ms)
2026-07-10 21:22:09,266 [INFO] Pass: ContainsInstruction - 0.00501 (ms)
2026-07-10 21:22:09,266 [INFO] Total Transpile Time - 93.54544 (ms)
2026-07-10 21:22:22,794 [INFO] [PCE] n=25 instancia 26/100 completada en 0:00:00:14 — transcurrido=0:00:05:52 restante_estimado=0:00:16:42
2026-07-10 21:22:22,889 [INFO] Pass: ContainsInstruction - 0.01049 (ms)
2026-07-10 21:22:22,889 [INFO] Pass: UnitarySynthesis - 0.00668 (ms)
2026-07-10 21:22:22,889 [INFO] Pass: HighLevelSynthesis - 0.00668 (ms)
2026-07-10 21:22:22,889 [INFO] Pass: BasisTranslator - 0.05937 (ms)
2026-07-10 21:22:22,889 [INFO] Pass: ElidePermutations - 0.00477 (ms)
2026-07-10 21:22:22,889 [INFO] Pass: RemoveDiagonalGatesBeforeMeasure - 0.00811 (ms)
2026-07-10 21:22:22,889 [INFO] Pass: RemoveIdentityEquivalent - 0.00310 (ms)
2026-07-10 21:22:22,889 [INFO] Pass: InverseCancellation - 0.00501 (ms)
2026-07-10 21:22:22,889 [INFO] Pass: ContractIdleWiresInControlFlow - 0.00191 (ms)
2026-07-10 21:22:22,889 [INFO] Pass: CommutativeCancellation - 0.02241 (ms)
2026-07-10 21:22:22,889 [INFO] Pass: ConsolidateBlocks - 0.03171 (ms)
2026-07-10 21:22:22,889 [INFO] Pass: Split2QUnitaries - 0.00381 (ms)
2026-07-10 21:22:22,889 [INFO] Pass: UnitarySynthesis - 0.00429 (ms)
2026-07-10 21:22:22,889 [INFO] Pass: HighLevelSynthesis - 0.00930 (ms)
2026-07-10 21:22:22,889 [INFO] Pass: BasisTranslator - 0.05341 (ms)
2026-07-10 21:22:22,889 [INFO] Pass: ConsolidateBlocks - 0.04888 (ms)
2026-07-10 21:22:22,889 [INFO] Pass: UnitarySynthesis - 0.00429 (ms)
2026-07-10 21:22:22,889 [INFO] Pass: Depth - 0.01001 (ms)
2026-07-10 21:22:22,889 [INFO] Pass: FixedPoint - 0.00477 (ms)
2026-07-10 21:22:22,889 [INFO] Pass: Size - 0.00334 (ms)
2026-07-10 21:22:22,889 [INFO] Pass: FixedPoint - 0.00286 (ms)
2026-07-10 21:22:22,889 [INFO] Pass: RemoveIdentityEquivalent - 0.00262 (ms)
2026-07-10 21:22:22,889 [INFO] Pass: Optimize1qGatesDecomposition - 0.02861 (ms)
2026-07-10 21:22:22,890 [INFO] Pass: CommutativeCancellation - 0.04411 (ms)
2026-07-10 21:22:22,890 [INFO] Pass: ContractIdleWiresInControlFlow - 0.00167 (ms)
2026-07-10 21:22:22,890 [INFO] Pass: GatesInBasis - 0.00882 (ms)
2026-07-10 21:22:22,890 [INFO] Pass: Depth - 0.00787 (ms)
2026-07-10 21:22:22,890 [INFO] Pass: FixedPoint - 0.00358 (ms)
2026-07-10 21:22:22,890 [INFO] Pass: Size - 0.00215 (ms)
2026-07-10 21:22:22,890 [INFO] Pass: FixedPoint - 0.00286 (ms)
2026-07-10 21:22:22,890 [INFO] Pass: ContainsInstruction - 0.00477 (ms)
2026-07-10 21:22:22,890 [INFO] Total Transpile Time - 93.63270 (ms)
2026-07-10 21:22:22,982 [INFO] Pass: ContainsInstruction - 0.00906 (ms)
2026-07-10 21:22:22,982 [INFO] Pass: UnitarySynthesis - 0.00668 (ms)
2026-07-10 21:22:22,982 [INFO] Pass: HighLevelSynthesis - 0.00596 (ms)
2026-07-10 21:22:22,982 [INFO] Pass: BasisTranslator - 0.05174 (ms)
2026-07-10 21:22:22,982 [INFO] Pass: ElidePermutations - 0.00429 (ms)
2026-07-10 21:22:22,982 [INFO] Pass: RemoveDiagonalGatesBeforeMeasure - 0.00620 (ms)
2026-07-10 21:22:22,982 [INFO] Pass: RemoveIdentityEquivalent - 0.00405 (ms)
2026-07-10 21:22:22,982 [INFO] Pass: InverseCancellation - 0.01264 (ms)
2026-07-10 21:22:22,982 [INFO] Pass: ContractIdleWiresInControlFlow - 0.00215 (ms)
2026-07-10 21:22:22,982 [INFO] Pass: CommutativeCancellation - 0.02456 (ms)
2026-07-10 21:22:22,982 [INFO] Pass: ConsolidateBlocks - 0.02956 (ms)
2026-07-10 21:22:22,982 [INFO] Pass: Split2QUnitaries - 0.00310 (ms)
2026-07-10 21:22:22,982 [INFO] Pass: UnitarySynthesis - 0.00501 (ms)
2026-07-10 21:22:22,982 [INFO] Pass: HighLevelSynthesis - 0.00930 (ms)
2026-07-10 21:22:22,982 [INFO] Pass: BasisTranslator - 0.05054 (ms)
2026-07-10 21:22:22,982 [INFO] Pass: ConsolidateBlocks - 0.04053 (ms)
2026-07-10 21:22:22,982 [INFO] Pass: UnitarySynthesis - 0.00453 (ms)
2026-07-10 21:22:22,982 [INFO] Pass: Depth - 0.00954 (ms)
2026-07-10 21:22:22,982 [INFO] Pass: FixedPoint - 0.00453 (ms)
2026-07-10 21:22:22,982 [INFO] Pass: Size - 0.00286 (ms)
2026-07-10 21:22:22,982 [INFO] Pass: FixedPoint - 0.00286 (ms)
2026-07-10 21:22:22,982 [INFO] Pass: RemoveIdentityEquivalent - 0.00381 (ms)
2026-07-10 21:22:22,983 [INFO] Pass: Optimize1qGatesDecomposition - 0.09155 (ms)
2026-07-10 21:22:22,983 [INFO] Pass: CommutativeCancellation - 0.04673 (ms)
2026-07-10 21:22:22,983 [INFO] Pass: ContractIdleWiresInControlFlow - 0.00215 (ms)
2026-07-10 21:22:22,983 [INFO] Pass: GatesInBasis - 0.00858 (ms)
2026-07-10 21:22:22,983 [INFO] Pass: Depth - 0.00834 (ms)
2026-07-10 21:22:22,983 [INFO] Pass: FixedPoint - 0.00334 (ms)
2026-07-10 21:22:22,983 [INFO] Pass: Size - 0.00191 (ms)
2026-07-10 21:22:22,983 [INFO] Pass: FixedPoint - 0.00286 (ms)
2026-07-10 21:22:22,983 [INFO] Pass: ContainsInstruction - 0.00453 (ms)
2026-07-10 21:22:22,983 [INFO] Total Transpile Time - 92.71073 (ms)
2026-07-10 21:22:23,074 [INFO] Pass: ContainsInstruction - 0.00906 (ms)
2026-07-10 21:22:23,074 [INFO] Pass: UnitarySynthesis - 0.00620 (ms)
2026-07-10 21:22:23,074 [INFO] Pass: HighLevelSynthesis - 0.00572 (ms)
2026-07-10 21:22:23,074 [INFO] Pass: BasisTranslator - 0.05174 (ms)
2026-07-10 21:22:23,075 [INFO] Pass: ElidePermutations - 0.00358 (ms)
2026-07-10 21:22:23,075 [INFO] Pass: RemoveDiagonalGatesBeforeMeasure - 0.00548 (ms)
2026-07-10 21:22:23,075 [INFO] Pass: RemoveIdentityEquivalent - 0.00381 (ms)
2026-07-10 21:22:23,075 [INFO] Pass: InverseCancellation - 0.01359 (ms)
2026-07-10 21:22:23,075 [INFO] Pass: ContractIdleWiresInControlFlow - 0.00215 (ms)
2026-07-10 21:22:23,075 [INFO] Pass: CommutativeCancellation - 0.02146 (ms)
2026-07-10 21:22:23,075 [INFO] Pass: ConsolidateBlocks - 0.02766 (ms)
2026-07-10 21:22:23,075 [INFO] Pass: Split2QUnitaries - 0.00262 (ms)
2026-07-10 21:22:23,075 [INFO] Pass: UnitarySynthesis - 0.00453 (ms)
2026-07-10 21:22:23,075 [INFO] Pass: HighLevelSynthesis - 0.00954 (ms)
2026-07-10 21:22:23,075 [INFO] Pass: BasisTranslator - 0.05221 (ms)
2026-07-10 21:22:23,075 [INFO] Pass: ConsolidateBlocks - 0.03910 (ms)
2026-07-10 21:22:23,075 [INFO] Pass: UnitarySynthesis - 0.00453 (ms)
2026-07-10 21:22:23,075 [INFO] Pass: Depth - 0.00978 (ms)
2026-07-10 21:22:23,075 [INFO] Pass: FixedPoint - 0.00453 (ms)
2026-07-10 21:22:23,075 [INFO] Pass: Size - 0.00262 (ms)
2026-07-10 21:22:23,075 [INFO] Pass: FixedPoint - 0.00262 (ms)
2026-07-10 21:22:23,075 [INFO] Pass: RemoveIdentityEquivalent - 0.00334 (ms)
2026-07-10 21:22:23,075 [INFO] Pass: Optimize1qGatesDecomposition - 0.09036 (ms)
2026-07-10 21:22:23,075 [INFO] Pass: CommutativeCancellation - 0.04244 (ms)
2026-07-10 21:22:23,075 [INFO] Pass: ContractIdleWiresInControlFlow - 0.00191 (ms)
2026-07-10 21:22:23,075 [INFO] Pass: GatesInBasis - 0.00811 (ms)
2026-07-10 21:22:23,075 [INFO] Pass: Depth - 0.00906 (ms)
2026-07-10 21:22:23,075 [INFO] Pass: FixedPoint - 0.00358 (ms)
2026-07-10 21:22:23,075 [INFO] Pass: Size - 0.00191 (ms)
2026-07-10 21:22:23,075 [INFO] Pass: FixedPoint - 0.00310 (ms)
2026-07-10 21:22:23,075 [INFO] Pass: RemoveIdentityEquivalent - 0.00358 (ms)
2026-07-10 21:22:23,076 [INFO] Pass: Optimize1qGatesDecomposition - 0.07772 (ms)
2026-07-10 21:22:23,076 [INFO] Pass: CommutativeCancellation - 0.03648 (ms)
2026-07-10 21:22:23,076 [INFO] Pass: ContractIdleWiresInControlFlow - 0.00191 (ms)
2026-07-10 21:22:23,076 [INFO] Pass: GatesInBasis - 0.00644 (ms)
2026-07-10 21:22:23,076 [INFO] Pass: Depth - 0.00763 (ms)
2026-07-10 21:22:23,076 [INFO] Pass: FixedPoint - 0.00310 (ms)
2026-07-10 21:22:23,076 [INFO] Pass: Size - 0.00191 (ms)
2026-07-10 21:22:23,076 [INFO] Pass: FixedPoint - 0.00286 (ms)
2026-07-10 21:22:23,076 [INFO] Pass: ContainsInstruction - 0.00477 (ms)
2026-07-10 21:22:23,076 [INFO] Total Transpile Time - 92.58461 (ms)
2026-07-10 21:22:35,429 [INFO] [PCE] n=25 instancia 27/100 completada en 0:00:00:13 — transcurrido=0:00:06:05 restante_estimado=0:00:16:26
2026-07-10 21:22:35,524 [INFO] Pass: ContainsInstruction - 0.01144 (ms)
2026-07-10 21:22:35,524 [INFO] Pass: UnitarySynthesis - 0.00644 (ms)
2026-07-10 21:22:35,524 [INFO] Pass: HighLevelSynthesis - 0.00644 (ms)
2026-07-10 21:22:35,524 [INFO] Pass: BasisTranslator - 0.06747 (ms)
2026-07-10 21:22:35,524 [INFO] Pass: ElidePermutations - 0.00548 (ms)
2026-07-10 21:22:35,524 [INFO] Pass: RemoveDiagonalGatesBeforeMeasure - 0.00763 (ms)
2026-07-10 21:22:35,524 [INFO] Pass: RemoveIdentityEquivalent - 0.00310 (ms)
2026-07-10 21:22:35,524 [INFO] Pass: InverseCancellation - 0.00548 (ms)
2026-07-10 21:22:35,524 [INFO] Pass: ContractIdleWiresInControlFlow - 0.00191 (ms)
2026-07-10 21:22:35,524 [INFO] Pass: CommutativeCancellation - 0.02217 (ms)
2026-07-10 21:22:35,525 [INFO] Pass: ConsolidateBlocks - 0.03386 (ms)
2026-07-10 21:22:35,525 [INFO] Pass: Split2QUnitaries - 0.00286 (ms)
2026-07-10 21:22:35,525 [INFO] Pass: UnitarySynthesis - 0.00477 (ms)
2026-07-10 21:22:35,525 [INFO] Pass: HighLevelSynthesis - 0.00930 (ms)
2026-07-10 21:22:35,525 [INFO] Pass: BasisTranslator - 0.05364 (ms)
2026-07-10 21:22:35,525 [INFO] Pass: ConsolidateBlocks - 0.04053 (ms)
2026-07-10 21:22:35,525 [INFO] Pass: UnitarySynthesis - 0.00381 (ms)
2026-07-10 21:22:35,525 [INFO] Pass: Depth - 0.01001 (ms)
2026-07-10 21:22:35,525 [INFO] Pass: FixedPoint - 0.00501 (ms)
2026-07-10 21:22:35,525 [INFO] Pass: Size - 0.00381 (ms)
2026-07-10 21:22:35,525 [INFO] Pass: FixedPoint - 0.00310 (ms)
2026-07-10 21:22:35,525 [INFO] Pass: RemoveIdentityEquivalent - 0.00310 (ms)
2026-07-10 21:22:35,525 [INFO] Pass: Optimize1qGatesDecomposition - 0.02956 (ms)
2026-07-10 21:22:35,525 [INFO] Pass: CommutativeCancellation - 0.04292 (ms)
2026-07-10 21:22:35,525 [INFO] Pass: ContractIdleWiresInControlFlow - 0.00191 (ms)
2026-07-10 21:22:35,525 [INFO] Pass: GatesInBasis - 0.00834 (ms)
2026-07-10 21:22:35,525 [INFO] Pass: Depth - 0.00787 (ms)
2026-07-10 21:22:35,525 [INFO] Pass: FixedPoint - 0.00334 (ms)
2026-07-10 21:22:35,525 [INFO] Pass: Size - 0.00167 (ms)
2026-07-10 21:22:35,525 [INFO] Pass: FixedPoint - 0.00286 (ms)
2026-07-10 21:22:35,525 [INFO] Pass: ContainsInstruction - 0.00501 (ms)
2026-07-10 21:22:35,525 [INFO] Total Transpile Time - 94.79260 (ms)
2026-07-10 21:22:35,618 [INFO] Pass: ContainsInstruction - 0.01192 (ms)
2026-07-10 21:22:35,618 [INFO] Pass: UnitarySynthesis - 0.00620 (ms)
2026-07-10 21:22:35,618 [INFO] Pass: HighLevelSynthesis - 0.00668 (ms)
2026-07-10 21:22:35,618 [INFO] Pass: BasisTranslator - 0.06580 (ms)
2026-07-10 21:22:35,618 [INFO] Pass: ElidePermutations - 0.00501 (ms)
2026-07-10 21:22:35,618 [INFO] Pass: RemoveDiagonalGatesBeforeMeasure - 0.00787 (ms)
2026-07-10 21:22:35,618 [INFO] Pass: RemoveIdentityEquivalent - 0.00501 (ms)
2026-07-10 21:22:35,618 [INFO] Pass: InverseCancellation - 0.01454 (ms)
2026-07-10 21:22:35,618 [INFO] Pass: ContractIdleWiresInControlFlow - 0.00238 (ms)
2026-07-10 21:22:35,618 [INFO] Pass: CommutativeCancellation - 0.02837 (ms)
2026-07-10 21:22:35,618 [INFO] Pass: ConsolidateBlocks - 0.03552 (ms)
2026-07-10 21:22:35,618 [INFO] Pass: Split2QUnitaries - 0.00334 (ms)
2026-07-10 21:22:35,618 [INFO] Pass: UnitarySynthesis - 0.00453 (ms)
2026-07-10 21:22:35,618 [INFO] Pass: HighLevelSynthesis - 0.00978 (ms)
2026-07-10 21:22:35,618 [INFO] Pass: BasisTranslator - 0.06247 (ms)
2026-07-10 21:22:35,618 [INFO] Pass: ConsolidateBlocks - 0.04530 (ms)
2026-07-10 21:22:35,618 [INFO] Pass: UnitarySynthesis - 0.00429 (ms)
2026-07-10 21:22:35,618 [INFO] Pass: Depth - 0.01001 (ms)
2026-07-10 21:22:35,618 [INFO] Pass: FixedPoint - 0.00525 (ms)
2026-07-10 21:22:35,618 [INFO] Pass: Size - 0.00358 (ms)
2026-07-10 21:22:35,618 [INFO] Pass: FixedPoint - 0.00286 (ms)
2026-07-10 21:22:35,618 [INFO] Pass: RemoveIdentityEquivalent - 0.00405 (ms)
2026-07-10 21:22:35,619 [INFO] Pass: Optimize1qGatesDecomposition - 0.09894 (ms)
2026-07-10 21:22:35,619 [INFO] Pass: CommutativeCancellation - 0.05317 (ms)
2026-07-10 21:22:35,619 [INFO] Pass: ContractIdleWiresInControlFlow - 0.00191 (ms)
2026-07-10 21:22:35,619 [INFO] Pass: GatesInBasis - 0.00930 (ms)
2026-07-10 21:22:35,619 [INFO] Pass: Depth - 0.00882 (ms)
2026-07-10 21:22:35,619 [INFO] Pass: FixedPoint - 0.00334 (ms)
2026-07-10 21:22:35,619 [INFO] Pass: Size - 0.00215 (ms)
2026-07-10 21:22:35,619 [INFO] Pass: FixedPoint - 0.00286 (ms)
2026-07-10 21:22:35,619 [INFO] Pass: ContainsInstruction - 0.00501 (ms)
2026-07-10 21:22:35,619 [INFO] Total Transpile Time - 93.22643 (ms)
2026-07-10 21:22:35,714 [INFO] Pass: ContainsInstruction - 0.01216 (ms)
2026-07-10 21:22:35,714 [INFO] Pass: UnitarySynthesis - 0.00691 (ms)
2026-07-10 21:22:35,714 [INFO] Pass: HighLevelSynthesis - 0.00668 (ms)
2026-07-10 21:22:35,714 [INFO] Pass: BasisTranslator - 0.06366 (ms)
2026-07-10 21:22:35,714 [INFO] Pass: ElidePermutations - 0.00477 (ms)
2026-07-10 21:22:35,714 [INFO] Pass: RemoveDiagonalGatesBeforeMeasure - 0.00787 (ms)
2026-07-10 21:22:35,714 [INFO] Pass: RemoveIdentityEquivalent - 0.00644 (ms)
2026-07-10 21:22:35,714 [INFO] Pass: InverseCancellation - 0.01407 (ms)
2026-07-10 21:22:35,714 [INFO] Pass: ContractIdleWiresInControlFlow - 0.00310 (ms)
2026-07-10 21:22:35,714 [INFO] Pass: CommutativeCancellation - 0.02861 (ms)
2026-07-10 21:22:35,714 [INFO] Pass: ConsolidateBlocks - 0.03505 (ms)
2026-07-10 21:22:35,714 [INFO] Pass: Split2QUnitaries - 0.00334 (ms)
2026-07-10 21:22:35,714 [INFO] Pass: UnitarySynthesis - 0.00525 (ms)
2026-07-10 21:22:35,714 [INFO] Pass: HighLevelSynthesis - 0.01240 (ms)
2026-07-10 21:22:35,714 [INFO] Pass: BasisTranslator - 0.05841 (ms)
2026-07-10 21:22:35,714 [INFO] Pass: ConsolidateBlocks - 0.04387 (ms)
2026-07-10 21:22:35,714 [INFO] Pass: UnitarySynthesis - 0.00477 (ms)
2026-07-10 21:22:35,715 [INFO] Pass: Depth - 0.01073 (ms)
2026-07-10 21:22:35,715 [INFO] Pass: FixedPoint - 0.00477 (ms)
2026-07-10 21:22:35,715 [INFO] Pass: Size - 0.00358 (ms)
2026-07-10 21:22:35,715 [INFO] Pass: FixedPoint - 0.00286 (ms)
2026-07-10 21:22:35,715 [INFO] Pass: RemoveIdentityEquivalent - 0.00405 (ms)
2026-07-10 21:22:35,715 [INFO] Pass: Optimize1qGatesDecomposition - 0.10324 (ms)
2026-07-10 21:22:35,715 [INFO] Pass: CommutativeCancellation - 0.04959 (ms)
2026-07-10 21:22:35,715 [INFO] Pass: ContractIdleWiresInControlFlow - 0.00191 (ms)
2026-07-10 21:22:35,715 [INFO] Pass: GatesInBasis - 0.00978 (ms)
2026-07-10 21:22:35,715 [INFO] Pass: Depth - 0.00930 (ms)
2026-07-10 21:22:35,715 [INFO] Pass: FixedPoint - 0.00358 (ms)
2026-07-10 21:22:35,715 [INFO] Pass: Size - 0.00215 (ms)
2026-07-10 21:22:35,715 [INFO] Pass: FixedPoint - 0.00286 (ms)
2026-07-10 21:22:35,715 [INFO] Pass: RemoveIdentityEquivalent - 0.00381 (ms)
2026-07-10 21:22:35,715 [INFO] Pass: Optimize1qGatesDecomposition - 0.08106 (ms)
2026-07-10 21:22:35,715 [INFO] Pass: CommutativeCancellation - 0.04029 (ms)
2026-07-10 21:22:35,715 [INFO] Pass: ContractIdleWiresInControlFlow - 0.00143 (ms)
2026-07-10 21:22:35,715 [INFO] Pass: GatesInBasis - 0.01431 (ms)
2026-07-10 21:22:35,715 [INFO] Pass: Depth - 0.00834 (ms)
2026-07-10 21:22:35,715 [INFO] Pass: FixedPoint - 0.00286 (ms)
2026-07-10 21:22:35,715 [INFO] Pass: Size - 0.00191 (ms)
2026-07-10 21:22:35,715 [INFO] Pass: FixedPoint - 0.00286 (ms)
2026-07-10 21:22:35,715 [INFO] Pass: ContainsInstruction - 0.00596 (ms)
2026-07-10 21:22:35,716 [INFO] Total Transpile Time - 96.00449 (ms)
2026-07-10 21:22:50,341 [INFO] [PCE] n=25 instancia 28/100 completada en 0:00:00:15 — transcurrido=0:00:06:19 restante_estimado=0:00:16:16
2026-07-10 21:22:50,437 [INFO] Pass: ContainsInstruction - 0.01073 (ms)
2026-07-10 21:22:50,437 [INFO] Pass: UnitarySynthesis - 0.00644 (ms)
2026-07-10 21:22:50,437 [INFO] Pass: HighLevelSynthesis - 0.00668 (ms)
2026-07-10 21:22:50,437 [INFO] Pass: BasisTranslator - 0.06032 (ms)
2026-07-10 21:22:50,437 [INFO] Pass: ElidePermutations - 0.00596 (ms)
2026-07-10 21:22:50,437 [INFO] Pass: RemoveDiagonalGatesBeforeMeasure - 0.00739 (ms)
2026-07-10 21:22:50,437 [INFO] Pass: RemoveIdentityEquivalent - 0.00310 (ms)
2026-07-10 21:22:50,437 [INFO] Pass: InverseCancellation - 0.00525 (ms)
2026-07-10 21:22:50,437 [INFO] Pass: ContractIdleWiresInControlFlow - 0.00215 (ms)
2026-07-10 21:22:50,437 [INFO] Pass: CommutativeCancellation - 0.02241 (ms)
2026-07-10 21:22:50,437 [INFO] Pass: ConsolidateBlocks - 0.03290 (ms)
2026-07-10 21:22:50,437 [INFO] Pass: Split2QUnitaries - 0.00358 (ms)
2026-07-10 21:22:50,437 [INFO] Pass: UnitarySynthesis - 0.00453 (ms)
2026-07-10 21:22:50,437 [INFO] Pass: HighLevelSynthesis - 0.00858 (ms)
2026-07-10 21:22:50,437 [INFO] Pass: BasisTranslator - 0.05555 (ms)
2026-07-10 21:22:50,437 [INFO] Pass: ConsolidateBlocks - 0.04220 (ms)
2026-07-10 21:22:50,437 [INFO] Pass: UnitarySynthesis - 0.00429 (ms)
2026-07-10 21:22:50,437 [INFO] Pass: Depth - 0.01049 (ms)
2026-07-10 21:22:50,437 [INFO] Pass: FixedPoint - 0.00453 (ms)
2026-07-10 21:22:50,437 [INFO] Pass: Size - 0.00405 (ms)
2026-07-10 21:22:50,438 [INFO] Pass: FixedPoint - 0.00286 (ms)
2026-07-10 21:22:50,438 [INFO] Pass: RemoveIdentityEquivalent - 0.00262 (ms)
2026-07-10 21:22:50,438 [INFO] Pass: Optimize1qGatesDecomposition - 0.02718 (ms)
2026-07-10 21:22:50,438 [INFO] Pass: CommutativeCancellation - 0.04220 (ms)
2026-07-10 21:22:50,438 [INFO] Pass: ContractIdleWiresInControlFlow - 0.00191 (ms)
2026-07-10 21:22:50,438 [INFO] Pass: GatesInBasis - 0.00858 (ms)
2026-07-10 21:22:50,438 [INFO] Pass: Depth - 0.00763 (ms)
2026-07-10 21:22:50,438 [INFO] Pass: FixedPoint - 0.00358 (ms)
2026-07-10 21:22:50,438 [INFO] Pass: Size - 0.00167 (ms)
2026-07-10 21:22:50,438 [INFO] Pass: FixedPoint - 0.00262 (ms)
2026-07-10 21:22:50,438 [INFO] Pass: ContainsInstruction - 0.00453 (ms)
2026-07-10 21:22:50,438 [INFO] Total Transpile Time - 95.07465 (ms)
2026-07-10 21:22:50,530 [INFO] Pass: ContainsInstruction - 0.01001 (ms)
2026-07-10 21:22:50,530 [INFO] Pass: UnitarySynthesis - 0.00620 (ms)
2026-07-10 21:22:50,530 [INFO] Pass: HighLevelSynthesis - 0.00548 (ms)
2026-07-10 21:22:50,530 [INFO] Pass: BasisTranslator - 0.05484 (ms)
2026-07-10 21:22:50,530 [INFO] Pass: ElidePermutations - 0.00381 (ms)
2026-07-10 21:22:50,530 [INFO] Pass: RemoveDiagonalGatesBeforeMeasure - 0.00620 (ms)
2026-07-10 21:22:50,531 [INFO] Pass: RemoveIdentityEquivalent - 0.00405 (ms)
2026-07-10 21:22:50,531 [INFO] Pass: InverseCancellation - 0.01264 (ms)
2026-07-10 21:22:50,531 [INFO] Pass: ContractIdleWiresInControlFlow - 0.00215 (ms)
2026-07-10 21:22:50,531 [INFO] Pass: CommutativeCancellation - 0.02670 (ms)
2026-07-10 21:22:50,531 [INFO] Pass: ConsolidateBlocks - 0.02933 (ms)
2026-07-10 21:22:50,531 [INFO] Pass: Split2QUnitaries - 0.00310 (ms)
2026-07-10 21:22:50,531 [INFO] Pass: UnitarySynthesis - 0.00477 (ms)
2026-07-10 21:22:50,531 [INFO] Pass: HighLevelSynthesis - 0.00882 (ms)
2026-07-10 21:22:50,531 [INFO] Pass: BasisTranslator - 0.05174 (ms)
2026-07-10 21:22:50,531 [INFO] Pass: ConsolidateBlocks - 0.03958 (ms)
2026-07-10 21:22:50,531 [INFO] Pass: UnitarySynthesis - 0.00429 (ms)
2026-07-10 21:22:50,531 [INFO] Pass: Depth - 0.00906 (ms)
2026-07-10 21:22:50,531 [INFO] Pass: FixedPoint - 0.00429 (ms)
2026-07-10 21:22:50,531 [INFO] Pass: Size - 0.00310 (ms)
2026-07-10 21:22:50,531 [INFO] Pass: FixedPoint - 0.00286 (ms)
2026-07-10 21:22:50,531 [INFO] Pass: RemoveIdentityEquivalent - 0.00310 (ms)
2026-07-10 21:22:50,531 [INFO] Pass: Optimize1qGatesDecomposition - 0.08845 (ms)
2026-07-10 21:22:50,531 [INFO] Pass: CommutativeCancellation - 0.05651 (ms)
2026-07-10 21:22:50,531 [INFO] Pass: ContractIdleWiresInControlFlow - 0.00191 (ms)
2026-07-10 21:22:50,531 [INFO] Pass: GatesInBasis - 0.00858 (ms)
2026-07-10 21:22:50,531 [INFO] Pass: Depth - 0.00978 (ms)
2026-07-10 21:22:50,531 [INFO] Pass: FixedPoint - 0.00358 (ms)
2026-07-10 21:22:50,531 [INFO] Pass: Size - 0.00238 (ms)
2026-07-10 21:22:50,531 [INFO] Pass: FixedPoint - 0.00310 (ms)
2026-07-10 21:22:50,531 [INFO] Pass: ContainsInstruction - 0.00501 (ms)
2026-07-10 21:22:50,532 [INFO] Total Transpile Time - 93.17708 (ms)
2026-07-10 21:22:50,625 [INFO] Pass: ContainsInstruction - 0.00930 (ms)
2026-07-10 21:22:50,625 [INFO] Pass: UnitarySynthesis - 0.00620 (ms)
2026-07-10 21:22:50,625 [INFO] Pass: HighLevelSynthesis - 0.00501 (ms)
2026-07-10 21:22:50,625 [INFO] Pass: BasisTranslator - 0.05317 (ms)
2026-07-10 21:22:50,625 [INFO] Pass: ElidePermutations - 0.00334 (ms)
2026-07-10 21:22:50,625 [INFO] Pass: RemoveDiagonalGatesBeforeMeasure - 0.00525 (ms)
2026-07-10 21:22:50,625 [INFO] Pass: RemoveIdentityEquivalent - 0.00405 (ms)
2026-07-10 21:22:50,625 [INFO] Pass: InverseCancellation - 0.01192 (ms)
2026-07-10 21:22:50,625 [INFO] Pass: ContractIdleWiresInControlFlow - 0.00215 (ms)
2026-07-10 21:22:50,625 [INFO] Pass: CommutativeCancellation - 0.02384 (ms)
2026-07-10 21:22:50,625 [INFO] Pass: ConsolidateBlocks - 0.02789 (ms)
2026-07-10 21:22:50,625 [INFO] Pass: Split2QUnitaries - 0.00262 (ms)
2026-07-10 21:22:50,625 [INFO] Pass: UnitarySynthesis - 0.00501 (ms)
2026-07-10 21:22:50,625 [INFO] Pass: HighLevelSynthesis - 0.01001 (ms)
2026-07-10 21:22:50,625 [INFO] Pass: BasisTranslator - 0.05317 (ms)
2026-07-10 21:22:50,625 [INFO] Pass: ConsolidateBlocks - 0.04148 (ms)
2026-07-10 21:22:50,625 [INFO] Pass: UnitarySynthesis - 0.00453 (ms)
2026-07-10 21:22:50,625 [INFO] Pass: Depth - 0.00978 (ms)
2026-07-10 21:22:50,625 [INFO] Pass: FixedPoint - 0.00429 (ms)
2026-07-10 21:22:50,625 [INFO] Pass: Size - 0.00310 (ms)
2026-07-10 21:22:50,626 [INFO] Pass: FixedPoint - 0.00286 (ms)
2026-07-10 21:22:50,626 [INFO] Pass: RemoveIdentityEquivalent - 0.00381 (ms)
2026-07-10 21:22:50,626 [INFO] Pass: Optimize1qGatesDecomposition - 0.09036 (ms)
2026-07-10 21:22:50,626 [INFO] Pass: CommutativeCancellation - 0.04268 (ms)
2026-07-10 21:22:50,626 [INFO] Pass: ContractIdleWiresInControlFlow - 0.00215 (ms)
2026-07-10 21:22:50,626 [INFO] Pass: GatesInBasis - 0.00811 (ms)
2026-07-10 21:22:50,626 [INFO] Pass: Depth - 0.00906 (ms)
2026-07-10 21:22:50,626 [INFO] Pass: FixedPoint - 0.00334 (ms)
2026-07-10 21:22:50,626 [INFO] Pass: Size - 0.00191 (ms)
2026-07-10 21:22:50,626 [INFO] Pass: FixedPoint - 0.00334 (ms)
2026-07-10 21:22:50,626 [INFO] Pass: RemoveIdentityEquivalent - 0.00358 (ms)
2026-07-10 21:22:50,626 [INFO] Pass: Optimize1qGatesDecomposition - 0.07629 (ms)
2026-07-10 21:22:50,626 [INFO] Pass: CommutativeCancellation - 0.03719 (ms)
2026-07-10 21:22:50,626 [INFO] Pass: ContractIdleWiresInControlFlow - 0.00167 (ms)
2026-07-10 21:22:50,626 [INFO] Pass: GatesInBasis - 0.00668 (ms)
2026-07-10 21:22:50,626 [INFO] Pass: Depth - 0.00763 (ms)
2026-07-10 21:22:50,626 [INFO] Pass: FixedPoint - 0.00334 (ms)
2026-07-10 21:22:50,626 [INFO] Pass: Size - 0.00191 (ms)
2026-07-10 21:22:50,626 [INFO] Pass: FixedPoint - 0.00286 (ms)
2026-07-10 21:22:50,626 [INFO] Pass: ContainsInstruction - 0.00525 (ms)
2026-07-10 21:22:50,626 [INFO] Total Transpile Time - 94.44714 (ms)
2026-07-10 21:23:04,628 [INFO] [PCE] n=25 instancia 29/100 completada en 0:00:00:14 — transcurrido=0:00:06:34 restante_estimado=0:00:16:04
2026-07-10 21:23:04,723 [INFO] Pass: ContainsInstruction - 0.01144 (ms)
2026-07-10 21:23:04,724 [INFO] Pass: UnitarySynthesis - 0.00691 (ms)
2026-07-10 21:23:04,724 [INFO] Pass: HighLevelSynthesis - 0.00596 (ms)
2026-07-10 21:23:04,724 [INFO] Pass: BasisTranslator - 0.05794 (ms)
2026-07-10 21:23:04,724 [INFO] Pass: ElidePermutations - 0.00525 (ms)
2026-07-10 21:23:04,724 [INFO] Pass: RemoveDiagonalGatesBeforeMeasure - 0.00811 (ms)
2026-07-10 21:23:04,724 [INFO] Pass: RemoveIdentityEquivalent - 0.00358 (ms)
2026-07-10 21:23:04,724 [INFO] Pass: InverseCancellation - 0.00525 (ms)
2026-07-10 21:23:04,724 [INFO] Pass: ContractIdleWiresInControlFlow - 0.00191 (ms)
2026-07-10 21:23:04,724 [INFO] Pass: CommutativeCancellation - 0.02432 (ms)
2026-07-10 21:23:04,724 [INFO] Pass: ConsolidateBlocks - 0.03362 (ms)
2026-07-10 21:23:04,724 [INFO] Pass: Split2QUnitaries - 0.00310 (ms)
2026-07-10 21:23:04,724 [INFO] Pass: UnitarySynthesis - 0.00453 (ms)
2026-07-10 21:23:04,724 [INFO] Pass: HighLevelSynthesis - 0.00906 (ms)
2026-07-10 21:23:04,724 [INFO] Pass: BasisTranslator - 0.05126 (ms)
2026-07-10 21:23:04,724 [INFO] Pass: ConsolidateBlocks - 0.04148 (ms)
2026-07-10 21:23:04,724 [INFO] Pass: UnitarySynthesis - 0.00453 (ms)
2026-07-10 21:23:04,724 [INFO] Pass: Depth - 0.01025 (ms)
2026-07-10 21:23:04,724 [INFO] Pass: FixedPoint - 0.00501 (ms)
2026-07-10 21:23:04,724 [INFO] Pass: Size - 0.00310 (ms)
2026-07-10 21:23:04,724 [INFO] Pass: FixedPoint - 0.00262 (ms)
2026-07-10 21:23:04,724 [INFO] Pass: RemoveIdentityEquivalent - 0.00238 (ms)
2026-07-10 21:23:04,724 [INFO] Pass: Optimize1qGatesDecomposition - 0.02813 (ms)
2026-07-10 21:23:04,724 [INFO] Pass: CommutativeCancellation - 0.04411 (ms)
2026-07-10 21:23:04,724 [INFO] Pass: ContractIdleWiresInControlFlow - 0.00191 (ms)
2026-07-10 21:23:04,724 [INFO] Pass: GatesInBasis - 0.00834 (ms)
2026-07-10 21:23:04,725 [INFO] Pass: Depth - 0.00906 (ms)
2026-07-10 21:23:04,725 [INFO] Pass: FixedPoint - 0.00334 (ms)
2026-07-10 21:23:04,725 [INFO] Pass: Size - 0.00238 (ms)
2026-07-10 21:23:04,725 [INFO] Pass: FixedPoint - 0.00286 (ms)
2026-07-10 21:23:04,725 [INFO] Pass: ContainsInstruction - 0.00501 (ms)
2026-07-10 21:23:04,725 [INFO] Total Transpile Time - 95.16859 (ms)
2026-07-10 21:23:04,817 [INFO] Pass: ContainsInstruction - 0.00906 (ms)
2026-07-10 21:23:04,817 [INFO] Pass: UnitarySynthesis - 0.00644 (ms)
2026-07-10 21:23:04,817 [INFO] Pass: HighLevelSynthesis - 0.00620 (ms)
2026-07-10 21:23:04,817 [INFO] Pass: BasisTranslator - 0.05507 (ms)
2026-07-10 21:23:04,817 [INFO] Pass: ElidePermutations - 0.00358 (ms)
2026-07-10 21:23:04,817 [INFO] Pass: RemoveDiagonalGatesBeforeMeasure - 0.00644 (ms)
2026-07-10 21:23:04,817 [INFO] Pass: RemoveIdentityEquivalent - 0.00429 (ms)
2026-07-10 21:23:04,817 [INFO] Pass: InverseCancellation - 0.01240 (ms)
2026-07-10 21:23:04,817 [INFO] Pass: ContractIdleWiresInControlFlow - 0.00167 (ms)
2026-07-10 21:23:04,817 [INFO] Pass: CommutativeCancellation - 0.03552 (ms)
2026-07-10 21:23:04,817 [INFO] Pass: ConsolidateBlocks - 0.03099 (ms)
2026-07-10 21:23:04,817 [INFO] Pass: Split2QUnitaries - 0.00262 (ms)
2026-07-10 21:23:04,817 [INFO] Pass: UnitarySynthesis - 0.00453 (ms)
2026-07-10 21:23:04,817 [INFO] Pass: HighLevelSynthesis - 0.00930 (ms)
2026-07-10 21:23:04,817 [INFO] Pass: BasisTranslator - 0.05341 (ms)
2026-07-10 21:23:04,818 [INFO] Pass: ConsolidateBlocks - 0.04101 (ms)
2026-07-10 21:23:04,818 [INFO] Pass: UnitarySynthesis - 0.00453 (ms)
2026-07-10 21:23:04,818 [INFO] Pass: Depth - 0.00930 (ms)
2026-07-10 21:23:04,818 [INFO] Pass: FixedPoint - 0.00453 (ms)
2026-07-10 21:23:04,818 [INFO] Pass: Size - 0.00286 (ms)
2026-07-10 21:23:04,818 [INFO] Pass: FixedPoint - 0.00262 (ms)
2026-07-10 21:23:04,818 [INFO] Pass: RemoveIdentityEquivalent - 0.00358 (ms)
2026-07-10 21:23:04,818 [INFO] Pass: Optimize1qGatesDecomposition - 0.09227 (ms)
2026-07-10 21:23:04,818 [INFO] Pass: CommutativeCancellation - 0.04816 (ms)
2026-07-10 21:23:04,818 [INFO] Pass: ContractIdleWiresInControlFlow - 0.00167 (ms)
2026-07-10 21:23:04,818 [INFO] Pass: GatesInBasis - 0.00834 (ms)
2026-07-10 21:23:04,818 [INFO] Pass: Depth - 0.00811 (ms)
2026-07-10 21:23:04,818 [INFO] Pass: FixedPoint - 0.00358 (ms)
2026-07-10 21:23:04,818 [INFO] Pass: Size - 0.00215 (ms)
2026-07-10 21:23:04,818 [INFO] Pass: FixedPoint - 0.00286 (ms)
2026-07-10 21:23:04,818 [INFO] Pass: ContainsInstruction - 0.00477 (ms)
2026-07-10 21:23:04,818 [INFO] Total Transpile Time - 93.03808 (ms)
2026-07-10 21:23:04,911 [INFO] Pass: ContainsInstruction - 0.00906 (ms)
2026-07-10 21:23:04,911 [INFO] Pass: UnitarySynthesis - 0.00596 (ms)
2026-07-10 21:23:04,911 [INFO] Pass: HighLevelSynthesis - 0.00525 (ms)
2026-07-10 21:23:04,912 [INFO] Pass: BasisTranslator - 0.05388 (ms)
2026-07-10 21:23:04,912 [INFO] Pass: ElidePermutations - 0.00358 (ms)
2026-07-10 21:23:04,912 [INFO] Pass: RemoveDiagonalGatesBeforeMeasure - 0.00572 (ms)
2026-07-10 21:23:04,912 [INFO] Pass: RemoveIdentityEquivalent - 0.00477 (ms)
2026-07-10 21:23:04,912 [INFO] Pass: InverseCancellation - 0.01240 (ms)
2026-07-10 21:23:04,912 [INFO] Pass: ContractIdleWiresInControlFlow - 0.00167 (ms)
2026-07-10 21:23:04,912 [INFO] Pass: CommutativeCancellation - 0.02408 (ms)
2026-07-10 21:23:04,912 [INFO] Pass: ConsolidateBlocks - 0.02933 (ms)
2026-07-10 21:23:04,912 [INFO] Pass: Split2QUnitaries - 0.00238 (ms)
2026-07-10 21:23:04,912 [INFO] Pass: UnitarySynthesis - 0.00525 (ms)
2026-07-10 21:23:04,912 [INFO] Pass: HighLevelSynthesis - 0.01001 (ms)
2026-07-10 21:23:04,912 [INFO] Pass: BasisTranslator - 0.05317 (ms)
2026-07-10 21:23:04,912 [INFO] Pass: ConsolidateBlocks - 0.04053 (ms)
2026-07-10 21:23:04,912 [INFO] Pass: UnitarySynthesis - 0.00453 (ms)
2026-07-10 21:23:04,912 [INFO] Pass: Depth - 0.00978 (ms)
2026-07-10 21:23:04,912 [INFO] Pass: FixedPoint - 0.00453 (ms)
2026-07-10 21:23:04,912 [INFO] Pass: Size - 0.00310 (ms)
2026-07-10 21:23:04,912 [INFO] Pass: FixedPoint - 0.00286 (ms)
2026-07-10 21:23:04,912 [INFO] Pass: RemoveIdentityEquivalent - 0.00358 (ms)
2026-07-10 21:23:04,912 [INFO] Pass: Optimize1qGatesDecomposition - 0.10085 (ms)
2026-07-10 21:23:04,912 [INFO] Pass: CommutativeCancellation - 0.04458 (ms)
2026-07-10 21:23:04,912 [INFO] Pass: ContractIdleWiresInControlFlow - 0.00191 (ms)
2026-07-10 21:23:04,912 [INFO] Pass: GatesInBasis - 0.00811 (ms)
2026-07-10 21:23:04,912 [INFO] Pass: Depth - 0.00930 (ms)
2026-07-10 21:23:04,913 [INFO] Pass: FixedPoint - 0.00381 (ms)
2026-07-10 21:23:04,913 [INFO] Pass: Size - 0.00191 (ms)
2026-07-10 21:23:04,913 [INFO] Pass: FixedPoint - 0.00286 (ms)
2026-07-10 21:23:04,913 [INFO] Pass: RemoveIdentityEquivalent - 0.00334 (ms)
2026-07-10 21:23:04,913 [INFO] Pass: Optimize1qGatesDecomposition - 0.07772 (ms)
2026-07-10 21:23:04,913 [INFO] Pass: CommutativeCancellation - 0.03719 (ms)
2026-07-10 21:23:04,913 [INFO] Pass: ContractIdleWiresInControlFlow - 0.00191 (ms)
2026-07-10 21:23:04,913 [INFO] Pass: GatesInBasis - 0.00668 (ms)
2026-07-10 21:23:04,913 [INFO] Pass: Depth - 0.00763 (ms)
2026-07-10 21:23:04,913 [INFO] Pass: FixedPoint - 0.00334 (ms)
2026-07-10 21:23:04,913 [INFO] Pass: Size - 0.00191 (ms)
2026-07-10 21:23:04,913 [INFO] Pass: FixedPoint - 0.00238 (ms)
2026-07-10 21:23:04,913 [INFO] Pass: ContainsInstruction - 0.00525 (ms)
2026-07-10 21:23:04,913 [INFO] Total Transpile Time - 94.45190 (ms)
2026-07-10 21:23:18,023 [INFO] [PCE] n=25 instancia 30/100 completada en 0:00:00:13 — transcurrido=0:00:06:47 restante_estimado=0:00:15:50
2026-07-10 21:23:18,119 [INFO] Pass: ContainsInstruction - 0.01144 (ms)
2026-07-10 21:23:18,119 [INFO] Pass: UnitarySynthesis - 0.00691 (ms)
2026-07-10 21:23:18,119 [INFO] Pass: HighLevelSynthesis - 0.00596 (ms)
2026-07-10 21:23:18,119 [INFO] Pass: BasisTranslator - 0.05960 (ms)
2026-07-10 21:23:18,119 [INFO] Pass: ElidePermutations - 0.00572 (ms)
2026-07-10 21:23:18,119 [INFO] Pass: RemoveDiagonalGatesBeforeMeasure - 0.00739 (ms)
2026-07-10 21:23:18,119 [INFO] Pass: RemoveIdentityEquivalent - 0.00334 (ms)
2026-07-10 21:23:18,119 [INFO] Pass: InverseCancellation - 0.00548 (ms)
2026-07-10 21:23:18,119 [INFO] Pass: ContractIdleWiresInControlFlow - 0.00215 (ms)
2026-07-10 21:23:18,119 [INFO] Pass: CommutativeCancellation - 0.02217 (ms)
2026-07-10 21:23:18,119 [INFO] Pass: ConsolidateBlocks - 0.03219 (ms)
2026-07-10 21:23:18,119 [INFO] Pass: Split2QUnitaries - 0.00358 (ms)
2026-07-10 21:23:18,119 [INFO] Pass: UnitarySynthesis - 0.00477 (ms)
2026-07-10 21:23:18,119 [INFO] Pass: HighLevelSynthesis - 0.00906 (ms)
2026-07-10 21:23:18,119 [INFO] Pass: BasisTranslator - 0.05364 (ms)
2026-07-10 21:23:18,119 [INFO] Pass: ConsolidateBlocks - 0.04077 (ms)
2026-07-10 21:23:18,119 [INFO] Pass: UnitarySynthesis - 0.01001 (ms)
2026-07-10 21:23:18,119 [INFO] Pass: Depth - 0.01073 (ms)
2026-07-10 21:23:18,119 [INFO] Pass: FixedPoint - 0.00453 (ms)
2026-07-10 21:23:18,119 [INFO] Pass: Size - 0.00334 (ms)
2026-07-10 21:23:18,119 [INFO] Pass: FixedPoint - 0.00286 (ms)
2026-07-10 21:23:18,119 [INFO] Pass: RemoveIdentityEquivalent - 0.00286 (ms)
2026-07-10 21:23:18,119 [INFO] Pass: Optimize1qGatesDecomposition - 0.02956 (ms)
2026-07-10 21:23:18,120 [INFO] Pass: CommutativeCancellation - 0.04411 (ms)
2026-07-10 21:23:18,120 [INFO] Pass: ContractIdleWiresInControlFlow - 0.00215 (ms)
2026-07-10 21:23:18,120 [INFO] Pass: GatesInBasis - 0.00882 (ms)
2026-07-10 21:23:18,120 [INFO] Pass: Depth - 0.00715 (ms)
2026-07-10 21:23:18,120 [INFO] Pass: FixedPoint - 0.00358 (ms)
2026-07-10 21:23:18,120 [INFO] Pass: Size - 0.00215 (ms)
2026-07-10 21:23:18,120 [INFO] Pass: FixedPoint - 0.00286 (ms)
2026-07-10 21:23:18,120 [INFO] Pass: ContainsInstruction - 0.00501 (ms)
2026-07-10 21:23:18,120 [INFO] Total Transpile Time - 94.78021 (ms)
2026-07-10 21:23:18,210 [INFO] Pass: ContainsInstruction - 0.00978 (ms)
2026-07-10 21:23:18,211 [INFO] Pass: UnitarySynthesis - 0.00644 (ms)
2026-07-10 21:23:18,211 [INFO] Pass: HighLevelSynthesis - 0.00572 (ms)
2026-07-10 21:23:18,211 [INFO] Pass: BasisTranslator - 0.05674 (ms)
2026-07-10 21:23:18,211 [INFO] Pass: ElidePermutations - 0.00405 (ms)
2026-07-10 21:23:18,211 [INFO] Pass: RemoveDiagonalGatesBeforeMeasure - 0.00620 (ms)
2026-07-10 21:23:18,211 [INFO] Pass: RemoveIdentityEquivalent - 0.00381 (ms)
2026-07-10 21:23:18,211 [INFO] Pass: InverseCancellation - 0.01359 (ms)
2026-07-10 21:23:18,211 [INFO] Pass: ContractIdleWiresInControlFlow - 0.00191 (ms)
2026-07-10 21:23:18,211 [INFO] Pass: CommutativeCancellation - 0.02623 (ms)
2026-07-10 21:23:18,211 [INFO] Pass: ConsolidateBlocks - 0.02885 (ms)
2026-07-10 21:23:18,211 [INFO] Pass: Split2QUnitaries - 0.00310 (ms)
2026-07-10 21:23:18,211 [INFO] Pass: UnitarySynthesis - 0.00477 (ms)
2026-07-10 21:23:18,211 [INFO] Pass: HighLevelSynthesis - 0.00882 (ms)
2026-07-10 21:23:18,211 [INFO] Pass: BasisTranslator - 0.05388 (ms)
2026-07-10 21:23:18,211 [INFO] Pass: ConsolidateBlocks - 0.04125 (ms)
2026-07-10 21:23:18,211 [INFO] Pass: UnitarySynthesis - 0.00405 (ms)
2026-07-10 21:23:18,211 [INFO] Pass: Depth - 0.01001 (ms)
2026-07-10 21:23:18,211 [INFO] Pass: FixedPoint - 0.00429 (ms)
2026-07-10 21:23:18,211 [INFO] Pass: Size - 0.00358 (ms)
2026-07-10 21:23:18,211 [INFO] Pass: FixedPoint - 0.00286 (ms)
2026-07-10 21:23:18,211 [INFO] Pass: RemoveIdentityEquivalent - 0.00310 (ms)
2026-07-10 21:23:18,211 [INFO] Pass: Optimize1qGatesDecomposition - 0.09060 (ms)
2026-07-10 21:23:18,212 [INFO] Pass: CommutativeCancellation - 0.04864 (ms)
2026-07-10 21:23:18,212 [INFO] Pass: ContractIdleWiresInControlFlow - 0.00167 (ms)
2026-07-10 21:23:18,212 [INFO] Pass: GatesInBasis - 0.00882 (ms)
2026-07-10 21:23:18,212 [INFO] Pass: Depth - 0.00834 (ms)
2026-07-10 21:23:18,212 [INFO] Pass: FixedPoint - 0.00358 (ms)
2026-07-10 21:23:18,212 [INFO] Pass: Size - 0.00191 (ms)
2026-07-10 21:23:18,212 [INFO] Pass: FixedPoint - 0.00286 (ms)
2026-07-10 21:23:18,212 [INFO] Pass: ContainsInstruction - 0.00501 (ms)
2026-07-10 21:23:18,212 [INFO] Total Transpile Time - 91.60352 (ms)
2026-07-10 21:23:18,303 [INFO] Pass: ContainsInstruction - 0.00882 (ms)
2026-07-10 21:23:18,303 [INFO] Pass: UnitarySynthesis - 0.00596 (ms)
2026-07-10 21:23:18,303 [INFO] Pass: HighLevelSynthesis - 0.00525 (ms)
2026-07-10 21:23:18,303 [INFO] Pass: BasisTranslator - 0.05317 (ms)
2026-07-10 21:23:18,303 [INFO] Pass: ElidePermutations - 0.00381 (ms)
2026-07-10 21:23:18,303 [INFO] Pass: RemoveDiagonalGatesBeforeMeasure - 0.00525 (ms)
2026-07-10 21:23:18,303 [INFO] Pass: RemoveIdentityEquivalent - 0.00405 (ms)
2026-07-10 21:23:18,304 [INFO] Pass: InverseCancellation - 0.01240 (ms)
2026-07-10 21:23:18,304 [INFO] Pass: ContractIdleWiresInControlFlow - 0.00215 (ms)
2026-07-10 21:23:18,304 [INFO] Pass: CommutativeCancellation - 0.02289 (ms)
2026-07-10 21:23:18,304 [INFO] Pass: ConsolidateBlocks - 0.02813 (ms)
2026-07-10 21:23:18,304 [INFO] Pass: Split2QUnitaries - 0.00286 (ms)
2026-07-10 21:23:18,304 [INFO] Pass: UnitarySynthesis - 0.00477 (ms)
2026-07-10 21:23:18,304 [INFO] Pass: HighLevelSynthesis - 0.00978 (ms)
2026-07-10 21:23:18,304 [INFO] Pass: BasisTranslator - 0.05293 (ms)
2026-07-10 21:23:18,304 [INFO] Pass: ConsolidateBlocks - 0.04101 (ms)
2026-07-10 21:23:18,304 [INFO] Pass: UnitarySynthesis - 0.00453 (ms)
2026-07-10 21:23:18,304 [INFO] Pass: Depth - 0.00954 (ms)
2026-07-10 21:23:18,304 [INFO] Pass: FixedPoint - 0.00405 (ms)
2026-07-10 21:23:18,304 [INFO] Pass: Size - 0.00310 (ms)
2026-07-10 21:23:18,304 [INFO] Pass: FixedPoint - 0.00310 (ms)
2026-07-10 21:23:18,304 [INFO] Pass: RemoveIdentityEquivalent - 0.00358 (ms)
2026-07-10 21:23:18,304 [INFO] Pass: Optimize1qGatesDecomposition - 0.09251 (ms)
2026-07-10 21:23:18,304 [INFO] Pass: CommutativeCancellation - 0.04315 (ms)
2026-07-10 21:23:18,304 [INFO] Pass: ContractIdleWiresInControlFlow - 0.00215 (ms)
2026-07-10 21:23:18,304 [INFO] Pass: GatesInBasis - 0.00858 (ms)
2026-07-10 21:23:18,304 [INFO] Pass: Depth - 0.00954 (ms)
2026-07-10 21:23:18,304 [INFO] Pass: FixedPoint - 0.00381 (ms)
2026-07-10 21:23:18,304 [INFO] Pass: Size - 0.00167 (ms)
2026-07-10 21:23:18,304 [INFO] Pass: FixedPoint - 0.00262 (ms)
2026-07-10 21:23:18,304 [INFO] Pass: RemoveIdentityEquivalent - 0.00358 (ms)
2026-07-10 21:23:18,305 [INFO] Pass: Optimize1qGatesDecomposition - 0.07915 (ms)
2026-07-10 21:23:18,305 [INFO] Pass: CommutativeCancellation - 0.03886 (ms)
2026-07-10 21:23:18,305 [INFO] Pass: ContractIdleWiresInControlFlow - 0.00191 (ms)
2026-07-10 21:23:18,305 [INFO] Pass: GatesInBasis - 0.00691 (ms)
2026-07-10 21:23:18,305 [INFO] Pass: Depth - 0.00787 (ms)
2026-07-10 21:23:18,305 [INFO] Pass: FixedPoint - 0.00334 (ms)
2026-07-10 21:23:18,305 [INFO] Pass: Size - 0.00191 (ms)
2026-07-10 21:23:18,305 [INFO] Pass: FixedPoint - 0.00286 (ms)
2026-07-10 21:23:18,305 [INFO] Pass: ContainsInstruction - 0.00525 (ms)
2026-07-10 21:23:18,305 [INFO] Total Transpile Time - 92.72027 (ms)
2026-07-10 21:23:31,481 [INFO] [PCE] n=25 instancia 31/100 completada en 0:00:00:13 — transcurrido=0:00:07:01 restante_estimado=0:00:15:36
2026-07-10 21:23:31,575 [INFO] Pass: ContainsInstruction - 0.01073 (ms)
2026-07-10 21:23:31,575 [INFO] Pass: UnitarySynthesis - 0.00644 (ms)
2026-07-10 21:23:31,575 [INFO] Pass: HighLevelSynthesis - 0.00644 (ms)
2026-07-10 21:23:31,575 [INFO] Pass: BasisTranslator - 0.05984 (ms)
2026-07-10 21:23:31,575 [INFO] Pass: ElidePermutations - 0.00501 (ms)
2026-07-10 21:23:31,575 [INFO] Pass: RemoveDiagonalGatesBeforeMeasure - 0.00763 (ms)
2026-07-10 21:23:31,575 [INFO] Pass: RemoveIdentityEquivalent - 0.00358 (ms)
2026-07-10 21:23:31,575 [INFO] Pass: InverseCancellation - 0.00525 (ms)
2026-07-10 21:23:31,575 [INFO] Pass: ContractIdleWiresInControlFlow - 0.00215 (ms)
2026-07-10 21:23:31,576 [INFO] Pass: CommutativeCancellation - 0.02241 (ms)
2026-07-10 21:23:31,576 [INFO] Pass: ConsolidateBlocks - 0.03219 (ms)
2026-07-10 21:23:31,576 [INFO] Pass: Split2QUnitaries - 0.00334 (ms)
2026-07-10 21:23:31,576 [INFO] Pass: UnitarySynthesis - 0.00477 (ms)
2026-07-10 21:23:31,576 [INFO] Pass: HighLevelSynthesis - 0.00978 (ms)
2026-07-10 21:23:31,576 [INFO] Pass: BasisTranslator - 0.05364 (ms)
2026-07-10 21:23:31,576 [INFO] Pass: ConsolidateBlocks - 0.04196 (ms)
2026-07-10 21:23:31,576 [INFO] Pass: UnitarySynthesis - 0.00429 (ms)
2026-07-10 21:23:31,576 [INFO] Pass: Depth - 0.01073 (ms)
2026-07-10 21:23:31,576 [INFO] Pass: FixedPoint - 0.00477 (ms)
2026-07-10 21:23:31,576 [INFO] Pass: Size - 0.00310 (ms)
2026-07-10 21:23:31,576 [INFO] Pass: FixedPoint - 0.00286 (ms)
2026-07-10 21:23:31,576 [INFO] Pass: RemoveIdentityEquivalent - 0.00215 (ms)
2026-07-10 21:23:31,576 [INFO] Pass: Optimize1qGatesDecomposition - 0.02789 (ms)
2026-07-10 21:23:31,576 [INFO] Pass: CommutativeCancellation - 0.04148 (ms)
2026-07-10 21:23:31,576 [INFO] Pass: ContractIdleWiresInControlFlow - 0.00191 (ms)
2026-07-10 21:23:31,576 [INFO] Pass: GatesInBasis - 0.00882 (ms)
2026-07-10 21:23:31,576 [INFO] Pass: Depth - 0.00811 (ms)
2026-07-10 21:23:31,576 [INFO] Pass: FixedPoint - 0.00334 (ms)
2026-07-10 21:23:31,576 [INFO] Pass: Size - 0.00167 (ms)
2026-07-10 21:23:31,576 [INFO] Pass: FixedPoint - 0.00286 (ms)
2026-07-10 21:23:31,576 [INFO] Pass: ContainsInstruction - 0.00453 (ms)
2026-07-10 21:23:31,576 [INFO] Total Transpile Time - 93.68873 (ms)
2026-07-10 21:23:31,668 [INFO] Pass: ContainsInstruction - 0.00954 (ms)
2026-07-10 21:23:31,668 [INFO] Pass: UnitarySynthesis - 0.00620 (ms)
2026-07-10 21:23:31,668 [INFO] Pass: HighLevelSynthesis - 0.00548 (ms)
2026-07-10 21:23:31,668 [INFO] Pass: BasisTranslator - 0.05460 (ms)
2026-07-10 21:23:31,668 [INFO] Pass: ElidePermutations - 0.00429 (ms)
2026-07-10 21:23:31,668 [INFO] Pass: RemoveDiagonalGatesBeforeMeasure - 0.00596 (ms)
2026-07-10 21:23:31,668 [INFO] Pass: RemoveIdentityEquivalent - 0.00429 (ms)
2026-07-10 21:23:31,668 [INFO] Pass: InverseCancellation - 0.01311 (ms)
2026-07-10 21:23:31,668 [INFO] Pass: ContractIdleWiresInControlFlow - 0.00215 (ms)
2026-07-10 21:23:31,668 [INFO] Pass: CommutativeCancellation - 0.02670 (ms)
2026-07-10 21:23:31,668 [INFO] Pass: ConsolidateBlocks - 0.02956 (ms)
2026-07-10 21:23:31,668 [INFO] Pass: Split2QUnitaries - 0.00286 (ms)
2026-07-10 21:23:31,668 [INFO] Pass: UnitarySynthesis - 0.00477 (ms)
2026-07-10 21:23:31,668 [INFO] Pass: HighLevelSynthesis - 0.00906 (ms)
2026-07-10 21:23:31,668 [INFO] Pass: BasisTranslator - 0.06080 (ms)
2026-07-10 21:23:31,668 [INFO] Pass: ConsolidateBlocks - 0.04244 (ms)
2026-07-10 21:23:31,668 [INFO] Pass: UnitarySynthesis - 0.00453 (ms)
2026-07-10 21:23:31,668 [INFO] Pass: Depth - 0.00978 (ms)
2026-07-10 21:23:31,668 [INFO] Pass: FixedPoint - 0.00429 (ms)
2026-07-10 21:23:31,668 [INFO] Pass: Size - 0.00262 (ms)
2026-07-10 21:23:31,668 [INFO] Pass: FixedPoint - 0.00286 (ms)
2026-07-10 21:23:31,668 [INFO] Pass: RemoveIdentityEquivalent - 0.00334 (ms)
2026-07-10 21:23:31,669 [INFO] Pass: Optimize1qGatesDecomposition - 0.09060 (ms)
2026-07-10 21:23:31,669 [INFO] Pass: CommutativeCancellation - 0.04768 (ms)
2026-07-10 21:23:31,669 [INFO] Pass: ContractIdleWiresInControlFlow - 0.00191 (ms)
2026-07-10 21:23:31,669 [INFO] Pass: GatesInBasis - 0.00811 (ms)
2026-07-10 21:23:31,669 [INFO] Pass: Depth - 0.00834 (ms)
2026-07-10 21:23:31,669 [INFO] Pass: FixedPoint - 0.00381 (ms)
2026-07-10 21:23:31,669 [INFO] Pass: Size - 0.00215 (ms)
2026-07-10 21:23:31,669 [INFO] Pass: FixedPoint - 0.00286 (ms)
2026-07-10 21:23:31,669 [INFO] Pass: ContainsInstruction - 0.00477 (ms)
2026-07-10 21:23:31,669 [INFO] Total Transpile Time - 92.17906 (ms)
2026-07-10 21:23:31,761 [INFO] Pass: ContainsInstruction - 0.00954 (ms)
2026-07-10 21:23:31,761 [INFO] Pass: UnitarySynthesis - 0.00620 (ms)
2026-07-10 21:23:31,761 [INFO] Pass: HighLevelSynthesis - 0.00572 (ms)
2026-07-10 21:23:31,761 [INFO] Pass: BasisTranslator - 0.05245 (ms)
2026-07-10 21:23:31,761 [INFO] Pass: ElidePermutations - 0.00358 (ms)
2026-07-10 21:23:31,761 [INFO] Pass: RemoveDiagonalGatesBeforeMeasure - 0.00501 (ms)
2026-07-10 21:23:31,761 [INFO] Pass: RemoveIdentityEquivalent - 0.00453 (ms)
2026-07-10 21:23:31,761 [INFO] Pass: InverseCancellation - 0.01168 (ms)
2026-07-10 21:23:31,761 [INFO] Pass: ContractIdleWiresInControlFlow - 0.00215 (ms)
2026-07-10 21:23:31,761 [INFO] Pass: CommutativeCancellation - 0.02408 (ms)
2026-07-10 21:23:31,761 [INFO] Pass: ConsolidateBlocks - 0.02766 (ms)
2026-07-10 21:23:31,761 [INFO] Pass: Split2QUnitaries - 0.00286 (ms)
2026-07-10 21:23:31,761 [INFO] Pass: UnitarySynthesis - 0.00477 (ms)
2026-07-10 21:23:31,761 [INFO] Pass: HighLevelSynthesis - 0.00978 (ms)
2026-07-10 21:23:31,761 [INFO] Pass: BasisTranslator - 0.05198 (ms)
2026-07-10 21:23:31,761 [INFO] Pass: ConsolidateBlocks - 0.04196 (ms)
2026-07-10 21:23:31,761 [INFO] Pass: UnitarySynthesis - 0.00477 (ms)
2026-07-10 21:23:31,761 [INFO] Pass: Depth - 0.00978 (ms)
2026-07-10 21:23:31,761 [INFO] Pass: FixedPoint - 0.00453 (ms)
2026-07-10 21:23:31,761 [INFO] Pass: Size - 0.00334 (ms)
2026-07-10 21:23:31,761 [INFO] Pass: FixedPoint - 0.00286 (ms)
2026-07-10 21:23:31,761 [INFO] Pass: RemoveIdentityEquivalent - 0.00381 (ms)
2026-07-10 21:23:31,762 [INFO] Pass: Optimize1qGatesDecomposition - 0.09155 (ms)
2026-07-10 21:23:31,762 [INFO] Pass: CommutativeCancellation - 0.04435 (ms)
2026-07-10 21:23:31,762 [INFO] Pass: ContractIdleWiresInControlFlow - 0.00191 (ms)
2026-07-10 21:23:31,762 [INFO] Pass: GatesInBasis - 0.00763 (ms)
2026-07-10 21:23:31,762 [INFO] Pass: Depth - 0.00978 (ms)
2026-07-10 21:23:31,762 [INFO] Pass: FixedPoint - 0.00358 (ms)
2026-07-10 21:23:31,762 [INFO] Pass: Size - 0.00215 (ms)
2026-07-10 21:23:31,762 [INFO] Pass: FixedPoint - 0.00286 (ms)
2026-07-10 21:23:31,762 [INFO] Pass: RemoveIdentityEquivalent - 0.00358 (ms)
2026-07-10 21:23:31,762 [INFO] Pass: Optimize1qGatesDecomposition - 0.07725 (ms)
2026-07-10 21:23:31,762 [INFO] Pass: CommutativeCancellation - 0.03743 (ms)
2026-07-10 21:23:31,762 [INFO] Pass: ContractIdleWiresInControlFlow - 0.00191 (ms)
2026-07-10 21:23:31,762 [INFO] Pass: GatesInBasis - 0.00668 (ms)
2026-07-10 21:23:31,762 [INFO] Pass: Depth - 0.00811 (ms)
2026-07-10 21:23:31,762 [INFO] Pass: FixedPoint - 0.00334 (ms)
2026-07-10 21:23:31,762 [INFO] Pass: Size - 0.00215 (ms)
2026-07-10 21:23:31,762 [INFO] Pass: FixedPoint - 0.00262 (ms)
2026-07-10 21:23:31,762 [INFO] Pass: ContainsInstruction - 0.00525 (ms)
2026-07-10 21:23:31,762 [INFO] Total Transpile Time - 92.92912 (ms)
2026-07-10 21:23:44,965 [INFO] [PCE] n=25 instancia 32/100 completada en 0:00:00:13 — transcurrido=0:00:07:14 restante_estimado=0:00:15:22
2026-07-10 21:23:45,059 [INFO] Pass: ContainsInstruction - 0.01049 (ms)
2026-07-10 21:23:45,059 [INFO] Pass: UnitarySynthesis - 0.00691 (ms)
2026-07-10 21:23:45,059 [INFO] Pass: HighLevelSynthesis - 0.00596 (ms)
2026-07-10 21:23:45,059 [INFO] Pass: BasisTranslator - 0.05817 (ms)
2026-07-10 21:23:45,059 [INFO] Pass: ElidePermutations - 0.00525 (ms)
2026-07-10 21:23:45,059 [INFO] Pass: RemoveDiagonalGatesBeforeMeasure - 0.00811 (ms)
2026-07-10 21:23:45,059 [INFO] Pass: RemoveIdentityEquivalent - 0.00334 (ms)
2026-07-10 21:23:45,059 [INFO] Pass: InverseCancellation - 0.00477 (ms)
2026-07-10 21:23:45,059 [INFO] Pass: ContractIdleWiresInControlFlow - 0.00215 (ms)
2026-07-10 21:23:45,060 [INFO] Pass: CommutativeCancellation - 0.02241 (ms)
2026-07-10 21:23:45,060 [INFO] Pass: ConsolidateBlocks - 0.03314 (ms)
2026-07-10 21:23:45,060 [INFO] Pass: Split2QUnitaries - 0.00358 (ms)
2026-07-10 21:23:45,060 [INFO] Pass: UnitarySynthesis - 0.00453 (ms)
2026-07-10 21:23:45,060 [INFO] Pass: HighLevelSynthesis - 0.00882 (ms)
2026-07-10 21:23:45,060 [INFO] Pass: BasisTranslator - 0.05412 (ms)
2026-07-10 21:23:45,060 [INFO] Pass: ConsolidateBlocks - 0.04077 (ms)
2026-07-10 21:23:45,060 [INFO] Pass: UnitarySynthesis - 0.00405 (ms)
2026-07-10 21:23:45,060 [INFO] Pass: Depth - 0.01073 (ms)
2026-07-10 21:23:45,060 [INFO] Pass: FixedPoint - 0.00453 (ms)
2026-07-10 21:23:45,060 [INFO] Pass: Size - 0.00334 (ms)
2026-07-10 21:23:45,060 [INFO] Pass: FixedPoint - 0.00310 (ms)
2026-07-10 21:23:45,060 [INFO] Pass: RemoveIdentityEquivalent - 0.00262 (ms)
2026-07-10 21:23:45,060 [INFO] Pass: Optimize1qGatesDecomposition - 0.02742 (ms)
2026-07-10 21:23:45,060 [INFO] Pass: CommutativeCancellation - 0.04411 (ms)
2026-07-10 21:23:45,060 [INFO] Pass: ContractIdleWiresInControlFlow - 0.00191 (ms)
2026-07-10 21:23:45,060 [INFO] Pass: GatesInBasis - 0.00906 (ms)
2026-07-10 21:23:45,060 [INFO] Pass: Depth - 0.00811 (ms)
2026-07-10 21:23:45,060 [INFO] Pass: FixedPoint - 0.00334 (ms)
2026-07-10 21:23:45,060 [INFO] Pass: Size - 0.00238 (ms)
2026-07-10 21:23:45,060 [INFO] Pass: FixedPoint - 0.00238 (ms)
2026-07-10 21:23:45,060 [INFO] Pass: ContainsInstruction - 0.00453 (ms)
2026-07-10 21:23:45,060 [INFO] Total Transpile Time - 94.23232 (ms)
2026-07-10 21:23:45,151 [INFO] Pass: ContainsInstruction - 0.01025 (ms)
2026-07-10 21:23:45,151 [INFO] Pass: UnitarySynthesis - 0.00620 (ms)
2026-07-10 21:23:45,151 [INFO] Pass: HighLevelSynthesis - 0.00572 (ms)
2026-07-10 21:23:45,151 [INFO] Pass: BasisTranslator - 0.05531 (ms)
2026-07-10 21:23:45,151 [INFO] Pass: ElidePermutations - 0.00429 (ms)
2026-07-10 21:23:45,151 [INFO] Pass: RemoveDiagonalGatesBeforeMeasure - 0.00596 (ms)
2026-07-10 21:23:45,151 [INFO] Pass: RemoveIdentityEquivalent - 0.00381 (ms)
2026-07-10 21:23:45,152 [INFO] Pass: InverseCancellation - 0.01359 (ms)
2026-07-10 21:23:45,152 [INFO] Pass: ContractIdleWiresInControlFlow - 0.00191 (ms)
2026-07-10 21:23:45,152 [INFO] Pass: CommutativeCancellation - 0.02551 (ms)
2026-07-10 21:23:45,152 [INFO] Pass: ConsolidateBlocks - 0.02980 (ms)
2026-07-10 21:23:45,152 [INFO] Pass: Split2QUnitaries - 0.00334 (ms)
2026-07-10 21:23:45,152 [INFO] Pass: UnitarySynthesis - 0.00453 (ms)
2026-07-10 21:23:45,152 [INFO] Pass: HighLevelSynthesis - 0.00906 (ms)
2026-07-10 21:23:45,152 [INFO] Pass: BasisTranslator - 0.05126 (ms)
2026-07-10 21:23:45,152 [INFO] Pass: ConsolidateBlocks - 0.03958 (ms)
2026-07-10 21:23:45,152 [INFO] Pass: UnitarySynthesis - 0.00405 (ms)
2026-07-10 21:23:45,152 [INFO] Pass: Depth - 0.01049 (ms)
2026-07-10 21:23:45,152 [INFO] Pass: FixedPoint - 0.00429 (ms)
2026-07-10 21:23:45,152 [INFO] Pass: Size - 0.00310 (ms)
2026-07-10 21:23:45,152 [INFO] Pass: FixedPoint - 0.00286 (ms)
2026-07-10 21:23:45,152 [INFO] Pass: RemoveIdentityEquivalent - 0.00310 (ms)
2026-07-10 21:23:45,152 [INFO] Pass: Optimize1qGatesDecomposition - 0.09012 (ms)
2026-07-10 21:23:45,152 [INFO] Pass: CommutativeCancellation - 0.04864 (ms)
2026-07-10 21:23:45,152 [INFO] Pass: ContractIdleWiresInControlFlow - 0.00215 (ms)
2026-07-10 21:23:45,152 [INFO] Pass: GatesInBasis - 0.00858 (ms)
2026-07-10 21:23:45,152 [INFO] Pass: Depth - 0.00858 (ms)
2026-07-10 21:23:45,152 [INFO] Pass: FixedPoint - 0.00405 (ms)
2026-07-10 21:23:45,152 [INFO] Pass: Size - 0.00238 (ms)
2026-07-10 21:23:45,152 [INFO] Pass: FixedPoint - 0.00262 (ms)
2026-07-10 21:23:45,152 [INFO] Pass: ContainsInstruction - 0.00477 (ms)
2026-07-10 21:23:45,153 [INFO] Total Transpile Time - 91.73155 (ms)
2026-07-10 21:23:45,244 [INFO] Pass: ContainsInstruction - 0.00978 (ms)
2026-07-10 21:23:45,244 [INFO] Pass: UnitarySynthesis - 0.00644 (ms)
2026-07-10 21:23:45,244 [INFO] Pass: HighLevelSynthesis - 0.00525 (ms)
2026-07-10 21:23:45,244 [INFO] Pass: BasisTranslator - 0.05460 (ms)
2026-07-10 21:23:45,244 [INFO] Pass: ElidePermutations - 0.00358 (ms)
2026-07-10 21:23:45,244 [INFO] Pass: RemoveDiagonalGatesBeforeMeasure - 0.00525 (ms)
2026-07-10 21:23:45,244 [INFO] Pass: RemoveIdentityEquivalent - 0.00429 (ms)
2026-07-10 21:23:45,244 [INFO] Pass: InverseCancellation - 0.01216 (ms)
2026-07-10 21:23:45,244 [INFO] Pass: ContractIdleWiresInControlFlow - 0.00167 (ms)
2026-07-10 21:23:45,244 [INFO] Pass: CommutativeCancellation - 0.02384 (ms)
2026-07-10 21:23:45,244 [INFO] Pass: ConsolidateBlocks - 0.02861 (ms)
2026-07-10 21:23:45,244 [INFO] Pass: Split2QUnitaries - 0.00262 (ms)
2026-07-10 21:23:45,244 [INFO] Pass: UnitarySynthesis - 0.00525 (ms)
2026-07-10 21:23:45,244 [INFO] Pass: HighLevelSynthesis - 0.00978 (ms)
2026-07-10 21:23:45,244 [INFO] Pass: BasisTranslator - 0.05341 (ms)
2026-07-10 21:23:45,245 [INFO] Pass: ConsolidateBlocks - 0.04172 (ms)
2026-07-10 21:23:45,245 [INFO] Pass: UnitarySynthesis - 0.00429 (ms)
2026-07-10 21:23:45,245 [INFO] Pass: Depth - 0.01001 (ms)
2026-07-10 21:23:45,245 [INFO] Pass: FixedPoint - 0.00453 (ms)
2026-07-10 21:23:45,245 [INFO] Pass: Size - 0.00286 (ms)
2026-07-10 21:23:45,245 [INFO] Pass: FixedPoint - 0.00286 (ms)
2026-07-10 21:23:45,245 [INFO] Pass: RemoveIdentityEquivalent - 0.00358 (ms)
2026-07-10 21:23:45,245 [INFO] Pass: Optimize1qGatesDecomposition - 0.09608 (ms)
2026-07-10 21:23:45,245 [INFO] Pass: CommutativeCancellation - 0.04315 (ms)
2026-07-10 21:23:45,245 [INFO] Pass: ContractIdleWiresInControlFlow - 0.00215 (ms)
2026-07-10 21:23:45,245 [INFO] Pass: GatesInBasis - 0.00811 (ms)
2026-07-10 21:23:45,245 [INFO] Pass: Depth - 0.00954 (ms)
2026-07-10 21:23:45,245 [INFO] Pass: FixedPoint - 0.00358 (ms)
2026-07-10 21:23:45,245 [INFO] Pass: Size - 0.00215 (ms)
2026-07-10 21:23:45,245 [INFO] Pass: FixedPoint - 0.00262 (ms)
2026-07-10 21:23:45,245 [INFO] Pass: RemoveIdentityEquivalent - 0.00310 (ms)
2026-07-10 21:23:45,245 [INFO] Pass: Optimize1qGatesDecomposition - 0.07892 (ms)
2026-07-10 21:23:45,245 [INFO] Pass: CommutativeCancellation - 0.03743 (ms)
2026-07-10 21:23:45,245 [INFO] Pass: ContractIdleWiresInControlFlow - 0.00167 (ms)
2026-07-10 21:23:45,245 [INFO] Pass: GatesInBasis - 0.00668 (ms)
2026-07-10 21:23:45,245 [INFO] Pass: Depth - 0.00811 (ms)
2026-07-10 21:23:45,245 [INFO] Pass: FixedPoint - 0.00310 (ms)
2026-07-10 21:23:45,245 [INFO] Pass: Size - 0.00191 (ms)
2026-07-10 21:23:45,245 [INFO] Pass: FixedPoint - 0.00286 (ms)
2026-07-10 21:23:45,245 [INFO] Pass: ContainsInstruction - 0.00501 (ms)
2026-07-10 21:23:45,246 [INFO] Total Transpile Time - 92.63277 (ms)
2026-07-10 21:23:58,383 [INFO] [PCE] n=25 instancia 33/100 completada en 0:00:00:13 — transcurrido=0:00:07:28 restante_estimado=0:00:15:09
2026-07-10 21:23:58,478 [INFO] Pass: ContainsInstruction - 0.01216 (ms)
2026-07-10 21:23:58,478 [INFO] Pass: UnitarySynthesis - 0.00644 (ms)
2026-07-10 21:23:58,478 [INFO] Pass: HighLevelSynthesis - 0.00691 (ms)
2026-07-10 21:23:58,478 [INFO] Pass: BasisTranslator - 0.06032 (ms)
2026-07-10 21:23:58,478 [INFO] Pass: ElidePermutations - 0.00525 (ms)
2026-07-10 21:23:58,478 [INFO] Pass: RemoveDiagonalGatesBeforeMeasure - 0.00763 (ms)
2026-07-10 21:23:58,478 [INFO] Pass: RemoveIdentityEquivalent - 0.00310 (ms)
2026-07-10 21:23:58,478 [INFO] Pass: InverseCancellation - 0.00501 (ms)
2026-07-10 21:23:58,478 [INFO] Pass: ContractIdleWiresInControlFlow - 0.00191 (ms)
2026-07-10 21:23:58,478 [INFO] Pass: CommutativeCancellation - 0.02313 (ms)
2026-07-10 21:23:58,478 [INFO] Pass: ConsolidateBlocks - 0.03362 (ms)
2026-07-10 21:23:58,478 [INFO] Pass: Split2QUnitaries - 0.00310 (ms)
2026-07-10 21:23:58,478 [INFO] Pass: UnitarySynthesis - 0.00477 (ms)
2026-07-10 21:23:58,478 [INFO] Pass: HighLevelSynthesis - 0.00882 (ms)
2026-07-10 21:23:58,478 [INFO] Pass: BasisTranslator - 0.05627 (ms)
2026-07-10 21:23:58,478 [INFO] Pass: ConsolidateBlocks - 0.04387 (ms)
2026-07-10 21:23:58,478 [INFO] Pass: UnitarySynthesis - 0.00405 (ms)
2026-07-10 21:23:58,478 [INFO] Pass: Depth - 0.01049 (ms)
2026-07-10 21:23:58,478 [INFO] Pass: FixedPoint - 0.00453 (ms)
2026-07-10 21:23:58,479 [INFO] Pass: Size - 0.00381 (ms)
2026-07-10 21:23:58,479 [INFO] Pass: FixedPoint - 0.00262 (ms)
2026-07-10 21:23:58,479 [INFO] Pass: RemoveIdentityEquivalent - 0.00262 (ms)
2026-07-10 21:23:58,479 [INFO] Pass: Optimize1qGatesDecomposition - 0.02742 (ms)
2026-07-10 21:23:58,479 [INFO] Pass: CommutativeCancellation - 0.04196 (ms)
2026-07-10 21:23:58,479 [INFO] Pass: ContractIdleWiresInControlFlow - 0.00191 (ms)
2026-07-10 21:23:58,479 [INFO] Pass: GatesInBasis - 0.00930 (ms)
2026-07-10 21:23:58,479 [INFO] Pass: Depth - 0.00739 (ms)
2026-07-10 21:23:58,479 [INFO] Pass: FixedPoint - 0.00286 (ms)
2026-07-10 21:23:58,479 [INFO] Pass: Size - 0.00191 (ms)
2026-07-10 21:23:58,479 [INFO] Pass: FixedPoint - 0.00286 (ms)
2026-07-10 21:23:58,479 [INFO] Pass: ContainsInstruction - 0.00477 (ms)
2026-07-10 21:23:58,479 [INFO] Total Transpile Time - 94.16294 (ms)
2026-07-10 21:23:58,570 [INFO] Pass: ContainsInstruction - 0.01049 (ms)
2026-07-10 21:23:58,570 [INFO] Pass: UnitarySynthesis - 0.00596 (ms)
2026-07-10 21:23:58,570 [INFO] Pass: HighLevelSynthesis - 0.00596 (ms)
2026-07-10 21:23:58,570 [INFO] Pass: BasisTranslator - 0.05555 (ms)
2026-07-10 21:23:58,570 [INFO] Pass: ElidePermutations - 0.00477 (ms)
2026-07-10 21:23:58,570 [INFO] Pass: RemoveDiagonalGatesBeforeMeasure - 0.00668 (ms)
2026-07-10 21:23:58,570 [INFO] Pass: RemoveIdentityEquivalent - 0.00405 (ms)
2026-07-10 21:23:58,570 [INFO] Pass: InverseCancellation - 0.01311 (ms)
2026-07-10 21:23:58,570 [INFO] Pass: ContractIdleWiresInControlFlow - 0.00191 (ms)
2026-07-10 21:23:58,571 [INFO] Pass: CommutativeCancellation - 0.02670 (ms)
2026-07-10 21:23:58,571 [INFO] Pass: ConsolidateBlocks - 0.03099 (ms)
2026-07-10 21:23:58,571 [INFO] Pass: Split2QUnitaries - 0.00310 (ms)
2026-07-10 21:23:58,571 [INFO] Pass: UnitarySynthesis - 0.00477 (ms)
2026-07-10 21:23:58,571 [INFO] Pass: HighLevelSynthesis - 0.00954 (ms)
2026-07-10 21:23:58,571 [INFO] Pass: BasisTranslator - 0.05317 (ms)
2026-07-10 21:23:58,571 [INFO] Pass: ConsolidateBlocks - 0.04029 (ms)
2026-07-10 21:23:58,571 [INFO] Pass: UnitarySynthesis - 0.00453 (ms)
2026-07-10 21:23:58,571 [INFO] Pass: Depth - 0.01001 (ms)
2026-07-10 21:23:58,571 [INFO] Pass: FixedPoint - 0.00405 (ms)
2026-07-10 21:23:58,571 [INFO] Pass: Size - 0.00310 (ms)
2026-07-10 21:23:58,571 [INFO] Pass: FixedPoint - 0.00262 (ms)
2026-07-10 21:23:58,571 [INFO] Pass: RemoveIdentityEquivalent - 0.00334 (ms)
2026-07-10 21:23:58,571 [INFO] Pass: Optimize1qGatesDecomposition - 0.09203 (ms)
2026-07-10 21:23:58,571 [INFO] Pass: CommutativeCancellation - 0.04911 (ms)
2026-07-10 21:23:58,571 [INFO] Pass: ContractIdleWiresInControlFlow - 0.00215 (ms)
2026-07-10 21:23:58,571 [INFO] Pass: GatesInBasis - 0.00882 (ms)
2026-07-10 21:23:58,571 [INFO] Pass: Depth - 0.00954 (ms)
2026-07-10 21:23:58,571 [INFO] Pass: FixedPoint - 0.00358 (ms)
2026-07-10 21:23:58,571 [INFO] Pass: Size - 0.00238 (ms)
2026-07-10 21:23:58,571 [INFO] Pass: FixedPoint - 0.00286 (ms)
2026-07-10 21:23:58,571 [INFO] Pass: ContainsInstruction - 0.00477 (ms)
2026-07-10 21:23:58,572 [INFO] Total Transpile Time - 92.05675 (ms)
2026-07-10 21:23:58,663 [INFO] Pass: ContainsInstruction - 0.00930 (ms)
2026-07-10 21:23:58,663 [INFO] Pass: UnitarySynthesis - 0.00620 (ms)
2026-07-10 21:23:58,663 [INFO] Pass: HighLevelSynthesis - 0.00548 (ms)
2026-07-10 21:23:58,664 [INFO] Pass: BasisTranslator - 0.05460 (ms)
2026-07-10 21:23:58,664 [INFO] Pass: ElidePermutations - 0.00334 (ms)
2026-07-10 21:23:58,664 [INFO] Pass: RemoveDiagonalGatesBeforeMeasure - 0.00572 (ms)
2026-07-10 21:23:58,664 [INFO] Pass: RemoveIdentityEquivalent - 0.00429 (ms)
2026-07-10 21:23:58,664 [INFO] Pass: InverseCancellation - 0.01216 (ms)
2026-07-10 21:23:58,664 [INFO] Pass: ContractIdleWiresInControlFlow - 0.00191 (ms)
2026-07-10 21:23:58,664 [INFO] Pass: CommutativeCancellation - 0.02313 (ms)
2026-07-10 21:23:58,664 [INFO] Pass: ConsolidateBlocks - 0.02861 (ms)
2026-07-10 21:23:58,664 [INFO] Pass: Split2QUnitaries - 0.00215 (ms)
2026-07-10 21:23:58,664 [INFO] Pass: UnitarySynthesis - 0.00501 (ms)
2026-07-10 21:23:58,664 [INFO] Pass: HighLevelSynthesis - 0.00954 (ms)
2026-07-10 21:23:58,664 [INFO] Pass: BasisTranslator - 0.05436 (ms)
2026-07-10 21:23:58,664 [INFO] Pass: ConsolidateBlocks - 0.04172 (ms)
2026-07-10 21:23:58,664 [INFO] Pass: UnitarySynthesis - 0.00477 (ms)
2026-07-10 21:23:58,664 [INFO] Pass: Depth - 0.00954 (ms)
2026-07-10 21:23:58,664 [INFO] Pass: FixedPoint - 0.00453 (ms)
2026-07-10 21:23:58,664 [INFO] Pass: Size - 0.00262 (ms)
2026-07-10 21:23:58,664 [INFO] Pass: FixedPoint - 0.00262 (ms)
2026-07-10 21:23:58,664 [INFO] Pass: RemoveIdentityEquivalent - 0.00429 (ms)
2026-07-10 21:23:58,664 [INFO] Pass: Optimize1qGatesDecomposition - 0.10228 (ms)
2026-07-10 21:23:58,664 [INFO] Pass: CommutativeCancellation - 0.04411 (ms)
2026-07-10 21:23:58,664 [INFO] Pass: ContractIdleWiresInControlFlow - 0.00191 (ms)
2026-07-10 21:23:58,664 [INFO] Pass: GatesInBasis - 0.00834 (ms)
2026-07-10 21:23:58,664 [INFO] Pass: Depth - 0.00954 (ms)
2026-07-10 21:23:58,664 [INFO] Pass: FixedPoint - 0.00358 (ms)
2026-07-10 21:23:58,664 [INFO] Pass: Size - 0.00191 (ms)
2026-07-10 21:23:58,665 [INFO] Pass: FixedPoint - 0.00238 (ms)
2026-07-10 21:23:58,665 [INFO] Pass: RemoveIdentityEquivalent - 0.00334 (ms)
2026-07-10 21:23:58,665 [INFO] Pass: Optimize1qGatesDecomposition - 0.07725 (ms)
2026-07-10 21:23:58,665 [INFO] Pass: CommutativeCancellation - 0.03743 (ms)
2026-07-10 21:23:58,665 [INFO] Pass: ContractIdleWiresInControlFlow - 0.00215 (ms)
2026-07-10 21:23:58,665 [INFO] Pass: GatesInBasis - 0.00620 (ms)
2026-07-10 21:23:58,665 [INFO] Pass: Depth - 0.00811 (ms)
2026-07-10 21:23:58,665 [INFO] Pass: FixedPoint - 0.00286 (ms)
2026-07-10 21:23:58,665 [INFO] Pass: Size - 0.00191 (ms)
2026-07-10 21:23:58,665 [INFO] Pass: FixedPoint - 0.00286 (ms)
2026-07-10 21:23:58,665 [INFO] Pass: ContainsInstruction - 0.00525 (ms)
2026-07-10 21:23:58,665 [INFO] Total Transpile Time - 93.15324 (ms)
2026-07-10 21:24:12,857 [INFO] [PCE] n=25 instancia 34/100 completada en 0:00:00:14 — transcurrido=0:00:07:42 restante_estimado=0:00:14:57
2026-07-10 21:24:12,951 [INFO] Pass: ContainsInstruction - 0.01073 (ms)
2026-07-10 21:24:12,951 [INFO] Pass: UnitarySynthesis - 0.00644 (ms)
2026-07-10 21:24:12,951 [INFO] Pass: HighLevelSynthesis - 0.00620 (ms)
2026-07-10 21:24:12,951 [INFO] Pass: BasisTranslator - 0.05794 (ms)
2026-07-10 21:24:12,951 [INFO] Pass: ElidePermutations - 0.00548 (ms)
2026-07-10 21:24:12,951 [INFO] Pass: RemoveDiagonalGatesBeforeMeasure - 0.00739 (ms)
2026-07-10 21:24:12,951 [INFO] Pass: RemoveIdentityEquivalent - 0.00358 (ms)
2026-07-10 21:24:12,951 [INFO] Pass: InverseCancellation - 0.00501 (ms)
2026-07-10 21:24:12,951 [INFO] Pass: ContractIdleWiresInControlFlow - 0.00286 (ms)
2026-07-10 21:24:12,951 [INFO] Pass: CommutativeCancellation - 0.02193 (ms)
2026-07-10 21:24:12,951 [INFO] Pass: ConsolidateBlocks - 0.03242 (ms)
2026-07-10 21:24:12,951 [INFO] Pass: Split2QUnitaries - 0.00358 (ms)
2026-07-10 21:24:12,951 [INFO] Pass: UnitarySynthesis - 0.00477 (ms)
2026-07-10 21:24:12,951 [INFO] Pass: HighLevelSynthesis - 0.00954 (ms)
2026-07-10 21:24:12,951 [INFO] Pass: BasisTranslator - 0.05317 (ms)
2026-07-10 21:24:12,951 [INFO] Pass: ConsolidateBlocks - 0.04172 (ms)
2026-07-10 21:24:12,951 [INFO] Pass: UnitarySynthesis - 0.00405 (ms)
2026-07-10 21:24:12,951 [INFO] Pass: Depth - 0.01049 (ms)
2026-07-10 21:24:12,951 [INFO] Pass: FixedPoint - 0.00453 (ms)
2026-07-10 21:24:12,951 [INFO] Pass: Size - 0.00381 (ms)
2026-07-10 21:24:12,951 [INFO] Pass: FixedPoint - 0.00310 (ms)
2026-07-10 21:24:12,951 [INFO] Pass: RemoveIdentityEquivalent - 0.00286 (ms)
2026-07-10 21:24:12,951 [INFO] Pass: Optimize1qGatesDecomposition - 0.02789 (ms)
2026-07-10 21:24:12,952 [INFO] Pass: CommutativeCancellation - 0.04244 (ms)
2026-07-10 21:24:12,952 [INFO] Pass: ContractIdleWiresInControlFlow - 0.00215 (ms)
2026-07-10 21:24:12,952 [INFO] Pass: GatesInBasis - 0.00882 (ms)
2026-07-10 21:24:12,952 [INFO] Pass: Depth - 0.00834 (ms)
2026-07-10 21:24:12,952 [INFO] Pass: FixedPoint - 0.00358 (ms)
2026-07-10 21:24:12,952 [INFO] Pass: Size - 0.00191 (ms)
2026-07-10 21:24:12,952 [INFO] Pass: FixedPoint - 0.00286 (ms)
2026-07-10 21:24:12,952 [INFO] Pass: ContainsInstruction - 0.00453 (ms)
2026-07-10 21:24:12,952 [INFO] Total Transpile Time - 92.87071 (ms)
2026-07-10 21:24:13,043 [INFO] Pass: ContainsInstruction - 0.00906 (ms)
2026-07-10 21:24:13,043 [INFO] Pass: UnitarySynthesis - 0.00620 (ms)
2026-07-10 21:24:13,043 [INFO] Pass: HighLevelSynthesis - 0.00548 (ms)
2026-07-10 21:24:13,043 [INFO] Pass: BasisTranslator - 0.05531 (ms)
2026-07-10 21:24:13,043 [INFO] Pass: ElidePermutations - 0.00405 (ms)
2026-07-10 21:24:13,043 [INFO] Pass: RemoveDiagonalGatesBeforeMeasure - 0.00596 (ms)
2026-07-10 21:24:13,043 [INFO] Pass: RemoveIdentityEquivalent - 0.00381 (ms)
2026-07-10 21:24:13,043 [INFO] Pass: InverseCancellation - 0.01216 (ms)
2026-07-10 21:24:13,043 [INFO] Pass: ContractIdleWiresInControlFlow - 0.00215 (ms)
2026-07-10 21:24:13,043 [INFO] Pass: CommutativeCancellation - 0.02599 (ms)
2026-07-10 21:24:13,043 [INFO] Pass: ConsolidateBlocks - 0.02909 (ms)
2026-07-10 21:24:13,044 [INFO] Pass: Split2QUnitaries - 0.00310 (ms)
2026-07-10 21:24:13,044 [INFO] Pass: UnitarySynthesis - 0.00525 (ms)
2026-07-10 21:24:13,044 [INFO] Pass: HighLevelSynthesis - 0.00930 (ms)
2026-07-10 21:24:13,044 [INFO] Pass: BasisTranslator - 0.05221 (ms)
2026-07-10 21:24:13,044 [INFO] Pass: ConsolidateBlocks - 0.04005 (ms)
2026-07-10 21:24:13,044 [INFO] Pass: UnitarySynthesis - 0.00405 (ms)
2026-07-10 21:24:13,044 [INFO] Pass: Depth - 0.00954 (ms)
2026-07-10 21:24:13,044 [INFO] Pass: FixedPoint - 0.00453 (ms)
2026-07-10 21:24:13,044 [INFO] Pass: Size - 0.00286 (ms)
2026-07-10 21:24:13,044 [INFO] Pass: FixedPoint - 0.00286 (ms)
2026-07-10 21:24:13,044 [INFO] Pass: RemoveIdentityEquivalent - 0.00334 (ms)
2026-07-10 21:24:13,044 [INFO] Pass: Optimize1qGatesDecomposition - 0.08869 (ms)
2026-07-10 21:24:13,044 [INFO] Pass: CommutativeCancellation - 0.04768 (ms)
2026-07-10 21:24:13,044 [INFO] Pass: ContractIdleWiresInControlFlow - 0.00167 (ms)
2026-07-10 21:24:13,044 [INFO] Pass: GatesInBasis - 0.00811 (ms)
2026-07-10 21:24:13,044 [INFO] Pass: Depth - 0.00858 (ms)
2026-07-10 21:24:13,044 [INFO] Pass: FixedPoint - 0.00334 (ms)
2026-07-10 21:24:13,044 [INFO] Pass: Size - 0.00215 (ms)
2026-07-10 21:24:13,044 [INFO] Pass: FixedPoint - 0.00286 (ms)
2026-07-10 21:24:13,044 [INFO] Pass: ContainsInstruction - 0.00477 (ms)
2026-07-10 21:24:13,044 [INFO] Total Transpile Time - 92.12780 (ms)
2026-07-10 21:24:13,135 [INFO] Pass: ContainsInstruction - 0.00906 (ms)
2026-07-10 21:24:13,135 [INFO] Pass: UnitarySynthesis - 0.00620 (ms)
2026-07-10 21:24:13,135 [INFO] Pass: HighLevelSynthesis - 0.00525 (ms)
2026-07-10 21:24:13,136 [INFO] Pass: BasisTranslator - 0.05198 (ms)
2026-07-10 21:24:13,136 [INFO] Pass: ElidePermutations - 0.00334 (ms)
2026-07-10 21:24:13,136 [INFO] Pass: RemoveDiagonalGatesBeforeMeasure - 0.00572 (ms)
2026-07-10 21:24:13,136 [INFO] Pass: RemoveIdentityEquivalent - 0.00405 (ms)
2026-07-10 21:24:13,136 [INFO] Pass: InverseCancellation - 0.01192 (ms)
2026-07-10 21:24:13,136 [INFO] Pass: ContractIdleWiresInControlFlow - 0.00167 (ms)
2026-07-10 21:24:13,136 [INFO] Pass: CommutativeCancellation - 0.02241 (ms)
2026-07-10 21:24:13,136 [INFO] Pass: ConsolidateBlocks - 0.02694 (ms)
2026-07-10 21:24:13,136 [INFO] Pass: Split2QUnitaries - 0.00262 (ms)
2026-07-10 21:24:13,136 [INFO] Pass: UnitarySynthesis - 0.00501 (ms)
2026-07-10 21:24:13,136 [INFO] Pass: HighLevelSynthesis - 0.01001 (ms)
2026-07-10 21:24:13,136 [INFO] Pass: BasisTranslator - 0.05293 (ms)
2026-07-10 21:24:13,136 [INFO] Pass: ConsolidateBlocks - 0.04101 (ms)
2026-07-10 21:24:13,136 [INFO] Pass: UnitarySynthesis - 0.00429 (ms)
2026-07-10 21:24:13,136 [INFO] Pass: Depth - 0.00954 (ms)
2026-07-10 21:24:13,136 [INFO] Pass: FixedPoint - 0.00453 (ms)
2026-07-10 21:24:13,136 [INFO] Pass: Size - 0.00262 (ms)
2026-07-10 21:24:13,136 [INFO] Pass: FixedPoint - 0.00262 (ms)
2026-07-10 21:24:13,136 [INFO] Pass: RemoveIdentityEquivalent - 0.00358 (ms)
2026-07-10 21:24:13,136 [INFO] Pass: Optimize1qGatesDecomposition - 0.09871 (ms)
2026-07-10 21:24:13,136 [INFO] Pass: CommutativeCancellation - 0.04292 (ms)
2026-07-10 21:24:13,136 [INFO] Pass: ContractIdleWiresInControlFlow - 0.00191 (ms)
2026-07-10 21:24:13,136 [INFO] Pass: GatesInBasis - 0.00811 (ms)
2026-07-10 21:24:13,136 [INFO] Pass: Depth - 0.00930 (ms)
2026-07-10 21:24:13,136 [INFO] Pass: FixedPoint - 0.00381 (ms)
2026-07-10 21:24:13,136 [INFO] Pass: Size - 0.00215 (ms)
2026-07-10 21:24:13,137 [INFO] Pass: FixedPoint - 0.00262 (ms)
2026-07-10 21:24:13,137 [INFO] Pass: RemoveIdentityEquivalent - 0.00358 (ms)
2026-07-10 21:24:13,137 [INFO] Pass: Optimize1qGatesDecomposition - 0.07868 (ms)
2026-07-10 21:24:13,137 [INFO] Pass: CommutativeCancellation - 0.03719 (ms)
2026-07-10 21:24:13,137 [INFO] Pass: ContractIdleWiresInControlFlow - 0.00191 (ms)
2026-07-10 21:24:13,137 [INFO] Pass: GatesInBasis - 0.00668 (ms)
2026-07-10 21:24:13,137 [INFO] Pass: Depth - 0.00811 (ms)
2026-07-10 21:24:13,137 [INFO] Pass: FixedPoint - 0.00334 (ms)
2026-07-10 21:24:13,137 [INFO] Pass: Size - 0.00167 (ms)
2026-07-10 21:24:13,137 [INFO] Pass: FixedPoint - 0.00286 (ms)
2026-07-10 21:24:13,137 [INFO] Pass: ContainsInstruction - 0.00477 (ms)
2026-07-10 21:24:13,137 [INFO] Total Transpile Time - 92.25368 (ms)
2026-07-10 21:24:27,485 [INFO] [PCE] n=25 instancia 35/100 completada en 0:00:00:15 — transcurrido=0:00:07:57 restante_estimado=0:00:14:45
2026-07-10 21:24:27,579 [INFO] Pass: ContainsInstruction - 0.01073 (ms)
2026-07-10 21:24:27,579 [INFO] Pass: UnitarySynthesis - 0.00715 (ms)
2026-07-10 21:24:27,579 [INFO] Pass: HighLevelSynthesis - 0.00620 (ms)
2026-07-10 21:24:27,579 [INFO] Pass: BasisTranslator - 0.06032 (ms)
2026-07-10 21:24:27,579 [INFO] Pass: ElidePermutations - 0.00548 (ms)
2026-07-10 21:24:27,580 [INFO] Pass: RemoveDiagonalGatesBeforeMeasure - 0.00858 (ms)
2026-07-10 21:24:27,580 [INFO] Pass: RemoveIdentityEquivalent - 0.00310 (ms)
2026-07-10 21:24:27,580 [INFO] Pass: InverseCancellation - 0.00548 (ms)
2026-07-10 21:24:27,580 [INFO] Pass: ContractIdleWiresInControlFlow - 0.00191 (ms)
2026-07-10 21:24:27,580 [INFO] Pass: CommutativeCancellation - 0.02337 (ms)
2026-07-10 21:24:27,580 [INFO] Pass: ConsolidateBlocks - 0.03338 (ms)
2026-07-10 21:24:27,580 [INFO] Pass: Split2QUnitaries - 0.00358 (ms)
2026-07-10 21:24:27,580 [INFO] Pass: UnitarySynthesis - 0.00477 (ms)
2026-07-10 21:24:27,580 [INFO] Pass: HighLevelSynthesis - 0.00906 (ms)
2026-07-10 21:24:27,580 [INFO] Pass: BasisTranslator - 0.05364 (ms)
2026-07-10 21:24:27,580 [INFO] Pass: ConsolidateBlocks - 0.04125 (ms)
2026-07-10 21:24:27,580 [INFO] Pass: UnitarySynthesis - 0.00381 (ms)
2026-07-10 21:24:27,580 [INFO] Pass: Depth - 0.01025 (ms)
2026-07-10 21:24:27,580 [INFO] Pass: FixedPoint - 0.00477 (ms)
2026-07-10 21:24:27,580 [INFO] Pass: Size - 0.00358 (ms)
2026-07-10 21:24:27,580 [INFO] Pass: FixedPoint - 0.00310 (ms)
2026-07-10 21:24:27,580 [INFO] Pass: RemoveIdentityEquivalent - 0.00238 (ms)
2026-07-10 21:24:27,580 [INFO] Pass: Optimize1qGatesDecomposition - 0.02718 (ms)
2026-07-10 21:24:27,580 [INFO] Pass: CommutativeCancellation - 0.04220 (ms)
2026-07-10 21:24:27,580 [INFO] Pass: ContractIdleWiresInControlFlow - 0.00191 (ms)
2026-07-10 21:24:27,580 [INFO] Pass: GatesInBasis - 0.00834 (ms)
2026-07-10 21:24:27,580 [INFO] Pass: Depth - 0.00763 (ms)
2026-07-10 21:24:27,580 [INFO] Pass: FixedPoint - 0.00334 (ms)
2026-07-10 21:24:27,580 [INFO] Pass: Size - 0.00215 (ms)
2026-07-10 21:24:27,580 [INFO] Pass: FixedPoint - 0.00286 (ms)
2026-07-10 21:24:27,580 [INFO] Pass: ContainsInstruction - 0.00453 (ms)
2026-07-10 21:24:27,581 [INFO] Total Transpile Time - 93.91928 (ms)
2026-07-10 21:24:27,672 [INFO] Pass: ContainsInstruction - 0.00954 (ms)
2026-07-10 21:24:27,672 [INFO] Pass: UnitarySynthesis - 0.00620 (ms)
2026-07-10 21:24:27,672 [INFO] Pass: HighLevelSynthesis - 0.00525 (ms)
2026-07-10 21:24:27,672 [INFO] Pass: BasisTranslator - 0.05412 (ms)
2026-07-10 21:24:27,672 [INFO] Pass: ElidePermutations - 0.00381 (ms)
2026-07-10 21:24:27,672 [INFO] Pass: RemoveDiagonalGatesBeforeMeasure - 0.00620 (ms)
2026-07-10 21:24:27,672 [INFO] Pass: RemoveIdentityEquivalent - 0.00381 (ms)
2026-07-10 21:24:27,672 [INFO] Pass: InverseCancellation - 0.01264 (ms)
2026-07-10 21:24:27,672 [INFO] Pass: ContractIdleWiresInControlFlow - 0.00215 (ms)
2026-07-10 21:24:27,672 [INFO] Pass: CommutativeCancellation - 0.02742 (ms)
2026-07-10 21:24:27,672 [INFO] Pass: ConsolidateBlocks - 0.03028 (ms)
2026-07-10 21:24:27,672 [INFO] Pass: Split2QUnitaries - 0.00286 (ms)
2026-07-10 21:24:27,672 [INFO] Pass: UnitarySynthesis - 0.00477 (ms)
2026-07-10 21:24:27,672 [INFO] Pass: HighLevelSynthesis - 0.00930 (ms)
2026-07-10 21:24:27,672 [INFO] Pass: BasisTranslator - 0.05507 (ms)
2026-07-10 21:24:27,672 [INFO] Pass: ConsolidateBlocks - 0.04244 (ms)
2026-07-10 21:24:27,672 [INFO] Pass: UnitarySynthesis - 0.00477 (ms)
2026-07-10 21:24:27,672 [INFO] Pass: Depth - 0.00954 (ms)
2026-07-10 21:24:27,672 [INFO] Pass: FixedPoint - 0.00429 (ms)
2026-07-10 21:24:27,673 [INFO] Pass: Size - 0.00310 (ms)
2026-07-10 21:24:27,673 [INFO] Pass: FixedPoint - 0.00286 (ms)
2026-07-10 21:24:27,673 [INFO] Pass: RemoveIdentityEquivalent - 0.00405 (ms)
2026-07-10 21:24:27,673 [INFO] Pass: Optimize1qGatesDecomposition - 0.09036 (ms)
2026-07-10 21:24:27,673 [INFO] Pass: CommutativeCancellation - 0.04816 (ms)
2026-07-10 21:24:27,673 [INFO] Pass: ContractIdleWiresInControlFlow - 0.00215 (ms)
2026-07-10 21:24:27,673 [INFO] Pass: GatesInBasis - 0.00834 (ms)
2026-07-10 21:24:27,673 [INFO] Pass: Depth - 0.00811 (ms)
2026-07-10 21:24:27,673 [INFO] Pass: FixedPoint - 0.00334 (ms)
2026-07-10 21:24:27,673 [INFO] Pass: Size - 0.00215 (ms)
2026-07-10 21:24:27,673 [INFO] Pass: FixedPoint - 0.00310 (ms)
2026-07-10 21:24:27,673 [INFO] Pass: ContainsInstruction - 0.00477 (ms)
2026-07-10 21:24:27,673 [INFO] Total Transpile Time - 92.07845 (ms)
2026-07-10 21:24:27,765 [INFO] Pass: ContainsInstruction - 0.00930 (ms)
2026-07-10 21:24:27,765 [INFO] Pass: UnitarySynthesis - 0.00620 (ms)
2026-07-10 21:24:27,765 [INFO] Pass: HighLevelSynthesis - 0.00548 (ms)
2026-07-10 21:24:27,765 [INFO] Pass: BasisTranslator - 0.05412 (ms)
2026-07-10 21:24:27,765 [INFO] Pass: ElidePermutations - 0.00310 (ms)
2026-07-10 21:24:27,765 [INFO] Pass: RemoveDiagonalGatesBeforeMeasure - 0.00548 (ms)
2026-07-10 21:24:27,765 [INFO] Pass: RemoveIdentityEquivalent - 0.00405 (ms)
2026-07-10 21:24:27,765 [INFO] Pass: InverseCancellation - 0.01264 (ms)
2026-07-10 21:24:27,765 [INFO] Pass: ContractIdleWiresInControlFlow - 0.00215 (ms)
2026-07-10 21:24:27,765 [INFO] Pass: CommutativeCancellation - 0.02408 (ms)
2026-07-10 21:24:27,765 [INFO] Pass: ConsolidateBlocks - 0.02885 (ms)
2026-07-10 21:24:27,765 [INFO] Pass: Split2QUnitaries - 0.00238 (ms)
2026-07-10 21:24:27,765 [INFO] Pass: UnitarySynthesis - 0.00501 (ms)
2026-07-10 21:24:27,765 [INFO] Pass: HighLevelSynthesis - 0.01001 (ms)
2026-07-10 21:24:27,765 [INFO] Pass: BasisTranslator - 0.05341 (ms)
2026-07-10 21:24:27,765 [INFO] Pass: ConsolidateBlocks - 0.04077 (ms)
2026-07-10 21:24:27,765 [INFO] Pass: UnitarySynthesis - 0.01216 (ms)
2026-07-10 21:24:27,765 [INFO] Pass: Depth - 0.00978 (ms)
2026-07-10 21:24:27,765 [INFO] Pass: FixedPoint - 0.00477 (ms)
2026-07-10 21:24:27,765 [INFO] Pass: Size - 0.00310 (ms)
2026-07-10 21:24:27,765 [INFO] Pass: FixedPoint - 0.00286 (ms)
2026-07-10 21:24:27,765 [INFO] Pass: RemoveIdentityEquivalent - 0.00358 (ms)
2026-07-10 21:24:27,765 [INFO] Pass: Optimize1qGatesDecomposition - 0.09274 (ms)
2026-07-10 21:24:27,766 [INFO] Pass: CommutativeCancellation - 0.04268 (ms)
2026-07-10 21:24:27,766 [INFO] Pass: ContractIdleWiresInControlFlow - 0.00191 (ms)
2026-07-10 21:24:27,766 [INFO] Pass: GatesInBasis - 0.00787 (ms)
2026-07-10 21:24:27,766 [INFO] Pass: Depth - 0.00906 (ms)
2026-07-10 21:24:27,766 [INFO] Pass: FixedPoint - 0.00334 (ms)
2026-07-10 21:24:27,766 [INFO] Pass: Size - 0.00238 (ms)
2026-07-10 21:24:27,766 [INFO] Pass: FixedPoint - 0.00310 (ms)
2026-07-10 21:24:27,766 [INFO] Pass: RemoveIdentityEquivalent - 0.00334 (ms)
2026-07-10 21:24:27,766 [INFO] Pass: Optimize1qGatesDecomposition - 0.07725 (ms)
2026-07-10 21:24:27,766 [INFO] Pass: CommutativeCancellation - 0.03672 (ms)
2026-07-10 21:24:27,766 [INFO] Pass: ContractIdleWiresInControlFlow - 0.00143 (ms)
2026-07-10 21:24:27,766 [INFO] Pass: GatesInBasis - 0.00668 (ms)
2026-07-10 21:24:27,766 [INFO] Pass: Depth - 0.00787 (ms)
2026-07-10 21:24:27,766 [INFO] Pass: FixedPoint - 0.00334 (ms)
2026-07-10 21:24:27,766 [INFO] Pass: Size - 0.00191 (ms)
2026-07-10 21:24:27,766 [INFO] Pass: FixedPoint - 0.00262 (ms)
2026-07-10 21:24:27,766 [INFO] Pass: ContainsInstruction - 0.00548 (ms)
2026-07-10 21:24:27,766 [INFO] Total Transpile Time - 92.80682 (ms)
2026-07-10 21:24:40,544 [INFO] [PCE] n=25 instancia 36/100 completada en 0:00:00:13 — transcurrido=0:00:08:10 restante_estimado=0:00:14:31
2026-07-10 21:24:40,637 [INFO] Pass: ContainsInstruction - 0.01121 (ms)
2026-07-10 21:24:40,637 [INFO] Pass: UnitarySynthesis - 0.00691 (ms)
2026-07-10 21:24:40,637 [INFO] Pass: HighLevelSynthesis - 0.00691 (ms)
2026-07-10 21:24:40,637 [INFO] Pass: BasisTranslator - 0.05913 (ms)
2026-07-10 21:24:40,637 [INFO] Pass: ElidePermutations - 0.00525 (ms)
2026-07-10 21:24:40,637 [INFO] Pass: RemoveDiagonalGatesBeforeMeasure - 0.00787 (ms)
2026-07-10 21:24:40,638 [INFO] Pass: RemoveIdentityEquivalent - 0.00358 (ms)
2026-07-10 21:24:40,638 [INFO] Pass: InverseCancellation - 0.00525 (ms)
2026-07-10 21:24:40,638 [INFO] Pass: ContractIdleWiresInControlFlow - 0.00238 (ms)
2026-07-10 21:24:40,638 [INFO] Pass: CommutativeCancellation - 0.02337 (ms)
2026-07-10 21:24:40,638 [INFO] Pass: ConsolidateBlocks - 0.03290 (ms)
2026-07-10 21:24:40,638 [INFO] Pass: Split2QUnitaries - 0.00358 (ms)
2026-07-10 21:24:40,638 [INFO] Pass: UnitarySynthesis - 0.00429 (ms)
2026-07-10 21:24:40,638 [INFO] Pass: HighLevelSynthesis - 0.00882 (ms)
2026-07-10 21:24:40,638 [INFO] Pass: BasisTranslator - 0.05245 (ms)
2026-07-10 21:24:40,638 [INFO] Pass: ConsolidateBlocks - 0.04220 (ms)
2026-07-10 21:24:40,638 [INFO] Pass: UnitarySynthesis - 0.00405 (ms)
2026-07-10 21:24:40,638 [INFO] Pass: Depth - 0.00978 (ms)
2026-07-10 21:24:40,638 [INFO] Pass: FixedPoint - 0.00477 (ms)
2026-07-10 21:24:40,638 [INFO] Pass: Size - 0.00358 (ms)
2026-07-10 21:24:40,638 [INFO] Pass: FixedPoint - 0.00286 (ms)
2026-07-10 21:24:40,638 [INFO] Pass: RemoveIdentityEquivalent - 0.00286 (ms)
2026-07-10 21:24:40,638 [INFO] Pass: Optimize1qGatesDecomposition - 0.02885 (ms)
2026-07-10 21:24:40,638 [INFO] Pass: CommutativeCancellation - 0.04172 (ms)
2026-07-10 21:24:40,638 [INFO] Pass: ContractIdleWiresInControlFlow - 0.00167 (ms)
2026-07-10 21:24:40,638 [INFO] Pass: GatesInBasis - 0.00954 (ms)
2026-07-10 21:24:40,638 [INFO] Pass: Depth - 0.00763 (ms)
2026-07-10 21:24:40,638 [INFO] Pass: FixedPoint - 0.00334 (ms)
2026-07-10 21:24:40,638 [INFO] Pass: Size - 0.00191 (ms)
2026-07-10 21:24:40,638 [INFO] Pass: FixedPoint - 0.00286 (ms)
2026-07-10 21:24:40,638 [INFO] Pass: ContainsInstruction - 0.00453 (ms)
2026-07-10 21:24:40,639 [INFO] Total Transpile Time - 92.73314 (ms)
2026-07-10 21:24:40,729 [INFO] Pass: ContainsInstruction - 0.00882 (ms)
2026-07-10 21:24:40,729 [INFO] Pass: UnitarySynthesis - 0.00644 (ms)
2026-07-10 21:24:40,729 [INFO] Pass: HighLevelSynthesis - 0.00525 (ms)
2026-07-10 21:24:40,729 [INFO] Pass: BasisTranslator - 0.05245 (ms)
2026-07-10 21:24:40,729 [INFO] Pass: ElidePermutations - 0.00358 (ms)
2026-07-10 21:24:40,729 [INFO] Pass: RemoveDiagonalGatesBeforeMeasure - 0.00548 (ms)
2026-07-10 21:24:40,729 [INFO] Pass: RemoveIdentityEquivalent - 0.00405 (ms)
2026-07-10 21:24:40,729 [INFO] Pass: InverseCancellation - 0.01383 (ms)
2026-07-10 21:24:40,729 [INFO] Pass: ContractIdleWiresInControlFlow - 0.00215 (ms)
2026-07-10 21:24:40,729 [INFO] Pass: CommutativeCancellation - 0.03314 (ms)
2026-07-10 21:24:40,729 [INFO] Pass: ConsolidateBlocks - 0.02885 (ms)
2026-07-10 21:24:40,729 [INFO] Pass: Split2QUnitaries - 0.00262 (ms)
2026-07-10 21:24:40,729 [INFO] Pass: UnitarySynthesis - 0.00501 (ms)
2026-07-10 21:24:40,729 [INFO] Pass: HighLevelSynthesis - 0.00906 (ms)
2026-07-10 21:24:40,729 [INFO] Pass: BasisTranslator - 0.05317 (ms)
2026-07-10 21:24:40,730 [INFO] Pass: ConsolidateBlocks - 0.04101 (ms)
2026-07-10 21:24:40,730 [INFO] Pass: UnitarySynthesis - 0.00429 (ms)
2026-07-10 21:24:40,730 [INFO] Pass: Depth - 0.00978 (ms)
2026-07-10 21:24:40,730 [INFO] Pass: FixedPoint - 0.00453 (ms)
2026-07-10 21:24:40,730 [INFO] Pass: Size - 0.00286 (ms)
2026-07-10 21:24:40,730 [INFO] Pass: FixedPoint - 0.00310 (ms)
2026-07-10 21:24:40,730 [INFO] Pass: RemoveIdentityEquivalent - 0.00334 (ms)
2026-07-10 21:24:40,730 [INFO] Pass: Optimize1qGatesDecomposition - 0.08893 (ms)
2026-07-10 21:24:40,730 [INFO] Pass: CommutativeCancellation - 0.04745 (ms)
2026-07-10 21:24:40,730 [INFO] Pass: ContractIdleWiresInControlFlow - 0.00143 (ms)
2026-07-10 21:24:40,730 [INFO] Pass: GatesInBasis - 0.00858 (ms)
2026-07-10 21:24:40,730 [INFO] Pass: Depth - 0.00858 (ms)
2026-07-10 21:24:40,730 [INFO] Pass: FixedPoint - 0.00358 (ms)
2026-07-10 21:24:40,730 [INFO] Pass: Size - 0.00191 (ms)
2026-07-10 21:24:40,730 [INFO] Pass: FixedPoint - 0.00286 (ms)
2026-07-10 21:24:40,730 [INFO] Pass: ContainsInstruction - 0.00453 (ms)
2026-07-10 21:24:40,730 [INFO] Total Transpile Time - 91.28666 (ms)
2026-07-10 21:24:40,821 [INFO] Pass: ContainsInstruction - 0.00930 (ms)
2026-07-10 21:24:40,821 [INFO] Pass: UnitarySynthesis - 0.00620 (ms)
2026-07-10 21:24:40,821 [INFO] Pass: HighLevelSynthesis - 0.00525 (ms)
2026-07-10 21:24:40,821 [INFO] Pass: BasisTranslator - 0.05126 (ms)
2026-07-10 21:24:40,821 [INFO] Pass: ElidePermutations - 0.00310 (ms)
2026-07-10 21:24:40,821 [INFO] Pass: RemoveDiagonalGatesBeforeMeasure - 0.00501 (ms)
2026-07-10 21:24:40,821 [INFO] Pass: RemoveIdentityEquivalent - 0.00381 (ms)
2026-07-10 21:24:40,821 [INFO] Pass: InverseCancellation - 0.01192 (ms)
2026-07-10 21:24:40,821 [INFO] Pass: ContractIdleWiresInControlFlow - 0.00167 (ms)
2026-07-10 21:24:40,822 [INFO] Pass: CommutativeCancellation - 0.02384 (ms)
2026-07-10 21:24:40,822 [INFO] Pass: ConsolidateBlocks - 0.02837 (ms)
2026-07-10 21:24:40,822 [INFO] Pass: Split2QUnitaries - 0.00215 (ms)
2026-07-10 21:24:40,822 [INFO] Pass: UnitarySynthesis - 0.00477 (ms)
2026-07-10 21:24:40,822 [INFO] Pass: HighLevelSynthesis - 0.00978 (ms)
2026-07-10 21:24:40,822 [INFO] Pass: BasisTranslator - 0.05293 (ms)
2026-07-10 21:24:40,822 [INFO] Pass: ConsolidateBlocks - 0.04101 (ms)
2026-07-10 21:24:40,822 [INFO] Pass: UnitarySynthesis - 0.00501 (ms)
2026-07-10 21:24:40,822 [INFO] Pass: Depth - 0.00978 (ms)
2026-07-10 21:24:40,822 [INFO] Pass: FixedPoint - 0.00453 (ms)
2026-07-10 21:24:40,822 [INFO] Pass: Size - 0.00238 (ms)
2026-07-10 21:24:40,822 [INFO] Pass: FixedPoint - 0.00286 (ms)
2026-07-10 21:24:40,822 [INFO] Pass: RemoveIdentityEquivalent - 0.00358 (ms)
2026-07-10 21:24:40,822 [INFO] Pass: Optimize1qGatesDecomposition - 0.09203 (ms)
2026-07-10 21:24:40,822 [INFO] Pass: CommutativeCancellation - 0.04315 (ms)
2026-07-10 21:24:40,822 [INFO] Pass: ContractIdleWiresInControlFlow - 0.00167 (ms)
2026-07-10 21:24:40,822 [INFO] Pass: GatesInBasis - 0.00787 (ms)
2026-07-10 21:24:40,822 [INFO] Pass: Depth - 0.01693 (ms)
2026-07-10 21:24:40,822 [INFO] Pass: FixedPoint - 0.00358 (ms)
2026-07-10 21:24:40,822 [INFO] Pass: Size - 0.00191 (ms)
2026-07-10 21:24:40,822 [INFO] Pass: FixedPoint - 0.00238 (ms)
2026-07-10 21:24:40,822 [INFO] Pass: RemoveIdentityEquivalent - 0.00334 (ms)
2026-07-10 21:24:40,822 [INFO] Pass: Optimize1qGatesDecomposition - 0.08178 (ms)
2026-07-10 21:24:40,823 [INFO] Pass: CommutativeCancellation - 0.03648 (ms)
2026-07-10 21:24:40,823 [INFO] Pass: ContractIdleWiresInControlFlow - 0.00167 (ms)
2026-07-10 21:24:40,823 [INFO] Pass: GatesInBasis - 0.00715 (ms)
2026-07-10 21:24:40,823 [INFO] Pass: Depth - 0.00811 (ms)
2026-07-10 21:24:40,823 [INFO] Pass: FixedPoint - 0.00334 (ms)
2026-07-10 21:24:40,823 [INFO] Pass: Size - 0.00191 (ms)
2026-07-10 21:24:40,823 [INFO] Pass: FixedPoint - 0.00286 (ms)
2026-07-10 21:24:40,823 [INFO] Pass: ContainsInstruction - 0.00548 (ms)
2026-07-10 21:24:40,823 [INFO] Total Transpile Time - 92.27252 (ms)
2026-07-10 21:24:55,011 [INFO] [PCE] n=25 instancia 37/100 completada en 0:00:00:14 — transcurrido=0:00:08:24 restante_estimado=0:00:14:18
2026-07-10 21:24:55,106 [INFO] Pass: ContainsInstruction - 0.01121 (ms)
2026-07-10 21:24:55,106 [INFO] Pass: UnitarySynthesis - 0.00691 (ms)
2026-07-10 21:24:55,106 [INFO] Pass: HighLevelSynthesis - 0.00644 (ms)
2026-07-10 21:24:55,106 [INFO] Pass: BasisTranslator - 0.05960 (ms)
2026-07-10 21:24:55,106 [INFO] Pass: ElidePermutations - 0.00572 (ms)
2026-07-10 21:24:55,107 [INFO] Pass: RemoveDiagonalGatesBeforeMeasure - 0.00691 (ms)
2026-07-10 21:24:55,107 [INFO] Pass: RemoveIdentityEquivalent - 0.00310 (ms)
2026-07-10 21:24:55,107 [INFO] Pass: InverseCancellation - 0.00477 (ms)
2026-07-10 21:24:55,107 [INFO] Pass: ContractIdleWiresInControlFlow - 0.00238 (ms)
2026-07-10 21:24:55,107 [INFO] Pass: CommutativeCancellation - 0.02193 (ms)
2026-07-10 21:24:55,107 [INFO] Pass: ConsolidateBlocks - 0.03433 (ms)
2026-07-10 21:24:55,107 [INFO] Pass: Split2QUnitaries - 0.00334 (ms)
2026-07-10 21:24:55,107 [INFO] Pass: UnitarySynthesis - 0.00453 (ms)
2026-07-10 21:24:55,107 [INFO] Pass: HighLevelSynthesis - 0.00930 (ms)
2026-07-10 21:24:55,107 [INFO] Pass: BasisTranslator - 0.05412 (ms)
2026-07-10 21:24:55,107 [INFO] Pass: ConsolidateBlocks - 0.04172 (ms)
2026-07-10 21:24:55,107 [INFO] Pass: UnitarySynthesis - 0.00429 (ms)
2026-07-10 21:24:55,107 [INFO] Pass: Depth - 0.01001 (ms)
2026-07-10 21:24:55,107 [INFO] Pass: FixedPoint - 0.00453 (ms)
2026-07-10 21:24:55,107 [INFO] Pass: Size - 0.00334 (ms)
2026-07-10 21:24:55,107 [INFO] Pass: FixedPoint - 0.00286 (ms)
2026-07-10 21:24:55,107 [INFO] Pass: RemoveIdentityEquivalent - 0.00262 (ms)
2026-07-10 21:24:55,107 [INFO] Pass: Optimize1qGatesDecomposition - 0.02813 (ms)
2026-07-10 21:24:55,107 [INFO] Pass: CommutativeCancellation - 0.04315 (ms)
2026-07-10 21:24:55,107 [INFO] Pass: ContractIdleWiresInControlFlow - 0.00167 (ms)
2026-07-10 21:24:55,107 [INFO] Pass: GatesInBasis - 0.00834 (ms)
2026-07-10 21:24:55,107 [INFO] Pass: Depth - 0.00811 (ms)
2026-07-10 21:24:55,107 [INFO] Pass: FixedPoint - 0.00334 (ms)
2026-07-10 21:24:55,107 [INFO] Pass: Size - 0.00215 (ms)
2026-07-10 21:24:55,107 [INFO] Pass: FixedPoint - 0.00310 (ms)
2026-07-10 21:24:55,107 [INFO] Pass: ContainsInstruction - 0.00477 (ms)
2026-07-10 21:24:55,108 [INFO] Total Transpile Time - 94.59257 (ms)
2026-07-10 21:24:55,199 [INFO] Pass: ContainsInstruction - 0.00930 (ms)
2026-07-10 21:24:55,199 [INFO] Pass: UnitarySynthesis - 0.00596 (ms)
2026-07-10 21:24:55,199 [INFO] Pass: HighLevelSynthesis - 0.00525 (ms)
2026-07-10 21:24:55,199 [INFO] Pass: BasisTranslator - 0.05341 (ms)
2026-07-10 21:24:55,199 [INFO] Pass: ElidePermutations - 0.00358 (ms)
2026-07-10 21:24:55,199 [INFO] Pass: RemoveDiagonalGatesBeforeMeasure - 0.00644 (ms)
2026-07-10 21:24:55,199 [INFO] Pass: RemoveIdentityEquivalent - 0.00405 (ms)
2026-07-10 21:24:55,199 [INFO] Pass: InverseCancellation - 0.01216 (ms)
2026-07-10 21:24:55,199 [INFO] Pass: ContractIdleWiresInControlFlow - 0.00191 (ms)
2026-07-10 21:24:55,199 [INFO] Pass: CommutativeCancellation - 0.02646 (ms)
2026-07-10 21:24:55,199 [INFO] Pass: ConsolidateBlocks - 0.02789 (ms)
2026-07-10 21:24:55,199 [INFO] Pass: Split2QUnitaries - 0.00310 (ms)
2026-07-10 21:24:55,200 [INFO] Pass: UnitarySynthesis - 0.00453 (ms)
2026-07-10 21:24:55,200 [INFO] Pass: HighLevelSynthesis - 0.00954 (ms)
2026-07-10 21:24:55,200 [INFO] Pass: BasisTranslator - 0.05460 (ms)
2026-07-10 21:24:55,200 [INFO] Pass: ConsolidateBlocks - 0.03982 (ms)
2026-07-10 21:24:55,200 [INFO] Pass: UnitarySynthesis - 0.00381 (ms)
2026-07-10 21:24:55,200 [INFO] Pass: Depth - 0.00978 (ms)
2026-07-10 21:24:55,200 [INFO] Pass: FixedPoint - 0.00453 (ms)
2026-07-10 21:24:55,200 [INFO] Pass: Size - 0.00310 (ms)
2026-07-10 21:24:55,200 [INFO] Pass: FixedPoint - 0.00310 (ms)
2026-07-10 21:24:55,200 [INFO] Pass: RemoveIdentityEquivalent - 0.00334 (ms)
2026-07-10 21:24:55,200 [INFO] Pass: Optimize1qGatesDecomposition - 0.09227 (ms)
2026-07-10 21:24:55,200 [INFO] Pass: CommutativeCancellation - 0.04888 (ms)
2026-07-10 21:24:55,200 [INFO] Pass: ContractIdleWiresInControlFlow - 0.00215 (ms)
2026-07-10 21:24:55,200 [INFO] Pass: GatesInBasis - 0.00858 (ms)
2026-07-10 21:24:55,200 [INFO] Pass: Depth - 0.00858 (ms)
2026-07-10 21:24:55,200 [INFO] Pass: FixedPoint - 0.00358 (ms)
2026-07-10 21:24:55,200 [INFO] Pass: Size - 0.00191 (ms)
2026-07-10 21:24:55,200 [INFO] Pass: FixedPoint - 0.00286 (ms)
2026-07-10 21:24:55,200 [INFO] Pass: ContainsInstruction - 0.00501 (ms)
2026-07-10 21:24:55,200 [INFO] Total Transpile Time - 92.41533 (ms)
2026-07-10 21:24:55,293 [INFO] Pass: ContainsInstruction - 0.00954 (ms)
2026-07-10 21:24:55,293 [INFO] Pass: UnitarySynthesis - 0.00620 (ms)
2026-07-10 21:24:55,293 [INFO] Pass: HighLevelSynthesis - 0.00548 (ms)
2026-07-10 21:24:55,293 [INFO] Pass: BasisTranslator - 0.05555 (ms)
2026-07-10 21:24:55,293 [INFO] Pass: ElidePermutations - 0.00334 (ms)
2026-07-10 21:24:55,293 [INFO] Pass: RemoveDiagonalGatesBeforeMeasure - 0.00572 (ms)
2026-07-10 21:24:55,293 [INFO] Pass: RemoveIdentityEquivalent - 0.00453 (ms)
2026-07-10 21:24:55,293 [INFO] Pass: InverseCancellation - 0.01264 (ms)
2026-07-10 21:24:55,293 [INFO] Pass: ContractIdleWiresInControlFlow - 0.00167 (ms)
2026-07-10 21:24:55,293 [INFO] Pass: CommutativeCancellation - 0.02384 (ms)
2026-07-10 21:24:55,293 [INFO] Pass: ConsolidateBlocks - 0.02909 (ms)
2026-07-10 21:24:55,293 [INFO] Pass: Split2QUnitaries - 0.00310 (ms)
2026-07-10 21:24:55,293 [INFO] Pass: UnitarySynthesis - 0.00525 (ms)
2026-07-10 21:24:55,294 [INFO] Pass: HighLevelSynthesis - 0.01025 (ms)
2026-07-10 21:24:55,294 [INFO] Pass: BasisTranslator - 0.05555 (ms)
2026-07-10 21:24:55,294 [INFO] Pass: ConsolidateBlocks - 0.04196 (ms)
2026-07-10 21:24:55,294 [INFO] Pass: UnitarySynthesis - 0.00429 (ms)
2026-07-10 21:24:55,294 [INFO] Pass: Depth - 0.00978 (ms)
2026-07-10 21:24:55,294 [INFO] Pass: FixedPoint - 0.00429 (ms)
2026-07-10 21:24:55,294 [INFO] Pass: Size - 0.00262 (ms)
2026-07-10 21:24:55,294 [INFO] Pass: FixedPoint - 0.00262 (ms)
2026-07-10 21:24:55,294 [INFO] Pass: RemoveIdentityEquivalent - 0.00358 (ms)
2026-07-10 21:24:55,294 [INFO] Pass: Optimize1qGatesDecomposition - 0.09465 (ms)
2026-07-10 21:24:55,294 [INFO] Pass: CommutativeCancellation - 0.04244 (ms)
2026-07-10 21:24:55,294 [INFO] Pass: ContractIdleWiresInControlFlow - 0.00167 (ms)
2026-07-10 21:24:55,294 [INFO] Pass: GatesInBasis - 0.00858 (ms)
2026-07-10 21:24:55,294 [INFO] Pass: Depth - 0.00954 (ms)
2026-07-10 21:24:55,294 [INFO] Pass: FixedPoint - 0.00358 (ms)
2026-07-10 21:24:55,294 [INFO] Pass: Size - 0.00191 (ms)
2026-07-10 21:24:55,294 [INFO] Pass: FixedPoint - 0.00286 (ms)
2026-07-10 21:24:55,294 [INFO] Pass: RemoveIdentityEquivalent - 0.00358 (ms)
2026-07-10 21:24:55,294 [INFO] Pass: Optimize1qGatesDecomposition - 0.08821 (ms)
2026-07-10 21:24:55,294 [INFO] Pass: CommutativeCancellation - 0.03743 (ms)
2026-07-10 21:24:55,294 [INFO] Pass: ContractIdleWiresInControlFlow - 0.00167 (ms)
2026-07-10 21:24:55,294 [INFO] Pass: GatesInBasis - 0.00739 (ms)
2026-07-10 21:24:55,294 [INFO] Pass: Depth - 0.00834 (ms)
2026-07-10 21:24:55,294 [INFO] Pass: FixedPoint - 0.00310 (ms)
2026-07-10 21:24:55,295 [INFO] Pass: Size - 0.00191 (ms)
2026-07-10 21:24:55,295 [INFO] Pass: FixedPoint - 0.00262 (ms)
2026-07-10 21:24:55,295 [INFO] Pass: ContainsInstruction - 0.00477 (ms)
2026-07-10 21:24:55,295 [INFO] Total Transpile Time - 93.93978 (ms)
2026-07-10 21:25:09,400 [INFO] [PCE] n=25 instancia 38/100 completada en 0:00:00:14 — transcurrido=0:00:08:39 restante_estimado=0:00:14:06
2026-07-10 21:25:09,495 [INFO] Pass: ContainsInstruction - 0.01049 (ms)
2026-07-10 21:25:09,495 [INFO] Pass: UnitarySynthesis - 0.00620 (ms)
2026-07-10 21:25:09,495 [INFO] Pass: HighLevelSynthesis - 0.00668 (ms)
2026-07-10 21:25:09,495 [INFO] Pass: BasisTranslator - 0.06747 (ms)
2026-07-10 21:25:09,495 [INFO] Pass: ElidePermutations - 0.00477 (ms)
2026-07-10 21:25:09,495 [INFO] Pass: RemoveDiagonalGatesBeforeMeasure - 0.00739 (ms)
2026-07-10 21:25:09,495 [INFO] Pass: RemoveIdentityEquivalent - 0.00310 (ms)
2026-07-10 21:25:09,495 [INFO] Pass: InverseCancellation - 0.00501 (ms)
2026-07-10 21:25:09,495 [INFO] Pass: ContractIdleWiresInControlFlow - 0.00215 (ms)
2026-07-10 21:25:09,495 [INFO] Pass: CommutativeCancellation - 0.02193 (ms)
2026-07-10 21:25:09,496 [INFO] Pass: ConsolidateBlocks - 0.03266 (ms)
2026-07-10 21:25:09,496 [INFO] Pass: Split2QUnitaries - 0.00334 (ms)
2026-07-10 21:25:09,496 [INFO] Pass: UnitarySynthesis - 0.00453 (ms)
2026-07-10 21:25:09,496 [INFO] Pass: HighLevelSynthesis - 0.00954 (ms)
2026-07-10 21:25:09,496 [INFO] Pass: BasisTranslator - 0.05317 (ms)
2026-07-10 21:25:09,496 [INFO] Pass: ConsolidateBlocks - 0.03934 (ms)
2026-07-10 21:25:09,496 [INFO] Pass: UnitarySynthesis - 0.00429 (ms)
2026-07-10 21:25:09,496 [INFO] Pass: Depth - 0.01049 (ms)
2026-07-10 21:25:09,496 [INFO] Pass: FixedPoint - 0.00525 (ms)
2026-07-10 21:25:09,496 [INFO] Pass: Size - 0.00381 (ms)
2026-07-10 21:25:09,496 [INFO] Pass: FixedPoint - 0.00286 (ms)
2026-07-10 21:25:09,496 [INFO] Pass: RemoveIdentityEquivalent - 0.00215 (ms)
2026-07-10 21:25:09,496 [INFO] Pass: Optimize1qGatesDecomposition - 0.02933 (ms)
2026-07-10 21:25:09,496 [INFO] Pass: CommutativeCancellation - 0.04387 (ms)
2026-07-10 21:25:09,496 [INFO] Pass: ContractIdleWiresInControlFlow - 0.00191 (ms)
2026-07-10 21:25:09,496 [INFO] Pass: GatesInBasis - 0.00930 (ms)
2026-07-10 21:25:09,496 [INFO] Pass: Depth - 0.00858 (ms)
2026-07-10 21:25:09,496 [INFO] Pass: FixedPoint - 0.00358 (ms)
2026-07-10 21:25:09,496 [INFO] Pass: Size - 0.00191 (ms)
2026-07-10 21:25:09,496 [INFO] Pass: FixedPoint - 0.00286 (ms)
2026-07-10 21:25:09,496 [INFO] Pass: ContainsInstruction - 0.00501 (ms)
2026-07-10 21:25:09,496 [INFO] Total Transpile Time - 94.33270 (ms)
2026-07-10 21:25:09,589 [INFO] Pass: ContainsInstruction - 0.00906 (ms)
2026-07-10 21:25:09,589 [INFO] Pass: UnitarySynthesis - 0.00596 (ms)
2026-07-10 21:25:09,589 [INFO] Pass: HighLevelSynthesis - 0.00525 (ms)
2026-07-10 21:25:09,589 [INFO] Pass: BasisTranslator - 0.05651 (ms)
2026-07-10 21:25:09,589 [INFO] Pass: ElidePermutations - 0.00381 (ms)
2026-07-10 21:25:09,589 [INFO] Pass: RemoveDiagonalGatesBeforeMeasure - 0.00644 (ms)
2026-07-10 21:25:09,589 [INFO] Pass: RemoveIdentityEquivalent - 0.00358 (ms)
2026-07-10 21:25:09,589 [INFO] Pass: InverseCancellation - 0.01216 (ms)
2026-07-10 21:25:09,589 [INFO] Pass: ContractIdleWiresInControlFlow - 0.00191 (ms)
2026-07-10 21:25:09,589 [INFO] Pass: CommutativeCancellation - 0.02575 (ms)
2026-07-10 21:25:09,589 [INFO] Pass: ConsolidateBlocks - 0.03004 (ms)
2026-07-10 21:25:09,589 [INFO] Pass: Split2QUnitaries - 0.00262 (ms)
2026-07-10 21:25:09,589 [INFO] Pass: UnitarySynthesis - 0.00501 (ms)
2026-07-10 21:25:09,589 [INFO] Pass: HighLevelSynthesis - 0.00954 (ms)
2026-07-10 21:25:09,589 [INFO] Pass: BasisTranslator - 0.05364 (ms)
2026-07-10 21:25:09,590 [INFO] Pass: ConsolidateBlocks - 0.04005 (ms)
2026-07-10 21:25:09,590 [INFO] Pass: UnitarySynthesis - 0.00429 (ms)
2026-07-10 21:25:09,590 [INFO] Pass: Depth - 0.00978 (ms)
2026-07-10 21:25:09,590 [INFO] Pass: FixedPoint - 0.00429 (ms)
2026-07-10 21:25:09,590 [INFO] Pass: Size - 0.00286 (ms)
2026-07-10 21:25:09,590 [INFO] Pass: FixedPoint - 0.00310 (ms)
2026-07-10 21:25:09,590 [INFO] Pass: RemoveIdentityEquivalent - 0.00334 (ms)
2026-07-10 21:25:09,590 [INFO] Pass: Optimize1qGatesDecomposition - 0.08798 (ms)
2026-07-10 21:25:09,590 [INFO] Pass: CommutativeCancellation - 0.04745 (ms)
2026-07-10 21:25:09,590 [INFO] Pass: ContractIdleWiresInControlFlow - 0.00143 (ms)
2026-07-10 21:25:09,590 [INFO] Pass: GatesInBasis - 0.00834 (ms)
2026-07-10 21:25:09,590 [INFO] Pass: Depth - 0.00811 (ms)
2026-07-10 21:25:09,590 [INFO] Pass: FixedPoint - 0.00358 (ms)
2026-07-10 21:25:09,590 [INFO] Pass: Size - 0.00215 (ms)
2026-07-10 21:25:09,590 [INFO] Pass: FixedPoint - 0.00310 (ms)
2026-07-10 21:25:09,590 [INFO] Pass: ContainsInstruction - 0.00525 (ms)
2026-07-10 21:25:09,590 [INFO] Total Transpile Time - 93.45198 (ms)
2026-07-10 21:25:09,683 [INFO] Pass: ContainsInstruction - 0.00930 (ms)
2026-07-10 21:25:09,683 [INFO] Pass: UnitarySynthesis - 0.00620 (ms)
2026-07-10 21:25:09,683 [INFO] Pass: HighLevelSynthesis - 0.00548 (ms)
2026-07-10 21:25:09,683 [INFO] Pass: BasisTranslator - 0.05412 (ms)
2026-07-10 21:25:09,684 [INFO] Pass: ElidePermutations - 0.00358 (ms)
2026-07-10 21:25:09,684 [INFO] Pass: RemoveDiagonalGatesBeforeMeasure - 0.00572 (ms)
2026-07-10 21:25:09,684 [INFO] Pass: RemoveIdentityEquivalent - 0.00429 (ms)
2026-07-10 21:25:09,684 [INFO] Pass: InverseCancellation - 0.01216 (ms)
2026-07-10 21:25:09,684 [INFO] Pass: ContractIdleWiresInControlFlow - 0.00215 (ms)
2026-07-10 21:25:09,684 [INFO] Pass: CommutativeCancellation - 0.02313 (ms)
2026-07-10 21:25:09,684 [INFO] Pass: ConsolidateBlocks - 0.02885 (ms)
2026-07-10 21:25:09,684 [INFO] Pass: Split2QUnitaries - 0.00262 (ms)
2026-07-10 21:25:09,684 [INFO] Pass: UnitarySynthesis - 0.00501 (ms)
2026-07-10 21:25:09,684 [INFO] Pass: HighLevelSynthesis - 0.00930 (ms)
2026-07-10 21:25:09,684 [INFO] Pass: BasisTranslator - 0.05317 (ms)
2026-07-10 21:25:09,684 [INFO] Pass: ConsolidateBlocks - 0.04196 (ms)
2026-07-10 21:25:09,684 [INFO] Pass: UnitarySynthesis - 0.00453 (ms)
2026-07-10 21:25:09,684 [INFO] Pass: Depth - 0.00978 (ms)
2026-07-10 21:25:09,684 [INFO] Pass: FixedPoint - 0.00429 (ms)
2026-07-10 21:25:09,684 [INFO] Pass: Size - 0.00262 (ms)
2026-07-10 21:25:09,684 [INFO] Pass: FixedPoint - 0.00286 (ms)
2026-07-10 21:25:09,684 [INFO] Pass: RemoveIdentityEquivalent - 0.00358 (ms)
2026-07-10 21:25:09,684 [INFO] Pass: Optimize1qGatesDecomposition - 0.10157 (ms)
2026-07-10 21:25:09,684 [INFO] Pass: CommutativeCancellation - 0.04411 (ms)
2026-07-10 21:25:09,684 [INFO] Pass: ContractIdleWiresInControlFlow - 0.00167 (ms)
2026-07-10 21:25:09,684 [INFO] Pass: GatesInBasis - 0.00763 (ms)
2026-07-10 21:25:09,684 [INFO] Pass: Depth - 0.00978 (ms)
2026-07-10 21:25:09,684 [INFO] Pass: FixedPoint - 0.00358 (ms)
2026-07-10 21:25:09,684 [INFO] Pass: Size - 0.00238 (ms)
2026-07-10 21:25:09,685 [INFO] Pass: FixedPoint - 0.00286 (ms)
2026-07-10 21:25:09,685 [INFO] Pass: RemoveIdentityEquivalent - 0.00358 (ms)
2026-07-10 21:25:09,685 [INFO] Pass: Optimize1qGatesDecomposition - 0.07796 (ms)
2026-07-10 21:25:09,685 [INFO] Pass: CommutativeCancellation - 0.03743 (ms)
2026-07-10 21:25:09,685 [INFO] Pass: ContractIdleWiresInControlFlow - 0.00167 (ms)
2026-07-10 21:25:09,685 [INFO] Pass: GatesInBasis - 0.00644 (ms)
2026-07-10 21:25:09,685 [INFO] Pass: Depth - 0.00834 (ms)
2026-07-10 21:25:09,685 [INFO] Pass: FixedPoint - 0.00310 (ms)
2026-07-10 21:25:09,685 [INFO] Pass: Size - 0.00215 (ms)
2026-07-10 21:25:09,685 [INFO] Pass: FixedPoint - 0.00286 (ms)
2026-07-10 21:25:09,685 [INFO] Pass: ContainsInstruction - 0.00525 (ms)
2026-07-10 21:25:09,685 [INFO] Total Transpile Time - 94.43021 (ms)
2026-07-10 21:25:23,450 [INFO] [PCE] n=25 instancia 39/100 completada en 0:00:00:14 — transcurrido=0:00:08:53 restante_estimado=0:00:13:53
2026-07-10 21:25:23,547 [INFO] Pass: ContainsInstruction - 0.01121 (ms)
2026-07-10 21:25:23,547 [INFO] Pass: UnitarySynthesis - 0.00668 (ms)
2026-07-10 21:25:23,547 [INFO] Pass: HighLevelSynthesis - 0.00596 (ms)
2026-07-10 21:25:23,547 [INFO] Pass: BasisTranslator - 0.05794 (ms)
2026-07-10 21:25:23,547 [INFO] Pass: ElidePermutations - 0.00548 (ms)
2026-07-10 21:25:23,547 [INFO] Pass: RemoveDiagonalGatesBeforeMeasure - 0.00811 (ms)
2026-07-10 21:25:23,547 [INFO] Pass: RemoveIdentityEquivalent - 0.00310 (ms)
2026-07-10 21:25:23,547 [INFO] Pass: InverseCancellation - 0.00501 (ms)
2026-07-10 21:25:23,547 [INFO] Pass: ContractIdleWiresInControlFlow - 0.00191 (ms)
2026-07-10 21:25:23,547 [INFO] Pass: CommutativeCancellation - 0.02956 (ms)
2026-07-10 21:25:23,547 [INFO] Pass: ConsolidateBlocks - 0.03433 (ms)
2026-07-10 21:25:23,547 [INFO] Pass: Split2QUnitaries - 0.00310 (ms)
2026-07-10 21:25:23,547 [INFO] Pass: UnitarySynthesis - 0.00477 (ms)
2026-07-10 21:25:23,547 [INFO] Pass: HighLevelSynthesis - 0.00882 (ms)
2026-07-10 21:25:23,547 [INFO] Pass: BasisTranslator - 0.05269 (ms)
2026-07-10 21:25:23,547 [INFO] Pass: ConsolidateBlocks - 0.04363 (ms)
2026-07-10 21:25:23,547 [INFO] Pass: UnitarySynthesis - 0.00429 (ms)
2026-07-10 21:25:23,547 [INFO] Pass: Depth - 0.01025 (ms)
2026-07-10 21:25:23,547 [INFO] Pass: FixedPoint - 0.00525 (ms)
2026-07-10 21:25:23,547 [INFO] Pass: Size - 0.00358 (ms)
2026-07-10 21:25:23,547 [INFO] Pass: FixedPoint - 0.00286 (ms)
2026-07-10 21:25:23,547 [INFO] Pass: RemoveIdentityEquivalent - 0.00286 (ms)
2026-07-10 21:25:23,547 [INFO] Pass: Optimize1qGatesDecomposition - 0.02956 (ms)
2026-07-10 21:25:23,548 [INFO] Pass: CommutativeCancellation - 0.04387 (ms)
2026-07-10 21:25:23,548 [INFO] Pass: ContractIdleWiresInControlFlow - 0.00167 (ms)
2026-07-10 21:25:23,548 [INFO] Pass: GatesInBasis - 0.00882 (ms)
2026-07-10 21:25:23,548 [INFO] Pass: Depth - 0.00787 (ms)
2026-07-10 21:25:23,548 [INFO] Pass: FixedPoint - 0.00358 (ms)
2026-07-10 21:25:23,548 [INFO] Pass: Size - 0.00215 (ms)
2026-07-10 21:25:23,548 [INFO] Pass: FixedPoint - 0.00262 (ms)
2026-07-10 21:25:23,548 [INFO] Pass: ContainsInstruction - 0.00453 (ms)
2026-07-10 21:25:23,548 [INFO] Total Transpile Time - 95.54887 (ms)
2026-07-10 21:25:23,641 [INFO] Pass: ContainsInstruction - 0.00954 (ms)
2026-07-10 21:25:23,641 [INFO] Pass: UnitarySynthesis - 0.00644 (ms)
2026-07-10 21:25:23,641 [INFO] Pass: HighLevelSynthesis - 0.00548 (ms)
2026-07-10 21:25:23,641 [INFO] Pass: BasisTranslator - 0.05412 (ms)
2026-07-10 21:25:23,641 [INFO] Pass: ElidePermutations - 0.00477 (ms)
2026-07-10 21:25:23,641 [INFO] Pass: RemoveDiagonalGatesBeforeMeasure - 0.00644 (ms)
2026-07-10 21:25:23,641 [INFO] Pass: RemoveIdentityEquivalent - 0.00405 (ms)
2026-07-10 21:25:23,641 [INFO] Pass: InverseCancellation - 0.01383 (ms)
2026-07-10 21:25:23,641 [INFO] Pass: ContractIdleWiresInControlFlow - 0.00191 (ms)
2026-07-10 21:25:23,641 [INFO] Pass: CommutativeCancellation - 0.02623 (ms)
2026-07-10 21:25:23,641 [INFO] Pass: ConsolidateBlocks - 0.02980 (ms)
2026-07-10 21:25:23,641 [INFO] Pass: Split2QUnitaries - 0.00310 (ms)
2026-07-10 21:25:23,641 [INFO] Pass: UnitarySynthesis - 0.00477 (ms)
2026-07-10 21:25:23,641 [INFO] Pass: HighLevelSynthesis - 0.00954 (ms)
2026-07-10 21:25:23,641 [INFO] Pass: BasisTranslator - 0.05102 (ms)
2026-07-10 21:25:23,641 [INFO] Pass: ConsolidateBlocks - 0.04101 (ms)
2026-07-10 21:25:23,641 [INFO] Pass: UnitarySynthesis - 0.00453 (ms)
2026-07-10 21:25:23,641 [INFO] Pass: Depth - 0.01049 (ms)
2026-07-10 21:25:23,641 [INFO] Pass: FixedPoint - 0.00477 (ms)
2026-07-10 21:25:23,641 [INFO] Pass: Size - 0.00334 (ms)
2026-07-10 21:25:23,641 [INFO] Pass: FixedPoint - 0.00286 (ms)
2026-07-10 21:25:23,641 [INFO] Pass: RemoveIdentityEquivalent - 0.00334 (ms)
2026-07-10 21:25:23,641 [INFO] Pass: Optimize1qGatesDecomposition - 0.09012 (ms)
2026-07-10 21:25:23,642 [INFO] Pass: CommutativeCancellation - 0.04911 (ms)
2026-07-10 21:25:23,642 [INFO] Pass: ContractIdleWiresInControlFlow - 0.00167 (ms)
2026-07-10 21:25:23,642 [INFO] Pass: GatesInBasis - 0.00858 (ms)
2026-07-10 21:25:23,642 [INFO] Pass: Depth - 0.00882 (ms)
2026-07-10 21:25:23,642 [INFO] Pass: FixedPoint - 0.00358 (ms)
2026-07-10 21:25:23,642 [INFO] Pass: Size - 0.00191 (ms)
2026-07-10 21:25:23,642 [INFO] Pass: FixedPoint - 0.00286 (ms)
2026-07-10 21:25:23,642 [INFO] Pass: ContainsInstruction - 0.00477 (ms)
2026-07-10 21:25:23,642 [INFO] Total Transpile Time - 93.59503 (ms)
2026-07-10 21:25:23,736 [INFO] Pass: ContainsInstruction - 0.00906 (ms)
2026-07-10 21:25:23,736 [INFO] Pass: UnitarySynthesis - 0.00620 (ms)
2026-07-10 21:25:23,736 [INFO] Pass: HighLevelSynthesis - 0.00548 (ms)
2026-07-10 21:25:23,736 [INFO] Pass: BasisTranslator - 0.05317 (ms)
2026-07-10 21:25:23,736 [INFO] Pass: ElidePermutations - 0.00405 (ms)
2026-07-10 21:25:23,736 [INFO] Pass: RemoveDiagonalGatesBeforeMeasure - 0.00548 (ms)
2026-07-10 21:25:23,736 [INFO] Pass: RemoveIdentityEquivalent - 0.00405 (ms)
2026-07-10 21:25:23,736 [INFO] Pass: InverseCancellation - 0.01287 (ms)
2026-07-10 21:25:23,736 [INFO] Pass: ContractIdleWiresInControlFlow - 0.00215 (ms)
2026-07-10 21:25:23,736 [INFO] Pass: CommutativeCancellation - 0.02265 (ms)
2026-07-10 21:25:23,736 [INFO] Pass: ConsolidateBlocks - 0.02933 (ms)
2026-07-10 21:25:23,736 [INFO] Pass: Split2QUnitaries - 0.00262 (ms)
2026-07-10 21:25:23,736 [INFO] Pass: UnitarySynthesis - 0.00477 (ms)
2026-07-10 21:25:23,736 [INFO] Pass: HighLevelSynthesis - 0.01001 (ms)
2026-07-10 21:25:23,736 [INFO] Pass: BasisTranslator - 0.05341 (ms)
2026-07-10 21:25:23,736 [INFO] Pass: ConsolidateBlocks - 0.04148 (ms)
2026-07-10 21:25:23,736 [INFO] Pass: UnitarySynthesis - 0.00477 (ms)
2026-07-10 21:25:23,737 [INFO] Pass: Depth - 0.00978 (ms)
2026-07-10 21:25:23,737 [INFO] Pass: FixedPoint - 0.00429 (ms)
2026-07-10 21:25:23,737 [INFO] Pass: Size - 0.00334 (ms)
2026-07-10 21:25:23,737 [INFO] Pass: FixedPoint - 0.00262 (ms)
2026-07-10 21:25:23,737 [INFO] Pass: RemoveIdentityEquivalent - 0.00358 (ms)
2026-07-10 21:25:23,737 [INFO] Pass: Optimize1qGatesDecomposition - 0.09227 (ms)
2026-07-10 21:25:23,737 [INFO] Pass: CommutativeCancellation - 0.04363 (ms)
2026-07-10 21:25:23,737 [INFO] Pass: ContractIdleWiresInControlFlow - 0.00191 (ms)
2026-07-10 21:25:23,737 [INFO] Pass: GatesInBasis - 0.00834 (ms)
2026-07-10 21:25:23,737 [INFO] Pass: Depth - 0.00954 (ms)
2026-07-10 21:25:23,737 [INFO] Pass: FixedPoint - 0.00358 (ms)
2026-07-10 21:25:23,737 [INFO] Pass: Size - 0.00215 (ms)
2026-07-10 21:25:23,737 [INFO] Pass: FixedPoint - 0.00310 (ms)
2026-07-10 21:25:23,737 [INFO] Pass: RemoveIdentityEquivalent - 0.00358 (ms)
2026-07-10 21:25:23,737 [INFO] Pass: Optimize1qGatesDecomposition - 0.07677 (ms)
2026-07-10 21:25:23,737 [INFO] Pass: CommutativeCancellation - 0.03815 (ms)
2026-07-10 21:25:23,737 [INFO] Pass: ContractIdleWiresInControlFlow - 0.00143 (ms)
2026-07-10 21:25:23,737 [INFO] Pass: GatesInBasis - 0.00668 (ms)
2026-07-10 21:25:23,737 [INFO] Pass: Depth - 0.00811 (ms)
2026-07-10 21:25:23,737 [INFO] Pass: FixedPoint - 0.00310 (ms)
2026-07-10 21:25:23,737 [INFO] Pass: Size - 0.00191 (ms)
2026-07-10 21:25:23,737 [INFO] Pass: FixedPoint - 0.00286 (ms)
2026-07-10 21:25:23,737 [INFO] Pass: ContainsInstruction - 0.00525 (ms)
2026-07-10 21:25:23,737 [INFO] Total Transpile Time - 95.20459 (ms)
2026-07-10 21:25:37,818 [INFO] [PCE] n=25 instancia 40/100 completada en 0:00:00:14 — transcurrido=0:00:09:07 restante_estimado=0:00:13:40
2026-07-10 21:25:37,914 [INFO] Pass: ContainsInstruction - 0.01025 (ms)
2026-07-10 21:25:37,914 [INFO] Pass: UnitarySynthesis - 0.00620 (ms)
2026-07-10 21:25:37,914 [INFO] Pass: HighLevelSynthesis - 0.00644 (ms)
2026-07-10 21:25:37,914 [INFO] Pass: BasisTranslator - 0.06008 (ms)
2026-07-10 21:25:37,914 [INFO] Pass: ElidePermutations - 0.00525 (ms)
2026-07-10 21:25:37,914 [INFO] Pass: RemoveDiagonalGatesBeforeMeasure - 0.00739 (ms)
2026-07-10 21:25:37,914 [INFO] Pass: RemoveIdentityEquivalent - 0.00310 (ms)
2026-07-10 21:25:37,914 [INFO] Pass: InverseCancellation - 0.00548 (ms)
2026-07-10 21:25:37,914 [INFO] Pass: ContractIdleWiresInControlFlow - 0.00286 (ms)
2026-07-10 21:25:37,914 [INFO] Pass: CommutativeCancellation - 0.02360 (ms)
2026-07-10 21:25:37,914 [INFO] Pass: ConsolidateBlocks - 0.03290 (ms)
2026-07-10 21:25:37,914 [INFO] Pass: Split2QUnitaries - 0.00358 (ms)
2026-07-10 21:25:37,914 [INFO] Pass: UnitarySynthesis - 0.00477 (ms)
2026-07-10 21:25:37,914 [INFO] Pass: HighLevelSynthesis - 0.00954 (ms)
2026-07-10 21:25:37,914 [INFO] Pass: BasisTranslator - 0.05388 (ms)
2026-07-10 21:25:37,914 [INFO] Pass: ConsolidateBlocks - 0.04244 (ms)
2026-07-10 21:25:37,915 [INFO] Pass: UnitarySynthesis - 0.00405 (ms)
2026-07-10 21:25:37,915 [INFO] Pass: Depth - 0.01073 (ms)
2026-07-10 21:25:37,915 [INFO] Pass: FixedPoint - 0.00525 (ms)
2026-07-10 21:25:37,915 [INFO] Pass: Size - 0.00358 (ms)
2026-07-10 21:25:37,915 [INFO] Pass: FixedPoint - 0.00310 (ms)
2026-07-10 21:25:37,915 [INFO] Pass: RemoveIdentityEquivalent - 0.00238 (ms)
2026-07-10 21:25:37,915 [INFO] Pass: Optimize1qGatesDecomposition - 0.03004 (ms)
2026-07-10 21:25:37,915 [INFO] Pass: CommutativeCancellation - 0.04339 (ms)
2026-07-10 21:25:37,915 [INFO] Pass: ContractIdleWiresInControlFlow - 0.00191 (ms)
2026-07-10 21:25:37,915 [INFO] Pass: GatesInBasis - 0.00906 (ms)
2026-07-10 21:25:37,915 [INFO] Pass: Depth - 0.00858 (ms)
2026-07-10 21:25:37,915 [INFO] Pass: FixedPoint - 0.00310 (ms)
2026-07-10 21:25:37,915 [INFO] Pass: Size - 0.00191 (ms)
2026-07-10 21:25:37,915 [INFO] Pass: FixedPoint - 0.00310 (ms)
2026-07-10 21:25:37,915 [INFO] Pass: ContainsInstruction - 0.00477 (ms)
2026-07-10 21:25:37,915 [INFO] Total Transpile Time - 95.56842 (ms)
2026-07-10 21:25:38,010 [INFO] Pass: ContainsInstruction - 0.00906 (ms)
2026-07-10 21:25:38,010 [INFO] Pass: UnitarySynthesis - 0.00620 (ms)
2026-07-10 21:25:38,010 [INFO] Pass: HighLevelSynthesis - 0.00572 (ms)
2026-07-10 21:25:38,010 [INFO] Pass: BasisTranslator - 0.05412 (ms)
2026-07-10 21:25:38,010 [INFO] Pass: ElidePermutations - 0.00405 (ms)
2026-07-10 21:25:38,010 [INFO] Pass: RemoveDiagonalGatesBeforeMeasure - 0.00668 (ms)
2026-07-10 21:25:38,010 [INFO] Pass: RemoveIdentityEquivalent - 0.00405 (ms)
2026-07-10 21:25:38,010 [INFO] Pass: InverseCancellation - 0.01335 (ms)
2026-07-10 21:25:38,010 [INFO] Pass: ContractIdleWiresInControlFlow - 0.00215 (ms)
2026-07-10 21:25:38,010 [INFO] Pass: CommutativeCancellation - 0.02575 (ms)
2026-07-10 21:25:38,010 [INFO] Pass: ConsolidateBlocks - 0.03767 (ms)
2026-07-10 21:25:38,010 [INFO] Pass: Split2QUnitaries - 0.00310 (ms)
2026-07-10 21:25:38,010 [INFO] Pass: UnitarySynthesis - 0.00477 (ms)
2026-07-10 21:25:38,010 [INFO] Pass: HighLevelSynthesis - 0.00978 (ms)
2026-07-10 21:25:38,010 [INFO] Pass: BasisTranslator - 0.05388 (ms)
2026-07-10 21:25:38,010 [INFO] Pass: ConsolidateBlocks - 0.04220 (ms)
2026-07-10 21:25:38,011 [INFO] Pass: UnitarySynthesis - 0.00453 (ms)
2026-07-10 21:25:38,011 [INFO] Pass: Depth - 0.01025 (ms)
2026-07-10 21:25:38,011 [INFO] Pass: FixedPoint - 0.00477 (ms)
2026-07-10 21:25:38,011 [INFO] Pass: Size - 0.00286 (ms)
2026-07-10 21:25:38,011 [INFO] Pass: FixedPoint - 0.00286 (ms)
2026-07-10 21:25:38,011 [INFO] Pass: RemoveIdentityEquivalent - 0.00310 (ms)
2026-07-10 21:25:38,011 [INFO] Pass: Optimize1qGatesDecomposition - 0.09036 (ms)
2026-07-10 21:25:38,011 [INFO] Pass: CommutativeCancellation - 0.04888 (ms)
2026-07-10 21:25:38,011 [INFO] Pass: ContractIdleWiresInControlFlow - 0.00191 (ms)
2026-07-10 21:25:38,011 [INFO] Pass: GatesInBasis - 0.00954 (ms)
2026-07-10 21:25:38,011 [INFO] Pass: Depth - 0.00858 (ms)
2026-07-10 21:25:38,011 [INFO] Pass: FixedPoint - 0.00358 (ms)
2026-07-10 21:25:38,011 [INFO] Pass: Size - 0.00191 (ms)
2026-07-10 21:25:38,011 [INFO] Pass: FixedPoint - 0.00262 (ms)
2026-07-10 21:25:38,011 [INFO] Pass: ContainsInstruction - 0.00501 (ms)
2026-07-10 21:25:38,011 [INFO] Total Transpile Time - 95.63136 (ms)
2026-07-10 21:25:38,104 [INFO] Pass: ContainsInstruction - 0.00954 (ms)
2026-07-10 21:25:38,104 [INFO] Pass: UnitarySynthesis - 0.00620 (ms)
2026-07-10 21:25:38,104 [INFO] Pass: HighLevelSynthesis - 0.00501 (ms)
2026-07-10 21:25:38,104 [INFO] Pass: BasisTranslator - 0.05269 (ms)
2026-07-10 21:25:38,104 [INFO] Pass: ElidePermutations - 0.00405 (ms)
2026-07-10 21:25:38,104 [INFO] Pass: RemoveDiagonalGatesBeforeMeasure - 0.00572 (ms)
2026-07-10 21:25:38,104 [INFO] Pass: RemoveIdentityEquivalent - 0.00429 (ms)
2026-07-10 21:25:38,104 [INFO] Pass: InverseCancellation - 0.01192 (ms)
2026-07-10 21:25:38,104 [INFO] Pass: ContractIdleWiresInControlFlow - 0.00215 (ms)
2026-07-10 21:25:38,104 [INFO] Pass: CommutativeCancellation - 0.02384 (ms)
2026-07-10 21:25:38,104 [INFO] Pass: ConsolidateBlocks - 0.02789 (ms)
2026-07-10 21:25:38,104 [INFO] Pass: Split2QUnitaries - 0.00262 (ms)
2026-07-10 21:25:38,104 [INFO] Pass: UnitarySynthesis - 0.00501 (ms)
2026-07-10 21:25:38,104 [INFO] Pass: HighLevelSynthesis - 0.00930 (ms)
2026-07-10 21:25:38,104 [INFO] Pass: BasisTranslator - 0.05198 (ms)
2026-07-10 21:25:38,104 [INFO] Pass: ConsolidateBlocks - 0.04148 (ms)
2026-07-10 21:25:38,104 [INFO] Pass: UnitarySynthesis - 0.00477 (ms)
2026-07-10 21:25:38,104 [INFO] Pass: Depth - 0.01001 (ms)
2026-07-10 21:25:38,104 [INFO] Pass: FixedPoint - 0.00453 (ms)
2026-07-10 21:25:38,104 [INFO] Pass: Size - 0.00262 (ms)
2026-07-10 21:25:38,104 [INFO] Pass: FixedPoint - 0.00262 (ms)
2026-07-10 21:25:38,104 [INFO] Pass: RemoveIdentityEquivalent - 0.00334 (ms)
2026-07-10 21:25:38,104 [INFO] Pass: Optimize1qGatesDecomposition - 0.09656 (ms)
2026-07-10 21:25:38,105 [INFO] Pass: CommutativeCancellation - 0.04458 (ms)
2026-07-10 21:25:38,105 [INFO] Pass: ContractIdleWiresInControlFlow - 0.00191 (ms)
2026-07-10 21:25:38,105 [INFO] Pass: GatesInBasis - 0.00834 (ms)
2026-07-10 21:25:38,105 [INFO] Pass: Depth - 0.00954 (ms)
2026-07-10 21:25:38,105 [INFO] Pass: FixedPoint - 0.00358 (ms)
2026-07-10 21:25:38,105 [INFO] Pass: Size - 0.00215 (ms)
2026-07-10 21:25:38,105 [INFO] Pass: FixedPoint - 0.00286 (ms)
2026-07-10 21:25:38,105 [INFO] Pass: RemoveIdentityEquivalent - 0.00334 (ms)
2026-07-10 21:25:38,105 [INFO] Pass: Optimize1qGatesDecomposition - 0.07915 (ms)
2026-07-10 21:25:38,105 [INFO] Pass: CommutativeCancellation - 0.03815 (ms)
2026-07-10 21:25:38,105 [INFO] Pass: ContractIdleWiresInControlFlow - 0.00167 (ms)
2026-07-10 21:25:38,105 [INFO] Pass: GatesInBasis - 0.00644 (ms)
2026-07-10 21:25:38,105 [INFO] Pass: Depth - 0.00787 (ms)
2026-07-10 21:25:38,105 [INFO] Pass: FixedPoint - 0.00334 (ms)
2026-07-10 21:25:38,105 [INFO] Pass: Size - 0.00215 (ms)
2026-07-10 21:25:38,105 [INFO] Pass: FixedPoint - 0.00262 (ms)
2026-07-10 21:25:38,105 [INFO] Pass: ContainsInstruction - 0.00525 (ms)
2026-07-10 21:25:38,105 [INFO] Total Transpile Time - 93.67347 (ms)
2026-07-10 21:25:50,948 [INFO] [PCE] n=25 instancia 41/100 completada en 0:00:00:13 — transcurrido=0:00:09:20 restante_estimado=0:00:13:26
2026-07-10 21:25:51,044 [INFO] Pass: ContainsInstruction - 0.01144 (ms)
2026-07-10 21:25:51,044 [INFO] Pass: UnitarySynthesis - 0.00644 (ms)
2026-07-10 21:25:51,044 [INFO] Pass: HighLevelSynthesis - 0.00691 (ms)
2026-07-10 21:25:51,044 [INFO] Pass: BasisTranslator - 0.06032 (ms)
2026-07-10 21:25:51,044 [INFO] Pass: ElidePermutations - 0.00501 (ms)
2026-07-10 21:25:51,044 [INFO] Pass: RemoveDiagonalGatesBeforeMeasure - 0.00763 (ms)
2026-07-10 21:25:51,044 [INFO] Pass: RemoveIdentityEquivalent - 0.00310 (ms)
2026-07-10 21:25:51,044 [INFO] Pass: InverseCancellation - 0.01264 (ms)
2026-07-10 21:25:51,044 [INFO] Pass: ContractIdleWiresInControlFlow - 0.00238 (ms)
2026-07-10 21:25:51,044 [INFO] Pass: CommutativeCancellation - 0.02313 (ms)
2026-07-10 21:25:51,044 [INFO] Pass: ConsolidateBlocks - 0.03433 (ms)
2026-07-10 21:25:51,044 [INFO] Pass: Split2QUnitaries - 0.00381 (ms)
2026-07-10 21:25:51,044 [INFO] Pass: UnitarySynthesis - 0.00477 (ms)
2026-07-10 21:25:51,044 [INFO] Pass: HighLevelSynthesis - 0.00978 (ms)
2026-07-10 21:25:51,045 [INFO] Pass: BasisTranslator - 0.05436 (ms)
2026-07-10 21:25:51,045 [INFO] Pass: ConsolidateBlocks - 0.04005 (ms)
2026-07-10 21:25:51,045 [INFO] Pass: UnitarySynthesis - 0.00405 (ms)
2026-07-10 21:25:51,045 [INFO] Pass: Depth - 0.01049 (ms)
2026-07-10 21:25:51,045 [INFO] Pass: FixedPoint - 0.00525 (ms)
2026-07-10 21:25:51,045 [INFO] Pass: Size - 0.00334 (ms)
2026-07-10 21:25:51,045 [INFO] Pass: FixedPoint - 0.00286 (ms)
2026-07-10 21:25:51,045 [INFO] Pass: RemoveIdentityEquivalent - 0.00262 (ms)
2026-07-10 21:25:51,045 [INFO] Pass: Optimize1qGatesDecomposition - 0.03052 (ms)
2026-07-10 21:25:51,045 [INFO] Pass: CommutativeCancellation - 0.04339 (ms)
2026-07-10 21:25:51,045 [INFO] Pass: ContractIdleWiresInControlFlow - 0.00215 (ms)
2026-07-10 21:25:51,045 [INFO] Pass: GatesInBasis - 0.00930 (ms)
2026-07-10 21:25:51,045 [INFO] Pass: Depth - 0.00739 (ms)
2026-07-10 21:25:51,045 [INFO] Pass: FixedPoint - 0.00334 (ms)
2026-07-10 21:25:51,045 [INFO] Pass: Size - 0.00191 (ms)
2026-07-10 21:25:51,045 [INFO] Pass: FixedPoint - 0.00286 (ms)
2026-07-10 21:25:51,045 [INFO] Pass: ContainsInstruction - 0.00453 (ms)
2026-07-10 21:25:51,045 [INFO] Total Transpile Time - 95.28518 (ms)
2026-07-10 21:25:51,138 [INFO] Pass: ContainsInstruction - 0.00954 (ms)
2026-07-10 21:25:51,138 [INFO] Pass: UnitarySynthesis - 0.00620 (ms)
2026-07-10 21:25:51,138 [INFO] Pass: HighLevelSynthesis - 0.00572 (ms)
2026-07-10 21:25:51,138 [INFO] Pass: BasisTranslator - 0.05651 (ms)
2026-07-10 21:25:51,138 [INFO] Pass: ElidePermutations - 0.00405 (ms)
2026-07-10 21:25:51,138 [INFO] Pass: RemoveDiagonalGatesBeforeMeasure - 0.00596 (ms)
2026-07-10 21:25:51,138 [INFO] Pass: RemoveIdentityEquivalent - 0.00405 (ms)
2026-07-10 21:25:51,138 [INFO] Pass: InverseCancellation - 0.01311 (ms)
2026-07-10 21:25:51,138 [INFO] Pass: ContractIdleWiresInControlFlow - 0.00215 (ms)
2026-07-10 21:25:51,138 [INFO] Pass: CommutativeCancellation - 0.02551 (ms)
2026-07-10 21:25:51,138 [INFO] Pass: ConsolidateBlocks - 0.03028 (ms)
2026-07-10 21:25:51,139 [INFO] Pass: Split2QUnitaries - 0.00358 (ms)
2026-07-10 21:25:51,139 [INFO] Pass: UnitarySynthesis - 0.00429 (ms)
2026-07-10 21:25:51,139 [INFO] Pass: HighLevelSynthesis - 0.00930 (ms)
2026-07-10 21:25:51,139 [INFO] Pass: BasisTranslator - 0.05388 (ms)
2026-07-10 21:25:51,139 [INFO] Pass: ConsolidateBlocks - 0.04101 (ms)
2026-07-10 21:25:51,139 [INFO] Pass: UnitarySynthesis - 0.00405 (ms)
2026-07-10 21:25:51,139 [INFO] Pass: Depth - 0.00954 (ms)
2026-07-10 21:25:51,139 [INFO] Pass: FixedPoint - 0.00453 (ms)
2026-07-10 21:25:51,139 [INFO] Pass: Size - 0.00286 (ms)
2026-07-10 21:25:51,139 [INFO] Pass: FixedPoint - 0.00286 (ms)
2026-07-10 21:25:51,139 [INFO] Pass: RemoveIdentityEquivalent - 0.00310 (ms)
2026-07-10 21:25:51,139 [INFO] Pass: Optimize1qGatesDecomposition - 0.09298 (ms)
2026-07-10 21:25:51,139 [INFO] Pass: CommutativeCancellation - 0.05007 (ms)
2026-07-10 21:25:51,139 [INFO] Pass: ContractIdleWiresInControlFlow - 0.00167 (ms)
2026-07-10 21:25:51,139 [INFO] Pass: GatesInBasis - 0.00858 (ms)
2026-07-10 21:25:51,139 [INFO] Pass: Depth - 0.00811 (ms)
2026-07-10 21:25:51,139 [INFO] Pass: FixedPoint - 0.00358 (ms)
2026-07-10 21:25:51,139 [INFO] Pass: Size - 0.00191 (ms)
2026-07-10 21:25:51,139 [INFO] Pass: FixedPoint - 0.00286 (ms)
2026-07-10 21:25:51,139 [INFO] Pass: ContainsInstruction - 0.01168 (ms)
2026-07-10 21:25:51,139 [INFO] Total Transpile Time - 93.73069 (ms)
2026-07-10 21:25:51,233 [INFO] Pass: ContainsInstruction - 0.00906 (ms)
2026-07-10 21:25:51,233 [INFO] Pass: UnitarySynthesis - 0.00596 (ms)
2026-07-10 21:25:51,233 [INFO] Pass: HighLevelSynthesis - 0.00572 (ms)
2026-07-10 21:25:51,234 [INFO] Pass: BasisTranslator - 0.05412 (ms)
2026-07-10 21:25:51,234 [INFO] Pass: ElidePermutations - 0.00381 (ms)
2026-07-10 21:25:51,234 [INFO] Pass: RemoveDiagonalGatesBeforeMeasure - 0.00620 (ms)
2026-07-10 21:25:51,234 [INFO] Pass: RemoveIdentityEquivalent - 0.00429 (ms)
2026-07-10 21:25:51,234 [INFO] Pass: InverseCancellation - 0.01168 (ms)
2026-07-10 21:25:51,234 [INFO] Pass: ContractIdleWiresInControlFlow - 0.00215 (ms)
2026-07-10 21:25:51,234 [INFO] Pass: CommutativeCancellation - 0.02360 (ms)
2026-07-10 21:25:51,234 [INFO] Pass: ConsolidateBlocks - 0.02956 (ms)
2026-07-10 21:25:51,234 [INFO] Pass: Split2QUnitaries - 0.00358 (ms)
2026-07-10 21:25:51,234 [INFO] Pass: UnitarySynthesis - 0.00477 (ms)
2026-07-10 21:25:51,234 [INFO] Pass: HighLevelSynthesis - 0.01001 (ms)
2026-07-10 21:25:51,234 [INFO] Pass: BasisTranslator - 0.05388 (ms)
2026-07-10 21:25:51,234 [INFO] Pass: ConsolidateBlocks - 0.04101 (ms)
2026-07-10 21:25:51,234 [INFO] Pass: UnitarySynthesis - 0.00453 (ms)
2026-07-10 21:25:51,234 [INFO] Pass: Depth - 0.00954 (ms)
2026-07-10 21:25:51,234 [INFO] Pass: FixedPoint - 0.00453 (ms)
2026-07-10 21:25:51,234 [INFO] Pass: Size - 0.00310 (ms)
2026-07-10 21:25:51,234 [INFO] Pass: FixedPoint - 0.00262 (ms)
2026-07-10 21:25:51,234 [INFO] Pass: RemoveIdentityEquivalent - 0.00358 (ms)
2026-07-10 21:25:51,234 [INFO] Pass: Optimize1qGatesDecomposition - 0.09751 (ms)
2026-07-10 21:25:51,234 [INFO] Pass: CommutativeCancellation - 0.04435 (ms)
2026-07-10 21:25:51,234 [INFO] Pass: ContractIdleWiresInControlFlow - 0.00191 (ms)
2026-07-10 21:25:51,234 [INFO] Pass: GatesInBasis - 0.00858 (ms)
2026-07-10 21:25:51,235 [INFO] Pass: Depth - 0.00930 (ms)
2026-07-10 21:25:51,235 [INFO] Pass: FixedPoint - 0.00358 (ms)
2026-07-10 21:25:51,235 [INFO] Pass: Size - 0.00191 (ms)
2026-07-10 21:25:51,235 [INFO] Pass: FixedPoint - 0.00286 (ms)
2026-07-10 21:25:51,235 [INFO] Pass: RemoveIdentityEquivalent - 0.00358 (ms)
2026-07-10 21:25:51,235 [INFO] Pass: Optimize1qGatesDecomposition - 0.07987 (ms)
2026-07-10 21:25:51,235 [INFO] Pass: CommutativeCancellation - 0.03839 (ms)
2026-07-10 21:25:51,235 [INFO] Pass: ContractIdleWiresInControlFlow - 0.00167 (ms)
2026-07-10 21:25:51,235 [INFO] Pass: GatesInBasis - 0.00691 (ms)
2026-07-10 21:25:51,235 [INFO] Pass: Depth - 0.00834 (ms)
2026-07-10 21:25:51,235 [INFO] Pass: FixedPoint - 0.00334 (ms)
2026-07-10 21:25:51,235 [INFO] Pass: Size - 0.00191 (ms)
2026-07-10 21:25:51,235 [INFO] Pass: FixedPoint - 0.00238 (ms)
2026-07-10 21:25:51,235 [INFO] Pass: ContainsInstruction - 0.00525 (ms)
2026-07-10 21:25:51,235 [INFO] Total Transpile Time - 95.33644 (ms)
2026-07-10 21:26:03,794 [INFO] [PCE] n=25 instancia 42/100 completada en 0:00:00:13 — transcurrido=0:00:09:33 restante_estimado=0:00:13:11
2026-07-10 21:26:03,890 [INFO] Pass: ContainsInstruction - 0.01073 (ms)
2026-07-10 21:26:03,890 [INFO] Pass: UnitarySynthesis - 0.00620 (ms)
2026-07-10 21:26:03,890 [INFO] Pass: HighLevelSynthesis - 0.00644 (ms)
2026-07-10 21:26:03,890 [INFO] Pass: BasisTranslator - 0.05841 (ms)
2026-07-10 21:26:03,890 [INFO] Pass: ElidePermutations - 0.00548 (ms)
2026-07-10 21:26:03,890 [INFO] Pass: RemoveDiagonalGatesBeforeMeasure - 0.00811 (ms)
2026-07-10 21:26:03,890 [INFO] Pass: RemoveIdentityEquivalent - 0.00334 (ms)
2026-07-10 21:26:03,890 [INFO] Pass: InverseCancellation - 0.00501 (ms)
2026-07-10 21:26:03,890 [INFO] Pass: ContractIdleWiresInControlFlow - 0.00191 (ms)
2026-07-10 21:26:03,890 [INFO] Pass: CommutativeCancellation - 0.02193 (ms)
2026-07-10 21:26:03,890 [INFO] Pass: ConsolidateBlocks - 0.03386 (ms)
2026-07-10 21:26:03,890 [INFO] Pass: Split2QUnitaries - 0.00358 (ms)
2026-07-10 21:26:03,890 [INFO] Pass: UnitarySynthesis - 0.00453 (ms)
2026-07-10 21:26:03,890 [INFO] Pass: HighLevelSynthesis - 0.01001 (ms)
2026-07-10 21:26:03,890 [INFO] Pass: BasisTranslator - 0.05412 (ms)
2026-07-10 21:26:03,890 [INFO] Pass: ConsolidateBlocks - 0.04053 (ms)
2026-07-10 21:26:03,890 [INFO] Pass: UnitarySynthesis - 0.00381 (ms)
2026-07-10 21:26:03,891 [INFO] Pass: Depth - 0.01025 (ms)
2026-07-10 21:26:03,891 [INFO] Pass: FixedPoint - 0.00453 (ms)
2026-07-10 21:26:03,891 [INFO] Pass: Size - 0.00358 (ms)
2026-07-10 21:26:03,891 [INFO] Pass: FixedPoint - 0.00286 (ms)
2026-07-10 21:26:03,891 [INFO] Pass: RemoveIdentityEquivalent - 0.00238 (ms)
2026-07-10 21:26:03,891 [INFO] Pass: Optimize1qGatesDecomposition - 0.02718 (ms)
2026-07-10 21:26:03,891 [INFO] Pass: CommutativeCancellation - 0.04315 (ms)
2026-07-10 21:26:03,891 [INFO] Pass: ContractIdleWiresInControlFlow - 0.00191 (ms)
2026-07-10 21:26:03,891 [INFO] Pass: GatesInBasis - 0.00954 (ms)
2026-07-10 21:26:03,891 [INFO] Pass: Depth - 0.00882 (ms)
2026-07-10 21:26:03,891 [INFO] Pass: FixedPoint - 0.00334 (ms)
2026-07-10 21:26:03,891 [INFO] Pass: Size - 0.00215 (ms)
2026-07-10 21:26:03,891 [INFO] Pass: FixedPoint - 0.00262 (ms)
2026-07-10 21:26:03,891 [INFO] Pass: ContainsInstruction - 0.00429 (ms)
2026-07-10 21:26:03,891 [INFO] Total Transpile Time - 95.54720 (ms)
2026-07-10 21:26:03,983 [INFO] Pass: ContainsInstruction - 0.00930 (ms)
2026-07-10 21:26:03,984 [INFO] Pass: UnitarySynthesis - 0.00572 (ms)
2026-07-10 21:26:03,984 [INFO] Pass: HighLevelSynthesis - 0.00525 (ms)
2026-07-10 21:26:03,984 [INFO] Pass: BasisTranslator - 0.05436 (ms)
2026-07-10 21:26:03,984 [INFO] Pass: ElidePermutations - 0.00381 (ms)
2026-07-10 21:26:03,984 [INFO] Pass: RemoveDiagonalGatesBeforeMeasure - 0.00668 (ms)
2026-07-10 21:26:03,984 [INFO] Pass: RemoveIdentityEquivalent - 0.00429 (ms)
2026-07-10 21:26:03,984 [INFO] Pass: InverseCancellation - 0.01287 (ms)
2026-07-10 21:26:03,984 [INFO] Pass: ContractIdleWiresInControlFlow - 0.00238 (ms)
2026-07-10 21:26:03,984 [INFO] Pass: CommutativeCancellation - 0.02646 (ms)
2026-07-10 21:26:03,984 [INFO] Pass: ConsolidateBlocks - 0.03004 (ms)
2026-07-10 21:26:03,984 [INFO] Pass: Split2QUnitaries - 0.00286 (ms)
2026-07-10 21:26:03,984 [INFO] Pass: UnitarySynthesis - 0.00477 (ms)
2026-07-10 21:26:03,984 [INFO] Pass: HighLevelSynthesis - 0.00954 (ms)
2026-07-10 21:26:03,984 [INFO] Pass: BasisTranslator - 0.05460 (ms)
2026-07-10 21:26:03,984 [INFO] Pass: ConsolidateBlocks - 0.03958 (ms)
2026-07-10 21:26:03,984 [INFO] Pass: UnitarySynthesis - 0.00453 (ms)
2026-07-10 21:26:03,984 [INFO] Pass: Depth - 0.00978 (ms)
2026-07-10 21:26:03,984 [INFO] Pass: FixedPoint - 0.00453 (ms)
2026-07-10 21:26:03,984 [INFO] Pass: Size - 0.00310 (ms)
2026-07-10 21:26:03,984 [INFO] Pass: FixedPoint - 0.00286 (ms)
2026-07-10 21:26:03,984 [INFO] Pass: RemoveIdentityEquivalent - 0.00381 (ms)
2026-07-10 21:26:03,984 [INFO] Pass: Optimize1qGatesDecomposition - 0.09060 (ms)
2026-07-10 21:26:03,985 [INFO] Pass: CommutativeCancellation - 0.04840 (ms)
2026-07-10 21:26:03,985 [INFO] Pass: ContractIdleWiresInControlFlow - 0.00167 (ms)
2026-07-10 21:26:03,985 [INFO] Pass: GatesInBasis - 0.00882 (ms)
2026-07-10 21:26:03,985 [INFO] Pass: Depth - 0.00858 (ms)
2026-07-10 21:26:03,985 [INFO] Pass: FixedPoint - 0.00358 (ms)
2026-07-10 21:26:03,985 [INFO] Pass: Size - 0.00215 (ms)
2026-07-10 21:26:03,985 [INFO] Pass: FixedPoint - 0.00310 (ms)
2026-07-10 21:26:03,985 [INFO] Pass: ContainsInstruction - 0.00525 (ms)
2026-07-10 21:26:03,985 [INFO] Total Transpile Time - 93.34660 (ms)
2026-07-10 21:26:04,078 [INFO] Pass: ContainsInstruction - 0.00930 (ms)
2026-07-10 21:26:04,078 [INFO] Pass: UnitarySynthesis - 0.00572 (ms)
2026-07-10 21:26:04,078 [INFO] Pass: HighLevelSynthesis - 0.00525 (ms)
2026-07-10 21:26:04,078 [INFO] Pass: BasisTranslator - 0.05341 (ms)
2026-07-10 21:26:04,078 [INFO] Pass: ElidePermutations - 0.00334 (ms)
2026-07-10 21:26:04,078 [INFO] Pass: RemoveDiagonalGatesBeforeMeasure - 0.00548 (ms)
2026-07-10 21:26:04,078 [INFO] Pass: RemoveIdentityEquivalent - 0.00429 (ms)
2026-07-10 21:26:04,078 [INFO] Pass: InverseCancellation - 0.01240 (ms)
2026-07-10 21:26:04,078 [INFO] Pass: ContractIdleWiresInControlFlow - 0.00215 (ms)
2026-07-10 21:26:04,078 [INFO] Pass: CommutativeCancellation - 0.02313 (ms)
2026-07-10 21:26:04,078 [INFO] Pass: ConsolidateBlocks - 0.02861 (ms)
2026-07-10 21:26:04,078 [INFO] Pass: Split2QUnitaries - 0.00286 (ms)
2026-07-10 21:26:04,078 [INFO] Pass: UnitarySynthesis - 0.00477 (ms)
2026-07-10 21:26:04,078 [INFO] Pass: HighLevelSynthesis - 0.01025 (ms)
2026-07-10 21:26:04,078 [INFO] Pass: BasisTranslator - 0.05460 (ms)
2026-07-10 21:26:04,078 [INFO] Pass: ConsolidateBlocks - 0.04053 (ms)
2026-07-10 21:26:04,079 [INFO] Pass: UnitarySynthesis - 0.00429 (ms)
2026-07-10 21:26:04,079 [INFO] Pass: Depth - 0.01001 (ms)
2026-07-10 21:26:04,079 [INFO] Pass: FixedPoint - 0.00405 (ms)
2026-07-10 21:26:04,079 [INFO] Pass: Size - 0.00286 (ms)
2026-07-10 21:26:04,079 [INFO] Pass: FixedPoint - 0.00262 (ms)
2026-07-10 21:26:04,079 [INFO] Pass: RemoveIdentityEquivalent - 0.00358 (ms)
2026-07-10 21:26:04,079 [INFO] Pass: Optimize1qGatesDecomposition - 0.09418 (ms)
2026-07-10 21:26:04,079 [INFO] Pass: CommutativeCancellation - 0.04268 (ms)
2026-07-10 21:26:04,079 [INFO] Pass: ContractIdleWiresInControlFlow - 0.00167 (ms)
2026-07-10 21:26:04,079 [INFO] Pass: GatesInBasis - 0.00882 (ms)
2026-07-10 21:26:04,079 [INFO] Pass: Depth - 0.00954 (ms)
2026-07-10 21:26:04,079 [INFO] Pass: FixedPoint - 0.00334 (ms)
2026-07-10 21:26:04,079 [INFO] Pass: Size - 0.00215 (ms)
2026-07-10 21:26:04,079 [INFO] Pass: FixedPoint - 0.00310 (ms)
2026-07-10 21:26:04,079 [INFO] Pass: RemoveIdentityEquivalent - 0.00381 (ms)
2026-07-10 21:26:04,079 [INFO] Pass: Optimize1qGatesDecomposition - 0.08011 (ms)
2026-07-10 21:26:04,079 [INFO] Pass: CommutativeCancellation - 0.03719 (ms)
2026-07-10 21:26:04,079 [INFO] Pass: ContractIdleWiresInControlFlow - 0.00143 (ms)
2026-07-10 21:26:04,079 [INFO] Pass: GatesInBasis - 0.00668 (ms)
2026-07-10 21:26:04,079 [INFO] Pass: Depth - 0.00811 (ms)
2026-07-10 21:26:04,079 [INFO] Pass: FixedPoint - 0.00334 (ms)
2026-07-10 21:26:04,079 [INFO] Pass: Size - 0.00167 (ms)
2026-07-10 21:26:04,079 [INFO] Pass: FixedPoint - 0.00262 (ms)
2026-07-10 21:26:04,079 [INFO] Pass: ContainsInstruction - 0.00548 (ms)
2026-07-10 21:26:04,080 [INFO] Total Transpile Time - 94.27166 (ms)
2026-07-10 21:26:16,836 [INFO] [PCE] n=25 instancia 43/100 completada en 0:00:00:13 — transcurrido=0:00:09:46 restante_estimado=0:00:12:57
2026-07-10 21:26:16,932 [INFO] Pass: ContainsInstruction - 0.01168 (ms)
2026-07-10 21:26:16,933 [INFO] Pass: UnitarySynthesis - 0.00691 (ms)
2026-07-10 21:26:16,933 [INFO] Pass: HighLevelSynthesis - 0.00596 (ms)
2026-07-10 21:26:16,933 [INFO] Pass: BasisTranslator - 0.05984 (ms)
2026-07-10 21:26:16,933 [INFO] Pass: ElidePermutations - 0.00501 (ms)
2026-07-10 21:26:16,933 [INFO] Pass: RemoveDiagonalGatesBeforeMeasure - 0.00715 (ms)
2026-07-10 21:26:16,933 [INFO] Pass: RemoveIdentityEquivalent - 0.00310 (ms)
2026-07-10 21:26:16,933 [INFO] Pass: InverseCancellation - 0.00501 (ms)
2026-07-10 21:26:16,933 [INFO] Pass: ContractIdleWiresInControlFlow - 0.00215 (ms)
2026-07-10 21:26:16,933 [INFO] Pass: CommutativeCancellation - 0.02313 (ms)
2026-07-10 21:26:16,933 [INFO] Pass: ConsolidateBlocks - 0.03433 (ms)
2026-07-10 21:26:16,933 [INFO] Pass: Split2QUnitaries - 0.00334 (ms)
2026-07-10 21:26:16,933 [INFO] Pass: UnitarySynthesis - 0.00477 (ms)
2026-07-10 21:26:16,933 [INFO] Pass: HighLevelSynthesis - 0.00882 (ms)
2026-07-10 21:26:16,933 [INFO] Pass: BasisTranslator - 0.05507 (ms)
2026-07-10 21:26:16,933 [INFO] Pass: ConsolidateBlocks - 0.04053 (ms)
2026-07-10 21:26:16,933 [INFO] Pass: UnitarySynthesis - 0.00429 (ms)
2026-07-10 21:26:16,933 [INFO] Pass: Depth - 0.00978 (ms)
2026-07-10 21:26:16,933 [INFO] Pass: FixedPoint - 0.00453 (ms)
2026-07-10 21:26:16,933 [INFO] Pass: Size - 0.00358 (ms)
2026-07-10 21:26:16,933 [INFO] Pass: FixedPoint - 0.00286 (ms)
2026-07-10 21:26:16,933 [INFO] Pass: RemoveIdentityEquivalent - 0.00215 (ms)
2026-07-10 21:26:16,933 [INFO] Pass: Optimize1qGatesDecomposition - 0.02789 (ms)
2026-07-10 21:26:16,933 [INFO] Pass: CommutativeCancellation - 0.04172 (ms)
2026-07-10 21:26:16,933 [INFO] Pass: ContractIdleWiresInControlFlow - 0.00215 (ms)
2026-07-10 21:26:16,933 [INFO] Pass: GatesInBasis - 0.00834 (ms)
2026-07-10 21:26:16,934 [INFO] Pass: Depth - 0.00834 (ms)
2026-07-10 21:26:16,934 [INFO] Pass: FixedPoint - 0.00358 (ms)
2026-07-10 21:26:16,934 [INFO] Pass: Size - 0.00215 (ms)
2026-07-10 21:26:16,934 [INFO] Pass: FixedPoint - 0.00286 (ms)
2026-07-10 21:26:16,934 [INFO] Pass: ContainsInstruction - 0.00501 (ms)
2026-07-10 21:26:16,934 [INFO] Total Transpile Time - 95.78705 (ms)
2026-07-10 21:26:17,027 [INFO] Pass: ContainsInstruction - 0.00978 (ms)
2026-07-10 21:26:17,027 [INFO] Pass: UnitarySynthesis - 0.00644 (ms)
2026-07-10 21:26:17,027 [INFO] Pass: HighLevelSynthesis - 0.00548 (ms)
2026-07-10 21:26:17,027 [INFO] Pass: BasisTranslator - 0.05531 (ms)
2026-07-10 21:26:17,027 [INFO] Pass: ElidePermutations - 0.00358 (ms)
2026-07-10 21:26:17,027 [INFO] Pass: RemoveDiagonalGatesBeforeMeasure - 0.00620 (ms)
2026-07-10 21:26:17,027 [INFO] Pass: RemoveIdentityEquivalent - 0.00405 (ms)
2026-07-10 21:26:17,027 [INFO] Pass: InverseCancellation - 0.01311 (ms)
2026-07-10 21:26:17,027 [INFO] Pass: ContractIdleWiresInControlFlow - 0.00191 (ms)
2026-07-10 21:26:17,027 [INFO] Pass: CommutativeCancellation - 0.02909 (ms)
2026-07-10 21:26:17,027 [INFO] Pass: ConsolidateBlocks - 0.02933 (ms)
2026-07-10 21:26:17,027 [INFO] Pass: Split2QUnitaries - 0.00262 (ms)
2026-07-10 21:26:17,027 [INFO] Pass: UnitarySynthesis - 0.00453 (ms)
2026-07-10 21:26:17,027 [INFO] Pass: HighLevelSynthesis - 0.00954 (ms)
2026-07-10 21:26:17,028 [INFO] Pass: BasisTranslator - 0.05555 (ms)
2026-07-10 21:26:17,028 [INFO] Pass: ConsolidateBlocks - 0.04148 (ms)
2026-07-10 21:26:17,028 [INFO] Pass: UnitarySynthesis - 0.00429 (ms)
2026-07-10 21:26:17,028 [INFO] Pass: Depth - 0.01025 (ms)
2026-07-10 21:26:17,028 [INFO] Pass: FixedPoint - 0.00429 (ms)
2026-07-10 21:26:17,028 [INFO] Pass: Size - 0.00334 (ms)
2026-07-10 21:26:17,028 [INFO] Pass: FixedPoint - 0.00286 (ms)
2026-07-10 21:26:17,028 [INFO] Pass: RemoveIdentityEquivalent - 0.00381 (ms)
2026-07-10 21:26:17,028 [INFO] Pass: Optimize1qGatesDecomposition - 0.09203 (ms)
2026-07-10 21:26:17,028 [INFO] Pass: CommutativeCancellation - 0.04745 (ms)
2026-07-10 21:26:17,028 [INFO] Pass: ContractIdleWiresInControlFlow - 0.00167 (ms)
2026-07-10 21:26:17,028 [INFO] Pass: GatesInBasis - 0.00858 (ms)
2026-07-10 21:26:17,028 [INFO] Pass: Depth - 0.00906 (ms)
2026-07-10 21:26:17,028 [INFO] Pass: FixedPoint - 0.00358 (ms)
2026-07-10 21:26:17,028 [INFO] Pass: Size - 0.00191 (ms)
2026-07-10 21:26:17,028 [INFO] Pass: FixedPoint - 0.00286 (ms)
2026-07-10 21:26:17,028 [INFO] Pass: ContainsInstruction - 0.00501 (ms)
2026-07-10 21:26:17,028 [INFO] Total Transpile Time - 94.09380 (ms)
2026-07-10 21:26:17,122 [INFO] Pass: ContainsInstruction - 0.00930 (ms)
2026-07-10 21:26:17,122 [INFO] Pass: UnitarySynthesis - 0.00620 (ms)
2026-07-10 21:26:17,122 [INFO] Pass: HighLevelSynthesis - 0.00572 (ms)
2026-07-10 21:26:17,122 [INFO] Pass: BasisTranslator - 0.05269 (ms)
2026-07-10 21:26:17,122 [INFO] Pass: ElidePermutations - 0.00358 (ms)
2026-07-10 21:26:17,122 [INFO] Pass: RemoveDiagonalGatesBeforeMeasure - 0.00596 (ms)
2026-07-10 21:26:17,122 [INFO] Pass: RemoveIdentityEquivalent - 0.00429 (ms)
2026-07-10 21:26:17,122 [INFO] Pass: InverseCancellation - 0.01264 (ms)
2026-07-10 21:26:17,122 [INFO] Pass: ContractIdleWiresInControlFlow - 0.00238 (ms)
2026-07-10 21:26:17,122 [INFO] Pass: CommutativeCancellation - 0.02408 (ms)
2026-07-10 21:26:17,122 [INFO] Pass: ConsolidateBlocks - 0.02837 (ms)
2026-07-10 21:26:17,122 [INFO] Pass: Split2QUnitaries - 0.00286 (ms)
2026-07-10 21:26:17,122 [INFO] Pass: UnitarySynthesis - 0.00548 (ms)
2026-07-10 21:26:17,122 [INFO] Pass: HighLevelSynthesis - 0.01001 (ms)
2026-07-10 21:26:17,122 [INFO] Pass: BasisTranslator - 0.06318 (ms)
2026-07-10 21:26:17,122 [INFO] Pass: ConsolidateBlocks - 0.04292 (ms)
2026-07-10 21:26:17,122 [INFO] Pass: UnitarySynthesis - 0.00453 (ms)
2026-07-10 21:26:17,122 [INFO] Pass: Depth - 0.01001 (ms)
2026-07-10 21:26:17,122 [INFO] Pass: FixedPoint - 0.00453 (ms)
2026-07-10 21:26:17,122 [INFO] Pass: Size - 0.00310 (ms)
2026-07-10 21:26:17,123 [INFO] Pass: FixedPoint - 0.00262 (ms)
2026-07-10 21:26:17,123 [INFO] Pass: RemoveIdentityEquivalent - 0.00381 (ms)
2026-07-10 21:26:17,123 [INFO] Pass: Optimize1qGatesDecomposition - 0.09608 (ms)
2026-07-10 21:26:17,123 [INFO] Pass: CommutativeCancellation - 0.04435 (ms)
2026-07-10 21:26:17,123 [INFO] Pass: ContractIdleWiresInControlFlow - 0.00215 (ms)
2026-07-10 21:26:17,123 [INFO] Pass: GatesInBasis - 0.00787 (ms)
2026-07-10 21:26:17,123 [INFO] Pass: Depth - 0.00906 (ms)
2026-07-10 21:26:17,123 [INFO] Pass: FixedPoint - 0.00358 (ms)
2026-07-10 21:26:17,123 [INFO] Pass: Size - 0.00215 (ms)
2026-07-10 21:26:17,123 [INFO] Pass: FixedPoint - 0.00286 (ms)
2026-07-10 21:26:17,123 [INFO] Pass: RemoveIdentityEquivalent - 0.00334 (ms)
2026-07-10 21:26:17,123 [INFO] Pass: Optimize1qGatesDecomposition - 0.07868 (ms)
2026-07-10 21:26:17,123 [INFO] Pass: CommutativeCancellation - 0.03600 (ms)
2026-07-10 21:26:17,123 [INFO] Pass: ContractIdleWiresInControlFlow - 0.00191 (ms)
2026-07-10 21:26:17,123 [INFO] Pass: GatesInBasis - 0.00668 (ms)
2026-07-10 21:26:17,123 [INFO] Pass: Depth - 0.00763 (ms)
2026-07-10 21:26:17,123 [INFO] Pass: FixedPoint - 0.00334 (ms)
2026-07-10 21:26:17,123 [INFO] Pass: Size - 0.00215 (ms)
2026-07-10 21:26:17,123 [INFO] Pass: FixedPoint - 0.00286 (ms)
2026-07-10 21:26:17,123 [INFO] Pass: ContainsInstruction - 0.00548 (ms)
2026-07-10 21:26:17,123 [INFO] Total Transpile Time - 94.75183 (ms)
2026-07-10 21:26:30,549 [INFO] [PCE] n=25 instancia 44/100 completada en 0:00:00:14 — transcurrido=0:00:10:00 restante_estimado=0:00:12:43
2026-07-10 21:26:30,644 [INFO] Pass: ContainsInstruction - 0.01097 (ms)
2026-07-10 21:26:30,644 [INFO] Pass: UnitarySynthesis - 0.00620 (ms)
2026-07-10 21:26:30,644 [INFO] Pass: HighLevelSynthesis - 0.00668 (ms)
2026-07-10 21:26:30,644 [INFO] Pass: BasisTranslator - 0.05937 (ms)
2026-07-10 21:26:30,644 [INFO] Pass: ElidePermutations - 0.00501 (ms)
2026-07-10 21:26:30,644 [INFO] Pass: RemoveDiagonalGatesBeforeMeasure - 0.00739 (ms)
2026-07-10 21:26:30,644 [INFO] Pass: RemoveIdentityEquivalent - 0.00310 (ms)
2026-07-10 21:26:30,644 [INFO] Pass: InverseCancellation - 0.00477 (ms)
2026-07-10 21:26:30,644 [INFO] Pass: ContractIdleWiresInControlFlow - 0.00262 (ms)
2026-07-10 21:26:30,644 [INFO] Pass: CommutativeCancellation - 0.02146 (ms)
2026-07-10 21:26:30,644 [INFO] Pass: ConsolidateBlocks - 0.03314 (ms)
2026-07-10 21:26:30,644 [INFO] Pass: Split2QUnitaries - 0.00334 (ms)
2026-07-10 21:26:30,644 [INFO] Pass: UnitarySynthesis - 0.00477 (ms)
2026-07-10 21:26:30,644 [INFO] Pass: HighLevelSynthesis - 0.00882 (ms)
2026-07-10 21:26:30,644 [INFO] Pass: BasisTranslator - 0.05293 (ms)
2026-07-10 21:26:30,644 [INFO] Pass: ConsolidateBlocks - 0.04721 (ms)
2026-07-10 21:26:30,644 [INFO] Pass: UnitarySynthesis - 0.00405 (ms)
2026-07-10 21:26:30,644 [INFO] Pass: Depth - 0.01001 (ms)
2026-07-10 21:26:30,644 [INFO] Pass: FixedPoint - 0.00477 (ms)
2026-07-10 21:26:30,644 [INFO] Pass: Size - 0.00334 (ms)
2026-07-10 21:26:30,644 [INFO] Pass: FixedPoint - 0.00262 (ms)
2026-07-10 21:26:30,644 [INFO] Pass: RemoveIdentityEquivalent - 0.00238 (ms)
2026-07-10 21:26:30,644 [INFO] Pass: Optimize1qGatesDecomposition - 0.02694 (ms)
2026-07-10 21:26:30,645 [INFO] Pass: CommutativeCancellation - 0.04339 (ms)
2026-07-10 21:26:30,645 [INFO] Pass: ContractIdleWiresInControlFlow - 0.00215 (ms)
2026-07-10 21:26:30,645 [INFO] Pass: GatesInBasis - 0.00906 (ms)
2026-07-10 21:26:30,645 [INFO] Pass: Depth - 0.00787 (ms)
2026-07-10 21:26:30,645 [INFO] Pass: FixedPoint - 0.00358 (ms)
2026-07-10 21:26:30,645 [INFO] Pass: Size - 0.00215 (ms)
2026-07-10 21:26:30,645 [INFO] Pass: FixedPoint - 0.00286 (ms)
2026-07-10 21:26:30,645 [INFO] Pass: ContainsInstruction - 0.00429 (ms)
2026-07-10 21:26:30,645 [INFO] Total Transpile Time - 94.36226 (ms)
2026-07-10 21:26:30,737 [INFO] Pass: ContainsInstruction - 0.00930 (ms)
2026-07-10 21:26:30,737 [INFO] Pass: UnitarySynthesis - 0.00620 (ms)
2026-07-10 21:26:30,737 [INFO] Pass: HighLevelSynthesis - 0.00501 (ms)
2026-07-10 21:26:30,737 [INFO] Pass: BasisTranslator - 0.05364 (ms)
2026-07-10 21:26:30,737 [INFO] Pass: ElidePermutations - 0.00358 (ms)
2026-07-10 21:26:30,737 [INFO] Pass: RemoveDiagonalGatesBeforeMeasure - 0.00620 (ms)
2026-07-10 21:26:30,737 [INFO] Pass: RemoveIdentityEquivalent - 0.00453 (ms)
2026-07-10 21:26:30,737 [INFO] Pass: InverseCancellation - 0.01287 (ms)
2026-07-10 21:26:30,738 [INFO] Pass: ContractIdleWiresInControlFlow - 0.00238 (ms)
2026-07-10 21:26:30,738 [INFO] Pass: CommutativeCancellation - 0.02480 (ms)
2026-07-10 21:26:30,738 [INFO] Pass: ConsolidateBlocks - 0.03123 (ms)
2026-07-10 21:26:30,738 [INFO] Pass: Split2QUnitaries - 0.00310 (ms)
2026-07-10 21:26:30,738 [INFO] Pass: UnitarySynthesis - 0.00453 (ms)
2026-07-10 21:26:30,738 [INFO] Pass: HighLevelSynthesis - 0.00858 (ms)
2026-07-10 21:26:30,738 [INFO] Pass: BasisTranslator - 0.05054 (ms)
2026-07-10 21:26:30,738 [INFO] Pass: ConsolidateBlocks - 0.04005 (ms)
2026-07-10 21:26:30,738 [INFO] Pass: UnitarySynthesis - 0.00381 (ms)
2026-07-10 21:26:30,738 [INFO] Pass: Depth - 0.00978 (ms)
2026-07-10 21:26:30,738 [INFO] Pass: FixedPoint - 0.00453 (ms)
2026-07-10 21:26:30,738 [INFO] Pass: Size - 0.00310 (ms)
2026-07-10 21:26:30,738 [INFO] Pass: FixedPoint - 0.00262 (ms)
2026-07-10 21:26:30,738 [INFO] Pass: RemoveIdentityEquivalent - 0.00286 (ms)
2026-07-10 21:26:30,738 [INFO] Pass: Optimize1qGatesDecomposition - 0.09036 (ms)
2026-07-10 21:26:30,738 [INFO] Pass: CommutativeCancellation - 0.04697 (ms)
2026-07-10 21:26:30,738 [INFO] Pass: ContractIdleWiresInControlFlow - 0.00191 (ms)
2026-07-10 21:26:30,738 [INFO] Pass: GatesInBasis - 0.01407 (ms)
2026-07-10 21:26:30,738 [INFO] Pass: Depth - 0.00858 (ms)
2026-07-10 21:26:30,738 [INFO] Pass: FixedPoint - 0.00358 (ms)
2026-07-10 21:26:30,738 [INFO] Pass: Size - 0.00238 (ms)
2026-07-10 21:26:30,738 [INFO] Pass: FixedPoint - 0.00262 (ms)
2026-07-10 21:26:30,738 [INFO] Pass: ContainsInstruction - 0.00477 (ms)
2026-07-10 21:26:30,739 [INFO] Total Transpile Time - 93.23907 (ms)
2026-07-10 21:26:30,831 [INFO] Pass: ContainsInstruction - 0.00906 (ms)
2026-07-10 21:26:30,831 [INFO] Pass: UnitarySynthesis - 0.00644 (ms)
2026-07-10 21:26:30,831 [INFO] Pass: HighLevelSynthesis - 0.01216 (ms)
2026-07-10 21:26:30,831 [INFO] Pass: BasisTranslator - 0.05317 (ms)
2026-07-10 21:26:30,831 [INFO] Pass: ElidePermutations - 0.00358 (ms)
2026-07-10 21:26:30,831 [INFO] Pass: RemoveDiagonalGatesBeforeMeasure - 0.00596 (ms)
2026-07-10 21:26:30,831 [INFO] Pass: RemoveIdentityEquivalent - 0.00429 (ms)
2026-07-10 21:26:30,831 [INFO] Pass: InverseCancellation - 0.01240 (ms)
2026-07-10 21:26:30,831 [INFO] Pass: ContractIdleWiresInControlFlow - 0.00191 (ms)
2026-07-10 21:26:30,832 [INFO] Pass: CommutativeCancellation - 0.02337 (ms)
2026-07-10 21:26:30,832 [INFO] Pass: ConsolidateBlocks - 0.03004 (ms)
2026-07-10 21:26:30,832 [INFO] Pass: Split2QUnitaries - 0.00310 (ms)
2026-07-10 21:26:30,832 [INFO] Pass: UnitarySynthesis - 0.00477 (ms)
2026-07-10 21:26:30,832 [INFO] Pass: HighLevelSynthesis - 0.00978 (ms)
2026-07-10 21:26:30,832 [INFO] Pass: BasisTranslator - 0.05245 (ms)
2026-07-10 21:26:30,832 [INFO] Pass: ConsolidateBlocks - 0.04244 (ms)
2026-07-10 21:26:30,832 [INFO] Pass: UnitarySynthesis - 0.00453 (ms)
2026-07-10 21:26:30,832 [INFO] Pass: Depth - 0.01025 (ms)
2026-07-10 21:26:30,832 [INFO] Pass: FixedPoint - 0.00477 (ms)
2026-07-10 21:26:30,832 [INFO] Pass: Size - 0.00238 (ms)
2026-07-10 21:26:30,832 [INFO] Pass: FixedPoint - 0.00286 (ms)
2026-07-10 21:26:30,832 [INFO] Pass: RemoveIdentityEquivalent - 0.00381 (ms)
2026-07-10 21:26:30,832 [INFO] Pass: Optimize1qGatesDecomposition - 0.09513 (ms)
2026-07-10 21:26:30,832 [INFO] Pass: CommutativeCancellation - 0.04363 (ms)
2026-07-10 21:26:30,832 [INFO] Pass: ContractIdleWiresInControlFlow - 0.00167 (ms)
2026-07-10 21:26:30,832 [INFO] Pass: GatesInBasis - 0.00811 (ms)
2026-07-10 21:26:30,832 [INFO] Pass: Depth - 0.01001 (ms)
2026-07-10 21:26:30,832 [INFO] Pass: FixedPoint - 0.00381 (ms)
2026-07-10 21:26:30,832 [INFO] Pass: Size - 0.00191 (ms)
2026-07-10 21:26:30,832 [INFO] Pass: FixedPoint - 0.00238 (ms)
2026-07-10 21:26:30,832 [INFO] Pass: RemoveIdentityEquivalent - 0.00358 (ms)
2026-07-10 21:26:30,832 [INFO] Pass: Optimize1qGatesDecomposition - 0.08321 (ms)
2026-07-10 21:26:30,833 [INFO] Pass: CommutativeCancellation - 0.03862 (ms)
2026-07-10 21:26:30,833 [INFO] Pass: ContractIdleWiresInControlFlow - 0.00191 (ms)
2026-07-10 21:26:30,833 [INFO] Pass: GatesInBasis - 0.00668 (ms)
2026-07-10 21:26:30,833 [INFO] Pass: Depth - 0.00834 (ms)
2026-07-10 21:26:30,833 [INFO] Pass: FixedPoint - 0.00310 (ms)
2026-07-10 21:26:30,833 [INFO] Pass: Size - 0.00215 (ms)
2026-07-10 21:26:30,833 [INFO] Pass: FixedPoint - 0.00238 (ms)
2026-07-10 21:26:30,833 [INFO] Pass: ContainsInstruction - 0.00525 (ms)
2026-07-10 21:26:30,833 [INFO] Total Transpile Time - 93.97388 (ms)
2026-07-10 21:26:44,264 [INFO] [PCE] n=25 instancia 45/100 completada en 0:00:00:14 — transcurrido=0:00:10:13 restante_estimado=0:00:12:30
2026-07-10 21:26:44,359 [INFO] Pass: ContainsInstruction - 0.01097 (ms)
2026-07-10 21:26:44,359 [INFO] Pass: UnitarySynthesis - 0.00644 (ms)
2026-07-10 21:26:44,359 [INFO] Pass: HighLevelSynthesis - 0.00620 (ms)
2026-07-10 21:26:44,360 [INFO] Pass: BasisTranslator - 0.06104 (ms)
2026-07-10 21:26:44,360 [INFO] Pass: ElidePermutations - 0.00501 (ms)
2026-07-10 21:26:44,360 [INFO] Pass: RemoveDiagonalGatesBeforeMeasure - 0.00787 (ms)
2026-07-10 21:26:44,360 [INFO] Pass: RemoveIdentityEquivalent - 0.00310 (ms)
2026-07-10 21:26:44,360 [INFO] Pass: InverseCancellation - 0.00548 (ms)
2026-07-10 21:26:44,360 [INFO] Pass: ContractIdleWiresInControlFlow - 0.00238 (ms)
2026-07-10 21:26:44,360 [INFO] Pass: CommutativeCancellation - 0.02193 (ms)
2026-07-10 21:26:44,360 [INFO] Pass: ConsolidateBlocks - 0.03481 (ms)
2026-07-10 21:26:44,360 [INFO] Pass: Split2QUnitaries - 0.00358 (ms)
2026-07-10 21:26:44,360 [INFO] Pass: UnitarySynthesis - 0.00477 (ms)
2026-07-10 21:26:44,360 [INFO] Pass: HighLevelSynthesis - 0.00930 (ms)
2026-07-10 21:26:44,360 [INFO] Pass: BasisTranslator - 0.05245 (ms)
2026-07-10 21:26:44,360 [INFO] Pass: ConsolidateBlocks - 0.04125 (ms)
2026-07-10 21:26:44,360 [INFO] Pass: UnitarySynthesis - 0.00429 (ms)
2026-07-10 21:26:44,360 [INFO] Pass: Depth - 0.01001 (ms)
2026-07-10 21:26:44,360 [INFO] Pass: FixedPoint - 0.00501 (ms)
2026-07-10 21:26:44,360 [INFO] Pass: Size - 0.00358 (ms)
2026-07-10 21:26:44,360 [INFO] Pass: FixedPoint - 0.00310 (ms)
2026-07-10 21:26:44,360 [INFO] Pass: RemoveIdentityEquivalent - 0.00310 (ms)
2026-07-10 21:26:44,360 [INFO] Pass: Optimize1qGatesDecomposition - 0.02980 (ms)
2026-07-10 21:26:44,360 [INFO] Pass: CommutativeCancellation - 0.04315 (ms)
2026-07-10 21:26:44,360 [INFO] Pass: ContractIdleWiresInControlFlow - 0.00215 (ms)
2026-07-10 21:26:44,360 [INFO] Pass: GatesInBasis - 0.00906 (ms)
2026-07-10 21:26:44,360 [INFO] Pass: Depth - 0.00787 (ms)
2026-07-10 21:26:44,360 [INFO] Pass: FixedPoint - 0.00358 (ms)
2026-07-10 21:26:44,360 [INFO] Pass: Size - 0.00215 (ms)
2026-07-10 21:26:44,361 [INFO] Pass: FixedPoint - 0.00286 (ms)
2026-07-10 21:26:44,361 [INFO] Pass: ContainsInstruction - 0.00453 (ms)
2026-07-10 21:26:44,361 [INFO] Total Transpile Time - 95.48140 (ms)
2026-07-10 21:26:44,453 [INFO] Pass: ContainsInstruction - 0.01001 (ms)
2026-07-10 21:26:44,453 [INFO] Pass: UnitarySynthesis - 0.00596 (ms)
2026-07-10 21:26:44,453 [INFO] Pass: HighLevelSynthesis - 0.00525 (ms)
2026-07-10 21:26:44,453 [INFO] Pass: BasisTranslator - 0.05436 (ms)
2026-07-10 21:26:44,453 [INFO] Pass: ElidePermutations - 0.00381 (ms)
2026-07-10 21:26:44,453 [INFO] Pass: RemoveDiagonalGatesBeforeMeasure - 0.00668 (ms)
2026-07-10 21:26:44,453 [INFO] Pass: RemoveIdentityEquivalent - 0.00405 (ms)
2026-07-10 21:26:44,453 [INFO] Pass: InverseCancellation - 0.01311 (ms)
2026-07-10 21:26:44,453 [INFO] Pass: ContractIdleWiresInControlFlow - 0.00238 (ms)
2026-07-10 21:26:44,453 [INFO] Pass: CommutativeCancellation - 0.02670 (ms)
2026-07-10 21:26:44,453 [INFO] Pass: ConsolidateBlocks - 0.03123 (ms)
2026-07-10 21:26:44,453 [INFO] Pass: Split2QUnitaries - 0.00310 (ms)
2026-07-10 21:26:44,453 [INFO] Pass: UnitarySynthesis - 0.00525 (ms)
2026-07-10 21:26:44,453 [INFO] Pass: HighLevelSynthesis - 0.00882 (ms)
2026-07-10 21:26:44,454 [INFO] Pass: BasisTranslator - 0.05198 (ms)
2026-07-10 21:26:44,454 [INFO] Pass: ConsolidateBlocks - 0.04196 (ms)
2026-07-10 21:26:44,454 [INFO] Pass: UnitarySynthesis - 0.00477 (ms)
2026-07-10 21:26:44,454 [INFO] Pass: Depth - 0.01025 (ms)
2026-07-10 21:26:44,454 [INFO] Pass: FixedPoint - 0.00453 (ms)
2026-07-10 21:26:44,454 [INFO] Pass: Size - 0.00262 (ms)
2026-07-10 21:26:44,454 [INFO] Pass: FixedPoint - 0.00238 (ms)
2026-07-10 21:26:44,454 [INFO] Pass: RemoveIdentityEquivalent - 0.00310 (ms)
2026-07-10 21:26:44,454 [INFO] Pass: Optimize1qGatesDecomposition - 0.08798 (ms)
2026-07-10 21:26:44,454 [INFO] Pass: CommutativeCancellation - 0.04911 (ms)
2026-07-10 21:26:44,454 [INFO] Pass: ContractIdleWiresInControlFlow - 0.00167 (ms)
2026-07-10 21:26:44,454 [INFO] Pass: GatesInBasis - 0.00834 (ms)
2026-07-10 21:26:44,454 [INFO] Pass: Depth - 0.00858 (ms)
2026-07-10 21:26:44,454 [INFO] Pass: FixedPoint - 0.00381 (ms)
2026-07-10 21:26:44,454 [INFO] Pass: Size - 0.00215 (ms)
2026-07-10 21:26:44,454 [INFO] Pass: FixedPoint - 0.00286 (ms)
2026-07-10 21:26:44,454 [INFO] Pass: ContainsInstruction - 0.00453 (ms)
2026-07-10 21:26:44,454 [INFO] Total Transpile Time - 93.18089 (ms)
2026-07-10 21:26:44,547 [INFO] Pass: ContainsInstruction - 0.00954 (ms)
2026-07-10 21:26:44,547 [INFO] Pass: UnitarySynthesis - 0.00644 (ms)
2026-07-10 21:26:44,547 [INFO] Pass: HighLevelSynthesis - 0.00548 (ms)
2026-07-10 21:26:44,547 [INFO] Pass: BasisTranslator - 0.05865 (ms)
2026-07-10 21:26:44,547 [INFO] Pass: ElidePermutations - 0.00358 (ms)
2026-07-10 21:26:44,547 [INFO] Pass: RemoveDiagonalGatesBeforeMeasure - 0.00620 (ms)
2026-07-10 21:26:44,547 [INFO] Pass: RemoveIdentityEquivalent - 0.00405 (ms)
2026-07-10 21:26:44,547 [INFO] Pass: InverseCancellation - 0.01240 (ms)
2026-07-10 21:26:44,547 [INFO] Pass: ContractIdleWiresInControlFlow - 0.00215 (ms)
2026-07-10 21:26:44,547 [INFO] Pass: CommutativeCancellation - 0.02265 (ms)
2026-07-10 21:26:44,548 [INFO] Pass: ConsolidateBlocks - 0.02885 (ms)
2026-07-10 21:26:44,548 [INFO] Pass: Split2QUnitaries - 0.00286 (ms)
2026-07-10 21:26:44,548 [INFO] Pass: UnitarySynthesis - 0.00525 (ms)
2026-07-10 21:26:44,548 [INFO] Pass: HighLevelSynthesis - 0.00978 (ms)
2026-07-10 21:26:44,548 [INFO] Pass: BasisTranslator - 0.05269 (ms)
2026-07-10 21:26:44,548 [INFO] Pass: ConsolidateBlocks - 0.04053 (ms)
2026-07-10 21:26:44,548 [INFO] Pass: UnitarySynthesis - 0.00477 (ms)
2026-07-10 21:26:44,548 [INFO] Pass: Depth - 0.00954 (ms)
2026-07-10 21:26:44,548 [INFO] Pass: FixedPoint - 0.00429 (ms)
2026-07-10 21:26:44,548 [INFO] Pass: Size - 0.00262 (ms)
2026-07-10 21:26:44,548 [INFO] Pass: FixedPoint - 0.00238 (ms)
2026-07-10 21:26:44,548 [INFO] Pass: RemoveIdentityEquivalent - 0.00334 (ms)
2026-07-10 21:26:44,548 [INFO] Pass: Optimize1qGatesDecomposition - 0.09489 (ms)
2026-07-10 21:26:44,548 [INFO] Pass: CommutativeCancellation - 0.04339 (ms)
2026-07-10 21:26:44,548 [INFO] Pass: ContractIdleWiresInControlFlow - 0.00191 (ms)
2026-07-10 21:26:44,548 [INFO] Pass: GatesInBasis - 0.00834 (ms)
2026-07-10 21:26:44,548 [INFO] Pass: Depth - 0.00930 (ms)
2026-07-10 21:26:44,548 [INFO] Pass: FixedPoint - 0.00358 (ms)
2026-07-10 21:26:44,548 [INFO] Pass: Size - 0.00215 (ms)
2026-07-10 21:26:44,548 [INFO] Pass: FixedPoint - 0.00310 (ms)
2026-07-10 21:26:44,548 [INFO] Pass: RemoveIdentityEquivalent - 0.00358 (ms)
2026-07-10 21:26:44,548 [INFO] Pass: Optimize1qGatesDecomposition - 0.07939 (ms)
2026-07-10 21:26:44,548 [INFO] Pass: CommutativeCancellation - 0.03719 (ms)
2026-07-10 21:26:44,549 [INFO] Pass: ContractIdleWiresInControlFlow - 0.00167 (ms)
2026-07-10 21:26:44,549 [INFO] Pass: GatesInBasis - 0.00644 (ms)
2026-07-10 21:26:44,549 [INFO] Pass: Depth - 0.00763 (ms)
2026-07-10 21:26:44,549 [INFO] Pass: FixedPoint - 0.00334 (ms)
2026-07-10 21:26:44,549 [INFO] Pass: Size - 0.00191 (ms)
2026-07-10 21:26:44,549 [INFO] Pass: FixedPoint - 0.00262 (ms)
2026-07-10 21:26:44,549 [INFO] Pass: ContainsInstruction - 0.00501 (ms)
2026-07-10 21:26:44,549 [INFO] Total Transpile Time - 94.12646 (ms)
2026-07-10 21:26:56,781 [INFO] [PCE] n=25 instancia 46/100 completada en 0:00:00:13 — transcurrido=0:00:10:26 restante_estimado=0:00:12:15
2026-07-10 21:26:56,874 [INFO] Pass: ContainsInstruction - 0.01121 (ms)
2026-07-10 21:26:56,874 [INFO] Pass: UnitarySynthesis - 0.00691 (ms)
2026-07-10 21:26:56,874 [INFO] Pass: HighLevelSynthesis - 0.00691 (ms)
2026-07-10 21:26:56,875 [INFO] Pass: BasisTranslator - 0.05746 (ms)
2026-07-10 21:26:56,875 [INFO] Pass: ElidePermutations - 0.00572 (ms)
2026-07-10 21:26:56,875 [INFO] Pass: RemoveDiagonalGatesBeforeMeasure - 0.00834 (ms)
2026-07-10 21:26:56,875 [INFO] Pass: RemoveIdentityEquivalent - 0.00286 (ms)
2026-07-10 21:26:56,875 [INFO] Pass: InverseCancellation - 0.00501 (ms)
2026-07-10 21:26:56,875 [INFO] Pass: ContractIdleWiresInControlFlow - 0.00191 (ms)
2026-07-10 21:26:56,875 [INFO] Pass: CommutativeCancellation - 0.02122 (ms)
2026-07-10 21:26:56,875 [INFO] Pass: ConsolidateBlocks - 0.03314 (ms)
2026-07-10 21:26:56,875 [INFO] Pass: Split2QUnitaries - 0.00334 (ms)
2026-07-10 21:26:56,875 [INFO] Pass: UnitarySynthesis - 0.00453 (ms)
2026-07-10 21:26:56,875 [INFO] Pass: HighLevelSynthesis - 0.00930 (ms)
2026-07-10 21:26:56,875 [INFO] Pass: BasisTranslator - 0.05293 (ms)
2026-07-10 21:26:56,875 [INFO] Pass: ConsolidateBlocks - 0.04148 (ms)
2026-07-10 21:26:56,875 [INFO] Pass: UnitarySynthesis - 0.00405 (ms)
2026-07-10 21:26:56,875 [INFO] Pass: Depth - 0.01049 (ms)
2026-07-10 21:26:56,875 [INFO] Pass: FixedPoint - 0.00453 (ms)
2026-07-10 21:26:56,875 [INFO] Pass: Size - 0.00381 (ms)
2026-07-10 21:26:56,875 [INFO] Pass: FixedPoint - 0.00286 (ms)
2026-07-10 21:26:56,875 [INFO] Pass: RemoveIdentityEquivalent - 0.00238 (ms)
2026-07-10 21:26:56,875 [INFO] Pass: Optimize1qGatesDecomposition - 0.02789 (ms)
2026-07-10 21:26:56,875 [INFO] Pass: CommutativeCancellation - 0.05078 (ms)
2026-07-10 21:26:56,875 [INFO] Pass: ContractIdleWiresInControlFlow - 0.00167 (ms)
2026-07-10 21:26:56,875 [INFO] Pass: GatesInBasis - 0.00978 (ms)
2026-07-10 21:26:56,875 [INFO] Pass: Depth - 0.00834 (ms)
2026-07-10 21:26:56,875 [INFO] Pass: FixedPoint - 0.00358 (ms)
2026-07-10 21:26:56,875 [INFO] Pass: Size - 0.00191 (ms)
2026-07-10 21:26:56,875 [INFO] Pass: FixedPoint - 0.00238 (ms)
2026-07-10 21:26:56,875 [INFO] Pass: ContainsInstruction - 0.00477 (ms)
2026-07-10 21:26:56,876 [INFO] Total Transpile Time - 93.28818 (ms)
2026-07-10 21:26:56,966 [INFO] Pass: ContainsInstruction - 0.00930 (ms)
2026-07-10 21:26:56,967 [INFO] Pass: UnitarySynthesis - 0.00596 (ms)
2026-07-10 21:26:56,967 [INFO] Pass: HighLevelSynthesis - 0.00572 (ms)
2026-07-10 21:26:56,967 [INFO] Pass: BasisTranslator - 0.05269 (ms)
2026-07-10 21:26:56,967 [INFO] Pass: ElidePermutations - 0.00334 (ms)
2026-07-10 21:26:56,967 [INFO] Pass: RemoveDiagonalGatesBeforeMeasure - 0.00596 (ms)
2026-07-10 21:26:56,967 [INFO] Pass: RemoveIdentityEquivalent - 0.00381 (ms)
2026-07-10 21:26:56,967 [INFO] Pass: InverseCancellation - 0.01335 (ms)
2026-07-10 21:26:56,967 [INFO] Pass: ContractIdleWiresInControlFlow - 0.00215 (ms)
2026-07-10 21:26:56,967 [INFO] Pass: CommutativeCancellation - 0.02480 (ms)
2026-07-10 21:26:56,967 [INFO] Pass: ConsolidateBlocks - 0.02909 (ms)
2026-07-10 21:26:56,967 [INFO] Pass: Split2QUnitaries - 0.00262 (ms)
2026-07-10 21:26:56,967 [INFO] Pass: UnitarySynthesis - 0.00477 (ms)
2026-07-10 21:26:56,967 [INFO] Pass: HighLevelSynthesis - 0.00906 (ms)
2026-07-10 21:26:56,967 [INFO] Pass: BasisTranslator - 0.05269 (ms)
2026-07-10 21:26:56,967 [INFO] Pass: ConsolidateBlocks - 0.04029 (ms)
2026-07-10 21:26:56,967 [INFO] Pass: UnitarySynthesis - 0.00405 (ms)
2026-07-10 21:26:56,967 [INFO] Pass: Depth - 0.00954 (ms)
2026-07-10 21:26:56,967 [INFO] Pass: FixedPoint - 0.00453 (ms)
2026-07-10 21:26:56,967 [INFO] Pass: Size - 0.00358 (ms)
2026-07-10 21:26:56,967 [INFO] Pass: FixedPoint - 0.01001 (ms)
2026-07-10 21:26:56,967 [INFO] Pass: RemoveIdentityEquivalent - 0.00334 (ms)
2026-07-10 21:26:56,967 [INFO] Pass: Optimize1qGatesDecomposition - 0.09012 (ms)
2026-07-10 21:26:56,967 [INFO] Pass: CommutativeCancellation - 0.04768 (ms)
2026-07-10 21:26:56,967 [INFO] Pass: ContractIdleWiresInControlFlow - 0.00215 (ms)
2026-07-10 21:26:56,968 [INFO] Pass: GatesInBasis - 0.00882 (ms)
2026-07-10 21:26:56,968 [INFO] Pass: Depth - 0.00834 (ms)
2026-07-10 21:26:56,968 [INFO] Pass: FixedPoint - 0.00358 (ms)
2026-07-10 21:26:56,968 [INFO] Pass: Size - 0.00215 (ms)
2026-07-10 21:26:56,968 [INFO] Pass: FixedPoint - 0.00286 (ms)
2026-07-10 21:26:56,968 [INFO] Pass: ContainsInstruction - 0.00429 (ms)
2026-07-10 21:26:56,968 [INFO] Total Transpile Time - 91.78519 (ms)
2026-07-10 21:26:57,059 [INFO] Pass: ContainsInstruction - 0.00882 (ms)
2026-07-10 21:26:57,059 [INFO] Pass: UnitarySynthesis - 0.00596 (ms)
2026-07-10 21:26:57,059 [INFO] Pass: HighLevelSynthesis - 0.00525 (ms)
2026-07-10 21:26:57,059 [INFO] Pass: BasisTranslator - 0.05150 (ms)
2026-07-10 21:26:57,059 [INFO] Pass: ElidePermutations - 0.00334 (ms)
2026-07-10 21:26:57,059 [INFO] Pass: RemoveDiagonalGatesBeforeMeasure - 0.00501 (ms)
2026-07-10 21:26:57,059 [INFO] Pass: RemoveIdentityEquivalent - 0.00381 (ms)
2026-07-10 21:26:57,059 [INFO] Pass: InverseCancellation - 0.01264 (ms)
2026-07-10 21:26:57,059 [INFO] Pass: ContractIdleWiresInControlFlow - 0.00191 (ms)
2026-07-10 21:26:57,059 [INFO] Pass: CommutativeCancellation - 0.02289 (ms)
2026-07-10 21:26:57,059 [INFO] Pass: ConsolidateBlocks - 0.02909 (ms)
2026-07-10 21:26:57,059 [INFO] Pass: Split2QUnitaries - 0.00262 (ms)
2026-07-10 21:26:57,059 [INFO] Pass: UnitarySynthesis - 0.00501 (ms)
2026-07-10 21:26:57,059 [INFO] Pass: HighLevelSynthesis - 0.00978 (ms)
2026-07-10 21:26:57,060 [INFO] Pass: BasisTranslator - 0.05269 (ms)
2026-07-10 21:26:57,060 [INFO] Pass: ConsolidateBlocks - 0.03958 (ms)
2026-07-10 21:26:57,060 [INFO] Pass: UnitarySynthesis - 0.00429 (ms)
2026-07-10 21:26:57,060 [INFO] Pass: Depth - 0.00954 (ms)
2026-07-10 21:26:57,060 [INFO] Pass: FixedPoint - 0.00453 (ms)
2026-07-10 21:26:57,060 [INFO] Pass: Size - 0.00262 (ms)
2026-07-10 21:26:57,060 [INFO] Pass: FixedPoint - 0.00262 (ms)
2026-07-10 21:26:57,060 [INFO] Pass: RemoveIdentityEquivalent - 0.00358 (ms)
2026-07-10 21:26:57,060 [INFO] Pass: Optimize1qGatesDecomposition - 0.09108 (ms)
2026-07-10 21:26:57,060 [INFO] Pass: CommutativeCancellation - 0.04315 (ms)
2026-07-10 21:26:57,060 [INFO] Pass: ContractIdleWiresInControlFlow - 0.00191 (ms)
2026-07-10 21:26:57,060 [INFO] Pass: GatesInBasis - 0.00811 (ms)
2026-07-10 21:26:57,060 [INFO] Pass: Depth - 0.00930 (ms)
2026-07-10 21:26:57,060 [INFO] Pass: FixedPoint - 0.00358 (ms)
2026-07-10 21:26:57,060 [INFO] Pass: Size - 0.00191 (ms)
2026-07-10 21:26:57,060 [INFO] Pass: FixedPoint - 0.00262 (ms)
2026-07-10 21:26:57,060 [INFO] Pass: RemoveIdentityEquivalent - 0.00334 (ms)
2026-07-10 21:26:57,060 [INFO] Pass: Optimize1qGatesDecomposition - 0.07749 (ms)
2026-07-10 21:26:57,060 [INFO] Pass: CommutativeCancellation - 0.03624 (ms)
2026-07-10 21:26:57,060 [INFO] Pass: ContractIdleWiresInControlFlow - 0.00191 (ms)
2026-07-10 21:26:57,060 [INFO] Pass: GatesInBasis - 0.00644 (ms)
2026-07-10 21:26:57,060 [INFO] Pass: Depth - 0.00787 (ms)
2026-07-10 21:26:57,060 [INFO] Pass: FixedPoint - 0.00310 (ms)
2026-07-10 21:26:57,060 [INFO] Pass: Size - 0.00191 (ms)
2026-07-10 21:26:57,060 [INFO] Pass: FixedPoint - 0.00286 (ms)
2026-07-10 21:26:57,060 [INFO] Pass: ContainsInstruction - 0.00525 (ms)
2026-07-10 21:26:57,061 [INFO] Total Transpile Time - 92.44728 (ms)
2026-07-10 21:27:10,000 [INFO] [PCE] n=25 instancia 47/100 completada en 0:00:00:13 — transcurrido=0:00:10:39 restante_estimado=0:00:12:01
2026-07-10 21:27:10,093 [INFO] Pass: ContainsInstruction - 0.01144 (ms)
2026-07-10 21:27:10,093 [INFO] Pass: UnitarySynthesis - 0.00644 (ms)
2026-07-10 21:27:10,093 [INFO] Pass: HighLevelSynthesis - 0.00668 (ms)
2026-07-10 21:27:10,093 [INFO] Pass: BasisTranslator - 0.05794 (ms)
2026-07-10 21:27:10,093 [INFO] Pass: ElidePermutations - 0.00525 (ms)
2026-07-10 21:27:10,093 [INFO] Pass: RemoveDiagonalGatesBeforeMeasure - 0.00787 (ms)
2026-07-10 21:27:10,093 [INFO] Pass: RemoveIdentityEquivalent - 0.00334 (ms)
2026-07-10 21:27:10,093 [INFO] Pass: InverseCancellation - 0.00477 (ms)
2026-07-10 21:27:10,093 [INFO] Pass: ContractIdleWiresInControlFlow - 0.00191 (ms)
2026-07-10 21:27:10,093 [INFO] Pass: CommutativeCancellation - 0.02146 (ms)
2026-07-10 21:27:10,093 [INFO] Pass: ConsolidateBlocks - 0.03386 (ms)
2026-07-10 21:27:10,093 [INFO] Pass: Split2QUnitaries - 0.00310 (ms)
2026-07-10 21:27:10,093 [INFO] Pass: UnitarySynthesis - 0.00453 (ms)
2026-07-10 21:27:10,093 [INFO] Pass: HighLevelSynthesis - 0.00882 (ms)
2026-07-10 21:27:10,093 [INFO] Pass: BasisTranslator - 0.05126 (ms)
2026-07-10 21:27:10,093 [INFO] Pass: ConsolidateBlocks - 0.04172 (ms)
2026-07-10 21:27:10,093 [INFO] Pass: UnitarySynthesis - 0.00405 (ms)
2026-07-10 21:27:10,093 [INFO] Pass: Depth - 0.00978 (ms)
2026-07-10 21:27:10,093 [INFO] Pass: FixedPoint - 0.00477 (ms)
2026-07-10 21:27:10,093 [INFO] Pass: Size - 0.00358 (ms)
2026-07-10 21:27:10,093 [INFO] Pass: FixedPoint - 0.00310 (ms)
2026-07-10 21:27:10,093 [INFO] Pass: RemoveIdentityEquivalent - 0.00215 (ms)
2026-07-10 21:27:10,094 [INFO] Pass: Optimize1qGatesDecomposition - 0.02670 (ms)
2026-07-10 21:27:10,094 [INFO] Pass: CommutativeCancellation - 0.04268 (ms)
2026-07-10 21:27:10,094 [INFO] Pass: ContractIdleWiresInControlFlow - 0.00191 (ms)
2026-07-10 21:27:10,094 [INFO] Pass: GatesInBasis - 0.00858 (ms)
2026-07-10 21:27:10,094 [INFO] Pass: Depth - 0.00763 (ms)
2026-07-10 21:27:10,094 [INFO] Pass: FixedPoint - 0.00334 (ms)
2026-07-10 21:27:10,094 [INFO] Pass: Size - 0.00167 (ms)
2026-07-10 21:27:10,094 [INFO] Pass: FixedPoint - 0.00262 (ms)
2026-07-10 21:27:10,094 [INFO] Pass: ContainsInstruction - 0.00501 (ms)
2026-07-10 21:27:10,094 [INFO] Total Transpile Time - 92.47804 (ms)
2026-07-10 21:27:10,185 [INFO] Pass: ContainsInstruction - 0.00930 (ms)
2026-07-10 21:27:10,185 [INFO] Pass: UnitarySynthesis - 0.00572 (ms)
2026-07-10 21:27:10,185 [INFO] Pass: HighLevelSynthesis - 0.00572 (ms)
2026-07-10 21:27:10,185 [INFO] Pass: BasisTranslator - 0.05507 (ms)
2026-07-10 21:27:10,185 [INFO] Pass: ElidePermutations - 0.00381 (ms)
2026-07-10 21:27:10,185 [INFO] Pass: RemoveDiagonalGatesBeforeMeasure - 0.00668 (ms)
2026-07-10 21:27:10,185 [INFO] Pass: RemoveIdentityEquivalent - 0.00381 (ms)
2026-07-10 21:27:10,185 [INFO] Pass: InverseCancellation - 0.01240 (ms)
2026-07-10 21:27:10,185 [INFO] Pass: ContractIdleWiresInControlFlow - 0.00215 (ms)
2026-07-10 21:27:10,185 [INFO] Pass: CommutativeCancellation - 0.02384 (ms)
2026-07-10 21:27:10,185 [INFO] Pass: ConsolidateBlocks - 0.03004 (ms)
2026-07-10 21:27:10,185 [INFO] Pass: Split2QUnitaries - 0.00310 (ms)
2026-07-10 21:27:10,185 [INFO] Pass: UnitarySynthesis - 0.00477 (ms)
2026-07-10 21:27:10,185 [INFO] Pass: HighLevelSynthesis - 0.00978 (ms)
2026-07-10 21:27:10,185 [INFO] Pass: BasisTranslator - 0.05198 (ms)
2026-07-10 21:27:10,185 [INFO] Pass: ConsolidateBlocks - 0.03982 (ms)
2026-07-10 21:27:10,185 [INFO] Pass: UnitarySynthesis - 0.00405 (ms)
2026-07-10 21:27:10,185 [INFO] Pass: Depth - 0.01645 (ms)
2026-07-10 21:27:10,185 [INFO] Pass: FixedPoint - 0.00429 (ms)
2026-07-10 21:27:10,185 [INFO] Pass: Size - 0.00238 (ms)
2026-07-10 21:27:10,185 [INFO] Pass: FixedPoint - 0.00262 (ms)
2026-07-10 21:27:10,185 [INFO] Pass: RemoveIdentityEquivalent - 0.00358 (ms)
2026-07-10 21:27:10,185 [INFO] Pass: Optimize1qGatesDecomposition - 0.09084 (ms)
2026-07-10 21:27:10,186 [INFO] Pass: CommutativeCancellation - 0.04816 (ms)
2026-07-10 21:27:10,186 [INFO] Pass: ContractIdleWiresInControlFlow - 0.00215 (ms)
2026-07-10 21:27:10,186 [INFO] Pass: GatesInBasis - 0.00834 (ms)
2026-07-10 21:27:10,186 [INFO] Pass: Depth - 0.00811 (ms)
2026-07-10 21:27:10,186 [INFO] Pass: FixedPoint - 0.00358 (ms)
2026-07-10 21:27:10,186 [INFO] Pass: Size - 0.00191 (ms)
2026-07-10 21:27:10,186 [INFO] Pass: FixedPoint - 0.00310 (ms)
2026-07-10 21:27:10,186 [INFO] Pass: ContainsInstruction - 0.00477 (ms)
2026-07-10 21:27:10,186 [INFO] Total Transpile Time - 91.53771 (ms)
2026-07-10 21:27:10,277 [INFO] Pass: ContainsInstruction - 0.00930 (ms)
2026-07-10 21:27:10,277 [INFO] Pass: UnitarySynthesis - 0.00644 (ms)
2026-07-10 21:27:10,277 [INFO] Pass: HighLevelSynthesis - 0.00548 (ms)
2026-07-10 21:27:10,277 [INFO] Pass: BasisTranslator - 0.05293 (ms)
2026-07-10 21:27:10,277 [INFO] Pass: ElidePermutations - 0.00310 (ms)
2026-07-10 21:27:10,277 [INFO] Pass: RemoveDiagonalGatesBeforeMeasure - 0.00572 (ms)
2026-07-10 21:27:10,277 [INFO] Pass: RemoveIdentityEquivalent - 0.00405 (ms)
2026-07-10 21:27:10,277 [INFO] Pass: InverseCancellation - 0.02098 (ms)
2026-07-10 21:27:10,277 [INFO] Pass: ContractIdleWiresInControlFlow - 0.00215 (ms)
2026-07-10 21:27:10,277 [INFO] Pass: CommutativeCancellation - 0.02313 (ms)
2026-07-10 21:27:10,277 [INFO] Pass: ConsolidateBlocks - 0.02837 (ms)
2026-07-10 21:27:10,277 [INFO] Pass: Split2QUnitaries - 0.00262 (ms)
2026-07-10 21:27:10,277 [INFO] Pass: UnitarySynthesis - 0.00525 (ms)
2026-07-10 21:27:10,277 [INFO] Pass: HighLevelSynthesis - 0.00954 (ms)
2026-07-10 21:27:10,278 [INFO] Pass: BasisTranslator - 0.05388 (ms)
2026-07-10 21:27:10,278 [INFO] Pass: ConsolidateBlocks - 0.04101 (ms)
2026-07-10 21:27:10,278 [INFO] Pass: UnitarySynthesis - 0.00477 (ms)
2026-07-10 21:27:10,278 [INFO] Pass: Depth - 0.00954 (ms)
2026-07-10 21:27:10,278 [INFO] Pass: FixedPoint - 0.00429 (ms)
2026-07-10 21:27:10,278 [INFO] Pass: Size - 0.00262 (ms)
2026-07-10 21:27:10,278 [INFO] Pass: FixedPoint - 0.00262 (ms)
2026-07-10 21:27:10,278 [INFO] Pass: RemoveIdentityEquivalent - 0.00358 (ms)
2026-07-10 21:27:10,278 [INFO] Pass: Optimize1qGatesDecomposition - 0.09394 (ms)
2026-07-10 21:27:10,278 [INFO] Pass: CommutativeCancellation - 0.04411 (ms)
2026-07-10 21:27:10,278 [INFO] Pass: ContractIdleWiresInControlFlow - 0.00167 (ms)
2026-07-10 21:27:10,278 [INFO] Pass: GatesInBasis - 0.00811 (ms)
2026-07-10 21:27:10,278 [INFO] Pass: Depth - 0.00954 (ms)
2026-07-10 21:27:10,278 [INFO] Pass: FixedPoint - 0.00358 (ms)
2026-07-10 21:27:10,278 [INFO] Pass: Size - 0.00191 (ms)
2026-07-10 21:27:10,278 [INFO] Pass: FixedPoint - 0.00286 (ms)
2026-07-10 21:27:10,278 [INFO] Pass: RemoveIdentityEquivalent - 0.00334 (ms)
2026-07-10 21:27:10,278 [INFO] Pass: Optimize1qGatesDecomposition - 0.08678 (ms)
2026-07-10 21:27:10,278 [INFO] Pass: CommutativeCancellation - 0.04005 (ms)
2026-07-10 21:27:10,278 [INFO] Pass: ContractIdleWiresInControlFlow - 0.00215 (ms)
2026-07-10 21:27:10,278 [INFO] Pass: GatesInBasis - 0.00691 (ms)
2026-07-10 21:27:10,278 [INFO] Pass: Depth - 0.00882 (ms)
2026-07-10 21:27:10,278 [INFO] Pass: FixedPoint - 0.00358 (ms)
2026-07-10 21:27:10,278 [INFO] Pass: Size - 0.00215 (ms)
2026-07-10 21:27:10,279 [INFO] Pass: FixedPoint - 0.00286 (ms)
2026-07-10 21:27:10,279 [INFO] Pass: ContainsInstruction - 0.00548 (ms)
2026-07-10 21:27:10,279 [INFO] Total Transpile Time - 92.42749 (ms)
2026-07-10 21:27:22,521 [INFO] [PCE] n=25 instancia 48/100 completada en 0:00:00:13 — transcurrido=0:00:10:52 restante_estimado=0:00:11:46
2026-07-10 21:27:22,615 [INFO] Pass: ContainsInstruction - 0.01121 (ms)
2026-07-10 21:27:22,615 [INFO] Pass: UnitarySynthesis - 0.00620 (ms)
2026-07-10 21:27:22,615 [INFO] Pass: HighLevelSynthesis - 0.00644 (ms)
2026-07-10 21:27:22,615 [INFO] Pass: BasisTranslator - 0.06008 (ms)
2026-07-10 21:27:22,616 [INFO] Pass: ElidePermutations - 0.00501 (ms)
2026-07-10 21:27:22,616 [INFO] Pass: RemoveDiagonalGatesBeforeMeasure - 0.00787 (ms)
2026-07-10 21:27:22,616 [INFO] Pass: RemoveIdentityEquivalent - 0.00334 (ms)
2026-07-10 21:27:22,616 [INFO] Pass: InverseCancellation - 0.00501 (ms)
2026-07-10 21:27:22,616 [INFO] Pass: ContractIdleWiresInControlFlow - 0.00215 (ms)
2026-07-10 21:27:22,616 [INFO] Pass: CommutativeCancellation - 0.02384 (ms)
2026-07-10 21:27:22,616 [INFO] Pass: ConsolidateBlocks - 0.03242 (ms)
2026-07-10 21:27:22,616 [INFO] Pass: Split2QUnitaries - 0.00334 (ms)
2026-07-10 21:27:22,616 [INFO] Pass: UnitarySynthesis - 0.00453 (ms)
2026-07-10 21:27:22,616 [INFO] Pass: HighLevelSynthesis - 0.00930 (ms)
2026-07-10 21:27:22,616 [INFO] Pass: BasisTranslator - 0.05317 (ms)
2026-07-10 21:27:22,616 [INFO] Pass: ConsolidateBlocks - 0.03958 (ms)
2026-07-10 21:27:22,616 [INFO] Pass: UnitarySynthesis - 0.00405 (ms)
2026-07-10 21:27:22,616 [INFO] Pass: Depth - 0.00978 (ms)
2026-07-10 21:27:22,616 [INFO] Pass: FixedPoint - 0.00477 (ms)
2026-07-10 21:27:22,616 [INFO] Pass: Size - 0.00381 (ms)
2026-07-10 21:27:22,616 [INFO] Pass: FixedPoint - 0.00286 (ms)
2026-07-10 21:27:22,616 [INFO] Pass: RemoveIdentityEquivalent - 0.00286 (ms)
2026-07-10 21:27:22,616 [INFO] Pass: Optimize1qGatesDecomposition - 0.02742 (ms)
2026-07-10 21:27:22,616 [INFO] Pass: CommutativeCancellation - 0.04244 (ms)
2026-07-10 21:27:22,616 [INFO] Pass: ContractIdleWiresInControlFlow - 0.00215 (ms)
2026-07-10 21:27:22,616 [INFO] Pass: GatesInBasis - 0.00906 (ms)
2026-07-10 21:27:22,616 [INFO] Pass: Depth - 0.00763 (ms)
2026-07-10 21:27:22,616 [INFO] Pass: FixedPoint - 0.00358 (ms)
2026-07-10 21:27:22,616 [INFO] Pass: Size - 0.00191 (ms)
2026-07-10 21:27:22,616 [INFO] Pass: FixedPoint - 0.00286 (ms)
2026-07-10 21:27:22,616 [INFO] Pass: ContainsInstruction - 0.00453 (ms)
2026-07-10 21:27:22,617 [INFO] Total Transpile Time - 93.30416 (ms)
2026-07-10 21:27:22,707 [INFO] Pass: ContainsInstruction - 0.00906 (ms)
2026-07-10 21:27:22,707 [INFO] Pass: UnitarySynthesis - 0.00596 (ms)
2026-07-10 21:27:22,707 [INFO] Pass: HighLevelSynthesis - 0.00596 (ms)
2026-07-10 21:27:22,707 [INFO] Pass: BasisTranslator - 0.05484 (ms)
2026-07-10 21:27:22,707 [INFO] Pass: ElidePermutations - 0.00358 (ms)
2026-07-10 21:27:22,707 [INFO] Pass: RemoveDiagonalGatesBeforeMeasure - 0.00691 (ms)
2026-07-10 21:27:22,707 [INFO] Pass: RemoveIdentityEquivalent - 0.00405 (ms)
2026-07-10 21:27:22,707 [INFO] Pass: InverseCancellation - 0.01287 (ms)
2026-07-10 21:27:22,707 [INFO] Pass: ContractIdleWiresInControlFlow - 0.00191 (ms)
2026-07-10 21:27:22,707 [INFO] Pass: CommutativeCancellation - 0.02718 (ms)
2026-07-10 21:27:22,707 [INFO] Pass: ConsolidateBlocks - 0.02956 (ms)
2026-07-10 21:27:22,707 [INFO] Pass: Split2QUnitaries - 0.00286 (ms)
2026-07-10 21:27:22,707 [INFO] Pass: UnitarySynthesis - 0.00477 (ms)
2026-07-10 21:27:22,707 [INFO] Pass: HighLevelSynthesis - 0.00930 (ms)
2026-07-10 21:27:22,708 [INFO] Pass: BasisTranslator - 0.05317 (ms)
2026-07-10 21:27:22,708 [INFO] Pass: ConsolidateBlocks - 0.04244 (ms)
2026-07-10 21:27:22,708 [INFO] Pass: UnitarySynthesis - 0.00453 (ms)
2026-07-10 21:27:22,708 [INFO] Pass: Depth - 0.00906 (ms)
2026-07-10 21:27:22,708 [INFO] Pass: FixedPoint - 0.00405 (ms)
2026-07-10 21:27:22,708 [INFO] Pass: Size - 0.00334 (ms)
2026-07-10 21:27:22,708 [INFO] Pass: FixedPoint - 0.00262 (ms)
2026-07-10 21:27:22,708 [INFO] Pass: RemoveIdentityEquivalent - 0.00334 (ms)
2026-07-10 21:27:22,708 [INFO] Pass: Optimize1qGatesDecomposition - 0.08965 (ms)
2026-07-10 21:27:22,708 [INFO] Pass: CommutativeCancellation - 0.04840 (ms)
2026-07-10 21:27:22,708 [INFO] Pass: ContractIdleWiresInControlFlow - 0.00167 (ms)
2026-07-10 21:27:22,708 [INFO] Pass: GatesInBasis - 0.00834 (ms)
2026-07-10 21:27:22,708 [INFO] Pass: Depth - 0.00858 (ms)
2026-07-10 21:27:22,708 [INFO] Pass: FixedPoint - 0.00310 (ms)
2026-07-10 21:27:22,708 [INFO] Pass: Size - 0.00215 (ms)
2026-07-10 21:27:22,708 [INFO] Pass: FixedPoint - 0.00286 (ms)
2026-07-10 21:27:22,708 [INFO] Pass: ContainsInstruction - 0.00453 (ms)
2026-07-10 21:27:22,708 [INFO] Total Transpile Time - 91.28857 (ms)
2026-07-10 21:27:22,799 [INFO] Pass: ContainsInstruction - 0.00954 (ms)
2026-07-10 21:27:22,799 [INFO] Pass: UnitarySynthesis - 0.00596 (ms)
2026-07-10 21:27:22,799 [INFO] Pass: HighLevelSynthesis - 0.00548 (ms)
2026-07-10 21:27:22,799 [INFO] Pass: BasisTranslator - 0.05269 (ms)
2026-07-10 21:27:22,800 [INFO] Pass: ElidePermutations - 0.00334 (ms)
2026-07-10 21:27:22,800 [INFO] Pass: RemoveDiagonalGatesBeforeMeasure - 0.00644 (ms)
2026-07-10 21:27:22,800 [INFO] Pass: RemoveIdentityEquivalent - 0.00405 (ms)
2026-07-10 21:27:22,800 [INFO] Pass: InverseCancellation - 0.01287 (ms)
2026-07-10 21:27:22,800 [INFO] Pass: ContractIdleWiresInControlFlow - 0.00191 (ms)
2026-07-10 21:27:22,800 [INFO] Pass: CommutativeCancellation - 0.02313 (ms)
2026-07-10 21:27:22,800 [INFO] Pass: ConsolidateBlocks - 0.02861 (ms)
2026-07-10 21:27:22,800 [INFO] Pass: Split2QUnitaries - 0.00286 (ms)
2026-07-10 21:27:22,800 [INFO] Pass: UnitarySynthesis - 0.00501 (ms)
2026-07-10 21:27:22,800 [INFO] Pass: HighLevelSynthesis - 0.01001 (ms)
2026-07-10 21:27:22,800 [INFO] Pass: BasisTranslator - 0.05412 (ms)
2026-07-10 21:27:22,800 [INFO] Pass: ConsolidateBlocks - 0.04101 (ms)
2026-07-10 21:27:22,800 [INFO] Pass: UnitarySynthesis - 0.00477 (ms)
2026-07-10 21:27:22,800 [INFO] Pass: Depth - 0.00978 (ms)
2026-07-10 21:27:22,800 [INFO] Pass: FixedPoint - 0.00429 (ms)
2026-07-10 21:27:22,800 [INFO] Pass: Size - 0.00286 (ms)
2026-07-10 21:27:22,800 [INFO] Pass: FixedPoint - 0.00310 (ms)
2026-07-10 21:27:22,800 [INFO] Pass: RemoveIdentityEquivalent - 0.00381 (ms)
2026-07-10 21:27:22,800 [INFO] Pass: Optimize1qGatesDecomposition - 0.10300 (ms)
2026-07-10 21:27:22,800 [INFO] Pass: CommutativeCancellation - 0.04315 (ms)
2026-07-10 21:27:22,800 [INFO] Pass: ContractIdleWiresInControlFlow - 0.00215 (ms)
2026-07-10 21:27:22,800 [INFO] Pass: GatesInBasis - 0.00858 (ms)
2026-07-10 21:27:22,800 [INFO] Pass: Depth - 0.00906 (ms)
2026-07-10 21:27:22,800 [INFO] Pass: FixedPoint - 0.00358 (ms)
2026-07-10 21:27:22,800 [INFO] Pass: Size - 0.00238 (ms)
2026-07-10 21:27:22,800 [INFO] Pass: FixedPoint - 0.00286 (ms)
2026-07-10 21:27:22,801 [INFO] Pass: RemoveIdentityEquivalent - 0.00381 (ms)
2026-07-10 21:27:22,801 [INFO] Pass: Optimize1qGatesDecomposition - 0.07796 (ms)
2026-07-10 21:27:22,801 [INFO] Pass: CommutativeCancellation - 0.03719 (ms)
2026-07-10 21:27:22,801 [INFO] Pass: ContractIdleWiresInControlFlow - 0.00191 (ms)
2026-07-10 21:27:22,801 [INFO] Pass: GatesInBasis - 0.00668 (ms)
2026-07-10 21:27:22,801 [INFO] Pass: Depth - 0.00763 (ms)
2026-07-10 21:27:22,801 [INFO] Pass: FixedPoint - 0.00286 (ms)
2026-07-10 21:27:22,801 [INFO] Pass: Size - 0.00191 (ms)
2026-07-10 21:27:22,801 [INFO] Pass: FixedPoint - 0.00262 (ms)
2026-07-10 21:27:22,801 [INFO] Pass: ContainsInstruction - 0.00501 (ms)
2026-07-10 21:27:22,801 [INFO] Total Transpile Time - 92.33499 (ms)
2026-07-10 21:27:37,341 [INFO] [PCE] n=25 instancia 49/100 completada en 0:00:00:15 — transcurrido=0:00:11:06 restante_estimado=0:00:11:34
2026-07-10 21:27:37,435 [INFO] Pass: ContainsInstruction - 0.01097 (ms)
2026-07-10 21:27:37,435 [INFO] Pass: UnitarySynthesis - 0.00644 (ms)
2026-07-10 21:27:37,435 [INFO] Pass: HighLevelSynthesis - 0.00620 (ms)
2026-07-10 21:27:37,435 [INFO] Pass: BasisTranslator - 0.06056 (ms)
2026-07-10 21:27:37,435 [INFO] Pass: ElidePermutations - 0.00548 (ms)
2026-07-10 21:27:37,435 [INFO] Pass: RemoveDiagonalGatesBeforeMeasure - 0.00834 (ms)
2026-07-10 21:27:37,435 [INFO] Pass: RemoveIdentityEquivalent - 0.00358 (ms)
2026-07-10 21:27:37,435 [INFO] Pass: InverseCancellation - 0.00501 (ms)
2026-07-10 21:27:37,435 [INFO] Pass: ContractIdleWiresInControlFlow - 0.00215 (ms)
2026-07-10 21:27:37,435 [INFO] Pass: CommutativeCancellation - 0.02337 (ms)
2026-07-10 21:27:37,435 [INFO] Pass: ConsolidateBlocks - 0.03457 (ms)
2026-07-10 21:27:37,435 [INFO] Pass: Split2QUnitaries - 0.00405 (ms)
2026-07-10 21:27:37,435 [INFO] Pass: UnitarySynthesis - 0.00453 (ms)
2026-07-10 21:27:37,435 [INFO] Pass: HighLevelSynthesis - 0.00930 (ms)
2026-07-10 21:27:37,436 [INFO] Pass: BasisTranslator - 0.05293 (ms)
2026-07-10 21:27:37,436 [INFO] Pass: ConsolidateBlocks - 0.04053 (ms)
2026-07-10 21:27:37,436 [INFO] Pass: UnitarySynthesis - 0.00405 (ms)
2026-07-10 21:27:37,436 [INFO] Pass: Depth - 0.01049 (ms)
2026-07-10 21:27:37,436 [INFO] Pass: FixedPoint - 0.00453 (ms)
2026-07-10 21:27:37,436 [INFO] Pass: Size - 0.00358 (ms)
2026-07-10 21:27:37,436 [INFO] Pass: FixedPoint - 0.00262 (ms)
2026-07-10 21:27:37,436 [INFO] Pass: RemoveIdentityEquivalent - 0.00286 (ms)
2026-07-10 21:27:37,436 [INFO] Pass: Optimize1qGatesDecomposition - 0.02718 (ms)
2026-07-10 21:27:37,436 [INFO] Pass: CommutativeCancellation - 0.04220 (ms)
2026-07-10 21:27:37,436 [INFO] Pass: ContractIdleWiresInControlFlow - 0.00191 (ms)
2026-07-10 21:27:37,436 [INFO] Pass: GatesInBasis - 0.00882 (ms)
2026-07-10 21:27:37,436 [INFO] Pass: Depth - 0.00834 (ms)
2026-07-10 21:27:37,436 [INFO] Pass: FixedPoint - 0.00310 (ms)
2026-07-10 21:27:37,436 [INFO] Pass: Size - 0.00191 (ms)
2026-07-10 21:27:37,436 [INFO] Pass: FixedPoint - 0.00262 (ms)
2026-07-10 21:27:37,436 [INFO] Pass: ContainsInstruction - 0.00429 (ms)
2026-07-10 21:27:37,436 [INFO] Total Transpile Time - 93.53232 (ms)
2026-07-10 21:27:37,527 [INFO] Pass: ContainsInstruction - 0.00954 (ms)
2026-07-10 21:27:37,527 [INFO] Pass: UnitarySynthesis - 0.00596 (ms)
2026-07-10 21:27:37,527 [INFO] Pass: HighLevelSynthesis - 0.00548 (ms)
2026-07-10 21:27:37,527 [INFO] Pass: BasisTranslator - 0.05436 (ms)
2026-07-10 21:27:37,527 [INFO] Pass: ElidePermutations - 0.00358 (ms)
2026-07-10 21:27:37,527 [INFO] Pass: RemoveDiagonalGatesBeforeMeasure - 0.00691 (ms)
2026-07-10 21:27:37,527 [INFO] Pass: RemoveIdentityEquivalent - 0.00381 (ms)
2026-07-10 21:27:37,527 [INFO] Pass: InverseCancellation - 0.01407 (ms)
2026-07-10 21:27:37,527 [INFO] Pass: ContractIdleWiresInControlFlow - 0.00191 (ms)
2026-07-10 21:27:37,527 [INFO] Pass: CommutativeCancellation - 0.02742 (ms)
2026-07-10 21:27:37,527 [INFO] Pass: ConsolidateBlocks - 0.03099 (ms)
2026-07-10 21:27:37,527 [INFO] Pass: Split2QUnitaries - 0.00310 (ms)
2026-07-10 21:27:37,527 [INFO] Pass: UnitarySynthesis - 0.00501 (ms)
2026-07-10 21:27:37,528 [INFO] Pass: HighLevelSynthesis - 0.00954 (ms)
2026-07-10 21:27:37,528 [INFO] Pass: BasisTranslator - 0.05317 (ms)
2026-07-10 21:27:37,528 [INFO] Pass: ConsolidateBlocks - 0.03958 (ms)
2026-07-10 21:27:37,528 [INFO] Pass: UnitarySynthesis - 0.00453 (ms)
2026-07-10 21:27:37,528 [INFO] Pass: Depth - 0.01025 (ms)
2026-07-10 21:27:37,528 [INFO] Pass: FixedPoint - 0.00429 (ms)
2026-07-10 21:27:37,528 [INFO] Pass: Size - 0.00310 (ms)
2026-07-10 21:27:37,528 [INFO] Pass: FixedPoint - 0.00286 (ms)
2026-07-10 21:27:37,528 [INFO] Pass: RemoveIdentityEquivalent - 0.00286 (ms)
2026-07-10 21:27:37,528 [INFO] Pass: Optimize1qGatesDecomposition - 0.09251 (ms)
2026-07-10 21:27:37,528 [INFO] Pass: CommutativeCancellation - 0.04768 (ms)
2026-07-10 21:27:37,528 [INFO] Pass: ContractIdleWiresInControlFlow - 0.00167 (ms)
2026-07-10 21:27:37,528 [INFO] Pass: GatesInBasis - 0.00930 (ms)
2026-07-10 21:27:37,528 [INFO] Pass: Depth - 0.00858 (ms)
2026-07-10 21:27:37,528 [INFO] Pass: FixedPoint - 0.00358 (ms)
2026-07-10 21:27:37,528 [INFO] Pass: Size - 0.00191 (ms)
2026-07-10 21:27:37,528 [INFO] Pass: FixedPoint - 0.00262 (ms)
2026-07-10 21:27:37,528 [INFO] Pass: ContainsInstruction - 0.00501 (ms)
2026-07-10 21:27:37,528 [INFO] Total Transpile Time - 91.74228 (ms)
2026-07-10 21:27:37,620 [INFO] Pass: ContainsInstruction - 0.00954 (ms)
2026-07-10 21:27:37,620 [INFO] Pass: UnitarySynthesis - 0.00644 (ms)
2026-07-10 21:27:37,620 [INFO] Pass: HighLevelSynthesis - 0.00548 (ms)
2026-07-10 21:27:37,620 [INFO] Pass: BasisTranslator - 0.05341 (ms)
2026-07-10 21:27:37,620 [INFO] Pass: ElidePermutations - 0.00381 (ms)
2026-07-10 21:27:37,620 [INFO] Pass: RemoveDiagonalGatesBeforeMeasure - 0.00525 (ms)
2026-07-10 21:27:37,620 [INFO] Pass: RemoveIdentityEquivalent - 0.00429 (ms)
2026-07-10 21:27:37,620 [INFO] Pass: InverseCancellation - 0.01240 (ms)
2026-07-10 21:27:37,620 [INFO] Pass: ContractIdleWiresInControlFlow - 0.00191 (ms)
2026-07-10 21:27:37,620 [INFO] Pass: CommutativeCancellation - 0.02384 (ms)
2026-07-10 21:27:37,620 [INFO] Pass: ConsolidateBlocks - 0.02933 (ms)
2026-07-10 21:27:37,621 [INFO] Pass: Split2QUnitaries - 0.00310 (ms)
2026-07-10 21:27:37,621 [INFO] Pass: UnitarySynthesis - 0.00477 (ms)
2026-07-10 21:27:37,621 [INFO] Pass: HighLevelSynthesis - 0.00978 (ms)
2026-07-10 21:27:37,621 [INFO] Pass: BasisTranslator - 0.05388 (ms)
2026-07-10 21:27:37,621 [INFO] Pass: ConsolidateBlocks - 0.04101 (ms)
2026-07-10 21:27:37,621 [INFO] Pass: UnitarySynthesis - 0.00501 (ms)
2026-07-10 21:27:37,621 [INFO] Pass: Depth - 0.00954 (ms)
2026-07-10 21:27:37,621 [INFO] Pass: FixedPoint - 0.00453 (ms)
2026-07-10 21:27:37,621 [INFO] Pass: Size - 0.00286 (ms)
2026-07-10 21:27:37,621 [INFO] Pass: FixedPoint - 0.00286 (ms)
2026-07-10 21:27:37,621 [INFO] Pass: RemoveIdentityEquivalent - 0.00334 (ms)
2026-07-10 21:27:37,621 [INFO] Pass: Optimize1qGatesDecomposition - 0.09418 (ms)
2026-07-10 21:27:37,621 [INFO] Pass: CommutativeCancellation - 0.04315 (ms)
2026-07-10 21:27:37,621 [INFO] Pass: ContractIdleWiresInControlFlow - 0.00215 (ms)
2026-07-10 21:27:37,621 [INFO] Pass: GatesInBasis - 0.00882 (ms)
2026-07-10 21:27:37,621 [INFO] Pass: Depth - 0.00906 (ms)
2026-07-10 21:27:37,621 [INFO] Pass: FixedPoint - 0.00334 (ms)
2026-07-10 21:27:37,621 [INFO] Pass: Size - 0.00167 (ms)
2026-07-10 21:27:37,621 [INFO] Pass: FixedPoint - 0.00286 (ms)
2026-07-10 21:27:37,621 [INFO] Pass: RemoveIdentityEquivalent - 0.00334 (ms)
2026-07-10 21:27:37,621 [INFO] Pass: Optimize1qGatesDecomposition - 0.07820 (ms)
2026-07-10 21:27:37,621 [INFO] Pass: CommutativeCancellation - 0.03719 (ms)
2026-07-10 21:27:37,621 [INFO] Pass: ContractIdleWiresInControlFlow - 0.00167 (ms)
2026-07-10 21:27:37,621 [INFO] Pass: GatesInBasis - 0.00668 (ms)
2026-07-10 21:27:37,622 [INFO] Pass: Depth - 0.00787 (ms)
2026-07-10 21:27:37,622 [INFO] Pass: FixedPoint - 0.00286 (ms)
2026-07-10 21:27:37,622 [INFO] Pass: Size - 0.00167 (ms)
2026-07-10 21:27:37,622 [INFO] Pass: FixedPoint - 0.00238 (ms)
2026-07-10 21:27:37,622 [INFO] Pass: ContainsInstruction - 0.00501 (ms)
2026-07-10 21:27:37,622 [INFO] Total Transpile Time - 93.02068 (ms)
2026-07-10 21:27:50,686 [INFO] [PCE] n=25 instancia 50/100 completada en 0:00:00:13 — transcurrido=0:00:11:20 restante_estimado=0:00:11:20
2026-07-10 21:27:50,781 [INFO] Pass: ContainsInstruction - 0.01144 (ms)
2026-07-10 21:27:50,781 [INFO] Pass: UnitarySynthesis - 0.00644 (ms)
2026-07-10 21:27:50,781 [INFO] Pass: HighLevelSynthesis - 0.00691 (ms)
2026-07-10 21:27:50,781 [INFO] Pass: BasisTranslator - 0.06628 (ms)
2026-07-10 21:27:50,781 [INFO] Pass: ElidePermutations - 0.00548 (ms)
2026-07-10 21:27:50,781 [INFO] Pass: RemoveDiagonalGatesBeforeMeasure - 0.00811 (ms)
2026-07-10 21:27:50,781 [INFO] Pass: RemoveIdentityEquivalent - 0.00310 (ms)
2026-07-10 21:27:50,781 [INFO] Pass: InverseCancellation - 0.00525 (ms)
2026-07-10 21:27:50,781 [INFO] Pass: ContractIdleWiresInControlFlow - 0.00238 (ms)
2026-07-10 21:27:50,781 [INFO] Pass: CommutativeCancellation - 0.02193 (ms)
2026-07-10 21:27:50,782 [INFO] Pass: ConsolidateBlocks - 0.03219 (ms)
2026-07-10 21:27:50,782 [INFO] Pass: Split2QUnitaries - 0.00381 (ms)
2026-07-10 21:27:50,782 [INFO] Pass: UnitarySynthesis - 0.00429 (ms)
2026-07-10 21:27:50,782 [INFO] Pass: HighLevelSynthesis - 0.00882 (ms)
2026-07-10 21:27:50,782 [INFO] Pass: BasisTranslator - 0.05317 (ms)
2026-07-10 21:27:50,782 [INFO] Pass: ConsolidateBlocks - 0.04005 (ms)
2026-07-10 21:27:50,782 [INFO] Pass: UnitarySynthesis - 0.00381 (ms)
2026-07-10 21:27:50,782 [INFO] Pass: Depth - 0.01025 (ms)
2026-07-10 21:27:50,782 [INFO] Pass: FixedPoint - 0.00429 (ms)
2026-07-10 21:27:50,782 [INFO] Pass: Size - 0.00358 (ms)
2026-07-10 21:27:50,782 [INFO] Pass: FixedPoint - 0.00286 (ms)
2026-07-10 21:27:50,782 [INFO] Pass: RemoveIdentityEquivalent - 0.00310 (ms)
2026-07-10 21:27:50,782 [INFO] Pass: Optimize1qGatesDecomposition - 0.02599 (ms)
2026-07-10 21:27:50,782 [INFO] Pass: CommutativeCancellation - 0.04315 (ms)
2026-07-10 21:27:50,782 [INFO] Pass: ContractIdleWiresInControlFlow - 0.00167 (ms)
2026-07-10 21:27:50,782 [INFO] Pass: GatesInBasis - 0.00906 (ms)
2026-07-10 21:27:50,782 [INFO] Pass: Depth - 0.00763 (ms)
2026-07-10 21:27:50,782 [INFO] Pass: FixedPoint - 0.00334 (ms)
2026-07-10 21:27:50,782 [INFO] Pass: Size - 0.00191 (ms)
2026-07-10 21:27:50,782 [INFO] Pass: FixedPoint - 0.00286 (ms)
2026-07-10 21:27:50,782 [INFO] Pass: ContainsInstruction - 0.00477 (ms)
2026-07-10 21:27:50,782 [INFO] Total Transpile Time - 95.06941 (ms)
2026-07-10 21:27:50,948 [INFO] Pass: ContainsInstruction - 0.01359 (ms)
2026-07-10 21:27:50,948 [INFO] Pass: UnitarySynthesis - 0.00811 (ms)
2026-07-10 21:27:50,948 [INFO] Pass: HighLevelSynthesis - 0.00787 (ms)
2026-07-10 21:27:50,948 [INFO] Pass: BasisTranslator - 0.06795 (ms)
2026-07-10 21:27:50,948 [INFO] Pass: ElidePermutations - 0.00525 (ms)
2026-07-10 21:27:50,948 [INFO] Pass: RemoveDiagonalGatesBeforeMeasure - 0.00858 (ms)
2026-07-10 21:27:50,948 [INFO] Pass: RemoveIdentityEquivalent - 0.00596 (ms)
2026-07-10 21:27:50,948 [INFO] Pass: InverseCancellation - 0.02050 (ms)
2026-07-10 21:27:50,948 [INFO] Pass: ContractIdleWiresInControlFlow - 0.00310 (ms)
2026-07-10 21:27:50,948 [INFO] Pass: CommutativeCancellation - 0.03290 (ms)
2026-07-10 21:27:50,948 [INFO] Pass: ConsolidateBlocks - 0.03767 (ms)
2026-07-10 21:27:50,948 [INFO] Pass: Split2QUnitaries - 0.00381 (ms)
2026-07-10 21:27:50,948 [INFO] Pass: UnitarySynthesis - 0.00525 (ms)
2026-07-10 21:27:50,948 [INFO] Pass: HighLevelSynthesis - 0.01216 (ms)
2026-07-10 21:27:50,949 [INFO] Pass: BasisTranslator - 0.05984 (ms)
2026-07-10 21:27:50,949 [INFO] Pass: ConsolidateBlocks - 0.04768 (ms)
2026-07-10 21:27:50,949 [INFO] Pass: UnitarySynthesis - 0.00477 (ms)
2026-07-10 21:27:50,949 [INFO] Pass: Depth - 0.01144 (ms)
2026-07-10 21:27:50,949 [INFO] Pass: FixedPoint - 0.00620 (ms)
2026-07-10 21:27:50,949 [INFO] Pass: Size - 0.00381 (ms)
2026-07-10 21:27:50,949 [INFO] Pass: FixedPoint - 0.00262 (ms)
2026-07-10 21:27:50,949 [INFO] Pass: RemoveIdentityEquivalent - 0.00381 (ms)
2026-07-10 21:27:50,949 [INFO] Pass: Optimize1qGatesDecomposition - 0.10085 (ms)
2026-07-10 21:27:50,949 [INFO] Pass: CommutativeCancellation - 0.06127 (ms)
2026-07-10 21:27:50,949 [INFO] Pass: ContractIdleWiresInControlFlow - 0.00215 (ms)
2026-07-10 21:27:50,949 [INFO] Pass: GatesInBasis - 0.00954 (ms)
2026-07-10 21:27:50,949 [INFO] Pass: Depth - 0.01025 (ms)
2026-07-10 21:27:50,949 [INFO] Pass: FixedPoint - 0.00358 (ms)
2026-07-10 21:27:50,949 [INFO] Pass: Size - 0.00215 (ms)
2026-07-10 21:27:50,949 [INFO] Pass: FixedPoint - 0.00262 (ms)
2026-07-10 21:27:50,949 [INFO] Pass: ContainsInstruction - 0.00477 (ms)
2026-07-10 21:27:50,949 [INFO] Total Transpile Time - 166.63718 (ms)
2026-07-10 21:27:51,042 [INFO] Pass: ContainsInstruction - 0.01884 (ms)
2026-07-10 21:27:51,042 [INFO] Pass: UnitarySynthesis - 0.00691 (ms)
2026-07-10 21:27:51,042 [INFO] Pass: HighLevelSynthesis - 0.00715 (ms)
2026-07-10 21:27:51,043 [INFO] Pass: BasisTranslator - 0.06533 (ms)
2026-07-10 21:27:51,043 [INFO] Pass: ElidePermutations - 0.00477 (ms)
2026-07-10 21:27:51,043 [INFO] Pass: RemoveDiagonalGatesBeforeMeasure - 0.00787 (ms)
2026-07-10 21:27:51,043 [INFO] Pass: RemoveIdentityEquivalent - 0.00572 (ms)
2026-07-10 21:27:51,043 [INFO] Pass: InverseCancellation - 0.01502 (ms)
2026-07-10 21:27:51,043 [INFO] Pass: ContractIdleWiresInControlFlow - 0.00262 (ms)
2026-07-10 21:27:51,043 [INFO] Pass: CommutativeCancellation - 0.02837 (ms)
2026-07-10 21:27:51,043 [INFO] Pass: ConsolidateBlocks - 0.03529 (ms)
2026-07-10 21:27:51,043 [INFO] Pass: Split2QUnitaries - 0.00334 (ms)
2026-07-10 21:27:51,043 [INFO] Pass: UnitarySynthesis - 0.00525 (ms)
2026-07-10 21:27:51,043 [INFO] Pass: HighLevelSynthesis - 0.01121 (ms)
2026-07-10 21:27:51,043 [INFO] Pass: BasisTranslator - 0.05651 (ms)
2026-07-10 21:27:51,043 [INFO] Pass: ConsolidateBlocks - 0.04029 (ms)
2026-07-10 21:27:51,043 [INFO] Pass: UnitarySynthesis - 0.00453 (ms)
2026-07-10 21:27:51,043 [INFO] Pass: Depth - 0.01097 (ms)
2026-07-10 21:27:51,043 [INFO] Pass: FixedPoint - 0.00548 (ms)
2026-07-10 21:27:51,043 [INFO] Pass: Size - 0.00358 (ms)
2026-07-10 21:27:51,043 [INFO] Pass: FixedPoint - 0.00286 (ms)
2026-07-10 21:27:51,043 [INFO] Pass: RemoveIdentityEquivalent - 0.00429 (ms)
2026-07-10 21:27:51,043 [INFO] Pass: Optimize1qGatesDecomposition - 0.11063 (ms)
2026-07-10 21:27:51,043 [INFO] Pass: CommutativeCancellation - 0.04768 (ms)
2026-07-10 21:27:51,043 [INFO] Pass: ContractIdleWiresInControlFlow - 0.00215 (ms)
2026-07-10 21:27:51,043 [INFO] Pass: GatesInBasis - 0.01025 (ms)
2026-07-10 21:27:51,043 [INFO] Pass: Depth - 0.00954 (ms)
2026-07-10 21:27:51,044 [INFO] Pass: FixedPoint - 0.00358 (ms)
2026-07-10 21:27:51,044 [INFO] Pass: Size - 0.00262 (ms)
2026-07-10 21:27:51,044 [INFO] Pass: FixedPoint - 0.00310 (ms)
2026-07-10 21:27:51,044 [INFO] Pass: RemoveIdentityEquivalent - 0.00429 (ms)
2026-07-10 21:27:51,044 [INFO] Pass: Optimize1qGatesDecomposition - 0.08273 (ms)
2026-07-10 21:27:51,044 [INFO] Pass: CommutativeCancellation - 0.03624 (ms)
2026-07-10 21:27:51,044 [INFO] Pass: ContractIdleWiresInControlFlow - 0.00167 (ms)
2026-07-10 21:27:51,044 [INFO] Pass: GatesInBasis - 0.00668 (ms)
2026-07-10 21:27:51,044 [INFO] Pass: Depth - 0.00811 (ms)
2026-07-10 21:27:51,044 [INFO] Pass: FixedPoint - 0.00334 (ms)
2026-07-10 21:27:51,044 [INFO] Pass: Size - 0.00215 (ms)
2026-07-10 21:27:51,044 [INFO] Pass: FixedPoint - 0.00262 (ms)
2026-07-10 21:27:51,044 [INFO] Pass: ContainsInstruction - 0.00501 (ms)
2026-07-10 21:27:51,044 [INFO] Total Transpile Time - 94.07663 (ms)
2026-07-10 21:28:05,005 [INFO] [PCE] n=25 instancia 51/100 completada en 0:00:00:14 — transcurrido=0:00:11:34 restante_estimado=0:00:11:07
2026-07-10 21:28:05,101 [INFO] Pass: ContainsInstruction - 0.01144 (ms)
2026-07-10 21:28:05,101 [INFO] Pass: UnitarySynthesis - 0.00691 (ms)
2026-07-10 21:28:05,101 [INFO] Pass: HighLevelSynthesis - 0.00620 (ms)
2026-07-10 21:28:05,101 [INFO] Pass: BasisTranslator - 0.06056 (ms)
2026-07-10 21:28:05,101 [INFO] Pass: ElidePermutations - 0.00501 (ms)
2026-07-10 21:28:05,101 [INFO] Pass: RemoveDiagonalGatesBeforeMeasure - 0.00739 (ms)
2026-07-10 21:28:05,101 [INFO] Pass: RemoveIdentityEquivalent - 0.00310 (ms)
2026-07-10 21:28:05,101 [INFO] Pass: InverseCancellation - 0.00525 (ms)
2026-07-10 21:28:05,101 [INFO] Pass: ContractIdleWiresInControlFlow - 0.00191 (ms)
2026-07-10 21:28:05,101 [INFO] Pass: CommutativeCancellation - 0.02313 (ms)
2026-07-10 21:28:05,101 [INFO] Pass: ConsolidateBlocks - 0.03386 (ms)
2026-07-10 21:28:05,101 [INFO] Pass: Split2QUnitaries - 0.00381 (ms)
2026-07-10 21:28:05,101 [INFO] Pass: UnitarySynthesis - 0.00453 (ms)
2026-07-10 21:28:05,101 [INFO] Pass: HighLevelSynthesis - 0.00930 (ms)
2026-07-10 21:28:05,101 [INFO] Pass: BasisTranslator - 0.05341 (ms)
2026-07-10 21:28:05,101 [INFO] Pass: ConsolidateBlocks - 0.04077 (ms)
2026-07-10 21:28:05,101 [INFO] Pass: UnitarySynthesis - 0.00429 (ms)
2026-07-10 21:28:05,101 [INFO] Pass: Depth - 0.01073 (ms)
2026-07-10 21:28:05,102 [INFO] Pass: FixedPoint - 0.00548 (ms)
2026-07-10 21:28:05,102 [INFO] Pass: Size - 0.00381 (ms)
2026-07-10 21:28:05,102 [INFO] Pass: FixedPoint - 0.00286 (ms)
2026-07-10 21:28:05,102 [INFO] Pass: RemoveIdentityEquivalent - 0.00238 (ms)
2026-07-10 21:28:05,102 [INFO] Pass: Optimize1qGatesDecomposition - 0.02789 (ms)
2026-07-10 21:28:05,102 [INFO] Pass: CommutativeCancellation - 0.04220 (ms)
2026-07-10 21:28:05,102 [INFO] Pass: ContractIdleWiresInControlFlow - 0.00191 (ms)
2026-07-10 21:28:05,102 [INFO] Pass: GatesInBasis - 0.00858 (ms)
2026-07-10 21:28:05,102 [INFO] Pass: Depth - 0.00858 (ms)
2026-07-10 21:28:05,102 [INFO] Pass: FixedPoint - 0.00358 (ms)
2026-07-10 21:28:05,102 [INFO] Pass: Size - 0.00238 (ms)
2026-07-10 21:28:05,102 [INFO] Pass: FixedPoint - 0.00286 (ms)
2026-07-10 21:28:05,102 [INFO] Pass: ContainsInstruction - 0.00477 (ms)
2026-07-10 21:28:05,102 [INFO] Total Transpile Time - 95.43085 (ms)
2026-07-10 21:28:05,194 [INFO] Pass: ContainsInstruction - 0.00978 (ms)
2026-07-10 21:28:05,195 [INFO] Pass: UnitarySynthesis - 0.00644 (ms)
2026-07-10 21:28:05,195 [INFO] Pass: HighLevelSynthesis - 0.00596 (ms)
2026-07-10 21:28:05,195 [INFO] Pass: BasisTranslator - 0.05579 (ms)
2026-07-10 21:28:05,195 [INFO] Pass: ElidePermutations - 0.00429 (ms)
2026-07-10 21:28:05,195 [INFO] Pass: RemoveDiagonalGatesBeforeMeasure - 0.00691 (ms)
2026-07-10 21:28:05,195 [INFO] Pass: RemoveIdentityEquivalent - 0.00405 (ms)
2026-07-10 21:28:05,195 [INFO] Pass: InverseCancellation - 0.01287 (ms)
2026-07-10 21:28:05,195 [INFO] Pass: ContractIdleWiresInControlFlow - 0.00191 (ms)
2026-07-10 21:28:05,195 [INFO] Pass: CommutativeCancellation - 0.02599 (ms)
2026-07-10 21:28:05,195 [INFO] Pass: ConsolidateBlocks - 0.03123 (ms)
2026-07-10 21:28:05,195 [INFO] Pass: Split2QUnitaries - 0.00262 (ms)
2026-07-10 21:28:05,195 [INFO] Pass: UnitarySynthesis - 0.00477 (ms)
2026-07-10 21:28:05,195 [INFO] Pass: HighLevelSynthesis - 0.00954 (ms)
2026-07-10 21:28:05,195 [INFO] Pass: BasisTranslator - 0.05126 (ms)
2026-07-10 21:28:05,195 [INFO] Pass: ConsolidateBlocks - 0.04053 (ms)
2026-07-10 21:28:05,195 [INFO] Pass: UnitarySynthesis - 0.00405 (ms)
2026-07-10 21:28:05,195 [INFO] Pass: Depth - 0.01049 (ms)
2026-07-10 21:28:05,195 [INFO] Pass: FixedPoint - 0.00453 (ms)
2026-07-10 21:28:05,195 [INFO] Pass: Size - 0.00334 (ms)
2026-07-10 21:28:05,195 [INFO] Pass: FixedPoint - 0.00262 (ms)
2026-07-10 21:28:05,195 [INFO] Pass: RemoveIdentityEquivalent - 0.00358 (ms)
2026-07-10 21:28:05,195 [INFO] Pass: Optimize1qGatesDecomposition - 0.08821 (ms)
2026-07-10 21:28:05,195 [INFO] Pass: CommutativeCancellation - 0.04888 (ms)
2026-07-10 21:28:05,196 [INFO] Pass: ContractIdleWiresInControlFlow - 0.00191 (ms)
2026-07-10 21:28:05,196 [INFO] Pass: GatesInBasis - 0.00882 (ms)
2026-07-10 21:28:05,196 [INFO] Pass: Depth - 0.00930 (ms)
2026-07-10 21:28:05,196 [INFO] Pass: FixedPoint - 0.00358 (ms)
2026-07-10 21:28:05,196 [INFO] Pass: Size - 0.00191 (ms)
2026-07-10 21:28:05,196 [INFO] Pass: FixedPoint - 0.00262 (ms)
2026-07-10 21:28:05,196 [INFO] Pass: ContainsInstruction - 0.00501 (ms)
2026-07-10 21:28:05,196 [INFO] Total Transpile Time - 93.34517 (ms)
2026-07-10 21:28:05,290 [INFO] Pass: ContainsInstruction - 0.01216 (ms)
2026-07-10 21:28:05,290 [INFO] Pass: UnitarySynthesis - 0.00763 (ms)
2026-07-10 21:28:05,290 [INFO] Pass: HighLevelSynthesis - 0.00739 (ms)
2026-07-10 21:28:05,290 [INFO] Pass: BasisTranslator - 0.06747 (ms)
2026-07-10 21:28:05,290 [INFO] Pass: ElidePermutations - 0.00525 (ms)
2026-07-10 21:28:05,291 [INFO] Pass: RemoveDiagonalGatesBeforeMeasure - 0.00930 (ms)
2026-07-10 21:28:05,291 [INFO] Pass: RemoveIdentityEquivalent - 0.00548 (ms)
2026-07-10 21:28:05,291 [INFO] Pass: InverseCancellation - 0.01502 (ms)
2026-07-10 21:28:05,291 [INFO] Pass: ContractIdleWiresInControlFlow - 0.00262 (ms)
2026-07-10 21:28:05,291 [INFO] Pass: CommutativeCancellation - 0.03004 (ms)
2026-07-10 21:28:05,291 [INFO] Pass: ConsolidateBlocks - 0.03695 (ms)
2026-07-10 21:28:05,291 [INFO] Pass: Split2QUnitaries - 0.00358 (ms)
2026-07-10 21:28:05,291 [INFO] Pass: UnitarySynthesis - 0.00572 (ms)
2026-07-10 21:28:05,291 [INFO] Pass: HighLevelSynthesis - 0.01192 (ms)
2026-07-10 21:28:05,291 [INFO] Pass: BasisTranslator - 0.05579 (ms)
2026-07-10 21:28:05,291 [INFO] Pass: ConsolidateBlocks - 0.04387 (ms)
2026-07-10 21:28:05,291 [INFO] Pass: UnitarySynthesis - 0.00477 (ms)
2026-07-10 21:28:05,291 [INFO] Pass: Depth - 0.01097 (ms)
2026-07-10 21:28:05,291 [INFO] Pass: FixedPoint - 0.00501 (ms)
2026-07-10 21:28:05,291 [INFO] Pass: Size - 0.00358 (ms)
2026-07-10 21:28:05,291 [INFO] Pass: FixedPoint - 0.00286 (ms)
2026-07-10 21:28:05,291 [INFO] Pass: RemoveIdentityEquivalent - 0.00381 (ms)
2026-07-10 21:28:05,291 [INFO] Pass: Optimize1qGatesDecomposition - 0.11134 (ms)
2026-07-10 21:28:05,291 [INFO] Pass: CommutativeCancellation - 0.04697 (ms)
2026-07-10 21:28:05,291 [INFO] Pass: ContractIdleWiresInControlFlow - 0.00167 (ms)
2026-07-10 21:28:05,291 [INFO] Pass: GatesInBasis - 0.00978 (ms)
2026-07-10 21:28:05,291 [INFO] Pass: Depth - 0.01001 (ms)
2026-07-10 21:28:05,291 [INFO] Pass: FixedPoint - 0.00358 (ms)
2026-07-10 21:28:05,292 [INFO] Pass: Size - 0.00215 (ms)
2026-07-10 21:28:05,292 [INFO] Pass: FixedPoint - 0.00286 (ms)
2026-07-10 21:28:05,292 [INFO] Pass: RemoveIdentityEquivalent - 0.00453 (ms)
2026-07-10 21:28:05,292 [INFO] Pass: Optimize1qGatesDecomposition - 0.07629 (ms)
2026-07-10 21:28:05,292 [INFO] Pass: CommutativeCancellation - 0.03839 (ms)
2026-07-10 21:28:05,292 [INFO] Pass: ContractIdleWiresInControlFlow - 0.00191 (ms)
2026-07-10 21:28:05,292 [INFO] Pass: GatesInBasis - 0.00668 (ms)
2026-07-10 21:28:05,292 [INFO] Pass: Depth - 0.00834 (ms)
2026-07-10 21:28:05,292 [INFO] Pass: FixedPoint - 0.00310 (ms)
2026-07-10 21:28:05,292 [INFO] Pass: Size - 0.00191 (ms)
2026-07-10 21:28:05,292 [INFO] Pass: FixedPoint - 0.00286 (ms)
2026-07-10 21:28:05,292 [INFO] Pass: ContainsInstruction - 0.00620 (ms)
2026-07-10 21:28:05,292 [INFO] Total Transpile Time - 95.90864 (ms)
2026-07-10 21:28:19,547 [INFO] [PCE] n=25 instancia 52/100 completada en 0:00:00:15 — transcurrido=0:00:11:49 restante_estimado=0:00:10:54
2026-07-10 21:28:19,642 [INFO] Pass: ContainsInstruction - 0.01264 (ms)
2026-07-10 21:28:19,642 [INFO] Pass: UnitarySynthesis - 0.00715 (ms)
2026-07-10 21:28:19,642 [INFO] Pass: HighLevelSynthesis - 0.00644 (ms)
2026-07-10 21:28:19,642 [INFO] Pass: BasisTranslator - 0.06866 (ms)
2026-07-10 21:28:19,642 [INFO] Pass: ElidePermutations - 0.00572 (ms)
2026-07-10 21:28:19,642 [INFO] Pass: RemoveDiagonalGatesBeforeMeasure - 0.00858 (ms)
2026-07-10 21:28:19,642 [INFO] Pass: RemoveIdentityEquivalent - 0.00358 (ms)
2026-07-10 21:28:19,642 [INFO] Pass: InverseCancellation - 0.00477 (ms)
2026-07-10 21:28:19,643 [INFO] Pass: ContractIdleWiresInControlFlow - 0.00238 (ms)
2026-07-10 21:28:19,643 [INFO] Pass: CommutativeCancellation - 0.02503 (ms)
2026-07-10 21:28:19,643 [INFO] Pass: ConsolidateBlocks - 0.03529 (ms)
2026-07-10 21:28:19,643 [INFO] Pass: Split2QUnitaries - 0.00310 (ms)
2026-07-10 21:28:19,643 [INFO] Pass: UnitarySynthesis - 0.00453 (ms)
2026-07-10 21:28:19,643 [INFO] Pass: HighLevelSynthesis - 0.00978 (ms)
2026-07-10 21:28:19,643 [INFO] Pass: BasisTranslator - 0.05698 (ms)
2026-07-10 21:28:19,643 [INFO] Pass: ConsolidateBlocks - 0.04268 (ms)
2026-07-10 21:28:19,643 [INFO] Pass: UnitarySynthesis - 0.00405 (ms)
2026-07-10 21:28:19,643 [INFO] Pass: Depth - 0.01025 (ms)
2026-07-10 21:28:19,643 [INFO] Pass: FixedPoint - 0.00572 (ms)
2026-07-10 21:28:19,643 [INFO] Pass: Size - 0.00358 (ms)
2026-07-10 21:28:19,643 [INFO] Pass: FixedPoint - 0.00262 (ms)
2026-07-10 21:28:19,643 [INFO] Pass: RemoveIdentityEquivalent - 0.00262 (ms)
2026-07-10 21:28:19,643 [INFO] Pass: Optimize1qGatesDecomposition - 0.03052 (ms)
2026-07-10 21:28:19,643 [INFO] Pass: CommutativeCancellation - 0.04697 (ms)
2026-07-10 21:28:19,643 [INFO] Pass: ContractIdleWiresInControlFlow - 0.00167 (ms)
2026-07-10 21:28:19,643 [INFO] Pass: GatesInBasis - 0.00882 (ms)
2026-07-10 21:28:19,643 [INFO] Pass: Depth - 0.01431 (ms)
2026-07-10 21:28:19,643 [INFO] Pass: FixedPoint - 0.00334 (ms)
2026-07-10 21:28:19,643 [INFO] Pass: Size - 0.00262 (ms)
2026-07-10 21:28:19,643 [INFO] Pass: FixedPoint - 0.00238 (ms)
2026-07-10 21:28:19,643 [INFO] Pass: ContainsInstruction - 0.00477 (ms)
2026-07-10 21:28:19,644 [INFO] Total Transpile Time - 95.09778 (ms)
2026-07-10 21:28:19,737 [INFO] Pass: ContainsInstruction - 0.01144 (ms)
2026-07-10 21:28:19,737 [INFO] Pass: UnitarySynthesis - 0.00644 (ms)
2026-07-10 21:28:19,737 [INFO] Pass: HighLevelSynthesis - 0.00739 (ms)
2026-07-10 21:28:19,737 [INFO] Pass: BasisTranslator - 0.06127 (ms)
2026-07-10 21:28:19,737 [INFO] Pass: ElidePermutations - 0.00501 (ms)
2026-07-10 21:28:19,737 [INFO] Pass: RemoveDiagonalGatesBeforeMeasure - 0.00811 (ms)
2026-07-10 21:28:19,737 [INFO] Pass: RemoveIdentityEquivalent - 0.00525 (ms)
2026-07-10 21:28:19,737 [INFO] Pass: InverseCancellation - 0.01431 (ms)
2026-07-10 21:28:19,737 [INFO] Pass: ContractIdleWiresInControlFlow - 0.00238 (ms)
2026-07-10 21:28:19,737 [INFO] Pass: CommutativeCancellation - 0.02933 (ms)
2026-07-10 21:28:19,737 [INFO] Pass: ConsolidateBlocks - 0.03505 (ms)
2026-07-10 21:28:19,737 [INFO] Pass: Split2QUnitaries - 0.00358 (ms)
2026-07-10 21:28:19,737 [INFO] Pass: UnitarySynthesis - 0.00477 (ms)
2026-07-10 21:28:19,737 [INFO] Pass: HighLevelSynthesis - 0.01001 (ms)
2026-07-10 21:28:19,737 [INFO] Pass: BasisTranslator - 0.05698 (ms)
2026-07-10 21:28:19,737 [INFO] Pass: ConsolidateBlocks - 0.04816 (ms)
2026-07-10 21:28:19,737 [INFO] Pass: UnitarySynthesis - 0.00477 (ms)
2026-07-10 21:28:19,737 [INFO] Pass: Depth - 0.01073 (ms)
2026-07-10 21:28:19,737 [INFO] Pass: FixedPoint - 0.00453 (ms)
2026-07-10 21:28:19,737 [INFO] Pass: Size - 0.00334 (ms)
2026-07-10 21:28:19,737 [INFO] Pass: FixedPoint - 0.00310 (ms)
2026-07-10 21:28:19,737 [INFO] Pass: RemoveIdentityEquivalent - 0.00429 (ms)
2026-07-10 21:28:19,738 [INFO] Pass: Optimize1qGatesDecomposition - 0.09799 (ms)
2026-07-10 21:28:19,738 [INFO] Pass: CommutativeCancellation - 0.05317 (ms)
2026-07-10 21:28:19,738 [INFO] Pass: ContractIdleWiresInControlFlow - 0.00215 (ms)
2026-07-10 21:28:19,738 [INFO] Pass: GatesInBasis - 0.01025 (ms)
2026-07-10 21:28:19,738 [INFO] Pass: Depth - 0.00906 (ms)
2026-07-10 21:28:19,738 [INFO] Pass: FixedPoint - 0.00381 (ms)
2026-07-10 21:28:19,738 [INFO] Pass: Size - 0.00238 (ms)
2026-07-10 21:28:19,738 [INFO] Pass: FixedPoint - 0.00310 (ms)
2026-07-10 21:28:19,738 [INFO] Pass: ContainsInstruction - 0.00525 (ms)
2026-07-10 21:28:19,738 [INFO] Total Transpile Time - 94.00177 (ms)
2026-07-10 21:28:19,831 [INFO] Pass: ContainsInstruction - 0.01049 (ms)
2026-07-10 21:28:19,831 [INFO] Pass: UnitarySynthesis - 0.00644 (ms)
2026-07-10 21:28:19,831 [INFO] Pass: HighLevelSynthesis - 0.00596 (ms)
2026-07-10 21:28:19,831 [INFO] Pass: BasisTranslator - 0.05746 (ms)
2026-07-10 21:28:19,831 [INFO] Pass: ElidePermutations - 0.00381 (ms)
2026-07-10 21:28:19,831 [INFO] Pass: RemoveDiagonalGatesBeforeMeasure - 0.00691 (ms)
2026-07-10 21:28:19,831 [INFO] Pass: RemoveIdentityEquivalent - 0.00429 (ms)
2026-07-10 21:28:19,831 [INFO] Pass: InverseCancellation - 0.01359 (ms)
2026-07-10 21:28:19,831 [INFO] Pass: ContractIdleWiresInControlFlow - 0.00215 (ms)
2026-07-10 21:28:19,831 [INFO] Pass: CommutativeCancellation - 0.02551 (ms)
2026-07-10 21:28:19,831 [INFO] Pass: ConsolidateBlocks - 0.03290 (ms)
2026-07-10 21:28:19,831 [INFO] Pass: Split2QUnitaries - 0.00286 (ms)
2026-07-10 21:28:19,831 [INFO] Pass: UnitarySynthesis - 0.00525 (ms)
2026-07-10 21:28:19,832 [INFO] Pass: HighLevelSynthesis - 0.01025 (ms)
2026-07-10 21:28:19,832 [INFO] Pass: BasisTranslator - 0.05579 (ms)
2026-07-10 21:28:19,832 [INFO] Pass: ConsolidateBlocks - 0.04053 (ms)
2026-07-10 21:28:19,832 [INFO] Pass: UnitarySynthesis - 0.00453 (ms)
2026-07-10 21:28:19,832 [INFO] Pass: Depth - 0.01001 (ms)
2026-07-10 21:28:19,832 [INFO] Pass: FixedPoint - 0.00405 (ms)
2026-07-10 21:28:19,832 [INFO] Pass: Size - 0.00286 (ms)
2026-07-10 21:28:19,832 [INFO] Pass: FixedPoint - 0.00286 (ms)
2026-07-10 21:28:19,832 [INFO] Pass: RemoveIdentityEquivalent - 0.00358 (ms)
2026-07-10 21:28:19,832 [INFO] Pass: Optimize1qGatesDecomposition - 0.09632 (ms)
2026-07-10 21:28:19,832 [INFO] Pass: CommutativeCancellation - 0.04506 (ms)
2026-07-10 21:28:19,832 [INFO] Pass: ContractIdleWiresInControlFlow - 0.00191 (ms)
2026-07-10 21:28:19,832 [INFO] Pass: GatesInBasis - 0.00930 (ms)
2026-07-10 21:28:19,832 [INFO] Pass: Depth - 0.00906 (ms)
2026-07-10 21:28:19,832 [INFO] Pass: FixedPoint - 0.00358 (ms)
2026-07-10 21:28:19,832 [INFO] Pass: Size - 0.00191 (ms)
2026-07-10 21:28:19,832 [INFO] Pass: FixedPoint - 0.00262 (ms)
2026-07-10 21:28:19,832 [INFO] Pass: RemoveIdentityEquivalent - 0.00334 (ms)
2026-07-10 21:28:19,832 [INFO] Pass: Optimize1qGatesDecomposition - 0.08368 (ms)
2026-07-10 21:28:19,832 [INFO] Pass: CommutativeCancellation - 0.03982 (ms)
2026-07-10 21:28:19,832 [INFO] Pass: ContractIdleWiresInControlFlow - 0.00191 (ms)
2026-07-10 21:28:19,832 [INFO] Pass: GatesInBasis - 0.00668 (ms)
2026-07-10 21:28:19,832 [INFO] Pass: Depth - 0.00811 (ms)
2026-07-10 21:28:19,832 [INFO] Pass: FixedPoint - 0.00334 (ms)
2026-07-10 21:28:19,833 [INFO] Pass: Size - 0.00191 (ms)
2026-07-10 21:28:19,833 [INFO] Pass: FixedPoint - 0.00262 (ms)
2026-07-10 21:28:19,833 [INFO] Pass: ContainsInstruction - 0.00525 (ms)
2026-07-10 21:28:19,833 [INFO] Total Transpile Time - 94.16533 (ms)
2026-07-10 21:28:32,277 [INFO] [PCE] n=25 instancia 53/100 completada en 0:00:00:13 — transcurrido=0:00:12:01 restante_estimado=0:00:10:40
2026-07-10 21:28:32,372 [INFO] Pass: ContainsInstruction - 0.01168 (ms)
2026-07-10 21:28:32,372 [INFO] Pass: UnitarySynthesis - 0.00668 (ms)
2026-07-10 21:28:32,372 [INFO] Pass: HighLevelSynthesis - 0.00644 (ms)
2026-07-10 21:28:32,373 [INFO] Pass: BasisTranslator - 0.05984 (ms)
2026-07-10 21:28:32,373 [INFO] Pass: ElidePermutations - 0.00525 (ms)
2026-07-10 21:28:32,373 [INFO] Pass: RemoveDiagonalGatesBeforeMeasure - 0.00834 (ms)
2026-07-10 21:28:32,373 [INFO] Pass: RemoveIdentityEquivalent - 0.00310 (ms)
2026-07-10 21:28:32,373 [INFO] Pass: InverseCancellation - 0.00596 (ms)
2026-07-10 21:28:32,373 [INFO] Pass: ContractIdleWiresInControlFlow - 0.00215 (ms)
2026-07-10 21:28:32,373 [INFO] Pass: CommutativeCancellation - 0.02170 (ms)
2026-07-10 21:28:32,373 [INFO] Pass: ConsolidateBlocks - 0.03409 (ms)
2026-07-10 21:28:32,373 [INFO] Pass: Split2QUnitaries - 0.00310 (ms)
2026-07-10 21:28:32,373 [INFO] Pass: UnitarySynthesis - 0.00477 (ms)
2026-07-10 21:28:32,373 [INFO] Pass: HighLevelSynthesis - 0.00882 (ms)
2026-07-10 21:28:32,373 [INFO] Pass: BasisTranslator - 0.05150 (ms)
2026-07-10 21:28:32,373 [INFO] Pass: ConsolidateBlocks - 0.04172 (ms)
2026-07-10 21:28:32,373 [INFO] Pass: UnitarySynthesis - 0.00429 (ms)
2026-07-10 21:28:32,373 [INFO] Pass: Depth - 0.01025 (ms)
2026-07-10 21:28:32,373 [INFO] Pass: FixedPoint - 0.00501 (ms)
2026-07-10 21:28:32,373 [INFO] Pass: Size - 0.00381 (ms)
2026-07-10 21:28:32,373 [INFO] Pass: FixedPoint - 0.00286 (ms)
2026-07-10 21:28:32,373 [INFO] Pass: RemoveIdentityEquivalent - 0.00262 (ms)
2026-07-10 21:28:32,373 [INFO] Pass: Optimize1qGatesDecomposition - 0.03743 (ms)
2026-07-10 21:28:32,373 [INFO] Pass: CommutativeCancellation - 0.04292 (ms)
2026-07-10 21:28:32,373 [INFO] Pass: ContractIdleWiresInControlFlow - 0.00262 (ms)
2026-07-10 21:28:32,373 [INFO] Pass: GatesInBasis - 0.00858 (ms)
2026-07-10 21:28:32,373 [INFO] Pass: Depth - 0.00882 (ms)
2026-07-10 21:28:32,373 [INFO] Pass: FixedPoint - 0.00334 (ms)
2026-07-10 21:28:32,373 [INFO] Pass: Size - 0.00215 (ms)
2026-07-10 21:28:32,373 [INFO] Pass: FixedPoint - 0.00286 (ms)
2026-07-10 21:28:32,374 [INFO] Pass: ContainsInstruction - 0.00501 (ms)
2026-07-10 21:28:32,374 [INFO] Total Transpile Time - 94.59734 (ms)
2026-07-10 21:28:32,465 [INFO] Pass: ContainsInstruction - 0.00978 (ms)
2026-07-10 21:28:32,465 [INFO] Pass: UnitarySynthesis - 0.01407 (ms)
2026-07-10 21:28:32,465 [INFO] Pass: HighLevelSynthesis - 0.00548 (ms)
2026-07-10 21:28:32,465 [INFO] Pass: BasisTranslator - 0.05341 (ms)
2026-07-10 21:28:32,465 [INFO] Pass: ElidePermutations - 0.00358 (ms)
2026-07-10 21:28:32,465 [INFO] Pass: RemoveDiagonalGatesBeforeMeasure - 0.00644 (ms)
2026-07-10 21:28:32,465 [INFO] Pass: RemoveIdentityEquivalent - 0.00405 (ms)
2026-07-10 21:28:32,465 [INFO] Pass: InverseCancellation - 0.01240 (ms)
2026-07-10 21:28:32,466 [INFO] Pass: ContractIdleWiresInControlFlow - 0.00238 (ms)
2026-07-10 21:28:32,466 [INFO] Pass: CommutativeCancellation - 0.02432 (ms)
2026-07-10 21:28:32,466 [INFO] Pass: ConsolidateBlocks - 0.03028 (ms)
2026-07-10 21:28:32,466 [INFO] Pass: Split2QUnitaries - 0.00358 (ms)
2026-07-10 21:28:32,466 [INFO] Pass: UnitarySynthesis - 0.00453 (ms)
2026-07-10 21:28:32,466 [INFO] Pass: HighLevelSynthesis - 0.00954 (ms)
2026-07-10 21:28:32,466 [INFO] Pass: BasisTranslator - 0.05245 (ms)
2026-07-10 21:28:32,466 [INFO] Pass: ConsolidateBlocks - 0.03934 (ms)
2026-07-10 21:28:32,466 [INFO] Pass: UnitarySynthesis - 0.00405 (ms)
2026-07-10 21:28:32,466 [INFO] Pass: Depth - 0.01001 (ms)
2026-07-10 21:28:32,466 [INFO] Pass: FixedPoint - 0.00429 (ms)
2026-07-10 21:28:32,466 [INFO] Pass: Size - 0.00334 (ms)
2026-07-10 21:28:32,466 [INFO] Pass: FixedPoint - 0.00262 (ms)
2026-07-10 21:28:32,466 [INFO] Pass: RemoveIdentityEquivalent - 0.00334 (ms)
2026-07-10 21:28:32,466 [INFO] Pass: Optimize1qGatesDecomposition - 0.08965 (ms)
2026-07-10 21:28:32,466 [INFO] Pass: CommutativeCancellation - 0.04625 (ms)
2026-07-10 21:28:32,466 [INFO] Pass: ContractIdleWiresInControlFlow - 0.00191 (ms)
2026-07-10 21:28:32,466 [INFO] Pass: GatesInBasis - 0.00858 (ms)
2026-07-10 21:28:32,466 [INFO] Pass: Depth - 0.00906 (ms)
2026-07-10 21:28:32,466 [INFO] Pass: FixedPoint - 0.00381 (ms)
2026-07-10 21:28:32,466 [INFO] Pass: Size - 0.00215 (ms)
2026-07-10 21:28:32,466 [INFO] Pass: FixedPoint - 0.00286 (ms)
2026-07-10 21:28:32,466 [INFO] Pass: ContainsInstruction - 0.00477 (ms)
2026-07-10 21:28:32,467 [INFO] Total Transpile Time - 92.45205 (ms)
2026-07-10 21:28:32,558 [INFO] Pass: ContainsInstruction - 0.00954 (ms)
2026-07-10 21:28:32,558 [INFO] Pass: UnitarySynthesis - 0.00596 (ms)
2026-07-10 21:28:32,558 [INFO] Pass: HighLevelSynthesis - 0.00525 (ms)
2026-07-10 21:28:32,558 [INFO] Pass: BasisTranslator - 0.05341 (ms)
2026-07-10 21:28:32,558 [INFO] Pass: ElidePermutations - 0.00358 (ms)
2026-07-10 21:28:32,558 [INFO] Pass: RemoveDiagonalGatesBeforeMeasure - 0.00525 (ms)
2026-07-10 21:28:32,559 [INFO] Pass: RemoveIdentityEquivalent - 0.00453 (ms)
2026-07-10 21:28:32,559 [INFO] Pass: InverseCancellation - 0.01240 (ms)
2026-07-10 21:28:32,559 [INFO] Pass: ContractIdleWiresInControlFlow - 0.00191 (ms)
2026-07-10 21:28:32,559 [INFO] Pass: CommutativeCancellation - 0.02217 (ms)
2026-07-10 21:28:32,559 [INFO] Pass: ConsolidateBlocks - 0.02909 (ms)
2026-07-10 21:28:32,559 [INFO] Pass: Split2QUnitaries - 0.00310 (ms)
2026-07-10 21:28:32,559 [INFO] Pass: UnitarySynthesis - 0.00477 (ms)
2026-07-10 21:28:32,559 [INFO] Pass: HighLevelSynthesis - 0.00978 (ms)
2026-07-10 21:28:32,559 [INFO] Pass: BasisTranslator - 0.05174 (ms)
2026-07-10 21:28:32,559 [INFO] Pass: ConsolidateBlocks - 0.03982 (ms)
2026-07-10 21:28:32,559 [INFO] Pass: UnitarySynthesis - 0.00405 (ms)
2026-07-10 21:28:32,559 [INFO] Pass: Depth - 0.01001 (ms)
2026-07-10 21:28:32,559 [INFO] Pass: FixedPoint - 0.00429 (ms)
2026-07-10 21:28:32,559 [INFO] Pass: Size - 0.00286 (ms)
2026-07-10 21:28:32,559 [INFO] Pass: FixedPoint - 0.00286 (ms)
2026-07-10 21:28:32,559 [INFO] Pass: RemoveIdentityEquivalent - 0.00358 (ms)
2026-07-10 21:28:32,559 [INFO] Pass: Optimize1qGatesDecomposition - 0.09418 (ms)
2026-07-10 21:28:32,559 [INFO] Pass: CommutativeCancellation - 0.04959 (ms)
2026-07-10 21:28:32,559 [INFO] Pass: ContractIdleWiresInControlFlow - 0.00215 (ms)
2026-07-10 21:28:32,559 [INFO] Pass: GatesInBasis - 0.00882 (ms)
2026-07-10 21:28:32,559 [INFO] Pass: Depth - 0.00954 (ms)
2026-07-10 21:28:32,559 [INFO] Pass: FixedPoint - 0.00358 (ms)
2026-07-10 21:28:32,559 [INFO] Pass: Size - 0.00215 (ms)
2026-07-10 21:28:32,559 [INFO] Pass: FixedPoint - 0.00262 (ms)
2026-07-10 21:28:32,559 [INFO] Pass: RemoveIdentityEquivalent - 0.00358 (ms)
2026-07-10 21:28:32,560 [INFO] Pass: Optimize1qGatesDecomposition - 0.07915 (ms)
2026-07-10 21:28:32,560 [INFO] Pass: CommutativeCancellation - 0.03743 (ms)
2026-07-10 21:28:32,560 [INFO] Pass: ContractIdleWiresInControlFlow - 0.00191 (ms)
2026-07-10 21:28:32,560 [INFO] Pass: GatesInBasis - 0.00620 (ms)
2026-07-10 21:28:32,560 [INFO] Pass: Depth - 0.00787 (ms)
2026-07-10 21:28:32,560 [INFO] Pass: FixedPoint - 0.00358 (ms)
2026-07-10 21:28:32,560 [INFO] Pass: Size - 0.00191 (ms)
2026-07-10 21:28:32,560 [INFO] Pass: FixedPoint - 0.00262 (ms)
2026-07-10 21:28:32,560 [INFO] Pass: ContainsInstruction - 0.00548 (ms)
2026-07-10 21:28:32,560 [INFO] Total Transpile Time - 93.01710 (ms)
2026-07-10 21:28:44,718 [INFO] [PCE] n=25 instancia 54/100 completada en 0:00:00:12 — transcurrido=0:00:12:14 restante_estimado=0:00:10:25
2026-07-10 21:28:44,815 [INFO] Pass: ContainsInstruction - 0.01240 (ms)
2026-07-10 21:28:44,815 [INFO] Pass: UnitarySynthesis - 0.00668 (ms)
2026-07-10 21:28:44,815 [INFO] Pass: HighLevelSynthesis - 0.00691 (ms)
2026-07-10 21:28:44,815 [INFO] Pass: BasisTranslator - 0.06175 (ms)
2026-07-10 21:28:44,815 [INFO] Pass: ElidePermutations - 0.00477 (ms)
2026-07-10 21:28:44,815 [INFO] Pass: RemoveDiagonalGatesBeforeMeasure - 0.00882 (ms)
2026-07-10 21:28:44,815 [INFO] Pass: RemoveIdentityEquivalent - 0.00381 (ms)
2026-07-10 21:28:44,815 [INFO] Pass: InverseCancellation - 0.00525 (ms)
2026-07-10 21:28:44,816 [INFO] Pass: ContractIdleWiresInControlFlow - 0.00238 (ms)
2026-07-10 21:28:44,816 [INFO] Pass: CommutativeCancellation - 0.02289 (ms)
2026-07-10 21:28:44,816 [INFO] Pass: ConsolidateBlocks - 0.03624 (ms)
2026-07-10 21:28:44,816 [INFO] Pass: Split2QUnitaries - 0.00334 (ms)
2026-07-10 21:28:44,816 [INFO] Pass: UnitarySynthesis - 0.00501 (ms)
2026-07-10 21:28:44,816 [INFO] Pass: HighLevelSynthesis - 0.00906 (ms)
2026-07-10 21:28:44,816 [INFO] Pass: BasisTranslator - 0.05627 (ms)
2026-07-10 21:28:44,816 [INFO] Pass: ConsolidateBlocks - 0.04220 (ms)
2026-07-10 21:28:44,816 [INFO] Pass: UnitarySynthesis - 0.00405 (ms)
2026-07-10 21:28:44,816 [INFO] Pass: Depth - 0.01025 (ms)
2026-07-10 21:28:44,816 [INFO] Pass: FixedPoint - 0.00525 (ms)
2026-07-10 21:28:44,816 [INFO] Pass: Size - 0.00358 (ms)
2026-07-10 21:28:44,816 [INFO] Pass: FixedPoint - 0.00286 (ms)
2026-07-10 21:28:44,816 [INFO] Pass: RemoveIdentityEquivalent - 0.00238 (ms)
2026-07-10 21:28:44,816 [INFO] Pass: Optimize1qGatesDecomposition - 0.03004 (ms)
2026-07-10 21:28:44,816 [INFO] Pass: CommutativeCancellation - 0.04506 (ms)
2026-07-10 21:28:44,816 [INFO] Pass: ContractIdleWiresInControlFlow - 0.00191 (ms)
2026-07-10 21:28:44,816 [INFO] Pass: GatesInBasis - 0.00858 (ms)
2026-07-10 21:28:44,816 [INFO] Pass: Depth - 0.00763 (ms)
2026-07-10 21:28:44,816 [INFO] Pass: FixedPoint - 0.00334 (ms)
2026-07-10 21:28:44,816 [INFO] Pass: Size - 0.00215 (ms)
2026-07-10 21:28:44,816 [INFO] Pass: FixedPoint - 0.00262 (ms)
2026-07-10 21:28:44,816 [INFO] Pass: ContainsInstruction - 0.00477 (ms)
2026-07-10 21:28:44,817 [INFO] Total Transpile Time - 96.35711 (ms)
2026-07-10 21:28:44,910 [INFO] Pass: ContainsInstruction - 0.01025 (ms)
2026-07-10 21:28:44,910 [INFO] Pass: UnitarySynthesis - 0.00620 (ms)
2026-07-10 21:28:44,910 [INFO] Pass: HighLevelSynthesis - 0.00572 (ms)
2026-07-10 21:28:44,910 [INFO] Pass: BasisTranslator - 0.05484 (ms)
2026-07-10 21:28:44,910 [INFO] Pass: ElidePermutations - 0.00429 (ms)
2026-07-10 21:28:44,910 [INFO] Pass: RemoveDiagonalGatesBeforeMeasure - 0.00644 (ms)
2026-07-10 21:28:44,910 [INFO] Pass: RemoveIdentityEquivalent - 0.00405 (ms)
2026-07-10 21:28:44,910 [INFO] Pass: InverseCancellation - 0.01311 (ms)
2026-07-10 21:28:44,910 [INFO] Pass: ContractIdleWiresInControlFlow - 0.00215 (ms)
2026-07-10 21:28:44,910 [INFO] Pass: CommutativeCancellation - 0.03433 (ms)
2026-07-10 21:28:44,910 [INFO] Pass: ConsolidateBlocks - 0.03147 (ms)
2026-07-10 21:28:44,910 [INFO] Pass: Split2QUnitaries - 0.00310 (ms)
2026-07-10 21:28:44,910 [INFO] Pass: UnitarySynthesis - 0.00453 (ms)
2026-07-10 21:28:44,910 [INFO] Pass: HighLevelSynthesis - 0.01001 (ms)
2026-07-10 21:28:44,910 [INFO] Pass: BasisTranslator - 0.05531 (ms)
2026-07-10 21:28:44,911 [INFO] Pass: ConsolidateBlocks - 0.04148 (ms)
2026-07-10 21:28:44,911 [INFO] Pass: UnitarySynthesis - 0.00429 (ms)
2026-07-10 21:28:44,911 [INFO] Pass: Depth - 0.01001 (ms)
2026-07-10 21:28:44,911 [INFO] Pass: FixedPoint - 0.00429 (ms)
2026-07-10 21:28:44,911 [INFO] Pass: Size - 0.00310 (ms)
2026-07-10 21:28:44,911 [INFO] Pass: FixedPoint - 0.00262 (ms)
2026-07-10 21:28:44,911 [INFO] Pass: RemoveIdentityEquivalent - 0.00405 (ms)
2026-07-10 21:28:44,911 [INFO] Pass: Optimize1qGatesDecomposition - 0.09680 (ms)
2026-07-10 21:28:44,911 [INFO] Pass: CommutativeCancellation - 0.05198 (ms)
2026-07-10 21:28:44,911 [INFO] Pass: ContractIdleWiresInControlFlow - 0.00191 (ms)
2026-07-10 21:28:44,911 [INFO] Pass: GatesInBasis - 0.00930 (ms)
2026-07-10 21:28:44,911 [INFO] Pass: Depth - 0.00906 (ms)
2026-07-10 21:28:44,911 [INFO] Pass: FixedPoint - 0.00358 (ms)
2026-07-10 21:28:44,911 [INFO] Pass: Size - 0.00191 (ms)
2026-07-10 21:28:44,911 [INFO] Pass: FixedPoint - 0.00262 (ms)
2026-07-10 21:28:44,911 [INFO] Pass: ContainsInstruction - 0.00525 (ms)
2026-07-10 21:28:44,911 [INFO] Total Transpile Time - 94.25116 (ms)
2026-07-10 21:28:45,004 [INFO] Pass: ContainsInstruction - 0.00930 (ms)
2026-07-10 21:28:45,004 [INFO] Pass: UnitarySynthesis - 0.00620 (ms)
2026-07-10 21:28:45,004 [INFO] Pass: HighLevelSynthesis - 0.00548 (ms)
2026-07-10 21:28:45,004 [INFO] Pass: BasisTranslator - 0.05269 (ms)
2026-07-10 21:28:45,004 [INFO] Pass: ElidePermutations - 0.00429 (ms)
2026-07-10 21:28:45,004 [INFO] Pass: RemoveDiagonalGatesBeforeMeasure - 0.00620 (ms)
2026-07-10 21:28:45,004 [INFO] Pass: RemoveIdentityEquivalent - 0.00453 (ms)
2026-07-10 21:28:45,004 [INFO] Pass: InverseCancellation - 0.01311 (ms)
2026-07-10 21:28:45,004 [INFO] Pass: ContractIdleWiresInControlFlow - 0.00215 (ms)
2026-07-10 21:28:45,004 [INFO] Pass: CommutativeCancellation - 0.02289 (ms)
2026-07-10 21:28:45,004 [INFO] Pass: ConsolidateBlocks - 0.03076 (ms)
2026-07-10 21:28:45,004 [INFO] Pass: Split2QUnitaries - 0.00310 (ms)
2026-07-10 21:28:45,004 [INFO] Pass: UnitarySynthesis - 0.00477 (ms)
2026-07-10 21:28:45,004 [INFO] Pass: HighLevelSynthesis - 0.00978 (ms)
2026-07-10 21:28:45,004 [INFO] Pass: BasisTranslator - 0.05126 (ms)
2026-07-10 21:28:45,004 [INFO] Pass: ConsolidateBlocks - 0.04005 (ms)
2026-07-10 21:28:45,004 [INFO] Pass: UnitarySynthesis - 0.00429 (ms)
2026-07-10 21:28:45,004 [INFO] Pass: Depth - 0.00978 (ms)
2026-07-10 21:28:45,004 [INFO] Pass: FixedPoint - 0.00429 (ms)
2026-07-10 21:28:45,004 [INFO] Pass: Size - 0.00310 (ms)
2026-07-10 21:28:45,004 [INFO] Pass: FixedPoint - 0.00286 (ms)
2026-07-10 21:28:45,004 [INFO] Pass: RemoveIdentityEquivalent - 0.00381 (ms)
2026-07-10 21:28:45,004 [INFO] Pass: Optimize1qGatesDecomposition - 0.09584 (ms)
2026-07-10 21:28:45,005 [INFO] Pass: CommutativeCancellation - 0.04458 (ms)
2026-07-10 21:28:45,005 [INFO] Pass: ContractIdleWiresInControlFlow - 0.00191 (ms)
2026-07-10 21:28:45,005 [INFO] Pass: GatesInBasis - 0.00787 (ms)
2026-07-10 21:28:45,005 [INFO] Pass: Depth - 0.00858 (ms)
2026-07-10 21:28:45,005 [INFO] Pass: FixedPoint - 0.00358 (ms)
2026-07-10 21:28:45,005 [INFO] Pass: Size - 0.00215 (ms)
2026-07-10 21:28:45,005 [INFO] Pass: FixedPoint - 0.00286 (ms)
2026-07-10 21:28:45,005 [INFO] Pass: RemoveIdentityEquivalent - 0.00334 (ms)
2026-07-10 21:28:45,005 [INFO] Pass: Optimize1qGatesDecomposition - 0.07844 (ms)
2026-07-10 21:28:45,005 [INFO] Pass: CommutativeCancellation - 0.03791 (ms)
2026-07-10 21:28:45,005 [INFO] Pass: ContractIdleWiresInControlFlow - 0.00191 (ms)
2026-07-10 21:28:45,005 [INFO] Pass: GatesInBasis - 0.00620 (ms)
2026-07-10 21:28:45,005 [INFO] Pass: Depth - 0.00763 (ms)
2026-07-10 21:28:45,005 [INFO] Pass: FixedPoint - 0.00334 (ms)
2026-07-10 21:28:45,005 [INFO] Pass: Size - 0.00167 (ms)
2026-07-10 21:28:45,005 [INFO] Pass: FixedPoint - 0.00286 (ms)
2026-07-10 21:28:45,005 [INFO] Pass: ContainsInstruction - 0.00501 (ms)
2026-07-10 21:28:45,005 [INFO] Total Transpile Time - 93.57524 (ms)
2026-07-10 21:28:58,453 [INFO] [PCE] n=25 instancia 55/100 completada en 0:00:00:14 — transcurrido=0:00:12:28 restante_estimado=0:00:10:12
2026-07-10 21:28:58,550 [INFO] Pass: ContainsInstruction - 0.01121 (ms)
2026-07-10 21:28:58,550 [INFO] Pass: UnitarySynthesis - 0.00691 (ms)
2026-07-10 21:28:58,550 [INFO] Pass: HighLevelSynthesis - 0.00644 (ms)
2026-07-10 21:28:58,550 [INFO] Pass: BasisTranslator - 0.06628 (ms)
2026-07-10 21:28:58,550 [INFO] Pass: ElidePermutations - 0.00525 (ms)
2026-07-10 21:28:58,550 [INFO] Pass: RemoveDiagonalGatesBeforeMeasure - 0.00739 (ms)
2026-07-10 21:28:58,550 [INFO] Pass: RemoveIdentityEquivalent - 0.00310 (ms)
2026-07-10 21:28:58,550 [INFO] Pass: InverseCancellation - 0.00477 (ms)
2026-07-10 21:28:58,550 [INFO] Pass: ContractIdleWiresInControlFlow - 0.00215 (ms)
2026-07-10 21:28:58,550 [INFO] Pass: CommutativeCancellation - 0.02408 (ms)
2026-07-10 21:28:58,551 [INFO] Pass: ConsolidateBlocks - 0.03529 (ms)
2026-07-10 21:28:58,551 [INFO] Pass: Split2QUnitaries - 0.00334 (ms)
2026-07-10 21:28:58,551 [INFO] Pass: UnitarySynthesis - 0.00477 (ms)
2026-07-10 21:28:58,551 [INFO] Pass: HighLevelSynthesis - 0.00978 (ms)
2026-07-10 21:28:58,551 [INFO] Pass: BasisTranslator - 0.05460 (ms)
2026-07-10 21:28:58,551 [INFO] Pass: ConsolidateBlocks - 0.04315 (ms)
2026-07-10 21:28:58,551 [INFO] Pass: UnitarySynthesis - 0.00453 (ms)
2026-07-10 21:28:58,551 [INFO] Pass: Depth - 0.01025 (ms)
2026-07-10 21:28:58,551 [INFO] Pass: FixedPoint - 0.00477 (ms)
2026-07-10 21:28:58,551 [INFO] Pass: Size - 0.00381 (ms)
2026-07-10 21:28:58,551 [INFO] Pass: FixedPoint - 0.00286 (ms)
2026-07-10 21:28:58,551 [INFO] Pass: RemoveIdentityEquivalent - 0.00238 (ms)
2026-07-10 21:28:58,551 [INFO] Pass: Optimize1qGatesDecomposition - 0.02813 (ms)
2026-07-10 21:28:58,551 [INFO] Pass: CommutativeCancellation - 0.04530 (ms)
2026-07-10 21:28:58,551 [INFO] Pass: ContractIdleWiresInControlFlow - 0.00191 (ms)
2026-07-10 21:28:58,551 [INFO] Pass: GatesInBasis - 0.00906 (ms)
2026-07-10 21:28:58,551 [INFO] Pass: Depth - 0.00787 (ms)
2026-07-10 21:28:58,551 [INFO] Pass: FixedPoint - 0.00334 (ms)
2026-07-10 21:28:58,551 [INFO] Pass: Size - 0.00191 (ms)
2026-07-10 21:28:58,551 [INFO] Pass: FixedPoint - 0.00286 (ms)
2026-07-10 21:28:58,551 [INFO] Pass: ContainsInstruction - 0.00501 (ms)
2026-07-10 21:28:58,551 [INFO] Total Transpile Time - 97.10670 (ms)
2026-07-10 21:28:58,644 [INFO] Pass: ContainsInstruction - 0.00978 (ms)
2026-07-10 21:28:58,644 [INFO] Pass: UnitarySynthesis - 0.00596 (ms)
2026-07-10 21:28:58,644 [INFO] Pass: HighLevelSynthesis - 0.00548 (ms)
2026-07-10 21:28:58,644 [INFO] Pass: BasisTranslator - 0.05579 (ms)
2026-07-10 21:28:58,644 [INFO] Pass: ElidePermutations - 0.00358 (ms)
2026-07-10 21:28:58,644 [INFO] Pass: RemoveDiagonalGatesBeforeMeasure - 0.00572 (ms)
2026-07-10 21:28:58,645 [INFO] Pass: RemoveIdentityEquivalent - 0.00405 (ms)
2026-07-10 21:28:58,645 [INFO] Pass: InverseCancellation - 0.01287 (ms)
2026-07-10 21:28:58,645 [INFO] Pass: ContractIdleWiresInControlFlow - 0.00215 (ms)
2026-07-10 21:28:58,645 [INFO] Pass: CommutativeCancellation - 0.02694 (ms)
2026-07-10 21:28:58,645 [INFO] Pass: ConsolidateBlocks - 0.03052 (ms)
2026-07-10 21:28:58,645 [INFO] Pass: Split2QUnitaries - 0.00286 (ms)
2026-07-10 21:28:58,645 [INFO] Pass: UnitarySynthesis - 0.00453 (ms)
2026-07-10 21:28:58,645 [INFO] Pass: HighLevelSynthesis - 0.00930 (ms)
2026-07-10 21:28:58,645 [INFO] Pass: BasisTranslator - 0.05388 (ms)
2026-07-10 21:28:58,645 [INFO] Pass: ConsolidateBlocks - 0.04005 (ms)
2026-07-10 21:28:58,645 [INFO] Pass: UnitarySynthesis - 0.00405 (ms)
2026-07-10 21:28:58,645 [INFO] Pass: Depth - 0.00978 (ms)
2026-07-10 21:28:58,645 [INFO] Pass: FixedPoint - 0.00453 (ms)
2026-07-10 21:28:58,645 [INFO] Pass: Size - 0.00310 (ms)
2026-07-10 21:28:58,645 [INFO] Pass: FixedPoint - 0.00286 (ms)
2026-07-10 21:28:58,645 [INFO] Pass: RemoveIdentityEquivalent - 0.00310 (ms)
2026-07-10 21:28:58,645 [INFO] Pass: Optimize1qGatesDecomposition - 0.09131 (ms)
2026-07-10 21:28:58,645 [INFO] Pass: CommutativeCancellation - 0.05531 (ms)
2026-07-10 21:28:58,645 [INFO] Pass: ContractIdleWiresInControlFlow - 0.00167 (ms)
2026-07-10 21:28:58,645 [INFO] Pass: GatesInBasis - 0.00834 (ms)
2026-07-10 21:28:58,645 [INFO] Pass: Depth - 0.00882 (ms)
2026-07-10 21:28:58,645 [INFO] Pass: FixedPoint - 0.00334 (ms)
2026-07-10 21:28:58,645 [INFO] Pass: Size - 0.00191 (ms)
2026-07-10 21:28:58,645 [INFO] Pass: FixedPoint - 0.00286 (ms)
2026-07-10 21:28:58,645 [INFO] Pass: ContainsInstruction - 0.00477 (ms)
2026-07-10 21:28:58,646 [INFO] Total Transpile Time - 93.80031 (ms)
2026-07-10 21:28:58,739 [INFO] Pass: ContainsInstruction - 0.00930 (ms)
2026-07-10 21:28:58,739 [INFO] Pass: UnitarySynthesis - 0.00620 (ms)
2026-07-10 21:28:58,739 [INFO] Pass: HighLevelSynthesis - 0.00572 (ms)
2026-07-10 21:28:58,739 [INFO] Pass: BasisTranslator - 0.05293 (ms)
2026-07-10 21:28:58,739 [INFO] Pass: ElidePermutations - 0.00358 (ms)
2026-07-10 21:28:58,739 [INFO] Pass: RemoveDiagonalGatesBeforeMeasure - 0.00525 (ms)
2026-07-10 21:28:58,739 [INFO] Pass: RemoveIdentityEquivalent - 0.00405 (ms)
2026-07-10 21:28:58,739 [INFO] Pass: InverseCancellation - 0.01168 (ms)
2026-07-10 21:28:58,739 [INFO] Pass: ContractIdleWiresInControlFlow - 0.00191 (ms)
2026-07-10 21:28:58,739 [INFO] Pass: CommutativeCancellation - 0.02384 (ms)
2026-07-10 21:28:58,739 [INFO] Pass: ConsolidateBlocks - 0.02933 (ms)
2026-07-10 21:28:58,739 [INFO] Pass: Split2QUnitaries - 0.00238 (ms)
2026-07-10 21:28:58,739 [INFO] Pass: UnitarySynthesis - 0.00501 (ms)
2026-07-10 21:28:58,739 [INFO] Pass: HighLevelSynthesis - 0.00978 (ms)
2026-07-10 21:28:58,739 [INFO] Pass: BasisTranslator - 0.05341 (ms)
2026-07-10 21:28:58,739 [INFO] Pass: ConsolidateBlocks - 0.04172 (ms)
2026-07-10 21:28:58,739 [INFO] Pass: UnitarySynthesis - 0.00477 (ms)
2026-07-10 21:28:58,739 [INFO] Pass: Depth - 0.00954 (ms)
2026-07-10 21:28:58,740 [INFO] Pass: FixedPoint - 0.00453 (ms)
2026-07-10 21:28:58,740 [INFO] Pass: Size - 0.00286 (ms)
2026-07-10 21:28:58,740 [INFO] Pass: FixedPoint - 0.00262 (ms)
2026-07-10 21:28:58,740 [INFO] Pass: RemoveIdentityEquivalent - 0.00358 (ms)
2026-07-10 21:28:58,740 [INFO] Pass: Optimize1qGatesDecomposition - 0.09513 (ms)
2026-07-10 21:28:58,740 [INFO] Pass: CommutativeCancellation - 0.04315 (ms)
2026-07-10 21:28:58,740 [INFO] Pass: ContractIdleWiresInControlFlow - 0.00215 (ms)
2026-07-10 21:28:58,740 [INFO] Pass: GatesInBasis - 0.00787 (ms)
2026-07-10 21:28:58,740 [INFO] Pass: Depth - 0.00906 (ms)
2026-07-10 21:28:58,740 [INFO] Pass: FixedPoint - 0.00358 (ms)
2026-07-10 21:28:58,740 [INFO] Pass: Size - 0.00215 (ms)
2026-07-10 21:28:58,740 [INFO] Pass: FixedPoint - 0.00262 (ms)
2026-07-10 21:28:58,740 [INFO] Pass: RemoveIdentityEquivalent - 0.00334 (ms)
2026-07-10 21:28:58,740 [INFO] Pass: Optimize1qGatesDecomposition - 0.07963 (ms)
2026-07-10 21:28:58,740 [INFO] Pass: CommutativeCancellation - 0.03719 (ms)
2026-07-10 21:28:58,740 [INFO] Pass: ContractIdleWiresInControlFlow - 0.00143 (ms)
2026-07-10 21:28:58,740 [INFO] Pass: GatesInBasis - 0.00668 (ms)
2026-07-10 21:28:58,740 [INFO] Pass: Depth - 0.00787 (ms)
2026-07-10 21:28:58,740 [INFO] Pass: FixedPoint - 0.00358 (ms)
2026-07-10 21:28:58,740 [INFO] Pass: Size - 0.00191 (ms)
2026-07-10 21:28:58,740 [INFO] Pass: FixedPoint - 0.00238 (ms)
2026-07-10 21:28:58,740 [INFO] Pass: ContainsInstruction - 0.00501 (ms)
2026-07-10 21:28:58,740 [INFO] Total Transpile Time - 94.46454 (ms)
2026-07-10 21:29:12,454 [INFO] [PCE] n=25 instancia 56/100 completada en 0:00:00:14 — transcurrido=0:00:12:42 restante_estimado=0:00:09:58
2026-07-10 21:29:12,549 [INFO] Pass: ContainsInstruction - 0.01144 (ms)
2026-07-10 21:29:12,549 [INFO] Pass: UnitarySynthesis - 0.00644 (ms)
2026-07-10 21:29:12,550 [INFO] Pass: HighLevelSynthesis - 0.00596 (ms)
2026-07-10 21:29:12,550 [INFO] Pass: BasisTranslator - 0.05937 (ms)
2026-07-10 21:29:12,550 [INFO] Pass: ElidePermutations - 0.00572 (ms)
2026-07-10 21:29:12,550 [INFO] Pass: RemoveDiagonalGatesBeforeMeasure - 0.00763 (ms)
2026-07-10 21:29:12,550 [INFO] Pass: RemoveIdentityEquivalent - 0.00334 (ms)
2026-07-10 21:29:12,550 [INFO] Pass: InverseCancellation - 0.00501 (ms)
2026-07-10 21:29:12,550 [INFO] Pass: ContractIdleWiresInControlFlow - 0.00215 (ms)
2026-07-10 21:29:12,550 [INFO] Pass: CommutativeCancellation - 0.02217 (ms)
2026-07-10 21:29:12,550 [INFO] Pass: ConsolidateBlocks - 0.03457 (ms)
2026-07-10 21:29:12,550 [INFO] Pass: Split2QUnitaries - 0.00334 (ms)
2026-07-10 21:29:12,550 [INFO] Pass: UnitarySynthesis - 0.00453 (ms)
2026-07-10 21:29:12,550 [INFO] Pass: HighLevelSynthesis - 0.00882 (ms)
2026-07-10 21:29:12,550 [INFO] Pass: BasisTranslator - 0.05436 (ms)
2026-07-10 21:29:12,550 [INFO] Pass: ConsolidateBlocks - 0.04315 (ms)
2026-07-10 21:29:12,550 [INFO] Pass: UnitarySynthesis - 0.00429 (ms)
2026-07-10 21:29:12,550 [INFO] Pass: Depth - 0.01025 (ms)
2026-07-10 21:29:12,550 [INFO] Pass: FixedPoint - 0.00525 (ms)
2026-07-10 21:29:12,550 [INFO] Pass: Size - 0.00334 (ms)
2026-07-10 21:29:12,550 [INFO] Pass: FixedPoint - 0.00310 (ms)
2026-07-10 21:29:12,550 [INFO] Pass: RemoveIdentityEquivalent - 0.00262 (ms)
2026-07-10 21:29:12,550 [INFO] Pass: Optimize1qGatesDecomposition - 0.02980 (ms)
2026-07-10 21:29:12,550 [INFO] Pass: CommutativeCancellation - 0.04315 (ms)
2026-07-10 21:29:12,550 [INFO] Pass: ContractIdleWiresInControlFlow - 0.00191 (ms)
2026-07-10 21:29:12,550 [INFO] Pass: GatesInBasis - 0.00882 (ms)
2026-07-10 21:29:12,550 [INFO] Pass: Depth - 0.00787 (ms)
2026-07-10 21:29:12,550 [INFO] Pass: FixedPoint - 0.00334 (ms)
2026-07-10 21:29:12,551 [INFO] Pass: Size - 0.00215 (ms)
2026-07-10 21:29:12,551 [INFO] Pass: FixedPoint - 0.00238 (ms)
2026-07-10 21:29:12,551 [INFO] Pass: ContainsInstruction - 0.00453 (ms)
2026-07-10 21:29:12,551 [INFO] Total Transpile Time - 94.78140 (ms)
2026-07-10 21:29:12,643 [INFO] Pass: ContainsInstruction - 0.00978 (ms)
2026-07-10 21:29:12,643 [INFO] Pass: UnitarySynthesis - 0.00596 (ms)
2026-07-10 21:29:12,643 [INFO] Pass: HighLevelSynthesis - 0.00548 (ms)
2026-07-10 21:29:12,643 [INFO] Pass: BasisTranslator - 0.05388 (ms)
2026-07-10 21:29:12,643 [INFO] Pass: ElidePermutations - 0.00358 (ms)
2026-07-10 21:29:12,643 [INFO] Pass: RemoveDiagonalGatesBeforeMeasure - 0.00691 (ms)
2026-07-10 21:29:12,643 [INFO] Pass: RemoveIdentityEquivalent - 0.00381 (ms)
2026-07-10 21:29:12,643 [INFO] Pass: InverseCancellation - 0.01359 (ms)
2026-07-10 21:29:12,643 [INFO] Pass: ContractIdleWiresInControlFlow - 0.00215 (ms)
2026-07-10 21:29:12,643 [INFO] Pass: CommutativeCancellation - 0.02527 (ms)
2026-07-10 21:29:12,643 [INFO] Pass: ConsolidateBlocks - 0.03028 (ms)
2026-07-10 21:29:12,643 [INFO] Pass: Split2QUnitaries - 0.00310 (ms)
2026-07-10 21:29:12,643 [INFO] Pass: UnitarySynthesis - 0.00453 (ms)
2026-07-10 21:29:12,643 [INFO] Pass: HighLevelSynthesis - 0.00882 (ms)
2026-07-10 21:29:12,643 [INFO] Pass: BasisTranslator - 0.05293 (ms)
2026-07-10 21:29:12,643 [INFO] Pass: ConsolidateBlocks - 0.03982 (ms)
2026-07-10 21:29:12,643 [INFO] Pass: UnitarySynthesis - 0.00453 (ms)
2026-07-10 21:29:12,643 [INFO] Pass: Depth - 0.00978 (ms)
2026-07-10 21:29:12,643 [INFO] Pass: FixedPoint - 0.00405 (ms)
2026-07-10 21:29:12,643 [INFO] Pass: Size - 0.00334 (ms)
2026-07-10 21:29:12,643 [INFO] Pass: FixedPoint - 0.00238 (ms)
2026-07-10 21:29:12,643 [INFO] Pass: RemoveIdentityEquivalent - 0.00334 (ms)
2026-07-10 21:29:12,643 [INFO] Pass: Optimize1qGatesDecomposition - 0.08869 (ms)
2026-07-10 21:29:12,644 [INFO] Pass: CommutativeCancellation - 0.04745 (ms)
2026-07-10 21:29:12,644 [INFO] Pass: ContractIdleWiresInControlFlow - 0.00167 (ms)
2026-07-10 21:29:12,644 [INFO] Pass: GatesInBasis - 0.00834 (ms)
2026-07-10 21:29:12,644 [INFO] Pass: Depth - 0.00858 (ms)
2026-07-10 21:29:12,644 [INFO] Pass: FixedPoint - 0.00334 (ms)
2026-07-10 21:29:12,644 [INFO] Pass: Size - 0.00215 (ms)
2026-07-10 21:29:12,644 [INFO] Pass: FixedPoint - 0.00310 (ms)
2026-07-10 21:29:12,644 [INFO] Pass: ContainsInstruction - 0.00453 (ms)
2026-07-10 21:29:12,644 [INFO] Total Transpile Time - 92.76748 (ms)
2026-07-10 21:29:12,737 [INFO] Pass: ContainsInstruction - 0.00954 (ms)
2026-07-10 21:29:12,737 [INFO] Pass: UnitarySynthesis - 0.00644 (ms)
2026-07-10 21:29:12,737 [INFO] Pass: HighLevelSynthesis - 0.00572 (ms)
2026-07-10 21:29:12,737 [INFO] Pass: BasisTranslator - 0.05460 (ms)
2026-07-10 21:29:12,737 [INFO] Pass: ElidePermutations - 0.00358 (ms)
2026-07-10 21:29:12,737 [INFO] Pass: RemoveDiagonalGatesBeforeMeasure - 0.00596 (ms)
2026-07-10 21:29:12,737 [INFO] Pass: RemoveIdentityEquivalent - 0.00429 (ms)
2026-07-10 21:29:12,737 [INFO] Pass: InverseCancellation - 0.01216 (ms)
2026-07-10 21:29:12,737 [INFO] Pass: ContractIdleWiresInControlFlow - 0.00167 (ms)
2026-07-10 21:29:12,737 [INFO] Pass: CommutativeCancellation - 0.02360 (ms)
2026-07-10 21:29:12,737 [INFO] Pass: ConsolidateBlocks - 0.02837 (ms)
2026-07-10 21:29:12,737 [INFO] Pass: Split2QUnitaries - 0.00358 (ms)
2026-07-10 21:29:12,737 [INFO] Pass: UnitarySynthesis - 0.00525 (ms)
2026-07-10 21:29:12,737 [INFO] Pass: HighLevelSynthesis - 0.00978 (ms)
2026-07-10 21:29:12,737 [INFO] Pass: BasisTranslator - 0.05484 (ms)
2026-07-10 21:29:12,737 [INFO] Pass: ConsolidateBlocks - 0.04172 (ms)
2026-07-10 21:29:12,738 [INFO] Pass: UnitarySynthesis - 0.00453 (ms)
2026-07-10 21:29:12,738 [INFO] Pass: Depth - 0.00978 (ms)
2026-07-10 21:29:12,738 [INFO] Pass: FixedPoint - 0.00453 (ms)
2026-07-10 21:29:12,738 [INFO] Pass: Size - 0.00238 (ms)
2026-07-10 21:29:12,738 [INFO] Pass: FixedPoint - 0.00262 (ms)
2026-07-10 21:29:12,738 [INFO] Pass: RemoveIdentityEquivalent - 0.00381 (ms)
2026-07-10 21:29:12,738 [INFO] Pass: Optimize1qGatesDecomposition - 0.09346 (ms)
2026-07-10 21:29:12,738 [INFO] Pass: CommutativeCancellation - 0.04530 (ms)
2026-07-10 21:29:12,738 [INFO] Pass: ContractIdleWiresInControlFlow - 0.00167 (ms)
2026-07-10 21:29:12,738 [INFO] Pass: GatesInBasis - 0.00858 (ms)
2026-07-10 21:29:12,738 [INFO] Pass: Depth - 0.00954 (ms)
2026-07-10 21:29:12,738 [INFO] Pass: FixedPoint - 0.00381 (ms)
2026-07-10 21:29:12,738 [INFO] Pass: Size - 0.00191 (ms)
2026-07-10 21:29:12,738 [INFO] Pass: FixedPoint - 0.00286 (ms)
2026-07-10 21:29:12,738 [INFO] Pass: RemoveIdentityEquivalent - 0.00381 (ms)
2026-07-10 21:29:12,738 [INFO] Pass: Optimize1qGatesDecomposition - 0.07820 (ms)
2026-07-10 21:29:12,738 [INFO] Pass: CommutativeCancellation - 0.03815 (ms)
2026-07-10 21:29:12,738 [INFO] Pass: ContractIdleWiresInControlFlow - 0.00167 (ms)
2026-07-10 21:29:12,738 [INFO] Pass: GatesInBasis - 0.00739 (ms)
2026-07-10 21:29:12,738 [INFO] Pass: Depth - 0.00858 (ms)
2026-07-10 21:29:12,738 [INFO] Pass: FixedPoint - 0.00334 (ms)
2026-07-10 21:29:12,738 [INFO] Pass: Size - 0.00191 (ms)
2026-07-10 21:29:12,738 [INFO] Pass: FixedPoint - 0.00286 (ms)
2026-07-10 21:29:12,738 [INFO] Pass: ContainsInstruction - 0.00477 (ms)
2026-07-10 21:29:12,739 [INFO] Total Transpile Time - 94.26475 (ms)
2026-07-10 21:29:25,983 [INFO] [PCE] n=25 instancia 57/100 completada en 0:00:00:14 — transcurrido=0:00:12:55 restante_estimado=0:00:09:45
2026-07-10 21:29:26,079 [INFO] Pass: ContainsInstruction - 0.01287 (ms)
2026-07-10 21:29:26,079 [INFO] Pass: UnitarySynthesis - 0.00668 (ms)
2026-07-10 21:29:26,079 [INFO] Pass: HighLevelSynthesis - 0.00644 (ms)
2026-07-10 21:29:26,079 [INFO] Pass: BasisTranslator - 0.06151 (ms)
2026-07-10 21:29:26,080 [INFO] Pass: ElidePermutations - 0.00525 (ms)
2026-07-10 21:29:26,080 [INFO] Pass: RemoveDiagonalGatesBeforeMeasure - 0.00763 (ms)
2026-07-10 21:29:26,080 [INFO] Pass: RemoveIdentityEquivalent - 0.00310 (ms)
2026-07-10 21:29:26,080 [INFO] Pass: InverseCancellation - 0.00501 (ms)
2026-07-10 21:29:26,080 [INFO] Pass: ContractIdleWiresInControlFlow - 0.00262 (ms)
2026-07-10 21:29:26,080 [INFO] Pass: CommutativeCancellation - 0.02241 (ms)
2026-07-10 21:29:26,080 [INFO] Pass: ConsolidateBlocks - 0.03457 (ms)
2026-07-10 21:29:26,080 [INFO] Pass: Split2QUnitaries - 0.00358 (ms)
2026-07-10 21:29:26,080 [INFO] Pass: UnitarySynthesis - 0.00501 (ms)
2026-07-10 21:29:26,080 [INFO] Pass: HighLevelSynthesis - 0.01001 (ms)
2026-07-10 21:29:26,080 [INFO] Pass: BasisTranslator - 0.05460 (ms)
2026-07-10 21:29:26,080 [INFO] Pass: ConsolidateBlocks - 0.04101 (ms)
2026-07-10 21:29:26,080 [INFO] Pass: UnitarySynthesis - 0.00429 (ms)
2026-07-10 21:29:26,080 [INFO] Pass: Depth - 0.01001 (ms)
2026-07-10 21:29:26,080 [INFO] Pass: FixedPoint - 0.00453 (ms)
2026-07-10 21:29:26,080 [INFO] Pass: Size - 0.00334 (ms)
2026-07-10 21:29:26,080 [INFO] Pass: FixedPoint - 0.00262 (ms)
2026-07-10 21:29:26,080 [INFO] Pass: RemoveIdentityEquivalent - 0.00262 (ms)
2026-07-10 21:29:26,080 [INFO] Pass: Optimize1qGatesDecomposition - 0.02766 (ms)
2026-07-10 21:29:26,080 [INFO] Pass: CommutativeCancellation - 0.05054 (ms)
2026-07-10 21:29:26,080 [INFO] Pass: ContractIdleWiresInControlFlow - 0.00238 (ms)
2026-07-10 21:29:26,080 [INFO] Pass: GatesInBasis - 0.00858 (ms)
2026-07-10 21:29:26,080 [INFO] Pass: Depth - 0.00811 (ms)
2026-07-10 21:29:26,080 [INFO] Pass: FixedPoint - 0.00358 (ms)
2026-07-10 21:29:26,080 [INFO] Pass: Size - 0.00215 (ms)
2026-07-10 21:29:26,080 [INFO] Pass: FixedPoint - 0.00286 (ms)
2026-07-10 21:29:26,080 [INFO] Pass: ContainsInstruction - 0.00548 (ms)
2026-07-10 21:29:26,081 [INFO] Total Transpile Time - 96.18807 (ms)
2026-07-10 21:29:26,174 [INFO] Pass: ContainsInstruction - 0.00954 (ms)
2026-07-10 21:29:26,174 [INFO] Pass: UnitarySynthesis - 0.00644 (ms)
2026-07-10 21:29:26,174 [INFO] Pass: HighLevelSynthesis - 0.00572 (ms)
2026-07-10 21:29:26,174 [INFO] Pass: BasisTranslator - 0.05507 (ms)
2026-07-10 21:29:26,174 [INFO] Pass: ElidePermutations - 0.00405 (ms)
2026-07-10 21:29:26,174 [INFO] Pass: RemoveDiagonalGatesBeforeMeasure - 0.00691 (ms)
2026-07-10 21:29:26,174 [INFO] Pass: RemoveIdentityEquivalent - 0.00405 (ms)
2026-07-10 21:29:26,174 [INFO] Pass: InverseCancellation - 0.01335 (ms)
2026-07-10 21:29:26,174 [INFO] Pass: ContractIdleWiresInControlFlow - 0.00191 (ms)
2026-07-10 21:29:26,174 [INFO] Pass: CommutativeCancellation - 0.02742 (ms)
2026-07-10 21:29:26,174 [INFO] Pass: ConsolidateBlocks - 0.03791 (ms)
2026-07-10 21:29:26,174 [INFO] Pass: Split2QUnitaries - 0.00310 (ms)
2026-07-10 21:29:26,174 [INFO] Pass: UnitarySynthesis - 0.00525 (ms)
2026-07-10 21:29:26,174 [INFO] Pass: HighLevelSynthesis - 0.00954 (ms)
2026-07-10 21:29:26,174 [INFO] Pass: BasisTranslator - 0.05364 (ms)
2026-07-10 21:29:26,174 [INFO] Pass: ConsolidateBlocks - 0.04077 (ms)
2026-07-10 21:29:26,175 [INFO] Pass: UnitarySynthesis - 0.00429 (ms)
2026-07-10 21:29:26,175 [INFO] Pass: Depth - 0.00954 (ms)
2026-07-10 21:29:26,175 [INFO] Pass: FixedPoint - 0.00429 (ms)
2026-07-10 21:29:26,175 [INFO] Pass: Size - 0.00310 (ms)
2026-07-10 21:29:26,175 [INFO] Pass: FixedPoint - 0.00262 (ms)
2026-07-10 21:29:26,175 [INFO] Pass: RemoveIdentityEquivalent - 0.00358 (ms)
2026-07-10 21:29:26,175 [INFO] Pass: Optimize1qGatesDecomposition - 0.09179 (ms)
2026-07-10 21:29:26,175 [INFO] Pass: CommutativeCancellation - 0.04840 (ms)
2026-07-10 21:29:26,175 [INFO] Pass: ContractIdleWiresInControlFlow - 0.00215 (ms)
2026-07-10 21:29:26,175 [INFO] Pass: GatesInBasis - 0.00954 (ms)
2026-07-10 21:29:26,175 [INFO] Pass: Depth - 0.00858 (ms)
2026-07-10 21:29:26,175 [INFO] Pass: FixedPoint - 0.00358 (ms)
2026-07-10 21:29:26,175 [INFO] Pass: Size - 0.00191 (ms)
2026-07-10 21:29:26,175 [INFO] Pass: FixedPoint - 0.00262 (ms)
2026-07-10 21:29:26,175 [INFO] Pass: ContainsInstruction - 0.00477 (ms)
2026-07-10 21:29:26,175 [INFO] Total Transpile Time - 94.13719 (ms)
2026-07-10 21:29:26,268 [INFO] Pass: ContainsInstruction - 0.00906 (ms)
2026-07-10 21:29:26,268 [INFO] Pass: UnitarySynthesis - 0.00644 (ms)
2026-07-10 21:29:26,268 [INFO] Pass: HighLevelSynthesis - 0.00525 (ms)
2026-07-10 21:29:26,268 [INFO] Pass: BasisTranslator - 0.05269 (ms)
2026-07-10 21:29:26,268 [INFO] Pass: ElidePermutations - 0.00334 (ms)
2026-07-10 21:29:26,268 [INFO] Pass: RemoveDiagonalGatesBeforeMeasure - 0.00548 (ms)
2026-07-10 21:29:26,269 [INFO] Pass: RemoveIdentityEquivalent - 0.00381 (ms)
2026-07-10 21:29:26,269 [INFO] Pass: InverseCancellation - 0.01216 (ms)
2026-07-10 21:29:26,269 [INFO] Pass: ContractIdleWiresInControlFlow - 0.00191 (ms)
2026-07-10 21:29:26,269 [INFO] Pass: CommutativeCancellation - 0.02289 (ms)
2026-07-10 21:29:26,269 [INFO] Pass: ConsolidateBlocks - 0.02885 (ms)
2026-07-10 21:29:26,269 [INFO] Pass: Split2QUnitaries - 0.00238 (ms)
2026-07-10 21:29:26,269 [INFO] Pass: UnitarySynthesis - 0.00501 (ms)
2026-07-10 21:29:26,269 [INFO] Pass: HighLevelSynthesis - 0.01001 (ms)
2026-07-10 21:29:26,269 [INFO] Pass: BasisTranslator - 0.05317 (ms)
2026-07-10 21:29:26,269 [INFO] Pass: ConsolidateBlocks - 0.04077 (ms)
2026-07-10 21:29:26,269 [INFO] Pass: UnitarySynthesis - 0.00453 (ms)
2026-07-10 21:29:26,269 [INFO] Pass: Depth - 0.00978 (ms)
2026-07-10 21:29:26,269 [INFO] Pass: FixedPoint - 0.00477 (ms)
2026-07-10 21:29:26,269 [INFO] Pass: Size - 0.00286 (ms)
2026-07-10 21:29:26,269 [INFO] Pass: FixedPoint - 0.00286 (ms)
2026-07-10 21:29:26,269 [INFO] Pass: RemoveIdentityEquivalent - 0.00405 (ms)
2026-07-10 21:29:26,269 [INFO] Pass: Optimize1qGatesDecomposition - 0.09394 (ms)
2026-07-10 21:29:26,269 [INFO] Pass: CommutativeCancellation - 0.05102 (ms)
2026-07-10 21:29:26,269 [INFO] Pass: ContractIdleWiresInControlFlow - 0.00215 (ms)
2026-07-10 21:29:26,269 [INFO] Pass: GatesInBasis - 0.00811 (ms)
2026-07-10 21:29:26,269 [INFO] Pass: Depth - 0.00906 (ms)
2026-07-10 21:29:26,269 [INFO] Pass: FixedPoint - 0.00334 (ms)
2026-07-10 21:29:26,269 [INFO] Pass: Size - 0.00215 (ms)
2026-07-10 21:29:26,269 [INFO] Pass: FixedPoint - 0.00286 (ms)
2026-07-10 21:29:26,269 [INFO] Pass: RemoveIdentityEquivalent - 0.00358 (ms)
2026-07-10 21:29:26,270 [INFO] Pass: Optimize1qGatesDecomposition - 0.07892 (ms)
2026-07-10 21:29:26,270 [INFO] Pass: CommutativeCancellation - 0.03672 (ms)
2026-07-10 21:29:26,270 [INFO] Pass: ContractIdleWiresInControlFlow - 0.00167 (ms)
2026-07-10 21:29:26,270 [INFO] Pass: GatesInBasis - 0.00668 (ms)
2026-07-10 21:29:26,270 [INFO] Pass: Depth - 0.00787 (ms)
2026-07-10 21:29:26,270 [INFO] Pass: FixedPoint - 0.00310 (ms)
2026-07-10 21:29:26,270 [INFO] Pass: Size - 0.00215 (ms)
2026-07-10 21:29:26,270 [INFO] Pass: FixedPoint - 0.00262 (ms)
2026-07-10 21:29:26,270 [INFO] Pass: ContainsInstruction - 0.00525 (ms)
2026-07-10 21:29:26,270 [INFO] Total Transpile Time - 94.39754 (ms)
2026-07-10 21:29:38,562 [INFO] [PCE] n=25 instancia 58/100 completada en 0:00:00:13 — transcurrido=0:00:13:08 restante_estimado=0:00:09:30
2026-07-10 21:29:38,657 [INFO] Pass: ContainsInstruction - 0.01192 (ms)
2026-07-10 21:29:38,657 [INFO] Pass: UnitarySynthesis - 0.00691 (ms)
2026-07-10 21:29:38,657 [INFO] Pass: HighLevelSynthesis - 0.00644 (ms)
2026-07-10 21:29:38,657 [INFO] Pass: BasisTranslator - 0.06008 (ms)
2026-07-10 21:29:38,657 [INFO] Pass: ElidePermutations - 0.00548 (ms)
2026-07-10 21:29:38,657 [INFO] Pass: RemoveDiagonalGatesBeforeMeasure - 0.00763 (ms)
2026-07-10 21:29:38,658 [INFO] Pass: RemoveIdentityEquivalent - 0.00310 (ms)
2026-07-10 21:29:38,658 [INFO] Pass: InverseCancellation - 0.00477 (ms)
2026-07-10 21:29:38,658 [INFO] Pass: ContractIdleWiresInControlFlow - 0.00191 (ms)
2026-07-10 21:29:38,658 [INFO] Pass: CommutativeCancellation - 0.02313 (ms)
2026-07-10 21:29:38,658 [INFO] Pass: ConsolidateBlocks - 0.03314 (ms)
2026-07-10 21:29:38,658 [INFO] Pass: Split2QUnitaries - 0.00310 (ms)
2026-07-10 21:29:38,658 [INFO] Pass: UnitarySynthesis - 0.00501 (ms)
2026-07-10 21:29:38,658 [INFO] Pass: HighLevelSynthesis - 0.00930 (ms)
2026-07-10 21:29:38,658 [INFO] Pass: BasisTranslator - 0.05245 (ms)
2026-07-10 21:29:38,658 [INFO] Pass: ConsolidateBlocks - 0.04125 (ms)
2026-07-10 21:29:38,658 [INFO] Pass: UnitarySynthesis - 0.00405 (ms)
2026-07-10 21:29:38,658 [INFO] Pass: Depth - 0.01025 (ms)
2026-07-10 21:29:38,658 [INFO] Pass: FixedPoint - 0.00525 (ms)
2026-07-10 21:29:38,658 [INFO] Pass: Size - 0.00310 (ms)
2026-07-10 21:29:38,658 [INFO] Pass: FixedPoint - 0.00286 (ms)
2026-07-10 21:29:38,658 [INFO] Pass: RemoveIdentityEquivalent - 0.00262 (ms)
2026-07-10 21:29:38,658 [INFO] Pass: Optimize1qGatesDecomposition - 0.03004 (ms)
2026-07-10 21:29:38,658 [INFO] Pass: CommutativeCancellation - 0.04339 (ms)
2026-07-10 21:29:38,658 [INFO] Pass: ContractIdleWiresInControlFlow - 0.00167 (ms)
2026-07-10 21:29:38,658 [INFO] Pass: GatesInBasis - 0.00954 (ms)
2026-07-10 21:29:38,658 [INFO] Pass: Depth - 0.00787 (ms)
2026-07-10 21:29:38,658 [INFO] Pass: FixedPoint - 0.00358 (ms)
2026-07-10 21:29:38,658 [INFO] Pass: Size - 0.00191 (ms)
2026-07-10 21:29:38,658 [INFO] Pass: FixedPoint - 0.00286 (ms)
2026-07-10 21:29:38,658 [INFO] Pass: ContainsInstruction - 0.00477 (ms)
2026-07-10 21:29:38,659 [INFO] Total Transpile Time - 94.34485 (ms)
2026-07-10 21:29:38,751 [INFO] Pass: ContainsInstruction - 0.00954 (ms)
2026-07-10 21:29:38,751 [INFO] Pass: UnitarySynthesis - 0.00644 (ms)
2026-07-10 21:29:38,751 [INFO] Pass: HighLevelSynthesis - 0.00596 (ms)
2026-07-10 21:29:38,751 [INFO] Pass: BasisTranslator - 0.05341 (ms)
2026-07-10 21:29:38,751 [INFO] Pass: ElidePermutations - 0.00405 (ms)
2026-07-10 21:29:38,751 [INFO] Pass: RemoveDiagonalGatesBeforeMeasure - 0.00596 (ms)
2026-07-10 21:29:38,751 [INFO] Pass: RemoveIdentityEquivalent - 0.00405 (ms)
2026-07-10 21:29:38,751 [INFO] Pass: InverseCancellation - 0.01264 (ms)
2026-07-10 21:29:38,751 [INFO] Pass: ContractIdleWiresInControlFlow - 0.00215 (ms)
2026-07-10 21:29:38,751 [INFO] Pass: CommutativeCancellation - 0.02813 (ms)
2026-07-10 21:29:38,751 [INFO] Pass: ConsolidateBlocks - 0.02980 (ms)
2026-07-10 21:29:38,751 [INFO] Pass: Split2QUnitaries - 0.00286 (ms)
2026-07-10 21:29:38,751 [INFO] Pass: UnitarySynthesis - 0.00477 (ms)
2026-07-10 21:29:38,751 [INFO] Pass: HighLevelSynthesis - 0.00954 (ms)
2026-07-10 21:29:38,751 [INFO] Pass: BasisTranslator - 0.05269 (ms)
2026-07-10 21:29:38,751 [INFO] Pass: ConsolidateBlocks - 0.04148 (ms)
2026-07-10 21:29:38,751 [INFO] Pass: UnitarySynthesis - 0.00429 (ms)
2026-07-10 21:29:38,751 [INFO] Pass: Depth - 0.01001 (ms)
2026-07-10 21:29:38,751 [INFO] Pass: FixedPoint - 0.00429 (ms)
2026-07-10 21:29:38,751 [INFO] Pass: Size - 0.00310 (ms)
2026-07-10 21:29:38,751 [INFO] Pass: FixedPoint - 0.00262 (ms)
2026-07-10 21:29:38,751 [INFO] Pass: RemoveIdentityEquivalent - 0.00381 (ms)
2026-07-10 21:29:38,751 [INFO] Pass: Optimize1qGatesDecomposition - 0.09155 (ms)
2026-07-10 21:29:38,752 [INFO] Pass: CommutativeCancellation - 0.04983 (ms)
2026-07-10 21:29:38,752 [INFO] Pass: ContractIdleWiresInControlFlow - 0.00191 (ms)
2026-07-10 21:29:38,752 [INFO] Pass: GatesInBasis - 0.00811 (ms)
2026-07-10 21:29:38,752 [INFO] Pass: Depth - 0.00882 (ms)
2026-07-10 21:29:38,752 [INFO] Pass: FixedPoint - 0.00358 (ms)
2026-07-10 21:29:38,752 [INFO] Pass: Size - 0.00215 (ms)
2026-07-10 21:29:38,752 [INFO] Pass: FixedPoint - 0.00286 (ms)
2026-07-10 21:29:38,752 [INFO] Pass: ContainsInstruction - 0.00453 (ms)
2026-07-10 21:29:38,752 [INFO] Total Transpile Time - 92.87024 (ms)
2026-07-10 21:29:38,844 [INFO] Pass: ContainsInstruction - 0.00906 (ms)
2026-07-10 21:29:38,844 [INFO] Pass: UnitarySynthesis - 0.00620 (ms)
2026-07-10 21:29:38,844 [INFO] Pass: HighLevelSynthesis - 0.00525 (ms)
2026-07-10 21:29:38,844 [INFO] Pass: BasisTranslator - 0.05293 (ms)
2026-07-10 21:29:38,844 [INFO] Pass: ElidePermutations - 0.00358 (ms)
2026-07-10 21:29:38,844 [INFO] Pass: RemoveDiagonalGatesBeforeMeasure - 0.00548 (ms)
2026-07-10 21:29:38,844 [INFO] Pass: RemoveIdentityEquivalent - 0.00405 (ms)
2026-07-10 21:29:38,844 [INFO] Pass: InverseCancellation - 0.01264 (ms)
2026-07-10 21:29:38,844 [INFO] Pass: ContractIdleWiresInControlFlow - 0.00215 (ms)
2026-07-10 21:29:38,844 [INFO] Pass: CommutativeCancellation - 0.02337 (ms)
2026-07-10 21:29:38,844 [INFO] Pass: ConsolidateBlocks - 0.02861 (ms)
2026-07-10 21:29:38,844 [INFO] Pass: Split2QUnitaries - 0.00286 (ms)
2026-07-10 21:29:38,844 [INFO] Pass: UnitarySynthesis - 0.00525 (ms)
2026-07-10 21:29:38,844 [INFO] Pass: HighLevelSynthesis - 0.00978 (ms)
2026-07-10 21:29:38,844 [INFO] Pass: BasisTranslator - 0.05364 (ms)
2026-07-10 21:29:38,844 [INFO] Pass: ConsolidateBlocks - 0.04148 (ms)
2026-07-10 21:29:38,844 [INFO] Pass: UnitarySynthesis - 0.00453 (ms)
2026-07-10 21:29:38,845 [INFO] Pass: Depth - 0.00930 (ms)
2026-07-10 21:29:38,845 [INFO] Pass: FixedPoint - 0.00453 (ms)
2026-07-10 21:29:38,845 [INFO] Pass: Size - 0.00310 (ms)
2026-07-10 21:29:38,845 [INFO] Pass: FixedPoint - 0.00286 (ms)
2026-07-10 21:29:38,845 [INFO] Pass: RemoveIdentityEquivalent - 0.00381 (ms)
2026-07-10 21:29:38,845 [INFO] Pass: Optimize1qGatesDecomposition - 0.09036 (ms)
2026-07-10 21:29:38,845 [INFO] Pass: CommutativeCancellation - 0.04411 (ms)
2026-07-10 21:29:38,845 [INFO] Pass: ContractIdleWiresInControlFlow - 0.00191 (ms)
2026-07-10 21:29:38,845 [INFO] Pass: GatesInBasis - 0.00763 (ms)
2026-07-10 21:29:38,845 [INFO] Pass: Depth - 0.00906 (ms)
2026-07-10 21:29:38,845 [INFO] Pass: FixedPoint - 0.00358 (ms)
2026-07-10 21:29:38,845 [INFO] Pass: Size - 0.00215 (ms)
2026-07-10 21:29:38,845 [INFO] Pass: FixedPoint - 0.00286 (ms)
2026-07-10 21:29:38,845 [INFO] Pass: RemoveIdentityEquivalent - 0.00358 (ms)
2026-07-10 21:29:38,845 [INFO] Pass: Optimize1qGatesDecomposition - 0.07844 (ms)
2026-07-10 21:29:38,845 [INFO] Pass: CommutativeCancellation - 0.03791 (ms)
2026-07-10 21:29:38,845 [INFO] Pass: ContractIdleWiresInControlFlow - 0.00167 (ms)
2026-07-10 21:29:38,845 [INFO] Pass: GatesInBasis - 0.00644 (ms)
2026-07-10 21:29:38,845 [INFO] Pass: Depth - 0.00763 (ms)
2026-07-10 21:29:38,845 [INFO] Pass: FixedPoint - 0.00334 (ms)
2026-07-10 21:29:38,845 [INFO] Pass: Size - 0.00191 (ms)
2026-07-10 21:29:38,845 [INFO] Pass: FixedPoint - 0.00262 (ms)
2026-07-10 21:29:38,845 [INFO] Pass: ContainsInstruction - 0.00501 (ms)
2026-07-10 21:29:38,846 [INFO] Total Transpile Time - 93.23001 (ms)
2026-07-10 21:29:51,904 [INFO] [PCE] n=25 instancia 59/100 completada en 0:00:00:13 — transcurrido=0:00:13:21 restante_estimado=0:00:09:17
2026-07-10 21:29:51,998 [INFO] Pass: ContainsInstruction - 0.01049 (ms)
2026-07-10 21:29:51,998 [INFO] Pass: UnitarySynthesis - 0.00644 (ms)
2026-07-10 21:29:51,998 [INFO] Pass: HighLevelSynthesis - 0.00644 (ms)
2026-07-10 21:29:51,998 [INFO] Pass: BasisTranslator - 0.05841 (ms)
2026-07-10 21:29:51,998 [INFO] Pass: ElidePermutations - 0.00525 (ms)
2026-07-10 21:29:51,998 [INFO] Pass: RemoveDiagonalGatesBeforeMeasure - 0.00811 (ms)
2026-07-10 21:29:51,998 [INFO] Pass: RemoveIdentityEquivalent - 0.00334 (ms)
2026-07-10 21:29:51,998 [INFO] Pass: InverseCancellation - 0.00548 (ms)
2026-07-10 21:29:51,998 [INFO] Pass: ContractIdleWiresInControlFlow - 0.00191 (ms)
2026-07-10 21:29:51,999 [INFO] Pass: CommutativeCancellation - 0.02337 (ms)
2026-07-10 21:29:51,999 [INFO] Pass: ConsolidateBlocks - 0.03457 (ms)
2026-07-10 21:29:51,999 [INFO] Pass: Split2QUnitaries - 0.00286 (ms)
2026-07-10 21:29:51,999 [INFO] Pass: UnitarySynthesis - 0.00453 (ms)
2026-07-10 21:29:51,999 [INFO] Pass: HighLevelSynthesis - 0.00906 (ms)
2026-07-10 21:29:51,999 [INFO] Pass: BasisTranslator - 0.05126 (ms)
2026-07-10 21:29:51,999 [INFO] Pass: ConsolidateBlocks - 0.04268 (ms)
2026-07-10 21:29:51,999 [INFO] Pass: UnitarySynthesis - 0.00453 (ms)
2026-07-10 21:29:51,999 [INFO] Pass: Depth - 0.00978 (ms)
2026-07-10 21:29:51,999 [INFO] Pass: FixedPoint - 0.00572 (ms)
2026-07-10 21:29:51,999 [INFO] Pass: Size - 0.00334 (ms)
2026-07-10 21:29:51,999 [INFO] Pass: FixedPoint - 0.00286 (ms)
2026-07-10 21:29:51,999 [INFO] Pass: RemoveIdentityEquivalent - 0.00262 (ms)
2026-07-10 21:29:51,999 [INFO] Pass: Optimize1qGatesDecomposition - 0.02789 (ms)
2026-07-10 21:29:51,999 [INFO] Pass: CommutativeCancellation - 0.04244 (ms)
2026-07-10 21:29:51,999 [INFO] Pass: ContractIdleWiresInControlFlow - 0.00191 (ms)
2026-07-10 21:29:51,999 [INFO] Pass: GatesInBasis - 0.00834 (ms)
2026-07-10 21:29:51,999 [INFO] Pass: Depth - 0.00763 (ms)
2026-07-10 21:29:51,999 [INFO] Pass: FixedPoint - 0.00358 (ms)
2026-07-10 21:29:51,999 [INFO] Pass: Size - 0.00215 (ms)
2026-07-10 21:29:51,999 [INFO] Pass: FixedPoint - 0.00286 (ms)
2026-07-10 21:29:51,999 [INFO] Pass: ContainsInstruction - 0.00477 (ms)
2026-07-10 21:29:51,999 [INFO] Total Transpile Time - 93.77098 (ms)
2026-07-10 21:29:52,091 [INFO] Pass: ContainsInstruction - 0.00930 (ms)
2026-07-10 21:29:52,091 [INFO] Pass: UnitarySynthesis - 0.00620 (ms)
2026-07-10 21:29:52,091 [INFO] Pass: HighLevelSynthesis - 0.00525 (ms)
2026-07-10 21:29:52,091 [INFO] Pass: BasisTranslator - 0.05341 (ms)
2026-07-10 21:29:52,091 [INFO] Pass: ElidePermutations - 0.00405 (ms)
2026-07-10 21:29:52,091 [INFO] Pass: RemoveDiagonalGatesBeforeMeasure - 0.00620 (ms)
2026-07-10 21:29:52,091 [INFO] Pass: RemoveIdentityEquivalent - 0.00405 (ms)
2026-07-10 21:29:52,091 [INFO] Pass: InverseCancellation - 0.01216 (ms)
2026-07-10 21:29:52,092 [INFO] Pass: ContractIdleWiresInControlFlow - 0.00215 (ms)
2026-07-10 21:29:52,092 [INFO] Pass: CommutativeCancellation - 0.02718 (ms)
2026-07-10 21:29:52,092 [INFO] Pass: ConsolidateBlocks - 0.03052 (ms)
2026-07-10 21:29:52,092 [INFO] Pass: Split2QUnitaries - 0.00310 (ms)
2026-07-10 21:29:52,092 [INFO] Pass: UnitarySynthesis - 0.00477 (ms)
2026-07-10 21:29:52,092 [INFO] Pass: HighLevelSynthesis - 0.00930 (ms)
2026-07-10 21:29:52,092 [INFO] Pass: BasisTranslator - 0.05198 (ms)
2026-07-10 21:29:52,092 [INFO] Pass: ConsolidateBlocks - 0.04125 (ms)
2026-07-10 21:29:52,092 [INFO] Pass: UnitarySynthesis - 0.00429 (ms)
2026-07-10 21:29:52,092 [INFO] Pass: Depth - 0.00978 (ms)
2026-07-10 21:29:52,092 [INFO] Pass: FixedPoint - 0.00429 (ms)
2026-07-10 21:29:52,092 [INFO] Pass: Size - 0.00286 (ms)
2026-07-10 21:29:52,092 [INFO] Pass: FixedPoint - 0.00286 (ms)
2026-07-10 21:29:52,092 [INFO] Pass: RemoveIdentityEquivalent - 0.00310 (ms)
2026-07-10 21:29:52,092 [INFO] Pass: Optimize1qGatesDecomposition - 0.09012 (ms)
2026-07-10 21:29:52,092 [INFO] Pass: CommutativeCancellation - 0.04864 (ms)
2026-07-10 21:29:52,092 [INFO] Pass: ContractIdleWiresInControlFlow - 0.00167 (ms)
2026-07-10 21:29:52,092 [INFO] Pass: GatesInBasis - 0.00787 (ms)
2026-07-10 21:29:52,092 [INFO] Pass: Depth - 0.00882 (ms)
2026-07-10 21:29:52,092 [INFO] Pass: FixedPoint - 0.00358 (ms)
2026-07-10 21:29:52,092 [INFO] Pass: Size - 0.00215 (ms)
2026-07-10 21:29:52,092 [INFO] Pass: FixedPoint - 0.00286 (ms)
2026-07-10 21:29:52,092 [INFO] Pass: ContainsInstruction - 0.00477 (ms)
2026-07-10 21:29:52,093 [INFO] Total Transpile Time - 92.71574 (ms)
2026-07-10 21:29:52,185 [INFO] Pass: ContainsInstruction - 0.00930 (ms)
2026-07-10 21:29:52,185 [INFO] Pass: UnitarySynthesis - 0.00644 (ms)
2026-07-10 21:29:52,185 [INFO] Pass: HighLevelSynthesis - 0.00525 (ms)
2026-07-10 21:29:52,185 [INFO] Pass: BasisTranslator - 0.05341 (ms)
2026-07-10 21:29:52,185 [INFO] Pass: ElidePermutations - 0.00358 (ms)
2026-07-10 21:29:52,185 [INFO] Pass: RemoveDiagonalGatesBeforeMeasure - 0.00572 (ms)
2026-07-10 21:29:52,185 [INFO] Pass: RemoveIdentityEquivalent - 0.00477 (ms)
2026-07-10 21:29:52,185 [INFO] Pass: InverseCancellation - 0.01240 (ms)
2026-07-10 21:29:52,185 [INFO] Pass: ContractIdleWiresInControlFlow - 0.00215 (ms)
2026-07-10 21:29:52,185 [INFO] Pass: CommutativeCancellation - 0.02360 (ms)
2026-07-10 21:29:52,185 [INFO] Pass: ConsolidateBlocks - 0.02813 (ms)
2026-07-10 21:29:52,185 [INFO] Pass: Split2QUnitaries - 0.00262 (ms)
2026-07-10 21:29:52,185 [INFO] Pass: UnitarySynthesis - 0.00501 (ms)
2026-07-10 21:29:52,185 [INFO] Pass: HighLevelSynthesis - 0.00978 (ms)
2026-07-10 21:29:52,185 [INFO] Pass: BasisTranslator - 0.05436 (ms)
2026-07-10 21:29:52,185 [INFO] Pass: ConsolidateBlocks - 0.04077 (ms)
2026-07-10 21:29:52,185 [INFO] Pass: UnitarySynthesis - 0.00501 (ms)
2026-07-10 21:29:52,185 [INFO] Pass: Depth - 0.00978 (ms)
2026-07-10 21:29:52,185 [INFO] Pass: FixedPoint - 0.00405 (ms)
2026-07-10 21:29:52,185 [INFO] Pass: Size - 0.00286 (ms)
2026-07-10 21:29:52,185 [INFO] Pass: FixedPoint - 0.00238 (ms)
2026-07-10 21:29:52,185 [INFO] Pass: RemoveIdentityEquivalent - 0.00405 (ms)
2026-07-10 21:29:52,186 [INFO] Pass: Optimize1qGatesDecomposition - 0.09656 (ms)
2026-07-10 21:29:52,186 [INFO] Pass: CommutativeCancellation - 0.04411 (ms)
2026-07-10 21:29:52,186 [INFO] Pass: ContractIdleWiresInControlFlow - 0.00215 (ms)
2026-07-10 21:29:52,186 [INFO] Pass: GatesInBasis - 0.00811 (ms)
2026-07-10 21:29:52,186 [INFO] Pass: Depth - 0.00906 (ms)
2026-07-10 21:29:52,186 [INFO] Pass: FixedPoint - 0.00381 (ms)
2026-07-10 21:29:52,186 [INFO] Pass: Size - 0.00215 (ms)
2026-07-10 21:29:52,186 [INFO] Pass: FixedPoint - 0.00262 (ms)
2026-07-10 21:29:52,186 [INFO] Pass: RemoveIdentityEquivalent - 0.00334 (ms)
2026-07-10 21:29:52,186 [INFO] Pass: Optimize1qGatesDecomposition - 0.08106 (ms)
2026-07-10 21:29:52,186 [INFO] Pass: CommutativeCancellation - 0.03958 (ms)
2026-07-10 21:29:52,186 [INFO] Pass: ContractIdleWiresInControlFlow - 0.00167 (ms)
2026-07-10 21:29:52,186 [INFO] Pass: GatesInBasis - 0.00644 (ms)
2026-07-10 21:29:52,186 [INFO] Pass: Depth - 0.00811 (ms)
2026-07-10 21:29:52,186 [INFO] Pass: FixedPoint - 0.00310 (ms)
2026-07-10 21:29:52,186 [INFO] Pass: Size - 0.00191 (ms)
2026-07-10 21:29:52,186 [INFO] Pass: FixedPoint - 0.00286 (ms)
2026-07-10 21:29:52,186 [INFO] Pass: ContainsInstruction - 0.00548 (ms)
2026-07-10 21:29:52,186 [INFO] Total Transpile Time - 93.35828 (ms)
2026-07-10 21:30:04,932 [INFO] [PCE] n=25 instancia 60/100 completada en 0:00:00:13 — transcurrido=0:00:13:34 restante_estimado=0:00:09:03
2026-07-10 21:30:05,026 [INFO] Pass: ContainsInstruction - 0.01073 (ms)
2026-07-10 21:30:05,026 [INFO] Pass: UnitarySynthesis - 0.00644 (ms)
2026-07-10 21:30:05,026 [INFO] Pass: HighLevelSynthesis - 0.00620 (ms)
2026-07-10 21:30:05,026 [INFO] Pass: BasisTranslator - 0.06032 (ms)
2026-07-10 21:30:05,026 [INFO] Pass: ElidePermutations - 0.00477 (ms)
2026-07-10 21:30:05,026 [INFO] Pass: RemoveDiagonalGatesBeforeMeasure - 0.00858 (ms)
2026-07-10 21:30:05,026 [INFO] Pass: RemoveIdentityEquivalent - 0.00334 (ms)
2026-07-10 21:30:05,026 [INFO] Pass: InverseCancellation - 0.00525 (ms)
2026-07-10 21:30:05,026 [INFO] Pass: ContractIdleWiresInControlFlow - 0.00191 (ms)
2026-07-10 21:30:05,026 [INFO] Pass: CommutativeCancellation - 0.02241 (ms)
2026-07-10 21:30:05,026 [INFO] Pass: ConsolidateBlocks - 0.03386 (ms)
2026-07-10 21:30:05,026 [INFO] Pass: Split2QUnitaries - 0.00334 (ms)
2026-07-10 21:30:05,026 [INFO] Pass: UnitarySynthesis - 0.00501 (ms)
2026-07-10 21:30:05,026 [INFO] Pass: HighLevelSynthesis - 0.00954 (ms)
2026-07-10 21:30:05,026 [INFO] Pass: BasisTranslator - 0.05198 (ms)
2026-07-10 21:30:05,026 [INFO] Pass: ConsolidateBlocks - 0.04101 (ms)
2026-07-10 21:30:05,027 [INFO] Pass: UnitarySynthesis - 0.00405 (ms)
2026-07-10 21:30:05,027 [INFO] Pass: Depth - 0.01001 (ms)
2026-07-10 21:30:05,027 [INFO] Pass: FixedPoint - 0.00453 (ms)
2026-07-10 21:30:05,027 [INFO] Pass: Size - 0.00334 (ms)
2026-07-10 21:30:05,027 [INFO] Pass: FixedPoint - 0.00238 (ms)
2026-07-10 21:30:05,027 [INFO] Pass: RemoveIdentityEquivalent - 0.00238 (ms)
2026-07-10 21:30:05,027 [INFO] Pass: Optimize1qGatesDecomposition - 0.02789 (ms)
2026-07-10 21:30:05,027 [INFO] Pass: CommutativeCancellation - 0.04268 (ms)
2026-07-10 21:30:05,027 [INFO] Pass: ContractIdleWiresInControlFlow - 0.00167 (ms)
2026-07-10 21:30:05,027 [INFO] Pass: GatesInBasis - 0.00882 (ms)
2026-07-10 21:30:05,027 [INFO] Pass: Depth - 0.00787 (ms)
2026-07-10 21:30:05,027 [INFO] Pass: FixedPoint - 0.00334 (ms)
2026-07-10 21:30:05,027 [INFO] Pass: Size - 0.00167 (ms)
2026-07-10 21:30:05,027 [INFO] Pass: FixedPoint - 0.00262 (ms)
2026-07-10 21:30:05,027 [INFO] Pass: ContainsInstruction - 0.00477 (ms)
2026-07-10 21:30:05,027 [INFO] Total Transpile Time - 93.70589 (ms)
2026-07-10 21:30:05,118 [INFO] Pass: ContainsInstruction - 0.00954 (ms)
2026-07-10 21:30:05,118 [INFO] Pass: UnitarySynthesis - 0.00596 (ms)
2026-07-10 21:30:05,118 [INFO] Pass: HighLevelSynthesis - 0.00572 (ms)
2026-07-10 21:30:05,118 [INFO] Pass: BasisTranslator - 0.05317 (ms)
2026-07-10 21:30:05,118 [INFO] Pass: ElidePermutations - 0.00405 (ms)
2026-07-10 21:30:05,118 [INFO] Pass: RemoveDiagonalGatesBeforeMeasure - 0.00644 (ms)
2026-07-10 21:30:05,118 [INFO] Pass: RemoveIdentityEquivalent - 0.00381 (ms)
2026-07-10 21:30:05,118 [INFO] Pass: InverseCancellation - 0.01264 (ms)
2026-07-10 21:30:05,118 [INFO] Pass: ContractIdleWiresInControlFlow - 0.00215 (ms)
2026-07-10 21:30:05,118 [INFO] Pass: CommutativeCancellation - 0.02813 (ms)
2026-07-10 21:30:05,118 [INFO] Pass: ConsolidateBlocks - 0.02956 (ms)
2026-07-10 21:30:05,118 [INFO] Pass: Split2QUnitaries - 0.00286 (ms)
2026-07-10 21:30:05,118 [INFO] Pass: UnitarySynthesis - 0.00477 (ms)
2026-07-10 21:30:05,118 [INFO] Pass: HighLevelSynthesis - 0.00906 (ms)
2026-07-10 21:30:05,118 [INFO] Pass: BasisTranslator - 0.05865 (ms)
2026-07-10 21:30:05,118 [INFO] Pass: ConsolidateBlocks - 0.04196 (ms)
2026-07-10 21:30:05,118 [INFO] Pass: UnitarySynthesis - 0.00453 (ms)
2026-07-10 21:30:05,118 [INFO] Pass: Depth - 0.00954 (ms)
2026-07-10 21:30:05,118 [INFO] Pass: FixedPoint - 0.00453 (ms)
2026-07-10 21:30:05,118 [INFO] Pass: Size - 0.00334 (ms)
2026-07-10 21:30:05,118 [INFO] Pass: FixedPoint - 0.00262 (ms)
2026-07-10 21:30:05,119 [INFO] Pass: RemoveIdentityEquivalent - 0.00358 (ms)
2026-07-10 21:30:05,119 [INFO] Pass: Optimize1qGatesDecomposition - 0.09036 (ms)
2026-07-10 21:30:05,119 [INFO] Pass: CommutativeCancellation - 0.04840 (ms)
2026-07-10 21:30:05,119 [INFO] Pass: ContractIdleWiresInControlFlow - 0.00191 (ms)
2026-07-10 21:30:05,119 [INFO] Pass: GatesInBasis - 0.00858 (ms)
2026-07-10 21:30:05,119 [INFO] Pass: Depth - 0.00858 (ms)
2026-07-10 21:30:05,119 [INFO] Pass: FixedPoint - 0.00381 (ms)
2026-07-10 21:30:05,119 [INFO] Pass: Size - 0.00215 (ms)
2026-07-10 21:30:05,119 [INFO] Pass: FixedPoint - 0.00286 (ms)
2026-07-10 21:30:05,119 [INFO] Pass: ContainsInstruction - 0.00477 (ms)
2026-07-10 21:30:05,119 [INFO] Total Transpile Time - 91.54177 (ms)
2026-07-10 21:30:05,210 [INFO] Pass: ContainsInstruction - 0.00954 (ms)
2026-07-10 21:30:05,210 [INFO] Pass: UnitarySynthesis - 0.00620 (ms)
2026-07-10 21:30:05,210 [INFO] Pass: HighLevelSynthesis - 0.00477 (ms)
2026-07-10 21:30:05,210 [INFO] Pass: BasisTranslator - 0.05341 (ms)
2026-07-10 21:30:05,210 [INFO] Pass: ElidePermutations - 0.00334 (ms)
2026-07-10 21:30:05,210 [INFO] Pass: RemoveDiagonalGatesBeforeMeasure - 0.00525 (ms)
2026-07-10 21:30:05,210 [INFO] Pass: RemoveIdentityEquivalent - 0.00429 (ms)
2026-07-10 21:30:05,210 [INFO] Pass: InverseCancellation - 0.01955 (ms)
2026-07-10 21:30:05,210 [INFO] Pass: ContractIdleWiresInControlFlow - 0.00167 (ms)
2026-07-10 21:30:05,210 [INFO] Pass: CommutativeCancellation - 0.02313 (ms)
2026-07-10 21:30:05,210 [INFO] Pass: ConsolidateBlocks - 0.02813 (ms)
2026-07-10 21:30:05,210 [INFO] Pass: Split2QUnitaries - 0.00262 (ms)
2026-07-10 21:30:05,210 [INFO] Pass: UnitarySynthesis - 0.00525 (ms)
2026-07-10 21:30:05,210 [INFO] Pass: HighLevelSynthesis - 0.01001 (ms)
2026-07-10 21:30:05,211 [INFO] Pass: BasisTranslator - 0.05412 (ms)
2026-07-10 21:30:05,211 [INFO] Pass: ConsolidateBlocks - 0.04029 (ms)
2026-07-10 21:30:05,211 [INFO] Pass: UnitarySynthesis - 0.00453 (ms)
2026-07-10 21:30:05,211 [INFO] Pass: Depth - 0.00930 (ms)
2026-07-10 21:30:05,211 [INFO] Pass: FixedPoint - 0.00429 (ms)
2026-07-10 21:30:05,211 [INFO] Pass: Size - 0.00286 (ms)
2026-07-10 21:30:05,211 [INFO] Pass: FixedPoint - 0.00262 (ms)
2026-07-10 21:30:05,211 [INFO] Pass: RemoveIdentityEquivalent - 0.00358 (ms)
2026-07-10 21:30:05,211 [INFO] Pass: Optimize1qGatesDecomposition - 0.09084 (ms)
2026-07-10 21:30:05,211 [INFO] Pass: CommutativeCancellation - 0.04268 (ms)
2026-07-10 21:30:05,211 [INFO] Pass: ContractIdleWiresInControlFlow - 0.00167 (ms)
2026-07-10 21:30:05,211 [INFO] Pass: GatesInBasis - 0.00763 (ms)
2026-07-10 21:30:05,211 [INFO] Pass: Depth - 0.00882 (ms)
2026-07-10 21:30:05,211 [INFO] Pass: FixedPoint - 0.00358 (ms)
2026-07-10 21:30:05,211 [INFO] Pass: Size - 0.00191 (ms)
2026-07-10 21:30:05,211 [INFO] Pass: FixedPoint - 0.00286 (ms)
2026-07-10 21:30:05,211 [INFO] Pass: RemoveIdentityEquivalent - 0.00334 (ms)
2026-07-10 21:30:05,211 [INFO] Pass: Optimize1qGatesDecomposition - 0.08535 (ms)
2026-07-10 21:30:05,211 [INFO] Pass: CommutativeCancellation - 0.03600 (ms)
2026-07-10 21:30:05,211 [INFO] Pass: ContractIdleWiresInControlFlow - 0.00143 (ms)
2026-07-10 21:30:05,211 [INFO] Pass: GatesInBasis - 0.00668 (ms)
2026-07-10 21:30:05,211 [INFO] Pass: Depth - 0.00763 (ms)
2026-07-10 21:30:05,211 [INFO] Pass: FixedPoint - 0.00310 (ms)
2026-07-10 21:30:05,211 [INFO] Pass: Size - 0.00215 (ms)
2026-07-10 21:30:05,211 [INFO] Pass: FixedPoint - 0.00286 (ms)
2026-07-10 21:30:05,211 [INFO] Pass: ContainsInstruction - 0.00525 (ms)
2026-07-10 21:30:05,212 [INFO] Total Transpile Time - 92.22388 (ms)
2026-07-10 21:30:17,621 [INFO] [PCE] n=25 instancia 61/100 completada en 0:00:00:13 — transcurrido=0:00:13:47 restante_estimado=0:00:08:49
2026-07-10 21:30:17,715 [INFO] Pass: ContainsInstruction - 0.01121 (ms)
2026-07-10 21:30:17,715 [INFO] Pass: UnitarySynthesis - 0.00644 (ms)
2026-07-10 21:30:17,715 [INFO] Pass: HighLevelSynthesis - 0.00668 (ms)
2026-07-10 21:30:17,715 [INFO] Pass: BasisTranslator - 0.06032 (ms)
2026-07-10 21:30:17,715 [INFO] Pass: ElidePermutations - 0.00525 (ms)
2026-07-10 21:30:17,715 [INFO] Pass: RemoveDiagonalGatesBeforeMeasure - 0.00834 (ms)
2026-07-10 21:30:17,715 [INFO] Pass: RemoveIdentityEquivalent - 0.00334 (ms)
2026-07-10 21:30:17,715 [INFO] Pass: InverseCancellation - 0.00501 (ms)
2026-07-10 21:30:17,716 [INFO] Pass: ContractIdleWiresInControlFlow - 0.00215 (ms)
2026-07-10 21:30:17,716 [INFO] Pass: CommutativeCancellation - 0.02265 (ms)
2026-07-10 21:30:17,716 [INFO] Pass: ConsolidateBlocks - 0.03529 (ms)
2026-07-10 21:30:17,716 [INFO] Pass: Split2QUnitaries - 0.00310 (ms)
2026-07-10 21:30:17,716 [INFO] Pass: UnitarySynthesis - 0.00429 (ms)
2026-07-10 21:30:17,716 [INFO] Pass: HighLevelSynthesis - 0.00930 (ms)
2026-07-10 21:30:17,716 [INFO] Pass: BasisTranslator - 0.05174 (ms)
2026-07-10 21:30:17,716 [INFO] Pass: ConsolidateBlocks - 0.03910 (ms)
2026-07-10 21:30:17,716 [INFO] Pass: UnitarySynthesis - 0.00405 (ms)
2026-07-10 21:30:17,716 [INFO] Pass: Depth - 0.00978 (ms)
2026-07-10 21:30:17,716 [INFO] Pass: FixedPoint - 0.00501 (ms)
2026-07-10 21:30:17,716 [INFO] Pass: Size - 0.00358 (ms)
2026-07-10 21:30:17,716 [INFO] Pass: FixedPoint - 0.00262 (ms)
2026-07-10 21:30:17,716 [INFO] Pass: RemoveIdentityEquivalent - 0.00215 (ms)
2026-07-10 21:30:17,716 [INFO] Pass: Optimize1qGatesDecomposition - 0.02980 (ms)
2026-07-10 21:30:17,716 [INFO] Pass: CommutativeCancellation - 0.04220 (ms)
2026-07-10 21:30:17,716 [INFO] Pass: ContractIdleWiresInControlFlow - 0.00191 (ms)
2026-07-10 21:30:17,716 [INFO] Pass: GatesInBasis - 0.00858 (ms)
2026-07-10 21:30:17,716 [INFO] Pass: Depth - 0.00787 (ms)
2026-07-10 21:30:17,716 [INFO] Pass: FixedPoint - 0.01025 (ms)
2026-07-10 21:30:17,716 [INFO] Pass: Size - 0.00215 (ms)
2026-07-10 21:30:17,716 [INFO] Pass: FixedPoint - 0.00286 (ms)
2026-07-10 21:30:17,716 [INFO] Pass: ContainsInstruction - 0.00525 (ms)
2026-07-10 21:30:17,716 [INFO] Total Transpile Time - 94.09761 (ms)
2026-07-10 21:30:17,808 [INFO] Pass: ContainsInstruction - 0.00930 (ms)
2026-07-10 21:30:17,808 [INFO] Pass: UnitarySynthesis - 0.00644 (ms)
2026-07-10 21:30:17,808 [INFO] Pass: HighLevelSynthesis - 0.00548 (ms)
2026-07-10 21:30:17,808 [INFO] Pass: BasisTranslator - 0.05507 (ms)
2026-07-10 21:30:17,808 [INFO] Pass: ElidePermutations - 0.00405 (ms)
2026-07-10 21:30:17,808 [INFO] Pass: RemoveDiagonalGatesBeforeMeasure - 0.00596 (ms)
2026-07-10 21:30:17,808 [INFO] Pass: RemoveIdentityEquivalent - 0.00405 (ms)
2026-07-10 21:30:17,808 [INFO] Pass: InverseCancellation - 0.01311 (ms)
2026-07-10 21:30:17,808 [INFO] Pass: ContractIdleWiresInControlFlow - 0.00238 (ms)
2026-07-10 21:30:17,808 [INFO] Pass: CommutativeCancellation - 0.02646 (ms)
2026-07-10 21:30:17,808 [INFO] Pass: ConsolidateBlocks - 0.03052 (ms)
2026-07-10 21:30:17,808 [INFO] Pass: Split2QUnitaries - 0.00286 (ms)
2026-07-10 21:30:17,808 [INFO] Pass: UnitarySynthesis - 0.00525 (ms)
2026-07-10 21:30:17,808 [INFO] Pass: HighLevelSynthesis - 0.00930 (ms)
2026-07-10 21:30:17,808 [INFO] Pass: BasisTranslator - 0.05293 (ms)
2026-07-10 21:30:17,809 [INFO] Pass: ConsolidateBlocks - 0.04005 (ms)
2026-07-10 21:30:17,809 [INFO] Pass: UnitarySynthesis - 0.00405 (ms)
2026-07-10 21:30:17,809 [INFO] Pass: Depth - 0.00954 (ms)
2026-07-10 21:30:17,809 [INFO] Pass: FixedPoint - 0.00453 (ms)
2026-07-10 21:30:17,809 [INFO] Pass: Size - 0.00310 (ms)
2026-07-10 21:30:17,809 [INFO] Pass: FixedPoint - 0.00310 (ms)
2026-07-10 21:30:17,809 [INFO] Pass: RemoveIdentityEquivalent - 0.00358 (ms)
2026-07-10 21:30:17,809 [INFO] Pass: Optimize1qGatesDecomposition - 0.09179 (ms)
2026-07-10 21:30:17,809 [INFO] Pass: CommutativeCancellation - 0.04792 (ms)
2026-07-10 21:30:17,809 [INFO] Pass: ContractIdleWiresInControlFlow - 0.00167 (ms)
2026-07-10 21:30:17,809 [INFO] Pass: GatesInBasis - 0.00906 (ms)
2026-07-10 21:30:17,809 [INFO] Pass: Depth - 0.00834 (ms)
2026-07-10 21:30:17,809 [INFO] Pass: FixedPoint - 0.00334 (ms)
2026-07-10 21:30:17,809 [INFO] Pass: Size - 0.00191 (ms)
2026-07-10 21:30:17,809 [INFO] Pass: FixedPoint - 0.00262 (ms)
2026-07-10 21:30:17,809 [INFO] Pass: ContainsInstruction - 0.00453 (ms)
2026-07-10 21:30:17,809 [INFO] Total Transpile Time - 92.38005 (ms)
2026-07-10 21:30:17,903 [INFO] Pass: ContainsInstruction - 0.01240 (ms)
2026-07-10 21:30:17,903 [INFO] Pass: UnitarySynthesis - 0.00763 (ms)
2026-07-10 21:30:17,903 [INFO] Pass: HighLevelSynthesis - 0.00739 (ms)
2026-07-10 21:30:17,903 [INFO] Pass: BasisTranslator - 0.06270 (ms)
2026-07-10 21:30:17,903 [INFO] Pass: ElidePermutations - 0.00477 (ms)
2026-07-10 21:30:17,903 [INFO] Pass: RemoveDiagonalGatesBeforeMeasure - 0.00811 (ms)
2026-07-10 21:30:17,903 [INFO] Pass: RemoveIdentityEquivalent - 0.00668 (ms)
2026-07-10 21:30:17,903 [INFO] Pass: InverseCancellation - 0.01574 (ms)
2026-07-10 21:30:17,903 [INFO] Pass: ContractIdleWiresInControlFlow - 0.00238 (ms)
2026-07-10 21:30:17,903 [INFO] Pass: CommutativeCancellation - 0.02933 (ms)
2026-07-10 21:30:17,903 [INFO] Pass: ConsolidateBlocks - 0.03839 (ms)
2026-07-10 21:30:17,903 [INFO] Pass: Split2QUnitaries - 0.00358 (ms)
2026-07-10 21:30:17,904 [INFO] Pass: UnitarySynthesis - 0.00501 (ms)
2026-07-10 21:30:17,904 [INFO] Pass: HighLevelSynthesis - 0.01144 (ms)
2026-07-10 21:30:17,904 [INFO] Pass: BasisTranslator - 0.05722 (ms)
2026-07-10 21:30:17,904 [INFO] Pass: ConsolidateBlocks - 0.04315 (ms)
2026-07-10 21:30:17,904 [INFO] Pass: UnitarySynthesis - 0.00477 (ms)
2026-07-10 21:30:17,904 [INFO] Pass: Depth - 0.01073 (ms)
2026-07-10 21:30:17,904 [INFO] Pass: FixedPoint - 0.00477 (ms)
2026-07-10 21:30:17,904 [INFO] Pass: Size - 0.00358 (ms)
2026-07-10 21:30:17,904 [INFO] Pass: FixedPoint - 0.00310 (ms)
2026-07-10 21:30:17,904 [INFO] Pass: RemoveIdentityEquivalent - 0.00358 (ms)
2026-07-10 21:30:17,904 [INFO] Pass: Optimize1qGatesDecomposition - 0.10562 (ms)
2026-07-10 21:30:17,904 [INFO] Pass: CommutativeCancellation - 0.05126 (ms)
2026-07-10 21:30:17,904 [INFO] Pass: ContractIdleWiresInControlFlow - 0.00191 (ms)
2026-07-10 21:30:17,904 [INFO] Pass: GatesInBasis - 0.01025 (ms)
2026-07-10 21:30:17,904 [INFO] Pass: Depth - 0.01073 (ms)
2026-07-10 21:30:17,904 [INFO] Pass: FixedPoint - 0.00358 (ms)
2026-07-10 21:30:17,904 [INFO] Pass: Size - 0.00191 (ms)
2026-07-10 21:30:17,904 [INFO] Pass: FixedPoint - 0.00310 (ms)
2026-07-10 21:30:17,904 [INFO] Pass: RemoveIdentityEquivalent - 0.00381 (ms)
2026-07-10 21:30:17,904 [INFO] Pass: Optimize1qGatesDecomposition - 0.08225 (ms)
2026-07-10 21:30:17,904 [INFO] Pass: CommutativeCancellation - 0.04244 (ms)
2026-07-10 21:30:17,904 [INFO] Pass: ContractIdleWiresInControlFlow - 0.00191 (ms)
2026-07-10 21:30:17,905 [INFO] Pass: GatesInBasis - 0.00715 (ms)
2026-07-10 21:30:17,905 [INFO] Pass: Depth - 0.00834 (ms)
2026-07-10 21:30:17,905 [INFO] Pass: FixedPoint - 0.00334 (ms)
2026-07-10 21:30:17,905 [INFO] Pass: Size - 0.00215 (ms)
2026-07-10 21:30:17,905 [INFO] Pass: FixedPoint - 0.00310 (ms)
2026-07-10 21:30:17,905 [INFO] Pass: ContainsInstruction - 0.00548 (ms)
2026-07-10 21:30:17,905 [INFO] Total Transpile Time - 95.19506 (ms)
2026-07-10 21:30:32,655 [INFO] [PCE] n=25 instancia 62/100 completada en 0:00:00:15 — transcurrido=0:00:14:02 restante_estimado=0:00:08:36
2026-07-10 21:30:32,749 [INFO] Pass: ContainsInstruction - 0.01097 (ms)
2026-07-10 21:30:32,749 [INFO] Pass: UnitarySynthesis - 0.00691 (ms)
2026-07-10 21:30:32,749 [INFO] Pass: HighLevelSynthesis - 0.00644 (ms)
2026-07-10 21:30:32,749 [INFO] Pass: BasisTranslator - 0.06199 (ms)
2026-07-10 21:30:32,749 [INFO] Pass: ElidePermutations - 0.00525 (ms)
2026-07-10 21:30:32,749 [INFO] Pass: RemoveDiagonalGatesBeforeMeasure - 0.00763 (ms)
2026-07-10 21:30:32,749 [INFO] Pass: RemoveIdentityEquivalent - 0.00310 (ms)
2026-07-10 21:30:32,749 [INFO] Pass: InverseCancellation - 0.00548 (ms)
2026-07-10 21:30:32,750 [INFO] Pass: ContractIdleWiresInControlFlow - 0.00262 (ms)
2026-07-10 21:30:32,750 [INFO] Pass: CommutativeCancellation - 0.02241 (ms)
2026-07-10 21:30:32,750 [INFO] Pass: ConsolidateBlocks - 0.03242 (ms)
2026-07-10 21:30:32,750 [INFO] Pass: Split2QUnitaries - 0.00358 (ms)
2026-07-10 21:30:32,750 [INFO] Pass: UnitarySynthesis - 0.00501 (ms)
2026-07-10 21:30:32,750 [INFO] Pass: HighLevelSynthesis - 0.00906 (ms)
2026-07-10 21:30:32,750 [INFO] Pass: BasisTranslator - 0.05412 (ms)
2026-07-10 21:30:32,750 [INFO] Pass: ConsolidateBlocks - 0.04101 (ms)
2026-07-10 21:30:32,750 [INFO] Pass: UnitarySynthesis - 0.00429 (ms)
2026-07-10 21:30:32,750 [INFO] Pass: Depth - 0.00978 (ms)
2026-07-10 21:30:32,750 [INFO] Pass: FixedPoint - 0.00477 (ms)
2026-07-10 21:30:32,750 [INFO] Pass: Size - 0.00358 (ms)
2026-07-10 21:30:32,750 [INFO] Pass: FixedPoint - 0.00286 (ms)
2026-07-10 21:30:32,750 [INFO] Pass: RemoveIdentityEquivalent - 0.00238 (ms)
2026-07-10 21:30:32,750 [INFO] Pass: Optimize1qGatesDecomposition - 0.02885 (ms)
2026-07-10 21:30:32,750 [INFO] Pass: CommutativeCancellation - 0.04411 (ms)
2026-07-10 21:30:32,750 [INFO] Pass: ContractIdleWiresInControlFlow - 0.00215 (ms)
2026-07-10 21:30:32,750 [INFO] Pass: GatesInBasis - 0.00858 (ms)
2026-07-10 21:30:32,750 [INFO] Pass: Depth - 0.01359 (ms)
2026-07-10 21:30:32,750 [INFO] Pass: FixedPoint - 0.00334 (ms)
2026-07-10 21:30:32,750 [INFO] Pass: Size - 0.00238 (ms)
2026-07-10 21:30:32,750 [INFO] Pass: FixedPoint - 0.00286 (ms)
2026-07-10 21:30:32,750 [INFO] Pass: ContainsInstruction - 0.00477 (ms)
2026-07-10 21:30:32,751 [INFO] Total Transpile Time - 93.31489 (ms)
2026-07-10 21:30:32,841 [INFO] Pass: ContainsInstruction - 0.00954 (ms)
2026-07-10 21:30:32,841 [INFO] Pass: UnitarySynthesis - 0.00596 (ms)
2026-07-10 21:30:32,841 [INFO] Pass: HighLevelSynthesis - 0.00572 (ms)
2026-07-10 21:30:32,841 [INFO] Pass: BasisTranslator - 0.05984 (ms)
2026-07-10 21:30:32,841 [INFO] Pass: ElidePermutations - 0.00334 (ms)
2026-07-10 21:30:32,841 [INFO] Pass: RemoveDiagonalGatesBeforeMeasure - 0.00620 (ms)
2026-07-10 21:30:32,841 [INFO] Pass: RemoveIdentityEquivalent - 0.00381 (ms)
2026-07-10 21:30:32,841 [INFO] Pass: InverseCancellation - 0.01311 (ms)
2026-07-10 21:30:32,841 [INFO] Pass: ContractIdleWiresInControlFlow - 0.00215 (ms)
2026-07-10 21:30:32,841 [INFO] Pass: CommutativeCancellation - 0.02742 (ms)
2026-07-10 21:30:32,841 [INFO] Pass: ConsolidateBlocks - 0.02956 (ms)
2026-07-10 21:30:32,842 [INFO] Pass: Split2QUnitaries - 0.00286 (ms)
2026-07-10 21:30:32,842 [INFO] Pass: UnitarySynthesis - 0.00477 (ms)
2026-07-10 21:30:32,842 [INFO] Pass: HighLevelSynthesis - 0.00978 (ms)
2026-07-10 21:30:32,842 [INFO] Pass: BasisTranslator - 0.05674 (ms)
2026-07-10 21:30:32,842 [INFO] Pass: ConsolidateBlocks - 0.04125 (ms)
2026-07-10 21:30:32,842 [INFO] Pass: UnitarySynthesis - 0.00405 (ms)
2026-07-10 21:30:32,842 [INFO] Pass: Depth - 0.00930 (ms)
2026-07-10 21:30:32,842 [INFO] Pass: FixedPoint - 0.00453 (ms)
2026-07-10 21:30:32,842 [INFO] Pass: Size - 0.00310 (ms)
2026-07-10 21:30:32,842 [INFO] Pass: FixedPoint - 0.00262 (ms)
2026-07-10 21:30:32,842 [INFO] Pass: RemoveIdentityEquivalent - 0.00286 (ms)
2026-07-10 21:30:32,842 [INFO] Pass: Optimize1qGatesDecomposition - 0.09394 (ms)
2026-07-10 21:30:32,842 [INFO] Pass: CommutativeCancellation - 0.04816 (ms)
2026-07-10 21:30:32,842 [INFO] Pass: ContractIdleWiresInControlFlow - 0.00167 (ms)
2026-07-10 21:30:32,842 [INFO] Pass: GatesInBasis - 0.00906 (ms)
2026-07-10 21:30:32,842 [INFO] Pass: Depth - 0.00811 (ms)
2026-07-10 21:30:32,842 [INFO] Pass: FixedPoint - 0.00381 (ms)
2026-07-10 21:30:32,842 [INFO] Pass: Size - 0.00215 (ms)
2026-07-10 21:30:32,842 [INFO] Pass: FixedPoint - 0.00286 (ms)
2026-07-10 21:30:32,842 [INFO] Pass: ContainsInstruction - 0.00477 (ms)
2026-07-10 21:30:32,842 [INFO] Total Transpile Time - 91.52126 (ms)
2026-07-10 21:30:32,933 [INFO] Pass: ContainsInstruction - 0.00930 (ms)
2026-07-10 21:30:32,934 [INFO] Pass: UnitarySynthesis - 0.00620 (ms)
2026-07-10 21:30:32,934 [INFO] Pass: HighLevelSynthesis - 0.00548 (ms)
2026-07-10 21:30:32,934 [INFO] Pass: BasisTranslator - 0.05317 (ms)
2026-07-10 21:30:32,934 [INFO] Pass: ElidePermutations - 0.00334 (ms)
2026-07-10 21:30:32,934 [INFO] Pass: RemoveDiagonalGatesBeforeMeasure - 0.00525 (ms)
2026-07-10 21:30:32,934 [INFO] Pass: RemoveIdentityEquivalent - 0.00429 (ms)
2026-07-10 21:30:32,934 [INFO] Pass: InverseCancellation - 0.01144 (ms)
2026-07-10 21:30:32,934 [INFO] Pass: ContractIdleWiresInControlFlow - 0.00167 (ms)
2026-07-10 21:30:32,934 [INFO] Pass: CommutativeCancellation - 0.02360 (ms)
2026-07-10 21:30:32,934 [INFO] Pass: ConsolidateBlocks - 0.02885 (ms)
2026-07-10 21:30:32,934 [INFO] Pass: Split2QUnitaries - 0.00262 (ms)
2026-07-10 21:30:32,934 [INFO] Pass: UnitarySynthesis - 0.00501 (ms)
2026-07-10 21:30:32,934 [INFO] Pass: HighLevelSynthesis - 0.00978 (ms)
2026-07-10 21:30:32,934 [INFO] Pass: BasisTranslator - 0.05364 (ms)
2026-07-10 21:30:32,934 [INFO] Pass: ConsolidateBlocks - 0.04101 (ms)
2026-07-10 21:30:32,934 [INFO] Pass: UnitarySynthesis - 0.00429 (ms)
2026-07-10 21:30:32,934 [INFO] Pass: Depth - 0.00954 (ms)
2026-07-10 21:30:32,934 [INFO] Pass: FixedPoint - 0.00453 (ms)
2026-07-10 21:30:32,934 [INFO] Pass: Size - 0.00286 (ms)
2026-07-10 21:30:32,934 [INFO] Pass: FixedPoint - 0.00238 (ms)
2026-07-10 21:30:32,934 [INFO] Pass: RemoveIdentityEquivalent - 0.00358 (ms)
2026-07-10 21:30:32,934 [INFO] Pass: Optimize1qGatesDecomposition - 0.09370 (ms)
2026-07-10 21:30:32,934 [INFO] Pass: CommutativeCancellation - 0.04363 (ms)
2026-07-10 21:30:32,935 [INFO] Pass: ContractIdleWiresInControlFlow - 0.00191 (ms)
2026-07-10 21:30:32,935 [INFO] Pass: GatesInBasis - 0.00787 (ms)
2026-07-10 21:30:32,935 [INFO] Pass: Depth - 0.00906 (ms)
2026-07-10 21:30:32,935 [INFO] Pass: FixedPoint - 0.00358 (ms)
2026-07-10 21:30:32,935 [INFO] Pass: Size - 0.00191 (ms)
2026-07-10 21:30:32,935 [INFO] Pass: FixedPoint - 0.00286 (ms)
2026-07-10 21:30:32,935 [INFO] Pass: RemoveIdentityEquivalent - 0.00334 (ms)
2026-07-10 21:30:32,935 [INFO] Pass: Optimize1qGatesDecomposition - 0.07725 (ms)
2026-07-10 21:30:32,935 [INFO] Pass: CommutativeCancellation - 0.03743 (ms)
2026-07-10 21:30:32,935 [INFO] Pass: ContractIdleWiresInControlFlow - 0.00191 (ms)
2026-07-10 21:30:32,935 [INFO] Pass: GatesInBasis - 0.00668 (ms)
2026-07-10 21:30:32,935 [INFO] Pass: Depth - 0.00763 (ms)
2026-07-10 21:30:32,935 [INFO] Pass: FixedPoint - 0.00310 (ms)
2026-07-10 21:30:32,935 [INFO] Pass: Size - 0.00215 (ms)
2026-07-10 21:30:32,935 [INFO] Pass: FixedPoint - 0.00262 (ms)
2026-07-10 21:30:32,935 [INFO] Pass: ContainsInstruction - 0.00525 (ms)
2026-07-10 21:30:32,935 [INFO] Total Transpile Time - 92.36312 (ms)
2026-07-10 21:30:45,363 [INFO] [PCE] n=25 instancia 63/100 completada en 0:00:00:13 — transcurrido=0:00:14:15 restante_estimado=0:00:08:22
2026-07-10 21:30:45,456 [INFO] Pass: ContainsInstruction - 0.01121 (ms)
2026-07-10 21:30:45,456 [INFO] Pass: UnitarySynthesis - 0.00596 (ms)
2026-07-10 21:30:45,456 [INFO] Pass: HighLevelSynthesis - 0.00620 (ms)
2026-07-10 21:30:45,456 [INFO] Pass: BasisTranslator - 0.05913 (ms)
2026-07-10 21:30:45,456 [INFO] Pass: ElidePermutations - 0.00525 (ms)
2026-07-10 21:30:45,456 [INFO] Pass: RemoveDiagonalGatesBeforeMeasure - 0.00787 (ms)
2026-07-10 21:30:45,456 [INFO] Pass: RemoveIdentityEquivalent - 0.00358 (ms)
2026-07-10 21:30:45,456 [INFO] Pass: InverseCancellation - 0.00501 (ms)
2026-07-10 21:30:45,457 [INFO] Pass: ContractIdleWiresInControlFlow - 0.00215 (ms)
2026-07-10 21:30:45,457 [INFO] Pass: CommutativeCancellation - 0.02241 (ms)
2026-07-10 21:30:45,457 [INFO] Pass: ConsolidateBlocks - 0.03242 (ms)
2026-07-10 21:30:45,457 [INFO] Pass: Split2QUnitaries - 0.00381 (ms)
2026-07-10 21:30:45,457 [INFO] Pass: UnitarySynthesis - 0.00477 (ms)
2026-07-10 21:30:45,457 [INFO] Pass: HighLevelSynthesis - 0.00978 (ms)
2026-07-10 21:30:45,457 [INFO] Pass: BasisTranslator - 0.05293 (ms)
2026-07-10 21:30:45,457 [INFO] Pass: ConsolidateBlocks - 0.04029 (ms)
2026-07-10 21:30:45,457 [INFO] Pass: UnitarySynthesis - 0.00405 (ms)
2026-07-10 21:30:45,457 [INFO] Pass: Depth - 0.01025 (ms)
2026-07-10 21:30:45,457 [INFO] Pass: FixedPoint - 0.00453 (ms)
2026-07-10 21:30:45,457 [INFO] Pass: Size - 0.00358 (ms)
2026-07-10 21:30:45,457 [INFO] Pass: FixedPoint - 0.00310 (ms)
2026-07-10 21:30:45,457 [INFO] Pass: RemoveIdentityEquivalent - 0.00238 (ms)
2026-07-10 21:30:45,457 [INFO] Pass: Optimize1qGatesDecomposition - 0.02813 (ms)
2026-07-10 21:30:45,457 [INFO] Pass: CommutativeCancellation - 0.04315 (ms)
2026-07-10 21:30:45,457 [INFO] Pass: ContractIdleWiresInControlFlow - 0.00191 (ms)
2026-07-10 21:30:45,457 [INFO] Pass: GatesInBasis - 0.00858 (ms)
2026-07-10 21:30:45,457 [INFO] Pass: Depth - 0.00787 (ms)
2026-07-10 21:30:45,457 [INFO] Pass: FixedPoint - 0.00334 (ms)
2026-07-10 21:30:45,457 [INFO] Pass: Size - 0.00191 (ms)
2026-07-10 21:30:45,457 [INFO] Pass: FixedPoint - 0.00310 (ms)
2026-07-10 21:30:45,457 [INFO] Pass: ContainsInstruction - 0.00453 (ms)
2026-07-10 21:30:45,458 [INFO] Total Transpile Time - 92.97872 (ms)
2026-07-10 21:30:45,548 [INFO] Pass: ContainsInstruction - 0.00978 (ms)
2026-07-10 21:30:45,548 [INFO] Pass: UnitarySynthesis - 0.00668 (ms)
2026-07-10 21:30:45,548 [INFO] Pass: HighLevelSynthesis - 0.00620 (ms)
2026-07-10 21:30:45,548 [INFO] Pass: BasisTranslator - 0.05507 (ms)
2026-07-10 21:30:45,548 [INFO] Pass: ElidePermutations - 0.00381 (ms)
2026-07-10 21:30:45,548 [INFO] Pass: RemoveDiagonalGatesBeforeMeasure - 0.00668 (ms)
2026-07-10 21:30:45,549 [INFO] Pass: RemoveIdentityEquivalent - 0.00381 (ms)
2026-07-10 21:30:45,549 [INFO] Pass: InverseCancellation - 0.01311 (ms)
2026-07-10 21:30:45,549 [INFO] Pass: ContractIdleWiresInControlFlow - 0.00215 (ms)
2026-07-10 21:30:45,549 [INFO] Pass: CommutativeCancellation - 0.02599 (ms)
2026-07-10 21:30:45,549 [INFO] Pass: ConsolidateBlocks - 0.03004 (ms)
2026-07-10 21:30:45,549 [INFO] Pass: Split2QUnitaries - 0.00310 (ms)
2026-07-10 21:30:45,549 [INFO] Pass: UnitarySynthesis - 0.00477 (ms)
2026-07-10 21:30:45,549 [INFO] Pass: HighLevelSynthesis - 0.00930 (ms)
2026-07-10 21:30:45,549 [INFO] Pass: BasisTranslator - 0.05388 (ms)
2026-07-10 21:30:45,549 [INFO] Pass: ConsolidateBlocks - 0.04220 (ms)
2026-07-10 21:30:45,549 [INFO] Pass: UnitarySynthesis - 0.00453 (ms)
2026-07-10 21:30:45,549 [INFO] Pass: Depth - 0.01001 (ms)
2026-07-10 21:30:45,549 [INFO] Pass: FixedPoint - 0.00405 (ms)
2026-07-10 21:30:45,549 [INFO] Pass: Size - 0.00334 (ms)
2026-07-10 21:30:45,549 [INFO] Pass: FixedPoint - 0.00262 (ms)
2026-07-10 21:30:45,549 [INFO] Pass: RemoveIdentityEquivalent - 0.00358 (ms)
2026-07-10 21:30:45,549 [INFO] Pass: Optimize1qGatesDecomposition - 0.09418 (ms)
2026-07-10 21:30:45,549 [INFO] Pass: CommutativeCancellation - 0.05817 (ms)
2026-07-10 21:30:45,549 [INFO] Pass: ContractIdleWiresInControlFlow - 0.00215 (ms)
2026-07-10 21:30:45,549 [INFO] Pass: GatesInBasis - 0.00906 (ms)
2026-07-10 21:30:45,549 [INFO] Pass: Depth - 0.00858 (ms)
2026-07-10 21:30:45,549 [INFO] Pass: FixedPoint - 0.00358 (ms)
2026-07-10 21:30:45,549 [INFO] Pass: Size - 0.00215 (ms)
2026-07-10 21:30:45,549 [INFO] Pass: FixedPoint - 0.00310 (ms)
2026-07-10 21:30:45,549 [INFO] Pass: ContainsInstruction - 0.00477 (ms)
2026-07-10 21:30:45,550 [INFO] Total Transpile Time - 91.73107 (ms)
2026-07-10 21:30:45,641 [INFO] Pass: ContainsInstruction - 0.00954 (ms)
2026-07-10 21:30:45,641 [INFO] Pass: UnitarySynthesis - 0.00620 (ms)
2026-07-10 21:30:45,641 [INFO] Pass: HighLevelSynthesis - 0.00572 (ms)
2026-07-10 21:30:45,641 [INFO] Pass: BasisTranslator - 0.06127 (ms)
2026-07-10 21:30:45,641 [INFO] Pass: ElidePermutations - 0.00358 (ms)
2026-07-10 21:30:45,641 [INFO] Pass: RemoveDiagonalGatesBeforeMeasure - 0.00572 (ms)
2026-07-10 21:30:45,641 [INFO] Pass: RemoveIdentityEquivalent - 0.00429 (ms)
2026-07-10 21:30:45,641 [INFO] Pass: InverseCancellation - 0.01264 (ms)
2026-07-10 21:30:45,641 [INFO] Pass: ContractIdleWiresInControlFlow - 0.00191 (ms)
2026-07-10 21:30:45,641 [INFO] Pass: CommutativeCancellation - 0.02360 (ms)
2026-07-10 21:30:45,642 [INFO] Pass: ConsolidateBlocks - 0.02861 (ms)
2026-07-10 21:30:45,642 [INFO] Pass: Split2QUnitaries - 0.00238 (ms)
2026-07-10 21:30:45,642 [INFO] Pass: UnitarySynthesis - 0.00501 (ms)
2026-07-10 21:30:45,642 [INFO] Pass: HighLevelSynthesis - 0.00954 (ms)
2026-07-10 21:30:45,642 [INFO] Pass: BasisTranslator - 0.05150 (ms)
2026-07-10 21:30:45,642 [INFO] Pass: ConsolidateBlocks - 0.03934 (ms)
2026-07-10 21:30:45,642 [INFO] Pass: UnitarySynthesis - 0.00429 (ms)
2026-07-10 21:30:45,642 [INFO] Pass: Depth - 0.00930 (ms)
2026-07-10 21:30:45,642 [INFO] Pass: FixedPoint - 0.00429 (ms)
2026-07-10 21:30:45,642 [INFO] Pass: Size - 0.00286 (ms)
2026-07-10 21:30:45,642 [INFO] Pass: FixedPoint - 0.00262 (ms)
2026-07-10 21:30:45,642 [INFO] Pass: RemoveIdentityEquivalent - 0.00358 (ms)
2026-07-10 21:30:45,642 [INFO] Pass: Optimize1qGatesDecomposition - 0.09346 (ms)
2026-07-10 21:30:45,642 [INFO] Pass: CommutativeCancellation - 0.04387 (ms)
2026-07-10 21:30:45,642 [INFO] Pass: ContractIdleWiresInControlFlow - 0.00167 (ms)
2026-07-10 21:30:45,642 [INFO] Pass: GatesInBasis - 0.00834 (ms)
2026-07-10 21:30:45,642 [INFO] Pass: Depth - 0.00930 (ms)
2026-07-10 21:30:45,642 [INFO] Pass: FixedPoint - 0.00381 (ms)
2026-07-10 21:30:45,642 [INFO] Pass: Size - 0.00215 (ms)
2026-07-10 21:30:45,642 [INFO] Pass: FixedPoint - 0.00334 (ms)
2026-07-10 21:30:45,642 [INFO] Pass: RemoveIdentityEquivalent - 0.00381 (ms)
2026-07-10 21:30:45,642 [INFO] Pass: Optimize1qGatesDecomposition - 0.08082 (ms)
2026-07-10 21:30:45,642 [INFO] Pass: CommutativeCancellation - 0.03791 (ms)
2026-07-10 21:30:45,643 [INFO] Pass: ContractIdleWiresInControlFlow - 0.00143 (ms)
2026-07-10 21:30:45,643 [INFO] Pass: GatesInBasis - 0.00691 (ms)
2026-07-10 21:30:45,643 [INFO] Pass: Depth - 0.00811 (ms)
2026-07-10 21:30:45,643 [INFO] Pass: FixedPoint - 0.00334 (ms)
2026-07-10 21:30:45,643 [INFO] Pass: Size - 0.00215 (ms)
2026-07-10 21:30:45,643 [INFO] Pass: FixedPoint - 0.00262 (ms)
2026-07-10 21:30:45,643 [INFO] Pass: ContainsInstruction - 0.00548 (ms)
2026-07-10 21:30:45,643 [INFO] Total Transpile Time - 92.80014 (ms)
2026-07-10 21:30:58,432 [INFO] [PCE] n=25 instancia 64/100 completada en 0:00:00:13 — transcurrido=0:00:14:28 restante_estimado=0:00:08:08
2026-07-10 21:30:58,526 [INFO] Pass: ContainsInstruction - 0.01049 (ms)
2026-07-10 21:30:58,526 [INFO] Pass: UnitarySynthesis - 0.00620 (ms)
2026-07-10 21:30:58,526 [INFO] Pass: HighLevelSynthesis - 0.00620 (ms)
2026-07-10 21:30:58,526 [INFO] Pass: BasisTranslator - 0.06557 (ms)
2026-07-10 21:30:58,526 [INFO] Pass: ElidePermutations - 0.00525 (ms)
2026-07-10 21:30:58,526 [INFO] Pass: RemoveDiagonalGatesBeforeMeasure - 0.00811 (ms)
2026-07-10 21:30:58,526 [INFO] Pass: RemoveIdentityEquivalent - 0.00286 (ms)
2026-07-10 21:30:58,526 [INFO] Pass: InverseCancellation - 0.00620 (ms)
2026-07-10 21:30:58,526 [INFO] Pass: ContractIdleWiresInControlFlow - 0.00215 (ms)
2026-07-10 21:30:58,526 [INFO] Pass: CommutativeCancellation - 0.02313 (ms)
2026-07-10 21:30:58,526 [INFO] Pass: ConsolidateBlocks - 0.03505 (ms)
2026-07-10 21:30:58,526 [INFO] Pass: Split2QUnitaries - 0.00334 (ms)
2026-07-10 21:30:58,526 [INFO] Pass: UnitarySynthesis - 0.00477 (ms)
2026-07-10 21:30:58,526 [INFO] Pass: HighLevelSynthesis - 0.00906 (ms)
2026-07-10 21:30:58,527 [INFO] Pass: BasisTranslator - 0.05507 (ms)
2026-07-10 21:30:58,527 [INFO] Pass: ConsolidateBlocks - 0.03958 (ms)
2026-07-10 21:30:58,527 [INFO] Pass: UnitarySynthesis - 0.00381 (ms)
2026-07-10 21:30:58,527 [INFO] Pass: Depth - 0.01001 (ms)
2026-07-10 21:30:58,527 [INFO] Pass: FixedPoint - 0.00453 (ms)
2026-07-10 21:30:58,527 [INFO] Pass: Size - 0.00334 (ms)
2026-07-10 21:30:58,527 [INFO] Pass: FixedPoint - 0.00310 (ms)
2026-07-10 21:30:58,527 [INFO] Pass: RemoveIdentityEquivalent - 0.00238 (ms)
2026-07-10 21:30:58,527 [INFO] Pass: Optimize1qGatesDecomposition - 0.02766 (ms)
2026-07-10 21:30:58,527 [INFO] Pass: CommutativeCancellation - 0.04363 (ms)
2026-07-10 21:30:58,527 [INFO] Pass: ContractIdleWiresInControlFlow - 0.00191 (ms)
2026-07-10 21:30:58,527 [INFO] Pass: GatesInBasis - 0.00954 (ms)
2026-07-10 21:30:58,527 [INFO] Pass: Depth - 0.00834 (ms)
2026-07-10 21:30:58,527 [INFO] Pass: FixedPoint - 0.00358 (ms)
2026-07-10 21:30:58,527 [INFO] Pass: Size - 0.00215 (ms)
2026-07-10 21:30:58,527 [INFO] Pass: FixedPoint - 0.00286 (ms)
2026-07-10 21:30:58,527 [INFO] Pass: ContainsInstruction - 0.00525 (ms)
2026-07-10 21:30:58,527 [INFO] Total Transpile Time - 93.95838 (ms)
2026-07-10 21:30:58,619 [INFO] Pass: ContainsInstruction - 0.00954 (ms)
2026-07-10 21:30:58,619 [INFO] Pass: UnitarySynthesis - 0.00596 (ms)
2026-07-10 21:30:58,619 [INFO] Pass: HighLevelSynthesis - 0.00548 (ms)
2026-07-10 21:30:58,619 [INFO] Pass: BasisTranslator - 0.05627 (ms)
2026-07-10 21:30:58,619 [INFO] Pass: ElidePermutations - 0.00405 (ms)
2026-07-10 21:30:58,619 [INFO] Pass: RemoveDiagonalGatesBeforeMeasure - 0.00644 (ms)
2026-07-10 21:30:58,619 [INFO] Pass: RemoveIdentityEquivalent - 0.00405 (ms)
2026-07-10 21:30:58,619 [INFO] Pass: InverseCancellation - 0.01264 (ms)
2026-07-10 21:30:58,619 [INFO] Pass: ContractIdleWiresInControlFlow - 0.00215 (ms)
2026-07-10 21:30:58,619 [INFO] Pass: CommutativeCancellation - 0.02670 (ms)
2026-07-10 21:30:58,619 [INFO] Pass: ConsolidateBlocks - 0.03076 (ms)
2026-07-10 21:30:58,619 [INFO] Pass: Split2QUnitaries - 0.00334 (ms)
2026-07-10 21:30:58,619 [INFO] Pass: UnitarySynthesis - 0.00477 (ms)
2026-07-10 21:30:58,620 [INFO] Pass: HighLevelSynthesis - 0.00954 (ms)
2026-07-10 21:30:58,620 [INFO] Pass: BasisTranslator - 0.05388 (ms)
2026-07-10 21:30:58,620 [INFO] Pass: ConsolidateBlocks - 0.03958 (ms)
2026-07-10 21:30:58,620 [INFO] Pass: UnitarySynthesis - 0.00453 (ms)
2026-07-10 21:30:58,620 [INFO] Pass: Depth - 0.01001 (ms)
2026-07-10 21:30:58,620 [INFO] Pass: FixedPoint - 0.00453 (ms)
2026-07-10 21:30:58,620 [INFO] Pass: Size - 0.00310 (ms)
2026-07-10 21:30:58,620 [INFO] Pass: FixedPoint - 0.00238 (ms)
2026-07-10 21:30:58,620 [INFO] Pass: RemoveIdentityEquivalent - 0.00358 (ms)
2026-07-10 21:30:58,620 [INFO] Pass: Optimize1qGatesDecomposition - 0.08988 (ms)
2026-07-10 21:30:58,620 [INFO] Pass: CommutativeCancellation - 0.04721 (ms)
2026-07-10 21:30:58,620 [INFO] Pass: ContractIdleWiresInControlFlow - 0.00191 (ms)
2026-07-10 21:30:58,620 [INFO] Pass: GatesInBasis - 0.00834 (ms)
2026-07-10 21:30:58,620 [INFO] Pass: Depth - 0.00858 (ms)
2026-07-10 21:30:58,620 [INFO] Pass: FixedPoint - 0.00358 (ms)
2026-07-10 21:30:58,620 [INFO] Pass: Size - 0.00191 (ms)
2026-07-10 21:30:58,620 [INFO] Pass: FixedPoint - 0.00286 (ms)
2026-07-10 21:30:58,620 [INFO] Pass: ContainsInstruction - 0.00453 (ms)
2026-07-10 21:30:58,620 [INFO] Total Transpile Time - 92.69714 (ms)
2026-07-10 21:30:58,712 [INFO] Pass: ContainsInstruction - 0.01574 (ms)
2026-07-10 21:30:58,712 [INFO] Pass: UnitarySynthesis - 0.00620 (ms)
2026-07-10 21:30:58,712 [INFO] Pass: HighLevelSynthesis - 0.00501 (ms)
2026-07-10 21:30:58,712 [INFO] Pass: BasisTranslator - 0.05293 (ms)
2026-07-10 21:30:58,712 [INFO] Pass: ElidePermutations - 0.00358 (ms)
2026-07-10 21:30:58,713 [INFO] Pass: RemoveDiagonalGatesBeforeMeasure - 0.00620 (ms)
2026-07-10 21:30:58,713 [INFO] Pass: RemoveIdentityEquivalent - 0.00405 (ms)
2026-07-10 21:30:58,713 [INFO] Pass: InverseCancellation - 0.01264 (ms)
2026-07-10 21:30:58,713 [INFO] Pass: ContractIdleWiresInControlFlow - 0.00215 (ms)
2026-07-10 21:30:58,713 [INFO] Pass: CommutativeCancellation - 0.02313 (ms)
2026-07-10 21:30:58,713 [INFO] Pass: ConsolidateBlocks - 0.02909 (ms)
2026-07-10 21:30:58,713 [INFO] Pass: Split2QUnitaries - 0.00238 (ms)
2026-07-10 21:30:58,713 [INFO] Pass: UnitarySynthesis - 0.00525 (ms)
2026-07-10 21:30:58,713 [INFO] Pass: HighLevelSynthesis - 0.00954 (ms)
2026-07-10 21:30:58,713 [INFO] Pass: BasisTranslator - 0.05150 (ms)
2026-07-10 21:30:58,713 [INFO] Pass: ConsolidateBlocks - 0.04005 (ms)
2026-07-10 21:30:58,713 [INFO] Pass: UnitarySynthesis - 0.00429 (ms)
2026-07-10 21:30:58,713 [INFO] Pass: Depth - 0.01025 (ms)
2026-07-10 21:30:58,713 [INFO] Pass: FixedPoint - 0.00477 (ms)
2026-07-10 21:30:58,713 [INFO] Pass: Size - 0.00286 (ms)
2026-07-10 21:30:58,713 [INFO] Pass: FixedPoint - 0.00286 (ms)
2026-07-10 21:30:58,713 [INFO] Pass: RemoveIdentityEquivalent - 0.00358 (ms)
2026-07-10 21:30:58,713 [INFO] Pass: Optimize1qGatesDecomposition - 0.09108 (ms)
2026-07-10 21:30:58,713 [INFO] Pass: CommutativeCancellation - 0.04363 (ms)
2026-07-10 21:30:58,713 [INFO] Pass: ContractIdleWiresInControlFlow - 0.00215 (ms)
2026-07-10 21:30:58,713 [INFO] Pass: GatesInBasis - 0.00834 (ms)
2026-07-10 21:30:58,713 [INFO] Pass: Depth - 0.00954 (ms)
2026-07-10 21:30:58,713 [INFO] Pass: FixedPoint - 0.00358 (ms)
2026-07-10 21:30:58,713 [INFO] Pass: Size - 0.00191 (ms)
2026-07-10 21:30:58,713 [INFO] Pass: FixedPoint - 0.00262 (ms)
2026-07-10 21:30:58,713 [INFO] Pass: RemoveIdentityEquivalent - 0.00358 (ms)
2026-07-10 21:30:58,714 [INFO] Pass: Optimize1qGatesDecomposition - 0.07510 (ms)
2026-07-10 21:30:58,714 [INFO] Pass: CommutativeCancellation - 0.03648 (ms)
2026-07-10 21:30:58,714 [INFO] Pass: ContractIdleWiresInControlFlow - 0.00191 (ms)
2026-07-10 21:30:58,714 [INFO] Pass: GatesInBasis - 0.00644 (ms)
2026-07-10 21:30:58,714 [INFO] Pass: Depth - 0.00858 (ms)
2026-07-10 21:30:58,714 [INFO] Pass: FixedPoint - 0.00334 (ms)
2026-07-10 21:30:58,714 [INFO] Pass: Size - 0.00191 (ms)
2026-07-10 21:30:58,714 [INFO] Pass: FixedPoint - 0.00286 (ms)
2026-07-10 21:30:58,714 [INFO] Pass: ContainsInstruction - 0.00477 (ms)
2026-07-10 21:30:58,714 [INFO] Total Transpile Time - 93.25266 (ms)
2026-07-10 21:31:11,515 [INFO] [PCE] n=25 instancia 65/100 completada en 0:00:00:13 — transcurrido=0:00:14:41 restante_estimado=0:00:07:54
2026-07-10 21:31:11,612 [INFO] Pass: ContainsInstruction - 0.01121 (ms)
2026-07-10 21:31:11,612 [INFO] Pass: UnitarySynthesis - 0.00715 (ms)
2026-07-10 21:31:11,613 [INFO] Pass: HighLevelSynthesis - 0.00668 (ms)
2026-07-10 21:31:11,613 [INFO] Pass: BasisTranslator - 0.06723 (ms)
2026-07-10 21:31:11,613 [INFO] Pass: ElidePermutations - 0.00548 (ms)
2026-07-10 21:31:11,613 [INFO] Pass: RemoveDiagonalGatesBeforeMeasure - 0.00834 (ms)
2026-07-10 21:31:11,613 [INFO] Pass: RemoveIdentityEquivalent - 0.00334 (ms)
2026-07-10 21:31:11,613 [INFO] Pass: InverseCancellation - 0.00548 (ms)
2026-07-10 21:31:11,613 [INFO] Pass: ContractIdleWiresInControlFlow - 0.00238 (ms)
2026-07-10 21:31:11,613 [INFO] Pass: CommutativeCancellation - 0.02599 (ms)
2026-07-10 21:31:11,613 [INFO] Pass: ConsolidateBlocks - 0.03529 (ms)
2026-07-10 21:31:11,613 [INFO] Pass: Split2QUnitaries - 0.00334 (ms)
2026-07-10 21:31:11,613 [INFO] Pass: UnitarySynthesis - 0.00477 (ms)
2026-07-10 21:31:11,613 [INFO] Pass: HighLevelSynthesis - 0.01001 (ms)
2026-07-10 21:31:11,613 [INFO] Pass: BasisTranslator - 0.05627 (ms)
2026-07-10 21:31:11,613 [INFO] Pass: ConsolidateBlocks - 0.04339 (ms)
2026-07-10 21:31:11,613 [INFO] Pass: UnitarySynthesis - 0.00405 (ms)
2026-07-10 21:31:11,613 [INFO] Pass: Depth - 0.01121 (ms)
2026-07-10 21:31:11,613 [INFO] Pass: FixedPoint - 0.00548 (ms)
2026-07-10 21:31:11,613 [INFO] Pass: Size - 0.00381 (ms)
2026-07-10 21:31:11,613 [INFO] Pass: FixedPoint - 0.00238 (ms)
2026-07-10 21:31:11,613 [INFO] Pass: RemoveIdentityEquivalent - 0.00286 (ms)
2026-07-10 21:31:11,613 [INFO] Pass: Optimize1qGatesDecomposition - 0.02956 (ms)
2026-07-10 21:31:11,613 [INFO] Pass: CommutativeCancellation - 0.04625 (ms)
2026-07-10 21:31:11,613 [INFO] Pass: ContractIdleWiresInControlFlow - 0.00215 (ms)
2026-07-10 21:31:11,613 [INFO] Pass: GatesInBasis - 0.00978 (ms)
2026-07-10 21:31:11,614 [INFO] Pass: Depth - 0.00882 (ms)
2026-07-10 21:31:11,614 [INFO] Pass: FixedPoint - 0.00334 (ms)
2026-07-10 21:31:11,614 [INFO] Pass: Size - 0.00191 (ms)
2026-07-10 21:31:11,614 [INFO] Pass: FixedPoint - 0.00262 (ms)
2026-07-10 21:31:11,614 [INFO] Pass: ContainsInstruction - 0.00477 (ms)
2026-07-10 21:31:11,614 [INFO] Total Transpile Time - 97.05424 (ms)
2026-07-10 21:31:11,708 [INFO] Pass: ContainsInstruction - 0.01192 (ms)
2026-07-10 21:31:11,708 [INFO] Pass: UnitarySynthesis - 0.00644 (ms)
2026-07-10 21:31:11,708 [INFO] Pass: HighLevelSynthesis - 0.00644 (ms)
2026-07-10 21:31:11,708 [INFO] Pass: BasisTranslator - 0.06413 (ms)
2026-07-10 21:31:11,708 [INFO] Pass: ElidePermutations - 0.00548 (ms)
2026-07-10 21:31:11,708 [INFO] Pass: RemoveDiagonalGatesBeforeMeasure - 0.00834 (ms)
2026-07-10 21:31:11,708 [INFO] Pass: RemoveIdentityEquivalent - 0.00501 (ms)
2026-07-10 21:31:11,708 [INFO] Pass: InverseCancellation - 0.01478 (ms)
2026-07-10 21:31:11,708 [INFO] Pass: ContractIdleWiresInControlFlow - 0.00238 (ms)
2026-07-10 21:31:11,708 [INFO] Pass: CommutativeCancellation - 0.03099 (ms)
2026-07-10 21:31:11,708 [INFO] Pass: ConsolidateBlocks - 0.03481 (ms)
2026-07-10 21:31:11,708 [INFO] Pass: Split2QUnitaries - 0.00381 (ms)
2026-07-10 21:31:11,708 [INFO] Pass: UnitarySynthesis - 0.00501 (ms)
2026-07-10 21:31:11,708 [INFO] Pass: HighLevelSynthesis - 0.01049 (ms)
2026-07-10 21:31:11,708 [INFO] Pass: BasisTranslator - 0.05603 (ms)
2026-07-10 21:31:11,708 [INFO] Pass: ConsolidateBlocks - 0.04387 (ms)
2026-07-10 21:31:11,708 [INFO] Pass: UnitarySynthesis - 0.00453 (ms)
2026-07-10 21:31:11,708 [INFO] Pass: Depth - 0.01049 (ms)
2026-07-10 21:31:11,708 [INFO] Pass: FixedPoint - 0.00477 (ms)
2026-07-10 21:31:11,709 [INFO] Pass: Size - 0.00405 (ms)
2026-07-10 21:31:11,709 [INFO] Pass: FixedPoint - 0.00238 (ms)
2026-07-10 21:31:11,709 [INFO] Pass: RemoveIdentityEquivalent - 0.00381 (ms)
2026-07-10 21:31:11,709 [INFO] Pass: Optimize1qGatesDecomposition - 0.09942 (ms)
2026-07-10 21:31:11,709 [INFO] Pass: CommutativeCancellation - 0.05341 (ms)
2026-07-10 21:31:11,709 [INFO] Pass: ContractIdleWiresInControlFlow - 0.00191 (ms)
2026-07-10 21:31:11,709 [INFO] Pass: GatesInBasis - 0.01001 (ms)
2026-07-10 21:31:11,709 [INFO] Pass: Depth - 0.01001 (ms)
2026-07-10 21:31:11,709 [INFO] Pass: FixedPoint - 0.00358 (ms)
2026-07-10 21:31:11,709 [INFO] Pass: Size - 0.00238 (ms)
2026-07-10 21:31:11,709 [INFO] Pass: FixedPoint - 0.00262 (ms)
2026-07-10 21:31:11,709 [INFO] Pass: ContainsInstruction - 0.00477 (ms)
2026-07-10 21:31:11,709 [INFO] Total Transpile Time - 94.78474 (ms)
2026-07-10 21:31:11,803 [INFO] Pass: ContainsInstruction - 0.00954 (ms)
2026-07-10 21:31:11,803 [INFO] Pass: UnitarySynthesis - 0.00620 (ms)
2026-07-10 21:31:11,803 [INFO] Pass: HighLevelSynthesis - 0.00572 (ms)
2026-07-10 21:31:11,803 [INFO] Pass: BasisTranslator - 0.05651 (ms)
2026-07-10 21:31:11,803 [INFO] Pass: ElidePermutations - 0.00429 (ms)
2026-07-10 21:31:11,803 [INFO] Pass: RemoveDiagonalGatesBeforeMeasure - 0.00691 (ms)
2026-07-10 21:31:11,803 [INFO] Pass: RemoveIdentityEquivalent - 0.00429 (ms)
2026-07-10 21:31:11,803 [INFO] Pass: InverseCancellation - 0.01335 (ms)
2026-07-10 21:31:11,803 [INFO] Pass: ContractIdleWiresInControlFlow - 0.00215 (ms)
2026-07-10 21:31:11,803 [INFO] Pass: CommutativeCancellation - 0.02527 (ms)
2026-07-10 21:31:11,803 [INFO] Pass: ConsolidateBlocks - 0.03290 (ms)
2026-07-10 21:31:11,803 [INFO] Pass: Split2QUnitaries - 0.00286 (ms)
2026-07-10 21:31:11,803 [INFO] Pass: UnitarySynthesis - 0.00525 (ms)
2026-07-10 21:31:11,803 [INFO] Pass: HighLevelSynthesis - 0.01001 (ms)
2026-07-10 21:31:11,803 [INFO] Pass: BasisTranslator - 0.05388 (ms)
2026-07-10 21:31:11,803 [INFO] Pass: ConsolidateBlocks - 0.04029 (ms)
2026-07-10 21:31:11,803 [INFO] Pass: UnitarySynthesis - 0.00453 (ms)
2026-07-10 21:31:11,803 [INFO] Pass: Depth - 0.01049 (ms)
2026-07-10 21:31:11,803 [INFO] Pass: FixedPoint - 0.00453 (ms)
2026-07-10 21:31:11,803 [INFO] Pass: Size - 0.00334 (ms)
2026-07-10 21:31:11,803 [INFO] Pass: FixedPoint - 0.00262 (ms)
2026-07-10 21:31:11,803 [INFO] Pass: RemoveIdentityEquivalent - 0.00381 (ms)
2026-07-10 21:31:11,804 [INFO] Pass: Optimize1qGatesDecomposition - 0.09990 (ms)
2026-07-10 21:31:11,804 [INFO] Pass: CommutativeCancellation - 0.04530 (ms)
2026-07-10 21:31:11,804 [INFO] Pass: ContractIdleWiresInControlFlow - 0.00215 (ms)
2026-07-10 21:31:11,804 [INFO] Pass: GatesInBasis - 0.00882 (ms)
2026-07-10 21:31:11,804 [INFO] Pass: Depth - 0.01025 (ms)
2026-07-10 21:31:11,804 [INFO] Pass: FixedPoint - 0.00358 (ms)
2026-07-10 21:31:11,804 [INFO] Pass: Size - 0.00215 (ms)
2026-07-10 21:31:11,804 [INFO] Pass: FixedPoint - 0.00286 (ms)
2026-07-10 21:31:11,804 [INFO] Pass: RemoveIdentityEquivalent - 0.00334 (ms)
2026-07-10 21:31:11,804 [INFO] Pass: Optimize1qGatesDecomposition - 0.08035 (ms)
2026-07-10 21:31:11,804 [INFO] Pass: CommutativeCancellation - 0.03839 (ms)
2026-07-10 21:31:11,804 [INFO] Pass: ContractIdleWiresInControlFlow - 0.00143 (ms)
2026-07-10 21:31:11,804 [INFO] Pass: GatesInBasis - 0.00644 (ms)
2026-07-10 21:31:11,804 [INFO] Pass: Depth - 0.00834 (ms)
2026-07-10 21:31:11,804 [INFO] Pass: FixedPoint - 0.00310 (ms)
2026-07-10 21:31:11,804 [INFO] Pass: Size - 0.00215 (ms)
2026-07-10 21:31:11,804 [INFO] Pass: FixedPoint - 0.00286 (ms)
2026-07-10 21:31:11,804 [INFO] Pass: ContainsInstruction - 0.00501 (ms)
2026-07-10 21:31:11,804 [INFO] Total Transpile Time - 94.67316 (ms)
2026-07-10 21:31:25,113 [INFO] [PCE] n=25 instancia 66/100 completada en 0:00:00:14 — transcurrido=0:00:14:54 restante_estimado=0:00:07:41
2026-07-10 21:31:25,207 [INFO] Pass: ContainsInstruction - 0.01121 (ms)
2026-07-10 21:31:25,208 [INFO] Pass: UnitarySynthesis - 0.00691 (ms)
2026-07-10 21:31:25,208 [INFO] Pass: HighLevelSynthesis - 0.00620 (ms)
2026-07-10 21:31:25,208 [INFO] Pass: BasisTranslator - 0.06008 (ms)
2026-07-10 21:31:25,208 [INFO] Pass: ElidePermutations - 0.00477 (ms)
2026-07-10 21:31:25,208 [INFO] Pass: RemoveDiagonalGatesBeforeMeasure - 0.00787 (ms)
2026-07-10 21:31:25,208 [INFO] Pass: RemoveIdentityEquivalent - 0.00310 (ms)
2026-07-10 21:31:25,208 [INFO] Pass: InverseCancellation - 0.00477 (ms)
2026-07-10 21:31:25,208 [INFO] Pass: ContractIdleWiresInControlFlow - 0.00215 (ms)
2026-07-10 21:31:25,208 [INFO] Pass: CommutativeCancellation - 0.02313 (ms)
2026-07-10 21:31:25,208 [INFO] Pass: ConsolidateBlocks - 0.03409 (ms)
2026-07-10 21:31:25,208 [INFO] Pass: Split2QUnitaries - 0.00358 (ms)
2026-07-10 21:31:25,208 [INFO] Pass: UnitarySynthesis - 0.00477 (ms)
2026-07-10 21:31:25,208 [INFO] Pass: HighLevelSynthesis - 0.00954 (ms)
2026-07-10 21:31:25,208 [INFO] Pass: BasisTranslator - 0.05126 (ms)
2026-07-10 21:31:25,208 [INFO] Pass: ConsolidateBlocks - 0.04148 (ms)
2026-07-10 21:31:25,208 [INFO] Pass: UnitarySynthesis - 0.00453 (ms)
2026-07-10 21:31:25,208 [INFO] Pass: Depth - 0.01025 (ms)
2026-07-10 21:31:25,208 [INFO] Pass: FixedPoint - 0.00453 (ms)
2026-07-10 21:31:25,208 [INFO] Pass: Size - 0.01001 (ms)
2026-07-10 21:31:25,208 [INFO] Pass: FixedPoint - 0.00310 (ms)
2026-07-10 21:31:25,208 [INFO] Pass: RemoveIdentityEquivalent - 0.00215 (ms)
2026-07-10 21:31:25,208 [INFO] Pass: Optimize1qGatesDecomposition - 0.02766 (ms)
2026-07-10 21:31:25,208 [INFO] Pass: CommutativeCancellation - 0.04339 (ms)
2026-07-10 21:31:25,208 [INFO] Pass: ContractIdleWiresInControlFlow - 0.00167 (ms)
2026-07-10 21:31:25,208 [INFO] Pass: GatesInBasis - 0.00882 (ms)
2026-07-10 21:31:25,209 [INFO] Pass: Depth - 0.00906 (ms)
2026-07-10 21:31:25,209 [INFO] Pass: FixedPoint - 0.00358 (ms)
2026-07-10 21:31:25,209 [INFO] Pass: Size - 0.00191 (ms)
2026-07-10 21:31:25,209 [INFO] Pass: FixedPoint - 0.00286 (ms)
2026-07-10 21:31:25,209 [INFO] Pass: ContainsInstruction - 0.00525 (ms)
2026-07-10 21:31:25,209 [INFO] Total Transpile Time - 94.59233 (ms)
2026-07-10 21:31:25,301 [INFO] Pass: ContainsInstruction - 0.00906 (ms)
2026-07-10 21:31:25,301 [INFO] Pass: UnitarySynthesis - 0.00596 (ms)
2026-07-10 21:31:25,301 [INFO] Pass: HighLevelSynthesis - 0.00548 (ms)
2026-07-10 21:31:25,301 [INFO] Pass: BasisTranslator - 0.05674 (ms)
2026-07-10 21:31:25,301 [INFO] Pass: ElidePermutations - 0.00381 (ms)
2026-07-10 21:31:25,301 [INFO] Pass: RemoveDiagonalGatesBeforeMeasure - 0.00620 (ms)
2026-07-10 21:31:25,301 [INFO] Pass: RemoveIdentityEquivalent - 0.00453 (ms)
2026-07-10 21:31:25,301 [INFO] Pass: InverseCancellation - 0.01287 (ms)
2026-07-10 21:31:25,301 [INFO] Pass: ContractIdleWiresInControlFlow - 0.00238 (ms)
2026-07-10 21:31:25,301 [INFO] Pass: CommutativeCancellation - 0.02575 (ms)
2026-07-10 21:31:25,301 [INFO] Pass: ConsolidateBlocks - 0.03028 (ms)
2026-07-10 21:31:25,301 [INFO] Pass: Split2QUnitaries - 0.00286 (ms)
2026-07-10 21:31:25,301 [INFO] Pass: UnitarySynthesis - 0.00429 (ms)
2026-07-10 21:31:25,301 [INFO] Pass: HighLevelSynthesis - 0.00930 (ms)
2026-07-10 21:31:25,301 [INFO] Pass: BasisTranslator - 0.05221 (ms)
2026-07-10 21:31:25,301 [INFO] Pass: ConsolidateBlocks - 0.04077 (ms)
2026-07-10 21:31:25,301 [INFO] Pass: UnitarySynthesis - 0.00405 (ms)
2026-07-10 21:31:25,301 [INFO] Pass: Depth - 0.01001 (ms)
2026-07-10 21:31:25,301 [INFO] Pass: FixedPoint - 0.00429 (ms)
2026-07-10 21:31:25,301 [INFO] Pass: Size - 0.00310 (ms)
2026-07-10 21:31:25,302 [INFO] Pass: FixedPoint - 0.00238 (ms)
2026-07-10 21:31:25,302 [INFO] Pass: RemoveIdentityEquivalent - 0.00334 (ms)
2026-07-10 21:31:25,302 [INFO] Pass: Optimize1qGatesDecomposition - 0.09036 (ms)
2026-07-10 21:31:25,302 [INFO] Pass: CommutativeCancellation - 0.04792 (ms)
2026-07-10 21:31:25,302 [INFO] Pass: ContractIdleWiresInControlFlow - 0.00167 (ms)
2026-07-10 21:31:25,302 [INFO] Pass: GatesInBasis - 0.00858 (ms)
2026-07-10 21:31:25,302 [INFO] Pass: Depth - 0.00906 (ms)
2026-07-10 21:31:25,302 [INFO] Pass: FixedPoint - 0.00358 (ms)
2026-07-10 21:31:25,302 [INFO] Pass: Size - 0.00215 (ms)
2026-07-10 21:31:25,302 [INFO] Pass: FixedPoint - 0.00286 (ms)
2026-07-10 21:31:25,302 [INFO] Pass: ContainsInstruction - 0.00477 (ms)
2026-07-10 21:31:25,302 [INFO] Total Transpile Time - 92.92626 (ms)
2026-07-10 21:31:25,395 [INFO] Pass: ContainsInstruction - 0.00906 (ms)
2026-07-10 21:31:25,395 [INFO] Pass: UnitarySynthesis - 0.00620 (ms)
2026-07-10 21:31:25,395 [INFO] Pass: HighLevelSynthesis - 0.01192 (ms)
2026-07-10 21:31:25,395 [INFO] Pass: BasisTranslator - 0.05341 (ms)
2026-07-10 21:31:25,395 [INFO] Pass: ElidePermutations - 0.00405 (ms)
2026-07-10 21:31:25,395 [INFO] Pass: RemoveDiagonalGatesBeforeMeasure - 0.00572 (ms)
2026-07-10 21:31:25,395 [INFO] Pass: RemoveIdentityEquivalent - 0.00477 (ms)
2026-07-10 21:31:25,395 [INFO] Pass: InverseCancellation - 0.01264 (ms)
2026-07-10 21:31:25,395 [INFO] Pass: ContractIdleWiresInControlFlow - 0.00215 (ms)
2026-07-10 21:31:25,396 [INFO] Pass: CommutativeCancellation - 0.02265 (ms)
2026-07-10 21:31:25,396 [INFO] Pass: ConsolidateBlocks - 0.02956 (ms)
2026-07-10 21:31:25,396 [INFO] Pass: Split2QUnitaries - 0.00262 (ms)
2026-07-10 21:31:25,396 [INFO] Pass: UnitarySynthesis - 0.00525 (ms)
2026-07-10 21:31:25,396 [INFO] Pass: HighLevelSynthesis - 0.00978 (ms)
2026-07-10 21:31:25,396 [INFO] Pass: BasisTranslator - 0.05245 (ms)
2026-07-10 21:31:25,396 [INFO] Pass: ConsolidateBlocks - 0.04315 (ms)
2026-07-10 21:31:25,396 [INFO] Pass: UnitarySynthesis - 0.00453 (ms)
2026-07-10 21:31:25,396 [INFO] Pass: Depth - 0.01049 (ms)
2026-07-10 21:31:25,396 [INFO] Pass: FixedPoint - 0.00453 (ms)
2026-07-10 21:31:25,396 [INFO] Pass: Size - 0.00238 (ms)
2026-07-10 21:31:25,396 [INFO] Pass: FixedPoint - 0.00286 (ms)
2026-07-10 21:31:25,396 [INFO] Pass: RemoveIdentityEquivalent - 0.00381 (ms)
2026-07-10 21:31:25,396 [INFO] Pass: Optimize1qGatesDecomposition - 0.09203 (ms)
2026-07-10 21:31:25,396 [INFO] Pass: CommutativeCancellation - 0.04363 (ms)
2026-07-10 21:31:25,396 [INFO] Pass: ContractIdleWiresInControlFlow - 0.00167 (ms)
2026-07-10 21:31:25,396 [INFO] Pass: GatesInBasis - 0.00834 (ms)
2026-07-10 21:31:25,396 [INFO] Pass: Depth - 0.00978 (ms)
2026-07-10 21:31:25,396 [INFO] Pass: FixedPoint - 0.00358 (ms)
2026-07-10 21:31:25,396 [INFO] Pass: Size - 0.00191 (ms)
2026-07-10 21:31:25,396 [INFO] Pass: FixedPoint - 0.00262 (ms)
2026-07-10 21:31:25,396 [INFO] Pass: RemoveIdentityEquivalent - 0.00358 (ms)
2026-07-10 21:31:25,396 [INFO] Pass: Optimize1qGatesDecomposition - 0.07820 (ms)
2026-07-10 21:31:25,397 [INFO] Pass: CommutativeCancellation - 0.03743 (ms)
2026-07-10 21:31:25,397 [INFO] Pass: ContractIdleWiresInControlFlow - 0.00191 (ms)
2026-07-10 21:31:25,397 [INFO] Pass: GatesInBasis - 0.00691 (ms)
2026-07-10 21:31:25,397 [INFO] Pass: Depth - 0.00834 (ms)
2026-07-10 21:31:25,397 [INFO] Pass: FixedPoint - 0.00310 (ms)
2026-07-10 21:31:25,397 [INFO] Pass: Size - 0.00191 (ms)
2026-07-10 21:31:25,397 [INFO] Pass: FixedPoint - 0.00262 (ms)
2026-07-10 21:31:25,397 [INFO] Pass: ContainsInstruction - 0.00501 (ms)
2026-07-10 21:31:25,397 [INFO] Total Transpile Time - 94.39325 (ms)
2026-07-10 21:31:37,816 [INFO] [PCE] n=25 instancia 67/100 completada en 0:00:00:13 — transcurrido=0:00:15:07 restante_estimado=0:00:07:27
2026-07-10 21:31:37,911 [INFO] Pass: ContainsInstruction - 0.01121 (ms)
2026-07-10 21:31:37,911 [INFO] Pass: UnitarySynthesis - 0.00644 (ms)
2026-07-10 21:31:37,911 [INFO] Pass: HighLevelSynthesis - 0.00668 (ms)
2026-07-10 21:31:37,911 [INFO] Pass: BasisTranslator - 0.06080 (ms)
2026-07-10 21:31:37,911 [INFO] Pass: ElidePermutations - 0.00525 (ms)
2026-07-10 21:31:37,911 [INFO] Pass: RemoveDiagonalGatesBeforeMeasure - 0.00739 (ms)
2026-07-10 21:31:37,911 [INFO] Pass: RemoveIdentityEquivalent - 0.00334 (ms)
2026-07-10 21:31:37,911 [INFO] Pass: InverseCancellation - 0.00453 (ms)
2026-07-10 21:31:37,911 [INFO] Pass: ContractIdleWiresInControlFlow - 0.00215 (ms)
2026-07-10 21:31:37,912 [INFO] Pass: CommutativeCancellation - 0.02480 (ms)
2026-07-10 21:31:37,912 [INFO] Pass: ConsolidateBlocks - 0.03481 (ms)
2026-07-10 21:31:37,912 [INFO] Pass: Split2QUnitaries - 0.00358 (ms)
2026-07-10 21:31:37,912 [INFO] Pass: UnitarySynthesis - 0.00477 (ms)
2026-07-10 21:31:37,912 [INFO] Pass: HighLevelSynthesis - 0.00954 (ms)
2026-07-10 21:31:37,912 [INFO] Pass: BasisTranslator - 0.05269 (ms)
2026-07-10 21:31:37,912 [INFO] Pass: ConsolidateBlocks - 0.04220 (ms)
2026-07-10 21:31:37,912 [INFO] Pass: UnitarySynthesis - 0.00405 (ms)
2026-07-10 21:31:37,912 [INFO] Pass: Depth - 0.01049 (ms)
2026-07-10 21:31:37,912 [INFO] Pass: FixedPoint - 0.00477 (ms)
2026-07-10 21:31:37,912 [INFO] Pass: Size - 0.00334 (ms)
2026-07-10 21:31:37,912 [INFO] Pass: FixedPoint - 0.00286 (ms)
2026-07-10 21:31:37,912 [INFO] Pass: RemoveIdentityEquivalent - 0.00238 (ms)
2026-07-10 21:31:37,912 [INFO] Pass: Optimize1qGatesDecomposition - 0.02980 (ms)
2026-07-10 21:31:37,912 [INFO] Pass: CommutativeCancellation - 0.04387 (ms)
2026-07-10 21:31:37,912 [INFO] Pass: ContractIdleWiresInControlFlow - 0.00191 (ms)
2026-07-10 21:31:37,912 [INFO] Pass: GatesInBasis - 0.00954 (ms)
2026-07-10 21:31:37,912 [INFO] Pass: Depth - 0.00930 (ms)
2026-07-10 21:31:37,912 [INFO] Pass: FixedPoint - 0.00358 (ms)
2026-07-10 21:31:37,912 [INFO] Pass: Size - 0.00238 (ms)
2026-07-10 21:31:37,912 [INFO] Pass: FixedPoint - 0.00262 (ms)
2026-07-10 21:31:37,912 [INFO] Pass: ContainsInstruction - 0.00501 (ms)
2026-07-10 21:31:37,912 [INFO] Total Transpile Time - 94.71703 (ms)
2026-07-10 21:31:38,005 [INFO] Pass: ContainsInstruction - 0.00954 (ms)
2026-07-10 21:31:38,005 [INFO] Pass: UnitarySynthesis - 0.00596 (ms)
2026-07-10 21:31:38,005 [INFO] Pass: HighLevelSynthesis - 0.00572 (ms)
2026-07-10 21:31:38,005 [INFO] Pass: BasisTranslator - 0.05674 (ms)
2026-07-10 21:31:38,005 [INFO] Pass: ElidePermutations - 0.00358 (ms)
2026-07-10 21:31:38,005 [INFO] Pass: RemoveDiagonalGatesBeforeMeasure - 0.00644 (ms)
2026-07-10 21:31:38,005 [INFO] Pass: RemoveIdentityEquivalent - 0.00405 (ms)
2026-07-10 21:31:38,005 [INFO] Pass: InverseCancellation - 0.01335 (ms)
2026-07-10 21:31:38,005 [INFO] Pass: ContractIdleWiresInControlFlow - 0.00191 (ms)
2026-07-10 21:31:38,005 [INFO] Pass: CommutativeCancellation - 0.02599 (ms)
2026-07-10 21:31:38,005 [INFO] Pass: ConsolidateBlocks - 0.03028 (ms)
2026-07-10 21:31:38,005 [INFO] Pass: Split2QUnitaries - 0.00358 (ms)
2026-07-10 21:31:38,005 [INFO] Pass: UnitarySynthesis - 0.00501 (ms)
2026-07-10 21:31:38,005 [INFO] Pass: HighLevelSynthesis - 0.01001 (ms)
2026-07-10 21:31:38,006 [INFO] Pass: BasisTranslator - 0.05388 (ms)
2026-07-10 21:31:38,006 [INFO] Pass: ConsolidateBlocks - 0.04077 (ms)
2026-07-10 21:31:38,006 [INFO] Pass: UnitarySynthesis - 0.00405 (ms)
2026-07-10 21:31:38,006 [INFO] Pass: Depth - 0.01001 (ms)
2026-07-10 21:31:38,006 [INFO] Pass: FixedPoint - 0.00477 (ms)
2026-07-10 21:31:38,006 [INFO] Pass: Size - 0.00286 (ms)
2026-07-10 21:31:38,006 [INFO] Pass: FixedPoint - 0.00286 (ms)
2026-07-10 21:31:38,006 [INFO] Pass: RemoveIdentityEquivalent - 0.00334 (ms)
2026-07-10 21:31:38,006 [INFO] Pass: Optimize1qGatesDecomposition - 0.09108 (ms)
2026-07-10 21:31:38,006 [INFO] Pass: CommutativeCancellation - 0.04935 (ms)
2026-07-10 21:31:38,006 [INFO] Pass: ContractIdleWiresInControlFlow - 0.00191 (ms)
2026-07-10 21:31:38,006 [INFO] Pass: GatesInBasis - 0.00858 (ms)
2026-07-10 21:31:38,006 [INFO] Pass: Depth - 0.00811 (ms)
2026-07-10 21:31:38,006 [INFO] Pass: FixedPoint - 0.00405 (ms)
2026-07-10 21:31:38,006 [INFO] Pass: Size - 0.00215 (ms)
2026-07-10 21:31:38,006 [INFO] Pass: FixedPoint - 0.00286 (ms)
2026-07-10 21:31:38,006 [INFO] Pass: ContainsInstruction - 0.00501 (ms)
2026-07-10 21:31:38,006 [INFO] Total Transpile Time - 93.42885 (ms)
2026-07-10 21:31:38,098 [INFO] Pass: ContainsInstruction - 0.00954 (ms)
2026-07-10 21:31:38,099 [INFO] Pass: UnitarySynthesis - 0.00620 (ms)
2026-07-10 21:31:38,099 [INFO] Pass: HighLevelSynthesis - 0.00525 (ms)
2026-07-10 21:31:38,099 [INFO] Pass: BasisTranslator - 0.05460 (ms)
2026-07-10 21:31:38,099 [INFO] Pass: ElidePermutations - 0.00334 (ms)
2026-07-10 21:31:38,099 [INFO] Pass: RemoveDiagonalGatesBeforeMeasure - 0.00525 (ms)
2026-07-10 21:31:38,099 [INFO] Pass: RemoveIdentityEquivalent - 0.00405 (ms)
2026-07-10 21:31:38,099 [INFO] Pass: InverseCancellation - 0.01216 (ms)
2026-07-10 21:31:38,099 [INFO] Pass: ContractIdleWiresInControlFlow - 0.00191 (ms)
2026-07-10 21:31:38,099 [INFO] Pass: CommutativeCancellation - 0.02217 (ms)
2026-07-10 21:31:38,099 [INFO] Pass: ConsolidateBlocks - 0.02956 (ms)
2026-07-10 21:31:38,099 [INFO] Pass: Split2QUnitaries - 0.00238 (ms)
2026-07-10 21:31:38,099 [INFO] Pass: UnitarySynthesis - 0.00501 (ms)
2026-07-10 21:31:38,099 [INFO] Pass: HighLevelSynthesis - 0.01001 (ms)
2026-07-10 21:31:38,099 [INFO] Pass: BasisTranslator - 0.05341 (ms)
2026-07-10 21:31:38,099 [INFO] Pass: ConsolidateBlocks - 0.04029 (ms)
2026-07-10 21:31:38,099 [INFO] Pass: UnitarySynthesis - 0.00453 (ms)
2026-07-10 21:31:38,099 [INFO] Pass: Depth - 0.01001 (ms)
2026-07-10 21:31:38,099 [INFO] Pass: FixedPoint - 0.00429 (ms)
2026-07-10 21:31:38,099 [INFO] Pass: Size - 0.00286 (ms)
2026-07-10 21:31:38,099 [INFO] Pass: FixedPoint - 0.00286 (ms)
2026-07-10 21:31:38,099 [INFO] Pass: RemoveIdentityEquivalent - 0.00381 (ms)
2026-07-10 21:31:38,099 [INFO] Pass: Optimize1qGatesDecomposition - 0.09537 (ms)
2026-07-10 21:31:38,100 [INFO] Pass: CommutativeCancellation - 0.04363 (ms)
2026-07-10 21:31:38,100 [INFO] Pass: ContractIdleWiresInControlFlow - 0.00191 (ms)
2026-07-10 21:31:38,100 [INFO] Pass: GatesInBasis - 0.00763 (ms)
2026-07-10 21:31:38,100 [INFO] Pass: Depth - 0.00930 (ms)
2026-07-10 21:31:38,100 [INFO] Pass: FixedPoint - 0.00358 (ms)
2026-07-10 21:31:38,100 [INFO] Pass: Size - 0.00191 (ms)
2026-07-10 21:31:38,100 [INFO] Pass: FixedPoint - 0.00286 (ms)
2026-07-10 21:31:38,100 [INFO] Pass: RemoveIdentityEquivalent - 0.00310 (ms)
2026-07-10 21:31:38,100 [INFO] Pass: Optimize1qGatesDecomposition - 0.07892 (ms)
2026-07-10 21:31:38,100 [INFO] Pass: CommutativeCancellation - 0.03839 (ms)
2026-07-10 21:31:38,100 [INFO] Pass: ContractIdleWiresInControlFlow - 0.00143 (ms)
2026-07-10 21:31:38,100 [INFO] Pass: GatesInBasis - 0.00644 (ms)
2026-07-10 21:31:38,100 [INFO] Pass: Depth - 0.00858 (ms)
2026-07-10 21:31:38,100 [INFO] Pass: FixedPoint - 0.00334 (ms)
2026-07-10 21:31:38,100 [INFO] Pass: Size - 0.00167 (ms)
2026-07-10 21:31:38,100 [INFO] Pass: FixedPoint - 0.00286 (ms)
2026-07-10 21:31:38,100 [INFO] Pass: ContainsInstruction - 0.00501 (ms)
2026-07-10 21:31:38,100 [INFO] Total Transpile Time - 93.49179 (ms)
2026-07-10 21:31:51,002 [INFO] [PCE] n=25 instancia 68/100 completada en 0:00:00:13 — transcurrido=0:00:15:20 restante_estimado=0:00:07:13
2026-07-10 21:31:51,098 [INFO] Pass: ContainsInstruction - 0.01240 (ms)
2026-07-10 21:31:51,098 [INFO] Pass: UnitarySynthesis - 0.00644 (ms)
2026-07-10 21:31:51,098 [INFO] Pass: HighLevelSynthesis - 0.00668 (ms)
2026-07-10 21:31:51,098 [INFO] Pass: BasisTranslator - 0.06127 (ms)
2026-07-10 21:31:51,098 [INFO] Pass: ElidePermutations - 0.00620 (ms)
2026-07-10 21:31:51,098 [INFO] Pass: RemoveDiagonalGatesBeforeMeasure - 0.00834 (ms)
2026-07-10 21:31:51,098 [INFO] Pass: RemoveIdentityEquivalent - 0.00310 (ms)
2026-07-10 21:31:51,098 [INFO] Pass: InverseCancellation - 0.00501 (ms)
2026-07-10 21:31:51,098 [INFO] Pass: ContractIdleWiresInControlFlow - 0.00215 (ms)
2026-07-10 21:31:51,098 [INFO] Pass: CommutativeCancellation - 0.02432 (ms)
2026-07-10 21:31:51,098 [INFO] Pass: ConsolidateBlocks - 0.03529 (ms)
2026-07-10 21:31:51,098 [INFO] Pass: Split2QUnitaries - 0.00334 (ms)
2026-07-10 21:31:51,098 [INFO] Pass: UnitarySynthesis - 0.00501 (ms)
2026-07-10 21:31:51,098 [INFO] Pass: HighLevelSynthesis - 0.00906 (ms)
2026-07-10 21:31:51,098 [INFO] Pass: BasisTranslator - 0.06104 (ms)
2026-07-10 21:31:51,098 [INFO] Pass: ConsolidateBlocks - 0.04196 (ms)
2026-07-10 21:31:51,098 [INFO] Pass: UnitarySynthesis - 0.00405 (ms)
2026-07-10 21:31:51,098 [INFO] Pass: Depth - 0.00978 (ms)
2026-07-10 21:31:51,098 [INFO] Pass: FixedPoint - 0.00477 (ms)
2026-07-10 21:31:51,098 [INFO] Pass: Size - 0.00310 (ms)
2026-07-10 21:31:51,098 [INFO] Pass: FixedPoint - 0.00286 (ms)
2026-07-10 21:31:51,099 [INFO] Pass: RemoveIdentityEquivalent - 0.00238 (ms)
2026-07-10 21:31:51,099 [INFO] Pass: Optimize1qGatesDecomposition - 0.03028 (ms)
2026-07-10 21:31:51,099 [INFO] Pass: CommutativeCancellation - 0.04458 (ms)
2026-07-10 21:31:51,099 [INFO] Pass: ContractIdleWiresInControlFlow - 0.00167 (ms)
2026-07-10 21:31:51,099 [INFO] Pass: GatesInBasis - 0.01001 (ms)
2026-07-10 21:31:51,099 [INFO] Pass: Depth - 0.00906 (ms)
2026-07-10 21:31:51,099 [INFO] Pass: FixedPoint - 0.00358 (ms)
2026-07-10 21:31:51,099 [INFO] Pass: Size - 0.00238 (ms)
2026-07-10 21:31:51,099 [INFO] Pass: FixedPoint - 0.00286 (ms)
2026-07-10 21:31:51,099 [INFO] Pass: ContainsInstruction - 0.00429 (ms)
2026-07-10 21:31:51,099 [INFO] Total Transpile Time - 94.28525 (ms)
2026-07-10 21:31:51,191 [INFO] Pass: ContainsInstruction - 0.00978 (ms)
2026-07-10 21:31:51,191 [INFO] Pass: UnitarySynthesis - 0.00572 (ms)
2026-07-10 21:31:51,191 [INFO] Pass: HighLevelSynthesis - 0.00548 (ms)
2026-07-10 21:31:51,191 [INFO] Pass: BasisTranslator - 0.05460 (ms)
2026-07-10 21:31:51,191 [INFO] Pass: ElidePermutations - 0.00453 (ms)
2026-07-10 21:31:51,191 [INFO] Pass: RemoveDiagonalGatesBeforeMeasure - 0.00668 (ms)
2026-07-10 21:31:51,191 [INFO] Pass: RemoveIdentityEquivalent - 0.00405 (ms)
2026-07-10 21:31:51,191 [INFO] Pass: InverseCancellation - 0.01311 (ms)
2026-07-10 21:31:51,191 [INFO] Pass: ContractIdleWiresInControlFlow - 0.00215 (ms)
2026-07-10 21:31:51,191 [INFO] Pass: CommutativeCancellation - 0.02527 (ms)
2026-07-10 21:31:51,191 [INFO] Pass: ConsolidateBlocks - 0.03076 (ms)
2026-07-10 21:31:51,191 [INFO] Pass: Split2QUnitaries - 0.00262 (ms)
2026-07-10 21:31:51,191 [INFO] Pass: UnitarySynthesis - 0.00429 (ms)
2026-07-10 21:31:51,191 [INFO] Pass: HighLevelSynthesis - 0.01025 (ms)
2026-07-10 21:31:51,191 [INFO] Pass: BasisTranslator - 0.05388 (ms)
2026-07-10 21:31:51,191 [INFO] Pass: ConsolidateBlocks - 0.04125 (ms)
2026-07-10 21:31:51,191 [INFO] Pass: UnitarySynthesis - 0.00429 (ms)
2026-07-10 21:31:51,191 [INFO] Pass: Depth - 0.00978 (ms)
2026-07-10 21:31:51,191 [INFO] Pass: FixedPoint - 0.00453 (ms)
2026-07-10 21:31:51,192 [INFO] Pass: Size - 0.00286 (ms)
2026-07-10 21:31:51,192 [INFO] Pass: FixedPoint - 0.00262 (ms)
2026-07-10 21:31:51,192 [INFO] Pass: RemoveIdentityEquivalent - 0.00358 (ms)
2026-07-10 21:31:51,192 [INFO] Pass: Optimize1qGatesDecomposition - 0.09441 (ms)
2026-07-10 21:31:51,192 [INFO] Pass: CommutativeCancellation - 0.04864 (ms)
2026-07-10 21:31:51,192 [INFO] Pass: ContractIdleWiresInControlFlow - 0.00191 (ms)
2026-07-10 21:31:51,192 [INFO] Pass: GatesInBasis - 0.00906 (ms)
2026-07-10 21:31:51,192 [INFO] Pass: Depth - 0.00858 (ms)
2026-07-10 21:31:51,192 [INFO] Pass: FixedPoint - 0.00358 (ms)
2026-07-10 21:31:51,192 [INFO] Pass: Size - 0.00215 (ms)
2026-07-10 21:31:51,192 [INFO] Pass: FixedPoint - 0.00286 (ms)
2026-07-10 21:31:51,192 [INFO] Pass: ContainsInstruction - 0.00525 (ms)
2026-07-10 21:31:51,192 [INFO] Total Transpile Time - 92.57746 (ms)
2026-07-10 21:31:51,284 [INFO] Pass: ContainsInstruction - 0.00930 (ms)
2026-07-10 21:31:51,284 [INFO] Pass: UnitarySynthesis - 0.00644 (ms)
2026-07-10 21:31:51,284 [INFO] Pass: HighLevelSynthesis - 0.00572 (ms)
2026-07-10 21:31:51,284 [INFO] Pass: BasisTranslator - 0.05293 (ms)
2026-07-10 21:31:51,284 [INFO] Pass: ElidePermutations - 0.00358 (ms)
2026-07-10 21:31:51,284 [INFO] Pass: RemoveDiagonalGatesBeforeMeasure - 0.00572 (ms)
2026-07-10 21:31:51,284 [INFO] Pass: RemoveIdentityEquivalent - 0.00381 (ms)
2026-07-10 21:31:51,284 [INFO] Pass: InverseCancellation - 0.01240 (ms)
2026-07-10 21:31:51,284 [INFO] Pass: ContractIdleWiresInControlFlow - 0.00191 (ms)
2026-07-10 21:31:51,284 [INFO] Pass: CommutativeCancellation - 0.02289 (ms)
2026-07-10 21:31:51,284 [INFO] Pass: ConsolidateBlocks - 0.02789 (ms)
2026-07-10 21:31:51,284 [INFO] Pass: Split2QUnitaries - 0.00238 (ms)
2026-07-10 21:31:51,284 [INFO] Pass: UnitarySynthesis - 0.00453 (ms)
2026-07-10 21:31:51,284 [INFO] Pass: HighLevelSynthesis - 0.00954 (ms)
2026-07-10 21:31:51,284 [INFO] Pass: BasisTranslator - 0.05913 (ms)
2026-07-10 21:31:51,284 [INFO] Pass: ConsolidateBlocks - 0.04053 (ms)
2026-07-10 21:31:51,284 [INFO] Pass: UnitarySynthesis - 0.00429 (ms)
2026-07-10 21:31:51,284 [INFO] Pass: Depth - 0.00978 (ms)
2026-07-10 21:31:51,284 [INFO] Pass: FixedPoint - 0.00429 (ms)
2026-07-10 21:31:51,284 [INFO] Pass: Size - 0.00262 (ms)
2026-07-10 21:31:51,284 [INFO] Pass: FixedPoint - 0.00262 (ms)
2026-07-10 21:31:51,284 [INFO] Pass: RemoveIdentityEquivalent - 0.00358 (ms)
2026-07-10 21:31:51,285 [INFO] Pass: Optimize1qGatesDecomposition - 0.09298 (ms)
2026-07-10 21:31:51,285 [INFO] Pass: CommutativeCancellation - 0.04411 (ms)
2026-07-10 21:31:51,285 [INFO] Pass: ContractIdleWiresInControlFlow - 0.00215 (ms)
2026-07-10 21:31:51,285 [INFO] Pass: GatesInBasis - 0.00787 (ms)
2026-07-10 21:31:51,285 [INFO] Pass: Depth - 0.00882 (ms)
2026-07-10 21:31:51,285 [INFO] Pass: FixedPoint - 0.00358 (ms)
2026-07-10 21:31:51,285 [INFO] Pass: Size - 0.00191 (ms)
2026-07-10 21:31:51,285 [INFO] Pass: FixedPoint - 0.00286 (ms)
2026-07-10 21:31:51,285 [INFO] Pass: RemoveIdentityEquivalent - 0.00334 (ms)
2026-07-10 21:31:51,285 [INFO] Pass: Optimize1qGatesDecomposition - 0.07749 (ms)
2026-07-10 21:31:51,285 [INFO] Pass: CommutativeCancellation - 0.03767 (ms)
2026-07-10 21:31:51,285 [INFO] Pass: ContractIdleWiresInControlFlow - 0.00167 (ms)
2026-07-10 21:31:51,285 [INFO] Pass: GatesInBasis - 0.00668 (ms)
2026-07-10 21:31:51,285 [INFO] Pass: Depth - 0.00787 (ms)
2026-07-10 21:31:51,285 [INFO] Pass: FixedPoint - 0.00334 (ms)
2026-07-10 21:31:51,285 [INFO] Pass: Size - 0.00215 (ms)
2026-07-10 21:31:51,285 [INFO] Pass: FixedPoint - 0.00286 (ms)
2026-07-10 21:31:51,285 [INFO] Pass: ContainsInstruction - 0.00477 (ms)
2026-07-10 21:31:51,285 [INFO] Total Transpile Time - 92.86690 (ms)
2026-07-10 21:32:04,919 [INFO] [PCE] n=25 instancia 69/100 completada en 0:00:00:14 — transcurrido=0:00:15:34 restante_estimado=0:00:07:00
2026-07-10 21:32:05,014 [INFO] Pass: ContainsInstruction - 0.01121 (ms)
2026-07-10 21:32:05,014 [INFO] Pass: UnitarySynthesis - 0.00668 (ms)
2026-07-10 21:32:05,014 [INFO] Pass: HighLevelSynthesis - 0.00691 (ms)
2026-07-10 21:32:05,014 [INFO] Pass: BasisTranslator - 0.05913 (ms)
2026-07-10 21:32:05,014 [INFO] Pass: ElidePermutations - 0.00477 (ms)
2026-07-10 21:32:05,014 [INFO] Pass: RemoveDiagonalGatesBeforeMeasure - 0.00715 (ms)
2026-07-10 21:32:05,014 [INFO] Pass: RemoveIdentityEquivalent - 0.00358 (ms)
2026-07-10 21:32:05,014 [INFO] Pass: InverseCancellation - 0.00572 (ms)
2026-07-10 21:32:05,014 [INFO] Pass: ContractIdleWiresInControlFlow - 0.00191 (ms)
2026-07-10 21:32:05,014 [INFO] Pass: CommutativeCancellation - 0.02313 (ms)
2026-07-10 21:32:05,014 [INFO] Pass: ConsolidateBlocks - 0.03433 (ms)
2026-07-10 21:32:05,015 [INFO] Pass: Split2QUnitaries - 0.00334 (ms)
2026-07-10 21:32:05,015 [INFO] Pass: UnitarySynthesis - 0.00429 (ms)
2026-07-10 21:32:05,015 [INFO] Pass: HighLevelSynthesis - 0.00978 (ms)
2026-07-10 21:32:05,015 [INFO] Pass: BasisTranslator - 0.05269 (ms)
2026-07-10 21:32:05,015 [INFO] Pass: ConsolidateBlocks - 0.04125 (ms)
2026-07-10 21:32:05,015 [INFO] Pass: UnitarySynthesis - 0.00381 (ms)
2026-07-10 21:32:05,015 [INFO] Pass: Depth - 0.01097 (ms)
2026-07-10 21:32:05,015 [INFO] Pass: FixedPoint - 0.00525 (ms)
2026-07-10 21:32:05,015 [INFO] Pass: Size - 0.00381 (ms)
2026-07-10 21:32:05,015 [INFO] Pass: FixedPoint - 0.00286 (ms)
2026-07-10 21:32:05,015 [INFO] Pass: RemoveIdentityEquivalent - 0.00262 (ms)
2026-07-10 21:32:05,015 [INFO] Pass: Optimize1qGatesDecomposition - 0.02813 (ms)
2026-07-10 21:32:05,015 [INFO] Pass: CommutativeCancellation - 0.04292 (ms)
2026-07-10 21:32:05,015 [INFO] Pass: ContractIdleWiresInControlFlow - 0.00191 (ms)
2026-07-10 21:32:05,015 [INFO] Pass: GatesInBasis - 0.00930 (ms)
2026-07-10 21:32:05,015 [INFO] Pass: Depth - 0.00787 (ms)
2026-07-10 21:32:05,015 [INFO] Pass: FixedPoint - 0.00334 (ms)
2026-07-10 21:32:05,015 [INFO] Pass: Size - 0.00215 (ms)
2026-07-10 21:32:05,015 [INFO] Pass: FixedPoint - 0.00286 (ms)
2026-07-10 21:32:05,015 [INFO] Pass: ContainsInstruction - 0.00477 (ms)
2026-07-10 21:32:05,015 [INFO] Total Transpile Time - 94.68269 (ms)
2026-07-10 21:32:05,107 [INFO] Pass: ContainsInstruction - 0.00954 (ms)
2026-07-10 21:32:05,107 [INFO] Pass: UnitarySynthesis - 0.00620 (ms)
2026-07-10 21:32:05,107 [INFO] Pass: HighLevelSynthesis - 0.00548 (ms)
2026-07-10 21:32:05,107 [INFO] Pass: BasisTranslator - 0.05317 (ms)
2026-07-10 21:32:05,107 [INFO] Pass: ElidePermutations - 0.00358 (ms)
2026-07-10 21:32:05,108 [INFO] Pass: RemoveDiagonalGatesBeforeMeasure - 0.00596 (ms)
2026-07-10 21:32:05,108 [INFO] Pass: RemoveIdentityEquivalent - 0.00429 (ms)
2026-07-10 21:32:05,108 [INFO] Pass: InverseCancellation - 0.01311 (ms)
2026-07-10 21:32:05,108 [INFO] Pass: ContractIdleWiresInControlFlow - 0.00238 (ms)
2026-07-10 21:32:05,108 [INFO] Pass: CommutativeCancellation - 0.02623 (ms)
2026-07-10 21:32:05,108 [INFO] Pass: ConsolidateBlocks - 0.03052 (ms)
2026-07-10 21:32:05,108 [INFO] Pass: Split2QUnitaries - 0.00238 (ms)
2026-07-10 21:32:05,108 [INFO] Pass: UnitarySynthesis - 0.00477 (ms)
2026-07-10 21:32:05,108 [INFO] Pass: HighLevelSynthesis - 0.00906 (ms)
2026-07-10 21:32:05,108 [INFO] Pass: BasisTranslator - 0.05150 (ms)
2026-07-10 21:32:05,108 [INFO] Pass: ConsolidateBlocks - 0.04029 (ms)
2026-07-10 21:32:05,108 [INFO] Pass: UnitarySynthesis - 0.00405 (ms)
2026-07-10 21:32:05,108 [INFO] Pass: Depth - 0.00954 (ms)
2026-07-10 21:32:05,108 [INFO] Pass: FixedPoint - 0.00429 (ms)
2026-07-10 21:32:05,108 [INFO] Pass: Size - 0.00286 (ms)
2026-07-10 21:32:05,108 [INFO] Pass: FixedPoint - 0.00262 (ms)
2026-07-10 21:32:05,108 [INFO] Pass: RemoveIdentityEquivalent - 0.00310 (ms)
2026-07-10 21:32:05,108 [INFO] Pass: Optimize1qGatesDecomposition - 0.08988 (ms)
2026-07-10 21:32:05,108 [INFO] Pass: CommutativeCancellation - 0.04911 (ms)
2026-07-10 21:32:05,108 [INFO] Pass: ContractIdleWiresInControlFlow - 0.00167 (ms)
2026-07-10 21:32:05,108 [INFO] Pass: GatesInBasis - 0.00858 (ms)
2026-07-10 21:32:05,108 [INFO] Pass: Depth - 0.00858 (ms)
2026-07-10 21:32:05,108 [INFO] Pass: FixedPoint - 0.00334 (ms)
2026-07-10 21:32:05,108 [INFO] Pass: Size - 0.00215 (ms)
2026-07-10 21:32:05,108 [INFO] Pass: FixedPoint - 0.00286 (ms)
2026-07-10 21:32:05,108 [INFO] Pass: ContainsInstruction - 0.00501 (ms)
2026-07-10 21:32:05,109 [INFO] Total Transpile Time - 92.88430 (ms)
2026-07-10 21:32:05,201 [INFO] Pass: ContainsInstruction - 0.00906 (ms)
2026-07-10 21:32:05,201 [INFO] Pass: UnitarySynthesis - 0.00644 (ms)
2026-07-10 21:32:05,201 [INFO] Pass: HighLevelSynthesis - 0.00501 (ms)
2026-07-10 21:32:05,202 [INFO] Pass: BasisTranslator - 0.05126 (ms)
2026-07-10 21:32:05,202 [INFO] Pass: ElidePermutations - 0.00358 (ms)
2026-07-10 21:32:05,202 [INFO] Pass: RemoveDiagonalGatesBeforeMeasure - 0.00525 (ms)
2026-07-10 21:32:05,202 [INFO] Pass: RemoveIdentityEquivalent - 0.00429 (ms)
2026-07-10 21:32:05,202 [INFO] Pass: InverseCancellation - 0.01216 (ms)
2026-07-10 21:32:05,202 [INFO] Pass: ContractIdleWiresInControlFlow - 0.00191 (ms)
2026-07-10 21:32:05,202 [INFO] Pass: CommutativeCancellation - 0.02360 (ms)
2026-07-10 21:32:05,202 [INFO] Pass: ConsolidateBlocks - 0.02813 (ms)
2026-07-10 21:32:05,202 [INFO] Pass: Split2QUnitaries - 0.00238 (ms)
2026-07-10 21:32:05,202 [INFO] Pass: UnitarySynthesis - 0.00525 (ms)
2026-07-10 21:32:05,202 [INFO] Pass: HighLevelSynthesis - 0.00978 (ms)
2026-07-10 21:32:05,202 [INFO] Pass: BasisTranslator - 0.05317 (ms)
2026-07-10 21:32:05,202 [INFO] Pass: ConsolidateBlocks - 0.04077 (ms)
2026-07-10 21:32:05,202 [INFO] Pass: UnitarySynthesis - 0.00429 (ms)
2026-07-10 21:32:05,202 [INFO] Pass: Depth - 0.01001 (ms)
2026-07-10 21:32:05,202 [INFO] Pass: FixedPoint - 0.00453 (ms)
2026-07-10 21:32:05,202 [INFO] Pass: Size - 0.00238 (ms)
2026-07-10 21:32:05,202 [INFO] Pass: FixedPoint - 0.00262 (ms)
2026-07-10 21:32:05,202 [INFO] Pass: RemoveIdentityEquivalent - 0.00358 (ms)
2026-07-10 21:32:05,202 [INFO] Pass: Optimize1qGatesDecomposition - 0.10300 (ms)
2026-07-10 21:32:05,202 [INFO] Pass: CommutativeCancellation - 0.04315 (ms)
2026-07-10 21:32:05,202 [INFO] Pass: ContractIdleWiresInControlFlow - 0.00167 (ms)
2026-07-10 21:32:05,202 [INFO] Pass: GatesInBasis - 0.00787 (ms)
2026-07-10 21:32:05,202 [INFO] Pass: Depth - 0.00930 (ms)
2026-07-10 21:32:05,202 [INFO] Pass: FixedPoint - 0.00358 (ms)
2026-07-10 21:32:05,203 [INFO] Pass: Size - 0.00215 (ms)
2026-07-10 21:32:05,203 [INFO] Pass: FixedPoint - 0.00286 (ms)
2026-07-10 21:32:05,203 [INFO] Pass: RemoveIdentityEquivalent - 0.00358 (ms)
2026-07-10 21:32:05,203 [INFO] Pass: Optimize1qGatesDecomposition - 0.07892 (ms)
2026-07-10 21:32:05,203 [INFO] Pass: CommutativeCancellation - 0.03672 (ms)
2026-07-10 21:32:05,203 [INFO] Pass: ContractIdleWiresInControlFlow - 0.00167 (ms)
2026-07-10 21:32:05,203 [INFO] Pass: GatesInBasis - 0.00620 (ms)
2026-07-10 21:32:05,203 [INFO] Pass: Depth - 0.00834 (ms)
2026-07-10 21:32:05,203 [INFO] Pass: FixedPoint - 0.00310 (ms)
2026-07-10 21:32:05,203 [INFO] Pass: Size - 0.00215 (ms)
2026-07-10 21:32:05,203 [INFO] Pass: FixedPoint - 0.00286 (ms)
2026-07-10 21:32:05,203 [INFO] Pass: ContainsInstruction - 0.00525 (ms)
2026-07-10 21:32:05,203 [INFO] Total Transpile Time - 94.06781 (ms)
2026-07-10 21:32:17,526 [INFO] [PCE] n=25 instancia 70/100 completada en 0:00:00:13 — transcurrido=0:00:15:47 restante_estimado=0:00:06:46
2026-07-10 21:32:17,622 [INFO] Pass: ContainsInstruction - 0.01121 (ms)
2026-07-10 21:32:17,622 [INFO] Pass: UnitarySynthesis - 0.00644 (ms)
2026-07-10 21:32:17,622 [INFO] Pass: HighLevelSynthesis - 0.00644 (ms)
2026-07-10 21:32:17,622 [INFO] Pass: BasisTranslator - 0.05865 (ms)
2026-07-10 21:32:17,622 [INFO] Pass: ElidePermutations - 0.00525 (ms)
2026-07-10 21:32:17,622 [INFO] Pass: RemoveDiagonalGatesBeforeMeasure - 0.00811 (ms)
2026-07-10 21:32:17,622 [INFO] Pass: RemoveIdentityEquivalent - 0.00310 (ms)
2026-07-10 21:32:17,622 [INFO] Pass: InverseCancellation - 0.00525 (ms)
2026-07-10 21:32:17,622 [INFO] Pass: ContractIdleWiresInControlFlow - 0.00191 (ms)
2026-07-10 21:32:17,622 [INFO] Pass: CommutativeCancellation - 0.02337 (ms)
2026-07-10 21:32:17,622 [INFO] Pass: ConsolidateBlocks - 0.03314 (ms)
2026-07-10 21:32:17,622 [INFO] Pass: Split2QUnitaries - 0.00310 (ms)
2026-07-10 21:32:17,622 [INFO] Pass: UnitarySynthesis - 0.00477 (ms)
2026-07-10 21:32:17,623 [INFO] Pass: HighLevelSynthesis - 0.01025 (ms)
2026-07-10 21:32:17,623 [INFO] Pass: BasisTranslator - 0.05603 (ms)
2026-07-10 21:32:17,623 [INFO] Pass: ConsolidateBlocks - 0.04125 (ms)
2026-07-10 21:32:17,623 [INFO] Pass: UnitarySynthesis - 0.00381 (ms)
2026-07-10 21:32:17,623 [INFO] Pass: Depth - 0.00978 (ms)
2026-07-10 21:32:17,623 [INFO] Pass: FixedPoint - 0.00453 (ms)
2026-07-10 21:32:17,623 [INFO] Pass: Size - 0.00334 (ms)
2026-07-10 21:32:17,623 [INFO] Pass: FixedPoint - 0.00262 (ms)
2026-07-10 21:32:17,623 [INFO] Pass: RemoveIdentityEquivalent - 0.00238 (ms)
2026-07-10 21:32:17,623 [INFO] Pass: Optimize1qGatesDecomposition - 0.03004 (ms)
2026-07-10 21:32:17,623 [INFO] Pass: CommutativeCancellation - 0.04268 (ms)
2026-07-10 21:32:17,623 [INFO] Pass: ContractIdleWiresInControlFlow - 0.00167 (ms)
2026-07-10 21:32:17,623 [INFO] Pass: GatesInBasis - 0.00906 (ms)
2026-07-10 21:32:17,623 [INFO] Pass: Depth - 0.00787 (ms)
2026-07-10 21:32:17,623 [INFO] Pass: FixedPoint - 0.00334 (ms)
2026-07-10 21:32:17,623 [INFO] Pass: Size - 0.00191 (ms)
2026-07-10 21:32:17,623 [INFO] Pass: FixedPoint - 0.00286 (ms)
2026-07-10 21:32:17,623 [INFO] Pass: ContainsInstruction - 0.00477 (ms)
2026-07-10 21:32:17,623 [INFO] Total Transpile Time - 95.78180 (ms)
2026-07-10 21:32:17,715 [INFO] Pass: ContainsInstruction - 0.00954 (ms)
2026-07-10 21:32:17,715 [INFO] Pass: UnitarySynthesis - 0.00620 (ms)
2026-07-10 21:32:17,715 [INFO] Pass: HighLevelSynthesis - 0.00548 (ms)
2026-07-10 21:32:17,716 [INFO] Pass: BasisTranslator - 0.05460 (ms)
2026-07-10 21:32:17,716 [INFO] Pass: ElidePermutations - 0.00429 (ms)
2026-07-10 21:32:17,716 [INFO] Pass: RemoveDiagonalGatesBeforeMeasure - 0.00596 (ms)
2026-07-10 21:32:17,716 [INFO] Pass: RemoveIdentityEquivalent - 0.00429 (ms)
2026-07-10 21:32:17,716 [INFO] Pass: InverseCancellation - 0.01335 (ms)
2026-07-10 21:32:17,716 [INFO] Pass: ContractIdleWiresInControlFlow - 0.00238 (ms)
2026-07-10 21:32:17,716 [INFO] Pass: CommutativeCancellation - 0.02623 (ms)
2026-07-10 21:32:17,716 [INFO] Pass: ConsolidateBlocks - 0.03004 (ms)
2026-07-10 21:32:17,716 [INFO] Pass: Split2QUnitaries - 0.00310 (ms)
2026-07-10 21:32:17,716 [INFO] Pass: UnitarySynthesis - 0.00525 (ms)
2026-07-10 21:32:17,716 [INFO] Pass: HighLevelSynthesis - 0.00906 (ms)
2026-07-10 21:32:17,716 [INFO] Pass: BasisTranslator - 0.05507 (ms)
2026-07-10 21:32:17,716 [INFO] Pass: ConsolidateBlocks - 0.04005 (ms)
2026-07-10 21:32:17,716 [INFO] Pass: UnitarySynthesis - 0.00453 (ms)
2026-07-10 21:32:17,716 [INFO] Pass: Depth - 0.01001 (ms)
2026-07-10 21:32:17,716 [INFO] Pass: FixedPoint - 0.00405 (ms)
2026-07-10 21:32:17,716 [INFO] Pass: Size - 0.00286 (ms)
2026-07-10 21:32:17,716 [INFO] Pass: FixedPoint - 0.00286 (ms)
2026-07-10 21:32:17,716 [INFO] Pass: RemoveIdentityEquivalent - 0.00358 (ms)
2026-07-10 21:32:17,716 [INFO] Pass: Optimize1qGatesDecomposition - 0.09751 (ms)
2026-07-10 21:32:17,716 [INFO] Pass: CommutativeCancellation - 0.04959 (ms)
2026-07-10 21:32:17,716 [INFO] Pass: ContractIdleWiresInControlFlow - 0.00167 (ms)
2026-07-10 21:32:17,716 [INFO] Pass: GatesInBasis - 0.00858 (ms)
2026-07-10 21:32:17,716 [INFO] Pass: Depth - 0.00858 (ms)
2026-07-10 21:32:17,717 [INFO] Pass: FixedPoint - 0.00358 (ms)
2026-07-10 21:32:17,717 [INFO] Pass: Size - 0.00191 (ms)
2026-07-10 21:32:17,717 [INFO] Pass: FixedPoint - 0.00310 (ms)
2026-07-10 21:32:17,717 [INFO] Pass: ContainsInstruction - 0.00453 (ms)
2026-07-10 21:32:17,717 [INFO] Total Transpile Time - 93.01329 (ms)
2026-07-10 21:32:17,810 [INFO] Pass: ContainsInstruction - 0.00906 (ms)
2026-07-10 21:32:17,810 [INFO] Pass: UnitarySynthesis - 0.00620 (ms)
2026-07-10 21:32:17,810 [INFO] Pass: HighLevelSynthesis - 0.00548 (ms)
2026-07-10 21:32:17,810 [INFO] Pass: BasisTranslator - 0.05388 (ms)
2026-07-10 21:32:17,810 [INFO] Pass: ElidePermutations - 0.00381 (ms)
2026-07-10 21:32:17,810 [INFO] Pass: RemoveDiagonalGatesBeforeMeasure - 0.00548 (ms)
2026-07-10 21:32:17,810 [INFO] Pass: RemoveIdentityEquivalent - 0.00381 (ms)
2026-07-10 21:32:17,810 [INFO] Pass: InverseCancellation - 0.01240 (ms)
2026-07-10 21:32:17,810 [INFO] Pass: ContractIdleWiresInControlFlow - 0.00215 (ms)
2026-07-10 21:32:17,810 [INFO] Pass: CommutativeCancellation - 0.02289 (ms)
2026-07-10 21:32:17,810 [INFO] Pass: ConsolidateBlocks - 0.02837 (ms)
2026-07-10 21:32:17,810 [INFO] Pass: Split2QUnitaries - 0.00286 (ms)
2026-07-10 21:32:17,810 [INFO] Pass: UnitarySynthesis - 0.00501 (ms)
2026-07-10 21:32:17,810 [INFO] Pass: HighLevelSynthesis - 0.00978 (ms)
2026-07-10 21:32:17,810 [INFO] Pass: BasisTranslator - 0.06199 (ms)
2026-07-10 21:32:17,810 [INFO] Pass: ConsolidateBlocks - 0.04244 (ms)
2026-07-10 21:32:17,810 [INFO] Pass: UnitarySynthesis - 0.00429 (ms)
2026-07-10 21:32:17,810 [INFO] Pass: Depth - 0.00906 (ms)
2026-07-10 21:32:17,810 [INFO] Pass: FixedPoint - 0.00453 (ms)
2026-07-10 21:32:17,810 [INFO] Pass: Size - 0.00262 (ms)
2026-07-10 21:32:17,810 [INFO] Pass: FixedPoint - 0.00238 (ms)
2026-07-10 21:32:17,811 [INFO] Pass: RemoveIdentityEquivalent - 0.00429 (ms)
2026-07-10 21:32:17,811 [INFO] Pass: Optimize1qGatesDecomposition - 0.09322 (ms)
2026-07-10 21:32:17,811 [INFO] Pass: CommutativeCancellation - 0.04458 (ms)
2026-07-10 21:32:17,811 [INFO] Pass: ContractIdleWiresInControlFlow - 0.00191 (ms)
2026-07-10 21:32:17,811 [INFO] Pass: GatesInBasis - 0.00834 (ms)
2026-07-10 21:32:17,811 [INFO] Pass: Depth - 0.00930 (ms)
2026-07-10 21:32:17,811 [INFO] Pass: FixedPoint - 0.00334 (ms)
2026-07-10 21:32:17,811 [INFO] Pass: Size - 0.00191 (ms)
2026-07-10 21:32:17,811 [INFO] Pass: FixedPoint - 0.00262 (ms)
2026-07-10 21:32:17,811 [INFO] Pass: RemoveIdentityEquivalent - 0.00358 (ms)
2026-07-10 21:32:17,811 [INFO] Pass: Optimize1qGatesDecomposition - 0.07749 (ms)
2026-07-10 21:32:17,811 [INFO] Pass: CommutativeCancellation - 0.03862 (ms)
2026-07-10 21:32:17,811 [INFO] Pass: ContractIdleWiresInControlFlow - 0.00143 (ms)
2026-07-10 21:32:17,811 [INFO] Pass: GatesInBasis - 0.00691 (ms)
2026-07-10 21:32:17,811 [INFO] Pass: Depth - 0.00787 (ms)
2026-07-10 21:32:17,811 [INFO] Pass: FixedPoint - 0.00334 (ms)
2026-07-10 21:32:17,811 [INFO] Pass: Size - 0.00238 (ms)
2026-07-10 21:32:17,811 [INFO] Pass: FixedPoint - 0.00286 (ms)
2026-07-10 21:32:17,811 [INFO] Pass: ContainsInstruction - 0.01216 (ms)
2026-07-10 21:32:17,811 [INFO] Total Transpile Time - 94.30408 (ms)
2026-07-10 21:32:31,237 [INFO] [PCE] n=25 instancia 71/100 completada en 0:00:00:14 — transcurrido=0:00:16:00 restante_estimado=0:00:06:32
2026-07-10 21:32:31,332 [INFO] Pass: ContainsInstruction - 0.01144 (ms)
2026-07-10 21:32:31,332 [INFO] Pass: UnitarySynthesis - 0.00668 (ms)
2026-07-10 21:32:31,332 [INFO] Pass: HighLevelSynthesis - 0.00668 (ms)
2026-07-10 21:32:31,332 [INFO] Pass: BasisTranslator - 0.05865 (ms)
2026-07-10 21:32:31,332 [INFO] Pass: ElidePermutations - 0.00501 (ms)
2026-07-10 21:32:31,332 [INFO] Pass: RemoveDiagonalGatesBeforeMeasure - 0.00715 (ms)
2026-07-10 21:32:31,332 [INFO] Pass: RemoveIdentityEquivalent - 0.00310 (ms)
2026-07-10 21:32:31,332 [INFO] Pass: InverseCancellation - 0.00525 (ms)
2026-07-10 21:32:31,332 [INFO] Pass: ContractIdleWiresInControlFlow - 0.00238 (ms)
2026-07-10 21:32:31,332 [INFO] Pass: CommutativeCancellation - 0.02193 (ms)
2026-07-10 21:32:31,332 [INFO] Pass: ConsolidateBlocks - 0.03386 (ms)
2026-07-10 21:32:31,332 [INFO] Pass: Split2QUnitaries - 0.00358 (ms)
2026-07-10 21:32:31,332 [INFO] Pass: UnitarySynthesis - 0.00477 (ms)
2026-07-10 21:32:31,332 [INFO] Pass: HighLevelSynthesis - 0.01001 (ms)
2026-07-10 21:32:31,332 [INFO] Pass: BasisTranslator - 0.05436 (ms)
2026-07-10 21:32:31,332 [INFO] Pass: ConsolidateBlocks - 0.04244 (ms)
2026-07-10 21:32:31,332 [INFO] Pass: UnitarySynthesis - 0.00429 (ms)
2026-07-10 21:32:31,333 [INFO] Pass: Depth - 0.01025 (ms)
2026-07-10 21:32:31,333 [INFO] Pass: FixedPoint - 0.00501 (ms)
2026-07-10 21:32:31,333 [INFO] Pass: Size - 0.00334 (ms)
2026-07-10 21:32:31,333 [INFO] Pass: FixedPoint - 0.00286 (ms)
2026-07-10 21:32:31,333 [INFO] Pass: RemoveIdentityEquivalent - 0.00238 (ms)
2026-07-10 21:32:31,333 [INFO] Pass: Optimize1qGatesDecomposition - 0.02742 (ms)
2026-07-10 21:32:31,333 [INFO] Pass: CommutativeCancellation - 0.04339 (ms)
2026-07-10 21:32:31,333 [INFO] Pass: ContractIdleWiresInControlFlow - 0.00191 (ms)
2026-07-10 21:32:31,333 [INFO] Pass: GatesInBasis - 0.00930 (ms)
2026-07-10 21:32:31,333 [INFO] Pass: Depth - 0.00811 (ms)
2026-07-10 21:32:31,333 [INFO] Pass: FixedPoint - 0.00358 (ms)
2026-07-10 21:32:31,333 [INFO] Pass: Size - 0.00167 (ms)
2026-07-10 21:32:31,333 [INFO] Pass: FixedPoint - 0.00286 (ms)
2026-07-10 21:32:31,333 [INFO] Pass: ContainsInstruction - 0.00453 (ms)
2026-07-10 21:32:31,333 [INFO] Total Transpile Time - 93.89544 (ms)
2026-07-10 21:32:31,425 [INFO] Pass: ContainsInstruction - 0.01740 (ms)
2026-07-10 21:32:31,425 [INFO] Pass: UnitarySynthesis - 0.00644 (ms)
2026-07-10 21:32:31,425 [INFO] Pass: HighLevelSynthesis - 0.00548 (ms)
2026-07-10 21:32:31,425 [INFO] Pass: BasisTranslator - 0.05341 (ms)
2026-07-10 21:32:31,425 [INFO] Pass: ElidePermutations - 0.00381 (ms)
2026-07-10 21:32:31,426 [INFO] Pass: RemoveDiagonalGatesBeforeMeasure - 0.00620 (ms)
2026-07-10 21:32:31,426 [INFO] Pass: RemoveIdentityEquivalent - 0.00381 (ms)
2026-07-10 21:32:31,426 [INFO] Pass: InverseCancellation - 0.01311 (ms)
2026-07-10 21:32:31,426 [INFO] Pass: ContractIdleWiresInControlFlow - 0.00191 (ms)
2026-07-10 21:32:31,426 [INFO] Pass: CommutativeCancellation - 0.02742 (ms)
2026-07-10 21:32:31,426 [INFO] Pass: ConsolidateBlocks - 0.03076 (ms)
2026-07-10 21:32:31,426 [INFO] Pass: Split2QUnitaries - 0.00310 (ms)
2026-07-10 21:32:31,426 [INFO] Pass: UnitarySynthesis - 0.00477 (ms)
2026-07-10 21:32:31,426 [INFO] Pass: HighLevelSynthesis - 0.00930 (ms)
2026-07-10 21:32:31,426 [INFO] Pass: BasisTranslator - 0.05198 (ms)
2026-07-10 21:32:31,426 [INFO] Pass: ConsolidateBlocks - 0.04148 (ms)
2026-07-10 21:32:31,426 [INFO] Pass: UnitarySynthesis - 0.00429 (ms)
2026-07-10 21:32:31,426 [INFO] Pass: Depth - 0.00978 (ms)
2026-07-10 21:32:31,426 [INFO] Pass: FixedPoint - 0.00453 (ms)
2026-07-10 21:32:31,426 [INFO] Pass: Size - 0.00286 (ms)
2026-07-10 21:32:31,426 [INFO] Pass: FixedPoint - 0.00262 (ms)
2026-07-10 21:32:31,426 [INFO] Pass: RemoveIdentityEquivalent - 0.00358 (ms)
2026-07-10 21:32:31,426 [INFO] Pass: Optimize1qGatesDecomposition - 0.09084 (ms)
2026-07-10 21:32:31,426 [INFO] Pass: CommutativeCancellation - 0.04983 (ms)
2026-07-10 21:32:31,426 [INFO] Pass: ContractIdleWiresInControlFlow - 0.00191 (ms)
2026-07-10 21:32:31,426 [INFO] Pass: GatesInBasis - 0.00834 (ms)
2026-07-10 21:32:31,426 [INFO] Pass: Depth - 0.00954 (ms)
2026-07-10 21:32:31,426 [INFO] Pass: FixedPoint - 0.00405 (ms)
2026-07-10 21:32:31,426 [INFO] Pass: Size - 0.00215 (ms)
2026-07-10 21:32:31,426 [INFO] Pass: FixedPoint - 0.00262 (ms)
2026-07-10 21:32:31,426 [INFO] Pass: ContainsInstruction - 0.00525 (ms)
2026-07-10 21:32:31,427 [INFO] Total Transpile Time - 93.15419 (ms)
2026-07-10 21:32:31,519 [INFO] Pass: ContainsInstruction - 0.00954 (ms)
2026-07-10 21:32:31,519 [INFO] Pass: UnitarySynthesis - 0.00620 (ms)
2026-07-10 21:32:31,519 [INFO] Pass: HighLevelSynthesis - 0.00525 (ms)
2026-07-10 21:32:31,519 [INFO] Pass: BasisTranslator - 0.05293 (ms)
2026-07-10 21:32:31,519 [INFO] Pass: ElidePermutations - 0.00381 (ms)
2026-07-10 21:32:31,519 [INFO] Pass: RemoveDiagonalGatesBeforeMeasure - 0.00596 (ms)
2026-07-10 21:32:31,519 [INFO] Pass: RemoveIdentityEquivalent - 0.00405 (ms)
2026-07-10 21:32:31,519 [INFO] Pass: InverseCancellation - 0.01192 (ms)
2026-07-10 21:32:31,519 [INFO] Pass: ContractIdleWiresInControlFlow - 0.00191 (ms)
2026-07-10 21:32:31,519 [INFO] Pass: CommutativeCancellation - 0.02480 (ms)
2026-07-10 21:32:31,519 [INFO] Pass: ConsolidateBlocks - 0.02837 (ms)
2026-07-10 21:32:31,519 [INFO] Pass: Split2QUnitaries - 0.00262 (ms)
2026-07-10 21:32:31,519 [INFO] Pass: UnitarySynthesis - 0.00525 (ms)
2026-07-10 21:32:31,519 [INFO] Pass: HighLevelSynthesis - 0.00978 (ms)
2026-07-10 21:32:31,519 [INFO] Pass: BasisTranslator - 0.05245 (ms)
2026-07-10 21:32:31,520 [INFO] Pass: ConsolidateBlocks - 0.04101 (ms)
2026-07-10 21:32:31,520 [INFO] Pass: UnitarySynthesis - 0.00501 (ms)
2026-07-10 21:32:31,520 [INFO] Pass: Depth - 0.01001 (ms)
2026-07-10 21:32:31,520 [INFO] Pass: FixedPoint - 0.00477 (ms)
2026-07-10 21:32:31,520 [INFO] Pass: Size - 0.00286 (ms)
2026-07-10 21:32:31,520 [INFO] Pass: FixedPoint - 0.00262 (ms)
2026-07-10 21:32:31,520 [INFO] Pass: RemoveIdentityEquivalent - 0.00358 (ms)
2026-07-10 21:32:31,520 [INFO] Pass: Optimize1qGatesDecomposition - 0.09298 (ms)
2026-07-10 21:32:31,520 [INFO] Pass: CommutativeCancellation - 0.04482 (ms)
2026-07-10 21:32:31,520 [INFO] Pass: ContractIdleWiresInControlFlow - 0.00191 (ms)
2026-07-10 21:32:31,520 [INFO] Pass: GatesInBasis - 0.00811 (ms)
2026-07-10 21:32:31,520 [INFO] Pass: Depth - 0.00906 (ms)
2026-07-10 21:32:31,520 [INFO] Pass: FixedPoint - 0.00381 (ms)
2026-07-10 21:32:31,520 [INFO] Pass: Size - 0.00215 (ms)
2026-07-10 21:32:31,520 [INFO] Pass: FixedPoint - 0.00286 (ms)
2026-07-10 21:32:31,520 [INFO] Pass: RemoveIdentityEquivalent - 0.00358 (ms)
2026-07-10 21:32:31,520 [INFO] Pass: Optimize1qGatesDecomposition - 0.07987 (ms)
2026-07-10 21:32:31,520 [INFO] Pass: CommutativeCancellation - 0.03934 (ms)
2026-07-10 21:32:31,520 [INFO] Pass: ContractIdleWiresInControlFlow - 0.00191 (ms)
2026-07-10 21:32:31,520 [INFO] Pass: GatesInBasis - 0.00668 (ms)
2026-07-10 21:32:31,520 [INFO] Pass: Depth - 0.00811 (ms)
2026-07-10 21:32:31,520 [INFO] Pass: FixedPoint - 0.00334 (ms)
2026-07-10 21:32:31,520 [INFO] Pass: Size - 0.00191 (ms)
2026-07-10 21:32:31,520 [INFO] Pass: FixedPoint - 0.00286 (ms)
2026-07-10 21:32:31,520 [INFO] Pass: ContainsInstruction - 0.00548 (ms)
2026-07-10 21:32:31,521 [INFO] Total Transpile Time - 93.56284 (ms)
2026-07-10 21:32:43,831 [INFO] [PCE] n=25 instancia 72/100 completada en 0:00:00:13 — transcurrido=0:00:16:13 restante_estimado=0:00:06:18
2026-07-10 21:32:43,926 [INFO] Pass: ContainsInstruction - 0.01097 (ms)
2026-07-10 21:32:43,927 [INFO] Pass: UnitarySynthesis - 0.00668 (ms)
2026-07-10 21:32:43,927 [INFO] Pass: HighLevelSynthesis - 0.00715 (ms)
2026-07-10 21:32:43,927 [INFO] Pass: BasisTranslator - 0.05865 (ms)
2026-07-10 21:32:43,927 [INFO] Pass: ElidePermutations - 0.00548 (ms)
2026-07-10 21:32:43,927 [INFO] Pass: RemoveDiagonalGatesBeforeMeasure - 0.00739 (ms)
2026-07-10 21:32:43,927 [INFO] Pass: RemoveIdentityEquivalent - 0.00286 (ms)
2026-07-10 21:32:43,927 [INFO] Pass: InverseCancellation - 0.00548 (ms)
2026-07-10 21:32:43,927 [INFO] Pass: ContractIdleWiresInControlFlow - 0.00215 (ms)
2026-07-10 21:32:43,927 [INFO] Pass: CommutativeCancellation - 0.02313 (ms)
2026-07-10 21:32:43,927 [INFO] Pass: ConsolidateBlocks - 0.03266 (ms)
2026-07-10 21:32:43,927 [INFO] Pass: Split2QUnitaries - 0.00381 (ms)
2026-07-10 21:32:43,927 [INFO] Pass: UnitarySynthesis - 0.00453 (ms)
2026-07-10 21:32:43,927 [INFO] Pass: HighLevelSynthesis - 0.00978 (ms)
2026-07-10 21:32:43,927 [INFO] Pass: BasisTranslator - 0.05221 (ms)
2026-07-10 21:32:43,927 [INFO] Pass: ConsolidateBlocks - 0.04101 (ms)
2026-07-10 21:32:43,927 [INFO] Pass: UnitarySynthesis - 0.00429 (ms)
2026-07-10 21:32:43,927 [INFO] Pass: Depth - 0.01001 (ms)
2026-07-10 21:32:43,927 [INFO] Pass: FixedPoint - 0.00477 (ms)
2026-07-10 21:32:43,927 [INFO] Pass: Size - 0.00358 (ms)
2026-07-10 21:32:43,927 [INFO] Pass: FixedPoint - 0.00262 (ms)
2026-07-10 21:32:43,927 [INFO] Pass: RemoveIdentityEquivalent - 0.00238 (ms)
2026-07-10 21:32:43,927 [INFO] Pass: Optimize1qGatesDecomposition - 0.02742 (ms)
2026-07-10 21:32:43,927 [INFO] Pass: CommutativeCancellation - 0.04292 (ms)
2026-07-10 21:32:43,928 [INFO] Pass: ContractIdleWiresInControlFlow - 0.00167 (ms)
2026-07-10 21:32:43,928 [INFO] Pass: GatesInBasis - 0.00882 (ms)
2026-07-10 21:32:43,928 [INFO] Pass: Depth - 0.00834 (ms)
2026-07-10 21:32:43,928 [INFO] Pass: FixedPoint - 0.00334 (ms)
2026-07-10 21:32:43,928 [INFO] Pass: Size - 0.00167 (ms)
2026-07-10 21:32:43,928 [INFO] Pass: FixedPoint - 0.00286 (ms)
2026-07-10 21:32:43,928 [INFO] Pass: ContainsInstruction - 0.00501 (ms)
2026-07-10 21:32:43,928 [INFO] Total Transpile Time - 94.70439 (ms)
2026-07-10 21:32:44,020 [INFO] Pass: ContainsInstruction - 0.00930 (ms)
2026-07-10 21:32:44,020 [INFO] Pass: UnitarySynthesis - 0.00620 (ms)
2026-07-10 21:32:44,020 [INFO] Pass: HighLevelSynthesis - 0.00501 (ms)
2026-07-10 21:32:44,020 [INFO] Pass: BasisTranslator - 0.05412 (ms)
2026-07-10 21:32:44,020 [INFO] Pass: ElidePermutations - 0.00429 (ms)
2026-07-10 21:32:44,020 [INFO] Pass: RemoveDiagonalGatesBeforeMeasure - 0.00620 (ms)
2026-07-10 21:32:44,020 [INFO] Pass: RemoveIdentityEquivalent - 0.00405 (ms)
2026-07-10 21:32:44,020 [INFO] Pass: InverseCancellation - 0.01335 (ms)
2026-07-10 21:32:44,020 [INFO] Pass: ContractIdleWiresInControlFlow - 0.00167 (ms)
2026-07-10 21:32:44,020 [INFO] Pass: CommutativeCancellation - 0.02718 (ms)
2026-07-10 21:32:44,020 [INFO] Pass: ConsolidateBlocks - 0.02956 (ms)
2026-07-10 21:32:44,021 [INFO] Pass: Split2QUnitaries - 0.00310 (ms)
2026-07-10 21:32:44,021 [INFO] Pass: UnitarySynthesis - 0.00501 (ms)
2026-07-10 21:32:44,021 [INFO] Pass: HighLevelSynthesis - 0.00930 (ms)
2026-07-10 21:32:44,021 [INFO] Pass: BasisTranslator - 0.05245 (ms)
2026-07-10 21:32:44,021 [INFO] Pass: ConsolidateBlocks - 0.04101 (ms)
2026-07-10 21:32:44,021 [INFO] Pass: UnitarySynthesis - 0.00405 (ms)
2026-07-10 21:32:44,021 [INFO] Pass: Depth - 0.01001 (ms)
2026-07-10 21:32:44,021 [INFO] Pass: FixedPoint - 0.00429 (ms)
2026-07-10 21:32:44,021 [INFO] Pass: Size - 0.00286 (ms)
2026-07-10 21:32:44,021 [INFO] Pass: FixedPoint - 0.00286 (ms)
2026-07-10 21:32:44,021 [INFO] Pass: RemoveIdentityEquivalent - 0.00310 (ms)
2026-07-10 21:32:44,021 [INFO] Pass: Optimize1qGatesDecomposition - 0.08988 (ms)
2026-07-10 21:32:44,021 [INFO] Pass: CommutativeCancellation - 0.04864 (ms)
2026-07-10 21:32:44,021 [INFO] Pass: ContractIdleWiresInControlFlow - 0.00191 (ms)
2026-07-10 21:32:44,021 [INFO] Pass: GatesInBasis - 0.00787 (ms)
2026-07-10 21:32:44,021 [INFO] Pass: Depth - 0.00834 (ms)
2026-07-10 21:32:44,021 [INFO] Pass: FixedPoint - 0.00358 (ms)
2026-07-10 21:32:44,021 [INFO] Pass: Size - 0.00191 (ms)
2026-07-10 21:32:44,021 [INFO] Pass: FixedPoint - 0.00286 (ms)
2026-07-10 21:32:44,021 [INFO] Pass: ContainsInstruction - 0.00477 (ms)
2026-07-10 21:32:44,021 [INFO] Total Transpile Time - 93.15920 (ms)
2026-07-10 21:32:44,114 [INFO] Pass: ContainsInstruction - 0.00930 (ms)
2026-07-10 21:32:44,114 [INFO] Pass: UnitarySynthesis - 0.00644 (ms)
2026-07-10 21:32:44,114 [INFO] Pass: HighLevelSynthesis - 0.00525 (ms)
2026-07-10 21:32:44,114 [INFO] Pass: BasisTranslator - 0.05174 (ms)
2026-07-10 21:32:44,114 [INFO] Pass: ElidePermutations - 0.00381 (ms)
2026-07-10 21:32:44,114 [INFO] Pass: RemoveDiagonalGatesBeforeMeasure - 0.00548 (ms)
2026-07-10 21:32:44,114 [INFO] Pass: RemoveIdentityEquivalent - 0.00405 (ms)
2026-07-10 21:32:44,114 [INFO] Pass: InverseCancellation - 0.01192 (ms)
2026-07-10 21:32:44,114 [INFO] Pass: ContractIdleWiresInControlFlow - 0.00215 (ms)
2026-07-10 21:32:44,114 [INFO] Pass: CommutativeCancellation - 0.02337 (ms)
2026-07-10 21:32:44,114 [INFO] Pass: ConsolidateBlocks - 0.02861 (ms)
2026-07-10 21:32:44,114 [INFO] Pass: Split2QUnitaries - 0.00262 (ms)
2026-07-10 21:32:44,114 [INFO] Pass: UnitarySynthesis - 0.00477 (ms)
2026-07-10 21:32:44,114 [INFO] Pass: HighLevelSynthesis - 0.01025 (ms)
2026-07-10 21:32:44,114 [INFO] Pass: BasisTranslator - 0.05245 (ms)
2026-07-10 21:32:44,115 [INFO] Pass: ConsolidateBlocks - 0.04101 (ms)
2026-07-10 21:32:44,115 [INFO] Pass: UnitarySynthesis - 0.00453 (ms)
2026-07-10 21:32:44,115 [INFO] Pass: Depth - 0.00954 (ms)
2026-07-10 21:32:44,115 [INFO] Pass: FixedPoint - 0.00405 (ms)
2026-07-10 21:32:44,115 [INFO] Pass: Size - 0.00286 (ms)
2026-07-10 21:32:44,115 [INFO] Pass: FixedPoint - 0.00286 (ms)
2026-07-10 21:32:44,115 [INFO] Pass: RemoveIdentityEquivalent - 0.00429 (ms)
2026-07-10 21:32:44,115 [INFO] Pass: Optimize1qGatesDecomposition - 0.09084 (ms)
2026-07-10 21:32:44,115 [INFO] Pass: CommutativeCancellation - 0.04435 (ms)
2026-07-10 21:32:44,115 [INFO] Pass: ContractIdleWiresInControlFlow - 0.00167 (ms)
2026-07-10 21:32:44,115 [INFO] Pass: GatesInBasis - 0.00787 (ms)
2026-07-10 21:32:44,115 [INFO] Pass: Depth - 0.00906 (ms)
2026-07-10 21:32:44,115 [INFO] Pass: FixedPoint - 0.00334 (ms)
2026-07-10 21:32:44,115 [INFO] Pass: Size - 0.00191 (ms)
2026-07-10 21:32:44,115 [INFO] Pass: FixedPoint - 0.00262 (ms)
2026-07-10 21:32:44,115 [INFO] Pass: RemoveIdentityEquivalent - 0.00358 (ms)
2026-07-10 21:32:44,115 [INFO] Pass: Optimize1qGatesDecomposition - 0.07510 (ms)
2026-07-10 21:32:44,115 [INFO] Pass: CommutativeCancellation - 0.03815 (ms)
2026-07-10 21:32:44,115 [INFO] Pass: ContractIdleWiresInControlFlow - 0.00191 (ms)
2026-07-10 21:32:44,115 [INFO] Pass: GatesInBasis - 0.00668 (ms)
2026-07-10 21:32:44,115 [INFO] Pass: Depth - 0.00811 (ms)
2026-07-10 21:32:44,115 [INFO] Pass: FixedPoint - 0.00310 (ms)
2026-07-10 21:32:44,115 [INFO] Pass: Size - 0.00191 (ms)
2026-07-10 21:32:44,115 [INFO] Pass: FixedPoint - 0.00262 (ms)
2026-07-10 21:32:44,115 [INFO] Pass: ContainsInstruction - 0.00501 (ms)
2026-07-10 21:32:44,116 [INFO] Total Transpile Time - 93.78982 (ms)
2026-07-10 21:33:00,232 [INFO] [PCE] n=25 instancia 73/100 completada en 0:00:00:16 — transcurrido=0:00:16:29 restante_estimado=0:00:06:06
2026-07-10 21:33:00,328 [INFO] Pass: ContainsInstruction - 0.01121 (ms)
2026-07-10 21:33:00,328 [INFO] Pass: UnitarySynthesis - 0.00763 (ms)
2026-07-10 21:33:00,328 [INFO] Pass: HighLevelSynthesis - 0.00691 (ms)
2026-07-10 21:33:00,328 [INFO] Pass: BasisTranslator - 0.05841 (ms)
2026-07-10 21:33:00,329 [INFO] Pass: ElidePermutations - 0.00572 (ms)
2026-07-10 21:33:00,329 [INFO] Pass: RemoveDiagonalGatesBeforeMeasure - 0.00787 (ms)
2026-07-10 21:33:00,329 [INFO] Pass: RemoveIdentityEquivalent - 0.00310 (ms)
2026-07-10 21:33:00,329 [INFO] Pass: InverseCancellation - 0.00477 (ms)
2026-07-10 21:33:00,329 [INFO] Pass: ContractIdleWiresInControlFlow - 0.00215 (ms)
2026-07-10 21:33:00,329 [INFO] Pass: CommutativeCancellation - 0.02289 (ms)
2026-07-10 21:33:00,329 [INFO] Pass: ConsolidateBlocks - 0.03314 (ms)
2026-07-10 21:33:00,329 [INFO] Pass: Split2QUnitaries - 0.00334 (ms)
2026-07-10 21:33:00,329 [INFO] Pass: UnitarySynthesis - 0.00477 (ms)
2026-07-10 21:33:00,329 [INFO] Pass: HighLevelSynthesis - 0.00882 (ms)
2026-07-10 21:33:00,329 [INFO] Pass: BasisTranslator - 0.05341 (ms)
2026-07-10 21:33:00,329 [INFO] Pass: ConsolidateBlocks - 0.04172 (ms)
2026-07-10 21:33:00,329 [INFO] Pass: UnitarySynthesis - 0.00429 (ms)
2026-07-10 21:33:00,329 [INFO] Pass: Depth - 0.01073 (ms)
2026-07-10 21:33:00,329 [INFO] Pass: FixedPoint - 0.00477 (ms)
2026-07-10 21:33:00,329 [INFO] Pass: Size - 0.00310 (ms)
2026-07-10 21:33:00,329 [INFO] Pass: FixedPoint - 0.00262 (ms)
2026-07-10 21:33:00,329 [INFO] Pass: RemoveIdentityEquivalent - 0.00310 (ms)
2026-07-10 21:33:00,329 [INFO] Pass: Optimize1qGatesDecomposition - 0.02742 (ms)
2026-07-10 21:33:00,329 [INFO] Pass: CommutativeCancellation - 0.05054 (ms)
2026-07-10 21:33:00,329 [INFO] Pass: ContractIdleWiresInControlFlow - 0.00215 (ms)
2026-07-10 21:33:00,329 [INFO] Pass: GatesInBasis - 0.00930 (ms)
2026-07-10 21:33:00,329 [INFO] Pass: Depth - 0.00787 (ms)
2026-07-10 21:33:00,329 [INFO] Pass: FixedPoint - 0.00358 (ms)
2026-07-10 21:33:00,329 [INFO] Pass: Size - 0.00191 (ms)
2026-07-10 21:33:00,329 [INFO] Pass: FixedPoint - 0.00262 (ms)
2026-07-10 21:33:00,329 [INFO] Pass: ContainsInstruction - 0.00501 (ms)
2026-07-10 21:33:00,330 [INFO] Total Transpile Time - 95.74795 (ms)
2026-07-10 21:33:00,422 [INFO] Pass: ContainsInstruction - 0.01001 (ms)
2026-07-10 21:33:00,422 [INFO] Pass: UnitarySynthesis - 0.00596 (ms)
2026-07-10 21:33:00,423 [INFO] Pass: HighLevelSynthesis - 0.00548 (ms)
2026-07-10 21:33:00,423 [INFO] Pass: BasisTranslator - 0.05364 (ms)
2026-07-10 21:33:00,423 [INFO] Pass: ElidePermutations - 0.00358 (ms)
2026-07-10 21:33:00,423 [INFO] Pass: RemoveDiagonalGatesBeforeMeasure - 0.00715 (ms)
2026-07-10 21:33:00,423 [INFO] Pass: RemoveIdentityEquivalent - 0.00381 (ms)
2026-07-10 21:33:00,423 [INFO] Pass: InverseCancellation - 0.01311 (ms)
2026-07-10 21:33:00,423 [INFO] Pass: ContractIdleWiresInControlFlow - 0.00215 (ms)
2026-07-10 21:33:00,423 [INFO] Pass: CommutativeCancellation - 0.02718 (ms)
2026-07-10 21:33:00,423 [INFO] Pass: ConsolidateBlocks - 0.03099 (ms)
2026-07-10 21:33:00,423 [INFO] Pass: Split2QUnitaries - 0.00334 (ms)
2026-07-10 21:33:00,423 [INFO] Pass: UnitarySynthesis - 0.00477 (ms)
2026-07-10 21:33:00,423 [INFO] Pass: HighLevelSynthesis - 0.00882 (ms)
2026-07-10 21:33:00,423 [INFO] Pass: BasisTranslator - 0.05174 (ms)
2026-07-10 21:33:00,423 [INFO] Pass: ConsolidateBlocks - 0.04244 (ms)
2026-07-10 21:33:00,423 [INFO] Pass: UnitarySynthesis - 0.00453 (ms)
2026-07-10 21:33:00,423 [INFO] Pass: Depth - 0.00930 (ms)
2026-07-10 21:33:00,423 [INFO] Pass: FixedPoint - 0.00453 (ms)
2026-07-10 21:33:00,423 [INFO] Pass: Size - 0.00286 (ms)
2026-07-10 21:33:00,423 [INFO] Pass: FixedPoint - 0.00262 (ms)
2026-07-10 21:33:00,423 [INFO] Pass: RemoveIdentityEquivalent - 0.00358 (ms)
2026-07-10 21:33:00,423 [INFO] Pass: Optimize1qGatesDecomposition - 0.09418 (ms)
2026-07-10 21:33:00,423 [INFO] Pass: CommutativeCancellation - 0.05031 (ms)
2026-07-10 21:33:00,423 [INFO] Pass: ContractIdleWiresInControlFlow - 0.00191 (ms)
2026-07-10 21:33:00,424 [INFO] Pass: GatesInBasis - 0.00858 (ms)
2026-07-10 21:33:00,424 [INFO] Pass: Depth - 0.00906 (ms)
2026-07-10 21:33:00,424 [INFO] Pass: FixedPoint - 0.00381 (ms)
2026-07-10 21:33:00,424 [INFO] Pass: Size - 0.00238 (ms)
2026-07-10 21:33:00,424 [INFO] Pass: FixedPoint - 0.00286 (ms)
2026-07-10 21:33:00,424 [INFO] Pass: ContainsInstruction - 0.00525 (ms)
2026-07-10 21:33:00,424 [INFO] Total Transpile Time - 93.79745 (ms)
2026-07-10 21:33:00,516 [INFO] Pass: ContainsInstruction - 0.00954 (ms)
2026-07-10 21:33:00,516 [INFO] Pass: UnitarySynthesis - 0.00596 (ms)
2026-07-10 21:33:00,516 [INFO] Pass: HighLevelSynthesis - 0.00525 (ms)
2026-07-10 21:33:00,516 [INFO] Pass: BasisTranslator - 0.05078 (ms)
2026-07-10 21:33:00,516 [INFO] Pass: ElidePermutations - 0.00429 (ms)
2026-07-10 21:33:00,517 [INFO] Pass: RemoveDiagonalGatesBeforeMeasure - 0.00572 (ms)
2026-07-10 21:33:00,517 [INFO] Pass: RemoveIdentityEquivalent - 0.00405 (ms)
2026-07-10 21:33:00,517 [INFO] Pass: InverseCancellation - 0.01192 (ms)
2026-07-10 21:33:00,517 [INFO] Pass: ContractIdleWiresInControlFlow - 0.00215 (ms)
2026-07-10 21:33:00,517 [INFO] Pass: CommutativeCancellation - 0.02360 (ms)
2026-07-10 21:33:00,517 [INFO] Pass: ConsolidateBlocks - 0.03028 (ms)
2026-07-10 21:33:00,517 [INFO] Pass: Split2QUnitaries - 0.00191 (ms)
2026-07-10 21:33:00,517 [INFO] Pass: UnitarySynthesis - 0.00501 (ms)
2026-07-10 21:33:00,517 [INFO] Pass: HighLevelSynthesis - 0.00954 (ms)
2026-07-10 21:33:00,517 [INFO] Pass: BasisTranslator - 0.05341 (ms)
2026-07-10 21:33:00,517 [INFO] Pass: ConsolidateBlocks - 0.04172 (ms)
2026-07-10 21:33:00,517 [INFO] Pass: UnitarySynthesis - 0.00477 (ms)
2026-07-10 21:33:00,517 [INFO] Pass: Depth - 0.00954 (ms)
2026-07-10 21:33:00,517 [INFO] Pass: FixedPoint - 0.00429 (ms)
2026-07-10 21:33:00,517 [INFO] Pass: Size - 0.00262 (ms)
2026-07-10 21:33:00,517 [INFO] Pass: FixedPoint - 0.00310 (ms)
2026-07-10 21:33:00,517 [INFO] Pass: RemoveIdentityEquivalent - 0.00358 (ms)
2026-07-10 21:33:00,517 [INFO] Pass: Optimize1qGatesDecomposition - 0.09274 (ms)
2026-07-10 21:33:00,517 [INFO] Pass: CommutativeCancellation - 0.04363 (ms)
2026-07-10 21:33:00,517 [INFO] Pass: ContractIdleWiresInControlFlow - 0.00215 (ms)
2026-07-10 21:33:00,517 [INFO] Pass: GatesInBasis - 0.00811 (ms)
2026-07-10 21:33:00,517 [INFO] Pass: Depth - 0.00906 (ms)
2026-07-10 21:33:00,517 [INFO] Pass: FixedPoint - 0.00358 (ms)
2026-07-10 21:33:00,517 [INFO] Pass: Size - 0.00215 (ms)
2026-07-10 21:33:00,517 [INFO] Pass: FixedPoint - 0.00286 (ms)
2026-07-10 21:33:00,517 [INFO] Pass: RemoveIdentityEquivalent - 0.00334 (ms)
2026-07-10 21:33:00,518 [INFO] Pass: Optimize1qGatesDecomposition - 0.07892 (ms)
2026-07-10 21:33:00,518 [INFO] Pass: CommutativeCancellation - 0.03719 (ms)
2026-07-10 21:33:00,518 [INFO] Pass: ContractIdleWiresInControlFlow - 0.00191 (ms)
2026-07-10 21:33:00,518 [INFO] Pass: GatesInBasis - 0.00644 (ms)
2026-07-10 21:33:00,518 [INFO] Pass: Depth - 0.00763 (ms)
2026-07-10 21:33:00,518 [INFO] Pass: FixedPoint - 0.00310 (ms)
2026-07-10 21:33:00,518 [INFO] Pass: Size - 0.00167 (ms)
2026-07-10 21:33:00,518 [INFO] Pass: FixedPoint - 0.00286 (ms)
2026-07-10 21:33:00,518 [INFO] Pass: ContainsInstruction - 0.00525 (ms)
2026-07-10 21:33:00,518 [INFO] Total Transpile Time - 93.81723 (ms)
2026-07-10 21:33:14,891 [INFO] [PCE] n=25 instancia 74/100 completada en 0:00:00:15 — transcurrido=0:00:16:44 restante_estimado=0:00:05:53
2026-07-10 21:33:14,984 [INFO] Pass: ContainsInstruction - 0.01884 (ms)
2026-07-10 21:33:14,984 [INFO] Pass: UnitarySynthesis - 0.00668 (ms)
2026-07-10 21:33:14,984 [INFO] Pass: HighLevelSynthesis - 0.00691 (ms)
2026-07-10 21:33:14,984 [INFO] Pass: BasisTranslator - 0.05722 (ms)
2026-07-10 21:33:14,985 [INFO] Pass: ElidePermutations - 0.00596 (ms)
2026-07-10 21:33:14,985 [INFO] Pass: RemoveDiagonalGatesBeforeMeasure - 0.00834 (ms)
2026-07-10 21:33:14,985 [INFO] Pass: RemoveIdentityEquivalent - 0.00334 (ms)
2026-07-10 21:33:14,985 [INFO] Pass: InverseCancellation - 0.00525 (ms)
2026-07-10 21:33:14,985 [INFO] Pass: ContractIdleWiresInControlFlow - 0.00238 (ms)
2026-07-10 21:33:14,985 [INFO] Pass: CommutativeCancellation - 0.02360 (ms)
2026-07-10 21:33:14,985 [INFO] Pass: ConsolidateBlocks - 0.03219 (ms)
2026-07-10 21:33:14,985 [INFO] Pass: Split2QUnitaries - 0.00334 (ms)
2026-07-10 21:33:14,985 [INFO] Pass: UnitarySynthesis - 0.00453 (ms)
2026-07-10 21:33:14,985 [INFO] Pass: HighLevelSynthesis - 0.00858 (ms)
2026-07-10 21:33:14,985 [INFO] Pass: BasisTranslator - 0.05174 (ms)
2026-07-10 21:33:14,985 [INFO] Pass: ConsolidateBlocks - 0.04196 (ms)
2026-07-10 21:33:14,985 [INFO] Pass: UnitarySynthesis - 0.00429 (ms)
2026-07-10 21:33:14,985 [INFO] Pass: Depth - 0.01025 (ms)
2026-07-10 21:33:14,985 [INFO] Pass: FixedPoint - 0.00477 (ms)
2026-07-10 21:33:14,985 [INFO] Pass: Size - 0.00358 (ms)
2026-07-10 21:33:14,985 [INFO] Pass: FixedPoint - 0.00286 (ms)
2026-07-10 21:33:14,985 [INFO] Pass: RemoveIdentityEquivalent - 0.00262 (ms)
2026-07-10 21:33:14,985 [INFO] Pass: Optimize1qGatesDecomposition - 0.02980 (ms)
2026-07-10 21:33:14,985 [INFO] Pass: CommutativeCancellation - 0.05031 (ms)
2026-07-10 21:33:14,985 [INFO] Pass: ContractIdleWiresInControlFlow - 0.00167 (ms)
2026-07-10 21:33:14,985 [INFO] Pass: GatesInBasis - 0.00834 (ms)
2026-07-10 21:33:14,985 [INFO] Pass: Depth - 0.00787 (ms)
2026-07-10 21:33:14,985 [INFO] Pass: FixedPoint - 0.00334 (ms)
2026-07-10 21:33:14,985 [INFO] Pass: Size - 0.00191 (ms)
2026-07-10 21:33:14,985 [INFO] Pass: FixedPoint - 0.00286 (ms)
2026-07-10 21:33:14,985 [INFO] Pass: ContainsInstruction - 0.00453 (ms)
2026-07-10 21:33:14,986 [INFO] Total Transpile Time - 93.17517 (ms)
2026-07-10 21:33:15,077 [INFO] Pass: ContainsInstruction - 0.00930 (ms)
2026-07-10 21:33:15,077 [INFO] Pass: UnitarySynthesis - 0.00596 (ms)
2026-07-10 21:33:15,077 [INFO] Pass: HighLevelSynthesis - 0.00548 (ms)
2026-07-10 21:33:15,077 [INFO] Pass: BasisTranslator - 0.05531 (ms)
2026-07-10 21:33:15,077 [INFO] Pass: ElidePermutations - 0.00381 (ms)
2026-07-10 21:33:15,077 [INFO] Pass: RemoveDiagonalGatesBeforeMeasure - 0.00596 (ms)
2026-07-10 21:33:15,077 [INFO] Pass: RemoveIdentityEquivalent - 0.00381 (ms)
2026-07-10 21:33:15,077 [INFO] Pass: InverseCancellation - 0.01335 (ms)
2026-07-10 21:33:15,077 [INFO] Pass: ContractIdleWiresInControlFlow - 0.00191 (ms)
2026-07-10 21:33:15,077 [INFO] Pass: CommutativeCancellation - 0.02599 (ms)
2026-07-10 21:33:15,077 [INFO] Pass: ConsolidateBlocks - 0.02909 (ms)
2026-07-10 21:33:15,077 [INFO] Pass: Split2QUnitaries - 0.00286 (ms)
2026-07-10 21:33:15,077 [INFO] Pass: UnitarySynthesis - 0.00501 (ms)
2026-07-10 21:33:15,078 [INFO] Pass: HighLevelSynthesis - 0.00882 (ms)
2026-07-10 21:33:15,078 [INFO] Pass: BasisTranslator - 0.05341 (ms)
2026-07-10 21:33:15,078 [INFO] Pass: ConsolidateBlocks - 0.04220 (ms)
2026-07-10 21:33:15,078 [INFO] Pass: UnitarySynthesis - 0.00453 (ms)
2026-07-10 21:33:15,078 [INFO] Pass: Depth - 0.00978 (ms)
2026-07-10 21:33:15,078 [INFO] Pass: FixedPoint - 0.00477 (ms)
2026-07-10 21:33:15,078 [INFO] Pass: Size - 0.00286 (ms)
2026-07-10 21:33:15,078 [INFO] Pass: FixedPoint - 0.00286 (ms)
2026-07-10 21:33:15,078 [INFO] Pass: RemoveIdentityEquivalent - 0.00310 (ms)
2026-07-10 21:33:15,078 [INFO] Pass: Optimize1qGatesDecomposition - 0.09227 (ms)
2026-07-10 21:33:15,078 [INFO] Pass: CommutativeCancellation - 0.04768 (ms)
2026-07-10 21:33:15,078 [INFO] Pass: ContractIdleWiresInControlFlow - 0.00167 (ms)
2026-07-10 21:33:15,078 [INFO] Pass: GatesInBasis - 0.00858 (ms)
2026-07-10 21:33:15,078 [INFO] Pass: Depth - 0.00834 (ms)
2026-07-10 21:33:15,078 [INFO] Pass: FixedPoint - 0.00358 (ms)
2026-07-10 21:33:15,078 [INFO] Pass: Size - 0.00215 (ms)
2026-07-10 21:33:15,078 [INFO] Pass: FixedPoint - 0.00286 (ms)
2026-07-10 21:33:15,078 [INFO] Pass: ContainsInstruction - 0.00453 (ms)
2026-07-10 21:33:15,078 [INFO] Total Transpile Time - 92.34786 (ms)
2026-07-10 21:33:15,170 [INFO] Pass: ContainsInstruction - 0.00930 (ms)
2026-07-10 21:33:15,170 [INFO] Pass: UnitarySynthesis - 0.00644 (ms)
2026-07-10 21:33:15,170 [INFO] Pass: HighLevelSynthesis - 0.00525 (ms)
2026-07-10 21:33:15,170 [INFO] Pass: BasisTranslator - 0.06008 (ms)
2026-07-10 21:33:15,170 [INFO] Pass: ElidePermutations - 0.00310 (ms)
2026-07-10 21:33:15,170 [INFO] Pass: RemoveDiagonalGatesBeforeMeasure - 0.00525 (ms)
2026-07-10 21:33:15,170 [INFO] Pass: RemoveIdentityEquivalent - 0.00405 (ms)
2026-07-10 21:33:15,170 [INFO] Pass: InverseCancellation - 0.01240 (ms)
2026-07-10 21:33:15,170 [INFO] Pass: ContractIdleWiresInControlFlow - 0.00215 (ms)
2026-07-10 21:33:15,170 [INFO] Pass: CommutativeCancellation - 0.02384 (ms)
2026-07-10 21:33:15,171 [INFO] Pass: ConsolidateBlocks - 0.02813 (ms)
2026-07-10 21:33:15,171 [INFO] Pass: Split2QUnitaries - 0.00191 (ms)
2026-07-10 21:33:15,171 [INFO] Pass: UnitarySynthesis - 0.00477 (ms)
2026-07-10 21:33:15,171 [INFO] Pass: HighLevelSynthesis - 0.00954 (ms)
2026-07-10 21:33:15,171 [INFO] Pass: BasisTranslator - 0.05269 (ms)
2026-07-10 21:33:15,171 [INFO] Pass: ConsolidateBlocks - 0.04220 (ms)
2026-07-10 21:33:15,171 [INFO] Pass: UnitarySynthesis - 0.00429 (ms)
2026-07-10 21:33:15,171 [INFO] Pass: Depth - 0.00978 (ms)
2026-07-10 21:33:15,171 [INFO] Pass: FixedPoint - 0.00453 (ms)
2026-07-10 21:33:15,171 [INFO] Pass: Size - 0.00262 (ms)
2026-07-10 21:33:15,171 [INFO] Pass: FixedPoint - 0.00262 (ms)
2026-07-10 21:33:15,171 [INFO] Pass: RemoveIdentityEquivalent - 0.00381 (ms)
2026-07-10 21:33:15,171 [INFO] Pass: Optimize1qGatesDecomposition - 0.09561 (ms)
2026-07-10 21:33:15,171 [INFO] Pass: CommutativeCancellation - 0.04363 (ms)
2026-07-10 21:33:15,171 [INFO] Pass: ContractIdleWiresInControlFlow - 0.00191 (ms)
2026-07-10 21:33:15,171 [INFO] Pass: GatesInBasis - 0.00811 (ms)
2026-07-10 21:33:15,171 [INFO] Pass: Depth - 0.00954 (ms)
2026-07-10 21:33:15,171 [INFO] Pass: FixedPoint - 0.00358 (ms)
2026-07-10 21:33:15,171 [INFO] Pass: Size - 0.00191 (ms)
2026-07-10 21:33:15,171 [INFO] Pass: FixedPoint - 0.00262 (ms)
2026-07-10 21:33:15,171 [INFO] Pass: RemoveIdentityEquivalent - 0.00358 (ms)
2026-07-10 21:33:15,171 [INFO] Pass: Optimize1qGatesDecomposition - 0.08082 (ms)
2026-07-10 21:33:15,172 [INFO] Pass: CommutativeCancellation - 0.03791 (ms)
2026-07-10 21:33:15,172 [INFO] Pass: ContractIdleWiresInControlFlow - 0.00191 (ms)
2026-07-10 21:33:15,172 [INFO] Pass: GatesInBasis - 0.00691 (ms)
2026-07-10 21:33:15,172 [INFO] Pass: Depth - 0.00811 (ms)
2026-07-10 21:33:15,172 [INFO] Pass: FixedPoint - 0.00334 (ms)
2026-07-10 21:33:15,172 [INFO] Pass: Size - 0.00191 (ms)
2026-07-10 21:33:15,172 [INFO] Pass: FixedPoint - 0.00286 (ms)
2026-07-10 21:33:15,172 [INFO] Pass: ContainsInstruction - 0.00525 (ms)
2026-07-10 21:33:15,172 [INFO] Total Transpile Time - 93.10746 (ms)
2026-07-10 21:33:29,571 [INFO] [PCE] n=25 instancia 75/100 completada en 0:00:00:15 — transcurrido=0:00:16:59 restante_estimado=0:00:05:40
2026-07-10 21:33:29,666 [INFO] Pass: ContainsInstruction - 0.01073 (ms)
2026-07-10 21:33:29,666 [INFO] Pass: UnitarySynthesis - 0.00691 (ms)
2026-07-10 21:33:29,666 [INFO] Pass: HighLevelSynthesis - 0.00620 (ms)
2026-07-10 21:33:29,666 [INFO] Pass: BasisTranslator - 0.05865 (ms)
2026-07-10 21:33:29,666 [INFO] Pass: ElidePermutations - 0.00548 (ms)
2026-07-10 21:33:29,666 [INFO] Pass: RemoveDiagonalGatesBeforeMeasure - 0.00787 (ms)
2026-07-10 21:33:29,666 [INFO] Pass: RemoveIdentityEquivalent - 0.00334 (ms)
2026-07-10 21:33:29,666 [INFO] Pass: InverseCancellation - 0.00501 (ms)
2026-07-10 21:33:29,666 [INFO] Pass: ContractIdleWiresInControlFlow - 0.00191 (ms)
2026-07-10 21:33:29,666 [INFO] Pass: CommutativeCancellation - 0.02313 (ms)
2026-07-10 21:33:29,666 [INFO] Pass: ConsolidateBlocks - 0.03242 (ms)
2026-07-10 21:33:29,666 [INFO] Pass: Split2QUnitaries - 0.00334 (ms)
2026-07-10 21:33:29,666 [INFO] Pass: UnitarySynthesis - 0.00453 (ms)
2026-07-10 21:33:29,666 [INFO] Pass: HighLevelSynthesis - 0.00906 (ms)
2026-07-10 21:33:29,666 [INFO] Pass: BasisTranslator - 0.05245 (ms)
2026-07-10 21:33:29,666 [INFO] Pass: ConsolidateBlocks - 0.04005 (ms)
2026-07-10 21:33:29,666 [INFO] Pass: UnitarySynthesis - 0.00429 (ms)
2026-07-10 21:33:29,666 [INFO] Pass: Depth - 0.01025 (ms)
2026-07-10 21:33:29,666 [INFO] Pass: FixedPoint - 0.00501 (ms)
2026-07-10 21:33:29,666 [INFO] Pass: Size - 0.00358 (ms)
2026-07-10 21:33:29,666 [INFO] Pass: FixedPoint - 0.00286 (ms)
2026-07-10 21:33:29,666 [INFO] Pass: RemoveIdentityEquivalent - 0.00286 (ms)
2026-07-10 21:33:29,666 [INFO] Pass: Optimize1qGatesDecomposition - 0.02718 (ms)
2026-07-10 21:33:29,666 [INFO] Pass: CommutativeCancellation - 0.04268 (ms)
2026-07-10 21:33:29,667 [INFO] Pass: ContractIdleWiresInControlFlow - 0.00167 (ms)
2026-07-10 21:33:29,667 [INFO] Pass: GatesInBasis - 0.00882 (ms)
2026-07-10 21:33:29,667 [INFO] Pass: Depth - 0.00787 (ms)
2026-07-10 21:33:29,667 [INFO] Pass: FixedPoint - 0.00358 (ms)
2026-07-10 21:33:29,667 [INFO] Pass: Size - 0.00215 (ms)
2026-07-10 21:33:29,667 [INFO] Pass: FixedPoint - 0.00286 (ms)
2026-07-10 21:33:29,667 [INFO] Pass: ContainsInstruction - 0.00453 (ms)
2026-07-10 21:33:29,667 [INFO] Total Transpile Time - 94.55109 (ms)
2026-07-10 21:33:29,758 [INFO] Pass: ContainsInstruction - 0.00954 (ms)
2026-07-10 21:33:29,758 [INFO] Pass: UnitarySynthesis - 0.00620 (ms)
2026-07-10 21:33:29,758 [INFO] Pass: HighLevelSynthesis - 0.00548 (ms)
2026-07-10 21:33:29,758 [INFO] Pass: BasisTranslator - 0.05293 (ms)
2026-07-10 21:33:29,758 [INFO] Pass: ElidePermutations - 0.00453 (ms)
2026-07-10 21:33:29,758 [INFO] Pass: RemoveDiagonalGatesBeforeMeasure - 0.00596 (ms)
2026-07-10 21:33:29,758 [INFO] Pass: RemoveIdentityEquivalent - 0.00405 (ms)
2026-07-10 21:33:29,758 [INFO] Pass: InverseCancellation - 0.01383 (ms)
2026-07-10 21:33:29,758 [INFO] Pass: ContractIdleWiresInControlFlow - 0.00215 (ms)
2026-07-10 21:33:29,758 [INFO] Pass: CommutativeCancellation - 0.02670 (ms)
2026-07-10 21:33:29,758 [INFO] Pass: ConsolidateBlocks - 0.02956 (ms)
2026-07-10 21:33:29,758 [INFO] Pass: Split2QUnitaries - 0.00310 (ms)
2026-07-10 21:33:29,758 [INFO] Pass: UnitarySynthesis - 0.00477 (ms)
2026-07-10 21:33:29,759 [INFO] Pass: HighLevelSynthesis - 0.00930 (ms)
2026-07-10 21:33:29,759 [INFO] Pass: BasisTranslator - 0.05317 (ms)
2026-07-10 21:33:29,759 [INFO] Pass: ConsolidateBlocks - 0.04268 (ms)
2026-07-10 21:33:29,759 [INFO] Pass: UnitarySynthesis - 0.00477 (ms)
2026-07-10 21:33:29,759 [INFO] Pass: Depth - 0.00978 (ms)
2026-07-10 21:33:29,759 [INFO] Pass: FixedPoint - 0.00429 (ms)
2026-07-10 21:33:29,759 [INFO] Pass: Size - 0.00286 (ms)
2026-07-10 21:33:29,759 [INFO] Pass: FixedPoint - 0.00262 (ms)
2026-07-10 21:33:29,759 [INFO] Pass: RemoveIdentityEquivalent - 0.00310 (ms)
2026-07-10 21:33:29,759 [INFO] Pass: Optimize1qGatesDecomposition - 0.09203 (ms)
2026-07-10 21:33:29,759 [INFO] Pass: CommutativeCancellation - 0.04888 (ms)
2026-07-10 21:33:29,759 [INFO] Pass: ContractIdleWiresInControlFlow - 0.00167 (ms)
2026-07-10 21:33:29,759 [INFO] Pass: GatesInBasis - 0.00858 (ms)
2026-07-10 21:33:29,759 [INFO] Pass: Depth - 0.00787 (ms)
2026-07-10 21:33:29,759 [INFO] Pass: FixedPoint - 0.00358 (ms)
2026-07-10 21:33:29,759 [INFO] Pass: Size - 0.00191 (ms)
2026-07-10 21:33:29,759 [INFO] Pass: FixedPoint - 0.00286 (ms)
2026-07-10 21:33:29,759 [INFO] Pass: ContainsInstruction - 0.00477 (ms)
2026-07-10 21:33:29,759 [INFO] Total Transpile Time - 92.14735 (ms)
2026-07-10 21:33:29,850 [INFO] Pass: ContainsInstruction - 0.00954 (ms)
2026-07-10 21:33:29,850 [INFO] Pass: UnitarySynthesis - 0.00668 (ms)
2026-07-10 21:33:29,850 [INFO] Pass: HighLevelSynthesis - 0.00501 (ms)
2026-07-10 21:33:29,850 [INFO] Pass: BasisTranslator - 0.05221 (ms)
2026-07-10 21:33:29,850 [INFO] Pass: ElidePermutations - 0.00358 (ms)
2026-07-10 21:33:29,850 [INFO] Pass: RemoveDiagonalGatesBeforeMeasure - 0.00525 (ms)
2026-07-10 21:33:29,851 [INFO] Pass: RemoveIdentityEquivalent - 0.00381 (ms)
2026-07-10 21:33:29,851 [INFO] Pass: InverseCancellation - 0.01264 (ms)
2026-07-10 21:33:29,851 [INFO] Pass: ContractIdleWiresInControlFlow - 0.00167 (ms)
2026-07-10 21:33:29,851 [INFO] Pass: CommutativeCancellation - 0.02313 (ms)
2026-07-10 21:33:29,851 [INFO] Pass: ConsolidateBlocks - 0.02742 (ms)
2026-07-10 21:33:29,851 [INFO] Pass: Split2QUnitaries - 0.00238 (ms)
2026-07-10 21:33:29,851 [INFO] Pass: UnitarySynthesis - 0.00477 (ms)
2026-07-10 21:33:29,851 [INFO] Pass: HighLevelSynthesis - 0.00954 (ms)
2026-07-10 21:33:29,851 [INFO] Pass: BasisTranslator - 0.05126 (ms)
2026-07-10 21:33:29,851 [INFO] Pass: ConsolidateBlocks - 0.04029 (ms)
2026-07-10 21:33:29,851 [INFO] Pass: UnitarySynthesis - 0.00429 (ms)
2026-07-10 21:33:29,851 [INFO] Pass: Depth - 0.00954 (ms)
2026-07-10 21:33:29,851 [INFO] Pass: FixedPoint - 0.00405 (ms)
2026-07-10 21:33:29,851 [INFO] Pass: Size - 0.00238 (ms)
2026-07-10 21:33:29,851 [INFO] Pass: FixedPoint - 0.00238 (ms)
2026-07-10 21:33:29,851 [INFO] Pass: RemoveIdentityEquivalent - 0.00334 (ms)
2026-07-10 21:33:29,851 [INFO] Pass: Optimize1qGatesDecomposition - 0.09131 (ms)
2026-07-10 21:33:29,851 [INFO] Pass: CommutativeCancellation - 0.04983 (ms)
2026-07-10 21:33:29,851 [INFO] Pass: ContractIdleWiresInControlFlow - 0.00215 (ms)
2026-07-10 21:33:29,851 [INFO] Pass: GatesInBasis - 0.00811 (ms)
2026-07-10 21:33:29,851 [INFO] Pass: Depth - 0.00882 (ms)
2026-07-10 21:33:29,851 [INFO] Pass: FixedPoint - 0.00310 (ms)
2026-07-10 21:33:29,851 [INFO] Pass: Size - 0.00215 (ms)
2026-07-10 21:33:29,851 [INFO] Pass: FixedPoint - 0.00286 (ms)
2026-07-10 21:33:29,851 [INFO] Pass: RemoveIdentityEquivalent - 0.00334 (ms)
2026-07-10 21:33:29,852 [INFO] Pass: Optimize1qGatesDecomposition - 0.07868 (ms)
2026-07-10 21:33:29,852 [INFO] Pass: CommutativeCancellation - 0.03767 (ms)
2026-07-10 21:33:29,852 [INFO] Pass: ContractIdleWiresInControlFlow - 0.00191 (ms)
2026-07-10 21:33:29,852 [INFO] Pass: GatesInBasis - 0.00691 (ms)
2026-07-10 21:33:29,852 [INFO] Pass: Depth - 0.00763 (ms)
2026-07-10 21:33:29,852 [INFO] Pass: FixedPoint - 0.00310 (ms)
2026-07-10 21:33:29,852 [INFO] Pass: Size - 0.00191 (ms)
2026-07-10 21:33:29,852 [INFO] Pass: FixedPoint - 0.00286 (ms)
2026-07-10 21:33:29,852 [INFO] Pass: ContainsInstruction - 0.00501 (ms)
2026-07-10 21:33:29,852 [INFO] Total Transpile Time - 92.19193 (ms)
2026-07-10 21:33:42,117 [INFO] [PCE] n=25 instancia 76/100 completada en 0:00:00:13 — transcurrido=0:00:17:11 restante_estimado=0:00:05:26
2026-07-10 21:33:42,212 [INFO] Pass: ContainsInstruction - 0.01192 (ms)
2026-07-10 21:33:42,212 [INFO] Pass: UnitarySynthesis - 0.00739 (ms)
2026-07-10 21:33:42,212 [INFO] Pass: HighLevelSynthesis - 0.00644 (ms)
2026-07-10 21:33:42,212 [INFO] Pass: BasisTranslator - 0.06938 (ms)
2026-07-10 21:33:42,212 [INFO] Pass: ElidePermutations - 0.00501 (ms)
2026-07-10 21:33:42,212 [INFO] Pass: RemoveDiagonalGatesBeforeMeasure - 0.00739 (ms)
2026-07-10 21:33:42,212 [INFO] Pass: RemoveIdentityEquivalent - 0.00358 (ms)
2026-07-10 21:33:42,212 [INFO] Pass: InverseCancellation - 0.00548 (ms)
2026-07-10 21:33:42,212 [INFO] Pass: ContractIdleWiresInControlFlow - 0.00238 (ms)
2026-07-10 21:33:42,212 [INFO] Pass: CommutativeCancellation - 0.02456 (ms)
2026-07-10 21:33:42,212 [INFO] Pass: ConsolidateBlocks - 0.03481 (ms)
2026-07-10 21:33:42,212 [INFO] Pass: Split2QUnitaries - 0.00334 (ms)
2026-07-10 21:33:42,212 [INFO] Pass: UnitarySynthesis - 0.00548 (ms)
2026-07-10 21:33:42,213 [INFO] Pass: HighLevelSynthesis - 0.01073 (ms)
2026-07-10 21:33:42,213 [INFO] Pass: BasisTranslator - 0.05817 (ms)
2026-07-10 21:33:42,213 [INFO] Pass: ConsolidateBlocks - 0.04601 (ms)
2026-07-10 21:33:42,213 [INFO] Pass: UnitarySynthesis - 0.00501 (ms)
2026-07-10 21:33:42,213 [INFO] Pass: Depth - 0.01073 (ms)
2026-07-10 21:33:42,213 [INFO] Pass: FixedPoint - 0.00477 (ms)
2026-07-10 21:33:42,213 [INFO] Pass: Size - 0.00358 (ms)
2026-07-10 21:33:42,213 [INFO] Pass: FixedPoint - 0.00310 (ms)
2026-07-10 21:33:42,213 [INFO] Pass: RemoveIdentityEquivalent - 0.00238 (ms)
2026-07-10 21:33:42,213 [INFO] Pass: Optimize1qGatesDecomposition - 0.03242 (ms)
2026-07-10 21:33:42,213 [INFO] Pass: CommutativeCancellation - 0.04530 (ms)
2026-07-10 21:33:42,213 [INFO] Pass: ContractIdleWiresInControlFlow - 0.00167 (ms)
2026-07-10 21:33:42,213 [INFO] Pass: GatesInBasis - 0.00954 (ms)
2026-07-10 21:33:42,213 [INFO] Pass: Depth - 0.00811 (ms)
2026-07-10 21:33:42,213 [INFO] Pass: FixedPoint - 0.00358 (ms)
2026-07-10 21:33:42,213 [INFO] Pass: Size - 0.00215 (ms)
2026-07-10 21:33:42,213 [INFO] Pass: FixedPoint - 0.00262 (ms)
2026-07-10 21:33:42,213 [INFO] Pass: ContainsInstruction - 0.00453 (ms)
2026-07-10 21:33:42,213 [INFO] Total Transpile Time - 93.92762 (ms)
2026-07-10 21:33:42,304 [INFO] Pass: ContainsInstruction - 0.01001 (ms)
2026-07-10 21:33:42,304 [INFO] Pass: UnitarySynthesis - 0.00620 (ms)
2026-07-10 21:33:42,304 [INFO] Pass: HighLevelSynthesis - 0.00572 (ms)
2026-07-10 21:33:42,304 [INFO] Pass: BasisTranslator - 0.05841 (ms)
2026-07-10 21:33:42,304 [INFO] Pass: ElidePermutations - 0.00453 (ms)
2026-07-10 21:33:42,304 [INFO] Pass: RemoveDiagonalGatesBeforeMeasure - 0.00668 (ms)
2026-07-10 21:33:42,304 [INFO] Pass: RemoveIdentityEquivalent - 0.00429 (ms)
2026-07-10 21:33:42,304 [INFO] Pass: InverseCancellation - 0.01335 (ms)
2026-07-10 21:33:42,304 [INFO] Pass: ContractIdleWiresInControlFlow - 0.00215 (ms)
2026-07-10 21:33:42,304 [INFO] Pass: CommutativeCancellation - 0.02813 (ms)
2026-07-10 21:33:42,304 [INFO] Pass: ConsolidateBlocks - 0.03028 (ms)
2026-07-10 21:33:42,304 [INFO] Pass: Split2QUnitaries - 0.00286 (ms)
2026-07-10 21:33:42,304 [INFO] Pass: UnitarySynthesis - 0.00453 (ms)
2026-07-10 21:33:42,304 [INFO] Pass: HighLevelSynthesis - 0.00954 (ms)
2026-07-10 21:33:42,304 [INFO] Pass: BasisTranslator - 0.05555 (ms)
2026-07-10 21:33:42,304 [INFO] Pass: ConsolidateBlocks - 0.04315 (ms)
2026-07-10 21:33:42,304 [INFO] Pass: UnitarySynthesis - 0.00453 (ms)
2026-07-10 21:33:42,304 [INFO] Pass: Depth - 0.00954 (ms)
2026-07-10 21:33:42,304 [INFO] Pass: FixedPoint - 0.00405 (ms)
2026-07-10 21:33:42,304 [INFO] Pass: Size - 0.00310 (ms)
2026-07-10 21:33:42,304 [INFO] Pass: FixedPoint - 0.00310 (ms)
2026-07-10 21:33:42,304 [INFO] Pass: RemoveIdentityEquivalent - 0.00334 (ms)
2026-07-10 21:33:42,305 [INFO] Pass: Optimize1qGatesDecomposition - 0.09704 (ms)
2026-07-10 21:33:42,305 [INFO] Pass: CommutativeCancellation - 0.05174 (ms)
2026-07-10 21:33:42,305 [INFO] Pass: ContractIdleWiresInControlFlow - 0.00191 (ms)
2026-07-10 21:33:42,305 [INFO] Pass: GatesInBasis - 0.00834 (ms)
2026-07-10 21:33:42,305 [INFO] Pass: Depth - 0.00858 (ms)
2026-07-10 21:33:42,305 [INFO] Pass: FixedPoint - 0.00334 (ms)
2026-07-10 21:33:42,305 [INFO] Pass: Size - 0.00215 (ms)
2026-07-10 21:33:42,305 [INFO] Pass: FixedPoint - 0.00286 (ms)
2026-07-10 21:33:42,305 [INFO] Pass: ContainsInstruction - 0.00477 (ms)
2026-07-10 21:33:42,305 [INFO] Total Transpile Time - 91.14861 (ms)
2026-07-10 21:33:42,396 [INFO] Pass: ContainsInstruction - 0.00954 (ms)
2026-07-10 21:33:42,396 [INFO] Pass: UnitarySynthesis - 0.00620 (ms)
2026-07-10 21:33:42,396 [INFO] Pass: HighLevelSynthesis - 0.00525 (ms)
2026-07-10 21:33:42,396 [INFO] Pass: BasisTranslator - 0.05674 (ms)
2026-07-10 21:33:42,396 [INFO] Pass: ElidePermutations - 0.00405 (ms)
2026-07-10 21:33:42,396 [INFO] Pass: RemoveDiagonalGatesBeforeMeasure - 0.00596 (ms)
2026-07-10 21:33:42,396 [INFO] Pass: RemoveIdentityEquivalent - 0.00429 (ms)
2026-07-10 21:33:42,396 [INFO] Pass: InverseCancellation - 0.01216 (ms)
2026-07-10 21:33:42,396 [INFO] Pass: ContractIdleWiresInControlFlow - 0.00215 (ms)
2026-07-10 21:33:42,396 [INFO] Pass: CommutativeCancellation - 0.02408 (ms)
2026-07-10 21:33:42,396 [INFO] Pass: ConsolidateBlocks - 0.03004 (ms)
2026-07-10 21:33:42,396 [INFO] Pass: Split2QUnitaries - 0.00310 (ms)
2026-07-10 21:33:42,396 [INFO] Pass: UnitarySynthesis - 0.00477 (ms)
2026-07-10 21:33:42,396 [INFO] Pass: HighLevelSynthesis - 0.00978 (ms)
2026-07-10 21:33:42,396 [INFO] Pass: BasisTranslator - 0.05627 (ms)
2026-07-10 21:33:42,396 [INFO] Pass: ConsolidateBlocks - 0.04172 (ms)
2026-07-10 21:33:42,396 [INFO] Pass: UnitarySynthesis - 0.00453 (ms)
2026-07-10 21:33:42,396 [INFO] Pass: Depth - 0.00906 (ms)
2026-07-10 21:33:42,396 [INFO] Pass: FixedPoint - 0.00429 (ms)
2026-07-10 21:33:42,396 [INFO] Pass: Size - 0.00215 (ms)
2026-07-10 21:33:42,396 [INFO] Pass: FixedPoint - 0.00238 (ms)
2026-07-10 21:33:42,396 [INFO] Pass: RemoveIdentityEquivalent - 0.00358 (ms)
2026-07-10 21:33:42,397 [INFO] Pass: Optimize1qGatesDecomposition - 0.09537 (ms)
2026-07-10 21:33:42,397 [INFO] Pass: CommutativeCancellation - 0.04530 (ms)
2026-07-10 21:33:42,397 [INFO] Pass: ContractIdleWiresInControlFlow - 0.00167 (ms)
2026-07-10 21:33:42,397 [INFO] Pass: GatesInBasis - 0.00763 (ms)
2026-07-10 21:33:42,397 [INFO] Pass: Depth - 0.00954 (ms)
2026-07-10 21:33:42,397 [INFO] Pass: FixedPoint - 0.00334 (ms)
2026-07-10 21:33:42,397 [INFO] Pass: Size - 0.00191 (ms)
2026-07-10 21:33:42,397 [INFO] Pass: FixedPoint - 0.00286 (ms)
2026-07-10 21:33:42,397 [INFO] Pass: RemoveIdentityEquivalent - 0.00358 (ms)
2026-07-10 21:33:42,397 [INFO] Pass: Optimize1qGatesDecomposition - 0.07749 (ms)
2026-07-10 21:33:42,397 [INFO] Pass: CommutativeCancellation - 0.03886 (ms)
2026-07-10 21:33:42,397 [INFO] Pass: ContractIdleWiresInControlFlow - 0.00143 (ms)
2026-07-10 21:33:42,397 [INFO] Pass: GatesInBasis - 0.00668 (ms)
2026-07-10 21:33:42,397 [INFO] Pass: Depth - 0.00787 (ms)
2026-07-10 21:33:42,397 [INFO] Pass: FixedPoint - 0.00334 (ms)
2026-07-10 21:33:42,397 [INFO] Pass: Size - 0.00191 (ms)
2026-07-10 21:33:42,397 [INFO] Pass: FixedPoint - 0.00262 (ms)
2026-07-10 21:33:42,397 [INFO] Pass: ContainsInstruction - 0.00477 (ms)
2026-07-10 21:33:42,397 [INFO] Total Transpile Time - 91.86792 (ms)
2026-07-10 21:33:55,133 [INFO] [PCE] n=25 instancia 77/100 completada en 0:00:00:13 — transcurrido=0:00:17:24 restante_estimado=0:00:05:12
2026-07-10 21:33:55,227 [INFO] Pass: ContainsInstruction - 0.01097 (ms)
2026-07-10 21:33:55,227 [INFO] Pass: UnitarySynthesis - 0.00620 (ms)
2026-07-10 21:33:55,227 [INFO] Pass: HighLevelSynthesis - 0.00715 (ms)
2026-07-10 21:33:55,227 [INFO] Pass: BasisTranslator - 0.06437 (ms)
2026-07-10 21:33:55,227 [INFO] Pass: ElidePermutations - 0.00525 (ms)
2026-07-10 21:33:55,227 [INFO] Pass: RemoveDiagonalGatesBeforeMeasure - 0.00834 (ms)
2026-07-10 21:33:55,227 [INFO] Pass: RemoveIdentityEquivalent - 0.00286 (ms)
2026-07-10 21:33:55,227 [INFO] Pass: InverseCancellation - 0.00525 (ms)
2026-07-10 21:33:55,227 [INFO] Pass: ContractIdleWiresInControlFlow - 0.00238 (ms)
2026-07-10 21:33:55,227 [INFO] Pass: CommutativeCancellation - 0.02289 (ms)
2026-07-10 21:33:55,227 [INFO] Pass: ConsolidateBlocks - 0.03338 (ms)
2026-07-10 21:33:55,227 [INFO] Pass: Split2QUnitaries - 0.00334 (ms)
2026-07-10 21:33:55,227 [INFO] Pass: UnitarySynthesis - 0.00501 (ms)
2026-07-10 21:33:55,227 [INFO] Pass: HighLevelSynthesis - 0.00882 (ms)
2026-07-10 21:33:55,227 [INFO] Pass: BasisTranslator - 0.05388 (ms)
2026-07-10 21:33:55,227 [INFO] Pass: ConsolidateBlocks - 0.05078 (ms)
2026-07-10 21:33:55,227 [INFO] Pass: UnitarySynthesis - 0.00477 (ms)
2026-07-10 21:33:55,227 [INFO] Pass: Depth - 0.01001 (ms)
2026-07-10 21:33:55,227 [INFO] Pass: FixedPoint - 0.00525 (ms)
2026-07-10 21:33:55,227 [INFO] Pass: Size - 0.00334 (ms)
2026-07-10 21:33:55,227 [INFO] Pass: FixedPoint - 0.00286 (ms)
2026-07-10 21:33:55,227 [INFO] Pass: RemoveIdentityEquivalent - 0.00286 (ms)
2026-07-10 21:33:55,228 [INFO] Pass: Optimize1qGatesDecomposition - 0.02885 (ms)
2026-07-10 21:33:55,228 [INFO] Pass: CommutativeCancellation - 0.04363 (ms)
2026-07-10 21:33:55,228 [INFO] Pass: ContractIdleWiresInControlFlow - 0.00191 (ms)
2026-07-10 21:33:55,228 [INFO] Pass: GatesInBasis - 0.00930 (ms)
2026-07-10 21:33:55,228 [INFO] Pass: Depth - 0.00739 (ms)
2026-07-10 21:33:55,228 [INFO] Pass: FixedPoint - 0.00334 (ms)
2026-07-10 21:33:55,228 [INFO] Pass: Size - 0.00191 (ms)
2026-07-10 21:33:55,228 [INFO] Pass: FixedPoint - 0.00262 (ms)
2026-07-10 21:33:55,228 [INFO] Pass: ContainsInstruction - 0.00477 (ms)
2026-07-10 21:33:55,228 [INFO] Total Transpile Time - 92.54217 (ms)
2026-07-10 21:33:55,318 [INFO] Pass: ContainsInstruction - 0.00930 (ms)
2026-07-10 21:33:55,318 [INFO] Pass: UnitarySynthesis - 0.00572 (ms)
2026-07-10 21:33:55,318 [INFO] Pass: HighLevelSynthesis - 0.00572 (ms)
2026-07-10 21:33:55,318 [INFO] Pass: BasisTranslator - 0.05460 (ms)
2026-07-10 21:33:55,318 [INFO] Pass: ElidePermutations - 0.00405 (ms)
2026-07-10 21:33:55,318 [INFO] Pass: RemoveDiagonalGatesBeforeMeasure - 0.00691 (ms)
2026-07-10 21:33:55,318 [INFO] Pass: RemoveIdentityEquivalent - 0.00429 (ms)
2026-07-10 21:33:55,318 [INFO] Pass: InverseCancellation - 0.01287 (ms)
2026-07-10 21:33:55,318 [INFO] Pass: ContractIdleWiresInControlFlow - 0.00215 (ms)
2026-07-10 21:33:55,318 [INFO] Pass: CommutativeCancellation - 0.02670 (ms)
2026-07-10 21:33:55,318 [INFO] Pass: ConsolidateBlocks - 0.03076 (ms)
2026-07-10 21:33:55,318 [INFO] Pass: Split2QUnitaries - 0.00310 (ms)
2026-07-10 21:33:55,318 [INFO] Pass: UnitarySynthesis - 0.00477 (ms)
2026-07-10 21:33:55,318 [INFO] Pass: HighLevelSynthesis - 0.00954 (ms)
2026-07-10 21:33:55,319 [INFO] Pass: BasisTranslator - 0.05484 (ms)
2026-07-10 21:33:55,319 [INFO] Pass: ConsolidateBlocks - 0.04125 (ms)
2026-07-10 21:33:55,319 [INFO] Pass: UnitarySynthesis - 0.00477 (ms)
2026-07-10 21:33:55,319 [INFO] Pass: Depth - 0.01001 (ms)
2026-07-10 21:33:55,319 [INFO] Pass: FixedPoint - 0.00477 (ms)
2026-07-10 21:33:55,319 [INFO] Pass: Size - 0.00262 (ms)
2026-07-10 21:33:55,319 [INFO] Pass: FixedPoint - 0.00262 (ms)
2026-07-10 21:33:55,319 [INFO] Pass: RemoveIdentityEquivalent - 0.00334 (ms)
2026-07-10 21:33:55,319 [INFO] Pass: Optimize1qGatesDecomposition - 0.09251 (ms)
2026-07-10 21:33:55,319 [INFO] Pass: CommutativeCancellation - 0.04745 (ms)
2026-07-10 21:33:55,319 [INFO] Pass: ContractIdleWiresInControlFlow - 0.00167 (ms)
2026-07-10 21:33:55,319 [INFO] Pass: GatesInBasis - 0.00858 (ms)
2026-07-10 21:33:55,319 [INFO] Pass: Depth - 0.00858 (ms)
2026-07-10 21:33:55,319 [INFO] Pass: FixedPoint - 0.00358 (ms)
2026-07-10 21:33:55,319 [INFO] Pass: Size - 0.00215 (ms)
2026-07-10 21:33:55,319 [INFO] Pass: FixedPoint - 0.00286 (ms)
2026-07-10 21:33:55,319 [INFO] Pass: ContainsInstruction - 0.00501 (ms)
2026-07-10 21:33:55,319 [INFO] Total Transpile Time - 90.98220 (ms)
2026-07-10 21:33:55,410 [INFO] Pass: ContainsInstruction - 0.00906 (ms)
2026-07-10 21:33:55,410 [INFO] Pass: UnitarySynthesis - 0.00620 (ms)
2026-07-10 21:33:55,410 [INFO] Pass: HighLevelSynthesis - 0.00572 (ms)
2026-07-10 21:33:55,410 [INFO] Pass: BasisTranslator - 0.05412 (ms)
2026-07-10 21:33:55,410 [INFO] Pass: ElidePermutations - 0.00358 (ms)
2026-07-10 21:33:55,410 [INFO] Pass: RemoveDiagonalGatesBeforeMeasure - 0.00620 (ms)
2026-07-10 21:33:55,410 [INFO] Pass: RemoveIdentityEquivalent - 0.00381 (ms)
2026-07-10 21:33:55,410 [INFO] Pass: InverseCancellation - 0.01168 (ms)
2026-07-10 21:33:55,410 [INFO] Pass: ContractIdleWiresInControlFlow - 0.00215 (ms)
2026-07-10 21:33:55,410 [INFO] Pass: CommutativeCancellation - 0.03052 (ms)
2026-07-10 21:33:55,410 [INFO] Pass: ConsolidateBlocks - 0.02718 (ms)
2026-07-10 21:33:55,410 [INFO] Pass: Split2QUnitaries - 0.00238 (ms)
2026-07-10 21:33:55,410 [INFO] Pass: UnitarySynthesis - 0.00477 (ms)
2026-07-10 21:33:55,410 [INFO] Pass: HighLevelSynthesis - 0.00954 (ms)
2026-07-10 21:33:55,410 [INFO] Pass: BasisTranslator - 0.05555 (ms)
2026-07-10 21:33:55,411 [INFO] Pass: ConsolidateBlocks - 0.04077 (ms)
2026-07-10 21:33:55,411 [INFO] Pass: UnitarySynthesis - 0.00453 (ms)
2026-07-10 21:33:55,411 [INFO] Pass: Depth - 0.00930 (ms)
2026-07-10 21:33:55,411 [INFO] Pass: FixedPoint - 0.00405 (ms)
2026-07-10 21:33:55,411 [INFO] Pass: Size - 0.00262 (ms)
2026-07-10 21:33:55,411 [INFO] Pass: FixedPoint - 0.00262 (ms)
2026-07-10 21:33:55,411 [INFO] Pass: RemoveIdentityEquivalent - 0.00334 (ms)
2026-07-10 21:33:55,411 [INFO] Pass: Optimize1qGatesDecomposition - 0.09465 (ms)
2026-07-10 21:33:55,411 [INFO] Pass: CommutativeCancellation - 0.04363 (ms)
2026-07-10 21:33:55,411 [INFO] Pass: ContractIdleWiresInControlFlow - 0.00191 (ms)
2026-07-10 21:33:55,411 [INFO] Pass: GatesInBasis - 0.00763 (ms)
2026-07-10 21:33:55,411 [INFO] Pass: Depth - 0.00858 (ms)
2026-07-10 21:33:55,411 [INFO] Pass: FixedPoint - 0.00381 (ms)
2026-07-10 21:33:55,411 [INFO] Pass: Size - 0.00215 (ms)
2026-07-10 21:33:55,411 [INFO] Pass: FixedPoint - 0.00310 (ms)
2026-07-10 21:33:55,411 [INFO] Pass: RemoveIdentityEquivalent - 0.00358 (ms)
2026-07-10 21:33:55,411 [INFO] Pass: Optimize1qGatesDecomposition - 0.07772 (ms)
2026-07-10 21:33:55,411 [INFO] Pass: CommutativeCancellation - 0.03743 (ms)
2026-07-10 21:33:55,411 [INFO] Pass: ContractIdleWiresInControlFlow - 0.00167 (ms)
2026-07-10 21:33:55,411 [INFO] Pass: GatesInBasis - 0.00715 (ms)
2026-07-10 21:33:55,411 [INFO] Pass: Depth - 0.00811 (ms)
2026-07-10 21:33:55,411 [INFO] Pass: FixedPoint - 0.00286 (ms)
2026-07-10 21:33:55,411 [INFO] Pass: Size - 0.00215 (ms)
2026-07-10 21:33:55,411 [INFO] Pass: FixedPoint - 0.00286 (ms)
2026-07-10 21:33:55,411 [INFO] Pass: ContainsInstruction - 0.00548 (ms)
2026-07-10 21:33:55,412 [INFO] Total Transpile Time - 91.90679 (ms)
2026-07-10 21:34:08,563 [INFO] [PCE] n=25 instancia 78/100 completada en 0:00:00:13 — transcurrido=0:00:17:38 restante_estimado=0:00:04:58
2026-07-10 21:34:08,660 [INFO] Pass: ContainsInstruction - 0.01121 (ms)
2026-07-10 21:34:08,660 [INFO] Pass: UnitarySynthesis - 0.00620 (ms)
2026-07-10 21:34:08,660 [INFO] Pass: HighLevelSynthesis - 0.00596 (ms)
2026-07-10 21:34:08,660 [INFO] Pass: BasisTranslator - 0.06104 (ms)
2026-07-10 21:34:08,660 [INFO] Pass: ElidePermutations - 0.00525 (ms)
2026-07-10 21:34:08,660 [INFO] Pass: RemoveDiagonalGatesBeforeMeasure - 0.00739 (ms)
2026-07-10 21:34:08,660 [INFO] Pass: RemoveIdentityEquivalent - 0.00310 (ms)
2026-07-10 21:34:08,660 [INFO] Pass: InverseCancellation - 0.00477 (ms)
2026-07-10 21:34:08,660 [INFO] Pass: ContractIdleWiresInControlFlow - 0.00215 (ms)
2026-07-10 21:34:08,660 [INFO] Pass: CommutativeCancellation - 0.02408 (ms)
2026-07-10 21:34:08,660 [INFO] Pass: ConsolidateBlocks - 0.03481 (ms)
2026-07-10 21:34:08,660 [INFO] Pass: Split2QUnitaries - 0.00334 (ms)
2026-07-10 21:34:08,660 [INFO] Pass: UnitarySynthesis - 0.00477 (ms)
2026-07-10 21:34:08,660 [INFO] Pass: HighLevelSynthesis - 0.00930 (ms)
2026-07-10 21:34:08,660 [INFO] Pass: BasisTranslator - 0.05937 (ms)
2026-07-10 21:34:08,660 [INFO] Pass: ConsolidateBlocks - 0.04125 (ms)
2026-07-10 21:34:08,660 [INFO] Pass: UnitarySynthesis - 0.00429 (ms)
2026-07-10 21:34:08,660 [INFO] Pass: Depth - 0.01025 (ms)
2026-07-10 21:34:08,660 [INFO] Pass: FixedPoint - 0.00501 (ms)
2026-07-10 21:34:08,660 [INFO] Pass: Size - 0.00334 (ms)
2026-07-10 21:34:08,660 [INFO] Pass: FixedPoint - 0.00286 (ms)
2026-07-10 21:34:08,661 [INFO] Pass: RemoveIdentityEquivalent - 0.00262 (ms)
2026-07-10 21:34:08,661 [INFO] Pass: Optimize1qGatesDecomposition - 0.02837 (ms)
2026-07-10 21:34:08,661 [INFO] Pass: CommutativeCancellation - 0.04387 (ms)
2026-07-10 21:34:08,661 [INFO] Pass: ContractIdleWiresInControlFlow - 0.00191 (ms)
2026-07-10 21:34:08,661 [INFO] Pass: GatesInBasis - 0.00930 (ms)
2026-07-10 21:34:08,661 [INFO] Pass: Depth - 0.00811 (ms)
2026-07-10 21:34:08,661 [INFO] Pass: FixedPoint - 0.00358 (ms)
2026-07-10 21:34:08,661 [INFO] Pass: Size - 0.00215 (ms)
2026-07-10 21:34:08,661 [INFO] Pass: FixedPoint - 0.00238 (ms)
2026-07-10 21:34:08,661 [INFO] Pass: ContainsInstruction - 0.00453 (ms)
2026-07-10 21:34:08,661 [INFO] Total Transpile Time - 95.89720 (ms)
2026-07-10 21:34:08,754 [INFO] Pass: ContainsInstruction - 0.00954 (ms)
2026-07-10 21:34:08,754 [INFO] Pass: UnitarySynthesis - 0.00691 (ms)
2026-07-10 21:34:08,754 [INFO] Pass: HighLevelSynthesis - 0.00572 (ms)
2026-07-10 21:34:08,754 [INFO] Pass: BasisTranslator - 0.05651 (ms)
2026-07-10 21:34:08,754 [INFO] Pass: ElidePermutations - 0.00381 (ms)
2026-07-10 21:34:08,755 [INFO] Pass: RemoveDiagonalGatesBeforeMeasure - 0.00668 (ms)
2026-07-10 21:34:08,755 [INFO] Pass: RemoveIdentityEquivalent - 0.00405 (ms)
2026-07-10 21:34:08,755 [INFO] Pass: InverseCancellation - 0.01359 (ms)
2026-07-10 21:34:08,755 [INFO] Pass: ContractIdleWiresInControlFlow - 0.00215 (ms)
2026-07-10 21:34:08,755 [INFO] Pass: CommutativeCancellation - 0.02646 (ms)
2026-07-10 21:34:08,755 [INFO] Pass: ConsolidateBlocks - 0.03099 (ms)
2026-07-10 21:34:08,755 [INFO] Pass: Split2QUnitaries - 0.00262 (ms)
2026-07-10 21:34:08,755 [INFO] Pass: UnitarySynthesis - 0.00453 (ms)
2026-07-10 21:34:08,755 [INFO] Pass: HighLevelSynthesis - 0.00906 (ms)
2026-07-10 21:34:08,755 [INFO] Pass: BasisTranslator - 0.05078 (ms)
2026-07-10 21:34:08,755 [INFO] Pass: ConsolidateBlocks - 0.03886 (ms)
2026-07-10 21:34:08,755 [INFO] Pass: UnitarySynthesis - 0.00429 (ms)
2026-07-10 21:34:08,755 [INFO] Pass: Depth - 0.01049 (ms)
2026-07-10 21:34:08,755 [INFO] Pass: FixedPoint - 0.00405 (ms)
2026-07-10 21:34:08,755 [INFO] Pass: Size - 0.00286 (ms)
2026-07-10 21:34:08,755 [INFO] Pass: FixedPoint - 0.00215 (ms)
2026-07-10 21:34:08,755 [INFO] Pass: RemoveIdentityEquivalent - 0.00310 (ms)
2026-07-10 21:34:08,755 [INFO] Pass: Optimize1qGatesDecomposition - 0.08821 (ms)
2026-07-10 21:34:08,755 [INFO] Pass: CommutativeCancellation - 0.04935 (ms)
2026-07-10 21:34:08,755 [INFO] Pass: ContractIdleWiresInControlFlow - 0.00167 (ms)
2026-07-10 21:34:08,755 [INFO] Pass: GatesInBasis - 0.00858 (ms)
2026-07-10 21:34:08,755 [INFO] Pass: Depth - 0.00882 (ms)
2026-07-10 21:34:08,755 [INFO] Pass: FixedPoint - 0.00381 (ms)
2026-07-10 21:34:08,755 [INFO] Pass: Size - 0.00167 (ms)
2026-07-10 21:34:08,755 [INFO] Pass: FixedPoint - 0.00286 (ms)
2026-07-10 21:34:08,755 [INFO] Pass: ContainsInstruction - 0.00453 (ms)
2026-07-10 21:34:08,756 [INFO] Total Transpile Time - 94.23423 (ms)
2026-07-10 21:34:08,850 [INFO] Pass: ContainsInstruction - 0.00954 (ms)
2026-07-10 21:34:08,850 [INFO] Pass: UnitarySynthesis - 0.00620 (ms)
2026-07-10 21:34:08,850 [INFO] Pass: HighLevelSynthesis - 0.00501 (ms)
2026-07-10 21:34:08,850 [INFO] Pass: BasisTranslator - 0.05579 (ms)
2026-07-10 21:34:08,850 [INFO] Pass: ElidePermutations - 0.00358 (ms)
2026-07-10 21:34:08,850 [INFO] Pass: RemoveDiagonalGatesBeforeMeasure - 0.00548 (ms)
2026-07-10 21:34:08,850 [INFO] Pass: RemoveIdentityEquivalent - 0.00405 (ms)
2026-07-10 21:34:08,850 [INFO] Pass: InverseCancellation - 0.01192 (ms)
2026-07-10 21:34:08,850 [INFO] Pass: ContractIdleWiresInControlFlow - 0.00191 (ms)
2026-07-10 21:34:08,850 [INFO] Pass: CommutativeCancellation - 0.02313 (ms)
2026-07-10 21:34:08,850 [INFO] Pass: ConsolidateBlocks - 0.02861 (ms)
2026-07-10 21:34:08,851 [INFO] Pass: Split2QUnitaries - 0.00262 (ms)
2026-07-10 21:34:08,851 [INFO] Pass: UnitarySynthesis - 0.00525 (ms)
2026-07-10 21:34:08,851 [INFO] Pass: HighLevelSynthesis - 0.00978 (ms)
2026-07-10 21:34:08,851 [INFO] Pass: BasisTranslator - 0.05460 (ms)
2026-07-10 21:34:08,851 [INFO] Pass: ConsolidateBlocks - 0.04172 (ms)
2026-07-10 21:34:08,851 [INFO] Pass: UnitarySynthesis - 0.00429 (ms)
2026-07-10 21:34:08,851 [INFO] Pass: Depth - 0.01025 (ms)
2026-07-10 21:34:08,851 [INFO] Pass: FixedPoint - 0.00501 (ms)
2026-07-10 21:34:08,851 [INFO] Pass: Size - 0.00286 (ms)
2026-07-10 21:34:08,851 [INFO] Pass: FixedPoint - 0.00262 (ms)
2026-07-10 21:34:08,851 [INFO] Pass: RemoveIdentityEquivalent - 0.00358 (ms)
2026-07-10 21:34:08,851 [INFO] Pass: Optimize1qGatesDecomposition - 0.09155 (ms)
2026-07-10 21:34:08,851 [INFO] Pass: CommutativeCancellation - 0.04220 (ms)
2026-07-10 21:34:08,851 [INFO] Pass: ContractIdleWiresInControlFlow - 0.00167 (ms)
2026-07-10 21:34:08,851 [INFO] Pass: GatesInBasis - 0.00763 (ms)
2026-07-10 21:34:08,851 [INFO] Pass: Depth - 0.00906 (ms)
2026-07-10 21:34:08,851 [INFO] Pass: FixedPoint - 0.00381 (ms)
2026-07-10 21:34:08,851 [INFO] Pass: Size - 0.00191 (ms)
2026-07-10 21:34:08,851 [INFO] Pass: FixedPoint - 0.00286 (ms)
2026-07-10 21:34:08,851 [INFO] Pass: RemoveIdentityEquivalent - 0.00334 (ms)
2026-07-10 21:34:08,851 [INFO] Pass: Optimize1qGatesDecomposition - 0.07796 (ms)
2026-07-10 21:34:08,851 [INFO] Pass: CommutativeCancellation - 0.03695 (ms)
2026-07-10 21:34:08,851 [INFO] Pass: ContractIdleWiresInControlFlow - 0.00191 (ms)
2026-07-10 21:34:08,851 [INFO] Pass: GatesInBasis - 0.00668 (ms)
2026-07-10 21:34:08,852 [INFO] Pass: Depth - 0.00811 (ms)
2026-07-10 21:34:08,852 [INFO] Pass: FixedPoint - 0.00310 (ms)
2026-07-10 21:34:08,852 [INFO] Pass: Size - 0.00167 (ms)
2026-07-10 21:34:08,852 [INFO] Pass: FixedPoint - 0.00262 (ms)
2026-07-10 21:34:08,852 [INFO] Pass: ContainsInstruction - 0.00525 (ms)
2026-07-10 21:34:08,852 [INFO] Total Transpile Time - 95.74962 (ms)
2026-07-10 21:34:21,799 [INFO] [PCE] n=25 instancia 79/100 completada en 0:00:00:13 — transcurrido=0:00:17:51 restante_estimado=0:00:04:45
2026-07-10 21:34:21,895 [INFO] Pass: ContainsInstruction - 0.01144 (ms)
2026-07-10 21:34:21,895 [INFO] Pass: UnitarySynthesis - 0.00668 (ms)
2026-07-10 21:34:21,895 [INFO] Pass: HighLevelSynthesis - 0.00620 (ms)
2026-07-10 21:34:21,895 [INFO] Pass: BasisTranslator - 0.06461 (ms)
2026-07-10 21:34:21,895 [INFO] Pass: ElidePermutations - 0.00501 (ms)
2026-07-10 21:34:21,895 [INFO] Pass: RemoveDiagonalGatesBeforeMeasure - 0.01597 (ms)
2026-07-10 21:34:21,895 [INFO] Pass: RemoveIdentityEquivalent - 0.00358 (ms)
2026-07-10 21:34:21,895 [INFO] Pass: InverseCancellation - 0.00525 (ms)
2026-07-10 21:34:21,895 [INFO] Pass: ContractIdleWiresInControlFlow - 0.00215 (ms)
2026-07-10 21:34:21,895 [INFO] Pass: CommutativeCancellation - 0.02384 (ms)
2026-07-10 21:34:21,895 [INFO] Pass: ConsolidateBlocks - 0.03457 (ms)
2026-07-10 21:34:21,895 [INFO] Pass: Split2QUnitaries - 0.00334 (ms)
2026-07-10 21:34:21,895 [INFO] Pass: UnitarySynthesis - 0.00477 (ms)
2026-07-10 21:34:21,896 [INFO] Pass: HighLevelSynthesis - 0.00930 (ms)
2026-07-10 21:34:21,896 [INFO] Pass: BasisTranslator - 0.05507 (ms)
2026-07-10 21:34:21,896 [INFO] Pass: ConsolidateBlocks - 0.04244 (ms)
2026-07-10 21:34:21,896 [INFO] Pass: UnitarySynthesis - 0.00453 (ms)
2026-07-10 21:34:21,896 [INFO] Pass: Depth - 0.01025 (ms)
2026-07-10 21:34:21,896 [INFO] Pass: FixedPoint - 0.00477 (ms)
2026-07-10 21:34:21,896 [INFO] Pass: Size - 0.00381 (ms)
2026-07-10 21:34:21,896 [INFO] Pass: FixedPoint - 0.00310 (ms)
2026-07-10 21:34:21,896 [INFO] Pass: RemoveIdentityEquivalent - 0.00286 (ms)
2026-07-10 21:34:21,896 [INFO] Pass: Optimize1qGatesDecomposition - 0.02956 (ms)
2026-07-10 21:34:21,896 [INFO] Pass: CommutativeCancellation - 0.04435 (ms)
2026-07-10 21:34:21,896 [INFO] Pass: ContractIdleWiresInControlFlow - 0.00167 (ms)
2026-07-10 21:34:21,896 [INFO] Pass: GatesInBasis - 0.00906 (ms)
2026-07-10 21:34:21,896 [INFO] Pass: Depth - 0.00858 (ms)
2026-07-10 21:34:21,896 [INFO] Pass: FixedPoint - 0.00358 (ms)
2026-07-10 21:34:21,896 [INFO] Pass: Size - 0.00215 (ms)
2026-07-10 21:34:21,896 [INFO] Pass: FixedPoint - 0.00286 (ms)
2026-07-10 21:34:21,896 [INFO] Pass: ContainsInstruction - 0.00477 (ms)
2026-07-10 21:34:21,896 [INFO] Total Transpile Time - 95.12162 (ms)
2026-07-10 21:34:21,989 [INFO] Pass: ContainsInstruction - 0.01001 (ms)
2026-07-10 21:34:21,989 [INFO] Pass: UnitarySynthesis - 0.00596 (ms)
2026-07-10 21:34:21,990 [INFO] Pass: HighLevelSynthesis - 0.00763 (ms)
2026-07-10 21:34:21,990 [INFO] Pass: BasisTranslator - 0.05579 (ms)
2026-07-10 21:34:21,990 [INFO] Pass: ElidePermutations - 0.00405 (ms)
2026-07-10 21:34:21,990 [INFO] Pass: RemoveDiagonalGatesBeforeMeasure - 0.00668 (ms)
2026-07-10 21:34:21,990 [INFO] Pass: RemoveIdentityEquivalent - 0.00429 (ms)
2026-07-10 21:34:21,990 [INFO] Pass: InverseCancellation - 0.01383 (ms)
2026-07-10 21:34:21,990 [INFO] Pass: ContractIdleWiresInControlFlow - 0.00215 (ms)
2026-07-10 21:34:21,990 [INFO] Pass: CommutativeCancellation - 0.02694 (ms)
2026-07-10 21:34:21,990 [INFO] Pass: ConsolidateBlocks - 0.03147 (ms)
2026-07-10 21:34:21,990 [INFO] Pass: Split2QUnitaries - 0.00334 (ms)
2026-07-10 21:34:21,990 [INFO] Pass: UnitarySynthesis - 0.00501 (ms)
2026-07-10 21:34:21,990 [INFO] Pass: HighLevelSynthesis - 0.00954 (ms)
2026-07-10 21:34:21,990 [INFO] Pass: BasisTranslator - 0.05388 (ms)
2026-07-10 21:34:21,990 [INFO] Pass: ConsolidateBlocks - 0.04196 (ms)
2026-07-10 21:34:21,990 [INFO] Pass: UnitarySynthesis - 0.00405 (ms)
2026-07-10 21:34:21,990 [INFO] Pass: Depth - 0.01025 (ms)
2026-07-10 21:34:21,990 [INFO] Pass: FixedPoint - 0.00453 (ms)
2026-07-10 21:34:21,990 [INFO] Pass: Size - 0.00286 (ms)
2026-07-10 21:34:21,990 [INFO] Pass: FixedPoint - 0.00286 (ms)
2026-07-10 21:34:21,990 [INFO] Pass: RemoveIdentityEquivalent - 0.00358 (ms)
2026-07-10 21:34:21,990 [INFO] Pass: Optimize1qGatesDecomposition - 0.09251 (ms)
2026-07-10 21:34:21,990 [INFO] Pass: CommutativeCancellation - 0.05054 (ms)
2026-07-10 21:34:21,990 [INFO] Pass: ContractIdleWiresInControlFlow - 0.00191 (ms)
2026-07-10 21:34:21,991 [INFO] Pass: GatesInBasis - 0.00834 (ms)
2026-07-10 21:34:21,991 [INFO] Pass: Depth - 0.00930 (ms)
2026-07-10 21:34:21,991 [INFO] Pass: FixedPoint - 0.00358 (ms)
2026-07-10 21:34:21,991 [INFO] Pass: Size - 0.00238 (ms)
2026-07-10 21:34:21,991 [INFO] Pass: FixedPoint - 0.00286 (ms)
2026-07-10 21:34:21,991 [INFO] Pass: ContainsInstruction - 0.00501 (ms)
2026-07-10 21:34:21,991 [INFO] Total Transpile Time - 94.04540 (ms)
2026-07-10 21:34:22,084 [INFO] Pass: ContainsInstruction - 0.00930 (ms)
2026-07-10 21:34:22,084 [INFO] Pass: UnitarySynthesis - 0.00668 (ms)
2026-07-10 21:34:22,084 [INFO] Pass: HighLevelSynthesis - 0.00501 (ms)
2026-07-10 21:34:22,084 [INFO] Pass: BasisTranslator - 0.05412 (ms)
2026-07-10 21:34:22,084 [INFO] Pass: ElidePermutations - 0.00358 (ms)
2026-07-10 21:34:22,084 [INFO] Pass: RemoveDiagonalGatesBeforeMeasure - 0.00548 (ms)
2026-07-10 21:34:22,084 [INFO] Pass: RemoveIdentityEquivalent - 0.00429 (ms)
2026-07-10 21:34:22,084 [INFO] Pass: InverseCancellation - 0.01216 (ms)
2026-07-10 21:34:22,084 [INFO] Pass: ContractIdleWiresInControlFlow - 0.00143 (ms)
2026-07-10 21:34:22,084 [INFO] Pass: CommutativeCancellation - 0.02384 (ms)
2026-07-10 21:34:22,084 [INFO] Pass: ConsolidateBlocks - 0.03004 (ms)
2026-07-10 21:34:22,084 [INFO] Pass: Split2QUnitaries - 0.00262 (ms)
2026-07-10 21:34:22,084 [INFO] Pass: UnitarySynthesis - 0.00501 (ms)
2026-07-10 21:34:22,084 [INFO] Pass: HighLevelSynthesis - 0.01001 (ms)
2026-07-10 21:34:22,084 [INFO] Pass: BasisTranslator - 0.05436 (ms)
2026-07-10 21:34:22,084 [INFO] Pass: ConsolidateBlocks - 0.04292 (ms)
2026-07-10 21:34:22,084 [INFO] Pass: UnitarySynthesis - 0.00453 (ms)
2026-07-10 21:34:22,084 [INFO] Pass: Depth - 0.01049 (ms)
2026-07-10 21:34:22,084 [INFO] Pass: FixedPoint - 0.00429 (ms)
2026-07-10 21:34:22,084 [INFO] Pass: Size - 0.00286 (ms)
2026-07-10 21:34:22,084 [INFO] Pass: FixedPoint - 0.00286 (ms)
2026-07-10 21:34:22,084 [INFO] Pass: RemoveIdentityEquivalent - 0.00381 (ms)
2026-07-10 21:34:22,085 [INFO] Pass: Optimize1qGatesDecomposition - 0.09680 (ms)
2026-07-10 21:34:22,085 [INFO] Pass: CommutativeCancellation - 0.04387 (ms)
2026-07-10 21:34:22,085 [INFO] Pass: ContractIdleWiresInControlFlow - 0.00191 (ms)
2026-07-10 21:34:22,085 [INFO] Pass: GatesInBasis - 0.00834 (ms)
2026-07-10 21:34:22,085 [INFO] Pass: Depth - 0.01001 (ms)
2026-07-10 21:34:22,085 [INFO] Pass: FixedPoint - 0.00358 (ms)
2026-07-10 21:34:22,085 [INFO] Pass: Size - 0.00191 (ms)
2026-07-10 21:34:22,085 [INFO] Pass: FixedPoint - 0.00286 (ms)
2026-07-10 21:34:22,085 [INFO] Pass: RemoveIdentityEquivalent - 0.00334 (ms)
2026-07-10 21:34:22,085 [INFO] Pass: Optimize1qGatesDecomposition - 0.07796 (ms)
2026-07-10 21:34:22,085 [INFO] Pass: CommutativeCancellation - 0.03767 (ms)
2026-07-10 21:34:22,085 [INFO] Pass: ContractIdleWiresInControlFlow - 0.00143 (ms)
2026-07-10 21:34:22,085 [INFO] Pass: GatesInBasis - 0.00644 (ms)
2026-07-10 21:34:22,085 [INFO] Pass: Depth - 0.00811 (ms)
2026-07-10 21:34:22,085 [INFO] Pass: FixedPoint - 0.00334 (ms)
2026-07-10 21:34:22,085 [INFO] Pass: Size - 0.00167 (ms)
2026-07-10 21:34:22,085 [INFO] Pass: FixedPoint - 0.00238 (ms)
2026-07-10 21:34:22,085 [INFO] Pass: ContainsInstruction - 0.00548 (ms)
2026-07-10 21:34:22,085 [INFO] Total Transpile Time - 94.17248 (ms)
2026-07-10 21:34:34,433 [INFO] [PCE] n=25 instancia 80/100 completada en 0:00:00:13 — transcurrido=0:00:18:04 restante_estimado=0:00:04:31
2026-07-10 21:34:34,530 [INFO] Pass: ContainsInstruction - 0.01812 (ms)
2026-07-10 21:34:34,530 [INFO] Pass: UnitarySynthesis - 0.00668 (ms)
2026-07-10 21:34:34,530 [INFO] Pass: HighLevelSynthesis - 0.00644 (ms)
2026-07-10 21:34:34,530 [INFO] Pass: BasisTranslator - 0.06390 (ms)
2026-07-10 21:34:34,531 [INFO] Pass: ElidePermutations - 0.00548 (ms)
2026-07-10 21:34:34,531 [INFO] Pass: RemoveDiagonalGatesBeforeMeasure - 0.00763 (ms)
2026-07-10 21:34:34,531 [INFO] Pass: RemoveIdentityEquivalent - 0.00310 (ms)
2026-07-10 21:34:34,531 [INFO] Pass: InverseCancellation - 0.00525 (ms)
2026-07-10 21:34:34,531 [INFO] Pass: ContractIdleWiresInControlFlow - 0.00215 (ms)
2026-07-10 21:34:34,531 [INFO] Pass: CommutativeCancellation - 0.02432 (ms)
2026-07-10 21:34:34,531 [INFO] Pass: ConsolidateBlocks - 0.03362 (ms)
2026-07-10 21:34:34,531 [INFO] Pass: Split2QUnitaries - 0.00334 (ms)
2026-07-10 21:34:34,531 [INFO] Pass: UnitarySynthesis - 0.00453 (ms)
2026-07-10 21:34:34,531 [INFO] Pass: HighLevelSynthesis - 0.00930 (ms)
2026-07-10 21:34:34,531 [INFO] Pass: BasisTranslator - 0.05293 (ms)
2026-07-10 21:34:34,531 [INFO] Pass: ConsolidateBlocks - 0.04148 (ms)
2026-07-10 21:34:34,531 [INFO] Pass: UnitarySynthesis - 0.00429 (ms)
2026-07-10 21:34:34,531 [INFO] Pass: Depth - 0.01001 (ms)
2026-07-10 21:34:34,531 [INFO] Pass: FixedPoint - 0.00501 (ms)
2026-07-10 21:34:34,531 [INFO] Pass: Size - 0.00334 (ms)
2026-07-10 21:34:34,531 [INFO] Pass: FixedPoint - 0.00262 (ms)
2026-07-10 21:34:34,531 [INFO] Pass: RemoveIdentityEquivalent - 0.00215 (ms)
2026-07-10 21:34:34,531 [INFO] Pass: Optimize1qGatesDecomposition - 0.03123 (ms)
2026-07-10 21:34:34,531 [INFO] Pass: CommutativeCancellation - 0.05198 (ms)
2026-07-10 21:34:34,531 [INFO] Pass: ContractIdleWiresInControlFlow - 0.00215 (ms)
2026-07-10 21:34:34,531 [INFO] Pass: GatesInBasis - 0.00906 (ms)
2026-07-10 21:34:34,531 [INFO] Pass: Depth - 0.00787 (ms)
2026-07-10 21:34:34,531 [INFO] Pass: FixedPoint - 0.00358 (ms)
2026-07-10 21:34:34,531 [INFO] Pass: Size - 0.00191 (ms)
2026-07-10 21:34:34,531 [INFO] Pass: FixedPoint - 0.00286 (ms)
2026-07-10 21:34:34,531 [INFO] Pass: ContainsInstruction - 0.00501 (ms)
2026-07-10 21:34:34,532 [INFO] Total Transpile Time - 96.64488 (ms)
2026-07-10 21:34:34,624 [INFO] Pass: ContainsInstruction - 0.00954 (ms)
2026-07-10 21:34:34,624 [INFO] Pass: UnitarySynthesis - 0.00572 (ms)
2026-07-10 21:34:34,624 [INFO] Pass: HighLevelSynthesis - 0.00596 (ms)
2026-07-10 21:34:34,625 [INFO] Pass: BasisTranslator - 0.05960 (ms)
2026-07-10 21:34:34,625 [INFO] Pass: ElidePermutations - 0.00405 (ms)
2026-07-10 21:34:34,625 [INFO] Pass: RemoveDiagonalGatesBeforeMeasure - 0.00620 (ms)
2026-07-10 21:34:34,625 [INFO] Pass: RemoveIdentityEquivalent - 0.00405 (ms)
2026-07-10 21:34:34,625 [INFO] Pass: InverseCancellation - 0.01335 (ms)
2026-07-10 21:34:34,625 [INFO] Pass: ContractIdleWiresInControlFlow - 0.00215 (ms)
2026-07-10 21:34:34,625 [INFO] Pass: CommutativeCancellation - 0.02742 (ms)
2026-07-10 21:34:34,625 [INFO] Pass: ConsolidateBlocks - 0.02933 (ms)
2026-07-10 21:34:34,625 [INFO] Pass: Split2QUnitaries - 0.00334 (ms)
2026-07-10 21:34:34,625 [INFO] Pass: UnitarySynthesis - 0.00453 (ms)
2026-07-10 21:34:34,625 [INFO] Pass: HighLevelSynthesis - 0.00954 (ms)
2026-07-10 21:34:34,625 [INFO] Pass: BasisTranslator - 0.05317 (ms)
2026-07-10 21:34:34,625 [INFO] Pass: ConsolidateBlocks - 0.04125 (ms)
2026-07-10 21:34:34,625 [INFO] Pass: UnitarySynthesis - 0.00405 (ms)
2026-07-10 21:34:34,625 [INFO] Pass: Depth - 0.00954 (ms)
2026-07-10 21:34:34,625 [INFO] Pass: FixedPoint - 0.00429 (ms)
2026-07-10 21:34:34,625 [INFO] Pass: Size - 0.00358 (ms)
2026-07-10 21:34:34,625 [INFO] Pass: FixedPoint - 0.00286 (ms)
2026-07-10 21:34:34,625 [INFO] Pass: RemoveIdentityEquivalent - 0.00334 (ms)
2026-07-10 21:34:34,625 [INFO] Pass: Optimize1qGatesDecomposition - 0.09894 (ms)
2026-07-10 21:34:34,625 [INFO] Pass: CommutativeCancellation - 0.04911 (ms)
2026-07-10 21:34:34,625 [INFO] Pass: ContractIdleWiresInControlFlow - 0.00167 (ms)
2026-07-10 21:34:34,625 [INFO] Pass: GatesInBasis - 0.00787 (ms)
2026-07-10 21:34:34,626 [INFO] Pass: Depth - 0.00882 (ms)
2026-07-10 21:34:34,626 [INFO] Pass: FixedPoint - 0.00358 (ms)
2026-07-10 21:34:34,626 [INFO] Pass: Size - 0.00238 (ms)
2026-07-10 21:34:34,626 [INFO] Pass: FixedPoint - 0.00238 (ms)
2026-07-10 21:34:34,626 [INFO] Pass: ContainsInstruction - 0.00453 (ms)
2026-07-10 21:34:34,626 [INFO] Total Transpile Time - 93.73403 (ms)
2026-07-10 21:34:34,719 [INFO] Pass: ContainsInstruction - 0.00906 (ms)
2026-07-10 21:34:34,719 [INFO] Pass: UnitarySynthesis - 0.00596 (ms)
2026-07-10 21:34:34,719 [INFO] Pass: HighLevelSynthesis - 0.00572 (ms)
2026-07-10 21:34:34,719 [INFO] Pass: BasisTranslator - 0.05651 (ms)
2026-07-10 21:34:34,719 [INFO] Pass: ElidePermutations - 0.00429 (ms)
2026-07-10 21:34:34,719 [INFO] Pass: RemoveDiagonalGatesBeforeMeasure - 0.00572 (ms)
2026-07-10 21:34:34,719 [INFO] Pass: RemoveIdentityEquivalent - 0.00501 (ms)
2026-07-10 21:34:34,719 [INFO] Pass: InverseCancellation - 0.01287 (ms)
2026-07-10 21:34:34,719 [INFO] Pass: ContractIdleWiresInControlFlow - 0.00215 (ms)
2026-07-10 21:34:34,719 [INFO] Pass: CommutativeCancellation - 0.02456 (ms)
2026-07-10 21:34:34,719 [INFO] Pass: ConsolidateBlocks - 0.02813 (ms)
2026-07-10 21:34:34,719 [INFO] Pass: Split2QUnitaries - 0.00334 (ms)
2026-07-10 21:34:34,719 [INFO] Pass: UnitarySynthesis - 0.00477 (ms)
2026-07-10 21:34:34,719 [INFO] Pass: HighLevelSynthesis - 0.01025 (ms)
2026-07-10 21:34:34,720 [INFO] Pass: BasisTranslator - 0.05341 (ms)
2026-07-10 21:34:34,720 [INFO] Pass: ConsolidateBlocks - 0.04268 (ms)
2026-07-10 21:34:34,720 [INFO] Pass: UnitarySynthesis - 0.00429 (ms)
2026-07-10 21:34:34,720 [INFO] Pass: Depth - 0.01001 (ms)
2026-07-10 21:34:34,720 [INFO] Pass: FixedPoint - 0.00405 (ms)
2026-07-10 21:34:34,720 [INFO] Pass: Size - 0.00310 (ms)
2026-07-10 21:34:34,720 [INFO] Pass: FixedPoint - 0.00286 (ms)
2026-07-10 21:34:34,720 [INFO] Pass: RemoveIdentityEquivalent - 0.00358 (ms)
2026-07-10 21:34:34,720 [INFO] Pass: Optimize1qGatesDecomposition - 0.09394 (ms)
2026-07-10 21:34:34,720 [INFO] Pass: CommutativeCancellation - 0.04458 (ms)
2026-07-10 21:34:34,720 [INFO] Pass: ContractIdleWiresInControlFlow - 0.00191 (ms)
2026-07-10 21:34:34,720 [INFO] Pass: GatesInBasis - 0.00834 (ms)
2026-07-10 21:34:34,720 [INFO] Pass: Depth - 0.00978 (ms)
2026-07-10 21:34:34,720 [INFO] Pass: FixedPoint - 0.00358 (ms)
2026-07-10 21:34:34,720 [INFO] Pass: Size - 0.00215 (ms)
2026-07-10 21:34:34,720 [INFO] Pass: FixedPoint - 0.00286 (ms)
2026-07-10 21:34:34,720 [INFO] Pass: RemoveIdentityEquivalent - 0.00334 (ms)
2026-07-10 21:34:34,720 [INFO] Pass: Optimize1qGatesDecomposition - 0.07987 (ms)
2026-07-10 21:34:34,720 [INFO] Pass: CommutativeCancellation - 0.04029 (ms)
2026-07-10 21:34:34,720 [INFO] Pass: ContractIdleWiresInControlFlow - 0.00191 (ms)
2026-07-10 21:34:34,720 [INFO] Pass: GatesInBasis - 0.00691 (ms)
2026-07-10 21:34:34,720 [INFO] Pass: Depth - 0.00858 (ms)
2026-07-10 21:34:34,720 [INFO] Pass: FixedPoint - 0.00310 (ms)
2026-07-10 21:34:34,720 [INFO] Pass: Size - 0.00215 (ms)
2026-07-10 21:34:34,720 [INFO] Pass: FixedPoint - 0.00286 (ms)
2026-07-10 21:34:34,720 [INFO] Pass: ContainsInstruction - 0.00548 (ms)
2026-07-10 21:34:34,721 [INFO] Total Transpile Time - 94.52271 (ms)
2026-07-10 21:34:48,227 [INFO] [PCE] n=25 instancia 81/100 completada en 0:00:00:14 — transcurrido=0:00:18:17 restante_estimado=0:00:04:17
2026-07-10 21:34:48,323 [INFO] Pass: ContainsInstruction - 0.01121 (ms)
2026-07-10 21:34:48,323 [INFO] Pass: UnitarySynthesis - 0.00644 (ms)
2026-07-10 21:34:48,323 [INFO] Pass: HighLevelSynthesis - 0.00644 (ms)
2026-07-10 21:34:48,323 [INFO] Pass: BasisTranslator - 0.06175 (ms)
2026-07-10 21:34:48,323 [INFO] Pass: ElidePermutations - 0.00477 (ms)
2026-07-10 21:34:48,323 [INFO] Pass: RemoveDiagonalGatesBeforeMeasure - 0.00739 (ms)
2026-07-10 21:34:48,323 [INFO] Pass: RemoveIdentityEquivalent - 0.00310 (ms)
2026-07-10 21:34:48,323 [INFO] Pass: InverseCancellation - 0.00501 (ms)
2026-07-10 21:34:48,323 [INFO] Pass: ContractIdleWiresInControlFlow - 0.00215 (ms)
2026-07-10 21:34:48,323 [INFO] Pass: CommutativeCancellation - 0.02432 (ms)
2026-07-10 21:34:48,323 [INFO] Pass: ConsolidateBlocks - 0.03314 (ms)
2026-07-10 21:34:48,323 [INFO] Pass: Split2QUnitaries - 0.00310 (ms)
2026-07-10 21:34:48,323 [INFO] Pass: UnitarySynthesis - 0.00453 (ms)
2026-07-10 21:34:48,323 [INFO] Pass: HighLevelSynthesis - 0.00954 (ms)
2026-07-10 21:34:48,323 [INFO] Pass: BasisTranslator - 0.05317 (ms)
2026-07-10 21:34:48,323 [INFO] Pass: ConsolidateBlocks - 0.04339 (ms)
2026-07-10 21:34:48,323 [INFO] Pass: UnitarySynthesis - 0.00429 (ms)
2026-07-10 21:34:48,323 [INFO] Pass: Depth - 0.01121 (ms)
2026-07-10 21:34:48,324 [INFO] Pass: FixedPoint - 0.00477 (ms)
2026-07-10 21:34:48,324 [INFO] Pass: Size - 0.00310 (ms)
2026-07-10 21:34:48,324 [INFO] Pass: FixedPoint - 0.00262 (ms)
2026-07-10 21:34:48,324 [INFO] Pass: RemoveIdentityEquivalent - 0.00215 (ms)
2026-07-10 21:34:48,324 [INFO] Pass: Optimize1qGatesDecomposition - 0.02980 (ms)
2026-07-10 21:34:48,324 [INFO] Pass: CommutativeCancellation - 0.04363 (ms)
2026-07-10 21:34:48,324 [INFO] Pass: ContractIdleWiresInControlFlow - 0.00191 (ms)
2026-07-10 21:34:48,324 [INFO] Pass: GatesInBasis - 0.00811 (ms)
2026-07-10 21:34:48,324 [INFO] Pass: Depth - 0.00811 (ms)
2026-07-10 21:34:48,324 [INFO] Pass: FixedPoint - 0.00334 (ms)
2026-07-10 21:34:48,324 [INFO] Pass: Size - 0.00191 (ms)
2026-07-10 21:34:48,324 [INFO] Pass: FixedPoint - 0.00286 (ms)
2026-07-10 21:34:48,324 [INFO] Pass: ContainsInstruction - 0.00501 (ms)
2026-07-10 21:34:48,324 [INFO] Total Transpile Time - 95.15524 (ms)
2026-07-10 21:34:48,417 [INFO] Pass: ContainsInstruction - 0.00930 (ms)
2026-07-10 21:34:48,417 [INFO] Pass: UnitarySynthesis - 0.00620 (ms)
2026-07-10 21:34:48,418 [INFO] Pass: HighLevelSynthesis - 0.00525 (ms)
2026-07-10 21:34:48,418 [INFO] Pass: BasisTranslator - 0.05579 (ms)
2026-07-10 21:34:48,418 [INFO] Pass: ElidePermutations - 0.00381 (ms)
2026-07-10 21:34:48,418 [INFO] Pass: RemoveDiagonalGatesBeforeMeasure - 0.00596 (ms)
2026-07-10 21:34:48,418 [INFO] Pass: RemoveIdentityEquivalent - 0.00405 (ms)
2026-07-10 21:34:48,418 [INFO] Pass: InverseCancellation - 0.01240 (ms)
2026-07-10 21:34:48,418 [INFO] Pass: ContractIdleWiresInControlFlow - 0.00215 (ms)
2026-07-10 21:34:48,418 [INFO] Pass: CommutativeCancellation - 0.02527 (ms)
2026-07-10 21:34:48,418 [INFO] Pass: ConsolidateBlocks - 0.02909 (ms)
2026-07-10 21:34:48,418 [INFO] Pass: Split2QUnitaries - 0.00286 (ms)
2026-07-10 21:34:48,418 [INFO] Pass: UnitarySynthesis - 0.00477 (ms)
2026-07-10 21:34:48,418 [INFO] Pass: HighLevelSynthesis - 0.00882 (ms)
2026-07-10 21:34:48,418 [INFO] Pass: BasisTranslator - 0.05317 (ms)
2026-07-10 21:34:48,418 [INFO] Pass: ConsolidateBlocks - 0.04125 (ms)
2026-07-10 21:34:48,418 [INFO] Pass: UnitarySynthesis - 0.00429 (ms)
2026-07-10 21:34:48,418 [INFO] Pass: Depth - 0.01049 (ms)
2026-07-10 21:34:48,418 [INFO] Pass: FixedPoint - 0.00429 (ms)
2026-07-10 21:34:48,418 [INFO] Pass: Size - 0.00286 (ms)
2026-07-10 21:34:48,418 [INFO] Pass: FixedPoint - 0.00262 (ms)
2026-07-10 21:34:48,418 [INFO] Pass: RemoveIdentityEquivalent - 0.01121 (ms)
2026-07-10 21:34:48,418 [INFO] Pass: Optimize1qGatesDecomposition - 0.09179 (ms)
2026-07-10 21:34:48,418 [INFO] Pass: CommutativeCancellation - 0.04816 (ms)
2026-07-10 21:34:48,418 [INFO] Pass: ContractIdleWiresInControlFlow - 0.00191 (ms)
2026-07-10 21:34:48,419 [INFO] Pass: GatesInBasis - 0.00834 (ms)
2026-07-10 21:34:48,419 [INFO] Pass: Depth - 0.00834 (ms)
2026-07-10 21:34:48,419 [INFO] Pass: FixedPoint - 0.00358 (ms)
2026-07-10 21:34:48,419 [INFO] Pass: Size - 0.00215 (ms)
2026-07-10 21:34:48,419 [INFO] Pass: FixedPoint - 0.00262 (ms)
2026-07-10 21:34:48,419 [INFO] Pass: ContainsInstruction - 0.00477 (ms)
2026-07-10 21:34:48,419 [INFO] Total Transpile Time - 94.31481 (ms)
2026-07-10 21:34:48,512 [INFO] Pass: ContainsInstruction - 0.00906 (ms)
2026-07-10 21:34:48,512 [INFO] Pass: UnitarySynthesis - 0.00596 (ms)
2026-07-10 21:34:48,513 [INFO] Pass: HighLevelSynthesis - 0.00477 (ms)
2026-07-10 21:34:48,513 [INFO] Pass: BasisTranslator - 0.05341 (ms)
2026-07-10 21:34:48,513 [INFO] Pass: ElidePermutations - 0.00405 (ms)
2026-07-10 21:34:48,513 [INFO] Pass: RemoveDiagonalGatesBeforeMeasure - 0.00501 (ms)
2026-07-10 21:34:48,513 [INFO] Pass: RemoveIdentityEquivalent - 0.00405 (ms)
2026-07-10 21:34:48,513 [INFO] Pass: InverseCancellation - 0.01216 (ms)
2026-07-10 21:34:48,513 [INFO] Pass: ContractIdleWiresInControlFlow - 0.00215 (ms)
2026-07-10 21:34:48,513 [INFO] Pass: CommutativeCancellation - 0.02289 (ms)
2026-07-10 21:34:48,513 [INFO] Pass: ConsolidateBlocks - 0.02742 (ms)
2026-07-10 21:34:48,513 [INFO] Pass: Split2QUnitaries - 0.00238 (ms)
2026-07-10 21:34:48,513 [INFO] Pass: UnitarySynthesis - 0.00501 (ms)
2026-07-10 21:34:48,513 [INFO] Pass: HighLevelSynthesis - 0.00930 (ms)
2026-07-10 21:34:48,513 [INFO] Pass: BasisTranslator - 0.05174 (ms)
2026-07-10 21:34:48,513 [INFO] Pass: ConsolidateBlocks - 0.04148 (ms)
2026-07-10 21:34:48,513 [INFO] Pass: UnitarySynthesis - 0.00429 (ms)
2026-07-10 21:34:48,513 [INFO] Pass: Depth - 0.00954 (ms)
2026-07-10 21:34:48,513 [INFO] Pass: FixedPoint - 0.00405 (ms)
2026-07-10 21:34:48,513 [INFO] Pass: Size - 0.00286 (ms)
2026-07-10 21:34:48,513 [INFO] Pass: FixedPoint - 0.00262 (ms)
2026-07-10 21:34:48,513 [INFO] Pass: RemoveIdentityEquivalent - 0.00358 (ms)
2026-07-10 21:34:48,513 [INFO] Pass: Optimize1qGatesDecomposition - 0.09203 (ms)
2026-07-10 21:34:48,513 [INFO] Pass: CommutativeCancellation - 0.04363 (ms)
2026-07-10 21:34:48,513 [INFO] Pass: ContractIdleWiresInControlFlow - 0.00167 (ms)
2026-07-10 21:34:48,513 [INFO] Pass: GatesInBasis - 0.00787 (ms)
2026-07-10 21:34:48,514 [INFO] Pass: Depth - 0.00930 (ms)
2026-07-10 21:34:48,514 [INFO] Pass: FixedPoint - 0.00381 (ms)
2026-07-10 21:34:48,514 [INFO] Pass: Size - 0.00191 (ms)
2026-07-10 21:34:48,514 [INFO] Pass: FixedPoint - 0.00286 (ms)
2026-07-10 21:34:48,514 [INFO] Pass: RemoveIdentityEquivalent - 0.00334 (ms)
2026-07-10 21:34:48,514 [INFO] Pass: Optimize1qGatesDecomposition - 0.07725 (ms)
2026-07-10 21:34:48,514 [INFO] Pass: CommutativeCancellation - 0.03767 (ms)
2026-07-10 21:34:48,514 [INFO] Pass: ContractIdleWiresInControlFlow - 0.00167 (ms)
2026-07-10 21:34:48,514 [INFO] Pass: GatesInBasis - 0.00644 (ms)
2026-07-10 21:34:48,514 [INFO] Pass: Depth - 0.00811 (ms)
2026-07-10 21:34:48,514 [INFO] Pass: FixedPoint - 0.00310 (ms)
2026-07-10 21:34:48,514 [INFO] Pass: Size - 0.00215 (ms)
2026-07-10 21:34:48,514 [INFO] Pass: FixedPoint - 0.00286 (ms)
2026-07-10 21:34:48,514 [INFO] Pass: ContainsInstruction - 0.00477 (ms)
2026-07-10 21:34:48,514 [INFO] Total Transpile Time - 94.95878 (ms)
2026-07-10 21:35:00,776 [INFO] [PCE] n=25 instancia 82/100 completada en 0:00:00:13 — transcurrido=0:00:18:30 restante_estimado=0:00:04:04
2026-07-10 21:35:00,873 [INFO] Pass: ContainsInstruction - 0.01097 (ms)
2026-07-10 21:35:00,873 [INFO] Pass: UnitarySynthesis - 0.00668 (ms)
2026-07-10 21:35:00,873 [INFO] Pass: HighLevelSynthesis - 0.00596 (ms)
2026-07-10 21:35:00,873 [INFO] Pass: BasisTranslator - 0.06580 (ms)
2026-07-10 21:35:00,873 [INFO] Pass: ElidePermutations - 0.00548 (ms)
2026-07-10 21:35:00,873 [INFO] Pass: RemoveDiagonalGatesBeforeMeasure - 0.00811 (ms)
2026-07-10 21:35:00,873 [INFO] Pass: RemoveIdentityEquivalent - 0.00358 (ms)
2026-07-10 21:35:00,873 [INFO] Pass: InverseCancellation - 0.00525 (ms)
2026-07-10 21:35:00,873 [INFO] Pass: ContractIdleWiresInControlFlow - 0.00191 (ms)
2026-07-10 21:35:00,873 [INFO] Pass: CommutativeCancellation - 0.02337 (ms)
2026-07-10 21:35:00,873 [INFO] Pass: ConsolidateBlocks - 0.03457 (ms)
2026-07-10 21:35:00,873 [INFO] Pass: Split2QUnitaries - 0.00334 (ms)
2026-07-10 21:35:00,873 [INFO] Pass: UnitarySynthesis - 0.00429 (ms)
2026-07-10 21:35:00,873 [INFO] Pass: HighLevelSynthesis - 0.00906 (ms)
2026-07-10 21:35:00,873 [INFO] Pass: BasisTranslator - 0.05794 (ms)
2026-07-10 21:35:00,873 [INFO] Pass: ConsolidateBlocks - 0.04530 (ms)
2026-07-10 21:35:00,873 [INFO] Pass: UnitarySynthesis - 0.00429 (ms)
2026-07-10 21:35:00,873 [INFO] Pass: Depth - 0.01073 (ms)
2026-07-10 21:35:00,873 [INFO] Pass: FixedPoint - 0.00501 (ms)
2026-07-10 21:35:00,874 [INFO] Pass: Size - 0.00334 (ms)
2026-07-10 21:35:00,874 [INFO] Pass: FixedPoint - 0.00286 (ms)
2026-07-10 21:35:00,874 [INFO] Pass: RemoveIdentityEquivalent - 0.00215 (ms)
2026-07-10 21:35:00,874 [INFO] Pass: Optimize1qGatesDecomposition - 0.03052 (ms)
2026-07-10 21:35:00,874 [INFO] Pass: CommutativeCancellation - 0.04554 (ms)
2026-07-10 21:35:00,874 [INFO] Pass: ContractIdleWiresInControlFlow - 0.00215 (ms)
2026-07-10 21:35:00,874 [INFO] Pass: GatesInBasis - 0.00906 (ms)
2026-07-10 21:35:00,874 [INFO] Pass: Depth - 0.00787 (ms)
2026-07-10 21:35:00,874 [INFO] Pass: FixedPoint - 0.00334 (ms)
2026-07-10 21:35:00,874 [INFO] Pass: Size - 0.00167 (ms)
2026-07-10 21:35:00,874 [INFO] Pass: FixedPoint - 0.00286 (ms)
2026-07-10 21:35:00,874 [INFO] Pass: ContainsInstruction - 0.00477 (ms)
2026-07-10 21:35:00,874 [INFO] Total Transpile Time - 96.39430 (ms)
2026-07-10 21:35:00,969 [INFO] Pass: ContainsInstruction - 0.01168 (ms)
2026-07-10 21:35:00,969 [INFO] Pass: UnitarySynthesis - 0.00668 (ms)
2026-07-10 21:35:00,969 [INFO] Pass: HighLevelSynthesis - 0.00691 (ms)
2026-07-10 21:35:00,969 [INFO] Pass: BasisTranslator - 0.06413 (ms)
2026-07-10 21:35:00,969 [INFO] Pass: ElidePermutations - 0.00548 (ms)
2026-07-10 21:35:00,969 [INFO] Pass: RemoveDiagonalGatesBeforeMeasure - 0.00811 (ms)
2026-07-10 21:35:00,969 [INFO] Pass: RemoveIdentityEquivalent - 0.00548 (ms)
2026-07-10 21:35:00,969 [INFO] Pass: InverseCancellation - 0.01550 (ms)
2026-07-10 21:35:00,969 [INFO] Pass: ContractIdleWiresInControlFlow - 0.00238 (ms)
2026-07-10 21:35:00,969 [INFO] Pass: CommutativeCancellation - 0.03171 (ms)
2026-07-10 21:35:00,969 [INFO] Pass: ConsolidateBlocks - 0.03481 (ms)
2026-07-10 21:35:00,969 [INFO] Pass: Split2QUnitaries - 0.00358 (ms)
2026-07-10 21:35:00,970 [INFO] Pass: UnitarySynthesis - 0.00548 (ms)
2026-07-10 21:35:00,970 [INFO] Pass: HighLevelSynthesis - 0.01121 (ms)
2026-07-10 21:35:00,970 [INFO] Pass: BasisTranslator - 0.06080 (ms)
2026-07-10 21:35:00,970 [INFO] Pass: ConsolidateBlocks - 0.04363 (ms)
2026-07-10 21:35:00,970 [INFO] Pass: UnitarySynthesis - 0.00453 (ms)
2026-07-10 21:35:00,970 [INFO] Pass: Depth - 0.01001 (ms)
2026-07-10 21:35:00,970 [INFO] Pass: FixedPoint - 0.00477 (ms)
2026-07-10 21:35:00,970 [INFO] Pass: Size - 0.00358 (ms)
2026-07-10 21:35:00,970 [INFO] Pass: FixedPoint - 0.00286 (ms)
2026-07-10 21:35:00,970 [INFO] Pass: RemoveIdentityEquivalent - 0.00405 (ms)
2026-07-10 21:35:00,970 [INFO] Pass: Optimize1qGatesDecomposition - 0.10300 (ms)
2026-07-10 21:35:00,970 [INFO] Pass: CommutativeCancellation - 0.05364 (ms)
2026-07-10 21:35:00,970 [INFO] Pass: ContractIdleWiresInControlFlow - 0.00191 (ms)
2026-07-10 21:35:00,970 [INFO] Pass: GatesInBasis - 0.00954 (ms)
2026-07-10 21:35:00,970 [INFO] Pass: Depth - 0.00930 (ms)
2026-07-10 21:35:00,970 [INFO] Pass: FixedPoint - 0.00358 (ms)
2026-07-10 21:35:00,970 [INFO] Pass: Size - 0.00215 (ms)
2026-07-10 21:35:00,970 [INFO] Pass: FixedPoint - 0.00286 (ms)
2026-07-10 21:35:00,970 [INFO] Pass: ContainsInstruction - 0.00572 (ms)
2026-07-10 21:35:00,970 [INFO] Total Transpile Time - 95.92366 (ms)
2026-07-10 21:35:01,065 [INFO] Pass: ContainsInstruction - 0.01049 (ms)
2026-07-10 21:35:01,065 [INFO] Pass: UnitarySynthesis - 0.00644 (ms)
2026-07-10 21:35:01,065 [INFO] Pass: HighLevelSynthesis - 0.01311 (ms)
2026-07-10 21:35:01,065 [INFO] Pass: BasisTranslator - 0.05937 (ms)
2026-07-10 21:35:01,065 [INFO] Pass: ElidePermutations - 0.00429 (ms)
2026-07-10 21:35:01,065 [INFO] Pass: RemoveDiagonalGatesBeforeMeasure - 0.00691 (ms)
2026-07-10 21:35:01,065 [INFO] Pass: RemoveIdentityEquivalent - 0.00429 (ms)
2026-07-10 21:35:01,065 [INFO] Pass: InverseCancellation - 0.01383 (ms)
2026-07-10 21:35:01,065 [INFO] Pass: ContractIdleWiresInControlFlow - 0.00215 (ms)
2026-07-10 21:35:01,066 [INFO] Pass: CommutativeCancellation - 0.02623 (ms)
2026-07-10 21:35:01,066 [INFO] Pass: ConsolidateBlocks - 0.03147 (ms)
2026-07-10 21:35:01,066 [INFO] Pass: Split2QUnitaries - 0.00310 (ms)
2026-07-10 21:35:01,066 [INFO] Pass: UnitarySynthesis - 0.00501 (ms)
2026-07-10 21:35:01,066 [INFO] Pass: HighLevelSynthesis - 0.01025 (ms)
2026-07-10 21:35:01,066 [INFO] Pass: BasisTranslator - 0.05603 (ms)
2026-07-10 21:35:01,066 [INFO] Pass: ConsolidateBlocks - 0.04292 (ms)
2026-07-10 21:35:01,066 [INFO] Pass: UnitarySynthesis - 0.00453 (ms)
2026-07-10 21:35:01,066 [INFO] Pass: Depth - 0.01001 (ms)
2026-07-10 21:35:01,066 [INFO] Pass: FixedPoint - 0.00453 (ms)
2026-07-10 21:35:01,066 [INFO] Pass: Size - 0.00262 (ms)
2026-07-10 21:35:01,066 [INFO] Pass: FixedPoint - 0.00262 (ms)
2026-07-10 21:35:01,066 [INFO] Pass: RemoveIdentityEquivalent - 0.00358 (ms)
2026-07-10 21:35:01,066 [INFO] Pass: Optimize1qGatesDecomposition - 0.10324 (ms)
2026-07-10 21:35:01,066 [INFO] Pass: CommutativeCancellation - 0.04506 (ms)
2026-07-10 21:35:01,066 [INFO] Pass: ContractIdleWiresInControlFlow - 0.00191 (ms)
2026-07-10 21:35:01,066 [INFO] Pass: GatesInBasis - 0.00858 (ms)
2026-07-10 21:35:01,066 [INFO] Pass: Depth - 0.00978 (ms)
2026-07-10 21:35:01,066 [INFO] Pass: FixedPoint - 0.00381 (ms)
2026-07-10 21:35:01,066 [INFO] Pass: Size - 0.00215 (ms)
2026-07-10 21:35:01,066 [INFO] Pass: FixedPoint - 0.00286 (ms)
2026-07-10 21:35:01,066 [INFO] Pass: RemoveIdentityEquivalent - 0.00334 (ms)
2026-07-10 21:35:01,066 [INFO] Pass: Optimize1qGatesDecomposition - 0.08297 (ms)
2026-07-10 21:35:01,067 [INFO] Pass: CommutativeCancellation - 0.03815 (ms)
2026-07-10 21:35:01,067 [INFO] Pass: ContractIdleWiresInControlFlow - 0.00191 (ms)
2026-07-10 21:35:01,067 [INFO] Pass: GatesInBasis - 0.00668 (ms)
2026-07-10 21:35:01,067 [INFO] Pass: Depth - 0.00763 (ms)
2026-07-10 21:35:01,067 [INFO] Pass: FixedPoint - 0.00334 (ms)
2026-07-10 21:35:01,067 [INFO] Pass: Size - 0.00215 (ms)
2026-07-10 21:35:01,067 [INFO] Pass: FixedPoint - 0.00262 (ms)
2026-07-10 21:35:01,067 [INFO] Pass: ContainsInstruction - 0.00525 (ms)
2026-07-10 21:35:01,067 [INFO] Total Transpile Time - 95.93129 (ms)
2026-07-10 21:35:14,383 [INFO] [PCE] n=25 instancia 83/100 completada en 0:00:00:14 — transcurrido=0:00:18:44 restante_estimado=0:00:03:50
2026-07-10 21:35:14,479 [INFO] Pass: ContainsInstruction - 0.01097 (ms)
2026-07-10 21:35:14,479 [INFO] Pass: UnitarySynthesis - 0.00620 (ms)
2026-07-10 21:35:14,479 [INFO] Pass: HighLevelSynthesis - 0.00644 (ms)
2026-07-10 21:35:14,479 [INFO] Pass: BasisTranslator - 0.05984 (ms)
2026-07-10 21:35:14,479 [INFO] Pass: ElidePermutations - 0.00501 (ms)
2026-07-10 21:35:14,479 [INFO] Pass: RemoveDiagonalGatesBeforeMeasure - 0.00763 (ms)
2026-07-10 21:35:14,479 [INFO] Pass: RemoveIdentityEquivalent - 0.00334 (ms)
2026-07-10 21:35:14,479 [INFO] Pass: InverseCancellation - 0.00501 (ms)
2026-07-10 21:35:14,479 [INFO] Pass: ContractIdleWiresInControlFlow - 0.00191 (ms)
2026-07-10 21:35:14,480 [INFO] Pass: CommutativeCancellation - 0.02265 (ms)
2026-07-10 21:35:14,480 [INFO] Pass: ConsolidateBlocks - 0.03219 (ms)
2026-07-10 21:35:14,480 [INFO] Pass: Split2QUnitaries - 0.00358 (ms)
2026-07-10 21:35:14,480 [INFO] Pass: UnitarySynthesis - 0.00548 (ms)
2026-07-10 21:35:14,480 [INFO] Pass: HighLevelSynthesis - 0.00882 (ms)
2026-07-10 21:35:14,480 [INFO] Pass: BasisTranslator - 0.05221 (ms)
2026-07-10 21:35:14,480 [INFO] Pass: ConsolidateBlocks - 0.04077 (ms)
2026-07-10 21:35:14,480 [INFO] Pass: UnitarySynthesis - 0.00405 (ms)
2026-07-10 21:35:14,480 [INFO] Pass: Depth - 0.00978 (ms)
2026-07-10 21:35:14,480 [INFO] Pass: FixedPoint - 0.00501 (ms)
2026-07-10 21:35:14,480 [INFO] Pass: Size - 0.00405 (ms)
2026-07-10 21:35:14,480 [INFO] Pass: FixedPoint - 0.00310 (ms)
2026-07-10 21:35:14,480 [INFO] Pass: RemoveIdentityEquivalent - 0.00262 (ms)
2026-07-10 21:35:14,480 [INFO] Pass: Optimize1qGatesDecomposition - 0.02933 (ms)
2026-07-10 21:35:14,480 [INFO] Pass: CommutativeCancellation - 0.04387 (ms)
2026-07-10 21:35:14,480 [INFO] Pass: ContractIdleWiresInControlFlow - 0.00191 (ms)
2026-07-10 21:35:14,480 [INFO] Pass: GatesInBasis - 0.00834 (ms)
2026-07-10 21:35:14,480 [INFO] Pass: Depth - 0.00739 (ms)
2026-07-10 21:35:14,480 [INFO] Pass: FixedPoint - 0.00334 (ms)
2026-07-10 21:35:14,480 [INFO] Pass: Size - 0.00215 (ms)
2026-07-10 21:35:14,480 [INFO] Pass: FixedPoint - 0.00286 (ms)
2026-07-10 21:35:14,480 [INFO] Pass: ContainsInstruction - 0.00453 (ms)
2026-07-10 21:35:14,480 [INFO] Total Transpile Time - 96.23599 (ms)
2026-07-10 21:35:14,574 [INFO] Pass: ContainsInstruction - 0.01025 (ms)
2026-07-10 21:35:14,574 [INFO] Pass: UnitarySynthesis - 0.00644 (ms)
2026-07-10 21:35:14,574 [INFO] Pass: HighLevelSynthesis - 0.00644 (ms)
2026-07-10 21:35:14,574 [INFO] Pass: BasisTranslator - 0.05341 (ms)
2026-07-10 21:35:14,574 [INFO] Pass: ElidePermutations - 0.00429 (ms)
2026-07-10 21:35:14,574 [INFO] Pass: RemoveDiagonalGatesBeforeMeasure - 0.00644 (ms)
2026-07-10 21:35:14,574 [INFO] Pass: RemoveIdentityEquivalent - 0.00453 (ms)
2026-07-10 21:35:14,574 [INFO] Pass: InverseCancellation - 0.01311 (ms)
2026-07-10 21:35:14,574 [INFO] Pass: ContractIdleWiresInControlFlow - 0.00238 (ms)
2026-07-10 21:35:14,574 [INFO] Pass: CommutativeCancellation - 0.02623 (ms)
2026-07-10 21:35:14,574 [INFO] Pass: ConsolidateBlocks - 0.02885 (ms)
2026-07-10 21:35:14,574 [INFO] Pass: Split2QUnitaries - 0.00286 (ms)
2026-07-10 21:35:14,574 [INFO] Pass: UnitarySynthesis - 0.00477 (ms)
2026-07-10 21:35:14,574 [INFO] Pass: HighLevelSynthesis - 0.00930 (ms)
2026-07-10 21:35:14,574 [INFO] Pass: BasisTranslator - 0.06127 (ms)
2026-07-10 21:35:14,574 [INFO] Pass: ConsolidateBlocks - 0.04077 (ms)
2026-07-10 21:35:14,574 [INFO] Pass: UnitarySynthesis - 0.00477 (ms)
2026-07-10 21:35:14,574 [INFO] Pass: Depth - 0.00954 (ms)
2026-07-10 21:35:14,574 [INFO] Pass: FixedPoint - 0.00453 (ms)
2026-07-10 21:35:14,574 [INFO] Pass: Size - 0.00310 (ms)
2026-07-10 21:35:14,575 [INFO] Pass: FixedPoint - 0.00286 (ms)
2026-07-10 21:35:14,575 [INFO] Pass: RemoveIdentityEquivalent - 0.00358 (ms)
2026-07-10 21:35:14,575 [INFO] Pass: Optimize1qGatesDecomposition - 0.09441 (ms)
2026-07-10 21:35:14,575 [INFO] Pass: CommutativeCancellation - 0.04959 (ms)
2026-07-10 21:35:14,575 [INFO] Pass: ContractIdleWiresInControlFlow - 0.00215 (ms)
2026-07-10 21:35:14,575 [INFO] Pass: GatesInBasis - 0.00834 (ms)
2026-07-10 21:35:14,575 [INFO] Pass: Depth - 0.00811 (ms)
2026-07-10 21:35:14,575 [INFO] Pass: FixedPoint - 0.00334 (ms)
2026-07-10 21:35:14,575 [INFO] Pass: Size - 0.00215 (ms)
2026-07-10 21:35:14,575 [INFO] Pass: FixedPoint - 0.00262 (ms)
2026-07-10 21:35:14,575 [INFO] Pass: ContainsInstruction - 0.00477 (ms)
2026-07-10 21:35:14,575 [INFO] Total Transpile Time - 94.21945 (ms)
2026-07-10 21:35:14,668 [INFO] Pass: ContainsInstruction - 0.00906 (ms)
2026-07-10 21:35:14,668 [INFO] Pass: UnitarySynthesis - 0.00644 (ms)
2026-07-10 21:35:14,668 [INFO] Pass: HighLevelSynthesis - 0.00501 (ms)
2026-07-10 21:35:14,668 [INFO] Pass: BasisTranslator - 0.05341 (ms)
2026-07-10 21:35:14,668 [INFO] Pass: ElidePermutations - 0.00358 (ms)
2026-07-10 21:35:14,668 [INFO] Pass: RemoveDiagonalGatesBeforeMeasure - 0.00572 (ms)
2026-07-10 21:35:14,668 [INFO] Pass: RemoveIdentityEquivalent - 0.00429 (ms)
2026-07-10 21:35:14,668 [INFO] Pass: InverseCancellation - 0.01264 (ms)
2026-07-10 21:35:14,668 [INFO] Pass: ContractIdleWiresInControlFlow - 0.00215 (ms)
2026-07-10 21:35:14,668 [INFO] Pass: CommutativeCancellation - 0.03219 (ms)
2026-07-10 21:35:14,668 [INFO] Pass: ConsolidateBlocks - 0.02813 (ms)
2026-07-10 21:35:14,668 [INFO] Pass: Split2QUnitaries - 0.00238 (ms)
2026-07-10 21:35:14,668 [INFO] Pass: UnitarySynthesis - 0.00525 (ms)
2026-07-10 21:35:14,668 [INFO] Pass: HighLevelSynthesis - 0.01001 (ms)
2026-07-10 21:35:14,668 [INFO] Pass: BasisTranslator - 0.05531 (ms)
2026-07-10 21:35:14,669 [INFO] Pass: ConsolidateBlocks - 0.04220 (ms)
2026-07-10 21:35:14,669 [INFO] Pass: UnitarySynthesis - 0.00477 (ms)
2026-07-10 21:35:14,669 [INFO] Pass: Depth - 0.00978 (ms)
2026-07-10 21:35:14,669 [INFO] Pass: FixedPoint - 0.00453 (ms)
2026-07-10 21:35:14,669 [INFO] Pass: Size - 0.00286 (ms)
2026-07-10 21:35:14,669 [INFO] Pass: FixedPoint - 0.00286 (ms)
2026-07-10 21:35:14,669 [INFO] Pass: RemoveIdentityEquivalent - 0.00381 (ms)
2026-07-10 21:35:14,669 [INFO] Pass: Optimize1qGatesDecomposition - 0.09489 (ms)
2026-07-10 21:35:14,669 [INFO] Pass: CommutativeCancellation - 0.04387 (ms)
2026-07-10 21:35:14,669 [INFO] Pass: ContractIdleWiresInControlFlow - 0.00191 (ms)
2026-07-10 21:35:14,669 [INFO] Pass: GatesInBasis - 0.00811 (ms)
2026-07-10 21:35:14,669 [INFO] Pass: Depth - 0.00930 (ms)
2026-07-10 21:35:14,669 [INFO] Pass: FixedPoint - 0.00358 (ms)
2026-07-10 21:35:14,669 [INFO] Pass: Size - 0.00215 (ms)
2026-07-10 21:35:14,669 [INFO] Pass: FixedPoint - 0.00286 (ms)
2026-07-10 21:35:14,669 [INFO] Pass: RemoveIdentityEquivalent - 0.00334 (ms)
2026-07-10 21:35:14,669 [INFO] Pass: Optimize1qGatesDecomposition - 0.07844 (ms)
2026-07-10 21:35:14,669 [INFO] Pass: CommutativeCancellation - 0.04435 (ms)
2026-07-10 21:35:14,669 [INFO] Pass: ContractIdleWiresInControlFlow - 0.00191 (ms)
2026-07-10 21:35:14,669 [INFO] Pass: GatesInBasis - 0.00644 (ms)
2026-07-10 21:35:14,669 [INFO] Pass: Depth - 0.00858 (ms)
2026-07-10 21:35:14,669 [INFO] Pass: FixedPoint - 0.00286 (ms)
2026-07-10 21:35:14,669 [INFO] Pass: Size - 0.00215 (ms)
2026-07-10 21:35:14,669 [INFO] Pass: FixedPoint - 0.00262 (ms)
2026-07-10 21:35:14,669 [INFO] Pass: ContainsInstruction - 0.00525 (ms)
2026-07-10 21:35:14,670 [INFO] Total Transpile Time - 94.14577 (ms)
2026-07-10 21:35:28,260 [INFO] [PCE] n=25 instancia 84/100 completada en 0:00:00:14 — transcurrido=0:00:18:57 restante_estimado=0:00:03:37
2026-07-10 21:35:28,356 [INFO] Pass: ContainsInstruction - 0.01121 (ms)
2026-07-10 21:35:28,356 [INFO] Pass: UnitarySynthesis - 0.00715 (ms)
2026-07-10 21:35:28,356 [INFO] Pass: HighLevelSynthesis - 0.00691 (ms)
2026-07-10 21:35:28,356 [INFO] Pass: BasisTranslator - 0.05960 (ms)
2026-07-10 21:35:28,356 [INFO] Pass: ElidePermutations - 0.00501 (ms)
2026-07-10 21:35:28,356 [INFO] Pass: RemoveDiagonalGatesBeforeMeasure - 0.00906 (ms)
2026-07-10 21:35:28,356 [INFO] Pass: RemoveIdentityEquivalent - 0.00358 (ms)
2026-07-10 21:35:28,356 [INFO] Pass: InverseCancellation - 0.00477 (ms)
2026-07-10 21:35:28,356 [INFO] Pass: ContractIdleWiresInControlFlow - 0.00215 (ms)
2026-07-10 21:35:28,356 [INFO] Pass: CommutativeCancellation - 0.02217 (ms)
2026-07-10 21:35:28,356 [INFO] Pass: ConsolidateBlocks - 0.03266 (ms)
2026-07-10 21:35:28,356 [INFO] Pass: Split2QUnitaries - 0.00334 (ms)
2026-07-10 21:35:28,356 [INFO] Pass: UnitarySynthesis - 0.00501 (ms)
2026-07-10 21:35:28,356 [INFO] Pass: HighLevelSynthesis - 0.00906 (ms)
2026-07-10 21:35:28,357 [INFO] Pass: BasisTranslator - 0.05436 (ms)
2026-07-10 21:35:28,357 [INFO] Pass: ConsolidateBlocks - 0.04315 (ms)
2026-07-10 21:35:28,357 [INFO] Pass: UnitarySynthesis - 0.00429 (ms)
2026-07-10 21:35:28,357 [INFO] Pass: Depth - 0.01025 (ms)
2026-07-10 21:35:28,357 [INFO] Pass: FixedPoint - 0.00453 (ms)
2026-07-10 21:35:28,357 [INFO] Pass: Size - 0.00334 (ms)
2026-07-10 21:35:28,357 [INFO] Pass: FixedPoint - 0.00286 (ms)
2026-07-10 21:35:28,357 [INFO] Pass: RemoveIdentityEquivalent - 0.00238 (ms)
2026-07-10 21:35:28,357 [INFO] Pass: Optimize1qGatesDecomposition - 0.02980 (ms)
2026-07-10 21:35:28,357 [INFO] Pass: CommutativeCancellation - 0.04363 (ms)
2026-07-10 21:35:28,357 [INFO] Pass: ContractIdleWiresInControlFlow - 0.00191 (ms)
2026-07-10 21:35:28,357 [INFO] Pass: GatesInBasis - 0.00906 (ms)
2026-07-10 21:35:28,357 [INFO] Pass: Depth - 0.00787 (ms)
2026-07-10 21:35:28,357 [INFO] Pass: FixedPoint - 0.00358 (ms)
2026-07-10 21:35:28,357 [INFO] Pass: Size - 0.00191 (ms)
2026-07-10 21:35:28,357 [INFO] Pass: FixedPoint - 0.00262 (ms)
2026-07-10 21:35:28,357 [INFO] Pass: ContainsInstruction - 0.00501 (ms)
2026-07-10 21:35:28,357 [INFO] Total Transpile Time - 95.45135 (ms)
2026-07-10 21:35:28,450 [INFO] Pass: ContainsInstruction - 0.00978 (ms)
2026-07-10 21:35:28,450 [INFO] Pass: UnitarySynthesis - 0.00572 (ms)
2026-07-10 21:35:28,450 [INFO] Pass: HighLevelSynthesis - 0.00572 (ms)
2026-07-10 21:35:28,451 [INFO] Pass: BasisTranslator - 0.05484 (ms)
2026-07-10 21:35:28,451 [INFO] Pass: ElidePermutations - 0.00429 (ms)
2026-07-10 21:35:28,451 [INFO] Pass: RemoveDiagonalGatesBeforeMeasure - 0.00668 (ms)
2026-07-10 21:35:28,451 [INFO] Pass: RemoveIdentityEquivalent - 0.00405 (ms)
2026-07-10 21:35:28,451 [INFO] Pass: InverseCancellation - 0.01335 (ms)
2026-07-10 21:35:28,451 [INFO] Pass: ContractIdleWiresInControlFlow - 0.00191 (ms)
2026-07-10 21:35:28,451 [INFO] Pass: CommutativeCancellation - 0.02599 (ms)
2026-07-10 21:35:28,451 [INFO] Pass: ConsolidateBlocks - 0.03004 (ms)
2026-07-10 21:35:28,451 [INFO] Pass: Split2QUnitaries - 0.00262 (ms)
2026-07-10 21:35:28,451 [INFO] Pass: UnitarySynthesis - 0.00477 (ms)
2026-07-10 21:35:28,451 [INFO] Pass: HighLevelSynthesis - 0.00906 (ms)
2026-07-10 21:35:28,451 [INFO] Pass: BasisTranslator - 0.05245 (ms)
2026-07-10 21:35:28,451 [INFO] Pass: ConsolidateBlocks - 0.04148 (ms)
2026-07-10 21:35:28,451 [INFO] Pass: UnitarySynthesis - 0.00429 (ms)
2026-07-10 21:35:28,451 [INFO] Pass: Depth - 0.00978 (ms)
2026-07-10 21:35:28,451 [INFO] Pass: FixedPoint - 0.00429 (ms)
2026-07-10 21:35:28,451 [INFO] Pass: Size - 0.00310 (ms)
2026-07-10 21:35:28,451 [INFO] Pass: FixedPoint - 0.00286 (ms)
2026-07-10 21:35:28,451 [INFO] Pass: RemoveIdentityEquivalent - 0.00334 (ms)
2026-07-10 21:35:28,451 [INFO] Pass: Optimize1qGatesDecomposition - 0.09823 (ms)
2026-07-10 21:35:28,451 [INFO] Pass: CommutativeCancellation - 0.04983 (ms)
2026-07-10 21:35:28,451 [INFO] Pass: ContractIdleWiresInControlFlow - 0.00191 (ms)
2026-07-10 21:35:28,451 [INFO] Pass: GatesInBasis - 0.00858 (ms)
2026-07-10 21:35:28,451 [INFO] Pass: Depth - 0.00882 (ms)
2026-07-10 21:35:28,452 [INFO] Pass: FixedPoint - 0.00358 (ms)
2026-07-10 21:35:28,452 [INFO] Pass: Size - 0.00215 (ms)
2026-07-10 21:35:28,452 [INFO] Pass: FixedPoint - 0.00286 (ms)
2026-07-10 21:35:28,452 [INFO] Pass: ContainsInstruction - 0.00477 (ms)
2026-07-10 21:35:28,452 [INFO] Total Transpile Time - 94.05088 (ms)
2026-07-10 21:35:28,546 [INFO] Pass: ContainsInstruction - 0.00930 (ms)
2026-07-10 21:35:28,546 [INFO] Pass: UnitarySynthesis - 0.00644 (ms)
2026-07-10 21:35:28,546 [INFO] Pass: HighLevelSynthesis - 0.00572 (ms)
2026-07-10 21:35:28,546 [INFO] Pass: BasisTranslator - 0.05364 (ms)
2026-07-10 21:35:28,546 [INFO] Pass: ElidePermutations - 0.00358 (ms)
2026-07-10 21:35:28,546 [INFO] Pass: RemoveDiagonalGatesBeforeMeasure - 0.00548 (ms)
2026-07-10 21:35:28,546 [INFO] Pass: RemoveIdentityEquivalent - 0.00429 (ms)
2026-07-10 21:35:28,546 [INFO] Pass: InverseCancellation - 0.01287 (ms)
2026-07-10 21:35:28,546 [INFO] Pass: ContractIdleWiresInControlFlow - 0.00215 (ms)
2026-07-10 21:35:28,546 [INFO] Pass: CommutativeCancellation - 0.02337 (ms)
2026-07-10 21:35:28,546 [INFO] Pass: ConsolidateBlocks - 0.02885 (ms)
2026-07-10 21:35:28,546 [INFO] Pass: Split2QUnitaries - 0.00238 (ms)
2026-07-10 21:35:28,546 [INFO] Pass: UnitarySynthesis - 0.00477 (ms)
2026-07-10 21:35:28,546 [INFO] Pass: HighLevelSynthesis - 0.01025 (ms)
2026-07-10 21:35:28,546 [INFO] Pass: BasisTranslator - 0.05388 (ms)
2026-07-10 21:35:28,546 [INFO] Pass: ConsolidateBlocks - 0.04244 (ms)
2026-07-10 21:35:28,546 [INFO] Pass: UnitarySynthesis - 0.00429 (ms)
2026-07-10 21:35:28,546 [INFO] Pass: Depth - 0.01001 (ms)
2026-07-10 21:35:28,546 [INFO] Pass: FixedPoint - 0.00453 (ms)
2026-07-10 21:35:28,546 [INFO] Pass: Size - 0.00286 (ms)
2026-07-10 21:35:28,546 [INFO] Pass: FixedPoint - 0.00262 (ms)
2026-07-10 21:35:28,546 [INFO] Pass: RemoveIdentityEquivalent - 0.00381 (ms)
2026-07-10 21:35:28,546 [INFO] Pass: Optimize1qGatesDecomposition - 0.09418 (ms)
2026-07-10 21:35:28,547 [INFO] Pass: CommutativeCancellation - 0.04363 (ms)
2026-07-10 21:35:28,547 [INFO] Pass: ContractIdleWiresInControlFlow - 0.00191 (ms)
2026-07-10 21:35:28,547 [INFO] Pass: GatesInBasis - 0.00834 (ms)
2026-07-10 21:35:28,547 [INFO] Pass: Depth - 0.00906 (ms)
2026-07-10 21:35:28,547 [INFO] Pass: FixedPoint - 0.00334 (ms)
2026-07-10 21:35:28,547 [INFO] Pass: Size - 0.00215 (ms)
2026-07-10 21:35:28,547 [INFO] Pass: FixedPoint - 0.00334 (ms)
2026-07-10 21:35:28,547 [INFO] Pass: RemoveIdentityEquivalent - 0.00358 (ms)
2026-07-10 21:35:28,547 [INFO] Pass: Optimize1qGatesDecomposition - 0.07629 (ms)
2026-07-10 21:35:28,547 [INFO] Pass: CommutativeCancellation - 0.03815 (ms)
2026-07-10 21:35:28,547 [INFO] Pass: ContractIdleWiresInControlFlow - 0.00167 (ms)
2026-07-10 21:35:28,547 [INFO] Pass: GatesInBasis - 0.00668 (ms)
2026-07-10 21:35:28,547 [INFO] Pass: Depth - 0.00763 (ms)
2026-07-10 21:35:28,547 [INFO] Pass: FixedPoint - 0.00334 (ms)
2026-07-10 21:35:28,547 [INFO] Pass: Size - 0.00167 (ms)
2026-07-10 21:35:28,547 [INFO] Pass: FixedPoint - 0.00262 (ms)
2026-07-10 21:35:28,547 [INFO] Pass: ContainsInstruction - 0.00525 (ms)
2026-07-10 21:35:28,547 [INFO] Total Transpile Time - 95.13855 (ms)
2026-07-10 21:35:41,946 [INFO] [PCE] n=25 instancia 85/100 completada en 0:00:00:14 — transcurrido=0:00:19:11 restante_estimado=0:00:03:23
2026-07-10 21:35:42,042 [INFO] Pass: ContainsInstruction - 0.01121 (ms)
2026-07-10 21:35:42,042 [INFO] Pass: UnitarySynthesis - 0.00644 (ms)
2026-07-10 21:35:42,042 [INFO] Pass: HighLevelSynthesis - 0.00668 (ms)
2026-07-10 21:35:42,042 [INFO] Pass: BasisTranslator - 0.06080 (ms)
2026-07-10 21:35:42,042 [INFO] Pass: ElidePermutations - 0.00501 (ms)
2026-07-10 21:35:42,042 [INFO] Pass: RemoveDiagonalGatesBeforeMeasure - 0.00739 (ms)
2026-07-10 21:35:42,042 [INFO] Pass: RemoveIdentityEquivalent - 0.00334 (ms)
2026-07-10 21:35:42,042 [INFO] Pass: InverseCancellation - 0.00525 (ms)
2026-07-10 21:35:42,042 [INFO] Pass: ContractIdleWiresInControlFlow - 0.00215 (ms)
2026-07-10 21:35:42,042 [INFO] Pass: CommutativeCancellation - 0.02122 (ms)
2026-07-10 21:35:42,042 [INFO] Pass: ConsolidateBlocks - 0.03242 (ms)
2026-07-10 21:35:42,042 [INFO] Pass: Split2QUnitaries - 0.00310 (ms)
2026-07-10 21:35:42,042 [INFO] Pass: UnitarySynthesis - 0.00453 (ms)
2026-07-10 21:35:42,042 [INFO] Pass: HighLevelSynthesis - 0.00882 (ms)
2026-07-10 21:35:42,042 [INFO] Pass: BasisTranslator - 0.05436 (ms)
2026-07-10 21:35:42,042 [INFO] Pass: ConsolidateBlocks - 0.05007 (ms)
2026-07-10 21:35:42,042 [INFO] Pass: UnitarySynthesis - 0.00405 (ms)
2026-07-10 21:35:42,042 [INFO] Pass: Depth - 0.01049 (ms)
2026-07-10 21:35:42,042 [INFO] Pass: FixedPoint - 0.00429 (ms)
2026-07-10 21:35:42,042 [INFO] Pass: Size - 0.00310 (ms)
2026-07-10 21:35:42,042 [INFO] Pass: FixedPoint - 0.00286 (ms)
2026-07-10 21:35:42,042 [INFO] Pass: RemoveIdentityEquivalent - 0.00238 (ms)
2026-07-10 21:35:42,042 [INFO] Pass: Optimize1qGatesDecomposition - 0.02813 (ms)
2026-07-10 21:35:42,043 [INFO] Pass: CommutativeCancellation - 0.04363 (ms)
2026-07-10 21:35:42,043 [INFO] Pass: ContractIdleWiresInControlFlow - 0.00215 (ms)
2026-07-10 21:35:42,043 [INFO] Pass: GatesInBasis - 0.00834 (ms)
2026-07-10 21:35:42,043 [INFO] Pass: Depth - 0.00787 (ms)
2026-07-10 21:35:42,043 [INFO] Pass: FixedPoint - 0.00334 (ms)
2026-07-10 21:35:42,043 [INFO] Pass: Size - 0.00191 (ms)
2026-07-10 21:35:42,043 [INFO] Pass: FixedPoint - 0.00238 (ms)
2026-07-10 21:35:42,043 [INFO] Pass: ContainsInstruction - 0.00501 (ms)
2026-07-10 21:35:42,043 [INFO] Total Transpile Time - 95.35241 (ms)
2026-07-10 21:35:42,136 [INFO] Pass: ContainsInstruction - 0.00930 (ms)
2026-07-10 21:35:42,136 [INFO] Pass: UnitarySynthesis - 0.00620 (ms)
2026-07-10 21:35:42,136 [INFO] Pass: HighLevelSynthesis - 0.00548 (ms)
2026-07-10 21:35:42,136 [INFO] Pass: BasisTranslator - 0.05627 (ms)
2026-07-10 21:35:42,136 [INFO] Pass: ElidePermutations - 0.00453 (ms)
2026-07-10 21:35:42,136 [INFO] Pass: RemoveDiagonalGatesBeforeMeasure - 0.00572 (ms)
2026-07-10 21:35:42,136 [INFO] Pass: RemoveIdentityEquivalent - 0.00405 (ms)
2026-07-10 21:35:42,136 [INFO] Pass: InverseCancellation - 0.01311 (ms)
2026-07-10 21:35:42,136 [INFO] Pass: ContractIdleWiresInControlFlow - 0.00215 (ms)
2026-07-10 21:35:42,136 [INFO] Pass: CommutativeCancellation - 0.02837 (ms)
2026-07-10 21:35:42,136 [INFO] Pass: ConsolidateBlocks - 0.02837 (ms)
2026-07-10 21:35:42,136 [INFO] Pass: Split2QUnitaries - 0.00262 (ms)
2026-07-10 21:35:42,136 [INFO] Pass: UnitarySynthesis - 0.00477 (ms)
2026-07-10 21:35:42,136 [INFO] Pass: HighLevelSynthesis - 0.00882 (ms)
2026-07-10 21:35:42,136 [INFO] Pass: BasisTranslator - 0.05364 (ms)
2026-07-10 21:35:42,136 [INFO] Pass: ConsolidateBlocks - 0.04172 (ms)
2026-07-10 21:35:42,136 [INFO] Pass: UnitarySynthesis - 0.00429 (ms)
2026-07-10 21:35:42,136 [INFO] Pass: Depth - 0.01025 (ms)
2026-07-10 21:35:42,136 [INFO] Pass: FixedPoint - 0.00477 (ms)
2026-07-10 21:35:42,136 [INFO] Pass: Size - 0.00310 (ms)
2026-07-10 21:35:42,136 [INFO] Pass: FixedPoint - 0.00286 (ms)
2026-07-10 21:35:42,136 [INFO] Pass: RemoveIdentityEquivalent - 0.00381 (ms)
2026-07-10 21:35:42,136 [INFO] Pass: Optimize1qGatesDecomposition - 0.08845 (ms)
2026-07-10 21:35:42,137 [INFO] Pass: CommutativeCancellation - 0.05007 (ms)
2026-07-10 21:35:42,137 [INFO] Pass: ContractIdleWiresInControlFlow - 0.00215 (ms)
2026-07-10 21:35:42,137 [INFO] Pass: GatesInBasis - 0.00882 (ms)
2026-07-10 21:35:42,137 [INFO] Pass: Depth - 0.00834 (ms)
2026-07-10 21:35:42,137 [INFO] Pass: FixedPoint - 0.00358 (ms)
2026-07-10 21:35:42,137 [INFO] Pass: Size - 0.00167 (ms)
2026-07-10 21:35:42,137 [INFO] Pass: FixedPoint - 0.00262 (ms)
2026-07-10 21:35:42,137 [INFO] Pass: ContainsInstruction - 0.00477 (ms)
2026-07-10 21:35:42,137 [INFO] Total Transpile Time - 93.55664 (ms)
2026-07-10 21:35:42,230 [INFO] Pass: ContainsInstruction - 0.00930 (ms)
2026-07-10 21:35:42,230 [INFO] Pass: UnitarySynthesis - 0.00620 (ms)
2026-07-10 21:35:42,230 [INFO] Pass: HighLevelSynthesis - 0.00477 (ms)
2026-07-10 21:35:42,230 [INFO] Pass: BasisTranslator - 0.05364 (ms)
2026-07-10 21:35:42,231 [INFO] Pass: ElidePermutations - 0.00310 (ms)
2026-07-10 21:35:42,231 [INFO] Pass: RemoveDiagonalGatesBeforeMeasure - 0.00501 (ms)
2026-07-10 21:35:42,231 [INFO] Pass: RemoveIdentityEquivalent - 0.00381 (ms)
2026-07-10 21:35:42,231 [INFO] Pass: InverseCancellation - 0.01168 (ms)
2026-07-10 21:35:42,231 [INFO] Pass: ContractIdleWiresInControlFlow - 0.00215 (ms)
2026-07-10 21:35:42,231 [INFO] Pass: CommutativeCancellation - 0.02360 (ms)
2026-07-10 21:35:42,231 [INFO] Pass: ConsolidateBlocks - 0.02789 (ms)
2026-07-10 21:35:42,231 [INFO] Pass: Split2QUnitaries - 0.00238 (ms)
2026-07-10 21:35:42,231 [INFO] Pass: UnitarySynthesis - 0.00477 (ms)
2026-07-10 21:35:42,231 [INFO] Pass: HighLevelSynthesis - 0.00954 (ms)
2026-07-10 21:35:42,231 [INFO] Pass: BasisTranslator - 0.05388 (ms)
2026-07-10 21:35:42,231 [INFO] Pass: ConsolidateBlocks - 0.04172 (ms)
2026-07-10 21:35:42,231 [INFO] Pass: UnitarySynthesis - 0.00453 (ms)
2026-07-10 21:35:42,231 [INFO] Pass: Depth - 0.00906 (ms)
2026-07-10 21:35:42,231 [INFO] Pass: FixedPoint - 0.00453 (ms)
2026-07-10 21:35:42,231 [INFO] Pass: Size - 0.00286 (ms)
2026-07-10 21:35:42,231 [INFO] Pass: FixedPoint - 0.00286 (ms)
2026-07-10 21:35:42,231 [INFO] Pass: RemoveIdentityEquivalent - 0.00358 (ms)
2026-07-10 21:35:42,231 [INFO] Pass: Optimize1qGatesDecomposition - 0.09894 (ms)
2026-07-10 21:35:42,231 [INFO] Pass: CommutativeCancellation - 0.04339 (ms)
2026-07-10 21:35:42,231 [INFO] Pass: ContractIdleWiresInControlFlow - 0.00191 (ms)
2026-07-10 21:35:42,231 [INFO] Pass: GatesInBasis - 0.00763 (ms)
2026-07-10 21:35:42,231 [INFO] Pass: Depth - 0.00954 (ms)
2026-07-10 21:35:42,231 [INFO] Pass: FixedPoint - 0.00358 (ms)
2026-07-10 21:35:42,231 [INFO] Pass: Size - 0.00191 (ms)
2026-07-10 21:35:42,231 [INFO] Pass: FixedPoint - 0.00262 (ms)
2026-07-10 21:35:42,232 [INFO] Pass: RemoveIdentityEquivalent - 0.00334 (ms)
2026-07-10 21:35:42,232 [INFO] Pass: Optimize1qGatesDecomposition - 0.07844 (ms)
2026-07-10 21:35:42,232 [INFO] Pass: CommutativeCancellation - 0.03886 (ms)
2026-07-10 21:35:42,232 [INFO] Pass: ContractIdleWiresInControlFlow - 0.00143 (ms)
2026-07-10 21:35:42,232 [INFO] Pass: GatesInBasis - 0.00644 (ms)
2026-07-10 21:35:42,232 [INFO] Pass: Depth - 0.00739 (ms)
2026-07-10 21:35:42,232 [INFO] Pass: FixedPoint - 0.00334 (ms)
2026-07-10 21:35:42,232 [INFO] Pass: Size - 0.00215 (ms)
2026-07-10 21:35:42,232 [INFO] Pass: FixedPoint - 0.00286 (ms)
2026-07-10 21:35:42,232 [INFO] Pass: ContainsInstruction - 0.00501 (ms)
2026-07-10 21:35:42,232 [INFO] Total Transpile Time - 94.75875 (ms)
2026-07-10 21:35:55,346 [INFO] [PCE] n=25 instancia 86/100 completada en 0:00:00:13 — transcurrido=0:00:19:24 restante_estimado=0:00:03:10
2026-07-10 21:35:55,443 [INFO] Pass: ContainsInstruction - 0.01144 (ms)
2026-07-10 21:35:55,443 [INFO] Pass: UnitarySynthesis - 0.00668 (ms)
2026-07-10 21:35:55,443 [INFO] Pass: HighLevelSynthesis - 0.00691 (ms)
2026-07-10 21:35:55,443 [INFO] Pass: BasisTranslator - 0.05913 (ms)
2026-07-10 21:35:55,443 [INFO] Pass: ElidePermutations - 0.00501 (ms)
2026-07-10 21:35:55,443 [INFO] Pass: RemoveDiagonalGatesBeforeMeasure - 0.00739 (ms)
2026-07-10 21:35:55,443 [INFO] Pass: RemoveIdentityEquivalent - 0.00334 (ms)
2026-07-10 21:35:55,443 [INFO] Pass: InverseCancellation - 0.00501 (ms)
2026-07-10 21:35:55,443 [INFO] Pass: ContractIdleWiresInControlFlow - 0.00215 (ms)
2026-07-10 21:35:55,443 [INFO] Pass: CommutativeCancellation - 0.02360 (ms)
2026-07-10 21:35:55,443 [INFO] Pass: ConsolidateBlocks - 0.03314 (ms)
2026-07-10 21:35:55,443 [INFO] Pass: Split2QUnitaries - 0.00358 (ms)
2026-07-10 21:35:55,443 [INFO] Pass: UnitarySynthesis - 0.00501 (ms)
2026-07-10 21:35:55,443 [INFO] Pass: HighLevelSynthesis - 0.00906 (ms)
2026-07-10 21:35:55,443 [INFO] Pass: BasisTranslator - 0.05364 (ms)
2026-07-10 21:35:55,443 [INFO] Pass: ConsolidateBlocks - 0.04172 (ms)
2026-07-10 21:35:55,443 [INFO] Pass: UnitarySynthesis - 0.00405 (ms)
2026-07-10 21:35:55,443 [INFO] Pass: Depth - 0.01025 (ms)
2026-07-10 21:35:55,443 [INFO] Pass: FixedPoint - 0.00429 (ms)
2026-07-10 21:35:55,443 [INFO] Pass: Size - 0.00334 (ms)
2026-07-10 21:35:55,443 [INFO] Pass: FixedPoint - 0.00262 (ms)
2026-07-10 21:35:55,443 [INFO] Pass: RemoveIdentityEquivalent - 0.00286 (ms)
2026-07-10 21:35:55,443 [INFO] Pass: Optimize1qGatesDecomposition - 0.02885 (ms)
2026-07-10 21:35:55,443 [INFO] Pass: CommutativeCancellation - 0.04268 (ms)
2026-07-10 21:35:55,444 [INFO] Pass: ContractIdleWiresInControlFlow - 0.00215 (ms)
2026-07-10 21:35:55,444 [INFO] Pass: GatesInBasis - 0.00834 (ms)
2026-07-10 21:35:55,444 [INFO] Pass: Depth - 0.00834 (ms)
2026-07-10 21:35:55,444 [INFO] Pass: FixedPoint - 0.00334 (ms)
2026-07-10 21:35:55,444 [INFO] Pass: Size - 0.00191 (ms)
2026-07-10 21:35:55,444 [INFO] Pass: FixedPoint - 0.00262 (ms)
2026-07-10 21:35:55,444 [INFO] Pass: ContainsInstruction - 0.00477 (ms)
2026-07-10 21:35:55,444 [INFO] Total Transpile Time - 96.25912 (ms)
2026-07-10 21:35:55,537 [INFO] Pass: ContainsInstruction - 0.00954 (ms)
2026-07-10 21:35:55,537 [INFO] Pass: UnitarySynthesis - 0.00644 (ms)
2026-07-10 21:35:55,537 [INFO] Pass: HighLevelSynthesis - 0.00644 (ms)
2026-07-10 21:35:55,537 [INFO] Pass: BasisTranslator - 0.05436 (ms)
2026-07-10 21:35:55,537 [INFO] Pass: ElidePermutations - 0.00405 (ms)
2026-07-10 21:35:55,537 [INFO] Pass: RemoveDiagonalGatesBeforeMeasure - 0.00668 (ms)
2026-07-10 21:35:55,537 [INFO] Pass: RemoveIdentityEquivalent - 0.00405 (ms)
2026-07-10 21:35:55,537 [INFO] Pass: InverseCancellation - 0.01335 (ms)
2026-07-10 21:35:55,537 [INFO] Pass: ContractIdleWiresInControlFlow - 0.00191 (ms)
2026-07-10 21:35:55,537 [INFO] Pass: CommutativeCancellation - 0.02766 (ms)
2026-07-10 21:35:55,537 [INFO] Pass: ConsolidateBlocks - 0.02956 (ms)
2026-07-10 21:35:55,538 [INFO] Pass: Split2QUnitaries - 0.00286 (ms)
2026-07-10 21:35:55,538 [INFO] Pass: UnitarySynthesis - 0.00477 (ms)
2026-07-10 21:35:55,538 [INFO] Pass: HighLevelSynthesis - 0.00930 (ms)
2026-07-10 21:35:55,538 [INFO] Pass: BasisTranslator - 0.05555 (ms)
2026-07-10 21:35:55,538 [INFO] Pass: ConsolidateBlocks - 0.04005 (ms)
2026-07-10 21:35:55,538 [INFO] Pass: UnitarySynthesis - 0.00477 (ms)
2026-07-10 21:35:55,538 [INFO] Pass: Depth - 0.00954 (ms)
2026-07-10 21:35:55,538 [INFO] Pass: FixedPoint - 0.00429 (ms)
2026-07-10 21:35:55,538 [INFO] Pass: Size - 0.00262 (ms)
2026-07-10 21:35:55,538 [INFO] Pass: FixedPoint - 0.00286 (ms)
2026-07-10 21:35:55,538 [INFO] Pass: RemoveIdentityEquivalent - 0.00334 (ms)
2026-07-10 21:35:55,538 [INFO] Pass: Optimize1qGatesDecomposition - 0.09131 (ms)
2026-07-10 21:35:55,538 [INFO] Pass: CommutativeCancellation - 0.04816 (ms)
2026-07-10 21:35:55,538 [INFO] Pass: ContractIdleWiresInControlFlow - 0.00215 (ms)
2026-07-10 21:35:55,538 [INFO] Pass: GatesInBasis - 0.00906 (ms)
2026-07-10 21:35:55,538 [INFO] Pass: Depth - 0.00882 (ms)
2026-07-10 21:35:55,538 [INFO] Pass: FixedPoint - 0.00358 (ms)
2026-07-10 21:35:55,538 [INFO] Pass: Size - 0.00191 (ms)
2026-07-10 21:35:55,538 [INFO] Pass: FixedPoint - 0.00286 (ms)
2026-07-10 21:35:55,538 [INFO] Pass: ContainsInstruction - 0.00501 (ms)
2026-07-10 21:35:55,538 [INFO] Total Transpile Time - 94.18344 (ms)
2026-07-10 21:35:55,632 [INFO] Pass: ContainsInstruction - 0.00954 (ms)
2026-07-10 21:35:55,632 [INFO] Pass: UnitarySynthesis - 0.00644 (ms)
2026-07-10 21:35:55,632 [INFO] Pass: HighLevelSynthesis - 0.00572 (ms)
2026-07-10 21:35:55,632 [INFO] Pass: BasisTranslator - 0.05960 (ms)
2026-07-10 21:35:55,632 [INFO] Pass: ElidePermutations - 0.00405 (ms)
2026-07-10 21:35:55,632 [INFO] Pass: RemoveDiagonalGatesBeforeMeasure - 0.00596 (ms)
2026-07-10 21:35:55,632 [INFO] Pass: RemoveIdentityEquivalent - 0.00405 (ms)
2026-07-10 21:35:55,632 [INFO] Pass: InverseCancellation - 0.01311 (ms)
2026-07-10 21:35:55,632 [INFO] Pass: ContractIdleWiresInControlFlow - 0.00167 (ms)
2026-07-10 21:35:55,632 [INFO] Pass: CommutativeCancellation - 0.02503 (ms)
2026-07-10 21:35:55,632 [INFO] Pass: ConsolidateBlocks - 0.02909 (ms)
2026-07-10 21:35:55,633 [INFO] Pass: Split2QUnitaries - 0.00286 (ms)
2026-07-10 21:35:55,633 [INFO] Pass: UnitarySynthesis - 0.00501 (ms)
2026-07-10 21:35:55,633 [INFO] Pass: HighLevelSynthesis - 0.00978 (ms)
2026-07-10 21:35:55,633 [INFO] Pass: BasisTranslator - 0.05412 (ms)
2026-07-10 21:35:55,633 [INFO] Pass: ConsolidateBlocks - 0.04196 (ms)
2026-07-10 21:35:55,633 [INFO] Pass: UnitarySynthesis - 0.00429 (ms)
2026-07-10 21:35:55,633 [INFO] Pass: Depth - 0.00954 (ms)
2026-07-10 21:35:55,633 [INFO] Pass: FixedPoint - 0.00453 (ms)
2026-07-10 21:35:55,633 [INFO] Pass: Size - 0.00286 (ms)
2026-07-10 21:35:55,633 [INFO] Pass: FixedPoint - 0.00286 (ms)
2026-07-10 21:35:55,633 [INFO] Pass: RemoveIdentityEquivalent - 0.00358 (ms)
2026-07-10 21:35:55,633 [INFO] Pass: Optimize1qGatesDecomposition - 0.09322 (ms)
2026-07-10 21:35:55,633 [INFO] Pass: CommutativeCancellation - 0.04315 (ms)
2026-07-10 21:35:55,633 [INFO] Pass: ContractIdleWiresInControlFlow - 0.00167 (ms)
2026-07-10 21:35:55,633 [INFO] Pass: GatesInBasis - 0.00811 (ms)
2026-07-10 21:35:55,633 [INFO] Pass: Depth - 0.00930 (ms)
2026-07-10 21:35:55,633 [INFO] Pass: FixedPoint - 0.00358 (ms)
2026-07-10 21:35:55,633 [INFO] Pass: Size - 0.00215 (ms)
2026-07-10 21:35:55,633 [INFO] Pass: FixedPoint - 0.00262 (ms)
2026-07-10 21:35:55,633 [INFO] Pass: RemoveIdentityEquivalent - 0.00310 (ms)
2026-07-10 21:35:55,633 [INFO] Pass: Optimize1qGatesDecomposition - 0.07963 (ms)
2026-07-10 21:35:55,633 [INFO] Pass: CommutativeCancellation - 0.03767 (ms)
2026-07-10 21:35:55,633 [INFO] Pass: ContractIdleWiresInControlFlow - 0.00191 (ms)
2026-07-10 21:35:55,634 [INFO] Pass: GatesInBasis - 0.00691 (ms)
2026-07-10 21:35:55,634 [INFO] Pass: Depth - 0.00811 (ms)
2026-07-10 21:35:55,634 [INFO] Pass: FixedPoint - 0.00334 (ms)
2026-07-10 21:35:55,634 [INFO] Pass: Size - 0.00191 (ms)
2026-07-10 21:35:55,634 [INFO] Pass: FixedPoint - 0.00262 (ms)
2026-07-10 21:35:55,634 [INFO] Pass: ContainsInstruction - 0.00501 (ms)
2026-07-10 21:35:55,634 [INFO] Total Transpile Time - 94.95473 (ms)
2026-07-10 21:36:08,756 [INFO] [PCE] n=25 instancia 87/100 completada en 0:00:00:13 — transcurrido=0:00:19:38 restante_estimado=0:00:02:56
2026-07-10 21:36:08,852 [INFO] Pass: ContainsInstruction - 0.01097 (ms)
2026-07-10 21:36:08,852 [INFO] Pass: UnitarySynthesis - 0.00691 (ms)
2026-07-10 21:36:08,852 [INFO] Pass: HighLevelSynthesis - 0.00691 (ms)
2026-07-10 21:36:08,852 [INFO] Pass: BasisTranslator - 0.05770 (ms)
2026-07-10 21:36:08,852 [INFO] Pass: ElidePermutations - 0.00572 (ms)
2026-07-10 21:36:08,852 [INFO] Pass: RemoveDiagonalGatesBeforeMeasure - 0.00763 (ms)
2026-07-10 21:36:08,852 [INFO] Pass: RemoveIdentityEquivalent - 0.00310 (ms)
2026-07-10 21:36:08,852 [INFO] Pass: InverseCancellation - 0.00477 (ms)
2026-07-10 21:36:08,852 [INFO] Pass: ContractIdleWiresInControlFlow - 0.00167 (ms)
2026-07-10 21:36:08,852 [INFO] Pass: CommutativeCancellation - 0.02241 (ms)
2026-07-10 21:36:08,852 [INFO] Pass: ConsolidateBlocks - 0.03362 (ms)
2026-07-10 21:36:08,853 [INFO] Pass: Split2QUnitaries - 0.00405 (ms)
2026-07-10 21:36:08,853 [INFO] Pass: UnitarySynthesis - 0.00477 (ms)
2026-07-10 21:36:08,853 [INFO] Pass: HighLevelSynthesis - 0.00978 (ms)
2026-07-10 21:36:08,853 [INFO] Pass: BasisTranslator - 0.05484 (ms)
2026-07-10 21:36:08,853 [INFO] Pass: ConsolidateBlocks - 0.04220 (ms)
2026-07-10 21:36:08,853 [INFO] Pass: UnitarySynthesis - 0.00453 (ms)
2026-07-10 21:36:08,853 [INFO] Pass: Depth - 0.01073 (ms)
2026-07-10 21:36:08,853 [INFO] Pass: FixedPoint - 0.00501 (ms)
2026-07-10 21:36:08,853 [INFO] Pass: Size - 0.00334 (ms)
2026-07-10 21:36:08,853 [INFO] Pass: FixedPoint - 0.00286 (ms)
2026-07-10 21:36:08,853 [INFO] Pass: RemoveIdentityEquivalent - 0.00286 (ms)
2026-07-10 21:36:08,853 [INFO] Pass: Optimize1qGatesDecomposition - 0.02837 (ms)
2026-07-10 21:36:08,853 [INFO] Pass: CommutativeCancellation - 0.04387 (ms)
2026-07-10 21:36:08,853 [INFO] Pass: ContractIdleWiresInControlFlow - 0.00215 (ms)
2026-07-10 21:36:08,853 [INFO] Pass: GatesInBasis - 0.00882 (ms)
2026-07-10 21:36:08,853 [INFO] Pass: Depth - 0.00811 (ms)
2026-07-10 21:36:08,853 [INFO] Pass: FixedPoint - 0.00358 (ms)
2026-07-10 21:36:08,853 [INFO] Pass: Size - 0.00215 (ms)
2026-07-10 21:36:08,853 [INFO] Pass: FixedPoint - 0.00262 (ms)
2026-07-10 21:36:08,853 [INFO] Pass: ContainsInstruction - 0.00525 (ms)
2026-07-10 21:36:08,853 [INFO] Total Transpile Time - 95.50619 (ms)
2026-07-10 21:36:08,946 [INFO] Pass: ContainsInstruction - 0.00906 (ms)
2026-07-10 21:36:08,946 [INFO] Pass: UnitarySynthesis - 0.00644 (ms)
2026-07-10 21:36:08,946 [INFO] Pass: HighLevelSynthesis - 0.00548 (ms)
2026-07-10 21:36:08,946 [INFO] Pass: BasisTranslator - 0.05436 (ms)
2026-07-10 21:36:08,946 [INFO] Pass: ElidePermutations - 0.00381 (ms)
2026-07-10 21:36:08,946 [INFO] Pass: RemoveDiagonalGatesBeforeMeasure - 0.00644 (ms)
2026-07-10 21:36:08,946 [INFO] Pass: RemoveIdentityEquivalent - 0.00429 (ms)
2026-07-10 21:36:08,946 [INFO] Pass: InverseCancellation - 0.01311 (ms)
2026-07-10 21:36:08,946 [INFO] Pass: ContractIdleWiresInControlFlow - 0.00167 (ms)
2026-07-10 21:36:08,946 [INFO] Pass: CommutativeCancellation - 0.02861 (ms)
2026-07-10 21:36:08,946 [INFO] Pass: ConsolidateBlocks - 0.02933 (ms)
2026-07-10 21:36:08,946 [INFO] Pass: Split2QUnitaries - 0.00334 (ms)
2026-07-10 21:36:08,946 [INFO] Pass: UnitarySynthesis - 0.00477 (ms)
2026-07-10 21:36:08,946 [INFO] Pass: HighLevelSynthesis - 0.01001 (ms)
2026-07-10 21:36:08,946 [INFO] Pass: BasisTranslator - 0.05484 (ms)
2026-07-10 21:36:08,946 [INFO] Pass: ConsolidateBlocks - 0.04339 (ms)
2026-07-10 21:36:08,947 [INFO] Pass: UnitarySynthesis - 0.00453 (ms)
2026-07-10 21:36:08,947 [INFO] Pass: Depth - 0.01001 (ms)
2026-07-10 21:36:08,947 [INFO] Pass: FixedPoint - 0.00453 (ms)
2026-07-10 21:36:08,947 [INFO] Pass: Size - 0.00262 (ms)
2026-07-10 21:36:08,947 [INFO] Pass: FixedPoint - 0.00286 (ms)
2026-07-10 21:36:08,947 [INFO] Pass: RemoveIdentityEquivalent - 0.00310 (ms)
2026-07-10 21:36:08,947 [INFO] Pass: Optimize1qGatesDecomposition - 0.09227 (ms)
2026-07-10 21:36:08,947 [INFO] Pass: CommutativeCancellation - 0.04983 (ms)
2026-07-10 21:36:08,947 [INFO] Pass: ContractIdleWiresInControlFlow - 0.00215 (ms)
2026-07-10 21:36:08,947 [INFO] Pass: GatesInBasis - 0.00858 (ms)
2026-07-10 21:36:08,947 [INFO] Pass: Depth - 0.00834 (ms)
2026-07-10 21:36:08,947 [INFO] Pass: FixedPoint - 0.00381 (ms)
2026-07-10 21:36:08,947 [INFO] Pass: Size - 0.00215 (ms)
2026-07-10 21:36:08,947 [INFO] Pass: FixedPoint - 0.00310 (ms)
2026-07-10 21:36:08,947 [INFO] Pass: ContainsInstruction - 0.00525 (ms)
2026-07-10 21:36:08,947 [INFO] Total Transpile Time - 93.42527 (ms)
2026-07-10 21:36:09,040 [INFO] Pass: ContainsInstruction - 0.00882 (ms)
2026-07-10 21:36:09,040 [INFO] Pass: UnitarySynthesis - 0.00644 (ms)
2026-07-10 21:36:09,040 [INFO] Pass: HighLevelSynthesis - 0.00525 (ms)
2026-07-10 21:36:09,040 [INFO] Pass: BasisTranslator - 0.05317 (ms)
2026-07-10 21:36:09,040 [INFO] Pass: ElidePermutations - 0.00334 (ms)
2026-07-10 21:36:09,040 [INFO] Pass: RemoveDiagonalGatesBeforeMeasure - 0.00572 (ms)
2026-07-10 21:36:09,040 [INFO] Pass: RemoveIdentityEquivalent - 0.00405 (ms)
2026-07-10 21:36:09,040 [INFO] Pass: InverseCancellation - 0.01216 (ms)
2026-07-10 21:36:09,040 [INFO] Pass: ContractIdleWiresInControlFlow - 0.00215 (ms)
2026-07-10 21:36:09,040 [INFO] Pass: CommutativeCancellation - 0.03195 (ms)
2026-07-10 21:36:09,040 [INFO] Pass: ConsolidateBlocks - 0.02813 (ms)
2026-07-10 21:36:09,040 [INFO] Pass: Split2QUnitaries - 0.00334 (ms)
2026-07-10 21:36:09,040 [INFO] Pass: UnitarySynthesis - 0.00477 (ms)
2026-07-10 21:36:09,040 [INFO] Pass: HighLevelSynthesis - 0.00930 (ms)
2026-07-10 21:36:09,040 [INFO] Pass: BasisTranslator - 0.05507 (ms)
2026-07-10 21:36:09,041 [INFO] Pass: ConsolidateBlocks - 0.04220 (ms)
2026-07-10 21:36:09,041 [INFO] Pass: UnitarySynthesis - 0.00477 (ms)
2026-07-10 21:36:09,041 [INFO] Pass: Depth - 0.00930 (ms)
2026-07-10 21:36:09,041 [INFO] Pass: FixedPoint - 0.00405 (ms)
2026-07-10 21:36:09,041 [INFO] Pass: Size - 0.00215 (ms)
2026-07-10 21:36:09,041 [INFO] Pass: FixedPoint - 0.00262 (ms)
2026-07-10 21:36:09,041 [INFO] Pass: RemoveIdentityEquivalent - 0.00429 (ms)
2026-07-10 21:36:09,041 [INFO] Pass: Optimize1qGatesDecomposition - 0.09751 (ms)
2026-07-10 21:36:09,041 [INFO] Pass: CommutativeCancellation - 0.04435 (ms)
2026-07-10 21:36:09,041 [INFO] Pass: ContractIdleWiresInControlFlow - 0.00191 (ms)
2026-07-10 21:36:09,041 [INFO] Pass: GatesInBasis - 0.00834 (ms)
2026-07-10 21:36:09,041 [INFO] Pass: Depth - 0.00954 (ms)
2026-07-10 21:36:09,041 [INFO] Pass: FixedPoint - 0.00334 (ms)
2026-07-10 21:36:09,041 [INFO] Pass: Size - 0.00167 (ms)
2026-07-10 21:36:09,041 [INFO] Pass: FixedPoint - 0.00262 (ms)
2026-07-10 21:36:09,041 [INFO] Pass: RemoveIdentityEquivalent - 0.00358 (ms)
2026-07-10 21:36:09,041 [INFO] Pass: Optimize1qGatesDecomposition - 0.07963 (ms)
2026-07-10 21:36:09,041 [INFO] Pass: CommutativeCancellation - 0.04363 (ms)
2026-07-10 21:36:09,041 [INFO] Pass: ContractIdleWiresInControlFlow - 0.00191 (ms)
2026-07-10 21:36:09,041 [INFO] Pass: GatesInBasis - 0.00668 (ms)
2026-07-10 21:36:09,041 [INFO] Pass: Depth - 0.00858 (ms)
2026-07-10 21:36:09,041 [INFO] Pass: FixedPoint - 0.00310 (ms)
2026-07-10 21:36:09,041 [INFO] Pass: Size - 0.00191 (ms)
2026-07-10 21:36:09,041 [INFO] Pass: FixedPoint - 0.00286 (ms)
2026-07-10 21:36:09,041 [INFO] Pass: ContainsInstruction - 0.00525 (ms)
2026-07-10 21:36:09,042 [INFO] Total Transpile Time - 94.04111 (ms)
2026-07-10 21:36:22,482 [INFO] [PCE] n=25 instancia 88/100 completada en 0:00:00:14 — transcurrido=0:00:19:52 restante_estimado=0:00:02:42
2026-07-10 21:36:22,577 [INFO] Pass: ContainsInstruction - 0.01121 (ms)
2026-07-10 21:36:22,577 [INFO] Pass: UnitarySynthesis - 0.00644 (ms)
2026-07-10 21:36:22,577 [INFO] Pass: HighLevelSynthesis - 0.00715 (ms)
2026-07-10 21:36:22,578 [INFO] Pass: BasisTranslator - 0.05889 (ms)
2026-07-10 21:36:22,578 [INFO] Pass: ElidePermutations - 0.00501 (ms)
2026-07-10 21:36:22,578 [INFO] Pass: RemoveDiagonalGatesBeforeMeasure - 0.00787 (ms)
2026-07-10 21:36:22,578 [INFO] Pass: RemoveIdentityEquivalent - 0.00310 (ms)
2026-07-10 21:36:22,578 [INFO] Pass: InverseCancellation - 0.00501 (ms)
2026-07-10 21:36:22,578 [INFO] Pass: ContractIdleWiresInControlFlow - 0.00286 (ms)
2026-07-10 21:36:22,578 [INFO] Pass: CommutativeCancellation - 0.02289 (ms)
2026-07-10 21:36:22,578 [INFO] Pass: ConsolidateBlocks - 0.03290 (ms)
2026-07-10 21:36:22,578 [INFO] Pass: Split2QUnitaries - 0.00334 (ms)
2026-07-10 21:36:22,578 [INFO] Pass: UnitarySynthesis - 0.00477 (ms)
2026-07-10 21:36:22,578 [INFO] Pass: HighLevelSynthesis - 0.00906 (ms)
2026-07-10 21:36:22,578 [INFO] Pass: BasisTranslator - 0.05293 (ms)
2026-07-10 21:36:22,578 [INFO] Pass: ConsolidateBlocks - 0.04220 (ms)
2026-07-10 21:36:22,578 [INFO] Pass: UnitarySynthesis - 0.00429 (ms)
2026-07-10 21:36:22,578 [INFO] Pass: Depth - 0.01049 (ms)
2026-07-10 21:36:22,578 [INFO] Pass: FixedPoint - 0.00501 (ms)
2026-07-10 21:36:22,578 [INFO] Pass: Size - 0.00381 (ms)
2026-07-10 21:36:22,578 [INFO] Pass: FixedPoint - 0.00310 (ms)
2026-07-10 21:36:22,578 [INFO] Pass: RemoveIdentityEquivalent - 0.00238 (ms)
2026-07-10 21:36:22,578 [INFO] Pass: Optimize1qGatesDecomposition - 0.02933 (ms)
2026-07-10 21:36:22,578 [INFO] Pass: CommutativeCancellation - 0.04411 (ms)
2026-07-10 21:36:22,578 [INFO] Pass: ContractIdleWiresInControlFlow - 0.00167 (ms)
2026-07-10 21:36:22,578 [INFO] Pass: GatesInBasis - 0.00858 (ms)
2026-07-10 21:36:22,578 [INFO] Pass: Depth - 0.00834 (ms)
2026-07-10 21:36:22,578 [INFO] Pass: FixedPoint - 0.00334 (ms)
2026-07-10 21:36:22,578 [INFO] Pass: Size - 0.00215 (ms)
2026-07-10 21:36:22,578 [INFO] Pass: FixedPoint - 0.00286 (ms)
2026-07-10 21:36:22,578 [INFO] Pass: ContainsInstruction - 0.00477 (ms)
2026-07-10 21:36:22,579 [INFO] Total Transpile Time - 94.80500 (ms)
2026-07-10 21:36:22,672 [INFO] Pass: ContainsInstruction - 0.01001 (ms)
2026-07-10 21:36:22,672 [INFO] Pass: UnitarySynthesis - 0.00572 (ms)
2026-07-10 21:36:22,672 [INFO] Pass: HighLevelSynthesis - 0.00596 (ms)
2026-07-10 21:36:22,672 [INFO] Pass: BasisTranslator - 0.05603 (ms)
2026-07-10 21:36:22,672 [INFO] Pass: ElidePermutations - 0.00358 (ms)
2026-07-10 21:36:22,672 [INFO] Pass: RemoveDiagonalGatesBeforeMeasure - 0.00620 (ms)
2026-07-10 21:36:22,672 [INFO] Pass: RemoveIdentityEquivalent - 0.00429 (ms)
2026-07-10 21:36:22,672 [INFO] Pass: InverseCancellation - 0.01359 (ms)
2026-07-10 21:36:22,672 [INFO] Pass: ContractIdleWiresInControlFlow - 0.00215 (ms)
2026-07-10 21:36:22,672 [INFO] Pass: CommutativeCancellation - 0.02742 (ms)
2026-07-10 21:36:22,672 [INFO] Pass: ConsolidateBlocks - 0.03123 (ms)
2026-07-10 21:36:22,672 [INFO] Pass: Split2QUnitaries - 0.00286 (ms)
2026-07-10 21:36:22,672 [INFO] Pass: UnitarySynthesis - 0.00477 (ms)
2026-07-10 21:36:22,672 [INFO] Pass: HighLevelSynthesis - 0.00978 (ms)
2026-07-10 21:36:22,672 [INFO] Pass: BasisTranslator - 0.05341 (ms)
2026-07-10 21:36:22,672 [INFO] Pass: ConsolidateBlocks - 0.04935 (ms)
2026-07-10 21:36:22,672 [INFO] Pass: UnitarySynthesis - 0.00453 (ms)
2026-07-10 21:36:22,672 [INFO] Pass: Depth - 0.01001 (ms)
2026-07-10 21:36:22,672 [INFO] Pass: FixedPoint - 0.00477 (ms)
2026-07-10 21:36:22,672 [INFO] Pass: Size - 0.00310 (ms)
2026-07-10 21:36:22,672 [INFO] Pass: FixedPoint - 0.00286 (ms)
2026-07-10 21:36:22,672 [INFO] Pass: RemoveIdentityEquivalent - 0.00334 (ms)
2026-07-10 21:36:22,673 [INFO] Pass: Optimize1qGatesDecomposition - 0.09084 (ms)
2026-07-10 21:36:22,673 [INFO] Pass: CommutativeCancellation - 0.05102 (ms)
2026-07-10 21:36:22,673 [INFO] Pass: ContractIdleWiresInControlFlow - 0.00215 (ms)
2026-07-10 21:36:22,673 [INFO] Pass: GatesInBasis - 0.00834 (ms)
2026-07-10 21:36:22,673 [INFO] Pass: Depth - 0.00882 (ms)
2026-07-10 21:36:22,673 [INFO] Pass: FixedPoint - 0.00381 (ms)
2026-07-10 21:36:22,673 [INFO] Pass: Size - 0.00191 (ms)
2026-07-10 21:36:22,673 [INFO] Pass: FixedPoint - 0.00262 (ms)
2026-07-10 21:36:22,673 [INFO] Pass: ContainsInstruction - 0.00501 (ms)
2026-07-10 21:36:22,673 [INFO] Total Transpile Time - 93.89091 (ms)
2026-07-10 21:36:22,767 [INFO] Pass: ContainsInstruction - 0.00954 (ms)
2026-07-10 21:36:22,767 [INFO] Pass: UnitarySynthesis - 0.00620 (ms)
2026-07-10 21:36:22,767 [INFO] Pass: HighLevelSynthesis - 0.00548 (ms)
2026-07-10 21:36:22,767 [INFO] Pass: BasisTranslator - 0.05460 (ms)
2026-07-10 21:36:22,767 [INFO] Pass: ElidePermutations - 0.00334 (ms)
2026-07-10 21:36:22,767 [INFO] Pass: RemoveDiagonalGatesBeforeMeasure - 0.00501 (ms)
2026-07-10 21:36:22,767 [INFO] Pass: RemoveIdentityEquivalent - 0.00405 (ms)
2026-07-10 21:36:22,767 [INFO] Pass: InverseCancellation - 0.01287 (ms)
2026-07-10 21:36:22,767 [INFO] Pass: ContractIdleWiresInControlFlow - 0.00167 (ms)
2026-07-10 21:36:22,767 [INFO] Pass: CommutativeCancellation - 0.02432 (ms)
2026-07-10 21:36:22,767 [INFO] Pass: ConsolidateBlocks - 0.02861 (ms)
2026-07-10 21:36:22,767 [INFO] Pass: Split2QUnitaries - 0.00238 (ms)
2026-07-10 21:36:22,767 [INFO] Pass: UnitarySynthesis - 0.00477 (ms)
2026-07-10 21:36:22,767 [INFO] Pass: HighLevelSynthesis - 0.00954 (ms)
2026-07-10 21:36:22,767 [INFO] Pass: BasisTranslator - 0.06056 (ms)
2026-07-10 21:36:22,767 [INFO] Pass: ConsolidateBlocks - 0.04172 (ms)
2026-07-10 21:36:22,767 [INFO] Pass: UnitarySynthesis - 0.00477 (ms)
2026-07-10 21:36:22,767 [INFO] Pass: Depth - 0.00978 (ms)
2026-07-10 21:36:22,767 [INFO] Pass: FixedPoint - 0.00477 (ms)
2026-07-10 21:36:22,767 [INFO] Pass: Size - 0.00238 (ms)
2026-07-10 21:36:22,767 [INFO] Pass: FixedPoint - 0.00286 (ms)
2026-07-10 21:36:22,768 [INFO] Pass: RemoveIdentityEquivalent - 0.00358 (ms)
2026-07-10 21:36:22,768 [INFO] Pass: Optimize1qGatesDecomposition - 0.09298 (ms)
2026-07-10 21:36:22,768 [INFO] Pass: CommutativeCancellation - 0.04387 (ms)
2026-07-10 21:36:22,768 [INFO] Pass: ContractIdleWiresInControlFlow - 0.00167 (ms)
2026-07-10 21:36:22,768 [INFO] Pass: GatesInBasis - 0.00787 (ms)
2026-07-10 21:36:22,768 [INFO] Pass: Depth - 0.00906 (ms)
2026-07-10 21:36:22,768 [INFO] Pass: FixedPoint - 0.00358 (ms)
2026-07-10 21:36:22,768 [INFO] Pass: Size - 0.00215 (ms)
2026-07-10 21:36:22,768 [INFO] Pass: FixedPoint - 0.00286 (ms)
2026-07-10 21:36:22,768 [INFO] Pass: RemoveIdentityEquivalent - 0.00334 (ms)
2026-07-10 21:36:22,768 [INFO] Pass: Optimize1qGatesDecomposition - 0.07796 (ms)
2026-07-10 21:36:22,768 [INFO] Pass: CommutativeCancellation - 0.03815 (ms)
2026-07-10 21:36:22,768 [INFO] Pass: ContractIdleWiresInControlFlow - 0.00191 (ms)
2026-07-10 21:36:22,768 [INFO] Pass: GatesInBasis - 0.00644 (ms)
2026-07-10 21:36:22,768 [INFO] Pass: Depth - 0.00763 (ms)
2026-07-10 21:36:22,768 [INFO] Pass: FixedPoint - 0.00310 (ms)
2026-07-10 21:36:22,768 [INFO] Pass: Size - 0.00191 (ms)
2026-07-10 21:36:22,768 [INFO] Pass: FixedPoint - 0.00286 (ms)
2026-07-10 21:36:22,768 [INFO] Pass: ContainsInstruction - 0.00548 (ms)
2026-07-10 21:36:22,768 [INFO] Total Transpile Time - 95.03531 (ms)
2026-07-10 21:36:35,645 [INFO] [PCE] n=25 instancia 89/100 completada en 0:00:00:13 — transcurrido=0:00:20:05 restante_estimado=0:00:02:29
2026-07-10 21:36:35,739 [INFO] Pass: ContainsInstruction - 0.01097 (ms)
2026-07-10 21:36:35,739 [INFO] Pass: UnitarySynthesis - 0.01287 (ms)
2026-07-10 21:36:35,739 [INFO] Pass: HighLevelSynthesis - 0.00739 (ms)
2026-07-10 21:36:35,739 [INFO] Pass: BasisTranslator - 0.06032 (ms)
2026-07-10 21:36:35,739 [INFO] Pass: ElidePermutations - 0.00548 (ms)
2026-07-10 21:36:35,739 [INFO] Pass: RemoveDiagonalGatesBeforeMeasure - 0.00715 (ms)
2026-07-10 21:36:35,739 [INFO] Pass: RemoveIdentityEquivalent - 0.00310 (ms)
2026-07-10 21:36:35,740 [INFO] Pass: InverseCancellation - 0.00501 (ms)
2026-07-10 21:36:35,740 [INFO] Pass: ContractIdleWiresInControlFlow - 0.00215 (ms)
2026-07-10 21:36:35,740 [INFO] Pass: CommutativeCancellation - 0.02337 (ms)
2026-07-10 21:36:35,740 [INFO] Pass: ConsolidateBlocks - 0.03433 (ms)
2026-07-10 21:36:35,740 [INFO] Pass: Split2QUnitaries - 0.00334 (ms)
2026-07-10 21:36:35,740 [INFO] Pass: UnitarySynthesis - 0.00429 (ms)
2026-07-10 21:36:35,740 [INFO] Pass: HighLevelSynthesis - 0.00930 (ms)
2026-07-10 21:36:35,740 [INFO] Pass: BasisTranslator - 0.05460 (ms)
2026-07-10 21:36:35,740 [INFO] Pass: ConsolidateBlocks - 0.04125 (ms)
2026-07-10 21:36:35,740 [INFO] Pass: UnitarySynthesis - 0.00405 (ms)
2026-07-10 21:36:35,740 [INFO] Pass: Depth - 0.01025 (ms)
2026-07-10 21:36:35,740 [INFO] Pass: FixedPoint - 0.00477 (ms)
2026-07-10 21:36:35,740 [INFO] Pass: Size - 0.00334 (ms)
2026-07-10 21:36:35,740 [INFO] Pass: FixedPoint - 0.00262 (ms)
2026-07-10 21:36:35,740 [INFO] Pass: RemoveIdentityEquivalent - 0.00238 (ms)
2026-07-10 21:36:35,740 [INFO] Pass: Optimize1qGatesDecomposition - 0.02766 (ms)
2026-07-10 21:36:35,740 [INFO] Pass: CommutativeCancellation - 0.04435 (ms)
2026-07-10 21:36:35,740 [INFO] Pass: ContractIdleWiresInControlFlow - 0.00167 (ms)
2026-07-10 21:36:35,740 [INFO] Pass: GatesInBasis - 0.00882 (ms)
2026-07-10 21:36:35,740 [INFO] Pass: Depth - 0.01454 (ms)
2026-07-10 21:36:35,740 [INFO] Pass: FixedPoint - 0.00358 (ms)
2026-07-10 21:36:35,740 [INFO] Pass: Size - 0.00191 (ms)
2026-07-10 21:36:35,740 [INFO] Pass: FixedPoint - 0.00286 (ms)
2026-07-10 21:36:35,740 [INFO] Pass: ContainsInstruction - 0.00477 (ms)
2026-07-10 21:36:35,741 [INFO] Total Transpile Time - 93.59837 (ms)
2026-07-10 21:36:35,832 [INFO] Pass: ContainsInstruction - 0.00930 (ms)
2026-07-10 21:36:35,832 [INFO] Pass: UnitarySynthesis - 0.00596 (ms)
2026-07-10 21:36:35,832 [INFO] Pass: HighLevelSynthesis - 0.00596 (ms)
2026-07-10 21:36:35,832 [INFO] Pass: BasisTranslator - 0.05412 (ms)
2026-07-10 21:36:35,832 [INFO] Pass: ElidePermutations - 0.00381 (ms)
2026-07-10 21:36:35,832 [INFO] Pass: RemoveDiagonalGatesBeforeMeasure - 0.00525 (ms)
2026-07-10 21:36:35,832 [INFO] Pass: RemoveIdentityEquivalent - 0.00429 (ms)
2026-07-10 21:36:35,832 [INFO] Pass: InverseCancellation - 0.01359 (ms)
2026-07-10 21:36:35,832 [INFO] Pass: ContractIdleWiresInControlFlow - 0.00191 (ms)
2026-07-10 21:36:35,832 [INFO] Pass: CommutativeCancellation - 0.02623 (ms)
2026-07-10 21:36:35,832 [INFO] Pass: ConsolidateBlocks - 0.02909 (ms)
2026-07-10 21:36:35,832 [INFO] Pass: Split2QUnitaries - 0.00334 (ms)
2026-07-10 21:36:35,832 [INFO] Pass: UnitarySynthesis - 0.00429 (ms)
2026-07-10 21:36:35,832 [INFO] Pass: HighLevelSynthesis - 0.00906 (ms)
2026-07-10 21:36:35,832 [INFO] Pass: BasisTranslator - 0.06056 (ms)
2026-07-10 21:36:35,832 [INFO] Pass: ConsolidateBlocks - 0.04363 (ms)
2026-07-10 21:36:35,832 [INFO] Pass: UnitarySynthesis - 0.00429 (ms)
2026-07-10 21:36:35,832 [INFO] Pass: Depth - 0.00954 (ms)
2026-07-10 21:36:35,832 [INFO] Pass: FixedPoint - 0.00429 (ms)
2026-07-10 21:36:35,832 [INFO] Pass: Size - 0.00310 (ms)
2026-07-10 21:36:35,832 [INFO] Pass: FixedPoint - 0.00238 (ms)
2026-07-10 21:36:35,832 [INFO] Pass: RemoveIdentityEquivalent - 0.00358 (ms)
2026-07-10 21:36:35,833 [INFO] Pass: Optimize1qGatesDecomposition - 0.08893 (ms)
2026-07-10 21:36:35,833 [INFO] Pass: CommutativeCancellation - 0.04983 (ms)
2026-07-10 21:36:35,833 [INFO] Pass: ContractIdleWiresInControlFlow - 0.00215 (ms)
2026-07-10 21:36:35,833 [INFO] Pass: GatesInBasis - 0.00811 (ms)
2026-07-10 21:36:35,833 [INFO] Pass: Depth - 0.00811 (ms)
2026-07-10 21:36:35,833 [INFO] Pass: FixedPoint - 0.00334 (ms)
2026-07-10 21:36:35,833 [INFO] Pass: Size - 0.00215 (ms)
2026-07-10 21:36:35,833 [INFO] Pass: FixedPoint - 0.00238 (ms)
2026-07-10 21:36:35,833 [INFO] Pass: ContainsInstruction - 0.00477 (ms)
2026-07-10 21:36:35,833 [INFO] Total Transpile Time - 92.11254 (ms)
2026-07-10 21:36:35,925 [INFO] Pass: ContainsInstruction - 0.00906 (ms)
2026-07-10 21:36:35,925 [INFO] Pass: UnitarySynthesis - 0.00644 (ms)
2026-07-10 21:36:35,925 [INFO] Pass: HighLevelSynthesis - 0.00525 (ms)
2026-07-10 21:36:35,925 [INFO] Pass: BasisTranslator - 0.05436 (ms)
2026-07-10 21:36:35,925 [INFO] Pass: ElidePermutations - 0.00310 (ms)
2026-07-10 21:36:35,925 [INFO] Pass: RemoveDiagonalGatesBeforeMeasure - 0.00525 (ms)
2026-07-10 21:36:35,925 [INFO] Pass: RemoveIdentityEquivalent - 0.00405 (ms)
2026-07-10 21:36:35,925 [INFO] Pass: InverseCancellation - 0.01311 (ms)
2026-07-10 21:36:35,925 [INFO] Pass: ContractIdleWiresInControlFlow - 0.00191 (ms)
2026-07-10 21:36:35,925 [INFO] Pass: CommutativeCancellation - 0.02289 (ms)
2026-07-10 21:36:35,925 [INFO] Pass: ConsolidateBlocks - 0.03076 (ms)
2026-07-10 21:36:35,925 [INFO] Pass: Split2QUnitaries - 0.00334 (ms)
2026-07-10 21:36:35,925 [INFO] Pass: UnitarySynthesis - 0.00525 (ms)
2026-07-10 21:36:35,925 [INFO] Pass: HighLevelSynthesis - 0.01025 (ms)
2026-07-10 21:36:35,925 [INFO] Pass: BasisTranslator - 0.05531 (ms)
2026-07-10 21:36:35,926 [INFO] Pass: ConsolidateBlocks - 0.04125 (ms)
2026-07-10 21:36:35,926 [INFO] Pass: UnitarySynthesis - 0.00429 (ms)
2026-07-10 21:36:35,926 [INFO] Pass: Depth - 0.00954 (ms)
2026-07-10 21:36:35,926 [INFO] Pass: FixedPoint - 0.00429 (ms)
2026-07-10 21:36:35,926 [INFO] Pass: Size - 0.00262 (ms)
2026-07-10 21:36:35,926 [INFO] Pass: FixedPoint - 0.00286 (ms)
2026-07-10 21:36:35,926 [INFO] Pass: RemoveIdentityEquivalent - 0.00334 (ms)
2026-07-10 21:36:35,926 [INFO] Pass: Optimize1qGatesDecomposition - 0.09322 (ms)
2026-07-10 21:36:35,926 [INFO] Pass: CommutativeCancellation - 0.04458 (ms)
2026-07-10 21:36:35,926 [INFO] Pass: ContractIdleWiresInControlFlow - 0.00215 (ms)
2026-07-10 21:36:35,926 [INFO] Pass: GatesInBasis - 0.00811 (ms)
2026-07-10 21:36:35,926 [INFO] Pass: Depth - 0.00906 (ms)
2026-07-10 21:36:35,926 [INFO] Pass: FixedPoint - 0.00358 (ms)
2026-07-10 21:36:35,926 [INFO] Pass: Size - 0.00191 (ms)
2026-07-10 21:36:35,926 [INFO] Pass: FixedPoint - 0.00238 (ms)
2026-07-10 21:36:35,926 [INFO] Pass: RemoveIdentityEquivalent - 0.00310 (ms)
2026-07-10 21:36:35,926 [INFO] Pass: Optimize1qGatesDecomposition - 0.07725 (ms)
2026-07-10 21:36:35,926 [INFO] Pass: CommutativeCancellation - 0.03815 (ms)
2026-07-10 21:36:35,926 [INFO] Pass: ContractIdleWiresInControlFlow - 0.00167 (ms)
2026-07-10 21:36:35,926 [INFO] Pass: GatesInBasis - 0.00668 (ms)
2026-07-10 21:36:35,926 [INFO] Pass: Depth - 0.00787 (ms)
2026-07-10 21:36:35,926 [INFO] Pass: FixedPoint - 0.00310 (ms)
2026-07-10 21:36:35,926 [INFO] Pass: Size - 0.00191 (ms)
2026-07-10 21:36:35,926 [INFO] Pass: FixedPoint - 0.00262 (ms)
2026-07-10 21:36:35,926 [INFO] Pass: ContainsInstruction - 0.00501 (ms)
2026-07-10 21:36:35,927 [INFO] Total Transpile Time - 93.19019 (ms)
2026-07-10 21:36:50,529 [INFO] [PCE] n=25 instancia 90/100 completada en 0:00:00:15 — transcurrido=0:00:20:20 restante_estimado=0:00:02:16
2026-07-10 21:36:50,624 [INFO] Pass: ContainsInstruction - 0.01097 (ms)
2026-07-10 21:36:50,625 [INFO] Pass: UnitarySynthesis - 0.00620 (ms)
2026-07-10 21:36:50,625 [INFO] Pass: HighLevelSynthesis - 0.00644 (ms)
2026-07-10 21:36:50,625 [INFO] Pass: BasisTranslator - 0.06056 (ms)
2026-07-10 21:36:50,625 [INFO] Pass: ElidePermutations - 0.00572 (ms)
2026-07-10 21:36:50,625 [INFO] Pass: RemoveDiagonalGatesBeforeMeasure - 0.00763 (ms)
2026-07-10 21:36:50,625 [INFO] Pass: RemoveIdentityEquivalent - 0.00310 (ms)
2026-07-10 21:36:50,625 [INFO] Pass: InverseCancellation - 0.00525 (ms)
2026-07-10 21:36:50,625 [INFO] Pass: ContractIdleWiresInControlFlow - 0.00215 (ms)
2026-07-10 21:36:50,625 [INFO] Pass: CommutativeCancellation - 0.02289 (ms)
2026-07-10 21:36:50,625 [INFO] Pass: ConsolidateBlocks - 0.03362 (ms)
2026-07-10 21:36:50,625 [INFO] Pass: Split2QUnitaries - 0.00334 (ms)
2026-07-10 21:36:50,625 [INFO] Pass: UnitarySynthesis - 0.00453 (ms)
2026-07-10 21:36:50,625 [INFO] Pass: HighLevelSynthesis - 0.00930 (ms)
2026-07-10 21:36:50,625 [INFO] Pass: BasisTranslator - 0.05722 (ms)
2026-07-10 21:36:50,625 [INFO] Pass: ConsolidateBlocks - 0.04196 (ms)
2026-07-10 21:36:50,625 [INFO] Pass: UnitarySynthesis - 0.00429 (ms)
2026-07-10 21:36:50,625 [INFO] Pass: Depth - 0.01073 (ms)
2026-07-10 21:36:50,625 [INFO] Pass: FixedPoint - 0.00501 (ms)
2026-07-10 21:36:50,625 [INFO] Pass: Size - 0.00429 (ms)
2026-07-10 21:36:50,625 [INFO] Pass: FixedPoint - 0.00286 (ms)
2026-07-10 21:36:50,625 [INFO] Pass: RemoveIdentityEquivalent - 0.00310 (ms)
2026-07-10 21:36:50,625 [INFO] Pass: Optimize1qGatesDecomposition - 0.02813 (ms)
2026-07-10 21:36:50,625 [INFO] Pass: CommutativeCancellation - 0.04363 (ms)
2026-07-10 21:36:50,626 [INFO] Pass: ContractIdleWiresInControlFlow - 0.00215 (ms)
2026-07-10 21:36:50,626 [INFO] Pass: GatesInBasis - 0.00930 (ms)
2026-07-10 21:36:50,626 [INFO] Pass: Depth - 0.00787 (ms)
2026-07-10 21:36:50,626 [INFO] Pass: FixedPoint - 0.00358 (ms)
2026-07-10 21:36:50,626 [INFO] Pass: Size - 0.00191 (ms)
2026-07-10 21:36:50,626 [INFO] Pass: FixedPoint - 0.00286 (ms)
2026-07-10 21:36:50,626 [INFO] Pass: ContainsInstruction - 0.00477 (ms)
2026-07-10 21:36:50,626 [INFO] Total Transpile Time - 94.57374 (ms)
2026-07-10 21:36:50,717 [INFO] Pass: ContainsInstruction - 0.01001 (ms)
2026-07-10 21:36:50,717 [INFO] Pass: UnitarySynthesis - 0.00596 (ms)
2026-07-10 21:36:50,717 [INFO] Pass: HighLevelSynthesis - 0.00620 (ms)
2026-07-10 21:36:50,717 [INFO] Pass: BasisTranslator - 0.05555 (ms)
2026-07-10 21:36:50,717 [INFO] Pass: ElidePermutations - 0.00381 (ms)
2026-07-10 21:36:50,717 [INFO] Pass: RemoveDiagonalGatesBeforeMeasure - 0.00668 (ms)
2026-07-10 21:36:50,717 [INFO] Pass: RemoveIdentityEquivalent - 0.00429 (ms)
2026-07-10 21:36:50,717 [INFO] Pass: InverseCancellation - 0.01359 (ms)
2026-07-10 21:36:50,717 [INFO] Pass: ContractIdleWiresInControlFlow - 0.00238 (ms)
2026-07-10 21:36:50,717 [INFO] Pass: CommutativeCancellation - 0.02670 (ms)
2026-07-10 21:36:50,717 [INFO] Pass: ConsolidateBlocks - 0.03052 (ms)
2026-07-10 21:36:50,717 [INFO] Pass: Split2QUnitaries - 0.00310 (ms)
2026-07-10 21:36:50,717 [INFO] Pass: UnitarySynthesis - 0.00501 (ms)
2026-07-10 21:36:50,718 [INFO] Pass: HighLevelSynthesis - 0.00954 (ms)
2026-07-10 21:36:50,718 [INFO] Pass: BasisTranslator - 0.05603 (ms)
2026-07-10 21:36:50,718 [INFO] Pass: ConsolidateBlocks - 0.04125 (ms)
2026-07-10 21:36:50,718 [INFO] Pass: UnitarySynthesis - 0.00405 (ms)
2026-07-10 21:36:50,718 [INFO] Pass: Depth - 0.00978 (ms)
2026-07-10 21:36:50,718 [INFO] Pass: FixedPoint - 0.00453 (ms)
2026-07-10 21:36:50,718 [INFO] Pass: Size - 0.00286 (ms)
2026-07-10 21:36:50,718 [INFO] Pass: FixedPoint - 0.00262 (ms)
2026-07-10 21:36:50,718 [INFO] Pass: RemoveIdentityEquivalent - 0.00334 (ms)
2026-07-10 21:36:50,718 [INFO] Pass: Optimize1qGatesDecomposition - 0.08893 (ms)
2026-07-10 21:36:50,718 [INFO] Pass: CommutativeCancellation - 0.04840 (ms)
2026-07-10 21:36:50,718 [INFO] Pass: ContractIdleWiresInControlFlow - 0.00167 (ms)
2026-07-10 21:36:50,718 [INFO] Pass: GatesInBasis - 0.00930 (ms)
2026-07-10 21:36:50,718 [INFO] Pass: Depth - 0.00811 (ms)
2026-07-10 21:36:50,718 [INFO] Pass: FixedPoint - 0.00358 (ms)
2026-07-10 21:36:50,718 [INFO] Pass: Size - 0.00238 (ms)
2026-07-10 21:36:50,718 [INFO] Pass: FixedPoint - 0.00286 (ms)
2026-07-10 21:36:50,718 [INFO] Pass: ContainsInstruction - 0.00429 (ms)
2026-07-10 21:36:50,718 [INFO] Total Transpile Time - 92.11230 (ms)
2026-07-10 21:36:50,811 [INFO] Pass: ContainsInstruction - 0.01001 (ms)
2026-07-10 21:36:50,811 [INFO] Pass: UnitarySynthesis - 0.00620 (ms)
2026-07-10 21:36:50,811 [INFO] Pass: HighLevelSynthesis - 0.00525 (ms)
2026-07-10 21:36:50,811 [INFO] Pass: BasisTranslator - 0.05460 (ms)
2026-07-10 21:36:50,811 [INFO] Pass: ElidePermutations - 0.00358 (ms)
2026-07-10 21:36:50,811 [INFO] Pass: RemoveDiagonalGatesBeforeMeasure - 0.00572 (ms)
2026-07-10 21:36:50,811 [INFO] Pass: RemoveIdentityEquivalent - 0.00429 (ms)
2026-07-10 21:36:50,811 [INFO] Pass: InverseCancellation - 0.01216 (ms)
2026-07-10 21:36:50,811 [INFO] Pass: ContractIdleWiresInControlFlow - 0.00215 (ms)
2026-07-10 21:36:50,811 [INFO] Pass: CommutativeCancellation - 0.02432 (ms)
2026-07-10 21:36:50,811 [INFO] Pass: ConsolidateBlocks - 0.02933 (ms)
2026-07-10 21:36:50,811 [INFO] Pass: Split2QUnitaries - 0.00906 (ms)
2026-07-10 21:36:50,811 [INFO] Pass: UnitarySynthesis - 0.00525 (ms)
2026-07-10 21:36:50,811 [INFO] Pass: HighLevelSynthesis - 0.00978 (ms)
2026-07-10 21:36:50,811 [INFO] Pass: BasisTranslator - 0.05436 (ms)
2026-07-10 21:36:50,811 [INFO] Pass: ConsolidateBlocks - 0.04292 (ms)
2026-07-10 21:36:50,811 [INFO] Pass: UnitarySynthesis - 0.00501 (ms)
2026-07-10 21:36:50,812 [INFO] Pass: Depth - 0.01049 (ms)
2026-07-10 21:36:50,812 [INFO] Pass: FixedPoint - 0.00453 (ms)
2026-07-10 21:36:50,812 [INFO] Pass: Size - 0.00286 (ms)
2026-07-10 21:36:50,812 [INFO] Pass: FixedPoint - 0.00286 (ms)
2026-07-10 21:36:50,812 [INFO] Pass: RemoveIdentityEquivalent - 0.00381 (ms)
2026-07-10 21:36:50,812 [INFO] Pass: Optimize1qGatesDecomposition - 0.09394 (ms)
2026-07-10 21:36:50,812 [INFO] Pass: CommutativeCancellation - 0.04363 (ms)
2026-07-10 21:36:50,812 [INFO] Pass: ContractIdleWiresInControlFlow - 0.00191 (ms)
2026-07-10 21:36:50,812 [INFO] Pass: GatesInBasis - 0.00834 (ms)
2026-07-10 21:36:50,812 [INFO] Pass: Depth - 0.00930 (ms)
2026-07-10 21:36:50,812 [INFO] Pass: FixedPoint - 0.00358 (ms)
2026-07-10 21:36:50,812 [INFO] Pass: Size - 0.00167 (ms)
2026-07-10 21:36:50,812 [INFO] Pass: FixedPoint - 0.00286 (ms)
2026-07-10 21:36:50,812 [INFO] Pass: RemoveIdentityEquivalent - 0.00358 (ms)
2026-07-10 21:36:50,812 [INFO] Pass: Optimize1qGatesDecomposition - 0.07606 (ms)
2026-07-10 21:36:50,812 [INFO] Pass: CommutativeCancellation - 0.03648 (ms)
2026-07-10 21:36:50,812 [INFO] Pass: ContractIdleWiresInControlFlow - 0.00143 (ms)
2026-07-10 21:36:50,812 [INFO] Pass: GatesInBasis - 0.00644 (ms)
2026-07-10 21:36:50,812 [INFO] Pass: Depth - 0.01431 (ms)
2026-07-10 21:36:50,812 [INFO] Pass: FixedPoint - 0.00286 (ms)
2026-07-10 21:36:50,812 [INFO] Pass: Size - 0.00191 (ms)
2026-07-10 21:36:50,812 [INFO] Pass: FixedPoint - 0.00262 (ms)
2026-07-10 21:36:50,812 [INFO] Pass: ContainsInstruction - 0.00501 (ms)
2026-07-10 21:36:50,813 [INFO] Total Transpile Time - 93.75501 (ms)
2026-07-10 21:37:03,165 [INFO] [PCE] n=25 instancia 91/100 completada en 0:00:00:13 — transcurrido=0:00:20:32 restante_estimado=0:00:02:02
2026-07-10 21:37:03,258 [INFO] Pass: ContainsInstruction - 0.01097 (ms)
2026-07-10 21:37:03,258 [INFO] Pass: UnitarySynthesis - 0.00644 (ms)
2026-07-10 21:37:03,258 [INFO] Pass: HighLevelSynthesis - 0.00644 (ms)
2026-07-10 21:37:03,258 [INFO] Pass: BasisTranslator - 0.05841 (ms)
2026-07-10 21:37:03,258 [INFO] Pass: ElidePermutations - 0.00548 (ms)
2026-07-10 21:37:03,258 [INFO] Pass: RemoveDiagonalGatesBeforeMeasure - 0.00858 (ms)
2026-07-10 21:37:03,258 [INFO] Pass: RemoveIdentityEquivalent - 0.00310 (ms)
2026-07-10 21:37:03,258 [INFO] Pass: InverseCancellation - 0.00501 (ms)
2026-07-10 21:37:03,258 [INFO] Pass: ContractIdleWiresInControlFlow - 0.00215 (ms)
2026-07-10 21:37:03,258 [INFO] Pass: CommutativeCancellation - 0.02098 (ms)
2026-07-10 21:37:03,258 [INFO] Pass: ConsolidateBlocks - 0.04196 (ms)
2026-07-10 21:37:03,258 [INFO] Pass: Split2QUnitaries - 0.00334 (ms)
2026-07-10 21:37:03,258 [INFO] Pass: UnitarySynthesis - 0.00453 (ms)
2026-07-10 21:37:03,258 [INFO] Pass: HighLevelSynthesis - 0.00930 (ms)
2026-07-10 21:37:03,258 [INFO] Pass: BasisTranslator - 0.05150 (ms)
2026-07-10 21:37:03,259 [INFO] Pass: ConsolidateBlocks - 0.04053 (ms)
2026-07-10 21:37:03,259 [INFO] Pass: UnitarySynthesis - 0.00429 (ms)
2026-07-10 21:37:03,259 [INFO] Pass: Depth - 0.01001 (ms)
2026-07-10 21:37:03,259 [INFO] Pass: FixedPoint - 0.00501 (ms)
2026-07-10 21:37:03,259 [INFO] Pass: Size - 0.00310 (ms)
2026-07-10 21:37:03,259 [INFO] Pass: FixedPoint - 0.00310 (ms)
2026-07-10 21:37:03,259 [INFO] Pass: RemoveIdentityEquivalent - 0.00262 (ms)
2026-07-10 21:37:03,259 [INFO] Pass: Optimize1qGatesDecomposition - 0.02933 (ms)
2026-07-10 21:37:03,259 [INFO] Pass: CommutativeCancellation - 0.04268 (ms)
2026-07-10 21:37:03,259 [INFO] Pass: ContractIdleWiresInControlFlow - 0.00191 (ms)
2026-07-10 21:37:03,259 [INFO] Pass: GatesInBasis - 0.00858 (ms)
2026-07-10 21:37:03,259 [INFO] Pass: Depth - 0.00739 (ms)
2026-07-10 21:37:03,259 [INFO] Pass: FixedPoint - 0.00334 (ms)
2026-07-10 21:37:03,259 [INFO] Pass: Size - 0.00215 (ms)
2026-07-10 21:37:03,259 [INFO] Pass: FixedPoint - 0.00286 (ms)
2026-07-10 21:37:03,259 [INFO] Pass: ContainsInstruction - 0.00501 (ms)
2026-07-10 21:37:03,259 [INFO] Total Transpile Time - 92.35835 (ms)
2026-07-10 21:37:03,350 [INFO] Pass: ContainsInstruction - 0.00906 (ms)
2026-07-10 21:37:03,350 [INFO] Pass: UnitarySynthesis - 0.00572 (ms)
2026-07-10 21:37:03,350 [INFO] Pass: HighLevelSynthesis - 0.00572 (ms)
2026-07-10 21:37:03,350 [INFO] Pass: BasisTranslator - 0.06104 (ms)
2026-07-10 21:37:03,350 [INFO] Pass: ElidePermutations - 0.00405 (ms)
2026-07-10 21:37:03,350 [INFO] Pass: RemoveDiagonalGatesBeforeMeasure - 0.00596 (ms)
2026-07-10 21:37:03,350 [INFO] Pass: RemoveIdentityEquivalent - 0.00429 (ms)
2026-07-10 21:37:03,350 [INFO] Pass: InverseCancellation - 0.01335 (ms)
2026-07-10 21:37:03,350 [INFO] Pass: ContractIdleWiresInControlFlow - 0.00215 (ms)
2026-07-10 21:37:03,350 [INFO] Pass: CommutativeCancellation - 0.02527 (ms)
2026-07-10 21:37:03,351 [INFO] Pass: ConsolidateBlocks - 0.02980 (ms)
2026-07-10 21:37:03,351 [INFO] Pass: Split2QUnitaries - 0.00310 (ms)
2026-07-10 21:37:03,351 [INFO] Pass: UnitarySynthesis - 0.00501 (ms)
2026-07-10 21:37:03,351 [INFO] Pass: HighLevelSynthesis - 0.00882 (ms)
2026-07-10 21:37:03,351 [INFO] Pass: BasisTranslator - 0.05102 (ms)
2026-07-10 21:37:03,351 [INFO] Pass: ConsolidateBlocks - 0.04053 (ms)
2026-07-10 21:37:03,351 [INFO] Pass: UnitarySynthesis - 0.00453 (ms)
2026-07-10 21:37:03,351 [INFO] Pass: Depth - 0.01025 (ms)
2026-07-10 21:37:03,351 [INFO] Pass: FixedPoint - 0.00405 (ms)
2026-07-10 21:37:03,351 [INFO] Pass: Size - 0.00286 (ms)
2026-07-10 21:37:03,351 [INFO] Pass: FixedPoint - 0.00286 (ms)
2026-07-10 21:37:03,351 [INFO] Pass: RemoveIdentityEquivalent - 0.00334 (ms)
2026-07-10 21:37:03,351 [INFO] Pass: Optimize1qGatesDecomposition - 0.09203 (ms)
2026-07-10 21:37:03,351 [INFO] Pass: CommutativeCancellation - 0.04864 (ms)
2026-07-10 21:37:03,351 [INFO] Pass: ContractIdleWiresInControlFlow - 0.00143 (ms)
2026-07-10 21:37:03,351 [INFO] Pass: GatesInBasis - 0.00787 (ms)
2026-07-10 21:37:03,351 [INFO] Pass: Depth - 0.00834 (ms)
2026-07-10 21:37:03,351 [INFO] Pass: FixedPoint - 0.00334 (ms)
2026-07-10 21:37:03,351 [INFO] Pass: Size - 0.00215 (ms)
2026-07-10 21:37:03,351 [INFO] Pass: FixedPoint - 0.00906 (ms)
2026-07-10 21:37:03,351 [INFO] Pass: ContainsInstruction - 0.00477 (ms)
2026-07-10 21:37:03,351 [INFO] Total Transpile Time - 91.87460 (ms)
2026-07-10 21:37:03,442 [INFO] Pass: ContainsInstruction - 0.00954 (ms)
2026-07-10 21:37:03,442 [INFO] Pass: UnitarySynthesis - 0.00620 (ms)
2026-07-10 21:37:03,442 [INFO] Pass: HighLevelSynthesis - 0.00501 (ms)
2026-07-10 21:37:03,442 [INFO] Pass: BasisTranslator - 0.05174 (ms)
2026-07-10 21:37:03,442 [INFO] Pass: ElidePermutations - 0.00358 (ms)
2026-07-10 21:37:03,442 [INFO] Pass: RemoveDiagonalGatesBeforeMeasure - 0.00572 (ms)
2026-07-10 21:37:03,442 [INFO] Pass: RemoveIdentityEquivalent - 0.00381 (ms)
2026-07-10 21:37:03,442 [INFO] Pass: InverseCancellation - 0.01216 (ms)
2026-07-10 21:37:03,442 [INFO] Pass: ContractIdleWiresInControlFlow - 0.00238 (ms)
2026-07-10 21:37:03,442 [INFO] Pass: CommutativeCancellation - 0.02217 (ms)
2026-07-10 21:37:03,442 [INFO] Pass: ConsolidateBlocks - 0.02885 (ms)
2026-07-10 21:37:03,442 [INFO] Pass: Split2QUnitaries - 0.00262 (ms)
2026-07-10 21:37:03,442 [INFO] Pass: UnitarySynthesis - 0.00477 (ms)
2026-07-10 21:37:03,442 [INFO] Pass: HighLevelSynthesis - 0.00978 (ms)
2026-07-10 21:37:03,443 [INFO] Pass: BasisTranslator - 0.05150 (ms)
2026-07-10 21:37:03,443 [INFO] Pass: ConsolidateBlocks - 0.04101 (ms)
2026-07-10 21:37:03,443 [INFO] Pass: UnitarySynthesis - 0.00453 (ms)
2026-07-10 21:37:03,443 [INFO] Pass: Depth - 0.01025 (ms)
2026-07-10 21:37:03,443 [INFO] Pass: FixedPoint - 0.00477 (ms)
2026-07-10 21:37:03,443 [INFO] Pass: Size - 0.00238 (ms)
2026-07-10 21:37:03,443 [INFO] Pass: FixedPoint - 0.00262 (ms)
2026-07-10 21:37:03,443 [INFO] Pass: RemoveIdentityEquivalent - 0.00358 (ms)
2026-07-10 21:37:03,443 [INFO] Pass: Optimize1qGatesDecomposition - 0.09274 (ms)
2026-07-10 21:37:03,443 [INFO] Pass: CommutativeCancellation - 0.04363 (ms)
2026-07-10 21:37:03,443 [INFO] Pass: ContractIdleWiresInControlFlow - 0.00215 (ms)
2026-07-10 21:37:03,443 [INFO] Pass: GatesInBasis - 0.00811 (ms)
2026-07-10 21:37:03,443 [INFO] Pass: Depth - 0.00930 (ms)
2026-07-10 21:37:03,443 [INFO] Pass: FixedPoint - 0.00381 (ms)
2026-07-10 21:37:03,443 [INFO] Pass: Size - 0.00191 (ms)
2026-07-10 21:37:03,443 [INFO] Pass: FixedPoint - 0.00334 (ms)
2026-07-10 21:37:03,443 [INFO] Pass: RemoveIdentityEquivalent - 0.00358 (ms)
2026-07-10 21:37:03,443 [INFO] Pass: Optimize1qGatesDecomposition - 0.07796 (ms)
2026-07-10 21:37:03,443 [INFO] Pass: CommutativeCancellation - 0.03791 (ms)
2026-07-10 21:37:03,443 [INFO] Pass: ContractIdleWiresInControlFlow - 0.00167 (ms)
2026-07-10 21:37:03,443 [INFO] Pass: GatesInBasis - 0.00715 (ms)
2026-07-10 21:37:03,443 [INFO] Pass: Depth - 0.00787 (ms)
2026-07-10 21:37:03,443 [INFO] Pass: FixedPoint - 0.00334 (ms)
2026-07-10 21:37:03,443 [INFO] Pass: Size - 0.00167 (ms)
2026-07-10 21:37:03,443 [INFO] Pass: FixedPoint - 0.00286 (ms)
2026-07-10 21:37:03,443 [INFO] Pass: ContainsInstruction - 0.00477 (ms)
2026-07-10 21:37:03,444 [INFO] Total Transpile Time - 91.85219 (ms)
2026-07-10 21:37:16,925 [INFO] [PCE] n=25 instancia 92/100 completada en 0:00:00:14 — transcurrido=0:00:20:46 restante_estimado=0:00:01:48
2026-07-10 21:37:17,020 [INFO] Pass: ContainsInstruction - 0.01121 (ms)
2026-07-10 21:37:17,020 [INFO] Pass: UnitarySynthesis - 0.00596 (ms)
2026-07-10 21:37:17,020 [INFO] Pass: HighLevelSynthesis - 0.00668 (ms)
2026-07-10 21:37:17,020 [INFO] Pass: BasisTranslator - 0.06461 (ms)
2026-07-10 21:37:17,020 [INFO] Pass: ElidePermutations - 0.00501 (ms)
2026-07-10 21:37:17,020 [INFO] Pass: RemoveDiagonalGatesBeforeMeasure - 0.00787 (ms)
2026-07-10 21:37:17,020 [INFO] Pass: RemoveIdentityEquivalent - 0.00334 (ms)
2026-07-10 21:37:17,020 [INFO] Pass: InverseCancellation - 0.00501 (ms)
2026-07-10 21:37:17,020 [INFO] Pass: ContractIdleWiresInControlFlow - 0.00215 (ms)
2026-07-10 21:37:17,020 [INFO] Pass: CommutativeCancellation - 0.02289 (ms)
2026-07-10 21:37:17,020 [INFO] Pass: ConsolidateBlocks - 0.03457 (ms)
2026-07-10 21:37:17,020 [INFO] Pass: Split2QUnitaries - 0.00334 (ms)
2026-07-10 21:37:17,020 [INFO] Pass: UnitarySynthesis - 0.00477 (ms)
2026-07-10 21:37:17,021 [INFO] Pass: HighLevelSynthesis - 0.00978 (ms)
2026-07-10 21:37:17,021 [INFO] Pass: BasisTranslator - 0.05388 (ms)
2026-07-10 21:37:17,021 [INFO] Pass: ConsolidateBlocks - 0.04148 (ms)
2026-07-10 21:37:17,021 [INFO] Pass: UnitarySynthesis - 0.00429 (ms)
2026-07-10 21:37:17,021 [INFO] Pass: Depth - 0.00978 (ms)
2026-07-10 21:37:17,021 [INFO] Pass: FixedPoint - 0.00477 (ms)
2026-07-10 21:37:17,021 [INFO] Pass: Size - 0.00334 (ms)
2026-07-10 21:37:17,021 [INFO] Pass: FixedPoint - 0.00286 (ms)
2026-07-10 21:37:17,021 [INFO] Pass: RemoveIdentityEquivalent - 0.00262 (ms)
2026-07-10 21:37:17,021 [INFO] Pass: Optimize1qGatesDecomposition - 0.02813 (ms)
2026-07-10 21:37:17,021 [INFO] Pass: CommutativeCancellation - 0.04244 (ms)
2026-07-10 21:37:17,021 [INFO] Pass: ContractIdleWiresInControlFlow - 0.00167 (ms)
2026-07-10 21:37:17,021 [INFO] Pass: GatesInBasis - 0.00906 (ms)
2026-07-10 21:37:17,021 [INFO] Pass: Depth - 0.00811 (ms)
2026-07-10 21:37:17,021 [INFO] Pass: FixedPoint - 0.00334 (ms)
2026-07-10 21:37:17,021 [INFO] Pass: Size - 0.00215 (ms)
2026-07-10 21:37:17,021 [INFO] Pass: FixedPoint - 0.00286 (ms)
2026-07-10 21:37:17,021 [INFO] Pass: ContainsInstruction - 0.00453 (ms)
2026-07-10 21:37:17,021 [INFO] Total Transpile Time - 95.03603 (ms)
2026-07-10 21:37:17,114 [INFO] Pass: ContainsInstruction - 0.00930 (ms)
2026-07-10 21:37:17,114 [INFO] Pass: UnitarySynthesis - 0.00668 (ms)
2026-07-10 21:37:17,114 [INFO] Pass: HighLevelSynthesis - 0.00548 (ms)
2026-07-10 21:37:17,114 [INFO] Pass: BasisTranslator - 0.05507 (ms)
2026-07-10 21:37:17,114 [INFO] Pass: ElidePermutations - 0.00381 (ms)
2026-07-10 21:37:17,114 [INFO] Pass: RemoveDiagonalGatesBeforeMeasure - 0.00668 (ms)
2026-07-10 21:37:17,114 [INFO] Pass: RemoveIdentityEquivalent - 0.00453 (ms)
2026-07-10 21:37:17,114 [INFO] Pass: InverseCancellation - 0.01335 (ms)
2026-07-10 21:37:17,114 [INFO] Pass: ContractIdleWiresInControlFlow - 0.00191 (ms)
2026-07-10 21:37:17,114 [INFO] Pass: CommutativeCancellation - 0.02646 (ms)
2026-07-10 21:37:17,115 [INFO] Pass: ConsolidateBlocks - 0.03123 (ms)
2026-07-10 21:37:17,115 [INFO] Pass: Split2QUnitaries - 0.00334 (ms)
2026-07-10 21:37:17,115 [INFO] Pass: UnitarySynthesis - 0.00525 (ms)
2026-07-10 21:37:17,115 [INFO] Pass: HighLevelSynthesis - 0.00954 (ms)
2026-07-10 21:37:17,115 [INFO] Pass: BasisTranslator - 0.05102 (ms)
2026-07-10 21:37:17,115 [INFO] Pass: ConsolidateBlocks - 0.03982 (ms)
2026-07-10 21:37:17,115 [INFO] Pass: UnitarySynthesis - 0.00453 (ms)
2026-07-10 21:37:17,115 [INFO] Pass: Depth - 0.01001 (ms)
2026-07-10 21:37:17,115 [INFO] Pass: FixedPoint - 0.00429 (ms)
2026-07-10 21:37:17,115 [INFO] Pass: Size - 0.00334 (ms)
2026-07-10 21:37:17,115 [INFO] Pass: FixedPoint - 0.00310 (ms)
2026-07-10 21:37:17,115 [INFO] Pass: RemoveIdentityEquivalent - 0.00334 (ms)
2026-07-10 21:37:17,115 [INFO] Pass: Optimize1qGatesDecomposition - 0.08893 (ms)
2026-07-10 21:37:17,115 [INFO] Pass: CommutativeCancellation - 0.04911 (ms)
2026-07-10 21:37:17,115 [INFO] Pass: ContractIdleWiresInControlFlow - 0.00215 (ms)
2026-07-10 21:37:17,115 [INFO] Pass: GatesInBasis - 0.00858 (ms)
2026-07-10 21:37:17,115 [INFO] Pass: Depth - 0.00978 (ms)
2026-07-10 21:37:17,115 [INFO] Pass: FixedPoint - 0.00358 (ms)
2026-07-10 21:37:17,115 [INFO] Pass: Size - 0.00167 (ms)
2026-07-10 21:37:17,115 [INFO] Pass: FixedPoint - 0.00262 (ms)
2026-07-10 21:37:17,115 [INFO] Pass: ContainsInstruction - 0.00548 (ms)
2026-07-10 21:37:17,115 [INFO] Total Transpile Time - 93.74785 (ms)
2026-07-10 21:37:17,209 [INFO] Pass: ContainsInstruction - 0.00954 (ms)
2026-07-10 21:37:17,209 [INFO] Pass: UnitarySynthesis - 0.00620 (ms)
2026-07-10 21:37:17,209 [INFO] Pass: HighLevelSynthesis - 0.00525 (ms)
2026-07-10 21:37:17,209 [INFO] Pass: BasisTranslator - 0.05221 (ms)
2026-07-10 21:37:17,209 [INFO] Pass: ElidePermutations - 0.00358 (ms)
2026-07-10 21:37:17,209 [INFO] Pass: RemoveDiagonalGatesBeforeMeasure - 0.00572 (ms)
2026-07-10 21:37:17,209 [INFO] Pass: RemoveIdentityEquivalent - 0.00405 (ms)
2026-07-10 21:37:17,209 [INFO] Pass: InverseCancellation - 0.02074 (ms)
2026-07-10 21:37:17,209 [INFO] Pass: ContractIdleWiresInControlFlow - 0.00191 (ms)
2026-07-10 21:37:17,209 [INFO] Pass: CommutativeCancellation - 0.02337 (ms)
2026-07-10 21:37:17,209 [INFO] Pass: ConsolidateBlocks - 0.02956 (ms)
2026-07-10 21:37:17,209 [INFO] Pass: Split2QUnitaries - 0.00310 (ms)
2026-07-10 21:37:17,209 [INFO] Pass: UnitarySynthesis - 0.00501 (ms)
2026-07-10 21:37:17,209 [INFO] Pass: HighLevelSynthesis - 0.00978 (ms)
2026-07-10 21:37:17,210 [INFO] Pass: BasisTranslator - 0.05174 (ms)
2026-07-10 21:37:17,210 [INFO] Pass: ConsolidateBlocks - 0.03910 (ms)
2026-07-10 21:37:17,210 [INFO] Pass: UnitarySynthesis - 0.00477 (ms)
2026-07-10 21:37:17,210 [INFO] Pass: Depth - 0.00954 (ms)
2026-07-10 21:37:17,210 [INFO] Pass: FixedPoint - 0.00453 (ms)
2026-07-10 21:37:17,210 [INFO] Pass: Size - 0.00286 (ms)
2026-07-10 21:37:17,210 [INFO] Pass: FixedPoint - 0.00262 (ms)
2026-07-10 21:37:17,210 [INFO] Pass: RemoveIdentityEquivalent - 0.00381 (ms)
2026-07-10 21:37:17,210 [INFO] Pass: Optimize1qGatesDecomposition - 0.09418 (ms)
2026-07-10 21:37:17,210 [INFO] Pass: CommutativeCancellation - 0.04315 (ms)
2026-07-10 21:37:17,210 [INFO] Pass: ContractIdleWiresInControlFlow - 0.00191 (ms)
2026-07-10 21:37:17,210 [INFO] Pass: GatesInBasis - 0.00882 (ms)
2026-07-10 21:37:17,210 [INFO] Pass: Depth - 0.00954 (ms)
2026-07-10 21:37:17,210 [INFO] Pass: FixedPoint - 0.00358 (ms)
2026-07-10 21:37:17,210 [INFO] Pass: Size - 0.00215 (ms)
2026-07-10 21:37:17,210 [INFO] Pass: FixedPoint - 0.00286 (ms)
2026-07-10 21:37:17,210 [INFO] Pass: RemoveIdentityEquivalent - 0.00358 (ms)
2026-07-10 21:37:17,210 [INFO] Pass: Optimize1qGatesDecomposition - 0.08535 (ms)
2026-07-10 21:37:17,210 [INFO] Pass: CommutativeCancellation - 0.03719 (ms)
2026-07-10 21:37:17,210 [INFO] Pass: ContractIdleWiresInControlFlow - 0.00167 (ms)
2026-07-10 21:37:17,210 [INFO] Pass: GatesInBasis - 0.00739 (ms)
2026-07-10 21:37:17,210 [INFO] Pass: Depth - 0.00858 (ms)
2026-07-10 21:37:17,210 [INFO] Pass: FixedPoint - 0.00358 (ms)
2026-07-10 21:37:17,210 [INFO] Pass: Size - 0.00215 (ms)
2026-07-10 21:37:17,210 [INFO] Pass: FixedPoint - 0.00262 (ms)
2026-07-10 21:37:17,211 [INFO] Pass: ContainsInstruction - 0.00525 (ms)
2026-07-10 21:37:17,211 [INFO] Total Transpile Time - 94.83957 (ms)
2026-07-10 21:37:29,499 [INFO] [PCE] n=25 instancia 93/100 completada en 0:00:00:13 — transcurrido=0:00:20:59 restante_estimado=0:00:01:35
2026-07-10 21:37:29,595 [INFO] Pass: ContainsInstruction - 0.01168 (ms)
2026-07-10 21:37:29,595 [INFO] Pass: UnitarySynthesis - 0.00763 (ms)
2026-07-10 21:37:29,595 [INFO] Pass: HighLevelSynthesis - 0.00620 (ms)
2026-07-10 21:37:29,595 [INFO] Pass: BasisTranslator - 0.06342 (ms)
2026-07-10 21:37:29,595 [INFO] Pass: ElidePermutations - 0.00501 (ms)
2026-07-10 21:37:29,595 [INFO] Pass: RemoveDiagonalGatesBeforeMeasure - 0.00763 (ms)
2026-07-10 21:37:29,595 [INFO] Pass: RemoveIdentityEquivalent - 0.00334 (ms)
2026-07-10 21:37:29,595 [INFO] Pass: InverseCancellation - 0.00525 (ms)
2026-07-10 21:37:29,595 [INFO] Pass: ContractIdleWiresInControlFlow - 0.00238 (ms)
2026-07-10 21:37:29,595 [INFO] Pass: CommutativeCancellation - 0.02241 (ms)
2026-07-10 21:37:29,595 [INFO] Pass: ConsolidateBlocks - 0.03457 (ms)
2026-07-10 21:37:29,595 [INFO] Pass: Split2QUnitaries - 0.00358 (ms)
2026-07-10 21:37:29,595 [INFO] Pass: UnitarySynthesis - 0.00453 (ms)
2026-07-10 21:37:29,595 [INFO] Pass: HighLevelSynthesis - 0.00978 (ms)
2026-07-10 21:37:29,595 [INFO] Pass: BasisTranslator - 0.05436 (ms)
2026-07-10 21:37:29,595 [INFO] Pass: ConsolidateBlocks - 0.04077 (ms)
2026-07-10 21:37:29,596 [INFO] Pass: UnitarySynthesis - 0.00405 (ms)
2026-07-10 21:37:29,596 [INFO] Pass: Depth - 0.01025 (ms)
2026-07-10 21:37:29,596 [INFO] Pass: FixedPoint - 0.00477 (ms)
2026-07-10 21:37:29,596 [INFO] Pass: Size - 0.00358 (ms)
2026-07-10 21:37:29,596 [INFO] Pass: FixedPoint - 0.00262 (ms)
2026-07-10 21:37:29,596 [INFO] Pass: RemoveIdentityEquivalent - 0.00238 (ms)
2026-07-10 21:37:29,596 [INFO] Pass: Optimize1qGatesDecomposition - 0.03052 (ms)
2026-07-10 21:37:29,596 [INFO] Pass: CommutativeCancellation - 0.04315 (ms)
2026-07-10 21:37:29,596 [INFO] Pass: ContractIdleWiresInControlFlow - 0.00191 (ms)
2026-07-10 21:37:29,596 [INFO] Pass: GatesInBasis - 0.00930 (ms)
2026-07-10 21:37:29,596 [INFO] Pass: Depth - 0.00811 (ms)
2026-07-10 21:37:29,596 [INFO] Pass: FixedPoint - 0.00334 (ms)
2026-07-10 21:37:29,596 [INFO] Pass: Size - 0.00238 (ms)
2026-07-10 21:37:29,596 [INFO] Pass: FixedPoint - 0.00262 (ms)
2026-07-10 21:37:29,596 [INFO] Pass: ContainsInstruction - 0.00453 (ms)
2026-07-10 21:37:29,596 [INFO] Total Transpile Time - 95.46995 (ms)
2026-07-10 21:37:29,689 [INFO] Pass: ContainsInstruction - 0.00906 (ms)
2026-07-10 21:37:29,690 [INFO] Pass: UnitarySynthesis - 0.00596 (ms)
2026-07-10 21:37:29,690 [INFO] Pass: HighLevelSynthesis - 0.00691 (ms)
2026-07-10 21:37:29,690 [INFO] Pass: BasisTranslator - 0.05817 (ms)
2026-07-10 21:37:29,690 [INFO] Pass: ElidePermutations - 0.00334 (ms)
2026-07-10 21:37:29,690 [INFO] Pass: RemoveDiagonalGatesBeforeMeasure - 0.00620 (ms)
2026-07-10 21:37:29,690 [INFO] Pass: RemoveIdentityEquivalent - 0.00381 (ms)
2026-07-10 21:37:29,690 [INFO] Pass: InverseCancellation - 0.01359 (ms)
2026-07-10 21:37:29,690 [INFO] Pass: ContractIdleWiresInControlFlow - 0.00215 (ms)
2026-07-10 21:37:29,690 [INFO] Pass: CommutativeCancellation - 0.02718 (ms)
2026-07-10 21:37:29,690 [INFO] Pass: ConsolidateBlocks - 0.03028 (ms)
2026-07-10 21:37:29,690 [INFO] Pass: Split2QUnitaries - 0.00238 (ms)
2026-07-10 21:37:29,690 [INFO] Pass: UnitarySynthesis - 0.00477 (ms)
2026-07-10 21:37:29,690 [INFO] Pass: HighLevelSynthesis - 0.00858 (ms)
2026-07-10 21:37:29,690 [INFO] Pass: BasisTranslator - 0.05198 (ms)
2026-07-10 21:37:29,690 [INFO] Pass: ConsolidateBlocks - 0.04005 (ms)
2026-07-10 21:37:29,690 [INFO] Pass: UnitarySynthesis - 0.00429 (ms)
2026-07-10 21:37:29,690 [INFO] Pass: Depth - 0.01025 (ms)
2026-07-10 21:37:29,690 [INFO] Pass: FixedPoint - 0.00429 (ms)
2026-07-10 21:37:29,690 [INFO] Pass: Size - 0.00310 (ms)
2026-07-10 21:37:29,690 [INFO] Pass: FixedPoint - 0.00238 (ms)
2026-07-10 21:37:29,690 [INFO] Pass: RemoveIdentityEquivalent - 0.00381 (ms)
2026-07-10 21:37:29,690 [INFO] Pass: Optimize1qGatesDecomposition - 0.09036 (ms)
2026-07-10 21:37:29,690 [INFO] Pass: CommutativeCancellation - 0.04864 (ms)
2026-07-10 21:37:29,691 [INFO] Pass: ContractIdleWiresInControlFlow - 0.00215 (ms)
2026-07-10 21:37:29,691 [INFO] Pass: GatesInBasis - 0.00811 (ms)
2026-07-10 21:37:29,691 [INFO] Pass: Depth - 0.00954 (ms)
2026-07-10 21:37:29,691 [INFO] Pass: FixedPoint - 0.00358 (ms)
2026-07-10 21:37:29,691 [INFO] Pass: Size - 0.00167 (ms)
2026-07-10 21:37:29,691 [INFO] Pass: FixedPoint - 0.00262 (ms)
2026-07-10 21:37:29,691 [INFO] Pass: ContainsInstruction - 0.00477 (ms)
2026-07-10 21:37:29,691 [INFO] Total Transpile Time - 94.31648 (ms)
2026-07-10 21:37:29,784 [INFO] Pass: ContainsInstruction - 0.00882 (ms)
2026-07-10 21:37:29,784 [INFO] Pass: UnitarySynthesis - 0.00644 (ms)
2026-07-10 21:37:29,785 [INFO] Pass: HighLevelSynthesis - 0.00644 (ms)
2026-07-10 21:37:29,785 [INFO] Pass: BasisTranslator - 0.05460 (ms)
2026-07-10 21:37:29,785 [INFO] Pass: ElidePermutations - 0.00334 (ms)
2026-07-10 21:37:29,785 [INFO] Pass: RemoveDiagonalGatesBeforeMeasure - 0.00525 (ms)
2026-07-10 21:37:29,785 [INFO] Pass: RemoveIdentityEquivalent - 0.00405 (ms)
2026-07-10 21:37:29,785 [INFO] Pass: InverseCancellation - 0.01216 (ms)
2026-07-10 21:37:29,785 [INFO] Pass: ContractIdleWiresInControlFlow - 0.00167 (ms)
2026-07-10 21:37:29,785 [INFO] Pass: CommutativeCancellation - 0.02384 (ms)
2026-07-10 21:37:29,785 [INFO] Pass: ConsolidateBlocks - 0.03028 (ms)
2026-07-10 21:37:29,785 [INFO] Pass: Split2QUnitaries - 0.00238 (ms)
2026-07-10 21:37:29,785 [INFO] Pass: UnitarySynthesis - 0.00525 (ms)
2026-07-10 21:37:29,785 [INFO] Pass: HighLevelSynthesis - 0.01025 (ms)
2026-07-10 21:37:29,785 [INFO] Pass: BasisTranslator - 0.05221 (ms)
2026-07-10 21:37:29,785 [INFO] Pass: ConsolidateBlocks - 0.04125 (ms)
2026-07-10 21:37:29,785 [INFO] Pass: UnitarySynthesis - 0.00429 (ms)
2026-07-10 21:37:29,785 [INFO] Pass: Depth - 0.01049 (ms)
2026-07-10 21:37:29,785 [INFO] Pass: FixedPoint - 0.00429 (ms)
2026-07-10 21:37:29,785 [INFO] Pass: Size - 0.00286 (ms)
2026-07-10 21:37:29,785 [INFO] Pass: FixedPoint - 0.00286 (ms)
2026-07-10 21:37:29,785 [INFO] Pass: RemoveIdentityEquivalent - 0.00405 (ms)
2026-07-10 21:37:29,785 [INFO] Pass: Optimize1qGatesDecomposition - 0.09298 (ms)
2026-07-10 21:37:29,785 [INFO] Pass: CommutativeCancellation - 0.04339 (ms)
2026-07-10 21:37:29,785 [INFO] Pass: ContractIdleWiresInControlFlow - 0.00238 (ms)
2026-07-10 21:37:29,785 [INFO] Pass: GatesInBasis - 0.00834 (ms)
2026-07-10 21:37:29,786 [INFO] Pass: Depth - 0.01049 (ms)
2026-07-10 21:37:29,786 [INFO] Pass: FixedPoint - 0.00358 (ms)
2026-07-10 21:37:29,786 [INFO] Pass: Size - 0.00238 (ms)
2026-07-10 21:37:29,786 [INFO] Pass: FixedPoint - 0.00286 (ms)
2026-07-10 21:37:29,786 [INFO] Pass: RemoveIdentityEquivalent - 0.00334 (ms)
2026-07-10 21:37:29,786 [INFO] Pass: Optimize1qGatesDecomposition - 0.08035 (ms)
2026-07-10 21:37:29,786 [INFO] Pass: CommutativeCancellation - 0.03719 (ms)
2026-07-10 21:37:29,786 [INFO] Pass: ContractIdleWiresInControlFlow - 0.00167 (ms)
2026-07-10 21:37:29,786 [INFO] Pass: GatesInBasis - 0.00691 (ms)
2026-07-10 21:37:29,786 [INFO] Pass: Depth - 0.00858 (ms)
2026-07-10 21:37:29,786 [INFO] Pass: FixedPoint - 0.00310 (ms)
2026-07-10 21:37:29,786 [INFO] Pass: Size - 0.00167 (ms)
2026-07-10 21:37:29,786 [INFO] Pass: FixedPoint - 0.00286 (ms)
2026-07-10 21:37:29,786 [INFO] Pass: ContainsInstruction - 0.00501 (ms)
2026-07-10 21:37:29,786 [INFO] Total Transpile Time - 94.91396 (ms)
2026-07-10 21:37:42,890 [INFO] [PCE] n=25 instancia 94/100 completada en 0:00:00:13 — transcurrido=0:00:21:12 restante_estimado=0:00:01:21
2026-07-10 21:37:42,985 [INFO] Pass: ContainsInstruction - 0.01168 (ms)
2026-07-10 21:37:42,986 [INFO] Pass: UnitarySynthesis - 0.00644 (ms)
2026-07-10 21:37:42,986 [INFO] Pass: HighLevelSynthesis - 0.00691 (ms)
2026-07-10 21:37:42,986 [INFO] Pass: BasisTranslator - 0.06390 (ms)
2026-07-10 21:37:42,986 [INFO] Pass: ElidePermutations - 0.00501 (ms)
2026-07-10 21:37:42,986 [INFO] Pass: RemoveDiagonalGatesBeforeMeasure - 0.00715 (ms)
2026-07-10 21:37:42,986 [INFO] Pass: RemoveIdentityEquivalent - 0.00310 (ms)
2026-07-10 21:37:42,986 [INFO] Pass: InverseCancellation - 0.00453 (ms)
2026-07-10 21:37:42,986 [INFO] Pass: ContractIdleWiresInControlFlow - 0.00238 (ms)
2026-07-10 21:37:42,986 [INFO] Pass: CommutativeCancellation - 0.02599 (ms)
2026-07-10 21:37:42,986 [INFO] Pass: ConsolidateBlocks - 0.03314 (ms)
2026-07-10 21:37:42,986 [INFO] Pass: Split2QUnitaries - 0.00334 (ms)
2026-07-10 21:37:42,986 [INFO] Pass: UnitarySynthesis - 0.00453 (ms)
2026-07-10 21:37:42,986 [INFO] Pass: HighLevelSynthesis - 0.00858 (ms)
2026-07-10 21:37:42,986 [INFO] Pass: BasisTranslator - 0.05388 (ms)
2026-07-10 21:37:42,986 [INFO] Pass: ConsolidateBlocks - 0.04196 (ms)
2026-07-10 21:37:42,986 [INFO] Pass: UnitarySynthesis - 0.00453 (ms)
2026-07-10 21:37:42,986 [INFO] Pass: Depth - 0.01049 (ms)
2026-07-10 21:37:42,986 [INFO] Pass: FixedPoint - 0.00501 (ms)
2026-07-10 21:37:42,986 [INFO] Pass: Size - 0.00334 (ms)
2026-07-10 21:37:42,986 [INFO] Pass: FixedPoint - 0.00310 (ms)
2026-07-10 21:37:42,986 [INFO] Pass: RemoveIdentityEquivalent - 0.00215 (ms)
2026-07-10 21:37:42,986 [INFO] Pass: Optimize1qGatesDecomposition - 0.03028 (ms)
2026-07-10 21:37:42,986 [INFO] Pass: CommutativeCancellation - 0.04387 (ms)
2026-07-10 21:37:42,987 [INFO] Pass: ContractIdleWiresInControlFlow - 0.00191 (ms)
2026-07-10 21:37:42,987 [INFO] Pass: GatesInBasis - 0.00906 (ms)
2026-07-10 21:37:42,987 [INFO] Pass: Depth - 0.00811 (ms)
2026-07-10 21:37:42,987 [INFO] Pass: FixedPoint - 0.00358 (ms)
2026-07-10 21:37:42,987 [INFO] Pass: Size - 0.00191 (ms)
2026-07-10 21:37:42,987 [INFO] Pass: FixedPoint - 0.00286 (ms)
2026-07-10 21:37:42,987 [INFO] Pass: ContainsInstruction - 0.00453 (ms)
2026-07-10 21:37:42,987 [INFO] Total Transpile Time - 95.24369 (ms)
2026-07-10 21:37:43,080 [INFO] Pass: ContainsInstruction - 0.01049 (ms)
2026-07-10 21:37:43,080 [INFO] Pass: UnitarySynthesis - 0.00620 (ms)
2026-07-10 21:37:43,080 [INFO] Pass: HighLevelSynthesis - 0.00596 (ms)
2026-07-10 21:37:43,080 [INFO] Pass: BasisTranslator - 0.06008 (ms)
2026-07-10 21:37:43,080 [INFO] Pass: ElidePermutations - 0.00405 (ms)
2026-07-10 21:37:43,080 [INFO] Pass: RemoveDiagonalGatesBeforeMeasure - 0.00620 (ms)
2026-07-10 21:37:43,080 [INFO] Pass: RemoveIdentityEquivalent - 0.00405 (ms)
2026-07-10 21:37:43,080 [INFO] Pass: InverseCancellation - 0.01240 (ms)
2026-07-10 21:37:43,080 [INFO] Pass: ContractIdleWiresInControlFlow - 0.00215 (ms)
2026-07-10 21:37:43,080 [INFO] Pass: CommutativeCancellation - 0.03552 (ms)
2026-07-10 21:37:43,080 [INFO] Pass: ConsolidateBlocks - 0.03171 (ms)
2026-07-10 21:37:43,080 [INFO] Pass: Split2QUnitaries - 0.00286 (ms)
2026-07-10 21:37:43,080 [INFO] Pass: UnitarySynthesis - 0.00525 (ms)
2026-07-10 21:37:43,080 [INFO] Pass: HighLevelSynthesis - 0.00930 (ms)
2026-07-10 21:37:43,080 [INFO] Pass: BasisTranslator - 0.05412 (ms)
2026-07-10 21:37:43,081 [INFO] Pass: ConsolidateBlocks - 0.04268 (ms)
2026-07-10 21:37:43,081 [INFO] Pass: UnitarySynthesis - 0.00453 (ms)
2026-07-10 21:37:43,081 [INFO] Pass: Depth - 0.01001 (ms)
2026-07-10 21:37:43,081 [INFO] Pass: FixedPoint - 0.00405 (ms)
2026-07-10 21:37:43,081 [INFO] Pass: Size - 0.00310 (ms)
2026-07-10 21:37:43,081 [INFO] Pass: FixedPoint - 0.00238 (ms)
2026-07-10 21:37:43,081 [INFO] Pass: RemoveIdentityEquivalent - 0.00358 (ms)
2026-07-10 21:37:43,081 [INFO] Pass: Optimize1qGatesDecomposition - 0.09251 (ms)
2026-07-10 21:37:43,081 [INFO] Pass: CommutativeCancellation - 0.04911 (ms)
2026-07-10 21:37:43,081 [INFO] Pass: ContractIdleWiresInControlFlow - 0.00215 (ms)
2026-07-10 21:37:43,081 [INFO] Pass: GatesInBasis - 0.00858 (ms)
2026-07-10 21:37:43,081 [INFO] Pass: Depth - 0.00978 (ms)
2026-07-10 21:37:43,081 [INFO] Pass: FixedPoint - 0.00381 (ms)
2026-07-10 21:37:43,081 [INFO] Pass: Size - 0.00215 (ms)
2026-07-10 21:37:43,081 [INFO] Pass: FixedPoint - 0.00310 (ms)
2026-07-10 21:37:43,081 [INFO] Pass: ContainsInstruction - 0.00525 (ms)
2026-07-10 21:37:43,081 [INFO] Total Transpile Time - 94.02728 (ms)
2026-07-10 21:37:43,174 [INFO] Pass: ContainsInstruction - 0.00978 (ms)
2026-07-10 21:37:43,174 [INFO] Pass: UnitarySynthesis - 0.00644 (ms)
2026-07-10 21:37:43,174 [INFO] Pass: HighLevelSynthesis - 0.00548 (ms)
2026-07-10 21:37:43,174 [INFO] Pass: BasisTranslator - 0.05555 (ms)
2026-07-10 21:37:43,174 [INFO] Pass: ElidePermutations - 0.00358 (ms)
2026-07-10 21:37:43,174 [INFO] Pass: RemoveDiagonalGatesBeforeMeasure - 0.00548 (ms)
2026-07-10 21:37:43,174 [INFO] Pass: RemoveIdentityEquivalent - 0.00453 (ms)
2026-07-10 21:37:43,174 [INFO] Pass: InverseCancellation - 0.01311 (ms)
2026-07-10 21:37:43,174 [INFO] Pass: ContractIdleWiresInControlFlow - 0.00215 (ms)
2026-07-10 21:37:43,174 [INFO] Pass: CommutativeCancellation - 0.02384 (ms)
2026-07-10 21:37:43,174 [INFO] Pass: ConsolidateBlocks - 0.02980 (ms)
2026-07-10 21:37:43,175 [INFO] Pass: Split2QUnitaries - 0.00286 (ms)
2026-07-10 21:37:43,175 [INFO] Pass: UnitarySynthesis - 0.00525 (ms)
2026-07-10 21:37:43,175 [INFO] Pass: HighLevelSynthesis - 0.01001 (ms)
2026-07-10 21:37:43,175 [INFO] Pass: BasisTranslator - 0.05555 (ms)
2026-07-10 21:37:43,175 [INFO] Pass: ConsolidateBlocks - 0.04172 (ms)
2026-07-10 21:37:43,175 [INFO] Pass: UnitarySynthesis - 0.00501 (ms)
2026-07-10 21:37:43,175 [INFO] Pass: Depth - 0.01025 (ms)
2026-07-10 21:37:43,175 [INFO] Pass: FixedPoint - 0.00429 (ms)
2026-07-10 21:37:43,175 [INFO] Pass: Size - 0.00286 (ms)
2026-07-10 21:37:43,175 [INFO] Pass: FixedPoint - 0.00238 (ms)
2026-07-10 21:37:43,175 [INFO] Pass: RemoveIdentityEquivalent - 0.00358 (ms)
2026-07-10 21:37:43,175 [INFO] Pass: Optimize1qGatesDecomposition - 0.09656 (ms)
2026-07-10 21:37:43,175 [INFO] Pass: CommutativeCancellation - 0.04411 (ms)
2026-07-10 21:37:43,175 [INFO] Pass: ContractIdleWiresInControlFlow - 0.00167 (ms)
2026-07-10 21:37:43,175 [INFO] Pass: GatesInBasis - 0.00811 (ms)
2026-07-10 21:37:43,175 [INFO] Pass: Depth - 0.00954 (ms)
2026-07-10 21:37:43,175 [INFO] Pass: FixedPoint - 0.00358 (ms)
2026-07-10 21:37:43,175 [INFO] Pass: Size - 0.00215 (ms)
2026-07-10 21:37:43,175 [INFO] Pass: FixedPoint - 0.00310 (ms)
2026-07-10 21:37:43,175 [INFO] Pass: RemoveIdentityEquivalent - 0.00334 (ms)
2026-07-10 21:37:43,175 [INFO] Pass: Optimize1qGatesDecomposition - 0.07892 (ms)
2026-07-10 21:37:43,175 [INFO] Pass: CommutativeCancellation - 0.03791 (ms)
2026-07-10 21:37:43,175 [INFO] Pass: ContractIdleWiresInControlFlow - 0.00167 (ms)
2026-07-10 21:37:43,175 [INFO] Pass: GatesInBasis - 0.00668 (ms)
2026-07-10 21:37:43,176 [INFO] Pass: Depth - 0.00834 (ms)
2026-07-10 21:37:43,176 [INFO] Pass: FixedPoint - 0.00334 (ms)
2026-07-10 21:37:43,176 [INFO] Pass: Size - 0.00191 (ms)
2026-07-10 21:37:43,176 [INFO] Pass: FixedPoint - 0.00286 (ms)
2026-07-10 21:37:43,176 [INFO] Pass: ContainsInstruction - 0.00548 (ms)
2026-07-10 21:37:43,176 [INFO] Total Transpile Time - 94.09356 (ms)
2026-07-10 21:37:56,049 [INFO] [PCE] n=25 instancia 95/100 completada en 0:00:00:13 — transcurrido=0:00:21:25 restante_estimado=0:00:01:08
2026-07-10 21:37:56,145 [INFO] Pass: ContainsInstruction - 0.01121 (ms)
2026-07-10 21:37:56,145 [INFO] Pass: UnitarySynthesis - 0.00668 (ms)
2026-07-10 21:37:56,145 [INFO] Pass: HighLevelSynthesis - 0.00644 (ms)
2026-07-10 21:37:56,145 [INFO] Pass: BasisTranslator - 0.06175 (ms)
2026-07-10 21:37:56,145 [INFO] Pass: ElidePermutations - 0.00501 (ms)
2026-07-10 21:37:56,145 [INFO] Pass: RemoveDiagonalGatesBeforeMeasure - 0.00787 (ms)
2026-07-10 21:37:56,145 [INFO] Pass: RemoveIdentityEquivalent - 0.00286 (ms)
2026-07-10 21:37:56,145 [INFO] Pass: InverseCancellation - 0.00525 (ms)
2026-07-10 21:37:56,145 [INFO] Pass: ContractIdleWiresInControlFlow - 0.00191 (ms)
2026-07-10 21:37:56,145 [INFO] Pass: CommutativeCancellation - 0.02265 (ms)
2026-07-10 21:37:56,145 [INFO] Pass: ConsolidateBlocks - 0.03362 (ms)
2026-07-10 21:37:56,145 [INFO] Pass: Split2QUnitaries - 0.00358 (ms)
2026-07-10 21:37:56,145 [INFO] Pass: UnitarySynthesis - 0.00453 (ms)
2026-07-10 21:37:56,145 [INFO] Pass: HighLevelSynthesis - 0.00834 (ms)
2026-07-10 21:37:56,145 [INFO] Pass: BasisTranslator - 0.05746 (ms)
2026-07-10 21:37:56,145 [INFO] Pass: ConsolidateBlocks - 0.04315 (ms)
2026-07-10 21:37:56,145 [INFO] Pass: UnitarySynthesis - 0.00477 (ms)
2026-07-10 21:37:56,145 [INFO] Pass: Depth - 0.01097 (ms)
2026-07-10 21:37:56,146 [INFO] Pass: FixedPoint - 0.00453 (ms)
2026-07-10 21:37:56,146 [INFO] Pass: Size - 0.00310 (ms)
2026-07-10 21:37:56,146 [INFO] Pass: FixedPoint - 0.00262 (ms)
2026-07-10 21:37:56,146 [INFO] Pass: RemoveIdentityEquivalent - 0.00238 (ms)
2026-07-10 21:37:56,146 [INFO] Pass: Optimize1qGatesDecomposition - 0.03052 (ms)
2026-07-10 21:37:56,146 [INFO] Pass: CommutativeCancellation - 0.04554 (ms)
2026-07-10 21:37:56,146 [INFO] Pass: ContractIdleWiresInControlFlow - 0.00191 (ms)
2026-07-10 21:37:56,146 [INFO] Pass: GatesInBasis - 0.00834 (ms)
2026-07-10 21:37:56,146 [INFO] Pass: Depth - 0.00834 (ms)
2026-07-10 21:37:56,146 [INFO] Pass: FixedPoint - 0.00358 (ms)
2026-07-10 21:37:56,146 [INFO] Pass: Size - 0.00191 (ms)
2026-07-10 21:37:56,146 [INFO] Pass: FixedPoint - 0.00238 (ms)
2026-07-10 21:37:56,146 [INFO] Pass: ContainsInstruction - 0.00477 (ms)
2026-07-10 21:37:56,146 [INFO] Total Transpile Time - 95.54720 (ms)
2026-07-10 21:37:56,238 [INFO] Pass: ContainsInstruction - 0.00930 (ms)
2026-07-10 21:37:56,238 [INFO] Pass: UnitarySynthesis - 0.00572 (ms)
2026-07-10 21:37:56,239 [INFO] Pass: HighLevelSynthesis - 0.00572 (ms)
2026-07-10 21:37:56,239 [INFO] Pass: BasisTranslator - 0.05674 (ms)
2026-07-10 21:37:56,239 [INFO] Pass: ElidePermutations - 0.00358 (ms)
2026-07-10 21:37:56,239 [INFO] Pass: RemoveDiagonalGatesBeforeMeasure - 0.00548 (ms)
2026-07-10 21:37:56,239 [INFO] Pass: RemoveIdentityEquivalent - 0.00381 (ms)
2026-07-10 21:37:56,239 [INFO] Pass: InverseCancellation - 0.01287 (ms)
2026-07-10 21:37:56,239 [INFO] Pass: ContractIdleWiresInControlFlow - 0.00215 (ms)
2026-07-10 21:37:56,239 [INFO] Pass: CommutativeCancellation - 0.02623 (ms)
2026-07-10 21:37:56,239 [INFO] Pass: ConsolidateBlocks - 0.02980 (ms)
2026-07-10 21:37:56,239 [INFO] Pass: Split2QUnitaries - 0.00310 (ms)
2026-07-10 21:37:56,239 [INFO] Pass: UnitarySynthesis - 0.00501 (ms)
2026-07-10 21:37:56,239 [INFO] Pass: HighLevelSynthesis - 0.00906 (ms)
2026-07-10 21:37:56,239 [INFO] Pass: BasisTranslator - 0.05388 (ms)
2026-07-10 21:37:56,239 [INFO] Pass: ConsolidateBlocks - 0.04172 (ms)
2026-07-10 21:37:56,239 [INFO] Pass: UnitarySynthesis - 0.00405 (ms)
2026-07-10 21:37:56,239 [INFO] Pass: Depth - 0.01049 (ms)
2026-07-10 21:37:56,239 [INFO] Pass: FixedPoint - 0.00429 (ms)
2026-07-10 21:37:56,239 [INFO] Pass: Size - 0.00262 (ms)
2026-07-10 21:37:56,239 [INFO] Pass: FixedPoint - 0.00238 (ms)
2026-07-10 21:37:56,239 [INFO] Pass: RemoveIdentityEquivalent - 0.00334 (ms)
2026-07-10 21:37:56,239 [INFO] Pass: Optimize1qGatesDecomposition - 0.09251 (ms)
2026-07-10 21:37:56,239 [INFO] Pass: CommutativeCancellation - 0.05007 (ms)
2026-07-10 21:37:56,239 [INFO] Pass: ContractIdleWiresInControlFlow - 0.00167 (ms)
2026-07-10 21:37:56,239 [INFO] Pass: GatesInBasis - 0.00858 (ms)
2026-07-10 21:37:56,240 [INFO] Pass: Depth - 0.00954 (ms)
2026-07-10 21:37:56,240 [INFO] Pass: FixedPoint - 0.00358 (ms)
2026-07-10 21:37:56,240 [INFO] Pass: Size - 0.00215 (ms)
2026-07-10 21:37:56,240 [INFO] Pass: FixedPoint - 0.00286 (ms)
2026-07-10 21:37:56,240 [INFO] Pass: ContainsInstruction - 0.00548 (ms)
2026-07-10 21:37:56,240 [INFO] Total Transpile Time - 93.27030 (ms)
2026-07-10 21:37:56,333 [INFO] Pass: ContainsInstruction - 0.00930 (ms)
2026-07-10 21:37:56,333 [INFO] Pass: UnitarySynthesis - 0.00572 (ms)
2026-07-10 21:37:56,333 [INFO] Pass: HighLevelSynthesis - 0.00501 (ms)
2026-07-10 21:37:56,333 [INFO] Pass: BasisTranslator - 0.05412 (ms)
2026-07-10 21:37:56,333 [INFO] Pass: ElidePermutations - 0.00358 (ms)
2026-07-10 21:37:56,333 [INFO] Pass: RemoveDiagonalGatesBeforeMeasure - 0.00548 (ms)
2026-07-10 21:37:56,333 [INFO] Pass: RemoveIdentityEquivalent - 0.00405 (ms)
2026-07-10 21:37:56,333 [INFO] Pass: InverseCancellation - 0.01311 (ms)
2026-07-10 21:37:56,333 [INFO] Pass: ContractIdleWiresInControlFlow - 0.00167 (ms)
2026-07-10 21:37:56,333 [INFO] Pass: CommutativeCancellation - 0.03099 (ms)
2026-07-10 21:37:56,333 [INFO] Pass: ConsolidateBlocks - 0.02956 (ms)
2026-07-10 21:37:56,333 [INFO] Pass: Split2QUnitaries - 0.00286 (ms)
2026-07-10 21:37:56,333 [INFO] Pass: UnitarySynthesis - 0.00477 (ms)
2026-07-10 21:37:56,333 [INFO] Pass: HighLevelSynthesis - 0.00930 (ms)
2026-07-10 21:37:56,333 [INFO] Pass: BasisTranslator - 0.05388 (ms)
2026-07-10 21:37:56,334 [INFO] Pass: ConsolidateBlocks - 0.04005 (ms)
2026-07-10 21:37:56,334 [INFO] Pass: UnitarySynthesis - 0.00453 (ms)
2026-07-10 21:37:56,334 [INFO] Pass: Depth - 0.00978 (ms)
2026-07-10 21:37:56,334 [INFO] Pass: FixedPoint - 0.00453 (ms)
2026-07-10 21:37:56,334 [INFO] Pass: Size - 0.00238 (ms)
2026-07-10 21:37:56,334 [INFO] Pass: FixedPoint - 0.00286 (ms)
2026-07-10 21:37:56,334 [INFO] Pass: RemoveIdentityEquivalent - 0.00358 (ms)
2026-07-10 21:37:56,334 [INFO] Pass: Optimize1qGatesDecomposition - 0.09298 (ms)
2026-07-10 21:37:56,334 [INFO] Pass: CommutativeCancellation - 0.04292 (ms)
2026-07-10 21:37:56,334 [INFO] Pass: ContractIdleWiresInControlFlow - 0.00191 (ms)
2026-07-10 21:37:56,334 [INFO] Pass: GatesInBasis - 0.00739 (ms)
2026-07-10 21:37:56,334 [INFO] Pass: Depth - 0.00906 (ms)
2026-07-10 21:37:56,334 [INFO] Pass: FixedPoint - 0.00358 (ms)
2026-07-10 21:37:56,334 [INFO] Pass: Size - 0.00215 (ms)
2026-07-10 21:37:56,334 [INFO] Pass: FixedPoint - 0.00286 (ms)
2026-07-10 21:37:56,334 [INFO] Pass: RemoveIdentityEquivalent - 0.00334 (ms)
2026-07-10 21:37:56,334 [INFO] Pass: Optimize1qGatesDecomposition - 0.07987 (ms)
2026-07-10 21:37:56,334 [INFO] Pass: CommutativeCancellation - 0.04578 (ms)
2026-07-10 21:37:56,334 [INFO] Pass: ContractIdleWiresInControlFlow - 0.00143 (ms)
2026-07-10 21:37:56,334 [INFO] Pass: GatesInBasis - 0.00644 (ms)
2026-07-10 21:37:56,334 [INFO] Pass: Depth - 0.00834 (ms)
2026-07-10 21:37:56,334 [INFO] Pass: FixedPoint - 0.00310 (ms)
2026-07-10 21:37:56,334 [INFO] Pass: Size - 0.00191 (ms)
2026-07-10 21:37:56,334 [INFO] Pass: FixedPoint - 0.00286 (ms)
2026-07-10 21:37:56,334 [INFO] Pass: ContainsInstruction - 0.00548 (ms)
2026-07-10 21:37:56,335 [INFO] Total Transpile Time - 94.45548 (ms)
2026-07-10 21:38:08,708 [INFO] [PCE] n=25 instancia 96/100 completada en 0:00:00:13 — transcurrido=0:00:21:38 restante_estimado=0:00:00:54
2026-07-10 21:38:08,803 [INFO] Pass: ContainsInstruction - 0.01097 (ms)
2026-07-10 21:38:08,803 [INFO] Pass: UnitarySynthesis - 0.00668 (ms)
2026-07-10 21:38:08,803 [INFO] Pass: HighLevelSynthesis - 0.00668 (ms)
2026-07-10 21:38:08,803 [INFO] Pass: BasisTranslator - 0.05889 (ms)
2026-07-10 21:38:08,804 [INFO] Pass: ElidePermutations - 0.00501 (ms)
2026-07-10 21:38:08,804 [INFO] Pass: RemoveDiagonalGatesBeforeMeasure - 0.00834 (ms)
2026-07-10 21:38:08,804 [INFO] Pass: RemoveIdentityEquivalent - 0.00334 (ms)
2026-07-10 21:38:08,804 [INFO] Pass: InverseCancellation - 0.00501 (ms)
2026-07-10 21:38:08,804 [INFO] Pass: ContractIdleWiresInControlFlow - 0.00191 (ms)
2026-07-10 21:38:08,804 [INFO] Pass: CommutativeCancellation - 0.02217 (ms)
2026-07-10 21:38:08,804 [INFO] Pass: ConsolidateBlocks - 0.03481 (ms)
2026-07-10 21:38:08,804 [INFO] Pass: Split2QUnitaries - 0.00381 (ms)
2026-07-10 21:38:08,804 [INFO] Pass: UnitarySynthesis - 0.00429 (ms)
2026-07-10 21:38:08,804 [INFO] Pass: HighLevelSynthesis - 0.00834 (ms)
2026-07-10 21:38:08,804 [INFO] Pass: BasisTranslator - 0.05078 (ms)
2026-07-10 21:38:08,804 [INFO] Pass: ConsolidateBlocks - 0.03982 (ms)
2026-07-10 21:38:08,804 [INFO] Pass: UnitarySynthesis - 0.00405 (ms)
2026-07-10 21:38:08,804 [INFO] Pass: Depth - 0.01025 (ms)
2026-07-10 21:38:08,804 [INFO] Pass: FixedPoint - 0.00477 (ms)
2026-07-10 21:38:08,804 [INFO] Pass: Size - 0.00334 (ms)
2026-07-10 21:38:08,804 [INFO] Pass: FixedPoint - 0.00310 (ms)
2026-07-10 21:38:08,804 [INFO] Pass: RemoveIdentityEquivalent - 0.00262 (ms)
2026-07-10 21:38:08,804 [INFO] Pass: Optimize1qGatesDecomposition - 0.02742 (ms)
2026-07-10 21:38:08,804 [INFO] Pass: CommutativeCancellation - 0.05102 (ms)
2026-07-10 21:38:08,804 [INFO] Pass: ContractIdleWiresInControlFlow - 0.00215 (ms)
2026-07-10 21:38:08,804 [INFO] Pass: GatesInBasis - 0.00978 (ms)
2026-07-10 21:38:08,804 [INFO] Pass: Depth - 0.00834 (ms)
2026-07-10 21:38:08,804 [INFO] Pass: FixedPoint - 0.00358 (ms)
2026-07-10 21:38:08,804 [INFO] Pass: Size - 0.00215 (ms)
2026-07-10 21:38:08,804 [INFO] Pass: FixedPoint - 0.00262 (ms)
2026-07-10 21:38:08,804 [INFO] Pass: ContainsInstruction - 0.00453 (ms)
2026-07-10 21:38:08,805 [INFO] Total Transpile Time - 94.78426 (ms)
2026-07-10 21:38:08,897 [INFO] Pass: ContainsInstruction - 0.01025 (ms)
2026-07-10 21:38:08,897 [INFO] Pass: UnitarySynthesis - 0.00596 (ms)
2026-07-10 21:38:08,897 [INFO] Pass: HighLevelSynthesis - 0.00572 (ms)
2026-07-10 21:38:08,897 [INFO] Pass: BasisTranslator - 0.05388 (ms)
2026-07-10 21:38:08,897 [INFO] Pass: ElidePermutations - 0.00405 (ms)
2026-07-10 21:38:08,897 [INFO] Pass: RemoveDiagonalGatesBeforeMeasure - 0.00644 (ms)
2026-07-10 21:38:08,898 [INFO] Pass: RemoveIdentityEquivalent - 0.00429 (ms)
2026-07-10 21:38:08,898 [INFO] Pass: InverseCancellation - 0.01311 (ms)
2026-07-10 21:38:08,898 [INFO] Pass: ContractIdleWiresInControlFlow - 0.00215 (ms)
2026-07-10 21:38:08,898 [INFO] Pass: CommutativeCancellation - 0.02456 (ms)
2026-07-10 21:38:08,898 [INFO] Pass: ConsolidateBlocks - 0.03076 (ms)
2026-07-10 21:38:08,898 [INFO] Pass: Split2QUnitaries - 0.00286 (ms)
2026-07-10 21:38:08,898 [INFO] Pass: UnitarySynthesis - 0.00429 (ms)
2026-07-10 21:38:08,898 [INFO] Pass: HighLevelSynthesis - 0.00906 (ms)
2026-07-10 21:38:08,898 [INFO] Pass: BasisTranslator - 0.05198 (ms)
2026-07-10 21:38:08,898 [INFO] Pass: ConsolidateBlocks - 0.03934 (ms)
2026-07-10 21:38:08,898 [INFO] Pass: UnitarySynthesis - 0.00381 (ms)
2026-07-10 21:38:08,898 [INFO] Pass: Depth - 0.00930 (ms)
2026-07-10 21:38:08,898 [INFO] Pass: FixedPoint - 0.00453 (ms)
2026-07-10 21:38:08,898 [INFO] Pass: Size - 0.00286 (ms)
2026-07-10 21:38:08,898 [INFO] Pass: FixedPoint - 0.00262 (ms)
2026-07-10 21:38:08,898 [INFO] Pass: RemoveIdentityEquivalent - 0.00334 (ms)
2026-07-10 21:38:08,898 [INFO] Pass: Optimize1qGatesDecomposition - 0.08988 (ms)
2026-07-10 21:38:08,898 [INFO] Pass: CommutativeCancellation - 0.05436 (ms)
2026-07-10 21:38:08,898 [INFO] Pass: ContractIdleWiresInControlFlow - 0.00191 (ms)
2026-07-10 21:38:08,898 [INFO] Pass: GatesInBasis - 0.00858 (ms)
2026-07-10 21:38:08,898 [INFO] Pass: Depth - 0.00906 (ms)
2026-07-10 21:38:08,898 [INFO] Pass: FixedPoint - 0.00358 (ms)
2026-07-10 21:38:08,898 [INFO] Pass: Size - 0.00238 (ms)
2026-07-10 21:38:08,898 [INFO] Pass: FixedPoint - 0.00262 (ms)
2026-07-10 21:38:08,898 [INFO] Pass: ContainsInstruction - 0.00453 (ms)
2026-07-10 21:38:08,899 [INFO] Total Transpile Time - 93.56022 (ms)
2026-07-10 21:38:08,992 [INFO] Pass: ContainsInstruction - 0.00978 (ms)
2026-07-10 21:38:08,992 [INFO] Pass: UnitarySynthesis - 0.00620 (ms)
2026-07-10 21:38:08,992 [INFO] Pass: HighLevelSynthesis - 0.00501 (ms)
2026-07-10 21:38:08,992 [INFO] Pass: BasisTranslator - 0.05341 (ms)
2026-07-10 21:38:08,992 [INFO] Pass: ElidePermutations - 0.00334 (ms)
2026-07-10 21:38:08,992 [INFO] Pass: RemoveDiagonalGatesBeforeMeasure - 0.00596 (ms)
2026-07-10 21:38:08,992 [INFO] Pass: RemoveIdentityEquivalent - 0.00453 (ms)
2026-07-10 21:38:08,992 [INFO] Pass: InverseCancellation - 0.01240 (ms)
2026-07-10 21:38:08,992 [INFO] Pass: ContractIdleWiresInControlFlow - 0.00191 (ms)
2026-07-10 21:38:08,992 [INFO] Pass: CommutativeCancellation - 0.03028 (ms)
2026-07-10 21:38:08,992 [INFO] Pass: ConsolidateBlocks - 0.02885 (ms)
2026-07-10 21:38:08,992 [INFO] Pass: Split2QUnitaries - 0.00262 (ms)
2026-07-10 21:38:08,992 [INFO] Pass: UnitarySynthesis - 0.00525 (ms)
2026-07-10 21:38:08,992 [INFO] Pass: HighLevelSynthesis - 0.00978 (ms)
2026-07-10 21:38:08,992 [INFO] Pass: BasisTranslator - 0.05364 (ms)
2026-07-10 21:38:08,993 [INFO] Pass: ConsolidateBlocks - 0.04101 (ms)
2026-07-10 21:38:08,993 [INFO] Pass: UnitarySynthesis - 0.00453 (ms)
2026-07-10 21:38:08,993 [INFO] Pass: Depth - 0.01001 (ms)
2026-07-10 21:38:08,993 [INFO] Pass: FixedPoint - 0.00453 (ms)
2026-07-10 21:38:08,993 [INFO] Pass: Size - 0.00262 (ms)
2026-07-10 21:38:08,993 [INFO] Pass: FixedPoint - 0.00286 (ms)
2026-07-10 21:38:08,993 [INFO] Pass: RemoveIdentityEquivalent - 0.00358 (ms)
2026-07-10 21:38:08,993 [INFO] Pass: Optimize1qGatesDecomposition - 0.09346 (ms)
2026-07-10 21:38:08,993 [INFO] Pass: CommutativeCancellation - 0.04458 (ms)
2026-07-10 21:38:08,993 [INFO] Pass: ContractIdleWiresInControlFlow - 0.00191 (ms)
2026-07-10 21:38:08,993 [INFO] Pass: GatesInBasis - 0.00787 (ms)
2026-07-10 21:38:08,993 [INFO] Pass: Depth - 0.00954 (ms)
2026-07-10 21:38:08,993 [INFO] Pass: FixedPoint - 0.00358 (ms)
2026-07-10 21:38:08,993 [INFO] Pass: Size - 0.00191 (ms)
2026-07-10 21:38:08,993 [INFO] Pass: FixedPoint - 0.00286 (ms)
2026-07-10 21:38:08,993 [INFO] Pass: RemoveIdentityEquivalent - 0.00381 (ms)
2026-07-10 21:38:08,993 [INFO] Pass: Optimize1qGatesDecomposition - 0.08082 (ms)
2026-07-10 21:38:08,993 [INFO] Pass: CommutativeCancellation - 0.04959 (ms)
2026-07-10 21:38:08,993 [INFO] Pass: ContractIdleWiresInControlFlow - 0.00191 (ms)
2026-07-10 21:38:08,993 [INFO] Pass: GatesInBasis - 0.00691 (ms)
2026-07-10 21:38:08,993 [INFO] Pass: Depth - 0.00930 (ms)
2026-07-10 21:38:08,993 [INFO] Pass: FixedPoint - 0.00334 (ms)
2026-07-10 21:38:08,993 [INFO] Pass: Size - 0.00167 (ms)
2026-07-10 21:38:08,993 [INFO] Pass: FixedPoint - 0.00262 (ms)
2026-07-10 21:38:08,993 [INFO] Pass: ContainsInstruction - 0.00525 (ms)
2026-07-10 21:38:08,994 [INFO] Total Transpile Time - 94.62452 (ms)
2026-07-10 21:38:22,686 [INFO] [PCE] n=25 instancia 97/100 completada en 0:00:00:14 — transcurrido=0:00:21:52 restante_estimado=0:00:00:41
2026-07-10 21:38:22,782 [INFO] Pass: ContainsInstruction - 0.01097 (ms)
2026-07-10 21:38:22,782 [INFO] Pass: UnitarySynthesis - 0.00691 (ms)
2026-07-10 21:38:22,782 [INFO] Pass: HighLevelSynthesis - 0.00620 (ms)
2026-07-10 21:38:22,782 [INFO] Pass: BasisTranslator - 0.05865 (ms)
2026-07-10 21:38:22,782 [INFO] Pass: ElidePermutations - 0.00525 (ms)
2026-07-10 21:38:22,782 [INFO] Pass: RemoveDiagonalGatesBeforeMeasure - 0.00739 (ms)
2026-07-10 21:38:22,782 [INFO] Pass: RemoveIdentityEquivalent - 0.00286 (ms)
2026-07-10 21:38:22,782 [INFO] Pass: InverseCancellation - 0.00548 (ms)
2026-07-10 21:38:22,782 [INFO] Pass: ContractIdleWiresInControlFlow - 0.00215 (ms)
2026-07-10 21:38:22,782 [INFO] Pass: CommutativeCancellation - 0.02146 (ms)
2026-07-10 21:38:22,782 [INFO] Pass: ConsolidateBlocks - 0.03290 (ms)
2026-07-10 21:38:22,782 [INFO] Pass: Split2QUnitaries - 0.00334 (ms)
2026-07-10 21:38:22,782 [INFO] Pass: UnitarySynthesis - 0.00477 (ms)
2026-07-10 21:38:22,782 [INFO] Pass: HighLevelSynthesis - 0.00930 (ms)
2026-07-10 21:38:22,782 [INFO] Pass: BasisTranslator - 0.05341 (ms)
2026-07-10 21:38:22,782 [INFO] Pass: ConsolidateBlocks - 0.04911 (ms)
2026-07-10 21:38:22,782 [INFO] Pass: UnitarySynthesis - 0.00405 (ms)
2026-07-10 21:38:22,782 [INFO] Pass: Depth - 0.00978 (ms)
2026-07-10 21:38:22,782 [INFO] Pass: FixedPoint - 0.00501 (ms)
2026-07-10 21:38:22,782 [INFO] Pass: Size - 0.00358 (ms)
2026-07-10 21:38:22,782 [INFO] Pass: FixedPoint - 0.00286 (ms)
2026-07-10 21:38:22,782 [INFO] Pass: RemoveIdentityEquivalent - 0.00262 (ms)
2026-07-10 21:38:22,783 [INFO] Pass: Optimize1qGatesDecomposition - 0.02766 (ms)
2026-07-10 21:38:22,783 [INFO] Pass: CommutativeCancellation - 0.04387 (ms)
2026-07-10 21:38:22,783 [INFO] Pass: ContractIdleWiresInControlFlow - 0.00215 (ms)
2026-07-10 21:38:22,783 [INFO] Pass: GatesInBasis - 0.00930 (ms)
2026-07-10 21:38:22,783 [INFO] Pass: Depth - 0.00787 (ms)
2026-07-10 21:38:22,783 [INFO] Pass: FixedPoint - 0.00358 (ms)
2026-07-10 21:38:22,783 [INFO] Pass: Size - 0.00215 (ms)
2026-07-10 21:38:22,783 [INFO] Pass: FixedPoint - 0.00310 (ms)
2026-07-10 21:38:22,783 [INFO] Pass: ContainsInstruction - 0.00501 (ms)
2026-07-10 21:38:22,783 [INFO] Total Transpile Time - 95.26682 (ms)
2026-07-10 21:38:22,876 [INFO] Pass: ContainsInstruction - 0.00978 (ms)
2026-07-10 21:38:22,876 [INFO] Pass: UnitarySynthesis - 0.00596 (ms)
2026-07-10 21:38:22,876 [INFO] Pass: HighLevelSynthesis - 0.00548 (ms)
2026-07-10 21:38:22,876 [INFO] Pass: BasisTranslator - 0.05317 (ms)
2026-07-10 21:38:22,876 [INFO] Pass: ElidePermutations - 0.00358 (ms)
2026-07-10 21:38:22,876 [INFO] Pass: RemoveDiagonalGatesBeforeMeasure - 0.00572 (ms)
2026-07-10 21:38:22,876 [INFO] Pass: RemoveIdentityEquivalent - 0.00405 (ms)
2026-07-10 21:38:22,876 [INFO] Pass: InverseCancellation - 0.01264 (ms)
2026-07-10 21:38:22,876 [INFO] Pass: ContractIdleWiresInControlFlow - 0.00215 (ms)
2026-07-10 21:38:22,876 [INFO] Pass: CommutativeCancellation - 0.02503 (ms)
2026-07-10 21:38:22,876 [INFO] Pass: ConsolidateBlocks - 0.02956 (ms)
2026-07-10 21:38:22,876 [INFO] Pass: Split2QUnitaries - 0.00334 (ms)
2026-07-10 21:38:22,876 [INFO] Pass: UnitarySynthesis - 0.00525 (ms)
2026-07-10 21:38:22,876 [INFO] Pass: HighLevelSynthesis - 0.00906 (ms)
2026-07-10 21:38:22,876 [INFO] Pass: BasisTranslator - 0.05078 (ms)
2026-07-10 21:38:22,877 [INFO] Pass: ConsolidateBlocks - 0.04077 (ms)
2026-07-10 21:38:22,877 [INFO] Pass: UnitarySynthesis - 0.00477 (ms)
2026-07-10 21:38:22,877 [INFO] Pass: Depth - 0.01025 (ms)
2026-07-10 21:38:22,877 [INFO] Pass: FixedPoint - 0.00429 (ms)
2026-07-10 21:38:22,877 [INFO] Pass: Size - 0.00310 (ms)
2026-07-10 21:38:22,877 [INFO] Pass: FixedPoint - 0.00286 (ms)
2026-07-10 21:38:22,877 [INFO] Pass: RemoveIdentityEquivalent - 0.00358 (ms)
2026-07-10 21:38:22,877 [INFO] Pass: Optimize1qGatesDecomposition - 0.09322 (ms)
2026-07-10 21:38:22,877 [INFO] Pass: CommutativeCancellation - 0.04792 (ms)
2026-07-10 21:38:22,877 [INFO] Pass: ContractIdleWiresInControlFlow - 0.00191 (ms)
2026-07-10 21:38:22,877 [INFO] Pass: GatesInBasis - 0.00834 (ms)
2026-07-10 21:38:22,877 [INFO] Pass: Depth - 0.00858 (ms)
2026-07-10 21:38:22,877 [INFO] Pass: FixedPoint - 0.00334 (ms)
2026-07-10 21:38:22,877 [INFO] Pass: Size - 0.00191 (ms)
2026-07-10 21:38:22,877 [INFO] Pass: FixedPoint - 0.00286 (ms)
2026-07-10 21:38:22,877 [INFO] Pass: ContainsInstruction - 0.00477 (ms)
2026-07-10 21:38:22,877 [INFO] Total Transpile Time - 93.91904 (ms)
2026-07-10 21:38:22,970 [INFO] Pass: ContainsInstruction - 0.00906 (ms)
2026-07-10 21:38:22,970 [INFO] Pass: UnitarySynthesis - 0.00620 (ms)
2026-07-10 21:38:22,970 [INFO] Pass: HighLevelSynthesis - 0.00548 (ms)
2026-07-10 21:38:22,970 [INFO] Pass: BasisTranslator - 0.05221 (ms)
2026-07-10 21:38:22,970 [INFO] Pass: ElidePermutations - 0.00358 (ms)
2026-07-10 21:38:22,970 [INFO] Pass: RemoveDiagonalGatesBeforeMeasure - 0.00572 (ms)
2026-07-10 21:38:22,970 [INFO] Pass: RemoveIdentityEquivalent - 0.00429 (ms)
2026-07-10 21:38:22,970 [INFO] Pass: InverseCancellation - 0.01287 (ms)
2026-07-10 21:38:22,970 [INFO] Pass: ContractIdleWiresInControlFlow - 0.00215 (ms)
2026-07-10 21:38:22,970 [INFO] Pass: CommutativeCancellation - 0.02289 (ms)
2026-07-10 21:38:22,970 [INFO] Pass: ConsolidateBlocks - 0.02909 (ms)
2026-07-10 21:38:22,970 [INFO] Pass: Split2QUnitaries - 0.00238 (ms)
2026-07-10 21:38:22,970 [INFO] Pass: UnitarySynthesis - 0.00477 (ms)
2026-07-10 21:38:22,970 [INFO] Pass: HighLevelSynthesis - 0.01049 (ms)
2026-07-10 21:38:22,970 [INFO] Pass: BasisTranslator - 0.05269 (ms)
2026-07-10 21:38:22,971 [INFO] Pass: ConsolidateBlocks - 0.04005 (ms)
2026-07-10 21:38:22,971 [INFO] Pass: UnitarySynthesis - 0.00453 (ms)
2026-07-10 21:38:22,971 [INFO] Pass: Depth - 0.00930 (ms)
2026-07-10 21:38:22,971 [INFO] Pass: FixedPoint - 0.00429 (ms)
2026-07-10 21:38:22,971 [INFO] Pass: Size - 0.00262 (ms)
2026-07-10 21:38:22,971 [INFO] Pass: FixedPoint - 0.00262 (ms)
2026-07-10 21:38:22,971 [INFO] Pass: RemoveIdentityEquivalent - 0.00381 (ms)
2026-07-10 21:38:22,971 [INFO] Pass: Optimize1qGatesDecomposition - 0.09298 (ms)
2026-07-10 21:38:22,971 [INFO] Pass: CommutativeCancellation - 0.04244 (ms)
2026-07-10 21:38:22,971 [INFO] Pass: ContractIdleWiresInControlFlow - 0.00191 (ms)
2026-07-10 21:38:22,971 [INFO] Pass: GatesInBasis - 0.00787 (ms)
2026-07-10 21:38:22,971 [INFO] Pass: Depth - 0.00954 (ms)
2026-07-10 21:38:22,971 [INFO] Pass: FixedPoint - 0.00358 (ms)
2026-07-10 21:38:22,971 [INFO] Pass: Size - 0.00215 (ms)
2026-07-10 21:38:22,971 [INFO] Pass: FixedPoint - 0.00286 (ms)
2026-07-10 21:38:22,971 [INFO] Pass: RemoveIdentityEquivalent - 0.00358 (ms)
2026-07-10 21:38:22,971 [INFO] Pass: Optimize1qGatesDecomposition - 0.07725 (ms)
2026-07-10 21:38:22,971 [INFO] Pass: CommutativeCancellation - 0.03695 (ms)
2026-07-10 21:38:22,971 [INFO] Pass: ContractIdleWiresInControlFlow - 0.00143 (ms)
2026-07-10 21:38:22,971 [INFO] Pass: GatesInBasis - 0.00668 (ms)
2026-07-10 21:38:22,971 [INFO] Pass: Depth - 0.00811 (ms)
2026-07-10 21:38:22,971 [INFO] Pass: FixedPoint - 0.00310 (ms)
2026-07-10 21:38:22,971 [INFO] Pass: Size - 0.00167 (ms)
2026-07-10 21:38:22,971 [INFO] Pass: FixedPoint - 0.00262 (ms)
2026-07-10 21:38:22,971 [INFO] Pass: ContainsInstruction - 0.00525 (ms)
2026-07-10 21:38:22,972 [INFO] Total Transpile Time - 93.92643 (ms)
2026-07-10 21:38:35,332 [INFO] [PCE] n=25 instancia 98/100 completada en 0:00:00:13 — transcurrido=0:00:22:04 restante_estimado=0:00:00:27
2026-07-10 21:38:35,427 [INFO] Pass: ContainsInstruction - 0.01049 (ms)
2026-07-10 21:38:35,427 [INFO] Pass: UnitarySynthesis - 0.00668 (ms)
2026-07-10 21:38:35,427 [INFO] Pass: HighLevelSynthesis - 0.00620 (ms)
2026-07-10 21:38:35,427 [INFO] Pass: BasisTranslator - 0.05937 (ms)
2026-07-10 21:38:35,427 [INFO] Pass: ElidePermutations - 0.00572 (ms)
2026-07-10 21:38:35,427 [INFO] Pass: RemoveDiagonalGatesBeforeMeasure - 0.00834 (ms)
2026-07-10 21:38:35,427 [INFO] Pass: RemoveIdentityEquivalent - 0.00334 (ms)
2026-07-10 21:38:35,427 [INFO] Pass: InverseCancellation - 0.00525 (ms)
2026-07-10 21:38:35,427 [INFO] Pass: ContractIdleWiresInControlFlow - 0.00167 (ms)
2026-07-10 21:38:35,427 [INFO] Pass: CommutativeCancellation - 0.02193 (ms)
2026-07-10 21:38:35,428 [INFO] Pass: ConsolidateBlocks - 0.03338 (ms)
2026-07-10 21:38:35,428 [INFO] Pass: Split2QUnitaries - 0.00334 (ms)
2026-07-10 21:38:35,428 [INFO] Pass: UnitarySynthesis - 0.00453 (ms)
2026-07-10 21:38:35,428 [INFO] Pass: HighLevelSynthesis - 0.00906 (ms)
2026-07-10 21:38:35,428 [INFO] Pass: BasisTranslator - 0.05150 (ms)
2026-07-10 21:38:35,428 [INFO] Pass: ConsolidateBlocks - 0.03982 (ms)
2026-07-10 21:38:35,428 [INFO] Pass: UnitarySynthesis - 0.00405 (ms)
2026-07-10 21:38:35,428 [INFO] Pass: Depth - 0.00954 (ms)
2026-07-10 21:38:35,428 [INFO] Pass: FixedPoint - 0.00477 (ms)
2026-07-10 21:38:35,428 [INFO] Pass: Size - 0.00334 (ms)
2026-07-10 21:38:35,428 [INFO] Pass: FixedPoint - 0.00238 (ms)
2026-07-10 21:38:35,428 [INFO] Pass: RemoveIdentityEquivalent - 0.00262 (ms)
2026-07-10 21:38:35,428 [INFO] Pass: Optimize1qGatesDecomposition - 0.02789 (ms)
2026-07-10 21:38:35,428 [INFO] Pass: CommutativeCancellation - 0.04339 (ms)
2026-07-10 21:38:35,428 [INFO] Pass: ContractIdleWiresInControlFlow - 0.00215 (ms)
2026-07-10 21:38:35,428 [INFO] Pass: GatesInBasis - 0.00954 (ms)
2026-07-10 21:38:35,428 [INFO] Pass: Depth - 0.00787 (ms)
2026-07-10 21:38:35,428 [INFO] Pass: FixedPoint - 0.00358 (ms)
2026-07-10 21:38:35,428 [INFO] Pass: Size - 0.00215 (ms)
2026-07-10 21:38:35,428 [INFO] Pass: FixedPoint - 0.00286 (ms)
2026-07-10 21:38:35,428 [INFO] Pass: ContainsInstruction - 0.00477 (ms)
2026-07-10 21:38:35,428 [INFO] Total Transpile Time - 94.88797 (ms)
2026-07-10 21:38:35,521 [INFO] Pass: ContainsInstruction - 0.00930 (ms)
2026-07-10 21:38:35,521 [INFO] Pass: UnitarySynthesis - 0.00620 (ms)
2026-07-10 21:38:35,521 [INFO] Pass: HighLevelSynthesis - 0.00548 (ms)
2026-07-10 21:38:35,522 [INFO] Pass: BasisTranslator - 0.05507 (ms)
2026-07-10 21:38:35,522 [INFO] Pass: ElidePermutations - 0.00381 (ms)
2026-07-10 21:38:35,522 [INFO] Pass: RemoveDiagonalGatesBeforeMeasure - 0.00644 (ms)
2026-07-10 21:38:35,522 [INFO] Pass: RemoveIdentityEquivalent - 0.00453 (ms)
2026-07-10 21:38:35,522 [INFO] Pass: InverseCancellation - 0.01335 (ms)
2026-07-10 21:38:35,522 [INFO] Pass: ContractIdleWiresInControlFlow - 0.00191 (ms)
2026-07-10 21:38:35,522 [INFO] Pass: CommutativeCancellation - 0.02670 (ms)
2026-07-10 21:38:35,522 [INFO] Pass: ConsolidateBlocks - 0.02956 (ms)
2026-07-10 21:38:35,522 [INFO] Pass: Split2QUnitaries - 0.00286 (ms)
2026-07-10 21:38:35,522 [INFO] Pass: UnitarySynthesis - 0.00525 (ms)
2026-07-10 21:38:35,522 [INFO] Pass: HighLevelSynthesis - 0.00930 (ms)
2026-07-10 21:38:35,522 [INFO] Pass: BasisTranslator - 0.05436 (ms)
2026-07-10 21:38:35,522 [INFO] Pass: ConsolidateBlocks - 0.04172 (ms)
2026-07-10 21:38:35,522 [INFO] Pass: UnitarySynthesis - 0.00477 (ms)
2026-07-10 21:38:35,522 [INFO] Pass: Depth - 0.00978 (ms)
2026-07-10 21:38:35,522 [INFO] Pass: FixedPoint - 0.00429 (ms)
2026-07-10 21:38:35,522 [INFO] Pass: Size - 0.00286 (ms)
2026-07-10 21:38:35,522 [INFO] Pass: FixedPoint - 0.00262 (ms)
2026-07-10 21:38:35,522 [INFO] Pass: RemoveIdentityEquivalent - 0.00405 (ms)
2026-07-10 21:38:35,522 [INFO] Pass: Optimize1qGatesDecomposition - 0.09823 (ms)
2026-07-10 21:38:35,522 [INFO] Pass: CommutativeCancellation - 0.05007 (ms)
2026-07-10 21:38:35,522 [INFO] Pass: ContractIdleWiresInControlFlow - 0.00191 (ms)
2026-07-10 21:38:35,522 [INFO] Pass: GatesInBasis - 0.00858 (ms)
2026-07-10 21:38:35,523 [INFO] Pass: Depth - 0.00882 (ms)
2026-07-10 21:38:35,523 [INFO] Pass: FixedPoint - 0.00358 (ms)
2026-07-10 21:38:35,523 [INFO] Pass: Size - 0.00215 (ms)
2026-07-10 21:38:35,523 [INFO] Pass: FixedPoint - 0.00286 (ms)
2026-07-10 21:38:35,523 [INFO] Pass: ContainsInstruction - 0.00525 (ms)
2026-07-10 21:38:35,523 [INFO] Total Transpile Time - 93.92762 (ms)
2026-07-10 21:38:35,615 [INFO] Pass: ContainsInstruction - 0.00930 (ms)
2026-07-10 21:38:35,616 [INFO] Pass: UnitarySynthesis - 0.00596 (ms)
2026-07-10 21:38:35,616 [INFO] Pass: HighLevelSynthesis - 0.00548 (ms)
2026-07-10 21:38:35,616 [INFO] Pass: BasisTranslator - 0.05364 (ms)
2026-07-10 21:38:35,616 [INFO] Pass: ElidePermutations - 0.00310 (ms)
2026-07-10 21:38:35,616 [INFO] Pass: RemoveDiagonalGatesBeforeMeasure - 0.00572 (ms)
2026-07-10 21:38:35,616 [INFO] Pass: RemoveIdentityEquivalent - 0.00405 (ms)
2026-07-10 21:38:35,616 [INFO] Pass: InverseCancellation - 0.01192 (ms)
2026-07-10 21:38:35,616 [INFO] Pass: ContractIdleWiresInControlFlow - 0.00191 (ms)
2026-07-10 21:38:35,616 [INFO] Pass: CommutativeCancellation - 0.02337 (ms)
2026-07-10 21:38:35,616 [INFO] Pass: ConsolidateBlocks - 0.02813 (ms)
2026-07-10 21:38:35,616 [INFO] Pass: Split2QUnitaries - 0.00238 (ms)
2026-07-10 21:38:35,616 [INFO] Pass: UnitarySynthesis - 0.00501 (ms)
2026-07-10 21:38:35,616 [INFO] Pass: HighLevelSynthesis - 0.00978 (ms)
2026-07-10 21:38:35,616 [INFO] Pass: BasisTranslator - 0.05341 (ms)
2026-07-10 21:38:35,616 [INFO] Pass: ConsolidateBlocks - 0.04029 (ms)
2026-07-10 21:38:35,616 [INFO] Pass: UnitarySynthesis - 0.00453 (ms)
2026-07-10 21:38:35,616 [INFO] Pass: Depth - 0.00978 (ms)
2026-07-10 21:38:35,616 [INFO] Pass: FixedPoint - 0.00405 (ms)
2026-07-10 21:38:35,616 [INFO] Pass: Size - 0.00262 (ms)
2026-07-10 21:38:35,616 [INFO] Pass: FixedPoint - 0.00262 (ms)
2026-07-10 21:38:35,616 [INFO] Pass: RemoveIdentityEquivalent - 0.00358 (ms)
2026-07-10 21:38:35,616 [INFO] Pass: Optimize1qGatesDecomposition - 0.09489 (ms)
2026-07-10 21:38:35,617 [INFO] Pass: CommutativeCancellation - 0.04387 (ms)
2026-07-10 21:38:35,617 [INFO] Pass: ContractIdleWiresInControlFlow - 0.00167 (ms)
2026-07-10 21:38:35,617 [INFO] Pass: GatesInBasis - 0.00858 (ms)
2026-07-10 21:38:35,617 [INFO] Pass: Depth - 0.00954 (ms)
2026-07-10 21:38:35,617 [INFO] Pass: FixedPoint - 0.00358 (ms)
2026-07-10 21:38:35,617 [INFO] Pass: Size - 0.00191 (ms)
2026-07-10 21:38:35,617 [INFO] Pass: FixedPoint - 0.00334 (ms)
2026-07-10 21:38:35,617 [INFO] Pass: RemoveIdentityEquivalent - 0.00358 (ms)
2026-07-10 21:38:35,617 [INFO] Pass: Optimize1qGatesDecomposition - 0.08035 (ms)
2026-07-10 21:38:35,617 [INFO] Pass: CommutativeCancellation - 0.03719 (ms)
2026-07-10 21:38:35,617 [INFO] Pass: ContractIdleWiresInControlFlow - 0.00167 (ms)
2026-07-10 21:38:35,617 [INFO] Pass: GatesInBasis - 0.00644 (ms)
2026-07-10 21:38:35,617 [INFO] Pass: Depth - 0.00811 (ms)
2026-07-10 21:38:35,617 [INFO] Pass: FixedPoint - 0.00334 (ms)
2026-07-10 21:38:35,617 [INFO] Pass: Size - 0.00215 (ms)
2026-07-10 21:38:35,617 [INFO] Pass: FixedPoint - 0.00262 (ms)
2026-07-10 21:38:35,617 [INFO] Pass: ContainsInstruction - 0.00525 (ms)
2026-07-10 21:38:35,617 [INFO] Total Transpile Time - 94.06543 (ms)
2026-07-10 21:38:47,923 [INFO] [PCE] n=25 instancia 99/100 completada en 0:00:00:13 — transcurrido=0:00:22:17 restante_estimado=0:00:00:14
2026-07-10 21:38:48,018 [INFO] Pass: ContainsInstruction - 0.01121 (ms)
2026-07-10 21:38:48,018 [INFO] Pass: UnitarySynthesis - 0.00644 (ms)
2026-07-10 21:38:48,018 [INFO] Pass: HighLevelSynthesis - 0.00620 (ms)
2026-07-10 21:38:48,018 [INFO] Pass: BasisTranslator - 0.06056 (ms)
2026-07-10 21:38:48,019 [INFO] Pass: ElidePermutations - 0.00501 (ms)
2026-07-10 21:38:48,019 [INFO] Pass: RemoveDiagonalGatesBeforeMeasure - 0.00715 (ms)
2026-07-10 21:38:48,019 [INFO] Pass: RemoveIdentityEquivalent - 0.00334 (ms)
2026-07-10 21:38:48,019 [INFO] Pass: InverseCancellation - 0.00501 (ms)
2026-07-10 21:38:48,019 [INFO] Pass: ContractIdleWiresInControlFlow - 0.00215 (ms)
2026-07-10 21:38:48,019 [INFO] Pass: CommutativeCancellation - 0.02265 (ms)
2026-07-10 21:38:48,019 [INFO] Pass: ConsolidateBlocks - 0.03290 (ms)
2026-07-10 21:38:48,019 [INFO] Pass: Split2QUnitaries - 0.00334 (ms)
2026-07-10 21:38:48,019 [INFO] Pass: UnitarySynthesis - 0.00429 (ms)
2026-07-10 21:38:48,019 [INFO] Pass: HighLevelSynthesis - 0.00882 (ms)
2026-07-10 21:38:48,019 [INFO] Pass: BasisTranslator - 0.05174 (ms)
2026-07-10 21:38:48,019 [INFO] Pass: ConsolidateBlocks - 0.04172 (ms)
2026-07-10 21:38:48,019 [INFO] Pass: UnitarySynthesis - 0.00453 (ms)
2026-07-10 21:38:48,019 [INFO] Pass: Depth - 0.01049 (ms)
2026-07-10 21:38:48,019 [INFO] Pass: FixedPoint - 0.00453 (ms)
2026-07-10 21:38:48,019 [INFO] Pass: Size - 0.00358 (ms)
2026-07-10 21:38:48,019 [INFO] Pass: FixedPoint - 0.00286 (ms)
2026-07-10 21:38:48,019 [INFO] Pass: RemoveIdentityEquivalent - 0.00262 (ms)
2026-07-10 21:38:48,019 [INFO] Pass: Optimize1qGatesDecomposition - 0.02885 (ms)
2026-07-10 21:38:48,019 [INFO] Pass: CommutativeCancellation - 0.05198 (ms)
2026-07-10 21:38:48,019 [INFO] Pass: ContractIdleWiresInControlFlow - 0.00215 (ms)
2026-07-10 21:38:48,019 [INFO] Pass: GatesInBasis - 0.00906 (ms)
2026-07-10 21:38:48,019 [INFO] Pass: Depth - 0.00763 (ms)
2026-07-10 21:38:48,019 [INFO] Pass: FixedPoint - 0.00358 (ms)
2026-07-10 21:38:48,019 [INFO] Pass: Size - 0.00215 (ms)
2026-07-10 21:38:48,019 [INFO] Pass: FixedPoint - 0.00286 (ms)
2026-07-10 21:38:48,019 [INFO] Pass: ContainsInstruction - 0.00477 (ms)
2026-07-10 21:38:48,020 [INFO] Total Transpile Time - 94.19370 (ms)
2026-07-10 21:38:48,113 [INFO] Pass: ContainsInstruction - 0.01001 (ms)
2026-07-10 21:38:48,113 [INFO] Pass: UnitarySynthesis - 0.00644 (ms)
2026-07-10 21:38:48,113 [INFO] Pass: HighLevelSynthesis - 0.00525 (ms)
2026-07-10 21:38:48,113 [INFO] Pass: BasisTranslator - 0.05364 (ms)
2026-07-10 21:38:48,113 [INFO] Pass: ElidePermutations - 0.00405 (ms)
2026-07-10 21:38:48,113 [INFO] Pass: RemoveDiagonalGatesBeforeMeasure - 0.00691 (ms)
2026-07-10 21:38:48,113 [INFO] Pass: RemoveIdentityEquivalent - 0.00453 (ms)
2026-07-10 21:38:48,113 [INFO] Pass: InverseCancellation - 0.01287 (ms)
2026-07-10 21:38:48,113 [INFO] Pass: ContractIdleWiresInControlFlow - 0.00191 (ms)
2026-07-10 21:38:48,113 [INFO] Pass: CommutativeCancellation - 0.02623 (ms)
2026-07-10 21:38:48,113 [INFO] Pass: ConsolidateBlocks - 0.03028 (ms)
2026-07-10 21:38:48,113 [INFO] Pass: Split2QUnitaries - 0.00310 (ms)
2026-07-10 21:38:48,113 [INFO] Pass: UnitarySynthesis - 0.00477 (ms)
2026-07-10 21:38:48,113 [INFO] Pass: HighLevelSynthesis - 0.01717 (ms)
2026-07-10 21:38:48,113 [INFO] Pass: BasisTranslator - 0.05317 (ms)
2026-07-10 21:38:48,113 [INFO] Pass: ConsolidateBlocks - 0.04125 (ms)
2026-07-10 21:38:48,113 [INFO] Pass: UnitarySynthesis - 0.00429 (ms)
2026-07-10 21:38:48,113 [INFO] Pass: Depth - 0.00954 (ms)
2026-07-10 21:38:48,113 [INFO] Pass: FixedPoint - 0.00453 (ms)
2026-07-10 21:38:48,114 [INFO] Pass: Size - 0.00286 (ms)
2026-07-10 21:38:48,114 [INFO] Pass: FixedPoint - 0.00310 (ms)
2026-07-10 21:38:48,114 [INFO] Pass: RemoveIdentityEquivalent - 0.00334 (ms)
2026-07-10 21:38:48,114 [INFO] Pass: Optimize1qGatesDecomposition - 0.09227 (ms)
2026-07-10 21:38:48,114 [INFO] Pass: CommutativeCancellation - 0.04888 (ms)
2026-07-10 21:38:48,114 [INFO] Pass: ContractIdleWiresInControlFlow - 0.00167 (ms)
2026-07-10 21:38:48,114 [INFO] Pass: GatesInBasis - 0.00834 (ms)
2026-07-10 21:38:48,114 [INFO] Pass: Depth - 0.00834 (ms)
2026-07-10 21:38:48,114 [INFO] Pass: FixedPoint - 0.00358 (ms)
2026-07-10 21:38:48,114 [INFO] Pass: Size - 0.00167 (ms)
2026-07-10 21:38:48,114 [INFO] Pass: FixedPoint - 0.00286 (ms)
2026-07-10 21:38:48,114 [INFO] Pass: ContainsInstruction - 0.00501 (ms)
2026-07-10 21:38:48,114 [INFO] Total Transpile Time - 94.07568 (ms)
2026-07-10 21:38:48,206 [INFO] Pass: ContainsInstruction - 0.00882 (ms)
2026-07-10 21:38:48,206 [INFO] Pass: UnitarySynthesis - 0.00596 (ms)
2026-07-10 21:38:48,206 [INFO] Pass: HighLevelSynthesis - 0.00525 (ms)
2026-07-10 21:38:48,206 [INFO] Pass: BasisTranslator - 0.05531 (ms)
2026-07-10 21:38:48,206 [INFO] Pass: ElidePermutations - 0.00334 (ms)
2026-07-10 21:38:48,206 [INFO] Pass: RemoveDiagonalGatesBeforeMeasure - 0.00525 (ms)
2026-07-10 21:38:48,206 [INFO] Pass: RemoveIdentityEquivalent - 0.00381 (ms)
2026-07-10 21:38:48,206 [INFO] Pass: InverseCancellation - 0.01192 (ms)
2026-07-10 21:38:48,206 [INFO] Pass: ContractIdleWiresInControlFlow - 0.00215 (ms)
2026-07-10 21:38:48,206 [INFO] Pass: CommutativeCancellation - 0.02217 (ms)
2026-07-10 21:38:48,206 [INFO] Pass: ConsolidateBlocks - 0.03624 (ms)
2026-07-10 21:38:48,206 [INFO] Pass: Split2QUnitaries - 0.00238 (ms)
2026-07-10 21:38:48,206 [INFO] Pass: UnitarySynthesis - 0.00525 (ms)
2026-07-10 21:38:48,206 [INFO] Pass: HighLevelSynthesis - 0.00954 (ms)
2026-07-10 21:38:48,206 [INFO] Pass: BasisTranslator - 0.05245 (ms)
2026-07-10 21:38:48,206 [INFO] Pass: ConsolidateBlocks - 0.03934 (ms)
2026-07-10 21:38:48,207 [INFO] Pass: UnitarySynthesis - 0.00429 (ms)
2026-07-10 21:38:48,207 [INFO] Pass: Depth - 0.00906 (ms)
2026-07-10 21:38:48,207 [INFO] Pass: FixedPoint - 0.00429 (ms)
2026-07-10 21:38:48,207 [INFO] Pass: Size - 0.00262 (ms)
2026-07-10 21:38:48,207 [INFO] Pass: FixedPoint - 0.00238 (ms)
2026-07-10 21:38:48,207 [INFO] Pass: RemoveIdentityEquivalent - 0.00358 (ms)
2026-07-10 21:38:48,207 [INFO] Pass: Optimize1qGatesDecomposition - 0.09179 (ms)
2026-07-10 21:38:48,207 [INFO] Pass: CommutativeCancellation - 0.04244 (ms)
2026-07-10 21:38:48,207 [INFO] Pass: ContractIdleWiresInControlFlow - 0.00191 (ms)
2026-07-10 21:38:48,207 [INFO] Pass: GatesInBasis - 0.00763 (ms)
2026-07-10 21:38:48,207 [INFO] Pass: Depth - 0.00882 (ms)
2026-07-10 21:38:48,207 [INFO] Pass: FixedPoint - 0.00358 (ms)
2026-07-10 21:38:48,207 [INFO] Pass: Size - 0.00191 (ms)
2026-07-10 21:38:48,207 [INFO] Pass: FixedPoint - 0.00286 (ms)
2026-07-10 21:38:48,207 [INFO] Pass: RemoveIdentityEquivalent - 0.00358 (ms)
2026-07-10 21:38:48,207 [INFO] Pass: Optimize1qGatesDecomposition - 0.07820 (ms)
2026-07-10 21:38:48,207 [INFO] Pass: CommutativeCancellation - 0.03719 (ms)
2026-07-10 21:38:48,207 [INFO] Pass: ContractIdleWiresInControlFlow - 0.00167 (ms)
2026-07-10 21:38:48,207 [INFO] Pass: GatesInBasis - 0.00620 (ms)
2026-07-10 21:38:48,207 [INFO] Pass: Depth - 0.00763 (ms)
2026-07-10 21:38:48,207 [INFO] Pass: FixedPoint - 0.00334 (ms)
2026-07-10 21:38:48,207 [INFO] Pass: Size - 0.00167 (ms)
2026-07-10 21:38:48,207 [INFO] Pass: FixedPoint - 0.00262 (ms)
2026-07-10 21:38:48,207 [INFO] Pass: ContainsInstruction - 0.00525 (ms)
2026-07-10 21:38:48,208 [INFO] Total Transpile Time - 93.01901 (ms)
2026-07-10 21:39:00,700 [INFO] [PCE] n=25 instancia 100/100 completada en 0:00:00:13 — transcurrido=0:00:22:30 restante_estimado=0:00:00:00
2026-07-10 21:39:00,701 [INFO] [PCE] n=25 beta=0.7892 ± 0.0238 (PASSED) qubits=5 duration=0:00:22:30 max_parallel_threads=16 shots=4096 backend=AER
