qmio/hpc unloaded
        Preparing the environment for use of the sistema software stack.
        Please rebuild modules cache: module --ignore-cache avail
     
qmio/hpc loaded
gcccore/12.3.0 loaded
binutils/2.40 loaded
gcc/12.3.0 loaded
sqlite/3.45.3 loaded
libffi/3.4.4 loaded
python/3.11.9 loaded
rust/1.88.0 loaded

imkl/2023.2.0 loaded
ninja/1.9.0 loaded
meson/1.5.2-python-3.11.9 loaded
meson-python/0.16.0-python-3.11.9 loaded
cython/3.0.9-python-3.11.9 loaded
numpy/1.26.4-python-3.11.9 loaded
pythran/0.15.0-python-3.11.9 loaded
pybind11/2.13.6-python-3.11.9 loaded
xsimd/12.1.1 loaded
scipy/1.13.0-python-3.11.9 loaded
llvm/16.0.0 loaded
gmp/6.3.0 loaded
mpfr/4.2.1 loaded
mpc/1.3.1 loaded
flint/3.1.2 loaded
symengine/0.11.2 loaded
symengine-python/0.11.0-python-3.11.9 loaded
spdlog/1.9.2 loaded
pylatexenc/2.10-python-3.11.9 loaded
libgd/2.3.3 loaded
nasm/2.16.03 loaded
libjpeg-turbo/3.0.2 loaded
matplotlib/3.6.3-python-3.11.9 loaded
pandas/2.2.2-python-3.11.9 loaded
seaborn/0.12.2-python-3.11.9 loaded
qiskit/2.2.3-python-3.11.9 loaded
qmio-run/0.5.1-python-3.11.9 loaded
qmio-tools/0.2.1-python-3.11.9 loaded
2026-07-10 03:17:25,110 [INFO] [PCE] Ejecutando 40 grafos con 20 nodos.
2026-07-10 03:17:25,110 [INFO] [PCE] n=20 usa 5 qubits (k=2).
2026-07-10 03:17:25,216 [INFO] Pass: ContainsInstruction - 0.01383 (ms)
2026-07-10 03:17:25,216 [INFO] Pass: UnitarySynthesis - 0.00763 (ms)
2026-07-10 03:17:25,216 [INFO] Pass: HighLevelSynthesis - 0.00691 (ms)
2026-07-10 03:17:25,216 [INFO] Pass: BasisTranslator - 0.06962 (ms)
2026-07-10 03:17:25,216 [INFO] Pass: ElidePermutations - 0.00596 (ms)
2026-07-10 03:17:25,217 [INFO] Pass: RemoveDiagonalGatesBeforeMeasure - 0.00715 (ms)
2026-07-10 03:17:25,217 [INFO] Pass: RemoveIdentityEquivalent - 0.00596 (ms)
2026-07-10 03:17:25,217 [INFO] Pass: InverseCancellation - 0.00572 (ms)
2026-07-10 03:17:25,217 [INFO] Pass: ContractIdleWiresInControlFlow - 0.00262 (ms)
2026-07-10 03:17:25,217 [INFO] Pass: CommutativeCancellation - 0.02337 (ms)
2026-07-10 03:17:25,217 [INFO] Pass: ConsolidateBlocks - 0.04005 (ms)
2026-07-10 03:17:25,217 [INFO] Pass: Split2QUnitaries - 0.00381 (ms)
2026-07-10 03:17:25,217 [INFO] Pass: UnitarySynthesis - 0.00548 (ms)
2026-07-10 03:17:25,217 [INFO] Pass: HighLevelSynthesis - 0.00930 (ms)
2026-07-10 03:17:25,217 [INFO] Pass: BasisTranslator - 0.05317 (ms)
2026-07-10 03:17:25,217 [INFO] Pass: ConsolidateBlocks - 0.04125 (ms)
2026-07-10 03:17:25,217 [INFO] Pass: UnitarySynthesis - 0.00453 (ms)
2026-07-10 03:17:25,217 [INFO] Pass: Depth - 0.00906 (ms)
2026-07-10 03:17:25,217 [INFO] Pass: FixedPoint - 0.00596 (ms)
2026-07-10 03:17:25,217 [INFO] Pass: Size - 0.00358 (ms)
2026-07-10 03:17:25,217 [INFO] Pass: FixedPoint - 0.00334 (ms)
2026-07-10 03:17:25,217 [INFO] Pass: RemoveIdentityEquivalent - 0.00262 (ms)
2026-07-10 03:17:25,217 [INFO] Pass: Optimize1qGatesDecomposition - 0.02837 (ms)
2026-07-10 03:17:25,217 [INFO] Pass: CommutativeCancellation - 0.04125 (ms)
2026-07-10 03:17:25,217 [INFO] Pass: ContractIdleWiresInControlFlow - 0.00167 (ms)
2026-07-10 03:17:25,217 [INFO] Pass: GatesInBasis - 0.00906 (ms)
2026-07-10 03:17:25,217 [INFO] Pass: Depth - 0.00596 (ms)
2026-07-10 03:17:25,217 [INFO] Pass: FixedPoint - 0.00405 (ms)
2026-07-10 03:17:25,217 [INFO] Pass: Size - 0.00238 (ms)
2026-07-10 03:17:25,217 [INFO] Pass: FixedPoint - 0.00286 (ms)
2026-07-10 03:17:25,218 [INFO] Pass: ContainsInstruction - 0.00572 (ms)
2026-07-10 03:17:25,218 [INFO] Total Transpile Time - 105.04079 (ms)
2026-07-10 03:17:25,306 [INFO] Pass: ContainsInstruction - 0.01001 (ms)
2026-07-10 03:17:25,306 [INFO] Pass: UnitarySynthesis - 0.00620 (ms)
2026-07-10 03:17:25,306 [INFO] Pass: HighLevelSynthesis - 0.00525 (ms)
2026-07-10 03:17:25,306 [INFO] Pass: BasisTranslator - 0.06270 (ms)
2026-07-10 03:17:25,306 [INFO] Pass: ElidePermutations - 0.00429 (ms)
2026-07-10 03:17:25,306 [INFO] Pass: RemoveDiagonalGatesBeforeMeasure - 0.00501 (ms)
2026-07-10 03:17:25,306 [INFO] Pass: RemoveIdentityEquivalent - 0.00405 (ms)
2026-07-10 03:17:25,306 [INFO] Pass: InverseCancellation - 0.01121 (ms)
2026-07-10 03:17:25,306 [INFO] Pass: ContractIdleWiresInControlFlow - 0.00191 (ms)
2026-07-10 03:17:25,306 [INFO] Pass: CommutativeCancellation - 0.02599 (ms)
2026-07-10 03:17:25,306 [INFO] Pass: ConsolidateBlocks - 0.02956 (ms)
2026-07-10 03:17:25,306 [INFO] Pass: Split2QUnitaries - 0.00262 (ms)
2026-07-10 03:17:25,307 [INFO] Pass: UnitarySynthesis - 0.00525 (ms)
2026-07-10 03:17:25,307 [INFO] Pass: HighLevelSynthesis - 0.00834 (ms)
2026-07-10 03:17:25,307 [INFO] Pass: BasisTranslator - 0.05984 (ms)
2026-07-10 03:17:25,307 [INFO] Pass: ConsolidateBlocks - 0.04005 (ms)
2026-07-10 03:17:25,307 [INFO] Pass: UnitarySynthesis - 0.00453 (ms)
2026-07-10 03:17:25,307 [INFO] Pass: Depth - 0.00858 (ms)
2026-07-10 03:17:25,307 [INFO] Pass: FixedPoint - 0.00501 (ms)
2026-07-10 03:17:25,307 [INFO] Pass: Size - 0.00286 (ms)
2026-07-10 03:17:25,307 [INFO] Pass: FixedPoint - 0.00310 (ms)
2026-07-10 03:17:25,307 [INFO] Pass: RemoveIdentityEquivalent - 0.00358 (ms)
2026-07-10 03:17:25,307 [INFO] Pass: Optimize1qGatesDecomposition - 0.09131 (ms)
2026-07-10 03:17:25,307 [INFO] Pass: CommutativeCancellation - 0.04673 (ms)
2026-07-10 03:17:25,307 [INFO] Pass: ContractIdleWiresInControlFlow - 0.00191 (ms)
2026-07-10 03:17:25,307 [INFO] Pass: GatesInBasis - 0.00715 (ms)
2026-07-10 03:17:25,307 [INFO] Pass: Depth - 0.00715 (ms)
2026-07-10 03:17:25,307 [INFO] Pass: FixedPoint - 0.00429 (ms)
2026-07-10 03:17:25,307 [INFO] Pass: Size - 0.00215 (ms)
2026-07-10 03:17:25,307 [INFO] Pass: FixedPoint - 0.00525 (ms)
2026-07-10 03:17:25,307 [INFO] Pass: ContainsInstruction - 0.00501 (ms)
2026-07-10 03:17:25,307 [INFO] Total Transpile Time - 89.30993 (ms)
2026-07-10 03:17:25,394 [INFO] Pass: ContainsInstruction - 0.00978 (ms)
2026-07-10 03:17:25,394 [INFO] Pass: UnitarySynthesis - 0.00691 (ms)
2026-07-10 03:17:25,395 [INFO] Pass: HighLevelSynthesis - 0.00429 (ms)
2026-07-10 03:17:25,395 [INFO] Pass: BasisTranslator - 0.06962 (ms)
2026-07-10 03:17:25,395 [INFO] Pass: ElidePermutations - 0.00429 (ms)
2026-07-10 03:17:25,395 [INFO] Pass: RemoveDiagonalGatesBeforeMeasure - 0.00453 (ms)
2026-07-10 03:17:25,395 [INFO] Pass: RemoveIdentityEquivalent - 0.00429 (ms)
2026-07-10 03:17:25,395 [INFO] Pass: InverseCancellation - 0.01073 (ms)
2026-07-10 03:17:25,395 [INFO] Pass: ContractIdleWiresInControlFlow - 0.00215 (ms)
2026-07-10 03:17:25,395 [INFO] Pass: CommutativeCancellation - 0.02122 (ms)
2026-07-10 03:17:25,395 [INFO] Pass: ConsolidateBlocks - 0.02956 (ms)
2026-07-10 03:17:25,395 [INFO] Pass: Split2QUnitaries - 0.00238 (ms)
2026-07-10 03:17:25,395 [INFO] Pass: UnitarySynthesis - 0.00906 (ms)
2026-07-10 03:17:25,395 [INFO] Pass: HighLevelSynthesis - 0.00978 (ms)
2026-07-10 03:17:25,395 [INFO] Pass: BasisTranslator - 0.05150 (ms)
2026-07-10 03:17:25,395 [INFO] Pass: ConsolidateBlocks - 0.03982 (ms)
2026-07-10 03:17:25,395 [INFO] Pass: UnitarySynthesis - 0.00429 (ms)
2026-07-10 03:17:25,395 [INFO] Pass: Depth - 0.00811 (ms)
2026-07-10 03:17:25,395 [INFO] Pass: FixedPoint - 0.00477 (ms)
2026-07-10 03:17:25,395 [INFO] Pass: Size - 0.00286 (ms)
2026-07-10 03:17:25,395 [INFO] Pass: FixedPoint - 0.00286 (ms)
2026-07-10 03:17:25,395 [INFO] Pass: RemoveIdentityEquivalent - 0.00358 (ms)
2026-07-10 03:17:25,395 [INFO] Pass: Optimize1qGatesDecomposition - 0.09799 (ms)
2026-07-10 03:17:25,395 [INFO] Pass: CommutativeCancellation - 0.04292 (ms)
2026-07-10 03:17:25,395 [INFO] Pass: ContractIdleWiresInControlFlow - 0.00191 (ms)
2026-07-10 03:17:25,396 [INFO] Pass: GatesInBasis - 0.00691 (ms)
2026-07-10 03:17:25,396 [INFO] Pass: Depth - 0.00763 (ms)
2026-07-10 03:17:25,396 [INFO] Pass: FixedPoint - 0.00381 (ms)
2026-07-10 03:17:25,396 [INFO] Pass: Size - 0.00215 (ms)
2026-07-10 03:17:25,396 [INFO] Pass: FixedPoint - 0.00334 (ms)
2026-07-10 03:17:25,396 [INFO] Pass: RemoveIdentityEquivalent - 0.00381 (ms)
2026-07-10 03:17:25,396 [INFO] Pass: Optimize1qGatesDecomposition - 0.07701 (ms)
2026-07-10 03:17:25,396 [INFO] Pass: CommutativeCancellation - 0.03839 (ms)
2026-07-10 03:17:25,396 [INFO] Pass: ContractIdleWiresInControlFlow - 0.00167 (ms)
2026-07-10 03:17:25,396 [INFO] Pass: GatesInBasis - 0.00668 (ms)
2026-07-10 03:17:25,396 [INFO] Pass: Depth - 0.00739 (ms)
2026-07-10 03:17:25,396 [INFO] Pass: FixedPoint - 0.00334 (ms)
2026-07-10 03:17:25,396 [INFO] Pass: Size - 0.00238 (ms)
2026-07-10 03:17:25,396 [INFO] Pass: FixedPoint - 0.00286 (ms)
2026-07-10 03:17:25,396 [INFO] Pass: ContainsInstruction - 0.00501 (ms)
2026-07-10 03:17:25,396 [INFO] Total Transpile Time - 88.41777 (ms)
2026-07-10 03:17:25,656 [INFO] [PCE] Aer metadata (1ª ejecución de este proceso): device=CPU method=statevector shots=exact fusion_enabled=True
2026-07-10 03:17:33,957 [INFO] [PCE] n=20 instancia 1/40 completada en 0:00:00:09 — transcurrido=0:00:00:09 restante_estimado=0:00:05:45
2026-07-10 03:17:34,051 [INFO] Pass: ContainsInstruction - 0.01264 (ms)
2026-07-10 03:17:34,051 [INFO] Pass: UnitarySynthesis - 0.00620 (ms)
2026-07-10 03:17:34,051 [INFO] Pass: HighLevelSynthesis - 0.00572 (ms)
2026-07-10 03:17:34,051 [INFO] Pass: BasisTranslator - 0.06151 (ms)
2026-07-10 03:17:34,051 [INFO] Pass: ElidePermutations - 0.00572 (ms)
2026-07-10 03:17:34,051 [INFO] Pass: RemoveDiagonalGatesBeforeMeasure - 0.00620 (ms)
2026-07-10 03:17:34,051 [INFO] Pass: RemoveIdentityEquivalent - 0.00405 (ms)
2026-07-10 03:17:34,051 [INFO] Pass: InverseCancellation - 0.00548 (ms)
2026-07-10 03:17:34,051 [INFO] Pass: ContractIdleWiresInControlFlow - 0.00453 (ms)
2026-07-10 03:17:34,051 [INFO] Pass: CommutativeCancellation - 0.02146 (ms)
2026-07-10 03:17:34,051 [INFO] Pass: ConsolidateBlocks - 0.03529 (ms)
2026-07-10 03:17:34,051 [INFO] Pass: Split2QUnitaries - 0.00429 (ms)
2026-07-10 03:17:34,051 [INFO] Pass: UnitarySynthesis - 0.00477 (ms)
2026-07-10 03:17:34,051 [INFO] Pass: HighLevelSynthesis - 0.00906 (ms)
2026-07-10 03:17:34,051 [INFO] Pass: BasisTranslator - 0.04840 (ms)
2026-07-10 03:17:34,051 [INFO] Pass: ConsolidateBlocks - 0.04458 (ms)
2026-07-10 03:17:34,051 [INFO] Pass: UnitarySynthesis - 0.00429 (ms)
2026-07-10 03:17:34,051 [INFO] Pass: Depth - 0.00930 (ms)
2026-07-10 03:17:34,051 [INFO] Pass: FixedPoint - 0.00429 (ms)
2026-07-10 03:17:34,051 [INFO] Pass: Size - 0.00405 (ms)
2026-07-10 03:17:34,051 [INFO] Pass: FixedPoint - 0.00286 (ms)
2026-07-10 03:17:34,052 [INFO] Pass: RemoveIdentityEquivalent - 0.00238 (ms)
2026-07-10 03:17:34,052 [INFO] Pass: Optimize1qGatesDecomposition - 0.02670 (ms)
2026-07-10 03:17:34,052 [INFO] Pass: CommutativeCancellation - 0.04077 (ms)
2026-07-10 03:17:34,052 [INFO] Pass: ContractIdleWiresInControlFlow - 0.00167 (ms)
2026-07-10 03:17:34,052 [INFO] Pass: GatesInBasis - 0.00954 (ms)
2026-07-10 03:17:34,052 [INFO] Pass: Depth - 0.00691 (ms)
2026-07-10 03:17:34,052 [INFO] Pass: FixedPoint - 0.00381 (ms)
2026-07-10 03:17:34,052 [INFO] Pass: Size - 0.00215 (ms)
2026-07-10 03:17:34,052 [INFO] Pass: FixedPoint - 0.00310 (ms)
2026-07-10 03:17:34,052 [INFO] Pass: ContainsInstruction - 0.00453 (ms)
2026-07-10 03:17:34,052 [INFO] Total Transpile Time - 92.08560 (ms)
2026-07-10 03:17:34,140 [INFO] Pass: ContainsInstruction - 0.00930 (ms)
2026-07-10 03:17:34,140 [INFO] Pass: UnitarySynthesis - 0.00620 (ms)
2026-07-10 03:17:34,140 [INFO] Pass: HighLevelSynthesis - 0.00381 (ms)
2026-07-10 03:17:34,140 [INFO] Pass: BasisTranslator - 0.05269 (ms)
2026-07-10 03:17:34,140 [INFO] Pass: ElidePermutations - 0.00477 (ms)
2026-07-10 03:17:34,140 [INFO] Pass: RemoveDiagonalGatesBeforeMeasure - 0.00501 (ms)
2026-07-10 03:17:34,140 [INFO] Pass: RemoveIdentityEquivalent - 0.00405 (ms)
2026-07-10 03:17:34,140 [INFO] Pass: InverseCancellation - 0.01240 (ms)
2026-07-10 03:17:34,140 [INFO] Pass: ContractIdleWiresInControlFlow - 0.00191 (ms)
2026-07-10 03:17:34,140 [INFO] Pass: CommutativeCancellation - 0.02384 (ms)
2026-07-10 03:17:34,140 [INFO] Pass: ConsolidateBlocks - 0.02861 (ms)
2026-07-10 03:17:34,141 [INFO] Pass: Split2QUnitaries - 0.00286 (ms)
2026-07-10 03:17:34,141 [INFO] Pass: UnitarySynthesis - 0.00477 (ms)
2026-07-10 03:17:34,141 [INFO] Pass: HighLevelSynthesis - 0.00787 (ms)
2026-07-10 03:17:34,141 [INFO] Pass: BasisTranslator - 0.05031 (ms)
2026-07-10 03:17:34,141 [INFO] Pass: ConsolidateBlocks - 0.03934 (ms)
2026-07-10 03:17:34,141 [INFO] Pass: UnitarySynthesis - 0.00405 (ms)
2026-07-10 03:17:34,141 [INFO] Pass: Depth - 0.00834 (ms)
2026-07-10 03:17:34,141 [INFO] Pass: FixedPoint - 0.00477 (ms)
2026-07-10 03:17:34,141 [INFO] Pass: Size - 0.00286 (ms)
2026-07-10 03:17:34,141 [INFO] Pass: FixedPoint - 0.00310 (ms)
2026-07-10 03:17:34,141 [INFO] Pass: RemoveIdentityEquivalent - 0.00334 (ms)
2026-07-10 03:17:34,141 [INFO] Pass: Optimize1qGatesDecomposition - 0.08893 (ms)
2026-07-10 03:17:34,141 [INFO] Pass: CommutativeCancellation - 0.04387 (ms)
2026-07-10 03:17:34,141 [INFO] Pass: ContractIdleWiresInControlFlow - 0.00191 (ms)
2026-07-10 03:17:34,141 [INFO] Pass: GatesInBasis - 0.00834 (ms)
2026-07-10 03:17:34,141 [INFO] Pass: Depth - 0.00691 (ms)
2026-07-10 03:17:34,141 [INFO] Pass: FixedPoint - 0.00381 (ms)
2026-07-10 03:17:34,141 [INFO] Pass: Size - 0.00191 (ms)
2026-07-10 03:17:34,141 [INFO] Pass: FixedPoint - 0.00286 (ms)
2026-07-10 03:17:34,141 [INFO] Pass: ContainsInstruction - 0.00453 (ms)
2026-07-10 03:17:34,141 [INFO] Total Transpile Time - 89.05864 (ms)
2026-07-10 03:17:34,229 [INFO] Pass: ContainsInstruction - 0.00930 (ms)
2026-07-10 03:17:34,229 [INFO] Pass: UnitarySynthesis - 0.00644 (ms)
2026-07-10 03:17:34,229 [INFO] Pass: HighLevelSynthesis - 0.00405 (ms)
2026-07-10 03:17:34,229 [INFO] Pass: BasisTranslator - 0.05412 (ms)
2026-07-10 03:17:34,229 [INFO] Pass: ElidePermutations - 0.00405 (ms)
2026-07-10 03:17:34,229 [INFO] Pass: RemoveDiagonalGatesBeforeMeasure - 0.00429 (ms)
2026-07-10 03:17:34,229 [INFO] Pass: RemoveIdentityEquivalent - 0.00405 (ms)
2026-07-10 03:17:34,229 [INFO] Pass: InverseCancellation - 0.01073 (ms)
2026-07-10 03:17:34,229 [INFO] Pass: ContractIdleWiresInControlFlow - 0.00238 (ms)
2026-07-10 03:17:34,229 [INFO] Pass: CommutativeCancellation - 0.02146 (ms)
2026-07-10 03:17:34,229 [INFO] Pass: ConsolidateBlocks - 0.02694 (ms)
2026-07-10 03:17:34,229 [INFO] Pass: Split2QUnitaries - 0.00286 (ms)
2026-07-10 03:17:34,229 [INFO] Pass: UnitarySynthesis - 0.00501 (ms)
2026-07-10 03:17:34,229 [INFO] Pass: HighLevelSynthesis - 0.00906 (ms)
2026-07-10 03:17:34,229 [INFO] Pass: BasisTranslator - 0.05245 (ms)
2026-07-10 03:17:34,229 [INFO] Pass: ConsolidateBlocks - 0.04029 (ms)
2026-07-10 03:17:34,229 [INFO] Pass: UnitarySynthesis - 0.00453 (ms)
2026-07-10 03:17:34,229 [INFO] Pass: Depth - 0.00811 (ms)
2026-07-10 03:17:34,229 [INFO] Pass: FixedPoint - 0.00453 (ms)
2026-07-10 03:17:34,229 [INFO] Pass: Size - 0.00262 (ms)
2026-07-10 03:17:34,229 [INFO] Pass: FixedPoint - 0.00262 (ms)
2026-07-10 03:17:34,229 [INFO] Pass: RemoveIdentityEquivalent - 0.00358 (ms)
2026-07-10 03:17:34,229 [INFO] Pass: Optimize1qGatesDecomposition - 0.08941 (ms)
2026-07-10 03:17:34,230 [INFO] Pass: CommutativeCancellation - 0.04244 (ms)
2026-07-10 03:17:34,230 [INFO] Pass: ContractIdleWiresInControlFlow - 0.00191 (ms)
2026-07-10 03:17:34,230 [INFO] Pass: GatesInBasis - 0.00787 (ms)
2026-07-10 03:17:34,230 [INFO] Pass: Depth - 0.00787 (ms)
2026-07-10 03:17:34,230 [INFO] Pass: FixedPoint - 0.00405 (ms)
2026-07-10 03:17:34,230 [INFO] Pass: Size - 0.00215 (ms)
2026-07-10 03:17:34,230 [INFO] Pass: FixedPoint - 0.00286 (ms)
2026-07-10 03:17:34,230 [INFO] Pass: RemoveIdentityEquivalent - 0.00358 (ms)
2026-07-10 03:17:34,230 [INFO] Pass: Optimize1qGatesDecomposition - 0.08178 (ms)
2026-07-10 03:17:34,230 [INFO] Pass: CommutativeCancellation - 0.03719 (ms)
2026-07-10 03:17:34,230 [INFO] Pass: ContractIdleWiresInControlFlow - 0.00167 (ms)
2026-07-10 03:17:34,230 [INFO] Pass: GatesInBasis - 0.00715 (ms)
2026-07-10 03:17:34,230 [INFO] Pass: Depth - 0.00668 (ms)
2026-07-10 03:17:34,230 [INFO] Pass: FixedPoint - 0.00334 (ms)
2026-07-10 03:17:34,230 [INFO] Pass: Size - 0.00191 (ms)
2026-07-10 03:17:34,230 [INFO] Pass: FixedPoint - 0.00262 (ms)
2026-07-10 03:17:34,230 [INFO] Pass: ContainsInstruction - 0.00525 (ms)
2026-07-10 03:17:34,230 [INFO] Total Transpile Time - 88.45162 (ms)
2026-07-10 03:17:44,129 [INFO] [PCE] n=20 instancia 2/40 completada en 0:00:00:10 — transcurrido=0:00:00:19 restante_estimado=0:00:06:01
2026-07-10 03:17:44,221 [INFO] Pass: ContainsInstruction - 0.01216 (ms)
2026-07-10 03:17:44,221 [INFO] Pass: UnitarySynthesis - 0.00763 (ms)
2026-07-10 03:17:44,221 [INFO] Pass: HighLevelSynthesis - 0.00548 (ms)
2026-07-10 03:17:44,221 [INFO] Pass: BasisTranslator - 0.06032 (ms)
2026-07-10 03:17:44,221 [INFO] Pass: ElidePermutations - 0.00525 (ms)
2026-07-10 03:17:44,221 [INFO] Pass: RemoveDiagonalGatesBeforeMeasure - 0.00620 (ms)
2026-07-10 03:17:44,221 [INFO] Pass: RemoveIdentityEquivalent - 0.00358 (ms)
2026-07-10 03:17:44,221 [INFO] Pass: InverseCancellation - 0.00548 (ms)
2026-07-10 03:17:44,221 [INFO] Pass: ContractIdleWiresInControlFlow - 0.00238 (ms)
2026-07-10 03:17:44,221 [INFO] Pass: CommutativeCancellation - 0.02074 (ms)
2026-07-10 03:17:44,222 [INFO] Pass: ConsolidateBlocks - 0.03219 (ms)
2026-07-10 03:17:44,222 [INFO] Pass: Split2QUnitaries - 0.00334 (ms)
2026-07-10 03:17:44,222 [INFO] Pass: UnitarySynthesis - 0.00477 (ms)
2026-07-10 03:17:44,222 [INFO] Pass: HighLevelSynthesis - 0.00834 (ms)
2026-07-10 03:17:44,222 [INFO] Pass: BasisTranslator - 0.05269 (ms)
2026-07-10 03:17:44,222 [INFO] Pass: ConsolidateBlocks - 0.03743 (ms)
2026-07-10 03:17:44,222 [INFO] Pass: UnitarySynthesis - 0.00381 (ms)
2026-07-10 03:17:44,222 [INFO] Pass: Depth - 0.00834 (ms)
2026-07-10 03:17:44,222 [INFO] Pass: FixedPoint - 0.00429 (ms)
2026-07-10 03:17:44,222 [INFO] Pass: Size - 0.00334 (ms)
2026-07-10 03:17:44,222 [INFO] Pass: FixedPoint - 0.00286 (ms)
2026-07-10 03:17:44,222 [INFO] Pass: RemoveIdentityEquivalent - 0.00334 (ms)
2026-07-10 03:17:44,222 [INFO] Pass: Optimize1qGatesDecomposition - 0.02599 (ms)
2026-07-10 03:17:44,222 [INFO] Pass: CommutativeCancellation - 0.04053 (ms)
2026-07-10 03:17:44,222 [INFO] Pass: ContractIdleWiresInControlFlow - 0.00167 (ms)
2026-07-10 03:17:44,222 [INFO] Pass: GatesInBasis - 0.00858 (ms)
2026-07-10 03:17:44,222 [INFO] Pass: Depth - 0.00644 (ms)
2026-07-10 03:17:44,222 [INFO] Pass: FixedPoint - 0.00358 (ms)
2026-07-10 03:17:44,222 [INFO] Pass: Size - 0.00215 (ms)
2026-07-10 03:17:44,222 [INFO] Pass: FixedPoint - 0.00286 (ms)
2026-07-10 03:17:44,222 [INFO] Pass: ContainsInstruction - 0.00477 (ms)
2026-07-10 03:17:44,222 [INFO] Total Transpile Time - 91.37654 (ms)
2026-07-10 03:17:44,310 [INFO] Pass: ContainsInstruction - 0.01097 (ms)
2026-07-10 03:17:44,310 [INFO] Pass: UnitarySynthesis - 0.00668 (ms)
2026-07-10 03:17:44,310 [INFO] Pass: HighLevelSynthesis - 0.00548 (ms)
2026-07-10 03:17:44,310 [INFO] Pass: BasisTranslator - 0.06247 (ms)
2026-07-10 03:17:44,311 [INFO] Pass: ElidePermutations - 0.00715 (ms)
2026-07-10 03:17:44,311 [INFO] Pass: RemoveDiagonalGatesBeforeMeasure - 0.00644 (ms)
2026-07-10 03:17:44,311 [INFO] Pass: RemoveIdentityEquivalent - 0.00525 (ms)
2026-07-10 03:17:44,311 [INFO] Pass: InverseCancellation - 0.01383 (ms)
2026-07-10 03:17:44,311 [INFO] Pass: ContractIdleWiresInControlFlow - 0.00238 (ms)
2026-07-10 03:17:44,311 [INFO] Pass: CommutativeCancellation - 0.02742 (ms)
2026-07-10 03:17:44,311 [INFO] Pass: ConsolidateBlocks - 0.03099 (ms)
2026-07-10 03:17:44,311 [INFO] Pass: Split2QUnitaries - 0.00525 (ms)
2026-07-10 03:17:44,311 [INFO] Pass: UnitarySynthesis - 0.00477 (ms)
2026-07-10 03:17:44,311 [INFO] Pass: HighLevelSynthesis - 0.00906 (ms)
2026-07-10 03:17:44,311 [INFO] Pass: BasisTranslator - 0.05364 (ms)
2026-07-10 03:17:44,311 [INFO] Pass: ConsolidateBlocks - 0.04005 (ms)
2026-07-10 03:17:44,311 [INFO] Pass: UnitarySynthesis - 0.00405 (ms)
2026-07-10 03:17:44,311 [INFO] Pass: Depth - 0.00858 (ms)
2026-07-10 03:17:44,311 [INFO] Pass: FixedPoint - 0.00453 (ms)
2026-07-10 03:17:44,311 [INFO] Pass: Size - 0.00286 (ms)
2026-07-10 03:17:44,311 [INFO] Pass: FixedPoint - 0.00286 (ms)
2026-07-10 03:17:44,311 [INFO] Pass: RemoveIdentityEquivalent - 0.00358 (ms)
2026-07-10 03:17:44,311 [INFO] Pass: Optimize1qGatesDecomposition - 0.09251 (ms)
2026-07-10 03:17:44,311 [INFO] Pass: CommutativeCancellation - 0.04959 (ms)
2026-07-10 03:17:44,311 [INFO] Pass: ContractIdleWiresInControlFlow - 0.00191 (ms)
2026-07-10 03:17:44,311 [INFO] Pass: GatesInBasis - 0.00834 (ms)
2026-07-10 03:17:44,311 [INFO] Pass: Depth - 0.00739 (ms)
2026-07-10 03:17:44,311 [INFO] Pass: FixedPoint - 0.00381 (ms)
2026-07-10 03:17:44,312 [INFO] Pass: Size - 0.00238 (ms)
2026-07-10 03:17:44,312 [INFO] Pass: FixedPoint - 0.00286 (ms)
2026-07-10 03:17:44,312 [INFO] Pass: ContainsInstruction - 0.01144 (ms)
2026-07-10 03:17:44,312 [INFO] Total Transpile Time - 88.88841 (ms)
2026-07-10 03:17:44,401 [INFO] Pass: ContainsInstruction - 0.01097 (ms)
2026-07-10 03:17:44,401 [INFO] Pass: UnitarySynthesis - 0.00691 (ms)
2026-07-10 03:17:44,401 [INFO] Pass: HighLevelSynthesis - 0.00501 (ms)
2026-07-10 03:17:44,401 [INFO] Pass: BasisTranslator - 0.05698 (ms)
2026-07-10 03:17:44,401 [INFO] Pass: ElidePermutations - 0.00477 (ms)
2026-07-10 03:17:44,401 [INFO] Pass: RemoveDiagonalGatesBeforeMeasure - 0.00620 (ms)
2026-07-10 03:17:44,401 [INFO] Pass: RemoveIdentityEquivalent - 0.00477 (ms)
2026-07-10 03:17:44,401 [INFO] Pass: InverseCancellation - 0.01335 (ms)
2026-07-10 03:17:44,401 [INFO] Pass: ContractIdleWiresInControlFlow - 0.00191 (ms)
2026-07-10 03:17:44,401 [INFO] Pass: CommutativeCancellation - 0.02408 (ms)
2026-07-10 03:17:44,401 [INFO] Pass: ConsolidateBlocks - 0.03052 (ms)
2026-07-10 03:17:44,401 [INFO] Pass: Split2QUnitaries - 0.00310 (ms)
2026-07-10 03:17:44,401 [INFO] Pass: UnitarySynthesis - 0.00477 (ms)
2026-07-10 03:17:44,401 [INFO] Pass: HighLevelSynthesis - 0.01025 (ms)
2026-07-10 03:17:44,402 [INFO] Pass: BasisTranslator - 0.05984 (ms)
2026-07-10 03:17:44,402 [INFO] Pass: ConsolidateBlocks - 0.04077 (ms)
2026-07-10 03:17:44,402 [INFO] Pass: UnitarySynthesis - 0.00453 (ms)
2026-07-10 03:17:44,402 [INFO] Pass: Depth - 0.00906 (ms)
2026-07-10 03:17:44,402 [INFO] Pass: FixedPoint - 0.00453 (ms)
2026-07-10 03:17:44,402 [INFO] Pass: Size - 0.00334 (ms)
2026-07-10 03:17:44,402 [INFO] Pass: FixedPoint - 0.00286 (ms)
2026-07-10 03:17:44,402 [INFO] Pass: RemoveIdentityEquivalent - 0.00453 (ms)
2026-07-10 03:17:44,402 [INFO] Pass: Optimize1qGatesDecomposition - 0.09894 (ms)
2026-07-10 03:17:44,402 [INFO] Pass: CommutativeCancellation - 0.04506 (ms)
2026-07-10 03:17:44,402 [INFO] Pass: ContractIdleWiresInControlFlow - 0.00167 (ms)
2026-07-10 03:17:44,402 [INFO] Pass: GatesInBasis - 0.00787 (ms)
2026-07-10 03:17:44,402 [INFO] Pass: Depth - 0.00811 (ms)
2026-07-10 03:17:44,402 [INFO] Pass: FixedPoint - 0.00381 (ms)
2026-07-10 03:17:44,402 [INFO] Pass: Size - 0.00215 (ms)
2026-07-10 03:17:44,402 [INFO] Pass: FixedPoint - 0.00286 (ms)
2026-07-10 03:17:44,402 [INFO] Pass: RemoveIdentityEquivalent - 0.00358 (ms)
2026-07-10 03:17:44,402 [INFO] Pass: Optimize1qGatesDecomposition - 0.07653 (ms)
2026-07-10 03:17:44,402 [INFO] Pass: CommutativeCancellation - 0.03862 (ms)
2026-07-10 03:17:44,402 [INFO] Pass: ContractIdleWiresInControlFlow - 0.00167 (ms)
2026-07-10 03:17:44,402 [INFO] Pass: GatesInBasis - 0.00644 (ms)
2026-07-10 03:17:44,402 [INFO] Pass: Depth - 0.00668 (ms)
2026-07-10 03:17:44,402 [INFO] Pass: FixedPoint - 0.00334 (ms)
2026-07-10 03:17:44,402 [INFO] Pass: Size - 0.00167 (ms)
2026-07-10 03:17:44,403 [INFO] Pass: FixedPoint - 0.00238 (ms)
2026-07-10 03:17:44,403 [INFO] Pass: ContainsInstruction - 0.00548 (ms)
2026-07-10 03:17:44,403 [INFO] Total Transpile Time - 90.57450 (ms)
2026-07-10 03:17:54,203 [INFO] [PCE] n=20 instancia 3/40 completada en 0:00:00:10 — transcurrido=0:00:00:29 restante_estimado=0:00:05:59
2026-07-10 03:17:54,295 [INFO] Pass: ContainsInstruction - 0.01168 (ms)
2026-07-10 03:17:54,295 [INFO] Pass: UnitarySynthesis - 0.00691 (ms)
2026-07-10 03:17:54,295 [INFO] Pass: HighLevelSynthesis - 0.00501 (ms)
2026-07-10 03:17:54,296 [INFO] Pass: BasisTranslator - 0.06104 (ms)
2026-07-10 03:17:54,296 [INFO] Pass: ElidePermutations - 0.00477 (ms)
2026-07-10 03:17:54,296 [INFO] Pass: RemoveDiagonalGatesBeforeMeasure - 0.01383 (ms)
2026-07-10 03:17:54,296 [INFO] Pass: RemoveIdentityEquivalent - 0.00334 (ms)
2026-07-10 03:17:54,296 [INFO] Pass: InverseCancellation - 0.00525 (ms)
2026-07-10 03:17:54,296 [INFO] Pass: ContractIdleWiresInControlFlow - 0.00191 (ms)
2026-07-10 03:17:54,296 [INFO] Pass: CommutativeCancellation - 0.02027 (ms)
2026-07-10 03:17:54,296 [INFO] Pass: ConsolidateBlocks - 0.03219 (ms)
2026-07-10 03:17:54,296 [INFO] Pass: Split2QUnitaries - 0.00286 (ms)
2026-07-10 03:17:54,296 [INFO] Pass: UnitarySynthesis - 0.00501 (ms)
2026-07-10 03:17:54,296 [INFO] Pass: HighLevelSynthesis - 0.00906 (ms)
2026-07-10 03:17:54,296 [INFO] Pass: BasisTranslator - 0.05150 (ms)
2026-07-10 03:17:54,296 [INFO] Pass: ConsolidateBlocks - 0.03982 (ms)
2026-07-10 03:17:54,296 [INFO] Pass: UnitarySynthesis - 0.00405 (ms)
2026-07-10 03:17:54,296 [INFO] Pass: Depth - 0.00763 (ms)
2026-07-10 03:17:54,296 [INFO] Pass: FixedPoint - 0.00453 (ms)
2026-07-10 03:17:54,296 [INFO] Pass: Size - 0.00334 (ms)
2026-07-10 03:17:54,296 [INFO] Pass: FixedPoint - 0.00286 (ms)
2026-07-10 03:17:54,296 [INFO] Pass: RemoveIdentityEquivalent - 0.00286 (ms)
2026-07-10 03:17:54,296 [INFO] Pass: Optimize1qGatesDecomposition - 0.02623 (ms)
2026-07-10 03:17:54,296 [INFO] Pass: CommutativeCancellation - 0.04220 (ms)
2026-07-10 03:17:54,296 [INFO] Pass: ContractIdleWiresInControlFlow - 0.00215 (ms)
2026-07-10 03:17:54,296 [INFO] Pass: GatesInBasis - 0.00834 (ms)
2026-07-10 03:17:54,296 [INFO] Pass: Depth - 0.00596 (ms)
2026-07-10 03:17:54,296 [INFO] Pass: FixedPoint - 0.00358 (ms)
2026-07-10 03:17:54,296 [INFO] Pass: Size - 0.00191 (ms)
2026-07-10 03:17:54,296 [INFO] Pass: FixedPoint - 0.00262 (ms)
2026-07-10 03:17:54,296 [INFO] Pass: ContainsInstruction - 0.00525 (ms)
2026-07-10 03:17:54,297 [INFO] Total Transpile Time - 91.25996 (ms)
2026-07-10 03:17:54,384 [INFO] Pass: ContainsInstruction - 0.01049 (ms)
2026-07-10 03:17:54,384 [INFO] Pass: UnitarySynthesis - 0.00644 (ms)
2026-07-10 03:17:54,384 [INFO] Pass: HighLevelSynthesis - 0.00477 (ms)
2026-07-10 03:17:54,385 [INFO] Pass: BasisTranslator - 0.05794 (ms)
2026-07-10 03:17:54,385 [INFO] Pass: ElidePermutations - 0.00548 (ms)
2026-07-10 03:17:54,385 [INFO] Pass: RemoveDiagonalGatesBeforeMeasure - 0.00620 (ms)
2026-07-10 03:17:54,385 [INFO] Pass: RemoveIdentityEquivalent - 0.00548 (ms)
2026-07-10 03:17:54,385 [INFO] Pass: InverseCancellation - 0.01311 (ms)
2026-07-10 03:17:54,385 [INFO] Pass: ContractIdleWiresInControlFlow - 0.00215 (ms)
2026-07-10 03:17:54,385 [INFO] Pass: CommutativeCancellation - 0.02789 (ms)
2026-07-10 03:17:54,385 [INFO] Pass: ConsolidateBlocks - 0.03147 (ms)
2026-07-10 03:17:54,385 [INFO] Pass: Split2QUnitaries - 0.00238 (ms)
2026-07-10 03:17:54,385 [INFO] Pass: UnitarySynthesis - 0.00525 (ms)
2026-07-10 03:17:54,385 [INFO] Pass: HighLevelSynthesis - 0.00834 (ms)
2026-07-10 03:17:54,385 [INFO] Pass: BasisTranslator - 0.05031 (ms)
2026-07-10 03:17:54,385 [INFO] Pass: ConsolidateBlocks - 0.03982 (ms)
2026-07-10 03:17:54,385 [INFO] Pass: UnitarySynthesis - 0.00405 (ms)
2026-07-10 03:17:54,385 [INFO] Pass: Depth - 0.00834 (ms)
2026-07-10 03:17:54,385 [INFO] Pass: FixedPoint - 0.00405 (ms)
2026-07-10 03:17:54,385 [INFO] Pass: Size - 0.00310 (ms)
2026-07-10 03:17:54,385 [INFO] Pass: FixedPoint - 0.00262 (ms)
2026-07-10 03:17:54,385 [INFO] Pass: RemoveIdentityEquivalent - 0.00381 (ms)
2026-07-10 03:17:54,385 [INFO] Pass: Optimize1qGatesDecomposition - 0.09036 (ms)
2026-07-10 03:17:54,385 [INFO] Pass: CommutativeCancellation - 0.04935 (ms)
2026-07-10 03:17:54,385 [INFO] Pass: ContractIdleWiresInControlFlow - 0.00167 (ms)
2026-07-10 03:17:54,385 [INFO] Pass: GatesInBasis - 0.00811 (ms)
2026-07-10 03:17:54,385 [INFO] Pass: Depth - 0.00715 (ms)
2026-07-10 03:17:54,386 [INFO] Pass: FixedPoint - 0.00405 (ms)
2026-07-10 03:17:54,386 [INFO] Pass: Size - 0.00215 (ms)
2026-07-10 03:17:54,386 [INFO] Pass: FixedPoint - 0.00286 (ms)
2026-07-10 03:17:54,386 [INFO] Pass: ContainsInstruction - 0.00501 (ms)
2026-07-10 03:17:54,386 [INFO] Total Transpile Time - 88.67288 (ms)
2026-07-10 03:17:54,474 [INFO] Pass: ContainsInstruction - 0.01073 (ms)
2026-07-10 03:17:54,474 [INFO] Pass: UnitarySynthesis - 0.00715 (ms)
2026-07-10 03:17:54,474 [INFO] Pass: HighLevelSynthesis - 0.00477 (ms)
2026-07-10 03:17:54,474 [INFO] Pass: BasisTranslator - 0.05722 (ms)
2026-07-10 03:17:54,474 [INFO] Pass: ElidePermutations - 0.00501 (ms)
2026-07-10 03:17:54,474 [INFO] Pass: RemoveDiagonalGatesBeforeMeasure - 0.00548 (ms)
2026-07-10 03:17:54,474 [INFO] Pass: RemoveIdentityEquivalent - 0.00525 (ms)
2026-07-10 03:17:54,474 [INFO] Pass: InverseCancellation - 0.01335 (ms)
2026-07-10 03:17:54,474 [INFO] Pass: ContractIdleWiresInControlFlow - 0.00238 (ms)
2026-07-10 03:17:54,475 [INFO] Pass: CommutativeCancellation - 0.02623 (ms)
2026-07-10 03:17:54,475 [INFO] Pass: ConsolidateBlocks - 0.03886 (ms)
2026-07-10 03:17:54,475 [INFO] Pass: Split2QUnitaries - 0.00334 (ms)
2026-07-10 03:17:54,475 [INFO] Pass: UnitarySynthesis - 0.00525 (ms)
2026-07-10 03:17:54,475 [INFO] Pass: HighLevelSynthesis - 0.00954 (ms)
2026-07-10 03:17:54,475 [INFO] Pass: BasisTranslator - 0.05102 (ms)
2026-07-10 03:17:54,475 [INFO] Pass: ConsolidateBlocks - 0.03958 (ms)
2026-07-10 03:17:54,475 [INFO] Pass: UnitarySynthesis - 0.00477 (ms)
2026-07-10 03:17:54,475 [INFO] Pass: Depth - 0.00882 (ms)
2026-07-10 03:17:54,475 [INFO] Pass: FixedPoint - 0.00429 (ms)
2026-07-10 03:17:54,475 [INFO] Pass: Size - 0.00334 (ms)
2026-07-10 03:17:54,475 [INFO] Pass: FixedPoint - 0.00262 (ms)
2026-07-10 03:17:54,475 [INFO] Pass: RemoveIdentityEquivalent - 0.00477 (ms)
2026-07-10 03:17:54,475 [INFO] Pass: Optimize1qGatesDecomposition - 0.09704 (ms)
2026-07-10 03:17:54,475 [INFO] Pass: CommutativeCancellation - 0.04530 (ms)
2026-07-10 03:17:54,475 [INFO] Pass: ContractIdleWiresInControlFlow - 0.00191 (ms)
2026-07-10 03:17:54,475 [INFO] Pass: GatesInBasis - 0.00834 (ms)
2026-07-10 03:17:54,475 [INFO] Pass: Depth - 0.00811 (ms)
2026-07-10 03:17:54,475 [INFO] Pass: FixedPoint - 0.00358 (ms)
2026-07-10 03:17:54,475 [INFO] Pass: Size - 0.00167 (ms)
2026-07-10 03:17:54,475 [INFO] Pass: FixedPoint - 0.00310 (ms)
2026-07-10 03:17:54,475 [INFO] Pass: RemoveIdentityEquivalent - 0.00453 (ms)
2026-07-10 03:17:54,475 [INFO] Pass: Optimize1qGatesDecomposition - 0.07606 (ms)
2026-07-10 03:17:54,476 [INFO] Pass: CommutativeCancellation - 0.03719 (ms)
2026-07-10 03:17:54,476 [INFO] Pass: ContractIdleWiresInControlFlow - 0.00191 (ms)
2026-07-10 03:17:54,476 [INFO] Pass: GatesInBasis - 0.00644 (ms)
2026-07-10 03:17:54,476 [INFO] Pass: Depth - 0.00691 (ms)
2026-07-10 03:17:54,476 [INFO] Pass: FixedPoint - 0.00334 (ms)
2026-07-10 03:17:54,476 [INFO] Pass: Size - 0.00215 (ms)
2026-07-10 03:17:54,476 [INFO] Pass: FixedPoint - 0.00262 (ms)
2026-07-10 03:17:54,476 [INFO] Pass: ContainsInstruction - 0.00525 (ms)
2026-07-10 03:17:54,476 [INFO] Total Transpile Time - 89.74743 (ms)
2026-07-10 03:18:02,733 [INFO] [PCE] n=20 instancia 4/40 completada en 0:00:00:09 — transcurrido=0:00:00:38 restante_estimado=0:00:05:39
2026-07-10 03:18:02,824 [INFO] Pass: ContainsInstruction - 0.01192 (ms)
2026-07-10 03:18:02,824 [INFO] Pass: UnitarySynthesis - 0.00739 (ms)
2026-07-10 03:18:02,824 [INFO] Pass: HighLevelSynthesis - 0.00477 (ms)
2026-07-10 03:18:02,824 [INFO] Pass: BasisTranslator - 0.06485 (ms)
2026-07-10 03:18:02,824 [INFO] Pass: ElidePermutations - 0.00501 (ms)
2026-07-10 03:18:02,824 [INFO] Pass: RemoveDiagonalGatesBeforeMeasure - 0.00620 (ms)
2026-07-10 03:18:02,824 [INFO] Pass: RemoveIdentityEquivalent - 0.00381 (ms)
2026-07-10 03:18:02,824 [INFO] Pass: InverseCancellation - 0.00548 (ms)
2026-07-10 03:18:02,824 [INFO] Pass: ContractIdleWiresInControlFlow - 0.00238 (ms)
2026-07-10 03:18:02,824 [INFO] Pass: CommutativeCancellation - 0.02098 (ms)
2026-07-10 03:18:02,824 [INFO] Pass: ConsolidateBlocks - 0.03171 (ms)
2026-07-10 03:18:02,824 [INFO] Pass: Split2QUnitaries - 0.00262 (ms)
2026-07-10 03:18:02,824 [INFO] Pass: UnitarySynthesis - 0.00477 (ms)
2026-07-10 03:18:02,825 [INFO] Pass: HighLevelSynthesis - 0.00858 (ms)
2026-07-10 03:18:02,825 [INFO] Pass: BasisTranslator - 0.06151 (ms)
2026-07-10 03:18:02,825 [INFO] Pass: ConsolidateBlocks - 0.03982 (ms)
2026-07-10 03:18:02,825 [INFO] Pass: UnitarySynthesis - 0.00453 (ms)
2026-07-10 03:18:02,825 [INFO] Pass: Depth - 0.00787 (ms)
2026-07-10 03:18:02,825 [INFO] Pass: FixedPoint - 0.00501 (ms)
2026-07-10 03:18:02,825 [INFO] Pass: Size - 0.00381 (ms)
2026-07-10 03:18:02,825 [INFO] Pass: FixedPoint - 0.00310 (ms)
2026-07-10 03:18:02,825 [INFO] Pass: RemoveIdentityEquivalent - 0.00286 (ms)
2026-07-10 03:18:02,825 [INFO] Pass: Optimize1qGatesDecomposition - 0.02789 (ms)
2026-07-10 03:18:02,825 [INFO] Pass: CommutativeCancellation - 0.04172 (ms)
2026-07-10 03:18:02,825 [INFO] Pass: ContractIdleWiresInControlFlow - 0.00167 (ms)
2026-07-10 03:18:02,825 [INFO] Pass: GatesInBasis - 0.00811 (ms)
2026-07-10 03:18:02,825 [INFO] Pass: Depth - 0.00668 (ms)
2026-07-10 03:18:02,825 [INFO] Pass: FixedPoint - 0.00358 (ms)
2026-07-10 03:18:02,825 [INFO] Pass: Size - 0.00167 (ms)
2026-07-10 03:18:02,825 [INFO] Pass: FixedPoint - 0.00286 (ms)
2026-07-10 03:18:02,825 [INFO] Pass: ContainsInstruction - 0.00477 (ms)
2026-07-10 03:18:02,825 [INFO] Total Transpile Time - 90.90519 (ms)
2026-07-10 03:18:02,913 [INFO] Pass: ContainsInstruction - 0.01073 (ms)
2026-07-10 03:18:02,913 [INFO] Pass: UnitarySynthesis - 0.00691 (ms)
2026-07-10 03:18:02,913 [INFO] Pass: HighLevelSynthesis - 0.00477 (ms)
2026-07-10 03:18:02,913 [INFO] Pass: BasisTranslator - 0.05746 (ms)
2026-07-10 03:18:02,913 [INFO] Pass: ElidePermutations - 0.00477 (ms)
2026-07-10 03:18:02,913 [INFO] Pass: RemoveDiagonalGatesBeforeMeasure - 0.00572 (ms)
2026-07-10 03:18:02,913 [INFO] Pass: RemoveIdentityEquivalent - 0.00429 (ms)
2026-07-10 03:18:02,913 [INFO] Pass: InverseCancellation - 0.01216 (ms)
2026-07-10 03:18:02,914 [INFO] Pass: ContractIdleWiresInControlFlow - 0.00191 (ms)
2026-07-10 03:18:02,914 [INFO] Pass: CommutativeCancellation - 0.02575 (ms)
2026-07-10 03:18:02,914 [INFO] Pass: ConsolidateBlocks - 0.03076 (ms)
2026-07-10 03:18:02,914 [INFO] Pass: Split2QUnitaries - 0.00286 (ms)
2026-07-10 03:18:02,914 [INFO] Pass: UnitarySynthesis - 0.00501 (ms)
2026-07-10 03:18:02,914 [INFO] Pass: HighLevelSynthesis - 0.00906 (ms)
2026-07-10 03:18:02,914 [INFO] Pass: BasisTranslator - 0.05388 (ms)
2026-07-10 03:18:02,914 [INFO] Pass: ConsolidateBlocks - 0.03886 (ms)
2026-07-10 03:18:02,914 [INFO] Pass: UnitarySynthesis - 0.00405 (ms)
2026-07-10 03:18:02,914 [INFO] Pass: Depth - 0.00858 (ms)
2026-07-10 03:18:02,914 [INFO] Pass: FixedPoint - 0.00453 (ms)
2026-07-10 03:18:02,914 [INFO] Pass: Size - 0.00286 (ms)
2026-07-10 03:18:02,914 [INFO] Pass: FixedPoint - 0.00286 (ms)
2026-07-10 03:18:02,914 [INFO] Pass: RemoveIdentityEquivalent - 0.00358 (ms)
2026-07-10 03:18:02,914 [INFO] Pass: Optimize1qGatesDecomposition - 0.09370 (ms)
2026-07-10 03:18:02,914 [INFO] Pass: CommutativeCancellation - 0.04888 (ms)
2026-07-10 03:18:02,914 [INFO] Pass: ContractIdleWiresInControlFlow - 0.00167 (ms)
2026-07-10 03:18:02,914 [INFO] Pass: GatesInBasis - 0.00787 (ms)
2026-07-10 03:18:02,914 [INFO] Pass: Depth - 0.00787 (ms)
2026-07-10 03:18:02,914 [INFO] Pass: FixedPoint - 0.00381 (ms)
2026-07-10 03:18:02,914 [INFO] Pass: Size - 0.00215 (ms)
2026-07-10 03:18:02,914 [INFO] Pass: FixedPoint - 0.00286 (ms)
2026-07-10 03:18:02,914 [INFO] Pass: ContainsInstruction - 0.00453 (ms)
2026-07-10 03:18:02,915 [INFO] Total Transpile Time - 88.77563 (ms)
2026-07-10 03:18:03,005 [INFO] Pass: ContainsInstruction - 0.01121 (ms)
2026-07-10 03:18:03,005 [INFO] Pass: UnitarySynthesis - 0.00715 (ms)
2026-07-10 03:18:03,005 [INFO] Pass: HighLevelSynthesis - 0.00501 (ms)
2026-07-10 03:18:03,005 [INFO] Pass: BasisTranslator - 0.05889 (ms)
2026-07-10 03:18:03,005 [INFO] Pass: ElidePermutations - 0.00501 (ms)
2026-07-10 03:18:03,005 [INFO] Pass: RemoveDiagonalGatesBeforeMeasure - 0.00668 (ms)
2026-07-10 03:18:03,005 [INFO] Pass: RemoveIdentityEquivalent - 0.00596 (ms)
2026-07-10 03:18:03,005 [INFO] Pass: InverseCancellation - 0.01287 (ms)
2026-07-10 03:18:03,005 [INFO] Pass: ContractIdleWiresInControlFlow - 0.00238 (ms)
2026-07-10 03:18:03,005 [INFO] Pass: CommutativeCancellation - 0.02503 (ms)
2026-07-10 03:18:03,005 [INFO] Pass: ConsolidateBlocks - 0.03123 (ms)
2026-07-10 03:18:03,005 [INFO] Pass: Split2QUnitaries - 0.00310 (ms)
2026-07-10 03:18:03,005 [INFO] Pass: UnitarySynthesis - 0.00525 (ms)
2026-07-10 03:18:03,005 [INFO] Pass: HighLevelSynthesis - 0.01025 (ms)
2026-07-10 03:18:03,005 [INFO] Pass: BasisTranslator - 0.05150 (ms)
2026-07-10 03:18:03,005 [INFO] Pass: ConsolidateBlocks - 0.03910 (ms)
2026-07-10 03:18:03,005 [INFO] Pass: UnitarySynthesis - 0.00405 (ms)
2026-07-10 03:18:03,005 [INFO] Pass: Depth - 0.00906 (ms)
2026-07-10 03:18:03,005 [INFO] Pass: FixedPoint - 0.00525 (ms)
2026-07-10 03:18:03,005 [INFO] Pass: Size - 0.00286 (ms)
2026-07-10 03:18:03,005 [INFO] Pass: FixedPoint - 0.00286 (ms)
2026-07-10 03:18:03,005 [INFO] Pass: RemoveIdentityEquivalent - 0.00381 (ms)
2026-07-10 03:18:03,006 [INFO] Pass: Optimize1qGatesDecomposition - 0.09727 (ms)
2026-07-10 03:18:03,006 [INFO] Pass: CommutativeCancellation - 0.04482 (ms)
2026-07-10 03:18:03,006 [INFO] Pass: ContractIdleWiresInControlFlow - 0.00191 (ms)
2026-07-10 03:18:03,006 [INFO] Pass: GatesInBasis - 0.00858 (ms)
2026-07-10 03:18:03,006 [INFO] Pass: Depth - 0.00858 (ms)
2026-07-10 03:18:03,006 [INFO] Pass: FixedPoint - 0.00358 (ms)
2026-07-10 03:18:03,006 [INFO] Pass: Size - 0.00215 (ms)
2026-07-10 03:18:03,006 [INFO] Pass: FixedPoint - 0.00286 (ms)
2026-07-10 03:18:03,006 [INFO] Pass: RemoveIdentityEquivalent - 0.00429 (ms)
2026-07-10 03:18:03,006 [INFO] Pass: Optimize1qGatesDecomposition - 0.07582 (ms)
2026-07-10 03:18:03,006 [INFO] Pass: CommutativeCancellation - 0.03672 (ms)
2026-07-10 03:18:03,006 [INFO] Pass: ContractIdleWiresInControlFlow - 0.00167 (ms)
2026-07-10 03:18:03,006 [INFO] Pass: GatesInBasis - 0.00572 (ms)
2026-07-10 03:18:03,006 [INFO] Pass: Depth - 0.00668 (ms)
2026-07-10 03:18:03,006 [INFO] Pass: FixedPoint - 0.00310 (ms)
2026-07-10 03:18:03,006 [INFO] Pass: Size - 0.00215 (ms)
2026-07-10 03:18:03,006 [INFO] Pass: FixedPoint - 0.00310 (ms)
2026-07-10 03:18:03,006 [INFO] Pass: ContainsInstruction - 0.00548 (ms)
2026-07-10 03:18:03,006 [INFO] Total Transpile Time - 91.35699 (ms)
2026-07-10 03:18:11,666 [INFO] [PCE] n=20 instancia 5/40 completada en 0:00:00:09 — transcurrido=0:00:00:47 restante_estimado=0:00:05:26
2026-07-10 03:18:11,758 [INFO] Pass: ContainsInstruction - 0.01192 (ms)
2026-07-10 03:18:11,759 [INFO] Pass: UnitarySynthesis - 0.00668 (ms)
2026-07-10 03:18:11,759 [INFO] Pass: HighLevelSynthesis - 0.00525 (ms)
2026-07-10 03:18:11,759 [INFO] Pass: BasisTranslator - 0.06199 (ms)
2026-07-10 03:18:11,759 [INFO] Pass: ElidePermutations - 0.00525 (ms)
2026-07-10 03:18:11,759 [INFO] Pass: RemoveDiagonalGatesBeforeMeasure - 0.00620 (ms)
2026-07-10 03:18:11,759 [INFO] Pass: RemoveIdentityEquivalent - 0.00381 (ms)
2026-07-10 03:18:11,759 [INFO] Pass: InverseCancellation - 0.00453 (ms)
2026-07-10 03:18:11,759 [INFO] Pass: ContractIdleWiresInControlFlow - 0.00215 (ms)
2026-07-10 03:18:11,759 [INFO] Pass: CommutativeCancellation - 0.02098 (ms)
2026-07-10 03:18:11,759 [INFO] Pass: ConsolidateBlocks - 0.03123 (ms)
2026-07-10 03:18:11,759 [INFO] Pass: Split2QUnitaries - 0.00310 (ms)
2026-07-10 03:18:11,759 [INFO] Pass: UnitarySynthesis - 0.00477 (ms)
2026-07-10 03:18:11,759 [INFO] Pass: HighLevelSynthesis - 0.00811 (ms)
2026-07-10 03:18:11,759 [INFO] Pass: BasisTranslator - 0.05245 (ms)
2026-07-10 03:18:11,759 [INFO] Pass: ConsolidateBlocks - 0.03934 (ms)
2026-07-10 03:18:11,759 [INFO] Pass: UnitarySynthesis - 0.00405 (ms)
2026-07-10 03:18:11,759 [INFO] Pass: Depth - 0.00787 (ms)
2026-07-10 03:18:11,759 [INFO] Pass: FixedPoint - 0.00477 (ms)
2026-07-10 03:18:11,759 [INFO] Pass: Size - 0.00310 (ms)
2026-07-10 03:18:11,759 [INFO] Pass: FixedPoint - 0.00286 (ms)
2026-07-10 03:18:11,759 [INFO] Pass: RemoveIdentityEquivalent - 0.00262 (ms)
2026-07-10 03:18:11,759 [INFO] Pass: Optimize1qGatesDecomposition - 0.02766 (ms)
2026-07-10 03:18:11,759 [INFO] Pass: CommutativeCancellation - 0.04172 (ms)
2026-07-10 03:18:11,759 [INFO] Pass: ContractIdleWiresInControlFlow - 0.00167 (ms)
2026-07-10 03:18:11,760 [INFO] Pass: GatesInBasis - 0.00787 (ms)
2026-07-10 03:18:11,760 [INFO] Pass: Depth - 0.00620 (ms)
2026-07-10 03:18:11,760 [INFO] Pass: FixedPoint - 0.00358 (ms)
2026-07-10 03:18:11,760 [INFO] Pass: Size - 0.00191 (ms)
2026-07-10 03:18:11,760 [INFO] Pass: FixedPoint - 0.00286 (ms)
2026-07-10 03:18:11,760 [INFO] Pass: ContainsInstruction - 0.00429 (ms)
2026-07-10 03:18:11,760 [INFO] Total Transpile Time - 91.92586 (ms)
2026-07-10 03:18:11,847 [INFO] Pass: ContainsInstruction - 0.01025 (ms)
2026-07-10 03:18:11,847 [INFO] Pass: UnitarySynthesis - 0.00668 (ms)
2026-07-10 03:18:11,847 [INFO] Pass: HighLevelSynthesis - 0.00453 (ms)
2026-07-10 03:18:11,847 [INFO] Pass: BasisTranslator - 0.05507 (ms)
2026-07-10 03:18:11,847 [INFO] Pass: ElidePermutations - 0.00501 (ms)
2026-07-10 03:18:11,847 [INFO] Pass: RemoveDiagonalGatesBeforeMeasure - 0.00572 (ms)
2026-07-10 03:18:11,847 [INFO] Pass: RemoveIdentityEquivalent - 0.00453 (ms)
2026-07-10 03:18:11,847 [INFO] Pass: InverseCancellation - 0.01216 (ms)
2026-07-10 03:18:11,847 [INFO] Pass: ContractIdleWiresInControlFlow - 0.00215 (ms)
2026-07-10 03:18:11,848 [INFO] Pass: CommutativeCancellation - 0.02670 (ms)
2026-07-10 03:18:11,848 [INFO] Pass: ConsolidateBlocks - 0.03004 (ms)
2026-07-10 03:18:11,848 [INFO] Pass: Split2QUnitaries - 0.00310 (ms)
2026-07-10 03:18:11,848 [INFO] Pass: UnitarySynthesis - 0.00477 (ms)
2026-07-10 03:18:11,848 [INFO] Pass: HighLevelSynthesis - 0.00858 (ms)
2026-07-10 03:18:11,848 [INFO] Pass: BasisTranslator - 0.05078 (ms)
2026-07-10 03:18:11,848 [INFO] Pass: ConsolidateBlocks - 0.03815 (ms)
2026-07-10 03:18:11,848 [INFO] Pass: UnitarySynthesis - 0.00405 (ms)
2026-07-10 03:18:11,848 [INFO] Pass: Depth - 0.00858 (ms)
2026-07-10 03:18:11,848 [INFO] Pass: FixedPoint - 0.00453 (ms)
2026-07-10 03:18:11,848 [INFO] Pass: Size - 0.00310 (ms)
2026-07-10 03:18:11,848 [INFO] Pass: FixedPoint - 0.00286 (ms)
2026-07-10 03:18:11,848 [INFO] Pass: RemoveIdentityEquivalent - 0.00334 (ms)
2026-07-10 03:18:11,848 [INFO] Pass: Optimize1qGatesDecomposition - 0.08583 (ms)
2026-07-10 03:18:11,848 [INFO] Pass: CommutativeCancellation - 0.04530 (ms)
2026-07-10 03:18:11,848 [INFO] Pass: ContractIdleWiresInControlFlow - 0.00167 (ms)
2026-07-10 03:18:11,848 [INFO] Pass: GatesInBasis - 0.00811 (ms)
2026-07-10 03:18:11,848 [INFO] Pass: Depth - 0.00691 (ms)
2026-07-10 03:18:11,848 [INFO] Pass: FixedPoint - 0.00358 (ms)
2026-07-10 03:18:11,848 [INFO] Pass: Size - 0.00167 (ms)
2026-07-10 03:18:11,848 [INFO] Pass: FixedPoint - 0.00262 (ms)
2026-07-10 03:18:11,848 [INFO] Pass: ContainsInstruction - 0.00501 (ms)
2026-07-10 03:18:11,849 [INFO] Total Transpile Time - 88.30476 (ms)
2026-07-10 03:18:11,937 [INFO] Pass: ContainsInstruction - 0.01001 (ms)
2026-07-10 03:18:11,937 [INFO] Pass: UnitarySynthesis - 0.00691 (ms)
2026-07-10 03:18:11,937 [INFO] Pass: HighLevelSynthesis - 0.00453 (ms)
2026-07-10 03:18:11,937 [INFO] Pass: BasisTranslator - 0.05603 (ms)
2026-07-10 03:18:11,937 [INFO] Pass: ElidePermutations - 0.00477 (ms)
2026-07-10 03:18:11,937 [INFO] Pass: RemoveDiagonalGatesBeforeMeasure - 0.00525 (ms)
2026-07-10 03:18:11,937 [INFO] Pass: RemoveIdentityEquivalent - 0.00501 (ms)
2026-07-10 03:18:11,937 [INFO] Pass: InverseCancellation - 0.01287 (ms)
2026-07-10 03:18:11,937 [INFO] Pass: ContractIdleWiresInControlFlow - 0.00191 (ms)
2026-07-10 03:18:11,937 [INFO] Pass: CommutativeCancellation - 0.02193 (ms)
2026-07-10 03:18:11,937 [INFO] Pass: ConsolidateBlocks - 0.02980 (ms)
2026-07-10 03:18:11,937 [INFO] Pass: Split2QUnitaries - 0.00286 (ms)
2026-07-10 03:18:11,937 [INFO] Pass: UnitarySynthesis - 0.00477 (ms)
2026-07-10 03:18:11,937 [INFO] Pass: HighLevelSynthesis - 0.00954 (ms)
2026-07-10 03:18:11,937 [INFO] Pass: BasisTranslator - 0.05126 (ms)
2026-07-10 03:18:11,937 [INFO] Pass: ConsolidateBlocks - 0.03862 (ms)
2026-07-10 03:18:11,937 [INFO] Pass: UnitarySynthesis - 0.00405 (ms)
2026-07-10 03:18:11,937 [INFO] Pass: Depth - 0.00858 (ms)
2026-07-10 03:18:11,937 [INFO] Pass: FixedPoint - 0.00405 (ms)
2026-07-10 03:18:11,937 [INFO] Pass: Size - 0.00286 (ms)
2026-07-10 03:18:11,937 [INFO] Pass: FixedPoint - 0.00262 (ms)
2026-07-10 03:18:11,937 [INFO] Pass: RemoveIdentityEquivalent - 0.00358 (ms)
2026-07-10 03:18:11,938 [INFO] Pass: Optimize1qGatesDecomposition - 0.10324 (ms)
2026-07-10 03:18:11,938 [INFO] Pass: CommutativeCancellation - 0.04315 (ms)
2026-07-10 03:18:11,938 [INFO] Pass: ContractIdleWiresInControlFlow - 0.00215 (ms)
2026-07-10 03:18:11,938 [INFO] Pass: GatesInBasis - 0.00834 (ms)
2026-07-10 03:18:11,938 [INFO] Pass: Depth - 0.00811 (ms)
2026-07-10 03:18:11,938 [INFO] Pass: FixedPoint - 0.00405 (ms)
2026-07-10 03:18:11,938 [INFO] Pass: Size - 0.00215 (ms)
2026-07-10 03:18:11,938 [INFO] Pass: FixedPoint - 0.00262 (ms)
2026-07-10 03:18:11,938 [INFO] Pass: RemoveIdentityEquivalent - 0.00381 (ms)
2026-07-10 03:18:11,938 [INFO] Pass: Optimize1qGatesDecomposition - 0.07606 (ms)
2026-07-10 03:18:11,938 [INFO] Pass: CommutativeCancellation - 0.03767 (ms)
2026-07-10 03:18:11,938 [INFO] Pass: ContractIdleWiresInControlFlow - 0.00191 (ms)
2026-07-10 03:18:11,938 [INFO] Pass: GatesInBasis - 0.00620 (ms)
2026-07-10 03:18:11,938 [INFO] Pass: Depth - 0.00691 (ms)
2026-07-10 03:18:11,938 [INFO] Pass: FixedPoint - 0.00286 (ms)
2026-07-10 03:18:11,938 [INFO] Pass: Size - 0.00167 (ms)
2026-07-10 03:18:11,938 [INFO] Pass: FixedPoint - 0.00238 (ms)
2026-07-10 03:18:11,938 [INFO] Pass: ContainsInstruction - 0.00525 (ms)
2026-07-10 03:18:11,938 [INFO] Total Transpile Time - 89.42652 (ms)
2026-07-10 03:18:22,121 [INFO] [PCE] n=20 instancia 6/40 completada en 0:00:00:10 — transcurrido=0:00:00:57 restante_estimado=0:00:05:23
2026-07-10 03:18:22,212 [INFO] Pass: ContainsInstruction - 0.01097 (ms)
2026-07-10 03:18:22,212 [INFO] Pass: UnitarySynthesis - 0.00620 (ms)
2026-07-10 03:18:22,212 [INFO] Pass: HighLevelSynthesis - 0.00548 (ms)
2026-07-10 03:18:22,212 [INFO] Pass: BasisTranslator - 0.05984 (ms)
2026-07-10 03:18:22,212 [INFO] Pass: ElidePermutations - 0.00477 (ms)
2026-07-10 03:18:22,212 [INFO] Pass: RemoveDiagonalGatesBeforeMeasure - 0.00644 (ms)
2026-07-10 03:18:22,212 [INFO] Pass: RemoveIdentityEquivalent - 0.00334 (ms)
2026-07-10 03:18:22,212 [INFO] Pass: InverseCancellation - 0.00477 (ms)
2026-07-10 03:18:22,212 [INFO] Pass: ContractIdleWiresInControlFlow - 0.00238 (ms)
2026-07-10 03:18:22,212 [INFO] Pass: CommutativeCancellation - 0.02146 (ms)
2026-07-10 03:18:22,212 [INFO] Pass: ConsolidateBlocks - 0.03171 (ms)
2026-07-10 03:18:22,212 [INFO] Pass: Split2QUnitaries - 0.00334 (ms)
2026-07-10 03:18:22,212 [INFO] Pass: UnitarySynthesis - 0.00453 (ms)
2026-07-10 03:18:22,212 [INFO] Pass: HighLevelSynthesis - 0.00858 (ms)
2026-07-10 03:18:22,212 [INFO] Pass: BasisTranslator - 0.04983 (ms)
2026-07-10 03:18:22,212 [INFO] Pass: ConsolidateBlocks - 0.03815 (ms)
2026-07-10 03:18:22,212 [INFO] Pass: UnitarySynthesis - 0.00381 (ms)
2026-07-10 03:18:22,212 [INFO] Pass: Depth - 0.00834 (ms)
2026-07-10 03:18:22,212 [INFO] Pass: FixedPoint - 0.00453 (ms)
2026-07-10 03:18:22,212 [INFO] Pass: Size - 0.00358 (ms)
2026-07-10 03:18:22,213 [INFO] Pass: FixedPoint - 0.00310 (ms)
2026-07-10 03:18:22,213 [INFO] Pass: RemoveIdentityEquivalent - 0.00310 (ms)
2026-07-10 03:18:22,213 [INFO] Pass: Optimize1qGatesDecomposition - 0.03219 (ms)
2026-07-10 03:18:22,213 [INFO] Pass: CommutativeCancellation - 0.04053 (ms)
2026-07-10 03:18:22,213 [INFO] Pass: ContractIdleWiresInControlFlow - 0.00191 (ms)
2026-07-10 03:18:22,213 [INFO] Pass: GatesInBasis - 0.00834 (ms)
2026-07-10 03:18:22,213 [INFO] Pass: Depth - 0.00644 (ms)
2026-07-10 03:18:22,213 [INFO] Pass: FixedPoint - 0.00358 (ms)
2026-07-10 03:18:22,213 [INFO] Pass: Size - 0.00215 (ms)
2026-07-10 03:18:22,213 [INFO] Pass: FixedPoint - 0.00286 (ms)
2026-07-10 03:18:22,213 [INFO] Pass: ContainsInstruction - 0.00477 (ms)
2026-07-10 03:18:22,213 [INFO] Total Transpile Time - 90.62982 (ms)
2026-07-10 03:18:22,301 [INFO] Pass: ContainsInstruction - 0.01073 (ms)
2026-07-10 03:18:22,301 [INFO] Pass: UnitarySynthesis - 0.00668 (ms)
2026-07-10 03:18:22,301 [INFO] Pass: HighLevelSynthesis - 0.00548 (ms)
2026-07-10 03:18:22,301 [INFO] Pass: BasisTranslator - 0.05841 (ms)
2026-07-10 03:18:22,301 [INFO] Pass: ElidePermutations - 0.00548 (ms)
2026-07-10 03:18:22,301 [INFO] Pass: RemoveDiagonalGatesBeforeMeasure - 0.00644 (ms)
2026-07-10 03:18:22,301 [INFO] Pass: RemoveIdentityEquivalent - 0.00453 (ms)
2026-07-10 03:18:22,301 [INFO] Pass: InverseCancellation - 0.01311 (ms)
2026-07-10 03:18:22,301 [INFO] Pass: ContractIdleWiresInControlFlow - 0.00262 (ms)
2026-07-10 03:18:22,301 [INFO] Pass: CommutativeCancellation - 0.02718 (ms)
2026-07-10 03:18:22,302 [INFO] Pass: ConsolidateBlocks - 0.03004 (ms)
2026-07-10 03:18:22,302 [INFO] Pass: Split2QUnitaries - 0.00334 (ms)
2026-07-10 03:18:22,302 [INFO] Pass: UnitarySynthesis - 0.00572 (ms)
2026-07-10 03:18:22,302 [INFO] Pass: HighLevelSynthesis - 0.00930 (ms)
2026-07-10 03:18:22,302 [INFO] Pass: BasisTranslator - 0.05579 (ms)
2026-07-10 03:18:22,302 [INFO] Pass: ConsolidateBlocks - 0.04315 (ms)
2026-07-10 03:18:22,302 [INFO] Pass: UnitarySynthesis - 0.00453 (ms)
2026-07-10 03:18:22,302 [INFO] Pass: Depth - 0.00930 (ms)
2026-07-10 03:18:22,302 [INFO] Pass: FixedPoint - 0.00501 (ms)
2026-07-10 03:18:22,302 [INFO] Pass: Size - 0.00310 (ms)
2026-07-10 03:18:22,302 [INFO] Pass: FixedPoint - 0.00286 (ms)
2026-07-10 03:18:22,302 [INFO] Pass: RemoveIdentityEquivalent - 0.00405 (ms)
2026-07-10 03:18:22,302 [INFO] Pass: Optimize1qGatesDecomposition - 0.09584 (ms)
2026-07-10 03:18:22,302 [INFO] Pass: CommutativeCancellation - 0.05078 (ms)
2026-07-10 03:18:22,302 [INFO] Pass: ContractIdleWiresInControlFlow - 0.00191 (ms)
2026-07-10 03:18:22,302 [INFO] Pass: GatesInBasis - 0.00858 (ms)
2026-07-10 03:18:22,302 [INFO] Pass: Depth - 0.00787 (ms)
2026-07-10 03:18:22,302 [INFO] Pass: FixedPoint - 0.00381 (ms)
2026-07-10 03:18:22,302 [INFO] Pass: Size - 0.00191 (ms)
2026-07-10 03:18:22,302 [INFO] Pass: FixedPoint - 0.00286 (ms)
2026-07-10 03:18:22,302 [INFO] Pass: ContainsInstruction - 0.00525 (ms)
2026-07-10 03:18:22,302 [INFO] Total Transpile Time - 89.08844 (ms)
2026-07-10 03:18:22,392 [INFO] Pass: ContainsInstruction - 0.01049 (ms)
2026-07-10 03:18:22,392 [INFO] Pass: UnitarySynthesis - 0.00691 (ms)
2026-07-10 03:18:22,392 [INFO] Pass: HighLevelSynthesis - 0.00548 (ms)
2026-07-10 03:18:22,392 [INFO] Pass: BasisTranslator - 0.05722 (ms)
2026-07-10 03:18:22,392 [INFO] Pass: ElidePermutations - 0.00477 (ms)
2026-07-10 03:18:22,392 [INFO] Pass: RemoveDiagonalGatesBeforeMeasure - 0.00644 (ms)
2026-07-10 03:18:22,392 [INFO] Pass: RemoveIdentityEquivalent - 0.00525 (ms)
2026-07-10 03:18:22,392 [INFO] Pass: InverseCancellation - 0.01335 (ms)
2026-07-10 03:18:22,392 [INFO] Pass: ContractIdleWiresInControlFlow - 0.00238 (ms)
2026-07-10 03:18:22,392 [INFO] Pass: CommutativeCancellation - 0.02551 (ms)
2026-07-10 03:18:22,393 [INFO] Pass: ConsolidateBlocks - 0.03076 (ms)
2026-07-10 03:18:22,393 [INFO] Pass: Split2QUnitaries - 0.00334 (ms)
2026-07-10 03:18:22,393 [INFO] Pass: UnitarySynthesis - 0.00501 (ms)
2026-07-10 03:18:22,393 [INFO] Pass: HighLevelSynthesis - 0.01001 (ms)
2026-07-10 03:18:22,393 [INFO] Pass: BasisTranslator - 0.05317 (ms)
2026-07-10 03:18:22,393 [INFO] Pass: ConsolidateBlocks - 0.04077 (ms)
2026-07-10 03:18:22,393 [INFO] Pass: UnitarySynthesis - 0.00453 (ms)
2026-07-10 03:18:22,393 [INFO] Pass: Depth - 0.01025 (ms)
2026-07-10 03:18:22,393 [INFO] Pass: FixedPoint - 0.00477 (ms)
2026-07-10 03:18:22,393 [INFO] Pass: Size - 0.00310 (ms)
2026-07-10 03:18:22,393 [INFO] Pass: FixedPoint - 0.00262 (ms)
2026-07-10 03:18:22,393 [INFO] Pass: RemoveIdentityEquivalent - 0.00405 (ms)
2026-07-10 03:18:22,393 [INFO] Pass: Optimize1qGatesDecomposition - 0.09871 (ms)
2026-07-10 03:18:22,393 [INFO] Pass: CommutativeCancellation - 0.04435 (ms)
2026-07-10 03:18:22,393 [INFO] Pass: ContractIdleWiresInControlFlow - 0.00191 (ms)
2026-07-10 03:18:22,393 [INFO] Pass: GatesInBasis - 0.00811 (ms)
2026-07-10 03:18:22,393 [INFO] Pass: Depth - 0.00787 (ms)
2026-07-10 03:18:22,393 [INFO] Pass: FixedPoint - 0.00358 (ms)
2026-07-10 03:18:22,393 [INFO] Pass: Size - 0.00167 (ms)
2026-07-10 03:18:22,393 [INFO] Pass: FixedPoint - 0.00286 (ms)
2026-07-10 03:18:22,393 [INFO] Pass: RemoveIdentityEquivalent - 0.00358 (ms)
2026-07-10 03:18:22,393 [INFO] Pass: Optimize1qGatesDecomposition - 0.07725 (ms)
2026-07-10 03:18:22,393 [INFO] Pass: CommutativeCancellation - 0.04029 (ms)
2026-07-10 03:18:22,394 [INFO] Pass: ContractIdleWiresInControlFlow - 0.00167 (ms)
2026-07-10 03:18:22,394 [INFO] Pass: GatesInBasis - 0.00644 (ms)
2026-07-10 03:18:22,394 [INFO] Pass: Depth - 0.00715 (ms)
2026-07-10 03:18:22,394 [INFO] Pass: FixedPoint - 0.00358 (ms)
2026-07-10 03:18:22,394 [INFO] Pass: Size - 0.00191 (ms)
2026-07-10 03:18:22,394 [INFO] Pass: FixedPoint - 0.00262 (ms)
2026-07-10 03:18:22,394 [INFO] Pass: ContainsInstruction - 0.00548 (ms)
2026-07-10 03:18:22,394 [INFO] Total Transpile Time - 90.94715 (ms)
2026-07-10 03:18:31,911 [INFO] [PCE] n=20 instancia 7/40 completada en 0:00:00:10 — transcurrido=0:00:01:07 restante_estimado=0:00:05:15
2026-07-10 03:18:32,003 [INFO] Pass: ContainsInstruction - 0.01144 (ms)
2026-07-10 03:18:32,003 [INFO] Pass: UnitarySynthesis - 0.00715 (ms)
2026-07-10 03:18:32,003 [INFO] Pass: HighLevelSynthesis - 0.00525 (ms)
2026-07-10 03:18:32,003 [INFO] Pass: BasisTranslator - 0.06032 (ms)
2026-07-10 03:18:32,003 [INFO] Pass: ElidePermutations - 0.00525 (ms)
2026-07-10 03:18:32,003 [INFO] Pass: RemoveDiagonalGatesBeforeMeasure - 0.00668 (ms)
2026-07-10 03:18:32,003 [INFO] Pass: RemoveIdentityEquivalent - 0.00358 (ms)
2026-07-10 03:18:32,003 [INFO] Pass: InverseCancellation - 0.00525 (ms)
2026-07-10 03:18:32,003 [INFO] Pass: ContractIdleWiresInControlFlow - 0.00238 (ms)
2026-07-10 03:18:32,003 [INFO] Pass: CommutativeCancellation - 0.02170 (ms)
2026-07-10 03:18:32,003 [INFO] Pass: ConsolidateBlocks - 0.03171 (ms)
2026-07-10 03:18:32,003 [INFO] Pass: Split2QUnitaries - 0.00310 (ms)
2026-07-10 03:18:32,003 [INFO] Pass: UnitarySynthesis - 0.00572 (ms)
2026-07-10 03:18:32,003 [INFO] Pass: HighLevelSynthesis - 0.00811 (ms)
2026-07-10 03:18:32,003 [INFO] Pass: BasisTranslator - 0.05269 (ms)
2026-07-10 03:18:32,003 [INFO] Pass: ConsolidateBlocks - 0.04029 (ms)
2026-07-10 03:18:32,003 [INFO] Pass: UnitarySynthesis - 0.00477 (ms)
2026-07-10 03:18:32,003 [INFO] Pass: Depth - 0.00787 (ms)
2026-07-10 03:18:32,003 [INFO] Pass: FixedPoint - 0.00525 (ms)
2026-07-10 03:18:32,003 [INFO] Pass: Size - 0.00334 (ms)
2026-07-10 03:18:32,003 [INFO] Pass: FixedPoint - 0.00286 (ms)
2026-07-10 03:18:32,003 [INFO] Pass: RemoveIdentityEquivalent - 0.00238 (ms)
2026-07-10 03:18:32,004 [INFO] Pass: Optimize1qGatesDecomposition - 0.02742 (ms)
2026-07-10 03:18:32,004 [INFO] Pass: CommutativeCancellation - 0.04363 (ms)
2026-07-10 03:18:32,004 [INFO] Pass: ContractIdleWiresInControlFlow - 0.00191 (ms)
2026-07-10 03:18:32,004 [INFO] Pass: GatesInBasis - 0.00834 (ms)
2026-07-10 03:18:32,004 [INFO] Pass: Depth - 0.00596 (ms)
2026-07-10 03:18:32,004 [INFO] Pass: FixedPoint - 0.00358 (ms)
2026-07-10 03:18:32,004 [INFO] Pass: Size - 0.00191 (ms)
2026-07-10 03:18:32,004 [INFO] Pass: FixedPoint - 0.00286 (ms)
2026-07-10 03:18:32,004 [INFO] Pass: ContainsInstruction - 0.00525 (ms)
2026-07-10 03:18:32,004 [INFO] Total Transpile Time - 91.00437 (ms)
2026-07-10 03:18:32,093 [INFO] Pass: ContainsInstruction - 0.01049 (ms)
2026-07-10 03:18:32,093 [INFO] Pass: UnitarySynthesis - 0.00644 (ms)
2026-07-10 03:18:32,093 [INFO] Pass: HighLevelSynthesis - 0.00453 (ms)
2026-07-10 03:18:32,093 [INFO] Pass: BasisTranslator - 0.06008 (ms)
2026-07-10 03:18:32,093 [INFO] Pass: ElidePermutations - 0.00596 (ms)
2026-07-10 03:18:32,093 [INFO] Pass: RemoveDiagonalGatesBeforeMeasure - 0.00548 (ms)
2026-07-10 03:18:32,093 [INFO] Pass: RemoveIdentityEquivalent - 0.00453 (ms)
2026-07-10 03:18:32,093 [INFO] Pass: InverseCancellation - 0.01287 (ms)
2026-07-10 03:18:32,093 [INFO] Pass: ContractIdleWiresInControlFlow - 0.00238 (ms)
2026-07-10 03:18:32,093 [INFO] Pass: CommutativeCancellation - 0.02766 (ms)
2026-07-10 03:18:32,093 [INFO] Pass: ConsolidateBlocks - 0.03028 (ms)
2026-07-10 03:18:32,093 [INFO] Pass: Split2QUnitaries - 0.00310 (ms)
2026-07-10 03:18:32,093 [INFO] Pass: UnitarySynthesis - 0.00525 (ms)
2026-07-10 03:18:32,093 [INFO] Pass: HighLevelSynthesis - 0.00930 (ms)
2026-07-10 03:18:32,094 [INFO] Pass: BasisTranslator - 0.05412 (ms)
2026-07-10 03:18:32,094 [INFO] Pass: ConsolidateBlocks - 0.04983 (ms)
2026-07-10 03:18:32,094 [INFO] Pass: UnitarySynthesis - 0.00477 (ms)
2026-07-10 03:18:32,094 [INFO] Pass: Depth - 0.00882 (ms)
2026-07-10 03:18:32,094 [INFO] Pass: FixedPoint - 0.00453 (ms)
2026-07-10 03:18:32,094 [INFO] Pass: Size - 0.00286 (ms)
2026-07-10 03:18:32,094 [INFO] Pass: FixedPoint - 0.00286 (ms)
2026-07-10 03:18:32,094 [INFO] Pass: RemoveIdentityEquivalent - 0.00405 (ms)
2026-07-10 03:18:32,094 [INFO] Pass: Optimize1qGatesDecomposition - 0.09346 (ms)
2026-07-10 03:18:32,094 [INFO] Pass: CommutativeCancellation - 0.04888 (ms)
2026-07-10 03:18:32,094 [INFO] Pass: ContractIdleWiresInControlFlow - 0.00215 (ms)
2026-07-10 03:18:32,094 [INFO] Pass: GatesInBasis - 0.00811 (ms)
2026-07-10 03:18:32,094 [INFO] Pass: Depth - 0.00787 (ms)
2026-07-10 03:18:32,094 [INFO] Pass: FixedPoint - 0.00381 (ms)
2026-07-10 03:18:32,094 [INFO] Pass: Size - 0.00238 (ms)
2026-07-10 03:18:32,094 [INFO] Pass: FixedPoint - 0.00310 (ms)
2026-07-10 03:18:32,094 [INFO] Pass: ContainsInstruction - 0.00596 (ms)
2026-07-10 03:18:32,094 [INFO] Total Transpile Time - 89.89263 (ms)
2026-07-10 03:18:32,184 [INFO] Pass: ContainsInstruction - 0.01073 (ms)
2026-07-10 03:18:32,184 [INFO] Pass: UnitarySynthesis - 0.00691 (ms)
2026-07-10 03:18:32,184 [INFO] Pass: HighLevelSynthesis - 0.00477 (ms)
2026-07-10 03:18:32,184 [INFO] Pass: BasisTranslator - 0.05698 (ms)
2026-07-10 03:18:32,184 [INFO] Pass: ElidePermutations - 0.00501 (ms)
2026-07-10 03:18:32,184 [INFO] Pass: RemoveDiagonalGatesBeforeMeasure - 0.00572 (ms)
2026-07-10 03:18:32,184 [INFO] Pass: RemoveIdentityEquivalent - 0.00501 (ms)
2026-07-10 03:18:32,184 [INFO] Pass: InverseCancellation - 0.01359 (ms)
2026-07-10 03:18:32,184 [INFO] Pass: ContractIdleWiresInControlFlow - 0.00238 (ms)
2026-07-10 03:18:32,184 [INFO] Pass: CommutativeCancellation - 0.02480 (ms)
2026-07-10 03:18:32,184 [INFO] Pass: ConsolidateBlocks - 0.03076 (ms)
2026-07-10 03:18:32,184 [INFO] Pass: Split2QUnitaries - 0.00262 (ms)
2026-07-10 03:18:32,184 [INFO] Pass: UnitarySynthesis - 0.00525 (ms)
2026-07-10 03:18:32,184 [INFO] Pass: HighLevelSynthesis - 0.00978 (ms)
2026-07-10 03:18:32,184 [INFO] Pass: BasisTranslator - 0.05388 (ms)
2026-07-10 03:18:32,184 [INFO] Pass: ConsolidateBlocks - 0.04101 (ms)
2026-07-10 03:18:32,184 [INFO] Pass: UnitarySynthesis - 0.00453 (ms)
2026-07-10 03:18:32,184 [INFO] Pass: Depth - 0.00954 (ms)
2026-07-10 03:18:32,184 [INFO] Pass: FixedPoint - 0.00453 (ms)
2026-07-10 03:18:32,185 [INFO] Pass: Size - 0.00334 (ms)
2026-07-10 03:18:32,185 [INFO] Pass: FixedPoint - 0.00286 (ms)
2026-07-10 03:18:32,185 [INFO] Pass: RemoveIdentityEquivalent - 0.00453 (ms)
2026-07-10 03:18:32,185 [INFO] Pass: Optimize1qGatesDecomposition - 0.09775 (ms)
2026-07-10 03:18:32,185 [INFO] Pass: CommutativeCancellation - 0.04554 (ms)
2026-07-10 03:18:32,185 [INFO] Pass: ContractIdleWiresInControlFlow - 0.00191 (ms)
2026-07-10 03:18:32,185 [INFO] Pass: GatesInBasis - 0.00930 (ms)
2026-07-10 03:18:32,185 [INFO] Pass: Depth - 0.00787 (ms)
2026-07-10 03:18:32,185 [INFO] Pass: FixedPoint - 0.00381 (ms)
2026-07-10 03:18:32,185 [INFO] Pass: Size - 0.00191 (ms)
2026-07-10 03:18:32,185 [INFO] Pass: FixedPoint - 0.00334 (ms)
2026-07-10 03:18:32,185 [INFO] Pass: RemoveIdentityEquivalent - 0.00405 (ms)
2026-07-10 03:18:32,185 [INFO] Pass: Optimize1qGatesDecomposition - 0.07749 (ms)
2026-07-10 03:18:32,185 [INFO] Pass: CommutativeCancellation - 0.03743 (ms)
2026-07-10 03:18:32,185 [INFO] Pass: ContractIdleWiresInControlFlow - 0.00167 (ms)
2026-07-10 03:18:32,185 [INFO] Pass: GatesInBasis - 0.00668 (ms)
2026-07-10 03:18:32,185 [INFO] Pass: Depth - 0.00691 (ms)
2026-07-10 03:18:32,185 [INFO] Pass: FixedPoint - 0.00310 (ms)
2026-07-10 03:18:32,185 [INFO] Pass: Size - 0.00215 (ms)
2026-07-10 03:18:32,185 [INFO] Pass: FixedPoint - 0.00262 (ms)
2026-07-10 03:18:32,185 [INFO] Pass: ContainsInstruction - 0.00596 (ms)
2026-07-10 03:18:32,185 [INFO] Total Transpile Time - 90.73687 (ms)
2026-07-10 03:18:40,789 [INFO] [PCE] n=20 instancia 8/40 completada en 0:00:00:09 — transcurrido=0:00:01:16 restante_estimado=0:00:05:03
2026-07-10 03:18:40,880 [INFO] Pass: ContainsInstruction - 0.01168 (ms)
2026-07-10 03:18:40,880 [INFO] Pass: UnitarySynthesis - 0.00691 (ms)
2026-07-10 03:18:40,880 [INFO] Pass: HighLevelSynthesis - 0.00525 (ms)
2026-07-10 03:18:40,880 [INFO] Pass: BasisTranslator - 0.06104 (ms)
2026-07-10 03:18:40,880 [INFO] Pass: ElidePermutations - 0.00477 (ms)
2026-07-10 03:18:40,881 [INFO] Pass: RemoveDiagonalGatesBeforeMeasure - 0.00691 (ms)
2026-07-10 03:18:40,881 [INFO] Pass: RemoveIdentityEquivalent - 0.00358 (ms)
2026-07-10 03:18:40,881 [INFO] Pass: InverseCancellation - 0.00548 (ms)
2026-07-10 03:18:40,881 [INFO] Pass: ContractIdleWiresInControlFlow - 0.00215 (ms)
2026-07-10 03:18:40,881 [INFO] Pass: CommutativeCancellation - 0.02003 (ms)
2026-07-10 03:18:40,881 [INFO] Pass: ConsolidateBlocks - 0.03171 (ms)
2026-07-10 03:18:40,881 [INFO] Pass: Split2QUnitaries - 0.00310 (ms)
2026-07-10 03:18:40,881 [INFO] Pass: UnitarySynthesis - 0.00501 (ms)
2026-07-10 03:18:40,881 [INFO] Pass: HighLevelSynthesis - 0.00882 (ms)
2026-07-10 03:18:40,881 [INFO] Pass: BasisTranslator - 0.05555 (ms)
2026-07-10 03:18:40,881 [INFO] Pass: ConsolidateBlocks - 0.04005 (ms)
2026-07-10 03:18:40,881 [INFO] Pass: UnitarySynthesis - 0.00429 (ms)
2026-07-10 03:18:40,881 [INFO] Pass: Depth - 0.00811 (ms)
2026-07-10 03:18:40,881 [INFO] Pass: FixedPoint - 0.00453 (ms)
2026-07-10 03:18:40,881 [INFO] Pass: Size - 0.00310 (ms)
2026-07-10 03:18:40,881 [INFO] Pass: FixedPoint - 0.00262 (ms)
2026-07-10 03:18:40,881 [INFO] Pass: RemoveIdentityEquivalent - 0.00262 (ms)
2026-07-10 03:18:40,881 [INFO] Pass: Optimize1qGatesDecomposition - 0.02742 (ms)
2026-07-10 03:18:40,881 [INFO] Pass: CommutativeCancellation - 0.04172 (ms)
2026-07-10 03:18:40,881 [INFO] Pass: ContractIdleWiresInControlFlow - 0.00143 (ms)
2026-07-10 03:18:40,881 [INFO] Pass: GatesInBasis - 0.00882 (ms)
2026-07-10 03:18:40,881 [INFO] Pass: Depth - 0.00620 (ms)
2026-07-10 03:18:40,881 [INFO] Pass: FixedPoint - 0.00334 (ms)
2026-07-10 03:18:40,881 [INFO] Pass: Size - 0.00191 (ms)
2026-07-10 03:18:40,881 [INFO] Pass: FixedPoint - 0.00262 (ms)
2026-07-10 03:18:40,881 [INFO] Pass: ContainsInstruction - 0.00477 (ms)
2026-07-10 03:18:40,882 [INFO] Total Transpile Time - 90.79671 (ms)
2026-07-10 03:18:40,971 [INFO] Pass: ContainsInstruction - 0.01025 (ms)
2026-07-10 03:18:40,971 [INFO] Pass: UnitarySynthesis - 0.00620 (ms)
2026-07-10 03:18:40,971 [INFO] Pass: HighLevelSynthesis - 0.00477 (ms)
2026-07-10 03:18:40,971 [INFO] Pass: BasisTranslator - 0.05889 (ms)
2026-07-10 03:18:40,971 [INFO] Pass: ElidePermutations - 0.00453 (ms)
2026-07-10 03:18:40,971 [INFO] Pass: RemoveDiagonalGatesBeforeMeasure - 0.00596 (ms)
2026-07-10 03:18:40,971 [INFO] Pass: RemoveIdentityEquivalent - 0.00453 (ms)
2026-07-10 03:18:40,971 [INFO] Pass: InverseCancellation - 0.01311 (ms)
2026-07-10 03:18:40,971 [INFO] Pass: ContractIdleWiresInControlFlow - 0.00215 (ms)
2026-07-10 03:18:40,971 [INFO] Pass: CommutativeCancellation - 0.02599 (ms)
2026-07-10 03:18:40,971 [INFO] Pass: ConsolidateBlocks - 0.03076 (ms)
2026-07-10 03:18:40,971 [INFO] Pass: Split2QUnitaries - 0.00310 (ms)
2026-07-10 03:18:40,971 [INFO] Pass: UnitarySynthesis - 0.00525 (ms)
2026-07-10 03:18:40,971 [INFO] Pass: HighLevelSynthesis - 0.00858 (ms)
2026-07-10 03:18:40,971 [INFO] Pass: BasisTranslator - 0.05293 (ms)
2026-07-10 03:18:40,971 [INFO] Pass: ConsolidateBlocks - 0.04005 (ms)
2026-07-10 03:18:40,971 [INFO] Pass: UnitarySynthesis - 0.00429 (ms)
2026-07-10 03:18:40,971 [INFO] Pass: Depth - 0.00954 (ms)
2026-07-10 03:18:40,971 [INFO] Pass: FixedPoint - 0.00453 (ms)
2026-07-10 03:18:40,971 [INFO] Pass: Size - 0.00334 (ms)
2026-07-10 03:18:40,971 [INFO] Pass: FixedPoint - 0.00286 (ms)
2026-07-10 03:18:40,971 [INFO] Pass: RemoveIdentityEquivalent - 0.00310 (ms)
2026-07-10 03:18:40,972 [INFO] Pass: Optimize1qGatesDecomposition - 0.09012 (ms)
2026-07-10 03:18:40,972 [INFO] Pass: CommutativeCancellation - 0.04864 (ms)
2026-07-10 03:18:40,972 [INFO] Pass: ContractIdleWiresInControlFlow - 0.00167 (ms)
2026-07-10 03:18:40,972 [INFO] Pass: GatesInBasis - 0.00858 (ms)
2026-07-10 03:18:40,972 [INFO] Pass: Depth - 0.00811 (ms)
2026-07-10 03:18:40,972 [INFO] Pass: FixedPoint - 0.00381 (ms)
2026-07-10 03:18:40,972 [INFO] Pass: Size - 0.00191 (ms)
2026-07-10 03:18:40,972 [INFO] Pass: FixedPoint - 0.00238 (ms)
2026-07-10 03:18:40,972 [INFO] Pass: ContainsInstruction - 0.00477 (ms)
2026-07-10 03:18:40,972 [INFO] Total Transpile Time - 89.94126 (ms)
2026-07-10 03:18:41,061 [INFO] Pass: ContainsInstruction - 0.00954 (ms)
2026-07-10 03:18:41,061 [INFO] Pass: UnitarySynthesis - 0.00644 (ms)
2026-07-10 03:18:41,061 [INFO] Pass: HighLevelSynthesis - 0.00453 (ms)
2026-07-10 03:18:41,061 [INFO] Pass: BasisTranslator - 0.05770 (ms)
2026-07-10 03:18:41,061 [INFO] Pass: ElidePermutations - 0.00429 (ms)
2026-07-10 03:18:41,061 [INFO] Pass: RemoveDiagonalGatesBeforeMeasure - 0.00548 (ms)
2026-07-10 03:18:41,061 [INFO] Pass: RemoveIdentityEquivalent - 0.00501 (ms)
2026-07-10 03:18:41,061 [INFO] Pass: InverseCancellation - 0.01287 (ms)
2026-07-10 03:18:41,061 [INFO] Pass: ContractIdleWiresInControlFlow - 0.00215 (ms)
2026-07-10 03:18:41,061 [INFO] Pass: CommutativeCancellation - 0.02432 (ms)
2026-07-10 03:18:41,061 [INFO] Pass: ConsolidateBlocks - 0.02933 (ms)
2026-07-10 03:18:41,062 [INFO] Pass: Split2QUnitaries - 0.00262 (ms)
2026-07-10 03:18:41,062 [INFO] Pass: UnitarySynthesis - 0.00572 (ms)
2026-07-10 03:18:41,062 [INFO] Pass: HighLevelSynthesis - 0.00954 (ms)
2026-07-10 03:18:41,062 [INFO] Pass: BasisTranslator - 0.05317 (ms)
2026-07-10 03:18:41,062 [INFO] Pass: ConsolidateBlocks - 0.04172 (ms)
2026-07-10 03:18:41,062 [INFO] Pass: UnitarySynthesis - 0.00477 (ms)
2026-07-10 03:18:41,062 [INFO] Pass: Depth - 0.00930 (ms)
2026-07-10 03:18:41,062 [INFO] Pass: FixedPoint - 0.00477 (ms)
2026-07-10 03:18:41,062 [INFO] Pass: Size - 0.00334 (ms)
2026-07-10 03:18:41,062 [INFO] Pass: FixedPoint - 0.00310 (ms)
2026-07-10 03:18:41,062 [INFO] Pass: RemoveIdentityEquivalent - 0.00405 (ms)
2026-07-10 03:18:41,062 [INFO] Pass: Optimize1qGatesDecomposition - 0.10300 (ms)
2026-07-10 03:18:41,062 [INFO] Pass: CommutativeCancellation - 0.04363 (ms)
2026-07-10 03:18:41,062 [INFO] Pass: ContractIdleWiresInControlFlow - 0.00215 (ms)
2026-07-10 03:18:41,062 [INFO] Pass: GatesInBasis - 0.00811 (ms)
2026-07-10 03:18:41,062 [INFO] Pass: Depth - 0.00811 (ms)
2026-07-10 03:18:41,062 [INFO] Pass: FixedPoint - 0.00358 (ms)
2026-07-10 03:18:41,062 [INFO] Pass: Size - 0.00238 (ms)
2026-07-10 03:18:41,062 [INFO] Pass: FixedPoint - 0.00286 (ms)
2026-07-10 03:18:41,062 [INFO] Pass: RemoveIdentityEquivalent - 0.00358 (ms)
2026-07-10 03:18:41,062 [INFO] Pass: Optimize1qGatesDecomposition - 0.08464 (ms)
2026-07-10 03:18:41,062 [INFO] Pass: CommutativeCancellation - 0.03886 (ms)
2026-07-10 03:18:41,063 [INFO] Pass: ContractIdleWiresInControlFlow - 0.00143 (ms)
2026-07-10 03:18:41,063 [INFO] Pass: GatesInBasis - 0.00620 (ms)
2026-07-10 03:18:41,063 [INFO] Pass: Depth - 0.00739 (ms)
2026-07-10 03:18:41,063 [INFO] Pass: FixedPoint - 0.00334 (ms)
2026-07-10 03:18:41,063 [INFO] Pass: Size - 0.00215 (ms)
2026-07-10 03:18:41,063 [INFO] Pass: FixedPoint - 0.00310 (ms)
2026-07-10 03:18:41,063 [INFO] Pass: ContainsInstruction - 0.00501 (ms)
2026-07-10 03:18:41,063 [INFO] Total Transpile Time - 90.49177 (ms)
2026-07-10 03:18:56,010 [INFO] [PCE] n=20 instancia 9/40 completada en 0:00:00:15 — transcurrido=0:00:01:31 restante_estimado=0:00:05:13
2026-07-10 03:18:56,105 [INFO] Pass: ContainsInstruction - 0.01192 (ms)
2026-07-10 03:18:56,105 [INFO] Pass: UnitarySynthesis - 0.00787 (ms)
2026-07-10 03:18:56,105 [INFO] Pass: HighLevelSynthesis - 0.00572 (ms)
2026-07-10 03:18:56,105 [INFO] Pass: BasisTranslator - 0.06366 (ms)
2026-07-10 03:18:56,105 [INFO] Pass: ElidePermutations - 0.00477 (ms)
2026-07-10 03:18:56,105 [INFO] Pass: RemoveDiagonalGatesBeforeMeasure - 0.00596 (ms)
2026-07-10 03:18:56,105 [INFO] Pass: RemoveIdentityEquivalent - 0.00358 (ms)
2026-07-10 03:18:56,105 [INFO] Pass: InverseCancellation - 0.00429 (ms)
2026-07-10 03:18:56,105 [INFO] Pass: ContractIdleWiresInControlFlow - 0.00215 (ms)
2026-07-10 03:18:56,105 [INFO] Pass: CommutativeCancellation - 0.02170 (ms)
2026-07-10 03:18:56,105 [INFO] Pass: ConsolidateBlocks - 0.03266 (ms)
2026-07-10 03:18:56,105 [INFO] Pass: Split2QUnitaries - 0.00310 (ms)
2026-07-10 03:18:56,105 [INFO] Pass: UnitarySynthesis - 0.00525 (ms)
2026-07-10 03:18:56,105 [INFO] Pass: HighLevelSynthesis - 0.00858 (ms)
2026-07-10 03:18:56,105 [INFO] Pass: BasisTranslator - 0.05364 (ms)
2026-07-10 03:18:56,105 [INFO] Pass: ConsolidateBlocks - 0.03886 (ms)
2026-07-10 03:18:56,105 [INFO] Pass: UnitarySynthesis - 0.00453 (ms)
2026-07-10 03:18:56,105 [INFO] Pass: Depth - 0.00882 (ms)
2026-07-10 03:18:56,105 [INFO] Pass: FixedPoint - 0.00525 (ms)
2026-07-10 03:18:56,105 [INFO] Pass: Size - 0.00334 (ms)
2026-07-10 03:18:56,105 [INFO] Pass: FixedPoint - 0.00286 (ms)
2026-07-10 03:18:56,105 [INFO] Pass: RemoveIdentityEquivalent - 0.00286 (ms)
2026-07-10 03:18:56,105 [INFO] Pass: Optimize1qGatesDecomposition - 0.02670 (ms)
2026-07-10 03:18:56,106 [INFO] Pass: CommutativeCancellation - 0.04315 (ms)
2026-07-10 03:18:56,106 [INFO] Pass: ContractIdleWiresInControlFlow - 0.00167 (ms)
2026-07-10 03:18:56,106 [INFO] Pass: GatesInBasis - 0.00834 (ms)
2026-07-10 03:18:56,106 [INFO] Pass: Depth - 0.00691 (ms)
2026-07-10 03:18:56,106 [INFO] Pass: FixedPoint - 0.00358 (ms)
2026-07-10 03:18:56,106 [INFO] Pass: Size - 0.00191 (ms)
2026-07-10 03:18:56,106 [INFO] Pass: FixedPoint - 0.00310 (ms)
2026-07-10 03:18:56,106 [INFO] Pass: ContainsInstruction - 0.00501 (ms)
2026-07-10 03:18:56,106 [INFO] Total Transpile Time - 94.75732 (ms)
2026-07-10 03:18:56,196 [INFO] Pass: ContainsInstruction - 0.01001 (ms)
2026-07-10 03:18:56,196 [INFO] Pass: UnitarySynthesis - 0.00715 (ms)
2026-07-10 03:18:56,196 [INFO] Pass: HighLevelSynthesis - 0.00525 (ms)
2026-07-10 03:18:56,197 [INFO] Pass: BasisTranslator - 0.05937 (ms)
2026-07-10 03:18:56,197 [INFO] Pass: ElidePermutations - 0.00453 (ms)
2026-07-10 03:18:56,197 [INFO] Pass: RemoveDiagonalGatesBeforeMeasure - 0.00620 (ms)
2026-07-10 03:18:56,197 [INFO] Pass: RemoveIdentityEquivalent - 0.00477 (ms)
2026-07-10 03:18:56,197 [INFO] Pass: InverseCancellation - 0.01287 (ms)
2026-07-10 03:18:56,197 [INFO] Pass: ContractIdleWiresInControlFlow - 0.00215 (ms)
2026-07-10 03:18:56,197 [INFO] Pass: CommutativeCancellation - 0.02813 (ms)
2026-07-10 03:18:56,197 [INFO] Pass: ConsolidateBlocks - 0.02980 (ms)
2026-07-10 03:18:56,197 [INFO] Pass: Split2QUnitaries - 0.00286 (ms)
2026-07-10 03:18:56,197 [INFO] Pass: UnitarySynthesis - 0.00501 (ms)
2026-07-10 03:18:56,197 [INFO] Pass: HighLevelSynthesis - 0.00954 (ms)
2026-07-10 03:18:56,197 [INFO] Pass: BasisTranslator - 0.05174 (ms)
2026-07-10 03:18:56,197 [INFO] Pass: ConsolidateBlocks - 0.03648 (ms)
2026-07-10 03:18:56,197 [INFO] Pass: UnitarySynthesis - 0.00405 (ms)
2026-07-10 03:18:56,197 [INFO] Pass: Depth - 0.00858 (ms)
2026-07-10 03:18:56,197 [INFO] Pass: FixedPoint - 0.00429 (ms)
2026-07-10 03:18:56,197 [INFO] Pass: Size - 0.00334 (ms)
2026-07-10 03:18:56,197 [INFO] Pass: FixedPoint - 0.00286 (ms)
2026-07-10 03:18:56,197 [INFO] Pass: RemoveIdentityEquivalent - 0.00310 (ms)
2026-07-10 03:18:56,197 [INFO] Pass: Optimize1qGatesDecomposition - 0.08941 (ms)
2026-07-10 03:18:56,197 [INFO] Pass: CommutativeCancellation - 0.04673 (ms)
2026-07-10 03:18:56,197 [INFO] Pass: ContractIdleWiresInControlFlow - 0.00191 (ms)
2026-07-10 03:18:56,197 [INFO] Pass: GatesInBasis - 0.00834 (ms)
2026-07-10 03:18:56,197 [INFO] Pass: Depth - 0.00715 (ms)
2026-07-10 03:18:56,197 [INFO] Pass: FixedPoint - 0.00358 (ms)
2026-07-10 03:18:56,197 [INFO] Pass: Size - 0.00191 (ms)
2026-07-10 03:18:56,198 [INFO] Pass: FixedPoint - 0.00262 (ms)
2026-07-10 03:18:56,198 [INFO] Pass: ContainsInstruction - 0.00477 (ms)
2026-07-10 03:18:56,198 [INFO] Total Transpile Time - 91.36915 (ms)
2026-07-10 03:18:56,288 [INFO] Pass: ContainsInstruction - 0.01049 (ms)
2026-07-10 03:18:56,288 [INFO] Pass: UnitarySynthesis - 0.00620 (ms)
2026-07-10 03:18:56,288 [INFO] Pass: HighLevelSynthesis - 0.00501 (ms)
2026-07-10 03:18:56,288 [INFO] Pass: BasisTranslator - 0.05698 (ms)
2026-07-10 03:18:56,288 [INFO] Pass: ElidePermutations - 0.00501 (ms)
2026-07-10 03:18:56,288 [INFO] Pass: RemoveDiagonalGatesBeforeMeasure - 0.00548 (ms)
2026-07-10 03:18:56,288 [INFO] Pass: RemoveIdentityEquivalent - 0.00525 (ms)
2026-07-10 03:18:56,288 [INFO] Pass: InverseCancellation - 0.01216 (ms)
2026-07-10 03:18:56,288 [INFO] Pass: ContractIdleWiresInControlFlow - 0.00238 (ms)
2026-07-10 03:18:56,288 [INFO] Pass: CommutativeCancellation - 0.02527 (ms)
2026-07-10 03:18:56,289 [INFO] Pass: ConsolidateBlocks - 0.03219 (ms)
2026-07-10 03:18:56,289 [INFO] Pass: Split2QUnitaries - 0.00334 (ms)
2026-07-10 03:18:56,289 [INFO] Pass: UnitarySynthesis - 0.00501 (ms)
2026-07-10 03:18:56,289 [INFO] Pass: HighLevelSynthesis - 0.01001 (ms)
2026-07-10 03:18:56,289 [INFO] Pass: BasisTranslator - 0.05269 (ms)
2026-07-10 03:18:56,289 [INFO] Pass: ConsolidateBlocks - 0.03910 (ms)
2026-07-10 03:18:56,289 [INFO] Pass: UnitarySynthesis - 0.00453 (ms)
2026-07-10 03:18:56,289 [INFO] Pass: Depth - 0.00882 (ms)
2026-07-10 03:18:56,289 [INFO] Pass: FixedPoint - 0.00453 (ms)
2026-07-10 03:18:56,289 [INFO] Pass: Size - 0.00262 (ms)
2026-07-10 03:18:56,289 [INFO] Pass: FixedPoint - 0.00286 (ms)
2026-07-10 03:18:56,289 [INFO] Pass: RemoveIdentityEquivalent - 0.00381 (ms)
2026-07-10 03:18:56,289 [INFO] Pass: Optimize1qGatesDecomposition - 0.09632 (ms)
2026-07-10 03:18:56,289 [INFO] Pass: CommutativeCancellation - 0.04435 (ms)
2026-07-10 03:18:56,289 [INFO] Pass: ContractIdleWiresInControlFlow - 0.00215 (ms)
2026-07-10 03:18:56,289 [INFO] Pass: GatesInBasis - 0.00787 (ms)
2026-07-10 03:18:56,289 [INFO] Pass: Depth - 0.00811 (ms)
2026-07-10 03:18:56,289 [INFO] Pass: FixedPoint - 0.00358 (ms)
2026-07-10 03:18:56,289 [INFO] Pass: Size - 0.00167 (ms)
2026-07-10 03:18:56,289 [INFO] Pass: FixedPoint - 0.00286 (ms)
2026-07-10 03:18:56,289 [INFO] Pass: RemoveIdentityEquivalent - 0.00334 (ms)
2026-07-10 03:18:56,289 [INFO] Pass: Optimize1qGatesDecomposition - 0.07367 (ms)
2026-07-10 03:18:56,289 [INFO] Pass: CommutativeCancellation - 0.03719 (ms)
2026-07-10 03:18:56,290 [INFO] Pass: ContractIdleWiresInControlFlow - 0.00143 (ms)
2026-07-10 03:18:56,290 [INFO] Pass: GatesInBasis - 0.00620 (ms)
2026-07-10 03:18:56,290 [INFO] Pass: Depth - 0.00644 (ms)
2026-07-10 03:18:56,290 [INFO] Pass: FixedPoint - 0.00310 (ms)
2026-07-10 03:18:56,290 [INFO] Pass: Size - 0.00215 (ms)
2026-07-10 03:18:56,290 [INFO] Pass: FixedPoint - 0.00310 (ms)
2026-07-10 03:18:56,290 [INFO] Pass: ContainsInstruction - 0.00501 (ms)
2026-07-10 03:18:56,290 [INFO] Total Transpile Time - 91.73465 (ms)
2026-07-10 03:19:04,140 [INFO] [PCE] n=20 instancia 10/40 completada en 0:00:00:08 — transcurrido=0:00:01:39 restante_estimado=0:00:04:57
2026-07-10 03:19:04,232 [INFO] Pass: ContainsInstruction - 0.01144 (ms)
2026-07-10 03:19:04,232 [INFO] Pass: UnitarySynthesis - 0.00763 (ms)
2026-07-10 03:19:04,232 [INFO] Pass: HighLevelSynthesis - 0.00548 (ms)
2026-07-10 03:19:04,232 [INFO] Pass: BasisTranslator - 0.06032 (ms)
2026-07-10 03:19:04,232 [INFO] Pass: ElidePermutations - 0.00501 (ms)
2026-07-10 03:19:04,232 [INFO] Pass: RemoveDiagonalGatesBeforeMeasure - 0.00644 (ms)
2026-07-10 03:19:04,232 [INFO] Pass: RemoveIdentityEquivalent - 0.00381 (ms)
2026-07-10 03:19:04,232 [INFO] Pass: InverseCancellation - 0.00477 (ms)
2026-07-10 03:19:04,232 [INFO] Pass: ContractIdleWiresInControlFlow - 0.00215 (ms)
2026-07-10 03:19:04,232 [INFO] Pass: CommutativeCancellation - 0.02003 (ms)
2026-07-10 03:19:04,232 [INFO] Pass: ConsolidateBlocks - 0.03123 (ms)
2026-07-10 03:19:04,232 [INFO] Pass: Split2QUnitaries - 0.00286 (ms)
2026-07-10 03:19:04,232 [INFO] Pass: UnitarySynthesis - 0.00501 (ms)
2026-07-10 03:19:04,232 [INFO] Pass: HighLevelSynthesis - 0.00811 (ms)
2026-07-10 03:19:04,232 [INFO] Pass: BasisTranslator - 0.05198 (ms)
2026-07-10 03:19:04,233 [INFO] Pass: ConsolidateBlocks - 0.03910 (ms)
2026-07-10 03:19:04,233 [INFO] Pass: UnitarySynthesis - 0.00453 (ms)
2026-07-10 03:19:04,233 [INFO] Pass: Depth - 0.00834 (ms)
2026-07-10 03:19:04,233 [INFO] Pass: FixedPoint - 0.00453 (ms)
2026-07-10 03:19:04,233 [INFO] Pass: Size - 0.00334 (ms)
2026-07-10 03:19:04,233 [INFO] Pass: FixedPoint - 0.00286 (ms)
2026-07-10 03:19:04,233 [INFO] Pass: RemoveIdentityEquivalent - 0.00334 (ms)
2026-07-10 03:19:04,233 [INFO] Pass: Optimize1qGatesDecomposition - 0.02646 (ms)
2026-07-10 03:19:04,233 [INFO] Pass: CommutativeCancellation - 0.04315 (ms)
2026-07-10 03:19:04,233 [INFO] Pass: ContractIdleWiresInControlFlow - 0.00215 (ms)
2026-07-10 03:19:04,233 [INFO] Pass: GatesInBasis - 0.00787 (ms)
2026-07-10 03:19:04,233 [INFO] Pass: Depth - 0.00644 (ms)
2026-07-10 03:19:04,233 [INFO] Pass: FixedPoint - 0.00381 (ms)
2026-07-10 03:19:04,233 [INFO] Pass: Size - 0.00215 (ms)
2026-07-10 03:19:04,233 [INFO] Pass: FixedPoint - 0.00310 (ms)
2026-07-10 03:19:04,233 [INFO] Pass: ContainsInstruction - 0.00501 (ms)
2026-07-10 03:19:04,233 [INFO] Total Transpile Time - 91.80546 (ms)
2026-07-10 03:19:04,322 [INFO] Pass: ContainsInstruction - 0.01049 (ms)
2026-07-10 03:19:04,322 [INFO] Pass: UnitarySynthesis - 0.00691 (ms)
2026-07-10 03:19:04,322 [INFO] Pass: HighLevelSynthesis - 0.00477 (ms)
2026-07-10 03:19:04,322 [INFO] Pass: BasisTranslator - 0.05960 (ms)
2026-07-10 03:19:04,322 [INFO] Pass: ElidePermutations - 0.00453 (ms)
2026-07-10 03:19:04,322 [INFO] Pass: RemoveDiagonalGatesBeforeMeasure - 0.00644 (ms)
2026-07-10 03:19:04,322 [INFO] Pass: RemoveIdentityEquivalent - 0.00405 (ms)
2026-07-10 03:19:04,322 [INFO] Pass: InverseCancellation - 0.01287 (ms)
2026-07-10 03:19:04,323 [INFO] Pass: ContractIdleWiresInControlFlow - 0.00238 (ms)
2026-07-10 03:19:04,323 [INFO] Pass: CommutativeCancellation - 0.03672 (ms)
2026-07-10 03:19:04,323 [INFO] Pass: ConsolidateBlocks - 0.03099 (ms)
2026-07-10 03:19:04,323 [INFO] Pass: Split2QUnitaries - 0.00262 (ms)
2026-07-10 03:19:04,323 [INFO] Pass: UnitarySynthesis - 0.00501 (ms)
2026-07-10 03:19:04,323 [INFO] Pass: HighLevelSynthesis - 0.00930 (ms)
2026-07-10 03:19:04,323 [INFO] Pass: BasisTranslator - 0.05460 (ms)
2026-07-10 03:19:04,323 [INFO] Pass: ConsolidateBlocks - 0.03982 (ms)
2026-07-10 03:19:04,323 [INFO] Pass: UnitarySynthesis - 0.00453 (ms)
2026-07-10 03:19:04,323 [INFO] Pass: Depth - 0.00930 (ms)
2026-07-10 03:19:04,323 [INFO] Pass: FixedPoint - 0.00477 (ms)
2026-07-10 03:19:04,323 [INFO] Pass: Size - 0.00262 (ms)
2026-07-10 03:19:04,323 [INFO] Pass: FixedPoint - 0.00310 (ms)
2026-07-10 03:19:04,323 [INFO] Pass: RemoveIdentityEquivalent - 0.00334 (ms)
2026-07-10 03:19:04,323 [INFO] Pass: Optimize1qGatesDecomposition - 0.09322 (ms)
2026-07-10 03:19:04,323 [INFO] Pass: CommutativeCancellation - 0.04721 (ms)
2026-07-10 03:19:04,323 [INFO] Pass: ContractIdleWiresInControlFlow - 0.00215 (ms)
2026-07-10 03:19:04,323 [INFO] Pass: GatesInBasis - 0.00858 (ms)
2026-07-10 03:19:04,323 [INFO] Pass: Depth - 0.00739 (ms)
2026-07-10 03:19:04,323 [INFO] Pass: FixedPoint - 0.00405 (ms)
2026-07-10 03:19:04,323 [INFO] Pass: Size - 0.00238 (ms)
2026-07-10 03:19:04,323 [INFO] Pass: FixedPoint - 0.00286 (ms)
2026-07-10 03:19:04,323 [INFO] Pass: ContainsInstruction - 0.00548 (ms)
2026-07-10 03:19:04,324 [INFO] Total Transpile Time - 89.92505 (ms)
2026-07-10 03:19:04,414 [INFO] Pass: ContainsInstruction - 0.01025 (ms)
2026-07-10 03:19:04,414 [INFO] Pass: UnitarySynthesis - 0.00668 (ms)
2026-07-10 03:19:04,414 [INFO] Pass: HighLevelSynthesis - 0.00477 (ms)
2026-07-10 03:19:04,414 [INFO] Pass: BasisTranslator - 0.05865 (ms)
2026-07-10 03:19:04,414 [INFO] Pass: ElidePermutations - 0.00429 (ms)
2026-07-10 03:19:04,414 [INFO] Pass: RemoveDiagonalGatesBeforeMeasure - 0.00572 (ms)
2026-07-10 03:19:04,414 [INFO] Pass: RemoveIdentityEquivalent - 0.00548 (ms)
2026-07-10 03:19:04,414 [INFO] Pass: InverseCancellation - 0.01216 (ms)
2026-07-10 03:19:04,414 [INFO] Pass: ContractIdleWiresInControlFlow - 0.00286 (ms)
2026-07-10 03:19:04,414 [INFO] Pass: CommutativeCancellation - 0.02432 (ms)
2026-07-10 03:19:04,414 [INFO] Pass: ConsolidateBlocks - 0.03242 (ms)
2026-07-10 03:19:04,414 [INFO] Pass: Split2QUnitaries - 0.00310 (ms)
2026-07-10 03:19:04,414 [INFO] Pass: UnitarySynthesis - 0.00501 (ms)
2026-07-10 03:19:04,414 [INFO] Pass: HighLevelSynthesis - 0.00954 (ms)
2026-07-10 03:19:04,414 [INFO] Pass: BasisTranslator - 0.05364 (ms)
2026-07-10 03:19:04,414 [INFO] Pass: ConsolidateBlocks - 0.04029 (ms)
2026-07-10 03:19:04,414 [INFO] Pass: UnitarySynthesis - 0.00477 (ms)
2026-07-10 03:19:04,414 [INFO] Pass: Depth - 0.00858 (ms)
2026-07-10 03:19:04,414 [INFO] Pass: FixedPoint - 0.00429 (ms)
2026-07-10 03:19:04,414 [INFO] Pass: Size - 0.00334 (ms)
2026-07-10 03:19:04,415 [INFO] Pass: FixedPoint - 0.00286 (ms)
2026-07-10 03:19:04,415 [INFO] Pass: RemoveIdentityEquivalent - 0.00381 (ms)
2026-07-10 03:19:04,415 [INFO] Pass: Optimize1qGatesDecomposition - 0.09704 (ms)
2026-07-10 03:19:04,415 [INFO] Pass: CommutativeCancellation - 0.04625 (ms)
2026-07-10 03:19:04,415 [INFO] Pass: ContractIdleWiresInControlFlow - 0.00191 (ms)
2026-07-10 03:19:04,415 [INFO] Pass: GatesInBasis - 0.00834 (ms)
2026-07-10 03:19:04,415 [INFO] Pass: Depth - 0.00858 (ms)
2026-07-10 03:19:04,415 [INFO] Pass: FixedPoint - 0.00381 (ms)
2026-07-10 03:19:04,415 [INFO] Pass: Size - 0.00238 (ms)
2026-07-10 03:19:04,415 [INFO] Pass: FixedPoint - 0.00286 (ms)
2026-07-10 03:19:04,415 [INFO] Pass: RemoveIdentityEquivalent - 0.00381 (ms)
2026-07-10 03:19:04,415 [INFO] Pass: Optimize1qGatesDecomposition - 0.07439 (ms)
2026-07-10 03:19:04,415 [INFO] Pass: CommutativeCancellation - 0.03815 (ms)
2026-07-10 03:19:04,415 [INFO] Pass: ContractIdleWiresInControlFlow - 0.00191 (ms)
2026-07-10 03:19:04,415 [INFO] Pass: GatesInBasis - 0.00668 (ms)
2026-07-10 03:19:04,415 [INFO] Pass: Depth - 0.00787 (ms)
2026-07-10 03:19:04,415 [INFO] Pass: FixedPoint - 0.00334 (ms)
2026-07-10 03:19:04,415 [INFO] Pass: Size - 0.00191 (ms)
2026-07-10 03:19:04,415 [INFO] Pass: FixedPoint - 0.00262 (ms)
2026-07-10 03:19:04,415 [INFO] Pass: ContainsInstruction - 0.00525 (ms)
2026-07-10 03:19:04,415 [INFO] Total Transpile Time - 91.47429 (ms)
2026-07-10 03:19:14,125 [INFO] [PCE] n=20 instancia 11/40 completada en 0:00:00:10 — transcurrido=0:00:01:49 restante_estimado=0:00:04:47
2026-07-10 03:19:14,217 [INFO] Pass: ContainsInstruction - 0.01144 (ms)
2026-07-10 03:19:14,217 [INFO] Pass: UnitarySynthesis - 0.00691 (ms)
2026-07-10 03:19:14,217 [INFO] Pass: HighLevelSynthesis - 0.00548 (ms)
2026-07-10 03:19:14,217 [INFO] Pass: BasisTranslator - 0.06413 (ms)
2026-07-10 03:19:14,217 [INFO] Pass: ElidePermutations - 0.00501 (ms)
2026-07-10 03:19:14,217 [INFO] Pass: RemoveDiagonalGatesBeforeMeasure - 0.00596 (ms)
2026-07-10 03:19:14,217 [INFO] Pass: RemoveIdentityEquivalent - 0.00358 (ms)
2026-07-10 03:19:14,217 [INFO] Pass: InverseCancellation - 0.00548 (ms)
2026-07-10 03:19:14,217 [INFO] Pass: ContractIdleWiresInControlFlow - 0.00215 (ms)
2026-07-10 03:19:14,217 [INFO] Pass: CommutativeCancellation - 0.02098 (ms)
2026-07-10 03:19:14,217 [INFO] Pass: ConsolidateBlocks - 0.03266 (ms)
2026-07-10 03:19:14,217 [INFO] Pass: Split2QUnitaries - 0.00286 (ms)
2026-07-10 03:19:14,217 [INFO] Pass: UnitarySynthesis - 0.00477 (ms)
2026-07-10 03:19:14,217 [INFO] Pass: HighLevelSynthesis - 0.00906 (ms)
2026-07-10 03:19:14,217 [INFO] Pass: BasisTranslator - 0.05269 (ms)
2026-07-10 03:19:14,217 [INFO] Pass: ConsolidateBlocks - 0.03910 (ms)
2026-07-10 03:19:14,217 [INFO] Pass: UnitarySynthesis - 0.00453 (ms)
2026-07-10 03:19:14,217 [INFO] Pass: Depth - 0.00858 (ms)
2026-07-10 03:19:14,217 [INFO] Pass: FixedPoint - 0.00477 (ms)
2026-07-10 03:19:14,217 [INFO] Pass: Size - 0.00334 (ms)
2026-07-10 03:19:14,217 [INFO] Pass: FixedPoint - 0.00286 (ms)
2026-07-10 03:19:14,217 [INFO] Pass: RemoveIdentityEquivalent - 0.00286 (ms)
2026-07-10 03:19:14,217 [INFO] Pass: Optimize1qGatesDecomposition - 0.02861 (ms)
2026-07-10 03:19:14,218 [INFO] Pass: CommutativeCancellation - 0.04196 (ms)
2026-07-10 03:19:14,218 [INFO] Pass: ContractIdleWiresInControlFlow - 0.00167 (ms)
2026-07-10 03:19:14,218 [INFO] Pass: GatesInBasis - 0.00834 (ms)
2026-07-10 03:19:14,218 [INFO] Pass: Depth - 0.00644 (ms)
2026-07-10 03:19:14,218 [INFO] Pass: FixedPoint - 0.00358 (ms)
2026-07-10 03:19:14,218 [INFO] Pass: Size - 0.00215 (ms)
2026-07-10 03:19:14,218 [INFO] Pass: FixedPoint - 0.00286 (ms)
2026-07-10 03:19:14,218 [INFO] Pass: ContainsInstruction - 0.00477 (ms)
2026-07-10 03:19:14,218 [INFO] Total Transpile Time - 91.50028 (ms)
2026-07-10 03:19:14,307 [INFO] Pass: ContainsInstruction - 0.01073 (ms)
2026-07-10 03:19:14,307 [INFO] Pass: UnitarySynthesis - 0.00715 (ms)
2026-07-10 03:19:14,307 [INFO] Pass: HighLevelSynthesis - 0.00477 (ms)
2026-07-10 03:19:14,307 [INFO] Pass: BasisTranslator - 0.05889 (ms)
2026-07-10 03:19:14,308 [INFO] Pass: ElidePermutations - 0.00525 (ms)
2026-07-10 03:19:14,308 [INFO] Pass: RemoveDiagonalGatesBeforeMeasure - 0.00548 (ms)
2026-07-10 03:19:14,308 [INFO] Pass: RemoveIdentityEquivalent - 0.00501 (ms)
2026-07-10 03:19:14,308 [INFO] Pass: InverseCancellation - 0.01335 (ms)
2026-07-10 03:19:14,308 [INFO] Pass: ContractIdleWiresInControlFlow - 0.00215 (ms)
2026-07-10 03:19:14,308 [INFO] Pass: CommutativeCancellation - 0.03004 (ms)
2026-07-10 03:19:14,308 [INFO] Pass: ConsolidateBlocks - 0.03386 (ms)
2026-07-10 03:19:14,308 [INFO] Pass: Split2QUnitaries - 0.00262 (ms)
2026-07-10 03:19:14,308 [INFO] Pass: UnitarySynthesis - 0.00501 (ms)
2026-07-10 03:19:14,308 [INFO] Pass: HighLevelSynthesis - 0.00930 (ms)
2026-07-10 03:19:14,308 [INFO] Pass: BasisTranslator - 0.05460 (ms)
2026-07-10 03:19:14,308 [INFO] Pass: ConsolidateBlocks - 0.04125 (ms)
2026-07-10 03:19:14,308 [INFO] Pass: UnitarySynthesis - 0.00429 (ms)
2026-07-10 03:19:14,308 [INFO] Pass: Depth - 0.00906 (ms)
2026-07-10 03:19:14,308 [INFO] Pass: FixedPoint - 0.00429 (ms)
2026-07-10 03:19:14,308 [INFO] Pass: Size - 0.00334 (ms)
2026-07-10 03:19:14,308 [INFO] Pass: FixedPoint - 0.00286 (ms)
2026-07-10 03:19:14,308 [INFO] Pass: RemoveIdentityEquivalent - 0.00381 (ms)
2026-07-10 03:19:14,308 [INFO] Pass: Optimize1qGatesDecomposition - 0.09394 (ms)
2026-07-10 03:19:14,308 [INFO] Pass: CommutativeCancellation - 0.05102 (ms)
2026-07-10 03:19:14,308 [INFO] Pass: ContractIdleWiresInControlFlow - 0.00191 (ms)
2026-07-10 03:19:14,308 [INFO] Pass: GatesInBasis - 0.00858 (ms)
2026-07-10 03:19:14,308 [INFO] Pass: Depth - 0.00739 (ms)
2026-07-10 03:19:14,308 [INFO] Pass: FixedPoint - 0.00381 (ms)
2026-07-10 03:19:14,309 [INFO] Pass: Size - 0.00191 (ms)
2026-07-10 03:19:14,309 [INFO] Pass: FixedPoint - 0.00262 (ms)
2026-07-10 03:19:14,309 [INFO] Pass: ContainsInstruction - 0.00501 (ms)
2026-07-10 03:19:14,309 [INFO] Total Transpile Time - 90.35444 (ms)
2026-07-10 03:19:14,399 [INFO] Pass: ContainsInstruction - 0.01097 (ms)
2026-07-10 03:19:14,399 [INFO] Pass: UnitarySynthesis - 0.00691 (ms)
2026-07-10 03:19:14,399 [INFO] Pass: HighLevelSynthesis - 0.00501 (ms)
2026-07-10 03:19:14,399 [INFO] Pass: BasisTranslator - 0.05746 (ms)
2026-07-10 03:19:14,399 [INFO] Pass: ElidePermutations - 0.00453 (ms)
2026-07-10 03:19:14,399 [INFO] Pass: RemoveDiagonalGatesBeforeMeasure - 0.00596 (ms)
2026-07-10 03:19:14,399 [INFO] Pass: RemoveIdentityEquivalent - 0.00501 (ms)
2026-07-10 03:19:14,399 [INFO] Pass: InverseCancellation - 0.01240 (ms)
2026-07-10 03:19:14,399 [INFO] Pass: ContractIdleWiresInControlFlow - 0.00238 (ms)
2026-07-10 03:19:14,399 [INFO] Pass: CommutativeCancellation - 0.02623 (ms)
2026-07-10 03:19:14,399 [INFO] Pass: ConsolidateBlocks - 0.03052 (ms)
2026-07-10 03:19:14,399 [INFO] Pass: Split2QUnitaries - 0.00310 (ms)
2026-07-10 03:19:14,399 [INFO] Pass: UnitarySynthesis - 0.00501 (ms)
2026-07-10 03:19:14,400 [INFO] Pass: HighLevelSynthesis - 0.00930 (ms)
2026-07-10 03:19:14,400 [INFO] Pass: BasisTranslator - 0.06056 (ms)
2026-07-10 03:19:14,400 [INFO] Pass: ConsolidateBlocks - 0.04053 (ms)
2026-07-10 03:19:14,400 [INFO] Pass: UnitarySynthesis - 0.00453 (ms)
2026-07-10 03:19:14,400 [INFO] Pass: Depth - 0.00930 (ms)
2026-07-10 03:19:14,400 [INFO] Pass: FixedPoint - 0.00453 (ms)
2026-07-10 03:19:14,400 [INFO] Pass: Size - 0.00310 (ms)
2026-07-10 03:19:14,400 [INFO] Pass: FixedPoint - 0.00286 (ms)
2026-07-10 03:19:14,400 [INFO] Pass: RemoveIdentityEquivalent - 0.00381 (ms)
2026-07-10 03:19:14,400 [INFO] Pass: Optimize1qGatesDecomposition - 0.10061 (ms)
2026-07-10 03:19:14,400 [INFO] Pass: CommutativeCancellation - 0.04625 (ms)
2026-07-10 03:19:14,400 [INFO] Pass: ContractIdleWiresInControlFlow - 0.00191 (ms)
2026-07-10 03:19:14,400 [INFO] Pass: GatesInBasis - 0.00834 (ms)
2026-07-10 03:19:14,400 [INFO] Pass: Depth - 0.00787 (ms)
2026-07-10 03:19:14,400 [INFO] Pass: FixedPoint - 0.00429 (ms)
2026-07-10 03:19:14,400 [INFO] Pass: Size - 0.00215 (ms)
2026-07-10 03:19:14,400 [INFO] Pass: FixedPoint - 0.00286 (ms)
2026-07-10 03:19:14,400 [INFO] Pass: RemoveIdentityEquivalent - 0.00358 (ms)
2026-07-10 03:19:14,400 [INFO] Pass: Optimize1qGatesDecomposition - 0.08011 (ms)
2026-07-10 03:19:14,400 [INFO] Pass: CommutativeCancellation - 0.03886 (ms)
2026-07-10 03:19:14,400 [INFO] Pass: ContractIdleWiresInControlFlow - 0.00191 (ms)
2026-07-10 03:19:14,400 [INFO] Pass: GatesInBasis - 0.00668 (ms)
2026-07-10 03:19:14,400 [INFO] Pass: Depth - 0.00691 (ms)
2026-07-10 03:19:14,400 [INFO] Pass: FixedPoint - 0.00334 (ms)
2026-07-10 03:19:14,401 [INFO] Pass: Size - 0.00215 (ms)
2026-07-10 03:19:14,401 [INFO] Pass: FixedPoint - 0.00286 (ms)
2026-07-10 03:19:14,401 [INFO] Pass: ContainsInstruction - 0.00548 (ms)
2026-07-10 03:19:14,401 [INFO] Total Transpile Time - 91.56275 (ms)
2026-07-10 03:19:26,321 [INFO] [PCE] n=20 instancia 12/40 completada en 0:00:00:12 — transcurrido=0:00:02:01 restante_estimado=0:00:04:43
2026-07-10 03:19:26,413 [INFO] Pass: ContainsInstruction - 0.01192 (ms)
2026-07-10 03:19:26,413 [INFO] Pass: UnitarySynthesis - 0.00834 (ms)
2026-07-10 03:19:26,414 [INFO] Pass: HighLevelSynthesis - 0.00596 (ms)
2026-07-10 03:19:26,414 [INFO] Pass: BasisTranslator - 0.06795 (ms)
2026-07-10 03:19:26,414 [INFO] Pass: ElidePermutations - 0.00477 (ms)
2026-07-10 03:19:26,414 [INFO] Pass: RemoveDiagonalGatesBeforeMeasure - 0.00668 (ms)
2026-07-10 03:19:26,414 [INFO] Pass: RemoveIdentityEquivalent - 0.00334 (ms)
2026-07-10 03:19:26,414 [INFO] Pass: InverseCancellation - 0.00548 (ms)
2026-07-10 03:19:26,414 [INFO] Pass: ContractIdleWiresInControlFlow - 0.00215 (ms)
2026-07-10 03:19:26,414 [INFO] Pass: CommutativeCancellation - 0.02241 (ms)
2026-07-10 03:19:26,414 [INFO] Pass: ConsolidateBlocks - 0.03219 (ms)
2026-07-10 03:19:26,414 [INFO] Pass: Split2QUnitaries - 0.00310 (ms)
2026-07-10 03:19:26,414 [INFO] Pass: UnitarySynthesis - 0.00548 (ms)
2026-07-10 03:19:26,414 [INFO] Pass: HighLevelSynthesis - 0.00906 (ms)
2026-07-10 03:19:26,414 [INFO] Pass: BasisTranslator - 0.05364 (ms)
2026-07-10 03:19:26,414 [INFO] Pass: ConsolidateBlocks - 0.04220 (ms)
2026-07-10 03:19:26,414 [INFO] Pass: UnitarySynthesis - 0.00429 (ms)
2026-07-10 03:19:26,414 [INFO] Pass: Depth - 0.00882 (ms)
2026-07-10 03:19:26,414 [INFO] Pass: FixedPoint - 0.00429 (ms)
2026-07-10 03:19:26,414 [INFO] Pass: Size - 0.00334 (ms)
2026-07-10 03:19:26,414 [INFO] Pass: FixedPoint - 0.00310 (ms)
2026-07-10 03:19:26,414 [INFO] Pass: RemoveIdentityEquivalent - 0.00238 (ms)
2026-07-10 03:19:26,414 [INFO] Pass: Optimize1qGatesDecomposition - 0.02933 (ms)
2026-07-10 03:19:26,414 [INFO] Pass: CommutativeCancellation - 0.04148 (ms)
2026-07-10 03:19:26,414 [INFO] Pass: ContractIdleWiresInControlFlow - 0.00215 (ms)
2026-07-10 03:19:26,414 [INFO] Pass: GatesInBasis - 0.00834 (ms)
2026-07-10 03:19:26,415 [INFO] Pass: Depth - 0.00763 (ms)
2026-07-10 03:19:26,415 [INFO] Pass: FixedPoint - 0.00358 (ms)
2026-07-10 03:19:26,415 [INFO] Pass: Size - 0.00215 (ms)
2026-07-10 03:19:26,415 [INFO] Pass: FixedPoint - 0.00310 (ms)
2026-07-10 03:19:26,415 [INFO] Pass: ContainsInstruction - 0.00453 (ms)
2026-07-10 03:19:26,415 [INFO] Total Transpile Time - 91.73012 (ms)
2026-07-10 03:19:26,504 [INFO] Pass: ContainsInstruction - 0.00954 (ms)
2026-07-10 03:19:26,504 [INFO] Pass: UnitarySynthesis - 0.00620 (ms)
2026-07-10 03:19:26,504 [INFO] Pass: HighLevelSynthesis - 0.00477 (ms)
2026-07-10 03:19:26,504 [INFO] Pass: BasisTranslator - 0.05412 (ms)
2026-07-10 03:19:26,504 [INFO] Pass: ElidePermutations - 0.00501 (ms)
2026-07-10 03:19:26,504 [INFO] Pass: RemoveDiagonalGatesBeforeMeasure - 0.00477 (ms)
2026-07-10 03:19:26,504 [INFO] Pass: RemoveIdentityEquivalent - 0.00405 (ms)
2026-07-10 03:19:26,504 [INFO] Pass: InverseCancellation - 0.01168 (ms)
2026-07-10 03:19:26,504 [INFO] Pass: ContractIdleWiresInControlFlow - 0.00215 (ms)
2026-07-10 03:19:26,504 [INFO] Pass: CommutativeCancellation - 0.02742 (ms)
2026-07-10 03:19:26,504 [INFO] Pass: ConsolidateBlocks - 0.02885 (ms)
2026-07-10 03:19:26,504 [INFO] Pass: Split2QUnitaries - 0.00286 (ms)
2026-07-10 03:19:26,504 [INFO] Pass: UnitarySynthesis - 0.00525 (ms)
2026-07-10 03:19:26,504 [INFO] Pass: HighLevelSynthesis - 0.00858 (ms)
2026-07-10 03:19:26,504 [INFO] Pass: BasisTranslator - 0.05317 (ms)
2026-07-10 03:19:26,505 [INFO] Pass: ConsolidateBlocks - 0.04029 (ms)
2026-07-10 03:19:26,505 [INFO] Pass: UnitarySynthesis - 0.00453 (ms)
2026-07-10 03:19:26,505 [INFO] Pass: Depth - 0.00882 (ms)
2026-07-10 03:19:26,505 [INFO] Pass: FixedPoint - 0.00429 (ms)
2026-07-10 03:19:26,505 [INFO] Pass: Size - 0.00262 (ms)
2026-07-10 03:19:26,505 [INFO] Pass: FixedPoint - 0.00262 (ms)
2026-07-10 03:19:26,505 [INFO] Pass: RemoveIdentityEquivalent - 0.00358 (ms)
2026-07-10 03:19:26,505 [INFO] Pass: Optimize1qGatesDecomposition - 0.09060 (ms)
2026-07-10 03:19:26,505 [INFO] Pass: CommutativeCancellation - 0.04768 (ms)
2026-07-10 03:19:26,505 [INFO] Pass: ContractIdleWiresInControlFlow - 0.00191 (ms)
2026-07-10 03:19:26,505 [INFO] Pass: GatesInBasis - 0.00739 (ms)
2026-07-10 03:19:26,505 [INFO] Pass: Depth - 0.00715 (ms)
2026-07-10 03:19:26,505 [INFO] Pass: FixedPoint - 0.00334 (ms)
2026-07-10 03:19:26,505 [INFO] Pass: Size - 0.00167 (ms)
2026-07-10 03:19:26,505 [INFO] Pass: FixedPoint - 0.00262 (ms)
2026-07-10 03:19:26,505 [INFO] Pass: ContainsInstruction - 0.00525 (ms)
2026-07-10 03:19:26,505 [INFO] Total Transpile Time - 90.02614 (ms)
2026-07-10 03:19:26,595 [INFO] Pass: ContainsInstruction - 0.00954 (ms)
2026-07-10 03:19:26,596 [INFO] Pass: UnitarySynthesis - 0.00620 (ms)
2026-07-10 03:19:26,596 [INFO] Pass: HighLevelSynthesis - 0.00405 (ms)
2026-07-10 03:19:26,596 [INFO] Pass: BasisTranslator - 0.05436 (ms)
2026-07-10 03:19:26,596 [INFO] Pass: ElidePermutations - 0.00358 (ms)
2026-07-10 03:19:26,596 [INFO] Pass: RemoveDiagonalGatesBeforeMeasure - 0.00453 (ms)
2026-07-10 03:19:26,596 [INFO] Pass: RemoveIdentityEquivalent - 0.00501 (ms)
2026-07-10 03:19:26,596 [INFO] Pass: InverseCancellation - 0.01073 (ms)
2026-07-10 03:19:26,596 [INFO] Pass: ContractIdleWiresInControlFlow - 0.00191 (ms)
2026-07-10 03:19:26,596 [INFO] Pass: CommutativeCancellation - 0.02217 (ms)
2026-07-10 03:19:26,596 [INFO] Pass: ConsolidateBlocks - 0.02766 (ms)
2026-07-10 03:19:26,596 [INFO] Pass: Split2QUnitaries - 0.00215 (ms)
2026-07-10 03:19:26,596 [INFO] Pass: UnitarySynthesis - 0.00501 (ms)
2026-07-10 03:19:26,596 [INFO] Pass: HighLevelSynthesis - 0.00882 (ms)
2026-07-10 03:19:26,596 [INFO] Pass: BasisTranslator - 0.05460 (ms)
2026-07-10 03:19:26,596 [INFO] Pass: ConsolidateBlocks - 0.03958 (ms)
2026-07-10 03:19:26,596 [INFO] Pass: UnitarySynthesis - 0.00429 (ms)
2026-07-10 03:19:26,596 [INFO] Pass: Depth - 0.00811 (ms)
2026-07-10 03:19:26,596 [INFO] Pass: FixedPoint - 0.00453 (ms)
2026-07-10 03:19:26,596 [INFO] Pass: Size - 0.00286 (ms)
2026-07-10 03:19:26,596 [INFO] Pass: FixedPoint - 0.00262 (ms)
2026-07-10 03:19:26,596 [INFO] Pass: RemoveIdentityEquivalent - 0.00358 (ms)
2026-07-10 03:19:26,596 [INFO] Pass: Optimize1qGatesDecomposition - 0.09108 (ms)
2026-07-10 03:19:26,596 [INFO] Pass: CommutativeCancellation - 0.04196 (ms)
2026-07-10 03:19:26,597 [INFO] Pass: ContractIdleWiresInControlFlow - 0.00191 (ms)
2026-07-10 03:19:26,597 [INFO] Pass: GatesInBasis - 0.00715 (ms)
2026-07-10 03:19:26,597 [INFO] Pass: Depth - 0.01478 (ms)
2026-07-10 03:19:26,597 [INFO] Pass: FixedPoint - 0.00405 (ms)
2026-07-10 03:19:26,597 [INFO] Pass: Size - 0.00215 (ms)
2026-07-10 03:19:26,597 [INFO] Pass: FixedPoint - 0.00286 (ms)
2026-07-10 03:19:26,597 [INFO] Pass: RemoveIdentityEquivalent - 0.00358 (ms)
2026-07-10 03:19:26,597 [INFO] Pass: Optimize1qGatesDecomposition - 0.07629 (ms)
2026-07-10 03:19:26,597 [INFO] Pass: CommutativeCancellation - 0.03529 (ms)
2026-07-10 03:19:26,597 [INFO] Pass: ContractIdleWiresInControlFlow - 0.00167 (ms)
2026-07-10 03:19:26,597 [INFO] Pass: GatesInBasis - 0.00644 (ms)
2026-07-10 03:19:26,597 [INFO] Pass: Depth - 0.00691 (ms)
2026-07-10 03:19:26,597 [INFO] Pass: FixedPoint - 0.00334 (ms)
2026-07-10 03:19:26,597 [INFO] Pass: Size - 0.00167 (ms)
2026-07-10 03:19:26,597 [INFO] Pass: FixedPoint - 0.00262 (ms)
2026-07-10 03:19:26,597 [INFO] Pass: ContainsInstruction - 0.00501 (ms)
2026-07-10 03:19:26,597 [INFO] Total Transpile Time - 91.51816 (ms)
2026-07-10 03:19:40,848 [INFO] [PCE] n=20 instancia 13/40 completada en 0:00:00:15 — transcurrido=0:00:02:16 restante_estimado=0:00:04:42
2026-07-10 03:19:40,940 [INFO] Pass: ContainsInstruction - 0.01144 (ms)
2026-07-10 03:19:40,940 [INFO] Pass: UnitarySynthesis - 0.00620 (ms)
2026-07-10 03:19:40,940 [INFO] Pass: HighLevelSynthesis - 0.00548 (ms)
2026-07-10 03:19:40,940 [INFO] Pass: BasisTranslator - 0.06175 (ms)
2026-07-10 03:19:40,940 [INFO] Pass: ElidePermutations - 0.00525 (ms)
2026-07-10 03:19:40,940 [INFO] Pass: RemoveDiagonalGatesBeforeMeasure - 0.00620 (ms)
2026-07-10 03:19:40,940 [INFO] Pass: RemoveIdentityEquivalent - 0.00381 (ms)
2026-07-10 03:19:40,940 [INFO] Pass: InverseCancellation - 0.00525 (ms)
2026-07-10 03:19:40,940 [INFO] Pass: ContractIdleWiresInControlFlow - 0.00262 (ms)
2026-07-10 03:19:40,940 [INFO] Pass: CommutativeCancellation - 0.02480 (ms)
2026-07-10 03:19:40,940 [INFO] Pass: ConsolidateBlocks - 0.03195 (ms)
2026-07-10 03:19:40,940 [INFO] Pass: Split2QUnitaries - 0.00310 (ms)
2026-07-10 03:19:40,940 [INFO] Pass: UnitarySynthesis - 0.00429 (ms)
2026-07-10 03:19:40,940 [INFO] Pass: HighLevelSynthesis - 0.00811 (ms)
2026-07-10 03:19:40,940 [INFO] Pass: BasisTranslator - 0.04983 (ms)
2026-07-10 03:19:40,940 [INFO] Pass: ConsolidateBlocks - 0.03862 (ms)
2026-07-10 03:19:40,940 [INFO] Pass: UnitarySynthesis - 0.00405 (ms)
2026-07-10 03:19:40,940 [INFO] Pass: Depth - 0.00858 (ms)
2026-07-10 03:19:40,940 [INFO] Pass: FixedPoint - 0.00429 (ms)
2026-07-10 03:19:40,940 [INFO] Pass: Size - 0.00334 (ms)
2026-07-10 03:19:40,940 [INFO] Pass: FixedPoint - 0.00262 (ms)
2026-07-10 03:19:40,940 [INFO] Pass: RemoveIdentityEquivalent - 0.00310 (ms)
2026-07-10 03:19:40,940 [INFO] Pass: Optimize1qGatesDecomposition - 0.02670 (ms)
2026-07-10 03:19:40,940 [INFO] Pass: CommutativeCancellation - 0.04315 (ms)
2026-07-10 03:19:40,941 [INFO] Pass: ContractIdleWiresInControlFlow - 0.00167 (ms)
2026-07-10 03:19:40,941 [INFO] Pass: GatesInBasis - 0.00811 (ms)
2026-07-10 03:19:40,941 [INFO] Pass: Depth - 0.00668 (ms)
2026-07-10 03:19:40,941 [INFO] Pass: FixedPoint - 0.00358 (ms)
2026-07-10 03:19:40,941 [INFO] Pass: Size - 0.00215 (ms)
2026-07-10 03:19:40,941 [INFO] Pass: FixedPoint - 0.00286 (ms)
2026-07-10 03:19:40,941 [INFO] Pass: ContainsInstruction - 0.00501 (ms)
2026-07-10 03:19:40,941 [INFO] Total Transpile Time - 91.05659 (ms)
2026-07-10 03:19:41,030 [INFO] Pass: ContainsInstruction - 0.01097 (ms)
2026-07-10 03:19:41,030 [INFO] Pass: UnitarySynthesis - 0.00644 (ms)
2026-07-10 03:19:41,030 [INFO] Pass: HighLevelSynthesis - 0.00525 (ms)
2026-07-10 03:19:41,030 [INFO] Pass: BasisTranslator - 0.05865 (ms)
2026-07-10 03:19:41,030 [INFO] Pass: ElidePermutations - 0.00596 (ms)
2026-07-10 03:19:41,030 [INFO] Pass: RemoveDiagonalGatesBeforeMeasure - 0.00620 (ms)
2026-07-10 03:19:41,030 [INFO] Pass: RemoveIdentityEquivalent - 0.00453 (ms)
2026-07-10 03:19:41,030 [INFO] Pass: InverseCancellation - 0.01264 (ms)
2026-07-10 03:19:41,030 [INFO] Pass: ContractIdleWiresInControlFlow - 0.00215 (ms)
2026-07-10 03:19:41,031 [INFO] Pass: CommutativeCancellation - 0.02980 (ms)
2026-07-10 03:19:41,031 [INFO] Pass: ConsolidateBlocks - 0.04077 (ms)
2026-07-10 03:19:41,031 [INFO] Pass: Split2QUnitaries - 0.00334 (ms)
2026-07-10 03:19:41,031 [INFO] Pass: UnitarySynthesis - 0.00501 (ms)
2026-07-10 03:19:41,031 [INFO] Pass: HighLevelSynthesis - 0.00858 (ms)
2026-07-10 03:19:41,031 [INFO] Pass: BasisTranslator - 0.05388 (ms)
2026-07-10 03:19:41,031 [INFO] Pass: ConsolidateBlocks - 0.03886 (ms)
2026-07-10 03:19:41,031 [INFO] Pass: UnitarySynthesis - 0.00429 (ms)
2026-07-10 03:19:41,031 [INFO] Pass: Depth - 0.00954 (ms)
2026-07-10 03:19:41,031 [INFO] Pass: FixedPoint - 0.00453 (ms)
2026-07-10 03:19:41,031 [INFO] Pass: Size - 0.00262 (ms)
2026-07-10 03:19:41,031 [INFO] Pass: FixedPoint - 0.00310 (ms)
2026-07-10 03:19:41,031 [INFO] Pass: RemoveIdentityEquivalent - 0.00334 (ms)
2026-07-10 03:19:41,031 [INFO] Pass: Optimize1qGatesDecomposition - 0.09394 (ms)
2026-07-10 03:19:41,031 [INFO] Pass: CommutativeCancellation - 0.04888 (ms)
2026-07-10 03:19:41,031 [INFO] Pass: ContractIdleWiresInControlFlow - 0.00167 (ms)
2026-07-10 03:19:41,031 [INFO] Pass: GatesInBasis - 0.00834 (ms)
2026-07-10 03:19:41,031 [INFO] Pass: Depth - 0.00739 (ms)
2026-07-10 03:19:41,031 [INFO] Pass: FixedPoint - 0.00358 (ms)
2026-07-10 03:19:41,031 [INFO] Pass: Size - 0.00191 (ms)
2026-07-10 03:19:41,031 [INFO] Pass: FixedPoint - 0.00262 (ms)
2026-07-10 03:19:41,031 [INFO] Pass: ContainsInstruction - 0.00501 (ms)
2026-07-10 03:19:41,032 [INFO] Total Transpile Time - 90.26170 (ms)
2026-07-10 03:19:41,121 [INFO] Pass: ContainsInstruction - 0.01073 (ms)
2026-07-10 03:19:41,121 [INFO] Pass: UnitarySynthesis - 0.00668 (ms)
2026-07-10 03:19:41,121 [INFO] Pass: HighLevelSynthesis - 0.00501 (ms)
2026-07-10 03:19:41,121 [INFO] Pass: BasisTranslator - 0.05674 (ms)
2026-07-10 03:19:41,121 [INFO] Pass: ElidePermutations - 0.00501 (ms)
2026-07-10 03:19:41,121 [INFO] Pass: RemoveDiagonalGatesBeforeMeasure - 0.00596 (ms)
2026-07-10 03:19:41,121 [INFO] Pass: RemoveIdentityEquivalent - 0.00477 (ms)
2026-07-10 03:19:41,121 [INFO] Pass: InverseCancellation - 0.01264 (ms)
2026-07-10 03:19:41,121 [INFO] Pass: ContractIdleWiresInControlFlow - 0.00238 (ms)
2026-07-10 03:19:41,121 [INFO] Pass: CommutativeCancellation - 0.02670 (ms)
2026-07-10 03:19:41,121 [INFO] Pass: ConsolidateBlocks - 0.03123 (ms)
2026-07-10 03:19:41,121 [INFO] Pass: Split2QUnitaries - 0.00286 (ms)
2026-07-10 03:19:41,121 [INFO] Pass: UnitarySynthesis - 0.00501 (ms)
2026-07-10 03:19:41,122 [INFO] Pass: HighLevelSynthesis - 0.00954 (ms)
2026-07-10 03:19:41,122 [INFO] Pass: BasisTranslator - 0.06628 (ms)
2026-07-10 03:19:41,122 [INFO] Pass: ConsolidateBlocks - 0.04125 (ms)
2026-07-10 03:19:41,122 [INFO] Pass: UnitarySynthesis - 0.00453 (ms)
2026-07-10 03:19:41,122 [INFO] Pass: Depth - 0.00882 (ms)
2026-07-10 03:19:41,122 [INFO] Pass: FixedPoint - 0.00453 (ms)
2026-07-10 03:19:41,122 [INFO] Pass: Size - 0.00286 (ms)
2026-07-10 03:19:41,122 [INFO] Pass: FixedPoint - 0.00310 (ms)
2026-07-10 03:19:41,122 [INFO] Pass: RemoveIdentityEquivalent - 0.00429 (ms)
2026-07-10 03:19:41,122 [INFO] Pass: Optimize1qGatesDecomposition - 0.09847 (ms)
2026-07-10 03:19:41,122 [INFO] Pass: CommutativeCancellation - 0.04625 (ms)
2026-07-10 03:19:41,122 [INFO] Pass: ContractIdleWiresInControlFlow - 0.00191 (ms)
2026-07-10 03:19:41,122 [INFO] Pass: GatesInBasis - 0.00834 (ms)
2026-07-10 03:19:41,122 [INFO] Pass: Depth - 0.00858 (ms)
2026-07-10 03:19:41,122 [INFO] Pass: FixedPoint - 0.00334 (ms)
2026-07-10 03:19:41,122 [INFO] Pass: Size - 0.00167 (ms)
2026-07-10 03:19:41,122 [INFO] Pass: FixedPoint - 0.00262 (ms)
2026-07-10 03:19:41,122 [INFO] Pass: RemoveIdentityEquivalent - 0.00381 (ms)
2026-07-10 03:19:41,122 [INFO] Pass: Optimize1qGatesDecomposition - 0.07677 (ms)
2026-07-10 03:19:41,122 [INFO] Pass: CommutativeCancellation - 0.03839 (ms)
2026-07-10 03:19:41,122 [INFO] Pass: ContractIdleWiresInControlFlow - 0.00191 (ms)
2026-07-10 03:19:41,122 [INFO] Pass: GatesInBasis - 0.00644 (ms)
2026-07-10 03:19:41,122 [INFO] Pass: Depth - 0.00691 (ms)
2026-07-10 03:19:41,122 [INFO] Pass: FixedPoint - 0.00334 (ms)
2026-07-10 03:19:41,123 [INFO] Pass: Size - 0.00191 (ms)
2026-07-10 03:19:41,123 [INFO] Pass: FixedPoint - 0.00286 (ms)
2026-07-10 03:19:41,123 [INFO] Pass: ContainsInstruction - 0.00501 (ms)
2026-07-10 03:19:41,123 [INFO] Total Transpile Time - 90.74903 (ms)
2026-07-10 03:19:49,988 [INFO] [PCE] n=20 instancia 14/40 completada en 0:00:00:09 — transcurrido=0:00:02:25 restante_estimado=0:00:04:29
2026-07-10 03:19:50,077 [INFO] Pass: ContainsInstruction - 0.01144 (ms)
2026-07-10 03:19:50,077 [INFO] Pass: UnitarySynthesis - 0.00644 (ms)
2026-07-10 03:19:50,077 [INFO] Pass: HighLevelSynthesis - 0.00501 (ms)
2026-07-10 03:19:50,077 [INFO] Pass: BasisTranslator - 0.06032 (ms)
2026-07-10 03:19:50,077 [INFO] Pass: ElidePermutations - 0.00477 (ms)
2026-07-10 03:19:50,077 [INFO] Pass: RemoveDiagonalGatesBeforeMeasure - 0.00739 (ms)
2026-07-10 03:19:50,077 [INFO] Pass: RemoveIdentityEquivalent - 0.00358 (ms)
2026-07-10 03:19:50,078 [INFO] Pass: InverseCancellation - 0.00477 (ms)
2026-07-10 03:19:50,078 [INFO] Pass: ContractIdleWiresInControlFlow - 0.00191 (ms)
2026-07-10 03:19:50,078 [INFO] Pass: CommutativeCancellation - 0.02003 (ms)
2026-07-10 03:19:50,078 [INFO] Pass: ConsolidateBlocks - 0.03123 (ms)
2026-07-10 03:19:50,078 [INFO] Pass: Split2QUnitaries - 0.00310 (ms)
2026-07-10 03:19:50,078 [INFO] Pass: UnitarySynthesis - 0.00453 (ms)
2026-07-10 03:19:50,078 [INFO] Pass: HighLevelSynthesis - 0.00858 (ms)
2026-07-10 03:19:50,078 [INFO] Pass: BasisTranslator - 0.05102 (ms)
2026-07-10 03:19:50,078 [INFO] Pass: ConsolidateBlocks - 0.03886 (ms)
2026-07-10 03:19:50,078 [INFO] Pass: UnitarySynthesis - 0.00405 (ms)
2026-07-10 03:19:50,078 [INFO] Pass: Depth - 0.00787 (ms)
2026-07-10 03:19:50,078 [INFO] Pass: FixedPoint - 0.00453 (ms)
2026-07-10 03:19:50,078 [INFO] Pass: Size - 0.00310 (ms)
2026-07-10 03:19:50,078 [INFO] Pass: FixedPoint - 0.00286 (ms)
2026-07-10 03:19:50,078 [INFO] Pass: RemoveIdentityEquivalent - 0.00286 (ms)
2026-07-10 03:19:50,078 [INFO] Pass: Optimize1qGatesDecomposition - 0.02599 (ms)
2026-07-10 03:19:50,078 [INFO] Pass: CommutativeCancellation - 0.03958 (ms)
2026-07-10 03:19:50,078 [INFO] Pass: ContractIdleWiresInControlFlow - 0.00167 (ms)
2026-07-10 03:19:50,078 [INFO] Pass: GatesInBasis - 0.00787 (ms)
2026-07-10 03:19:50,078 [INFO] Pass: Depth - 0.00620 (ms)
2026-07-10 03:19:50,078 [INFO] Pass: FixedPoint - 0.00381 (ms)
2026-07-10 03:19:50,078 [INFO] Pass: Size - 0.00215 (ms)
2026-07-10 03:19:50,078 [INFO] Pass: FixedPoint - 0.00286 (ms)
2026-07-10 03:19:50,078 [INFO] Pass: ContainsInstruction - 0.00525 (ms)
2026-07-10 03:19:50,079 [INFO] Total Transpile Time - 88.42516 (ms)
2026-07-10 03:19:50,164 [INFO] Pass: ContainsInstruction - 0.01073 (ms)
2026-07-10 03:19:50,164 [INFO] Pass: UnitarySynthesis - 0.00668 (ms)
2026-07-10 03:19:50,164 [INFO] Pass: HighLevelSynthesis - 0.00477 (ms)
2026-07-10 03:19:50,164 [INFO] Pass: BasisTranslator - 0.06056 (ms)
2026-07-10 03:19:50,164 [INFO] Pass: ElidePermutations - 0.00525 (ms)
2026-07-10 03:19:50,164 [INFO] Pass: RemoveDiagonalGatesBeforeMeasure - 0.00572 (ms)
2026-07-10 03:19:50,164 [INFO] Pass: RemoveIdentityEquivalent - 0.00525 (ms)
2026-07-10 03:19:50,164 [INFO] Pass: InverseCancellation - 0.01264 (ms)
2026-07-10 03:19:50,164 [INFO] Pass: ContractIdleWiresInControlFlow - 0.00215 (ms)
2026-07-10 03:19:50,164 [INFO] Pass: CommutativeCancellation - 0.02551 (ms)
2026-07-10 03:19:50,164 [INFO] Pass: ConsolidateBlocks - 0.02885 (ms)
2026-07-10 03:19:50,164 [INFO] Pass: Split2QUnitaries - 0.00286 (ms)
2026-07-10 03:19:50,164 [INFO] Pass: UnitarySynthesis - 0.00429 (ms)
2026-07-10 03:19:50,164 [INFO] Pass: HighLevelSynthesis - 0.00834 (ms)
2026-07-10 03:19:50,164 [INFO] Pass: BasisTranslator - 0.05031 (ms)
2026-07-10 03:19:50,164 [INFO] Pass: ConsolidateBlocks - 0.03815 (ms)
2026-07-10 03:19:50,164 [INFO] Pass: UnitarySynthesis - 0.00429 (ms)
2026-07-10 03:19:50,164 [INFO] Pass: Depth - 0.00882 (ms)
2026-07-10 03:19:50,164 [INFO] Pass: FixedPoint - 0.00429 (ms)
2026-07-10 03:19:50,165 [INFO] Pass: Size - 0.00310 (ms)
2026-07-10 03:19:50,165 [INFO] Pass: FixedPoint - 0.00286 (ms)
2026-07-10 03:19:50,165 [INFO] Pass: RemoveIdentityEquivalent - 0.00358 (ms)
2026-07-10 03:19:50,165 [INFO] Pass: Optimize1qGatesDecomposition - 0.09227 (ms)
2026-07-10 03:19:50,165 [INFO] Pass: CommutativeCancellation - 0.04673 (ms)
2026-07-10 03:19:50,165 [INFO] Pass: ContractIdleWiresInControlFlow - 0.00167 (ms)
2026-07-10 03:19:50,165 [INFO] Pass: GatesInBasis - 0.00739 (ms)
2026-07-10 03:19:50,165 [INFO] Pass: Depth - 0.00715 (ms)
2026-07-10 03:19:50,165 [INFO] Pass: FixedPoint - 0.00381 (ms)
2026-07-10 03:19:50,165 [INFO] Pass: Size - 0.00238 (ms)
2026-07-10 03:19:50,165 [INFO] Pass: FixedPoint - 0.00286 (ms)
2026-07-10 03:19:50,165 [INFO] Pass: ContainsInstruction - 0.00477 (ms)
2026-07-10 03:19:50,165 [INFO] Total Transpile Time - 86.14278 (ms)
2026-07-10 03:19:50,251 [INFO] Pass: ContainsInstruction - 0.01049 (ms)
2026-07-10 03:19:50,251 [INFO] Pass: UnitarySynthesis - 0.00620 (ms)
2026-07-10 03:19:50,251 [INFO] Pass: HighLevelSynthesis - 0.00501 (ms)
2026-07-10 03:19:50,251 [INFO] Pass: BasisTranslator - 0.05722 (ms)
2026-07-10 03:19:50,251 [INFO] Pass: ElidePermutations - 0.00501 (ms)
2026-07-10 03:19:50,251 [INFO] Pass: RemoveDiagonalGatesBeforeMeasure - 0.00572 (ms)
2026-07-10 03:19:50,251 [INFO] Pass: RemoveIdentityEquivalent - 0.00525 (ms)
2026-07-10 03:19:50,251 [INFO] Pass: InverseCancellation - 0.01264 (ms)
2026-07-10 03:19:50,251 [INFO] Pass: ContractIdleWiresInControlFlow - 0.00191 (ms)
2026-07-10 03:19:50,251 [INFO] Pass: CommutativeCancellation - 0.02360 (ms)
2026-07-10 03:19:50,251 [INFO] Pass: ConsolidateBlocks - 0.03052 (ms)
2026-07-10 03:19:50,251 [INFO] Pass: Split2QUnitaries - 0.00286 (ms)
2026-07-10 03:19:50,251 [INFO] Pass: UnitarySynthesis - 0.00477 (ms)
2026-07-10 03:19:50,251 [INFO] Pass: HighLevelSynthesis - 0.00930 (ms)
2026-07-10 03:19:50,252 [INFO] Pass: BasisTranslator - 0.05054 (ms)
2026-07-10 03:19:50,252 [INFO] Pass: ConsolidateBlocks - 0.03910 (ms)
2026-07-10 03:19:50,252 [INFO] Pass: UnitarySynthesis - 0.00405 (ms)
2026-07-10 03:19:50,252 [INFO] Pass: Depth - 0.00858 (ms)
2026-07-10 03:19:50,252 [INFO] Pass: FixedPoint - 0.00429 (ms)
2026-07-10 03:19:50,252 [INFO] Pass: Size - 0.00262 (ms)
2026-07-10 03:19:50,252 [INFO] Pass: FixedPoint - 0.00262 (ms)
2026-07-10 03:19:50,252 [INFO] Pass: RemoveIdentityEquivalent - 0.00358 (ms)
2026-07-10 03:19:50,252 [INFO] Pass: Optimize1qGatesDecomposition - 0.09608 (ms)
2026-07-10 03:19:50,252 [INFO] Pass: CommutativeCancellation - 0.04148 (ms)
2026-07-10 03:19:50,252 [INFO] Pass: ContractIdleWiresInControlFlow - 0.00167 (ms)
2026-07-10 03:19:50,252 [INFO] Pass: GatesInBasis - 0.00811 (ms)
2026-07-10 03:19:50,252 [INFO] Pass: Depth - 0.00787 (ms)
2026-07-10 03:19:50,252 [INFO] Pass: FixedPoint - 0.00381 (ms)
2026-07-10 03:19:50,252 [INFO] Pass: Size - 0.00215 (ms)
2026-07-10 03:19:50,252 [INFO] Pass: FixedPoint - 0.00286 (ms)
2026-07-10 03:19:50,252 [INFO] Pass: RemoveIdentityEquivalent - 0.00334 (ms)
2026-07-10 03:19:50,252 [INFO] Pass: Optimize1qGatesDecomposition - 0.07415 (ms)
2026-07-10 03:19:50,252 [INFO] Pass: CommutativeCancellation - 0.03505 (ms)
2026-07-10 03:19:50,252 [INFO] Pass: ContractIdleWiresInControlFlow - 0.00167 (ms)
2026-07-10 03:19:50,252 [INFO] Pass: GatesInBasis - 0.00596 (ms)
2026-07-10 03:19:50,252 [INFO] Pass: Depth - 0.00644 (ms)
2026-07-10 03:19:50,252 [INFO] Pass: FixedPoint - 0.00310 (ms)
2026-07-10 03:19:50,252 [INFO] Pass: Size - 0.00191 (ms)
2026-07-10 03:19:50,252 [INFO] Pass: FixedPoint - 0.00238 (ms)
2026-07-10 03:19:50,252 [INFO] Pass: ContainsInstruction - 0.00453 (ms)
2026-07-10 03:19:50,253 [INFO] Total Transpile Time - 87.14652 (ms)
2026-07-10 03:20:00,587 [INFO] [PCE] n=20 instancia 15/40 completada en 0:00:00:11 — transcurrido=0:00:02:35 restante_estimado=0:00:04:19
2026-07-10 03:20:00,676 [INFO] Pass: ContainsInstruction - 0.01192 (ms)
2026-07-10 03:20:00,676 [INFO] Pass: UnitarySynthesis - 0.00644 (ms)
2026-07-10 03:20:00,676 [INFO] Pass: HighLevelSynthesis - 0.00572 (ms)
2026-07-10 03:20:00,676 [INFO] Pass: BasisTranslator - 0.05865 (ms)
2026-07-10 03:20:00,676 [INFO] Pass: ElidePermutations - 0.00525 (ms)
2026-07-10 03:20:00,676 [INFO] Pass: RemoveDiagonalGatesBeforeMeasure - 0.00644 (ms)
2026-07-10 03:20:00,676 [INFO] Pass: RemoveIdentityEquivalent - 0.00334 (ms)
2026-07-10 03:20:00,676 [INFO] Pass: InverseCancellation - 0.00477 (ms)
2026-07-10 03:20:00,676 [INFO] Pass: ContractIdleWiresInControlFlow - 0.00215 (ms)
2026-07-10 03:20:00,676 [INFO] Pass: CommutativeCancellation - 0.01979 (ms)
2026-07-10 03:20:00,676 [INFO] Pass: ConsolidateBlocks - 0.02956 (ms)
2026-07-10 03:20:00,676 [INFO] Pass: Split2QUnitaries - 0.00286 (ms)
2026-07-10 03:20:00,676 [INFO] Pass: UnitarySynthesis - 0.00501 (ms)
2026-07-10 03:20:00,676 [INFO] Pass: HighLevelSynthesis - 0.00811 (ms)
2026-07-10 03:20:00,676 [INFO] Pass: BasisTranslator - 0.05007 (ms)
2026-07-10 03:20:00,676 [INFO] Pass: ConsolidateBlocks - 0.03839 (ms)
2026-07-10 03:20:00,677 [INFO] Pass: UnitarySynthesis - 0.00381 (ms)
2026-07-10 03:20:00,677 [INFO] Pass: Depth - 0.00834 (ms)
2026-07-10 03:20:00,677 [INFO] Pass: FixedPoint - 0.00501 (ms)
2026-07-10 03:20:00,677 [INFO] Pass: Size - 0.00334 (ms)
2026-07-10 03:20:00,677 [INFO] Pass: FixedPoint - 0.00262 (ms)
2026-07-10 03:20:00,677 [INFO] Pass: RemoveIdentityEquivalent - 0.00262 (ms)
2026-07-10 03:20:00,677 [INFO] Pass: Optimize1qGatesDecomposition - 0.02742 (ms)
2026-07-10 03:20:00,677 [INFO] Pass: CommutativeCancellation - 0.04172 (ms)
2026-07-10 03:20:00,677 [INFO] Pass: ContractIdleWiresInControlFlow - 0.00191 (ms)
2026-07-10 03:20:00,677 [INFO] Pass: GatesInBasis - 0.00811 (ms)
2026-07-10 03:20:00,677 [INFO] Pass: Depth - 0.00620 (ms)
2026-07-10 03:20:00,677 [INFO] Pass: FixedPoint - 0.00334 (ms)
2026-07-10 03:20:00,677 [INFO] Pass: Size - 0.00215 (ms)
2026-07-10 03:20:00,677 [INFO] Pass: FixedPoint - 0.00262 (ms)
2026-07-10 03:20:00,677 [INFO] Pass: ContainsInstruction - 0.00477 (ms)
2026-07-10 03:20:00,677 [INFO] Total Transpile Time - 87.87227 (ms)
2026-07-10 03:20:00,763 [INFO] Pass: ContainsInstruction - 0.01073 (ms)
2026-07-10 03:20:00,763 [INFO] Pass: UnitarySynthesis - 0.00715 (ms)
2026-07-10 03:20:00,763 [INFO] Pass: HighLevelSynthesis - 0.00501 (ms)
2026-07-10 03:20:00,763 [INFO] Pass: BasisTranslator - 0.05984 (ms)
2026-07-10 03:20:00,763 [INFO] Pass: ElidePermutations - 0.00477 (ms)
2026-07-10 03:20:00,763 [INFO] Pass: RemoveDiagonalGatesBeforeMeasure - 0.00572 (ms)
2026-07-10 03:20:00,763 [INFO] Pass: RemoveIdentityEquivalent - 0.00429 (ms)
2026-07-10 03:20:00,763 [INFO] Pass: InverseCancellation - 0.01287 (ms)
2026-07-10 03:20:00,763 [INFO] Pass: ContractIdleWiresInControlFlow - 0.00191 (ms)
2026-07-10 03:20:00,763 [INFO] Pass: CommutativeCancellation - 0.02551 (ms)
2026-07-10 03:20:00,763 [INFO] Pass: ConsolidateBlocks - 0.03028 (ms)
2026-07-10 03:20:00,763 [INFO] Pass: Split2QUnitaries - 0.00286 (ms)
2026-07-10 03:20:00,763 [INFO] Pass: UnitarySynthesis - 0.00525 (ms)
2026-07-10 03:20:00,763 [INFO] Pass: HighLevelSynthesis - 0.00954 (ms)
2026-07-10 03:20:00,763 [INFO] Pass: BasisTranslator - 0.05102 (ms)
2026-07-10 03:20:00,764 [INFO] Pass: ConsolidateBlocks - 0.03839 (ms)
2026-07-10 03:20:00,764 [INFO] Pass: UnitarySynthesis - 0.00453 (ms)
2026-07-10 03:20:00,764 [INFO] Pass: Depth - 0.00858 (ms)
2026-07-10 03:20:00,764 [INFO] Pass: FixedPoint - 0.00453 (ms)
2026-07-10 03:20:00,764 [INFO] Pass: Size - 0.00286 (ms)
2026-07-10 03:20:00,764 [INFO] Pass: FixedPoint - 0.00286 (ms)
2026-07-10 03:20:00,764 [INFO] Pass: RemoveIdentityEquivalent - 0.00310 (ms)
2026-07-10 03:20:00,764 [INFO] Pass: Optimize1qGatesDecomposition - 0.08869 (ms)
2026-07-10 03:20:00,764 [INFO] Pass: CommutativeCancellation - 0.04816 (ms)
2026-07-10 03:20:00,764 [INFO] Pass: ContractIdleWiresInControlFlow - 0.00191 (ms)
2026-07-10 03:20:00,764 [INFO] Pass: GatesInBasis - 0.00811 (ms)
2026-07-10 03:20:00,764 [INFO] Pass: Depth - 0.00691 (ms)
2026-07-10 03:20:00,764 [INFO] Pass: FixedPoint - 0.00358 (ms)
2026-07-10 03:20:00,764 [INFO] Pass: Size - 0.00215 (ms)
2026-07-10 03:20:00,764 [INFO] Pass: FixedPoint - 0.00286 (ms)
2026-07-10 03:20:00,764 [INFO] Pass: ContainsInstruction - 0.00525 (ms)
2026-07-10 03:20:00,764 [INFO] Total Transpile Time - 86.71880 (ms)
2026-07-10 03:20:00,849 [INFO] Pass: ContainsInstruction - 0.01025 (ms)
2026-07-10 03:20:00,850 [INFO] Pass: UnitarySynthesis - 0.00644 (ms)
2026-07-10 03:20:00,850 [INFO] Pass: HighLevelSynthesis - 0.00501 (ms)
2026-07-10 03:20:00,850 [INFO] Pass: BasisTranslator - 0.05913 (ms)
2026-07-10 03:20:00,850 [INFO] Pass: ElidePermutations - 0.00429 (ms)
2026-07-10 03:20:00,850 [INFO] Pass: RemoveDiagonalGatesBeforeMeasure - 0.00596 (ms)
2026-07-10 03:20:00,850 [INFO] Pass: RemoveIdentityEquivalent - 0.00477 (ms)
2026-07-10 03:20:00,850 [INFO] Pass: InverseCancellation - 0.01287 (ms)
2026-07-10 03:20:00,850 [INFO] Pass: ContractIdleWiresInControlFlow - 0.00191 (ms)
2026-07-10 03:20:00,850 [INFO] Pass: CommutativeCancellation - 0.02503 (ms)
2026-07-10 03:20:00,850 [INFO] Pass: ConsolidateBlocks - 0.03028 (ms)
2026-07-10 03:20:00,850 [INFO] Pass: Split2QUnitaries - 0.00358 (ms)
2026-07-10 03:20:00,850 [INFO] Pass: UnitarySynthesis - 0.00525 (ms)
2026-07-10 03:20:00,850 [INFO] Pass: HighLevelSynthesis - 0.00978 (ms)
2026-07-10 03:20:00,850 [INFO] Pass: BasisTranslator - 0.05221 (ms)
2026-07-10 03:20:00,850 [INFO] Pass: ConsolidateBlocks - 0.03839 (ms)
2026-07-10 03:20:00,850 [INFO] Pass: UnitarySynthesis - 0.00429 (ms)
2026-07-10 03:20:00,850 [INFO] Pass: Depth - 0.00906 (ms)
2026-07-10 03:20:00,850 [INFO] Pass: FixedPoint - 0.00525 (ms)
2026-07-10 03:20:00,850 [INFO] Pass: Size - 0.00310 (ms)
2026-07-10 03:20:00,850 [INFO] Pass: FixedPoint - 0.00310 (ms)
2026-07-10 03:20:00,850 [INFO] Pass: RemoveIdentityEquivalent - 0.00358 (ms)
2026-07-10 03:20:00,850 [INFO] Pass: Optimize1qGatesDecomposition - 0.09489 (ms)
2026-07-10 03:20:00,850 [INFO] Pass: CommutativeCancellation - 0.04315 (ms)
2026-07-10 03:20:00,851 [INFO] Pass: ContractIdleWiresInControlFlow - 0.00191 (ms)
2026-07-10 03:20:00,851 [INFO] Pass: GatesInBasis - 0.00787 (ms)
2026-07-10 03:20:00,851 [INFO] Pass: Depth - 0.00787 (ms)
2026-07-10 03:20:00,851 [INFO] Pass: FixedPoint - 0.00381 (ms)
2026-07-10 03:20:00,851 [INFO] Pass: Size - 0.00167 (ms)
2026-07-10 03:20:00,851 [INFO] Pass: FixedPoint - 0.00262 (ms)
2026-07-10 03:20:00,851 [INFO] Pass: RemoveIdentityEquivalent - 0.00334 (ms)
2026-07-10 03:20:00,851 [INFO] Pass: Optimize1qGatesDecomposition - 0.07558 (ms)
2026-07-10 03:20:00,851 [INFO] Pass: CommutativeCancellation - 0.03815 (ms)
2026-07-10 03:20:00,851 [INFO] Pass: ContractIdleWiresInControlFlow - 0.00143 (ms)
2026-07-10 03:20:00,851 [INFO] Pass: GatesInBasis - 0.00620 (ms)
2026-07-10 03:20:00,851 [INFO] Pass: Depth - 0.00644 (ms)
2026-07-10 03:20:00,851 [INFO] Pass: FixedPoint - 0.00334 (ms)
2026-07-10 03:20:00,851 [INFO] Pass: Size - 0.00215 (ms)
2026-07-10 03:20:00,851 [INFO] Pass: FixedPoint - 0.00262 (ms)
2026-07-10 03:20:00,851 [INFO] Pass: ContainsInstruction - 0.00477 (ms)
2026-07-10 03:20:00,851 [INFO] Total Transpile Time - 86.54761 (ms)
2026-07-10 03:20:11,272 [INFO] [PCE] n=20 instancia 16/40 completada en 0:00:00:11 — transcurrido=0:00:02:46 restante_estimado=0:00:04:09
2026-07-10 03:20:11,359 [INFO] Pass: ContainsInstruction - 0.01192 (ms)
2026-07-10 03:20:11,359 [INFO] Pass: UnitarySynthesis - 0.00668 (ms)
2026-07-10 03:20:11,359 [INFO] Pass: HighLevelSynthesis - 0.00501 (ms)
2026-07-10 03:20:11,360 [INFO] Pass: BasisTranslator - 0.05960 (ms)
2026-07-10 03:20:11,360 [INFO] Pass: ElidePermutations - 0.01287 (ms)
2026-07-10 03:20:11,360 [INFO] Pass: RemoveDiagonalGatesBeforeMeasure - 0.00644 (ms)
2026-07-10 03:20:11,360 [INFO] Pass: RemoveIdentityEquivalent - 0.00334 (ms)
2026-07-10 03:20:11,360 [INFO] Pass: InverseCancellation - 0.00453 (ms)
2026-07-10 03:20:11,360 [INFO] Pass: ContractIdleWiresInControlFlow - 0.00238 (ms)
2026-07-10 03:20:11,360 [INFO] Pass: CommutativeCancellation - 0.02074 (ms)
2026-07-10 03:20:11,360 [INFO] Pass: ConsolidateBlocks - 0.03195 (ms)
2026-07-10 03:20:11,360 [INFO] Pass: Split2QUnitaries - 0.00286 (ms)
2026-07-10 03:20:11,360 [INFO] Pass: UnitarySynthesis - 0.00477 (ms)
2026-07-10 03:20:11,360 [INFO] Pass: HighLevelSynthesis - 0.00858 (ms)
2026-07-10 03:20:11,360 [INFO] Pass: BasisTranslator - 0.04983 (ms)
2026-07-10 03:20:11,360 [INFO] Pass: ConsolidateBlocks - 0.03839 (ms)
2026-07-10 03:20:11,360 [INFO] Pass: UnitarySynthesis - 0.00381 (ms)
2026-07-10 03:20:11,360 [INFO] Pass: Depth - 0.00858 (ms)
2026-07-10 03:20:11,360 [INFO] Pass: FixedPoint - 0.00429 (ms)
2026-07-10 03:20:11,360 [INFO] Pass: Size - 0.00334 (ms)
2026-07-10 03:20:11,360 [INFO] Pass: FixedPoint - 0.00238 (ms)
2026-07-10 03:20:11,360 [INFO] Pass: RemoveIdentityEquivalent - 0.00262 (ms)
2026-07-10 03:20:11,360 [INFO] Pass: Optimize1qGatesDecomposition - 0.02599 (ms)
2026-07-10 03:20:11,360 [INFO] Pass: CommutativeCancellation - 0.04172 (ms)
2026-07-10 03:20:11,360 [INFO] Pass: ContractIdleWiresInControlFlow - 0.00191 (ms)
2026-07-10 03:20:11,360 [INFO] Pass: GatesInBasis - 0.00811 (ms)
2026-07-10 03:20:11,360 [INFO] Pass: Depth - 0.00596 (ms)
2026-07-10 03:20:11,360 [INFO] Pass: FixedPoint - 0.00358 (ms)
2026-07-10 03:20:11,360 [INFO] Pass: Size - 0.00215 (ms)
2026-07-10 03:20:11,360 [INFO] Pass: FixedPoint - 0.00238 (ms)
2026-07-10 03:20:11,360 [INFO] Pass: ContainsInstruction - 0.00501 (ms)
2026-07-10 03:20:11,361 [INFO] Total Transpile Time - 86.94625 (ms)
2026-07-10 03:20:11,445 [INFO] Pass: ContainsInstruction - 0.01025 (ms)
2026-07-10 03:20:11,445 [INFO] Pass: UnitarySynthesis - 0.00620 (ms)
2026-07-10 03:20:11,446 [INFO] Pass: HighLevelSynthesis - 0.00477 (ms)
2026-07-10 03:20:11,446 [INFO] Pass: BasisTranslator - 0.05889 (ms)
2026-07-10 03:20:11,446 [INFO] Pass: ElidePermutations - 0.00429 (ms)
2026-07-10 03:20:11,446 [INFO] Pass: RemoveDiagonalGatesBeforeMeasure - 0.00620 (ms)
2026-07-10 03:20:11,446 [INFO] Pass: RemoveIdentityEquivalent - 0.00477 (ms)
2026-07-10 03:20:11,446 [INFO] Pass: InverseCancellation - 0.01287 (ms)
2026-07-10 03:20:11,446 [INFO] Pass: ContractIdleWiresInControlFlow - 0.00215 (ms)
2026-07-10 03:20:11,446 [INFO] Pass: CommutativeCancellation - 0.02646 (ms)
2026-07-10 03:20:11,446 [INFO] Pass: ConsolidateBlocks - 0.03052 (ms)
2026-07-10 03:20:11,446 [INFO] Pass: Split2QUnitaries - 0.00286 (ms)
2026-07-10 03:20:11,446 [INFO] Pass: UnitarySynthesis - 0.00501 (ms)
2026-07-10 03:20:11,446 [INFO] Pass: HighLevelSynthesis - 0.00906 (ms)
2026-07-10 03:20:11,446 [INFO] Pass: BasisTranslator - 0.05317 (ms)
2026-07-10 03:20:11,446 [INFO] Pass: ConsolidateBlocks - 0.03886 (ms)
2026-07-10 03:20:11,446 [INFO] Pass: UnitarySynthesis - 0.00429 (ms)
2026-07-10 03:20:11,446 [INFO] Pass: Depth - 0.00858 (ms)
2026-07-10 03:20:11,446 [INFO] Pass: FixedPoint - 0.00453 (ms)
2026-07-10 03:20:11,446 [INFO] Pass: Size - 0.00262 (ms)
2026-07-10 03:20:11,446 [INFO] Pass: FixedPoint - 0.00262 (ms)
2026-07-10 03:20:11,446 [INFO] Pass: RemoveIdentityEquivalent - 0.00381 (ms)
2026-07-10 03:20:11,446 [INFO] Pass: Optimize1qGatesDecomposition - 0.08941 (ms)
2026-07-10 03:20:11,446 [INFO] Pass: CommutativeCancellation - 0.04673 (ms)
2026-07-10 03:20:11,446 [INFO] Pass: ContractIdleWiresInControlFlow - 0.00215 (ms)
2026-07-10 03:20:11,447 [INFO] Pass: GatesInBasis - 0.00787 (ms)
2026-07-10 03:20:11,447 [INFO] Pass: Depth - 0.00691 (ms)
2026-07-10 03:20:11,447 [INFO] Pass: FixedPoint - 0.00358 (ms)
2026-07-10 03:20:11,447 [INFO] Pass: Size - 0.00215 (ms)
2026-07-10 03:20:11,447 [INFO] Pass: FixedPoint - 0.00262 (ms)
2026-07-10 03:20:11,447 [INFO] Pass: ContainsInstruction - 0.00477 (ms)
2026-07-10 03:20:11,447 [INFO] Total Transpile Time - 85.75463 (ms)
2026-07-10 03:20:11,533 [INFO] Pass: ContainsInstruction - 0.01073 (ms)
2026-07-10 03:20:11,533 [INFO] Pass: UnitarySynthesis - 0.00668 (ms)
2026-07-10 03:20:11,533 [INFO] Pass: HighLevelSynthesis - 0.00453 (ms)
2026-07-10 03:20:11,533 [INFO] Pass: BasisTranslator - 0.05746 (ms)
2026-07-10 03:20:11,533 [INFO] Pass: ElidePermutations - 0.00453 (ms)
2026-07-10 03:20:11,533 [INFO] Pass: RemoveDiagonalGatesBeforeMeasure - 0.00596 (ms)
2026-07-10 03:20:11,533 [INFO] Pass: RemoveIdentityEquivalent - 0.00596 (ms)
2026-07-10 03:20:11,533 [INFO] Pass: InverseCancellation - 0.01264 (ms)
2026-07-10 03:20:11,533 [INFO] Pass: ContractIdleWiresInControlFlow - 0.00238 (ms)
2026-07-10 03:20:11,533 [INFO] Pass: CommutativeCancellation - 0.02551 (ms)
2026-07-10 03:20:11,533 [INFO] Pass: ConsolidateBlocks - 0.03076 (ms)
2026-07-10 03:20:11,533 [INFO] Pass: Split2QUnitaries - 0.00358 (ms)
2026-07-10 03:20:11,533 [INFO] Pass: UnitarySynthesis - 0.00525 (ms)
2026-07-10 03:20:11,533 [INFO] Pass: HighLevelSynthesis - 0.00978 (ms)
2026-07-10 03:20:11,533 [INFO] Pass: BasisTranslator - 0.05150 (ms)
2026-07-10 03:20:11,533 [INFO] Pass: ConsolidateBlocks - 0.03815 (ms)
2026-07-10 03:20:11,533 [INFO] Pass: UnitarySynthesis - 0.00477 (ms)
2026-07-10 03:20:11,533 [INFO] Pass: Depth - 0.00906 (ms)
2026-07-10 03:20:11,533 [INFO] Pass: FixedPoint - 0.00429 (ms)
2026-07-10 03:20:11,533 [INFO] Pass: Size - 0.00262 (ms)
2026-07-10 03:20:11,533 [INFO] Pass: FixedPoint - 0.00262 (ms)
2026-07-10 03:20:11,533 [INFO] Pass: RemoveIdentityEquivalent - 0.00381 (ms)
2026-07-10 03:20:11,534 [INFO] Pass: Optimize1qGatesDecomposition - 0.10419 (ms)
2026-07-10 03:20:11,534 [INFO] Pass: CommutativeCancellation - 0.04530 (ms)
2026-07-10 03:20:11,534 [INFO] Pass: ContractIdleWiresInControlFlow - 0.00215 (ms)
2026-07-10 03:20:11,534 [INFO] Pass: GatesInBasis - 0.00834 (ms)
2026-07-10 03:20:11,534 [INFO] Pass: Depth - 0.00811 (ms)
2026-07-10 03:20:11,534 [INFO] Pass: FixedPoint - 0.00381 (ms)
2026-07-10 03:20:11,534 [INFO] Pass: Size - 0.00191 (ms)
2026-07-10 03:20:11,534 [INFO] Pass: FixedPoint - 0.00286 (ms)
2026-07-10 03:20:11,534 [INFO] Pass: RemoveIdentityEquivalent - 0.00381 (ms)
2026-07-10 03:20:11,534 [INFO] Pass: Optimize1qGatesDecomposition - 0.07749 (ms)
2026-07-10 03:20:11,534 [INFO] Pass: CommutativeCancellation - 0.03934 (ms)
2026-07-10 03:20:11,534 [INFO] Pass: ContractIdleWiresInControlFlow - 0.00167 (ms)
2026-07-10 03:20:11,534 [INFO] Pass: GatesInBasis - 0.00644 (ms)
2026-07-10 03:20:11,534 [INFO] Pass: Depth - 0.00715 (ms)
2026-07-10 03:20:11,534 [INFO] Pass: FixedPoint - 0.00334 (ms)
2026-07-10 03:20:11,534 [INFO] Pass: Size - 0.00191 (ms)
2026-07-10 03:20:11,534 [INFO] Pass: FixedPoint - 0.00262 (ms)
2026-07-10 03:20:11,534 [INFO] Pass: ContainsInstruction - 0.00525 (ms)
2026-07-10 03:20:11,534 [INFO] Total Transpile Time - 87.22067 (ms)
2026-07-10 03:20:22,050 [INFO] [PCE] n=20 instancia 17/40 completada en 0:00:00:11 — transcurrido=0:00:02:57 restante_estimado=0:00:03:59
2026-07-10 03:20:22,137 [INFO] Pass: ContainsInstruction - 0.01073 (ms)
2026-07-10 03:20:22,137 [INFO] Pass: UnitarySynthesis - 0.00596 (ms)
2026-07-10 03:20:22,138 [INFO] Pass: HighLevelSynthesis - 0.00477 (ms)
2026-07-10 03:20:22,138 [INFO] Pass: BasisTranslator - 0.06580 (ms)
2026-07-10 03:20:22,138 [INFO] Pass: ElidePermutations - 0.00525 (ms)
2026-07-10 03:20:22,138 [INFO] Pass: RemoveDiagonalGatesBeforeMeasure - 0.00620 (ms)
2026-07-10 03:20:22,138 [INFO] Pass: RemoveIdentityEquivalent - 0.00286 (ms)
2026-07-10 03:20:22,138 [INFO] Pass: InverseCancellation - 0.00525 (ms)
2026-07-10 03:20:22,138 [INFO] Pass: ContractIdleWiresInControlFlow - 0.00238 (ms)
2026-07-10 03:20:22,138 [INFO] Pass: CommutativeCancellation - 0.01931 (ms)
2026-07-10 03:20:22,138 [INFO] Pass: ConsolidateBlocks - 0.03195 (ms)
2026-07-10 03:20:22,138 [INFO] Pass: Split2QUnitaries - 0.00286 (ms)
2026-07-10 03:20:22,138 [INFO] Pass: UnitarySynthesis - 0.00453 (ms)
2026-07-10 03:20:22,138 [INFO] Pass: HighLevelSynthesis - 0.00834 (ms)
2026-07-10 03:20:22,138 [INFO] Pass: BasisTranslator - 0.05126 (ms)
2026-07-10 03:20:22,138 [INFO] Pass: ConsolidateBlocks - 0.03862 (ms)
2026-07-10 03:20:22,138 [INFO] Pass: UnitarySynthesis - 0.00405 (ms)
2026-07-10 03:20:22,138 [INFO] Pass: Depth - 0.00787 (ms)
2026-07-10 03:20:22,138 [INFO] Pass: FixedPoint - 0.00453 (ms)
2026-07-10 03:20:22,138 [INFO] Pass: Size - 0.00310 (ms)
2026-07-10 03:20:22,138 [INFO] Pass: FixedPoint - 0.00262 (ms)
2026-07-10 03:20:22,138 [INFO] Pass: RemoveIdentityEquivalent - 0.00238 (ms)
2026-07-10 03:20:22,138 [INFO] Pass: Optimize1qGatesDecomposition - 0.02623 (ms)
2026-07-10 03:20:22,138 [INFO] Pass: CommutativeCancellation - 0.04148 (ms)
2026-07-10 03:20:22,138 [INFO] Pass: ContractIdleWiresInControlFlow - 0.00143 (ms)
2026-07-10 03:20:22,138 [INFO] Pass: GatesInBasis - 0.00882 (ms)
2026-07-10 03:20:22,138 [INFO] Pass: Depth - 0.00572 (ms)
2026-07-10 03:20:22,138 [INFO] Pass: FixedPoint - 0.00381 (ms)
2026-07-10 03:20:22,138 [INFO] Pass: Size - 0.00215 (ms)
2026-07-10 03:20:22,139 [INFO] Pass: FixedPoint - 0.00286 (ms)
2026-07-10 03:20:22,139 [INFO] Pass: ContainsInstruction - 0.00429 (ms)
2026-07-10 03:20:22,139 [INFO] Total Transpile Time - 87.02159 (ms)
2026-07-10 03:20:22,224 [INFO] Pass: ContainsInstruction - 0.01025 (ms)
2026-07-10 03:20:22,224 [INFO] Pass: UnitarySynthesis - 0.00715 (ms)
2026-07-10 03:20:22,224 [INFO] Pass: HighLevelSynthesis - 0.00453 (ms)
2026-07-10 03:20:22,224 [INFO] Pass: BasisTranslator - 0.05746 (ms)
2026-07-10 03:20:22,224 [INFO] Pass: ElidePermutations - 0.00429 (ms)
2026-07-10 03:20:22,224 [INFO] Pass: RemoveDiagonalGatesBeforeMeasure - 0.00572 (ms)
2026-07-10 03:20:22,224 [INFO] Pass: RemoveIdentityEquivalent - 0.00453 (ms)
2026-07-10 03:20:22,224 [INFO] Pass: InverseCancellation - 0.01264 (ms)
2026-07-10 03:20:22,224 [INFO] Pass: ContractIdleWiresInControlFlow - 0.00238 (ms)
2026-07-10 03:20:22,224 [INFO] Pass: CommutativeCancellation - 0.02813 (ms)
2026-07-10 03:20:22,224 [INFO] Pass: ConsolidateBlocks - 0.03123 (ms)
2026-07-10 03:20:22,224 [INFO] Pass: Split2QUnitaries - 0.00286 (ms)
2026-07-10 03:20:22,224 [INFO] Pass: UnitarySynthesis - 0.00477 (ms)
2026-07-10 03:20:22,224 [INFO] Pass: HighLevelSynthesis - 0.00882 (ms)
2026-07-10 03:20:22,224 [INFO] Pass: BasisTranslator - 0.05579 (ms)
2026-07-10 03:20:22,224 [INFO] Pass: ConsolidateBlocks - 0.03982 (ms)
2026-07-10 03:20:22,224 [INFO] Pass: UnitarySynthesis - 0.00453 (ms)
2026-07-10 03:20:22,224 [INFO] Pass: Depth - 0.00930 (ms)
2026-07-10 03:20:22,224 [INFO] Pass: FixedPoint - 0.00477 (ms)
2026-07-10 03:20:22,225 [INFO] Pass: Size - 0.00381 (ms)
2026-07-10 03:20:22,225 [INFO] Pass: FixedPoint - 0.00262 (ms)
2026-07-10 03:20:22,225 [INFO] Pass: RemoveIdentityEquivalent - 0.00358 (ms)
2026-07-10 03:20:22,225 [INFO] Pass: Optimize1qGatesDecomposition - 0.09060 (ms)
2026-07-10 03:20:22,225 [INFO] Pass: CommutativeCancellation - 0.04935 (ms)
2026-07-10 03:20:22,225 [INFO] Pass: ContractIdleWiresInControlFlow - 0.00167 (ms)
2026-07-10 03:20:22,225 [INFO] Pass: GatesInBasis - 0.00811 (ms)
2026-07-10 03:20:22,225 [INFO] Pass: Depth - 0.00763 (ms)
2026-07-10 03:20:22,225 [INFO] Pass: FixedPoint - 0.00358 (ms)
2026-07-10 03:20:22,225 [INFO] Pass: Size - 0.00215 (ms)
2026-07-10 03:20:22,225 [INFO] Pass: FixedPoint - 0.00262 (ms)
2026-07-10 03:20:22,225 [INFO] Pass: ContainsInstruction - 0.00477 (ms)
2026-07-10 03:20:22,225 [INFO] Total Transpile Time - 86.00497 (ms)
2026-07-10 03:20:22,311 [INFO] Pass: ContainsInstruction - 0.01073 (ms)
2026-07-10 03:20:22,311 [INFO] Pass: UnitarySynthesis - 0.00739 (ms)
2026-07-10 03:20:22,311 [INFO] Pass: HighLevelSynthesis - 0.00501 (ms)
2026-07-10 03:20:22,311 [INFO] Pass: BasisTranslator - 0.05698 (ms)
2026-07-10 03:20:22,311 [INFO] Pass: ElidePermutations - 0.00453 (ms)
2026-07-10 03:20:22,311 [INFO] Pass: RemoveDiagonalGatesBeforeMeasure - 0.00525 (ms)
2026-07-10 03:20:22,311 [INFO] Pass: RemoveIdentityEquivalent - 0.00572 (ms)
2026-07-10 03:20:22,311 [INFO] Pass: InverseCancellation - 0.01311 (ms)
2026-07-10 03:20:22,311 [INFO] Pass: ContractIdleWiresInControlFlow - 0.00215 (ms)
2026-07-10 03:20:22,311 [INFO] Pass: CommutativeCancellation - 0.02480 (ms)
2026-07-10 03:20:22,311 [INFO] Pass: ConsolidateBlocks - 0.03004 (ms)
2026-07-10 03:20:22,311 [INFO] Pass: Split2QUnitaries - 0.00310 (ms)
2026-07-10 03:20:22,311 [INFO] Pass: UnitarySynthesis - 0.00477 (ms)
2026-07-10 03:20:22,311 [INFO] Pass: HighLevelSynthesis - 0.00978 (ms)
2026-07-10 03:20:22,311 [INFO] Pass: BasisTranslator - 0.05341 (ms)
2026-07-10 03:20:22,311 [INFO] Pass: ConsolidateBlocks - 0.03839 (ms)
2026-07-10 03:20:22,311 [INFO] Pass: UnitarySynthesis - 0.00453 (ms)
2026-07-10 03:20:22,311 [INFO] Pass: Depth - 0.00906 (ms)
2026-07-10 03:20:22,312 [INFO] Pass: FixedPoint - 0.00405 (ms)
2026-07-10 03:20:22,312 [INFO] Pass: Size - 0.00286 (ms)
2026-07-10 03:20:22,312 [INFO] Pass: FixedPoint - 0.00262 (ms)
2026-07-10 03:20:22,312 [INFO] Pass: RemoveIdentityEquivalent - 0.00381 (ms)
2026-07-10 03:20:22,312 [INFO] Pass: Optimize1qGatesDecomposition - 0.09394 (ms)
2026-07-10 03:20:22,312 [INFO] Pass: CommutativeCancellation - 0.04363 (ms)
2026-07-10 03:20:22,312 [INFO] Pass: ContractIdleWiresInControlFlow - 0.00167 (ms)
2026-07-10 03:20:22,312 [INFO] Pass: GatesInBasis - 0.00811 (ms)
2026-07-10 03:20:22,312 [INFO] Pass: Depth - 0.00834 (ms)
2026-07-10 03:20:22,312 [INFO] Pass: FixedPoint - 0.00334 (ms)
2026-07-10 03:20:22,312 [INFO] Pass: Size - 0.00215 (ms)
2026-07-10 03:20:22,312 [INFO] Pass: FixedPoint - 0.00286 (ms)
2026-07-10 03:20:22,312 [INFO] Pass: RemoveIdentityEquivalent - 0.00334 (ms)
2026-07-10 03:20:22,312 [INFO] Pass: Optimize1qGatesDecomposition - 0.07582 (ms)
2026-07-10 03:20:22,312 [INFO] Pass: CommutativeCancellation - 0.03648 (ms)
2026-07-10 03:20:22,312 [INFO] Pass: ContractIdleWiresInControlFlow - 0.00167 (ms)
2026-07-10 03:20:22,312 [INFO] Pass: GatesInBasis - 0.00596 (ms)
2026-07-10 03:20:22,312 [INFO] Pass: Depth - 0.00715 (ms)
2026-07-10 03:20:22,312 [INFO] Pass: FixedPoint - 0.00334 (ms)
2026-07-10 03:20:22,312 [INFO] Pass: Size - 0.00167 (ms)
2026-07-10 03:20:22,312 [INFO] Pass: FixedPoint - 0.00286 (ms)
2026-07-10 03:20:22,312 [INFO] Pass: ContainsInstruction - 0.00501 (ms)
2026-07-10 03:20:22,312 [INFO] Total Transpile Time - 86.96675 (ms)
2026-07-10 03:20:35,633 [INFO] [PCE] n=20 instancia 18/40 completada en 0:00:00:14 — transcurrido=0:00:03:11 restante_estimado=0:00:03:53
2026-07-10 03:20:35,719 [INFO] Pass: ContainsInstruction - 0.01144 (ms)
2026-07-10 03:20:35,719 [INFO] Pass: UnitarySynthesis - 0.00739 (ms)
2026-07-10 03:20:35,720 [INFO] Pass: HighLevelSynthesis - 0.00548 (ms)
2026-07-10 03:20:35,720 [INFO] Pass: BasisTranslator - 0.06676 (ms)
2026-07-10 03:20:35,720 [INFO] Pass: ElidePermutations - 0.00501 (ms)
2026-07-10 03:20:35,720 [INFO] Pass: RemoveDiagonalGatesBeforeMeasure - 0.00596 (ms)
2026-07-10 03:20:35,720 [INFO] Pass: RemoveIdentityEquivalent - 0.00358 (ms)
2026-07-10 03:20:35,720 [INFO] Pass: InverseCancellation - 0.00453 (ms)
2026-07-10 03:20:35,720 [INFO] Pass: ContractIdleWiresInControlFlow - 0.00215 (ms)
2026-07-10 03:20:35,720 [INFO] Pass: CommutativeCancellation - 0.02122 (ms)
2026-07-10 03:20:35,720 [INFO] Pass: ConsolidateBlocks - 0.03099 (ms)
2026-07-10 03:20:35,720 [INFO] Pass: Split2QUnitaries - 0.00334 (ms)
2026-07-10 03:20:35,720 [INFO] Pass: UnitarySynthesis - 0.00501 (ms)
2026-07-10 03:20:35,720 [INFO] Pass: HighLevelSynthesis - 0.00834 (ms)
2026-07-10 03:20:35,720 [INFO] Pass: BasisTranslator - 0.04864 (ms)
2026-07-10 03:20:35,720 [INFO] Pass: ConsolidateBlocks - 0.03791 (ms)
2026-07-10 03:20:35,720 [INFO] Pass: UnitarySynthesis - 0.00453 (ms)
2026-07-10 03:20:35,720 [INFO] Pass: Depth - 0.00763 (ms)
2026-07-10 03:20:35,720 [INFO] Pass: FixedPoint - 0.00429 (ms)
2026-07-10 03:20:35,720 [INFO] Pass: Size - 0.00310 (ms)
2026-07-10 03:20:35,720 [INFO] Pass: FixedPoint - 0.00262 (ms)
2026-07-10 03:20:35,720 [INFO] Pass: RemoveIdentityEquivalent - 0.00262 (ms)
2026-07-10 03:20:35,720 [INFO] Pass: Optimize1qGatesDecomposition - 0.02527 (ms)
2026-07-10 03:20:35,720 [INFO] Pass: CommutativeCancellation - 0.04029 (ms)
2026-07-10 03:20:35,720 [INFO] Pass: ContractIdleWiresInControlFlow - 0.00191 (ms)
2026-07-10 03:20:35,720 [INFO] Pass: GatesInBasis - 0.00787 (ms)
2026-07-10 03:20:35,720 [INFO] Pass: Depth - 0.00596 (ms)
2026-07-10 03:20:35,720 [INFO] Pass: FixedPoint - 0.00381 (ms)
2026-07-10 03:20:35,720 [INFO] Pass: Size - 0.00167 (ms)
2026-07-10 03:20:35,721 [INFO] Pass: FixedPoint - 0.00262 (ms)
2026-07-10 03:20:35,721 [INFO] Pass: ContainsInstruction - 0.00477 (ms)
2026-07-10 03:20:35,721 [INFO] Total Transpile Time - 86.21287 (ms)
2026-07-10 03:20:35,804 [INFO] Pass: ContainsInstruction - 0.00954 (ms)
2026-07-10 03:20:35,804 [INFO] Pass: UnitarySynthesis - 0.00644 (ms)
2026-07-10 03:20:35,804 [INFO] Pass: HighLevelSynthesis - 0.00405 (ms)
2026-07-10 03:20:35,804 [INFO] Pass: BasisTranslator - 0.05150 (ms)
2026-07-10 03:20:35,804 [INFO] Pass: ElidePermutations - 0.00334 (ms)
2026-07-10 03:20:35,804 [INFO] Pass: RemoveDiagonalGatesBeforeMeasure - 0.00572 (ms)
2026-07-10 03:20:35,804 [INFO] Pass: RemoveIdentityEquivalent - 0.00405 (ms)
2026-07-10 03:20:35,804 [INFO] Pass: InverseCancellation - 0.01192 (ms)
2026-07-10 03:20:35,804 [INFO] Pass: ContractIdleWiresInControlFlow - 0.00191 (ms)
2026-07-10 03:20:35,804 [INFO] Pass: CommutativeCancellation - 0.02408 (ms)
2026-07-10 03:20:35,804 [INFO] Pass: ConsolidateBlocks - 0.02718 (ms)
2026-07-10 03:20:35,804 [INFO] Pass: Split2QUnitaries - 0.00238 (ms)
2026-07-10 03:20:35,804 [INFO] Pass: UnitarySynthesis - 0.00477 (ms)
2026-07-10 03:20:35,804 [INFO] Pass: HighLevelSynthesis - 0.00858 (ms)
2026-07-10 03:20:35,804 [INFO] Pass: BasisTranslator - 0.04864 (ms)
2026-07-10 03:20:35,804 [INFO] Pass: ConsolidateBlocks - 0.03743 (ms)
2026-07-10 03:20:35,804 [INFO] Pass: UnitarySynthesis - 0.00405 (ms)
2026-07-10 03:20:35,804 [INFO] Pass: Depth - 0.00858 (ms)
2026-07-10 03:20:35,804 [INFO] Pass: FixedPoint - 0.00429 (ms)
2026-07-10 03:20:35,804 [INFO] Pass: Size - 0.00310 (ms)
2026-07-10 03:20:35,804 [INFO] Pass: FixedPoint - 0.00310 (ms)
2026-07-10 03:20:35,804 [INFO] Pass: RemoveIdentityEquivalent - 0.00358 (ms)
2026-07-10 03:20:35,805 [INFO] Pass: Optimize1qGatesDecomposition - 0.09036 (ms)
2026-07-10 03:20:35,805 [INFO] Pass: CommutativeCancellation - 0.04697 (ms)
2026-07-10 03:20:35,805 [INFO] Pass: ContractIdleWiresInControlFlow - 0.00191 (ms)
2026-07-10 03:20:35,805 [INFO] Pass: GatesInBasis - 0.00715 (ms)
2026-07-10 03:20:35,805 [INFO] Pass: Depth - 0.00668 (ms)
2026-07-10 03:20:35,805 [INFO] Pass: FixedPoint - 0.00405 (ms)
2026-07-10 03:20:35,805 [INFO] Pass: Size - 0.00238 (ms)
2026-07-10 03:20:35,805 [INFO] Pass: FixedPoint - 0.00286 (ms)
2026-07-10 03:20:35,805 [INFO] Pass: ContainsInstruction - 0.00477 (ms)
2026-07-10 03:20:35,805 [INFO] Total Transpile Time - 83.86540 (ms)
2026-07-10 03:20:35,888 [INFO] Pass: ContainsInstruction - 0.00906 (ms)
2026-07-10 03:20:35,888 [INFO] Pass: UnitarySynthesis - 0.00596 (ms)
2026-07-10 03:20:35,888 [INFO] Pass: HighLevelSynthesis - 0.00358 (ms)
2026-07-10 03:20:35,888 [INFO] Pass: BasisTranslator - 0.05007 (ms)
2026-07-10 03:20:35,889 [INFO] Pass: ElidePermutations - 0.00381 (ms)
2026-07-10 03:20:35,889 [INFO] Pass: RemoveDiagonalGatesBeforeMeasure - 0.00453 (ms)
2026-07-10 03:20:35,889 [INFO] Pass: RemoveIdentityEquivalent - 0.00429 (ms)
2026-07-10 03:20:35,889 [INFO] Pass: InverseCancellation - 0.01073 (ms)
2026-07-10 03:20:35,889 [INFO] Pass: ContractIdleWiresInControlFlow - 0.00191 (ms)
2026-07-10 03:20:35,889 [INFO] Pass: CommutativeCancellation - 0.02027 (ms)
2026-07-10 03:20:35,889 [INFO] Pass: ConsolidateBlocks - 0.02599 (ms)
2026-07-10 03:20:35,889 [INFO] Pass: Split2QUnitaries - 0.00215 (ms)
2026-07-10 03:20:35,889 [INFO] Pass: UnitarySynthesis - 0.00477 (ms)
2026-07-10 03:20:35,889 [INFO] Pass: HighLevelSynthesis - 0.00858 (ms)
2026-07-10 03:20:35,889 [INFO] Pass: BasisTranslator - 0.04816 (ms)
2026-07-10 03:20:35,889 [INFO] Pass: ConsolidateBlocks - 0.03719 (ms)
2026-07-10 03:20:35,889 [INFO] Pass: UnitarySynthesis - 0.00405 (ms)
2026-07-10 03:20:35,889 [INFO] Pass: Depth - 0.00763 (ms)
2026-07-10 03:20:35,889 [INFO] Pass: FixedPoint - 0.00405 (ms)
2026-07-10 03:20:35,889 [INFO] Pass: Size - 0.00286 (ms)
2026-07-10 03:20:35,889 [INFO] Pass: FixedPoint - 0.00238 (ms)
2026-07-10 03:20:35,889 [INFO] Pass: RemoveIdentityEquivalent - 0.00334 (ms)
2026-07-10 03:20:35,889 [INFO] Pass: Optimize1qGatesDecomposition - 0.08845 (ms)
2026-07-10 03:20:35,889 [INFO] Pass: CommutativeCancellation - 0.04101 (ms)
2026-07-10 03:20:35,889 [INFO] Pass: ContractIdleWiresInControlFlow - 0.00191 (ms)
2026-07-10 03:20:35,889 [INFO] Pass: GatesInBasis - 0.00668 (ms)
2026-07-10 03:20:35,889 [INFO] Pass: Depth - 0.00739 (ms)
2026-07-10 03:20:35,889 [INFO] Pass: FixedPoint - 0.00358 (ms)
2026-07-10 03:20:35,889 [INFO] Pass: Size - 0.00215 (ms)
2026-07-10 03:20:35,889 [INFO] Pass: FixedPoint - 0.00262 (ms)
2026-07-10 03:20:35,889 [INFO] Pass: RemoveIdentityEquivalent - 0.00334 (ms)
2026-07-10 03:20:35,890 [INFO] Pass: Optimize1qGatesDecomposition - 0.08059 (ms)
2026-07-10 03:20:35,890 [INFO] Pass: CommutativeCancellation - 0.03600 (ms)
2026-07-10 03:20:35,890 [INFO] Pass: ContractIdleWiresInControlFlow - 0.00143 (ms)
2026-07-10 03:20:35,890 [INFO] Pass: GatesInBasis - 0.00596 (ms)
2026-07-10 03:20:35,890 [INFO] Pass: Depth - 0.00668 (ms)
2026-07-10 03:20:35,890 [INFO] Pass: FixedPoint - 0.00334 (ms)
2026-07-10 03:20:35,890 [INFO] Pass: Size - 0.00167 (ms)
2026-07-10 03:20:35,890 [INFO] Pass: FixedPoint - 0.00286 (ms)
2026-07-10 03:20:35,890 [INFO] Pass: ContainsInstruction - 0.00453 (ms)
2026-07-10 03:20:35,890 [INFO] Total Transpile Time - 84.66291 (ms)
2026-07-10 03:20:44,262 [INFO] [PCE] n=20 instancia 19/40 completada en 0:00:00:09 — transcurrido=0:00:03:19 restante_estimado=0:00:03:40
2026-07-10 03:20:44,349 [INFO] Pass: ContainsInstruction - 0.01168 (ms)
2026-07-10 03:20:44,349 [INFO] Pass: UnitarySynthesis - 0.00691 (ms)
2026-07-10 03:20:44,349 [INFO] Pass: HighLevelSynthesis - 0.00548 (ms)
2026-07-10 03:20:44,349 [INFO] Pass: BasisTranslator - 0.06056 (ms)
2026-07-10 03:20:44,349 [INFO] Pass: ElidePermutations - 0.00501 (ms)
2026-07-10 03:20:44,349 [INFO] Pass: RemoveDiagonalGatesBeforeMeasure - 0.00548 (ms)
2026-07-10 03:20:44,349 [INFO] Pass: RemoveIdentityEquivalent - 0.00334 (ms)
2026-07-10 03:20:44,349 [INFO] Pass: InverseCancellation - 0.00477 (ms)
2026-07-10 03:20:44,349 [INFO] Pass: ContractIdleWiresInControlFlow - 0.00238 (ms)
2026-07-10 03:20:44,350 [INFO] Pass: CommutativeCancellation - 0.02122 (ms)
2026-07-10 03:20:44,350 [INFO] Pass: ConsolidateBlocks - 0.03099 (ms)
2026-07-10 03:20:44,350 [INFO] Pass: Split2QUnitaries - 0.00334 (ms)
2026-07-10 03:20:44,350 [INFO] Pass: UnitarySynthesis - 0.00525 (ms)
2026-07-10 03:20:44,350 [INFO] Pass: HighLevelSynthesis - 0.00858 (ms)
2026-07-10 03:20:44,350 [INFO] Pass: BasisTranslator - 0.05078 (ms)
2026-07-10 03:20:44,350 [INFO] Pass: ConsolidateBlocks - 0.03719 (ms)
2026-07-10 03:20:44,350 [INFO] Pass: UnitarySynthesis - 0.00453 (ms)
2026-07-10 03:20:44,350 [INFO] Pass: Depth - 0.00763 (ms)
2026-07-10 03:20:44,350 [INFO] Pass: FixedPoint - 0.00453 (ms)
2026-07-10 03:20:44,350 [INFO] Pass: Size - 0.00310 (ms)
2026-07-10 03:20:44,350 [INFO] Pass: FixedPoint - 0.00286 (ms)
2026-07-10 03:20:44,350 [INFO] Pass: RemoveIdentityEquivalent - 0.00238 (ms)
2026-07-10 03:20:44,350 [INFO] Pass: Optimize1qGatesDecomposition - 0.02718 (ms)
2026-07-10 03:20:44,350 [INFO] Pass: CommutativeCancellation - 0.04196 (ms)
2026-07-10 03:20:44,350 [INFO] Pass: ContractIdleWiresInControlFlow - 0.00191 (ms)
2026-07-10 03:20:44,350 [INFO] Pass: GatesInBasis - 0.00763 (ms)
2026-07-10 03:20:44,350 [INFO] Pass: Depth - 0.00620 (ms)
2026-07-10 03:20:44,350 [INFO] Pass: FixedPoint - 0.00358 (ms)
2026-07-10 03:20:44,350 [INFO] Pass: Size - 0.00191 (ms)
2026-07-10 03:20:44,350 [INFO] Pass: FixedPoint - 0.00262 (ms)
2026-07-10 03:20:44,350 [INFO] Pass: ContainsInstruction - 0.00453 (ms)
2026-07-10 03:20:44,350 [INFO] Total Transpile Time - 86.78222 (ms)
2026-07-10 03:20:44,434 [INFO] Pass: ContainsInstruction - 0.01049 (ms)
2026-07-10 03:20:44,434 [INFO] Pass: UnitarySynthesis - 0.00691 (ms)
2026-07-10 03:20:44,434 [INFO] Pass: HighLevelSynthesis - 0.00548 (ms)
2026-07-10 03:20:44,435 [INFO] Pass: BasisTranslator - 0.05889 (ms)
2026-07-10 03:20:44,435 [INFO] Pass: ElidePermutations - 0.00477 (ms)
2026-07-10 03:20:44,435 [INFO] Pass: RemoveDiagonalGatesBeforeMeasure - 0.00596 (ms)
2026-07-10 03:20:44,435 [INFO] Pass: RemoveIdentityEquivalent - 0.00525 (ms)
2026-07-10 03:20:44,435 [INFO] Pass: InverseCancellation - 0.01216 (ms)
2026-07-10 03:20:44,435 [INFO] Pass: ContractIdleWiresInControlFlow - 0.00238 (ms)
2026-07-10 03:20:44,435 [INFO] Pass: CommutativeCancellation - 0.02789 (ms)
2026-07-10 03:20:44,435 [INFO] Pass: ConsolidateBlocks - 0.02980 (ms)
2026-07-10 03:20:44,435 [INFO] Pass: Split2QUnitaries - 0.00286 (ms)
2026-07-10 03:20:44,435 [INFO] Pass: UnitarySynthesis - 0.00525 (ms)
2026-07-10 03:20:44,435 [INFO] Pass: HighLevelSynthesis - 0.00906 (ms)
2026-07-10 03:20:44,435 [INFO] Pass: BasisTranslator - 0.05245 (ms)
2026-07-10 03:20:44,435 [INFO] Pass: ConsolidateBlocks - 0.03839 (ms)
2026-07-10 03:20:44,435 [INFO] Pass: UnitarySynthesis - 0.00453 (ms)
2026-07-10 03:20:44,435 [INFO] Pass: Depth - 0.00930 (ms)
2026-07-10 03:20:44,435 [INFO] Pass: FixedPoint - 0.00429 (ms)
2026-07-10 03:20:44,435 [INFO] Pass: Size - 0.00286 (ms)
2026-07-10 03:20:44,435 [INFO] Pass: FixedPoint - 0.00238 (ms)
2026-07-10 03:20:44,435 [INFO] Pass: RemoveIdentityEquivalent - 0.00358 (ms)
2026-07-10 03:20:44,435 [INFO] Pass: Optimize1qGatesDecomposition - 0.09155 (ms)
2026-07-10 03:20:44,435 [INFO] Pass: CommutativeCancellation - 0.04745 (ms)
2026-07-10 03:20:44,435 [INFO] Pass: ContractIdleWiresInControlFlow - 0.00191 (ms)
2026-07-10 03:20:44,435 [INFO] Pass: GatesInBasis - 0.00763 (ms)
2026-07-10 03:20:44,435 [INFO] Pass: Depth - 0.00763 (ms)
2026-07-10 03:20:44,435 [INFO] Pass: FixedPoint - 0.00334 (ms)
2026-07-10 03:20:44,436 [INFO] Pass: Size - 0.00215 (ms)
2026-07-10 03:20:44,436 [INFO] Pass: FixedPoint - 0.00262 (ms)
2026-07-10 03:20:44,436 [INFO] Pass: ContainsInstruction - 0.00525 (ms)
2026-07-10 03:20:44,436 [INFO] Total Transpile Time - 84.85913 (ms)
2026-07-10 03:20:44,520 [INFO] Pass: ContainsInstruction - 0.01025 (ms)
2026-07-10 03:20:44,521 [INFO] Pass: UnitarySynthesis - 0.00691 (ms)
2026-07-10 03:20:44,521 [INFO] Pass: HighLevelSynthesis - 0.00453 (ms)
2026-07-10 03:20:44,521 [INFO] Pass: BasisTranslator - 0.05674 (ms)
2026-07-10 03:20:44,521 [INFO] Pass: ElidePermutations - 0.00477 (ms)
2026-07-10 03:20:44,521 [INFO] Pass: RemoveDiagonalGatesBeforeMeasure - 0.00620 (ms)
2026-07-10 03:20:44,521 [INFO] Pass: RemoveIdentityEquivalent - 0.00525 (ms)
2026-07-10 03:20:44,521 [INFO] Pass: InverseCancellation - 0.01264 (ms)
2026-07-10 03:20:44,521 [INFO] Pass: ContractIdleWiresInControlFlow - 0.00238 (ms)
2026-07-10 03:20:44,521 [INFO] Pass: CommutativeCancellation - 0.02527 (ms)
2026-07-10 03:20:44,521 [INFO] Pass: ConsolidateBlocks - 0.03004 (ms)
2026-07-10 03:20:44,521 [INFO] Pass: Split2QUnitaries - 0.00262 (ms)
2026-07-10 03:20:44,521 [INFO] Pass: UnitarySynthesis - 0.00477 (ms)
2026-07-10 03:20:44,521 [INFO] Pass: HighLevelSynthesis - 0.00954 (ms)
2026-07-10 03:20:44,521 [INFO] Pass: BasisTranslator - 0.05221 (ms)
2026-07-10 03:20:44,521 [INFO] Pass: ConsolidateBlocks - 0.03767 (ms)
2026-07-10 03:20:44,521 [INFO] Pass: UnitarySynthesis - 0.00429 (ms)
2026-07-10 03:20:44,521 [INFO] Pass: Depth - 0.00978 (ms)
2026-07-10 03:20:44,521 [INFO] Pass: FixedPoint - 0.00405 (ms)
2026-07-10 03:20:44,521 [INFO] Pass: Size - 0.00310 (ms)
2026-07-10 03:20:44,521 [INFO] Pass: FixedPoint - 0.00262 (ms)
2026-07-10 03:20:44,521 [INFO] Pass: RemoveIdentityEquivalent - 0.00405 (ms)
2026-07-10 03:20:44,521 [INFO] Pass: Optimize1qGatesDecomposition - 0.09537 (ms)
2026-07-10 03:20:44,522 [INFO] Pass: CommutativeCancellation - 0.04363 (ms)
2026-07-10 03:20:44,522 [INFO] Pass: ContractIdleWiresInControlFlow - 0.00167 (ms)
2026-07-10 03:20:44,522 [INFO] Pass: GatesInBasis - 0.00787 (ms)
2026-07-10 03:20:44,522 [INFO] Pass: Depth - 0.00834 (ms)
2026-07-10 03:20:44,522 [INFO] Pass: FixedPoint - 0.00358 (ms)
2026-07-10 03:20:44,522 [INFO] Pass: Size - 0.00215 (ms)
2026-07-10 03:20:44,522 [INFO] Pass: FixedPoint - 0.00286 (ms)
2026-07-10 03:20:44,522 [INFO] Pass: RemoveIdentityEquivalent - 0.00381 (ms)
2026-07-10 03:20:44,522 [INFO] Pass: Optimize1qGatesDecomposition - 0.07439 (ms)
2026-07-10 03:20:44,522 [INFO] Pass: CommutativeCancellation - 0.03719 (ms)
2026-07-10 03:20:44,522 [INFO] Pass: ContractIdleWiresInControlFlow - 0.00167 (ms)
2026-07-10 03:20:44,522 [INFO] Pass: GatesInBasis - 0.00620 (ms)
2026-07-10 03:20:44,522 [INFO] Pass: Depth - 0.00668 (ms)
2026-07-10 03:20:44,522 [INFO] Pass: FixedPoint - 0.00358 (ms)
2026-07-10 03:20:44,522 [INFO] Pass: Size - 0.00191 (ms)
2026-07-10 03:20:44,522 [INFO] Pass: FixedPoint - 0.00286 (ms)
2026-07-10 03:20:44,522 [INFO] Pass: ContainsInstruction - 0.00453 (ms)
2026-07-10 03:20:44,522 [INFO] Total Transpile Time - 86.07149 (ms)
2026-07-10 03:20:54,078 [INFO] [PCE] n=20 instancia 20/40 completada en 0:00:00:10 — transcurrido=0:00:03:29 restante_estimado=0:00:03:29
2026-07-10 03:20:54,166 [INFO] Pass: ContainsInstruction - 0.01168 (ms)
2026-07-10 03:20:54,166 [INFO] Pass: UnitarySynthesis - 0.00668 (ms)
2026-07-10 03:20:54,166 [INFO] Pass: HighLevelSynthesis - 0.00525 (ms)
2026-07-10 03:20:54,166 [INFO] Pass: BasisTranslator - 0.05651 (ms)
2026-07-10 03:20:54,166 [INFO] Pass: ElidePermutations - 0.00477 (ms)
2026-07-10 03:20:54,166 [INFO] Pass: RemoveDiagonalGatesBeforeMeasure - 0.00691 (ms)
2026-07-10 03:20:54,166 [INFO] Pass: RemoveIdentityEquivalent - 0.00310 (ms)
2026-07-10 03:20:54,166 [INFO] Pass: InverseCancellation - 0.00429 (ms)
2026-07-10 03:20:54,166 [INFO] Pass: ContractIdleWiresInControlFlow - 0.00191 (ms)
2026-07-10 03:20:54,166 [INFO] Pass: CommutativeCancellation - 0.01955 (ms)
2026-07-10 03:20:54,166 [INFO] Pass: ConsolidateBlocks - 0.03004 (ms)
2026-07-10 03:20:54,166 [INFO] Pass: Split2QUnitaries - 0.00310 (ms)
2026-07-10 03:20:54,166 [INFO] Pass: UnitarySynthesis - 0.00477 (ms)
2026-07-10 03:20:54,166 [INFO] Pass: HighLevelSynthesis - 0.00811 (ms)
2026-07-10 03:20:54,167 [INFO] Pass: BasisTranslator - 0.04935 (ms)
2026-07-10 03:20:54,167 [INFO] Pass: ConsolidateBlocks - 0.04745 (ms)
2026-07-10 03:20:54,167 [INFO] Pass: UnitarySynthesis - 0.00405 (ms)
2026-07-10 03:20:54,167 [INFO] Pass: Depth - 0.00906 (ms)
2026-07-10 03:20:54,167 [INFO] Pass: FixedPoint - 0.00429 (ms)
2026-07-10 03:20:54,167 [INFO] Pass: Size - 0.00358 (ms)
2026-07-10 03:20:54,167 [INFO] Pass: FixedPoint - 0.00286 (ms)
2026-07-10 03:20:54,167 [INFO] Pass: RemoveIdentityEquivalent - 0.00238 (ms)
2026-07-10 03:20:54,167 [INFO] Pass: Optimize1qGatesDecomposition - 0.02646 (ms)
2026-07-10 03:20:54,167 [INFO] Pass: CommutativeCancellation - 0.04077 (ms)
2026-07-10 03:20:54,167 [INFO] Pass: ContractIdleWiresInControlFlow - 0.00167 (ms)
2026-07-10 03:20:54,167 [INFO] Pass: GatesInBasis - 0.00739 (ms)
2026-07-10 03:20:54,167 [INFO] Pass: Depth - 0.00620 (ms)
2026-07-10 03:20:54,167 [INFO] Pass: FixedPoint - 0.00358 (ms)
2026-07-10 03:20:54,167 [INFO] Pass: Size - 0.00167 (ms)
2026-07-10 03:20:54,167 [INFO] Pass: FixedPoint - 0.00262 (ms)
2026-07-10 03:20:54,167 [INFO] Pass: ContainsInstruction - 0.00501 (ms)
2026-07-10 03:20:54,167 [INFO] Total Transpile Time - 87.45146 (ms)
2026-07-10 03:20:54,251 [INFO] Pass: ContainsInstruction - 0.00930 (ms)
2026-07-10 03:20:54,251 [INFO] Pass: UnitarySynthesis - 0.00644 (ms)
2026-07-10 03:20:54,251 [INFO] Pass: HighLevelSynthesis - 0.00453 (ms)
2026-07-10 03:20:54,251 [INFO] Pass: BasisTranslator - 0.04959 (ms)
2026-07-10 03:20:54,251 [INFO] Pass: ElidePermutations - 0.00358 (ms)
2026-07-10 03:20:54,251 [INFO] Pass: RemoveDiagonalGatesBeforeMeasure - 0.00477 (ms)
2026-07-10 03:20:54,251 [INFO] Pass: RemoveIdentityEquivalent - 0.00453 (ms)
2026-07-10 03:20:54,251 [INFO] Pass: InverseCancellation - 0.01073 (ms)
2026-07-10 03:20:54,251 [INFO] Pass: ContractIdleWiresInControlFlow - 0.00191 (ms)
2026-07-10 03:20:54,251 [INFO] Pass: CommutativeCancellation - 0.02289 (ms)
2026-07-10 03:20:54,251 [INFO] Pass: ConsolidateBlocks - 0.02742 (ms)
2026-07-10 03:20:54,251 [INFO] Pass: Split2QUnitaries - 0.00262 (ms)
2026-07-10 03:20:54,251 [INFO] Pass: UnitarySynthesis - 0.00477 (ms)
2026-07-10 03:20:54,251 [INFO] Pass: HighLevelSynthesis - 0.00811 (ms)
2026-07-10 03:20:54,251 [INFO] Pass: BasisTranslator - 0.05031 (ms)
2026-07-10 03:20:54,251 [INFO] Pass: ConsolidateBlocks - 0.03767 (ms)
2026-07-10 03:20:54,251 [INFO] Pass: UnitarySynthesis - 0.00405 (ms)
2026-07-10 03:20:54,251 [INFO] Pass: Depth - 0.00787 (ms)
2026-07-10 03:20:54,252 [INFO] Pass: FixedPoint - 0.00429 (ms)
2026-07-10 03:20:54,252 [INFO] Pass: Size - 0.00262 (ms)
2026-07-10 03:20:54,252 [INFO] Pass: FixedPoint - 0.00286 (ms)
2026-07-10 03:20:54,252 [INFO] Pass: RemoveIdentityEquivalent - 0.00286 (ms)
2026-07-10 03:20:54,252 [INFO] Pass: Optimize1qGatesDecomposition - 0.08655 (ms)
2026-07-10 03:20:54,252 [INFO] Pass: CommutativeCancellation - 0.04506 (ms)
2026-07-10 03:20:54,252 [INFO] Pass: ContractIdleWiresInControlFlow - 0.00191 (ms)
2026-07-10 03:20:54,252 [INFO] Pass: GatesInBasis - 0.00668 (ms)
2026-07-10 03:20:54,252 [INFO] Pass: Depth - 0.00715 (ms)
2026-07-10 03:20:54,252 [INFO] Pass: FixedPoint - 0.00334 (ms)
2026-07-10 03:20:54,252 [INFO] Pass: Size - 0.00215 (ms)
2026-07-10 03:20:54,252 [INFO] Pass: FixedPoint - 0.00262 (ms)
2026-07-10 03:20:54,252 [INFO] Pass: ContainsInstruction - 0.00477 (ms)
2026-07-10 03:20:54,252 [INFO] Total Transpile Time - 84.53417 (ms)
2026-07-10 03:20:54,337 [INFO] Pass: ContainsInstruction - 0.00906 (ms)
2026-07-10 03:20:54,337 [INFO] Pass: UnitarySynthesis - 0.00596 (ms)
2026-07-10 03:20:54,337 [INFO] Pass: HighLevelSynthesis - 0.00405 (ms)
2026-07-10 03:20:54,337 [INFO] Pass: BasisTranslator - 0.05102 (ms)
2026-07-10 03:20:54,337 [INFO] Pass: ElidePermutations - 0.00334 (ms)
2026-07-10 03:20:54,337 [INFO] Pass: RemoveDiagonalGatesBeforeMeasure - 0.00453 (ms)
2026-07-10 03:20:54,337 [INFO] Pass: RemoveIdentityEquivalent - 0.00405 (ms)
2026-07-10 03:20:54,337 [INFO] Pass: InverseCancellation - 0.01049 (ms)
2026-07-10 03:20:54,337 [INFO] Pass: ContractIdleWiresInControlFlow - 0.00167 (ms)
2026-07-10 03:20:54,337 [INFO] Pass: CommutativeCancellation - 0.01979 (ms)
2026-07-10 03:20:54,338 [INFO] Pass: ConsolidateBlocks - 0.02670 (ms)
2026-07-10 03:20:54,338 [INFO] Pass: Split2QUnitaries - 0.00238 (ms)
2026-07-10 03:20:54,338 [INFO] Pass: UnitarySynthesis - 0.00525 (ms)
2026-07-10 03:20:54,338 [INFO] Pass: HighLevelSynthesis - 0.00882 (ms)
2026-07-10 03:20:54,338 [INFO] Pass: BasisTranslator - 0.04983 (ms)
2026-07-10 03:20:54,338 [INFO] Pass: ConsolidateBlocks - 0.03934 (ms)
2026-07-10 03:20:54,338 [INFO] Pass: UnitarySynthesis - 0.00429 (ms)
2026-07-10 03:20:54,338 [INFO] Pass: Depth - 0.00787 (ms)
2026-07-10 03:20:54,338 [INFO] Pass: FixedPoint - 0.00453 (ms)
2026-07-10 03:20:54,338 [INFO] Pass: Size - 0.00215 (ms)
2026-07-10 03:20:54,338 [INFO] Pass: FixedPoint - 0.00286 (ms)
2026-07-10 03:20:54,338 [INFO] Pass: RemoveIdentityEquivalent - 0.00358 (ms)
2026-07-10 03:20:54,338 [INFO] Pass: Optimize1qGatesDecomposition - 0.08893 (ms)
2026-07-10 03:20:54,338 [INFO] Pass: CommutativeCancellation - 0.04029 (ms)
2026-07-10 03:20:54,338 [INFO] Pass: ContractIdleWiresInControlFlow - 0.00191 (ms)
2026-07-10 03:20:54,338 [INFO] Pass: GatesInBasis - 0.00691 (ms)
2026-07-10 03:20:54,338 [INFO] Pass: Depth - 0.00763 (ms)
2026-07-10 03:20:54,338 [INFO] Pass: FixedPoint - 0.00358 (ms)
2026-07-10 03:20:54,338 [INFO] Pass: Size - 0.00191 (ms)
2026-07-10 03:20:54,338 [INFO] Pass: FixedPoint - 0.00286 (ms)
2026-07-10 03:20:54,338 [INFO] Pass: RemoveIdentityEquivalent - 0.00334 (ms)
2026-07-10 03:20:54,338 [INFO] Pass: Optimize1qGatesDecomposition - 0.07272 (ms)
2026-07-10 03:20:54,338 [INFO] Pass: CommutativeCancellation - 0.03481 (ms)
2026-07-10 03:20:54,338 [INFO] Pass: ContractIdleWiresInControlFlow - 0.00143 (ms)
2026-07-10 03:20:54,338 [INFO] Pass: GatesInBasis - 0.00620 (ms)
2026-07-10 03:20:54,339 [INFO] Pass: Depth - 0.00668 (ms)
2026-07-10 03:20:54,339 [INFO] Pass: FixedPoint - 0.00310 (ms)
2026-07-10 03:20:54,339 [INFO] Pass: Size - 0.00191 (ms)
2026-07-10 03:20:54,339 [INFO] Pass: FixedPoint - 0.00262 (ms)
2026-07-10 03:20:54,339 [INFO] Pass: ContainsInstruction - 0.00501 (ms)
2026-07-10 03:20:54,339 [INFO] Total Transpile Time - 86.32255 (ms)
2026-07-10 03:21:09,983 [INFO] [PCE] n=20 instancia 21/40 completada en 0:00:00:16 — transcurrido=0:00:03:45 restante_estimado=0:00:03:23
2026-07-10 03:21:10,071 [INFO] Pass: ContainsInstruction - 0.01049 (ms)
2026-07-10 03:21:10,071 [INFO] Pass: UnitarySynthesis - 0.00644 (ms)
2026-07-10 03:21:10,071 [INFO] Pass: HighLevelSynthesis - 0.00525 (ms)
2026-07-10 03:21:10,072 [INFO] Pass: BasisTranslator - 0.05865 (ms)
2026-07-10 03:21:10,072 [INFO] Pass: ElidePermutations - 0.00572 (ms)
2026-07-10 03:21:10,072 [INFO] Pass: RemoveDiagonalGatesBeforeMeasure - 0.00691 (ms)
2026-07-10 03:21:10,072 [INFO] Pass: RemoveIdentityEquivalent - 0.00358 (ms)
2026-07-10 03:21:10,072 [INFO] Pass: InverseCancellation - 0.00501 (ms)
2026-07-10 03:21:10,072 [INFO] Pass: ContractIdleWiresInControlFlow - 0.00215 (ms)
2026-07-10 03:21:10,072 [INFO] Pass: CommutativeCancellation - 0.02217 (ms)
2026-07-10 03:21:10,072 [INFO] Pass: ConsolidateBlocks - 0.03219 (ms)
2026-07-10 03:21:10,072 [INFO] Pass: Split2QUnitaries - 0.00310 (ms)
2026-07-10 03:21:10,072 [INFO] Pass: UnitarySynthesis - 0.00477 (ms)
2026-07-10 03:21:10,072 [INFO] Pass: HighLevelSynthesis - 0.00858 (ms)
2026-07-10 03:21:10,072 [INFO] Pass: BasisTranslator - 0.05150 (ms)
2026-07-10 03:21:10,072 [INFO] Pass: ConsolidateBlocks - 0.03862 (ms)
2026-07-10 03:21:10,072 [INFO] Pass: UnitarySynthesis - 0.00405 (ms)
2026-07-10 03:21:10,072 [INFO] Pass: Depth - 0.00834 (ms)
2026-07-10 03:21:10,072 [INFO] Pass: FixedPoint - 0.00501 (ms)
2026-07-10 03:21:10,072 [INFO] Pass: Size - 0.00310 (ms)
2026-07-10 03:21:10,072 [INFO] Pass: FixedPoint - 0.00310 (ms)
2026-07-10 03:21:10,072 [INFO] Pass: RemoveIdentityEquivalent - 0.00238 (ms)
2026-07-10 03:21:10,072 [INFO] Pass: Optimize1qGatesDecomposition - 0.02480 (ms)
2026-07-10 03:21:10,072 [INFO] Pass: CommutativeCancellation - 0.03982 (ms)
2026-07-10 03:21:10,072 [INFO] Pass: ContractIdleWiresInControlFlow - 0.00191 (ms)
2026-07-10 03:21:10,072 [INFO] Pass: GatesInBasis - 0.00882 (ms)
2026-07-10 03:21:10,072 [INFO] Pass: Depth - 0.00644 (ms)
2026-07-10 03:21:10,072 [INFO] Pass: FixedPoint - 0.00334 (ms)
2026-07-10 03:21:10,072 [INFO] Pass: Size - 0.00215 (ms)
2026-07-10 03:21:10,072 [INFO] Pass: FixedPoint - 0.00286 (ms)
2026-07-10 03:21:10,072 [INFO] Pass: ContainsInstruction - 0.00429 (ms)
2026-07-10 03:21:10,073 [INFO] Total Transpile Time - 88.03082 (ms)
2026-07-10 03:21:10,158 [INFO] Pass: ContainsInstruction - 0.01073 (ms)
2026-07-10 03:21:10,158 [INFO] Pass: UnitarySynthesis - 0.00715 (ms)
2026-07-10 03:21:10,158 [INFO] Pass: HighLevelSynthesis - 0.00453 (ms)
2026-07-10 03:21:10,158 [INFO] Pass: BasisTranslator - 0.05579 (ms)
2026-07-10 03:21:10,158 [INFO] Pass: ElidePermutations - 0.00453 (ms)
2026-07-10 03:21:10,158 [INFO] Pass: RemoveDiagonalGatesBeforeMeasure - 0.00572 (ms)
2026-07-10 03:21:10,158 [INFO] Pass: RemoveIdentityEquivalent - 0.00477 (ms)
2026-07-10 03:21:10,158 [INFO] Pass: InverseCancellation - 0.01240 (ms)
2026-07-10 03:21:10,158 [INFO] Pass: ContractIdleWiresInControlFlow - 0.00215 (ms)
2026-07-10 03:21:10,158 [INFO] Pass: CommutativeCancellation - 0.02813 (ms)
2026-07-10 03:21:10,158 [INFO] Pass: ConsolidateBlocks - 0.03004 (ms)
2026-07-10 03:21:10,158 [INFO] Pass: Split2QUnitaries - 0.00286 (ms)
2026-07-10 03:21:10,158 [INFO] Pass: UnitarySynthesis - 0.00477 (ms)
2026-07-10 03:21:10,159 [INFO] Pass: HighLevelSynthesis - 0.00834 (ms)
2026-07-10 03:21:10,159 [INFO] Pass: BasisTranslator - 0.05984 (ms)
2026-07-10 03:21:10,159 [INFO] Pass: ConsolidateBlocks - 0.04148 (ms)
2026-07-10 03:21:10,159 [INFO] Pass: UnitarySynthesis - 0.00405 (ms)
2026-07-10 03:21:10,159 [INFO] Pass: Depth - 0.00954 (ms)
2026-07-10 03:21:10,159 [INFO] Pass: FixedPoint - 0.00405 (ms)
2026-07-10 03:21:10,159 [INFO] Pass: Size - 0.00310 (ms)
2026-07-10 03:21:10,159 [INFO] Pass: FixedPoint - 0.00286 (ms)
2026-07-10 03:21:10,159 [INFO] Pass: RemoveIdentityEquivalent - 0.00310 (ms)
2026-07-10 03:21:10,159 [INFO] Pass: Optimize1qGatesDecomposition - 0.09370 (ms)
2026-07-10 03:21:10,159 [INFO] Pass: CommutativeCancellation - 0.04888 (ms)
2026-07-10 03:21:10,159 [INFO] Pass: ContractIdleWiresInControlFlow - 0.00143 (ms)
2026-07-10 03:21:10,159 [INFO] Pass: GatesInBasis - 0.00834 (ms)
2026-07-10 03:21:10,159 [INFO] Pass: Depth - 0.00715 (ms)
2026-07-10 03:21:10,159 [INFO] Pass: FixedPoint - 0.00358 (ms)
2026-07-10 03:21:10,159 [INFO] Pass: Size - 0.00191 (ms)
2026-07-10 03:21:10,159 [INFO] Pass: FixedPoint - 0.00262 (ms)
2026-07-10 03:21:10,159 [INFO] Pass: ContainsInstruction - 0.00453 (ms)
2026-07-10 03:21:10,159 [INFO] Total Transpile Time - 86.29370 (ms)
2026-07-10 03:21:10,245 [INFO] Pass: ContainsInstruction - 0.01049 (ms)
2026-07-10 03:21:10,245 [INFO] Pass: UnitarySynthesis - 0.00691 (ms)
2026-07-10 03:21:10,245 [INFO] Pass: HighLevelSynthesis - 0.00477 (ms)
2026-07-10 03:21:10,245 [INFO] Pass: BasisTranslator - 0.05531 (ms)
2026-07-10 03:21:10,245 [INFO] Pass: ElidePermutations - 0.00453 (ms)
2026-07-10 03:21:10,245 [INFO] Pass: RemoveDiagonalGatesBeforeMeasure - 0.00548 (ms)
2026-07-10 03:21:10,245 [INFO] Pass: RemoveIdentityEquivalent - 0.00501 (ms)
2026-07-10 03:21:10,245 [INFO] Pass: InverseCancellation - 0.01311 (ms)
2026-07-10 03:21:10,245 [INFO] Pass: ContractIdleWiresInControlFlow - 0.00215 (ms)
2026-07-10 03:21:10,245 [INFO] Pass: CommutativeCancellation - 0.02432 (ms)
2026-07-10 03:21:10,245 [INFO] Pass: ConsolidateBlocks - 0.03076 (ms)
2026-07-10 03:21:10,246 [INFO] Pass: Split2QUnitaries - 0.00262 (ms)
2026-07-10 03:21:10,246 [INFO] Pass: UnitarySynthesis - 0.00477 (ms)
2026-07-10 03:21:10,246 [INFO] Pass: HighLevelSynthesis - 0.00978 (ms)
2026-07-10 03:21:10,246 [INFO] Pass: BasisTranslator - 0.05245 (ms)
2026-07-10 03:21:10,246 [INFO] Pass: ConsolidateBlocks - 0.04005 (ms)
2026-07-10 03:21:10,246 [INFO] Pass: UnitarySynthesis - 0.00405 (ms)
2026-07-10 03:21:10,246 [INFO] Pass: Depth - 0.00882 (ms)
2026-07-10 03:21:10,246 [INFO] Pass: FixedPoint - 0.00429 (ms)
2026-07-10 03:21:10,246 [INFO] Pass: Size - 0.00286 (ms)
2026-07-10 03:21:10,246 [INFO] Pass: FixedPoint - 0.00286 (ms)
2026-07-10 03:21:10,246 [INFO] Pass: RemoveIdentityEquivalent - 0.00405 (ms)
2026-07-10 03:21:10,246 [INFO] Pass: Optimize1qGatesDecomposition - 0.09656 (ms)
2026-07-10 03:21:10,246 [INFO] Pass: CommutativeCancellation - 0.04530 (ms)
2026-07-10 03:21:10,246 [INFO] Pass: ContractIdleWiresInControlFlow - 0.00191 (ms)
2026-07-10 03:21:10,246 [INFO] Pass: GatesInBasis - 0.00882 (ms)
2026-07-10 03:21:10,246 [INFO] Pass: Depth - 0.00787 (ms)
2026-07-10 03:21:10,246 [INFO] Pass: FixedPoint - 0.00358 (ms)
2026-07-10 03:21:10,246 [INFO] Pass: Size - 0.00191 (ms)
2026-07-10 03:21:10,246 [INFO] Pass: FixedPoint - 0.00310 (ms)
2026-07-10 03:21:10,246 [INFO] Pass: RemoveIdentityEquivalent - 0.00381 (ms)
2026-07-10 03:21:10,246 [INFO] Pass: Optimize1qGatesDecomposition - 0.07510 (ms)
2026-07-10 03:21:10,246 [INFO] Pass: CommutativeCancellation - 0.03719 (ms)
2026-07-10 03:21:10,246 [INFO] Pass: ContractIdleWiresInControlFlow - 0.00143 (ms)
2026-07-10 03:21:10,246 [INFO] Pass: GatesInBasis - 0.00668 (ms)
2026-07-10 03:21:10,247 [INFO] Pass: Depth - 0.00668 (ms)
2026-07-10 03:21:10,247 [INFO] Pass: FixedPoint - 0.00334 (ms)
2026-07-10 03:21:10,247 [INFO] Pass: Size - 0.00167 (ms)
2026-07-10 03:21:10,247 [INFO] Pass: FixedPoint - 0.00238 (ms)
2026-07-10 03:21:10,247 [INFO] Pass: ContainsInstruction - 0.00525 (ms)
2026-07-10 03:21:10,247 [INFO] Total Transpile Time - 87.03089 (ms)
2026-07-10 03:21:21,310 [INFO] [PCE] n=20 instancia 22/40 completada en 0:00:00:11 — transcurrido=0:00:03:56 restante_estimado=0:00:03:13
2026-07-10 03:21:21,397 [INFO] Pass: ContainsInstruction - 0.01049 (ms)
2026-07-10 03:21:21,397 [INFO] Pass: UnitarySynthesis - 0.00620 (ms)
2026-07-10 03:21:21,397 [INFO] Pass: HighLevelSynthesis - 0.00501 (ms)
2026-07-10 03:21:21,397 [INFO] Pass: BasisTranslator - 0.05865 (ms)
2026-07-10 03:21:21,397 [INFO] Pass: ElidePermutations - 0.00477 (ms)
2026-07-10 03:21:21,397 [INFO] Pass: RemoveDiagonalGatesBeforeMeasure - 0.00572 (ms)
2026-07-10 03:21:21,397 [INFO] Pass: RemoveIdentityEquivalent - 0.00310 (ms)
2026-07-10 03:21:21,397 [INFO] Pass: InverseCancellation - 0.00501 (ms)
2026-07-10 03:21:21,397 [INFO] Pass: ContractIdleWiresInControlFlow - 0.00191 (ms)
2026-07-10 03:21:21,397 [INFO] Pass: CommutativeCancellation - 0.02122 (ms)
2026-07-10 03:21:21,397 [INFO] Pass: ConsolidateBlocks - 0.03028 (ms)
2026-07-10 03:21:21,397 [INFO] Pass: Split2QUnitaries - 0.00358 (ms)
2026-07-10 03:21:21,397 [INFO] Pass: UnitarySynthesis - 0.00501 (ms)
2026-07-10 03:21:21,397 [INFO] Pass: HighLevelSynthesis - 0.00787 (ms)
2026-07-10 03:21:21,398 [INFO] Pass: BasisTranslator - 0.04983 (ms)
2026-07-10 03:21:21,398 [INFO] Pass: ConsolidateBlocks - 0.04077 (ms)
2026-07-10 03:21:21,398 [INFO] Pass: UnitarySynthesis - 0.00381 (ms)
2026-07-10 03:21:21,398 [INFO] Pass: Depth - 0.00834 (ms)
2026-07-10 03:21:21,398 [INFO] Pass: FixedPoint - 0.00429 (ms)
2026-07-10 03:21:21,398 [INFO] Pass: Size - 0.00310 (ms)
2026-07-10 03:21:21,398 [INFO] Pass: FixedPoint - 0.00286 (ms)
2026-07-10 03:21:21,398 [INFO] Pass: RemoveIdentityEquivalent - 0.00238 (ms)
2026-07-10 03:21:21,398 [INFO] Pass: Optimize1qGatesDecomposition - 0.02527 (ms)
2026-07-10 03:21:21,398 [INFO] Pass: CommutativeCancellation - 0.04339 (ms)
2026-07-10 03:21:21,398 [INFO] Pass: ContractIdleWiresInControlFlow - 0.00143 (ms)
2026-07-10 03:21:21,398 [INFO] Pass: GatesInBasis - 0.00787 (ms)
2026-07-10 03:21:21,398 [INFO] Pass: Depth - 0.00596 (ms)
2026-07-10 03:21:21,398 [INFO] Pass: FixedPoint - 0.00358 (ms)
2026-07-10 03:21:21,398 [INFO] Pass: Size - 0.00191 (ms)
2026-07-10 03:21:21,398 [INFO] Pass: FixedPoint - 0.00286 (ms)
2026-07-10 03:21:21,398 [INFO] Pass: ContainsInstruction - 0.00477 (ms)
2026-07-10 03:21:21,398 [INFO] Total Transpile Time - 86.36832 (ms)
2026-07-10 03:21:21,482 [INFO] Pass: ContainsInstruction - 0.00978 (ms)
2026-07-10 03:21:21,482 [INFO] Pass: UnitarySynthesis - 0.00644 (ms)
2026-07-10 03:21:21,482 [INFO] Pass: HighLevelSynthesis - 0.00501 (ms)
2026-07-10 03:21:21,482 [INFO] Pass: BasisTranslator - 0.05507 (ms)
2026-07-10 03:21:21,483 [INFO] Pass: ElidePermutations - 0.00525 (ms)
2026-07-10 03:21:21,483 [INFO] Pass: RemoveDiagonalGatesBeforeMeasure - 0.00525 (ms)
2026-07-10 03:21:21,483 [INFO] Pass: RemoveIdentityEquivalent - 0.00501 (ms)
2026-07-10 03:21:21,483 [INFO] Pass: InverseCancellation - 0.01240 (ms)
2026-07-10 03:21:21,483 [INFO] Pass: ContractIdleWiresInControlFlow - 0.00215 (ms)
2026-07-10 03:21:21,483 [INFO] Pass: CommutativeCancellation - 0.02789 (ms)
2026-07-10 03:21:21,483 [INFO] Pass: ConsolidateBlocks - 0.03123 (ms)
2026-07-10 03:21:21,483 [INFO] Pass: Split2QUnitaries - 0.00238 (ms)
2026-07-10 03:21:21,483 [INFO] Pass: UnitarySynthesis - 0.00477 (ms)
2026-07-10 03:21:21,483 [INFO] Pass: HighLevelSynthesis - 0.00858 (ms)
2026-07-10 03:21:21,483 [INFO] Pass: BasisTranslator - 0.05078 (ms)
2026-07-10 03:21:21,483 [INFO] Pass: ConsolidateBlocks - 0.03815 (ms)
2026-07-10 03:21:21,483 [INFO] Pass: UnitarySynthesis - 0.00429 (ms)
2026-07-10 03:21:21,483 [INFO] Pass: Depth - 0.00882 (ms)
2026-07-10 03:21:21,483 [INFO] Pass: FixedPoint - 0.00429 (ms)
2026-07-10 03:21:21,483 [INFO] Pass: Size - 0.00334 (ms)
2026-07-10 03:21:21,483 [INFO] Pass: FixedPoint - 0.00286 (ms)
2026-07-10 03:21:21,483 [INFO] Pass: RemoveIdentityEquivalent - 0.00358 (ms)
2026-07-10 03:21:21,483 [INFO] Pass: Optimize1qGatesDecomposition - 0.08750 (ms)
2026-07-10 03:21:21,483 [INFO] Pass: CommutativeCancellation - 0.04768 (ms)
2026-07-10 03:21:21,483 [INFO] Pass: ContractIdleWiresInControlFlow - 0.00167 (ms)
2026-07-10 03:21:21,483 [INFO] Pass: GatesInBasis - 0.00763 (ms)
2026-07-10 03:21:21,483 [INFO] Pass: Depth - 0.00787 (ms)
2026-07-10 03:21:21,483 [INFO] Pass: FixedPoint - 0.00358 (ms)
2026-07-10 03:21:21,483 [INFO] Pass: Size - 0.00191 (ms)
2026-07-10 03:21:21,483 [INFO] Pass: FixedPoint - 0.00238 (ms)
2026-07-10 03:21:21,483 [INFO] Pass: ContainsInstruction - 0.00453 (ms)
2026-07-10 03:21:21,484 [INFO] Total Transpile Time - 85.03366 (ms)
2026-07-10 03:21:21,569 [INFO] Pass: ContainsInstruction - 0.01049 (ms)
2026-07-10 03:21:21,569 [INFO] Pass: UnitarySynthesis - 0.00691 (ms)
2026-07-10 03:21:21,569 [INFO] Pass: HighLevelSynthesis - 0.00429 (ms)
2026-07-10 03:21:21,569 [INFO] Pass: BasisTranslator - 0.05651 (ms)
2026-07-10 03:21:21,569 [INFO] Pass: ElidePermutations - 0.00453 (ms)
2026-07-10 03:21:21,569 [INFO] Pass: RemoveDiagonalGatesBeforeMeasure - 0.00620 (ms)
2026-07-10 03:21:21,569 [INFO] Pass: RemoveIdentityEquivalent - 0.00501 (ms)
2026-07-10 03:21:21,569 [INFO] Pass: InverseCancellation - 0.01216 (ms)
2026-07-10 03:21:21,570 [INFO] Pass: ContractIdleWiresInControlFlow - 0.00191 (ms)
2026-07-10 03:21:21,570 [INFO] Pass: CommutativeCancellation - 0.02646 (ms)
2026-07-10 03:21:21,570 [INFO] Pass: ConsolidateBlocks - 0.03099 (ms)
2026-07-10 03:21:21,570 [INFO] Pass: Split2QUnitaries - 0.00334 (ms)
2026-07-10 03:21:21,570 [INFO] Pass: UnitarySynthesis - 0.00525 (ms)
2026-07-10 03:21:21,570 [INFO] Pass: HighLevelSynthesis - 0.00978 (ms)
2026-07-10 03:21:21,570 [INFO] Pass: BasisTranslator - 0.05364 (ms)
2026-07-10 03:21:21,570 [INFO] Pass: ConsolidateBlocks - 0.04005 (ms)
2026-07-10 03:21:21,570 [INFO] Pass: UnitarySynthesis - 0.00429 (ms)
2026-07-10 03:21:21,570 [INFO] Pass: Depth - 0.00882 (ms)
2026-07-10 03:21:21,570 [INFO] Pass: FixedPoint - 0.00525 (ms)
2026-07-10 03:21:21,570 [INFO] Pass: Size - 0.00286 (ms)
2026-07-10 03:21:21,570 [INFO] Pass: FixedPoint - 0.00286 (ms)
2026-07-10 03:21:21,570 [INFO] Pass: RemoveIdentityEquivalent - 0.00405 (ms)
2026-07-10 03:21:21,570 [INFO] Pass: Optimize1qGatesDecomposition - 0.09608 (ms)
2026-07-10 03:21:21,570 [INFO] Pass: CommutativeCancellation - 0.04363 (ms)
2026-07-10 03:21:21,570 [INFO] Pass: ContractIdleWiresInControlFlow - 0.00191 (ms)
2026-07-10 03:21:21,570 [INFO] Pass: GatesInBasis - 0.00787 (ms)
2026-07-10 03:21:21,570 [INFO] Pass: Depth - 0.00834 (ms)
2026-07-10 03:21:21,570 [INFO] Pass: FixedPoint - 0.00381 (ms)
2026-07-10 03:21:21,570 [INFO] Pass: Size - 0.00167 (ms)
2026-07-10 03:21:21,570 [INFO] Pass: FixedPoint - 0.00238 (ms)
2026-07-10 03:21:21,570 [INFO] Pass: RemoveIdentityEquivalent - 0.00405 (ms)
2026-07-10 03:21:21,571 [INFO] Pass: Optimize1qGatesDecomposition - 0.07987 (ms)
2026-07-10 03:21:21,571 [INFO] Pass: CommutativeCancellation - 0.04363 (ms)
2026-07-10 03:21:21,571 [INFO] Pass: ContractIdleWiresInControlFlow - 0.00191 (ms)
2026-07-10 03:21:21,571 [INFO] Pass: GatesInBasis - 0.00644 (ms)
2026-07-10 03:21:21,571 [INFO] Pass: Depth - 0.00691 (ms)
2026-07-10 03:21:21,571 [INFO] Pass: FixedPoint - 0.00310 (ms)
2026-07-10 03:21:21,571 [INFO] Pass: Size - 0.00215 (ms)
2026-07-10 03:21:21,571 [INFO] Pass: FixedPoint - 0.00238 (ms)
2026-07-10 03:21:21,571 [INFO] Pass: ContainsInstruction - 0.00548 (ms)
2026-07-10 03:21:21,571 [INFO] Total Transpile Time - 86.88951 (ms)
2026-07-10 03:21:28,640 [INFO] [PCE] n=20 instancia 23/40 completada en 0:00:00:07 — transcurrido=0:00:04:04 restante_estimado=0:00:03:00
2026-07-10 03:21:28,727 [INFO] Pass: ContainsInstruction - 0.01049 (ms)
2026-07-10 03:21:28,727 [INFO] Pass: UnitarySynthesis - 0.00691 (ms)
2026-07-10 03:21:28,727 [INFO] Pass: HighLevelSynthesis - 0.00501 (ms)
2026-07-10 03:21:28,727 [INFO] Pass: BasisTranslator - 0.06199 (ms)
2026-07-10 03:21:28,727 [INFO] Pass: ElidePermutations - 0.00429 (ms)
2026-07-10 03:21:28,727 [INFO] Pass: RemoveDiagonalGatesBeforeMeasure - 0.00572 (ms)
2026-07-10 03:21:28,727 [INFO] Pass: RemoveIdentityEquivalent - 0.00310 (ms)
2026-07-10 03:21:28,727 [INFO] Pass: InverseCancellation - 0.00429 (ms)
2026-07-10 03:21:28,727 [INFO] Pass: ContractIdleWiresInControlFlow - 0.00238 (ms)
2026-07-10 03:21:28,727 [INFO] Pass: CommutativeCancellation - 0.02003 (ms)
2026-07-10 03:21:28,727 [INFO] Pass: ConsolidateBlocks - 0.03052 (ms)
2026-07-10 03:21:28,727 [INFO] Pass: Split2QUnitaries - 0.00310 (ms)
2026-07-10 03:21:28,727 [INFO] Pass: UnitarySynthesis - 0.00501 (ms)
2026-07-10 03:21:28,727 [INFO] Pass: HighLevelSynthesis - 0.00811 (ms)
2026-07-10 03:21:28,727 [INFO] Pass: BasisTranslator - 0.05031 (ms)
2026-07-10 03:21:28,727 [INFO] Pass: ConsolidateBlocks - 0.03934 (ms)
2026-07-10 03:21:28,727 [INFO] Pass: UnitarySynthesis - 0.00381 (ms)
2026-07-10 03:21:28,727 [INFO] Pass: Depth - 0.00763 (ms)
2026-07-10 03:21:28,727 [INFO] Pass: FixedPoint - 0.00453 (ms)
2026-07-10 03:21:28,727 [INFO] Pass: Size - 0.00286 (ms)
2026-07-10 03:21:28,727 [INFO] Pass: FixedPoint - 0.00262 (ms)
2026-07-10 03:21:28,728 [INFO] Pass: RemoveIdentityEquivalent - 0.00238 (ms)
2026-07-10 03:21:28,728 [INFO] Pass: Optimize1qGatesDecomposition - 0.02718 (ms)
2026-07-10 03:21:28,728 [INFO] Pass: CommutativeCancellation - 0.04101 (ms)
2026-07-10 03:21:28,728 [INFO] Pass: ContractIdleWiresInControlFlow - 0.00191 (ms)
2026-07-10 03:21:28,728 [INFO] Pass: GatesInBasis - 0.00763 (ms)
2026-07-10 03:21:28,728 [INFO] Pass: Depth - 0.00644 (ms)
2026-07-10 03:21:28,728 [INFO] Pass: FixedPoint - 0.00334 (ms)
2026-07-10 03:21:28,728 [INFO] Pass: Size - 0.00191 (ms)
2026-07-10 03:21:28,728 [INFO] Pass: FixedPoint - 0.00286 (ms)
2026-07-10 03:21:28,728 [INFO] Pass: ContainsInstruction - 0.00477 (ms)
2026-07-10 03:21:28,728 [INFO] Total Transpile Time - 86.07221 (ms)
2026-07-10 03:21:28,812 [INFO] Pass: ContainsInstruction - 0.01049 (ms)
2026-07-10 03:21:28,812 [INFO] Pass: UnitarySynthesis - 0.00620 (ms)
2026-07-10 03:21:28,812 [INFO] Pass: HighLevelSynthesis - 0.00525 (ms)
2026-07-10 03:21:28,812 [INFO] Pass: BasisTranslator - 0.05889 (ms)
2026-07-10 03:21:28,812 [INFO] Pass: ElidePermutations - 0.00453 (ms)
2026-07-10 03:21:28,812 [INFO] Pass: RemoveDiagonalGatesBeforeMeasure - 0.00548 (ms)
2026-07-10 03:21:28,812 [INFO] Pass: RemoveIdentityEquivalent - 0.00525 (ms)
2026-07-10 03:21:28,812 [INFO] Pass: InverseCancellation - 0.01287 (ms)
2026-07-10 03:21:28,812 [INFO] Pass: ContractIdleWiresInControlFlow - 0.00215 (ms)
2026-07-10 03:21:28,812 [INFO] Pass: CommutativeCancellation - 0.02575 (ms)
2026-07-10 03:21:28,812 [INFO] Pass: ConsolidateBlocks - 0.02933 (ms)
2026-07-10 03:21:28,812 [INFO] Pass: Split2QUnitaries - 0.00334 (ms)
2026-07-10 03:21:28,813 [INFO] Pass: UnitarySynthesis - 0.00477 (ms)
2026-07-10 03:21:28,813 [INFO] Pass: HighLevelSynthesis - 0.01597 (ms)
2026-07-10 03:21:28,813 [INFO] Pass: BasisTranslator - 0.05054 (ms)
2026-07-10 03:21:28,813 [INFO] Pass: ConsolidateBlocks - 0.03934 (ms)
2026-07-10 03:21:28,813 [INFO] Pass: UnitarySynthesis - 0.00429 (ms)
2026-07-10 03:21:28,813 [INFO] Pass: Depth - 0.00882 (ms)
2026-07-10 03:21:28,813 [INFO] Pass: FixedPoint - 0.00429 (ms)
2026-07-10 03:21:28,813 [INFO] Pass: Size - 0.00286 (ms)
2026-07-10 03:21:28,813 [INFO] Pass: FixedPoint - 0.00262 (ms)
2026-07-10 03:21:28,813 [INFO] Pass: RemoveIdentityEquivalent - 0.00358 (ms)
2026-07-10 03:21:28,813 [INFO] Pass: Optimize1qGatesDecomposition - 0.08917 (ms)
2026-07-10 03:21:28,813 [INFO] Pass: CommutativeCancellation - 0.04816 (ms)
2026-07-10 03:21:28,813 [INFO] Pass: ContractIdleWiresInControlFlow - 0.00191 (ms)
2026-07-10 03:21:28,813 [INFO] Pass: GatesInBasis - 0.00739 (ms)
2026-07-10 03:21:28,813 [INFO] Pass: Depth - 0.00715 (ms)
2026-07-10 03:21:28,813 [INFO] Pass: FixedPoint - 0.00358 (ms)
2026-07-10 03:21:28,813 [INFO] Pass: Size - 0.00191 (ms)
2026-07-10 03:21:28,813 [INFO] Pass: FixedPoint - 0.00238 (ms)
2026-07-10 03:21:28,813 [INFO] Pass: ContainsInstruction - 0.00405 (ms)
2026-07-10 03:21:28,813 [INFO] Total Transpile Time - 85.01434 (ms)
2026-07-10 03:21:28,897 [INFO] Pass: ContainsInstruction - 0.01001 (ms)
2026-07-10 03:21:28,897 [INFO] Pass: UnitarySynthesis - 0.00620 (ms)
2026-07-10 03:21:28,897 [INFO] Pass: HighLevelSynthesis - 0.00477 (ms)
2026-07-10 03:21:28,897 [INFO] Pass: BasisTranslator - 0.05841 (ms)
2026-07-10 03:21:28,897 [INFO] Pass: ElidePermutations - 0.00501 (ms)
2026-07-10 03:21:28,897 [INFO] Pass: RemoveDiagonalGatesBeforeMeasure - 0.00596 (ms)
2026-07-10 03:21:28,897 [INFO] Pass: RemoveIdentityEquivalent - 0.00525 (ms)
2026-07-10 03:21:28,897 [INFO] Pass: InverseCancellation - 0.01264 (ms)
2026-07-10 03:21:28,897 [INFO] Pass: ContractIdleWiresInControlFlow - 0.00215 (ms)
2026-07-10 03:21:28,897 [INFO] Pass: CommutativeCancellation - 0.02432 (ms)
2026-07-10 03:21:28,897 [INFO] Pass: ConsolidateBlocks - 0.03052 (ms)
2026-07-10 03:21:28,898 [INFO] Pass: Split2QUnitaries - 0.00310 (ms)
2026-07-10 03:21:28,898 [INFO] Pass: UnitarySynthesis - 0.00501 (ms)
2026-07-10 03:21:28,898 [INFO] Pass: HighLevelSynthesis - 0.00978 (ms)
2026-07-10 03:21:28,898 [INFO] Pass: BasisTranslator - 0.05174 (ms)
2026-07-10 03:21:28,898 [INFO] Pass: ConsolidateBlocks - 0.03958 (ms)
2026-07-10 03:21:28,898 [INFO] Pass: UnitarySynthesis - 0.00429 (ms)
2026-07-10 03:21:28,898 [INFO] Pass: Depth - 0.00882 (ms)
2026-07-10 03:21:28,898 [INFO] Pass: FixedPoint - 0.00429 (ms)
2026-07-10 03:21:28,898 [INFO] Pass: Size - 0.00358 (ms)
2026-07-10 03:21:28,898 [INFO] Pass: FixedPoint - 0.00286 (ms)
2026-07-10 03:21:28,898 [INFO] Pass: RemoveIdentityEquivalent - 0.00381 (ms)
2026-07-10 03:21:28,898 [INFO] Pass: Optimize1qGatesDecomposition - 0.09751 (ms)
2026-07-10 03:21:28,898 [INFO] Pass: CommutativeCancellation - 0.04220 (ms)
2026-07-10 03:21:28,898 [INFO] Pass: ContractIdleWiresInControlFlow - 0.00215 (ms)
2026-07-10 03:21:28,898 [INFO] Pass: GatesInBasis - 0.00787 (ms)
2026-07-10 03:21:28,898 [INFO] Pass: Depth - 0.00787 (ms)
2026-07-10 03:21:28,898 [INFO] Pass: FixedPoint - 0.00381 (ms)
2026-07-10 03:21:28,898 [INFO] Pass: Size - 0.00191 (ms)
2026-07-10 03:21:28,898 [INFO] Pass: FixedPoint - 0.00286 (ms)
2026-07-10 03:21:28,898 [INFO] Pass: RemoveIdentityEquivalent - 0.00358 (ms)
2026-07-10 03:21:28,898 [INFO] Pass: Optimize1qGatesDecomposition - 0.07486 (ms)
2026-07-10 03:21:28,898 [INFO] Pass: CommutativeCancellation - 0.03529 (ms)
2026-07-10 03:21:28,898 [INFO] Pass: ContractIdleWiresInControlFlow - 0.00191 (ms)
2026-07-10 03:21:28,898 [INFO] Pass: GatesInBasis - 0.00572 (ms)
2026-07-10 03:21:28,898 [INFO] Pass: Depth - 0.00620 (ms)
2026-07-10 03:21:28,899 [INFO] Pass: FixedPoint - 0.00334 (ms)
2026-07-10 03:21:28,899 [INFO] Pass: Size - 0.00167 (ms)
2026-07-10 03:21:28,899 [INFO] Pass: FixedPoint - 0.00834 (ms)
2026-07-10 03:21:28,899 [INFO] Pass: ContainsInstruction - 0.00501 (ms)
2026-07-10 03:21:28,899 [INFO] Total Transpile Time - 84.98406 (ms)
2026-07-10 03:21:38,654 [INFO] [PCE] n=20 instancia 24/40 completada en 0:00:00:10 — transcurrido=0:00:04:14 restante_estimado=0:00:02:49
2026-07-10 03:21:38,741 [INFO] Pass: ContainsInstruction - 0.01192 (ms)
2026-07-10 03:21:38,741 [INFO] Pass: UnitarySynthesis - 0.00715 (ms)
2026-07-10 03:21:38,741 [INFO] Pass: HighLevelSynthesis - 0.00548 (ms)
2026-07-10 03:21:38,741 [INFO] Pass: BasisTranslator - 0.05889 (ms)
2026-07-10 03:21:38,741 [INFO] Pass: ElidePermutations - 0.00453 (ms)
2026-07-10 03:21:38,741 [INFO] Pass: RemoveDiagonalGatesBeforeMeasure - 0.00644 (ms)
2026-07-10 03:21:38,741 [INFO] Pass: RemoveIdentityEquivalent - 0.00310 (ms)
2026-07-10 03:21:38,741 [INFO] Pass: InverseCancellation - 0.00453 (ms)
2026-07-10 03:21:38,741 [INFO] Pass: ContractIdleWiresInControlFlow - 0.00215 (ms)
2026-07-10 03:21:38,741 [INFO] Pass: CommutativeCancellation - 0.01931 (ms)
2026-07-10 03:21:38,741 [INFO] Pass: ConsolidateBlocks - 0.03171 (ms)
2026-07-10 03:21:38,741 [INFO] Pass: Split2QUnitaries - 0.00286 (ms)
2026-07-10 03:21:38,741 [INFO] Pass: UnitarySynthesis - 0.00453 (ms)
2026-07-10 03:21:38,741 [INFO] Pass: HighLevelSynthesis - 0.00787 (ms)
2026-07-10 03:21:38,741 [INFO] Pass: BasisTranslator - 0.04864 (ms)
2026-07-10 03:21:38,742 [INFO] Pass: ConsolidateBlocks - 0.03815 (ms)
2026-07-10 03:21:38,742 [INFO] Pass: UnitarySynthesis - 0.00429 (ms)
2026-07-10 03:21:38,742 [INFO] Pass: Depth - 0.00787 (ms)
2026-07-10 03:21:38,742 [INFO] Pass: FixedPoint - 0.00477 (ms)
2026-07-10 03:21:38,742 [INFO] Pass: Size - 0.00310 (ms)
2026-07-10 03:21:38,742 [INFO] Pass: FixedPoint - 0.00286 (ms)
2026-07-10 03:21:38,742 [INFO] Pass: RemoveIdentityEquivalent - 0.00215 (ms)
2026-07-10 03:21:38,742 [INFO] Pass: Optimize1qGatesDecomposition - 0.02480 (ms)
2026-07-10 03:21:38,742 [INFO] Pass: CommutativeCancellation - 0.04125 (ms)
2026-07-10 03:21:38,742 [INFO] Pass: ContractIdleWiresInControlFlow - 0.00143 (ms)
2026-07-10 03:21:38,742 [INFO] Pass: GatesInBasis - 0.00763 (ms)
2026-07-10 03:21:38,742 [INFO] Pass: Depth - 0.00596 (ms)
2026-07-10 03:21:38,742 [INFO] Pass: FixedPoint - 0.00358 (ms)
2026-07-10 03:21:38,742 [INFO] Pass: Size - 0.00167 (ms)
2026-07-10 03:21:38,742 [INFO] Pass: FixedPoint - 0.00286 (ms)
2026-07-10 03:21:38,742 [INFO] Pass: ContainsInstruction - 0.00429 (ms)
2026-07-10 03:21:38,742 [INFO] Total Transpile Time - 86.86972 (ms)
2026-07-10 03:21:38,826 [INFO] Pass: ContainsInstruction - 0.00954 (ms)
2026-07-10 03:21:38,826 [INFO] Pass: UnitarySynthesis - 0.00644 (ms)
2026-07-10 03:21:38,826 [INFO] Pass: HighLevelSynthesis - 0.00429 (ms)
2026-07-10 03:21:38,826 [INFO] Pass: BasisTranslator - 0.05174 (ms)
2026-07-10 03:21:38,826 [INFO] Pass: ElidePermutations - 0.00429 (ms)
2026-07-10 03:21:38,826 [INFO] Pass: RemoveDiagonalGatesBeforeMeasure - 0.00501 (ms)
2026-07-10 03:21:38,826 [INFO] Pass: RemoveIdentityEquivalent - 0.00381 (ms)
2026-07-10 03:21:38,826 [INFO] Pass: InverseCancellation - 0.01073 (ms)
2026-07-10 03:21:38,826 [INFO] Pass: ContractIdleWiresInControlFlow - 0.00215 (ms)
2026-07-10 03:21:38,826 [INFO] Pass: CommutativeCancellation - 0.02408 (ms)
2026-07-10 03:21:38,826 [INFO] Pass: ConsolidateBlocks - 0.02694 (ms)
2026-07-10 03:21:38,826 [INFO] Pass: Split2QUnitaries - 0.00238 (ms)
2026-07-10 03:21:38,826 [INFO] Pass: UnitarySynthesis - 0.00501 (ms)
2026-07-10 03:21:38,826 [INFO] Pass: HighLevelSynthesis - 0.00787 (ms)
2026-07-10 03:21:38,826 [INFO] Pass: BasisTranslator - 0.04935 (ms)
2026-07-10 03:21:38,826 [INFO] Pass: ConsolidateBlocks - 0.03719 (ms)
2026-07-10 03:21:38,826 [INFO] Pass: UnitarySynthesis - 0.00405 (ms)
2026-07-10 03:21:38,827 [INFO] Pass: Depth - 0.00811 (ms)
2026-07-10 03:21:38,827 [INFO] Pass: FixedPoint - 0.00405 (ms)
2026-07-10 03:21:38,827 [INFO] Pass: Size - 0.00286 (ms)
2026-07-10 03:21:38,827 [INFO] Pass: FixedPoint - 0.00286 (ms)
2026-07-10 03:21:38,827 [INFO] Pass: RemoveIdentityEquivalent - 0.00286 (ms)
2026-07-10 03:21:38,827 [INFO] Pass: Optimize1qGatesDecomposition - 0.08583 (ms)
2026-07-10 03:21:38,827 [INFO] Pass: CommutativeCancellation - 0.04625 (ms)
2026-07-10 03:21:38,827 [INFO] Pass: ContractIdleWiresInControlFlow - 0.00191 (ms)
2026-07-10 03:21:38,827 [INFO] Pass: GatesInBasis - 0.00715 (ms)
2026-07-10 03:21:38,827 [INFO] Pass: Depth - 0.00715 (ms)
2026-07-10 03:21:38,827 [INFO] Pass: FixedPoint - 0.00381 (ms)
2026-07-10 03:21:38,827 [INFO] Pass: Size - 0.00215 (ms)
2026-07-10 03:21:38,827 [INFO] Pass: FixedPoint - 0.00286 (ms)
2026-07-10 03:21:38,827 [INFO] Pass: ContainsInstruction - 0.00501 (ms)
2026-07-10 03:21:38,827 [INFO] Total Transpile Time - 84.58471 (ms)
2026-07-10 03:21:38,912 [INFO] Pass: ContainsInstruction - 0.00906 (ms)
2026-07-10 03:21:38,913 [INFO] Pass: UnitarySynthesis - 0.00644 (ms)
2026-07-10 03:21:38,913 [INFO] Pass: HighLevelSynthesis - 0.00381 (ms)
2026-07-10 03:21:38,913 [INFO] Pass: BasisTranslator - 0.05102 (ms)
2026-07-10 03:21:38,913 [INFO] Pass: ElidePermutations - 0.00358 (ms)
2026-07-10 03:21:38,913 [INFO] Pass: RemoveDiagonalGatesBeforeMeasure - 0.00477 (ms)
2026-07-10 03:21:38,913 [INFO] Pass: RemoveIdentityEquivalent - 0.00429 (ms)
2026-07-10 03:21:38,913 [INFO] Pass: InverseCancellation - 0.01097 (ms)
2026-07-10 03:21:38,913 [INFO] Pass: ContractIdleWiresInControlFlow - 0.00191 (ms)
2026-07-10 03:21:38,913 [INFO] Pass: CommutativeCancellation - 0.02074 (ms)
2026-07-10 03:21:38,913 [INFO] Pass: ConsolidateBlocks - 0.02694 (ms)
2026-07-10 03:21:38,913 [INFO] Pass: Split2QUnitaries - 0.00215 (ms)
2026-07-10 03:21:38,913 [INFO] Pass: UnitarySynthesis - 0.00501 (ms)
2026-07-10 03:21:38,913 [INFO] Pass: HighLevelSynthesis - 0.00834 (ms)
2026-07-10 03:21:38,913 [INFO] Pass: BasisTranslator - 0.05054 (ms)
2026-07-10 03:21:38,913 [INFO] Pass: ConsolidateBlocks - 0.03934 (ms)
2026-07-10 03:21:38,913 [INFO] Pass: UnitarySynthesis - 0.00429 (ms)
2026-07-10 03:21:38,913 [INFO] Pass: Depth - 0.00811 (ms)
2026-07-10 03:21:38,913 [INFO] Pass: FixedPoint - 0.00381 (ms)
2026-07-10 03:21:38,913 [INFO] Pass: Size - 0.00262 (ms)
2026-07-10 03:21:38,913 [INFO] Pass: FixedPoint - 0.00286 (ms)
2026-07-10 03:21:38,913 [INFO] Pass: RemoveIdentityEquivalent - 0.00358 (ms)
2026-07-10 03:21:38,913 [INFO] Pass: Optimize1qGatesDecomposition - 0.08869 (ms)
2026-07-10 03:21:38,913 [INFO] Pass: CommutativeCancellation - 0.04125 (ms)
2026-07-10 03:21:38,913 [INFO] Pass: ContractIdleWiresInControlFlow - 0.00167 (ms)
2026-07-10 03:21:38,914 [INFO] Pass: GatesInBasis - 0.00668 (ms)
2026-07-10 03:21:38,914 [INFO] Pass: Depth - 0.00763 (ms)
2026-07-10 03:21:38,914 [INFO] Pass: FixedPoint - 0.00381 (ms)
2026-07-10 03:21:38,914 [INFO] Pass: Size - 0.00215 (ms)
2026-07-10 03:21:38,914 [INFO] Pass: FixedPoint - 0.00286 (ms)
2026-07-10 03:21:38,914 [INFO] Pass: RemoveIdentityEquivalent - 0.00358 (ms)
2026-07-10 03:21:38,914 [INFO] Pass: Optimize1qGatesDecomposition - 0.07319 (ms)
2026-07-10 03:21:38,914 [INFO] Pass: CommutativeCancellation - 0.03529 (ms)
2026-07-10 03:21:38,914 [INFO] Pass: ContractIdleWiresInControlFlow - 0.00167 (ms)
2026-07-10 03:21:38,914 [INFO] Pass: GatesInBasis - 0.00596 (ms)
2026-07-10 03:21:38,914 [INFO] Pass: Depth - 0.00668 (ms)
2026-07-10 03:21:38,914 [INFO] Pass: FixedPoint - 0.00286 (ms)
2026-07-10 03:21:38,914 [INFO] Pass: Size - 0.00191 (ms)
2026-07-10 03:21:38,914 [INFO] Pass: FixedPoint - 0.00238 (ms)
2026-07-10 03:21:38,914 [INFO] Pass: ContainsInstruction - 0.00501 (ms)
2026-07-10 03:21:38,914 [INFO] Total Transpile Time - 86.64894 (ms)
2026-07-10 03:21:49,353 [INFO] [PCE] n=20 instancia 25/40 completada en 0:00:00:11 — transcurrido=0:00:04:24 restante_estimado=0:00:02:39
2026-07-10 03:21:49,442 [INFO] Pass: ContainsInstruction - 0.01168 (ms)
2026-07-10 03:21:49,442 [INFO] Pass: UnitarySynthesis - 0.00715 (ms)
2026-07-10 03:21:49,442 [INFO] Pass: HighLevelSynthesis - 0.00477 (ms)
2026-07-10 03:21:49,442 [INFO] Pass: BasisTranslator - 0.05865 (ms)
2026-07-10 03:21:49,442 [INFO] Pass: ElidePermutations - 0.00501 (ms)
2026-07-10 03:21:49,442 [INFO] Pass: RemoveDiagonalGatesBeforeMeasure - 0.00596 (ms)
2026-07-10 03:21:49,442 [INFO] Pass: RemoveIdentityEquivalent - 0.00358 (ms)
2026-07-10 03:21:49,442 [INFO] Pass: InverseCancellation - 0.00477 (ms)
2026-07-10 03:21:49,442 [INFO] Pass: ContractIdleWiresInControlFlow - 0.00215 (ms)
2026-07-10 03:21:49,442 [INFO] Pass: CommutativeCancellation - 0.02074 (ms)
2026-07-10 03:21:49,442 [INFO] Pass: ConsolidateBlocks - 0.03052 (ms)
2026-07-10 03:21:49,442 [INFO] Pass: Split2QUnitaries - 0.00262 (ms)
2026-07-10 03:21:49,442 [INFO] Pass: UnitarySynthesis - 0.00525 (ms)
2026-07-10 03:21:49,442 [INFO] Pass: HighLevelSynthesis - 0.00811 (ms)
2026-07-10 03:21:49,442 [INFO] Pass: BasisTranslator - 0.05102 (ms)
2026-07-10 03:21:49,442 [INFO] Pass: ConsolidateBlocks - 0.03910 (ms)
2026-07-10 03:21:49,442 [INFO] Pass: UnitarySynthesis - 0.00405 (ms)
2026-07-10 03:21:49,442 [INFO] Pass: Depth - 0.00763 (ms)
2026-07-10 03:21:49,442 [INFO] Pass: FixedPoint - 0.00477 (ms)
2026-07-10 03:21:49,442 [INFO] Pass: Size - 0.00262 (ms)
2026-07-10 03:21:49,442 [INFO] Pass: FixedPoint - 0.00262 (ms)
2026-07-10 03:21:49,442 [INFO] Pass: RemoveIdentityEquivalent - 0.00262 (ms)
2026-07-10 03:21:49,443 [INFO] Pass: Optimize1qGatesDecomposition - 0.02599 (ms)
2026-07-10 03:21:49,443 [INFO] Pass: CommutativeCancellation - 0.04864 (ms)
2026-07-10 03:21:49,443 [INFO] Pass: ContractIdleWiresInControlFlow - 0.00191 (ms)
2026-07-10 03:21:49,443 [INFO] Pass: GatesInBasis - 0.00834 (ms)
2026-07-10 03:21:49,443 [INFO] Pass: Depth - 0.00596 (ms)
2026-07-10 03:21:49,443 [INFO] Pass: FixedPoint - 0.00334 (ms)
2026-07-10 03:21:49,443 [INFO] Pass: Size - 0.00215 (ms)
2026-07-10 03:21:49,443 [INFO] Pass: FixedPoint - 0.00262 (ms)
2026-07-10 03:21:49,443 [INFO] Pass: ContainsInstruction - 0.00429 (ms)
2026-07-10 03:21:49,443 [INFO] Total Transpile Time - 88.00769 (ms)
2026-07-10 03:21:49,528 [INFO] Pass: ContainsInstruction - 0.01073 (ms)
2026-07-10 03:21:49,528 [INFO] Pass: UnitarySynthesis - 0.00644 (ms)
2026-07-10 03:21:49,528 [INFO] Pass: HighLevelSynthesis - 0.00525 (ms)
2026-07-10 03:21:49,528 [INFO] Pass: BasisTranslator - 0.05746 (ms)
2026-07-10 03:21:49,528 [INFO] Pass: ElidePermutations - 0.00453 (ms)
2026-07-10 03:21:49,528 [INFO] Pass: RemoveDiagonalGatesBeforeMeasure - 0.00572 (ms)
2026-07-10 03:21:49,528 [INFO] Pass: RemoveIdentityEquivalent - 0.00572 (ms)
2026-07-10 03:21:49,528 [INFO] Pass: InverseCancellation - 0.01192 (ms)
2026-07-10 03:21:49,528 [INFO] Pass: ContractIdleWiresInControlFlow - 0.00191 (ms)
2026-07-10 03:21:49,528 [INFO] Pass: CommutativeCancellation - 0.02646 (ms)
2026-07-10 03:21:49,528 [INFO] Pass: ConsolidateBlocks - 0.02980 (ms)
2026-07-10 03:21:49,528 [INFO] Pass: Split2QUnitaries - 0.00262 (ms)
2026-07-10 03:21:49,528 [INFO] Pass: UnitarySynthesis - 0.00453 (ms)
2026-07-10 03:21:49,528 [INFO] Pass: HighLevelSynthesis - 0.00858 (ms)
2026-07-10 03:21:49,528 [INFO] Pass: BasisTranslator - 0.05150 (ms)
2026-07-10 03:21:49,528 [INFO] Pass: ConsolidateBlocks - 0.03910 (ms)
2026-07-10 03:21:49,528 [INFO] Pass: UnitarySynthesis - 0.00381 (ms)
2026-07-10 03:21:49,528 [INFO] Pass: Depth - 0.00858 (ms)
2026-07-10 03:21:49,528 [INFO] Pass: FixedPoint - 0.00405 (ms)
2026-07-10 03:21:49,528 [INFO] Pass: Size - 0.00334 (ms)
2026-07-10 03:21:49,528 [INFO] Pass: FixedPoint - 0.00286 (ms)
2026-07-10 03:21:49,528 [INFO] Pass: RemoveIdentityEquivalent - 0.00358 (ms)
2026-07-10 03:21:49,529 [INFO] Pass: Optimize1qGatesDecomposition - 0.09847 (ms)
2026-07-10 03:21:49,529 [INFO] Pass: CommutativeCancellation - 0.05031 (ms)
2026-07-10 03:21:49,529 [INFO] Pass: ContractIdleWiresInControlFlow - 0.00191 (ms)
2026-07-10 03:21:49,529 [INFO] Pass: GatesInBasis - 0.00858 (ms)
2026-07-10 03:21:49,529 [INFO] Pass: Depth - 0.00739 (ms)
2026-07-10 03:21:49,529 [INFO] Pass: FixedPoint - 0.00405 (ms)
2026-07-10 03:21:49,529 [INFO] Pass: Size - 0.00191 (ms)
2026-07-10 03:21:49,529 [INFO] Pass: FixedPoint - 0.00262 (ms)
2026-07-10 03:21:49,529 [INFO] Pass: ContainsInstruction - 0.00477 (ms)
2026-07-10 03:21:49,529 [INFO] Total Transpile Time - 85.69980 (ms)
2026-07-10 03:21:49,615 [INFO] Pass: ContainsInstruction - 0.00978 (ms)
2026-07-10 03:21:49,615 [INFO] Pass: UnitarySynthesis - 0.00620 (ms)
2026-07-10 03:21:49,615 [INFO] Pass: HighLevelSynthesis - 0.00429 (ms)
2026-07-10 03:21:49,615 [INFO] Pass: BasisTranslator - 0.05794 (ms)
2026-07-10 03:21:49,615 [INFO] Pass: ElidePermutations - 0.00429 (ms)
2026-07-10 03:21:49,615 [INFO] Pass: RemoveDiagonalGatesBeforeMeasure - 0.00548 (ms)
2026-07-10 03:21:49,615 [INFO] Pass: RemoveIdentityEquivalent - 0.00477 (ms)
2026-07-10 03:21:49,615 [INFO] Pass: InverseCancellation - 0.01287 (ms)
2026-07-10 03:21:49,615 [INFO] Pass: ContractIdleWiresInControlFlow - 0.00238 (ms)
2026-07-10 03:21:49,615 [INFO] Pass: CommutativeCancellation - 0.02337 (ms)
2026-07-10 03:21:49,615 [INFO] Pass: ConsolidateBlocks - 0.03004 (ms)
2026-07-10 03:21:49,615 [INFO] Pass: Split2QUnitaries - 0.00310 (ms)
2026-07-10 03:21:49,615 [INFO] Pass: UnitarySynthesis - 0.00477 (ms)
2026-07-10 03:21:49,615 [INFO] Pass: HighLevelSynthesis - 0.00858 (ms)
2026-07-10 03:21:49,615 [INFO] Pass: BasisTranslator - 0.05245 (ms)
2026-07-10 03:21:49,616 [INFO] Pass: ConsolidateBlocks - 0.04053 (ms)
2026-07-10 03:21:49,616 [INFO] Pass: UnitarySynthesis - 0.00429 (ms)
2026-07-10 03:21:49,616 [INFO] Pass: Depth - 0.01597 (ms)
2026-07-10 03:21:49,616 [INFO] Pass: FixedPoint - 0.00429 (ms)
2026-07-10 03:21:49,616 [INFO] Pass: Size - 0.00286 (ms)
2026-07-10 03:21:49,616 [INFO] Pass: FixedPoint - 0.00262 (ms)
2026-07-10 03:21:49,616 [INFO] Pass: RemoveIdentityEquivalent - 0.00358 (ms)
2026-07-10 03:21:49,616 [INFO] Pass: Optimize1qGatesDecomposition - 0.09704 (ms)
2026-07-10 03:21:49,616 [INFO] Pass: CommutativeCancellation - 0.04506 (ms)
2026-07-10 03:21:49,616 [INFO] Pass: ContractIdleWiresInControlFlow - 0.00215 (ms)
2026-07-10 03:21:49,616 [INFO] Pass: GatesInBasis - 0.00787 (ms)
2026-07-10 03:21:49,616 [INFO] Pass: Depth - 0.00882 (ms)
2026-07-10 03:21:49,616 [INFO] Pass: FixedPoint - 0.00405 (ms)
2026-07-10 03:21:49,616 [INFO] Pass: Size - 0.00191 (ms)
2026-07-10 03:21:49,616 [INFO] Pass: FixedPoint - 0.00286 (ms)
2026-07-10 03:21:49,616 [INFO] Pass: RemoveIdentityEquivalent - 0.00334 (ms)
2026-07-10 03:21:49,616 [INFO] Pass: Optimize1qGatesDecomposition - 0.07558 (ms)
2026-07-10 03:21:49,616 [INFO] Pass: CommutativeCancellation - 0.03624 (ms)
2026-07-10 03:21:49,616 [INFO] Pass: ContractIdleWiresInControlFlow - 0.00143 (ms)
2026-07-10 03:21:49,616 [INFO] Pass: GatesInBasis - 0.00620 (ms)
2026-07-10 03:21:49,616 [INFO] Pass: Depth - 0.00668 (ms)
2026-07-10 03:21:49,616 [INFO] Pass: FixedPoint - 0.00310 (ms)
2026-07-10 03:21:49,616 [INFO] Pass: Size - 0.00167 (ms)
2026-07-10 03:21:49,616 [INFO] Pass: FixedPoint - 0.00238 (ms)
2026-07-10 03:21:49,616 [INFO] Pass: ContainsInstruction - 0.00525 (ms)
2026-07-10 03:21:49,617 [INFO] Total Transpile Time - 87.13126 (ms)
2026-07-10 03:21:59,901 [INFO] [PCE] n=20 instancia 26/40 completada en 0:00:00:11 — transcurrido=0:00:04:35 restante_estimado=0:00:02:28
2026-07-10 03:21:59,987 [INFO] Pass: ContainsInstruction - 0.01073 (ms)
2026-07-10 03:21:59,988 [INFO] Pass: UnitarySynthesis - 0.00596 (ms)
2026-07-10 03:21:59,988 [INFO] Pass: HighLevelSynthesis - 0.00477 (ms)
2026-07-10 03:21:59,988 [INFO] Pass: BasisTranslator - 0.05603 (ms)
2026-07-10 03:21:59,988 [INFO] Pass: ElidePermutations - 0.00525 (ms)
2026-07-10 03:21:59,988 [INFO] Pass: RemoveDiagonalGatesBeforeMeasure - 0.00620 (ms)
2026-07-10 03:21:59,988 [INFO] Pass: RemoveIdentityEquivalent - 0.00334 (ms)
2026-07-10 03:21:59,988 [INFO] Pass: InverseCancellation - 0.00453 (ms)
2026-07-10 03:21:59,988 [INFO] Pass: ContractIdleWiresInControlFlow - 0.00215 (ms)
2026-07-10 03:21:59,988 [INFO] Pass: CommutativeCancellation - 0.02384 (ms)
2026-07-10 03:21:59,988 [INFO] Pass: ConsolidateBlocks - 0.02956 (ms)
2026-07-10 03:21:59,988 [INFO] Pass: Split2QUnitaries - 0.00310 (ms)
2026-07-10 03:21:59,988 [INFO] Pass: UnitarySynthesis - 0.00405 (ms)
2026-07-10 03:21:59,988 [INFO] Pass: HighLevelSynthesis - 0.00739 (ms)
2026-07-10 03:21:59,988 [INFO] Pass: BasisTranslator - 0.04888 (ms)
2026-07-10 03:21:59,988 [INFO] Pass: ConsolidateBlocks - 0.03815 (ms)
2026-07-10 03:21:59,988 [INFO] Pass: UnitarySynthesis - 0.00381 (ms)
2026-07-10 03:21:59,988 [INFO] Pass: Depth - 0.00811 (ms)
2026-07-10 03:21:59,988 [INFO] Pass: FixedPoint - 0.00429 (ms)
2026-07-10 03:21:59,988 [INFO] Pass: Size - 0.00334 (ms)
2026-07-10 03:21:59,988 [INFO] Pass: FixedPoint - 0.00286 (ms)
2026-07-10 03:21:59,988 [INFO] Pass: RemoveIdentityEquivalent - 0.00215 (ms)
2026-07-10 03:21:59,988 [INFO] Pass: Optimize1qGatesDecomposition - 0.02575 (ms)
2026-07-10 03:21:59,988 [INFO] Pass: CommutativeCancellation - 0.04053 (ms)
2026-07-10 03:21:59,988 [INFO] Pass: ContractIdleWiresInControlFlow - 0.00191 (ms)
2026-07-10 03:21:59,988 [INFO] Pass: GatesInBasis - 0.00811 (ms)
2026-07-10 03:21:59,989 [INFO] Pass: Depth - 0.00644 (ms)
2026-07-10 03:21:59,989 [INFO] Pass: FixedPoint - 0.00358 (ms)
2026-07-10 03:21:59,989 [INFO] Pass: Size - 0.00191 (ms)
2026-07-10 03:21:59,989 [INFO] Pass: FixedPoint - 0.00262 (ms)
2026-07-10 03:21:59,989 [INFO] Pass: ContainsInstruction - 0.00429 (ms)
2026-07-10 03:21:59,989 [INFO] Total Transpile Time - 86.69186 (ms)
2026-07-10 03:22:00,073 [INFO] Pass: ContainsInstruction - 0.00882 (ms)
2026-07-10 03:22:00,073 [INFO] Pass: UnitarySynthesis - 0.00644 (ms)
2026-07-10 03:22:00,073 [INFO] Pass: HighLevelSynthesis - 0.00381 (ms)
2026-07-10 03:22:00,073 [INFO] Pass: BasisTranslator - 0.05078 (ms)
2026-07-10 03:22:00,073 [INFO] Pass: ElidePermutations - 0.00381 (ms)
2026-07-10 03:22:00,073 [INFO] Pass: RemoveDiagonalGatesBeforeMeasure - 0.00501 (ms)
2026-07-10 03:22:00,073 [INFO] Pass: RemoveIdentityEquivalent - 0.00405 (ms)
2026-07-10 03:22:00,073 [INFO] Pass: InverseCancellation - 0.01097 (ms)
2026-07-10 03:22:00,073 [INFO] Pass: ContractIdleWiresInControlFlow - 0.00167 (ms)
2026-07-10 03:22:00,073 [INFO] Pass: CommutativeCancellation - 0.02480 (ms)
2026-07-10 03:22:00,073 [INFO] Pass: ConsolidateBlocks - 0.02766 (ms)
2026-07-10 03:22:00,074 [INFO] Pass: Split2QUnitaries - 0.00262 (ms)
2026-07-10 03:22:00,074 [INFO] Pass: UnitarySynthesis - 0.00453 (ms)
2026-07-10 03:22:00,074 [INFO] Pass: HighLevelSynthesis - 0.01597 (ms)
2026-07-10 03:22:00,074 [INFO] Pass: BasisTranslator - 0.04983 (ms)
2026-07-10 03:22:00,074 [INFO] Pass: ConsolidateBlocks - 0.03958 (ms)
2026-07-10 03:22:00,074 [INFO] Pass: UnitarySynthesis - 0.00429 (ms)
2026-07-10 03:22:00,074 [INFO] Pass: Depth - 0.00930 (ms)
2026-07-10 03:22:00,074 [INFO] Pass: FixedPoint - 0.00381 (ms)
2026-07-10 03:22:00,074 [INFO] Pass: Size - 0.00238 (ms)
2026-07-10 03:22:00,074 [INFO] Pass: FixedPoint - 0.00262 (ms)
2026-07-10 03:22:00,074 [INFO] Pass: RemoveIdentityEquivalent - 0.00286 (ms)
2026-07-10 03:22:00,074 [INFO] Pass: Optimize1qGatesDecomposition - 0.08535 (ms)
2026-07-10 03:22:00,074 [INFO] Pass: CommutativeCancellation - 0.04554 (ms)
2026-07-10 03:22:00,074 [INFO] Pass: ContractIdleWiresInControlFlow - 0.00191 (ms)
2026-07-10 03:22:00,074 [INFO] Pass: GatesInBasis - 0.00715 (ms)
2026-07-10 03:22:00,074 [INFO] Pass: Depth - 0.00739 (ms)
2026-07-10 03:22:00,074 [INFO] Pass: FixedPoint - 0.00358 (ms)
2026-07-10 03:22:00,074 [INFO] Pass: Size - 0.00215 (ms)
2026-07-10 03:22:00,074 [INFO] Pass: FixedPoint - 0.00262 (ms)
2026-07-10 03:22:00,074 [INFO] Pass: ContainsInstruction - 0.00501 (ms)
2026-07-10 03:22:00,074 [INFO] Total Transpile Time - 85.24942 (ms)
2026-07-10 03:22:00,159 [INFO] Pass: ContainsInstruction - 0.00858 (ms)
2026-07-10 03:22:00,159 [INFO] Pass: UnitarySynthesis - 0.00644 (ms)
2026-07-10 03:22:00,160 [INFO] Pass: HighLevelSynthesis - 0.00405 (ms)
2026-07-10 03:22:00,160 [INFO] Pass: BasisTranslator - 0.05889 (ms)
2026-07-10 03:22:00,160 [INFO] Pass: ElidePermutations - 0.00358 (ms)
2026-07-10 03:22:00,160 [INFO] Pass: RemoveDiagonalGatesBeforeMeasure - 0.00429 (ms)
2026-07-10 03:22:00,160 [INFO] Pass: RemoveIdentityEquivalent - 0.00429 (ms)
2026-07-10 03:22:00,160 [INFO] Pass: InverseCancellation - 0.01073 (ms)
2026-07-10 03:22:00,160 [INFO] Pass: ContractIdleWiresInControlFlow - 0.00191 (ms)
2026-07-10 03:22:00,160 [INFO] Pass: CommutativeCancellation - 0.02074 (ms)
2026-07-10 03:22:00,160 [INFO] Pass: ConsolidateBlocks - 0.02742 (ms)
2026-07-10 03:22:00,160 [INFO] Pass: Split2QUnitaries - 0.00238 (ms)
2026-07-10 03:22:00,160 [INFO] Pass: UnitarySynthesis - 0.00525 (ms)
2026-07-10 03:22:00,160 [INFO] Pass: HighLevelSynthesis - 0.00858 (ms)
2026-07-10 03:22:00,160 [INFO] Pass: BasisTranslator - 0.05174 (ms)
2026-07-10 03:22:00,160 [INFO] Pass: ConsolidateBlocks - 0.03886 (ms)
2026-07-10 03:22:00,160 [INFO] Pass: UnitarySynthesis - 0.00429 (ms)
2026-07-10 03:22:00,160 [INFO] Pass: Depth - 0.00858 (ms)
2026-07-10 03:22:00,160 [INFO] Pass: FixedPoint - 0.00405 (ms)
2026-07-10 03:22:00,160 [INFO] Pass: Size - 0.00215 (ms)
2026-07-10 03:22:00,160 [INFO] Pass: FixedPoint - 0.00262 (ms)
2026-07-10 03:22:00,160 [INFO] Pass: RemoveIdentityEquivalent - 0.00334 (ms)
2026-07-10 03:22:00,160 [INFO] Pass: Optimize1qGatesDecomposition - 0.08750 (ms)
2026-07-10 03:22:00,160 [INFO] Pass: CommutativeCancellation - 0.04172 (ms)
2026-07-10 03:22:00,160 [INFO] Pass: ContractIdleWiresInControlFlow - 0.00191 (ms)
2026-07-10 03:22:00,160 [INFO] Pass: GatesInBasis - 0.00691 (ms)
2026-07-10 03:22:00,160 [INFO] Pass: Depth - 0.00787 (ms)
2026-07-10 03:22:00,161 [INFO] Pass: FixedPoint - 0.00381 (ms)
2026-07-10 03:22:00,161 [INFO] Pass: Size - 0.00167 (ms)
2026-07-10 03:22:00,161 [INFO] Pass: FixedPoint - 0.00882 (ms)
2026-07-10 03:22:00,161 [INFO] Pass: RemoveIdentityEquivalent - 0.00358 (ms)
2026-07-10 03:22:00,161 [INFO] Pass: Optimize1qGatesDecomposition - 0.07343 (ms)
2026-07-10 03:22:00,161 [INFO] Pass: CommutativeCancellation - 0.03672 (ms)
2026-07-10 03:22:00,161 [INFO] Pass: ContractIdleWiresInControlFlow - 0.00167 (ms)
2026-07-10 03:22:00,161 [INFO] Pass: GatesInBasis - 0.00644 (ms)
2026-07-10 03:22:00,161 [INFO] Pass: Depth - 0.00644 (ms)
2026-07-10 03:22:00,161 [INFO] Pass: FixedPoint - 0.00334 (ms)
2026-07-10 03:22:00,161 [INFO] Pass: Size - 0.00167 (ms)
2026-07-10 03:22:00,161 [INFO] Pass: FixedPoint - 0.00286 (ms)
2026-07-10 03:22:00,161 [INFO] Pass: ContainsInstruction - 0.00477 (ms)
2026-07-10 03:22:00,161 [INFO] Total Transpile Time - 86.34782 (ms)
2026-07-10 03:22:09,079 [INFO] [PCE] n=20 instancia 27/40 completada en 0:00:00:09 — transcurrido=0:00:04:44 restante_estimado=0:00:02:17
2026-07-10 03:22:09,167 [INFO] Pass: ContainsInstruction - 0.01144 (ms)
2026-07-10 03:22:09,167 [INFO] Pass: UnitarySynthesis - 0.00620 (ms)
2026-07-10 03:22:09,167 [INFO] Pass: HighLevelSynthesis - 0.00501 (ms)
2026-07-10 03:22:09,167 [INFO] Pass: BasisTranslator - 0.05722 (ms)
2026-07-10 03:22:09,167 [INFO] Pass: ElidePermutations - 0.00477 (ms)
2026-07-10 03:22:09,167 [INFO] Pass: RemoveDiagonalGatesBeforeMeasure - 0.00596 (ms)
2026-07-10 03:22:09,167 [INFO] Pass: RemoveIdentityEquivalent - 0.00334 (ms)
2026-07-10 03:22:09,167 [INFO] Pass: InverseCancellation - 0.00453 (ms)
2026-07-10 03:22:09,167 [INFO] Pass: ContractIdleWiresInControlFlow - 0.00215 (ms)
2026-07-10 03:22:09,167 [INFO] Pass: CommutativeCancellation - 0.02193 (ms)
2026-07-10 03:22:09,167 [INFO] Pass: ConsolidateBlocks - 0.02980 (ms)
2026-07-10 03:22:09,167 [INFO] Pass: Split2QUnitaries - 0.00286 (ms)
2026-07-10 03:22:09,167 [INFO] Pass: UnitarySynthesis - 0.00501 (ms)
2026-07-10 03:22:09,167 [INFO] Pass: HighLevelSynthesis - 0.00763 (ms)
2026-07-10 03:22:09,167 [INFO] Pass: BasisTranslator - 0.04911 (ms)
2026-07-10 03:22:09,167 [INFO] Pass: ConsolidateBlocks - 0.03767 (ms)
2026-07-10 03:22:09,167 [INFO] Pass: UnitarySynthesis - 0.00405 (ms)
2026-07-10 03:22:09,167 [INFO] Pass: Depth - 0.00811 (ms)
2026-07-10 03:22:09,167 [INFO] Pass: FixedPoint - 0.00405 (ms)
2026-07-10 03:22:09,167 [INFO] Pass: Size - 0.00381 (ms)
2026-07-10 03:22:09,167 [INFO] Pass: FixedPoint - 0.00286 (ms)
2026-07-10 03:22:09,167 [INFO] Pass: RemoveIdentityEquivalent - 0.00191 (ms)
2026-07-10 03:22:09,167 [INFO] Pass: Optimize1qGatesDecomposition - 0.02670 (ms)
2026-07-10 03:22:09,167 [INFO] Pass: CommutativeCancellation - 0.04292 (ms)
2026-07-10 03:22:09,167 [INFO] Pass: ContractIdleWiresInControlFlow - 0.00191 (ms)
2026-07-10 03:22:09,168 [INFO] Pass: GatesInBasis - 0.00715 (ms)
2026-07-10 03:22:09,168 [INFO] Pass: Depth - 0.00668 (ms)
2026-07-10 03:22:09,168 [INFO] Pass: FixedPoint - 0.00358 (ms)
2026-07-10 03:22:09,168 [INFO] Pass: Size - 0.00215 (ms)
2026-07-10 03:22:09,168 [INFO] Pass: FixedPoint - 0.00286 (ms)
2026-07-10 03:22:09,168 [INFO] Pass: ContainsInstruction - 0.00453 (ms)
2026-07-10 03:22:09,168 [INFO] Total Transpile Time - 87.36229 (ms)
2026-07-10 03:22:09,253 [INFO] Pass: ContainsInstruction - 0.00978 (ms)
2026-07-10 03:22:09,253 [INFO] Pass: UnitarySynthesis - 0.00620 (ms)
2026-07-10 03:22:09,253 [INFO] Pass: HighLevelSynthesis - 0.00477 (ms)
2026-07-10 03:22:09,253 [INFO] Pass: BasisTranslator - 0.05317 (ms)
2026-07-10 03:22:09,253 [INFO] Pass: ElidePermutations - 0.00381 (ms)
2026-07-10 03:22:09,253 [INFO] Pass: RemoveDiagonalGatesBeforeMeasure - 0.00501 (ms)
2026-07-10 03:22:09,253 [INFO] Pass: RemoveIdentityEquivalent - 0.00405 (ms)
2026-07-10 03:22:09,253 [INFO] Pass: InverseCancellation - 0.01216 (ms)
2026-07-10 03:22:09,253 [INFO] Pass: ContractIdleWiresInControlFlow - 0.00215 (ms)
2026-07-10 03:22:09,253 [INFO] Pass: CommutativeCancellation - 0.02646 (ms)
2026-07-10 03:22:09,253 [INFO] Pass: ConsolidateBlocks - 0.02909 (ms)
2026-07-10 03:22:09,253 [INFO] Pass: Split2QUnitaries - 0.00262 (ms)
2026-07-10 03:22:09,253 [INFO] Pass: UnitarySynthesis - 0.00429 (ms)
2026-07-10 03:22:09,253 [INFO] Pass: HighLevelSynthesis - 0.00858 (ms)
2026-07-10 03:22:09,253 [INFO] Pass: BasisTranslator - 0.04864 (ms)
2026-07-10 03:22:09,253 [INFO] Pass: ConsolidateBlocks - 0.03886 (ms)
2026-07-10 03:22:09,254 [INFO] Pass: UnitarySynthesis - 0.00405 (ms)
2026-07-10 03:22:09,254 [INFO] Pass: Depth - 0.01669 (ms)
2026-07-10 03:22:09,254 [INFO] Pass: FixedPoint - 0.00453 (ms)
2026-07-10 03:22:09,254 [INFO] Pass: Size - 0.00334 (ms)
2026-07-10 03:22:09,254 [INFO] Pass: FixedPoint - 0.00286 (ms)
2026-07-10 03:22:09,254 [INFO] Pass: RemoveIdentityEquivalent - 0.00334 (ms)
2026-07-10 03:22:09,254 [INFO] Pass: Optimize1qGatesDecomposition - 0.08607 (ms)
2026-07-10 03:22:09,254 [INFO] Pass: CommutativeCancellation - 0.04816 (ms)
2026-07-10 03:22:09,254 [INFO] Pass: ContractIdleWiresInControlFlow - 0.00215 (ms)
2026-07-10 03:22:09,254 [INFO] Pass: GatesInBasis - 0.00787 (ms)
2026-07-10 03:22:09,254 [INFO] Pass: Depth - 0.00787 (ms)
2026-07-10 03:22:09,254 [INFO] Pass: FixedPoint - 0.00405 (ms)
2026-07-10 03:22:09,254 [INFO] Pass: Size - 0.00215 (ms)
2026-07-10 03:22:09,254 [INFO] Pass: FixedPoint - 0.00262 (ms)
2026-07-10 03:22:09,254 [INFO] Pass: ContainsInstruction - 0.00525 (ms)
2026-07-10 03:22:09,254 [INFO] Total Transpile Time - 86.00664 (ms)
2026-07-10 03:22:09,340 [INFO] Pass: ContainsInstruction - 0.01025 (ms)
2026-07-10 03:22:09,340 [INFO] Pass: UnitarySynthesis - 0.00668 (ms)
2026-07-10 03:22:09,341 [INFO] Pass: HighLevelSynthesis - 0.00477 (ms)
2026-07-10 03:22:09,341 [INFO] Pass: BasisTranslator - 0.06175 (ms)
2026-07-10 03:22:09,341 [INFO] Pass: ElidePermutations - 0.00453 (ms)
2026-07-10 03:22:09,341 [INFO] Pass: RemoveDiagonalGatesBeforeMeasure - 0.00596 (ms)
2026-07-10 03:22:09,341 [INFO] Pass: RemoveIdentityEquivalent - 0.00429 (ms)
2026-07-10 03:22:09,341 [INFO] Pass: InverseCancellation - 0.01264 (ms)
2026-07-10 03:22:09,341 [INFO] Pass: ContractIdleWiresInControlFlow - 0.00215 (ms)
2026-07-10 03:22:09,341 [INFO] Pass: CommutativeCancellation - 0.02503 (ms)
2026-07-10 03:22:09,341 [INFO] Pass: ConsolidateBlocks - 0.03052 (ms)
2026-07-10 03:22:09,341 [INFO] Pass: Split2QUnitaries - 0.00286 (ms)
2026-07-10 03:22:09,341 [INFO] Pass: UnitarySynthesis - 0.00501 (ms)
2026-07-10 03:22:09,341 [INFO] Pass: HighLevelSynthesis - 0.00930 (ms)
2026-07-10 03:22:09,341 [INFO] Pass: BasisTranslator - 0.05341 (ms)
2026-07-10 03:22:09,341 [INFO] Pass: ConsolidateBlocks - 0.03886 (ms)
2026-07-10 03:22:09,341 [INFO] Pass: UnitarySynthesis - 0.00453 (ms)
2026-07-10 03:22:09,341 [INFO] Pass: Depth - 0.00882 (ms)
2026-07-10 03:22:09,341 [INFO] Pass: FixedPoint - 0.00405 (ms)
2026-07-10 03:22:09,341 [INFO] Pass: Size - 0.00310 (ms)
2026-07-10 03:22:09,341 [INFO] Pass: FixedPoint - 0.00262 (ms)
2026-07-10 03:22:09,341 [INFO] Pass: RemoveIdentityEquivalent - 0.00358 (ms)
2026-07-10 03:22:09,341 [INFO] Pass: Optimize1qGatesDecomposition - 0.09656 (ms)
2026-07-10 03:22:09,341 [INFO] Pass: CommutativeCancellation - 0.04482 (ms)
2026-07-10 03:22:09,341 [INFO] Pass: ContractIdleWiresInControlFlow - 0.00238 (ms)
2026-07-10 03:22:09,341 [INFO] Pass: GatesInBasis - 0.00787 (ms)
2026-07-10 03:22:09,342 [INFO] Pass: Depth - 0.00834 (ms)
2026-07-10 03:22:09,342 [INFO] Pass: FixedPoint - 0.00381 (ms)
2026-07-10 03:22:09,342 [INFO] Pass: Size - 0.00191 (ms)
2026-07-10 03:22:09,342 [INFO] Pass: FixedPoint - 0.00286 (ms)
2026-07-10 03:22:09,342 [INFO] Pass: RemoveIdentityEquivalent - 0.00358 (ms)
2026-07-10 03:22:09,342 [INFO] Pass: Optimize1qGatesDecomposition - 0.07701 (ms)
2026-07-10 03:22:09,342 [INFO] Pass: CommutativeCancellation - 0.03862 (ms)
2026-07-10 03:22:09,342 [INFO] Pass: ContractIdleWiresInControlFlow - 0.00167 (ms)
2026-07-10 03:22:09,342 [INFO] Pass: GatesInBasis - 0.00620 (ms)
2026-07-10 03:22:09,342 [INFO] Pass: Depth - 0.00691 (ms)
2026-07-10 03:22:09,342 [INFO] Pass: FixedPoint - 0.00310 (ms)
2026-07-10 03:22:09,342 [INFO] Pass: Size - 0.00167 (ms)
2026-07-10 03:22:09,342 [INFO] Pass: FixedPoint - 0.00262 (ms)
2026-07-10 03:22:09,342 [INFO] Pass: ContainsInstruction - 0.00525 (ms)
2026-07-10 03:22:09,342 [INFO] Total Transpile Time - 87.58235 (ms)
2026-07-10 03:22:20,234 [INFO] [PCE] n=20 instancia 28/40 completada en 0:00:00:11 — transcurrido=0:00:04:55 restante_estimado=0:00:02:06
2026-07-10 03:22:20,323 [INFO] Pass: ContainsInstruction - 0.01168 (ms)
2026-07-10 03:22:20,323 [INFO] Pass: UnitarySynthesis - 0.00644 (ms)
2026-07-10 03:22:20,323 [INFO] Pass: HighLevelSynthesis - 0.00572 (ms)
2026-07-10 03:22:20,323 [INFO] Pass: BasisTranslator - 0.06127 (ms)
2026-07-10 03:22:20,323 [INFO] Pass: ElidePermutations - 0.00525 (ms)
2026-07-10 03:22:20,323 [INFO] Pass: RemoveDiagonalGatesBeforeMeasure - 0.00668 (ms)
2026-07-10 03:22:20,323 [INFO] Pass: RemoveIdentityEquivalent - 0.00358 (ms)
2026-07-10 03:22:20,323 [INFO] Pass: InverseCancellation - 0.00501 (ms)
2026-07-10 03:22:20,323 [INFO] Pass: ContractIdleWiresInControlFlow - 0.00215 (ms)
2026-07-10 03:22:20,323 [INFO] Pass: CommutativeCancellation - 0.02027 (ms)
2026-07-10 03:22:20,323 [INFO] Pass: ConsolidateBlocks - 0.03123 (ms)
2026-07-10 03:22:20,323 [INFO] Pass: Split2QUnitaries - 0.00334 (ms)
2026-07-10 03:22:20,323 [INFO] Pass: UnitarySynthesis - 0.00501 (ms)
2026-07-10 03:22:20,323 [INFO] Pass: HighLevelSynthesis - 0.00834 (ms)
2026-07-10 03:22:20,323 [INFO] Pass: BasisTranslator - 0.04959 (ms)
2026-07-10 03:22:20,323 [INFO] Pass: ConsolidateBlocks - 0.03815 (ms)
2026-07-10 03:22:20,323 [INFO] Pass: UnitarySynthesis - 0.00405 (ms)
2026-07-10 03:22:20,323 [INFO] Pass: Depth - 0.00811 (ms)
2026-07-10 03:22:20,323 [INFO] Pass: FixedPoint - 0.00453 (ms)
2026-07-10 03:22:20,323 [INFO] Pass: Size - 0.00310 (ms)
2026-07-10 03:22:20,323 [INFO] Pass: FixedPoint - 0.00238 (ms)
2026-07-10 03:22:20,323 [INFO] Pass: RemoveIdentityEquivalent - 0.00262 (ms)
2026-07-10 03:22:20,323 [INFO] Pass: Optimize1qGatesDecomposition - 0.02718 (ms)
2026-07-10 03:22:20,324 [INFO] Pass: CommutativeCancellation - 0.04601 (ms)
2026-07-10 03:22:20,324 [INFO] Pass: ContractIdleWiresInControlFlow - 0.00215 (ms)
2026-07-10 03:22:20,324 [INFO] Pass: GatesInBasis - 0.00763 (ms)
2026-07-10 03:22:20,324 [INFO] Pass: Depth - 0.00668 (ms)
2026-07-10 03:22:20,324 [INFO] Pass: FixedPoint - 0.00381 (ms)
2026-07-10 03:22:20,324 [INFO] Pass: Size - 0.00191 (ms)
2026-07-10 03:22:20,324 [INFO] Pass: FixedPoint - 0.00262 (ms)
2026-07-10 03:22:20,324 [INFO] Pass: ContainsInstruction - 0.00453 (ms)
2026-07-10 03:22:20,324 [INFO] Total Transpile Time - 88.18364 (ms)
2026-07-10 03:22:20,408 [INFO] Pass: ContainsInstruction - 0.00930 (ms)
2026-07-10 03:22:20,408 [INFO] Pass: UnitarySynthesis - 0.00572 (ms)
2026-07-10 03:22:20,408 [INFO] Pass: HighLevelSynthesis - 0.00453 (ms)
2026-07-10 03:22:20,408 [INFO] Pass: BasisTranslator - 0.05698 (ms)
2026-07-10 03:22:20,408 [INFO] Pass: ElidePermutations - 0.00405 (ms)
2026-07-10 03:22:20,408 [INFO] Pass: RemoveDiagonalGatesBeforeMeasure - 0.00572 (ms)
2026-07-10 03:22:20,408 [INFO] Pass: RemoveIdentityEquivalent - 0.00501 (ms)
2026-07-10 03:22:20,408 [INFO] Pass: InverseCancellation - 0.01240 (ms)
2026-07-10 03:22:20,408 [INFO] Pass: ContractIdleWiresInControlFlow - 0.00238 (ms)
2026-07-10 03:22:20,408 [INFO] Pass: CommutativeCancellation - 0.02503 (ms)
2026-07-10 03:22:20,408 [INFO] Pass: ConsolidateBlocks - 0.02909 (ms)
2026-07-10 03:22:20,408 [INFO] Pass: Split2QUnitaries - 0.00238 (ms)
2026-07-10 03:22:20,409 [INFO] Pass: UnitarySynthesis - 0.00429 (ms)
2026-07-10 03:22:20,409 [INFO] Pass: HighLevelSynthesis - 0.00811 (ms)
2026-07-10 03:22:20,409 [INFO] Pass: BasisTranslator - 0.05054 (ms)
2026-07-10 03:22:20,409 [INFO] Pass: ConsolidateBlocks - 0.03862 (ms)
2026-07-10 03:22:20,409 [INFO] Pass: UnitarySynthesis - 0.00429 (ms)
2026-07-10 03:22:20,409 [INFO] Pass: Depth - 0.00882 (ms)
2026-07-10 03:22:20,409 [INFO] Pass: FixedPoint - 0.00429 (ms)
2026-07-10 03:22:20,409 [INFO] Pass: Size - 0.00262 (ms)
2026-07-10 03:22:20,409 [INFO] Pass: FixedPoint - 0.00286 (ms)
2026-07-10 03:22:20,409 [INFO] Pass: RemoveIdentityEquivalent - 0.00310 (ms)
2026-07-10 03:22:20,409 [INFO] Pass: Optimize1qGatesDecomposition - 0.08941 (ms)
2026-07-10 03:22:20,409 [INFO] Pass: CommutativeCancellation - 0.04530 (ms)
2026-07-10 03:22:20,409 [INFO] Pass: ContractIdleWiresInControlFlow - 0.00215 (ms)
2026-07-10 03:22:20,409 [INFO] Pass: GatesInBasis - 0.00811 (ms)
2026-07-10 03:22:20,409 [INFO] Pass: Depth - 0.00715 (ms)
2026-07-10 03:22:20,409 [INFO] Pass: FixedPoint - 0.00358 (ms)
2026-07-10 03:22:20,409 [INFO] Pass: Size - 0.00191 (ms)
2026-07-10 03:22:20,409 [INFO] Pass: FixedPoint - 0.00310 (ms)
2026-07-10 03:22:20,409 [INFO] Pass: ContainsInstruction - 0.00453 (ms)
2026-07-10 03:22:20,409 [INFO] Total Transpile Time - 85.03819 (ms)
2026-07-10 03:22:20,494 [INFO] Pass: ContainsInstruction - 0.00954 (ms)
2026-07-10 03:22:20,494 [INFO] Pass: UnitarySynthesis - 0.00596 (ms)
2026-07-10 03:22:20,494 [INFO] Pass: HighLevelSynthesis - 0.00477 (ms)
2026-07-10 03:22:20,494 [INFO] Pass: BasisTranslator - 0.05770 (ms)
2026-07-10 03:22:20,494 [INFO] Pass: ElidePermutations - 0.00453 (ms)
2026-07-10 03:22:20,494 [INFO] Pass: RemoveDiagonalGatesBeforeMeasure - 0.00572 (ms)
2026-07-10 03:22:20,494 [INFO] Pass: RemoveIdentityEquivalent - 0.00501 (ms)
2026-07-10 03:22:20,494 [INFO] Pass: InverseCancellation - 0.01216 (ms)
2026-07-10 03:22:20,494 [INFO] Pass: ContractIdleWiresInControlFlow - 0.00191 (ms)
2026-07-10 03:22:20,494 [INFO] Pass: CommutativeCancellation - 0.02289 (ms)
2026-07-10 03:22:20,494 [INFO] Pass: ConsolidateBlocks - 0.02909 (ms)
2026-07-10 03:22:20,494 [INFO] Pass: Split2QUnitaries - 0.00238 (ms)
2026-07-10 03:22:20,494 [INFO] Pass: UnitarySynthesis - 0.00477 (ms)
2026-07-10 03:22:20,494 [INFO] Pass: HighLevelSynthesis - 0.00906 (ms)
2026-07-10 03:22:20,495 [INFO] Pass: BasisTranslator - 0.05198 (ms)
2026-07-10 03:22:20,495 [INFO] Pass: ConsolidateBlocks - 0.04792 (ms)
2026-07-10 03:22:20,495 [INFO] Pass: UnitarySynthesis - 0.00429 (ms)
2026-07-10 03:22:20,495 [INFO] Pass: Depth - 0.00906 (ms)
2026-07-10 03:22:20,495 [INFO] Pass: FixedPoint - 0.00429 (ms)
2026-07-10 03:22:20,495 [INFO] Pass: Size - 0.00262 (ms)
2026-07-10 03:22:20,495 [INFO] Pass: FixedPoint - 0.00286 (ms)
2026-07-10 03:22:20,495 [INFO] Pass: RemoveIdentityEquivalent - 0.00381 (ms)
2026-07-10 03:22:20,495 [INFO] Pass: Optimize1qGatesDecomposition - 0.09441 (ms)
2026-07-10 03:22:20,495 [INFO] Pass: CommutativeCancellation - 0.04363 (ms)
2026-07-10 03:22:20,495 [INFO] Pass: ContractIdleWiresInControlFlow - 0.00191 (ms)
2026-07-10 03:22:20,495 [INFO] Pass: GatesInBasis - 0.00811 (ms)
2026-07-10 03:22:20,495 [INFO] Pass: Depth - 0.00811 (ms)
2026-07-10 03:22:20,495 [INFO] Pass: FixedPoint - 0.00358 (ms)
2026-07-10 03:22:20,495 [INFO] Pass: Size - 0.00191 (ms)
2026-07-10 03:22:20,495 [INFO] Pass: FixedPoint - 0.00334 (ms)
2026-07-10 03:22:20,495 [INFO] Pass: RemoveIdentityEquivalent - 0.00381 (ms)
2026-07-10 03:22:20,495 [INFO] Pass: Optimize1qGatesDecomposition - 0.07677 (ms)
2026-07-10 03:22:20,495 [INFO] Pass: CommutativeCancellation - 0.03576 (ms)
2026-07-10 03:22:20,495 [INFO] Pass: ContractIdleWiresInControlFlow - 0.00167 (ms)
2026-07-10 03:22:20,495 [INFO] Pass: GatesInBasis - 0.00620 (ms)
2026-07-10 03:22:20,495 [INFO] Pass: Depth - 0.00668 (ms)
2026-07-10 03:22:20,495 [INFO] Pass: FixedPoint - 0.00334 (ms)
2026-07-10 03:22:20,495 [INFO] Pass: Size - 0.00167 (ms)
2026-07-10 03:22:20,495 [INFO] Pass: FixedPoint - 0.00215 (ms)
2026-07-10 03:22:20,495 [INFO] Pass: ContainsInstruction - 0.00501 (ms)
2026-07-10 03:22:20,496 [INFO] Total Transpile Time - 85.91223 (ms)
2026-07-10 03:22:29,086 [INFO] [PCE] n=20 instancia 29/40 completada en 0:00:00:09 — transcurrido=0:00:05:04 restante_estimado=0:00:01:55
2026-07-10 03:22:29,173 [INFO] Pass: ContainsInstruction - 0.01097 (ms)
2026-07-10 03:22:29,173 [INFO] Pass: UnitarySynthesis - 0.00834 (ms)
2026-07-10 03:22:29,173 [INFO] Pass: HighLevelSynthesis - 0.00525 (ms)
2026-07-10 03:22:29,173 [INFO] Pass: BasisTranslator - 0.05865 (ms)
2026-07-10 03:22:29,173 [INFO] Pass: ElidePermutations - 0.00429 (ms)
2026-07-10 03:22:29,173 [INFO] Pass: RemoveDiagonalGatesBeforeMeasure - 0.00620 (ms)
2026-07-10 03:22:29,173 [INFO] Pass: RemoveIdentityEquivalent - 0.00334 (ms)
2026-07-10 03:22:29,174 [INFO] Pass: InverseCancellation - 0.00429 (ms)
2026-07-10 03:22:29,174 [INFO] Pass: ContractIdleWiresInControlFlow - 0.00191 (ms)
2026-07-10 03:22:29,174 [INFO] Pass: CommutativeCancellation - 0.02742 (ms)
2026-07-10 03:22:29,174 [INFO] Pass: ConsolidateBlocks - 0.03052 (ms)
2026-07-10 03:22:29,174 [INFO] Pass: Split2QUnitaries - 0.00310 (ms)
2026-07-10 03:22:29,174 [INFO] Pass: UnitarySynthesis - 0.00501 (ms)
2026-07-10 03:22:29,174 [INFO] Pass: HighLevelSynthesis - 0.00858 (ms)
2026-07-10 03:22:29,174 [INFO] Pass: BasisTranslator - 0.04959 (ms)
2026-07-10 03:22:29,174 [INFO] Pass: ConsolidateBlocks - 0.03910 (ms)
2026-07-10 03:22:29,174 [INFO] Pass: UnitarySynthesis - 0.00429 (ms)
2026-07-10 03:22:29,174 [INFO] Pass: Depth - 0.00811 (ms)
2026-07-10 03:22:29,174 [INFO] Pass: FixedPoint - 0.00429 (ms)
2026-07-10 03:22:29,174 [INFO] Pass: Size - 0.00286 (ms)
2026-07-10 03:22:29,174 [INFO] Pass: FixedPoint - 0.00286 (ms)
2026-07-10 03:22:29,174 [INFO] Pass: RemoveIdentityEquivalent - 0.00215 (ms)
2026-07-10 03:22:29,174 [INFO] Pass: Optimize1qGatesDecomposition - 0.02551 (ms)
2026-07-10 03:22:29,174 [INFO] Pass: CommutativeCancellation - 0.04053 (ms)
2026-07-10 03:22:29,174 [INFO] Pass: ContractIdleWiresInControlFlow - 0.00167 (ms)
2026-07-10 03:22:29,174 [INFO] Pass: GatesInBasis - 0.00739 (ms)
2026-07-10 03:22:29,174 [INFO] Pass: Depth - 0.00620 (ms)
2026-07-10 03:22:29,174 [INFO] Pass: FixedPoint - 0.00334 (ms)
2026-07-10 03:22:29,174 [INFO] Pass: Size - 0.00167 (ms)
2026-07-10 03:22:29,174 [INFO] Pass: FixedPoint - 0.00262 (ms)
2026-07-10 03:22:29,174 [INFO] Pass: ContainsInstruction - 0.00501 (ms)
2026-07-10 03:22:29,174 [INFO] Total Transpile Time - 86.15637 (ms)
2026-07-10 03:22:29,259 [INFO] Pass: ContainsInstruction - 0.01049 (ms)
2026-07-10 03:22:29,259 [INFO] Pass: UnitarySynthesis - 0.00715 (ms)
2026-07-10 03:22:29,259 [INFO] Pass: HighLevelSynthesis - 0.00501 (ms)
2026-07-10 03:22:29,259 [INFO] Pass: BasisTranslator - 0.05770 (ms)
2026-07-10 03:22:29,259 [INFO] Pass: ElidePermutations - 0.00429 (ms)
2026-07-10 03:22:29,259 [INFO] Pass: RemoveDiagonalGatesBeforeMeasure - 0.00501 (ms)
2026-07-10 03:22:29,259 [INFO] Pass: RemoveIdentityEquivalent - 0.00429 (ms)
2026-07-10 03:22:29,259 [INFO] Pass: InverseCancellation - 0.01287 (ms)
2026-07-10 03:22:29,259 [INFO] Pass: ContractIdleWiresInControlFlow - 0.00215 (ms)
2026-07-10 03:22:29,259 [INFO] Pass: CommutativeCancellation - 0.02527 (ms)
2026-07-10 03:22:29,259 [INFO] Pass: ConsolidateBlocks - 0.02980 (ms)
2026-07-10 03:22:29,259 [INFO] Pass: Split2QUnitaries - 0.00262 (ms)
2026-07-10 03:22:29,259 [INFO] Pass: UnitarySynthesis - 0.00477 (ms)
2026-07-10 03:22:29,259 [INFO] Pass: HighLevelSynthesis - 0.00882 (ms)
2026-07-10 03:22:29,259 [INFO] Pass: BasisTranslator - 0.04959 (ms)
2026-07-10 03:22:29,259 [INFO] Pass: ConsolidateBlocks - 0.03815 (ms)
2026-07-10 03:22:29,259 [INFO] Pass: UnitarySynthesis - 0.00429 (ms)
2026-07-10 03:22:29,259 [INFO] Pass: Depth - 0.00882 (ms)
2026-07-10 03:22:29,260 [INFO] Pass: FixedPoint - 0.00453 (ms)
2026-07-10 03:22:29,260 [INFO] Pass: Size - 0.00334 (ms)
2026-07-10 03:22:29,260 [INFO] Pass: FixedPoint - 0.00238 (ms)
2026-07-10 03:22:29,260 [INFO] Pass: RemoveIdentityEquivalent - 0.00405 (ms)
2026-07-10 03:22:29,260 [INFO] Pass: Optimize1qGatesDecomposition - 0.08917 (ms)
2026-07-10 03:22:29,260 [INFO] Pass: CommutativeCancellation - 0.04911 (ms)
2026-07-10 03:22:29,260 [INFO] Pass: ContractIdleWiresInControlFlow - 0.00215 (ms)
2026-07-10 03:22:29,260 [INFO] Pass: GatesInBasis - 0.00763 (ms)
2026-07-10 03:22:29,260 [INFO] Pass: Depth - 0.00739 (ms)
2026-07-10 03:22:29,260 [INFO] Pass: FixedPoint - 0.00358 (ms)
2026-07-10 03:22:29,260 [INFO] Pass: Size - 0.00215 (ms)
2026-07-10 03:22:29,260 [INFO] Pass: FixedPoint - 0.00286 (ms)
2026-07-10 03:22:29,260 [INFO] Pass: ContainsInstruction - 0.00453 (ms)
2026-07-10 03:22:29,260 [INFO] Total Transpile Time - 85.24680 (ms)
2026-07-10 03:22:29,344 [INFO] Pass: ContainsInstruction - 0.00978 (ms)
2026-07-10 03:22:29,344 [INFO] Pass: UnitarySynthesis - 0.00596 (ms)
2026-07-10 03:22:29,344 [INFO] Pass: HighLevelSynthesis - 0.00501 (ms)
2026-07-10 03:22:29,344 [INFO] Pass: BasisTranslator - 0.05627 (ms)
2026-07-10 03:22:29,344 [INFO] Pass: ElidePermutations - 0.00429 (ms)
2026-07-10 03:22:29,345 [INFO] Pass: RemoveDiagonalGatesBeforeMeasure - 0.00572 (ms)
2026-07-10 03:22:29,345 [INFO] Pass: RemoveIdentityEquivalent - 0.00453 (ms)
2026-07-10 03:22:29,345 [INFO] Pass: InverseCancellation - 0.01168 (ms)
2026-07-10 03:22:29,345 [INFO] Pass: ContractIdleWiresInControlFlow - 0.00215 (ms)
2026-07-10 03:22:29,345 [INFO] Pass: CommutativeCancellation - 0.02337 (ms)
2026-07-10 03:22:29,345 [INFO] Pass: ConsolidateBlocks - 0.02742 (ms)
2026-07-10 03:22:29,345 [INFO] Pass: Split2QUnitaries - 0.00286 (ms)
2026-07-10 03:22:29,345 [INFO] Pass: UnitarySynthesis - 0.00477 (ms)
2026-07-10 03:22:29,345 [INFO] Pass: HighLevelSynthesis - 0.00882 (ms)
2026-07-10 03:22:29,345 [INFO] Pass: BasisTranslator - 0.05126 (ms)
2026-07-10 03:22:29,345 [INFO] Pass: ConsolidateBlocks - 0.04005 (ms)
2026-07-10 03:22:29,345 [INFO] Pass: UnitarySynthesis - 0.00405 (ms)
2026-07-10 03:22:29,345 [INFO] Pass: Depth - 0.00906 (ms)
2026-07-10 03:22:29,345 [INFO] Pass: FixedPoint - 0.00477 (ms)
2026-07-10 03:22:29,345 [INFO] Pass: Size - 0.00310 (ms)
2026-07-10 03:22:29,345 [INFO] Pass: FixedPoint - 0.00262 (ms)
2026-07-10 03:22:29,345 [INFO] Pass: RemoveIdentityEquivalent - 0.00334 (ms)
2026-07-10 03:22:29,345 [INFO] Pass: Optimize1qGatesDecomposition - 0.09537 (ms)
2026-07-10 03:22:29,345 [INFO] Pass: CommutativeCancellation - 0.04482 (ms)
2026-07-10 03:22:29,345 [INFO] Pass: ContractIdleWiresInControlFlow - 0.00191 (ms)
2026-07-10 03:22:29,345 [INFO] Pass: GatesInBasis - 0.00739 (ms)
2026-07-10 03:22:29,345 [INFO] Pass: Depth - 0.00834 (ms)
2026-07-10 03:22:29,345 [INFO] Pass: FixedPoint - 0.00381 (ms)
2026-07-10 03:22:29,345 [INFO] Pass: Size - 0.00215 (ms)
2026-07-10 03:22:29,345 [INFO] Pass: FixedPoint - 0.00262 (ms)
2026-07-10 03:22:29,345 [INFO] Pass: RemoveIdentityEquivalent - 0.00358 (ms)
2026-07-10 03:22:29,346 [INFO] Pass: Optimize1qGatesDecomposition - 0.07486 (ms)
2026-07-10 03:22:29,346 [INFO] Pass: CommutativeCancellation - 0.03719 (ms)
2026-07-10 03:22:29,346 [INFO] Pass: ContractIdleWiresInControlFlow - 0.00143 (ms)
2026-07-10 03:22:29,346 [INFO] Pass: GatesInBasis - 0.00596 (ms)
2026-07-10 03:22:29,346 [INFO] Pass: Depth - 0.00691 (ms)
2026-07-10 03:22:29,346 [INFO] Pass: FixedPoint - 0.00334 (ms)
2026-07-10 03:22:29,346 [INFO] Pass: Size - 0.00215 (ms)
2026-07-10 03:22:29,346 [INFO] Pass: FixedPoint - 0.00262 (ms)
2026-07-10 03:22:29,346 [INFO] Pass: ContainsInstruction - 0.00548 (ms)
2026-07-10 03:22:29,346 [INFO] Total Transpile Time - 85.45280 (ms)
2026-07-10 03:22:39,324 [INFO] [PCE] n=20 instancia 30/40 completada en 0:00:00:10 — transcurrido=0:00:05:14 restante_estimado=0:00:01:45
2026-07-10 03:22:39,412 [INFO] Pass: ContainsInstruction - 0.01097 (ms)
2026-07-10 03:22:39,412 [INFO] Pass: UnitarySynthesis - 0.00644 (ms)
2026-07-10 03:22:39,412 [INFO] Pass: HighLevelSynthesis - 0.00501 (ms)
2026-07-10 03:22:39,412 [INFO] Pass: BasisTranslator - 0.05889 (ms)
2026-07-10 03:22:39,412 [INFO] Pass: ElidePermutations - 0.00429 (ms)
2026-07-10 03:22:39,412 [INFO] Pass: RemoveDiagonalGatesBeforeMeasure - 0.00596 (ms)
2026-07-10 03:22:39,412 [INFO] Pass: RemoveIdentityEquivalent - 0.00381 (ms)
2026-07-10 03:22:39,412 [INFO] Pass: InverseCancellation - 0.00477 (ms)
2026-07-10 03:22:39,412 [INFO] Pass: ContractIdleWiresInControlFlow - 0.00191 (ms)
2026-07-10 03:22:39,412 [INFO] Pass: CommutativeCancellation - 0.02074 (ms)
2026-07-10 03:22:39,412 [INFO] Pass: ConsolidateBlocks - 0.02980 (ms)
2026-07-10 03:22:39,412 [INFO] Pass: Split2QUnitaries - 0.00286 (ms)
2026-07-10 03:22:39,412 [INFO] Pass: UnitarySynthesis - 0.00525 (ms)
2026-07-10 03:22:39,412 [INFO] Pass: HighLevelSynthesis - 0.00787 (ms)
2026-07-10 03:22:39,412 [INFO] Pass: BasisTranslator - 0.05126 (ms)
2026-07-10 03:22:39,412 [INFO] Pass: ConsolidateBlocks - 0.03982 (ms)
2026-07-10 03:22:39,412 [INFO] Pass: UnitarySynthesis - 0.00429 (ms)
2026-07-10 03:22:39,412 [INFO] Pass: Depth - 0.00787 (ms)
2026-07-10 03:22:39,412 [INFO] Pass: FixedPoint - 0.00453 (ms)
2026-07-10 03:22:39,412 [INFO] Pass: Size - 0.00310 (ms)
2026-07-10 03:22:39,412 [INFO] Pass: FixedPoint - 0.00286 (ms)
2026-07-10 03:22:39,413 [INFO] Pass: RemoveIdentityEquivalent - 0.00286 (ms)
2026-07-10 03:22:39,413 [INFO] Pass: Optimize1qGatesDecomposition - 0.03338 (ms)
2026-07-10 03:22:39,413 [INFO] Pass: CommutativeCancellation - 0.04148 (ms)
2026-07-10 03:22:39,413 [INFO] Pass: ContractIdleWiresInControlFlow - 0.00191 (ms)
2026-07-10 03:22:39,413 [INFO] Pass: GatesInBasis - 0.00811 (ms)
2026-07-10 03:22:39,413 [INFO] Pass: Depth - 0.00668 (ms)
2026-07-10 03:22:39,413 [INFO] Pass: FixedPoint - 0.00358 (ms)
2026-07-10 03:22:39,413 [INFO] Pass: Size - 0.00215 (ms)
2026-07-10 03:22:39,413 [INFO] Pass: FixedPoint - 0.00262 (ms)
2026-07-10 03:22:39,413 [INFO] Pass: ContainsInstruction - 0.00453 (ms)
2026-07-10 03:22:39,413 [INFO] Total Transpile Time - 87.32104 (ms)
2026-07-10 03:22:39,497 [INFO] Pass: ContainsInstruction - 0.00978 (ms)
2026-07-10 03:22:39,497 [INFO] Pass: UnitarySynthesis - 0.00668 (ms)
2026-07-10 03:22:39,497 [INFO] Pass: HighLevelSynthesis - 0.00477 (ms)
2026-07-10 03:22:39,497 [INFO] Pass: BasisTranslator - 0.05221 (ms)
2026-07-10 03:22:39,497 [INFO] Pass: ElidePermutations - 0.00405 (ms)
2026-07-10 03:22:39,497 [INFO] Pass: RemoveDiagonalGatesBeforeMeasure - 0.00477 (ms)
2026-07-10 03:22:39,497 [INFO] Pass: RemoveIdentityEquivalent - 0.00381 (ms)
2026-07-10 03:22:39,497 [INFO] Pass: InverseCancellation - 0.01240 (ms)
2026-07-10 03:22:39,498 [INFO] Pass: ContractIdleWiresInControlFlow - 0.00215 (ms)
2026-07-10 03:22:39,498 [INFO] Pass: CommutativeCancellation - 0.02384 (ms)
2026-07-10 03:22:39,498 [INFO] Pass: ConsolidateBlocks - 0.02837 (ms)
2026-07-10 03:22:39,498 [INFO] Pass: Split2QUnitaries - 0.00358 (ms)
2026-07-10 03:22:39,498 [INFO] Pass: UnitarySynthesis - 0.00501 (ms)
2026-07-10 03:22:39,498 [INFO] Pass: HighLevelSynthesis - 0.00858 (ms)
2026-07-10 03:22:39,498 [INFO] Pass: BasisTranslator - 0.04983 (ms)
2026-07-10 03:22:39,498 [INFO] Pass: ConsolidateBlocks - 0.03743 (ms)
2026-07-10 03:22:39,498 [INFO] Pass: UnitarySynthesis - 0.00429 (ms)
2026-07-10 03:22:39,498 [INFO] Pass: Depth - 0.00906 (ms)
2026-07-10 03:22:39,498 [INFO] Pass: FixedPoint - 0.00405 (ms)
2026-07-10 03:22:39,498 [INFO] Pass: Size - 0.00310 (ms)
2026-07-10 03:22:39,498 [INFO] Pass: FixedPoint - 0.00262 (ms)
2026-07-10 03:22:39,498 [INFO] Pass: RemoveIdentityEquivalent - 0.00286 (ms)
2026-07-10 03:22:39,498 [INFO] Pass: Optimize1qGatesDecomposition - 0.08702 (ms)
2026-07-10 03:22:39,498 [INFO] Pass: CommutativeCancellation - 0.04697 (ms)
2026-07-10 03:22:39,498 [INFO] Pass: ContractIdleWiresInControlFlow - 0.00167 (ms)
2026-07-10 03:22:39,498 [INFO] Pass: GatesInBasis - 0.00763 (ms)
2026-07-10 03:22:39,498 [INFO] Pass: Depth - 0.00691 (ms)
2026-07-10 03:22:39,498 [INFO] Pass: FixedPoint - 0.00381 (ms)
2026-07-10 03:22:39,498 [INFO] Pass: Size - 0.00215 (ms)
2026-07-10 03:22:39,498 [INFO] Pass: FixedPoint - 0.00262 (ms)
2026-07-10 03:22:39,498 [INFO] Pass: ContainsInstruction - 0.00501 (ms)
2026-07-10 03:22:39,499 [INFO] Total Transpile Time - 85.10995 (ms)
2026-07-10 03:22:39,583 [INFO] Pass: ContainsInstruction - 0.00978 (ms)
2026-07-10 03:22:39,583 [INFO] Pass: UnitarySynthesis - 0.00668 (ms)
2026-07-10 03:22:39,583 [INFO] Pass: HighLevelSynthesis - 0.00548 (ms)
2026-07-10 03:22:39,583 [INFO] Pass: BasisTranslator - 0.05317 (ms)
2026-07-10 03:22:39,584 [INFO] Pass: ElidePermutations - 0.00453 (ms)
2026-07-10 03:22:39,584 [INFO] Pass: RemoveDiagonalGatesBeforeMeasure - 0.00668 (ms)
2026-07-10 03:22:39,584 [INFO] Pass: RemoveIdentityEquivalent - 0.00501 (ms)
2026-07-10 03:22:39,584 [INFO] Pass: InverseCancellation - 0.01240 (ms)
2026-07-10 03:22:39,584 [INFO] Pass: ContractIdleWiresInControlFlow - 0.00215 (ms)
2026-07-10 03:22:39,584 [INFO] Pass: CommutativeCancellation - 0.02337 (ms)
2026-07-10 03:22:39,584 [INFO] Pass: ConsolidateBlocks - 0.03028 (ms)
2026-07-10 03:22:39,584 [INFO] Pass: Split2QUnitaries - 0.00286 (ms)
2026-07-10 03:22:39,584 [INFO] Pass: UnitarySynthesis - 0.00525 (ms)
2026-07-10 03:22:39,584 [INFO] Pass: HighLevelSynthesis - 0.00906 (ms)
2026-07-10 03:22:39,584 [INFO] Pass: BasisTranslator - 0.05174 (ms)
2026-07-10 03:22:39,584 [INFO] Pass: ConsolidateBlocks - 0.03934 (ms)
2026-07-10 03:22:39,584 [INFO] Pass: UnitarySynthesis - 0.00405 (ms)
2026-07-10 03:22:39,584 [INFO] Pass: Depth - 0.00930 (ms)
2026-07-10 03:22:39,584 [INFO] Pass: FixedPoint - 0.00429 (ms)
2026-07-10 03:22:39,584 [INFO] Pass: Size - 0.00310 (ms)
2026-07-10 03:22:39,584 [INFO] Pass: FixedPoint - 0.00286 (ms)
2026-07-10 03:22:39,584 [INFO] Pass: RemoveIdentityEquivalent - 0.00429 (ms)
2026-07-10 03:22:39,584 [INFO] Pass: Optimize1qGatesDecomposition - 0.09632 (ms)
2026-07-10 03:22:39,584 [INFO] Pass: CommutativeCancellation - 0.04435 (ms)
2026-07-10 03:22:39,584 [INFO] Pass: ContractIdleWiresInControlFlow - 0.00191 (ms)
2026-07-10 03:22:39,584 [INFO] Pass: GatesInBasis - 0.00811 (ms)
2026-07-10 03:22:39,584 [INFO] Pass: Depth - 0.00763 (ms)
2026-07-10 03:22:39,584 [INFO] Pass: FixedPoint - 0.00334 (ms)
2026-07-10 03:22:39,584 [INFO] Pass: Size - 0.00191 (ms)
2026-07-10 03:22:39,584 [INFO] Pass: FixedPoint - 0.00286 (ms)
2026-07-10 03:22:39,585 [INFO] Pass: RemoveIdentityEquivalent - 0.00334 (ms)
2026-07-10 03:22:39,585 [INFO] Pass: Optimize1qGatesDecomposition - 0.08225 (ms)
2026-07-10 03:22:39,585 [INFO] Pass: CommutativeCancellation - 0.03791 (ms)
2026-07-10 03:22:39,585 [INFO] Pass: ContractIdleWiresInControlFlow - 0.00143 (ms)
2026-07-10 03:22:39,585 [INFO] Pass: GatesInBasis - 0.00644 (ms)
2026-07-10 03:22:39,585 [INFO] Pass: Depth - 0.00691 (ms)
2026-07-10 03:22:39,585 [INFO] Pass: FixedPoint - 0.00334 (ms)
2026-07-10 03:22:39,585 [INFO] Pass: Size - 0.00167 (ms)
2026-07-10 03:22:39,585 [INFO] Pass: FixedPoint - 0.00262 (ms)
2026-07-10 03:22:39,585 [INFO] Pass: ContainsInstruction - 0.00477 (ms)
2026-07-10 03:22:39,585 [INFO] Total Transpile Time - 86.13801 (ms)
2026-07-10 03:22:52,170 [INFO] [PCE] n=20 instancia 31/40 completada en 0:00:00:13 — transcurrido=0:00:05:27 restante_estimado=0:00:01:35
2026-07-10 03:22:52,257 [INFO] Pass: ContainsInstruction - 0.01192 (ms)
2026-07-10 03:22:52,257 [INFO] Pass: UnitarySynthesis - 0.00668 (ms)
2026-07-10 03:22:52,257 [INFO] Pass: HighLevelSynthesis - 0.00501 (ms)
2026-07-10 03:22:52,257 [INFO] Pass: BasisTranslator - 0.06175 (ms)
2026-07-10 03:22:52,257 [INFO] Pass: ElidePermutations - 0.00501 (ms)
2026-07-10 03:22:52,257 [INFO] Pass: RemoveDiagonalGatesBeforeMeasure - 0.00691 (ms)
2026-07-10 03:22:52,257 [INFO] Pass: RemoveIdentityEquivalent - 0.00310 (ms)
2026-07-10 03:22:52,257 [INFO] Pass: InverseCancellation - 0.00477 (ms)
2026-07-10 03:22:52,257 [INFO] Pass: ContractIdleWiresInControlFlow - 0.00215 (ms)
2026-07-10 03:22:52,257 [INFO] Pass: CommutativeCancellation - 0.02122 (ms)
2026-07-10 03:22:52,257 [INFO] Pass: ConsolidateBlocks - 0.03028 (ms)
2026-07-10 03:22:52,257 [INFO] Pass: Split2QUnitaries - 0.00310 (ms)
2026-07-10 03:22:52,257 [INFO] Pass: UnitarySynthesis - 0.00453 (ms)
2026-07-10 03:22:52,257 [INFO] Pass: HighLevelSynthesis - 0.00834 (ms)
2026-07-10 03:22:52,257 [INFO] Pass: BasisTranslator - 0.04959 (ms)
2026-07-10 03:22:52,258 [INFO] Pass: ConsolidateBlocks - 0.03982 (ms)
2026-07-10 03:22:52,258 [INFO] Pass: UnitarySynthesis - 0.00381 (ms)
2026-07-10 03:22:52,258 [INFO] Pass: Depth - 0.00906 (ms)
2026-07-10 03:22:52,258 [INFO] Pass: FixedPoint - 0.00477 (ms)
2026-07-10 03:22:52,258 [INFO] Pass: Size - 0.00334 (ms)
2026-07-10 03:22:52,258 [INFO] Pass: FixedPoint - 0.00286 (ms)
2026-07-10 03:22:52,258 [INFO] Pass: RemoveIdentityEquivalent - 0.00238 (ms)
2026-07-10 03:22:52,258 [INFO] Pass: Optimize1qGatesDecomposition - 0.02742 (ms)
2026-07-10 03:22:52,258 [INFO] Pass: CommutativeCancellation - 0.04315 (ms)
2026-07-10 03:22:52,258 [INFO] Pass: ContractIdleWiresInControlFlow - 0.00191 (ms)
2026-07-10 03:22:52,258 [INFO] Pass: GatesInBasis - 0.00739 (ms)
2026-07-10 03:22:52,258 [INFO] Pass: Depth - 0.00620 (ms)
2026-07-10 03:22:52,258 [INFO] Pass: FixedPoint - 0.00358 (ms)
2026-07-10 03:22:52,258 [INFO] Pass: Size - 0.00167 (ms)
2026-07-10 03:22:52,258 [INFO] Pass: FixedPoint - 0.00262 (ms)
2026-07-10 03:22:52,258 [INFO] Pass: ContainsInstruction - 0.00429 (ms)
2026-07-10 03:22:52,258 [INFO] Total Transpile Time - 86.50470 (ms)
2026-07-10 03:22:52,343 [INFO] Pass: ContainsInstruction - 0.01049 (ms)
2026-07-10 03:22:52,343 [INFO] Pass: UnitarySynthesis - 0.00715 (ms)
2026-07-10 03:22:52,343 [INFO] Pass: HighLevelSynthesis - 0.00453 (ms)
2026-07-10 03:22:52,343 [INFO] Pass: BasisTranslator - 0.05674 (ms)
2026-07-10 03:22:52,343 [INFO] Pass: ElidePermutations - 0.00453 (ms)
2026-07-10 03:22:52,343 [INFO] Pass: RemoveDiagonalGatesBeforeMeasure - 0.00548 (ms)
2026-07-10 03:22:52,343 [INFO] Pass: RemoveIdentityEquivalent - 0.00429 (ms)
2026-07-10 03:22:52,343 [INFO] Pass: InverseCancellation - 0.01311 (ms)
2026-07-10 03:22:52,343 [INFO] Pass: ContractIdleWiresInControlFlow - 0.00191 (ms)
2026-07-10 03:22:52,343 [INFO] Pass: CommutativeCancellation - 0.02694 (ms)
2026-07-10 03:22:52,343 [INFO] Pass: ConsolidateBlocks - 0.03099 (ms)
2026-07-10 03:22:52,343 [INFO] Pass: Split2QUnitaries - 0.00286 (ms)
2026-07-10 03:22:52,343 [INFO] Pass: UnitarySynthesis - 0.00501 (ms)
2026-07-10 03:22:52,343 [INFO] Pass: HighLevelSynthesis - 0.00882 (ms)
2026-07-10 03:22:52,343 [INFO] Pass: BasisTranslator - 0.05126 (ms)
2026-07-10 03:22:52,343 [INFO] Pass: ConsolidateBlocks - 0.03934 (ms)
2026-07-10 03:22:52,343 [INFO] Pass: UnitarySynthesis - 0.00405 (ms)
2026-07-10 03:22:52,343 [INFO] Pass: Depth - 0.00858 (ms)
2026-07-10 03:22:52,344 [INFO] Pass: FixedPoint - 0.00453 (ms)
2026-07-10 03:22:52,344 [INFO] Pass: Size - 0.00310 (ms)
2026-07-10 03:22:52,344 [INFO] Pass: FixedPoint - 0.00286 (ms)
2026-07-10 03:22:52,344 [INFO] Pass: RemoveIdentityEquivalent - 0.00358 (ms)
2026-07-10 03:22:52,344 [INFO] Pass: Optimize1qGatesDecomposition - 0.09227 (ms)
2026-07-10 03:22:52,344 [INFO] Pass: CommutativeCancellation - 0.04911 (ms)
2026-07-10 03:22:52,344 [INFO] Pass: ContractIdleWiresInControlFlow - 0.00167 (ms)
2026-07-10 03:22:52,344 [INFO] Pass: GatesInBasis - 0.00811 (ms)
2026-07-10 03:22:52,344 [INFO] Pass: Depth - 0.00787 (ms)
2026-07-10 03:22:52,344 [INFO] Pass: FixedPoint - 0.00405 (ms)
2026-07-10 03:22:52,344 [INFO] Pass: Size - 0.00191 (ms)
2026-07-10 03:22:52,344 [INFO] Pass: FixedPoint - 0.00262 (ms)
2026-07-10 03:22:52,344 [INFO] Pass: ContainsInstruction - 0.00525 (ms)
2026-07-10 03:22:52,344 [INFO] Total Transpile Time - 85.55436 (ms)
2026-07-10 03:22:52,429 [INFO] Pass: ContainsInstruction - 0.01073 (ms)
2026-07-10 03:22:52,429 [INFO] Pass: UnitarySynthesis - 0.00596 (ms)
2026-07-10 03:22:52,429 [INFO] Pass: HighLevelSynthesis - 0.00477 (ms)
2026-07-10 03:22:52,429 [INFO] Pass: BasisTranslator - 0.05698 (ms)
2026-07-10 03:22:52,429 [INFO] Pass: ElidePermutations - 0.00453 (ms)
2026-07-10 03:22:52,430 [INFO] Pass: RemoveDiagonalGatesBeforeMeasure - 0.00548 (ms)
2026-07-10 03:22:52,430 [INFO] Pass: RemoveIdentityEquivalent - 0.00501 (ms)
2026-07-10 03:22:52,430 [INFO] Pass: InverseCancellation - 0.02074 (ms)
2026-07-10 03:22:52,430 [INFO] Pass: ContractIdleWiresInControlFlow - 0.00215 (ms)
2026-07-10 03:22:52,430 [INFO] Pass: CommutativeCancellation - 0.02432 (ms)
2026-07-10 03:22:52,430 [INFO] Pass: ConsolidateBlocks - 0.03099 (ms)
2026-07-10 03:22:52,430 [INFO] Pass: Split2QUnitaries - 0.00286 (ms)
2026-07-10 03:22:52,430 [INFO] Pass: UnitarySynthesis - 0.00453 (ms)
2026-07-10 03:22:52,430 [INFO] Pass: HighLevelSynthesis - 0.00882 (ms)
2026-07-10 03:22:52,430 [INFO] Pass: BasisTranslator - 0.05245 (ms)
2026-07-10 03:22:52,430 [INFO] Pass: ConsolidateBlocks - 0.03791 (ms)
2026-07-10 03:22:52,430 [INFO] Pass: UnitarySynthesis - 0.00429 (ms)
2026-07-10 03:22:52,430 [INFO] Pass: Depth - 0.00882 (ms)
2026-07-10 03:22:52,430 [INFO] Pass: FixedPoint - 0.00453 (ms)
2026-07-10 03:22:52,430 [INFO] Pass: Size - 0.00286 (ms)
2026-07-10 03:22:52,430 [INFO] Pass: FixedPoint - 0.00286 (ms)
2026-07-10 03:22:52,430 [INFO] Pass: RemoveIdentityEquivalent - 0.00358 (ms)
2026-07-10 03:22:52,430 [INFO] Pass: Optimize1qGatesDecomposition - 0.09656 (ms)
2026-07-10 03:22:52,430 [INFO] Pass: CommutativeCancellation - 0.04458 (ms)
2026-07-10 03:22:52,430 [INFO] Pass: ContractIdleWiresInControlFlow - 0.00191 (ms)
2026-07-10 03:22:52,430 [INFO] Pass: GatesInBasis - 0.00763 (ms)
2026-07-10 03:22:52,430 [INFO] Pass: Depth - 0.00882 (ms)
2026-07-10 03:22:52,430 [INFO] Pass: FixedPoint - 0.00405 (ms)
2026-07-10 03:22:52,430 [INFO] Pass: Size - 0.00238 (ms)
2026-07-10 03:22:52,430 [INFO] Pass: FixedPoint - 0.00310 (ms)
2026-07-10 03:22:52,430 [INFO] Pass: RemoveIdentityEquivalent - 0.00358 (ms)
2026-07-10 03:22:52,431 [INFO] Pass: Optimize1qGatesDecomposition - 0.08345 (ms)
2026-07-10 03:22:52,431 [INFO] Pass: CommutativeCancellation - 0.03815 (ms)
2026-07-10 03:22:52,431 [INFO] Pass: ContractIdleWiresInControlFlow - 0.00143 (ms)
2026-07-10 03:22:52,431 [INFO] Pass: GatesInBasis - 0.00668 (ms)
2026-07-10 03:22:52,431 [INFO] Pass: Depth - 0.00715 (ms)
2026-07-10 03:22:52,431 [INFO] Pass: FixedPoint - 0.00310 (ms)
2026-07-10 03:22:52,431 [INFO] Pass: Size - 0.00215 (ms)
2026-07-10 03:22:52,431 [INFO] Pass: FixedPoint - 0.00286 (ms)
2026-07-10 03:22:52,431 [INFO] Pass: ContainsInstruction - 0.00501 (ms)
2026-07-10 03:22:52,431 [INFO] Total Transpile Time - 86.48062 (ms)
2026-07-10 03:23:08,631 [INFO] [PCE] n=20 instancia 32/40 completada en 0:00:00:16 — transcurrido=0:00:05:44 restante_estimado=0:00:01:26
2026-07-10 03:23:08,717 [INFO] Pass: ContainsInstruction - 0.01073 (ms)
2026-07-10 03:23:08,718 [INFO] Pass: UnitarySynthesis - 0.00668 (ms)
2026-07-10 03:23:08,718 [INFO] Pass: HighLevelSynthesis - 0.00501 (ms)
2026-07-10 03:23:08,718 [INFO] Pass: BasisTranslator - 0.06151 (ms)
2026-07-10 03:23:08,718 [INFO] Pass: ElidePermutations - 0.00501 (ms)
2026-07-10 03:23:08,718 [INFO] Pass: RemoveDiagonalGatesBeforeMeasure - 0.00620 (ms)
2026-07-10 03:23:08,718 [INFO] Pass: RemoveIdentityEquivalent - 0.00334 (ms)
2026-07-10 03:23:08,718 [INFO] Pass: InverseCancellation - 0.00501 (ms)
2026-07-10 03:23:08,718 [INFO] Pass: ContractIdleWiresInControlFlow - 0.00191 (ms)
2026-07-10 03:23:08,718 [INFO] Pass: CommutativeCancellation - 0.02122 (ms)
2026-07-10 03:23:08,718 [INFO] Pass: ConsolidateBlocks - 0.03052 (ms)
2026-07-10 03:23:08,718 [INFO] Pass: Split2QUnitaries - 0.00286 (ms)
2026-07-10 03:23:08,718 [INFO] Pass: UnitarySynthesis - 0.00501 (ms)
2026-07-10 03:23:08,718 [INFO] Pass: HighLevelSynthesis - 0.00787 (ms)
2026-07-10 03:23:08,718 [INFO] Pass: BasisTranslator - 0.05054 (ms)
2026-07-10 03:23:08,718 [INFO] Pass: ConsolidateBlocks - 0.03815 (ms)
2026-07-10 03:23:08,718 [INFO] Pass: UnitarySynthesis - 0.00429 (ms)
2026-07-10 03:23:08,718 [INFO] Pass: Depth - 0.00763 (ms)
2026-07-10 03:23:08,718 [INFO] Pass: FixedPoint - 0.00429 (ms)
2026-07-10 03:23:08,718 [INFO] Pass: Size - 0.00310 (ms)
2026-07-10 03:23:08,718 [INFO] Pass: FixedPoint - 0.00262 (ms)
2026-07-10 03:23:08,718 [INFO] Pass: RemoveIdentityEquivalent - 0.00262 (ms)
2026-07-10 03:23:08,718 [INFO] Pass: Optimize1qGatesDecomposition - 0.02837 (ms)
2026-07-10 03:23:08,718 [INFO] Pass: CommutativeCancellation - 0.04125 (ms)
2026-07-10 03:23:08,718 [INFO] Pass: ContractIdleWiresInControlFlow - 0.00191 (ms)
2026-07-10 03:23:08,718 [INFO] Pass: GatesInBasis - 0.00834 (ms)
2026-07-10 03:23:08,718 [INFO] Pass: Depth - 0.00572 (ms)
2026-07-10 03:23:08,718 [INFO] Pass: FixedPoint - 0.00381 (ms)
2026-07-10 03:23:08,719 [INFO] Pass: Size - 0.00167 (ms)
2026-07-10 03:23:08,719 [INFO] Pass: FixedPoint - 0.00262 (ms)
2026-07-10 03:23:08,719 [INFO] Pass: ContainsInstruction - 0.00501 (ms)
2026-07-10 03:23:08,719 [INFO] Total Transpile Time - 86.21407 (ms)
2026-07-10 03:23:08,802 [INFO] Pass: ContainsInstruction - 0.00882 (ms)
2026-07-10 03:23:08,802 [INFO] Pass: UnitarySynthesis - 0.00644 (ms)
2026-07-10 03:23:08,802 [INFO] Pass: HighLevelSynthesis - 0.00477 (ms)
2026-07-10 03:23:08,802 [INFO] Pass: BasisTranslator - 0.05364 (ms)
2026-07-10 03:23:08,802 [INFO] Pass: ElidePermutations - 0.00358 (ms)
2026-07-10 03:23:08,802 [INFO] Pass: RemoveDiagonalGatesBeforeMeasure - 0.00381 (ms)
2026-07-10 03:23:08,802 [INFO] Pass: RemoveIdentityEquivalent - 0.00429 (ms)
2026-07-10 03:23:08,802 [INFO] Pass: InverseCancellation - 0.01144 (ms)
2026-07-10 03:23:08,802 [INFO] Pass: ContractIdleWiresInControlFlow - 0.00167 (ms)
2026-07-10 03:23:08,803 [INFO] Pass: CommutativeCancellation - 0.02527 (ms)
2026-07-10 03:23:08,803 [INFO] Pass: ConsolidateBlocks - 0.02670 (ms)
2026-07-10 03:23:08,803 [INFO] Pass: Split2QUnitaries - 0.00262 (ms)
2026-07-10 03:23:08,803 [INFO] Pass: UnitarySynthesis - 0.00501 (ms)
2026-07-10 03:23:08,803 [INFO] Pass: HighLevelSynthesis - 0.00811 (ms)
2026-07-10 03:23:08,803 [INFO] Pass: BasisTranslator - 0.04959 (ms)
2026-07-10 03:23:08,803 [INFO] Pass: ConsolidateBlocks - 0.04101 (ms)
2026-07-10 03:23:08,803 [INFO] Pass: UnitarySynthesis - 0.00477 (ms)
2026-07-10 03:23:08,803 [INFO] Pass: Depth - 0.00882 (ms)
2026-07-10 03:23:08,803 [INFO] Pass: FixedPoint - 0.00429 (ms)
2026-07-10 03:23:08,803 [INFO] Pass: Size - 0.00262 (ms)
2026-07-10 03:23:08,803 [INFO] Pass: FixedPoint - 0.00286 (ms)
2026-07-10 03:23:08,803 [INFO] Pass: RemoveIdentityEquivalent - 0.00334 (ms)
2026-07-10 03:23:08,803 [INFO] Pass: Optimize1qGatesDecomposition - 0.08821 (ms)
2026-07-10 03:23:08,803 [INFO] Pass: CommutativeCancellation - 0.04625 (ms)
2026-07-10 03:23:08,803 [INFO] Pass: ContractIdleWiresInControlFlow - 0.00167 (ms)
2026-07-10 03:23:08,803 [INFO] Pass: GatesInBasis - 0.00739 (ms)
2026-07-10 03:23:08,803 [INFO] Pass: Depth - 0.00715 (ms)
2026-07-10 03:23:08,803 [INFO] Pass: FixedPoint - 0.00381 (ms)
2026-07-10 03:23:08,803 [INFO] Pass: Size - 0.00191 (ms)
2026-07-10 03:23:08,803 [INFO] Pass: FixedPoint - 0.00238 (ms)
2026-07-10 03:23:08,803 [INFO] Pass: ContainsInstruction - 0.00525 (ms)
2026-07-10 03:23:08,803 [INFO] Total Transpile Time - 84.41043 (ms)
2026-07-10 03:23:08,887 [INFO] Pass: ContainsInstruction - 0.00882 (ms)
2026-07-10 03:23:08,887 [INFO] Pass: UnitarySynthesis - 0.00596 (ms)
2026-07-10 03:23:08,887 [INFO] Pass: HighLevelSynthesis - 0.00429 (ms)
2026-07-10 03:23:08,888 [INFO] Pass: BasisTranslator - 0.05150 (ms)
2026-07-10 03:23:08,888 [INFO] Pass: ElidePermutations - 0.00358 (ms)
2026-07-10 03:23:08,888 [INFO] Pass: RemoveDiagonalGatesBeforeMeasure - 0.00405 (ms)
2026-07-10 03:23:08,888 [INFO] Pass: RemoveIdentityEquivalent - 0.00429 (ms)
2026-07-10 03:23:08,888 [INFO] Pass: InverseCancellation - 0.01168 (ms)
2026-07-10 03:23:08,888 [INFO] Pass: ContractIdleWiresInControlFlow - 0.00215 (ms)
2026-07-10 03:23:08,888 [INFO] Pass: CommutativeCancellation - 0.02003 (ms)
2026-07-10 03:23:08,888 [INFO] Pass: ConsolidateBlocks - 0.02575 (ms)
2026-07-10 03:23:08,888 [INFO] Pass: Split2QUnitaries - 0.00262 (ms)
2026-07-10 03:23:08,888 [INFO] Pass: UnitarySynthesis - 0.00501 (ms)
2026-07-10 03:23:08,888 [INFO] Pass: HighLevelSynthesis - 0.00882 (ms)
2026-07-10 03:23:08,888 [INFO] Pass: BasisTranslator - 0.05150 (ms)
2026-07-10 03:23:08,888 [INFO] Pass: ConsolidateBlocks - 0.04005 (ms)
2026-07-10 03:23:08,888 [INFO] Pass: UnitarySynthesis - 0.00453 (ms)
2026-07-10 03:23:08,888 [INFO] Pass: Depth - 0.00882 (ms)
2026-07-10 03:23:08,888 [INFO] Pass: FixedPoint - 0.00405 (ms)
2026-07-10 03:23:08,888 [INFO] Pass: Size - 0.00262 (ms)
2026-07-10 03:23:08,888 [INFO] Pass: FixedPoint - 0.00238 (ms)
2026-07-10 03:23:08,888 [INFO] Pass: RemoveIdentityEquivalent - 0.00381 (ms)
2026-07-10 03:23:08,888 [INFO] Pass: Optimize1qGatesDecomposition - 0.09179 (ms)
2026-07-10 03:23:08,888 [INFO] Pass: CommutativeCancellation - 0.04077 (ms)
2026-07-10 03:23:08,888 [INFO] Pass: ContractIdleWiresInControlFlow - 0.00167 (ms)
2026-07-10 03:23:08,888 [INFO] Pass: GatesInBasis - 0.00739 (ms)
2026-07-10 03:23:08,888 [INFO] Pass: Depth - 0.00763 (ms)
2026-07-10 03:23:08,888 [INFO] Pass: FixedPoint - 0.00381 (ms)
2026-07-10 03:23:08,889 [INFO] Pass: Size - 0.00238 (ms)
2026-07-10 03:23:08,889 [INFO] Pass: FixedPoint - 0.00262 (ms)
2026-07-10 03:23:08,889 [INFO] Pass: RemoveIdentityEquivalent - 0.00334 (ms)
2026-07-10 03:23:08,889 [INFO] Pass: Optimize1qGatesDecomposition - 0.07629 (ms)
2026-07-10 03:23:08,889 [INFO] Pass: CommutativeCancellation - 0.03624 (ms)
2026-07-10 03:23:08,889 [INFO] Pass: ContractIdleWiresInControlFlow - 0.00167 (ms)
2026-07-10 03:23:08,889 [INFO] Pass: GatesInBasis - 0.00620 (ms)
2026-07-10 03:23:08,889 [INFO] Pass: Depth - 0.00644 (ms)
2026-07-10 03:23:08,889 [INFO] Pass: FixedPoint - 0.00310 (ms)
2026-07-10 03:23:08,889 [INFO] Pass: Size - 0.00167 (ms)
2026-07-10 03:23:08,889 [INFO] Pass: FixedPoint - 0.00238 (ms)
2026-07-10 03:23:08,889 [INFO] Pass: ContainsInstruction - 0.00501 (ms)
2026-07-10 03:23:08,889 [INFO] Total Transpile Time - 85.19006 (ms)
2026-07-10 03:23:19,560 [INFO] [PCE] n=20 instancia 33/40 completada en 0:00:00:11 — transcurrido=0:00:05:54 restante_estimado=0:00:01:15
2026-07-10 03:23:19,647 [INFO] Pass: ContainsInstruction - 0.01144 (ms)
2026-07-10 03:23:19,647 [INFO] Pass: UnitarySynthesis - 0.00763 (ms)
2026-07-10 03:23:19,647 [INFO] Pass: HighLevelSynthesis - 0.00548 (ms)
2026-07-10 03:23:19,647 [INFO] Pass: BasisTranslator - 0.06032 (ms)
2026-07-10 03:23:19,647 [INFO] Pass: ElidePermutations - 0.00453 (ms)
2026-07-10 03:23:19,647 [INFO] Pass: RemoveDiagonalGatesBeforeMeasure - 0.00644 (ms)
2026-07-10 03:23:19,647 [INFO] Pass: RemoveIdentityEquivalent - 0.00381 (ms)
2026-07-10 03:23:19,647 [INFO] Pass: InverseCancellation - 0.00501 (ms)
2026-07-10 03:23:19,647 [INFO] Pass: ContractIdleWiresInControlFlow - 0.00167 (ms)
2026-07-10 03:23:19,647 [INFO] Pass: CommutativeCancellation - 0.01907 (ms)
2026-07-10 03:23:19,647 [INFO] Pass: ConsolidateBlocks - 0.03242 (ms)
2026-07-10 03:23:19,647 [INFO] Pass: Split2QUnitaries - 0.00310 (ms)
2026-07-10 03:23:19,647 [INFO] Pass: UnitarySynthesis - 0.00501 (ms)
2026-07-10 03:23:19,647 [INFO] Pass: HighLevelSynthesis - 0.00834 (ms)
2026-07-10 03:23:19,648 [INFO] Pass: BasisTranslator - 0.05341 (ms)
2026-07-10 03:23:19,648 [INFO] Pass: ConsolidateBlocks - 0.04601 (ms)
2026-07-10 03:23:19,648 [INFO] Pass: UnitarySynthesis - 0.00429 (ms)
2026-07-10 03:23:19,648 [INFO] Pass: Depth - 0.00834 (ms)
2026-07-10 03:23:19,648 [INFO] Pass: FixedPoint - 0.00501 (ms)
2026-07-10 03:23:19,648 [INFO] Pass: Size - 0.00358 (ms)
2026-07-10 03:23:19,648 [INFO] Pass: FixedPoint - 0.00286 (ms)
2026-07-10 03:23:19,648 [INFO] Pass: RemoveIdentityEquivalent - 0.00262 (ms)
2026-07-10 03:23:19,648 [INFO] Pass: Optimize1qGatesDecomposition - 0.02646 (ms)
2026-07-10 03:23:19,648 [INFO] Pass: CommutativeCancellation - 0.04148 (ms)
2026-07-10 03:23:19,648 [INFO] Pass: ContractIdleWiresInControlFlow - 0.00191 (ms)
2026-07-10 03:23:19,648 [INFO] Pass: GatesInBasis - 0.00811 (ms)
2026-07-10 03:23:19,648 [INFO] Pass: Depth - 0.00620 (ms)
2026-07-10 03:23:19,648 [INFO] Pass: FixedPoint - 0.00381 (ms)
2026-07-10 03:23:19,648 [INFO] Pass: Size - 0.00191 (ms)
2026-07-10 03:23:19,648 [INFO] Pass: FixedPoint - 0.00286 (ms)
2026-07-10 03:23:19,648 [INFO] Pass: ContainsInstruction - 0.00453 (ms)
2026-07-10 03:23:19,648 [INFO] Total Transpile Time - 87.09240 (ms)
2026-07-10 03:23:19,733 [INFO] Pass: ContainsInstruction - 0.01049 (ms)
2026-07-10 03:23:19,733 [INFO] Pass: UnitarySynthesis - 0.00763 (ms)
2026-07-10 03:23:19,733 [INFO] Pass: HighLevelSynthesis - 0.00501 (ms)
2026-07-10 03:23:19,733 [INFO] Pass: BasisTranslator - 0.05960 (ms)
2026-07-10 03:23:19,733 [INFO] Pass: ElidePermutations - 0.00548 (ms)
2026-07-10 03:23:19,733 [INFO] Pass: RemoveDiagonalGatesBeforeMeasure - 0.00572 (ms)
2026-07-10 03:23:19,733 [INFO] Pass: RemoveIdentityEquivalent - 0.00453 (ms)
2026-07-10 03:23:19,733 [INFO] Pass: InverseCancellation - 0.01216 (ms)
2026-07-10 03:23:19,733 [INFO] Pass: ContractIdleWiresInControlFlow - 0.00238 (ms)
2026-07-10 03:23:19,733 [INFO] Pass: CommutativeCancellation - 0.02599 (ms)
2026-07-10 03:23:19,733 [INFO] Pass: ConsolidateBlocks - 0.03123 (ms)
2026-07-10 03:23:19,734 [INFO] Pass: Split2QUnitaries - 0.00310 (ms)
2026-07-10 03:23:19,734 [INFO] Pass: UnitarySynthesis - 0.00548 (ms)
2026-07-10 03:23:19,734 [INFO] Pass: HighLevelSynthesis - 0.00858 (ms)
2026-07-10 03:23:19,734 [INFO] Pass: BasisTranslator - 0.05436 (ms)
2026-07-10 03:23:19,734 [INFO] Pass: ConsolidateBlocks - 0.04220 (ms)
2026-07-10 03:23:19,734 [INFO] Pass: UnitarySynthesis - 0.00453 (ms)
2026-07-10 03:23:19,734 [INFO] Pass: Depth - 0.00978 (ms)
2026-07-10 03:23:19,734 [INFO] Pass: FixedPoint - 0.00429 (ms)
2026-07-10 03:23:19,734 [INFO] Pass: Size - 0.00310 (ms)
2026-07-10 03:23:19,734 [INFO] Pass: FixedPoint - 0.00310 (ms)
2026-07-10 03:23:19,734 [INFO] Pass: RemoveIdentityEquivalent - 0.00358 (ms)
2026-07-10 03:23:19,734 [INFO] Pass: Optimize1qGatesDecomposition - 0.09179 (ms)
2026-07-10 03:23:19,734 [INFO] Pass: CommutativeCancellation - 0.04745 (ms)
2026-07-10 03:23:19,734 [INFO] Pass: ContractIdleWiresInControlFlow - 0.00215 (ms)
2026-07-10 03:23:19,734 [INFO] Pass: GatesInBasis - 0.00739 (ms)
2026-07-10 03:23:19,734 [INFO] Pass: Depth - 0.00811 (ms)
2026-07-10 03:23:19,734 [INFO] Pass: FixedPoint - 0.00429 (ms)
2026-07-10 03:23:19,734 [INFO] Pass: Size - 0.00215 (ms)
2026-07-10 03:23:19,734 [INFO] Pass: FixedPoint - 0.00310 (ms)
2026-07-10 03:23:19,734 [INFO] Pass: ContainsInstruction - 0.00548 (ms)
2026-07-10 03:23:19,734 [INFO] Total Transpile Time - 85.80375 (ms)
2026-07-10 03:23:19,822 [INFO] Pass: ContainsInstruction - 0.01073 (ms)
2026-07-10 03:23:19,822 [INFO] Pass: UnitarySynthesis - 0.00739 (ms)
2026-07-10 03:23:19,822 [INFO] Pass: HighLevelSynthesis - 0.00477 (ms)
2026-07-10 03:23:19,822 [INFO] Pass: BasisTranslator - 0.05770 (ms)
2026-07-10 03:23:19,823 [INFO] Pass: ElidePermutations - 0.00453 (ms)
2026-07-10 03:23:19,823 [INFO] Pass: RemoveDiagonalGatesBeforeMeasure - 0.00572 (ms)
2026-07-10 03:23:19,823 [INFO] Pass: RemoveIdentityEquivalent - 0.01264 (ms)
2026-07-10 03:23:19,823 [INFO] Pass: InverseCancellation - 0.01311 (ms)
2026-07-10 03:23:19,823 [INFO] Pass: ContractIdleWiresInControlFlow - 0.00238 (ms)
2026-07-10 03:23:19,823 [INFO] Pass: CommutativeCancellation - 0.02408 (ms)
2026-07-10 03:23:19,823 [INFO] Pass: ConsolidateBlocks - 0.03099 (ms)
2026-07-10 03:23:19,823 [INFO] Pass: Split2QUnitaries - 0.00286 (ms)
2026-07-10 03:23:19,823 [INFO] Pass: UnitarySynthesis - 0.00501 (ms)
2026-07-10 03:23:19,823 [INFO] Pass: HighLevelSynthesis - 0.00930 (ms)
2026-07-10 03:23:19,823 [INFO] Pass: BasisTranslator - 0.05388 (ms)
2026-07-10 03:23:19,823 [INFO] Pass: ConsolidateBlocks - 0.03886 (ms)
2026-07-10 03:23:19,823 [INFO] Pass: UnitarySynthesis - 0.00453 (ms)
2026-07-10 03:23:19,823 [INFO] Pass: Depth - 0.00954 (ms)
2026-07-10 03:23:19,823 [INFO] Pass: FixedPoint - 0.00405 (ms)
2026-07-10 03:23:19,823 [INFO] Pass: Size - 0.00286 (ms)
2026-07-10 03:23:19,823 [INFO] Pass: FixedPoint - 0.00286 (ms)
2026-07-10 03:23:19,823 [INFO] Pass: RemoveIdentityEquivalent - 0.00358 (ms)
2026-07-10 03:23:19,823 [INFO] Pass: Optimize1qGatesDecomposition - 0.09656 (ms)
2026-07-10 03:23:19,823 [INFO] Pass: CommutativeCancellation - 0.04315 (ms)
2026-07-10 03:23:19,823 [INFO] Pass: ContractIdleWiresInControlFlow - 0.00191 (ms)
2026-07-10 03:23:19,823 [INFO] Pass: GatesInBasis - 0.00834 (ms)
2026-07-10 03:23:19,823 [INFO] Pass: Depth - 0.00834 (ms)
2026-07-10 03:23:19,823 [INFO] Pass: FixedPoint - 0.00381 (ms)
2026-07-10 03:23:19,823 [INFO] Pass: Size - 0.00191 (ms)
2026-07-10 03:23:19,823 [INFO] Pass: FixedPoint - 0.00286 (ms)
2026-07-10 03:23:19,824 [INFO] Pass: RemoveIdentityEquivalent - 0.00358 (ms)
2026-07-10 03:23:19,824 [INFO] Pass: Optimize1qGatesDecomposition - 0.08154 (ms)
2026-07-10 03:23:19,824 [INFO] Pass: CommutativeCancellation - 0.03815 (ms)
2026-07-10 03:23:19,824 [INFO] Pass: ContractIdleWiresInControlFlow - 0.00143 (ms)
2026-07-10 03:23:19,824 [INFO] Pass: GatesInBasis - 0.00668 (ms)
2026-07-10 03:23:19,824 [INFO] Pass: Depth - 0.00787 (ms)
2026-07-10 03:23:19,824 [INFO] Pass: FixedPoint - 0.00334 (ms)
2026-07-10 03:23:19,824 [INFO] Pass: Size - 0.00191 (ms)
2026-07-10 03:23:19,824 [INFO] Pass: FixedPoint - 0.00238 (ms)
2026-07-10 03:23:19,824 [INFO] Pass: ContainsInstruction - 0.00548 (ms)
2026-07-10 03:23:19,824 [INFO] Total Transpile Time - 89.17856 (ms)
2026-07-10 03:23:29,771 [INFO] [PCE] n=20 instancia 34/40 completada en 0:00:00:10 — transcurrido=0:00:06:05 restante_estimado=0:00:01:04
2026-07-10 03:23:29,861 [INFO] Pass: ContainsInstruction - 0.01097 (ms)
2026-07-10 03:23:29,861 [INFO] Pass: UnitarySynthesis - 0.00620 (ms)
2026-07-10 03:23:29,861 [INFO] Pass: HighLevelSynthesis - 0.00501 (ms)
2026-07-10 03:23:29,861 [INFO] Pass: BasisTranslator - 0.05865 (ms)
2026-07-10 03:23:29,861 [INFO] Pass: ElidePermutations - 0.00548 (ms)
2026-07-10 03:23:29,861 [INFO] Pass: RemoveDiagonalGatesBeforeMeasure - 0.00620 (ms)
2026-07-10 03:23:29,861 [INFO] Pass: RemoveIdentityEquivalent - 0.00334 (ms)
2026-07-10 03:23:29,861 [INFO] Pass: InverseCancellation - 0.00572 (ms)
2026-07-10 03:23:29,861 [INFO] Pass: ContractIdleWiresInControlFlow - 0.00215 (ms)
2026-07-10 03:23:29,861 [INFO] Pass: CommutativeCancellation - 0.02122 (ms)
2026-07-10 03:23:29,861 [INFO] Pass: ConsolidateBlocks - 0.03123 (ms)
2026-07-10 03:23:29,861 [INFO] Pass: Split2QUnitaries - 0.00286 (ms)
2026-07-10 03:23:29,861 [INFO] Pass: UnitarySynthesis - 0.00429 (ms)
2026-07-10 03:23:29,861 [INFO] Pass: HighLevelSynthesis - 0.00763 (ms)
2026-07-10 03:23:29,861 [INFO] Pass: BasisTranslator - 0.05126 (ms)
2026-07-10 03:23:29,861 [INFO] Pass: ConsolidateBlocks - 0.03910 (ms)
2026-07-10 03:23:29,861 [INFO] Pass: UnitarySynthesis - 0.00381 (ms)
2026-07-10 03:23:29,861 [INFO] Pass: Depth - 0.00787 (ms)
2026-07-10 03:23:29,861 [INFO] Pass: FixedPoint - 0.00453 (ms)
2026-07-10 03:23:29,862 [INFO] Pass: Size - 0.00358 (ms)
2026-07-10 03:23:29,862 [INFO] Pass: FixedPoint - 0.00286 (ms)
2026-07-10 03:23:29,862 [INFO] Pass: RemoveIdentityEquivalent - 0.00238 (ms)
2026-07-10 03:23:29,862 [INFO] Pass: Optimize1qGatesDecomposition - 0.02789 (ms)
2026-07-10 03:23:29,862 [INFO] Pass: CommutativeCancellation - 0.04172 (ms)
2026-07-10 03:23:29,862 [INFO] Pass: ContractIdleWiresInControlFlow - 0.00167 (ms)
2026-07-10 03:23:29,862 [INFO] Pass: GatesInBasis - 0.00763 (ms)
2026-07-10 03:23:29,862 [INFO] Pass: Depth - 0.00644 (ms)
2026-07-10 03:23:29,862 [INFO] Pass: FixedPoint - 0.00358 (ms)
2026-07-10 03:23:29,862 [INFO] Pass: Size - 0.00191 (ms)
2026-07-10 03:23:29,862 [INFO] Pass: FixedPoint - 0.00262 (ms)
2026-07-10 03:23:29,862 [INFO] Pass: ContainsInstruction - 0.00429 (ms)
2026-07-10 03:23:29,862 [INFO] Total Transpile Time - 89.59341 (ms)
2026-07-10 03:23:29,947 [INFO] Pass: ContainsInstruction - 0.01049 (ms)
2026-07-10 03:23:29,947 [INFO] Pass: UnitarySynthesis - 0.00644 (ms)
2026-07-10 03:23:29,948 [INFO] Pass: HighLevelSynthesis - 0.00477 (ms)
2026-07-10 03:23:29,948 [INFO] Pass: BasisTranslator - 0.06223 (ms)
2026-07-10 03:23:29,948 [INFO] Pass: ElidePermutations - 0.00453 (ms)
2026-07-10 03:23:29,948 [INFO] Pass: RemoveDiagonalGatesBeforeMeasure - 0.00548 (ms)
2026-07-10 03:23:29,948 [INFO] Pass: RemoveIdentityEquivalent - 0.00453 (ms)
2026-07-10 03:23:29,948 [INFO] Pass: InverseCancellation - 0.01192 (ms)
2026-07-10 03:23:29,948 [INFO] Pass: ContractIdleWiresInControlFlow - 0.00215 (ms)
2026-07-10 03:23:29,948 [INFO] Pass: CommutativeCancellation - 0.02718 (ms)
2026-07-10 03:23:29,948 [INFO] Pass: ConsolidateBlocks - 0.02933 (ms)
2026-07-10 03:23:29,948 [INFO] Pass: Split2QUnitaries - 0.00310 (ms)
2026-07-10 03:23:29,948 [INFO] Pass: UnitarySynthesis - 0.00525 (ms)
2026-07-10 03:23:29,948 [INFO] Pass: HighLevelSynthesis - 0.00882 (ms)
2026-07-10 03:23:29,948 [INFO] Pass: BasisTranslator - 0.05126 (ms)
2026-07-10 03:23:29,948 [INFO] Pass: ConsolidateBlocks - 0.03934 (ms)
2026-07-10 03:23:29,948 [INFO] Pass: UnitarySynthesis - 0.00429 (ms)
2026-07-10 03:23:29,948 [INFO] Pass: Depth - 0.00906 (ms)
2026-07-10 03:23:29,948 [INFO] Pass: FixedPoint - 0.00405 (ms)
2026-07-10 03:23:29,948 [INFO] Pass: Size - 0.00262 (ms)
2026-07-10 03:23:29,948 [INFO] Pass: FixedPoint - 0.00286 (ms)
2026-07-10 03:23:29,948 [INFO] Pass: RemoveIdentityEquivalent - 0.00358 (ms)
2026-07-10 03:23:29,948 [INFO] Pass: Optimize1qGatesDecomposition - 0.08726 (ms)
2026-07-10 03:23:29,948 [INFO] Pass: CommutativeCancellation - 0.04745 (ms)
2026-07-10 03:23:29,948 [INFO] Pass: ContractIdleWiresInControlFlow - 0.00191 (ms)
2026-07-10 03:23:29,949 [INFO] Pass: GatesInBasis - 0.00811 (ms)
2026-07-10 03:23:29,949 [INFO] Pass: Depth - 0.00691 (ms)
2026-07-10 03:23:29,949 [INFO] Pass: FixedPoint - 0.00358 (ms)
2026-07-10 03:23:29,949 [INFO] Pass: Size - 0.00191 (ms)
2026-07-10 03:23:29,949 [INFO] Pass: FixedPoint - 0.00286 (ms)
2026-07-10 03:23:29,949 [INFO] Pass: ContainsInstruction - 0.00453 (ms)
2026-07-10 03:23:29,949 [INFO] Total Transpile Time - 86.36594 (ms)
2026-07-10 03:23:30,034 [INFO] Pass: ContainsInstruction - 0.01001 (ms)
2026-07-10 03:23:30,034 [INFO] Pass: UnitarySynthesis - 0.00668 (ms)
2026-07-10 03:23:30,034 [INFO] Pass: HighLevelSynthesis - 0.00477 (ms)
2026-07-10 03:23:30,034 [INFO] Pass: BasisTranslator - 0.05722 (ms)
2026-07-10 03:23:30,034 [INFO] Pass: ElidePermutations - 0.00477 (ms)
2026-07-10 03:23:30,034 [INFO] Pass: RemoveDiagonalGatesBeforeMeasure - 0.00596 (ms)
2026-07-10 03:23:30,034 [INFO] Pass: RemoveIdentityEquivalent - 0.00429 (ms)
2026-07-10 03:23:30,034 [INFO] Pass: InverseCancellation - 0.01192 (ms)
2026-07-10 03:23:30,034 [INFO] Pass: ContractIdleWiresInControlFlow - 0.00215 (ms)
2026-07-10 03:23:30,034 [INFO] Pass: CommutativeCancellation - 0.02480 (ms)
2026-07-10 03:23:30,034 [INFO] Pass: ConsolidateBlocks - 0.02933 (ms)
2026-07-10 03:23:30,034 [INFO] Pass: Split2QUnitaries - 0.00310 (ms)
2026-07-10 03:23:30,034 [INFO] Pass: UnitarySynthesis - 0.00477 (ms)
2026-07-10 03:23:30,034 [INFO] Pass: HighLevelSynthesis - 0.00882 (ms)
2026-07-10 03:23:30,034 [INFO] Pass: BasisTranslator - 0.05198 (ms)
2026-07-10 03:23:30,034 [INFO] Pass: ConsolidateBlocks - 0.04005 (ms)
2026-07-10 03:23:30,034 [INFO] Pass: UnitarySynthesis - 0.00453 (ms)
2026-07-10 03:23:30,035 [INFO] Pass: Depth - 0.00906 (ms)
2026-07-10 03:23:30,035 [INFO] Pass: FixedPoint - 0.00477 (ms)
2026-07-10 03:23:30,035 [INFO] Pass: Size - 0.00286 (ms)
2026-07-10 03:23:30,035 [INFO] Pass: FixedPoint - 0.00262 (ms)
2026-07-10 03:23:30,035 [INFO] Pass: RemoveIdentityEquivalent - 0.00358 (ms)
2026-07-10 03:23:30,035 [INFO] Pass: Optimize1qGatesDecomposition - 0.09608 (ms)
2026-07-10 03:23:30,035 [INFO] Pass: CommutativeCancellation - 0.04339 (ms)
2026-07-10 03:23:30,035 [INFO] Pass: ContractIdleWiresInControlFlow - 0.00191 (ms)
2026-07-10 03:23:30,035 [INFO] Pass: GatesInBasis - 0.00787 (ms)
2026-07-10 03:23:30,035 [INFO] Pass: Depth - 0.00787 (ms)
2026-07-10 03:23:30,035 [INFO] Pass: FixedPoint - 0.00358 (ms)
2026-07-10 03:23:30,035 [INFO] Pass: Size - 0.00191 (ms)
2026-07-10 03:23:30,035 [INFO] Pass: FixedPoint - 0.00286 (ms)
2026-07-10 03:23:30,035 [INFO] Pass: RemoveIdentityEquivalent - 0.00334 (ms)
2026-07-10 03:23:30,035 [INFO] Pass: Optimize1qGatesDecomposition - 0.07510 (ms)
2026-07-10 03:23:30,035 [INFO] Pass: CommutativeCancellation - 0.03672 (ms)
2026-07-10 03:23:30,035 [INFO] Pass: ContractIdleWiresInControlFlow - 0.00167 (ms)
2026-07-10 03:23:30,035 [INFO] Pass: GatesInBasis - 0.00620 (ms)
2026-07-10 03:23:30,035 [INFO] Pass: Depth - 0.00668 (ms)
2026-07-10 03:23:30,035 [INFO] Pass: FixedPoint - 0.00334 (ms)
2026-07-10 03:23:30,035 [INFO] Pass: Size - 0.00191 (ms)
2026-07-10 03:23:30,035 [INFO] Pass: FixedPoint - 0.00262 (ms)
2026-07-10 03:23:30,035 [INFO] Pass: ContainsInstruction - 0.00501 (ms)
2026-07-10 03:23:30,035 [INFO] Total Transpile Time - 86.36332 (ms)
2026-07-10 03:23:49,435 [INFO] [PCE] n=20 instancia 35/40 completada en 0:00:00:20 — transcurrido=0:00:06:24 restante_estimado=0:00:00:55
2026-07-10 03:23:49,523 [INFO] Pass: ContainsInstruction - 0.01121 (ms)
2026-07-10 03:23:49,523 [INFO] Pass: UnitarySynthesis - 0.00668 (ms)
2026-07-10 03:23:49,523 [INFO] Pass: HighLevelSynthesis - 0.00477 (ms)
2026-07-10 03:23:49,523 [INFO] Pass: BasisTranslator - 0.05817 (ms)
2026-07-10 03:23:49,523 [INFO] Pass: ElidePermutations - 0.00548 (ms)
2026-07-10 03:23:49,523 [INFO] Pass: RemoveDiagonalGatesBeforeMeasure - 0.00644 (ms)
2026-07-10 03:23:49,523 [INFO] Pass: RemoveIdentityEquivalent - 0.00358 (ms)
2026-07-10 03:23:49,523 [INFO] Pass: InverseCancellation - 0.00501 (ms)
2026-07-10 03:23:49,523 [INFO] Pass: ContractIdleWiresInControlFlow - 0.00238 (ms)
2026-07-10 03:23:49,523 [INFO] Pass: CommutativeCancellation - 0.02170 (ms)
2026-07-10 03:23:49,523 [INFO] Pass: ConsolidateBlocks - 0.03171 (ms)
2026-07-10 03:23:49,523 [INFO] Pass: Split2QUnitaries - 0.00334 (ms)
2026-07-10 03:23:49,523 [INFO] Pass: UnitarySynthesis - 0.00453 (ms)
2026-07-10 03:23:49,523 [INFO] Pass: HighLevelSynthesis - 0.00739 (ms)
2026-07-10 03:23:49,523 [INFO] Pass: BasisTranslator - 0.05031 (ms)
2026-07-10 03:23:49,524 [INFO] Pass: ConsolidateBlocks - 0.03886 (ms)
2026-07-10 03:23:49,524 [INFO] Pass: UnitarySynthesis - 0.00405 (ms)
2026-07-10 03:23:49,524 [INFO] Pass: Depth - 0.01574 (ms)
2026-07-10 03:23:49,524 [INFO] Pass: FixedPoint - 0.00405 (ms)
2026-07-10 03:23:49,524 [INFO] Pass: Size - 0.00358 (ms)
2026-07-10 03:23:49,524 [INFO] Pass: FixedPoint - 0.00286 (ms)
2026-07-10 03:23:49,524 [INFO] Pass: RemoveIdentityEquivalent - 0.00286 (ms)
2026-07-10 03:23:49,524 [INFO] Pass: Optimize1qGatesDecomposition - 0.02599 (ms)
2026-07-10 03:23:49,524 [INFO] Pass: CommutativeCancellation - 0.04077 (ms)
2026-07-10 03:23:49,524 [INFO] Pass: ContractIdleWiresInControlFlow - 0.00191 (ms)
2026-07-10 03:23:49,524 [INFO] Pass: GatesInBasis - 0.00739 (ms)
2026-07-10 03:23:49,524 [INFO] Pass: Depth - 0.00572 (ms)
2026-07-10 03:23:49,524 [INFO] Pass: FixedPoint - 0.00334 (ms)
2026-07-10 03:23:49,524 [INFO] Pass: Size - 0.00215 (ms)
2026-07-10 03:23:49,524 [INFO] Pass: FixedPoint - 0.00262 (ms)
2026-07-10 03:23:49,524 [INFO] Pass: ContainsInstruction - 0.00429 (ms)
2026-07-10 03:23:49,524 [INFO] Total Transpile Time - 87.33153 (ms)
2026-07-10 03:23:49,609 [INFO] Pass: ContainsInstruction - 0.01025 (ms)
2026-07-10 03:23:49,610 [INFO] Pass: UnitarySynthesis - 0.00668 (ms)
2026-07-10 03:23:49,610 [INFO] Pass: HighLevelSynthesis - 0.00501 (ms)
2026-07-10 03:23:49,610 [INFO] Pass: BasisTranslator - 0.05651 (ms)
2026-07-10 03:23:49,610 [INFO] Pass: ElidePermutations - 0.00453 (ms)
2026-07-10 03:23:49,610 [INFO] Pass: RemoveDiagonalGatesBeforeMeasure - 0.00572 (ms)
2026-07-10 03:23:49,610 [INFO] Pass: RemoveIdentityEquivalent - 0.00501 (ms)
2026-07-10 03:23:49,610 [INFO] Pass: InverseCancellation - 0.01192 (ms)
2026-07-10 03:23:49,610 [INFO] Pass: ContractIdleWiresInControlFlow - 0.00191 (ms)
2026-07-10 03:23:49,610 [INFO] Pass: CommutativeCancellation - 0.02933 (ms)
2026-07-10 03:23:49,610 [INFO] Pass: ConsolidateBlocks - 0.02933 (ms)
2026-07-10 03:23:49,610 [INFO] Pass: Split2QUnitaries - 0.00262 (ms)
2026-07-10 03:23:49,610 [INFO] Pass: UnitarySynthesis - 0.00477 (ms)
2026-07-10 03:23:49,610 [INFO] Pass: HighLevelSynthesis - 0.00834 (ms)
2026-07-10 03:23:49,610 [INFO] Pass: BasisTranslator - 0.05054 (ms)
2026-07-10 03:23:49,610 [INFO] Pass: ConsolidateBlocks - 0.03815 (ms)
2026-07-10 03:23:49,610 [INFO] Pass: UnitarySynthesis - 0.00429 (ms)
2026-07-10 03:23:49,610 [INFO] Pass: Depth - 0.00882 (ms)
2026-07-10 03:23:49,610 [INFO] Pass: FixedPoint - 0.00429 (ms)
2026-07-10 03:23:49,610 [INFO] Pass: Size - 0.00262 (ms)
2026-07-10 03:23:49,610 [INFO] Pass: FixedPoint - 0.00286 (ms)
2026-07-10 03:23:49,610 [INFO] Pass: RemoveIdentityEquivalent - 0.00358 (ms)
2026-07-10 03:23:49,610 [INFO] Pass: Optimize1qGatesDecomposition - 0.08941 (ms)
2026-07-10 03:23:49,611 [INFO] Pass: CommutativeCancellation - 0.04649 (ms)
2026-07-10 03:23:49,611 [INFO] Pass: ContractIdleWiresInControlFlow - 0.00215 (ms)
2026-07-10 03:23:49,611 [INFO] Pass: GatesInBasis - 0.00834 (ms)
2026-07-10 03:23:49,611 [INFO] Pass: Depth - 0.00787 (ms)
2026-07-10 03:23:49,611 [INFO] Pass: FixedPoint - 0.00358 (ms)
2026-07-10 03:23:49,611 [INFO] Pass: Size - 0.00215 (ms)
2026-07-10 03:23:49,611 [INFO] Pass: FixedPoint - 0.00286 (ms)
2026-07-10 03:23:49,611 [INFO] Pass: ContainsInstruction - 0.00477 (ms)
2026-07-10 03:23:49,611 [INFO] Total Transpile Time - 86.34472 (ms)
2026-07-10 03:23:49,696 [INFO] Pass: ContainsInstruction - 0.00906 (ms)
2026-07-10 03:23:49,696 [INFO] Pass: UnitarySynthesis - 0.00620 (ms)
2026-07-10 03:23:49,696 [INFO] Pass: HighLevelSynthesis - 0.00429 (ms)
2026-07-10 03:23:49,696 [INFO] Pass: BasisTranslator - 0.05317 (ms)
2026-07-10 03:23:49,696 [INFO] Pass: ElidePermutations - 0.00405 (ms)
2026-07-10 03:23:49,696 [INFO] Pass: RemoveDiagonalGatesBeforeMeasure - 0.00453 (ms)
2026-07-10 03:23:49,696 [INFO] Pass: RemoveIdentityEquivalent - 0.00429 (ms)
2026-07-10 03:23:49,697 [INFO] Pass: InverseCancellation - 0.01097 (ms)
2026-07-10 03:23:49,697 [INFO] Pass: ContractIdleWiresInControlFlow - 0.00215 (ms)
2026-07-10 03:23:49,697 [INFO] Pass: CommutativeCancellation - 0.03123 (ms)
2026-07-10 03:23:49,697 [INFO] Pass: ConsolidateBlocks - 0.02837 (ms)
2026-07-10 03:23:49,697 [INFO] Pass: Split2QUnitaries - 0.00262 (ms)
2026-07-10 03:23:49,697 [INFO] Pass: UnitarySynthesis - 0.00525 (ms)
2026-07-10 03:23:49,697 [INFO] Pass: HighLevelSynthesis - 0.00858 (ms)
2026-07-10 03:23:49,697 [INFO] Pass: BasisTranslator - 0.05269 (ms)
2026-07-10 03:23:49,697 [INFO] Pass: ConsolidateBlocks - 0.03934 (ms)
2026-07-10 03:23:49,697 [INFO] Pass: UnitarySynthesis - 0.00429 (ms)
2026-07-10 03:23:49,697 [INFO] Pass: Depth - 0.00858 (ms)
2026-07-10 03:23:49,697 [INFO] Pass: FixedPoint - 0.00429 (ms)
2026-07-10 03:23:49,697 [INFO] Pass: Size - 0.00238 (ms)
2026-07-10 03:23:49,697 [INFO] Pass: FixedPoint - 0.00286 (ms)
2026-07-10 03:23:49,697 [INFO] Pass: RemoveIdentityEquivalent - 0.00358 (ms)
2026-07-10 03:23:49,697 [INFO] Pass: Optimize1qGatesDecomposition - 0.09084 (ms)
2026-07-10 03:23:49,697 [INFO] Pass: CommutativeCancellation - 0.04268 (ms)
2026-07-10 03:23:49,697 [INFO] Pass: ContractIdleWiresInControlFlow - 0.00143 (ms)
2026-07-10 03:23:49,697 [INFO] Pass: GatesInBasis - 0.00715 (ms)
2026-07-10 03:23:49,697 [INFO] Pass: Depth - 0.00763 (ms)
2026-07-10 03:23:49,697 [INFO] Pass: FixedPoint - 0.00358 (ms)
2026-07-10 03:23:49,697 [INFO] Pass: Size - 0.00215 (ms)
2026-07-10 03:23:49,697 [INFO] Pass: FixedPoint - 0.00286 (ms)
2026-07-10 03:23:49,697 [INFO] Pass: RemoveIdentityEquivalent - 0.00358 (ms)
2026-07-10 03:23:49,697 [INFO] Pass: Optimize1qGatesDecomposition - 0.07582 (ms)
2026-07-10 03:23:49,698 [INFO] Pass: CommutativeCancellation - 0.03672 (ms)
2026-07-10 03:23:49,698 [INFO] Pass: ContractIdleWiresInControlFlow - 0.00167 (ms)
2026-07-10 03:23:49,698 [INFO] Pass: GatesInBasis - 0.00620 (ms)
2026-07-10 03:23:49,698 [INFO] Pass: Depth - 0.00668 (ms)
2026-07-10 03:23:49,698 [INFO] Pass: FixedPoint - 0.00310 (ms)
2026-07-10 03:23:49,698 [INFO] Pass: Size - 0.00215 (ms)
2026-07-10 03:23:49,698 [INFO] Pass: FixedPoint - 0.00262 (ms)
2026-07-10 03:23:49,698 [INFO] Pass: ContainsInstruction - 0.00477 (ms)
2026-07-10 03:23:49,698 [INFO] Total Transpile Time - 86.64346 (ms)
2026-07-10 03:23:58,252 [INFO] [PCE] n=20 instancia 36/40 completada en 0:00:00:09 — transcurrido=0:00:06:33 restante_estimado=0:00:00:44
2026-07-10 03:23:58,339 [INFO] Pass: ContainsInstruction - 0.01144 (ms)
2026-07-10 03:23:58,339 [INFO] Pass: UnitarySynthesis - 0.00668 (ms)
2026-07-10 03:23:58,339 [INFO] Pass: HighLevelSynthesis - 0.00548 (ms)
2026-07-10 03:23:58,339 [INFO] Pass: BasisTranslator - 0.06294 (ms)
2026-07-10 03:23:58,339 [INFO] Pass: ElidePermutations - 0.00501 (ms)
2026-07-10 03:23:58,339 [INFO] Pass: RemoveDiagonalGatesBeforeMeasure - 0.00644 (ms)
2026-07-10 03:23:58,339 [INFO] Pass: RemoveIdentityEquivalent - 0.00358 (ms)
2026-07-10 03:23:58,339 [INFO] Pass: InverseCancellation - 0.00453 (ms)
2026-07-10 03:23:58,339 [INFO] Pass: ContractIdleWiresInControlFlow - 0.00262 (ms)
2026-07-10 03:23:58,339 [INFO] Pass: CommutativeCancellation - 0.02170 (ms)
2026-07-10 03:23:58,339 [INFO] Pass: ConsolidateBlocks - 0.03195 (ms)
2026-07-10 03:23:58,339 [INFO] Pass: Split2QUnitaries - 0.00286 (ms)
2026-07-10 03:23:58,339 [INFO] Pass: UnitarySynthesis - 0.00453 (ms)
2026-07-10 03:23:58,340 [INFO] Pass: HighLevelSynthesis - 0.00858 (ms)
2026-07-10 03:23:58,340 [INFO] Pass: BasisTranslator - 0.05817 (ms)
2026-07-10 03:23:58,340 [INFO] Pass: ConsolidateBlocks - 0.04005 (ms)
2026-07-10 03:23:58,340 [INFO] Pass: UnitarySynthesis - 0.00405 (ms)
2026-07-10 03:23:58,340 [INFO] Pass: Depth - 0.00811 (ms)
2026-07-10 03:23:58,340 [INFO] Pass: FixedPoint - 0.00429 (ms)
2026-07-10 03:23:58,340 [INFO] Pass: Size - 0.00334 (ms)
2026-07-10 03:23:58,340 [INFO] Pass: FixedPoint - 0.00286 (ms)
2026-07-10 03:23:58,340 [INFO] Pass: RemoveIdentityEquivalent - 0.00262 (ms)
2026-07-10 03:23:58,340 [INFO] Pass: Optimize1qGatesDecomposition - 0.02670 (ms)
2026-07-10 03:23:58,340 [INFO] Pass: CommutativeCancellation - 0.03958 (ms)
2026-07-10 03:23:58,340 [INFO] Pass: ContractIdleWiresInControlFlow - 0.00191 (ms)
2026-07-10 03:23:58,340 [INFO] Pass: GatesInBasis - 0.00882 (ms)
2026-07-10 03:23:58,340 [INFO] Pass: Depth - 0.00668 (ms)
2026-07-10 03:23:58,340 [INFO] Pass: FixedPoint - 0.00334 (ms)
2026-07-10 03:23:58,340 [INFO] Pass: Size - 0.00191 (ms)
2026-07-10 03:23:58,340 [INFO] Pass: FixedPoint - 0.00262 (ms)
2026-07-10 03:23:58,340 [INFO] Pass: ContainsInstruction - 0.00453 (ms)
2026-07-10 03:23:58,340 [INFO] Total Transpile Time - 87.00299 (ms)
2026-07-10 03:23:58,424 [INFO] Pass: ContainsInstruction - 0.01073 (ms)
2026-07-10 03:23:58,424 [INFO] Pass: UnitarySynthesis - 0.00668 (ms)
2026-07-10 03:23:58,424 [INFO] Pass: HighLevelSynthesis - 0.00501 (ms)
2026-07-10 03:23:58,424 [INFO] Pass: BasisTranslator - 0.05937 (ms)
2026-07-10 03:23:58,424 [INFO] Pass: ElidePermutations - 0.00477 (ms)
2026-07-10 03:23:58,424 [INFO] Pass: RemoveDiagonalGatesBeforeMeasure - 0.00620 (ms)
2026-07-10 03:23:58,424 [INFO] Pass: RemoveIdentityEquivalent - 0.00501 (ms)
2026-07-10 03:23:58,424 [INFO] Pass: InverseCancellation - 0.01240 (ms)
2026-07-10 03:23:58,424 [INFO] Pass: ContractIdleWiresInControlFlow - 0.00215 (ms)
2026-07-10 03:23:58,424 [INFO] Pass: CommutativeCancellation - 0.02742 (ms)
2026-07-10 03:23:58,424 [INFO] Pass: ConsolidateBlocks - 0.03052 (ms)
2026-07-10 03:23:58,425 [INFO] Pass: Split2QUnitaries - 0.00286 (ms)
2026-07-10 03:23:58,425 [INFO] Pass: UnitarySynthesis - 0.00501 (ms)
2026-07-10 03:23:58,425 [INFO] Pass: HighLevelSynthesis - 0.01550 (ms)
2026-07-10 03:23:58,425 [INFO] Pass: BasisTranslator - 0.05007 (ms)
2026-07-10 03:23:58,425 [INFO] Pass: ConsolidateBlocks - 0.04148 (ms)
2026-07-10 03:23:58,425 [INFO] Pass: UnitarySynthesis - 0.00405 (ms)
2026-07-10 03:23:58,425 [INFO] Pass: Depth - 0.00930 (ms)
2026-07-10 03:23:58,425 [INFO] Pass: FixedPoint - 0.00477 (ms)
2026-07-10 03:23:58,425 [INFO] Pass: Size - 0.00310 (ms)
2026-07-10 03:23:58,425 [INFO] Pass: FixedPoint - 0.00262 (ms)
2026-07-10 03:23:58,425 [INFO] Pass: RemoveIdentityEquivalent - 0.00381 (ms)
2026-07-10 03:23:58,425 [INFO] Pass: Optimize1qGatesDecomposition - 0.09203 (ms)
2026-07-10 03:23:58,425 [INFO] Pass: CommutativeCancellation - 0.04768 (ms)
2026-07-10 03:23:58,425 [INFO] Pass: ContractIdleWiresInControlFlow - 0.00215 (ms)
2026-07-10 03:23:58,425 [INFO] Pass: GatesInBasis - 0.00787 (ms)
2026-07-10 03:23:58,425 [INFO] Pass: Depth - 0.00691 (ms)
2026-07-10 03:23:58,425 [INFO] Pass: FixedPoint - 0.00358 (ms)
2026-07-10 03:23:58,425 [INFO] Pass: Size - 0.00238 (ms)
2026-07-10 03:23:58,425 [INFO] Pass: FixedPoint - 0.00238 (ms)
2026-07-10 03:23:58,425 [INFO] Pass: ContainsInstruction - 0.00501 (ms)
2026-07-10 03:23:58,425 [INFO] Total Transpile Time - 84.71513 (ms)
2026-07-10 03:23:58,510 [INFO] Pass: ContainsInstruction - 0.01097 (ms)
2026-07-10 03:23:58,510 [INFO] Pass: UnitarySynthesis - 0.00668 (ms)
2026-07-10 03:23:58,510 [INFO] Pass: HighLevelSynthesis - 0.00453 (ms)
2026-07-10 03:23:58,510 [INFO] Pass: BasisTranslator - 0.05698 (ms)
2026-07-10 03:23:58,510 [INFO] Pass: ElidePermutations - 0.00453 (ms)
2026-07-10 03:23:58,510 [INFO] Pass: RemoveDiagonalGatesBeforeMeasure - 0.00548 (ms)
2026-07-10 03:23:58,510 [INFO] Pass: RemoveIdentityEquivalent - 0.00429 (ms)
2026-07-10 03:23:58,510 [INFO] Pass: InverseCancellation - 0.01240 (ms)
2026-07-10 03:23:58,510 [INFO] Pass: ContractIdleWiresInControlFlow - 0.00238 (ms)
2026-07-10 03:23:58,510 [INFO] Pass: CommutativeCancellation - 0.02265 (ms)
2026-07-10 03:23:58,510 [INFO] Pass: ConsolidateBlocks - 0.03052 (ms)
2026-07-10 03:23:58,510 [INFO] Pass: Split2QUnitaries - 0.00238 (ms)
2026-07-10 03:23:58,510 [INFO] Pass: UnitarySynthesis - 0.00501 (ms)
2026-07-10 03:23:58,510 [INFO] Pass: HighLevelSynthesis - 0.00882 (ms)
2026-07-10 03:23:58,510 [INFO] Pass: BasisTranslator - 0.05054 (ms)
2026-07-10 03:23:58,510 [INFO] Pass: ConsolidateBlocks - 0.03958 (ms)
2026-07-10 03:23:58,510 [INFO] Pass: UnitarySynthesis - 0.00405 (ms)
2026-07-10 03:23:58,510 [INFO] Pass: Depth - 0.00882 (ms)
2026-07-10 03:23:58,510 [INFO] Pass: FixedPoint - 0.00453 (ms)
2026-07-10 03:23:58,510 [INFO] Pass: Size - 0.00310 (ms)
2026-07-10 03:23:58,510 [INFO] Pass: FixedPoint - 0.00286 (ms)
2026-07-10 03:23:58,510 [INFO] Pass: RemoveIdentityEquivalent - 0.00381 (ms)
2026-07-10 03:23:58,511 [INFO] Pass: Optimize1qGatesDecomposition - 0.10538 (ms)
2026-07-10 03:23:58,511 [INFO] Pass: CommutativeCancellation - 0.04172 (ms)
2026-07-10 03:23:58,511 [INFO] Pass: ContractIdleWiresInControlFlow - 0.00191 (ms)
2026-07-10 03:23:58,511 [INFO] Pass: GatesInBasis - 0.00858 (ms)
2026-07-10 03:23:58,511 [INFO] Pass: Depth - 0.00811 (ms)
2026-07-10 03:23:58,511 [INFO] Pass: FixedPoint - 0.00334 (ms)
2026-07-10 03:23:58,511 [INFO] Pass: Size - 0.00191 (ms)
2026-07-10 03:23:58,511 [INFO] Pass: FixedPoint - 0.00262 (ms)
2026-07-10 03:23:58,511 [INFO] Pass: RemoveIdentityEquivalent - 0.00358 (ms)
2026-07-10 03:23:58,511 [INFO] Pass: Optimize1qGatesDecomposition - 0.07415 (ms)
2026-07-10 03:23:58,511 [INFO] Pass: CommutativeCancellation - 0.03529 (ms)
2026-07-10 03:23:58,511 [INFO] Pass: ContractIdleWiresInControlFlow - 0.00143 (ms)
2026-07-10 03:23:58,511 [INFO] Pass: GatesInBasis - 0.00572 (ms)
2026-07-10 03:23:58,511 [INFO] Pass: Depth - 0.00668 (ms)
2026-07-10 03:23:58,511 [INFO] Pass: FixedPoint - 0.00334 (ms)
2026-07-10 03:23:58,511 [INFO] Pass: Size - 0.00191 (ms)
2026-07-10 03:23:58,511 [INFO] Pass: FixedPoint - 0.00262 (ms)
2026-07-10 03:23:58,511 [INFO] Pass: ContainsInstruction - 0.00525 (ms)
2026-07-10 03:23:58,511 [INFO] Total Transpile Time - 85.54101 (ms)
2026-07-10 03:24:09,510 [INFO] [PCE] n=20 instancia 37/40 completada en 0:00:00:11 — transcurrido=0:00:06:44 restante_estimado=0:00:00:33
2026-07-10 03:24:09,596 [INFO] Pass: ContainsInstruction - 0.01192 (ms)
2026-07-10 03:24:09,596 [INFO] Pass: UnitarySynthesis - 0.00739 (ms)
2026-07-10 03:24:09,596 [INFO] Pass: HighLevelSynthesis - 0.00548 (ms)
2026-07-10 03:24:09,596 [INFO] Pass: BasisTranslator - 0.05865 (ms)
2026-07-10 03:24:09,596 [INFO] Pass: ElidePermutations - 0.00477 (ms)
2026-07-10 03:24:09,596 [INFO] Pass: RemoveDiagonalGatesBeforeMeasure - 0.00644 (ms)
2026-07-10 03:24:09,596 [INFO] Pass: RemoveIdentityEquivalent - 0.00334 (ms)
2026-07-10 03:24:09,596 [INFO] Pass: InverseCancellation - 0.00453 (ms)
2026-07-10 03:24:09,596 [INFO] Pass: ContractIdleWiresInControlFlow - 0.00191 (ms)
2026-07-10 03:24:09,596 [INFO] Pass: CommutativeCancellation - 0.02003 (ms)
2026-07-10 03:24:09,596 [INFO] Pass: ConsolidateBlocks - 0.03028 (ms)
2026-07-10 03:24:09,596 [INFO] Pass: Split2QUnitaries - 0.00286 (ms)
2026-07-10 03:24:09,596 [INFO] Pass: UnitarySynthesis - 0.00501 (ms)
2026-07-10 03:24:09,596 [INFO] Pass: HighLevelSynthesis - 0.00811 (ms)
2026-07-10 03:24:09,597 [INFO] Pass: BasisTranslator - 0.04935 (ms)
2026-07-10 03:24:09,597 [INFO] Pass: ConsolidateBlocks - 0.04005 (ms)
2026-07-10 03:24:09,597 [INFO] Pass: UnitarySynthesis - 0.00405 (ms)
2026-07-10 03:24:09,597 [INFO] Pass: Depth - 0.00811 (ms)
2026-07-10 03:24:09,597 [INFO] Pass: FixedPoint - 0.00453 (ms)
2026-07-10 03:24:09,597 [INFO] Pass: Size - 0.00310 (ms)
2026-07-10 03:24:09,597 [INFO] Pass: FixedPoint - 0.00286 (ms)
2026-07-10 03:24:09,597 [INFO] Pass: RemoveIdentityEquivalent - 0.00286 (ms)
2026-07-10 03:24:09,597 [INFO] Pass: Optimize1qGatesDecomposition - 0.02694 (ms)
2026-07-10 03:24:09,597 [INFO] Pass: CommutativeCancellation - 0.04101 (ms)
2026-07-10 03:24:09,597 [INFO] Pass: ContractIdleWiresInControlFlow - 0.00215 (ms)
2026-07-10 03:24:09,597 [INFO] Pass: GatesInBasis - 0.00787 (ms)
2026-07-10 03:24:09,597 [INFO] Pass: Depth - 0.00620 (ms)
2026-07-10 03:24:09,597 [INFO] Pass: FixedPoint - 0.00334 (ms)
2026-07-10 03:24:09,597 [INFO] Pass: Size - 0.00167 (ms)
2026-07-10 03:24:09,597 [INFO] Pass: FixedPoint - 0.00262 (ms)
2026-07-10 03:24:09,597 [INFO] Pass: ContainsInstruction - 0.00405 (ms)
2026-07-10 03:24:09,597 [INFO] Total Transpile Time - 86.04860 (ms)
2026-07-10 03:24:09,684 [INFO] Pass: ContainsInstruction - 0.01097 (ms)
2026-07-10 03:24:09,684 [INFO] Pass: UnitarySynthesis - 0.00763 (ms)
2026-07-10 03:24:09,684 [INFO] Pass: HighLevelSynthesis - 0.00525 (ms)
2026-07-10 03:24:09,684 [INFO] Pass: BasisTranslator - 0.05984 (ms)
2026-07-10 03:24:09,684 [INFO] Pass: ElidePermutations - 0.00405 (ms)
2026-07-10 03:24:09,684 [INFO] Pass: RemoveDiagonalGatesBeforeMeasure - 0.00596 (ms)
2026-07-10 03:24:09,684 [INFO] Pass: RemoveIdentityEquivalent - 0.00429 (ms)
2026-07-10 03:24:09,684 [INFO] Pass: InverseCancellation - 0.01311 (ms)
2026-07-10 03:24:09,684 [INFO] Pass: ContractIdleWiresInControlFlow - 0.00191 (ms)
2026-07-10 03:24:09,684 [INFO] Pass: CommutativeCancellation - 0.02646 (ms)
2026-07-10 03:24:09,684 [INFO] Pass: ConsolidateBlocks - 0.03076 (ms)
2026-07-10 03:24:09,684 [INFO] Pass: Split2QUnitaries - 0.00262 (ms)
2026-07-10 03:24:09,684 [INFO] Pass: UnitarySynthesis - 0.00525 (ms)
2026-07-10 03:24:09,684 [INFO] Pass: HighLevelSynthesis - 0.00906 (ms)
2026-07-10 03:24:09,684 [INFO] Pass: BasisTranslator - 0.05198 (ms)
2026-07-10 03:24:09,684 [INFO] Pass: ConsolidateBlocks - 0.04005 (ms)
2026-07-10 03:24:09,684 [INFO] Pass: UnitarySynthesis - 0.00405 (ms)
2026-07-10 03:24:09,684 [INFO] Pass: Depth - 0.00930 (ms)
2026-07-10 03:24:09,684 [INFO] Pass: FixedPoint - 0.00453 (ms)
2026-07-10 03:24:09,684 [INFO] Pass: Size - 0.00262 (ms)
2026-07-10 03:24:09,684 [INFO] Pass: FixedPoint - 0.00286 (ms)
2026-07-10 03:24:09,684 [INFO] Pass: RemoveIdentityEquivalent - 0.00334 (ms)
2026-07-10 03:24:09,684 [INFO] Pass: Optimize1qGatesDecomposition - 0.08893 (ms)
2026-07-10 03:24:09,685 [INFO] Pass: CommutativeCancellation - 0.05412 (ms)
2026-07-10 03:24:09,685 [INFO] Pass: ContractIdleWiresInControlFlow - 0.00215 (ms)
2026-07-10 03:24:09,685 [INFO] Pass: GatesInBasis - 0.00834 (ms)
2026-07-10 03:24:09,685 [INFO] Pass: Depth - 0.00739 (ms)
2026-07-10 03:24:09,685 [INFO] Pass: FixedPoint - 0.00334 (ms)
2026-07-10 03:24:09,685 [INFO] Pass: Size - 0.00215 (ms)
2026-07-10 03:24:09,685 [INFO] Pass: FixedPoint - 0.00286 (ms)
2026-07-10 03:24:09,685 [INFO] Pass: ContainsInstruction - 0.00501 (ms)
2026-07-10 03:24:09,685 [INFO] Total Transpile Time - 87.28409 (ms)
2026-07-10 03:24:09,770 [INFO] Pass: ContainsInstruction - 0.01049 (ms)
2026-07-10 03:24:09,770 [INFO] Pass: UnitarySynthesis - 0.00691 (ms)
2026-07-10 03:24:09,770 [INFO] Pass: HighLevelSynthesis - 0.00453 (ms)
2026-07-10 03:24:09,770 [INFO] Pass: BasisTranslator - 0.05651 (ms)
2026-07-10 03:24:09,770 [INFO] Pass: ElidePermutations - 0.00405 (ms)
2026-07-10 03:24:09,770 [INFO] Pass: RemoveDiagonalGatesBeforeMeasure - 0.00572 (ms)
2026-07-10 03:24:09,770 [INFO] Pass: RemoveIdentityEquivalent - 0.00572 (ms)
2026-07-10 03:24:09,770 [INFO] Pass: InverseCancellation - 0.01311 (ms)
2026-07-10 03:24:09,770 [INFO] Pass: ContractIdleWiresInControlFlow - 0.00215 (ms)
2026-07-10 03:24:09,770 [INFO] Pass: CommutativeCancellation - 0.02408 (ms)
2026-07-10 03:24:09,770 [INFO] Pass: ConsolidateBlocks - 0.03123 (ms)
2026-07-10 03:24:09,770 [INFO] Pass: Split2QUnitaries - 0.00310 (ms)
2026-07-10 03:24:09,770 [INFO] Pass: UnitarySynthesis - 0.00501 (ms)
2026-07-10 03:24:09,770 [INFO] Pass: HighLevelSynthesis - 0.00906 (ms)
2026-07-10 03:24:09,770 [INFO] Pass: BasisTranslator - 0.05078 (ms)
2026-07-10 03:24:09,770 [INFO] Pass: ConsolidateBlocks - 0.03958 (ms)
2026-07-10 03:24:09,771 [INFO] Pass: UnitarySynthesis - 0.00453 (ms)
2026-07-10 03:24:09,771 [INFO] Pass: Depth - 0.00930 (ms)
2026-07-10 03:24:09,771 [INFO] Pass: FixedPoint - 0.00429 (ms)
2026-07-10 03:24:09,771 [INFO] Pass: Size - 0.00310 (ms)
2026-07-10 03:24:09,771 [INFO] Pass: FixedPoint - 0.00262 (ms)
2026-07-10 03:24:09,771 [INFO] Pass: RemoveIdentityEquivalent - 0.00429 (ms)
2026-07-10 03:24:09,771 [INFO] Pass: Optimize1qGatesDecomposition - 0.09561 (ms)
2026-07-10 03:24:09,771 [INFO] Pass: CommutativeCancellation - 0.04339 (ms)
2026-07-10 03:24:09,771 [INFO] Pass: ContractIdleWiresInControlFlow - 0.00167 (ms)
2026-07-10 03:24:09,771 [INFO] Pass: GatesInBasis - 0.00811 (ms)
2026-07-10 03:24:09,771 [INFO] Pass: Depth - 0.00811 (ms)
2026-07-10 03:24:09,771 [INFO] Pass: FixedPoint - 0.00334 (ms)
2026-07-10 03:24:09,771 [INFO] Pass: Size - 0.00215 (ms)
2026-07-10 03:24:09,771 [INFO] Pass: FixedPoint - 0.00286 (ms)
2026-07-10 03:24:09,771 [INFO] Pass: RemoveIdentityEquivalent - 0.00358 (ms)
2026-07-10 03:24:09,771 [INFO] Pass: Optimize1qGatesDecomposition - 0.07463 (ms)
2026-07-10 03:24:09,771 [INFO] Pass: CommutativeCancellation - 0.03576 (ms)
2026-07-10 03:24:09,771 [INFO] Pass: ContractIdleWiresInControlFlow - 0.00143 (ms)
2026-07-10 03:24:09,771 [INFO] Pass: GatesInBasis - 0.00620 (ms)
2026-07-10 03:24:09,771 [INFO] Pass: Depth - 0.00644 (ms)
2026-07-10 03:24:09,771 [INFO] Pass: FixedPoint - 0.00334 (ms)
2026-07-10 03:24:09,771 [INFO] Pass: Size - 0.00167 (ms)
2026-07-10 03:24:09,771 [INFO] Pass: FixedPoint - 0.00262 (ms)
2026-07-10 03:24:09,771 [INFO] Pass: ContainsInstruction - 0.00453 (ms)
2026-07-10 03:24:09,771 [INFO] Total Transpile Time - 86.19928 (ms)
2026-07-10 03:24:18,801 [INFO] [PCE] n=20 instancia 38/40 completada en 0:00:00:09 — transcurrido=0:00:06:54 restante_estimado=0:00:00:22
2026-07-10 03:24:18,888 [INFO] Pass: ContainsInstruction - 0.01192 (ms)
2026-07-10 03:24:18,888 [INFO] Pass: UnitarySynthesis - 0.00668 (ms)
2026-07-10 03:24:18,888 [INFO] Pass: HighLevelSynthesis - 0.00548 (ms)
2026-07-10 03:24:18,888 [INFO] Pass: BasisTranslator - 0.05937 (ms)
2026-07-10 03:24:18,888 [INFO] Pass: ElidePermutations - 0.00525 (ms)
2026-07-10 03:24:18,888 [INFO] Pass: RemoveDiagonalGatesBeforeMeasure - 0.00644 (ms)
2026-07-10 03:24:18,888 [INFO] Pass: RemoveIdentityEquivalent - 0.00310 (ms)
2026-07-10 03:24:18,888 [INFO] Pass: InverseCancellation - 0.00477 (ms)
2026-07-10 03:24:18,888 [INFO] Pass: ContractIdleWiresInControlFlow - 0.00238 (ms)
2026-07-10 03:24:18,888 [INFO] Pass: CommutativeCancellation - 0.02289 (ms)
2026-07-10 03:24:18,888 [INFO] Pass: ConsolidateBlocks - 0.03123 (ms)
2026-07-10 03:24:18,888 [INFO] Pass: Split2QUnitaries - 0.00310 (ms)
2026-07-10 03:24:18,889 [INFO] Pass: UnitarySynthesis - 0.00477 (ms)
2026-07-10 03:24:18,889 [INFO] Pass: HighLevelSynthesis - 0.00811 (ms)
2026-07-10 03:24:18,889 [INFO] Pass: BasisTranslator - 0.05960 (ms)
2026-07-10 03:24:18,889 [INFO] Pass: ConsolidateBlocks - 0.04101 (ms)
2026-07-10 03:24:18,889 [INFO] Pass: UnitarySynthesis - 0.00453 (ms)
2026-07-10 03:24:18,889 [INFO] Pass: Depth - 0.00834 (ms)
2026-07-10 03:24:18,889 [INFO] Pass: FixedPoint - 0.00477 (ms)
2026-07-10 03:24:18,889 [INFO] Pass: Size - 0.00310 (ms)
2026-07-10 03:24:18,889 [INFO] Pass: FixedPoint - 0.00286 (ms)
2026-07-10 03:24:18,889 [INFO] Pass: RemoveIdentityEquivalent - 0.00310 (ms)
2026-07-10 03:24:18,889 [INFO] Pass: Optimize1qGatesDecomposition - 0.02718 (ms)
2026-07-10 03:24:18,889 [INFO] Pass: CommutativeCancellation - 0.04315 (ms)
2026-07-10 03:24:18,889 [INFO] Pass: ContractIdleWiresInControlFlow - 0.00191 (ms)
2026-07-10 03:24:18,889 [INFO] Pass: GatesInBasis - 0.00811 (ms)
2026-07-10 03:24:18,889 [INFO] Pass: Depth - 0.00691 (ms)
2026-07-10 03:24:18,889 [INFO] Pass: FixedPoint - 0.00334 (ms)
2026-07-10 03:24:18,889 [INFO] Pass: Size - 0.00238 (ms)
2026-07-10 03:24:18,889 [INFO] Pass: FixedPoint - 0.00286 (ms)
2026-07-10 03:24:18,889 [INFO] Pass: ContainsInstruction - 0.00501 (ms)
2026-07-10 03:24:18,889 [INFO] Total Transpile Time - 87.24284 (ms)
2026-07-10 03:24:18,975 [INFO] Pass: ContainsInstruction - 0.00978 (ms)
2026-07-10 03:24:18,975 [INFO] Pass: UnitarySynthesis - 0.00620 (ms)
2026-07-10 03:24:18,975 [INFO] Pass: HighLevelSynthesis - 0.00548 (ms)
2026-07-10 03:24:18,975 [INFO] Pass: BasisTranslator - 0.05436 (ms)
2026-07-10 03:24:18,975 [INFO] Pass: ElidePermutations - 0.00429 (ms)
2026-07-10 03:24:18,975 [INFO] Pass: RemoveDiagonalGatesBeforeMeasure - 0.00572 (ms)
2026-07-10 03:24:18,975 [INFO] Pass: RemoveIdentityEquivalent - 0.00429 (ms)
2026-07-10 03:24:18,975 [INFO] Pass: InverseCancellation - 0.01216 (ms)
2026-07-10 03:24:18,975 [INFO] Pass: ContractIdleWiresInControlFlow - 0.00238 (ms)
2026-07-10 03:24:18,975 [INFO] Pass: CommutativeCancellation - 0.02670 (ms)
2026-07-10 03:24:18,975 [INFO] Pass: ConsolidateBlocks - 0.02933 (ms)
2026-07-10 03:24:18,975 [INFO] Pass: Split2QUnitaries - 0.00262 (ms)
2026-07-10 03:24:18,975 [INFO] Pass: UnitarySynthesis - 0.00453 (ms)
2026-07-10 03:24:18,975 [INFO] Pass: HighLevelSynthesis - 0.00858 (ms)
2026-07-10 03:24:18,975 [INFO] Pass: BasisTranslator - 0.05007 (ms)
2026-07-10 03:24:18,975 [INFO] Pass: ConsolidateBlocks - 0.03839 (ms)
2026-07-10 03:24:18,975 [INFO] Pass: UnitarySynthesis - 0.00429 (ms)
2026-07-10 03:24:18,975 [INFO] Pass: Depth - 0.00811 (ms)
2026-07-10 03:24:18,975 [INFO] Pass: FixedPoint - 0.00405 (ms)
2026-07-10 03:24:18,975 [INFO] Pass: Size - 0.00262 (ms)
2026-07-10 03:24:18,975 [INFO] Pass: FixedPoint - 0.00262 (ms)
2026-07-10 03:24:18,975 [INFO] Pass: RemoveIdentityEquivalent - 0.00334 (ms)
2026-07-10 03:24:18,976 [INFO] Pass: Optimize1qGatesDecomposition - 0.08583 (ms)
2026-07-10 03:24:18,976 [INFO] Pass: CommutativeCancellation - 0.05460 (ms)
2026-07-10 03:24:18,976 [INFO] Pass: ContractIdleWiresInControlFlow - 0.00143 (ms)
2026-07-10 03:24:18,976 [INFO] Pass: GatesInBasis - 0.00739 (ms)
2026-07-10 03:24:18,976 [INFO] Pass: Depth - 0.00715 (ms)
2026-07-10 03:24:18,976 [INFO] Pass: FixedPoint - 0.00381 (ms)
2026-07-10 03:24:18,976 [INFO] Pass: Size - 0.00215 (ms)
2026-07-10 03:24:18,976 [INFO] Pass: FixedPoint - 0.00262 (ms)
2026-07-10 03:24:18,976 [INFO] Pass: ContainsInstruction - 0.00501 (ms)
2026-07-10 03:24:18,976 [INFO] Total Transpile Time - 86.22074 (ms)
2026-07-10 03:24:19,061 [INFO] Pass: ContainsInstruction - 0.01001 (ms)
2026-07-10 03:24:19,061 [INFO] Pass: UnitarySynthesis - 0.00668 (ms)
2026-07-10 03:24:19,061 [INFO] Pass: HighLevelSynthesis - 0.00501 (ms)
2026-07-10 03:24:19,061 [INFO] Pass: BasisTranslator - 0.05484 (ms)
2026-07-10 03:24:19,061 [INFO] Pass: ElidePermutations - 0.00429 (ms)
2026-07-10 03:24:19,061 [INFO] Pass: RemoveDiagonalGatesBeforeMeasure - 0.00596 (ms)
2026-07-10 03:24:19,061 [INFO] Pass: RemoveIdentityEquivalent - 0.00501 (ms)
2026-07-10 03:24:19,061 [INFO] Pass: InverseCancellation - 0.01264 (ms)
2026-07-10 03:24:19,061 [INFO] Pass: ContractIdleWiresInControlFlow - 0.00262 (ms)
2026-07-10 03:24:19,061 [INFO] Pass: CommutativeCancellation - 0.02623 (ms)
2026-07-10 03:24:19,061 [INFO] Pass: ConsolidateBlocks - 0.02980 (ms)
2026-07-10 03:24:19,061 [INFO] Pass: Split2QUnitaries - 0.00262 (ms)
2026-07-10 03:24:19,061 [INFO] Pass: UnitarySynthesis - 0.00477 (ms)
2026-07-10 03:24:19,061 [INFO] Pass: HighLevelSynthesis - 0.00858 (ms)
2026-07-10 03:24:19,061 [INFO] Pass: BasisTranslator - 0.05198 (ms)
2026-07-10 03:24:19,061 [INFO] Pass: ConsolidateBlocks - 0.03934 (ms)
2026-07-10 03:24:19,061 [INFO] Pass: UnitarySynthesis - 0.00429 (ms)
2026-07-10 03:24:19,061 [INFO] Pass: Depth - 0.00930 (ms)
2026-07-10 03:24:19,061 [INFO] Pass: FixedPoint - 0.00405 (ms)
2026-07-10 03:24:19,061 [INFO] Pass: Size - 0.00286 (ms)
2026-07-10 03:24:19,061 [INFO] Pass: FixedPoint - 0.00262 (ms)
2026-07-10 03:24:19,061 [INFO] Pass: RemoveIdentityEquivalent - 0.00405 (ms)
2026-07-10 03:24:19,062 [INFO] Pass: Optimize1qGatesDecomposition - 0.10180 (ms)
2026-07-10 03:24:19,062 [INFO] Pass: CommutativeCancellation - 0.04482 (ms)
2026-07-10 03:24:19,062 [INFO] Pass: ContractIdleWiresInControlFlow - 0.00215 (ms)
2026-07-10 03:24:19,062 [INFO] Pass: GatesInBasis - 0.00787 (ms)
2026-07-10 03:24:19,062 [INFO] Pass: Depth - 0.00787 (ms)
2026-07-10 03:24:19,062 [INFO] Pass: FixedPoint - 0.00358 (ms)
2026-07-10 03:24:19,062 [INFO] Pass: Size - 0.00191 (ms)
2026-07-10 03:24:19,062 [INFO] Pass: FixedPoint - 0.00262 (ms)
2026-07-10 03:24:19,062 [INFO] Pass: RemoveIdentityEquivalent - 0.00381 (ms)
2026-07-10 03:24:19,062 [INFO] Pass: Optimize1qGatesDecomposition - 0.07463 (ms)
2026-07-10 03:24:19,062 [INFO] Pass: CommutativeCancellation - 0.03767 (ms)
2026-07-10 03:24:19,062 [INFO] Pass: ContractIdleWiresInControlFlow - 0.00143 (ms)
2026-07-10 03:24:19,062 [INFO] Pass: GatesInBasis - 0.00620 (ms)
2026-07-10 03:24:19,062 [INFO] Pass: Depth - 0.00668 (ms)
2026-07-10 03:24:19,062 [INFO] Pass: FixedPoint - 0.00334 (ms)
2026-07-10 03:24:19,062 [INFO] Pass: Size - 0.00215 (ms)
2026-07-10 03:24:19,062 [INFO] Pass: FixedPoint - 0.00262 (ms)
2026-07-10 03:24:19,062 [INFO] Pass: ContainsInstruction - 0.00501 (ms)
2026-07-10 03:24:19,062 [INFO] Total Transpile Time - 86.03525 (ms)
2026-07-10 03:24:27,544 [INFO] [PCE] n=20 instancia 39/40 completada en 0:00:00:09 — transcurrido=0:00:07:02 restante_estimado=0:00:00:11
2026-07-10 03:24:27,631 [INFO] Pass: ContainsInstruction - 0.01216 (ms)
2026-07-10 03:24:27,631 [INFO] Pass: UnitarySynthesis - 0.00668 (ms)
2026-07-10 03:24:27,631 [INFO] Pass: HighLevelSynthesis - 0.00525 (ms)
2026-07-10 03:24:27,631 [INFO] Pass: BasisTranslator - 0.06294 (ms)
2026-07-10 03:24:27,631 [INFO] Pass: ElidePermutations - 0.00477 (ms)
2026-07-10 03:24:27,631 [INFO] Pass: RemoveDiagonalGatesBeforeMeasure - 0.00572 (ms)
2026-07-10 03:24:27,631 [INFO] Pass: RemoveIdentityEquivalent - 0.00334 (ms)
2026-07-10 03:24:27,631 [INFO] Pass: InverseCancellation - 0.00453 (ms)
2026-07-10 03:24:27,631 [INFO] Pass: ContractIdleWiresInControlFlow - 0.00215 (ms)
2026-07-10 03:24:27,631 [INFO] Pass: CommutativeCancellation - 0.02289 (ms)
2026-07-10 03:24:27,631 [INFO] Pass: ConsolidateBlocks - 0.03004 (ms)
2026-07-10 03:24:27,631 [INFO] Pass: Split2QUnitaries - 0.00286 (ms)
2026-07-10 03:24:27,632 [INFO] Pass: UnitarySynthesis - 0.00453 (ms)
2026-07-10 03:24:27,632 [INFO] Pass: HighLevelSynthesis - 0.00811 (ms)
2026-07-10 03:24:27,632 [INFO] Pass: BasisTranslator - 0.05174 (ms)
2026-07-10 03:24:27,632 [INFO] Pass: ConsolidateBlocks - 0.04005 (ms)
2026-07-10 03:24:27,632 [INFO] Pass: UnitarySynthesis - 0.00405 (ms)
2026-07-10 03:24:27,632 [INFO] Pass: Depth - 0.00858 (ms)
2026-07-10 03:24:27,632 [INFO] Pass: FixedPoint - 0.00453 (ms)
2026-07-10 03:24:27,632 [INFO] Pass: Size - 0.00310 (ms)
2026-07-10 03:24:27,632 [INFO] Pass: FixedPoint - 0.00286 (ms)
2026-07-10 03:24:27,632 [INFO] Pass: RemoveIdentityEquivalent - 0.00262 (ms)
2026-07-10 03:24:27,632 [INFO] Pass: Optimize1qGatesDecomposition - 0.02789 (ms)
2026-07-10 03:24:27,632 [INFO] Pass: CommutativeCancellation - 0.04339 (ms)
2026-07-10 03:24:27,632 [INFO] Pass: ContractIdleWiresInControlFlow - 0.00191 (ms)
2026-07-10 03:24:27,632 [INFO] Pass: GatesInBasis - 0.00763 (ms)
2026-07-10 03:24:27,632 [INFO] Pass: Depth - 0.00644 (ms)
2026-07-10 03:24:27,632 [INFO] Pass: FixedPoint - 0.00334 (ms)
2026-07-10 03:24:27,632 [INFO] Pass: Size - 0.00191 (ms)
2026-07-10 03:24:27,632 [INFO] Pass: FixedPoint - 0.00286 (ms)
2026-07-10 03:24:27,632 [INFO] Pass: ContainsInstruction - 0.00453 (ms)
2026-07-10 03:24:27,632 [INFO] Total Transpile Time - 87.17322 (ms)
2026-07-10 03:24:27,717 [INFO] Pass: ContainsInstruction - 0.01049 (ms)
2026-07-10 03:24:27,717 [INFO] Pass: UnitarySynthesis - 0.00668 (ms)
2026-07-10 03:24:27,717 [INFO] Pass: HighLevelSynthesis - 0.00525 (ms)
2026-07-10 03:24:27,717 [INFO] Pass: BasisTranslator - 0.05937 (ms)
2026-07-10 03:24:27,717 [INFO] Pass: ElidePermutations - 0.00477 (ms)
2026-07-10 03:24:27,717 [INFO] Pass: RemoveDiagonalGatesBeforeMeasure - 0.00644 (ms)
2026-07-10 03:24:27,717 [INFO] Pass: RemoveIdentityEquivalent - 0.00477 (ms)
2026-07-10 03:24:27,717 [INFO] Pass: InverseCancellation - 0.01311 (ms)
2026-07-10 03:24:27,717 [INFO] Pass: ContractIdleWiresInControlFlow - 0.00238 (ms)
2026-07-10 03:24:27,717 [INFO] Pass: CommutativeCancellation - 0.02861 (ms)
2026-07-10 03:24:27,717 [INFO] Pass: ConsolidateBlocks - 0.02885 (ms)
2026-07-10 03:24:27,717 [INFO] Pass: Split2QUnitaries - 0.00334 (ms)
2026-07-10 03:24:27,718 [INFO] Pass: UnitarySynthesis - 0.00477 (ms)
2026-07-10 03:24:27,718 [INFO] Pass: HighLevelSynthesis - 0.00906 (ms)
2026-07-10 03:24:27,718 [INFO] Pass: BasisTranslator - 0.05293 (ms)
2026-07-10 03:24:27,718 [INFO] Pass: ConsolidateBlocks - 0.04005 (ms)
2026-07-10 03:24:27,718 [INFO] Pass: UnitarySynthesis - 0.00429 (ms)
2026-07-10 03:24:27,718 [INFO] Pass: Depth - 0.00906 (ms)
2026-07-10 03:24:27,718 [INFO] Pass: FixedPoint - 0.00429 (ms)
2026-07-10 03:24:27,718 [INFO] Pass: Size - 0.00310 (ms)
2026-07-10 03:24:27,718 [INFO] Pass: FixedPoint - 0.00286 (ms)
2026-07-10 03:24:27,718 [INFO] Pass: RemoveIdentityEquivalent - 0.00334 (ms)
2026-07-10 03:24:27,718 [INFO] Pass: Optimize1qGatesDecomposition - 0.09060 (ms)
2026-07-10 03:24:27,718 [INFO] Pass: CommutativeCancellation - 0.05102 (ms)
2026-07-10 03:24:27,718 [INFO] Pass: ContractIdleWiresInControlFlow - 0.00167 (ms)
2026-07-10 03:24:27,718 [INFO] Pass: GatesInBasis - 0.00834 (ms)
2026-07-10 03:24:27,718 [INFO] Pass: Depth - 0.00715 (ms)
2026-07-10 03:24:27,718 [INFO] Pass: FixedPoint - 0.00381 (ms)
2026-07-10 03:24:27,718 [INFO] Pass: Size - 0.00215 (ms)
2026-07-10 03:24:27,718 [INFO] Pass: FixedPoint - 0.00262 (ms)
2026-07-10 03:24:27,718 [INFO] Pass: ContainsInstruction - 0.00501 (ms)
2026-07-10 03:24:27,718 [INFO] Total Transpile Time - 85.63638 (ms)
2026-07-10 03:24:27,804 [INFO] Pass: ContainsInstruction - 0.01025 (ms)
2026-07-10 03:24:27,804 [INFO] Pass: UnitarySynthesis - 0.00715 (ms)
2026-07-10 03:24:27,804 [INFO] Pass: HighLevelSynthesis - 0.00477 (ms)
2026-07-10 03:24:27,804 [INFO] Pass: BasisTranslator - 0.05198 (ms)
2026-07-10 03:24:27,804 [INFO] Pass: ElidePermutations - 0.00381 (ms)
2026-07-10 03:24:27,804 [INFO] Pass: RemoveDiagonalGatesBeforeMeasure - 0.00572 (ms)
2026-07-10 03:24:27,804 [INFO] Pass: RemoveIdentityEquivalent - 0.00477 (ms)
2026-07-10 03:24:27,804 [INFO] Pass: InverseCancellation - 0.01168 (ms)
2026-07-10 03:24:27,804 [INFO] Pass: ContractIdleWiresInControlFlow - 0.00215 (ms)
2026-07-10 03:24:27,804 [INFO] Pass: CommutativeCancellation - 0.02456 (ms)
2026-07-10 03:24:27,804 [INFO] Pass: ConsolidateBlocks - 0.02980 (ms)
2026-07-10 03:24:27,804 [INFO] Pass: Split2QUnitaries - 0.00238 (ms)
2026-07-10 03:24:27,804 [INFO] Pass: UnitarySynthesis - 0.00501 (ms)
2026-07-10 03:24:27,804 [INFO] Pass: HighLevelSynthesis - 0.00930 (ms)
2026-07-10 03:24:27,804 [INFO] Pass: BasisTranslator - 0.04983 (ms)
2026-07-10 03:24:27,804 [INFO] Pass: ConsolidateBlocks - 0.03839 (ms)
2026-07-10 03:24:27,804 [INFO] Pass: UnitarySynthesis - 0.00405 (ms)
2026-07-10 03:24:27,804 [INFO] Pass: Depth - 0.00834 (ms)
2026-07-10 03:24:27,804 [INFO] Pass: FixedPoint - 0.00429 (ms)
2026-07-10 03:24:27,804 [INFO] Pass: Size - 0.00310 (ms)
2026-07-10 03:24:27,805 [INFO] Pass: FixedPoint - 0.00286 (ms)
2026-07-10 03:24:27,805 [INFO] Pass: RemoveIdentityEquivalent - 0.00358 (ms)
2026-07-10 03:24:27,805 [INFO] Pass: Optimize1qGatesDecomposition - 0.09942 (ms)
2026-07-10 03:24:27,805 [INFO] Pass: CommutativeCancellation - 0.04292 (ms)
2026-07-10 03:24:27,805 [INFO] Pass: ContractIdleWiresInControlFlow - 0.00215 (ms)
2026-07-10 03:24:27,805 [INFO] Pass: GatesInBasis - 0.00763 (ms)
2026-07-10 03:24:27,805 [INFO] Pass: Depth - 0.00763 (ms)
2026-07-10 03:24:27,805 [INFO] Pass: FixedPoint - 0.00358 (ms)
2026-07-10 03:24:27,805 [INFO] Pass: Size - 0.00191 (ms)
2026-07-10 03:24:27,805 [INFO] Pass: FixedPoint - 0.00310 (ms)
2026-07-10 03:24:27,805 [INFO] Pass: RemoveIdentityEquivalent - 0.00358 (ms)
2026-07-10 03:24:27,805 [INFO] Pass: Optimize1qGatesDecomposition - 0.07510 (ms)
2026-07-10 03:24:27,805 [INFO] Pass: CommutativeCancellation - 0.03910 (ms)
2026-07-10 03:24:27,805 [INFO] Pass: ContractIdleWiresInControlFlow - 0.00143 (ms)
2026-07-10 03:24:27,805 [INFO] Pass: GatesInBasis - 0.00620 (ms)
2026-07-10 03:24:27,805 [INFO] Pass: Depth - 0.00620 (ms)
2026-07-10 03:24:27,805 [INFO] Pass: FixedPoint - 0.00334 (ms)
2026-07-10 03:24:27,805 [INFO] Pass: Size - 0.00191 (ms)
2026-07-10 03:24:27,805 [INFO] Pass: FixedPoint - 0.00286 (ms)
2026-07-10 03:24:27,805 [INFO] Pass: ContainsInstruction - 0.00477 (ms)
2026-07-10 03:24:27,805 [INFO] Total Transpile Time - 86.60436 (ms)
2026-07-10 03:24:43,199 [INFO] [PCE] n=20 instancia 40/40 completada en 0:00:00:16 — transcurrido=0:00:07:18 restante_estimado=0:00:00:00
2026-07-10 03:24:43,199 [INFO] [PCE] n=20 beta=0.7726 ± 0.0464 (PASSED) qubits=5 duration=0:00:07:18 max_parallel_threads=16 shots=exact backend=AER
