gcc/system unloaded
gcccore/system unloaded
cesga/2022 unloaded
rust/1.75.0 unloaded
imkl/2022.0.1 unloaded
numpy/1.26.4 unloaded
scipy/1.13.1 unloaded
flint/2.8.4 unloaded
symengine/0.11.1 unloaded
symengine-python/0.11.0 unloaded
spdlog/1.9.2 unloaded
pylatexenc/2.10 unloaded
qiskit/1.2.4-aer-gpu-cu11 unloaded
        Preparing the environment for use of the CESGA 2022 software stack.
        Please rebuild modules cache: module --ignore-cache avail
     
cesga/2022 loaded
rust/1.75.0 loaded

imkl/2023.2.0 loaded
numpy/1.26.4 loaded
scipy/1.13.1 loaded
imkl/2023.2.0 unloaded

imkl/2022.0.1 loaded
flint/2.8.4 loaded
symengine/0.11.1 loaded
symengine-python/0.11.0 loaded
spdlog/1.9.2 loaded
pylatexenc/2.10 loaded
gcccore/system loaded
gcc/system loaded
qiskit/1.2.4-aer-gpu-cu11 loaded
2026-07-07 13:52:19,224 [INFO] [PCE] Ejecutando 100 grafos con 150 nodos.
2026-07-07 13:52:19,224 [INFO] [PCE] n=150 usa 11 qubits (k=2).
2026-07-07 13:52:19,316 [INFO] Pass: ContainsInstruction - 0.01025 (ms)
2026-07-07 13:52:19,316 [INFO] Pass: InverseCancellation - 0.00882 (ms)
2026-07-07 13:52:19,316 [INFO] Pass: UnitarySynthesis - 0.00477 (ms)
2026-07-07 13:52:19,317 [INFO] Pass: HighLevelSynthesis - 0.64182 (ms)
2026-07-07 13:52:19,317 [INFO] Pass: BasisTranslator - 0.36693 (ms)
2026-07-07 13:52:19,317 [INFO] Pass: Depth - 0.09084 (ms)
2026-07-07 13:52:19,317 [INFO] Pass: FixedPoint - 0.00691 (ms)
2026-07-07 13:52:19,317 [INFO] Pass: Size - 0.03076 (ms)
2026-07-07 13:52:19,317 [INFO] Pass: FixedPoint - 0.00501 (ms)
2026-07-07 13:52:19,318 [INFO] Pass: Optimize1qGatesDecomposition - 0.06032 (ms)
2026-07-07 13:52:19,318 [INFO] Pass: InverseCancellation - 0.00596 (ms)
2026-07-07 13:52:19,318 [INFO] Pass: GatesInBasis - 0.38147 (ms)
2026-07-07 13:52:19,318 [INFO] Pass: Depth - 0.07439 (ms)
2026-07-07 13:52:19,318 [INFO] Pass: FixedPoint - 0.00501 (ms)
2026-07-07 13:52:19,318 [INFO] Pass: Size - 0.02789 (ms)
2026-07-07 13:52:19,318 [INFO] Pass: FixedPoint - 0.00405 (ms)
2026-07-07 13:52:19,318 [INFO] Pass: ContainsInstruction - 0.00453 (ms)
2026-07-07 13:52:19,319 [INFO] Total Transpile Time - 73.99869 (ms)
2026-07-07 13:52:19,376 [INFO] Pass: ContainsInstruction - 0.00620 (ms)
2026-07-07 13:52:19,376 [INFO] Pass: InverseCancellation - 0.10514 (ms)
2026-07-07 13:52:19,376 [INFO] Pass: UnitarySynthesis - 0.00429 (ms)
2026-07-07 13:52:19,377 [INFO] Pass: HighLevelSynthesis - 0.69833 (ms)
2026-07-07 13:52:19,377 [INFO] Pass: BasisTranslator - 0.39101 (ms)
2026-07-07 13:52:19,377 [INFO] Pass: Depth - 0.08464 (ms)
2026-07-07 13:52:19,377 [INFO] Pass: FixedPoint - 0.00691 (ms)
2026-07-07 13:52:19,377 [INFO] Pass: Size - 0.03076 (ms)
2026-07-07 13:52:19,377 [INFO] Pass: FixedPoint - 0.00453 (ms)
2026-07-07 13:52:19,378 [INFO] Pass: Optimize1qGatesDecomposition - 0.79656 (ms)
2026-07-07 13:52:19,378 [INFO] Pass: InverseCancellation - 0.09346 (ms)
2026-07-07 13:52:19,379 [INFO] Pass: GatesInBasis - 0.41008 (ms)
2026-07-07 13:52:19,379 [INFO] Pass: Depth - 0.08130 (ms)
2026-07-07 13:52:19,379 [INFO] Pass: FixedPoint - 0.00572 (ms)
2026-07-07 13:52:19,379 [INFO] Pass: Size - 0.02956 (ms)
2026-07-07 13:52:19,379 [INFO] Pass: FixedPoint - 0.00405 (ms)
2026-07-07 13:52:19,379 [INFO] Pass: ContainsInstruction - 0.00477 (ms)
2026-07-07 13:52:19,380 [INFO] Total Transpile Time - 60.66060 (ms)
2026-07-07 13:52:19,436 [INFO] Pass: ContainsInstruction - 0.00620 (ms)
2026-07-07 13:52:19,437 [INFO] Pass: InverseCancellation - 0.11134 (ms)
2026-07-07 13:52:19,437 [INFO] Pass: UnitarySynthesis - 0.00453 (ms)
2026-07-07 13:52:19,437 [INFO] Pass: HighLevelSynthesis - 0.77319 (ms)
2026-07-07 13:52:19,438 [INFO] Pass: BasisTranslator - 0.41509 (ms)
2026-07-07 13:52:19,438 [INFO] Pass: Depth - 0.08893 (ms)
2026-07-07 13:52:19,438 [INFO] Pass: FixedPoint - 0.00644 (ms)
2026-07-07 13:52:19,438 [INFO] Pass: Size - 0.03219 (ms)
2026-07-07 13:52:19,438 [INFO] Pass: FixedPoint - 0.00477 (ms)
2026-07-07 13:52:19,439 [INFO] Pass: Optimize1qGatesDecomposition - 0.91124 (ms)
2026-07-07 13:52:19,439 [INFO] Pass: InverseCancellation - 0.00691 (ms)
2026-07-07 13:52:19,440 [INFO] Pass: GatesInBasis - 0.40865 (ms)
2026-07-07 13:52:19,440 [INFO] Pass: Depth - 0.08225 (ms)
2026-07-07 13:52:19,440 [INFO] Pass: FixedPoint - 0.00525 (ms)
2026-07-07 13:52:19,440 [INFO] Pass: Size - 0.03362 (ms)
2026-07-07 13:52:19,440 [INFO] Pass: FixedPoint - 0.00405 (ms)
2026-07-07 13:52:19,441 [INFO] Pass: Optimize1qGatesDecomposition - 0.75316 (ms)
2026-07-07 13:52:19,441 [INFO] Pass: InverseCancellation - 0.00620 (ms)
2026-07-07 13:52:19,441 [INFO] Pass: GatesInBasis - 0.40746 (ms)
2026-07-07 13:52:19,441 [INFO] Pass: Depth - 0.08035 (ms)
2026-07-07 13:52:19,441 [INFO] Pass: FixedPoint - 0.00477 (ms)
2026-07-07 13:52:19,441 [INFO] Pass: Size - 0.02980 (ms)
2026-07-07 13:52:19,441 [INFO] Pass: FixedPoint - 0.00405 (ms)
2026-07-07 13:52:19,442 [INFO] Pass: ContainsInstruction - 0.00477 (ms)
2026-07-07 13:52:19,442 [INFO] Total Transpile Time - 62.42466 (ms)
2026-07-07 13:52:19,692 [INFO] [PCE] Aer metadata (1ª ejecución de este proceso): device=CPU method=statevector shots=exact fusion_enabled=True
2026-07-07 14:05:56,534 [INFO] Pass: ContainsInstruction - 0.00834 (ms)
2026-07-07 14:05:56,534 [INFO] Pass: InverseCancellation - 0.00954 (ms)
2026-07-07 14:05:56,534 [INFO] Pass: UnitarySynthesis - 0.00501 (ms)
2026-07-07 14:05:56,535 [INFO] Pass: HighLevelSynthesis - 0.64087 (ms)
2026-07-07 14:05:56,535 [INFO] Pass: BasisTranslator - 0.37479 (ms)
2026-07-07 14:05:56,535 [INFO] Pass: Depth - 0.08488 (ms)
2026-07-07 14:05:56,535 [INFO] Pass: FixedPoint - 0.00834 (ms)
2026-07-07 14:05:56,535 [INFO] Pass: Size - 0.03099 (ms)
2026-07-07 14:05:56,535 [INFO] Pass: FixedPoint - 0.00501 (ms)
2026-07-07 14:05:56,536 [INFO] Pass: Optimize1qGatesDecomposition - 0.06294 (ms)
2026-07-07 14:05:56,536 [INFO] Pass: InverseCancellation - 0.00596 (ms)
2026-07-07 14:05:56,536 [INFO] Pass: GatesInBasis - 0.37575 (ms)
2026-07-07 14:05:56,536 [INFO] Pass: Depth - 0.07486 (ms)
2026-07-07 14:05:56,536 [INFO] Pass: FixedPoint - 0.00501 (ms)
2026-07-07 14:05:56,536 [INFO] Pass: Size - 0.02789 (ms)
2026-07-07 14:05:56,536 [INFO] Pass: FixedPoint - 0.00429 (ms)
2026-07-07 14:05:56,536 [INFO] Pass: ContainsInstruction - 0.00429 (ms)
2026-07-07 14:05:56,537 [INFO] Total Transpile Time - 64.03637 (ms)
2026-07-07 14:05:56,683 [INFO] Pass: ContainsInstruction - 0.00691 (ms)
2026-07-07 14:05:56,683 [INFO] Pass: InverseCancellation - 0.10800 (ms)
2026-07-07 14:05:56,683 [INFO] Pass: UnitarySynthesis - 0.00477 (ms)
2026-07-07 14:05:56,684 [INFO] Pass: HighLevelSynthesis - 0.70763 (ms)
2026-07-07 14:05:56,684 [INFO] Pass: BasisTranslator - 0.38171 (ms)
2026-07-07 14:05:56,685 [INFO] Pass: Depth - 0.08845 (ms)
2026-07-07 14:05:56,685 [INFO] Pass: FixedPoint - 0.00691 (ms)
2026-07-07 14:05:56,685 [INFO] Pass: Size - 0.03147 (ms)
2026-07-07 14:05:56,685 [INFO] Pass: FixedPoint - 0.00429 (ms)
2026-07-07 14:05:56,685 [INFO] Pass: Optimize1qGatesDecomposition - 0.79060 (ms)
2026-07-07 14:05:56,686 [INFO] Pass: InverseCancellation - 0.09418 (ms)
2026-07-07 14:05:56,686 [INFO] Pass: GatesInBasis - 0.40102 (ms)
2026-07-07 14:05:56,686 [INFO] Pass: Depth - 0.08297 (ms)
2026-07-07 14:05:56,686 [INFO] Pass: FixedPoint - 0.00525 (ms)
2026-07-07 14:05:56,686 [INFO] Pass: Size - 0.03004 (ms)
2026-07-07 14:05:56,686 [INFO] Pass: FixedPoint - 0.00405 (ms)
2026-07-07 14:05:56,686 [INFO] Pass: ContainsInstruction - 0.00429 (ms)
2026-07-07 14:05:56,687 [INFO] Total Transpile Time - 150.05136 (ms)
2026-07-07 14:05:56,744 [INFO] Pass: ContainsInstruction - 0.00668 (ms)
2026-07-07 14:05:56,744 [INFO] Pass: InverseCancellation - 0.11683 (ms)
2026-07-07 14:05:56,744 [INFO] Pass: UnitarySynthesis - 0.00477 (ms)
2026-07-07 14:05:56,745 [INFO] Pass: HighLevelSynthesis - 0.74267 (ms)
2026-07-07 14:05:56,745 [INFO] Pass: BasisTranslator - 0.40698 (ms)
2026-07-07 14:05:56,745 [INFO] Pass: Depth - 0.09036 (ms)
2026-07-07 14:05:56,745 [INFO] Pass: FixedPoint - 0.00691 (ms)
2026-07-07 14:05:56,745 [INFO] Pass: Size - 0.03290 (ms)
2026-07-07 14:05:56,746 [INFO] Pass: FixedPoint - 0.00501 (ms)
2026-07-07 14:05:56,746 [INFO] Pass: Optimize1qGatesDecomposition - 0.91171 (ms)
2026-07-07 14:05:56,747 [INFO] Pass: InverseCancellation - 0.00644 (ms)
2026-07-07 14:05:56,747 [INFO] Pass: GatesInBasis - 0.40293 (ms)
2026-07-07 14:05:56,747 [INFO] Pass: Depth - 0.08440 (ms)
2026-07-07 14:05:56,747 [INFO] Pass: FixedPoint - 0.00525 (ms)
2026-07-07 14:05:56,747 [INFO] Pass: Size - 0.03028 (ms)
2026-07-07 14:05:56,747 [INFO] Pass: FixedPoint - 0.00429 (ms)
2026-07-07 14:05:56,748 [INFO] Pass: Optimize1qGatesDecomposition - 0.75650 (ms)
2026-07-07 14:05:56,748 [INFO] Pass: InverseCancellation - 0.00596 (ms)
2026-07-07 14:05:56,749 [INFO] Pass: GatesInBasis - 0.39268 (ms)
2026-07-07 14:05:56,749 [INFO] Pass: Depth - 0.08082 (ms)
2026-07-07 14:05:56,749 [INFO] Pass: FixedPoint - 0.00477 (ms)
2026-07-07 14:05:56,749 [INFO] Pass: Size - 0.02956 (ms)
2026-07-07 14:05:56,749 [INFO] Pass: FixedPoint - 0.00381 (ms)
2026-07-07 14:05:56,749 [INFO] Pass: ContainsInstruction - 0.00501 (ms)
2026-07-07 14:05:56,749 [INFO] Total Transpile Time - 62.28805 (ms)
2026-07-07 14:19:21,029 [INFO] Pass: ContainsInstruction - 0.00668 (ms)
2026-07-07 14:19:21,029 [INFO] Pass: InverseCancellation - 0.00930 (ms)
2026-07-07 14:19:21,029 [INFO] Pass: UnitarySynthesis - 0.00453 (ms)
2026-07-07 14:19:21,030 [INFO] Pass: HighLevelSynthesis - 0.63944 (ms)
2026-07-07 14:19:21,030 [INFO] Pass: BasisTranslator - 0.35310 (ms)
2026-07-07 14:19:21,031 [INFO] Pass: Depth - 0.09036 (ms)
2026-07-07 14:19:21,031 [INFO] Pass: FixedPoint - 0.00715 (ms)
2026-07-07 14:19:21,031 [INFO] Pass: Size - 0.03052 (ms)
2026-07-07 14:19:21,031 [INFO] Pass: FixedPoint - 0.00453 (ms)
2026-07-07 14:19:21,031 [INFO] Pass: Optimize1qGatesDecomposition - 0.06056 (ms)
2026-07-07 14:19:21,031 [INFO] Pass: InverseCancellation - 0.00668 (ms)
2026-07-07 14:19:21,031 [INFO] Pass: GatesInBasis - 0.36812 (ms)
2026-07-07 14:19:21,031 [INFO] Pass: Depth - 0.07510 (ms)
2026-07-07 14:19:21,031 [INFO] Pass: FixedPoint - 0.00525 (ms)
2026-07-07 14:19:21,032 [INFO] Pass: Size - 0.02766 (ms)
2026-07-07 14:19:21,032 [INFO] Pass: FixedPoint - 0.00429 (ms)
2026-07-07 14:19:21,032 [INFO] Pass: ContainsInstruction - 0.00477 (ms)
2026-07-07 14:19:21,032 [INFO] Total Transpile Time - 151.19839 (ms)
2026-07-07 14:19:21,089 [INFO] Pass: ContainsInstruction - 0.00644 (ms)
2026-07-07 14:19:21,089 [INFO] Pass: InverseCancellation - 0.10753 (ms)
2026-07-07 14:19:21,089 [INFO] Pass: UnitarySynthesis - 0.00477 (ms)
2026-07-07 14:19:21,090 [INFO] Pass: HighLevelSynthesis - 0.69165 (ms)
2026-07-07 14:19:21,090 [INFO] Pass: BasisTranslator - 0.38242 (ms)
2026-07-07 14:19:21,090 [INFO] Pass: Depth - 0.08416 (ms)
2026-07-07 14:19:21,090 [INFO] Pass: FixedPoint - 0.00668 (ms)
2026-07-07 14:19:21,090 [INFO] Pass: Size - 0.03076 (ms)
2026-07-07 14:19:21,090 [INFO] Pass: FixedPoint - 0.00453 (ms)
2026-07-07 14:19:21,091 [INFO] Pass: Optimize1qGatesDecomposition - 0.80323 (ms)
2026-07-07 14:19:21,091 [INFO] Pass: InverseCancellation - 0.08988 (ms)
2026-07-07 14:19:21,092 [INFO] Pass: GatesInBasis - 0.54646 (ms)
2026-07-07 14:19:21,092 [INFO] Pass: Depth - 0.08368 (ms)
2026-07-07 14:19:21,092 [INFO] Pass: FixedPoint - 0.00548 (ms)
2026-07-07 14:19:21,092 [INFO] Pass: Size - 0.03052 (ms)
2026-07-07 14:19:21,092 [INFO] Pass: FixedPoint - 0.00405 (ms)
2026-07-07 14:19:21,092 [INFO] Pass: ContainsInstruction - 0.00477 (ms)
2026-07-07 14:19:21,093 [INFO] Total Transpile Time - 60.58979 (ms)
2026-07-07 14:19:21,150 [INFO] Pass: ContainsInstruction - 0.00644 (ms)
2026-07-07 14:19:21,150 [INFO] Pass: InverseCancellation - 0.10824 (ms)
2026-07-07 14:19:21,150 [INFO] Pass: UnitarySynthesis - 0.00453 (ms)
2026-07-07 14:19:21,151 [INFO] Pass: HighLevelSynthesis - 0.75150 (ms)
2026-07-07 14:19:21,151 [INFO] Pass: BasisTranslator - 0.55075 (ms)
2026-07-07 14:19:21,151 [INFO] Pass: Depth - 0.09203 (ms)
2026-07-07 14:19:21,151 [INFO] Pass: FixedPoint - 0.00691 (ms)
2026-07-07 14:19:21,152 [INFO] Pass: Size - 0.03290 (ms)
2026-07-07 14:19:21,152 [INFO] Pass: FixedPoint - 0.00429 (ms)
2026-07-07 14:19:21,153 [INFO] Pass: Optimize1qGatesDecomposition - 0.91124 (ms)
2026-07-07 14:19:21,153 [INFO] Pass: InverseCancellation - 0.00691 (ms)
2026-07-07 14:19:21,153 [INFO] Pass: GatesInBasis - 0.40627 (ms)
2026-07-07 14:19:21,153 [INFO] Pass: Depth - 0.08416 (ms)
2026-07-07 14:19:21,153 [INFO] Pass: FixedPoint - 0.00548 (ms)
2026-07-07 14:19:21,153 [INFO] Pass: Size - 0.03052 (ms)
2026-07-07 14:19:21,153 [INFO] Pass: FixedPoint - 0.00405 (ms)
2026-07-07 14:19:21,154 [INFO] Pass: Optimize1qGatesDecomposition - 0.75912 (ms)
2026-07-07 14:19:21,154 [INFO] Pass: InverseCancellation - 0.00620 (ms)
2026-07-07 14:19:21,155 [INFO] Pass: GatesInBasis - 0.39554 (ms)
2026-07-07 14:19:21,155 [INFO] Pass: Depth - 0.08011 (ms)
2026-07-07 14:19:21,155 [INFO] Pass: FixedPoint - 0.00477 (ms)
2026-07-07 14:19:21,155 [INFO] Pass: Size - 0.03028 (ms)
2026-07-07 14:19:21,155 [INFO] Pass: FixedPoint - 0.00405 (ms)
2026-07-07 14:19:21,155 [INFO] Pass: ContainsInstruction - 0.00477 (ms)
2026-07-07 14:19:21,156 [INFO] Total Transpile Time - 62.47211 (ms)
2026-07-07 14:32:52,270 [INFO] Pass: ContainsInstruction - 0.00715 (ms)
2026-07-07 14:32:52,270 [INFO] Pass: InverseCancellation - 0.00930 (ms)
2026-07-07 14:32:52,270 [INFO] Pass: UnitarySynthesis - 0.00429 (ms)
2026-07-07 14:32:52,271 [INFO] Pass: HighLevelSynthesis - 0.63229 (ms)
2026-07-07 14:32:52,271 [INFO] Pass: BasisTranslator - 0.36192 (ms)
2026-07-07 14:32:52,271 [INFO] Pass: Depth - 0.08726 (ms)
2026-07-07 14:32:52,271 [INFO] Pass: FixedPoint - 0.00715 (ms)
2026-07-07 14:32:52,271 [INFO] Pass: Size - 0.03052 (ms)
2026-07-07 14:32:52,271 [INFO] Pass: FixedPoint - 0.00477 (ms)
2026-07-07 14:32:52,271 [INFO] Pass: Optimize1qGatesDecomposition - 0.06199 (ms)
2026-07-07 14:32:52,271 [INFO] Pass: InverseCancellation - 0.00596 (ms)
2026-07-07 14:32:52,272 [INFO] Pass: GatesInBasis - 0.36979 (ms)
2026-07-07 14:32:52,272 [INFO] Pass: Depth - 0.07892 (ms)
2026-07-07 14:32:52,272 [INFO] Pass: FixedPoint - 0.00525 (ms)
2026-07-07 14:32:52,272 [INFO] Pass: Size - 0.02861 (ms)
2026-07-07 14:32:52,272 [INFO] Pass: FixedPoint - 0.00429 (ms)
2026-07-07 14:32:52,272 [INFO] Pass: ContainsInstruction - 0.00453 (ms)
2026-07-07 14:32:52,273 [INFO] Total Transpile Time - 60.78386 (ms)
2026-07-07 14:32:52,330 [INFO] Pass: ContainsInstruction - 0.00644 (ms)
2026-07-07 14:32:52,330 [INFO] Pass: InverseCancellation - 0.10395 (ms)
2026-07-07 14:32:52,330 [INFO] Pass: UnitarySynthesis - 0.00477 (ms)
2026-07-07 14:32:52,331 [INFO] Pass: HighLevelSynthesis - 0.68474 (ms)
2026-07-07 14:32:52,331 [INFO] Pass: BasisTranslator - 0.38600 (ms)
2026-07-07 14:32:52,331 [INFO] Pass: Depth - 0.08655 (ms)
2026-07-07 14:32:52,331 [INFO] Pass: FixedPoint - 0.00691 (ms)
2026-07-07 14:32:52,331 [INFO] Pass: Size - 0.03099 (ms)
2026-07-07 14:32:52,331 [INFO] Pass: FixedPoint - 0.00477 (ms)
2026-07-07 14:32:52,332 [INFO] Pass: Optimize1qGatesDecomposition - 0.79346 (ms)
2026-07-07 14:32:52,332 [INFO] Pass: InverseCancellation - 0.09036 (ms)
2026-07-07 14:32:52,333 [INFO] Pass: GatesInBasis - 0.40030 (ms)
2026-07-07 14:32:52,333 [INFO] Pass: Depth - 0.08035 (ms)
2026-07-07 14:32:52,333 [INFO] Pass: FixedPoint - 0.00906 (ms)
2026-07-07 14:32:52,333 [INFO] Pass: Size - 0.02980 (ms)
2026-07-07 14:32:52,333 [INFO] Pass: FixedPoint - 0.00429 (ms)
2026-07-07 14:32:52,333 [INFO] Pass: ContainsInstruction - 0.00429 (ms)
2026-07-07 14:32:52,334 [INFO] Total Transpile Time - 60.86111 (ms)
2026-07-07 14:32:52,391 [INFO] Pass: ContainsInstruction - 0.00668 (ms)
2026-07-07 14:32:52,391 [INFO] Pass: InverseCancellation - 0.11230 (ms)
2026-07-07 14:32:52,391 [INFO] Pass: UnitarySynthesis - 0.00429 (ms)
2026-07-07 14:32:52,392 [INFO] Pass: HighLevelSynthesis - 0.76604 (ms)
2026-07-07 14:32:52,392 [INFO] Pass: BasisTranslator - 0.41938 (ms)
2026-07-07 14:32:52,392 [INFO] Pass: Depth - 0.09108 (ms)
2026-07-07 14:32:52,392 [INFO] Pass: FixedPoint - 0.00668 (ms)
2026-07-07 14:32:52,392 [INFO] Pass: Size - 0.03338 (ms)
2026-07-07 14:32:52,392 [INFO] Pass: FixedPoint - 0.00477 (ms)
2026-07-07 14:32:52,393 [INFO] Pass: Optimize1qGatesDecomposition - 0.91243 (ms)
2026-07-07 14:32:52,393 [INFO] Pass: InverseCancellation - 0.00668 (ms)
2026-07-07 14:32:52,394 [INFO] Pass: GatesInBasis - 0.39935 (ms)
2026-07-07 14:32:52,394 [INFO] Pass: Depth - 0.08869 (ms)
2026-07-07 14:32:52,394 [INFO] Pass: FixedPoint - 0.00548 (ms)
2026-07-07 14:32:52,394 [INFO] Pass: Size - 0.03076 (ms)
2026-07-07 14:32:52,394 [INFO] Pass: FixedPoint - 0.00405 (ms)
2026-07-07 14:32:52,395 [INFO] Pass: Optimize1qGatesDecomposition - 0.75746 (ms)
2026-07-07 14:32:52,395 [INFO] Pass: InverseCancellation - 0.00644 (ms)
2026-07-07 14:32:52,395 [INFO] Pass: GatesInBasis - 0.39601 (ms)
2026-07-07 14:32:52,395 [INFO] Pass: Depth - 0.08082 (ms)
2026-07-07 14:32:52,396 [INFO] Pass: FixedPoint - 0.00525 (ms)
2026-07-07 14:32:52,396 [INFO] Pass: Size - 0.03004 (ms)
2026-07-07 14:32:52,396 [INFO] Pass: FixedPoint - 0.00381 (ms)
2026-07-07 14:32:52,396 [INFO] Pass: ContainsInstruction - 0.00453 (ms)
2026-07-07 14:32:52,396 [INFO] Total Transpile Time - 62.55722 (ms)
2026-07-07 14:46:25,215 [INFO] Pass: ContainsInstruction - 0.00715 (ms)
2026-07-07 14:46:25,215 [INFO] Pass: InverseCancellation - 0.00906 (ms)
2026-07-07 14:46:25,215 [INFO] Pass: UnitarySynthesis - 0.00453 (ms)
2026-07-07 14:46:25,216 [INFO] Pass: HighLevelSynthesis - 0.62966 (ms)
2026-07-07 14:46:25,217 [INFO] Pass: BasisTranslator - 0.34904 (ms)
2026-07-07 14:46:25,217 [INFO] Pass: Depth - 0.08464 (ms)
2026-07-07 14:46:25,217 [INFO] Pass: FixedPoint - 0.00739 (ms)
2026-07-07 14:46:25,217 [INFO] Pass: Size - 0.02956 (ms)
2026-07-07 14:46:25,217 [INFO] Pass: FixedPoint - 0.00453 (ms)
2026-07-07 14:46:25,217 [INFO] Pass: Optimize1qGatesDecomposition - 0.06580 (ms)
2026-07-07 14:46:25,217 [INFO] Pass: InverseCancellation - 0.00644 (ms)
2026-07-07 14:46:25,217 [INFO] Pass: GatesInBasis - 0.36550 (ms)
2026-07-07 14:46:25,217 [INFO] Pass: Depth - 0.07510 (ms)
2026-07-07 14:46:25,217 [INFO] Pass: FixedPoint - 0.00548 (ms)
2026-07-07 14:46:25,218 [INFO] Pass: Size - 0.02789 (ms)
2026-07-07 14:46:25,218 [INFO] Pass: FixedPoint - 0.00429 (ms)
2026-07-07 14:46:25,218 [INFO] Pass: ContainsInstruction - 0.00477 (ms)
2026-07-07 14:46:25,218 [INFO] Total Transpile Time - 60.82368 (ms)
2026-07-07 14:46:25,275 [INFO] Pass: ContainsInstruction - 0.00644 (ms)
2026-07-07 14:46:25,275 [INFO] Pass: InverseCancellation - 0.10347 (ms)
2026-07-07 14:46:25,275 [INFO] Pass: UnitarySynthesis - 0.00429 (ms)
2026-07-07 14:46:25,276 [INFO] Pass: HighLevelSynthesis - 0.68164 (ms)
2026-07-07 14:46:25,277 [INFO] Pass: BasisTranslator - 0.37503 (ms)
2026-07-07 14:46:25,277 [INFO] Pass: Depth - 0.08607 (ms)
2026-07-07 14:46:25,277 [INFO] Pass: FixedPoint - 0.00691 (ms)
2026-07-07 14:46:25,277 [INFO] Pass: Size - 0.03099 (ms)
2026-07-07 14:46:25,277 [INFO] Pass: FixedPoint - 0.00453 (ms)
2026-07-07 14:46:25,278 [INFO] Pass: Optimize1qGatesDecomposition - 0.79036 (ms)
2026-07-07 14:46:25,278 [INFO] Pass: InverseCancellation - 0.08917 (ms)
2026-07-07 14:46:25,278 [INFO] Pass: GatesInBasis - 0.40436 (ms)
2026-07-07 14:46:25,278 [INFO] Pass: Depth - 0.08082 (ms)
2026-07-07 14:46:25,278 [INFO] Pass: FixedPoint - 0.00572 (ms)
2026-07-07 14:46:25,278 [INFO] Pass: Size - 0.03076 (ms)
2026-07-07 14:46:25,278 [INFO] Pass: FixedPoint - 0.00429 (ms)
2026-07-07 14:46:25,279 [INFO] Pass: ContainsInstruction - 0.00477 (ms)
2026-07-07 14:46:25,279 [INFO] Total Transpile Time - 60.82916 (ms)
2026-07-07 14:46:25,336 [INFO] Pass: ContainsInstruction - 0.00668 (ms)
2026-07-07 14:46:25,336 [INFO] Pass: InverseCancellation - 0.11110 (ms)
2026-07-07 14:46:25,336 [INFO] Pass: UnitarySynthesis - 0.00477 (ms)
2026-07-07 14:46:25,337 [INFO] Pass: HighLevelSynthesis - 0.75960 (ms)
2026-07-07 14:46:25,337 [INFO] Pass: BasisTranslator - 0.41318 (ms)
2026-07-07 14:46:25,337 [INFO] Pass: Depth - 0.09155 (ms)
2026-07-07 14:46:25,337 [INFO] Pass: FixedPoint - 0.00668 (ms)
2026-07-07 14:46:25,337 [INFO] Pass: Size - 0.03338 (ms)
2026-07-07 14:46:25,337 [INFO] Pass: FixedPoint - 0.00429 (ms)
2026-07-07 14:46:25,338 [INFO] Pass: Optimize1qGatesDecomposition - 0.91171 (ms)
2026-07-07 14:46:25,338 [INFO] Pass: InverseCancellation - 0.00715 (ms)
2026-07-07 14:46:25,339 [INFO] Pass: GatesInBasis - 0.54812 (ms)
2026-07-07 14:46:25,339 [INFO] Pass: Depth - 0.08631 (ms)
2026-07-07 14:46:25,339 [INFO] Pass: FixedPoint - 0.00572 (ms)
2026-07-07 14:46:25,339 [INFO] Pass: Size - 0.03099 (ms)
2026-07-07 14:46:25,339 [INFO] Pass: FixedPoint - 0.00453 (ms)
2026-07-07 14:46:25,340 [INFO] Pass: Optimize1qGatesDecomposition - 0.76747 (ms)
2026-07-07 14:46:25,340 [INFO] Pass: InverseCancellation - 0.00691 (ms)
2026-07-07 14:46:25,341 [INFO] Pass: GatesInBasis - 0.39840 (ms)
2026-07-07 14:46:25,341 [INFO] Pass: Depth - 0.08035 (ms)
2026-07-07 14:46:25,341 [INFO] Pass: FixedPoint - 0.00525 (ms)
2026-07-07 14:46:25,341 [INFO] Pass: Size - 0.03052 (ms)
2026-07-07 14:46:25,341 [INFO] Pass: FixedPoint - 0.00453 (ms)
2026-07-07 14:46:25,341 [INFO] Pass: ContainsInstruction - 0.00477 (ms)
2026-07-07 14:46:25,342 [INFO] Total Transpile Time - 62.34932 (ms)
2026-07-07 15:00:07,201 [INFO] Pass: ContainsInstruction - 0.00715 (ms)
2026-07-07 15:00:07,201 [INFO] Pass: InverseCancellation - 0.00930 (ms)
2026-07-07 15:00:07,201 [INFO] Pass: UnitarySynthesis - 0.00453 (ms)
2026-07-07 15:00:07,202 [INFO] Pass: HighLevelSynthesis - 0.63705 (ms)
2026-07-07 15:00:07,202 [INFO] Pass: BasisTranslator - 0.35453 (ms)
2026-07-07 15:00:07,202 [INFO] Pass: Depth - 0.08678 (ms)
2026-07-07 15:00:07,202 [INFO] Pass: FixedPoint - 0.00763 (ms)
2026-07-07 15:00:07,202 [INFO] Pass: Size - 0.03004 (ms)
2026-07-07 15:00:07,202 [INFO] Pass: FixedPoint - 0.00453 (ms)
2026-07-07 15:00:07,202 [INFO] Pass: Optimize1qGatesDecomposition - 0.06318 (ms)
2026-07-07 15:00:07,202 [INFO] Pass: InverseCancellation - 0.00596 (ms)
2026-07-07 15:00:07,203 [INFO] Pass: GatesInBasis - 0.37193 (ms)
2026-07-07 15:00:07,203 [INFO] Pass: Depth - 0.07463 (ms)
2026-07-07 15:00:07,203 [INFO] Pass: FixedPoint - 0.00501 (ms)
2026-07-07 15:00:07,203 [INFO] Pass: Size - 0.02813 (ms)
2026-07-07 15:00:07,203 [INFO] Pass: FixedPoint - 0.00429 (ms)
2026-07-07 15:00:07,203 [INFO] Pass: ContainsInstruction - 0.00429 (ms)
2026-07-07 15:00:07,204 [INFO] Total Transpile Time - 61.25283 (ms)
2026-07-07 15:00:07,260 [INFO] Pass: ContainsInstruction - 0.00644 (ms)
2026-07-07 15:00:07,261 [INFO] Pass: InverseCancellation - 0.10419 (ms)
2026-07-07 15:00:07,261 [INFO] Pass: UnitarySynthesis - 0.00453 (ms)
2026-07-07 15:00:07,261 [INFO] Pass: HighLevelSynthesis - 0.68474 (ms)
2026-07-07 15:00:07,262 [INFO] Pass: BasisTranslator - 0.37622 (ms)
2026-07-07 15:00:07,262 [INFO] Pass: Depth - 0.08893 (ms)
2026-07-07 15:00:07,262 [INFO] Pass: FixedPoint - 0.00691 (ms)
2026-07-07 15:00:07,262 [INFO] Pass: Size - 0.03147 (ms)
2026-07-07 15:00:07,262 [INFO] Pass: FixedPoint - 0.00477 (ms)
2026-07-07 15:00:07,263 [INFO] Pass: Optimize1qGatesDecomposition - 0.79250 (ms)
2026-07-07 15:00:07,263 [INFO] Pass: InverseCancellation - 0.09036 (ms)
2026-07-07 15:00:07,264 [INFO] Pass: GatesInBasis - 0.40054 (ms)
2026-07-07 15:00:07,264 [INFO] Pass: Depth - 0.08082 (ms)
2026-07-07 15:00:07,264 [INFO] Pass: FixedPoint - 0.00548 (ms)
2026-07-07 15:00:07,264 [INFO] Pass: Size - 0.03052 (ms)
2026-07-07 15:00:07,264 [INFO] Pass: FixedPoint - 0.00405 (ms)
2026-07-07 15:00:07,264 [INFO] Pass: ContainsInstruction - 0.00501 (ms)
2026-07-07 15:00:07,264 [INFO] Total Transpile Time - 60.70042 (ms)
2026-07-07 15:00:07,321 [INFO] Pass: ContainsInstruction - 0.00620 (ms)
2026-07-07 15:00:07,321 [INFO] Pass: InverseCancellation - 0.11253 (ms)
2026-07-07 15:00:07,321 [INFO] Pass: UnitarySynthesis - 0.00429 (ms)
2026-07-07 15:00:07,322 [INFO] Pass: HighLevelSynthesis - 0.75459 (ms)
2026-07-07 15:00:07,323 [INFO] Pass: BasisTranslator - 0.41866 (ms)
2026-07-07 15:00:07,323 [INFO] Pass: Depth - 0.09012 (ms)
2026-07-07 15:00:07,323 [INFO] Pass: FixedPoint - 0.00691 (ms)
2026-07-07 15:00:07,323 [INFO] Pass: Size - 0.03719 (ms)
2026-07-07 15:00:07,323 [INFO] Pass: FixedPoint - 0.00453 (ms)
2026-07-07 15:00:07,324 [INFO] Pass: Optimize1qGatesDecomposition - 0.90933 (ms)
2026-07-07 15:00:07,324 [INFO] Pass: InverseCancellation - 0.00668 (ms)
2026-07-07 15:00:07,325 [INFO] Pass: GatesInBasis - 0.69904 (ms)
2026-07-07 15:00:07,325 [INFO] Pass: Depth - 0.08869 (ms)
2026-07-07 15:00:07,325 [INFO] Pass: FixedPoint - 0.00644 (ms)
2026-07-07 15:00:07,325 [INFO] Pass: Size - 0.03171 (ms)
2026-07-07 15:00:07,325 [INFO] Pass: FixedPoint - 0.00477 (ms)
2026-07-07 15:00:07,326 [INFO] Pass: Optimize1qGatesDecomposition - 0.77486 (ms)
2026-07-07 15:00:07,326 [INFO] Pass: InverseCancellation - 0.00739 (ms)
2026-07-07 15:00:07,326 [INFO] Pass: GatesInBasis - 0.39792 (ms)
2026-07-07 15:00:07,326 [INFO] Pass: Depth - 0.08130 (ms)
2026-07-07 15:00:07,326 [INFO] Pass: FixedPoint - 0.00548 (ms)
2026-07-07 15:00:07,327 [INFO] Pass: Size - 0.03028 (ms)
2026-07-07 15:00:07,327 [INFO] Pass: FixedPoint - 0.00453 (ms)
2026-07-07 15:00:07,327 [INFO] Pass: ContainsInstruction - 0.00501 (ms)
2026-07-07 15:00:07,327 [INFO] Total Transpile Time - 62.69479 (ms)
2026-07-07 15:13:40,738 [INFO] Pass: ContainsInstruction - 0.00715 (ms)
2026-07-07 15:13:40,738 [INFO] Pass: InverseCancellation - 0.00978 (ms)
2026-07-07 15:13:40,738 [INFO] Pass: UnitarySynthesis - 0.00453 (ms)
2026-07-07 15:13:40,739 [INFO] Pass: HighLevelSynthesis - 0.63348 (ms)
2026-07-07 15:13:40,739 [INFO] Pass: BasisTranslator - 0.36144 (ms)
2026-07-07 15:13:40,739 [INFO] Pass: Depth - 0.08750 (ms)
2026-07-07 15:13:40,739 [INFO] Pass: FixedPoint - 0.00739 (ms)
2026-07-07 15:13:40,739 [INFO] Pass: Size - 0.03028 (ms)
2026-07-07 15:13:40,739 [INFO] Pass: FixedPoint - 0.00477 (ms)
2026-07-07 15:13:40,740 [INFO] Pass: Optimize1qGatesDecomposition - 0.06151 (ms)
2026-07-07 15:13:40,740 [INFO] Pass: InverseCancellation - 0.00644 (ms)
2026-07-07 15:13:40,740 [INFO] Pass: GatesInBasis - 0.37551 (ms)
2026-07-07 15:13:40,740 [INFO] Pass: Depth - 0.07439 (ms)
2026-07-07 15:13:40,740 [INFO] Pass: FixedPoint - 0.00525 (ms)
2026-07-07 15:13:40,740 [INFO] Pass: Size - 0.02813 (ms)
2026-07-07 15:13:40,740 [INFO] Pass: FixedPoint - 0.00405 (ms)
2026-07-07 15:13:40,740 [INFO] Pass: ContainsInstruction - 0.00429 (ms)
2026-07-07 15:13:40,741 [INFO] Total Transpile Time - 60.88305 (ms)
2026-07-07 15:13:40,798 [INFO] Pass: ContainsInstruction - 0.00644 (ms)
2026-07-07 15:13:40,798 [INFO] Pass: InverseCancellation - 0.10586 (ms)
2026-07-07 15:13:40,798 [INFO] Pass: UnitarySynthesis - 0.00453 (ms)
2026-07-07 15:13:40,799 [INFO] Pass: HighLevelSynthesis - 0.69070 (ms)
2026-07-07 15:13:40,799 [INFO] Pass: BasisTranslator - 0.37909 (ms)
2026-07-07 15:13:40,799 [INFO] Pass: Depth - 0.08631 (ms)
2026-07-07 15:13:40,799 [INFO] Pass: FixedPoint - 0.00668 (ms)
2026-07-07 15:13:40,800 [INFO] Pass: Size - 0.03076 (ms)
2026-07-07 15:13:40,800 [INFO] Pass: FixedPoint - 0.00453 (ms)
2026-07-07 15:13:40,800 [INFO] Pass: Optimize1qGatesDecomposition - 0.79203 (ms)
2026-07-07 15:13:40,801 [INFO] Pass: InverseCancellation - 0.09012 (ms)
2026-07-07 15:13:40,801 [INFO] Pass: GatesInBasis - 0.40007 (ms)
2026-07-07 15:13:40,801 [INFO] Pass: Depth - 0.08035 (ms)
2026-07-07 15:13:40,801 [INFO] Pass: FixedPoint - 0.00572 (ms)
2026-07-07 15:13:40,801 [INFO] Pass: Size - 0.03076 (ms)
2026-07-07 15:13:40,801 [INFO] Pass: FixedPoint - 0.00429 (ms)
2026-07-07 15:13:40,801 [INFO] Pass: ContainsInstruction - 0.00405 (ms)
2026-07-07 15:13:40,802 [INFO] Total Transpile Time - 60.81915 (ms)
2026-07-07 15:13:40,858 [INFO] Pass: ContainsInstruction - 0.00620 (ms)
2026-07-07 15:13:40,859 [INFO] Pass: InverseCancellation - 0.11301 (ms)
2026-07-07 15:13:40,859 [INFO] Pass: UnitarySynthesis - 0.00405 (ms)
2026-07-07 15:13:40,859 [INFO] Pass: HighLevelSynthesis - 0.75531 (ms)
2026-07-07 15:13:40,860 [INFO] Pass: BasisTranslator - 0.42224 (ms)
2026-07-07 15:13:40,860 [INFO] Pass: Depth - 0.09227 (ms)
2026-07-07 15:13:40,860 [INFO] Pass: FixedPoint - 0.00668 (ms)
2026-07-07 15:13:40,860 [INFO] Pass: Size - 0.03338 (ms)
2026-07-07 15:13:40,860 [INFO] Pass: FixedPoint - 0.00429 (ms)
2026-07-07 15:13:40,861 [INFO] Pass: Optimize1qGatesDecomposition - 0.91505 (ms)
2026-07-07 15:13:40,861 [INFO] Pass: InverseCancellation - 0.00691 (ms)
2026-07-07 15:13:40,862 [INFO] Pass: GatesInBasis - 0.55003 (ms)
2026-07-07 15:13:40,862 [INFO] Pass: Depth - 0.08845 (ms)
2026-07-07 15:13:40,862 [INFO] Pass: FixedPoint - 0.00572 (ms)
2026-07-07 15:13:40,862 [INFO] Pass: Size - 0.03076 (ms)
2026-07-07 15:13:40,862 [INFO] Pass: FixedPoint - 0.00453 (ms)
2026-07-07 15:13:40,863 [INFO] Pass: Optimize1qGatesDecomposition - 0.77510 (ms)
2026-07-07 15:13:40,863 [INFO] Pass: InverseCancellation - 0.00715 (ms)
2026-07-07 15:13:40,863 [INFO] Pass: GatesInBasis - 0.39983 (ms)
2026-07-07 15:13:40,864 [INFO] Pass: Depth - 0.08154 (ms)
2026-07-07 15:13:40,864 [INFO] Pass: FixedPoint - 0.00525 (ms)
2026-07-07 15:13:40,864 [INFO] Pass: Size - 0.03028 (ms)
2026-07-07 15:13:40,864 [INFO] Pass: FixedPoint - 0.00453 (ms)
2026-07-07 15:13:40,864 [INFO] Pass: ContainsInstruction - 0.00453 (ms)
2026-07-07 15:13:40,864 [INFO] Total Transpile Time - 62.42728 (ms)
2026-07-07 15:27:21,873 [INFO] Pass: ContainsInstruction - 0.00715 (ms)
2026-07-07 15:27:21,873 [INFO] Pass: InverseCancellation - 0.00978 (ms)
2026-07-07 15:27:21,873 [INFO] Pass: UnitarySynthesis - 0.00477 (ms)
2026-07-07 15:27:21,874 [INFO] Pass: HighLevelSynthesis - 0.63801 (ms)
2026-07-07 15:27:21,874 [INFO] Pass: BasisTranslator - 0.35381 (ms)
2026-07-07 15:27:21,874 [INFO] Pass: Depth - 0.08702 (ms)
2026-07-07 15:27:21,874 [INFO] Pass: FixedPoint - 0.00691 (ms)
2026-07-07 15:27:21,874 [INFO] Pass: Size - 0.03004 (ms)
2026-07-07 15:27:21,874 [INFO] Pass: FixedPoint - 0.00453 (ms)
2026-07-07 15:27:21,874 [INFO] Pass: Optimize1qGatesDecomposition - 0.06247 (ms)
2026-07-07 15:27:21,874 [INFO] Pass: InverseCancellation - 0.00620 (ms)
2026-07-07 15:27:21,875 [INFO] Pass: GatesInBasis - 0.36359 (ms)
2026-07-07 15:27:21,875 [INFO] Pass: Depth - 0.07415 (ms)
2026-07-07 15:27:21,875 [INFO] Pass: FixedPoint - 0.00525 (ms)
2026-07-07 15:27:21,875 [INFO] Pass: Size - 0.02813 (ms)
2026-07-07 15:27:21,875 [INFO] Pass: FixedPoint - 0.00453 (ms)
2026-07-07 15:27:21,875 [INFO] Pass: ContainsInstruction - 0.00429 (ms)
2026-07-07 15:27:21,876 [INFO] Total Transpile Time - 61.07903 (ms)
2026-07-07 15:27:21,932 [INFO] Pass: ContainsInstruction - 0.00620 (ms)
2026-07-07 15:27:21,932 [INFO] Pass: InverseCancellation - 0.10419 (ms)
2026-07-07 15:27:21,932 [INFO] Pass: UnitarySynthesis - 0.00405 (ms)
2026-07-07 15:27:21,933 [INFO] Pass: HighLevelSynthesis - 0.68212 (ms)
2026-07-07 15:27:21,934 [INFO] Pass: BasisTranslator - 0.37622 (ms)
2026-07-07 15:27:21,934 [INFO] Pass: Depth - 0.08678 (ms)
2026-07-07 15:27:21,934 [INFO] Pass: FixedPoint - 0.00668 (ms)
2026-07-07 15:27:21,934 [INFO] Pass: Size - 0.03123 (ms)
2026-07-07 15:27:21,934 [INFO] Pass: FixedPoint - 0.00453 (ms)
2026-07-07 15:27:21,935 [INFO] Pass: Optimize1qGatesDecomposition - 0.79489 (ms)
2026-07-07 15:27:21,935 [INFO] Pass: InverseCancellation - 0.09060 (ms)
2026-07-07 15:27:21,935 [INFO] Pass: GatesInBasis - 0.40054 (ms)
2026-07-07 15:27:21,935 [INFO] Pass: Depth - 0.08130 (ms)
2026-07-07 15:27:21,935 [INFO] Pass: FixedPoint - 0.00548 (ms)
2026-07-07 15:27:21,935 [INFO] Pass: Size - 0.03099 (ms)
2026-07-07 15:27:21,936 [INFO] Pass: FixedPoint - 0.00429 (ms)
2026-07-07 15:27:21,936 [INFO] Pass: ContainsInstruction - 0.00453 (ms)
2026-07-07 15:27:21,936 [INFO] Total Transpile Time - 60.47559 (ms)
2026-07-07 15:27:21,993 [INFO] Pass: ContainsInstruction - 0.01049 (ms)
2026-07-07 15:27:21,993 [INFO] Pass: InverseCancellation - 0.11015 (ms)
2026-07-07 15:27:21,993 [INFO] Pass: UnitarySynthesis - 0.00453 (ms)
2026-07-07 15:27:21,994 [INFO] Pass: HighLevelSynthesis - 0.76127 (ms)
2026-07-07 15:27:21,994 [INFO] Pass: BasisTranslator - 0.41342 (ms)
2026-07-07 15:27:21,995 [INFO] Pass: Depth - 0.09084 (ms)
2026-07-07 15:27:21,995 [INFO] Pass: FixedPoint - 0.00668 (ms)
2026-07-07 15:27:21,995 [INFO] Pass: Size - 0.03266 (ms)
2026-07-07 15:27:21,995 [INFO] Pass: FixedPoint - 0.00429 (ms)
2026-07-07 15:27:21,996 [INFO] Pass: Optimize1qGatesDecomposition - 0.91434 (ms)
2026-07-07 15:27:21,996 [INFO] Pass: InverseCancellation - 0.00715 (ms)
2026-07-07 15:27:21,996 [INFO] Pass: GatesInBasis - 0.54860 (ms)
2026-07-07 15:27:21,996 [INFO] Pass: Depth - 0.08678 (ms)
2026-07-07 15:27:21,996 [INFO] Pass: FixedPoint - 0.00572 (ms)
2026-07-07 15:27:21,997 [INFO] Pass: Size - 0.03123 (ms)
2026-07-07 15:27:21,997 [INFO] Pass: FixedPoint - 0.00405 (ms)
2026-07-07 15:27:21,997 [INFO] Pass: Optimize1qGatesDecomposition - 0.77200 (ms)
2026-07-07 15:27:21,997 [INFO] Pass: InverseCancellation - 0.00691 (ms)
2026-07-07 15:27:21,998 [INFO] Pass: GatesInBasis - 0.39625 (ms)
2026-07-07 15:27:21,998 [INFO] Pass: Depth - 0.08345 (ms)
2026-07-07 15:27:21,998 [INFO] Pass: FixedPoint - 0.00501 (ms)
2026-07-07 15:27:21,998 [INFO] Pass: Size - 0.03028 (ms)
2026-07-07 15:27:21,998 [INFO] Pass: FixedPoint - 0.00429 (ms)
2026-07-07 15:27:21,998 [INFO] Pass: ContainsInstruction - 0.00477 (ms)
2026-07-07 15:27:21,999 [INFO] Total Transpile Time - 62.55388 (ms)
2026-07-07 15:40:56,940 [INFO] Pass: ContainsInstruction - 0.00715 (ms)
2026-07-07 15:40:56,941 [INFO] Pass: InverseCancellation - 0.00954 (ms)
2026-07-07 15:40:56,941 [INFO] Pass: UnitarySynthesis - 0.00429 (ms)
2026-07-07 15:40:56,941 [INFO] Pass: HighLevelSynthesis - 0.64516 (ms)
2026-07-07 15:40:56,942 [INFO] Pass: BasisTranslator - 0.35238 (ms)
2026-07-07 15:40:56,942 [INFO] Pass: Depth - 0.09322 (ms)
2026-07-07 15:40:56,942 [INFO] Pass: FixedPoint - 0.00763 (ms)
2026-07-07 15:40:56,942 [INFO] Pass: Size - 0.03076 (ms)
2026-07-07 15:40:56,942 [INFO] Pass: FixedPoint - 0.00453 (ms)
2026-07-07 15:40:56,942 [INFO] Pass: Optimize1qGatesDecomposition - 0.06151 (ms)
2026-07-07 15:40:56,942 [INFO] Pass: InverseCancellation - 0.00691 (ms)
2026-07-07 15:40:56,943 [INFO] Pass: GatesInBasis - 0.36192 (ms)
2026-07-07 15:40:56,943 [INFO] Pass: Depth - 0.07391 (ms)
2026-07-07 15:40:56,943 [INFO] Pass: FixedPoint - 0.00501 (ms)
2026-07-07 15:40:56,943 [INFO] Pass: Size - 0.02837 (ms)
2026-07-07 15:40:56,943 [INFO] Pass: FixedPoint - 0.00453 (ms)
2026-07-07 15:40:56,943 [INFO] Pass: ContainsInstruction - 0.00453 (ms)
2026-07-07 15:40:56,944 [INFO] Total Transpile Time - 60.48203 (ms)
2026-07-07 15:40:57,000 [INFO] Pass: ContainsInstruction - 0.00644 (ms)
2026-07-07 15:40:57,000 [INFO] Pass: InverseCancellation - 0.10490 (ms)
2026-07-07 15:40:57,001 [INFO] Pass: UnitarySynthesis - 0.00429 (ms)
2026-07-07 15:40:57,001 [INFO] Pass: HighLevelSynthesis - 0.68498 (ms)
2026-07-07 15:40:57,002 [INFO] Pass: BasisTranslator - 0.37289 (ms)
2026-07-07 15:40:57,002 [INFO] Pass: Depth - 0.08631 (ms)
2026-07-07 15:40:57,002 [INFO] Pass: FixedPoint - 0.00644 (ms)
2026-07-07 15:40:57,002 [INFO] Pass: Size - 0.03123 (ms)
2026-07-07 15:40:57,002 [INFO] Pass: FixedPoint - 0.00477 (ms)
2026-07-07 15:40:57,003 [INFO] Pass: Optimize1qGatesDecomposition - 0.78583 (ms)
2026-07-07 15:40:57,003 [INFO] Pass: InverseCancellation - 0.08845 (ms)
2026-07-07 15:40:57,003 [INFO] Pass: GatesInBasis - 0.39697 (ms)
2026-07-07 15:40:57,003 [INFO] Pass: Depth - 0.08130 (ms)
2026-07-07 15:40:57,003 [INFO] Pass: FixedPoint - 0.00572 (ms)
2026-07-07 15:40:57,004 [INFO] Pass: Size - 0.03076 (ms)
2026-07-07 15:40:57,004 [INFO] Pass: FixedPoint - 0.00405 (ms)
2026-07-07 15:40:57,004 [INFO] Pass: ContainsInstruction - 0.00477 (ms)
2026-07-07 15:40:57,004 [INFO] Total Transpile Time - 60.65106 (ms)
2026-07-07 15:40:57,061 [INFO] Pass: ContainsInstruction - 0.00668 (ms)
2026-07-07 15:40:57,061 [INFO] Pass: InverseCancellation - 0.11134 (ms)
2026-07-07 15:40:57,061 [INFO] Pass: UnitarySynthesis - 0.00453 (ms)
2026-07-07 15:40:57,062 [INFO] Pass: HighLevelSynthesis - 0.74196 (ms)
2026-07-07 15:40:57,062 [INFO] Pass: BasisTranslator - 0.41080 (ms)
2026-07-07 15:40:57,063 [INFO] Pass: Depth - 0.09203 (ms)
2026-07-07 15:40:57,063 [INFO] Pass: FixedPoint - 0.00644 (ms)
2026-07-07 15:40:57,063 [INFO] Pass: Size - 0.03362 (ms)
2026-07-07 15:40:57,063 [INFO] Pass: FixedPoint - 0.00429 (ms)
2026-07-07 15:40:57,064 [INFO] Pass: Optimize1qGatesDecomposition - 0.91791 (ms)
2026-07-07 15:40:57,064 [INFO] Pass: InverseCancellation - 0.00691 (ms)
2026-07-07 15:40:57,064 [INFO] Pass: GatesInBasis - 0.55528 (ms)
2026-07-07 15:40:57,064 [INFO] Pass: Depth - 0.08774 (ms)
2026-07-07 15:40:57,064 [INFO] Pass: FixedPoint - 0.00596 (ms)
2026-07-07 15:40:57,065 [INFO] Pass: Size - 0.03147 (ms)
2026-07-07 15:40:57,065 [INFO] Pass: FixedPoint - 0.00429 (ms)
2026-07-07 15:40:57,065 [INFO] Pass: Optimize1qGatesDecomposition - 0.77367 (ms)
2026-07-07 15:40:57,065 [INFO] Pass: InverseCancellation - 0.00715 (ms)
2026-07-07 15:40:57,066 [INFO] Pass: GatesInBasis - 0.39959 (ms)
2026-07-07 15:40:57,066 [INFO] Pass: Depth - 0.08249 (ms)
2026-07-07 15:40:57,066 [INFO] Pass: FixedPoint - 0.00548 (ms)
2026-07-07 15:40:57,066 [INFO] Pass: Size - 0.03076 (ms)
2026-07-07 15:40:57,066 [INFO] Pass: FixedPoint - 0.00453 (ms)
2026-07-07 15:40:57,066 [INFO] Pass: ContainsInstruction - 0.00453 (ms)
2026-07-07 15:40:57,067 [INFO] Total Transpile Time - 62.46996 (ms)
2026-07-07 15:54:34,329 [INFO] Pass: ContainsInstruction - 0.00811 (ms)
2026-07-07 15:54:34,329 [INFO] Pass: InverseCancellation - 0.02074 (ms)
2026-07-07 15:54:34,329 [INFO] Pass: UnitarySynthesis - 0.00501 (ms)
2026-07-07 15:54:34,330 [INFO] Pass: HighLevelSynthesis - 0.62656 (ms)
2026-07-07 15:54:34,330 [INFO] Pass: BasisTranslator - 0.36263 (ms)
2026-07-07 15:54:34,330 [INFO] Pass: Depth - 0.08893 (ms)
2026-07-07 15:54:34,330 [INFO] Pass: FixedPoint - 0.00763 (ms)
2026-07-07 15:54:34,330 [INFO] Pass: Size - 0.03052 (ms)
2026-07-07 15:54:34,330 [INFO] Pass: FixedPoint - 0.00453 (ms)
2026-07-07 15:54:34,330 [INFO] Pass: Optimize1qGatesDecomposition - 0.06318 (ms)
2026-07-07 15:54:34,330 [INFO] Pass: InverseCancellation - 0.00620 (ms)
2026-07-07 15:54:34,331 [INFO] Pass: GatesInBasis - 0.36812 (ms)
2026-07-07 15:54:34,331 [INFO] Pass: Depth - 0.07558 (ms)
2026-07-07 15:54:34,331 [INFO] Pass: FixedPoint - 0.00525 (ms)
2026-07-07 15:54:34,331 [INFO] Pass: Size - 0.02885 (ms)
2026-07-07 15:54:34,331 [INFO] Pass: FixedPoint - 0.00405 (ms)
2026-07-07 15:54:34,331 [INFO] Pass: ContainsInstruction - 0.00501 (ms)
2026-07-07 15:54:34,332 [INFO] Total Transpile Time - 60.67467 (ms)
2026-07-07 15:54:34,388 [INFO] Pass: ContainsInstruction - 0.00668 (ms)
2026-07-07 15:54:34,389 [INFO] Pass: InverseCancellation - 0.10538 (ms)
2026-07-07 15:54:34,389 [INFO] Pass: UnitarySynthesis - 0.00477 (ms)
2026-07-07 15:54:34,389 [INFO] Pass: HighLevelSynthesis - 0.68903 (ms)
2026-07-07 15:54:34,390 [INFO] Pass: BasisTranslator - 0.37909 (ms)
2026-07-07 15:54:34,390 [INFO] Pass: Depth - 0.08631 (ms)
2026-07-07 15:54:34,390 [INFO] Pass: FixedPoint - 0.00668 (ms)
2026-07-07 15:54:34,390 [INFO] Pass: Size - 0.03219 (ms)
2026-07-07 15:54:34,390 [INFO] Pass: FixedPoint - 0.00453 (ms)
2026-07-07 15:54:34,391 [INFO] Pass: Optimize1qGatesDecomposition - 0.79608 (ms)
2026-07-07 15:54:34,391 [INFO] Pass: InverseCancellation - 0.08941 (ms)
2026-07-07 15:54:34,391 [INFO] Pass: GatesInBasis - 0.40126 (ms)
2026-07-07 15:54:34,392 [INFO] Pass: Depth - 0.08178 (ms)
2026-07-07 15:54:34,392 [INFO] Pass: FixedPoint - 0.00525 (ms)
2026-07-07 15:54:34,392 [INFO] Pass: Size - 0.03076 (ms)
2026-07-07 15:54:34,392 [INFO] Pass: FixedPoint - 0.00429 (ms)
2026-07-07 15:54:34,392 [INFO] Pass: ContainsInstruction - 0.00429 (ms)
2026-07-07 15:54:34,392 [INFO] Total Transpile Time - 60.52661 (ms)
2026-07-07 15:54:34,449 [INFO] Pass: ContainsInstruction - 0.00668 (ms)
2026-07-07 15:54:34,449 [INFO] Pass: InverseCancellation - 0.11134 (ms)
2026-07-07 15:54:34,449 [INFO] Pass: UnitarySynthesis - 0.00429 (ms)
2026-07-07 15:54:34,450 [INFO] Pass: HighLevelSynthesis - 0.77677 (ms)
2026-07-07 15:54:34,451 [INFO] Pass: BasisTranslator - 0.41366 (ms)
2026-07-07 15:54:34,451 [INFO] Pass: Depth - 0.09060 (ms)
2026-07-07 15:54:34,451 [INFO] Pass: FixedPoint - 0.00691 (ms)
2026-07-07 15:54:34,451 [INFO] Pass: Size - 0.03338 (ms)
2026-07-07 15:54:34,451 [INFO] Pass: FixedPoint - 0.00477 (ms)
2026-07-07 15:54:34,452 [INFO] Pass: Optimize1qGatesDecomposition - 0.91314 (ms)
2026-07-07 15:54:34,452 [INFO] Pass: InverseCancellation - 0.00715 (ms)
2026-07-07 15:54:34,452 [INFO] Pass: GatesInBasis - 0.54932 (ms)
2026-07-07 15:54:34,453 [INFO] Pass: Depth - 0.08607 (ms)
2026-07-07 15:54:34,453 [INFO] Pass: FixedPoint - 0.00572 (ms)
2026-07-07 15:54:34,453 [INFO] Pass: Size - 0.03123 (ms)
2026-07-07 15:54:34,453 [INFO] Pass: FixedPoint - 0.00453 (ms)
2026-07-07 15:54:34,454 [INFO] Pass: Optimize1qGatesDecomposition - 0.76842 (ms)
2026-07-07 15:54:34,454 [INFO] Pass: InverseCancellation - 0.00691 (ms)
2026-07-07 15:54:34,454 [INFO] Pass: GatesInBasis - 0.40174 (ms)
2026-07-07 15:54:34,454 [INFO] Pass: Depth - 0.08202 (ms)
2026-07-07 15:54:34,454 [INFO] Pass: FixedPoint - 0.00525 (ms)
2026-07-07 15:54:34,454 [INFO] Pass: Size - 0.03004 (ms)
2026-07-07 15:54:34,454 [INFO] Pass: FixedPoint - 0.00405 (ms)
2026-07-07 15:54:34,454 [INFO] Pass: ContainsInstruction - 0.00453 (ms)
2026-07-07 15:54:34,455 [INFO] Total Transpile Time - 62.47663 (ms)
2026-07-07 16:08:08,174 [INFO] Pass: ContainsInstruction - 0.00787 (ms)
2026-07-07 16:08:08,174 [INFO] Pass: InverseCancellation - 0.01001 (ms)
2026-07-07 16:08:08,174 [INFO] Pass: UnitarySynthesis - 0.00477 (ms)
2026-07-07 16:08:08,175 [INFO] Pass: HighLevelSynthesis - 0.63276 (ms)
2026-07-07 16:08:08,175 [INFO] Pass: BasisTranslator - 0.36049 (ms)
2026-07-07 16:08:08,175 [INFO] Pass: Depth - 0.08941 (ms)
2026-07-07 16:08:08,175 [INFO] Pass: FixedPoint - 0.00811 (ms)
2026-07-07 16:08:08,175 [INFO] Pass: Size - 0.03195 (ms)
2026-07-07 16:08:08,175 [INFO] Pass: FixedPoint - 0.00477 (ms)
2026-07-07 16:08:08,176 [INFO] Pass: Optimize1qGatesDecomposition - 0.06366 (ms)
2026-07-07 16:08:08,176 [INFO] Pass: InverseCancellation - 0.00620 (ms)
2026-07-07 16:08:08,176 [INFO] Pass: GatesInBasis - 0.36621 (ms)
2026-07-07 16:08:08,176 [INFO] Pass: Depth - 0.07606 (ms)
2026-07-07 16:08:08,176 [INFO] Pass: FixedPoint - 0.00501 (ms)
2026-07-07 16:08:08,176 [INFO] Pass: Size - 0.02766 (ms)
2026-07-07 16:08:08,176 [INFO] Pass: FixedPoint - 0.00405 (ms)
2026-07-07 16:08:08,176 [INFO] Pass: ContainsInstruction - 0.00477 (ms)
2026-07-07 16:08:08,177 [INFO] Total Transpile Time - 61.06901 (ms)
2026-07-07 16:08:08,234 [INFO] Pass: ContainsInstruction - 0.00644 (ms)
2026-07-07 16:08:08,234 [INFO] Pass: InverseCancellation - 0.10467 (ms)
2026-07-07 16:08:08,234 [INFO] Pass: UnitarySynthesis - 0.00477 (ms)
2026-07-07 16:08:08,234 [INFO] Pass: HighLevelSynthesis - 0.68665 (ms)
2026-07-07 16:08:08,235 [INFO] Pass: BasisTranslator - 0.38147 (ms)
2026-07-07 16:08:08,235 [INFO] Pass: Depth - 0.08726 (ms)
2026-07-07 16:08:08,235 [INFO] Pass: FixedPoint - 0.00644 (ms)
2026-07-07 16:08:08,235 [INFO] Pass: Size - 0.03147 (ms)
2026-07-07 16:08:08,235 [INFO] Pass: FixedPoint - 0.00453 (ms)
2026-07-07 16:08:08,236 [INFO] Pass: Optimize1qGatesDecomposition - 0.79656 (ms)
2026-07-07 16:08:08,236 [INFO] Pass: InverseCancellation - 0.08965 (ms)
2026-07-07 16:08:08,237 [INFO] Pass: GatesInBasis - 0.39768 (ms)
2026-07-07 16:08:08,237 [INFO] Pass: Depth - 0.08202 (ms)
2026-07-07 16:08:08,237 [INFO] Pass: FixedPoint - 0.00525 (ms)
2026-07-07 16:08:08,237 [INFO] Pass: Size - 0.03076 (ms)
2026-07-07 16:08:08,237 [INFO] Pass: FixedPoint - 0.00429 (ms)
2026-07-07 16:08:08,237 [INFO] Pass: ContainsInstruction - 0.00429 (ms)
2026-07-07 16:08:08,238 [INFO] Total Transpile Time - 60.53066 (ms)
2026-07-07 16:08:08,294 [INFO] Pass: ContainsInstruction - 0.00620 (ms)
2026-07-07 16:08:08,294 [INFO] Pass: InverseCancellation - 0.11325 (ms)
2026-07-07 16:08:08,294 [INFO] Pass: UnitarySynthesis - 0.00453 (ms)
2026-07-07 16:08:08,295 [INFO] Pass: HighLevelSynthesis - 0.74887 (ms)
2026-07-07 16:08:08,296 [INFO] Pass: BasisTranslator - 0.41366 (ms)
2026-07-07 16:08:08,296 [INFO] Pass: Depth - 0.09227 (ms)
2026-07-07 16:08:08,296 [INFO] Pass: FixedPoint - 0.00668 (ms)
2026-07-07 16:08:08,296 [INFO] Pass: Size - 0.03338 (ms)
2026-07-07 16:08:08,296 [INFO] Pass: FixedPoint - 0.00453 (ms)
2026-07-07 16:08:08,297 [INFO] Pass: Optimize1qGatesDecomposition - 0.91743 (ms)
2026-07-07 16:08:08,297 [INFO] Pass: InverseCancellation - 0.00715 (ms)
2026-07-07 16:08:08,298 [INFO] Pass: GatesInBasis - 0.54717 (ms)
2026-07-07 16:08:08,298 [INFO] Pass: Depth - 0.08917 (ms)
2026-07-07 16:08:08,298 [INFO] Pass: FixedPoint - 0.00620 (ms)
2026-07-07 16:08:08,298 [INFO] Pass: Size - 0.03171 (ms)
2026-07-07 16:08:08,298 [INFO] Pass: FixedPoint - 0.00405 (ms)
2026-07-07 16:08:08,299 [INFO] Pass: Optimize1qGatesDecomposition - 0.77701 (ms)
2026-07-07 16:08:08,299 [INFO] Pass: InverseCancellation - 0.00715 (ms)
2026-07-07 16:08:08,299 [INFO] Pass: GatesInBasis - 0.40579 (ms)
2026-07-07 16:08:08,299 [INFO] Pass: Depth - 0.08345 (ms)
2026-07-07 16:08:08,299 [INFO] Pass: FixedPoint - 0.00501 (ms)
2026-07-07 16:08:08,299 [INFO] Pass: Size - 0.03052 (ms)
2026-07-07 16:08:08,299 [INFO] Pass: FixedPoint - 0.00453 (ms)
2026-07-07 16:08:08,299 [INFO] Pass: ContainsInstruction - 0.00501 (ms)
2026-07-07 16:08:08,300 [INFO] Total Transpile Time - 62.44087 (ms)
2026-07-07 16:21:47,422 [INFO] Pass: ContainsInstruction - 0.00858 (ms)
2026-07-07 16:21:47,423 [INFO] Pass: InverseCancellation - 0.00978 (ms)
2026-07-07 16:21:47,423 [INFO] Pass: UnitarySynthesis - 0.00477 (ms)
2026-07-07 16:21:47,423 [INFO] Pass: HighLevelSynthesis - 0.64230 (ms)
2026-07-07 16:21:47,424 [INFO] Pass: BasisTranslator - 0.36216 (ms)
2026-07-07 16:21:47,424 [INFO] Pass: Depth - 0.09274 (ms)
2026-07-07 16:21:47,424 [INFO] Pass: FixedPoint - 0.00787 (ms)
2026-07-07 16:21:47,424 [INFO] Pass: Size - 0.03076 (ms)
2026-07-07 16:21:47,424 [INFO] Pass: FixedPoint - 0.00477 (ms)
2026-07-07 16:21:47,424 [INFO] Pass: Optimize1qGatesDecomposition - 0.06366 (ms)
2026-07-07 16:21:47,424 [INFO] Pass: InverseCancellation - 0.00596 (ms)
2026-07-07 16:21:47,425 [INFO] Pass: GatesInBasis - 0.36478 (ms)
2026-07-07 16:21:47,425 [INFO] Pass: Depth - 0.07463 (ms)
2026-07-07 16:21:47,425 [INFO] Pass: FixedPoint - 0.00477 (ms)
2026-07-07 16:21:47,425 [INFO] Pass: Size - 0.02789 (ms)
2026-07-07 16:21:47,425 [INFO] Pass: FixedPoint - 0.00429 (ms)
2026-07-07 16:21:47,425 [INFO] Pass: ContainsInstruction - 0.00453 (ms)
2026-07-07 16:21:47,426 [INFO] Total Transpile Time - 60.96196 (ms)
2026-07-07 16:21:47,482 [INFO] Pass: ContainsInstruction - 0.00620 (ms)
2026-07-07 16:21:47,482 [INFO] Pass: InverseCancellation - 0.10324 (ms)
2026-07-07 16:21:47,483 [INFO] Pass: UnitarySynthesis - 0.00429 (ms)
2026-07-07 16:21:47,483 [INFO] Pass: HighLevelSynthesis - 0.67949 (ms)
2026-07-07 16:21:47,484 [INFO] Pass: BasisTranslator - 0.37408 (ms)
2026-07-07 16:21:47,484 [INFO] Pass: Depth - 0.08559 (ms)
2026-07-07 16:21:47,484 [INFO] Pass: FixedPoint - 0.00691 (ms)
2026-07-07 16:21:47,484 [INFO] Pass: Size - 0.03171 (ms)
2026-07-07 16:21:47,484 [INFO] Pass: FixedPoint - 0.00477 (ms)
2026-07-07 16:21:47,485 [INFO] Pass: Optimize1qGatesDecomposition - 0.78940 (ms)
2026-07-07 16:21:47,485 [INFO] Pass: InverseCancellation - 0.09441 (ms)
2026-07-07 16:21:47,485 [INFO] Pass: GatesInBasis - 0.40531 (ms)
2026-07-07 16:21:47,486 [INFO] Pass: Depth - 0.08154 (ms)
2026-07-07 16:21:47,486 [INFO] Pass: FixedPoint - 0.00572 (ms)
2026-07-07 16:21:47,486 [INFO] Pass: Size - 0.03076 (ms)
2026-07-07 16:21:47,486 [INFO] Pass: FixedPoint - 0.00429 (ms)
2026-07-07 16:21:47,486 [INFO] Pass: ContainsInstruction - 0.00477 (ms)
2026-07-07 16:21:47,486 [INFO] Total Transpile Time - 60.68397 (ms)
2026-07-07 16:21:47,543 [INFO] Pass: ContainsInstruction - 0.00644 (ms)
2026-07-07 16:21:47,543 [INFO] Pass: InverseCancellation - 0.11277 (ms)
2026-07-07 16:21:47,543 [INFO] Pass: UnitarySynthesis - 0.00453 (ms)
2026-07-07 16:21:47,544 [INFO] Pass: HighLevelSynthesis - 0.73838 (ms)
2026-07-07 16:21:47,544 [INFO] Pass: BasisTranslator - 0.40817 (ms)
2026-07-07 16:21:47,544 [INFO] Pass: Depth - 0.09131 (ms)
2026-07-07 16:21:47,544 [INFO] Pass: FixedPoint - 0.00620 (ms)
2026-07-07 16:21:47,544 [INFO] Pass: Size - 0.03314 (ms)
2026-07-07 16:21:47,544 [INFO] Pass: FixedPoint - 0.00429 (ms)
2026-07-07 16:21:47,545 [INFO] Pass: Optimize1qGatesDecomposition - 0.91076 (ms)
2026-07-07 16:21:47,545 [INFO] Pass: InverseCancellation - 0.00691 (ms)
2026-07-07 16:21:47,546 [INFO] Pass: GatesInBasis - 0.55289 (ms)
2026-07-07 16:21:47,546 [INFO] Pass: Depth - 0.08774 (ms)
2026-07-07 16:21:47,546 [INFO] Pass: FixedPoint - 0.00596 (ms)
2026-07-07 16:21:47,546 [INFO] Pass: Size - 0.03147 (ms)
2026-07-07 16:21:47,546 [INFO] Pass: FixedPoint - 0.00405 (ms)
2026-07-07 16:21:47,547 [INFO] Pass: Optimize1qGatesDecomposition - 0.77820 (ms)
2026-07-07 16:21:47,547 [INFO] Pass: InverseCancellation - 0.00739 (ms)
2026-07-07 16:21:47,548 [INFO] Pass: GatesInBasis - 0.39887 (ms)
2026-07-07 16:21:47,548 [INFO] Pass: Depth - 0.08202 (ms)
2026-07-07 16:21:47,548 [INFO] Pass: FixedPoint - 0.00525 (ms)
2026-07-07 16:21:47,548 [INFO] Pass: Size - 0.03099 (ms)
2026-07-07 16:21:47,548 [INFO] Pass: FixedPoint - 0.00405 (ms)
2026-07-07 16:21:47,548 [INFO] Pass: ContainsInstruction - 0.00453 (ms)
2026-07-07 16:21:47,549 [INFO] Total Transpile Time - 62.17456 (ms)
2026-07-07 16:35:20,708 [INFO] Pass: ContainsInstruction - 0.00811 (ms)
2026-07-07 16:35:20,708 [INFO] Pass: InverseCancellation - 0.00954 (ms)
2026-07-07 16:35:20,708 [INFO] Pass: UnitarySynthesis - 0.00477 (ms)
2026-07-07 16:35:20,709 [INFO] Pass: HighLevelSynthesis - 0.64921 (ms)
2026-07-07 16:35:20,709 [INFO] Pass: BasisTranslator - 0.35763 (ms)
2026-07-07 16:35:20,710 [INFO] Pass: Depth - 0.08917 (ms)
2026-07-07 16:35:20,710 [INFO] Pass: FixedPoint - 0.00763 (ms)
2026-07-07 16:35:20,710 [INFO] Pass: Size - 0.03052 (ms)
2026-07-07 16:35:20,710 [INFO] Pass: FixedPoint - 0.00477 (ms)
2026-07-07 16:35:20,710 [INFO] Pass: Optimize1qGatesDecomposition - 0.06390 (ms)
2026-07-07 16:35:20,710 [INFO] Pass: InverseCancellation - 0.00620 (ms)
2026-07-07 16:35:20,710 [INFO] Pass: GatesInBasis - 0.36573 (ms)
2026-07-07 16:35:20,710 [INFO] Pass: Depth - 0.07486 (ms)
2026-07-07 16:35:20,710 [INFO] Pass: FixedPoint - 0.00525 (ms)
2026-07-07 16:35:20,710 [INFO] Pass: Size - 0.02837 (ms)
2026-07-07 16:35:20,710 [INFO] Pass: FixedPoint - 0.00429 (ms)
2026-07-07 16:35:20,711 [INFO] Pass: ContainsInstruction - 0.00501 (ms)
2026-07-07 16:35:20,711 [INFO] Total Transpile Time - 61.39612 (ms)
2026-07-07 16:35:20,768 [INFO] Pass: ContainsInstruction - 0.00644 (ms)
2026-07-07 16:35:20,768 [INFO] Pass: InverseCancellation - 0.10180 (ms)
2026-07-07 16:35:20,768 [INFO] Pass: UnitarySynthesis - 0.00453 (ms)
2026-07-07 16:35:20,769 [INFO] Pass: HighLevelSynthesis - 0.68641 (ms)
2026-07-07 16:35:20,769 [INFO] Pass: BasisTranslator - 0.38624 (ms)
2026-07-07 16:35:20,769 [INFO] Pass: Depth - 0.08535 (ms)
2026-07-07 16:35:20,769 [INFO] Pass: FixedPoint - 0.00691 (ms)
2026-07-07 16:35:20,769 [INFO] Pass: Size - 0.03171 (ms)
2026-07-07 16:35:20,769 [INFO] Pass: FixedPoint - 0.00453 (ms)
2026-07-07 16:35:20,770 [INFO] Pass: Optimize1qGatesDecomposition - 0.79870 (ms)
2026-07-07 16:35:20,770 [INFO] Pass: InverseCancellation - 0.09108 (ms)
2026-07-07 16:35:20,771 [INFO] Pass: GatesInBasis - 0.39816 (ms)
2026-07-07 16:35:20,771 [INFO] Pass: Depth - 0.08202 (ms)
2026-07-07 16:35:20,771 [INFO] Pass: FixedPoint - 0.00572 (ms)
2026-07-07 16:35:20,771 [INFO] Pass: Size - 0.03052 (ms)
2026-07-07 16:35:20,771 [INFO] Pass: FixedPoint - 0.00429 (ms)
2026-07-07 16:35:20,771 [INFO] Pass: ContainsInstruction - 0.00453 (ms)
2026-07-07 16:35:20,772 [INFO] Total Transpile Time - 60.43196 (ms)
2026-07-07 16:35:20,828 [INFO] Pass: ContainsInstruction - 0.00644 (ms)
2026-07-07 16:35:20,829 [INFO] Pass: InverseCancellation - 0.11110 (ms)
2026-07-07 16:35:20,829 [INFO] Pass: UnitarySynthesis - 0.00405 (ms)
2026-07-07 16:35:20,829 [INFO] Pass: HighLevelSynthesis - 0.75436 (ms)
2026-07-07 16:35:20,830 [INFO] Pass: BasisTranslator - 0.41175 (ms)
2026-07-07 16:35:20,830 [INFO] Pass: Depth - 0.09060 (ms)
2026-07-07 16:35:20,830 [INFO] Pass: FixedPoint - 0.00644 (ms)
2026-07-07 16:35:20,830 [INFO] Pass: Size - 0.03266 (ms)
2026-07-07 16:35:20,830 [INFO] Pass: FixedPoint - 0.00453 (ms)
2026-07-07 16:35:20,831 [INFO] Pass: Optimize1qGatesDecomposition - 0.91243 (ms)
2026-07-07 16:35:20,831 [INFO] Pass: InverseCancellation - 0.00691 (ms)
2026-07-07 16:35:20,832 [INFO] Pass: GatesInBasis - 0.54479 (ms)
2026-07-07 16:35:20,832 [INFO] Pass: Depth - 0.08535 (ms)
2026-07-07 16:35:20,832 [INFO] Pass: FixedPoint - 0.00596 (ms)
2026-07-07 16:35:20,832 [INFO] Pass: Size - 0.03099 (ms)
2026-07-07 16:35:20,832 [INFO] Pass: FixedPoint - 0.00429 (ms)
2026-07-07 16:35:20,833 [INFO] Pass: Optimize1qGatesDecomposition - 0.75984 (ms)
2026-07-07 16:35:20,833 [INFO] Pass: InverseCancellation - 0.00715 (ms)
2026-07-07 16:35:20,833 [INFO] Pass: GatesInBasis - 0.39959 (ms)
2026-07-07 16:35:20,833 [INFO] Pass: Depth - 0.08202 (ms)
2026-07-07 16:35:20,833 [INFO] Pass: FixedPoint - 0.00525 (ms)
2026-07-07 16:35:20,834 [INFO] Pass: Size - 0.03099 (ms)
2026-07-07 16:35:20,834 [INFO] Pass: FixedPoint - 0.00429 (ms)
2026-07-07 16:35:20,834 [INFO] Pass: ContainsInstruction - 0.00477 (ms)
2026-07-07 16:35:20,834 [INFO] Total Transpile Time - 62.51550 (ms)
2026-07-07 16:48:52,717 [INFO] Pass: ContainsInstruction - 0.00811 (ms)
2026-07-07 16:48:52,717 [INFO] Pass: InverseCancellation - 0.00930 (ms)
2026-07-07 16:48:52,717 [INFO] Pass: UnitarySynthesis - 0.00477 (ms)
2026-07-07 16:48:52,718 [INFO] Pass: HighLevelSynthesis - 0.64802 (ms)
2026-07-07 16:48:52,718 [INFO] Pass: BasisTranslator - 0.34976 (ms)
2026-07-07 16:48:52,718 [INFO] Pass: Depth - 0.08988 (ms)
2026-07-07 16:48:52,718 [INFO] Pass: FixedPoint - 0.00787 (ms)
2026-07-07 16:48:52,719 [INFO] Pass: Size - 0.02980 (ms)
2026-07-07 16:48:52,719 [INFO] Pass: FixedPoint - 0.00477 (ms)
2026-07-07 16:48:52,719 [INFO] Pass: Optimize1qGatesDecomposition - 0.06342 (ms)
2026-07-07 16:48:52,719 [INFO] Pass: InverseCancellation - 0.00644 (ms)
2026-07-07 16:48:52,719 [INFO] Pass: GatesInBasis - 0.37026 (ms)
2026-07-07 16:48:52,719 [INFO] Pass: Depth - 0.07463 (ms)
2026-07-07 16:48:52,719 [INFO] Pass: FixedPoint - 0.00525 (ms)
2026-07-07 16:48:52,719 [INFO] Pass: Size - 0.02789 (ms)
2026-07-07 16:48:52,719 [INFO] Pass: FixedPoint - 0.00429 (ms)
2026-07-07 16:48:52,719 [INFO] Pass: ContainsInstruction - 0.00453 (ms)
2026-07-07 16:48:52,720 [INFO] Total Transpile Time - 60.92072 (ms)
2026-07-07 16:48:52,777 [INFO] Pass: ContainsInstruction - 0.00691 (ms)
2026-07-07 16:48:52,777 [INFO] Pass: InverseCancellation - 0.10824 (ms)
2026-07-07 16:48:52,777 [INFO] Pass: UnitarySynthesis - 0.00429 (ms)
2026-07-07 16:48:52,778 [INFO] Pass: HighLevelSynthesis - 0.67973 (ms)
2026-07-07 16:48:52,778 [INFO] Pass: BasisTranslator - 0.38838 (ms)
2026-07-07 16:48:52,778 [INFO] Pass: Depth - 0.08583 (ms)
2026-07-07 16:48:52,778 [INFO] Pass: FixedPoint - 0.00668 (ms)
2026-07-07 16:48:52,778 [INFO] Pass: Size - 0.03147 (ms)
2026-07-07 16:48:52,778 [INFO] Pass: FixedPoint - 0.00429 (ms)
2026-07-07 16:48:52,779 [INFO] Pass: Optimize1qGatesDecomposition - 0.79203 (ms)
2026-07-07 16:48:52,779 [INFO] Pass: InverseCancellation - 0.08917 (ms)
2026-07-07 16:48:52,780 [INFO] Pass: GatesInBasis - 0.40126 (ms)
2026-07-07 16:48:52,780 [INFO] Pass: Depth - 0.08512 (ms)
2026-07-07 16:48:52,780 [INFO] Pass: FixedPoint - 0.00548 (ms)
2026-07-07 16:48:52,780 [INFO] Pass: Size - 0.03052 (ms)
2026-07-07 16:48:52,780 [INFO] Pass: FixedPoint - 0.00429 (ms)
2026-07-07 16:48:52,780 [INFO] Pass: ContainsInstruction - 0.00477 (ms)
2026-07-07 16:48:52,781 [INFO] Total Transpile Time - 60.58979 (ms)
2026-07-07 16:48:52,837 [INFO] Pass: ContainsInstruction - 0.00620 (ms)
2026-07-07 16:48:52,837 [INFO] Pass: InverseCancellation - 0.11349 (ms)
2026-07-07 16:48:52,837 [INFO] Pass: UnitarySynthesis - 0.00477 (ms)
2026-07-07 16:48:52,838 [INFO] Pass: HighLevelSynthesis - 0.76032 (ms)
2026-07-07 16:48:52,839 [INFO] Pass: BasisTranslator - 0.40627 (ms)
2026-07-07 16:48:52,839 [INFO] Pass: Depth - 0.09108 (ms)
2026-07-07 16:48:52,839 [INFO] Pass: FixedPoint - 0.00668 (ms)
2026-07-07 16:48:52,839 [INFO] Pass: Size - 0.03314 (ms)
2026-07-07 16:48:52,839 [INFO] Pass: FixedPoint - 0.00453 (ms)
2026-07-07 16:48:52,840 [INFO] Pass: Optimize1qGatesDecomposition - 0.91100 (ms)
2026-07-07 16:48:52,840 [INFO] Pass: InverseCancellation - 0.00644 (ms)
2026-07-07 16:48:52,840 [INFO] Pass: GatesInBasis - 0.55051 (ms)
2026-07-07 16:48:52,841 [INFO] Pass: Depth - 0.08678 (ms)
2026-07-07 16:48:52,841 [INFO] Pass: FixedPoint - 0.00620 (ms)
2026-07-07 16:48:52,841 [INFO] Pass: Size - 0.03195 (ms)
2026-07-07 16:48:52,841 [INFO] Pass: FixedPoint - 0.00429 (ms)
2026-07-07 16:48:52,841 [INFO] Pass: Optimize1qGatesDecomposition - 0.77343 (ms)
2026-07-07 16:48:52,842 [INFO] Pass: InverseCancellation - 0.00739 (ms)
2026-07-07 16:48:52,842 [INFO] Pass: GatesInBasis - 0.40770 (ms)
2026-07-07 16:48:52,842 [INFO] Pass: Depth - 0.08178 (ms)
2026-07-07 16:48:52,842 [INFO] Pass: FixedPoint - 0.00477 (ms)
2026-07-07 16:48:52,842 [INFO] Pass: Size - 0.03028 (ms)
2026-07-07 16:48:52,842 [INFO] Pass: FixedPoint - 0.00429 (ms)
2026-07-07 16:48:52,842 [INFO] Pass: ContainsInstruction - 0.00477 (ms)
2026-07-07 16:48:52,843 [INFO] Total Transpile Time - 62.12091 (ms)
2026-07-07 17:02:35,441 [INFO] Pass: ContainsInstruction - 0.00858 (ms)
2026-07-07 17:02:35,441 [INFO] Pass: InverseCancellation - 0.01073 (ms)
2026-07-07 17:02:35,441 [INFO] Pass: UnitarySynthesis - 0.00429 (ms)
2026-07-07 17:02:35,442 [INFO] Pass: HighLevelSynthesis - 0.63968 (ms)
2026-07-07 17:02:35,442 [INFO] Pass: BasisTranslator - 0.36359 (ms)
2026-07-07 17:02:35,442 [INFO] Pass: Depth - 0.08941 (ms)
2026-07-07 17:02:35,442 [INFO] Pass: FixedPoint - 0.00834 (ms)
2026-07-07 17:02:35,442 [INFO] Pass: Size - 0.03123 (ms)
2026-07-07 17:02:35,442 [INFO] Pass: FixedPoint - 0.00501 (ms)
2026-07-07 17:02:35,443 [INFO] Pass: Optimize1qGatesDecomposition - 0.06366 (ms)
2026-07-07 17:02:35,443 [INFO] Pass: InverseCancellation - 0.00620 (ms)
2026-07-07 17:02:35,443 [INFO] Pass: GatesInBasis - 0.36931 (ms)
2026-07-07 17:02:35,443 [INFO] Pass: Depth - 0.07486 (ms)
2026-07-07 17:02:35,443 [INFO] Pass: FixedPoint - 0.00501 (ms)
2026-07-07 17:02:35,443 [INFO] Pass: Size - 0.02813 (ms)
2026-07-07 17:02:35,443 [INFO] Pass: FixedPoint - 0.00405 (ms)
2026-07-07 17:02:35,443 [INFO] Pass: ContainsInstruction - 0.00429 (ms)
2026-07-07 17:02:35,444 [INFO] Total Transpile Time - 60.83822 (ms)
2026-07-07 17:02:35,500 [INFO] Pass: ContainsInstruction - 0.00668 (ms)
2026-07-07 17:02:35,501 [INFO] Pass: InverseCancellation - 0.10514 (ms)
2026-07-07 17:02:35,501 [INFO] Pass: UnitarySynthesis - 0.00477 (ms)
2026-07-07 17:02:35,501 [INFO] Pass: HighLevelSynthesis - 0.67830 (ms)
2026-07-07 17:02:35,502 [INFO] Pass: BasisTranslator - 0.37646 (ms)
2026-07-07 17:02:35,502 [INFO] Pass: Depth - 0.09036 (ms)
2026-07-07 17:02:35,502 [INFO] Pass: FixedPoint - 0.00668 (ms)
2026-07-07 17:02:35,502 [INFO] Pass: Size - 0.03147 (ms)
2026-07-07 17:02:35,502 [INFO] Pass: FixedPoint - 0.00453 (ms)
2026-07-07 17:02:35,503 [INFO] Pass: Optimize1qGatesDecomposition - 0.79417 (ms)
2026-07-07 17:02:35,503 [INFO] Pass: InverseCancellation - 0.08988 (ms)
2026-07-07 17:02:35,504 [INFO] Pass: GatesInBasis - 0.40054 (ms)
2026-07-07 17:02:35,504 [INFO] Pass: Depth - 0.08011 (ms)
2026-07-07 17:02:35,504 [INFO] Pass: FixedPoint - 0.00572 (ms)
2026-07-07 17:02:35,504 [INFO] Pass: Size - 0.03028 (ms)
2026-07-07 17:02:35,504 [INFO] Pass: FixedPoint - 0.00405 (ms)
2026-07-07 17:02:35,504 [INFO] Pass: ContainsInstruction - 0.00429 (ms)
2026-07-07 17:02:35,504 [INFO] Total Transpile Time - 60.46104 (ms)
2026-07-07 17:02:35,561 [INFO] Pass: ContainsInstruction - 0.00691 (ms)
2026-07-07 17:02:35,561 [INFO] Pass: InverseCancellation - 0.11086 (ms)
2026-07-07 17:02:35,561 [INFO] Pass: UnitarySynthesis - 0.00429 (ms)
2026-07-07 17:02:35,562 [INFO] Pass: HighLevelSynthesis - 0.75364 (ms)
2026-07-07 17:02:35,563 [INFO] Pass: BasisTranslator - 0.40865 (ms)
2026-07-07 17:02:35,563 [INFO] Pass: Depth - 0.09155 (ms)
2026-07-07 17:02:35,563 [INFO] Pass: FixedPoint - 0.00691 (ms)
2026-07-07 17:02:35,563 [INFO] Pass: Size - 0.03290 (ms)
2026-07-07 17:02:35,563 [INFO] Pass: FixedPoint - 0.00453 (ms)
2026-07-07 17:02:35,564 [INFO] Pass: Optimize1qGatesDecomposition - 0.90551 (ms)
2026-07-07 17:02:35,564 [INFO] Pass: InverseCancellation - 0.00668 (ms)
2026-07-07 17:02:35,564 [INFO] Pass: GatesInBasis - 0.54336 (ms)
2026-07-07 17:02:35,565 [INFO] Pass: Depth - 0.08655 (ms)
2026-07-07 17:02:35,565 [INFO] Pass: FixedPoint - 0.00596 (ms)
2026-07-07 17:02:35,565 [INFO] Pass: Size - 0.03123 (ms)
2026-07-07 17:02:35,565 [INFO] Pass: FixedPoint - 0.00405 (ms)
2026-07-07 17:02:35,566 [INFO] Pass: Optimize1qGatesDecomposition - 0.76652 (ms)
2026-07-07 17:02:35,566 [INFO] Pass: InverseCancellation - 0.00668 (ms)
2026-07-07 17:02:35,566 [INFO] Pass: GatesInBasis - 0.40030 (ms)
2026-07-07 17:02:35,566 [INFO] Pass: Depth - 0.08154 (ms)
2026-07-07 17:02:35,566 [INFO] Pass: FixedPoint - 0.00501 (ms)
2026-07-07 17:02:35,566 [INFO] Pass: Size - 0.03076 (ms)
2026-07-07 17:02:35,566 [INFO] Pass: FixedPoint - 0.00405 (ms)
2026-07-07 17:02:35,566 [INFO] Pass: ContainsInstruction - 0.00525 (ms)
2026-07-07 17:02:35,567 [INFO] Total Transpile Time - 62.50882 (ms)
2026-07-07 17:16:07,376 [INFO] Pass: ContainsInstruction - 0.00906 (ms)
2026-07-07 17:16:07,376 [INFO] Pass: InverseCancellation - 0.00978 (ms)
2026-07-07 17:16:07,376 [INFO] Pass: UnitarySynthesis - 0.00477 (ms)
2026-07-07 17:16:07,377 [INFO] Pass: HighLevelSynthesis - 0.62919 (ms)
2026-07-07 17:16:07,378 [INFO] Pass: BasisTranslator - 0.35644 (ms)
2026-07-07 17:16:07,378 [INFO] Pass: Depth - 0.09131 (ms)
2026-07-07 17:16:07,378 [INFO] Pass: FixedPoint - 0.00763 (ms)
2026-07-07 17:16:07,378 [INFO] Pass: Size - 0.03171 (ms)
2026-07-07 17:16:07,378 [INFO] Pass: FixedPoint - 0.00501 (ms)
2026-07-07 17:16:07,378 [INFO] Pass: Optimize1qGatesDecomposition - 0.07272 (ms)
2026-07-07 17:16:07,378 [INFO] Pass: InverseCancellation - 0.00572 (ms)
2026-07-07 17:16:07,378 [INFO] Pass: GatesInBasis - 0.36550 (ms)
2026-07-07 17:16:07,378 [INFO] Pass: Depth - 0.07653 (ms)
2026-07-07 17:16:07,379 [INFO] Pass: FixedPoint - 0.00501 (ms)
2026-07-07 17:16:07,379 [INFO] Pass: Size - 0.02861 (ms)
2026-07-07 17:16:07,379 [INFO] Pass: FixedPoint - 0.00429 (ms)
2026-07-07 17:16:07,379 [INFO] Pass: ContainsInstruction - 0.00429 (ms)
2026-07-07 17:16:07,379 [INFO] Total Transpile Time - 61.37443 (ms)
2026-07-07 17:16:07,436 [INFO] Pass: ContainsInstruction - 0.00668 (ms)
2026-07-07 17:16:07,436 [INFO] Pass: InverseCancellation - 0.10681 (ms)
2026-07-07 17:16:07,437 [INFO] Pass: UnitarySynthesis - 0.00453 (ms)
2026-07-07 17:16:07,437 [INFO] Pass: HighLevelSynthesis - 0.68593 (ms)
2026-07-07 17:16:07,438 [INFO] Pass: BasisTranslator - 0.38528 (ms)
2026-07-07 17:16:07,438 [INFO] Pass: Depth - 0.08726 (ms)
2026-07-07 17:16:07,438 [INFO] Pass: FixedPoint - 0.00715 (ms)
2026-07-07 17:16:07,438 [INFO] Pass: Size - 0.03171 (ms)
2026-07-07 17:16:07,438 [INFO] Pass: FixedPoint - 0.00453 (ms)
2026-07-07 17:16:07,439 [INFO] Pass: Optimize1qGatesDecomposition - 0.79632 (ms)
2026-07-07 17:16:07,439 [INFO] Pass: InverseCancellation - 0.09894 (ms)
2026-07-07 17:16:07,439 [INFO] Pass: GatesInBasis - 0.39744 (ms)
2026-07-07 17:16:07,440 [INFO] Pass: Depth - 0.08225 (ms)
2026-07-07 17:16:07,440 [INFO] Pass: FixedPoint - 0.00548 (ms)
2026-07-07 17:16:07,440 [INFO] Pass: Size - 0.03076 (ms)
2026-07-07 17:16:07,440 [INFO] Pass: FixedPoint - 0.00429 (ms)
2026-07-07 17:16:07,440 [INFO] Pass: ContainsInstruction - 0.00429 (ms)
2026-07-07 17:16:07,440 [INFO] Total Transpile Time - 60.97603 (ms)
2026-07-07 17:16:07,497 [INFO] Pass: ContainsInstruction - 0.00668 (ms)
2026-07-07 17:16:07,497 [INFO] Pass: InverseCancellation - 0.11373 (ms)
2026-07-07 17:16:07,497 [INFO] Pass: UnitarySynthesis - 0.00453 (ms)
2026-07-07 17:16:07,498 [INFO] Pass: HighLevelSynthesis - 0.74530 (ms)
2026-07-07 17:16:07,499 [INFO] Pass: BasisTranslator - 0.41699 (ms)
2026-07-07 17:16:07,499 [INFO] Pass: Depth - 0.09274 (ms)
2026-07-07 17:16:07,499 [INFO] Pass: FixedPoint - 0.00668 (ms)
2026-07-07 17:16:07,499 [INFO] Pass: Size - 0.03934 (ms)
2026-07-07 17:16:07,499 [INFO] Pass: FixedPoint - 0.00429 (ms)
2026-07-07 17:16:07,500 [INFO] Pass: Optimize1qGatesDecomposition - 0.90504 (ms)
2026-07-07 17:16:07,500 [INFO] Pass: InverseCancellation - 0.00715 (ms)
2026-07-07 17:16:07,501 [INFO] Pass: GatesInBasis - 0.54812 (ms)
2026-07-07 17:16:07,501 [INFO] Pass: Depth - 0.08869 (ms)
2026-07-07 17:16:07,501 [INFO] Pass: FixedPoint - 0.00620 (ms)
2026-07-07 17:16:07,501 [INFO] Pass: Size - 0.03123 (ms)
2026-07-07 17:16:07,501 [INFO] Pass: FixedPoint - 0.00429 (ms)
2026-07-07 17:16:07,502 [INFO] Pass: Optimize1qGatesDecomposition - 0.75889 (ms)
2026-07-07 17:16:07,502 [INFO] Pass: InverseCancellation - 0.00715 (ms)
2026-07-07 17:16:07,502 [INFO] Pass: GatesInBasis - 0.39864 (ms)
2026-07-07 17:16:07,502 [INFO] Pass: Depth - 0.08249 (ms)
2026-07-07 17:16:07,502 [INFO] Pass: FixedPoint - 0.00548 (ms)
2026-07-07 17:16:07,502 [INFO] Pass: Size - 0.03099 (ms)
2026-07-07 17:16:07,502 [INFO] Pass: FixedPoint - 0.00429 (ms)
2026-07-07 17:16:07,502 [INFO] Pass: ContainsInstruction - 0.00477 (ms)
2026-07-07 17:16:07,503 [INFO] Total Transpile Time - 62.63137 (ms)
2026-07-07 17:29:40,036 [INFO] Pass: ContainsInstruction - 0.00834 (ms)
2026-07-07 17:29:40,036 [INFO] Pass: InverseCancellation - 0.01025 (ms)
2026-07-07 17:29:40,036 [INFO] Pass: UnitarySynthesis - 0.00501 (ms)
2026-07-07 17:29:40,037 [INFO] Pass: HighLevelSynthesis - 0.64683 (ms)
2026-07-07 17:29:40,038 [INFO] Pass: BasisTranslator - 0.35739 (ms)
2026-07-07 17:29:40,038 [INFO] Pass: Depth - 0.08845 (ms)
2026-07-07 17:29:40,038 [INFO] Pass: FixedPoint - 0.00763 (ms)
2026-07-07 17:29:40,038 [INFO] Pass: Size - 0.03004 (ms)
2026-07-07 17:29:40,038 [INFO] Pass: FixedPoint - 0.00501 (ms)
2026-07-07 17:29:40,038 [INFO] Pass: Optimize1qGatesDecomposition - 0.06771 (ms)
2026-07-07 17:29:40,038 [INFO] Pass: InverseCancellation - 0.00644 (ms)
2026-07-07 17:29:40,038 [INFO] Pass: GatesInBasis - 0.36502 (ms)
2026-07-07 17:29:40,039 [INFO] Pass: Depth - 0.07439 (ms)
2026-07-07 17:29:40,039 [INFO] Pass: FixedPoint - 0.00501 (ms)
2026-07-07 17:29:40,039 [INFO] Pass: Size - 0.02837 (ms)
2026-07-07 17:29:40,039 [INFO] Pass: FixedPoint - 0.00453 (ms)
2026-07-07 17:29:40,039 [INFO] Pass: ContainsInstruction - 0.00405 (ms)
2026-07-07 17:29:40,039 [INFO] Total Transpile Time - 65.37986 (ms)
2026-07-07 17:29:40,096 [INFO] Pass: ContainsInstruction - 0.00691 (ms)
2026-07-07 17:29:40,096 [INFO] Pass: InverseCancellation - 0.10633 (ms)
2026-07-07 17:29:40,096 [INFO] Pass: UnitarySynthesis - 0.00477 (ms)
2026-07-07 17:29:40,097 [INFO] Pass: HighLevelSynthesis - 0.68069 (ms)
2026-07-07 17:29:40,097 [INFO] Pass: BasisTranslator - 0.37885 (ms)
2026-07-07 17:29:40,098 [INFO] Pass: Depth - 0.08559 (ms)
2026-07-07 17:29:40,098 [INFO] Pass: FixedPoint - 0.00691 (ms)
2026-07-07 17:29:40,098 [INFO] Pass: Size - 0.03147 (ms)
2026-07-07 17:29:40,098 [INFO] Pass: FixedPoint - 0.00453 (ms)
2026-07-07 17:29:40,098 [INFO] Pass: Optimize1qGatesDecomposition - 0.76818 (ms)
2026-07-07 17:29:40,099 [INFO] Pass: InverseCancellation - 0.09131 (ms)
2026-07-07 17:29:40,099 [INFO] Pass: GatesInBasis - 0.39911 (ms)
2026-07-07 17:29:40,099 [INFO] Pass: Depth - 0.08154 (ms)
2026-07-07 17:29:40,099 [INFO] Pass: FixedPoint - 0.00572 (ms)
2026-07-07 17:29:40,099 [INFO] Pass: Size - 0.03076 (ms)
2026-07-07 17:29:40,099 [INFO] Pass: FixedPoint - 0.00429 (ms)
2026-07-07 17:29:40,099 [INFO] Pass: ContainsInstruction - 0.00477 (ms)
2026-07-07 17:29:40,100 [INFO] Total Transpile Time - 60.57906 (ms)
2026-07-07 17:29:40,156 [INFO] Pass: ContainsInstruction - 0.00691 (ms)
2026-07-07 17:29:40,157 [INFO] Pass: InverseCancellation - 0.11158 (ms)
2026-07-07 17:29:40,157 [INFO] Pass: UnitarySynthesis - 0.00477 (ms)
2026-07-07 17:29:40,157 [INFO] Pass: HighLevelSynthesis - 0.75746 (ms)
2026-07-07 17:29:40,158 [INFO] Pass: BasisTranslator - 0.41842 (ms)
2026-07-07 17:29:40,158 [INFO] Pass: Depth - 0.09418 (ms)
2026-07-07 17:29:40,158 [INFO] Pass: FixedPoint - 0.00668 (ms)
2026-07-07 17:29:40,158 [INFO] Pass: Size - 0.03338 (ms)
2026-07-07 17:29:40,158 [INFO] Pass: FixedPoint - 0.00453 (ms)
2026-07-07 17:29:40,159 [INFO] Pass: Optimize1qGatesDecomposition - 0.89002 (ms)
2026-07-07 17:29:40,159 [INFO] Pass: InverseCancellation - 0.00691 (ms)
2026-07-07 17:29:40,160 [INFO] Pass: GatesInBasis - 0.54312 (ms)
2026-07-07 17:29:40,160 [INFO] Pass: Depth - 0.08821 (ms)
2026-07-07 17:29:40,160 [INFO] Pass: FixedPoint - 0.00620 (ms)
2026-07-07 17:29:40,160 [INFO] Pass: Size - 0.03147 (ms)
2026-07-07 17:29:40,160 [INFO] Pass: FixedPoint - 0.00429 (ms)
2026-07-07 17:29:40,161 [INFO] Pass: Optimize1qGatesDecomposition - 0.74601 (ms)
2026-07-07 17:29:40,161 [INFO] Pass: InverseCancellation - 0.00668 (ms)
2026-07-07 17:29:40,161 [INFO] Pass: GatesInBasis - 0.40317 (ms)
2026-07-07 17:29:40,161 [INFO] Pass: Depth - 0.08202 (ms)
2026-07-07 17:29:40,161 [INFO] Pass: FixedPoint - 0.00525 (ms)
2026-07-07 17:29:40,161 [INFO] Pass: Size - 0.03052 (ms)
2026-07-07 17:29:40,162 [INFO] Pass: FixedPoint - 0.00405 (ms)
2026-07-07 17:29:40,162 [INFO] Pass: ContainsInstruction - 0.00477 (ms)
2026-07-07 17:29:40,162 [INFO] Total Transpile Time - 62.14023 (ms)
2026-07-07 17:43:19,173 [INFO] Pass: ContainsInstruction - 0.00858 (ms)
2026-07-07 17:43:19,174 [INFO] Pass: InverseCancellation - 0.01025 (ms)
2026-07-07 17:43:19,174 [INFO] Pass: UnitarySynthesis - 0.00477 (ms)
2026-07-07 17:43:19,174 [INFO] Pass: HighLevelSynthesis - 0.63133 (ms)
2026-07-07 17:43:19,175 [INFO] Pass: BasisTranslator - 0.35286 (ms)
2026-07-07 17:43:19,175 [INFO] Pass: Depth - 0.08845 (ms)
2026-07-07 17:43:19,175 [INFO] Pass: FixedPoint - 0.00834 (ms)
2026-07-07 17:43:19,175 [INFO] Pass: Size - 0.03123 (ms)
2026-07-07 17:43:19,175 [INFO] Pass: FixedPoint - 0.00453 (ms)
2026-07-07 17:43:19,175 [INFO] Pass: Optimize1qGatesDecomposition - 0.06390 (ms)
2026-07-07 17:43:19,175 [INFO] Pass: InverseCancellation - 0.00644 (ms)
2026-07-07 17:43:19,176 [INFO] Pass: GatesInBasis - 0.36311 (ms)
2026-07-07 17:43:19,176 [INFO] Pass: Depth - 0.07319 (ms)
2026-07-07 17:43:19,176 [INFO] Pass: FixedPoint - 0.00501 (ms)
2026-07-07 17:43:19,176 [INFO] Pass: Size - 0.02789 (ms)
2026-07-07 17:43:19,176 [INFO] Pass: FixedPoint - 0.00429 (ms)
2026-07-07 17:43:19,176 [INFO] Pass: ContainsInstruction - 0.00453 (ms)
2026-07-07 17:43:19,176 [INFO] Total Transpile Time - 61.89418 (ms)
2026-07-07 17:43:19,233 [INFO] Pass: ContainsInstruction - 0.00715 (ms)
2026-07-07 17:43:19,233 [INFO] Pass: InverseCancellation - 0.10443 (ms)
2026-07-07 17:43:19,233 [INFO] Pass: UnitarySynthesis - 0.00453 (ms)
2026-07-07 17:43:19,234 [INFO] Pass: HighLevelSynthesis - 0.68617 (ms)
2026-07-07 17:43:19,234 [INFO] Pass: BasisTranslator - 0.37622 (ms)
2026-07-07 17:43:19,235 [INFO] Pass: Depth - 0.08726 (ms)
2026-07-07 17:43:19,235 [INFO] Pass: FixedPoint - 0.00691 (ms)
2026-07-07 17:43:19,235 [INFO] Pass: Size - 0.03123 (ms)
2026-07-07 17:43:19,235 [INFO] Pass: FixedPoint - 0.00453 (ms)
2026-07-07 17:43:19,235 [INFO] Pass: Optimize1qGatesDecomposition - 0.77605 (ms)
2026-07-07 17:43:19,236 [INFO] Pass: InverseCancellation - 0.08917 (ms)
2026-07-07 17:43:19,236 [INFO] Pass: GatesInBasis - 0.39911 (ms)
2026-07-07 17:43:19,236 [INFO] Pass: Depth - 0.08059 (ms)
2026-07-07 17:43:19,236 [INFO] Pass: FixedPoint - 0.00548 (ms)
2026-07-07 17:43:19,236 [INFO] Pass: Size - 0.03076 (ms)
2026-07-07 17:43:19,236 [INFO] Pass: FixedPoint - 0.00429 (ms)
2026-07-07 17:43:19,236 [INFO] Pass: ContainsInstruction - 0.00501 (ms)
2026-07-07 17:43:19,237 [INFO] Total Transpile Time - 60.50444 (ms)
2026-07-07 17:43:19,293 [INFO] Pass: ContainsInstruction - 0.00691 (ms)
2026-07-07 17:43:19,294 [INFO] Pass: InverseCancellation - 0.11039 (ms)
2026-07-07 17:43:19,294 [INFO] Pass: UnitarySynthesis - 0.00429 (ms)
2026-07-07 17:43:19,294 [INFO] Pass: HighLevelSynthesis - 0.75507 (ms)
2026-07-07 17:43:19,295 [INFO] Pass: BasisTranslator - 0.41819 (ms)
2026-07-07 17:43:19,295 [INFO] Pass: Depth - 0.09179 (ms)
2026-07-07 17:43:19,295 [INFO] Pass: FixedPoint - 0.00691 (ms)
2026-07-07 17:43:19,295 [INFO] Pass: Size - 0.03290 (ms)
2026-07-07 17:43:19,295 [INFO] Pass: FixedPoint - 0.00477 (ms)
2026-07-07 17:43:19,296 [INFO] Pass: Optimize1qGatesDecomposition - 0.89025 (ms)
2026-07-07 17:43:19,296 [INFO] Pass: InverseCancellation - 0.00715 (ms)
2026-07-07 17:43:19,297 [INFO] Pass: GatesInBasis - 0.70071 (ms)
2026-07-07 17:43:19,297 [INFO] Pass: Depth - 0.08917 (ms)
2026-07-07 17:43:19,297 [INFO] Pass: FixedPoint - 0.00620 (ms)
2026-07-07 17:43:19,297 [INFO] Pass: Size - 0.03147 (ms)
2026-07-07 17:43:19,297 [INFO] Pass: FixedPoint - 0.00453 (ms)
2026-07-07 17:43:19,298 [INFO] Pass: Optimize1qGatesDecomposition - 0.75459 (ms)
2026-07-07 17:43:19,298 [INFO] Pass: InverseCancellation - 0.00739 (ms)
2026-07-07 17:43:19,299 [INFO] Pass: GatesInBasis - 0.39744 (ms)
2026-07-07 17:43:19,299 [INFO] Pass: Depth - 0.08202 (ms)
2026-07-07 17:43:19,299 [INFO] Pass: FixedPoint - 0.00501 (ms)
2026-07-07 17:43:19,299 [INFO] Pass: Size - 0.03076 (ms)
2026-07-07 17:43:19,299 [INFO] Pass: FixedPoint - 0.00429 (ms)
2026-07-07 17:43:19,299 [INFO] Pass: ContainsInstruction - 0.00477 (ms)
2026-07-07 17:43:19,299 [INFO] Total Transpile Time - 62.36243 (ms)
2026-07-07 17:57:01,879 [INFO] Pass: ContainsInstruction - 0.00834 (ms)
2026-07-07 17:57:01,880 [INFO] Pass: InverseCancellation - 0.00954 (ms)
2026-07-07 17:57:01,880 [INFO] Pass: UnitarySynthesis - 0.00477 (ms)
2026-07-07 17:57:01,881 [INFO] Pass: HighLevelSynthesis - 0.63467 (ms)
2026-07-07 17:57:01,881 [INFO] Pass: BasisTranslator - 0.35596 (ms)
2026-07-07 17:57:01,881 [INFO] Pass: Depth - 0.09108 (ms)
2026-07-07 17:57:01,881 [INFO] Pass: FixedPoint - 0.00811 (ms)
2026-07-07 17:57:01,881 [INFO] Pass: Size - 0.03052 (ms)
2026-07-07 17:57:01,881 [INFO] Pass: FixedPoint - 0.00453 (ms)
2026-07-07 17:57:01,882 [INFO] Pass: Optimize1qGatesDecomposition - 0.06461 (ms)
2026-07-07 17:57:01,882 [INFO] Pass: InverseCancellation - 0.00691 (ms)
2026-07-07 17:57:01,882 [INFO] Pass: GatesInBasis - 0.37265 (ms)
2026-07-07 17:57:01,882 [INFO] Pass: Depth - 0.07463 (ms)
2026-07-07 17:57:01,882 [INFO] Pass: FixedPoint - 0.00525 (ms)
2026-07-07 17:57:01,882 [INFO] Pass: Size - 0.02813 (ms)
2026-07-07 17:57:01,882 [INFO] Pass: FixedPoint - 0.00429 (ms)
2026-07-07 17:57:01,882 [INFO] Pass: ContainsInstruction - 0.00453 (ms)
2026-07-07 17:57:01,883 [INFO] Total Transpile Time - 64.85796 (ms)
2026-07-07 17:57:01,939 [INFO] Pass: ContainsInstruction - 0.00620 (ms)
2026-07-07 17:57:01,940 [INFO] Pass: InverseCancellation - 0.10419 (ms)
2026-07-07 17:57:01,940 [INFO] Pass: UnitarySynthesis - 0.00453 (ms)
2026-07-07 17:57:01,940 [INFO] Pass: HighLevelSynthesis - 0.68426 (ms)
2026-07-07 17:57:01,941 [INFO] Pass: BasisTranslator - 0.38028 (ms)
2026-07-07 17:57:01,941 [INFO] Pass: Depth - 0.09036 (ms)
2026-07-07 17:57:01,941 [INFO] Pass: FixedPoint - 0.00715 (ms)
2026-07-07 17:57:01,941 [INFO] Pass: Size - 0.03147 (ms)
2026-07-07 17:57:01,941 [INFO] Pass: FixedPoint - 0.00453 (ms)
2026-07-07 17:57:01,942 [INFO] Pass: Optimize1qGatesDecomposition - 0.78058 (ms)
2026-07-07 17:57:01,942 [INFO] Pass: InverseCancellation - 0.09131 (ms)
2026-07-07 17:57:01,943 [INFO] Pass: GatesInBasis - 0.40197 (ms)
2026-07-07 17:57:01,943 [INFO] Pass: Depth - 0.08178 (ms)
2026-07-07 17:57:01,943 [INFO] Pass: FixedPoint - 0.00548 (ms)
2026-07-07 17:57:01,943 [INFO] Pass: Size - 0.03076 (ms)
2026-07-07 17:57:01,943 [INFO] Pass: FixedPoint - 0.00429 (ms)
2026-07-07 17:57:01,943 [INFO] Pass: ContainsInstruction - 0.00429 (ms)
2026-07-07 17:57:01,943 [INFO] Total Transpile Time - 60.48012 (ms)
2026-07-07 17:57:02,000 [INFO] Pass: ContainsInstruction - 0.00668 (ms)
2026-07-07 17:57:02,001 [INFO] Pass: InverseCancellation - 0.11206 (ms)
2026-07-07 17:57:02,001 [INFO] Pass: UnitarySynthesis - 0.00429 (ms)
2026-07-07 17:57:02,001 [INFO] Pass: HighLevelSynthesis - 0.74244 (ms)
2026-07-07 17:57:02,002 [INFO] Pass: BasisTranslator - 0.41628 (ms)
2026-07-07 17:57:02,002 [INFO] Pass: Depth - 0.09108 (ms)
2026-07-07 17:57:02,002 [INFO] Pass: FixedPoint - 0.00668 (ms)
2026-07-07 17:57:02,002 [INFO] Pass: Size - 0.03362 (ms)
2026-07-07 17:57:02,002 [INFO] Pass: FixedPoint - 0.00453 (ms)
2026-07-07 17:57:02,003 [INFO] Pass: Optimize1qGatesDecomposition - 0.89502 (ms)
2026-07-07 17:57:02,003 [INFO] Pass: InverseCancellation - 0.00668 (ms)
2026-07-07 17:57:02,004 [INFO] Pass: GatesInBasis - 0.54741 (ms)
2026-07-07 17:57:02,004 [INFO] Pass: Depth - 0.08583 (ms)
2026-07-07 17:57:02,004 [INFO] Pass: FixedPoint - 0.00572 (ms)
2026-07-07 17:57:02,004 [INFO] Pass: Size - 0.03171 (ms)
2026-07-07 17:57:02,004 [INFO] Pass: FixedPoint - 0.00429 (ms)
2026-07-07 17:57:02,005 [INFO] Pass: Optimize1qGatesDecomposition - 0.74649 (ms)
2026-07-07 17:57:02,005 [INFO] Pass: InverseCancellation - 0.00668 (ms)
2026-07-07 17:57:02,005 [INFO] Pass: GatesInBasis - 0.40150 (ms)
2026-07-07 17:57:02,005 [INFO] Pass: Depth - 0.08130 (ms)
2026-07-07 17:57:02,005 [INFO] Pass: FixedPoint - 0.00477 (ms)
2026-07-07 17:57:02,005 [INFO] Pass: Size - 0.03076 (ms)
2026-07-07 17:57:02,006 [INFO] Pass: FixedPoint - 0.00405 (ms)
2026-07-07 17:57:02,006 [INFO] Pass: ContainsInstruction - 0.00453 (ms)
2026-07-07 17:57:02,006 [INFO] Total Transpile Time - 62.66522 (ms)
2026-07-07 18:10:51,305 [INFO] Pass: ContainsInstruction - 0.00787 (ms)
2026-07-07 18:10:51,306 [INFO] Pass: InverseCancellation - 0.01001 (ms)
2026-07-07 18:10:51,306 [INFO] Pass: UnitarySynthesis - 0.00477 (ms)
2026-07-07 18:10:51,306 [INFO] Pass: HighLevelSynthesis - 0.64564 (ms)
2026-07-07 18:10:51,307 [INFO] Pass: BasisTranslator - 0.35596 (ms)
2026-07-07 18:10:51,307 [INFO] Pass: Depth - 0.08988 (ms)
2026-07-07 18:10:51,307 [INFO] Pass: FixedPoint - 0.00787 (ms)
2026-07-07 18:10:51,307 [INFO] Pass: Size - 0.03099 (ms)
2026-07-07 18:10:51,307 [INFO] Pass: FixedPoint - 0.00453 (ms)
2026-07-07 18:10:51,307 [INFO] Pass: Optimize1qGatesDecomposition - 0.06437 (ms)
2026-07-07 18:10:51,307 [INFO] Pass: InverseCancellation - 0.00691 (ms)
2026-07-07 18:10:51,308 [INFO] Pass: GatesInBasis - 0.36263 (ms)
2026-07-07 18:10:51,308 [INFO] Pass: Depth - 0.07367 (ms)
2026-07-07 18:10:51,308 [INFO] Pass: FixedPoint - 0.00501 (ms)
2026-07-07 18:10:51,308 [INFO] Pass: Size - 0.03195 (ms)
2026-07-07 18:10:51,308 [INFO] Pass: FixedPoint - 0.00453 (ms)
2026-07-07 18:10:51,308 [INFO] Pass: ContainsInstruction - 0.00429 (ms)
2026-07-07 18:10:51,309 [INFO] Total Transpile Time - 61.20825 (ms)
2026-07-07 18:10:51,366 [INFO] Pass: ContainsInstruction - 0.00668 (ms)
2026-07-07 18:10:51,366 [INFO] Pass: InverseCancellation - 0.10443 (ms)
2026-07-07 18:10:51,366 [INFO] Pass: UnitarySynthesis - 0.00429 (ms)
2026-07-07 18:10:51,367 [INFO] Pass: HighLevelSynthesis - 0.67949 (ms)
2026-07-07 18:10:51,367 [INFO] Pass: BasisTranslator - 0.38600 (ms)
2026-07-07 18:10:51,367 [INFO] Pass: Depth - 0.08607 (ms)
2026-07-07 18:10:51,367 [INFO] Pass: FixedPoint - 0.00691 (ms)
2026-07-07 18:10:51,367 [INFO] Pass: Size - 0.03171 (ms)
2026-07-07 18:10:51,367 [INFO] Pass: FixedPoint - 0.00453 (ms)
2026-07-07 18:10:51,368 [INFO] Pass: Optimize1qGatesDecomposition - 0.77343 (ms)
2026-07-07 18:10:51,368 [INFO] Pass: InverseCancellation - 0.08893 (ms)
2026-07-07 18:10:51,369 [INFO] Pass: GatesInBasis - 0.39768 (ms)
2026-07-07 18:10:51,369 [INFO] Pass: Depth - 0.08178 (ms)
2026-07-07 18:10:51,369 [INFO] Pass: FixedPoint - 0.00525 (ms)
2026-07-07 18:10:51,369 [INFO] Pass: Size - 0.03505 (ms)
2026-07-07 18:10:51,369 [INFO] Pass: FixedPoint - 0.00405 (ms)
2026-07-07 18:10:51,369 [INFO] Pass: ContainsInstruction - 0.00453 (ms)
2026-07-07 18:10:51,370 [INFO] Total Transpile Time - 60.93979 (ms)
2026-07-07 18:10:51,426 [INFO] Pass: ContainsInstruction - 0.00644 (ms)
2026-07-07 18:10:51,426 [INFO] Pass: InverseCancellation - 0.10943 (ms)
2026-07-07 18:10:51,426 [INFO] Pass: UnitarySynthesis - 0.00405 (ms)
2026-07-07 18:10:51,427 [INFO] Pass: HighLevelSynthesis - 0.75459 (ms)
2026-07-07 18:10:51,428 [INFO] Pass: BasisTranslator - 0.41366 (ms)
2026-07-07 18:10:51,428 [INFO] Pass: Depth - 0.09179 (ms)
2026-07-07 18:10:51,428 [INFO] Pass: FixedPoint - 0.00668 (ms)
2026-07-07 18:10:51,428 [INFO] Pass: Size - 0.03290 (ms)
2026-07-07 18:10:51,428 [INFO] Pass: FixedPoint - 0.00453 (ms)
2026-07-07 18:10:51,429 [INFO] Pass: Optimize1qGatesDecomposition - 0.88501 (ms)
2026-07-07 18:10:51,429 [INFO] Pass: InverseCancellation - 0.00691 (ms)
2026-07-07 18:10:51,430 [INFO] Pass: GatesInBasis - 0.54383 (ms)
2026-07-07 18:10:51,430 [INFO] Pass: Depth - 0.08798 (ms)
2026-07-07 18:10:51,430 [INFO] Pass: FixedPoint - 0.00596 (ms)
2026-07-07 18:10:51,430 [INFO] Pass: Size - 0.03123 (ms)
2026-07-07 18:10:51,430 [INFO] Pass: FixedPoint - 0.00405 (ms)
2026-07-07 18:10:51,431 [INFO] Pass: Optimize1qGatesDecomposition - 0.74720 (ms)
2026-07-07 18:10:51,431 [INFO] Pass: InverseCancellation - 0.00715 (ms)
2026-07-07 18:10:51,431 [INFO] Pass: GatesInBasis - 0.40174 (ms)
2026-07-07 18:10:51,431 [INFO] Pass: Depth - 0.08225 (ms)
2026-07-07 18:10:51,431 [INFO] Pass: FixedPoint - 0.00501 (ms)
2026-07-07 18:10:51,431 [INFO] Pass: Size - 0.03052 (ms)
2026-07-07 18:10:51,431 [INFO] Pass: FixedPoint - 0.00429 (ms)
2026-07-07 18:10:51,431 [INFO] Pass: ContainsInstruction - 0.00477 (ms)
2026-07-07 18:10:51,432 [INFO] Total Transpile Time - 62.38794 (ms)
2026-07-07 18:24:30,327 [INFO] Pass: ContainsInstruction - 0.00834 (ms)
2026-07-07 18:24:30,327 [INFO] Pass: InverseCancellation - 0.00954 (ms)
2026-07-07 18:24:30,327 [INFO] Pass: UnitarySynthesis - 0.00453 (ms)
2026-07-07 18:24:30,328 [INFO] Pass: HighLevelSynthesis - 0.63801 (ms)
2026-07-07 18:24:30,328 [INFO] Pass: BasisTranslator - 0.34928 (ms)
2026-07-07 18:24:30,328 [INFO] Pass: Depth - 0.08988 (ms)
2026-07-07 18:24:30,328 [INFO] Pass: FixedPoint - 0.00739 (ms)
2026-07-07 18:24:30,329 [INFO] Pass: Size - 0.03052 (ms)
2026-07-07 18:24:30,329 [INFO] Pass: FixedPoint - 0.00453 (ms)
2026-07-07 18:24:30,329 [INFO] Pass: Optimize1qGatesDecomposition - 0.06294 (ms)
2026-07-07 18:24:30,329 [INFO] Pass: InverseCancellation - 0.00620 (ms)
2026-07-07 18:24:30,329 [INFO] Pass: GatesInBasis - 0.37003 (ms)
2026-07-07 18:24:30,329 [INFO] Pass: Depth - 0.07439 (ms)
2026-07-07 18:24:30,329 [INFO] Pass: FixedPoint - 0.00501 (ms)
2026-07-07 18:24:30,329 [INFO] Pass: Size - 0.02837 (ms)
2026-07-07 18:24:30,329 [INFO] Pass: FixedPoint - 0.00477 (ms)
2026-07-07 18:24:30,329 [INFO] Pass: ContainsInstruction - 0.00429 (ms)
2026-07-07 18:24:30,330 [INFO] Total Transpile Time - 78.45759 (ms)
2026-07-07 18:24:30,387 [INFO] Pass: ContainsInstruction - 0.00644 (ms)
2026-07-07 18:24:30,387 [INFO] Pass: InverseCancellation - 0.10467 (ms)
2026-07-07 18:24:30,387 [INFO] Pass: UnitarySynthesis - 0.00429 (ms)
2026-07-07 18:24:30,388 [INFO] Pass: HighLevelSynthesis - 0.68331 (ms)
2026-07-07 18:24:30,388 [INFO] Pass: BasisTranslator - 0.38218 (ms)
2026-07-07 18:24:30,388 [INFO] Pass: Depth - 0.08655 (ms)
2026-07-07 18:24:30,388 [INFO] Pass: FixedPoint - 0.00691 (ms)
2026-07-07 18:24:30,388 [INFO] Pass: Size - 0.03123 (ms)
2026-07-07 18:24:30,389 [INFO] Pass: FixedPoint - 0.00453 (ms)
2026-07-07 18:24:30,389 [INFO] Pass: Optimize1qGatesDecomposition - 0.77224 (ms)
2026-07-07 18:24:30,389 [INFO] Pass: InverseCancellation - 0.08893 (ms)
2026-07-07 18:24:30,390 [INFO] Pass: GatesInBasis - 0.39744 (ms)
2026-07-07 18:24:30,390 [INFO] Pass: Depth - 0.08106 (ms)
2026-07-07 18:24:30,390 [INFO] Pass: FixedPoint - 0.00548 (ms)
2026-07-07 18:24:30,390 [INFO] Pass: Size - 0.03052 (ms)
2026-07-07 18:24:30,390 [INFO] Pass: FixedPoint - 0.00429 (ms)
2026-07-07 18:24:30,390 [INFO] Pass: ContainsInstruction - 0.00477 (ms)
2026-07-07 18:24:30,391 [INFO] Total Transpile Time - 60.73570 (ms)
2026-07-07 18:24:30,447 [INFO] Pass: ContainsInstruction - 0.00596 (ms)
2026-07-07 18:24:30,448 [INFO] Pass: InverseCancellation - 0.11110 (ms)
2026-07-07 18:24:30,448 [INFO] Pass: UnitarySynthesis - 0.00429 (ms)
2026-07-07 18:24:30,448 [INFO] Pass: HighLevelSynthesis - 0.76008 (ms)
2026-07-07 18:24:30,449 [INFO] Pass: BasisTranslator - 0.42033 (ms)
2026-07-07 18:24:30,449 [INFO] Pass: Depth - 0.09060 (ms)
2026-07-07 18:24:30,449 [INFO] Pass: FixedPoint - 0.00644 (ms)
2026-07-07 18:24:30,449 [INFO] Pass: Size - 0.03290 (ms)
2026-07-07 18:24:30,449 [INFO] Pass: FixedPoint - 0.00429 (ms)
2026-07-07 18:24:30,450 [INFO] Pass: Optimize1qGatesDecomposition - 0.88954 (ms)
2026-07-07 18:24:30,450 [INFO] Pass: InverseCancellation - 0.00691 (ms)
2026-07-07 18:24:30,451 [INFO] Pass: GatesInBasis - 0.55051 (ms)
2026-07-07 18:24:30,451 [INFO] Pass: Depth - 0.09370 (ms)
2026-07-07 18:24:30,451 [INFO] Pass: FixedPoint - 0.00620 (ms)
2026-07-07 18:24:30,451 [INFO] Pass: Size - 0.03123 (ms)
2026-07-07 18:24:30,451 [INFO] Pass: FixedPoint - 0.00429 (ms)
2026-07-07 18:24:30,452 [INFO] Pass: Optimize1qGatesDecomposition - 0.74506 (ms)
2026-07-07 18:24:30,452 [INFO] Pass: InverseCancellation - 0.00691 (ms)
2026-07-07 18:24:30,452 [INFO] Pass: GatesInBasis - 0.39816 (ms)
2026-07-07 18:24:30,452 [INFO] Pass: Depth - 0.08154 (ms)
2026-07-07 18:24:30,453 [INFO] Pass: FixedPoint - 0.00525 (ms)
2026-07-07 18:24:30,453 [INFO] Pass: Size - 0.03052 (ms)
2026-07-07 18:24:30,453 [INFO] Pass: FixedPoint - 0.00453 (ms)
2026-07-07 18:24:30,453 [INFO] Pass: ContainsInstruction - 0.00453 (ms)
2026-07-07 18:24:30,453 [INFO] Total Transpile Time - 62.35766 (ms)
2026-07-07 18:38:03,495 [INFO] Pass: ContainsInstruction - 0.00763 (ms)
2026-07-07 18:38:03,496 [INFO] Pass: InverseCancellation - 0.00930 (ms)
2026-07-07 18:38:03,496 [INFO] Pass: UnitarySynthesis - 0.00453 (ms)
2026-07-07 18:38:03,496 [INFO] Pass: HighLevelSynthesis - 0.64230 (ms)
2026-07-07 18:38:03,497 [INFO] Pass: BasisTranslator - 0.35238 (ms)
2026-07-07 18:38:03,497 [INFO] Pass: Depth - 0.08988 (ms)
2026-07-07 18:38:03,497 [INFO] Pass: FixedPoint - 0.00739 (ms)
2026-07-07 18:38:03,497 [INFO] Pass: Size - 0.03457 (ms)
2026-07-07 18:38:03,497 [INFO] Pass: FixedPoint - 0.00477 (ms)
2026-07-07 18:38:03,497 [INFO] Pass: Optimize1qGatesDecomposition - 0.06413 (ms)
2026-07-07 18:38:03,497 [INFO] Pass: InverseCancellation - 0.00644 (ms)
2026-07-07 18:38:03,498 [INFO] Pass: GatesInBasis - 0.36740 (ms)
2026-07-07 18:38:03,498 [INFO] Pass: Depth - 0.07463 (ms)
2026-07-07 18:38:03,498 [INFO] Pass: FixedPoint - 0.00501 (ms)
2026-07-07 18:38:03,498 [INFO] Pass: Size - 0.02837 (ms)
2026-07-07 18:38:03,498 [INFO] Pass: FixedPoint - 0.00405 (ms)
2026-07-07 18:38:03,498 [INFO] Pass: ContainsInstruction - 0.00453 (ms)
2026-07-07 18:38:03,498 [INFO] Total Transpile Time - 60.81963 (ms)
2026-07-07 18:38:03,555 [INFO] Pass: ContainsInstruction - 0.00620 (ms)
2026-07-07 18:38:03,555 [INFO] Pass: InverseCancellation - 0.10467 (ms)
2026-07-07 18:38:03,555 [INFO] Pass: UnitarySynthesis - 0.00405 (ms)
2026-07-07 18:38:03,556 [INFO] Pass: HighLevelSynthesis - 0.69523 (ms)
2026-07-07 18:38:03,557 [INFO] Pass: BasisTranslator - 0.38290 (ms)
2026-07-07 18:38:03,557 [INFO] Pass: Depth - 0.08535 (ms)
2026-07-07 18:38:03,557 [INFO] Pass: FixedPoint - 0.00691 (ms)
2026-07-07 18:38:03,557 [INFO] Pass: Size - 0.03099 (ms)
2026-07-07 18:38:03,557 [INFO] Pass: FixedPoint - 0.00453 (ms)
2026-07-07 18:38:03,558 [INFO] Pass: Optimize1qGatesDecomposition - 0.76771 (ms)
2026-07-07 18:38:03,558 [INFO] Pass: InverseCancellation - 0.08965 (ms)
2026-07-07 18:38:03,558 [INFO] Pass: GatesInBasis - 0.39983 (ms)
2026-07-07 18:38:03,558 [INFO] Pass: Depth - 0.08249 (ms)
2026-07-07 18:38:03,558 [INFO] Pass: FixedPoint - 0.00525 (ms)
2026-07-07 18:38:03,558 [INFO] Pass: Size - 0.03076 (ms)
2026-07-07 18:38:03,558 [INFO] Pass: FixedPoint - 0.00429 (ms)
2026-07-07 18:38:03,559 [INFO] Pass: ContainsInstruction - 0.00429 (ms)
2026-07-07 18:38:03,559 [INFO] Total Transpile Time - 60.66370 (ms)
2026-07-07 18:38:03,615 [INFO] Pass: ContainsInstruction - 0.00644 (ms)
2026-07-07 18:38:03,616 [INFO] Pass: InverseCancellation - 0.11277 (ms)
2026-07-07 18:38:03,616 [INFO] Pass: UnitarySynthesis - 0.00405 (ms)
2026-07-07 18:38:03,616 [INFO] Pass: HighLevelSynthesis - 0.75650 (ms)
2026-07-07 18:38:03,617 [INFO] Pass: BasisTranslator - 0.41366 (ms)
2026-07-07 18:38:03,617 [INFO] Pass: Depth - 0.09036 (ms)
2026-07-07 18:38:03,617 [INFO] Pass: FixedPoint - 0.00620 (ms)
2026-07-07 18:38:03,617 [INFO] Pass: Size - 0.03314 (ms)
2026-07-07 18:38:03,617 [INFO] Pass: FixedPoint - 0.00453 (ms)
2026-07-07 18:38:03,618 [INFO] Pass: Optimize1qGatesDecomposition - 0.88477 (ms)
2026-07-07 18:38:03,618 [INFO] Pass: InverseCancellation - 0.00691 (ms)
2026-07-07 18:38:03,619 [INFO] Pass: GatesInBasis - 0.55075 (ms)
2026-07-07 18:38:03,619 [INFO] Pass: Depth - 0.09179 (ms)
2026-07-07 18:38:03,619 [INFO] Pass: FixedPoint - 0.00572 (ms)
2026-07-07 18:38:03,619 [INFO] Pass: Size - 0.03147 (ms)
2026-07-07 18:38:03,619 [INFO] Pass: FixedPoint - 0.00453 (ms)
2026-07-07 18:38:03,620 [INFO] Pass: Optimize1qGatesDecomposition - 0.74196 (ms)
2026-07-07 18:38:03,620 [INFO] Pass: InverseCancellation - 0.00715 (ms)
2026-07-07 18:38:03,620 [INFO] Pass: GatesInBasis - 0.39983 (ms)
2026-07-07 18:38:03,620 [INFO] Pass: Depth - 0.08106 (ms)
2026-07-07 18:38:03,620 [INFO] Pass: FixedPoint - 0.00548 (ms)
2026-07-07 18:38:03,621 [INFO] Pass: Size - 0.03052 (ms)
2026-07-07 18:38:03,621 [INFO] Pass: FixedPoint - 0.00405 (ms)
2026-07-07 18:38:03,621 [INFO] Pass: ContainsInstruction - 0.00453 (ms)
2026-07-07 18:38:03,621 [INFO] Total Transpile Time - 62.04486 (ms)
2026-07-07 18:51:31,097 [INFO] Pass: ContainsInstruction - 0.00834 (ms)
2026-07-07 18:51:31,098 [INFO] Pass: InverseCancellation - 0.00978 (ms)
2026-07-07 18:51:31,098 [INFO] Pass: UnitarySynthesis - 0.00429 (ms)
2026-07-07 18:51:31,099 [INFO] Pass: HighLevelSynthesis - 0.62871 (ms)
2026-07-07 18:51:31,099 [INFO] Pass: BasisTranslator - 0.35787 (ms)
2026-07-07 18:51:31,099 [INFO] Pass: Depth - 0.08869 (ms)
2026-07-07 18:51:31,099 [INFO] Pass: FixedPoint - 0.00763 (ms)
2026-07-07 18:51:31,099 [INFO] Pass: Size - 0.03076 (ms)
2026-07-07 18:51:31,099 [INFO] Pass: FixedPoint - 0.00477 (ms)
2026-07-07 18:51:31,099 [INFO] Pass: Optimize1qGatesDecomposition - 0.06223 (ms)
2026-07-07 18:51:31,099 [INFO] Pass: InverseCancellation - 0.00644 (ms)
2026-07-07 18:51:31,100 [INFO] Pass: GatesInBasis - 0.36359 (ms)
2026-07-07 18:51:31,100 [INFO] Pass: Depth - 0.07439 (ms)
2026-07-07 18:51:31,100 [INFO] Pass: FixedPoint - 0.00501 (ms)
2026-07-07 18:51:31,100 [INFO] Pass: Size - 0.02813 (ms)
2026-07-07 18:51:31,100 [INFO] Pass: FixedPoint - 0.00381 (ms)
2026-07-07 18:51:31,100 [INFO] Pass: ContainsInstruction - 0.00453 (ms)
2026-07-07 18:51:31,101 [INFO] Total Transpile Time - 61.42831 (ms)
2026-07-07 18:51:31,157 [INFO] Pass: ContainsInstruction - 0.00644 (ms)
2026-07-07 18:51:31,158 [INFO] Pass: InverseCancellation - 0.10419 (ms)
2026-07-07 18:51:31,158 [INFO] Pass: UnitarySynthesis - 0.00405 (ms)
2026-07-07 18:51:31,158 [INFO] Pass: HighLevelSynthesis - 0.68998 (ms)
2026-07-07 18:51:31,159 [INFO] Pass: BasisTranslator - 0.37956 (ms)
2026-07-07 18:51:31,159 [INFO] Pass: Depth - 0.09131 (ms)
2026-07-07 18:51:31,159 [INFO] Pass: FixedPoint - 0.00691 (ms)
2026-07-07 18:51:31,159 [INFO] Pass: Size - 0.03195 (ms)
2026-07-07 18:51:31,159 [INFO] Pass: FixedPoint - 0.00453 (ms)
2026-07-07 18:51:31,160 [INFO] Pass: Optimize1qGatesDecomposition - 0.77510 (ms)
2026-07-07 18:51:31,160 [INFO] Pass: InverseCancellation - 0.09131 (ms)
2026-07-07 18:51:31,160 [INFO] Pass: GatesInBasis - 0.40102 (ms)
2026-07-07 18:51:31,161 [INFO] Pass: Depth - 0.08130 (ms)
2026-07-07 18:51:31,161 [INFO] Pass: FixedPoint - 0.00525 (ms)
2026-07-07 18:51:31,161 [INFO] Pass: Size - 0.03052 (ms)
2026-07-07 18:51:31,161 [INFO] Pass: FixedPoint - 0.00405 (ms)
2026-07-07 18:51:31,161 [INFO] Pass: ContainsInstruction - 0.00453 (ms)
2026-07-07 18:51:31,161 [INFO] Total Transpile Time - 60.54306 (ms)
2026-07-07 18:51:31,218 [INFO] Pass: ContainsInstruction - 0.00644 (ms)
2026-07-07 18:51:31,218 [INFO] Pass: InverseCancellation - 0.11230 (ms)
2026-07-07 18:51:31,218 [INFO] Pass: UnitarySynthesis - 0.00429 (ms)
2026-07-07 18:51:31,219 [INFO] Pass: HighLevelSynthesis - 0.75746 (ms)
2026-07-07 18:51:31,220 [INFO] Pass: BasisTranslator - 0.41533 (ms)
2026-07-07 18:51:31,220 [INFO] Pass: Depth - 0.09060 (ms)
2026-07-07 18:51:31,220 [INFO] Pass: FixedPoint - 0.00620 (ms)
2026-07-07 18:51:31,220 [INFO] Pass: Size - 0.03886 (ms)
2026-07-07 18:51:31,220 [INFO] Pass: FixedPoint - 0.00453 (ms)
2026-07-07 18:51:31,221 [INFO] Pass: Optimize1qGatesDecomposition - 0.88286 (ms)
2026-07-07 18:51:31,221 [INFO] Pass: InverseCancellation - 0.00668 (ms)
2026-07-07 18:51:31,222 [INFO] Pass: GatesInBasis - 0.54836 (ms)
2026-07-07 18:51:31,222 [INFO] Pass: Depth - 0.08655 (ms)
2026-07-07 18:51:31,222 [INFO] Pass: FixedPoint - 0.00596 (ms)
2026-07-07 18:51:31,222 [INFO] Pass: Size - 0.03123 (ms)
2026-07-07 18:51:31,222 [INFO] Pass: FixedPoint - 0.00429 (ms)
2026-07-07 18:51:31,223 [INFO] Pass: Optimize1qGatesDecomposition - 0.75269 (ms)
2026-07-07 18:51:31,223 [INFO] Pass: InverseCancellation - 0.00715 (ms)
2026-07-07 18:51:31,223 [INFO] Pass: GatesInBasis - 0.40340 (ms)
2026-07-07 18:51:31,223 [INFO] Pass: Depth - 0.08154 (ms)
2026-07-07 18:51:31,223 [INFO] Pass: FixedPoint - 0.00501 (ms)
2026-07-07 18:51:31,223 [INFO] Pass: Size - 0.03052 (ms)
2026-07-07 18:51:31,223 [INFO] Pass: FixedPoint - 0.00405 (ms)
2026-07-07 18:51:31,223 [INFO] Pass: ContainsInstruction - 0.00453 (ms)
2026-07-07 18:51:31,224 [INFO] Total Transpile Time - 62.51502 (ms)
2026-07-07 19:05:03,045 [INFO] Pass: ContainsInstruction - 0.00906 (ms)
2026-07-07 19:05:03,046 [INFO] Pass: InverseCancellation - 0.00978 (ms)
2026-07-07 19:05:03,046 [INFO] Pass: UnitarySynthesis - 0.00477 (ms)
2026-07-07 19:05:03,046 [INFO] Pass: HighLevelSynthesis - 0.63896 (ms)
2026-07-07 19:05:03,047 [INFO] Pass: BasisTranslator - 0.34881 (ms)
2026-07-07 19:05:03,047 [INFO] Pass: Depth - 0.09489 (ms)
2026-07-07 19:05:03,047 [INFO] Pass: FixedPoint - 0.00763 (ms)
2026-07-07 19:05:03,047 [INFO] Pass: Size - 0.03123 (ms)
2026-07-07 19:05:03,047 [INFO] Pass: FixedPoint - 0.00477 (ms)
2026-07-07 19:05:03,047 [INFO] Pass: Optimize1qGatesDecomposition - 0.06700 (ms)
2026-07-07 19:05:03,047 [INFO] Pass: InverseCancellation - 0.00644 (ms)
2026-07-07 19:05:03,048 [INFO] Pass: GatesInBasis - 0.36502 (ms)
2026-07-07 19:05:03,048 [INFO] Pass: Depth - 0.07606 (ms)
2026-07-07 19:05:03,048 [INFO] Pass: FixedPoint - 0.00525 (ms)
2026-07-07 19:05:03,048 [INFO] Pass: Size - 0.02861 (ms)
2026-07-07 19:05:03,048 [INFO] Pass: FixedPoint - 0.00429 (ms)
2026-07-07 19:05:03,048 [INFO] Pass: ContainsInstruction - 0.00477 (ms)
2026-07-07 19:05:03,049 [INFO] Total Transpile Time - 61.31363 (ms)
2026-07-07 19:05:03,105 [INFO] Pass: ContainsInstruction - 0.00691 (ms)
2026-07-07 19:05:03,105 [INFO] Pass: InverseCancellation - 0.10705 (ms)
2026-07-07 19:05:03,105 [INFO] Pass: UnitarySynthesis - 0.00453 (ms)
2026-07-07 19:05:03,106 [INFO] Pass: HighLevelSynthesis - 0.69070 (ms)
2026-07-07 19:05:03,107 [INFO] Pass: BasisTranslator - 0.37694 (ms)
2026-07-07 19:05:03,107 [INFO] Pass: Depth - 0.08702 (ms)
2026-07-07 19:05:03,107 [INFO] Pass: FixedPoint - 0.00691 (ms)
2026-07-07 19:05:03,107 [INFO] Pass: Size - 0.03242 (ms)
2026-07-07 19:05:03,107 [INFO] Pass: FixedPoint - 0.00477 (ms)
2026-07-07 19:05:03,108 [INFO] Pass: Optimize1qGatesDecomposition - 0.77653 (ms)
2026-07-07 19:05:03,108 [INFO] Pass: InverseCancellation - 0.09108 (ms)
2026-07-07 19:05:03,108 [INFO] Pass: GatesInBasis - 0.40102 (ms)
2026-07-07 19:05:03,108 [INFO] Pass: Depth - 0.08392 (ms)
2026-07-07 19:05:03,108 [INFO] Pass: FixedPoint - 0.00548 (ms)
2026-07-07 19:05:03,108 [INFO] Pass: Size - 0.03123 (ms)
2026-07-07 19:05:03,108 [INFO] Pass: FixedPoint - 0.00429 (ms)
2026-07-07 19:05:03,109 [INFO] Pass: ContainsInstruction - 0.00453 (ms)
2026-07-07 19:05:03,109 [INFO] Total Transpile Time - 60.50587 (ms)
2026-07-07 19:05:03,166 [INFO] Pass: ContainsInstruction - 0.00644 (ms)
2026-07-07 19:05:03,166 [INFO] Pass: InverseCancellation - 0.11349 (ms)
2026-07-07 19:05:03,166 [INFO] Pass: UnitarySynthesis - 0.00405 (ms)
2026-07-07 19:05:03,167 [INFO] Pass: HighLevelSynthesis - 0.76342 (ms)
2026-07-07 19:05:03,167 [INFO] Pass: BasisTranslator - 0.41866 (ms)
2026-07-07 19:05:03,167 [INFO] Pass: Depth - 0.09227 (ms)
2026-07-07 19:05:03,167 [INFO] Pass: FixedPoint - 0.00668 (ms)
2026-07-07 19:05:03,167 [INFO] Pass: Size - 0.03409 (ms)
2026-07-07 19:05:03,167 [INFO] Pass: FixedPoint - 0.00453 (ms)
2026-07-07 19:05:03,168 [INFO] Pass: Optimize1qGatesDecomposition - 0.89598 (ms)
2026-07-07 19:05:03,168 [INFO] Pass: InverseCancellation - 0.00715 (ms)
2026-07-07 19:05:03,169 [INFO] Pass: GatesInBasis - 0.56052 (ms)
2026-07-07 19:05:03,169 [INFO] Pass: Depth - 0.08893 (ms)
2026-07-07 19:05:03,169 [INFO] Pass: FixedPoint - 0.00572 (ms)
2026-07-07 19:05:03,169 [INFO] Pass: Size - 0.03147 (ms)
2026-07-07 19:05:03,169 [INFO] Pass: FixedPoint - 0.00477 (ms)
2026-07-07 19:05:03,170 [INFO] Pass: Optimize1qGatesDecomposition - 0.75436 (ms)
2026-07-07 19:05:03,170 [INFO] Pass: InverseCancellation - 0.00715 (ms)
2026-07-07 19:05:03,171 [INFO] Pass: GatesInBasis - 0.39887 (ms)
2026-07-07 19:05:03,171 [INFO] Pass: Depth - 0.08345 (ms)
2026-07-07 19:05:03,171 [INFO] Pass: FixedPoint - 0.00501 (ms)
2026-07-07 19:05:03,171 [INFO] Pass: Size - 0.03123 (ms)
2026-07-07 19:05:03,171 [INFO] Pass: FixedPoint - 0.00429 (ms)
2026-07-07 19:05:03,171 [INFO] Pass: ContainsInstruction - 0.00477 (ms)
2026-07-07 19:05:03,172 [INFO] Total Transpile Time - 62.22439 (ms)
2026-07-07 19:18:37,159 [INFO] Pass: ContainsInstruction - 0.00858 (ms)
2026-07-07 19:18:37,162 [INFO] Pass: InverseCancellation - 0.01025 (ms)
2026-07-07 19:18:37,162 [INFO] Pass: UnitarySynthesis - 0.00453 (ms)
2026-07-07 19:18:37,162 [INFO] Pass: HighLevelSynthesis - 0.64635 (ms)
2026-07-07 19:18:37,163 [INFO] Pass: BasisTranslator - 0.34904 (ms)
2026-07-07 19:18:37,163 [INFO] Pass: Depth - 0.08869 (ms)
2026-07-07 19:18:37,163 [INFO] Pass: FixedPoint - 0.00739 (ms)
2026-07-07 19:18:37,163 [INFO] Pass: Size - 0.03028 (ms)
2026-07-07 19:18:37,163 [INFO] Pass: FixedPoint - 0.00453 (ms)
2026-07-07 19:18:37,163 [INFO] Pass: Optimize1qGatesDecomposition - 0.06485 (ms)
2026-07-07 19:18:37,163 [INFO] Pass: InverseCancellation - 0.00668 (ms)
2026-07-07 19:18:37,164 [INFO] Pass: GatesInBasis - 0.36383 (ms)
2026-07-07 19:18:37,164 [INFO] Pass: Depth - 0.07415 (ms)
2026-07-07 19:18:37,164 [INFO] Pass: FixedPoint - 0.00501 (ms)
2026-07-07 19:18:37,164 [INFO] Pass: Size - 0.03290 (ms)
2026-07-07 19:18:37,164 [INFO] Pass: FixedPoint - 0.00405 (ms)
2026-07-07 19:18:37,164 [INFO] Pass: ContainsInstruction - 0.00477 (ms)
2026-07-07 19:18:37,165 [INFO] Total Transpile Time - 63.93838 (ms)
2026-07-07 19:18:37,221 [INFO] Pass: ContainsInstruction - 0.00668 (ms)
2026-07-07 19:18:37,222 [INFO] Pass: InverseCancellation - 0.10538 (ms)
2026-07-07 19:18:37,222 [INFO] Pass: UnitarySynthesis - 0.00453 (ms)
2026-07-07 19:18:37,223 [INFO] Pass: HighLevelSynthesis - 0.84162 (ms)
2026-07-07 19:18:37,223 [INFO] Pass: BasisTranslator - 0.40364 (ms)
2026-07-07 19:18:37,223 [INFO] Pass: Depth - 0.08726 (ms)
2026-07-07 19:18:37,223 [INFO] Pass: FixedPoint - 0.00668 (ms)
2026-07-07 19:18:37,223 [INFO] Pass: Size - 0.03219 (ms)
2026-07-07 19:18:37,223 [INFO] Pass: FixedPoint - 0.00477 (ms)
2026-07-07 19:18:37,224 [INFO] Pass: Optimize1qGatesDecomposition - 0.83494 (ms)
2026-07-07 19:18:37,224 [INFO] Pass: InverseCancellation - 0.09370 (ms)
2026-07-07 19:18:37,225 [INFO] Pass: GatesInBasis - 0.44370 (ms)
2026-07-07 19:18:37,225 [INFO] Pass: Depth - 0.08655 (ms)
2026-07-07 19:18:37,225 [INFO] Pass: FixedPoint - 0.00548 (ms)
2026-07-07 19:18:37,225 [INFO] Pass: Size - 0.03171 (ms)
2026-07-07 19:18:37,225 [INFO] Pass: FixedPoint - 0.00453 (ms)
2026-07-07 19:18:37,225 [INFO] Pass: ContainsInstruction - 0.00429 (ms)
2026-07-07 19:18:37,226 [INFO] Total Transpile Time - 61.06472 (ms)
2026-07-07 19:18:37,282 [INFO] Pass: ContainsInstruction - 0.00644 (ms)
2026-07-07 19:18:37,283 [INFO] Pass: InverseCancellation - 0.11230 (ms)
2026-07-07 19:18:37,283 [INFO] Pass: UnitarySynthesis - 0.00429 (ms)
2026-07-07 19:18:37,283 [INFO] Pass: HighLevelSynthesis - 0.75340 (ms)
2026-07-07 19:18:37,284 [INFO] Pass: BasisTranslator - 0.41509 (ms)
2026-07-07 19:18:37,284 [INFO] Pass: Depth - 0.09084 (ms)
2026-07-07 19:18:37,284 [INFO] Pass: FixedPoint - 0.00668 (ms)
2026-07-07 19:18:37,284 [INFO] Pass: Size - 0.03314 (ms)
2026-07-07 19:18:37,284 [INFO] Pass: FixedPoint - 0.00477 (ms)
2026-07-07 19:18:37,285 [INFO] Pass: Optimize1qGatesDecomposition - 0.88978 (ms)
2026-07-07 19:18:37,285 [INFO] Pass: InverseCancellation - 0.00668 (ms)
2026-07-07 19:18:37,286 [INFO] Pass: GatesInBasis - 0.54908 (ms)
2026-07-07 19:18:37,286 [INFO] Pass: Depth - 0.09060 (ms)
2026-07-07 19:18:37,286 [INFO] Pass: FixedPoint - 0.00596 (ms)
2026-07-07 19:18:37,286 [INFO] Pass: Size - 0.03147 (ms)
2026-07-07 19:18:37,286 [INFO] Pass: FixedPoint - 0.00453 (ms)
2026-07-07 19:18:37,287 [INFO] Pass: Optimize1qGatesDecomposition - 0.73910 (ms)
2026-07-07 19:18:37,287 [INFO] Pass: InverseCancellation - 0.00691 (ms)
2026-07-07 19:18:37,287 [INFO] Pass: GatesInBasis - 0.39554 (ms)
2026-07-07 19:18:37,287 [INFO] Pass: Depth - 0.08130 (ms)
2026-07-07 19:18:37,287 [INFO] Pass: FixedPoint - 0.00525 (ms)
2026-07-07 19:18:37,288 [INFO] Pass: Size - 0.03052 (ms)
2026-07-07 19:18:37,288 [INFO] Pass: FixedPoint - 0.00429 (ms)
2026-07-07 19:18:37,288 [INFO] Pass: ContainsInstruction - 0.00501 (ms)
2026-07-07 19:18:37,288 [INFO] Total Transpile Time - 62.41035 (ms)
2026-07-07 19:32:16,131 [INFO] Pass: ContainsInstruction - 0.00834 (ms)
2026-07-07 19:32:16,131 [INFO] Pass: InverseCancellation - 0.00930 (ms)
2026-07-07 19:32:16,131 [INFO] Pass: UnitarySynthesis - 0.00429 (ms)
2026-07-07 19:32:16,132 [INFO] Pass: HighLevelSynthesis - 0.63396 (ms)
2026-07-07 19:32:16,132 [INFO] Pass: BasisTranslator - 0.35357 (ms)
2026-07-07 19:32:16,132 [INFO] Pass: Depth - 0.08965 (ms)
2026-07-07 19:32:16,132 [INFO] Pass: FixedPoint - 0.00763 (ms)
2026-07-07 19:32:16,132 [INFO] Pass: Size - 0.03099 (ms)
2026-07-07 19:32:16,132 [INFO] Pass: FixedPoint - 0.00477 (ms)
2026-07-07 19:32:16,133 [INFO] Pass: Optimize1qGatesDecomposition - 0.06294 (ms)
2026-07-07 19:32:16,133 [INFO] Pass: InverseCancellation - 0.00644 (ms)
2026-07-07 19:32:16,133 [INFO] Pass: GatesInBasis - 0.37074 (ms)
2026-07-07 19:32:16,133 [INFO] Pass: Depth - 0.07391 (ms)
2026-07-07 19:32:16,133 [INFO] Pass: FixedPoint - 0.00525 (ms)
2026-07-07 19:32:16,133 [INFO] Pass: Size - 0.02813 (ms)
2026-07-07 19:32:16,133 [INFO] Pass: FixedPoint - 0.00429 (ms)
2026-07-07 19:32:16,133 [INFO] Pass: ContainsInstruction - 0.00429 (ms)
2026-07-07 19:32:16,134 [INFO] Total Transpile Time - 61.68008 (ms)
2026-07-07 19:32:16,191 [INFO] Pass: ContainsInstruction - 0.00691 (ms)
2026-07-07 19:32:16,191 [INFO] Pass: InverseCancellation - 0.10395 (ms)
2026-07-07 19:32:16,191 [INFO] Pass: UnitarySynthesis - 0.00405 (ms)
2026-07-07 19:32:16,192 [INFO] Pass: HighLevelSynthesis - 0.68164 (ms)
2026-07-07 19:32:16,192 [INFO] Pass: BasisTranslator - 0.38338 (ms)
2026-07-07 19:32:16,192 [INFO] Pass: Depth - 0.08535 (ms)
2026-07-07 19:32:16,192 [INFO] Pass: FixedPoint - 0.00668 (ms)
2026-07-07 19:32:16,192 [INFO] Pass: Size - 0.03123 (ms)
2026-07-07 19:32:16,192 [INFO] Pass: FixedPoint - 0.00453 (ms)
2026-07-07 19:32:16,193 [INFO] Pass: Optimize1qGatesDecomposition - 0.77295 (ms)
2026-07-07 19:32:16,193 [INFO] Pass: InverseCancellation - 0.09012 (ms)
2026-07-07 19:32:16,194 [INFO] Pass: GatesInBasis - 0.39768 (ms)
2026-07-07 19:32:16,194 [INFO] Pass: Depth - 0.08225 (ms)
2026-07-07 19:32:16,194 [INFO] Pass: FixedPoint - 0.00525 (ms)
2026-07-07 19:32:16,194 [INFO] Pass: Size - 0.03076 (ms)
2026-07-07 19:32:16,194 [INFO] Pass: FixedPoint - 0.00429 (ms)
2026-07-07 19:32:16,194 [INFO] Pass: ContainsInstruction - 0.00453 (ms)
2026-07-07 19:32:16,195 [INFO] Total Transpile Time - 60.53305 (ms)
2026-07-07 19:32:16,251 [INFO] Pass: ContainsInstruction - 0.00620 (ms)
2026-07-07 19:32:16,251 [INFO] Pass: InverseCancellation - 0.11158 (ms)
2026-07-07 19:32:16,251 [INFO] Pass: UnitarySynthesis - 0.00429 (ms)
2026-07-07 19:32:16,252 [INFO] Pass: HighLevelSynthesis - 0.75293 (ms)
2026-07-07 19:32:16,252 [INFO] Pass: BasisTranslator - 0.40960 (ms)
2026-07-07 19:32:16,253 [INFO] Pass: Depth - 0.09012 (ms)
2026-07-07 19:32:16,253 [INFO] Pass: FixedPoint - 0.00644 (ms)
2026-07-07 19:32:16,253 [INFO] Pass: Size - 0.03314 (ms)
2026-07-07 19:32:16,253 [INFO] Pass: FixedPoint - 0.00453 (ms)
2026-07-07 19:32:16,254 [INFO] Pass: Optimize1qGatesDecomposition - 0.89049 (ms)
2026-07-07 19:32:16,254 [INFO] Pass: InverseCancellation - 0.00691 (ms)
2026-07-07 19:32:16,254 [INFO] Pass: GatesInBasis - 0.70071 (ms)
2026-07-07 19:32:16,255 [INFO] Pass: Depth - 0.08869 (ms)
2026-07-07 19:32:16,255 [INFO] Pass: FixedPoint - 0.00620 (ms)
2026-07-07 19:32:16,255 [INFO] Pass: Size - 0.03123 (ms)
2026-07-07 19:32:16,255 [INFO] Pass: FixedPoint - 0.00405 (ms)
2026-07-07 19:32:16,256 [INFO] Pass: Optimize1qGatesDecomposition - 0.75340 (ms)
2026-07-07 19:32:16,256 [INFO] Pass: InverseCancellation - 0.00739 (ms)
2026-07-07 19:32:16,256 [INFO] Pass: GatesInBasis - 0.40412 (ms)
2026-07-07 19:32:16,256 [INFO] Pass: Depth - 0.08130 (ms)
2026-07-07 19:32:16,256 [INFO] Pass: FixedPoint - 0.00501 (ms)
2026-07-07 19:32:16,256 [INFO] Pass: Size - 0.03004 (ms)
2026-07-07 19:32:16,256 [INFO] Pass: FixedPoint - 0.00405 (ms)
2026-07-07 19:32:16,256 [INFO] Pass: ContainsInstruction - 0.00477 (ms)
2026-07-07 19:32:16,257 [INFO] Total Transpile Time - 62.34431 (ms)
2026-07-07 19:45:55,162 [INFO] Pass: ContainsInstruction - 0.00763 (ms)
2026-07-07 19:45:55,163 [INFO] Pass: InverseCancellation - 0.00882 (ms)
2026-07-07 19:45:55,163 [INFO] Pass: UnitarySynthesis - 0.00453 (ms)
2026-07-07 19:45:55,163 [INFO] Pass: HighLevelSynthesis - 0.63896 (ms)
2026-07-07 19:45:55,164 [INFO] Pass: BasisTranslator - 0.35405 (ms)
2026-07-07 19:45:55,164 [INFO] Pass: Depth - 0.08941 (ms)
2026-07-07 19:45:55,164 [INFO] Pass: FixedPoint - 0.00763 (ms)
2026-07-07 19:45:55,164 [INFO] Pass: Size - 0.03028 (ms)
2026-07-07 19:45:55,164 [INFO] Pass: FixedPoint - 0.00525 (ms)
2026-07-07 19:45:55,164 [INFO] Pass: Optimize1qGatesDecomposition - 0.06390 (ms)
2026-07-07 19:45:55,164 [INFO] Pass: InverseCancellation - 0.00620 (ms)
2026-07-07 19:45:55,165 [INFO] Pass: GatesInBasis - 0.36716 (ms)
2026-07-07 19:45:55,165 [INFO] Pass: Depth - 0.07439 (ms)
2026-07-07 19:45:55,165 [INFO] Pass: FixedPoint - 0.00525 (ms)
2026-07-07 19:45:55,165 [INFO] Pass: Size - 0.02813 (ms)
2026-07-07 19:45:55,165 [INFO] Pass: FixedPoint - 0.00429 (ms)
2026-07-07 19:45:55,165 [INFO] Pass: ContainsInstruction - 0.00477 (ms)
2026-07-07 19:45:55,166 [INFO] Total Transpile Time - 60.90474 (ms)
2026-07-07 19:45:55,223 [INFO] Pass: ContainsInstruction - 0.00668 (ms)
2026-07-07 19:45:55,223 [INFO] Pass: InverseCancellation - 0.10657 (ms)
2026-07-07 19:45:55,223 [INFO] Pass: UnitarySynthesis - 0.00429 (ms)
2026-07-07 19:45:55,224 [INFO] Pass: HighLevelSynthesis - 0.68831 (ms)
2026-07-07 19:45:55,224 [INFO] Pass: BasisTranslator - 0.38362 (ms)
2026-07-07 19:45:55,224 [INFO] Pass: Depth - 0.08607 (ms)
2026-07-07 19:45:55,224 [INFO] Pass: FixedPoint - 0.00691 (ms)
2026-07-07 19:45:55,224 [INFO] Pass: Size - 0.03147 (ms)
2026-07-07 19:45:55,224 [INFO] Pass: FixedPoint - 0.00477 (ms)
2026-07-07 19:45:55,225 [INFO] Pass: Optimize1qGatesDecomposition - 0.77295 (ms)
2026-07-07 19:45:55,225 [INFO] Pass: InverseCancellation - 0.08941 (ms)
2026-07-07 19:45:55,226 [INFO] Pass: GatesInBasis - 0.40054 (ms)
2026-07-07 19:45:55,226 [INFO] Pass: Depth - 0.08106 (ms)
2026-07-07 19:45:55,226 [INFO] Pass: FixedPoint - 0.00572 (ms)
2026-07-07 19:45:55,226 [INFO] Pass: Size - 0.03076 (ms)
2026-07-07 19:45:55,226 [INFO] Pass: FixedPoint - 0.00405 (ms)
2026-07-07 19:45:55,226 [INFO] Pass: ContainsInstruction - 0.00858 (ms)
2026-07-07 19:45:55,227 [INFO] Total Transpile Time - 60.88471 (ms)
2026-07-07 19:45:55,283 [INFO] Pass: ContainsInstruction - 0.00620 (ms)
2026-07-07 19:45:55,283 [INFO] Pass: InverseCancellation - 0.11277 (ms)
2026-07-07 19:45:55,283 [INFO] Pass: UnitarySynthesis - 0.00429 (ms)
2026-07-07 19:45:55,284 [INFO] Pass: HighLevelSynthesis - 0.74911 (ms)
2026-07-07 19:45:55,285 [INFO] Pass: BasisTranslator - 0.41461 (ms)
2026-07-07 19:45:55,285 [INFO] Pass: Depth - 0.09108 (ms)
2026-07-07 19:45:55,285 [INFO] Pass: FixedPoint - 0.00668 (ms)
2026-07-07 19:45:55,285 [INFO] Pass: Size - 0.03266 (ms)
2026-07-07 19:45:55,285 [INFO] Pass: FixedPoint - 0.00477 (ms)
2026-07-07 19:45:55,286 [INFO] Pass: Optimize1qGatesDecomposition - 0.88334 (ms)
2026-07-07 19:45:55,286 [INFO] Pass: InverseCancellation - 0.00715 (ms)
2026-07-07 19:45:55,286 [INFO] Pass: GatesInBasis - 0.55194 (ms)
2026-07-07 19:45:55,287 [INFO] Pass: Depth - 0.08845 (ms)
2026-07-07 19:45:55,287 [INFO] Pass: FixedPoint - 0.00572 (ms)
2026-07-07 19:45:55,287 [INFO] Pass: Size - 0.03123 (ms)
2026-07-07 19:45:55,287 [INFO] Pass: FixedPoint - 0.00429 (ms)
2026-07-07 19:45:55,288 [INFO] Pass: Optimize1qGatesDecomposition - 0.75150 (ms)
2026-07-07 19:45:55,288 [INFO] Pass: InverseCancellation - 0.00668 (ms)
2026-07-07 19:45:55,288 [INFO] Pass: GatesInBasis - 0.40030 (ms)
2026-07-07 19:45:55,288 [INFO] Pass: Depth - 0.08225 (ms)
2026-07-07 19:45:55,288 [INFO] Pass: FixedPoint - 0.00525 (ms)
2026-07-07 19:45:55,288 [INFO] Pass: Size - 0.03076 (ms)
2026-07-07 19:45:55,288 [INFO] Pass: FixedPoint - 0.00429 (ms)
2026-07-07 19:45:55,288 [INFO] Pass: ContainsInstruction - 0.00453 (ms)
2026-07-07 19:45:55,289 [INFO] Total Transpile Time - 62.31093 (ms)
2026-07-07 19:59:40,527 [INFO] Pass: ContainsInstruction - 0.00834 (ms)
2026-07-07 19:59:40,528 [INFO] Pass: InverseCancellation - 0.01025 (ms)
2026-07-07 19:59:40,528 [INFO] Pass: UnitarySynthesis - 0.00429 (ms)
2026-07-07 19:59:40,528 [INFO] Pass: HighLevelSynthesis - 0.64301 (ms)
2026-07-07 19:59:40,529 [INFO] Pass: BasisTranslator - 0.35119 (ms)
2026-07-07 19:59:40,529 [INFO] Pass: Depth - 0.09418 (ms)
2026-07-07 19:59:40,529 [INFO] Pass: FixedPoint - 0.00739 (ms)
2026-07-07 19:59:40,529 [INFO] Pass: Size - 0.03123 (ms)
2026-07-07 19:59:40,529 [INFO] Pass: FixedPoint - 0.00501 (ms)
2026-07-07 19:59:40,529 [INFO] Pass: Optimize1qGatesDecomposition - 0.06390 (ms)
2026-07-07 19:59:40,529 [INFO] Pass: InverseCancellation - 0.00691 (ms)
2026-07-07 19:59:40,530 [INFO] Pass: GatesInBasis - 0.36740 (ms)
2026-07-07 19:59:40,530 [INFO] Pass: Depth - 0.07439 (ms)
2026-07-07 19:59:40,530 [INFO] Pass: FixedPoint - 0.00525 (ms)
2026-07-07 19:59:40,530 [INFO] Pass: Size - 0.03171 (ms)
2026-07-07 19:59:40,530 [INFO] Pass: FixedPoint - 0.00429 (ms)
2026-07-07 19:59:40,530 [INFO] Pass: ContainsInstruction - 0.00429 (ms)
2026-07-07 19:59:40,531 [INFO] Total Transpile Time - 61.51319 (ms)
2026-07-07 19:59:40,587 [INFO] Pass: ContainsInstruction - 0.00644 (ms)
2026-07-07 19:59:40,587 [INFO] Pass: InverseCancellation - 0.10395 (ms)
2026-07-07 19:59:40,587 [INFO] Pass: UnitarySynthesis - 0.00429 (ms)
2026-07-07 19:59:40,588 [INFO] Pass: HighLevelSynthesis - 0.67878 (ms)
2026-07-07 19:59:40,589 [INFO] Pass: BasisTranslator - 0.37956 (ms)
2026-07-07 19:59:40,589 [INFO] Pass: Depth - 0.08535 (ms)
2026-07-07 19:59:40,589 [INFO] Pass: FixedPoint - 0.00691 (ms)
2026-07-07 19:59:40,589 [INFO] Pass: Size - 0.03123 (ms)
2026-07-07 19:59:40,589 [INFO] Pass: FixedPoint - 0.00453 (ms)
2026-07-07 19:59:40,590 [INFO] Pass: Optimize1qGatesDecomposition - 0.77128 (ms)
2026-07-07 19:59:40,590 [INFO] Pass: InverseCancellation - 0.09036 (ms)
2026-07-07 19:59:40,590 [INFO] Pass: GatesInBasis - 0.40770 (ms)
2026-07-07 19:59:40,590 [INFO] Pass: Depth - 0.08082 (ms)
2026-07-07 19:59:40,590 [INFO] Pass: FixedPoint - 0.00525 (ms)
2026-07-07 19:59:40,590 [INFO] Pass: Size - 0.03076 (ms)
2026-07-07 19:59:40,591 [INFO] Pass: FixedPoint - 0.00405 (ms)
2026-07-07 19:59:40,591 [INFO] Pass: ContainsInstruction - 0.00429 (ms)
2026-07-07 19:59:40,591 [INFO] Total Transpile Time - 60.50229 (ms)
2026-07-07 19:59:40,648 [INFO] Pass: ContainsInstruction - 0.00644 (ms)
2026-07-07 19:59:40,648 [INFO] Pass: InverseCancellation - 0.11086 (ms)
2026-07-07 19:59:40,648 [INFO] Pass: UnitarySynthesis - 0.00453 (ms)
2026-07-07 19:59:40,649 [INFO] Pass: HighLevelSynthesis - 0.74816 (ms)
2026-07-07 19:59:40,649 [INFO] Pass: BasisTranslator - 0.41771 (ms)
2026-07-07 19:59:40,650 [INFO] Pass: Depth - 0.09012 (ms)
2026-07-07 19:59:40,650 [INFO] Pass: FixedPoint - 0.00668 (ms)
2026-07-07 19:59:40,650 [INFO] Pass: Size - 0.03242 (ms)
2026-07-07 19:59:40,650 [INFO] Pass: FixedPoint - 0.00453 (ms)
2026-07-07 19:59:40,651 [INFO] Pass: Optimize1qGatesDecomposition - 0.88954 (ms)
2026-07-07 19:59:40,651 [INFO] Pass: InverseCancellation - 0.00715 (ms)
2026-07-07 19:59:40,651 [INFO] Pass: GatesInBasis - 0.55766 (ms)
2026-07-07 19:59:40,651 [INFO] Pass: Depth - 0.08726 (ms)
2026-07-07 19:59:40,651 [INFO] Pass: FixedPoint - 0.00596 (ms)
2026-07-07 19:59:40,652 [INFO] Pass: Size - 0.03099 (ms)
2026-07-07 19:59:40,652 [INFO] Pass: FixedPoint - 0.00429 (ms)
2026-07-07 19:59:40,652 [INFO] Pass: Optimize1qGatesDecomposition - 0.74744 (ms)
2026-07-07 19:59:40,652 [INFO] Pass: InverseCancellation - 0.00715 (ms)
2026-07-07 19:59:40,653 [INFO] Pass: GatesInBasis - 0.40126 (ms)
2026-07-07 19:59:40,653 [INFO] Pass: Depth - 0.08559 (ms)
2026-07-07 19:59:40,653 [INFO] Pass: FixedPoint - 0.00501 (ms)
2026-07-07 19:59:40,653 [INFO] Pass: Size - 0.03052 (ms)
2026-07-07 19:59:40,653 [INFO] Pass: FixedPoint - 0.00429 (ms)
2026-07-07 19:59:40,653 [INFO] Pass: ContainsInstruction - 0.00429 (ms)
2026-07-07 19:59:40,654 [INFO] Total Transpile Time - 62.48856 (ms)
2026-07-07 20:13:13,779 [INFO] Pass: ContainsInstruction - 0.00811 (ms)
2026-07-07 20:13:13,779 [INFO] Pass: InverseCancellation - 0.00954 (ms)
2026-07-07 20:13:13,779 [INFO] Pass: UnitarySynthesis - 0.00477 (ms)
2026-07-07 20:13:13,780 [INFO] Pass: HighLevelSynthesis - 0.64230 (ms)
2026-07-07 20:13:13,780 [INFO] Pass: BasisTranslator - 0.34761 (ms)
2026-07-07 20:13:13,781 [INFO] Pass: Depth - 0.08512 (ms)
2026-07-07 20:13:13,781 [INFO] Pass: FixedPoint - 0.00739 (ms)
2026-07-07 20:13:13,781 [INFO] Pass: Size - 0.03099 (ms)
2026-07-07 20:13:13,781 [INFO] Pass: FixedPoint - 0.00477 (ms)
2026-07-07 20:13:13,781 [INFO] Pass: Optimize1qGatesDecomposition - 0.06318 (ms)
2026-07-07 20:13:13,781 [INFO] Pass: InverseCancellation - 0.00596 (ms)
2026-07-07 20:13:13,781 [INFO] Pass: GatesInBasis - 0.36716 (ms)
2026-07-07 20:13:13,781 [INFO] Pass: Depth - 0.07772 (ms)
2026-07-07 20:13:13,781 [INFO] Pass: FixedPoint - 0.00501 (ms)
2026-07-07 20:13:13,782 [INFO] Pass: Size - 0.02837 (ms)
2026-07-07 20:13:13,782 [INFO] Pass: FixedPoint - 0.00429 (ms)
2026-07-07 20:13:13,782 [INFO] Pass: ContainsInstruction - 0.00477 (ms)
2026-07-07 20:13:13,782 [INFO] Total Transpile Time - 61.31363 (ms)
2026-07-07 20:13:13,839 [INFO] Pass: ContainsInstruction - 0.00668 (ms)
2026-07-07 20:13:13,840 [INFO] Pass: InverseCancellation - 0.10490 (ms)
2026-07-07 20:13:13,840 [INFO] Pass: UnitarySynthesis - 0.00429 (ms)
2026-07-07 20:13:13,840 [INFO] Pass: HighLevelSynthesis - 0.68069 (ms)
2026-07-07 20:13:13,841 [INFO] Pass: BasisTranslator - 0.38123 (ms)
2026-07-07 20:13:13,841 [INFO] Pass: Depth - 0.08559 (ms)
2026-07-07 20:13:13,841 [INFO] Pass: FixedPoint - 0.00668 (ms)
2026-07-07 20:13:13,841 [INFO] Pass: Size - 0.03147 (ms)
2026-07-07 20:13:13,841 [INFO] Pass: FixedPoint - 0.00477 (ms)
2026-07-07 20:13:13,842 [INFO] Pass: Optimize1qGatesDecomposition - 0.76842 (ms)
2026-07-07 20:13:13,842 [INFO] Pass: InverseCancellation - 0.09322 (ms)
2026-07-07 20:13:13,842 [INFO] Pass: GatesInBasis - 0.39959 (ms)
2026-07-07 20:13:13,843 [INFO] Pass: Depth - 0.08321 (ms)
2026-07-07 20:13:13,843 [INFO] Pass: FixedPoint - 0.00548 (ms)
2026-07-07 20:13:13,843 [INFO] Pass: Size - 0.03028 (ms)
2026-07-07 20:13:13,843 [INFO] Pass: FixedPoint - 0.00429 (ms)
2026-07-07 20:13:13,843 [INFO] Pass: ContainsInstruction - 0.00429 (ms)
2026-07-07 20:13:13,843 [INFO] Total Transpile Time - 61.02562 (ms)
2026-07-07 20:13:13,900 [INFO] Pass: ContainsInstruction - 0.00668 (ms)
2026-07-07 20:13:13,900 [INFO] Pass: InverseCancellation - 0.11063 (ms)
2026-07-07 20:13:13,900 [INFO] Pass: UnitarySynthesis - 0.00453 (ms)
2026-07-07 20:13:13,901 [INFO] Pass: HighLevelSynthesis - 0.76056 (ms)
2026-07-07 20:13:13,902 [INFO] Pass: BasisTranslator - 0.41723 (ms)
2026-07-07 20:13:13,902 [INFO] Pass: Depth - 0.09108 (ms)
2026-07-07 20:13:13,902 [INFO] Pass: FixedPoint - 0.00644 (ms)
2026-07-07 20:13:13,902 [INFO] Pass: Size - 0.03338 (ms)
2026-07-07 20:13:13,902 [INFO] Pass: FixedPoint - 0.00429 (ms)
2026-07-07 20:13:13,903 [INFO] Pass: Optimize1qGatesDecomposition - 0.88811 (ms)
2026-07-07 20:13:13,903 [INFO] Pass: InverseCancellation - 0.00691 (ms)
2026-07-07 20:13:13,903 [INFO] Pass: GatesInBasis - 0.55432 (ms)
2026-07-07 20:13:13,903 [INFO] Pass: Depth - 0.08750 (ms)
2026-07-07 20:13:13,904 [INFO] Pass: FixedPoint - 0.00596 (ms)
2026-07-07 20:13:13,904 [INFO] Pass: Size - 0.03195 (ms)
2026-07-07 20:13:13,904 [INFO] Pass: FixedPoint - 0.00381 (ms)
2026-07-07 20:13:13,904 [INFO] Pass: Optimize1qGatesDecomposition - 0.74100 (ms)
2026-07-07 20:13:13,904 [INFO] Pass: InverseCancellation - 0.00668 (ms)
2026-07-07 20:13:13,905 [INFO] Pass: GatesInBasis - 0.40483 (ms)
2026-07-07 20:13:13,905 [INFO] Pass: Depth - 0.08202 (ms)
2026-07-07 20:13:13,905 [INFO] Pass: FixedPoint - 0.00501 (ms)
2026-07-07 20:13:13,905 [INFO] Pass: Size - 0.03028 (ms)
2026-07-07 20:13:13,905 [INFO] Pass: FixedPoint - 0.00405 (ms)
2026-07-07 20:13:13,905 [INFO] Pass: ContainsInstruction - 0.00501 (ms)
2026-07-07 20:13:13,906 [INFO] Total Transpile Time - 62.42752 (ms)
2026-07-07 20:26:52,276 [INFO] Pass: ContainsInstruction - 0.00811 (ms)
2026-07-07 20:26:52,276 [INFO] Pass: InverseCancellation - 0.00954 (ms)
2026-07-07 20:26:52,276 [INFO] Pass: UnitarySynthesis - 0.00429 (ms)
2026-07-07 20:26:52,277 [INFO] Pass: HighLevelSynthesis - 0.61750 (ms)
2026-07-07 20:26:52,278 [INFO] Pass: BasisTranslator - 0.35620 (ms)
2026-07-07 20:26:52,278 [INFO] Pass: Depth - 0.08821 (ms)
2026-07-07 20:26:52,278 [INFO] Pass: FixedPoint - 0.00739 (ms)
2026-07-07 20:26:52,278 [INFO] Pass: Size - 0.03052 (ms)
2026-07-07 20:26:52,278 [INFO] Pass: FixedPoint - 0.00453 (ms)
2026-07-07 20:26:52,278 [INFO] Pass: Optimize1qGatesDecomposition - 0.06819 (ms)
2026-07-07 20:26:52,278 [INFO] Pass: InverseCancellation - 0.00644 (ms)
2026-07-07 20:26:52,278 [INFO] Pass: GatesInBasis - 0.36192 (ms)
2026-07-07 20:26:52,278 [INFO] Pass: Depth - 0.07391 (ms)
2026-07-07 20:26:52,279 [INFO] Pass: FixedPoint - 0.00501 (ms)
2026-07-07 20:26:52,279 [INFO] Pass: Size - 0.02813 (ms)
2026-07-07 20:26:52,279 [INFO] Pass: FixedPoint - 0.00405 (ms)
2026-07-07 20:26:52,279 [INFO] Pass: ContainsInstruction - 0.00453 (ms)
2026-07-07 20:26:52,279 [INFO] Total Transpile Time - 59.77583 (ms)
2026-07-07 20:26:52,335 [INFO] Pass: ContainsInstruction - 0.00644 (ms)
2026-07-07 20:26:52,335 [INFO] Pass: InverseCancellation - 0.09918 (ms)
2026-07-07 20:26:52,335 [INFO] Pass: UnitarySynthesis - 0.00453 (ms)
2026-07-07 20:26:52,336 [INFO] Pass: HighLevelSynthesis - 0.67544 (ms)
2026-07-07 20:26:52,336 [INFO] Pass: BasisTranslator - 0.37909 (ms)
2026-07-07 20:26:52,336 [INFO] Pass: Depth - 0.08416 (ms)
2026-07-07 20:26:52,337 [INFO] Pass: FixedPoint - 0.00691 (ms)
2026-07-07 20:26:52,337 [INFO] Pass: Size - 0.03123 (ms)
2026-07-07 20:26:52,337 [INFO] Pass: FixedPoint - 0.00453 (ms)
2026-07-07 20:26:52,337 [INFO] Pass: Optimize1qGatesDecomposition - 0.75293 (ms)
2026-07-07 20:26:52,338 [INFO] Pass: InverseCancellation - 0.08774 (ms)
2026-07-07 20:26:52,338 [INFO] Pass: GatesInBasis - 0.39339 (ms)
2026-07-07 20:26:52,338 [INFO] Pass: Depth - 0.08011 (ms)
2026-07-07 20:26:52,338 [INFO] Pass: FixedPoint - 0.00548 (ms)
2026-07-07 20:26:52,338 [INFO] Pass: Size - 0.03076 (ms)
2026-07-07 20:26:52,338 [INFO] Pass: FixedPoint - 0.00429 (ms)
2026-07-07 20:26:52,338 [INFO] Pass: ContainsInstruction - 0.00405 (ms)
2026-07-07 20:26:52,339 [INFO] Total Transpile Time - 59.53598 (ms)
2026-07-07 20:26:52,395 [INFO] Pass: ContainsInstruction - 0.00644 (ms)
2026-07-07 20:26:52,395 [INFO] Pass: InverseCancellation - 0.11134 (ms)
2026-07-07 20:26:52,395 [INFO] Pass: UnitarySynthesis - 0.00453 (ms)
2026-07-07 20:26:52,396 [INFO] Pass: HighLevelSynthesis - 0.72551 (ms)
2026-07-07 20:26:52,396 [INFO] Pass: BasisTranslator - 0.40865 (ms)
2026-07-07 20:26:52,396 [INFO] Pass: Depth - 0.08869 (ms)
2026-07-07 20:26:52,396 [INFO] Pass: FixedPoint - 0.00644 (ms)
2026-07-07 20:26:52,396 [INFO] Pass: Size - 0.03266 (ms)
2026-07-07 20:26:52,396 [INFO] Pass: FixedPoint - 0.00429 (ms)
2026-07-07 20:26:52,397 [INFO] Pass: Optimize1qGatesDecomposition - 0.87190 (ms)
2026-07-07 20:26:52,397 [INFO] Pass: InverseCancellation - 0.00668 (ms)
2026-07-07 20:26:52,398 [INFO] Pass: GatesInBasis - 0.53668 (ms)
2026-07-07 20:26:52,398 [INFO] Pass: Depth - 0.08440 (ms)
2026-07-07 20:26:52,398 [INFO] Pass: FixedPoint - 0.00596 (ms)
2026-07-07 20:26:52,398 [INFO] Pass: Size - 0.03076 (ms)
2026-07-07 20:26:52,398 [INFO] Pass: FixedPoint - 0.00405 (ms)
2026-07-07 20:26:52,399 [INFO] Pass: Optimize1qGatesDecomposition - 0.72813 (ms)
2026-07-07 20:26:52,399 [INFO] Pass: InverseCancellation - 0.00620 (ms)
2026-07-07 20:26:52,400 [INFO] Pass: GatesInBasis - 0.39148 (ms)
2026-07-07 20:26:52,400 [INFO] Pass: Depth - 0.07892 (ms)
2026-07-07 20:26:52,400 [INFO] Pass: FixedPoint - 0.00501 (ms)
2026-07-07 20:26:52,400 [INFO] Pass: Size - 0.02980 (ms)
2026-07-07 20:26:52,400 [INFO] Pass: FixedPoint - 0.00405 (ms)
2026-07-07 20:26:52,400 [INFO] Pass: ContainsInstruction - 0.00453 (ms)
2026-07-07 20:26:52,400 [INFO] Total Transpile Time - 61.49530 (ms)
2026-07-07 20:40:28,648 [INFO] Pass: ContainsInstruction - 0.00811 (ms)
2026-07-07 20:40:28,648 [INFO] Pass: InverseCancellation - 0.01097 (ms)
2026-07-07 20:40:28,648 [INFO] Pass: UnitarySynthesis - 0.00525 (ms)
2026-07-07 20:40:28,649 [INFO] Pass: HighLevelSynthesis - 0.62633 (ms)
2026-07-07 20:40:28,649 [INFO] Pass: BasisTranslator - 0.35977 (ms)
2026-07-07 20:40:28,649 [INFO] Pass: Depth - 0.09227 (ms)
2026-07-07 20:40:28,649 [INFO] Pass: FixedPoint - 0.00811 (ms)
2026-07-07 20:40:28,649 [INFO] Pass: Size - 0.03099 (ms)
2026-07-07 20:40:28,649 [INFO] Pass: FixedPoint - 0.00429 (ms)
2026-07-07 20:40:28,649 [INFO] Pass: Optimize1qGatesDecomposition - 0.06676 (ms)
2026-07-07 20:40:28,650 [INFO] Pass: InverseCancellation - 0.00572 (ms)
2026-07-07 20:40:28,650 [INFO] Pass: GatesInBasis - 0.37122 (ms)
2026-07-07 20:40:28,650 [INFO] Pass: Depth - 0.07606 (ms)
2026-07-07 20:40:28,650 [INFO] Pass: FixedPoint - 0.00477 (ms)
2026-07-07 20:40:28,650 [INFO] Pass: Size - 0.02789 (ms)
2026-07-07 20:40:28,650 [INFO] Pass: FixedPoint - 0.00405 (ms)
2026-07-07 20:40:28,650 [INFO] Pass: ContainsInstruction - 0.00453 (ms)
2026-07-07 20:40:28,651 [INFO] Total Transpile Time - 60.63175 (ms)
2026-07-07 20:40:28,707 [INFO] Pass: ContainsInstruction - 0.00644 (ms)
2026-07-07 20:40:28,707 [INFO] Pass: InverseCancellation - 0.10443 (ms)
2026-07-07 20:40:28,707 [INFO] Pass: UnitarySynthesis - 0.00405 (ms)
2026-07-07 20:40:28,708 [INFO] Pass: HighLevelSynthesis - 0.66805 (ms)
2026-07-07 20:40:28,708 [INFO] Pass: BasisTranslator - 0.38838 (ms)
2026-07-07 20:40:28,708 [INFO] Pass: Depth - 0.08607 (ms)
2026-07-07 20:40:28,708 [INFO] Pass: FixedPoint - 0.00668 (ms)
2026-07-07 20:40:28,708 [INFO] Pass: Size - 0.03171 (ms)
2026-07-07 20:40:28,708 [INFO] Pass: FixedPoint - 0.00453 (ms)
2026-07-07 20:40:28,709 [INFO] Pass: Optimize1qGatesDecomposition - 0.76103 (ms)
2026-07-07 20:40:28,709 [INFO] Pass: InverseCancellation - 0.08845 (ms)
2026-07-07 20:40:28,710 [INFO] Pass: GatesInBasis - 0.39196 (ms)
2026-07-07 20:40:28,710 [INFO] Pass: Depth - 0.07963 (ms)
2026-07-07 20:40:28,710 [INFO] Pass: FixedPoint - 0.00501 (ms)
2026-07-07 20:40:28,710 [INFO] Pass: Size - 0.03052 (ms)
2026-07-07 20:40:28,710 [INFO] Pass: FixedPoint - 0.00429 (ms)
2026-07-07 20:40:28,710 [INFO] Pass: ContainsInstruction - 0.00405 (ms)
2026-07-07 20:40:28,711 [INFO] Total Transpile Time - 59.57651 (ms)
2026-07-07 20:40:28,766 [INFO] Pass: ContainsInstruction - 0.00620 (ms)
2026-07-07 20:40:28,766 [INFO] Pass: InverseCancellation - 0.10800 (ms)
2026-07-07 20:40:28,766 [INFO] Pass: UnitarySynthesis - 0.00429 (ms)
2026-07-07 20:40:28,767 [INFO] Pass: HighLevelSynthesis - 0.72622 (ms)
2026-07-07 20:40:28,767 [INFO] Pass: BasisTranslator - 0.40269 (ms)
2026-07-07 20:40:28,767 [INFO] Pass: Depth - 0.08988 (ms)
2026-07-07 20:40:28,767 [INFO] Pass: FixedPoint - 0.00668 (ms)
2026-07-07 20:40:28,768 [INFO] Pass: Size - 0.03314 (ms)
2026-07-07 20:40:28,768 [INFO] Pass: FixedPoint - 0.00453 (ms)
2026-07-07 20:40:28,769 [INFO] Pass: Optimize1qGatesDecomposition - 0.87309 (ms)
2026-07-07 20:40:28,769 [INFO] Pass: InverseCancellation - 0.00668 (ms)
2026-07-07 20:40:28,769 [INFO] Pass: GatesInBasis - 0.54646 (ms)
2026-07-07 20:40:28,769 [INFO] Pass: Depth - 0.08702 (ms)
2026-07-07 20:40:28,769 [INFO] Pass: FixedPoint - 0.00620 (ms)
2026-07-07 20:40:28,769 [INFO] Pass: Size - 0.03147 (ms)
2026-07-07 20:40:28,769 [INFO] Pass: FixedPoint - 0.00429 (ms)
2026-07-07 20:40:28,770 [INFO] Pass: Optimize1qGatesDecomposition - 0.73409 (ms)
2026-07-07 20:40:28,770 [INFO] Pass: InverseCancellation - 0.00715 (ms)
2026-07-07 20:40:28,771 [INFO] Pass: GatesInBasis - 0.38981 (ms)
2026-07-07 20:40:28,771 [INFO] Pass: Depth - 0.08106 (ms)
2026-07-07 20:40:28,771 [INFO] Pass: FixedPoint - 0.00501 (ms)
2026-07-07 20:40:28,771 [INFO] Pass: Size - 0.03624 (ms)
2026-07-07 20:40:28,771 [INFO] Pass: FixedPoint - 0.00405 (ms)
2026-07-07 20:40:28,771 [INFO] Pass: ContainsInstruction - 0.00429 (ms)
2026-07-07 20:40:28,772 [INFO] Total Transpile Time - 61.01036 (ms)
2026-07-07 20:54:05,447 [INFO] Pass: ContainsInstruction - 0.00811 (ms)
2026-07-07 20:54:05,447 [INFO] Pass: InverseCancellation - 0.00930 (ms)
2026-07-07 20:54:05,447 [INFO] Pass: UnitarySynthesis - 0.00477 (ms)
2026-07-07 20:54:05,448 [INFO] Pass: HighLevelSynthesis - 0.61679 (ms)
2026-07-07 20:54:05,448 [INFO] Pass: BasisTranslator - 0.35787 (ms)
2026-07-07 20:54:05,448 [INFO] Pass: Depth - 0.08869 (ms)
2026-07-07 20:54:05,448 [INFO] Pass: FixedPoint - 0.00739 (ms)
2026-07-07 20:54:05,448 [INFO] Pass: Size - 0.03028 (ms)
2026-07-07 20:54:05,448 [INFO] Pass: FixedPoint - 0.00453 (ms)
2026-07-07 20:54:05,448 [INFO] Pass: Optimize1qGatesDecomposition - 0.06247 (ms)
2026-07-07 20:54:05,448 [INFO] Pass: InverseCancellation - 0.00620 (ms)
2026-07-07 20:54:05,449 [INFO] Pass: GatesInBasis - 0.35548 (ms)
2026-07-07 20:54:05,449 [INFO] Pass: Depth - 0.08106 (ms)
2026-07-07 20:54:05,449 [INFO] Pass: FixedPoint - 0.00477 (ms)
2026-07-07 20:54:05,449 [INFO] Pass: Size - 0.02861 (ms)
2026-07-07 20:54:05,449 [INFO] Pass: FixedPoint - 0.00429 (ms)
2026-07-07 20:54:05,449 [INFO] Pass: ContainsInstruction - 0.00453 (ms)
2026-07-07 20:54:05,450 [INFO] Total Transpile Time - 60.44531 (ms)
2026-07-07 20:54:05,505 [INFO] Pass: ContainsInstruction - 0.00620 (ms)
2026-07-07 20:54:05,506 [INFO] Pass: InverseCancellation - 0.10133 (ms)
2026-07-07 20:54:05,506 [INFO] Pass: UnitarySynthesis - 0.00405 (ms)
2026-07-07 20:54:05,506 [INFO] Pass: HighLevelSynthesis - 0.65351 (ms)
2026-07-07 20:54:05,507 [INFO] Pass: BasisTranslator - 0.37098 (ms)
2026-07-07 20:54:05,507 [INFO] Pass: Depth - 0.08416 (ms)
2026-07-07 20:54:05,507 [INFO] Pass: FixedPoint - 0.00644 (ms)
2026-07-07 20:54:05,507 [INFO] Pass: Size - 0.03123 (ms)
2026-07-07 20:54:05,507 [INFO] Pass: FixedPoint - 0.00429 (ms)
2026-07-07 20:54:05,508 [INFO] Pass: Optimize1qGatesDecomposition - 0.75507 (ms)
2026-07-07 20:54:05,508 [INFO] Pass: InverseCancellation - 0.09465 (ms)
2026-07-07 20:54:05,508 [INFO] Pass: GatesInBasis - 0.39148 (ms)
2026-07-07 20:54:05,508 [INFO] Pass: Depth - 0.08011 (ms)
2026-07-07 20:54:05,509 [INFO] Pass: FixedPoint - 0.00525 (ms)
2026-07-07 20:54:05,509 [INFO] Pass: Size - 0.03076 (ms)
2026-07-07 20:54:05,509 [INFO] Pass: FixedPoint - 0.00405 (ms)
2026-07-07 20:54:05,509 [INFO] Pass: ContainsInstruction - 0.00429 (ms)
2026-07-07 20:54:05,509 [INFO] Total Transpile Time - 59.50856 (ms)
2026-07-07 20:54:05,565 [INFO] Pass: ContainsInstruction - 0.00620 (ms)
2026-07-07 20:54:05,565 [INFO] Pass: InverseCancellation - 0.10896 (ms)
2026-07-07 20:54:05,565 [INFO] Pass: UnitarySynthesis - 0.00453 (ms)
2026-07-07 20:54:05,566 [INFO] Pass: HighLevelSynthesis - 0.73719 (ms)
2026-07-07 20:54:05,567 [INFO] Pass: BasisTranslator - 0.41246 (ms)
2026-07-07 20:54:05,567 [INFO] Pass: Depth - 0.09036 (ms)
2026-07-07 20:54:05,567 [INFO] Pass: FixedPoint - 0.00644 (ms)
2026-07-07 20:54:05,567 [INFO] Pass: Size - 0.03266 (ms)
2026-07-07 20:54:05,567 [INFO] Pass: FixedPoint - 0.00429 (ms)
2026-07-07 20:54:05,568 [INFO] Pass: Optimize1qGatesDecomposition - 0.87547 (ms)
2026-07-07 20:54:05,568 [INFO] Pass: InverseCancellation - 0.00668 (ms)
2026-07-07 20:54:05,568 [INFO] Pass: GatesInBasis - 0.53978 (ms)
2026-07-07 20:54:05,568 [INFO] Pass: Depth - 0.08726 (ms)
2026-07-07 20:54:05,569 [INFO] Pass: FixedPoint - 0.00620 (ms)
2026-07-07 20:54:05,569 [INFO] Pass: Size - 0.03123 (ms)
2026-07-07 20:54:05,569 [INFO] Pass: FixedPoint - 0.00453 (ms)
2026-07-07 20:54:05,569 [INFO] Pass: Optimize1qGatesDecomposition - 0.73600 (ms)
2026-07-07 20:54:05,569 [INFO] Pass: InverseCancellation - 0.00691 (ms)
2026-07-07 20:54:05,570 [INFO] Pass: GatesInBasis - 0.39148 (ms)
2026-07-07 20:54:05,570 [INFO] Pass: Depth - 0.08202 (ms)
2026-07-07 20:54:05,570 [INFO] Pass: FixedPoint - 0.00501 (ms)
2026-07-07 20:54:05,570 [INFO] Pass: Size - 0.02980 (ms)
2026-07-07 20:54:05,570 [INFO] Pass: FixedPoint - 0.00381 (ms)
2026-07-07 20:54:05,570 [INFO] Pass: ContainsInstruction - 0.00477 (ms)
2026-07-07 20:54:05,571 [INFO] Total Transpile Time - 61.44047 (ms)
2026-07-07 21:07:44,796 [INFO] Pass: ContainsInstruction - 0.00906 (ms)
2026-07-07 21:07:44,796 [INFO] Pass: InverseCancellation - 0.00978 (ms)
2026-07-07 21:07:44,796 [INFO] Pass: UnitarySynthesis - 0.00453 (ms)
2026-07-07 21:07:44,797 [INFO] Pass: HighLevelSynthesis - 0.61941 (ms)
2026-07-07 21:07:44,797 [INFO] Pass: BasisTranslator - 0.35310 (ms)
2026-07-07 21:07:44,797 [INFO] Pass: Depth - 0.08821 (ms)
2026-07-07 21:07:44,797 [INFO] Pass: FixedPoint - 0.00739 (ms)
2026-07-07 21:07:44,797 [INFO] Pass: Size - 0.03028 (ms)
2026-07-07 21:07:44,797 [INFO] Pass: FixedPoint - 0.00453 (ms)
2026-07-07 21:07:44,798 [INFO] Pass: Optimize1qGatesDecomposition - 0.06485 (ms)
2026-07-07 21:07:44,798 [INFO] Pass: InverseCancellation - 0.00596 (ms)
2026-07-07 21:07:44,798 [INFO] Pass: GatesInBasis - 0.36573 (ms)
2026-07-07 21:07:44,798 [INFO] Pass: Depth - 0.07367 (ms)
2026-07-07 21:07:44,798 [INFO] Pass: FixedPoint - 0.00477 (ms)
2026-07-07 21:07:44,798 [INFO] Pass: Size - 0.02789 (ms)
2026-07-07 21:07:44,798 [INFO] Pass: FixedPoint - 0.00453 (ms)
2026-07-07 21:07:44,798 [INFO] Pass: ContainsInstruction - 0.00525 (ms)
2026-07-07 21:07:44,799 [INFO] Total Transpile Time - 60.14204 (ms)
2026-07-07 21:07:44,855 [INFO] Pass: ContainsInstruction - 0.00715 (ms)
2026-07-07 21:07:44,855 [INFO] Pass: InverseCancellation - 0.10085 (ms)
2026-07-07 21:07:44,855 [INFO] Pass: UnitarySynthesis - 0.00405 (ms)
2026-07-07 21:07:44,855 [INFO] Pass: HighLevelSynthesis - 0.67544 (ms)
2026-07-07 21:07:44,856 [INFO] Pass: BasisTranslator - 0.37956 (ms)
2026-07-07 21:07:44,856 [INFO] Pass: Depth - 0.08416 (ms)
2026-07-07 21:07:44,856 [INFO] Pass: FixedPoint - 0.00691 (ms)
2026-07-07 21:07:44,856 [INFO] Pass: Size - 0.03099 (ms)
2026-07-07 21:07:44,856 [INFO] Pass: FixedPoint - 0.00477 (ms)
2026-07-07 21:07:44,857 [INFO] Pass: Optimize1qGatesDecomposition - 0.75293 (ms)
2026-07-07 21:07:44,857 [INFO] Pass: InverseCancellation - 0.08702 (ms)
2026-07-07 21:07:44,857 [INFO] Pass: GatesInBasis - 0.38910 (ms)
2026-07-07 21:07:44,858 [INFO] Pass: Depth - 0.07820 (ms)
2026-07-07 21:07:44,858 [INFO] Pass: FixedPoint - 0.00525 (ms)
2026-07-07 21:07:44,858 [INFO] Pass: Size - 0.03028 (ms)
2026-07-07 21:07:44,858 [INFO] Pass: FixedPoint - 0.00429 (ms)
2026-07-07 21:07:44,858 [INFO] Pass: ContainsInstruction - 0.00453 (ms)
2026-07-07 21:07:44,858 [INFO] Total Transpile Time - 59.39627 (ms)
2026-07-07 21:07:44,914 [INFO] Pass: ContainsInstruction - 0.00668 (ms)
2026-07-07 21:07:44,914 [INFO] Pass: InverseCancellation - 0.10562 (ms)
2026-07-07 21:07:44,914 [INFO] Pass: UnitarySynthesis - 0.00405 (ms)
2026-07-07 21:07:44,915 [INFO] Pass: HighLevelSynthesis - 0.74029 (ms)
2026-07-07 21:07:44,915 [INFO] Pass: BasisTranslator - 0.40293 (ms)
2026-07-07 21:07:44,915 [INFO] Pass: Depth - 0.08845 (ms)
2026-07-07 21:07:44,916 [INFO] Pass: FixedPoint - 0.00644 (ms)
2026-07-07 21:07:44,916 [INFO] Pass: Size - 0.03219 (ms)
2026-07-07 21:07:44,916 [INFO] Pass: FixedPoint - 0.00453 (ms)
2026-07-07 21:07:44,917 [INFO] Pass: Optimize1qGatesDecomposition - 0.86355 (ms)
2026-07-07 21:07:44,917 [INFO] Pass: InverseCancellation - 0.00668 (ms)
2026-07-07 21:07:44,917 [INFO] Pass: GatesInBasis - 0.54169 (ms)
2026-07-07 21:07:44,917 [INFO] Pass: Depth - 0.08392 (ms)
2026-07-07 21:07:44,917 [INFO] Pass: FixedPoint - 0.00572 (ms)
2026-07-07 21:07:44,917 [INFO] Pass: Size - 0.03099 (ms)
2026-07-07 21:07:44,917 [INFO] Pass: FixedPoint - 0.00453 (ms)
2026-07-07 21:07:44,918 [INFO] Pass: Optimize1qGatesDecomposition - 0.72622 (ms)
2026-07-07 21:07:44,918 [INFO] Pass: InverseCancellation - 0.00644 (ms)
2026-07-07 21:07:44,919 [INFO] Pass: GatesInBasis - 0.38767 (ms)
2026-07-07 21:07:44,919 [INFO] Pass: Depth - 0.07963 (ms)
2026-07-07 21:07:44,919 [INFO] Pass: FixedPoint - 0.00501 (ms)
2026-07-07 21:07:44,919 [INFO] Pass: Size - 0.03052 (ms)
2026-07-07 21:07:44,919 [INFO] Pass: FixedPoint - 0.00405 (ms)
2026-07-07 21:07:44,919 [INFO] Pass: ContainsInstruction - 0.00453 (ms)
2026-07-07 21:07:44,920 [INFO] Total Transpile Time - 61.08260 (ms)
2026-07-07 21:21:24,500 [INFO] Pass: ContainsInstruction - 0.00930 (ms)
2026-07-07 21:21:24,500 [INFO] Pass: InverseCancellation - 0.00978 (ms)
2026-07-07 21:21:24,500 [INFO] Pass: UnitarySynthesis - 0.00429 (ms)
2026-07-07 21:21:24,501 [INFO] Pass: HighLevelSynthesis - 0.61154 (ms)
2026-07-07 21:21:24,501 [INFO] Pass: BasisTranslator - 0.36550 (ms)
2026-07-07 21:21:24,501 [INFO] Pass: Depth - 0.08893 (ms)
2026-07-07 21:21:24,501 [INFO] Pass: FixedPoint - 0.00811 (ms)
2026-07-07 21:21:24,501 [INFO] Pass: Size - 0.02980 (ms)
2026-07-07 21:21:24,501 [INFO] Pass: FixedPoint - 0.00453 (ms)
2026-07-07 21:21:24,502 [INFO] Pass: Optimize1qGatesDecomposition - 0.06628 (ms)
2026-07-07 21:21:24,502 [INFO] Pass: InverseCancellation - 0.00644 (ms)
2026-07-07 21:21:24,502 [INFO] Pass: GatesInBasis - 0.36979 (ms)
2026-07-07 21:21:24,502 [INFO] Pass: Depth - 0.07486 (ms)
2026-07-07 21:21:24,502 [INFO] Pass: FixedPoint - 0.00501 (ms)
2026-07-07 21:21:24,502 [INFO] Pass: Size - 0.02813 (ms)
2026-07-07 21:21:24,502 [INFO] Pass: FixedPoint - 0.00429 (ms)
2026-07-07 21:21:24,502 [INFO] Pass: ContainsInstruction - 0.00525 (ms)
2026-07-07 21:21:24,503 [INFO] Total Transpile Time - 60.01949 (ms)
2026-07-07 21:21:24,559 [INFO] Pass: ContainsInstruction - 0.00644 (ms)
2026-07-07 21:21:24,559 [INFO] Pass: InverseCancellation - 0.09871 (ms)
2026-07-07 21:21:24,559 [INFO] Pass: UnitarySynthesis - 0.00429 (ms)
2026-07-07 21:21:24,560 [INFO] Pass: HighLevelSynthesis - 0.67616 (ms)
2026-07-07 21:21:24,560 [INFO] Pass: BasisTranslator - 0.37289 (ms)
2026-07-07 21:21:24,561 [INFO] Pass: Depth - 0.08512 (ms)
2026-07-07 21:21:24,561 [INFO] Pass: FixedPoint - 0.00691 (ms)
2026-07-07 21:21:24,561 [INFO] Pass: Size - 0.03099 (ms)
2026-07-07 21:21:24,561 [INFO] Pass: FixedPoint - 0.00453 (ms)
2026-07-07 21:21:24,561 [INFO] Pass: Optimize1qGatesDecomposition - 0.75483 (ms)
2026-07-07 21:21:24,562 [INFO] Pass: InverseCancellation - 0.08774 (ms)
2026-07-07 21:21:24,562 [INFO] Pass: GatesInBasis - 0.40436 (ms)
2026-07-07 21:21:24,562 [INFO] Pass: Depth - 0.08082 (ms)
2026-07-07 21:21:24,562 [INFO] Pass: FixedPoint - 0.00572 (ms)
2026-07-07 21:21:24,562 [INFO] Pass: Size - 0.02980 (ms)
2026-07-07 21:21:24,562 [INFO] Pass: FixedPoint - 0.00405 (ms)
2026-07-07 21:21:24,562 [INFO] Pass: ContainsInstruction - 0.00453 (ms)
2026-07-07 21:21:24,563 [INFO] Total Transpile Time - 59.87358 (ms)
2026-07-07 21:21:24,618 [INFO] Pass: ContainsInstruction - 0.00644 (ms)
2026-07-07 21:21:24,619 [INFO] Pass: InverseCancellation - 0.10610 (ms)
2026-07-07 21:21:24,619 [INFO] Pass: UnitarySynthesis - 0.00453 (ms)
2026-07-07 21:21:24,620 [INFO] Pass: HighLevelSynthesis - 0.74100 (ms)
2026-07-07 21:21:24,620 [INFO] Pass: BasisTranslator - 0.41795 (ms)
2026-07-07 21:21:24,620 [INFO] Pass: Depth - 0.08988 (ms)
2026-07-07 21:21:24,620 [INFO] Pass: FixedPoint - 0.00668 (ms)
2026-07-07 21:21:24,620 [INFO] Pass: Size - 0.03290 (ms)
2026-07-07 21:21:24,620 [INFO] Pass: FixedPoint - 0.00429 (ms)
2026-07-07 21:21:24,621 [INFO] Pass: Optimize1qGatesDecomposition - 0.87476 (ms)
2026-07-07 21:21:24,621 [INFO] Pass: InverseCancellation - 0.00644 (ms)
2026-07-07 21:21:24,622 [INFO] Pass: GatesInBasis - 0.53072 (ms)
2026-07-07 21:21:24,622 [INFO] Pass: Depth - 0.09084 (ms)
2026-07-07 21:21:24,622 [INFO] Pass: FixedPoint - 0.00572 (ms)
2026-07-07 21:21:24,622 [INFO] Pass: Size - 0.03076 (ms)
2026-07-07 21:21:24,622 [INFO] Pass: FixedPoint - 0.00429 (ms)
2026-07-07 21:21:24,623 [INFO] Pass: Optimize1qGatesDecomposition - 0.71788 (ms)
2026-07-07 21:21:24,623 [INFO] Pass: InverseCancellation - 0.00668 (ms)
2026-07-07 21:21:24,623 [INFO] Pass: GatesInBasis - 0.39530 (ms)
2026-07-07 21:21:24,623 [INFO] Pass: Depth - 0.08011 (ms)
2026-07-07 21:21:24,623 [INFO] Pass: FixedPoint - 0.00477 (ms)
2026-07-07 21:21:24,623 [INFO] Pass: Size - 0.03004 (ms)
2026-07-07 21:21:24,624 [INFO] Pass: FixedPoint - 0.00381 (ms)
2026-07-07 21:21:24,624 [INFO] Pass: ContainsInstruction - 0.00453 (ms)
2026-07-07 21:21:24,624 [INFO] Total Transpile Time - 61.17535 (ms)
2026-07-07 21:35:01,987 [INFO] Pass: ContainsInstruction - 0.00787 (ms)
2026-07-07 21:35:01,987 [INFO] Pass: InverseCancellation - 0.00954 (ms)
2026-07-07 21:35:01,987 [INFO] Pass: UnitarySynthesis - 0.00429 (ms)
2026-07-07 21:35:01,988 [INFO] Pass: HighLevelSynthesis - 0.61774 (ms)
2026-07-07 21:35:01,988 [INFO] Pass: BasisTranslator - 0.35763 (ms)
2026-07-07 21:35:01,988 [INFO] Pass: Depth - 0.08941 (ms)
2026-07-07 21:35:01,988 [INFO] Pass: FixedPoint - 0.00715 (ms)
2026-07-07 21:35:01,988 [INFO] Pass: Size - 0.03004 (ms)
2026-07-07 21:35:01,988 [INFO] Pass: FixedPoint - 0.00453 (ms)
2026-07-07 21:35:01,988 [INFO] Pass: Optimize1qGatesDecomposition - 0.06318 (ms)
2026-07-07 21:35:01,988 [INFO] Pass: InverseCancellation - 0.00572 (ms)
2026-07-07 21:35:01,989 [INFO] Pass: GatesInBasis - 0.35644 (ms)
2026-07-07 21:35:01,989 [INFO] Pass: Depth - 0.07510 (ms)
2026-07-07 21:35:01,989 [INFO] Pass: FixedPoint - 0.00501 (ms)
2026-07-07 21:35:01,989 [INFO] Pass: Size - 0.02837 (ms)
2026-07-07 21:35:01,989 [INFO] Pass: FixedPoint - 0.00429 (ms)
2026-07-07 21:35:01,989 [INFO] Pass: ContainsInstruction - 0.00453 (ms)
2026-07-07 21:35:01,990 [INFO] Total Transpile Time - 60.44507 (ms)
2026-07-07 21:35:02,046 [INFO] Pass: ContainsInstruction - 0.00668 (ms)
2026-07-07 21:35:02,046 [INFO] Pass: InverseCancellation - 0.10133 (ms)
2026-07-07 21:35:02,046 [INFO] Pass: UnitarySynthesis - 0.00429 (ms)
2026-07-07 21:35:02,046 [INFO] Pass: HighLevelSynthesis - 0.66400 (ms)
2026-07-07 21:35:02,047 [INFO] Pass: BasisTranslator - 0.38314 (ms)
2026-07-07 21:35:02,047 [INFO] Pass: Depth - 0.08535 (ms)
2026-07-07 21:35:02,047 [INFO] Pass: FixedPoint - 0.00668 (ms)
2026-07-07 21:35:02,047 [INFO] Pass: Size - 0.03123 (ms)
2026-07-07 21:35:02,047 [INFO] Pass: FixedPoint - 0.00453 (ms)
2026-07-07 21:35:02,048 [INFO] Pass: Optimize1qGatesDecomposition - 0.75746 (ms)
2026-07-07 21:35:02,048 [INFO] Pass: InverseCancellation - 0.08869 (ms)
2026-07-07 21:35:02,049 [INFO] Pass: GatesInBasis - 0.39387 (ms)
2026-07-07 21:35:02,049 [INFO] Pass: Depth - 0.08035 (ms)
2026-07-07 21:35:02,049 [INFO] Pass: FixedPoint - 0.00525 (ms)
2026-07-07 21:35:02,049 [INFO] Pass: Size - 0.03028 (ms)
2026-07-07 21:35:02,049 [INFO] Pass: FixedPoint - 0.00429 (ms)
2026-07-07 21:35:02,049 [INFO] Pass: ContainsInstruction - 0.00429 (ms)
2026-07-07 21:35:02,049 [INFO] Total Transpile Time - 59.60917 (ms)
2026-07-07 21:35:02,105 [INFO] Pass: ContainsInstruction - 0.00668 (ms)
2026-07-07 21:35:02,106 [INFO] Pass: InverseCancellation - 0.10729 (ms)
2026-07-07 21:35:02,106 [INFO] Pass: UnitarySynthesis - 0.00453 (ms)
2026-07-07 21:35:02,107 [INFO] Pass: HighLevelSynthesis - 0.74291 (ms)
2026-07-07 21:35:02,107 [INFO] Pass: BasisTranslator - 0.41676 (ms)
2026-07-07 21:35:02,107 [INFO] Pass: Depth - 0.09155 (ms)
2026-07-07 21:35:02,107 [INFO] Pass: FixedPoint - 0.00644 (ms)
2026-07-07 21:35:02,107 [INFO] Pass: Size - 0.03290 (ms)
2026-07-07 21:35:02,107 [INFO] Pass: FixedPoint - 0.00429 (ms)
2026-07-07 21:35:02,108 [INFO] Pass: Optimize1qGatesDecomposition - 0.87333 (ms)
2026-07-07 21:35:02,108 [INFO] Pass: InverseCancellation - 0.00691 (ms)
2026-07-07 21:35:02,109 [INFO] Pass: GatesInBasis - 0.69594 (ms)
2026-07-07 21:35:02,109 [INFO] Pass: Depth - 0.08869 (ms)
2026-07-07 21:35:02,109 [INFO] Pass: FixedPoint - 0.00596 (ms)
2026-07-07 21:35:02,109 [INFO] Pass: Size - 0.03099 (ms)
2026-07-07 21:35:02,109 [INFO] Pass: FixedPoint - 0.00405 (ms)
2026-07-07 21:35:02,110 [INFO] Pass: Optimize1qGatesDecomposition - 0.73814 (ms)
2026-07-07 21:35:02,110 [INFO] Pass: InverseCancellation - 0.00691 (ms)
2026-07-07 21:35:02,110 [INFO] Pass: GatesInBasis - 0.39339 (ms)
2026-07-07 21:35:02,111 [INFO] Pass: Depth - 0.08178 (ms)
2026-07-07 21:35:02,111 [INFO] Pass: FixedPoint - 0.00501 (ms)
2026-07-07 21:35:02,111 [INFO] Pass: Size - 0.02980 (ms)
2026-07-07 21:35:02,111 [INFO] Pass: FixedPoint - 0.00405 (ms)
2026-07-07 21:35:02,111 [INFO] Pass: ContainsInstruction - 0.00429 (ms)
2026-07-07 21:35:02,111 [INFO] Total Transpile Time - 61.87391 (ms)
2026-07-07 21:48:45,054 [INFO] Pass: ContainsInstruction - 0.00978 (ms)
2026-07-07 21:48:45,054 [INFO] Pass: InverseCancellation - 0.01121 (ms)
2026-07-07 21:48:45,054 [INFO] Pass: UnitarySynthesis - 0.00453 (ms)
2026-07-07 21:48:45,055 [INFO] Pass: HighLevelSynthesis - 0.63443 (ms)
2026-07-07 21:48:45,055 [INFO] Pass: BasisTranslator - 0.34881 (ms)
2026-07-07 21:48:45,056 [INFO] Pass: Depth - 0.09036 (ms)
2026-07-07 21:48:45,056 [INFO] Pass: FixedPoint - 0.00763 (ms)
2026-07-07 21:48:45,056 [INFO] Pass: Size - 0.03052 (ms)
2026-07-07 21:48:45,056 [INFO] Pass: FixedPoint - 0.00453 (ms)
2026-07-07 21:48:45,056 [INFO] Pass: Optimize1qGatesDecomposition - 0.06771 (ms)
2026-07-07 21:48:45,056 [INFO] Pass: InverseCancellation - 0.00691 (ms)
2026-07-07 21:48:45,056 [INFO] Pass: GatesInBasis - 0.36788 (ms)
2026-07-07 21:48:45,056 [INFO] Pass: Depth - 0.07439 (ms)
2026-07-07 21:48:45,056 [INFO] Pass: FixedPoint - 0.00525 (ms)
2026-07-07 21:48:45,056 [INFO] Pass: Size - 0.02885 (ms)
2026-07-07 21:48:45,057 [INFO] Pass: FixedPoint - 0.00429 (ms)
2026-07-07 21:48:45,057 [INFO] Pass: ContainsInstruction - 0.00429 (ms)
2026-07-07 21:48:45,057 [INFO] Total Transpile Time - 60.10461 (ms)
2026-07-07 21:48:45,113 [INFO] Pass: ContainsInstruction - 0.00644 (ms)
2026-07-07 21:48:45,114 [INFO] Pass: InverseCancellation - 0.10371 (ms)
2026-07-07 21:48:45,114 [INFO] Pass: UnitarySynthesis - 0.00477 (ms)
2026-07-07 21:48:45,114 [INFO] Pass: HighLevelSynthesis - 0.67353 (ms)
2026-07-07 21:48:45,115 [INFO] Pass: BasisTranslator - 0.37718 (ms)
2026-07-07 21:48:45,115 [INFO] Pass: Depth - 0.08559 (ms)
2026-07-07 21:48:45,115 [INFO] Pass: FixedPoint - 0.00644 (ms)
2026-07-07 21:48:45,115 [INFO] Pass: Size - 0.03123 (ms)
2026-07-07 21:48:45,115 [INFO] Pass: FixedPoint - 0.00453 (ms)
2026-07-07 21:48:45,116 [INFO] Pass: Optimize1qGatesDecomposition - 0.76175 (ms)
2026-07-07 21:48:45,116 [INFO] Pass: InverseCancellation - 0.09561 (ms)
2026-07-07 21:48:45,116 [INFO] Pass: GatesInBasis - 0.39291 (ms)
2026-07-07 21:48:45,117 [INFO] Pass: Depth - 0.08082 (ms)
2026-07-07 21:48:45,117 [INFO] Pass: FixedPoint - 0.00572 (ms)
2026-07-07 21:48:45,117 [INFO] Pass: Size - 0.02980 (ms)
2026-07-07 21:48:45,117 [INFO] Pass: FixedPoint - 0.00405 (ms)
2026-07-07 21:48:45,117 [INFO] Pass: ContainsInstruction - 0.00429 (ms)
2026-07-07 21:48:45,117 [INFO] Total Transpile Time - 60.04953 (ms)
2026-07-07 21:48:45,173 [INFO] Pass: ContainsInstruction - 0.00620 (ms)
2026-07-07 21:48:45,173 [INFO] Pass: InverseCancellation - 0.10824 (ms)
2026-07-07 21:48:45,173 [INFO] Pass: UnitarySynthesis - 0.00429 (ms)
2026-07-07 21:48:45,174 [INFO] Pass: HighLevelSynthesis - 0.72598 (ms)
2026-07-07 21:48:45,174 [INFO] Pass: BasisTranslator - 0.40770 (ms)
2026-07-07 21:48:45,174 [INFO] Pass: Depth - 0.08965 (ms)
2026-07-07 21:48:45,175 [INFO] Pass: FixedPoint - 0.00668 (ms)
2026-07-07 21:48:45,175 [INFO] Pass: Size - 0.03290 (ms)
2026-07-07 21:48:45,175 [INFO] Pass: FixedPoint - 0.00453 (ms)
2026-07-07 21:48:45,176 [INFO] Pass: Optimize1qGatesDecomposition - 0.87380 (ms)
2026-07-07 21:48:45,176 [INFO] Pass: InverseCancellation - 0.00691 (ms)
2026-07-07 21:48:45,176 [INFO] Pass: GatesInBasis - 0.54693 (ms)
2026-07-07 21:48:45,176 [INFO] Pass: Depth - 0.08559 (ms)
2026-07-07 21:48:45,176 [INFO] Pass: FixedPoint - 0.00596 (ms)
2026-07-07 21:48:45,176 [INFO] Pass: Size - 0.03171 (ms)
2026-07-07 21:48:45,176 [INFO] Pass: FixedPoint - 0.00477 (ms)
2026-07-07 21:48:45,177 [INFO] Pass: Optimize1qGatesDecomposition - 0.73290 (ms)
2026-07-07 21:48:45,177 [INFO] Pass: InverseCancellation - 0.00644 (ms)
2026-07-07 21:48:45,178 [INFO] Pass: GatesInBasis - 0.39196 (ms)
2026-07-07 21:48:45,178 [INFO] Pass: Depth - 0.08106 (ms)
2026-07-07 21:48:45,178 [INFO] Pass: FixedPoint - 0.00501 (ms)
2026-07-07 21:48:45,178 [INFO] Pass: Size - 0.03552 (ms)
2026-07-07 21:48:45,178 [INFO] Pass: FixedPoint - 0.00429 (ms)
2026-07-07 21:48:45,178 [INFO] Pass: ContainsInstruction - 0.00453 (ms)
2026-07-07 21:48:45,179 [INFO] Total Transpile Time - 61.22732 (ms)
2026-07-07 22:02:29,170 [INFO] Pass: ContainsInstruction - 0.00811 (ms)
2026-07-07 22:02:29,170 [INFO] Pass: InverseCancellation - 0.01001 (ms)
2026-07-07 22:02:29,170 [INFO] Pass: UnitarySynthesis - 0.00453 (ms)
2026-07-07 22:02:29,171 [INFO] Pass: HighLevelSynthesis - 0.61035 (ms)
2026-07-07 22:02:29,171 [INFO] Pass: BasisTranslator - 0.35858 (ms)
2026-07-07 22:02:29,171 [INFO] Pass: Depth - 0.08869 (ms)
2026-07-07 22:02:29,171 [INFO] Pass: FixedPoint - 0.00763 (ms)
2026-07-07 22:02:29,171 [INFO] Pass: Size - 0.03076 (ms)
2026-07-07 22:02:29,171 [INFO] Pass: FixedPoint - 0.00477 (ms)
2026-07-07 22:02:29,171 [INFO] Pass: Optimize1qGatesDecomposition - 0.06247 (ms)
2026-07-07 22:02:29,171 [INFO] Pass: InverseCancellation - 0.00596 (ms)
2026-07-07 22:02:29,172 [INFO] Pass: GatesInBasis - 0.36120 (ms)
2026-07-07 22:02:29,172 [INFO] Pass: Depth - 0.07296 (ms)
2026-07-07 22:02:29,172 [INFO] Pass: FixedPoint - 0.00548 (ms)
2026-07-07 22:02:29,172 [INFO] Pass: Size - 0.02623 (ms)
2026-07-07 22:02:29,172 [INFO] Pass: FixedPoint - 0.00405 (ms)
2026-07-07 22:02:29,172 [INFO] Pass: ContainsInstruction - 0.00453 (ms)
2026-07-07 22:02:29,173 [INFO] Total Transpile Time - 60.08983 (ms)
2026-07-07 22:02:29,228 [INFO] Pass: ContainsInstruction - 0.00668 (ms)
2026-07-07 22:02:29,228 [INFO] Pass: InverseCancellation - 0.10109 (ms)
2026-07-07 22:02:29,228 [INFO] Pass: UnitarySynthesis - 0.00429 (ms)
2026-07-07 22:02:29,229 [INFO] Pass: HighLevelSynthesis - 0.66447 (ms)
2026-07-07 22:02:29,230 [INFO] Pass: BasisTranslator - 0.37575 (ms)
2026-07-07 22:02:29,230 [INFO] Pass: Depth - 0.08202 (ms)
2026-07-07 22:02:29,230 [INFO] Pass: FixedPoint - 0.00691 (ms)
2026-07-07 22:02:29,230 [INFO] Pass: Size - 0.02789 (ms)
2026-07-07 22:02:29,230 [INFO] Pass: FixedPoint - 0.00429 (ms)
2026-07-07 22:02:29,231 [INFO] Pass: Optimize1qGatesDecomposition - 0.74840 (ms)
2026-07-07 22:02:29,231 [INFO] Pass: InverseCancellation - 0.08821 (ms)
2026-07-07 22:02:29,231 [INFO] Pass: GatesInBasis - 0.39363 (ms)
2026-07-07 22:02:29,231 [INFO] Pass: Depth - 0.07701 (ms)
2026-07-07 22:02:29,231 [INFO] Pass: FixedPoint - 0.00501 (ms)
2026-07-07 22:02:29,231 [INFO] Pass: Size - 0.02670 (ms)
2026-07-07 22:02:29,231 [INFO] Pass: FixedPoint - 0.00405 (ms)
2026-07-07 22:02:29,231 [INFO] Pass: ContainsInstruction - 0.00429 (ms)
2026-07-07 22:02:29,232 [INFO] Total Transpile Time - 59.20768 (ms)
2026-07-07 22:02:29,287 [INFO] Pass: ContainsInstruction - 0.00620 (ms)
2026-07-07 22:02:29,288 [INFO] Pass: InverseCancellation - 0.10610 (ms)
2026-07-07 22:02:29,288 [INFO] Pass: UnitarySynthesis - 0.00429 (ms)
2026-07-07 22:02:29,288 [INFO] Pass: HighLevelSynthesis - 0.72694 (ms)
2026-07-07 22:02:29,289 [INFO] Pass: BasisTranslator - 0.40507 (ms)
2026-07-07 22:02:29,289 [INFO] Pass: Depth - 0.08893 (ms)
2026-07-07 22:02:29,289 [INFO] Pass: FixedPoint - 0.00644 (ms)
2026-07-07 22:02:29,289 [INFO] Pass: Size - 0.02933 (ms)
2026-07-07 22:02:29,289 [INFO] Pass: FixedPoint - 0.00453 (ms)
2026-07-07 22:02:29,290 [INFO] Pass: Optimize1qGatesDecomposition - 0.86594 (ms)
2026-07-07 22:02:29,290 [INFO] Pass: InverseCancellation - 0.00691 (ms)
2026-07-07 22:02:29,291 [INFO] Pass: GatesInBasis - 0.52881 (ms)
2026-07-07 22:02:29,291 [INFO] Pass: Depth - 0.08249 (ms)
2026-07-07 22:02:29,291 [INFO] Pass: FixedPoint - 0.00572 (ms)
2026-07-07 22:02:29,291 [INFO] Pass: Size - 0.02789 (ms)
2026-07-07 22:02:29,291 [INFO] Pass: FixedPoint - 0.00405 (ms)
2026-07-07 22:02:29,292 [INFO] Pass: Optimize1qGatesDecomposition - 0.71669 (ms)
2026-07-07 22:02:29,292 [INFO] Pass: InverseCancellation - 0.00668 (ms)
2026-07-07 22:02:29,292 [INFO] Pass: GatesInBasis - 0.39697 (ms)
2026-07-07 22:02:29,292 [INFO] Pass: Depth - 0.07629 (ms)
2026-07-07 22:02:29,292 [INFO] Pass: FixedPoint - 0.00501 (ms)
2026-07-07 22:02:29,292 [INFO] Pass: Size - 0.02694 (ms)
2026-07-07 22:02:29,292 [INFO] Pass: FixedPoint - 0.00453 (ms)
2026-07-07 22:02:29,292 [INFO] Pass: ContainsInstruction - 0.00453 (ms)
2026-07-07 22:02:29,293 [INFO] Total Transpile Time - 60.90903 (ms)
2026-07-07 22:16:08,985 [INFO] Pass: ContainsInstruction - 0.00739 (ms)
2026-07-07 22:16:08,986 [INFO] Pass: InverseCancellation - 0.00906 (ms)
2026-07-07 22:16:08,986 [INFO] Pass: UnitarySynthesis - 0.00405 (ms)
2026-07-07 22:16:08,986 [INFO] Pass: HighLevelSynthesis - 0.61536 (ms)
2026-07-07 22:16:08,987 [INFO] Pass: BasisTranslator - 0.34428 (ms)
2026-07-07 22:16:08,987 [INFO] Pass: Depth - 0.08559 (ms)
2026-07-07 22:16:08,987 [INFO] Pass: FixedPoint - 0.00763 (ms)
2026-07-07 22:16:08,987 [INFO] Pass: Size - 0.02837 (ms)
2026-07-07 22:16:08,987 [INFO] Pass: FixedPoint - 0.00477 (ms)
2026-07-07 22:16:08,987 [INFO] Pass: Optimize1qGatesDecomposition - 0.06127 (ms)
2026-07-07 22:16:08,987 [INFO] Pass: InverseCancellation - 0.00644 (ms)
2026-07-07 22:16:08,987 [INFO] Pass: GatesInBasis - 0.35548 (ms)
2026-07-07 22:16:08,988 [INFO] Pass: Depth - 0.07248 (ms)
2026-07-07 22:16:08,988 [INFO] Pass: FixedPoint - 0.00477 (ms)
2026-07-07 22:16:08,988 [INFO] Pass: Size - 0.02503 (ms)
2026-07-07 22:16:08,988 [INFO] Pass: FixedPoint - 0.00405 (ms)
2026-07-07 22:16:08,988 [INFO] Pass: ContainsInstruction - 0.00453 (ms)
2026-07-07 22:16:08,988 [INFO] Total Transpile Time - 60.11605 (ms)
2026-07-07 22:16:09,044 [INFO] Pass: ContainsInstruction - 0.00620 (ms)
2026-07-07 22:16:09,044 [INFO] Pass: InverseCancellation - 0.10133 (ms)
2026-07-07 22:16:09,044 [INFO] Pass: UnitarySynthesis - 0.00429 (ms)
2026-07-07 22:16:09,045 [INFO] Pass: HighLevelSynthesis - 0.66233 (ms)
2026-07-07 22:16:09,045 [INFO] Pass: BasisTranslator - 0.37479 (ms)
2026-07-07 22:16:09,046 [INFO] Pass: Depth - 0.08225 (ms)
2026-07-07 22:16:09,046 [INFO] Pass: FixedPoint - 0.00644 (ms)
2026-07-07 22:16:09,046 [INFO] Pass: Size - 0.02789 (ms)
2026-07-07 22:16:09,046 [INFO] Pass: FixedPoint - 0.00453 (ms)
2026-07-07 22:16:09,047 [INFO] Pass: Optimize1qGatesDecomposition - 0.75388 (ms)
2026-07-07 22:16:09,047 [INFO] Pass: InverseCancellation - 0.08774 (ms)
2026-07-07 22:16:09,047 [INFO] Pass: GatesInBasis - 0.39935 (ms)
2026-07-07 22:16:09,047 [INFO] Pass: Depth - 0.07701 (ms)
2026-07-07 22:16:09,047 [INFO] Pass: FixedPoint - 0.00548 (ms)
2026-07-07 22:16:09,047 [INFO] Pass: Size - 0.02718 (ms)
2026-07-07 22:16:09,047 [INFO] Pass: FixedPoint - 0.00429 (ms)
2026-07-07 22:16:09,047 [INFO] Pass: ContainsInstruction - 0.00453 (ms)
2026-07-07 22:16:09,048 [INFO] Total Transpile Time - 59.56006 (ms)
2026-07-07 22:16:09,104 [INFO] Pass: ContainsInstruction - 0.00620 (ms)
2026-07-07 22:16:09,104 [INFO] Pass: InverseCancellation - 0.10729 (ms)
2026-07-07 22:16:09,104 [INFO] Pass: UnitarySynthesis - 0.00453 (ms)
2026-07-07 22:16:09,105 [INFO] Pass: HighLevelSynthesis - 0.74172 (ms)
2026-07-07 22:16:09,105 [INFO] Pass: BasisTranslator - 0.41294 (ms)
2026-07-07 22:16:09,105 [INFO] Pass: Depth - 0.08726 (ms)
2026-07-07 22:16:09,105 [INFO] Pass: FixedPoint - 0.00668 (ms)
2026-07-07 22:16:09,105 [INFO] Pass: Size - 0.02980 (ms)
2026-07-07 22:16:09,105 [INFO] Pass: FixedPoint - 0.00429 (ms)
2026-07-07 22:16:09,106 [INFO] Pass: Optimize1qGatesDecomposition - 0.87786 (ms)
2026-07-07 22:16:09,106 [INFO] Pass: InverseCancellation - 0.00644 (ms)
2026-07-07 22:16:09,107 [INFO] Pass: GatesInBasis - 0.53501 (ms)
2026-07-07 22:16:09,107 [INFO] Pass: Depth - 0.08297 (ms)
2026-07-07 22:16:09,107 [INFO] Pass: FixedPoint - 0.00548 (ms)
2026-07-07 22:16:09,107 [INFO] Pass: Size - 0.02742 (ms)
2026-07-07 22:16:09,107 [INFO] Pass: FixedPoint - 0.00405 (ms)
2026-07-07 22:16:09,108 [INFO] Pass: Optimize1qGatesDecomposition - 0.72646 (ms)
2026-07-07 22:16:09,108 [INFO] Pass: InverseCancellation - 0.00644 (ms)
2026-07-07 22:16:09,108 [INFO] Pass: GatesInBasis - 0.38600 (ms)
2026-07-07 22:16:09,109 [INFO] Pass: Depth - 0.07772 (ms)
2026-07-07 22:16:09,109 [INFO] Pass: FixedPoint - 0.00477 (ms)
2026-07-07 22:16:09,109 [INFO] Pass: Size - 0.02718 (ms)
2026-07-07 22:16:09,109 [INFO] Pass: FixedPoint - 0.00429 (ms)
2026-07-07 22:16:09,109 [INFO] Pass: ContainsInstruction - 0.00429 (ms)
2026-07-07 22:16:09,109 [INFO] Total Transpile Time - 61.24926 (ms)
2026-07-07 22:29:40,888 [INFO] Pass: ContainsInstruction - 0.00858 (ms)
2026-07-07 22:29:40,888 [INFO] Pass: InverseCancellation - 0.00882 (ms)
2026-07-07 22:29:40,888 [INFO] Pass: UnitarySynthesis - 0.00501 (ms)
2026-07-07 22:29:40,889 [INFO] Pass: HighLevelSynthesis - 0.62156 (ms)
2026-07-07 22:29:40,889 [INFO] Pass: BasisTranslator - 0.35477 (ms)
2026-07-07 22:29:40,889 [INFO] Pass: Depth - 0.08225 (ms)
2026-07-07 22:29:40,889 [INFO] Pass: FixedPoint - 0.00763 (ms)
2026-07-07 22:29:40,890 [INFO] Pass: Size - 0.02694 (ms)
2026-07-07 22:29:40,890 [INFO] Pass: FixedPoint - 0.00453 (ms)
2026-07-07 22:29:40,890 [INFO] Pass: Optimize1qGatesDecomposition - 0.05794 (ms)
2026-07-07 22:29:40,890 [INFO] Pass: InverseCancellation - 0.00596 (ms)
2026-07-07 22:29:40,890 [INFO] Pass: GatesInBasis - 0.36192 (ms)
2026-07-07 22:29:40,890 [INFO] Pass: Depth - 0.07272 (ms)
2026-07-07 22:29:40,890 [INFO] Pass: FixedPoint - 0.00501 (ms)
2026-07-07 22:29:40,890 [INFO] Pass: Size - 0.02503 (ms)
2026-07-07 22:29:40,890 [INFO] Pass: FixedPoint - 0.00429 (ms)
2026-07-07 22:29:40,890 [INFO] Pass: ContainsInstruction - 0.00477 (ms)
2026-07-07 22:29:40,891 [INFO] Total Transpile Time - 59.73506 (ms)
2026-07-07 22:29:40,947 [INFO] Pass: ContainsInstruction - 0.00620 (ms)
2026-07-07 22:29:40,947 [INFO] Pass: InverseCancellation - 0.10824 (ms)
2026-07-07 22:29:40,947 [INFO] Pass: UnitarySynthesis - 0.00429 (ms)
2026-07-07 22:29:40,948 [INFO] Pass: HighLevelSynthesis - 0.66829 (ms)
2026-07-07 22:29:40,948 [INFO] Pass: BasisTranslator - 0.37837 (ms)
2026-07-07 22:29:40,948 [INFO] Pass: Depth - 0.08202 (ms)
2026-07-07 22:29:40,948 [INFO] Pass: FixedPoint - 0.00739 (ms)
2026-07-07 22:29:40,948 [INFO] Pass: Size - 0.02789 (ms)
2026-07-07 22:29:40,948 [INFO] Pass: FixedPoint - 0.00477 (ms)
2026-07-07 22:29:40,949 [INFO] Pass: Optimize1qGatesDecomposition - 0.74482 (ms)
2026-07-07 22:29:40,949 [INFO] Pass: InverseCancellation - 0.08702 (ms)
2026-07-07 22:29:40,950 [INFO] Pass: GatesInBasis - 0.39315 (ms)
2026-07-07 22:29:40,950 [INFO] Pass: Depth - 0.08011 (ms)
2026-07-07 22:29:40,950 [INFO] Pass: FixedPoint - 0.00930 (ms)
2026-07-07 22:29:40,950 [INFO] Pass: Size - 0.02766 (ms)
2026-07-07 22:29:40,950 [INFO] Pass: FixedPoint - 0.00453 (ms)
2026-07-07 22:29:40,950 [INFO] Pass: ContainsInstruction - 0.00429 (ms)
2026-07-07 22:29:40,951 [INFO] Total Transpile Time - 59.59010 (ms)
2026-07-07 22:29:41,007 [INFO] Pass: ContainsInstruction - 0.00620 (ms)
2026-07-07 22:29:41,007 [INFO] Pass: InverseCancellation - 0.10777 (ms)
2026-07-07 22:29:41,007 [INFO] Pass: UnitarySynthesis - 0.00453 (ms)
2026-07-07 22:29:41,008 [INFO] Pass: HighLevelSynthesis - 0.72265 (ms)
2026-07-07 22:29:41,008 [INFO] Pass: BasisTranslator - 0.40483 (ms)
2026-07-07 22:29:41,008 [INFO] Pass: Depth - 0.08750 (ms)
2026-07-07 22:29:41,008 [INFO] Pass: FixedPoint - 0.00644 (ms)
2026-07-07 22:29:41,008 [INFO] Pass: Size - 0.02933 (ms)
2026-07-07 22:29:41,008 [INFO] Pass: FixedPoint - 0.00429 (ms)
2026-07-07 22:29:41,009 [INFO] Pass: Optimize1qGatesDecomposition - 0.87237 (ms)
2026-07-07 22:29:41,009 [INFO] Pass: InverseCancellation - 0.00620 (ms)
2026-07-07 22:29:41,010 [INFO] Pass: GatesInBasis - 0.53072 (ms)
2026-07-07 22:29:41,010 [INFO] Pass: Depth - 0.08559 (ms)
2026-07-07 22:29:41,010 [INFO] Pass: FixedPoint - 0.00620 (ms)
2026-07-07 22:29:41,010 [INFO] Pass: Size - 0.02813 (ms)
2026-07-07 22:29:41,010 [INFO] Pass: FixedPoint - 0.00429 (ms)
2026-07-07 22:29:41,011 [INFO] Pass: Optimize1qGatesDecomposition - 0.73290 (ms)
2026-07-07 22:29:41,011 [INFO] Pass: InverseCancellation - 0.00691 (ms)
2026-07-07 22:29:41,011 [INFO] Pass: GatesInBasis - 0.38648 (ms)
2026-07-07 22:29:41,012 [INFO] Pass: Depth - 0.07892 (ms)
2026-07-07 22:29:41,012 [INFO] Pass: FixedPoint - 0.00501 (ms)
2026-07-07 22:29:41,012 [INFO] Pass: Size - 0.02718 (ms)
2026-07-07 22:29:41,012 [INFO] Pass: FixedPoint - 0.00405 (ms)
2026-07-07 22:29:41,012 [INFO] Pass: ContainsInstruction - 0.00453 (ms)
2026-07-07 22:29:41,012 [INFO] Total Transpile Time - 61.58328 (ms)
2026-07-07 22:43:15,477 [INFO] Pass: ContainsInstruction - 0.00906 (ms)
2026-07-07 22:43:15,477 [INFO] Pass: InverseCancellation - 0.01097 (ms)
2026-07-07 22:43:15,477 [INFO] Pass: UnitarySynthesis - 0.00501 (ms)
2026-07-07 22:43:15,478 [INFO] Pass: HighLevelSynthesis - 0.61345 (ms)
2026-07-07 22:43:15,478 [INFO] Pass: BasisTranslator - 0.34666 (ms)
2026-07-07 22:43:15,478 [INFO] Pass: Depth - 0.08821 (ms)
2026-07-07 22:43:15,478 [INFO] Pass: FixedPoint - 0.00906 (ms)
2026-07-07 22:43:15,478 [INFO] Pass: Size - 0.02885 (ms)
2026-07-07 22:43:15,479 [INFO] Pass: FixedPoint - 0.00477 (ms)
2026-07-07 22:43:15,479 [INFO] Pass: Optimize1qGatesDecomposition - 0.06151 (ms)
2026-07-07 22:43:15,479 [INFO] Pass: InverseCancellation - 0.00620 (ms)
2026-07-07 22:43:15,479 [INFO] Pass: GatesInBasis - 0.36192 (ms)
2026-07-07 22:43:15,479 [INFO] Pass: Depth - 0.07129 (ms)
2026-07-07 22:43:15,479 [INFO] Pass: FixedPoint - 0.00501 (ms)
2026-07-07 22:43:15,479 [INFO] Pass: Size - 0.02503 (ms)
2026-07-07 22:43:15,479 [INFO] Pass: FixedPoint - 0.00429 (ms)
2026-07-07 22:43:15,479 [INFO] Pass: ContainsInstruction - 0.00429 (ms)
2026-07-07 22:43:15,480 [INFO] Total Transpile Time - 60.00710 (ms)
2026-07-07 22:43:15,536 [INFO] Pass: ContainsInstruction - 0.00620 (ms)
2026-07-07 22:43:15,536 [INFO] Pass: InverseCancellation - 0.10157 (ms)
2026-07-07 22:43:15,536 [INFO] Pass: UnitarySynthesis - 0.00405 (ms)
2026-07-07 22:43:15,537 [INFO] Pass: HighLevelSynthesis - 0.67067 (ms)
2026-07-07 22:43:15,537 [INFO] Pass: BasisTranslator - 0.37956 (ms)
2026-07-07 22:43:15,537 [INFO] Pass: Depth - 0.08297 (ms)
2026-07-07 22:43:15,537 [INFO] Pass: FixedPoint - 0.00668 (ms)
2026-07-07 22:43:15,537 [INFO] Pass: Size - 0.02789 (ms)
2026-07-07 22:43:15,537 [INFO] Pass: FixedPoint - 0.00453 (ms)
2026-07-07 22:43:15,538 [INFO] Pass: Optimize1qGatesDecomposition - 0.76079 (ms)
2026-07-07 22:43:15,538 [INFO] Pass: InverseCancellation - 0.08774 (ms)
2026-07-07 22:43:15,539 [INFO] Pass: GatesInBasis - 0.38505 (ms)
2026-07-07 22:43:15,539 [INFO] Pass: Depth - 0.07653 (ms)
2026-07-07 22:43:15,539 [INFO] Pass: FixedPoint - 0.00501 (ms)
2026-07-07 22:43:15,539 [INFO] Pass: Size - 0.02718 (ms)
2026-07-07 22:43:15,539 [INFO] Pass: FixedPoint - 0.00453 (ms)
2026-07-07 22:43:15,539 [INFO] Pass: ContainsInstruction - 0.00405 (ms)
2026-07-07 22:43:15,539 [INFO] Total Transpile Time - 59.42678 (ms)
2026-07-07 22:43:15,595 [INFO] Pass: ContainsInstruction - 0.00644 (ms)
2026-07-07 22:43:15,595 [INFO] Pass: InverseCancellation - 0.10562 (ms)
2026-07-07 22:43:15,595 [INFO] Pass: UnitarySynthesis - 0.00429 (ms)
2026-07-07 22:43:15,596 [INFO] Pass: HighLevelSynthesis - 0.72432 (ms)
2026-07-07 22:43:15,596 [INFO] Pass: BasisTranslator - 0.41246 (ms)
2026-07-07 22:43:15,597 [INFO] Pass: Depth - 0.08535 (ms)
2026-07-07 22:43:15,597 [INFO] Pass: FixedPoint - 0.00644 (ms)
2026-07-07 22:43:15,597 [INFO] Pass: Size - 0.02885 (ms)
2026-07-07 22:43:15,597 [INFO] Pass: FixedPoint - 0.00453 (ms)
2026-07-07 22:43:15,598 [INFO] Pass: Optimize1qGatesDecomposition - 0.86260 (ms)
2026-07-07 22:43:15,598 [INFO] Pass: InverseCancellation - 0.00620 (ms)
2026-07-07 22:43:15,598 [INFO] Pass: GatesInBasis - 0.53787 (ms)
2026-07-07 22:43:15,598 [INFO] Pass: Depth - 0.08249 (ms)
2026-07-07 22:43:15,598 [INFO] Pass: FixedPoint - 0.00596 (ms)
2026-07-07 22:43:15,599 [INFO] Pass: Size - 0.02766 (ms)
2026-07-07 22:43:15,599 [INFO] Pass: FixedPoint - 0.00405 (ms)
2026-07-07 22:43:15,599 [INFO] Pass: Optimize1qGatesDecomposition - 0.72551 (ms)
2026-07-07 22:43:15,599 [INFO] Pass: InverseCancellation - 0.00691 (ms)
2026-07-07 22:43:15,600 [INFO] Pass: GatesInBasis - 0.39101 (ms)
2026-07-07 22:43:15,600 [INFO] Pass: Depth - 0.08154 (ms)
2026-07-07 22:43:15,600 [INFO] Pass: FixedPoint - 0.00525 (ms)
2026-07-07 22:43:15,600 [INFO] Pass: Size - 0.02694 (ms)
2026-07-07 22:43:15,600 [INFO] Pass: FixedPoint - 0.00405 (ms)
2026-07-07 22:43:15,600 [INFO] Pass: ContainsInstruction - 0.00501 (ms)
2026-07-07 22:43:15,601 [INFO] Total Transpile Time - 61.18464 (ms)
2026-07-07 22:56:54,569 [INFO] Pass: ContainsInstruction - 0.01049 (ms)
2026-07-07 22:56:54,570 [INFO] Pass: InverseCancellation - 0.01097 (ms)
2026-07-07 22:56:54,570 [INFO] Pass: UnitarySynthesis - 0.00501 (ms)
2026-07-07 22:56:54,570 [INFO] Pass: HighLevelSynthesis - 0.62203 (ms)
2026-07-07 22:56:54,571 [INFO] Pass: BasisTranslator - 0.34928 (ms)
2026-07-07 22:56:54,571 [INFO] Pass: Depth - 0.08464 (ms)
2026-07-07 22:56:54,571 [INFO] Pass: FixedPoint - 0.00763 (ms)
2026-07-07 22:56:54,571 [INFO] Pass: Size - 0.02789 (ms)
2026-07-07 22:56:54,571 [INFO] Pass: FixedPoint - 0.00453 (ms)
2026-07-07 22:56:54,571 [INFO] Pass: Optimize1qGatesDecomposition - 0.06270 (ms)
2026-07-07 22:56:54,571 [INFO] Pass: InverseCancellation - 0.00548 (ms)
2026-07-07 22:56:54,572 [INFO] Pass: GatesInBasis - 0.36240 (ms)
2026-07-07 22:56:54,572 [INFO] Pass: Depth - 0.07033 (ms)
2026-07-07 22:56:54,572 [INFO] Pass: FixedPoint - 0.00501 (ms)
2026-07-07 22:56:54,572 [INFO] Pass: Size - 0.02551 (ms)
2026-07-07 22:56:54,572 [INFO] Pass: FixedPoint - 0.00429 (ms)
2026-07-07 22:56:54,572 [INFO] Pass: ContainsInstruction - 0.00405 (ms)
2026-07-07 22:56:54,573 [INFO] Total Transpile Time - 60.11915 (ms)
2026-07-07 22:56:54,766 [INFO] Pass: ContainsInstruction - 0.00882 (ms)
2026-07-07 22:56:54,766 [INFO] Pass: InverseCancellation - 0.12183 (ms)
2026-07-07 22:56:54,766 [INFO] Pass: UnitarySynthesis - 0.00453 (ms)
2026-07-07 22:56:54,767 [INFO] Pass: HighLevelSynthesis - 0.67472 (ms)
2026-07-07 22:56:54,767 [INFO] Pass: BasisTranslator - 0.37432 (ms)
2026-07-07 22:56:54,768 [INFO] Pass: Depth - 0.09441 (ms)
2026-07-07 22:56:54,768 [INFO] Pass: FixedPoint - 0.00930 (ms)
2026-07-07 22:56:54,768 [INFO] Pass: Size - 0.03028 (ms)
2026-07-07 22:56:54,768 [INFO] Pass: FixedPoint - 0.00453 (ms)
2026-07-07 22:56:54,769 [INFO] Pass: Optimize1qGatesDecomposition - 0.79036 (ms)
2026-07-07 22:56:54,769 [INFO] Pass: InverseCancellation - 0.09370 (ms)
2026-07-07 22:56:54,769 [INFO] Pass: GatesInBasis - 0.39649 (ms)
2026-07-07 22:56:54,769 [INFO] Pass: Depth - 0.08297 (ms)
2026-07-07 22:56:54,769 [INFO] Pass: FixedPoint - 0.00548 (ms)
2026-07-07 22:56:54,769 [INFO] Pass: Size - 0.02742 (ms)
2026-07-07 22:56:54,769 [INFO] Pass: FixedPoint - 0.00405 (ms)
2026-07-07 22:56:54,769 [INFO] Pass: ContainsInstruction - 0.00477 (ms)
2026-07-07 22:56:54,770 [INFO] Total Transpile Time - 197.50929 (ms)
2026-07-07 22:56:54,826 [INFO] Pass: ContainsInstruction - 0.00668 (ms)
2026-07-07 22:56:54,826 [INFO] Pass: InverseCancellation - 0.10538 (ms)
2026-07-07 22:56:54,826 [INFO] Pass: UnitarySynthesis - 0.00429 (ms)
2026-07-07 22:56:54,827 [INFO] Pass: HighLevelSynthesis - 0.73457 (ms)
2026-07-07 22:56:54,827 [INFO] Pass: BasisTranslator - 0.40460 (ms)
2026-07-07 22:56:54,828 [INFO] Pass: Depth - 0.08631 (ms)
2026-07-07 22:56:54,828 [INFO] Pass: FixedPoint - 0.00620 (ms)
2026-07-07 22:56:54,828 [INFO] Pass: Size - 0.02956 (ms)
2026-07-07 22:56:54,828 [INFO] Pass: FixedPoint - 0.00453 (ms)
2026-07-07 22:56:54,829 [INFO] Pass: Optimize1qGatesDecomposition - 0.88215 (ms)
2026-07-07 22:56:54,829 [INFO] Pass: InverseCancellation - 0.00691 (ms)
2026-07-07 22:56:54,829 [INFO] Pass: GatesInBasis - 0.39697 (ms)
2026-07-07 22:56:54,829 [INFO] Pass: Depth - 0.07915 (ms)
2026-07-07 22:56:54,829 [INFO] Pass: FixedPoint - 0.00548 (ms)
2026-07-07 22:56:54,829 [INFO] Pass: Size - 0.02694 (ms)
2026-07-07 22:56:54,829 [INFO] Pass: FixedPoint - 0.00429 (ms)
2026-07-07 22:56:54,830 [INFO] Pass: Optimize1qGatesDecomposition - 0.73075 (ms)
2026-07-07 22:56:54,830 [INFO] Pass: InverseCancellation - 0.00620 (ms)
2026-07-07 22:56:54,831 [INFO] Pass: GatesInBasis - 0.38600 (ms)
2026-07-07 22:56:54,831 [INFO] Pass: Depth - 0.07677 (ms)
2026-07-07 22:56:54,831 [INFO] Pass: FixedPoint - 0.00501 (ms)
2026-07-07 22:56:54,831 [INFO] Pass: Size - 0.02718 (ms)
2026-07-07 22:56:54,831 [INFO] Pass: FixedPoint - 0.00405 (ms)
2026-07-07 22:56:54,831 [INFO] Pass: ContainsInstruction - 0.00453 (ms)
2026-07-07 22:56:54,831 [INFO] Total Transpile Time - 61.20253 (ms)
2026-07-07 23:10:35,644 [INFO] Pass: ContainsInstruction - 0.00763 (ms)
2026-07-07 23:10:35,644 [INFO] Pass: InverseCancellation - 0.00978 (ms)
2026-07-07 23:10:35,644 [INFO] Pass: UnitarySynthesis - 0.00525 (ms)
2026-07-07 23:10:35,645 [INFO] Pass: HighLevelSynthesis - 0.61989 (ms)
2026-07-07 23:10:35,645 [INFO] Pass: BasisTranslator - 0.35310 (ms)
2026-07-07 23:10:35,645 [INFO] Pass: Depth - 0.08583 (ms)
2026-07-07 23:10:35,645 [INFO] Pass: FixedPoint - 0.00763 (ms)
2026-07-07 23:10:35,646 [INFO] Pass: Size - 0.02766 (ms)
2026-07-07 23:10:35,646 [INFO] Pass: FixedPoint - 0.00501 (ms)
2026-07-07 23:10:35,646 [INFO] Pass: Optimize1qGatesDecomposition - 0.06032 (ms)
2026-07-07 23:10:35,646 [INFO] Pass: InverseCancellation - 0.00620 (ms)
2026-07-07 23:10:35,646 [INFO] Pass: GatesInBasis - 0.35858 (ms)
2026-07-07 23:10:35,646 [INFO] Pass: Depth - 0.07105 (ms)
2026-07-07 23:10:35,646 [INFO] Pass: FixedPoint - 0.00501 (ms)
2026-07-07 23:10:35,646 [INFO] Pass: Size - 0.02480 (ms)
2026-07-07 23:10:35,646 [INFO] Pass: FixedPoint - 0.00405 (ms)
2026-07-07 23:10:35,646 [INFO] Pass: ContainsInstruction - 0.00453 (ms)
2026-07-07 23:10:35,647 [INFO] Total Transpile Time - 60.19831 (ms)
2026-07-07 23:10:35,703 [INFO] Pass: ContainsInstruction - 0.00644 (ms)
2026-07-07 23:10:35,703 [INFO] Pass: InverseCancellation - 0.10562 (ms)
2026-07-07 23:10:35,703 [INFO] Pass: UnitarySynthesis - 0.00453 (ms)
2026-07-07 23:10:35,704 [INFO] Pass: HighLevelSynthesis - 0.66543 (ms)
2026-07-07 23:10:35,704 [INFO] Pass: BasisTranslator - 0.38457 (ms)
2026-07-07 23:10:35,704 [INFO] Pass: Depth - 0.08202 (ms)
2026-07-07 23:10:35,704 [INFO] Pass: FixedPoint - 0.00668 (ms)
2026-07-07 23:10:35,704 [INFO] Pass: Size - 0.02789 (ms)
2026-07-07 23:10:35,704 [INFO] Pass: FixedPoint - 0.00429 (ms)
2026-07-07 23:10:35,705 [INFO] Pass: Optimize1qGatesDecomposition - 0.75197 (ms)
2026-07-07 23:10:35,705 [INFO] Pass: InverseCancellation - 0.08821 (ms)
2026-07-07 23:10:35,706 [INFO] Pass: GatesInBasis - 0.39101 (ms)
2026-07-07 23:10:35,706 [INFO] Pass: Depth - 0.07796 (ms)
2026-07-07 23:10:35,706 [INFO] Pass: FixedPoint - 0.00525 (ms)
2026-07-07 23:10:35,706 [INFO] Pass: Size - 0.02742 (ms)
2026-07-07 23:10:35,706 [INFO] Pass: FixedPoint - 0.00453 (ms)
2026-07-07 23:10:35,706 [INFO] Pass: ContainsInstruction - 0.00429 (ms)
2026-07-07 23:10:35,707 [INFO] Total Transpile Time - 59.55076 (ms)
2026-07-07 23:10:35,762 [INFO] Pass: ContainsInstruction - 0.00644 (ms)
2026-07-07 23:10:35,763 [INFO] Pass: InverseCancellation - 0.10777 (ms)
2026-07-07 23:10:35,763 [INFO] Pass: UnitarySynthesis - 0.00429 (ms)
2026-07-07 23:10:35,763 [INFO] Pass: HighLevelSynthesis - 0.74124 (ms)
2026-07-07 23:10:35,764 [INFO] Pass: BasisTranslator - 0.41008 (ms)
2026-07-07 23:10:35,764 [INFO] Pass: Depth - 0.08631 (ms)
2026-07-07 23:10:35,764 [INFO] Pass: FixedPoint - 0.00620 (ms)
2026-07-07 23:10:35,764 [INFO] Pass: Size - 0.02933 (ms)
2026-07-07 23:10:35,764 [INFO] Pass: FixedPoint - 0.00477 (ms)
2026-07-07 23:10:35,765 [INFO] Pass: Optimize1qGatesDecomposition - 0.86594 (ms)
2026-07-07 23:10:35,765 [INFO] Pass: InverseCancellation - 0.00691 (ms)
2026-07-07 23:10:35,766 [INFO] Pass: GatesInBasis - 0.54193 (ms)
2026-07-07 23:10:35,766 [INFO] Pass: Depth - 0.08297 (ms)
2026-07-07 23:10:35,766 [INFO] Pass: FixedPoint - 0.00572 (ms)
2026-07-07 23:10:35,766 [INFO] Pass: Size - 0.02861 (ms)
2026-07-07 23:10:35,766 [INFO] Pass: FixedPoint - 0.00405 (ms)
2026-07-07 23:10:35,767 [INFO] Pass: Optimize1qGatesDecomposition - 0.72050 (ms)
2026-07-07 23:10:35,767 [INFO] Pass: InverseCancellation - 0.00668 (ms)
2026-07-07 23:10:35,767 [INFO] Pass: GatesInBasis - 0.39554 (ms)
2026-07-07 23:10:35,767 [INFO] Pass: Depth - 0.07725 (ms)
2026-07-07 23:10:35,767 [INFO] Pass: FixedPoint - 0.00501 (ms)
2026-07-07 23:10:35,767 [INFO] Pass: Size - 0.02718 (ms)
2026-07-07 23:10:35,767 [INFO] Pass: FixedPoint - 0.00405 (ms)
2026-07-07 23:10:35,767 [INFO] Pass: ContainsInstruction - 0.00453 (ms)
2026-07-07 23:10:35,768 [INFO] Total Transpile Time - 61.39421 (ms)
2026-07-07 23:24:12,276 [INFO] Pass: ContainsInstruction - 0.00834 (ms)
2026-07-07 23:24:12,276 [INFO] Pass: InverseCancellation - 0.00858 (ms)
2026-07-07 23:24:12,276 [INFO] Pass: UnitarySynthesis - 0.00453 (ms)
2026-07-07 23:24:12,277 [INFO] Pass: HighLevelSynthesis - 0.61631 (ms)
2026-07-07 23:24:12,277 [INFO] Pass: BasisTranslator - 0.35405 (ms)
2026-07-07 23:24:12,277 [INFO] Pass: Depth - 0.08464 (ms)
2026-07-07 23:24:12,277 [INFO] Pass: FixedPoint - 0.00739 (ms)
2026-07-07 23:24:12,277 [INFO] Pass: Size - 0.02742 (ms)
2026-07-07 23:24:12,277 [INFO] Pass: FixedPoint - 0.00453 (ms)
2026-07-07 23:24:12,277 [INFO] Pass: Optimize1qGatesDecomposition - 0.05960 (ms)
2026-07-07 23:24:12,278 [INFO] Pass: InverseCancellation - 0.00644 (ms)
2026-07-07 23:24:12,278 [INFO] Pass: GatesInBasis - 0.35763 (ms)
2026-07-07 23:24:12,278 [INFO] Pass: Depth - 0.07105 (ms)
2026-07-07 23:24:12,278 [INFO] Pass: FixedPoint - 0.00501 (ms)
2026-07-07 23:24:12,278 [INFO] Pass: Size - 0.02503 (ms)
2026-07-07 23:24:12,278 [INFO] Pass: FixedPoint - 0.00429 (ms)
2026-07-07 23:24:12,278 [INFO] Pass: ContainsInstruction - 0.00453 (ms)
2026-07-07 23:24:12,279 [INFO] Total Transpile Time - 59.78894 (ms)
2026-07-07 23:24:12,335 [INFO] Pass: ContainsInstruction - 0.00620 (ms)
2026-07-07 23:24:12,335 [INFO] Pass: InverseCancellation - 0.09942 (ms)
2026-07-07 23:24:12,335 [INFO] Pass: UnitarySynthesis - 0.00429 (ms)
2026-07-07 23:24:12,335 [INFO] Pass: HighLevelSynthesis - 0.66161 (ms)
2026-07-07 23:24:12,336 [INFO] Pass: BasisTranslator - 0.37766 (ms)
2026-07-07 23:24:12,336 [INFO] Pass: Depth - 0.08178 (ms)
2026-07-07 23:24:12,336 [INFO] Pass: FixedPoint - 0.00668 (ms)
2026-07-07 23:24:12,336 [INFO] Pass: Size - 0.02742 (ms)
2026-07-07 23:24:12,336 [INFO] Pass: FixedPoint - 0.00429 (ms)
2026-07-07 23:24:12,337 [INFO] Pass: Optimize1qGatesDecomposition - 0.75126 (ms)
2026-07-07 23:24:12,337 [INFO] Pass: InverseCancellation - 0.08655 (ms)
2026-07-07 23:24:12,338 [INFO] Pass: GatesInBasis - 0.38648 (ms)
2026-07-07 23:24:12,338 [INFO] Pass: Depth - 0.07629 (ms)
2026-07-07 23:24:12,338 [INFO] Pass: FixedPoint - 0.00501 (ms)
2026-07-07 23:24:12,338 [INFO] Pass: Size - 0.02694 (ms)
2026-07-07 23:24:12,338 [INFO] Pass: FixedPoint - 0.00405 (ms)
2026-07-07 23:24:12,338 [INFO] Pass: ContainsInstruction - 0.00477 (ms)
2026-07-07 23:24:12,338 [INFO] Total Transpile Time - 59.53193 (ms)
2026-07-07 23:24:12,394 [INFO] Pass: ContainsInstruction - 0.00596 (ms)
2026-07-07 23:24:12,394 [INFO] Pass: InverseCancellation - 0.10753 (ms)
2026-07-07 23:24:12,394 [INFO] Pass: UnitarySynthesis - 0.00429 (ms)
2026-07-07 23:24:12,395 [INFO] Pass: HighLevelSynthesis - 0.73814 (ms)
2026-07-07 23:24:12,395 [INFO] Pass: BasisTranslator - 0.40865 (ms)
2026-07-07 23:24:12,396 [INFO] Pass: Depth - 0.08512 (ms)
2026-07-07 23:24:12,396 [INFO] Pass: FixedPoint - 0.00644 (ms)
2026-07-07 23:24:12,396 [INFO] Pass: Size - 0.02909 (ms)
2026-07-07 23:24:12,396 [INFO] Pass: FixedPoint - 0.00453 (ms)
2026-07-07 23:24:12,397 [INFO] Pass: Optimize1qGatesDecomposition - 0.86617 (ms)
2026-07-07 23:24:12,397 [INFO] Pass: InverseCancellation - 0.00644 (ms)
2026-07-07 23:24:12,397 [INFO] Pass: GatesInBasis - 0.53549 (ms)
2026-07-07 23:24:12,397 [INFO] Pass: Depth - 0.08202 (ms)
2026-07-07 23:24:12,397 [INFO] Pass: FixedPoint - 0.00548 (ms)
2026-07-07 23:24:12,398 [INFO] Pass: Size - 0.02766 (ms)
2026-07-07 23:24:12,398 [INFO] Pass: FixedPoint - 0.00429 (ms)
2026-07-07 23:24:12,398 [INFO] Pass: Optimize1qGatesDecomposition - 0.72646 (ms)
2026-07-07 23:24:12,398 [INFO] Pass: InverseCancellation - 0.00644 (ms)
2026-07-07 23:24:12,399 [INFO] Pass: GatesInBasis - 0.38958 (ms)
2026-07-07 23:24:12,399 [INFO] Pass: Depth - 0.08178 (ms)
2026-07-07 23:24:12,399 [INFO] Pass: FixedPoint - 0.00477 (ms)
2026-07-07 23:24:12,399 [INFO] Pass: Size - 0.02694 (ms)
2026-07-07 23:24:12,399 [INFO] Pass: FixedPoint - 0.00429 (ms)
2026-07-07 23:24:12,399 [INFO] Pass: ContainsInstruction - 0.00429 (ms)
2026-07-07 23:24:12,400 [INFO] Total Transpile Time - 61.19204 (ms)
2026-07-07 23:37:49,053 [INFO] Pass: ContainsInstruction - 0.00787 (ms)
2026-07-07 23:37:49,053 [INFO] Pass: InverseCancellation - 0.00978 (ms)
2026-07-07 23:37:49,053 [INFO] Pass: UnitarySynthesis - 0.00477 (ms)
2026-07-07 23:37:49,054 [INFO] Pass: HighLevelSynthesis - 0.62442 (ms)
2026-07-07 23:37:49,054 [INFO] Pass: BasisTranslator - 0.34285 (ms)
2026-07-07 23:37:49,055 [INFO] Pass: Depth - 0.08678 (ms)
2026-07-07 23:37:49,055 [INFO] Pass: FixedPoint - 0.00739 (ms)
2026-07-07 23:37:49,055 [INFO] Pass: Size - 0.02718 (ms)
2026-07-07 23:37:49,055 [INFO] Pass: FixedPoint - 0.00453 (ms)
2026-07-07 23:37:49,055 [INFO] Pass: Optimize1qGatesDecomposition - 0.06104 (ms)
2026-07-07 23:37:49,055 [INFO] Pass: InverseCancellation - 0.00620 (ms)
2026-07-07 23:37:49,055 [INFO] Pass: GatesInBasis - 0.36073 (ms)
2026-07-07 23:37:49,055 [INFO] Pass: Depth - 0.07129 (ms)
2026-07-07 23:37:49,055 [INFO] Pass: FixedPoint - 0.00501 (ms)
2026-07-07 23:37:49,055 [INFO] Pass: Size - 0.02551 (ms)
2026-07-07 23:37:49,055 [INFO] Pass: FixedPoint - 0.00381 (ms)
2026-07-07 23:37:49,056 [INFO] Pass: ContainsInstruction - 0.00429 (ms)
2026-07-07 23:37:49,056 [INFO] Total Transpile Time - 59.84855 (ms)
2026-07-07 23:37:49,112 [INFO] Pass: ContainsInstruction - 0.00644 (ms)
2026-07-07 23:37:49,112 [INFO] Pass: InverseCancellation - 0.10538 (ms)
2026-07-07 23:37:49,112 [INFO] Pass: UnitarySynthesis - 0.00429 (ms)
2026-07-07 23:37:49,113 [INFO] Pass: HighLevelSynthesis - 0.65827 (ms)
2026-07-07 23:37:49,113 [INFO] Pass: BasisTranslator - 0.37313 (ms)
2026-07-07 23:37:49,113 [INFO] Pass: Depth - 0.08368 (ms)
2026-07-07 23:37:49,113 [INFO] Pass: FixedPoint - 0.00620 (ms)
2026-07-07 23:37:49,113 [INFO] Pass: Size - 0.02789 (ms)
2026-07-07 23:37:49,113 [INFO] Pass: FixedPoint - 0.00453 (ms)
2026-07-07 23:37:49,114 [INFO] Pass: Optimize1qGatesDecomposition - 0.75293 (ms)
2026-07-07 23:37:49,114 [INFO] Pass: InverseCancellation - 0.08702 (ms)
2026-07-07 23:37:49,115 [INFO] Pass: GatesInBasis - 0.39101 (ms)
2026-07-07 23:37:49,115 [INFO] Pass: Depth - 0.07725 (ms)
2026-07-07 23:37:49,115 [INFO] Pass: FixedPoint - 0.00548 (ms)
2026-07-07 23:37:49,115 [INFO] Pass: Size - 0.02694 (ms)
2026-07-07 23:37:49,115 [INFO] Pass: FixedPoint - 0.00453 (ms)
2026-07-07 23:37:49,115 [INFO] Pass: ContainsInstruction - 0.00405 (ms)
2026-07-07 23:37:49,116 [INFO] Total Transpile Time - 59.39007 (ms)
2026-07-07 23:37:49,171 [INFO] Pass: ContainsInstruction - 0.00668 (ms)
2026-07-07 23:37:49,172 [INFO] Pass: InverseCancellation - 0.10633 (ms)
2026-07-07 23:37:49,172 [INFO] Pass: UnitarySynthesis - 0.00429 (ms)
2026-07-07 23:37:49,172 [INFO] Pass: HighLevelSynthesis - 0.74244 (ms)
2026-07-07 23:37:49,173 [INFO] Pass: BasisTranslator - 0.40746 (ms)
2026-07-07 23:37:49,173 [INFO] Pass: Depth - 0.08941 (ms)
2026-07-07 23:37:49,173 [INFO] Pass: FixedPoint - 0.00644 (ms)
2026-07-07 23:37:49,173 [INFO] Pass: Size - 0.02980 (ms)
2026-07-07 23:37:49,173 [INFO] Pass: FixedPoint - 0.00453 (ms)
2026-07-07 23:37:49,174 [INFO] Pass: Optimize1qGatesDecomposition - 0.86379 (ms)
2026-07-07 23:37:49,174 [INFO] Pass: InverseCancellation - 0.00715 (ms)
2026-07-07 23:37:49,175 [INFO] Pass: GatesInBasis - 0.53120 (ms)
2026-07-07 23:37:49,175 [INFO] Pass: Depth - 0.08225 (ms)
2026-07-07 23:37:49,175 [INFO] Pass: FixedPoint - 0.00548 (ms)
2026-07-07 23:37:49,175 [INFO] Pass: Size - 0.02813 (ms)
2026-07-07 23:37:49,175 [INFO] Pass: FixedPoint - 0.00405 (ms)
2026-07-07 23:37:49,176 [INFO] Pass: Optimize1qGatesDecomposition - 0.71573 (ms)
2026-07-07 23:37:49,176 [INFO] Pass: InverseCancellation - 0.00691 (ms)
2026-07-07 23:37:49,176 [INFO] Pass: GatesInBasis - 0.39697 (ms)
2026-07-07 23:37:49,176 [INFO] Pass: Depth - 0.07653 (ms)
2026-07-07 23:37:49,176 [INFO] Pass: FixedPoint - 0.00501 (ms)
2026-07-07 23:37:49,176 [INFO] Pass: Size - 0.02718 (ms)
2026-07-07 23:37:49,176 [INFO] Pass: FixedPoint - 0.00429 (ms)
2026-07-07 23:37:49,176 [INFO] Pass: ContainsInstruction - 0.00477 (ms)
2026-07-07 23:37:49,177 [INFO] Total Transpile Time - 61.43498 (ms)
2026-07-07 23:51:28,937 [INFO] Pass: ContainsInstruction - 0.00954 (ms)
2026-07-07 23:51:28,937 [INFO] Pass: InverseCancellation - 0.00954 (ms)
2026-07-07 23:51:28,937 [INFO] Pass: UnitarySynthesis - 0.00477 (ms)
2026-07-07 23:51:28,938 [INFO] Pass: HighLevelSynthesis - 0.62895 (ms)
2026-07-07 23:51:28,938 [INFO] Pass: BasisTranslator - 0.34380 (ms)
2026-07-07 23:51:28,938 [INFO] Pass: Depth - 0.08774 (ms)
2026-07-07 23:51:28,939 [INFO] Pass: FixedPoint - 0.00811 (ms)
2026-07-07 23:51:28,939 [INFO] Pass: Size - 0.02837 (ms)
2026-07-07 23:51:28,939 [INFO] Pass: FixedPoint - 0.00453 (ms)
2026-07-07 23:51:28,939 [INFO] Pass: Optimize1qGatesDecomposition - 0.06342 (ms)
2026-07-07 23:51:28,939 [INFO] Pass: InverseCancellation - 0.00620 (ms)
2026-07-07 23:51:28,939 [INFO] Pass: GatesInBasis - 0.35763 (ms)
2026-07-07 23:51:28,939 [INFO] Pass: Depth - 0.07081 (ms)
2026-07-07 23:51:28,939 [INFO] Pass: FixedPoint - 0.00501 (ms)
2026-07-07 23:51:28,939 [INFO] Pass: Size - 0.02456 (ms)
2026-07-07 23:51:28,939 [INFO] Pass: FixedPoint - 0.00453 (ms)
2026-07-07 23:51:28,939 [INFO] Pass: ContainsInstruction - 0.00429 (ms)
2026-07-07 23:51:28,940 [INFO] Total Transpile Time - 59.83424 (ms)
2026-07-07 23:51:28,995 [INFO] Pass: ContainsInstruction - 0.00620 (ms)
2026-07-07 23:51:28,996 [INFO] Pass: InverseCancellation - 0.10085 (ms)
2026-07-07 23:51:28,996 [INFO] Pass: UnitarySynthesis - 0.00429 (ms)
2026-07-07 23:51:28,996 [INFO] Pass: HighLevelSynthesis - 0.66614 (ms)
2026-07-07 23:51:28,997 [INFO] Pass: BasisTranslator - 0.37789 (ms)
2026-07-07 23:51:28,997 [INFO] Pass: Depth - 0.08631 (ms)
2026-07-07 23:51:28,997 [INFO] Pass: FixedPoint - 0.00644 (ms)
2026-07-07 23:51:28,997 [INFO] Pass: Size - 0.02813 (ms)
2026-07-07 23:51:28,997 [INFO] Pass: FixedPoint - 0.00453 (ms)
2026-07-07 23:51:28,998 [INFO] Pass: Optimize1qGatesDecomposition - 0.75102 (ms)
2026-07-07 23:51:28,998 [INFO] Pass: InverseCancellation - 0.08750 (ms)
2026-07-07 23:51:28,998 [INFO] Pass: GatesInBasis - 0.39053 (ms)
2026-07-07 23:51:28,999 [INFO] Pass: Depth - 0.07606 (ms)
2026-07-07 23:51:28,999 [INFO] Pass: FixedPoint - 0.00548 (ms)
2026-07-07 23:51:28,999 [INFO] Pass: Size - 0.02718 (ms)
2026-07-07 23:51:28,999 [INFO] Pass: FixedPoint - 0.00405 (ms)
2026-07-07 23:51:28,999 [INFO] Pass: ContainsInstruction - 0.00453 (ms)
2026-07-07 23:51:28,999 [INFO] Total Transpile Time - 59.22794 (ms)
2026-07-07 23:51:29,055 [INFO] Pass: ContainsInstruction - 0.00620 (ms)
2026-07-07 23:51:29,055 [INFO] Pass: InverseCancellation - 0.10610 (ms)
2026-07-07 23:51:29,055 [INFO] Pass: UnitarySynthesis - 0.00429 (ms)
2026-07-07 23:51:29,056 [INFO] Pass: HighLevelSynthesis - 0.71764 (ms)
2026-07-07 23:51:29,056 [INFO] Pass: BasisTranslator - 0.40674 (ms)
2026-07-07 23:51:29,056 [INFO] Pass: Depth - 0.08607 (ms)
2026-07-07 23:51:29,056 [INFO] Pass: FixedPoint - 0.00620 (ms)
2026-07-07 23:51:29,056 [INFO] Pass: Size - 0.02956 (ms)
2026-07-07 23:51:29,056 [INFO] Pass: FixedPoint - 0.00477 (ms)
2026-07-07 23:51:29,057 [INFO] Pass: Optimize1qGatesDecomposition - 0.86951 (ms)
2026-07-07 23:51:29,057 [INFO] Pass: InverseCancellation - 0.00691 (ms)
2026-07-07 23:51:29,058 [INFO] Pass: GatesInBasis - 0.53525 (ms)
2026-07-07 23:51:29,058 [INFO] Pass: Depth - 0.08249 (ms)
2026-07-07 23:51:29,058 [INFO] Pass: FixedPoint - 0.00525 (ms)
2026-07-07 23:51:29,058 [INFO] Pass: Size - 0.02766 (ms)
2026-07-07 23:51:29,058 [INFO] Pass: FixedPoint - 0.00429 (ms)
2026-07-07 23:51:29,059 [INFO] Pass: Optimize1qGatesDecomposition - 0.72312 (ms)
2026-07-07 23:51:29,059 [INFO] Pass: InverseCancellation - 0.00644 (ms)
2026-07-07 23:51:29,059 [INFO] Pass: GatesInBasis - 0.39387 (ms)
2026-07-07 23:51:29,060 [INFO] Pass: Depth - 0.07725 (ms)
2026-07-07 23:51:29,060 [INFO] Pass: FixedPoint - 0.00477 (ms)
2026-07-07 23:51:29,060 [INFO] Pass: Size - 0.02718 (ms)
2026-07-07 23:51:29,060 [INFO] Pass: FixedPoint - 0.00429 (ms)
2026-07-07 23:51:29,060 [INFO] Pass: ContainsInstruction - 0.00453 (ms)
2026-07-07 23:51:29,060 [INFO] Total Transpile Time - 60.93287 (ms)
2026-07-08 00:05:06,198 [INFO] Pass: ContainsInstruction - 0.00787 (ms)
2026-07-08 00:05:06,199 [INFO] Pass: InverseCancellation - 0.01121 (ms)
2026-07-08 00:05:06,199 [INFO] Pass: UnitarySynthesis - 0.00429 (ms)
2026-07-08 00:05:06,199 [INFO] Pass: HighLevelSynthesis - 0.62585 (ms)
2026-07-08 00:05:06,200 [INFO] Pass: BasisTranslator - 0.34475 (ms)
2026-07-08 00:05:06,200 [INFO] Pass: Depth - 0.08559 (ms)
2026-07-08 00:05:06,200 [INFO] Pass: FixedPoint - 0.01168 (ms)
2026-07-08 00:05:06,200 [INFO] Pass: Size - 0.02837 (ms)
2026-07-08 00:05:06,200 [INFO] Pass: FixedPoint - 0.00453 (ms)
2026-07-08 00:05:06,200 [INFO] Pass: Optimize1qGatesDecomposition - 0.05937 (ms)
2026-07-08 00:05:06,200 [INFO] Pass: InverseCancellation - 0.00596 (ms)
2026-07-08 00:05:06,201 [INFO] Pass: GatesInBasis - 0.35620 (ms)
2026-07-08 00:05:06,201 [INFO] Pass: Depth - 0.07105 (ms)
2026-07-08 00:05:06,201 [INFO] Pass: FixedPoint - 0.00501 (ms)
2026-07-08 00:05:06,201 [INFO] Pass: Size - 0.02480 (ms)
2026-07-08 00:05:06,201 [INFO] Pass: FixedPoint - 0.00405 (ms)
2026-07-08 00:05:06,201 [INFO] Pass: ContainsInstruction - 0.00429 (ms)
2026-07-08 00:05:06,201 [INFO] Total Transpile Time - 59.81421 (ms)
2026-07-08 00:05:06,257 [INFO] Pass: ContainsInstruction - 0.00620 (ms)
2026-07-08 00:05:06,257 [INFO] Pass: InverseCancellation - 0.10204 (ms)
2026-07-08 00:05:06,257 [INFO] Pass: UnitarySynthesis - 0.00405 (ms)
2026-07-08 00:05:06,258 [INFO] Pass: HighLevelSynthesis - 0.66566 (ms)
2026-07-08 00:05:06,258 [INFO] Pass: BasisTranslator - 0.36931 (ms)
2026-07-08 00:05:06,259 [INFO] Pass: Depth - 0.08202 (ms)
2026-07-08 00:05:06,259 [INFO] Pass: FixedPoint - 0.00668 (ms)
2026-07-08 00:05:06,259 [INFO] Pass: Size - 0.02789 (ms)
2026-07-08 00:05:06,259 [INFO] Pass: FixedPoint - 0.00477 (ms)
2026-07-08 00:05:06,259 [INFO] Pass: Optimize1qGatesDecomposition - 0.75245 (ms)
2026-07-08 00:05:06,260 [INFO] Pass: InverseCancellation - 0.08631 (ms)
2026-07-08 00:05:06,260 [INFO] Pass: GatesInBasis - 0.39554 (ms)
2026-07-08 00:05:06,260 [INFO] Pass: Depth - 0.07677 (ms)
2026-07-08 00:05:06,260 [INFO] Pass: FixedPoint - 0.00525 (ms)
2026-07-08 00:05:06,260 [INFO] Pass: Size - 0.02694 (ms)
2026-07-08 00:05:06,260 [INFO] Pass: FixedPoint - 0.00429 (ms)
2026-07-08 00:05:06,260 [INFO] Pass: ContainsInstruction - 0.00477 (ms)
2026-07-08 00:05:06,261 [INFO] Total Transpile Time - 59.47590 (ms)
2026-07-08 00:05:06,316 [INFO] Pass: ContainsInstruction - 0.00596 (ms)
2026-07-08 00:05:06,316 [INFO] Pass: InverseCancellation - 0.10848 (ms)
2026-07-08 00:05:06,316 [INFO] Pass: UnitarySynthesis - 0.00405 (ms)
2026-07-08 00:05:06,317 [INFO] Pass: HighLevelSynthesis - 0.73791 (ms)
2026-07-08 00:05:06,318 [INFO] Pass: BasisTranslator - 0.41342 (ms)
2026-07-08 00:05:06,318 [INFO] Pass: Depth - 0.08607 (ms)
2026-07-08 00:05:06,318 [INFO] Pass: FixedPoint - 0.00620 (ms)
2026-07-08 00:05:06,318 [INFO] Pass: Size - 0.02909 (ms)
2026-07-08 00:05:06,318 [INFO] Pass: FixedPoint - 0.00453 (ms)
2026-07-08 00:05:06,319 [INFO] Pass: Optimize1qGatesDecomposition - 0.86093 (ms)
2026-07-08 00:05:06,319 [INFO] Pass: InverseCancellation - 0.00691 (ms)
2026-07-08 00:05:06,319 [INFO] Pass: GatesInBasis - 0.53310 (ms)
2026-07-08 00:05:06,320 [INFO] Pass: Depth - 0.08106 (ms)
2026-07-08 00:05:06,320 [INFO] Pass: FixedPoint - 0.00525 (ms)
2026-07-08 00:05:06,320 [INFO] Pass: Size - 0.02742 (ms)
2026-07-08 00:05:06,320 [INFO] Pass: FixedPoint - 0.00405 (ms)
2026-07-08 00:05:06,320 [INFO] Pass: Optimize1qGatesDecomposition - 0.71907 (ms)
2026-07-08 00:05:06,320 [INFO] Pass: InverseCancellation - 0.00620 (ms)
2026-07-08 00:05:06,321 [INFO] Pass: GatesInBasis - 0.39220 (ms)
2026-07-08 00:05:06,321 [INFO] Pass: Depth - 0.07725 (ms)
2026-07-08 00:05:06,321 [INFO] Pass: FixedPoint - 0.00501 (ms)
2026-07-08 00:05:06,321 [INFO] Pass: Size - 0.02670 (ms)
2026-07-08 00:05:06,321 [INFO] Pass: FixedPoint - 0.00405 (ms)
2026-07-08 00:05:06,321 [INFO] Pass: ContainsInstruction - 0.00477 (ms)
2026-07-08 00:05:06,322 [INFO] Total Transpile Time - 60.78577 (ms)
2026-07-08 00:18:48,624 [INFO] Pass: ContainsInstruction - 0.01049 (ms)
2026-07-08 00:18:48,624 [INFO] Pass: InverseCancellation - 0.01049 (ms)
2026-07-08 00:18:48,624 [INFO] Pass: UnitarySynthesis - 0.00453 (ms)
2026-07-08 00:18:48,625 [INFO] Pass: HighLevelSynthesis - 0.61679 (ms)
2026-07-08 00:18:48,625 [INFO] Pass: BasisTranslator - 0.35667 (ms)
2026-07-08 00:18:48,625 [INFO] Pass: Depth - 0.09012 (ms)
2026-07-08 00:18:48,625 [INFO] Pass: FixedPoint - 0.00739 (ms)
2026-07-08 00:18:48,625 [INFO] Pass: Size - 0.02813 (ms)
2026-07-08 00:18:48,625 [INFO] Pass: FixedPoint - 0.00477 (ms)
2026-07-08 00:18:48,625 [INFO] Pass: Optimize1qGatesDecomposition - 0.06247 (ms)
2026-07-08 00:18:48,625 [INFO] Pass: InverseCancellation - 0.00644 (ms)
2026-07-08 00:18:48,626 [INFO] Pass: GatesInBasis - 0.35501 (ms)
2026-07-08 00:18:48,626 [INFO] Pass: Depth - 0.07415 (ms)
2026-07-08 00:18:48,626 [INFO] Pass: FixedPoint - 0.00501 (ms)
2026-07-08 00:18:48,626 [INFO] Pass: Size - 0.02503 (ms)
2026-07-08 00:18:48,626 [INFO] Pass: FixedPoint - 0.00405 (ms)
2026-07-08 00:18:48,626 [INFO] Pass: ContainsInstruction - 0.00429 (ms)
2026-07-08 00:18:48,627 [INFO] Total Transpile Time - 60.37450 (ms)
2026-07-08 00:18:48,682 [INFO] Pass: ContainsInstruction - 0.00644 (ms)
2026-07-08 00:18:48,683 [INFO] Pass: InverseCancellation - 0.10252 (ms)
2026-07-08 00:18:48,683 [INFO] Pass: UnitarySynthesis - 0.00405 (ms)
2026-07-08 00:18:48,683 [INFO] Pass: HighLevelSynthesis - 0.68283 (ms)
2026-07-08 00:18:48,684 [INFO] Pass: BasisTranslator - 0.37432 (ms)
2026-07-08 00:18:48,684 [INFO] Pass: Depth - 0.08225 (ms)
2026-07-08 00:18:48,684 [INFO] Pass: FixedPoint - 0.00787 (ms)
2026-07-08 00:18:48,684 [INFO] Pass: Size - 0.02837 (ms)
2026-07-08 00:18:48,684 [INFO] Pass: FixedPoint - 0.00453 (ms)
2026-07-08 00:18:48,685 [INFO] Pass: Optimize1qGatesDecomposition - 0.75817 (ms)
2026-07-08 00:18:48,685 [INFO] Pass: InverseCancellation - 0.09084 (ms)
2026-07-08 00:18:48,685 [INFO] Pass: GatesInBasis - 0.38934 (ms)
2026-07-08 00:18:48,685 [INFO] Pass: Depth - 0.07629 (ms)
2026-07-08 00:18:48,686 [INFO] Pass: FixedPoint - 0.00525 (ms)
2026-07-08 00:18:48,686 [INFO] Pass: Size - 0.02718 (ms)
2026-07-08 00:18:48,686 [INFO] Pass: FixedPoint - 0.00429 (ms)
2026-07-08 00:18:48,686 [INFO] Pass: ContainsInstruction - 0.00405 (ms)
2026-07-08 00:18:48,686 [INFO] Total Transpile Time - 59.47590 (ms)
2026-07-08 00:18:48,742 [INFO] Pass: ContainsInstruction - 0.00620 (ms)
2026-07-08 00:18:48,742 [INFO] Pass: InverseCancellation - 0.10824 (ms)
2026-07-08 00:18:48,742 [INFO] Pass: UnitarySynthesis - 0.00429 (ms)
2026-07-08 00:18:48,743 [INFO] Pass: HighLevelSynthesis - 0.73481 (ms)
2026-07-08 00:18:48,743 [INFO] Pass: BasisTranslator - 0.40102 (ms)
2026-07-08 00:18:48,743 [INFO] Pass: Depth - 0.08655 (ms)
2026-07-08 00:18:48,743 [INFO] Pass: FixedPoint - 0.00668 (ms)
2026-07-08 00:18:48,744 [INFO] Pass: Size - 0.02980 (ms)
2026-07-08 00:18:48,744 [INFO] Pass: FixedPoint - 0.00429 (ms)
2026-07-08 00:18:48,744 [INFO] Pass: Optimize1qGatesDecomposition - 0.87333 (ms)
2026-07-08 00:18:48,745 [INFO] Pass: InverseCancellation - 0.00715 (ms)
2026-07-08 00:18:48,745 [INFO] Pass: GatesInBasis - 0.68879 (ms)
2026-07-08 00:18:48,745 [INFO] Pass: Depth - 0.08368 (ms)
2026-07-08 00:18:48,745 [INFO] Pass: FixedPoint - 0.00572 (ms)
2026-07-08 00:18:48,746 [INFO] Pass: Size - 0.02789 (ms)
2026-07-08 00:18:48,746 [INFO] Pass: FixedPoint - 0.00405 (ms)
2026-07-08 00:18:48,746 [INFO] Pass: Optimize1qGatesDecomposition - 0.72861 (ms)
2026-07-08 00:18:48,746 [INFO] Pass: InverseCancellation - 0.00739 (ms)
2026-07-08 00:18:48,747 [INFO] Pass: GatesInBasis - 0.39005 (ms)
2026-07-08 00:18:48,747 [INFO] Pass: Depth - 0.08178 (ms)
2026-07-08 00:18:48,747 [INFO] Pass: FixedPoint - 0.00501 (ms)
2026-07-08 00:18:48,747 [INFO] Pass: Size - 0.02670 (ms)
2026-07-08 00:18:48,747 [INFO] Pass: FixedPoint - 0.00405 (ms)
2026-07-08 00:18:48,747 [INFO] Pass: ContainsInstruction - 0.00453 (ms)
2026-07-08 00:18:48,748 [INFO] Total Transpile Time - 61.34582 (ms)
2026-07-08 00:32:29,100 [INFO] Pass: ContainsInstruction - 0.00858 (ms)
2026-07-08 00:32:29,100 [INFO] Pass: InverseCancellation - 0.00978 (ms)
2026-07-08 00:32:29,100 [INFO] Pass: UnitarySynthesis - 0.00453 (ms)
2026-07-08 00:32:29,101 [INFO] Pass: HighLevelSynthesis - 0.62656 (ms)
2026-07-08 00:32:29,101 [INFO] Pass: BasisTranslator - 0.34690 (ms)
2026-07-08 00:32:29,102 [INFO] Pass: Depth - 0.08416 (ms)
2026-07-08 00:32:29,102 [INFO] Pass: FixedPoint - 0.00739 (ms)
2026-07-08 00:32:29,102 [INFO] Pass: Size - 0.02742 (ms)
2026-07-08 00:32:29,102 [INFO] Pass: FixedPoint - 0.00453 (ms)
2026-07-08 00:32:29,102 [INFO] Pass: Optimize1qGatesDecomposition - 0.06080 (ms)
2026-07-08 00:32:29,102 [INFO] Pass: InverseCancellation - 0.00620 (ms)
2026-07-08 00:32:29,102 [INFO] Pass: GatesInBasis - 0.35596 (ms)
2026-07-08 00:32:29,102 [INFO] Pass: Depth - 0.07081 (ms)
2026-07-08 00:32:29,102 [INFO] Pass: FixedPoint - 0.00477 (ms)
2026-07-08 00:32:29,102 [INFO] Pass: Size - 0.02503 (ms)
2026-07-08 00:32:29,102 [INFO] Pass: FixedPoint - 0.00405 (ms)
2026-07-08 00:32:29,103 [INFO] Pass: ContainsInstruction - 0.00453 (ms)
2026-07-08 00:32:29,103 [INFO] Total Transpile Time - 59.82661 (ms)
2026-07-08 00:32:29,159 [INFO] Pass: ContainsInstruction - 0.00620 (ms)
2026-07-08 00:32:29,159 [INFO] Pass: InverseCancellation - 0.10037 (ms)
2026-07-08 00:32:29,159 [INFO] Pass: UnitarySynthesis - 0.00429 (ms)
2026-07-08 00:32:29,160 [INFO] Pass: HighLevelSynthesis - 0.65875 (ms)
2026-07-08 00:32:29,160 [INFO] Pass: BasisTranslator - 0.37885 (ms)
2026-07-08 00:32:29,160 [INFO] Pass: Depth - 0.08106 (ms)
2026-07-08 00:32:29,160 [INFO] Pass: FixedPoint - 0.00644 (ms)
2026-07-08 00:32:29,160 [INFO] Pass: Size - 0.02837 (ms)
2026-07-08 00:32:29,160 [INFO] Pass: FixedPoint - 0.00477 (ms)
2026-07-08 00:32:29,161 [INFO] Pass: Optimize1qGatesDecomposition - 0.74983 (ms)
2026-07-08 00:32:29,161 [INFO] Pass: InverseCancellation - 0.08631 (ms)
2026-07-08 00:32:29,162 [INFO] Pass: GatesInBasis - 0.38862 (ms)
2026-07-08 00:32:29,162 [INFO] Pass: Depth - 0.07701 (ms)
2026-07-08 00:32:29,162 [INFO] Pass: FixedPoint - 0.00501 (ms)
2026-07-08 00:32:29,162 [INFO] Pass: Size - 0.02718 (ms)
2026-07-08 00:32:29,162 [INFO] Pass: FixedPoint - 0.00405 (ms)
2026-07-08 00:32:29,162 [INFO] Pass: ContainsInstruction - 0.00429 (ms)
2026-07-08 00:32:29,163 [INFO] Total Transpile Time - 59.31568 (ms)
2026-07-08 00:32:29,218 [INFO] Pass: ContainsInstruction - 0.00620 (ms)
2026-07-08 00:32:29,218 [INFO] Pass: InverseCancellation - 0.10538 (ms)
2026-07-08 00:32:29,218 [INFO] Pass: UnitarySynthesis - 0.00405 (ms)
2026-07-08 00:32:29,219 [INFO] Pass: HighLevelSynthesis - 0.72384 (ms)
2026-07-08 00:32:29,219 [INFO] Pass: BasisTranslator - 0.40603 (ms)
2026-07-08 00:32:29,219 [INFO] Pass: Depth - 0.08583 (ms)
2026-07-08 00:32:29,219 [INFO] Pass: FixedPoint - 0.00644 (ms)
2026-07-08 00:32:29,220 [INFO] Pass: Size - 0.02956 (ms)
2026-07-08 00:32:29,220 [INFO] Pass: FixedPoint - 0.00429 (ms)
2026-07-08 00:32:29,220 [INFO] Pass: Optimize1qGatesDecomposition - 0.86188 (ms)
2026-07-08 00:32:29,221 [INFO] Pass: InverseCancellation - 0.00668 (ms)
2026-07-08 00:32:29,221 [INFO] Pass: GatesInBasis - 0.53716 (ms)
2026-07-08 00:32:29,221 [INFO] Pass: Depth - 0.08178 (ms)
2026-07-08 00:32:29,221 [INFO] Pass: FixedPoint - 0.00548 (ms)
2026-07-08 00:32:29,221 [INFO] Pass: Size - 0.02766 (ms)
2026-07-08 00:32:29,221 [INFO] Pass: FixedPoint - 0.00429 (ms)
2026-07-08 00:32:29,222 [INFO] Pass: Optimize1qGatesDecomposition - 0.71836 (ms)
2026-07-08 00:32:29,222 [INFO] Pass: InverseCancellation - 0.00644 (ms)
2026-07-08 00:32:29,223 [INFO] Pass: GatesInBasis - 0.39101 (ms)
2026-07-08 00:32:29,223 [INFO] Pass: Depth - 0.07677 (ms)
2026-07-08 00:32:29,223 [INFO] Pass: FixedPoint - 0.00477 (ms)
2026-07-08 00:32:29,223 [INFO] Pass: Size - 0.02718 (ms)
2026-07-08 00:32:29,223 [INFO] Pass: FixedPoint - 0.00405 (ms)
2026-07-08 00:32:29,223 [INFO] Pass: ContainsInstruction - 0.00429 (ms)
2026-07-08 00:32:29,224 [INFO] Total Transpile Time - 60.89711 (ms)
2026-07-08 00:46:08,746 [INFO] Pass: ContainsInstruction - 0.00834 (ms)
2026-07-08 00:46:08,746 [INFO] Pass: InverseCancellation - 0.01025 (ms)
2026-07-08 00:46:08,746 [INFO] Pass: UnitarySynthesis - 0.00453 (ms)
2026-07-08 00:46:08,747 [INFO] Pass: HighLevelSynthesis - 0.62847 (ms)
2026-07-08 00:46:08,747 [INFO] Pass: BasisTranslator - 0.35596 (ms)
2026-07-08 00:46:08,747 [INFO] Pass: Depth - 0.08488 (ms)
2026-07-08 00:46:08,747 [INFO] Pass: FixedPoint - 0.00739 (ms)
2026-07-08 00:46:08,747 [INFO] Pass: Size - 0.02789 (ms)
2026-07-08 00:46:08,747 [INFO] Pass: FixedPoint - 0.00453 (ms)
2026-07-08 00:46:08,747 [INFO] Pass: Optimize1qGatesDecomposition - 0.06342 (ms)
2026-07-08 00:46:08,747 [INFO] Pass: InverseCancellation - 0.00668 (ms)
2026-07-08 00:46:08,748 [INFO] Pass: GatesInBasis - 0.35834 (ms)
2026-07-08 00:46:08,748 [INFO] Pass: Depth - 0.07701 (ms)
2026-07-08 00:46:08,748 [INFO] Pass: FixedPoint - 0.00548 (ms)
2026-07-08 00:46:08,748 [INFO] Pass: Size - 0.02527 (ms)
2026-07-08 00:46:08,748 [INFO] Pass: FixedPoint - 0.00405 (ms)
2026-07-08 00:46:08,748 [INFO] Pass: ContainsInstruction - 0.00453 (ms)
2026-07-08 00:46:08,749 [INFO] Total Transpile Time - 60.32228 (ms)
2026-07-08 00:46:08,804 [INFO] Pass: ContainsInstruction - 0.00644 (ms)
2026-07-08 00:46:08,805 [INFO] Pass: InverseCancellation - 0.10586 (ms)
2026-07-08 00:46:08,805 [INFO] Pass: UnitarySynthesis - 0.00429 (ms)
2026-07-08 00:46:08,805 [INFO] Pass: HighLevelSynthesis - 0.66495 (ms)
2026-07-08 00:46:08,806 [INFO] Pass: BasisTranslator - 0.36979 (ms)
2026-07-08 00:46:08,806 [INFO] Pass: Depth - 0.08893 (ms)
2026-07-08 00:46:08,806 [INFO] Pass: FixedPoint - 0.00668 (ms)
2026-07-08 00:46:08,806 [INFO] Pass: Size - 0.02837 (ms)
2026-07-08 00:46:08,806 [INFO] Pass: FixedPoint - 0.00429 (ms)
2026-07-08 00:46:08,807 [INFO] Pass: Optimize1qGatesDecomposition - 0.75603 (ms)
2026-07-08 00:46:08,807 [INFO] Pass: InverseCancellation - 0.08988 (ms)
2026-07-08 00:46:08,807 [INFO] Pass: GatesInBasis - 0.39268 (ms)
2026-07-08 00:46:08,808 [INFO] Pass: Depth - 0.07772 (ms)
2026-07-08 00:46:08,808 [INFO] Pass: FixedPoint - 0.00548 (ms)
2026-07-08 00:46:08,808 [INFO] Pass: Size - 0.02718 (ms)
2026-07-08 00:46:08,808 [INFO] Pass: FixedPoint - 0.00429 (ms)
2026-07-08 00:46:08,808 [INFO] Pass: ContainsInstruction - 0.00477 (ms)
2026-07-08 00:46:08,808 [INFO] Total Transpile Time - 59.64708 (ms)
2026-07-08 00:46:08,864 [INFO] Pass: ContainsInstruction - 0.00620 (ms)
2026-07-08 00:46:08,865 [INFO] Pass: InverseCancellation - 0.10824 (ms)
2026-07-08 00:46:08,865 [INFO] Pass: UnitarySynthesis - 0.00405 (ms)
2026-07-08 00:46:08,865 [INFO] Pass: HighLevelSynthesis - 0.72980 (ms)
2026-07-08 00:46:08,866 [INFO] Pass: BasisTranslator - 0.40865 (ms)
2026-07-08 00:46:08,866 [INFO] Pass: Depth - 0.09322 (ms)
2026-07-08 00:46:08,866 [INFO] Pass: FixedPoint - 0.00644 (ms)
2026-07-08 00:46:08,866 [INFO] Pass: Size - 0.02956 (ms)
2026-07-08 00:46:08,866 [INFO] Pass: FixedPoint - 0.00429 (ms)
2026-07-08 00:46:08,867 [INFO] Pass: Optimize1qGatesDecomposition - 0.86689 (ms)
2026-07-08 00:46:08,867 [INFO] Pass: InverseCancellation - 0.00691 (ms)
2026-07-08 00:46:08,868 [INFO] Pass: GatesInBasis - 0.54026 (ms)
2026-07-08 00:46:08,868 [INFO] Pass: Depth - 0.08392 (ms)
2026-07-08 00:46:08,868 [INFO] Pass: FixedPoint - 0.00596 (ms)
2026-07-08 00:46:08,868 [INFO] Pass: Size - 0.02837 (ms)
2026-07-08 00:46:08,868 [INFO] Pass: FixedPoint - 0.00429 (ms)
2026-07-08 00:46:08,869 [INFO] Pass: Optimize1qGatesDecomposition - 0.73290 (ms)
2026-07-08 00:46:08,869 [INFO] Pass: InverseCancellation - 0.00715 (ms)
2026-07-08 00:46:08,869 [INFO] Pass: GatesInBasis - 0.39911 (ms)
2026-07-08 00:46:08,869 [INFO] Pass: Depth - 0.07844 (ms)
2026-07-08 00:46:08,869 [INFO] Pass: FixedPoint - 0.00525 (ms)
2026-07-08 00:46:08,869 [INFO] Pass: Size - 0.02742 (ms)
2026-07-08 00:46:08,869 [INFO] Pass: FixedPoint - 0.00405 (ms)
2026-07-08 00:46:08,869 [INFO] Pass: ContainsInstruction - 0.00477 (ms)
2026-07-08 00:46:08,870 [INFO] Total Transpile Time - 61.59759 (ms)
2026-07-08 00:59:43,897 [INFO] Pass: ContainsInstruction - 0.01001 (ms)
2026-07-08 00:59:43,897 [INFO] Pass: InverseCancellation - 0.01168 (ms)
2026-07-08 00:59:43,897 [INFO] Pass: UnitarySynthesis - 0.00548 (ms)
2026-07-08 00:59:43,898 [INFO] Pass: HighLevelSynthesis - 0.62180 (ms)
2026-07-08 00:59:43,898 [INFO] Pass: BasisTranslator - 0.36430 (ms)
2026-07-08 00:59:43,898 [INFO] Pass: Depth - 0.08559 (ms)
2026-07-08 00:59:43,898 [INFO] Pass: FixedPoint - 0.00763 (ms)
2026-07-08 00:59:43,898 [INFO] Pass: Size - 0.02837 (ms)
2026-07-08 00:59:43,898 [INFO] Pass: FixedPoint - 0.00453 (ms)
2026-07-08 00:59:43,898 [INFO] Pass: Optimize1qGatesDecomposition - 0.06247 (ms)
2026-07-08 00:59:43,899 [INFO] Pass: InverseCancellation - 0.00548 (ms)
2026-07-08 00:59:43,899 [INFO] Pass: GatesInBasis - 0.36120 (ms)
2026-07-08 00:59:43,899 [INFO] Pass: Depth - 0.07200 (ms)
2026-07-08 00:59:43,899 [INFO] Pass: FixedPoint - 0.00501 (ms)
2026-07-08 00:59:43,899 [INFO] Pass: Size - 0.02527 (ms)
2026-07-08 00:59:43,899 [INFO] Pass: FixedPoint - 0.00405 (ms)
2026-07-08 00:59:43,899 [INFO] Pass: ContainsInstruction - 0.00453 (ms)
2026-07-08 00:59:43,900 [INFO] Total Transpile Time - 59.99947 (ms)
2026-07-08 00:59:43,956 [INFO] Pass: ContainsInstruction - 0.00644 (ms)
2026-07-08 00:59:43,956 [INFO] Pass: InverseCancellation - 0.10204 (ms)
2026-07-08 00:59:43,956 [INFO] Pass: UnitarySynthesis - 0.00453 (ms)
2026-07-08 00:59:43,956 [INFO] Pass: HighLevelSynthesis - 0.66113 (ms)
2026-07-08 00:59:43,957 [INFO] Pass: BasisTranslator - 0.37003 (ms)
2026-07-08 00:59:43,957 [INFO] Pass: Depth - 0.08178 (ms)
2026-07-08 00:59:43,957 [INFO] Pass: FixedPoint - 0.00668 (ms)
2026-07-08 00:59:43,957 [INFO] Pass: Size - 0.02813 (ms)
2026-07-08 00:59:43,957 [INFO] Pass: FixedPoint - 0.00453 (ms)
2026-07-08 00:59:43,958 [INFO] Pass: Optimize1qGatesDecomposition - 0.75912 (ms)
2026-07-08 00:59:43,958 [INFO] Pass: InverseCancellation - 0.08845 (ms)
2026-07-08 00:59:43,959 [INFO] Pass: GatesInBasis - 0.39506 (ms)
2026-07-08 00:59:43,959 [INFO] Pass: Depth - 0.07749 (ms)
2026-07-08 00:59:43,959 [INFO] Pass: FixedPoint - 0.00548 (ms)
2026-07-08 00:59:43,959 [INFO] Pass: Size - 0.02742 (ms)
2026-07-08 00:59:43,959 [INFO] Pass: FixedPoint - 0.00453 (ms)
2026-07-08 00:59:43,959 [INFO] Pass: ContainsInstruction - 0.00429 (ms)
2026-07-08 00:59:43,959 [INFO] Total Transpile Time - 59.55267 (ms)
2026-07-08 00:59:44,015 [INFO] Pass: ContainsInstruction - 0.00644 (ms)
2026-07-08 00:59:44,015 [INFO] Pass: InverseCancellation - 0.10657 (ms)
2026-07-08 00:59:44,015 [INFO] Pass: UnitarySynthesis - 0.00405 (ms)
2026-07-08 00:59:44,016 [INFO] Pass: HighLevelSynthesis - 0.72742 (ms)
2026-07-08 00:59:44,016 [INFO] Pass: BasisTranslator - 0.40793 (ms)
2026-07-08 00:59:44,017 [INFO] Pass: Depth - 0.08607 (ms)
2026-07-08 00:59:44,017 [INFO] Pass: FixedPoint - 0.00668 (ms)
2026-07-08 00:59:44,017 [INFO] Pass: Size - 0.02980 (ms)
2026-07-08 00:59:44,017 [INFO] Pass: FixedPoint - 0.00429 (ms)
2026-07-08 00:59:44,018 [INFO] Pass: Optimize1qGatesDecomposition - 0.87357 (ms)
2026-07-08 00:59:44,018 [INFO] Pass: InverseCancellation - 0.00668 (ms)
2026-07-08 00:59:44,018 [INFO] Pass: GatesInBasis - 0.53906 (ms)
2026-07-08 00:59:44,018 [INFO] Pass: Depth - 0.08178 (ms)
2026-07-08 00:59:44,018 [INFO] Pass: FixedPoint - 0.00596 (ms)
2026-07-08 00:59:44,018 [INFO] Pass: Size - 0.02789 (ms)
2026-07-08 00:59:44,019 [INFO] Pass: FixedPoint - 0.00429 (ms)
2026-07-08 00:59:44,019 [INFO] Pass: Optimize1qGatesDecomposition - 0.72289 (ms)
2026-07-08 00:59:44,019 [INFO] Pass: InverseCancellation - 0.00668 (ms)
2026-07-08 00:59:44,020 [INFO] Pass: GatesInBasis - 0.38934 (ms)
2026-07-08 00:59:44,020 [INFO] Pass: Depth - 0.07677 (ms)
2026-07-08 00:59:44,020 [INFO] Pass: FixedPoint - 0.00525 (ms)
2026-07-08 00:59:44,020 [INFO] Pass: Size - 0.02766 (ms)
2026-07-08 00:59:44,020 [INFO] Pass: FixedPoint - 0.00405 (ms)
2026-07-08 00:59:44,020 [INFO] Pass: ContainsInstruction - 0.00429 (ms)
2026-07-08 00:59:44,021 [INFO] Total Transpile Time - 61.17439 (ms)
2026-07-08 01:13:27,025 [INFO] Pass: ContainsInstruction - 0.00930 (ms)
2026-07-08 01:13:27,025 [INFO] Pass: InverseCancellation - 0.01073 (ms)
2026-07-08 01:13:27,025 [INFO] Pass: UnitarySynthesis - 0.00501 (ms)
2026-07-08 01:13:27,026 [INFO] Pass: HighLevelSynthesis - 0.62513 (ms)
2026-07-08 01:13:27,027 [INFO] Pass: BasisTranslator - 0.35310 (ms)
2026-07-08 01:13:27,027 [INFO] Pass: Depth - 0.08750 (ms)
2026-07-08 01:13:27,027 [INFO] Pass: FixedPoint - 0.00811 (ms)
2026-07-08 01:13:27,027 [INFO] Pass: Size - 0.02789 (ms)
2026-07-08 01:13:27,027 [INFO] Pass: FixedPoint - 0.00453 (ms)
2026-07-08 01:13:27,027 [INFO] Pass: Optimize1qGatesDecomposition - 0.06342 (ms)
2026-07-08 01:13:27,027 [INFO] Pass: InverseCancellation - 0.00620 (ms)
2026-07-08 01:13:27,027 [INFO] Pass: GatesInBasis - 0.35810 (ms)
2026-07-08 01:13:27,027 [INFO] Pass: Depth - 0.07105 (ms)
2026-07-08 01:13:27,027 [INFO] Pass: FixedPoint - 0.00525 (ms)
2026-07-08 01:13:27,028 [INFO] Pass: Size - 0.02503 (ms)
2026-07-08 01:13:27,028 [INFO] Pass: FixedPoint - 0.00405 (ms)
2026-07-08 01:13:27,028 [INFO] Pass: ContainsInstruction - 0.00477 (ms)
2026-07-08 01:13:27,028 [INFO] Total Transpile Time - 61.02872 (ms)
2026-07-08 01:13:27,084 [INFO] Pass: ContainsInstruction - 0.00644 (ms)
2026-07-08 01:13:27,084 [INFO] Pass: InverseCancellation - 0.10204 (ms)
2026-07-08 01:13:27,084 [INFO] Pass: UnitarySynthesis - 0.00429 (ms)
2026-07-08 01:13:27,085 [INFO] Pass: HighLevelSynthesis - 0.66829 (ms)
2026-07-08 01:13:27,085 [INFO] Pass: BasisTranslator - 0.37003 (ms)
2026-07-08 01:13:27,086 [INFO] Pass: Depth - 0.08297 (ms)
2026-07-08 01:13:27,086 [INFO] Pass: FixedPoint - 0.00691 (ms)
2026-07-08 01:13:27,086 [INFO] Pass: Size - 0.02837 (ms)
2026-07-08 01:13:27,086 [INFO] Pass: FixedPoint - 0.00429 (ms)
2026-07-08 01:13:27,086 [INFO] Pass: Optimize1qGatesDecomposition - 0.75984 (ms)
2026-07-08 01:13:27,087 [INFO] Pass: InverseCancellation - 0.08750 (ms)
2026-07-08 01:13:27,087 [INFO] Pass: GatesInBasis - 0.39291 (ms)
2026-07-08 01:13:27,087 [INFO] Pass: Depth - 0.07749 (ms)
2026-07-08 01:13:27,087 [INFO] Pass: FixedPoint - 0.00548 (ms)
2026-07-08 01:13:27,087 [INFO] Pass: Size - 0.02742 (ms)
2026-07-08 01:13:27,087 [INFO] Pass: FixedPoint - 0.00405 (ms)
2026-07-08 01:13:27,087 [INFO] Pass: ContainsInstruction - 0.00477 (ms)
2026-07-08 01:13:27,088 [INFO] Total Transpile Time - 59.65900 (ms)
2026-07-08 01:13:27,144 [INFO] Pass: ContainsInstruction - 0.00644 (ms)
2026-07-08 01:13:27,144 [INFO] Pass: InverseCancellation - 0.10896 (ms)
2026-07-08 01:13:27,144 [INFO] Pass: UnitarySynthesis - 0.00429 (ms)
2026-07-08 01:13:27,145 [INFO] Pass: HighLevelSynthesis - 0.73290 (ms)
2026-07-08 01:13:27,145 [INFO] Pass: BasisTranslator - 0.40126 (ms)
2026-07-08 01:13:27,146 [INFO] Pass: Depth - 0.08750 (ms)
2026-07-08 01:13:27,146 [INFO] Pass: FixedPoint - 0.00644 (ms)
2026-07-08 01:13:27,146 [INFO] Pass: Size - 0.03028 (ms)
2026-07-08 01:13:27,146 [INFO] Pass: FixedPoint - 0.00453 (ms)
2026-07-08 01:13:27,147 [INFO] Pass: Optimize1qGatesDecomposition - 0.87285 (ms)
2026-07-08 01:13:27,147 [INFO] Pass: InverseCancellation - 0.00668 (ms)
2026-07-08 01:13:27,147 [INFO] Pass: GatesInBasis - 0.54240 (ms)
2026-07-08 01:13:27,147 [INFO] Pass: Depth - 0.08416 (ms)
2026-07-08 01:13:27,147 [INFO] Pass: FixedPoint - 0.00620 (ms)
2026-07-08 01:13:27,147 [INFO] Pass: Size - 0.02789 (ms)
2026-07-08 01:13:27,147 [INFO] Pass: FixedPoint - 0.00453 (ms)
2026-07-08 01:13:27,148 [INFO] Pass: Optimize1qGatesDecomposition - 0.73004 (ms)
2026-07-08 01:13:27,148 [INFO] Pass: InverseCancellation - 0.00715 (ms)
2026-07-08 01:13:27,149 [INFO] Pass: GatesInBasis - 0.39172 (ms)
2026-07-08 01:13:27,149 [INFO] Pass: Depth - 0.07796 (ms)
2026-07-08 01:13:27,149 [INFO] Pass: FixedPoint - 0.00525 (ms)
2026-07-08 01:13:27,149 [INFO] Pass: Size - 0.02718 (ms)
2026-07-08 01:13:27,149 [INFO] Pass: FixedPoint - 0.00405 (ms)
2026-07-08 01:13:27,149 [INFO] Pass: ContainsInstruction - 0.00453 (ms)
2026-07-08 01:13:27,150 [INFO] Total Transpile Time - 61.56659 (ms)
2026-07-08 01:27:13,529 [INFO] Pass: ContainsInstruction - 0.00978 (ms)
2026-07-08 01:27:13,530 [INFO] Pass: InverseCancellation - 0.01049 (ms)
2026-07-08 01:27:13,530 [INFO] Pass: UnitarySynthesis - 0.00525 (ms)
2026-07-08 01:27:13,530 [INFO] Pass: HighLevelSynthesis - 0.62132 (ms)
2026-07-08 01:27:13,531 [INFO] Pass: BasisTranslator - 0.34618 (ms)
2026-07-08 01:27:13,531 [INFO] Pass: Depth - 0.09203 (ms)
2026-07-08 01:27:13,531 [INFO] Pass: FixedPoint - 0.00882 (ms)
2026-07-08 01:27:13,531 [INFO] Pass: Size - 0.02933 (ms)
2026-07-08 01:27:13,531 [INFO] Pass: FixedPoint - 0.00477 (ms)
2026-07-08 01:27:13,531 [INFO] Pass: Optimize1qGatesDecomposition - 0.06604 (ms)
2026-07-08 01:27:13,531 [INFO] Pass: InverseCancellation - 0.00620 (ms)
2026-07-08 01:27:13,531 [INFO] Pass: GatesInBasis - 0.35763 (ms)
2026-07-08 01:27:13,532 [INFO] Pass: Depth - 0.07010 (ms)
2026-07-08 01:27:13,532 [INFO] Pass: FixedPoint - 0.00477 (ms)
2026-07-08 01:27:13,532 [INFO] Pass: Size - 0.02503 (ms)
2026-07-08 01:27:13,532 [INFO] Pass: FixedPoint - 0.00429 (ms)
2026-07-08 01:27:13,532 [INFO] Pass: ContainsInstruction - 0.00453 (ms)
2026-07-08 01:27:13,532 [INFO] Total Transpile Time - 60.13703 (ms)
2026-07-08 01:27:13,588 [INFO] Pass: ContainsInstruction - 0.00715 (ms)
2026-07-08 01:27:13,588 [INFO] Pass: InverseCancellation - 0.10443 (ms)
2026-07-08 01:27:13,588 [INFO] Pass: UnitarySynthesis - 0.00429 (ms)
2026-07-08 01:27:13,589 [INFO] Pass: HighLevelSynthesis - 0.66233 (ms)
2026-07-08 01:27:13,590 [INFO] Pass: BasisTranslator - 0.37217 (ms)
2026-07-08 01:27:13,590 [INFO] Pass: Depth - 0.08321 (ms)
2026-07-08 01:27:13,590 [INFO] Pass: FixedPoint - 0.00691 (ms)
2026-07-08 01:27:13,590 [INFO] Pass: Size - 0.02789 (ms)
2026-07-08 01:27:13,590 [INFO] Pass: FixedPoint - 0.00429 (ms)
2026-07-08 01:27:13,591 [INFO] Pass: Optimize1qGatesDecomposition - 0.76008 (ms)
2026-07-08 01:27:13,591 [INFO] Pass: InverseCancellation - 0.08631 (ms)
2026-07-08 01:27:13,591 [INFO] Pass: GatesInBasis - 0.39363 (ms)
2026-07-08 01:27:13,591 [INFO] Pass: Depth - 0.07653 (ms)
2026-07-08 01:27:13,591 [INFO] Pass: FixedPoint - 0.00572 (ms)
2026-07-08 01:27:13,591 [INFO] Pass: Size - 0.02742 (ms)
2026-07-08 01:27:13,591 [INFO] Pass: FixedPoint - 0.00405 (ms)
2026-07-08 01:27:13,591 [INFO] Pass: ContainsInstruction - 0.00405 (ms)
2026-07-08 01:27:13,592 [INFO] Total Transpile Time - 59.64756 (ms)
2026-07-08 01:27:13,648 [INFO] Pass: ContainsInstruction - 0.00691 (ms)
2026-07-08 01:27:13,648 [INFO] Pass: InverseCancellation - 0.10991 (ms)
2026-07-08 01:27:13,648 [INFO] Pass: UnitarySynthesis - 0.00429 (ms)
2026-07-08 01:27:13,649 [INFO] Pass: HighLevelSynthesis - 0.71669 (ms)
2026-07-08 01:27:13,649 [INFO] Pass: BasisTranslator - 0.40650 (ms)
2026-07-08 01:27:13,649 [INFO] Pass: Depth - 0.08774 (ms)
2026-07-08 01:27:13,649 [INFO] Pass: FixedPoint - 0.00644 (ms)
2026-07-08 01:27:13,649 [INFO] Pass: Size - 0.02980 (ms)
2026-07-08 01:27:13,649 [INFO] Pass: FixedPoint - 0.00453 (ms)
2026-07-08 01:27:13,650 [INFO] Pass: Optimize1qGatesDecomposition - 0.87857 (ms)
2026-07-08 01:27:13,650 [INFO] Pass: InverseCancellation - 0.00691 (ms)
2026-07-08 01:27:13,651 [INFO] Pass: GatesInBasis - 0.52881 (ms)
2026-07-08 01:27:13,651 [INFO] Pass: Depth - 0.08798 (ms)
2026-07-08 01:27:13,651 [INFO] Pass: FixedPoint - 0.00596 (ms)
2026-07-08 01:27:13,651 [INFO] Pass: Size - 0.02813 (ms)
2026-07-08 01:27:13,651 [INFO] Pass: FixedPoint - 0.00429 (ms)
2026-07-08 01:27:13,652 [INFO] Pass: Optimize1qGatesDecomposition - 0.72265 (ms)
2026-07-08 01:27:13,652 [INFO] Pass: InverseCancellation - 0.00739 (ms)
2026-07-08 01:27:13,652 [INFO] Pass: GatesInBasis - 0.39744 (ms)
2026-07-08 01:27:13,652 [INFO] Pass: Depth - 0.07796 (ms)
2026-07-08 01:27:13,652 [INFO] Pass: FixedPoint - 0.00501 (ms)
2026-07-08 01:27:13,652 [INFO] Pass: Size - 0.02742 (ms)
2026-07-08 01:27:13,653 [INFO] Pass: FixedPoint - 0.00405 (ms)
2026-07-08 01:27:13,653 [INFO] Pass: ContainsInstruction - 0.00501 (ms)
2026-07-08 01:27:13,653 [INFO] Total Transpile Time - 61.02324 (ms)
2026-07-08 01:41:03,768 [INFO] Pass: ContainsInstruction - 0.01025 (ms)
2026-07-08 01:41:03,769 [INFO] Pass: InverseCancellation - 0.01073 (ms)
2026-07-08 01:41:03,769 [INFO] Pass: UnitarySynthesis - 0.00477 (ms)
2026-07-08 01:41:03,769 [INFO] Pass: HighLevelSynthesis - 0.62418 (ms)
2026-07-08 01:41:03,770 [INFO] Pass: BasisTranslator - 0.35024 (ms)
2026-07-08 01:41:03,770 [INFO] Pass: Depth - 0.08774 (ms)
2026-07-08 01:41:03,770 [INFO] Pass: FixedPoint - 0.00906 (ms)
2026-07-08 01:41:03,770 [INFO] Pass: Size - 0.02837 (ms)
2026-07-08 01:41:03,770 [INFO] Pass: FixedPoint - 0.00477 (ms)
2026-07-08 01:41:03,770 [INFO] Pass: Optimize1qGatesDecomposition - 0.06700 (ms)
2026-07-08 01:41:03,770 [INFO] Pass: InverseCancellation - 0.00620 (ms)
2026-07-08 01:41:03,771 [INFO] Pass: GatesInBasis - 0.35763 (ms)
2026-07-08 01:41:03,771 [INFO] Pass: Depth - 0.07296 (ms)
2026-07-08 01:41:03,771 [INFO] Pass: FixedPoint - 0.00501 (ms)
2026-07-08 01:41:03,771 [INFO] Pass: Size - 0.02551 (ms)
2026-07-08 01:41:03,771 [INFO] Pass: FixedPoint - 0.00405 (ms)
2026-07-08 01:41:03,771 [INFO] Pass: ContainsInstruction - 0.00477 (ms)
2026-07-08 01:41:03,771 [INFO] Total Transpile Time - 60.63890 (ms)
2026-07-08 01:41:03,827 [INFO] Pass: ContainsInstruction - 0.00668 (ms)
2026-07-08 01:41:03,827 [INFO] Pass: InverseCancellation - 0.10419 (ms)
2026-07-08 01:41:03,827 [INFO] Pass: UnitarySynthesis - 0.00453 (ms)
2026-07-08 01:41:03,828 [INFO] Pass: HighLevelSynthesis - 0.66614 (ms)
2026-07-08 01:41:03,828 [INFO] Pass: BasisTranslator - 0.37217 (ms)
2026-07-08 01:41:03,829 [INFO] Pass: Depth - 0.08297 (ms)
2026-07-08 01:41:03,829 [INFO] Pass: FixedPoint - 0.00715 (ms)
2026-07-08 01:41:03,829 [INFO] Pass: Size - 0.02837 (ms)
2026-07-08 01:41:03,829 [INFO] Pass: FixedPoint - 0.00477 (ms)
2026-07-08 01:41:03,830 [INFO] Pass: Optimize1qGatesDecomposition - 0.76318 (ms)
2026-07-08 01:41:03,830 [INFO] Pass: InverseCancellation - 0.09060 (ms)
2026-07-08 01:41:03,830 [INFO] Pass: GatesInBasis - 0.39768 (ms)
2026-07-08 01:41:03,830 [INFO] Pass: Depth - 0.07987 (ms)
2026-07-08 01:41:03,830 [INFO] Pass: FixedPoint - 0.00548 (ms)
2026-07-08 01:41:03,830 [INFO] Pass: Size - 0.02789 (ms)
2026-07-08 01:41:03,830 [INFO] Pass: FixedPoint - 0.00429 (ms)
2026-07-08 01:41:03,830 [INFO] Pass: ContainsInstruction - 0.00453 (ms)
2026-07-08 01:41:03,831 [INFO] Total Transpile Time - 59.51881 (ms)
2026-07-08 01:41:03,887 [INFO] Pass: ContainsInstruction - 0.00668 (ms)
2026-07-08 01:41:03,887 [INFO] Pass: InverseCancellation - 0.10943 (ms)
2026-07-08 01:41:03,887 [INFO] Pass: UnitarySynthesis - 0.00405 (ms)
2026-07-08 01:41:03,888 [INFO] Pass: HighLevelSynthesis - 0.72956 (ms)
2026-07-08 01:41:03,888 [INFO] Pass: BasisTranslator - 0.40555 (ms)
2026-07-08 01:41:03,888 [INFO] Pass: Depth - 0.08988 (ms)
2026-07-08 01:41:03,889 [INFO] Pass: FixedPoint - 0.00691 (ms)
2026-07-08 01:41:03,889 [INFO] Pass: Size - 0.02956 (ms)
2026-07-08 01:41:03,889 [INFO] Pass: FixedPoint - 0.00453 (ms)
2026-07-08 01:41:03,890 [INFO] Pass: Optimize1qGatesDecomposition - 0.88239 (ms)
2026-07-08 01:41:03,890 [INFO] Pass: InverseCancellation - 0.00715 (ms)
2026-07-08 01:41:03,890 [INFO] Pass: GatesInBasis - 0.53501 (ms)
2026-07-08 01:41:03,890 [INFO] Pass: Depth - 0.08345 (ms)
2026-07-08 01:41:03,890 [INFO] Pass: FixedPoint - 0.00572 (ms)
2026-07-08 01:41:03,890 [INFO] Pass: Size - 0.02789 (ms)
2026-07-08 01:41:03,890 [INFO] Pass: FixedPoint - 0.00453 (ms)
2026-07-08 01:41:03,891 [INFO] Pass: Optimize1qGatesDecomposition - 0.72432 (ms)
2026-07-08 01:41:03,891 [INFO] Pass: InverseCancellation - 0.00644 (ms)
2026-07-08 01:41:03,892 [INFO] Pass: GatesInBasis - 0.39005 (ms)
2026-07-08 01:41:03,892 [INFO] Pass: Depth - 0.07892 (ms)
2026-07-08 01:41:03,892 [INFO] Pass: FixedPoint - 0.00501 (ms)
2026-07-08 01:41:03,892 [INFO] Pass: Size - 0.03219 (ms)
2026-07-08 01:41:03,892 [INFO] Pass: FixedPoint - 0.00429 (ms)
2026-07-08 01:41:03,892 [INFO] Pass: ContainsInstruction - 0.00453 (ms)
2026-07-08 01:41:03,893 [INFO] Total Transpile Time - 61.48219 (ms)
2026-07-08 01:54:37,216 [INFO] Pass: ContainsInstruction - 0.00787 (ms)
2026-07-08 01:54:37,216 [INFO] Pass: InverseCancellation - 0.00954 (ms)
2026-07-08 01:54:37,216 [INFO] Pass: UnitarySynthesis - 0.00453 (ms)
2026-07-08 01:54:37,217 [INFO] Pass: HighLevelSynthesis - 0.61679 (ms)
2026-07-08 01:54:37,217 [INFO] Pass: BasisTranslator - 0.34857 (ms)
2026-07-08 01:54:37,218 [INFO] Pass: Depth - 0.08607 (ms)
2026-07-08 01:54:37,218 [INFO] Pass: FixedPoint - 0.00834 (ms)
2026-07-08 01:54:37,218 [INFO] Pass: Size - 0.02789 (ms)
2026-07-08 01:54:37,218 [INFO] Pass: FixedPoint - 0.00477 (ms)
2026-07-08 01:54:37,218 [INFO] Pass: Optimize1qGatesDecomposition - 0.05937 (ms)
2026-07-08 01:54:37,218 [INFO] Pass: InverseCancellation - 0.00668 (ms)
2026-07-08 01:54:37,218 [INFO] Pass: GatesInBasis - 0.35405 (ms)
2026-07-08 01:54:37,218 [INFO] Pass: Depth - 0.07153 (ms)
2026-07-08 01:54:37,218 [INFO] Pass: FixedPoint - 0.00501 (ms)
2026-07-08 01:54:37,218 [INFO] Pass: Size - 0.02456 (ms)
2026-07-08 01:54:37,218 [INFO] Pass: FixedPoint - 0.00381 (ms)
2026-07-08 01:54:37,219 [INFO] Pass: ContainsInstruction - 0.00453 (ms)
2026-07-08 01:54:37,219 [INFO] Total Transpile Time - 59.67259 (ms)
2026-07-08 01:54:37,275 [INFO] Pass: ContainsInstruction - 0.00644 (ms)
2026-07-08 01:54:37,275 [INFO] Pass: InverseCancellation - 0.10061 (ms)
2026-07-08 01:54:37,275 [INFO] Pass: UnitarySynthesis - 0.00429 (ms)
2026-07-08 01:54:37,276 [INFO] Pass: HighLevelSynthesis - 0.66423 (ms)
2026-07-08 01:54:37,277 [INFO] Pass: BasisTranslator - 0.36860 (ms)
2026-07-08 01:54:37,277 [INFO] Pass: Depth - 0.08345 (ms)
2026-07-08 01:54:37,277 [INFO] Pass: FixedPoint - 0.00668 (ms)
2026-07-08 01:54:37,277 [INFO] Pass: Size - 0.02789 (ms)
2026-07-08 01:54:37,277 [INFO] Pass: FixedPoint - 0.00453 (ms)
2026-07-08 01:54:37,278 [INFO] Pass: Optimize1qGatesDecomposition - 0.75030 (ms)
2026-07-08 01:54:37,278 [INFO] Pass: InverseCancellation - 0.08965 (ms)
2026-07-08 01:54:37,278 [INFO] Pass: GatesInBasis - 0.39601 (ms)
2026-07-08 01:54:37,278 [INFO] Pass: Depth - 0.07820 (ms)
2026-07-08 01:54:37,278 [INFO] Pass: FixedPoint - 0.00548 (ms)
2026-07-08 01:54:37,278 [INFO] Pass: Size - 0.02718 (ms)
2026-07-08 01:54:37,279 [INFO] Pass: FixedPoint - 0.00429 (ms)
2026-07-08 01:54:37,279 [INFO] Pass: ContainsInstruction - 0.00501 (ms)
2026-07-08 01:54:37,279 [INFO] Total Transpile Time - 59.92913 (ms)
2026-07-08 01:54:37,335 [INFO] Pass: ContainsInstruction - 0.00644 (ms)
2026-07-08 01:54:37,335 [INFO] Pass: InverseCancellation - 0.10633 (ms)
2026-07-08 01:54:37,335 [INFO] Pass: UnitarySynthesis - 0.00405 (ms)
2026-07-08 01:54:37,336 [INFO] Pass: HighLevelSynthesis - 0.73433 (ms)
2026-07-08 01:54:37,336 [INFO] Pass: BasisTranslator - 0.40460 (ms)
2026-07-08 01:54:37,336 [INFO] Pass: Depth - 0.08655 (ms)
2026-07-08 01:54:37,336 [INFO] Pass: FixedPoint - 0.00620 (ms)
2026-07-08 01:54:37,336 [INFO] Pass: Size - 0.02933 (ms)
2026-07-08 01:54:37,336 [INFO] Pass: FixedPoint - 0.00453 (ms)
2026-07-08 01:54:37,337 [INFO] Pass: Optimize1qGatesDecomposition - 0.85855 (ms)
2026-07-08 01:54:37,337 [INFO] Pass: InverseCancellation - 0.00644 (ms)
2026-07-08 01:54:37,338 [INFO] Pass: GatesInBasis - 0.53453 (ms)
2026-07-08 01:54:37,338 [INFO] Pass: Depth - 0.08297 (ms)
2026-07-08 01:54:37,338 [INFO] Pass: FixedPoint - 0.00548 (ms)
2026-07-08 01:54:37,338 [INFO] Pass: Size - 0.02766 (ms)
2026-07-08 01:54:37,338 [INFO] Pass: FixedPoint - 0.00405 (ms)
2026-07-08 01:54:37,339 [INFO] Pass: Optimize1qGatesDecomposition - 0.72455 (ms)
2026-07-08 01:54:37,339 [INFO] Pass: InverseCancellation - 0.00620 (ms)
2026-07-08 01:54:37,339 [INFO] Pass: GatesInBasis - 0.39458 (ms)
2026-07-08 01:54:37,340 [INFO] Pass: Depth - 0.07677 (ms)
2026-07-08 01:54:37,340 [INFO] Pass: FixedPoint - 0.00477 (ms)
2026-07-08 01:54:37,340 [INFO] Pass: Size - 0.02718 (ms)
2026-07-08 01:54:37,340 [INFO] Pass: FixedPoint - 0.00429 (ms)
2026-07-08 01:54:37,340 [INFO] Pass: ContainsInstruction - 0.00453 (ms)
2026-07-08 01:54:37,340 [INFO] Total Transpile Time - 61.08451 (ms)
2026-07-08 02:08:17,117 [INFO] Pass: ContainsInstruction - 0.00954 (ms)
2026-07-08 02:08:17,117 [INFO] Pass: InverseCancellation - 0.01097 (ms)
2026-07-08 02:08:17,117 [INFO] Pass: UnitarySynthesis - 0.00501 (ms)
2026-07-08 02:08:17,118 [INFO] Pass: HighLevelSynthesis - 0.61798 (ms)
2026-07-08 02:08:17,118 [INFO] Pass: BasisTranslator - 0.35667 (ms)
2026-07-08 02:08:17,118 [INFO] Pass: Depth - 0.08631 (ms)
2026-07-08 02:08:17,118 [INFO] Pass: FixedPoint - 0.00763 (ms)
2026-07-08 02:08:17,118 [INFO] Pass: Size - 0.02885 (ms)
2026-07-08 02:08:17,118 [INFO] Pass: FixedPoint - 0.00453 (ms)
2026-07-08 02:08:17,118 [INFO] Pass: Optimize1qGatesDecomposition - 0.06056 (ms)
2026-07-08 02:08:17,119 [INFO] Pass: InverseCancellation - 0.00596 (ms)
2026-07-08 02:08:17,119 [INFO] Pass: GatesInBasis - 0.36216 (ms)
2026-07-08 02:08:17,119 [INFO] Pass: Depth - 0.07033 (ms)
2026-07-08 02:08:17,119 [INFO] Pass: FixedPoint - 0.00477 (ms)
2026-07-08 02:08:17,119 [INFO] Pass: Size - 0.02503 (ms)
2026-07-08 02:08:17,119 [INFO] Pass: FixedPoint - 0.00405 (ms)
2026-07-08 02:08:17,119 [INFO] Pass: ContainsInstruction - 0.00453 (ms)
2026-07-08 02:08:17,120 [INFO] Total Transpile Time - 60.12225 (ms)
2026-07-08 02:08:17,175 [INFO] Pass: ContainsInstruction - 0.00644 (ms)
2026-07-08 02:08:17,176 [INFO] Pass: InverseCancellation - 0.10228 (ms)
2026-07-08 02:08:17,176 [INFO] Pass: UnitarySynthesis - 0.00405 (ms)
2026-07-08 02:08:17,176 [INFO] Pass: HighLevelSynthesis - 0.65899 (ms)
2026-07-08 02:08:17,177 [INFO] Pass: BasisTranslator - 0.37527 (ms)
2026-07-08 02:08:17,177 [INFO] Pass: Depth - 0.08368 (ms)
2026-07-08 02:08:17,177 [INFO] Pass: FixedPoint - 0.00644 (ms)
2026-07-08 02:08:17,177 [INFO] Pass: Size - 0.03266 (ms)
2026-07-08 02:08:17,177 [INFO] Pass: FixedPoint - 0.00429 (ms)
2026-07-08 02:08:17,178 [INFO] Pass: Optimize1qGatesDecomposition - 0.75507 (ms)
2026-07-08 02:08:17,178 [INFO] Pass: InverseCancellation - 0.08774 (ms)
2026-07-08 02:08:17,178 [INFO] Pass: GatesInBasis - 0.39101 (ms)
2026-07-08 02:08:17,178 [INFO] Pass: Depth - 0.07772 (ms)
2026-07-08 02:08:17,178 [INFO] Pass: FixedPoint - 0.00548 (ms)
2026-07-08 02:08:17,179 [INFO] Pass: Size - 0.02694 (ms)
2026-07-08 02:08:17,179 [INFO] Pass: FixedPoint - 0.00429 (ms)
2026-07-08 02:08:17,179 [INFO] Pass: ContainsInstruction - 0.00453 (ms)
2026-07-08 02:08:17,179 [INFO] Total Transpile Time - 59.34834 (ms)
2026-07-08 02:08:17,235 [INFO] Pass: ContainsInstruction - 0.00668 (ms)
2026-07-08 02:08:17,235 [INFO] Pass: InverseCancellation - 0.10824 (ms)
2026-07-08 02:08:17,235 [INFO] Pass: UnitarySynthesis - 0.00429 (ms)
2026-07-08 02:08:17,236 [INFO] Pass: HighLevelSynthesis - 0.73171 (ms)
2026-07-08 02:08:17,236 [INFO] Pass: BasisTranslator - 0.41318 (ms)
2026-07-08 02:08:17,236 [INFO] Pass: Depth - 0.08726 (ms)
2026-07-08 02:08:17,236 [INFO] Pass: FixedPoint - 0.00644 (ms)
2026-07-08 02:08:17,236 [INFO] Pass: Size - 0.02956 (ms)
2026-07-08 02:08:17,236 [INFO] Pass: FixedPoint - 0.00453 (ms)
2026-07-08 02:08:17,237 [INFO] Pass: Optimize1qGatesDecomposition - 0.87357 (ms)
2026-07-08 02:08:17,237 [INFO] Pass: InverseCancellation - 0.00668 (ms)
2026-07-08 02:08:17,238 [INFO] Pass: GatesInBasis - 0.67925 (ms)
2026-07-08 02:08:17,238 [INFO] Pass: Depth - 0.08512 (ms)
2026-07-08 02:08:17,238 [INFO] Pass: FixedPoint - 0.00620 (ms)
2026-07-08 02:08:17,238 [INFO] Pass: Size - 0.02909 (ms)
2026-07-08 02:08:17,238 [INFO] Pass: FixedPoint - 0.00429 (ms)
2026-07-08 02:08:17,239 [INFO] Pass: Optimize1qGatesDecomposition - 0.73743 (ms)
2026-07-08 02:08:17,239 [INFO] Pass: InverseCancellation - 0.00715 (ms)
2026-07-08 02:08:17,240 [INFO] Pass: GatesInBasis - 0.39029 (ms)
2026-07-08 02:08:17,240 [INFO] Pass: Depth - 0.07701 (ms)
2026-07-08 02:08:17,240 [INFO] Pass: FixedPoint - 0.00501 (ms)
2026-07-08 02:08:17,240 [INFO] Pass: Size - 0.02694 (ms)
2026-07-08 02:08:17,240 [INFO] Pass: FixedPoint - 0.00405 (ms)
2026-07-08 02:08:17,240 [INFO] Pass: ContainsInstruction - 0.00477 (ms)
2026-07-08 02:08:17,241 [INFO] Total Transpile Time - 61.20086 (ms)
2026-07-08 02:21:58,524 [INFO] Pass: ContainsInstruction - 0.00954 (ms)
2026-07-08 02:21:58,524 [INFO] Pass: InverseCancellation - 0.01001 (ms)
2026-07-08 02:21:58,524 [INFO] Pass: UnitarySynthesis - 0.00453 (ms)
2026-07-08 02:21:58,525 [INFO] Pass: HighLevelSynthesis - 0.61989 (ms)
2026-07-08 02:21:58,525 [INFO] Pass: BasisTranslator - 0.36502 (ms)
2026-07-08 02:21:58,525 [INFO] Pass: Depth - 0.09179 (ms)
2026-07-08 02:21:58,525 [INFO] Pass: FixedPoint - 0.00930 (ms)
2026-07-08 02:21:58,525 [INFO] Pass: Size - 0.02885 (ms)
2026-07-08 02:21:58,525 [INFO] Pass: FixedPoint - 0.00453 (ms)
2026-07-08 02:21:58,525 [INFO] Pass: Optimize1qGatesDecomposition - 0.06318 (ms)
2026-07-08 02:21:58,526 [INFO] Pass: InverseCancellation - 0.00596 (ms)
2026-07-08 02:21:58,526 [INFO] Pass: GatesInBasis - 0.35954 (ms)
2026-07-08 02:21:58,526 [INFO] Pass: Depth - 0.07057 (ms)
2026-07-08 02:21:58,526 [INFO] Pass: FixedPoint - 0.00477 (ms)
2026-07-08 02:21:58,526 [INFO] Pass: Size - 0.02480 (ms)
2026-07-08 02:21:58,526 [INFO] Pass: FixedPoint - 0.00405 (ms)
2026-07-08 02:21:58,526 [INFO] Pass: ContainsInstruction - 0.00429 (ms)
2026-07-08 02:21:58,527 [INFO] Total Transpile Time - 61.55777 (ms)
2026-07-08 02:21:58,583 [INFO] Pass: ContainsInstruction - 0.00620 (ms)
2026-07-08 02:21:58,583 [INFO] Pass: InverseCancellation - 0.10395 (ms)
2026-07-08 02:21:58,583 [INFO] Pass: UnitarySynthesis - 0.00453 (ms)
2026-07-08 02:21:58,584 [INFO] Pass: HighLevelSynthesis - 0.67377 (ms)
2026-07-08 02:21:58,584 [INFO] Pass: BasisTranslator - 0.37622 (ms)
2026-07-08 02:21:58,584 [INFO] Pass: Depth - 0.08202 (ms)
2026-07-08 02:21:58,584 [INFO] Pass: FixedPoint - 0.00668 (ms)
2026-07-08 02:21:58,585 [INFO] Pass: Size - 0.02766 (ms)
2026-07-08 02:21:58,585 [INFO] Pass: FixedPoint - 0.00453 (ms)
2026-07-08 02:21:58,585 [INFO] Pass: Optimize1qGatesDecomposition - 0.76771 (ms)
2026-07-08 02:21:58,586 [INFO] Pass: InverseCancellation - 0.08917 (ms)
2026-07-08 02:21:58,586 [INFO] Pass: GatesInBasis - 0.39577 (ms)
2026-07-08 02:21:58,586 [INFO] Pass: Depth - 0.07677 (ms)
2026-07-08 02:21:58,586 [INFO] Pass: FixedPoint - 0.00548 (ms)
2026-07-08 02:21:58,586 [INFO] Pass: Size - 0.02718 (ms)
2026-07-08 02:21:58,586 [INFO] Pass: FixedPoint - 0.00429 (ms)
2026-07-08 02:21:58,586 [INFO] Pass: ContainsInstruction - 0.00429 (ms)
2026-07-08 02:21:58,587 [INFO] Total Transpile Time - 59.96418 (ms)
2026-07-08 02:21:58,642 [INFO] Pass: ContainsInstruction - 0.00620 (ms)
2026-07-08 02:21:58,643 [INFO] Pass: InverseCancellation - 0.10943 (ms)
2026-07-08 02:21:58,643 [INFO] Pass: UnitarySynthesis - 0.00429 (ms)
2026-07-08 02:21:58,643 [INFO] Pass: HighLevelSynthesis - 0.73695 (ms)
2026-07-08 02:21:58,644 [INFO] Pass: BasisTranslator - 0.41628 (ms)
2026-07-08 02:21:58,644 [INFO] Pass: Depth - 0.08678 (ms)
2026-07-08 02:21:58,644 [INFO] Pass: FixedPoint - 0.00620 (ms)
2026-07-08 02:21:58,644 [INFO] Pass: Size - 0.02909 (ms)
2026-07-08 02:21:58,644 [INFO] Pass: FixedPoint - 0.00453 (ms)
2026-07-08 02:21:58,645 [INFO] Pass: Optimize1qGatesDecomposition - 0.88310 (ms)
2026-07-08 02:21:58,645 [INFO] Pass: InverseCancellation - 0.00691 (ms)
2026-07-08 02:21:58,646 [INFO] Pass: GatesInBasis - 0.53573 (ms)
2026-07-08 02:21:58,646 [INFO] Pass: Depth - 0.08750 (ms)
2026-07-08 02:21:58,646 [INFO] Pass: FixedPoint - 0.00572 (ms)
2026-07-08 02:21:58,646 [INFO] Pass: Size - 0.02789 (ms)
2026-07-08 02:21:58,646 [INFO] Pass: FixedPoint - 0.00405 (ms)
2026-07-08 02:21:58,647 [INFO] Pass: Optimize1qGatesDecomposition - 0.72265 (ms)
2026-07-08 02:21:58,647 [INFO] Pass: InverseCancellation - 0.00620 (ms)
2026-07-08 02:21:58,647 [INFO] Pass: GatesInBasis - 0.39506 (ms)
2026-07-08 02:21:58,647 [INFO] Pass: Depth - 0.07963 (ms)
2026-07-08 02:21:58,647 [INFO] Pass: FixedPoint - 0.00501 (ms)
2026-07-08 02:21:58,647 [INFO] Pass: Size - 0.02742 (ms)
2026-07-08 02:21:58,648 [INFO] Pass: FixedPoint - 0.00429 (ms)
2026-07-08 02:21:58,648 [INFO] Pass: ContainsInstruction - 0.00477 (ms)
2026-07-08 02:21:58,648 [INFO] Total Transpile Time - 61.23018 (ms)
2026-07-08 02:35:33,979 [INFO] Pass: ContainsInstruction - 0.00834 (ms)
2026-07-08 02:35:33,979 [INFO] Pass: InverseCancellation - 0.01168 (ms)
2026-07-08 02:35:33,979 [INFO] Pass: UnitarySynthesis - 0.00501 (ms)
2026-07-08 02:35:33,980 [INFO] Pass: HighLevelSynthesis - 0.61107 (ms)
2026-07-08 02:35:33,980 [INFO] Pass: BasisTranslator - 0.36144 (ms)
2026-07-08 02:35:33,980 [INFO] Pass: Depth - 0.08678 (ms)
2026-07-08 02:35:33,980 [INFO] Pass: FixedPoint - 0.00739 (ms)
2026-07-08 02:35:33,980 [INFO] Pass: Size - 0.02837 (ms)
2026-07-08 02:35:33,980 [INFO] Pass: FixedPoint - 0.00453 (ms)
2026-07-08 02:35:33,981 [INFO] Pass: Optimize1qGatesDecomposition - 0.06390 (ms)
2026-07-08 02:35:33,981 [INFO] Pass: InverseCancellation - 0.00572 (ms)
2026-07-08 02:35:33,981 [INFO] Pass: GatesInBasis - 0.36454 (ms)
2026-07-08 02:35:33,981 [INFO] Pass: Depth - 0.07057 (ms)
2026-07-08 02:35:33,981 [INFO] Pass: FixedPoint - 0.00548 (ms)
2026-07-08 02:35:33,981 [INFO] Pass: Size - 0.02503 (ms)
2026-07-08 02:35:33,981 [INFO] Pass: FixedPoint - 0.00453 (ms)
2026-07-08 02:35:33,981 [INFO] Pass: ContainsInstruction - 0.00405 (ms)
2026-07-08 02:35:33,982 [INFO] Total Transpile Time - 83.07648 (ms)
2026-07-08 02:35:34,038 [INFO] Pass: ContainsInstruction - 0.00620 (ms)
2026-07-08 02:35:34,038 [INFO] Pass: InverseCancellation - 0.10872 (ms)
2026-07-08 02:35:34,038 [INFO] Pass: UnitarySynthesis - 0.00429 (ms)
2026-07-08 02:35:34,039 [INFO] Pass: HighLevelSynthesis - 0.65970 (ms)
2026-07-08 02:35:34,039 [INFO] Pass: BasisTranslator - 0.38099 (ms)
2026-07-08 02:35:34,039 [INFO] Pass: Depth - 0.08297 (ms)
2026-07-08 02:35:34,039 [INFO] Pass: FixedPoint - 0.00691 (ms)
2026-07-08 02:35:34,039 [INFO] Pass: Size - 0.02789 (ms)
2026-07-08 02:35:34,039 [INFO] Pass: FixedPoint - 0.00453 (ms)
2026-07-08 02:35:34,040 [INFO] Pass: Optimize1qGatesDecomposition - 0.75626 (ms)
2026-07-08 02:35:34,040 [INFO] Pass: InverseCancellation - 0.08750 (ms)
2026-07-08 02:35:34,041 [INFO] Pass: GatesInBasis - 0.38838 (ms)
2026-07-08 02:35:34,041 [INFO] Pass: Depth - 0.07653 (ms)
2026-07-08 02:35:34,041 [INFO] Pass: FixedPoint - 0.00525 (ms)
2026-07-08 02:35:34,041 [INFO] Pass: Size - 0.03052 (ms)
2026-07-08 02:35:34,041 [INFO] Pass: FixedPoint - 0.00405 (ms)
2026-07-08 02:35:34,041 [INFO] Pass: ContainsInstruction - 0.00429 (ms)
2026-07-08 02:35:34,042 [INFO] Total Transpile Time - 59.60870 (ms)
2026-07-08 02:35:34,097 [INFO] Pass: ContainsInstruction - 0.00572 (ms)
2026-07-08 02:35:34,097 [INFO] Pass: InverseCancellation - 0.10586 (ms)
2026-07-08 02:35:34,098 [INFO] Pass: UnitarySynthesis - 0.00405 (ms)
2026-07-08 02:35:34,098 [INFO] Pass: HighLevelSynthesis - 0.73290 (ms)
2026-07-08 02:35:34,099 [INFO] Pass: BasisTranslator - 0.40436 (ms)
2026-07-08 02:35:34,099 [INFO] Pass: Depth - 0.08655 (ms)
2026-07-08 02:35:34,099 [INFO] Pass: FixedPoint - 0.00596 (ms)
2026-07-08 02:35:34,099 [INFO] Pass: Size - 0.02980 (ms)
2026-07-08 02:35:34,099 [INFO] Pass: FixedPoint - 0.00453 (ms)
2026-07-08 02:35:34,100 [INFO] Pass: Optimize1qGatesDecomposition - 0.86117 (ms)
2026-07-08 02:35:34,100 [INFO] Pass: InverseCancellation - 0.00620 (ms)
2026-07-08 02:35:34,101 [INFO] Pass: GatesInBasis - 0.53334 (ms)
2026-07-08 02:35:34,101 [INFO] Pass: Depth - 0.08249 (ms)
2026-07-08 02:35:34,101 [INFO] Pass: FixedPoint - 0.00548 (ms)
2026-07-08 02:35:34,101 [INFO] Pass: Size - 0.02718 (ms)
2026-07-08 02:35:34,101 [INFO] Pass: FixedPoint - 0.00429 (ms)
2026-07-08 02:35:34,102 [INFO] Pass: Optimize1qGatesDecomposition - 0.71836 (ms)
2026-07-08 02:35:34,102 [INFO] Pass: InverseCancellation - 0.00644 (ms)
2026-07-08 02:35:34,102 [INFO] Pass: GatesInBasis - 0.39315 (ms)
2026-07-08 02:35:34,102 [INFO] Pass: Depth - 0.07701 (ms)
2026-07-08 02:35:34,102 [INFO] Pass: FixedPoint - 0.00477 (ms)
2026-07-08 02:35:34,102 [INFO] Pass: Size - 0.02694 (ms)
2026-07-08 02:35:34,102 [INFO] Pass: FixedPoint - 0.00429 (ms)
2026-07-08 02:35:34,102 [INFO] Pass: ContainsInstruction - 0.00429 (ms)
2026-07-08 02:35:34,103 [INFO] Total Transpile Time - 61.24377 (ms)
2026-07-08 02:49:19,828 [INFO] Pass: ContainsInstruction - 0.00811 (ms)
2026-07-08 02:49:19,828 [INFO] Pass: InverseCancellation - 0.00930 (ms)
2026-07-08 02:49:19,828 [INFO] Pass: UnitarySynthesis - 0.00477 (ms)
2026-07-08 02:49:19,829 [INFO] Pass: HighLevelSynthesis - 0.61226 (ms)
2026-07-08 02:49:19,829 [INFO] Pass: BasisTranslator - 0.35024 (ms)
2026-07-08 02:49:19,829 [INFO] Pass: Depth - 0.08607 (ms)
2026-07-08 02:49:19,829 [INFO] Pass: FixedPoint - 0.00739 (ms)
2026-07-08 02:49:19,829 [INFO] Pass: Size - 0.02766 (ms)
2026-07-08 02:49:19,829 [INFO] Pass: FixedPoint - 0.00453 (ms)
2026-07-08 02:49:19,829 [INFO] Pass: Optimize1qGatesDecomposition - 0.06080 (ms)
2026-07-08 02:49:19,830 [INFO] Pass: InverseCancellation - 0.00596 (ms)
2026-07-08 02:49:19,830 [INFO] Pass: GatesInBasis - 0.36240 (ms)
2026-07-08 02:49:19,830 [INFO] Pass: Depth - 0.07153 (ms)
2026-07-08 02:49:19,830 [INFO] Pass: FixedPoint - 0.00477 (ms)
2026-07-08 02:49:19,830 [INFO] Pass: Size - 0.02503 (ms)
2026-07-08 02:49:19,830 [INFO] Pass: FixedPoint - 0.00405 (ms)
2026-07-08 02:49:19,830 [INFO] Pass: ContainsInstruction - 0.00453 (ms)
2026-07-08 02:49:19,831 [INFO] Total Transpile Time - 59.88026 (ms)
2026-07-08 02:49:19,887 [INFO] Pass: ContainsInstruction - 0.00620 (ms)
2026-07-08 02:49:19,887 [INFO] Pass: InverseCancellation - 0.09918 (ms)
2026-07-08 02:49:19,887 [INFO] Pass: UnitarySynthesis - 0.00405 (ms)
2026-07-08 02:49:19,888 [INFO] Pass: HighLevelSynthesis - 0.66400 (ms)
2026-07-08 02:49:19,888 [INFO] Pass: BasisTranslator - 0.38266 (ms)
2026-07-08 02:49:19,888 [INFO] Pass: Depth - 0.08202 (ms)
2026-07-08 02:49:19,888 [INFO] Pass: FixedPoint - 0.00668 (ms)
2026-07-08 02:49:19,888 [INFO] Pass: Size - 0.02789 (ms)
2026-07-08 02:49:19,888 [INFO] Pass: FixedPoint - 0.00429 (ms)
2026-07-08 02:49:19,889 [INFO] Pass: Optimize1qGatesDecomposition - 0.75221 (ms)
2026-07-08 02:49:19,889 [INFO] Pass: InverseCancellation - 0.08750 (ms)
2026-07-08 02:49:19,890 [INFO] Pass: GatesInBasis - 0.38981 (ms)
2026-07-08 02:49:19,890 [INFO] Pass: Depth - 0.07772 (ms)
2026-07-08 02:49:19,890 [INFO] Pass: FixedPoint - 0.00572 (ms)
2026-07-08 02:49:19,890 [INFO] Pass: Size - 0.02742 (ms)
2026-07-08 02:49:19,890 [INFO] Pass: FixedPoint - 0.00453 (ms)
2026-07-08 02:49:19,890 [INFO] Pass: ContainsInstruction - 0.00429 (ms)
2026-07-08 02:49:19,891 [INFO] Total Transpile Time - 59.68857 (ms)
2026-07-08 02:49:19,946 [INFO] Pass: ContainsInstruction - 0.00620 (ms)
2026-07-08 02:49:19,946 [INFO] Pass: InverseCancellation - 0.10705 (ms)
2026-07-08 02:49:19,946 [INFO] Pass: UnitarySynthesis - 0.00429 (ms)
2026-07-08 02:49:19,947 [INFO] Pass: HighLevelSynthesis - 0.73457 (ms)
2026-07-08 02:49:19,947 [INFO] Pass: BasisTranslator - 0.41389 (ms)
2026-07-08 02:49:19,948 [INFO] Pass: Depth - 0.08678 (ms)
2026-07-08 02:49:19,948 [INFO] Pass: FixedPoint - 0.00668 (ms)
2026-07-08 02:49:19,948 [INFO] Pass: Size - 0.02956 (ms)
2026-07-08 02:49:19,948 [INFO] Pass: FixedPoint - 0.00453 (ms)
2026-07-08 02:49:19,949 [INFO] Pass: Optimize1qGatesDecomposition - 0.86784 (ms)
2026-07-08 02:49:19,949 [INFO] Pass: InverseCancellation - 0.00691 (ms)
2026-07-08 02:49:19,949 [INFO] Pass: GatesInBasis - 0.53835 (ms)
2026-07-08 02:49:19,949 [INFO] Pass: Depth - 0.08273 (ms)
2026-07-08 02:49:19,949 [INFO] Pass: FixedPoint - 0.00548 (ms)
2026-07-08 02:49:19,950 [INFO] Pass: Size - 0.02789 (ms)
2026-07-08 02:49:19,950 [INFO] Pass: FixedPoint - 0.00405 (ms)
2026-07-08 02:49:19,950 [INFO] Pass: Optimize1qGatesDecomposition - 0.72289 (ms)
2026-07-08 02:49:19,950 [INFO] Pass: InverseCancellation - 0.00644 (ms)
2026-07-08 02:49:19,951 [INFO] Pass: GatesInBasis - 0.39053 (ms)
2026-07-08 02:49:19,951 [INFO] Pass: Depth - 0.08297 (ms)
2026-07-08 02:49:19,951 [INFO] Pass: FixedPoint - 0.00477 (ms)
2026-07-08 02:49:19,951 [INFO] Pass: Size - 0.02694 (ms)
2026-07-08 02:49:19,951 [INFO] Pass: FixedPoint - 0.00429 (ms)
2026-07-08 02:49:19,951 [INFO] Pass: ContainsInstruction - 0.00453 (ms)
2026-07-08 02:49:19,952 [INFO] Total Transpile Time - 61.04255 (ms)
2026-07-08 03:02:51,910 [INFO] Pass: ContainsInstruction - 0.00787 (ms)
2026-07-08 03:02:51,911 [INFO] Pass: InverseCancellation - 0.00930 (ms)
2026-07-08 03:02:51,911 [INFO] Pass: UnitarySynthesis - 0.00453 (ms)
2026-07-08 03:02:51,912 [INFO] Pass: HighLevelSynthesis - 0.61989 (ms)
2026-07-08 03:02:51,912 [INFO] Pass: BasisTranslator - 0.35810 (ms)
2026-07-08 03:02:51,912 [INFO] Pass: Depth - 0.08249 (ms)
2026-07-08 03:02:51,912 [INFO] Pass: FixedPoint - 0.00739 (ms)
2026-07-08 03:02:51,912 [INFO] Pass: Size - 0.02766 (ms)
2026-07-08 03:02:51,912 [INFO] Pass: FixedPoint - 0.00453 (ms)
2026-07-08 03:02:51,912 [INFO] Pass: Optimize1qGatesDecomposition - 0.06223 (ms)
2026-07-08 03:02:51,912 [INFO] Pass: InverseCancellation - 0.00644 (ms)
2026-07-08 03:02:51,913 [INFO] Pass: GatesInBasis - 0.35763 (ms)
2026-07-08 03:02:51,913 [INFO] Pass: Depth - 0.07129 (ms)
2026-07-08 03:02:51,913 [INFO] Pass: FixedPoint - 0.00978 (ms)
2026-07-08 03:02:51,913 [INFO] Pass: Size - 0.02480 (ms)
2026-07-08 03:02:51,913 [INFO] Pass: FixedPoint - 0.00405 (ms)
2026-07-08 03:02:51,913 [INFO] Pass: ContainsInstruction - 0.00429 (ms)
2026-07-08 03:02:51,914 [INFO] Total Transpile Time - 60.47702 (ms)
2026-07-08 03:02:51,969 [INFO] Pass: ContainsInstruction - 0.00644 (ms)
2026-07-08 03:02:51,970 [INFO] Pass: InverseCancellation - 0.10037 (ms)
2026-07-08 03:02:51,970 [INFO] Pass: UnitarySynthesis - 0.00429 (ms)
2026-07-08 03:02:51,970 [INFO] Pass: HighLevelSynthesis - 0.67139 (ms)
2026-07-08 03:02:51,971 [INFO] Pass: BasisTranslator - 0.37360 (ms)
2026-07-08 03:02:51,971 [INFO] Pass: Depth - 0.08178 (ms)
2026-07-08 03:02:51,971 [INFO] Pass: FixedPoint - 0.00691 (ms)
2026-07-08 03:02:51,971 [INFO] Pass: Size - 0.02813 (ms)
2026-07-08 03:02:51,971 [INFO] Pass: FixedPoint - 0.00501 (ms)
2026-07-08 03:02:51,972 [INFO] Pass: Optimize1qGatesDecomposition - 0.74577 (ms)
2026-07-08 03:02:51,972 [INFO] Pass: InverseCancellation - 0.09394 (ms)
2026-07-08 03:02:51,972 [INFO] Pass: GatesInBasis - 0.39530 (ms)
2026-07-08 03:02:51,972 [INFO] Pass: Depth - 0.07844 (ms)
2026-07-08 03:02:51,973 [INFO] Pass: FixedPoint - 0.00548 (ms)
2026-07-08 03:02:51,973 [INFO] Pass: Size - 0.02694 (ms)
2026-07-08 03:02:51,973 [INFO] Pass: FixedPoint - 0.00429 (ms)
2026-07-08 03:02:51,973 [INFO] Pass: ContainsInstruction - 0.00453 (ms)
2026-07-08 03:02:51,973 [INFO] Total Transpile Time - 59.55052 (ms)
2026-07-08 03:02:52,029 [INFO] Pass: ContainsInstruction - 0.00644 (ms)
2026-07-08 03:02:52,029 [INFO] Pass: InverseCancellation - 0.10800 (ms)
2026-07-08 03:02:52,029 [INFO] Pass: UnitarySynthesis - 0.00453 (ms)
2026-07-08 03:02:52,030 [INFO] Pass: HighLevelSynthesis - 0.74482 (ms)
2026-07-08 03:02:52,030 [INFO] Pass: BasisTranslator - 0.40317 (ms)
2026-07-08 03:02:52,031 [INFO] Pass: Depth - 0.08607 (ms)
2026-07-08 03:02:52,031 [INFO] Pass: FixedPoint - 0.00644 (ms)
2026-07-08 03:02:52,031 [INFO] Pass: Size - 0.02909 (ms)
2026-07-08 03:02:52,031 [INFO] Pass: FixedPoint - 0.00453 (ms)
2026-07-08 03:02:52,032 [INFO] Pass: Optimize1qGatesDecomposition - 0.86474 (ms)
2026-07-08 03:02:52,032 [INFO] Pass: InverseCancellation - 0.00691 (ms)
2026-07-08 03:02:52,032 [INFO] Pass: GatesInBasis - 0.53883 (ms)
2026-07-08 03:02:52,032 [INFO] Pass: Depth - 0.08202 (ms)
2026-07-08 03:02:52,032 [INFO] Pass: FixedPoint - 0.00596 (ms)
2026-07-08 03:02:52,033 [INFO] Pass: Size - 0.02766 (ms)
2026-07-08 03:02:52,033 [INFO] Pass: FixedPoint - 0.00453 (ms)
2026-07-08 03:02:52,033 [INFO] Pass: Optimize1qGatesDecomposition - 0.72432 (ms)
2026-07-08 03:02:52,033 [INFO] Pass: InverseCancellation - 0.00691 (ms)
2026-07-08 03:02:52,034 [INFO] Pass: GatesInBasis - 0.39101 (ms)
2026-07-08 03:02:52,034 [INFO] Pass: Depth - 0.08225 (ms)
2026-07-08 03:02:52,034 [INFO] Pass: FixedPoint - 0.00548 (ms)
2026-07-08 03:02:52,034 [INFO] Pass: Size - 0.02766 (ms)
2026-07-08 03:02:52,034 [INFO] Pass: FixedPoint - 0.00405 (ms)
2026-07-08 03:02:52,034 [INFO] Pass: ContainsInstruction - 0.00477 (ms)
2026-07-08 03:02:52,035 [INFO] Total Transpile Time - 61.35488 (ms)
2026-07-08 03:16:27,554 [INFO] Pass: ContainsInstruction - 0.00834 (ms)
2026-07-08 03:16:27,554 [INFO] Pass: InverseCancellation - 0.00930 (ms)
2026-07-08 03:16:27,554 [INFO] Pass: UnitarySynthesis - 0.00477 (ms)
2026-07-08 03:16:27,555 [INFO] Pass: HighLevelSynthesis - 0.63276 (ms)
2026-07-08 03:16:27,555 [INFO] Pass: BasisTranslator - 0.35048 (ms)
2026-07-08 03:16:27,555 [INFO] Pass: Depth - 0.08702 (ms)
2026-07-08 03:16:27,555 [INFO] Pass: FixedPoint - 0.00739 (ms)
2026-07-08 03:16:27,555 [INFO] Pass: Size - 0.02718 (ms)
2026-07-08 03:16:27,555 [INFO] Pass: FixedPoint - 0.00477 (ms)
2026-07-08 03:16:27,555 [INFO] Pass: Optimize1qGatesDecomposition - 0.06032 (ms)
2026-07-08 03:16:27,555 [INFO] Pass: InverseCancellation - 0.00596 (ms)
2026-07-08 03:16:27,556 [INFO] Pass: GatesInBasis - 0.35882 (ms)
2026-07-08 03:16:27,556 [INFO] Pass: Depth - 0.07033 (ms)
2026-07-08 03:16:27,556 [INFO] Pass: FixedPoint - 0.00477 (ms)
2026-07-08 03:16:27,556 [INFO] Pass: Size - 0.02980 (ms)
2026-07-08 03:16:27,556 [INFO] Pass: FixedPoint - 0.00429 (ms)
2026-07-08 03:16:27,556 [INFO] Pass: ContainsInstruction - 0.00453 (ms)
2026-07-08 03:16:27,557 [INFO] Total Transpile Time - 59.74865 (ms)
2026-07-08 03:16:27,612 [INFO] Pass: ContainsInstruction - 0.00620 (ms)
2026-07-08 03:16:27,613 [INFO] Pass: InverseCancellation - 0.10300 (ms)
2026-07-08 03:16:27,613 [INFO] Pass: UnitarySynthesis - 0.00405 (ms)
2026-07-08 03:16:27,613 [INFO] Pass: HighLevelSynthesis - 0.66853 (ms)
2026-07-08 03:16:27,614 [INFO] Pass: BasisTranslator - 0.37766 (ms)
2026-07-08 03:16:27,614 [INFO] Pass: Depth - 0.08416 (ms)
2026-07-08 03:16:27,614 [INFO] Pass: FixedPoint - 0.00620 (ms)
2026-07-08 03:16:27,614 [INFO] Pass: Size - 0.02789 (ms)
2026-07-08 03:16:27,614 [INFO] Pass: FixedPoint - 0.00453 (ms)
2026-07-08 03:16:27,615 [INFO] Pass: Optimize1qGatesDecomposition - 0.74697 (ms)
2026-07-08 03:16:27,615 [INFO] Pass: InverseCancellation - 0.08750 (ms)
2026-07-08 03:16:27,615 [INFO] Pass: GatesInBasis - 0.39101 (ms)
2026-07-08 03:16:27,616 [INFO] Pass: Depth - 0.07606 (ms)
2026-07-08 03:16:27,616 [INFO] Pass: FixedPoint - 0.00525 (ms)
2026-07-08 03:16:27,616 [INFO] Pass: Size - 0.02742 (ms)
2026-07-08 03:16:27,616 [INFO] Pass: FixedPoint - 0.00453 (ms)
2026-07-08 03:16:27,616 [INFO] Pass: ContainsInstruction - 0.00429 (ms)
2026-07-08 03:16:27,616 [INFO] Total Transpile Time - 59.69119 (ms)
2026-07-08 03:16:27,672 [INFO] Pass: ContainsInstruction - 0.00668 (ms)
2026-07-08 03:16:27,672 [INFO] Pass: InverseCancellation - 0.10705 (ms)
2026-07-08 03:16:27,672 [INFO] Pass: UnitarySynthesis - 0.00453 (ms)
2026-07-08 03:16:27,673 [INFO] Pass: HighLevelSynthesis - 0.72050 (ms)
2026-07-08 03:16:27,673 [INFO] Pass: BasisTranslator - 0.41604 (ms)
2026-07-08 03:16:27,674 [INFO] Pass: Depth - 0.08631 (ms)
2026-07-08 03:16:27,674 [INFO] Pass: FixedPoint - 0.00644 (ms)
2026-07-08 03:16:27,674 [INFO] Pass: Size - 0.02956 (ms)
2026-07-08 03:16:27,674 [INFO] Pass: FixedPoint - 0.00453 (ms)
2026-07-08 03:16:27,675 [INFO] Pass: Optimize1qGatesDecomposition - 0.86236 (ms)
2026-07-08 03:16:27,675 [INFO] Pass: InverseCancellation - 0.00668 (ms)
2026-07-08 03:16:27,675 [INFO] Pass: GatesInBasis - 0.53763 (ms)
2026-07-08 03:16:27,675 [INFO] Pass: Depth - 0.08249 (ms)
2026-07-08 03:16:27,675 [INFO] Pass: FixedPoint - 0.00548 (ms)
2026-07-08 03:16:27,675 [INFO] Pass: Size - 0.02789 (ms)
2026-07-08 03:16:27,675 [INFO] Pass: FixedPoint - 0.00477 (ms)
2026-07-08 03:16:27,676 [INFO] Pass: Optimize1qGatesDecomposition - 0.72765 (ms)
2026-07-08 03:16:27,676 [INFO] Pass: InverseCancellation - 0.00691 (ms)
2026-07-08 03:16:27,677 [INFO] Pass: GatesInBasis - 0.38981 (ms)
2026-07-08 03:16:27,677 [INFO] Pass: Depth - 0.07772 (ms)
2026-07-08 03:16:27,677 [INFO] Pass: FixedPoint - 0.00501 (ms)
2026-07-08 03:16:27,677 [INFO] Pass: Size - 0.02694 (ms)
2026-07-08 03:16:27,677 [INFO] Pass: FixedPoint - 0.00405 (ms)
2026-07-08 03:16:27,677 [INFO] Pass: ContainsInstruction - 0.00453 (ms)
2026-07-08 03:16:27,678 [INFO] Total Transpile Time - 61.19394 (ms)
2026-07-08 03:30:00,928 [INFO] Pass: ContainsInstruction - 0.00787 (ms)
2026-07-08 03:30:00,928 [INFO] Pass: InverseCancellation - 0.00930 (ms)
2026-07-08 03:30:00,928 [INFO] Pass: UnitarySynthesis - 0.00453 (ms)
2026-07-08 03:30:00,929 [INFO] Pass: HighLevelSynthesis - 0.61846 (ms)
2026-07-08 03:30:00,929 [INFO] Pass: BasisTranslator - 0.35191 (ms)
2026-07-08 03:30:00,929 [INFO] Pass: Depth - 0.08607 (ms)
2026-07-08 03:30:00,929 [INFO] Pass: FixedPoint - 0.00739 (ms)
2026-07-08 03:30:00,929 [INFO] Pass: Size - 0.02718 (ms)
2026-07-08 03:30:00,930 [INFO] Pass: FixedPoint - 0.00477 (ms)
2026-07-08 03:30:00,930 [INFO] Pass: Optimize1qGatesDecomposition - 0.06151 (ms)
2026-07-08 03:30:00,930 [INFO] Pass: InverseCancellation - 0.00644 (ms)
2026-07-08 03:30:00,930 [INFO] Pass: GatesInBasis - 0.36144 (ms)
2026-07-08 03:30:00,930 [INFO] Pass: Depth - 0.07105 (ms)
2026-07-08 03:30:00,930 [INFO] Pass: FixedPoint - 0.00525 (ms)
2026-07-08 03:30:00,930 [INFO] Pass: Size - 0.02527 (ms)
2026-07-08 03:30:00,930 [INFO] Pass: FixedPoint - 0.00453 (ms)
2026-07-08 03:30:00,930 [INFO] Pass: ContainsInstruction - 0.00429 (ms)
2026-07-08 03:30:00,931 [INFO] Total Transpile Time - 80.90401 (ms)
2026-07-08 03:30:00,987 [INFO] Pass: ContainsInstruction - 0.00620 (ms)
2026-07-08 03:30:00,987 [INFO] Pass: InverseCancellation - 0.10324 (ms)
2026-07-08 03:30:00,987 [INFO] Pass: UnitarySynthesis - 0.00453 (ms)
2026-07-08 03:30:00,987 [INFO] Pass: HighLevelSynthesis - 0.66257 (ms)
2026-07-08 03:30:00,988 [INFO] Pass: BasisTranslator - 0.37408 (ms)
2026-07-08 03:30:00,988 [INFO] Pass: Depth - 0.08225 (ms)
2026-07-08 03:30:00,988 [INFO] Pass: FixedPoint - 0.00668 (ms)
2026-07-08 03:30:00,988 [INFO] Pass: Size - 0.02837 (ms)
2026-07-08 03:30:00,988 [INFO] Pass: FixedPoint - 0.00453 (ms)
2026-07-08 03:30:00,989 [INFO] Pass: Optimize1qGatesDecomposition - 0.75054 (ms)
2026-07-08 03:30:00,989 [INFO] Pass: InverseCancellation - 0.08655 (ms)
2026-07-08 03:30:00,990 [INFO] Pass: GatesInBasis - 0.39458 (ms)
2026-07-08 03:30:00,990 [INFO] Pass: Depth - 0.07677 (ms)
2026-07-08 03:30:00,990 [INFO] Pass: FixedPoint - 0.00548 (ms)
2026-07-08 03:30:00,990 [INFO] Pass: Size - 0.02670 (ms)
2026-07-08 03:30:00,990 [INFO] Pass: FixedPoint - 0.00405 (ms)
2026-07-08 03:30:00,990 [INFO] Pass: ContainsInstruction - 0.00429 (ms)
2026-07-08 03:30:00,990 [INFO] Total Transpile Time - 59.38649 (ms)
2026-07-08 03:30:01,046 [INFO] Pass: ContainsInstruction - 0.00596 (ms)
2026-07-08 03:30:01,046 [INFO] Pass: InverseCancellation - 0.10538 (ms)
2026-07-08 03:30:01,046 [INFO] Pass: UnitarySynthesis - 0.00429 (ms)
2026-07-08 03:30:01,047 [INFO] Pass: HighLevelSynthesis - 0.73075 (ms)
2026-07-08 03:30:01,048 [INFO] Pass: BasisTranslator - 0.40650 (ms)
2026-07-08 03:30:01,048 [INFO] Pass: Depth - 0.08631 (ms)
2026-07-08 03:30:01,048 [INFO] Pass: FixedPoint - 0.00644 (ms)
2026-07-08 03:30:01,048 [INFO] Pass: Size - 0.02909 (ms)
2026-07-08 03:30:01,048 [INFO] Pass: FixedPoint - 0.00453 (ms)
2026-07-08 03:30:01,049 [INFO] Pass: Optimize1qGatesDecomposition - 0.86832 (ms)
2026-07-08 03:30:01,049 [INFO] Pass: InverseCancellation - 0.00691 (ms)
2026-07-08 03:30:01,049 [INFO] Pass: GatesInBasis - 0.53191 (ms)
2026-07-08 03:30:01,049 [INFO] Pass: Depth - 0.08106 (ms)
2026-07-08 03:30:01,050 [INFO] Pass: FixedPoint - 0.00525 (ms)
2026-07-08 03:30:01,050 [INFO] Pass: Size - 0.02766 (ms)
2026-07-08 03:30:01,050 [INFO] Pass: FixedPoint - 0.00405 (ms)
2026-07-08 03:30:01,050 [INFO] Pass: Optimize1qGatesDecomposition - 0.72598 (ms)
2026-07-08 03:30:01,050 [INFO] Pass: InverseCancellation - 0.00668 (ms)
2026-07-08 03:30:01,051 [INFO] Pass: GatesInBasis - 0.39029 (ms)
2026-07-08 03:30:01,051 [INFO] Pass: Depth - 0.07749 (ms)
2026-07-08 03:30:01,051 [INFO] Pass: FixedPoint - 0.00501 (ms)
2026-07-08 03:30:01,051 [INFO] Pass: Size - 0.02718 (ms)
2026-07-08 03:30:01,051 [INFO] Pass: FixedPoint - 0.00405 (ms)
2026-07-08 03:30:01,051 [INFO] Pass: ContainsInstruction - 0.00453 (ms)
2026-07-08 03:30:01,052 [INFO] Total Transpile Time - 61.28454 (ms)
2026-07-08 03:43:39,734 [INFO] Pass: ContainsInstruction - 0.00787 (ms)
2026-07-08 03:43:39,734 [INFO] Pass: InverseCancellation - 0.01001 (ms)
2026-07-08 03:43:39,734 [INFO] Pass: UnitarySynthesis - 0.00429 (ms)
2026-07-08 03:43:39,735 [INFO] Pass: HighLevelSynthesis - 0.61107 (ms)
2026-07-08 03:43:39,735 [INFO] Pass: BasisTranslator - 0.34857 (ms)
2026-07-08 03:43:39,735 [INFO] Pass: Depth - 0.08583 (ms)
2026-07-08 03:43:39,735 [INFO] Pass: FixedPoint - 0.00715 (ms)
2026-07-08 03:43:39,735 [INFO] Pass: Size - 0.02813 (ms)
2026-07-08 03:43:39,736 [INFO] Pass: FixedPoint - 0.00477 (ms)
2026-07-08 03:43:39,736 [INFO] Pass: Optimize1qGatesDecomposition - 0.06151 (ms)
2026-07-08 03:43:39,736 [INFO] Pass: InverseCancellation - 0.00620 (ms)
2026-07-08 03:43:39,736 [INFO] Pass: GatesInBasis - 0.36359 (ms)
2026-07-08 03:43:39,736 [INFO] Pass: Depth - 0.07081 (ms)
2026-07-08 03:43:39,736 [INFO] Pass: FixedPoint - 0.00477 (ms)
2026-07-08 03:43:39,736 [INFO] Pass: Size - 0.02527 (ms)
2026-07-08 03:43:39,736 [INFO] Pass: FixedPoint - 0.00405 (ms)
2026-07-08 03:43:39,736 [INFO] Pass: ContainsInstruction - 0.00453 (ms)
2026-07-08 03:43:39,737 [INFO] Total Transpile Time - 59.87215 (ms)
2026-07-08 03:43:39,793 [INFO] Pass: ContainsInstruction - 0.00644 (ms)
2026-07-08 03:43:39,793 [INFO] Pass: InverseCancellation - 0.10228 (ms)
2026-07-08 03:43:39,793 [INFO] Pass: UnitarySynthesis - 0.00429 (ms)
2026-07-08 03:43:39,793 [INFO] Pass: HighLevelSynthesis - 0.67925 (ms)
2026-07-08 03:43:39,794 [INFO] Pass: BasisTranslator - 0.36955 (ms)
2026-07-08 03:43:39,794 [INFO] Pass: Depth - 0.08202 (ms)
2026-07-08 03:43:39,794 [INFO] Pass: FixedPoint - 0.00644 (ms)
2026-07-08 03:43:39,794 [INFO] Pass: Size - 0.02766 (ms)
2026-07-08 03:43:39,794 [INFO] Pass: FixedPoint - 0.00429 (ms)
2026-07-08 03:43:39,795 [INFO] Pass: Optimize1qGatesDecomposition - 0.75197 (ms)
2026-07-08 03:43:39,795 [INFO] Pass: InverseCancellation - 0.08726 (ms)
2026-07-08 03:43:39,796 [INFO] Pass: GatesInBasis - 0.39101 (ms)
2026-07-08 03:43:39,796 [INFO] Pass: Depth - 0.07629 (ms)
2026-07-08 03:43:39,796 [INFO] Pass: FixedPoint - 0.00548 (ms)
2026-07-08 03:43:39,796 [INFO] Pass: Size - 0.02694 (ms)
2026-07-08 03:43:39,796 [INFO] Pass: FixedPoint - 0.00429 (ms)
2026-07-08 03:43:39,796 [INFO] Pass: ContainsInstruction - 0.00429 (ms)
2026-07-08 03:43:39,796 [INFO] Total Transpile Time - 59.37266 (ms)
2026-07-08 03:43:39,852 [INFO] Pass: ContainsInstruction - 0.00620 (ms)
2026-07-08 03:43:39,852 [INFO] Pass: InverseCancellation - 0.10729 (ms)
2026-07-08 03:43:39,852 [INFO] Pass: UnitarySynthesis - 0.00405 (ms)
2026-07-08 03:43:39,853 [INFO] Pass: HighLevelSynthesis - 0.72241 (ms)
2026-07-08 03:43:39,853 [INFO] Pass: BasisTranslator - 0.40293 (ms)
2026-07-08 03:43:39,854 [INFO] Pass: Depth - 0.08631 (ms)
2026-07-08 03:43:39,854 [INFO] Pass: FixedPoint - 0.00644 (ms)
2026-07-08 03:43:39,854 [INFO] Pass: Size - 0.02956 (ms)
2026-07-08 03:43:39,854 [INFO] Pass: FixedPoint - 0.00453 (ms)
2026-07-08 03:43:39,855 [INFO] Pass: Optimize1qGatesDecomposition - 0.86904 (ms)
2026-07-08 03:43:39,855 [INFO] Pass: InverseCancellation - 0.00668 (ms)
2026-07-08 03:43:39,855 [INFO] Pass: GatesInBasis - 0.53978 (ms)
2026-07-08 03:43:39,855 [INFO] Pass: Depth - 0.08202 (ms)
2026-07-08 03:43:39,855 [INFO] Pass: FixedPoint - 0.00548 (ms)
2026-07-08 03:43:39,855 [INFO] Pass: Size - 0.02789 (ms)
2026-07-08 03:43:39,855 [INFO] Pass: FixedPoint - 0.00429 (ms)
2026-07-08 03:43:39,856 [INFO] Pass: Optimize1qGatesDecomposition - 0.72098 (ms)
2026-07-08 03:43:39,856 [INFO] Pass: InverseCancellation - 0.00644 (ms)
2026-07-08 03:43:39,857 [INFO] Pass: GatesInBasis - 0.38838 (ms)
2026-07-08 03:43:39,857 [INFO] Pass: Depth - 0.07749 (ms)
2026-07-08 03:43:39,857 [INFO] Pass: FixedPoint - 0.00501 (ms)
2026-07-08 03:43:39,857 [INFO] Pass: Size - 0.02742 (ms)
2026-07-08 03:43:39,857 [INFO] Pass: FixedPoint - 0.00429 (ms)
2026-07-08 03:43:39,857 [INFO] Pass: ContainsInstruction - 0.00477 (ms)
2026-07-08 03:43:39,858 [INFO] Total Transpile Time - 61.09357 (ms)
2026-07-08 03:57:17,367 [INFO] Pass: ContainsInstruction - 0.00978 (ms)
2026-07-08 03:57:17,368 [INFO] Pass: InverseCancellation - 0.01025 (ms)
2026-07-08 03:57:17,368 [INFO] Pass: UnitarySynthesis - 0.00453 (ms)
2026-07-08 03:57:17,368 [INFO] Pass: HighLevelSynthesis - 0.62466 (ms)
2026-07-08 03:57:17,369 [INFO] Pass: BasisTranslator - 0.34475 (ms)
2026-07-08 03:57:17,369 [INFO] Pass: Depth - 0.08845 (ms)
2026-07-08 03:57:17,369 [INFO] Pass: FixedPoint - 0.00882 (ms)
2026-07-08 03:57:17,369 [INFO] Pass: Size - 0.02861 (ms)
2026-07-08 03:57:17,369 [INFO] Pass: FixedPoint - 0.00477 (ms)
2026-07-08 03:57:17,369 [INFO] Pass: Optimize1qGatesDecomposition - 0.06628 (ms)
2026-07-08 03:57:17,369 [INFO] Pass: InverseCancellation - 0.00644 (ms)
2026-07-08 03:57:17,370 [INFO] Pass: GatesInBasis - 0.35644 (ms)
2026-07-08 03:57:17,370 [INFO] Pass: Depth - 0.07129 (ms)
2026-07-08 03:57:17,370 [INFO] Pass: FixedPoint - 0.00477 (ms)
2026-07-08 03:57:17,370 [INFO] Pass: Size - 0.02503 (ms)
2026-07-08 03:57:17,370 [INFO] Pass: FixedPoint - 0.00429 (ms)
2026-07-08 03:57:17,370 [INFO] Pass: ContainsInstruction - 0.00429 (ms)
2026-07-08 03:57:17,371 [INFO] Total Transpile Time - 60.25887 (ms)
2026-07-08 03:57:17,427 [INFO] Pass: ContainsInstruction - 0.00620 (ms)
2026-07-08 03:57:17,427 [INFO] Pass: InverseCancellation - 0.10228 (ms)
2026-07-08 03:57:17,427 [INFO] Pass: UnitarySynthesis - 0.00429 (ms)
2026-07-08 03:57:17,428 [INFO] Pass: HighLevelSynthesis - 0.66185 (ms)
2026-07-08 03:57:17,428 [INFO] Pass: BasisTranslator - 0.37789 (ms)
2026-07-08 03:57:17,428 [INFO] Pass: Depth - 0.08154 (ms)
2026-07-08 03:57:17,428 [INFO] Pass: FixedPoint - 0.00691 (ms)
2026-07-08 03:57:17,428 [INFO] Pass: Size - 0.02789 (ms)
2026-07-08 03:57:17,428 [INFO] Pass: FixedPoint - 0.00453 (ms)
2026-07-08 03:57:17,429 [INFO] Pass: Optimize1qGatesDecomposition - 0.75197 (ms)
2026-07-08 03:57:17,429 [INFO] Pass: InverseCancellation - 0.08893 (ms)
2026-07-08 03:57:17,430 [INFO] Pass: GatesInBasis - 0.39005 (ms)
2026-07-08 03:57:17,430 [INFO] Pass: Depth - 0.07677 (ms)
2026-07-08 03:57:17,430 [INFO] Pass: FixedPoint - 0.00548 (ms)
2026-07-08 03:57:17,430 [INFO] Pass: Size - 0.02646 (ms)
2026-07-08 03:57:17,430 [INFO] Pass: FixedPoint - 0.00429 (ms)
2026-07-08 03:57:17,430 [INFO] Pass: ContainsInstruction - 0.00477 (ms)
2026-07-08 03:57:17,430 [INFO] Total Transpile Time - 59.78465 (ms)
2026-07-08 03:57:17,486 [INFO] Pass: ContainsInstruction - 0.00644 (ms)
2026-07-08 03:57:17,486 [INFO] Pass: InverseCancellation - 0.10657 (ms)
2026-07-08 03:57:17,486 [INFO] Pass: UnitarySynthesis - 0.00429 (ms)
2026-07-08 03:57:17,487 [INFO] Pass: HighLevelSynthesis - 0.71645 (ms)
2026-07-08 03:57:17,487 [INFO] Pass: BasisTranslator - 0.40674 (ms)
2026-07-08 03:57:17,487 [INFO] Pass: Depth - 0.08631 (ms)
2026-07-08 03:57:17,487 [INFO] Pass: FixedPoint - 0.00739 (ms)
2026-07-08 03:57:17,488 [INFO] Pass: Size - 0.02933 (ms)
2026-07-08 03:57:17,488 [INFO] Pass: FixedPoint - 0.00453 (ms)
2026-07-08 03:57:17,488 [INFO] Pass: Optimize1qGatesDecomposition - 0.86832 (ms)
2026-07-08 03:57:17,488 [INFO] Pass: InverseCancellation - 0.00691 (ms)
2026-07-08 03:57:17,489 [INFO] Pass: GatesInBasis - 0.53692 (ms)
2026-07-08 03:57:17,489 [INFO] Pass: Depth - 0.08249 (ms)
2026-07-08 03:57:17,489 [INFO] Pass: FixedPoint - 0.00548 (ms)
2026-07-08 03:57:17,489 [INFO] Pass: Size - 0.02766 (ms)
2026-07-08 03:57:17,489 [INFO] Pass: FixedPoint - 0.00429 (ms)
2026-07-08 03:57:17,490 [INFO] Pass: Optimize1qGatesDecomposition - 0.72837 (ms)
2026-07-08 03:57:17,490 [INFO] Pass: InverseCancellation - 0.00691 (ms)
2026-07-08 03:57:17,491 [INFO] Pass: GatesInBasis - 0.39053 (ms)
2026-07-08 03:57:17,491 [INFO] Pass: Depth - 0.07725 (ms)
2026-07-08 03:57:17,491 [INFO] Pass: FixedPoint - 0.00501 (ms)
2026-07-08 03:57:17,491 [INFO] Pass: Size - 0.02646 (ms)
2026-07-08 03:57:17,491 [INFO] Pass: FixedPoint - 0.00405 (ms)
2026-07-08 03:57:17,491 [INFO] Pass: ContainsInstruction - 0.00453 (ms)
2026-07-08 03:57:17,492 [INFO] Total Transpile Time - 60.98437 (ms)
2026-07-08 04:11:00,256 [INFO] Pass: ContainsInstruction - 0.00811 (ms)
2026-07-08 04:11:00,256 [INFO] Pass: InverseCancellation - 0.01025 (ms)
2026-07-08 04:11:00,256 [INFO] Pass: UnitarySynthesis - 0.00501 (ms)
2026-07-08 04:11:00,257 [INFO] Pass: HighLevelSynthesis - 0.61488 (ms)
2026-07-08 04:11:00,257 [INFO] Pass: BasisTranslator - 0.35739 (ms)
2026-07-08 04:11:00,257 [INFO] Pass: Depth - 0.08678 (ms)
2026-07-08 04:11:00,257 [INFO] Pass: FixedPoint - 0.00763 (ms)
2026-07-08 04:11:00,257 [INFO] Pass: Size - 0.02766 (ms)
2026-07-08 04:11:00,257 [INFO] Pass: FixedPoint - 0.00453 (ms)
2026-07-08 04:11:00,258 [INFO] Pass: Optimize1qGatesDecomposition - 0.06032 (ms)
2026-07-08 04:11:00,258 [INFO] Pass: InverseCancellation - 0.00572 (ms)
2026-07-08 04:11:00,258 [INFO] Pass: GatesInBasis - 0.36144 (ms)
2026-07-08 04:11:00,258 [INFO] Pass: Depth - 0.07176 (ms)
2026-07-08 04:11:00,258 [INFO] Pass: FixedPoint - 0.00477 (ms)
2026-07-08 04:11:00,258 [INFO] Pass: Size - 0.02503 (ms)
2026-07-08 04:11:00,258 [INFO] Pass: FixedPoint - 0.00429 (ms)
2026-07-08 04:11:00,258 [INFO] Pass: ContainsInstruction - 0.00453 (ms)
2026-07-08 04:11:00,259 [INFO] Total Transpile Time - 60.49657 (ms)
2026-07-08 04:11:00,315 [INFO] Pass: ContainsInstruction - 0.00715 (ms)
2026-07-08 04:11:00,315 [INFO] Pass: InverseCancellation - 0.10252 (ms)
2026-07-08 04:11:00,315 [INFO] Pass: UnitarySynthesis - 0.00453 (ms)
2026-07-08 04:11:00,316 [INFO] Pass: HighLevelSynthesis - 0.65899 (ms)
2026-07-08 04:11:00,316 [INFO] Pass: BasisTranslator - 0.37241 (ms)
2026-07-08 04:11:00,316 [INFO] Pass: Depth - 0.08273 (ms)
2026-07-08 04:11:00,316 [INFO] Pass: FixedPoint - 0.00644 (ms)
2026-07-08 04:11:00,316 [INFO] Pass: Size - 0.02789 (ms)
2026-07-08 04:11:00,316 [INFO] Pass: FixedPoint - 0.00429 (ms)
2026-07-08 04:11:00,317 [INFO] Pass: Optimize1qGatesDecomposition - 0.75269 (ms)
2026-07-08 04:11:00,317 [INFO] Pass: InverseCancellation - 0.08702 (ms)
2026-07-08 04:11:00,318 [INFO] Pass: GatesInBasis - 0.38934 (ms)
2026-07-08 04:11:00,318 [INFO] Pass: Depth - 0.07701 (ms)
2026-07-08 04:11:00,318 [INFO] Pass: FixedPoint - 0.00525 (ms)
2026-07-08 04:11:00,318 [INFO] Pass: Size - 0.02694 (ms)
2026-07-08 04:11:00,318 [INFO] Pass: FixedPoint - 0.00381 (ms)
2026-07-08 04:11:00,318 [INFO] Pass: ContainsInstruction - 0.00429 (ms)
2026-07-08 04:11:00,318 [INFO] Total Transpile Time - 59.46088 (ms)
2026-07-08 04:11:00,374 [INFO] Pass: ContainsInstruction - 0.00620 (ms)
2026-07-08 04:11:00,374 [INFO] Pass: InverseCancellation - 0.12088 (ms)
2026-07-08 04:11:00,374 [INFO] Pass: UnitarySynthesis - 0.00429 (ms)
2026-07-08 04:11:00,375 [INFO] Pass: HighLevelSynthesis - 0.74363 (ms)
2026-07-08 04:11:00,375 [INFO] Pass: BasisTranslator - 0.40746 (ms)
2026-07-08 04:11:00,376 [INFO] Pass: Depth - 0.08655 (ms)
2026-07-08 04:11:00,376 [INFO] Pass: FixedPoint - 0.00668 (ms)
2026-07-08 04:11:00,376 [INFO] Pass: Size - 0.02980 (ms)
2026-07-08 04:11:00,376 [INFO] Pass: FixedPoint - 0.00453 (ms)
2026-07-08 04:11:00,377 [INFO] Pass: Optimize1qGatesDecomposition - 0.86498 (ms)
2026-07-08 04:11:00,377 [INFO] Pass: InverseCancellation - 0.00691 (ms)
2026-07-08 04:11:00,377 [INFO] Pass: GatesInBasis - 0.53811 (ms)
2026-07-08 04:11:00,377 [INFO] Pass: Depth - 0.08368 (ms)
2026-07-08 04:11:00,377 [INFO] Pass: FixedPoint - 0.00596 (ms)
2026-07-08 04:11:00,378 [INFO] Pass: Size - 0.02813 (ms)
2026-07-08 04:11:00,378 [INFO] Pass: FixedPoint - 0.00453 (ms)
2026-07-08 04:11:00,378 [INFO] Pass: Optimize1qGatesDecomposition - 0.72289 (ms)
2026-07-08 04:11:00,378 [INFO] Pass: InverseCancellation - 0.00691 (ms)
2026-07-08 04:11:00,379 [INFO] Pass: GatesInBasis - 0.39625 (ms)
2026-07-08 04:11:00,379 [INFO] Pass: Depth - 0.08202 (ms)
2026-07-08 04:11:00,379 [INFO] Pass: FixedPoint - 0.00525 (ms)
2026-07-08 04:11:00,379 [INFO] Pass: Size - 0.02694 (ms)
2026-07-08 04:11:00,379 [INFO] Pass: FixedPoint - 0.00405 (ms)
2026-07-08 04:11:00,379 [INFO] Pass: ContainsInstruction - 0.00453 (ms)
2026-07-08 04:11:00,380 [INFO] Total Transpile Time - 61.17487 (ms)
2026-07-08 04:24:22,188 [INFO] Pass: ContainsInstruction - 0.00834 (ms)
2026-07-08 04:24:22,188 [INFO] Pass: InverseCancellation - 0.00882 (ms)
2026-07-08 04:24:22,188 [INFO] Pass: UnitarySynthesis - 0.00453 (ms)
2026-07-08 04:24:22,189 [INFO] Pass: HighLevelSynthesis - 0.61560 (ms)
2026-07-08 04:24:22,189 [INFO] Pass: BasisTranslator - 0.35667 (ms)
2026-07-08 04:24:22,189 [INFO] Pass: Depth - 0.08559 (ms)
2026-07-08 04:24:22,189 [INFO] Pass: FixedPoint - 0.00715 (ms)
2026-07-08 04:24:22,189 [INFO] Pass: Size - 0.02766 (ms)
2026-07-08 04:24:22,190 [INFO] Pass: FixedPoint - 0.00477 (ms)
2026-07-08 04:24:22,190 [INFO] Pass: Optimize1qGatesDecomposition - 0.06127 (ms)
2026-07-08 04:24:22,190 [INFO] Pass: InverseCancellation - 0.00620 (ms)
2026-07-08 04:24:22,190 [INFO] Pass: GatesInBasis - 0.36311 (ms)
2026-07-08 04:24:22,190 [INFO] Pass: Depth - 0.07224 (ms)
2026-07-08 04:24:22,190 [INFO] Pass: FixedPoint - 0.00548 (ms)
2026-07-08 04:24:22,190 [INFO] Pass: Size - 0.02527 (ms)
2026-07-08 04:24:22,190 [INFO] Pass: FixedPoint - 0.00405 (ms)
2026-07-08 04:24:22,190 [INFO] Pass: ContainsInstruction - 0.00453 (ms)
2026-07-08 04:24:22,191 [INFO] Total Transpile Time - 60.25410 (ms)
2026-07-08 04:24:22,247 [INFO] Pass: ContainsInstruction - 0.00668 (ms)
2026-07-08 04:24:22,247 [INFO] Pass: InverseCancellation - 0.10324 (ms)
2026-07-08 04:24:22,247 [INFO] Pass: UnitarySynthesis - 0.00477 (ms)
2026-07-08 04:24:22,248 [INFO] Pass: HighLevelSynthesis - 0.67258 (ms)
2026-07-08 04:24:22,248 [INFO] Pass: BasisTranslator - 0.37670 (ms)
2026-07-08 04:24:22,248 [INFO] Pass: Depth - 0.08535 (ms)
2026-07-08 04:24:22,249 [INFO] Pass: FixedPoint - 0.00668 (ms)
2026-07-08 04:24:22,249 [INFO] Pass: Size - 0.02837 (ms)
2026-07-08 04:24:22,249 [INFO] Pass: FixedPoint - 0.00477 (ms)
2026-07-08 04:24:22,249 [INFO] Pass: Optimize1qGatesDecomposition - 0.76437 (ms)
2026-07-08 04:24:22,250 [INFO] Pass: InverseCancellation - 0.09012 (ms)
2026-07-08 04:24:22,250 [INFO] Pass: GatesInBasis - 0.39768 (ms)
2026-07-08 04:24:22,250 [INFO] Pass: Depth - 0.07844 (ms)
2026-07-08 04:24:22,250 [INFO] Pass: FixedPoint - 0.00525 (ms)
2026-07-08 04:24:22,250 [INFO] Pass: Size - 0.02766 (ms)
2026-07-08 04:24:22,250 [INFO] Pass: FixedPoint - 0.00429 (ms)
2026-07-08 04:24:22,250 [INFO] Pass: ContainsInstruction - 0.00453 (ms)
2026-07-08 04:24:22,251 [INFO] Total Transpile Time - 59.87144 (ms)
2026-07-08 04:24:22,307 [INFO] Pass: ContainsInstruction - 0.00644 (ms)
2026-07-08 04:24:22,307 [INFO] Pass: InverseCancellation - 0.11635 (ms)
2026-07-08 04:24:22,307 [INFO] Pass: UnitarySynthesis - 0.00429 (ms)
2026-07-08 04:24:22,308 [INFO] Pass: HighLevelSynthesis - 0.73266 (ms)
2026-07-08 04:24:22,308 [INFO] Pass: BasisTranslator - 0.40817 (ms)
2026-07-08 04:24:22,308 [INFO] Pass: Depth - 0.08965 (ms)
2026-07-08 04:24:22,308 [INFO] Pass: FixedPoint - 0.00644 (ms)
2026-07-08 04:24:22,309 [INFO] Pass: Size - 0.03004 (ms)
2026-07-08 04:24:22,309 [INFO] Pass: FixedPoint - 0.00453 (ms)
2026-07-08 04:24:22,309 [INFO] Pass: Optimize1qGatesDecomposition - 0.88048 (ms)
2026-07-08 04:24:22,310 [INFO] Pass: InverseCancellation - 0.00691 (ms)
2026-07-08 04:24:22,310 [INFO] Pass: GatesInBasis - 0.54598 (ms)
2026-07-08 04:24:22,310 [INFO] Pass: Depth - 0.08345 (ms)
2026-07-08 04:24:22,310 [INFO] Pass: FixedPoint - 0.00572 (ms)
2026-07-08 04:24:22,310 [INFO] Pass: Size - 0.02789 (ms)
2026-07-08 04:24:22,310 [INFO] Pass: FixedPoint - 0.00429 (ms)
2026-07-08 04:24:22,311 [INFO] Pass: Optimize1qGatesDecomposition - 0.72646 (ms)
2026-07-08 04:24:22,311 [INFO] Pass: InverseCancellation - 0.00644 (ms)
2026-07-08 04:24:22,312 [INFO] Pass: GatesInBasis - 0.38862 (ms)
2026-07-08 04:24:22,312 [INFO] Pass: Depth - 0.07892 (ms)
2026-07-08 04:24:22,312 [INFO] Pass: FixedPoint - 0.00501 (ms)
2026-07-08 04:24:22,312 [INFO] Pass: Size - 0.02718 (ms)
2026-07-08 04:24:22,312 [INFO] Pass: FixedPoint - 0.00405 (ms)
2026-07-08 04:24:22,312 [INFO] Pass: ContainsInstruction - 0.00453 (ms)
2026-07-08 04:24:22,313 [INFO] Total Transpile Time - 61.57303 (ms)
2026-07-08 04:38:06,213 [INFO] Pass: ContainsInstruction - 0.00811 (ms)
2026-07-08 04:38:06,214 [INFO] Pass: InverseCancellation - 0.00978 (ms)
2026-07-08 04:38:06,214 [INFO] Pass: UnitarySynthesis - 0.00429 (ms)
2026-07-08 04:38:06,214 [INFO] Pass: HighLevelSynthesis - 0.63014 (ms)
2026-07-08 04:38:06,215 [INFO] Pass: BasisTranslator - 0.34475 (ms)
2026-07-08 04:38:06,215 [INFO] Pass: Depth - 0.09322 (ms)
2026-07-08 04:38:06,215 [INFO] Pass: FixedPoint - 0.00763 (ms)
2026-07-08 04:38:06,215 [INFO] Pass: Size - 0.02766 (ms)
2026-07-08 04:38:06,215 [INFO] Pass: FixedPoint - 0.00501 (ms)
2026-07-08 04:38:06,215 [INFO] Pass: Optimize1qGatesDecomposition - 0.06247 (ms)
2026-07-08 04:38:06,215 [INFO] Pass: InverseCancellation - 0.00644 (ms)
2026-07-08 04:38:06,216 [INFO] Pass: GatesInBasis - 0.35501 (ms)
2026-07-08 04:38:06,216 [INFO] Pass: Depth - 0.07486 (ms)
2026-07-08 04:38:06,216 [INFO] Pass: FixedPoint - 0.00501 (ms)
2026-07-08 04:38:06,216 [INFO] Pass: Size - 0.02527 (ms)
2026-07-08 04:38:06,216 [INFO] Pass: FixedPoint - 0.00405 (ms)
2026-07-08 04:38:06,216 [INFO] Pass: ContainsInstruction - 0.00429 (ms)
2026-07-08 04:38:06,217 [INFO] Total Transpile Time - 60.05812 (ms)
2026-07-08 04:38:06,272 [INFO] Pass: ContainsInstruction - 0.00620 (ms)
2026-07-08 04:38:06,273 [INFO] Pass: InverseCancellation - 0.10180 (ms)
2026-07-08 04:38:06,273 [INFO] Pass: UnitarySynthesis - 0.00429 (ms)
2026-07-08 04:38:06,273 [INFO] Pass: HighLevelSynthesis - 0.66209 (ms)
2026-07-08 04:38:06,274 [INFO] Pass: BasisTranslator - 0.36955 (ms)
2026-07-08 04:38:06,274 [INFO] Pass: Depth - 0.09251 (ms)
2026-07-08 04:38:06,274 [INFO] Pass: FixedPoint - 0.00644 (ms)
2026-07-08 04:38:06,274 [INFO] Pass: Size - 0.02909 (ms)
2026-07-08 04:38:06,274 [INFO] Pass: FixedPoint - 0.00453 (ms)
2026-07-08 04:38:06,275 [INFO] Pass: Optimize1qGatesDecomposition - 0.75364 (ms)
2026-07-08 04:38:06,275 [INFO] Pass: InverseCancellation - 0.09084 (ms)
2026-07-08 04:38:06,275 [INFO] Pass: GatesInBasis - 0.38886 (ms)
2026-07-08 04:38:06,276 [INFO] Pass: Depth - 0.08297 (ms)
2026-07-08 04:38:06,276 [INFO] Pass: FixedPoint - 0.00525 (ms)
2026-07-08 04:38:06,276 [INFO] Pass: Size - 0.02742 (ms)
2026-07-08 04:38:06,276 [INFO] Pass: FixedPoint - 0.00429 (ms)
2026-07-08 04:38:06,276 [INFO] Pass: ContainsInstruction - 0.00453 (ms)
2026-07-08 04:38:06,276 [INFO] Total Transpile Time - 59.78727 (ms)
2026-07-08 04:38:06,332 [INFO] Pass: ContainsInstruction - 0.00620 (ms)
2026-07-08 04:38:06,333 [INFO] Pass: InverseCancellation - 0.10824 (ms)
2026-07-08 04:38:06,333 [INFO] Pass: UnitarySynthesis - 0.00429 (ms)
2026-07-08 04:38:06,333 [INFO] Pass: HighLevelSynthesis - 0.74053 (ms)
2026-07-08 04:38:06,334 [INFO] Pass: BasisTranslator - 0.40841 (ms)
2026-07-08 04:38:06,334 [INFO] Pass: Depth - 0.09513 (ms)
2026-07-08 04:38:06,334 [INFO] Pass: FixedPoint - 0.00668 (ms)
2026-07-08 04:38:06,334 [INFO] Pass: Size - 0.02956 (ms)
2026-07-08 04:38:06,334 [INFO] Pass: FixedPoint - 0.00453 (ms)
2026-07-08 04:38:06,335 [INFO] Pass: Optimize1qGatesDecomposition - 0.87285 (ms)
2026-07-08 04:38:06,335 [INFO] Pass: InverseCancellation - 0.00668 (ms)
2026-07-08 04:38:06,336 [INFO] Pass: GatesInBasis - 0.53596 (ms)
2026-07-08 04:38:06,336 [INFO] Pass: Depth - 0.08512 (ms)
2026-07-08 04:38:06,336 [INFO] Pass: FixedPoint - 0.00572 (ms)
2026-07-08 04:38:06,336 [INFO] Pass: Size - 0.02813 (ms)
2026-07-08 04:38:06,336 [INFO] Pass: FixedPoint - 0.00429 (ms)
2026-07-08 04:38:06,337 [INFO] Pass: Optimize1qGatesDecomposition - 0.72169 (ms)
2026-07-08 04:38:06,337 [INFO] Pass: InverseCancellation - 0.00644 (ms)
2026-07-08 04:38:06,337 [INFO] Pass: GatesInBasis - 0.40150 (ms)
2026-07-08 04:38:06,337 [INFO] Pass: Depth - 0.07868 (ms)
2026-07-08 04:38:06,337 [INFO] Pass: FixedPoint - 0.00501 (ms)
2026-07-08 04:38:06,337 [INFO] Pass: Size - 0.02694 (ms)
2026-07-08 04:38:06,337 [INFO] Pass: FixedPoint - 0.00405 (ms)
2026-07-08 04:38:06,337 [INFO] Pass: ContainsInstruction - 0.00477 (ms)
2026-07-08 04:38:06,338 [INFO] Total Transpile Time - 61.65099 (ms)
2026-07-08 04:51:49,081 [INFO] Pass: ContainsInstruction - 0.00906 (ms)
2026-07-08 04:51:49,082 [INFO] Pass: InverseCancellation - 0.00978 (ms)
2026-07-08 04:51:49,082 [INFO] Pass: UnitarySynthesis - 0.00453 (ms)
2026-07-08 04:51:49,082 [INFO] Pass: HighLevelSynthesis - 0.63348 (ms)
2026-07-08 04:51:49,083 [INFO] Pass: BasisTranslator - 0.35286 (ms)
2026-07-08 04:51:49,083 [INFO] Pass: Depth - 0.08702 (ms)
2026-07-08 04:51:49,083 [INFO] Pass: FixedPoint - 0.00787 (ms)
2026-07-08 04:51:49,083 [INFO] Pass: Size - 0.02742 (ms)
2026-07-08 04:51:49,083 [INFO] Pass: FixedPoint - 0.00453 (ms)
2026-07-08 04:51:49,083 [INFO] Pass: Optimize1qGatesDecomposition - 0.06723 (ms)
2026-07-08 04:51:49,083 [INFO] Pass: InverseCancellation - 0.00596 (ms)
2026-07-08 04:51:49,084 [INFO] Pass: GatesInBasis - 0.35477 (ms)
2026-07-08 04:51:49,084 [INFO] Pass: Depth - 0.07153 (ms)
2026-07-08 04:51:49,084 [INFO] Pass: FixedPoint - 0.00477 (ms)
2026-07-08 04:51:49,084 [INFO] Pass: Size - 0.02456 (ms)
2026-07-08 04:51:49,084 [INFO] Pass: FixedPoint - 0.00429 (ms)
2026-07-08 04:51:49,084 [INFO] Pass: ContainsInstruction - 0.00453 (ms)
2026-07-08 04:51:49,084 [INFO] Total Transpile Time - 64.12864 (ms)
2026-07-08 04:51:49,140 [INFO] Pass: ContainsInstruction - 0.00644 (ms)
2026-07-08 04:51:49,141 [INFO] Pass: InverseCancellation - 0.10109 (ms)
2026-07-08 04:51:49,141 [INFO] Pass: UnitarySynthesis - 0.00453 (ms)
2026-07-08 04:51:49,141 [INFO] Pass: HighLevelSynthesis - 0.66590 (ms)
2026-07-08 04:51:49,142 [INFO] Pass: BasisTranslator - 0.37122 (ms)
2026-07-08 04:51:49,142 [INFO] Pass: Depth - 0.08583 (ms)
2026-07-08 04:51:49,142 [INFO] Pass: FixedPoint - 0.00644 (ms)
2026-07-08 04:51:49,142 [INFO] Pass: Size - 0.02813 (ms)
2026-07-08 04:51:49,142 [INFO] Pass: FixedPoint - 0.00429 (ms)
2026-07-08 04:51:49,143 [INFO] Pass: Optimize1qGatesDecomposition - 0.75245 (ms)
2026-07-08 04:51:49,143 [INFO] Pass: InverseCancellation - 0.08988 (ms)
2026-07-08 04:51:49,143 [INFO] Pass: GatesInBasis - 0.39554 (ms)
2026-07-08 04:51:49,144 [INFO] Pass: Depth - 0.07749 (ms)
2026-07-08 04:51:49,144 [INFO] Pass: FixedPoint - 0.00548 (ms)
2026-07-08 04:51:49,144 [INFO] Pass: Size - 0.02718 (ms)
2026-07-08 04:51:49,144 [INFO] Pass: FixedPoint - 0.00453 (ms)
2026-07-08 04:51:49,144 [INFO] Pass: ContainsInstruction - 0.00429 (ms)
2026-07-08 04:51:49,144 [INFO] Total Transpile Time - 59.84116 (ms)
2026-07-08 04:51:49,200 [INFO] Pass: ContainsInstruction - 0.00620 (ms)
2026-07-08 04:51:49,200 [INFO] Pass: InverseCancellation - 0.10490 (ms)
2026-07-08 04:51:49,200 [INFO] Pass: UnitarySynthesis - 0.00405 (ms)
2026-07-08 04:51:49,201 [INFO] Pass: HighLevelSynthesis - 0.73576 (ms)
2026-07-08 04:51:49,201 [INFO] Pass: BasisTranslator - 0.40078 (ms)
2026-07-08 04:51:49,202 [INFO] Pass: Depth - 0.08607 (ms)
2026-07-08 04:51:49,202 [INFO] Pass: FixedPoint - 0.00620 (ms)
2026-07-08 04:51:49,202 [INFO] Pass: Size - 0.02956 (ms)
2026-07-08 04:51:49,202 [INFO] Pass: FixedPoint - 0.00453 (ms)
2026-07-08 04:51:49,203 [INFO] Pass: Optimize1qGatesDecomposition - 0.86451 (ms)
2026-07-08 04:51:49,203 [INFO] Pass: InverseCancellation - 0.00691 (ms)
2026-07-08 04:51:49,203 [INFO] Pass: GatesInBasis - 0.54002 (ms)
2026-07-08 04:51:49,203 [INFO] Pass: Depth - 0.08154 (ms)
2026-07-08 04:51:49,203 [INFO] Pass: FixedPoint - 0.00572 (ms)
2026-07-08 04:51:49,203 [INFO] Pass: Size - 0.02789 (ms)
2026-07-08 04:51:49,204 [INFO] Pass: FixedPoint - 0.00429 (ms)
2026-07-08 04:51:49,204 [INFO] Pass: Optimize1qGatesDecomposition - 0.71812 (ms)
2026-07-08 04:51:49,204 [INFO] Pass: InverseCancellation - 0.00620 (ms)
2026-07-08 04:51:49,205 [INFO] Pass: GatesInBasis - 0.38981 (ms)
2026-07-08 04:51:49,205 [INFO] Pass: Depth - 0.07606 (ms)
2026-07-08 04:51:49,205 [INFO] Pass: FixedPoint - 0.00548 (ms)
2026-07-08 04:51:49,205 [INFO] Pass: Size - 0.02718 (ms)
2026-07-08 04:51:49,205 [INFO] Pass: FixedPoint - 0.00405 (ms)
2026-07-08 04:51:49,205 [INFO] Pass: ContainsInstruction - 0.00453 (ms)
2026-07-08 04:51:49,206 [INFO] Total Transpile Time - 61.23924 (ms)
2026-07-08 05:05:29,963 [INFO] Pass: ContainsInstruction - 0.01025 (ms)
2026-07-08 05:05:29,963 [INFO] Pass: InverseCancellation - 0.01216 (ms)
2026-07-08 05:05:29,963 [INFO] Pass: UnitarySynthesis - 0.00477 (ms)
2026-07-08 05:05:29,964 [INFO] Pass: HighLevelSynthesis - 0.62871 (ms)
2026-07-08 05:05:29,965 [INFO] Pass: BasisTranslator - 0.34785 (ms)
2026-07-08 05:05:29,965 [INFO] Pass: Depth - 0.09012 (ms)
2026-07-08 05:05:29,965 [INFO] Pass: FixedPoint - 0.00787 (ms)
2026-07-08 05:05:29,965 [INFO] Pass: Size - 0.02718 (ms)
2026-07-08 05:05:29,965 [INFO] Pass: FixedPoint - 0.00453 (ms)
2026-07-08 05:05:29,965 [INFO] Pass: Optimize1qGatesDecomposition - 0.06986 (ms)
2026-07-08 05:05:29,965 [INFO] Pass: InverseCancellation - 0.00572 (ms)
2026-07-08 05:05:29,965 [INFO] Pass: GatesInBasis - 0.35620 (ms)
2026-07-08 05:05:29,965 [INFO] Pass: Depth - 0.07057 (ms)
2026-07-08 05:05:29,965 [INFO] Pass: FixedPoint - 0.00501 (ms)
2026-07-08 05:05:29,966 [INFO] Pass: Size - 0.02480 (ms)
2026-07-08 05:05:29,966 [INFO] Pass: FixedPoint - 0.00405 (ms)
2026-07-08 05:05:29,966 [INFO] Pass: ContainsInstruction - 0.00429 (ms)
2026-07-08 05:05:29,966 [INFO] Total Transpile Time - 60.13203 (ms)
2026-07-08 05:05:30,022 [INFO] Pass: ContainsInstruction - 0.00691 (ms)
2026-07-08 05:05:30,022 [INFO] Pass: InverseCancellation - 0.10324 (ms)
2026-07-08 05:05:30,022 [INFO] Pass: UnitarySynthesis - 0.00429 (ms)
2026-07-08 05:05:30,023 [INFO] Pass: HighLevelSynthesis - 0.65756 (ms)
2026-07-08 05:05:30,023 [INFO] Pass: BasisTranslator - 0.37622 (ms)
2026-07-08 05:05:30,023 [INFO] Pass: Depth - 0.08225 (ms)
2026-07-08 05:05:30,023 [INFO] Pass: FixedPoint - 0.00691 (ms)
2026-07-08 05:05:30,023 [INFO] Pass: Size - 0.02742 (ms)
2026-07-08 05:05:30,023 [INFO] Pass: FixedPoint - 0.00477 (ms)
2026-07-08 05:05:30,024 [INFO] Pass: Optimize1qGatesDecomposition - 0.76604 (ms)
2026-07-08 05:05:30,024 [INFO] Pass: InverseCancellation - 0.08750 (ms)
2026-07-08 05:05:30,025 [INFO] Pass: GatesInBasis - 0.39434 (ms)
2026-07-08 05:05:30,025 [INFO] Pass: Depth - 0.08059 (ms)
2026-07-08 05:05:30,025 [INFO] Pass: FixedPoint - 0.00548 (ms)
2026-07-08 05:05:30,025 [INFO] Pass: Size - 0.02694 (ms)
2026-07-08 05:05:30,025 [INFO] Pass: FixedPoint - 0.00453 (ms)
2026-07-08 05:05:30,025 [INFO] Pass: ContainsInstruction - 0.00429 (ms)
2026-07-08 05:05:30,026 [INFO] Total Transpile Time - 59.44300 (ms)
2026-07-08 05:05:30,081 [INFO] Pass: ContainsInstruction - 0.00620 (ms)
2026-07-08 05:05:30,082 [INFO] Pass: InverseCancellation - 0.10848 (ms)
2026-07-08 05:05:30,082 [INFO] Pass: UnitarySynthesis - 0.00429 (ms)
2026-07-08 05:05:30,082 [INFO] Pass: HighLevelSynthesis - 0.72837 (ms)
2026-07-08 05:05:30,083 [INFO] Pass: BasisTranslator - 0.40817 (ms)
2026-07-08 05:05:30,083 [INFO] Pass: Depth - 0.09084 (ms)
2026-07-08 05:05:30,083 [INFO] Pass: FixedPoint - 0.00668 (ms)
2026-07-08 05:05:30,083 [INFO] Pass: Size - 0.02980 (ms)
2026-07-08 05:05:30,083 [INFO] Pass: FixedPoint - 0.00453 (ms)
2026-07-08 05:05:30,084 [INFO] Pass: Optimize1qGatesDecomposition - 0.86331 (ms)
2026-07-08 05:05:30,084 [INFO] Pass: InverseCancellation - 0.00715 (ms)
2026-07-08 05:05:30,085 [INFO] Pass: GatesInBasis - 0.52834 (ms)
2026-07-08 05:05:30,085 [INFO] Pass: Depth - 0.08106 (ms)
2026-07-08 05:05:30,085 [INFO] Pass: FixedPoint - 0.00572 (ms)
2026-07-08 05:05:30,085 [INFO] Pass: Size - 0.02718 (ms)
2026-07-08 05:05:30,085 [INFO] Pass: FixedPoint - 0.00405 (ms)
2026-07-08 05:05:30,086 [INFO] Pass: Optimize1qGatesDecomposition - 0.71526 (ms)
2026-07-08 05:05:30,086 [INFO] Pass: InverseCancellation - 0.00668 (ms)
2026-07-08 05:05:30,086 [INFO] Pass: GatesInBasis - 0.39363 (ms)
2026-07-08 05:05:30,086 [INFO] Pass: Depth - 0.07701 (ms)
2026-07-08 05:05:30,086 [INFO] Pass: FixedPoint - 0.00453 (ms)
2026-07-08 05:05:30,086 [INFO] Pass: Size - 0.02718 (ms)
2026-07-08 05:05:30,086 [INFO] Pass: FixedPoint - 0.00405 (ms)
2026-07-08 05:05:30,086 [INFO] Pass: ContainsInstruction - 0.00429 (ms)
2026-07-08 05:05:30,087 [INFO] Total Transpile Time - 61.21230 (ms)
2026-07-08 05:19:16,373 [INFO] Pass: ContainsInstruction - 0.00882 (ms)
2026-07-08 05:19:16,373 [INFO] Pass: InverseCancellation - 0.01073 (ms)
2026-07-08 05:19:16,373 [INFO] Pass: UnitarySynthesis - 0.00477 (ms)
2026-07-08 05:19:16,374 [INFO] Pass: HighLevelSynthesis - 0.62084 (ms)
2026-07-08 05:19:16,374 [INFO] Pass: BasisTranslator - 0.38075 (ms)
2026-07-08 05:19:16,374 [INFO] Pass: Depth - 0.08821 (ms)
2026-07-08 05:19:16,374 [INFO] Pass: FixedPoint - 0.00858 (ms)
2026-07-08 05:19:16,375 [INFO] Pass: Size - 0.02813 (ms)
2026-07-08 05:19:16,375 [INFO] Pass: FixedPoint - 0.00453 (ms)
2026-07-08 05:19:16,375 [INFO] Pass: Optimize1qGatesDecomposition - 0.06533 (ms)
2026-07-08 05:19:16,375 [INFO] Pass: InverseCancellation - 0.00620 (ms)
2026-07-08 05:19:16,375 [INFO] Pass: GatesInBasis - 0.36454 (ms)
2026-07-08 05:19:16,375 [INFO] Pass: Depth - 0.07033 (ms)
2026-07-08 05:19:16,375 [INFO] Pass: FixedPoint - 0.00453 (ms)
2026-07-08 05:19:16,375 [INFO] Pass: Size - 0.02503 (ms)
2026-07-08 05:19:16,375 [INFO] Pass: FixedPoint - 0.00429 (ms)
2026-07-08 05:19:16,375 [INFO] Pass: ContainsInstruction - 0.00477 (ms)
2026-07-08 05:19:16,376 [INFO] Total Transpile Time - 60.53877 (ms)
2026-07-08 05:19:16,432 [INFO] Pass: ContainsInstruction - 0.00644 (ms)
2026-07-08 05:19:16,432 [INFO] Pass: InverseCancellation - 0.10657 (ms)
2026-07-08 05:19:16,432 [INFO] Pass: UnitarySynthesis - 0.00405 (ms)
2026-07-08 05:19:16,433 [INFO] Pass: HighLevelSynthesis - 0.66185 (ms)
2026-07-08 05:19:16,433 [INFO] Pass: BasisTranslator - 0.38409 (ms)
2026-07-08 05:19:16,433 [INFO] Pass: Depth - 0.08249 (ms)
2026-07-08 05:19:16,433 [INFO] Pass: FixedPoint - 0.00691 (ms)
2026-07-08 05:19:16,433 [INFO] Pass: Size - 0.02837 (ms)
2026-07-08 05:19:16,433 [INFO] Pass: FixedPoint - 0.00477 (ms)
2026-07-08 05:19:16,434 [INFO] Pass: Optimize1qGatesDecomposition - 0.76008 (ms)
2026-07-08 05:19:16,434 [INFO] Pass: InverseCancellation - 0.08583 (ms)
2026-07-08 05:19:16,435 [INFO] Pass: GatesInBasis - 0.39148 (ms)
2026-07-08 05:19:16,435 [INFO] Pass: Depth - 0.07606 (ms)
2026-07-08 05:19:16,435 [INFO] Pass: FixedPoint - 0.00548 (ms)
2026-07-08 05:19:16,435 [INFO] Pass: Size - 0.02670 (ms)
2026-07-08 05:19:16,435 [INFO] Pass: FixedPoint - 0.00429 (ms)
2026-07-08 05:19:16,435 [INFO] Pass: ContainsInstruction - 0.00453 (ms)
2026-07-08 05:19:16,436 [INFO] Total Transpile Time - 59.58724 (ms)
2026-07-08 05:19:16,491 [INFO] Pass: ContainsInstruction - 0.00644 (ms)
2026-07-08 05:19:16,491 [INFO] Pass: InverseCancellation - 0.10657 (ms)
2026-07-08 05:19:16,492 [INFO] Pass: UnitarySynthesis - 0.00477 (ms)
2026-07-08 05:19:16,492 [INFO] Pass: HighLevelSynthesis - 0.73934 (ms)
2026-07-08 05:19:16,493 [INFO] Pass: BasisTranslator - 0.40507 (ms)
2026-07-08 05:19:16,493 [INFO] Pass: Depth - 0.08965 (ms)
2026-07-08 05:19:16,493 [INFO] Pass: FixedPoint - 0.00644 (ms)
2026-07-08 05:19:16,493 [INFO] Pass: Size - 0.02980 (ms)
2026-07-08 05:19:16,493 [INFO] Pass: FixedPoint - 0.00429 (ms)
2026-07-08 05:19:16,494 [INFO] Pass: Optimize1qGatesDecomposition - 0.86951 (ms)
2026-07-08 05:19:16,494 [INFO] Pass: InverseCancellation - 0.00668 (ms)
2026-07-08 05:19:16,495 [INFO] Pass: GatesInBasis - 0.53525 (ms)
2026-07-08 05:19:16,495 [INFO] Pass: Depth - 0.08154 (ms)
2026-07-08 05:19:16,495 [INFO] Pass: FixedPoint - 0.00572 (ms)
2026-07-08 05:19:16,495 [INFO] Pass: Size - 0.02813 (ms)
2026-07-08 05:19:16,495 [INFO] Pass: FixedPoint - 0.00405 (ms)
2026-07-08 05:19:16,496 [INFO] Pass: Optimize1qGatesDecomposition - 0.71955 (ms)
2026-07-08 05:19:16,496 [INFO] Pass: InverseCancellation - 0.00691 (ms)
2026-07-08 05:19:16,496 [INFO] Pass: GatesInBasis - 0.39220 (ms)
2026-07-08 05:19:16,496 [INFO] Pass: Depth - 0.07772 (ms)
2026-07-08 05:19:16,496 [INFO] Pass: FixedPoint - 0.00501 (ms)
2026-07-08 05:19:16,496 [INFO] Pass: Size - 0.02766 (ms)
2026-07-08 05:19:16,496 [INFO] Pass: FixedPoint - 0.00429 (ms)
2026-07-08 05:19:16,496 [INFO] Pass: ContainsInstruction - 0.00453 (ms)
2026-07-08 05:19:16,497 [INFO] Total Transpile Time - 61.25283 (ms)
2026-07-08 05:32:46,570 [INFO] Pass: ContainsInstruction - 0.00787 (ms)
2026-07-08 05:32:46,570 [INFO] Pass: InverseCancellation - 0.00978 (ms)
2026-07-08 05:32:46,570 [INFO] Pass: UnitarySynthesis - 0.00477 (ms)
2026-07-08 05:32:46,571 [INFO] Pass: HighLevelSynthesis - 0.61512 (ms)
2026-07-08 05:32:46,571 [INFO] Pass: BasisTranslator - 0.34881 (ms)
2026-07-08 05:32:46,571 [INFO] Pass: Depth - 0.08464 (ms)
2026-07-08 05:32:46,571 [INFO] Pass: FixedPoint - 0.00739 (ms)
2026-07-08 05:32:46,571 [INFO] Pass: Size - 0.02694 (ms)
2026-07-08 05:32:46,571 [INFO] Pass: FixedPoint - 0.00453 (ms)
2026-07-08 05:32:46,571 [INFO] Pass: Optimize1qGatesDecomposition - 0.05937 (ms)
2026-07-08 05:32:46,571 [INFO] Pass: InverseCancellation - 0.00644 (ms)
2026-07-08 05:32:46,572 [INFO] Pass: GatesInBasis - 0.35477 (ms)
2026-07-08 05:32:46,572 [INFO] Pass: Depth - 0.07439 (ms)
2026-07-08 05:32:46,572 [INFO] Pass: FixedPoint - 0.00477 (ms)
2026-07-08 05:32:46,572 [INFO] Pass: Size - 0.02456 (ms)
2026-07-08 05:32:46,572 [INFO] Pass: FixedPoint - 0.00405 (ms)
2026-07-08 05:32:46,572 [INFO] Pass: ContainsInstruction - 0.00477 (ms)
2026-07-08 05:32:46,573 [INFO] Total Transpile Time - 59.72123 (ms)
2026-07-08 05:32:46,628 [INFO] Pass: ContainsInstruction - 0.00668 (ms)
2026-07-08 05:32:46,629 [INFO] Pass: InverseCancellation - 0.09966 (ms)
2026-07-08 05:32:46,629 [INFO] Pass: UnitarySynthesis - 0.00429 (ms)
2026-07-08 05:32:46,629 [INFO] Pass: HighLevelSynthesis - 0.67258 (ms)
2026-07-08 05:32:46,630 [INFO] Pass: BasisTranslator - 0.37169 (ms)
2026-07-08 05:32:46,630 [INFO] Pass: Depth - 0.08225 (ms)
2026-07-08 05:32:46,630 [INFO] Pass: FixedPoint - 0.00644 (ms)
2026-07-08 05:32:46,630 [INFO] Pass: Size - 0.03147 (ms)
2026-07-08 05:32:46,630 [INFO] Pass: FixedPoint - 0.00477 (ms)
2026-07-08 05:32:46,631 [INFO] Pass: Optimize1qGatesDecomposition - 0.74744 (ms)
2026-07-08 05:32:46,631 [INFO] Pass: InverseCancellation - 0.08845 (ms)
2026-07-08 05:32:46,631 [INFO] Pass: GatesInBasis - 0.38886 (ms)
2026-07-08 05:32:46,631 [INFO] Pass: Depth - 0.07629 (ms)
2026-07-08 05:32:46,631 [INFO] Pass: FixedPoint - 0.00525 (ms)
2026-07-08 05:32:46,632 [INFO] Pass: Size - 0.02694 (ms)
2026-07-08 05:32:46,632 [INFO] Pass: FixedPoint - 0.00405 (ms)
2026-07-08 05:32:46,632 [INFO] Pass: ContainsInstruction - 0.00405 (ms)
2026-07-08 05:32:46,632 [INFO] Total Transpile Time - 59.41463 (ms)
2026-07-08 05:32:46,687 [INFO] Pass: ContainsInstruction - 0.00644 (ms)
2026-07-08 05:32:46,688 [INFO] Pass: InverseCancellation - 0.10657 (ms)
2026-07-08 05:32:46,688 [INFO] Pass: UnitarySynthesis - 0.00429 (ms)
2026-07-08 05:32:46,688 [INFO] Pass: HighLevelSynthesis - 0.73338 (ms)
2026-07-08 05:32:46,689 [INFO] Pass: BasisTranslator - 0.41080 (ms)
2026-07-08 05:32:46,689 [INFO] Pass: Depth - 0.08583 (ms)
2026-07-08 05:32:46,689 [INFO] Pass: FixedPoint - 0.00644 (ms)
2026-07-08 05:32:46,689 [INFO] Pass: Size - 0.02933 (ms)
2026-07-08 05:32:46,689 [INFO] Pass: FixedPoint - 0.00429 (ms)
2026-07-08 05:32:46,690 [INFO] Pass: Optimize1qGatesDecomposition - 0.86832 (ms)
2026-07-08 05:32:46,690 [INFO] Pass: InverseCancellation - 0.00620 (ms)
2026-07-08 05:32:46,691 [INFO] Pass: GatesInBasis - 0.53167 (ms)
2026-07-08 05:32:46,691 [INFO] Pass: Depth - 0.08249 (ms)
2026-07-08 05:32:46,691 [INFO] Pass: FixedPoint - 0.00548 (ms)
2026-07-08 05:32:46,691 [INFO] Pass: Size - 0.02813 (ms)
2026-07-08 05:32:46,691 [INFO] Pass: FixedPoint - 0.00429 (ms)
2026-07-08 05:32:46,692 [INFO] Pass: Optimize1qGatesDecomposition - 0.72241 (ms)
2026-07-08 05:32:46,692 [INFO] Pass: InverseCancellation - 0.00668 (ms)
2026-07-08 05:32:46,692 [INFO] Pass: GatesInBasis - 0.39601 (ms)
2026-07-08 05:32:46,692 [INFO] Pass: Depth - 0.07677 (ms)
2026-07-08 05:32:46,692 [INFO] Pass: FixedPoint - 0.00501 (ms)
2026-07-08 05:32:46,692 [INFO] Pass: Size - 0.02694 (ms)
2026-07-08 05:32:46,692 [INFO] Pass: FixedPoint - 0.00405 (ms)
2026-07-08 05:32:46,693 [INFO] Pass: ContainsInstruction - 0.00429 (ms)
2026-07-08 05:32:46,693 [INFO] Total Transpile Time - 60.84657 (ms)
2026-07-08 05:46:24,286 [INFO] Pass: ContainsInstruction - 0.00811 (ms)
2026-07-08 05:46:24,286 [INFO] Pass: InverseCancellation - 0.00930 (ms)
2026-07-08 05:46:24,286 [INFO] Pass: UnitarySynthesis - 0.00453 (ms)
2026-07-08 05:46:24,287 [INFO] Pass: HighLevelSynthesis - 0.60844 (ms)
2026-07-08 05:46:24,287 [INFO] Pass: BasisTranslator - 0.35787 (ms)
2026-07-08 05:46:24,287 [INFO] Pass: Depth - 0.08321 (ms)
2026-07-08 05:46:24,287 [INFO] Pass: FixedPoint - 0.00763 (ms)
2026-07-08 05:46:24,287 [INFO] Pass: Size - 0.02742 (ms)
2026-07-08 05:46:24,287 [INFO] Pass: FixedPoint - 0.00477 (ms)
2026-07-08 05:46:24,287 [INFO] Pass: Optimize1qGatesDecomposition - 0.05984 (ms)
2026-07-08 05:46:24,287 [INFO] Pass: InverseCancellation - 0.00644 (ms)
2026-07-08 05:46:24,288 [INFO] Pass: GatesInBasis - 0.35477 (ms)
2026-07-08 05:46:24,288 [INFO] Pass: Depth - 0.07224 (ms)
2026-07-08 05:46:24,288 [INFO] Pass: FixedPoint - 0.00501 (ms)
2026-07-08 05:46:24,288 [INFO] Pass: Size - 0.02551 (ms)
2026-07-08 05:46:24,288 [INFO] Pass: FixedPoint - 0.00381 (ms)
2026-07-08 05:46:24,288 [INFO] Pass: ContainsInstruction - 0.00429 (ms)
2026-07-08 05:46:24,289 [INFO] Total Transpile Time - 59.95464 (ms)
2026-07-08 05:46:24,344 [INFO] Pass: ContainsInstruction - 0.00620 (ms)
2026-07-08 05:46:24,344 [INFO] Pass: InverseCancellation - 0.09990 (ms)
2026-07-08 05:46:24,344 [INFO] Pass: UnitarySynthesis - 0.00453 (ms)
2026-07-08 05:46:24,345 [INFO] Pass: HighLevelSynthesis - 0.66066 (ms)
2026-07-08 05:46:24,346 [INFO] Pass: BasisTranslator - 0.36931 (ms)
2026-07-08 05:46:24,346 [INFO] Pass: Depth - 0.08082 (ms)
2026-07-08 05:46:24,346 [INFO] Pass: FixedPoint - 0.00668 (ms)
2026-07-08 05:46:24,346 [INFO] Pass: Size - 0.02837 (ms)
2026-07-08 05:46:24,346 [INFO] Pass: FixedPoint - 0.00501 (ms)
2026-07-08 05:46:24,347 [INFO] Pass: Optimize1qGatesDecomposition - 0.74911 (ms)
2026-07-08 05:46:24,347 [INFO] Pass: InverseCancellation - 0.08941 (ms)
2026-07-08 05:46:24,347 [INFO] Pass: GatesInBasis - 0.39530 (ms)
2026-07-08 05:46:24,347 [INFO] Pass: Depth - 0.07820 (ms)
2026-07-08 05:46:24,347 [INFO] Pass: FixedPoint - 0.00548 (ms)
2026-07-08 05:46:24,347 [INFO] Pass: Size - 0.02742 (ms)
2026-07-08 05:46:24,347 [INFO] Pass: FixedPoint - 0.00453 (ms)
2026-07-08 05:46:24,347 [INFO] Pass: ContainsInstruction - 0.00453 (ms)
2026-07-08 05:46:24,348 [INFO] Total Transpile Time - 59.22151 (ms)
2026-07-08 05:46:24,403 [INFO] Pass: ContainsInstruction - 0.00644 (ms)
2026-07-08 05:46:24,404 [INFO] Pass: InverseCancellation - 0.10610 (ms)
2026-07-08 05:46:24,404 [INFO] Pass: UnitarySynthesis - 0.00453 (ms)
2026-07-08 05:46:24,404 [INFO] Pass: HighLevelSynthesis - 0.72384 (ms)
2026-07-08 05:46:24,405 [INFO] Pass: BasisTranslator - 0.40412 (ms)
2026-07-08 05:46:24,405 [INFO] Pass: Depth - 0.08631 (ms)
2026-07-08 05:46:24,405 [INFO] Pass: FixedPoint - 0.00644 (ms)
2026-07-08 05:46:24,405 [INFO] Pass: Size - 0.02980 (ms)
2026-07-08 05:46:24,405 [INFO] Pass: FixedPoint - 0.00453 (ms)
2026-07-08 05:46:24,406 [INFO] Pass: Optimize1qGatesDecomposition - 0.87762 (ms)
2026-07-08 05:46:24,406 [INFO] Pass: InverseCancellation - 0.00668 (ms)
2026-07-08 05:46:24,407 [INFO] Pass: GatesInBasis - 0.68307 (ms)
2026-07-08 05:46:24,407 [INFO] Pass: Depth - 0.08512 (ms)
2026-07-08 05:46:24,407 [INFO] Pass: FixedPoint - 0.00596 (ms)
2026-07-08 05:46:24,407 [INFO] Pass: Size - 0.02813 (ms)
2026-07-08 05:46:24,407 [INFO] Pass: FixedPoint - 0.00429 (ms)
2026-07-08 05:46:24,408 [INFO] Pass: Optimize1qGatesDecomposition - 0.72622 (ms)
2026-07-08 05:46:24,408 [INFO] Pass: InverseCancellation - 0.00691 (ms)
2026-07-08 05:46:24,408 [INFO] Pass: GatesInBasis - 0.38815 (ms)
2026-07-08 05:46:24,409 [INFO] Pass: Depth - 0.07796 (ms)
2026-07-08 05:46:24,409 [INFO] Pass: FixedPoint - 0.00477 (ms)
2026-07-08 05:46:24,409 [INFO] Pass: Size - 0.02670 (ms)
2026-07-08 05:46:24,409 [INFO] Pass: FixedPoint - 0.00405 (ms)
2026-07-08 05:46:24,409 [INFO] Pass: ContainsInstruction - 0.00477 (ms)
2026-07-08 05:46:24,409 [INFO] Total Transpile Time - 61.21087 (ms)
2026-07-08 06:00:00,010 [INFO] Pass: ContainsInstruction - 0.00834 (ms)
2026-07-08 06:00:00,010 [INFO] Pass: InverseCancellation - 0.01025 (ms)
2026-07-08 06:00:00,010 [INFO] Pass: UnitarySynthesis - 0.00429 (ms)
2026-07-08 06:00:00,011 [INFO] Pass: HighLevelSynthesis - 0.62394 (ms)
2026-07-08 06:00:00,011 [INFO] Pass: BasisTranslator - 0.35167 (ms)
2026-07-08 06:00:00,012 [INFO] Pass: Depth - 0.08416 (ms)
2026-07-08 06:00:00,012 [INFO] Pass: FixedPoint - 0.00811 (ms)
2026-07-08 06:00:00,012 [INFO] Pass: Size - 0.02742 (ms)
2026-07-08 06:00:00,012 [INFO] Pass: FixedPoint - 0.00477 (ms)
2026-07-08 06:00:00,012 [INFO] Pass: Optimize1qGatesDecomposition - 0.06199 (ms)
2026-07-08 06:00:00,012 [INFO] Pass: InverseCancellation - 0.00620 (ms)
2026-07-08 06:00:00,012 [INFO] Pass: GatesInBasis - 0.36311 (ms)
2026-07-08 06:00:00,012 [INFO] Pass: Depth - 0.07343 (ms)
2026-07-08 06:00:00,012 [INFO] Pass: FixedPoint - 0.00525 (ms)
2026-07-08 06:00:00,012 [INFO] Pass: Size - 0.02527 (ms)
2026-07-08 06:00:00,012 [INFO] Pass: FixedPoint - 0.00405 (ms)
2026-07-08 06:00:00,012 [INFO] Pass: ContainsInstruction - 0.00453 (ms)
2026-07-08 06:00:00,013 [INFO] Total Transpile Time - 59.77869 (ms)
2026-07-08 06:00:00,069 [INFO] Pass: ContainsInstruction - 0.00668 (ms)
2026-07-08 06:00:00,069 [INFO] Pass: InverseCancellation - 0.10347 (ms)
2026-07-08 06:00:00,069 [INFO] Pass: UnitarySynthesis - 0.00429 (ms)
2026-07-08 06:00:00,070 [INFO] Pass: HighLevelSynthesis - 0.65827 (ms)
2026-07-08 06:00:00,070 [INFO] Pass: BasisTranslator - 0.37885 (ms)
2026-07-08 06:00:00,070 [INFO] Pass: Depth - 0.08273 (ms)
2026-07-08 06:00:00,070 [INFO] Pass: FixedPoint - 0.00644 (ms)
2026-07-08 06:00:00,070 [INFO] Pass: Size - 0.02789 (ms)
2026-07-08 06:00:00,070 [INFO] Pass: FixedPoint - 0.00429 (ms)
2026-07-08 06:00:00,071 [INFO] Pass: Optimize1qGatesDecomposition - 0.75340 (ms)
2026-07-08 06:00:00,071 [INFO] Pass: InverseCancellation - 0.08798 (ms)
2026-07-08 06:00:00,072 [INFO] Pass: GatesInBasis - 0.39268 (ms)
2026-07-08 06:00:00,072 [INFO] Pass: Depth - 0.08249 (ms)
2026-07-08 06:00:00,072 [INFO] Pass: FixedPoint - 0.00525 (ms)
2026-07-08 06:00:00,072 [INFO] Pass: Size - 0.02766 (ms)
2026-07-08 06:00:00,072 [INFO] Pass: FixedPoint - 0.00429 (ms)
2026-07-08 06:00:00,072 [INFO] Pass: ContainsInstruction - 0.00453 (ms)
2026-07-08 06:00:00,073 [INFO] Total Transpile Time - 59.52382 (ms)
2026-07-08 06:00:00,128 [INFO] Pass: ContainsInstruction - 0.00644 (ms)
2026-07-08 06:00:00,128 [INFO] Pass: InverseCancellation - 0.10872 (ms)
2026-07-08 06:00:00,128 [INFO] Pass: UnitarySynthesis - 0.00453 (ms)
2026-07-08 06:00:00,129 [INFO] Pass: HighLevelSynthesis - 0.73314 (ms)
2026-07-08 06:00:00,130 [INFO] Pass: BasisTranslator - 0.40388 (ms)
2026-07-08 06:00:00,130 [INFO] Pass: Depth - 0.08702 (ms)
2026-07-08 06:00:00,130 [INFO] Pass: FixedPoint - 0.00668 (ms)
2026-07-08 06:00:00,130 [INFO] Pass: Size - 0.02956 (ms)
2026-07-08 06:00:00,130 [INFO] Pass: FixedPoint - 0.00453 (ms)
2026-07-08 06:00:00,131 [INFO] Pass: Optimize1qGatesDecomposition - 0.86355 (ms)
2026-07-08 06:00:00,131 [INFO] Pass: InverseCancellation - 0.00691 (ms)
2026-07-08 06:00:00,132 [INFO] Pass: GatesInBasis - 0.53573 (ms)
2026-07-08 06:00:00,132 [INFO] Pass: Depth - 0.08488 (ms)
2026-07-08 06:00:00,132 [INFO] Pass: FixedPoint - 0.00596 (ms)
2026-07-08 06:00:00,132 [INFO] Pass: Size - 0.02837 (ms)
2026-07-08 06:00:00,132 [INFO] Pass: FixedPoint - 0.00453 (ms)
2026-07-08 06:00:00,133 [INFO] Pass: Optimize1qGatesDecomposition - 0.73266 (ms)
2026-07-08 06:00:00,133 [INFO] Pass: InverseCancellation - 0.00715 (ms)
2026-07-08 06:00:00,133 [INFO] Pass: GatesInBasis - 0.39601 (ms)
2026-07-08 06:00:00,133 [INFO] Pass: Depth - 0.07868 (ms)
2026-07-08 06:00:00,133 [INFO] Pass: FixedPoint - 0.00525 (ms)
2026-07-08 06:00:00,133 [INFO] Pass: Size - 0.02718 (ms)
2026-07-08 06:00:00,133 [INFO] Pass: FixedPoint - 0.00381 (ms)
2026-07-08 06:00:00,133 [INFO] Pass: ContainsInstruction - 0.00453 (ms)
2026-07-08 06:00:00,134 [INFO] Total Transpile Time - 61.16056 (ms)
2026-07-08 06:13:35,348 [INFO] Pass: ContainsInstruction - 0.00811 (ms)
2026-07-08 06:13:35,348 [INFO] Pass: InverseCancellation - 0.01049 (ms)
2026-07-08 06:13:35,348 [INFO] Pass: UnitarySynthesis - 0.00477 (ms)
2026-07-08 06:13:35,349 [INFO] Pass: HighLevelSynthesis - 0.62513 (ms)
2026-07-08 06:13:35,349 [INFO] Pass: BasisTranslator - 0.35739 (ms)
2026-07-08 06:13:35,349 [INFO] Pass: Depth - 0.08512 (ms)
2026-07-08 06:13:35,349 [INFO] Pass: FixedPoint - 0.00739 (ms)
2026-07-08 06:13:35,349 [INFO] Pass: Size - 0.02861 (ms)
2026-07-08 06:13:35,349 [INFO] Pass: FixedPoint - 0.00477 (ms)
2026-07-08 06:13:35,349 [INFO] Pass: Optimize1qGatesDecomposition - 0.06223 (ms)
2026-07-08 06:13:35,349 [INFO] Pass: InverseCancellation - 0.00668 (ms)
2026-07-08 06:13:35,350 [INFO] Pass: GatesInBasis - 0.35596 (ms)
2026-07-08 06:13:35,350 [INFO] Pass: Depth - 0.07606 (ms)
2026-07-08 06:13:35,350 [INFO] Pass: FixedPoint - 0.00525 (ms)
2026-07-08 06:13:35,350 [INFO] Pass: Size - 0.02527 (ms)
2026-07-08 06:13:35,350 [INFO] Pass: FixedPoint - 0.00453 (ms)
2026-07-08 06:13:35,350 [INFO] Pass: ContainsInstruction - 0.00429 (ms)
2026-07-08 06:13:35,351 [INFO] Total Transpile Time - 79.74577 (ms)
2026-07-08 06:13:35,407 [INFO] Pass: ContainsInstruction - 0.00668 (ms)
2026-07-08 06:13:35,407 [INFO] Pass: InverseCancellation - 0.10300 (ms)
2026-07-08 06:13:35,407 [INFO] Pass: UnitarySynthesis - 0.00405 (ms)
2026-07-08 06:13:35,408 [INFO] Pass: HighLevelSynthesis - 0.66900 (ms)
2026-07-08 06:13:35,408 [INFO] Pass: BasisTranslator - 0.38004 (ms)
2026-07-08 06:13:35,408 [INFO] Pass: Depth - 0.08202 (ms)
2026-07-08 06:13:35,408 [INFO] Pass: FixedPoint - 0.00691 (ms)
2026-07-08 06:13:35,408 [INFO] Pass: Size - 0.02861 (ms)
2026-07-08 06:13:35,408 [INFO] Pass: FixedPoint - 0.00453 (ms)
2026-07-08 06:13:35,409 [INFO] Pass: Optimize1qGatesDecomposition - 0.75817 (ms)
2026-07-08 06:13:35,409 [INFO] Pass: InverseCancellation - 0.09012 (ms)
2026-07-08 06:13:35,410 [INFO] Pass: GatesInBasis - 0.39005 (ms)
2026-07-08 06:13:35,410 [INFO] Pass: Depth - 0.07772 (ms)
2026-07-08 06:13:35,410 [INFO] Pass: FixedPoint - 0.00525 (ms)
2026-07-08 06:13:35,410 [INFO] Pass: Size - 0.02718 (ms)
2026-07-08 06:13:35,410 [INFO] Pass: FixedPoint - 0.00405 (ms)
2026-07-08 06:13:35,410 [INFO] Pass: ContainsInstruction - 0.00429 (ms)
2026-07-08 06:13:35,411 [INFO] Total Transpile Time - 59.73887 (ms)
2026-07-08 06:13:35,466 [INFO] Pass: ContainsInstruction - 0.00596 (ms)
2026-07-08 06:13:35,467 [INFO] Pass: InverseCancellation - 0.10753 (ms)
2026-07-08 06:13:35,467 [INFO] Pass: UnitarySynthesis - 0.00405 (ms)
2026-07-08 06:13:35,467 [INFO] Pass: HighLevelSynthesis - 0.73481 (ms)
2026-07-08 06:13:35,468 [INFO] Pass: BasisTranslator - 0.40078 (ms)
2026-07-08 06:13:35,468 [INFO] Pass: Depth - 0.09179 (ms)
2026-07-08 06:13:35,468 [INFO] Pass: FixedPoint - 0.00644 (ms)
2026-07-08 06:13:35,468 [INFO] Pass: Size - 0.03004 (ms)
2026-07-08 06:13:35,468 [INFO] Pass: FixedPoint - 0.00429 (ms)
2026-07-08 06:13:35,469 [INFO] Pass: Optimize1qGatesDecomposition - 0.86999 (ms)
2026-07-08 06:13:35,469 [INFO] Pass: InverseCancellation - 0.00715 (ms)
2026-07-08 06:13:35,470 [INFO] Pass: GatesInBasis - 0.53239 (ms)
2026-07-08 06:13:35,470 [INFO] Pass: Depth - 0.08202 (ms)
2026-07-08 06:13:35,470 [INFO] Pass: FixedPoint - 0.00596 (ms)
2026-07-08 06:13:35,470 [INFO] Pass: Size - 0.02837 (ms)
2026-07-08 06:13:35,470 [INFO] Pass: FixedPoint - 0.00429 (ms)
2026-07-08 06:13:35,471 [INFO] Pass: Optimize1qGatesDecomposition - 0.72432 (ms)
2026-07-08 06:13:35,471 [INFO] Pass: InverseCancellation - 0.00739 (ms)
2026-07-08 06:13:35,471 [INFO] Pass: GatesInBasis - 0.39482 (ms)
2026-07-08 06:13:35,471 [INFO] Pass: Depth - 0.07796 (ms)
2026-07-08 06:13:35,471 [INFO] Pass: FixedPoint - 0.00525 (ms)
2026-07-08 06:13:35,471 [INFO] Pass: Size - 0.02742 (ms)
2026-07-08 06:13:35,471 [INFO] Pass: FixedPoint - 0.00405 (ms)
2026-07-08 06:13:35,471 [INFO] Pass: ContainsInstruction - 0.00453 (ms)
2026-07-08 06:13:35,472 [INFO] Total Transpile Time - 61.42688 (ms)
2026-07-08 06:27:20,642 [INFO] Pass: ContainsInstruction - 0.00787 (ms)
2026-07-08 06:27:20,642 [INFO] Pass: InverseCancellation - 0.00954 (ms)
2026-07-08 06:27:20,642 [INFO] Pass: UnitarySynthesis - 0.00429 (ms)
2026-07-08 06:27:20,643 [INFO] Pass: HighLevelSynthesis - 0.60797 (ms)
2026-07-08 06:27:20,643 [INFO] Pass: BasisTranslator - 0.35143 (ms)
2026-07-08 06:27:20,643 [INFO] Pass: Depth - 0.08345 (ms)
2026-07-08 06:27:20,643 [INFO] Pass: FixedPoint - 0.00739 (ms)
2026-07-08 06:27:20,643 [INFO] Pass: Size - 0.02742 (ms)
2026-07-08 06:27:20,643 [INFO] Pass: FixedPoint - 0.00477 (ms)
2026-07-08 06:27:20,644 [INFO] Pass: Optimize1qGatesDecomposition - 0.06008 (ms)
2026-07-08 06:27:20,644 [INFO] Pass: InverseCancellation - 0.00668 (ms)
2026-07-08 06:27:20,644 [INFO] Pass: GatesInBasis - 0.36025 (ms)
2026-07-08 06:27:20,644 [INFO] Pass: Depth - 0.07081 (ms)
2026-07-08 06:27:20,644 [INFO] Pass: FixedPoint - 0.00525 (ms)
2026-07-08 06:27:20,644 [INFO] Pass: Size - 0.02503 (ms)
2026-07-08 06:27:20,644 [INFO] Pass: FixedPoint - 0.00405 (ms)
2026-07-08 06:27:20,644 [INFO] Pass: ContainsInstruction - 0.00453 (ms)
2026-07-08 06:27:20,645 [INFO] Total Transpile Time - 59.94487 (ms)
2026-07-08 06:27:20,700 [INFO] Pass: ContainsInstruction - 0.00620 (ms)
2026-07-08 06:27:20,701 [INFO] Pass: InverseCancellation - 0.09894 (ms)
2026-07-08 06:27:20,701 [INFO] Pass: UnitarySynthesis - 0.00429 (ms)
2026-07-08 06:27:20,701 [INFO] Pass: HighLevelSynthesis - 0.66996 (ms)
2026-07-08 06:27:20,702 [INFO] Pass: BasisTranslator - 0.36860 (ms)
2026-07-08 06:27:20,702 [INFO] Pass: Depth - 0.08512 (ms)
2026-07-08 06:27:20,702 [INFO] Pass: FixedPoint - 0.00644 (ms)
2026-07-08 06:27:20,702 [INFO] Pass: Size - 0.02789 (ms)
2026-07-08 06:27:20,702 [INFO] Pass: FixedPoint - 0.00477 (ms)
2026-07-08 06:27:20,703 [INFO] Pass: Optimize1qGatesDecomposition - 0.74482 (ms)
2026-07-08 06:27:20,703 [INFO] Pass: InverseCancellation - 0.08798 (ms)
2026-07-08 06:27:20,703 [INFO] Pass: GatesInBasis - 0.39315 (ms)
2026-07-08 06:27:20,704 [INFO] Pass: Depth - 0.07582 (ms)
2026-07-08 06:27:20,704 [INFO] Pass: FixedPoint - 0.00501 (ms)
2026-07-08 06:27:20,704 [INFO] Pass: Size - 0.02694 (ms)
2026-07-08 06:27:20,704 [INFO] Pass: FixedPoint - 0.00405 (ms)
2026-07-08 06:27:20,704 [INFO] Pass: ContainsInstruction - 0.00429 (ms)
2026-07-08 06:27:20,704 [INFO] Total Transpile Time - 59.38196 (ms)
2026-07-08 06:27:20,760 [INFO] Pass: ContainsInstruction - 0.00644 (ms)
2026-07-08 06:27:20,760 [INFO] Pass: InverseCancellation - 0.10681 (ms)
2026-07-08 06:27:20,760 [INFO] Pass: UnitarySynthesis - 0.00405 (ms)
2026-07-08 06:27:20,761 [INFO] Pass: HighLevelSynthesis - 0.73862 (ms)
2026-07-08 06:27:20,761 [INFO] Pass: BasisTranslator - 0.41437 (ms)
2026-07-08 06:27:20,761 [INFO] Pass: Depth - 0.08559 (ms)
2026-07-08 06:27:20,761 [INFO] Pass: FixedPoint - 0.00644 (ms)
2026-07-08 06:27:20,762 [INFO] Pass: Size - 0.02956 (ms)
2026-07-08 06:27:20,762 [INFO] Pass: FixedPoint - 0.00429 (ms)
2026-07-08 06:27:20,762 [INFO] Pass: Optimize1qGatesDecomposition - 0.86546 (ms)
2026-07-08 06:27:20,763 [INFO] Pass: InverseCancellation - 0.00715 (ms)
2026-07-08 06:27:20,763 [INFO] Pass: GatesInBasis - 0.53644 (ms)
2026-07-08 06:27:20,763 [INFO] Pass: Depth - 0.08202 (ms)
2026-07-08 06:27:20,763 [INFO] Pass: FixedPoint - 0.00572 (ms)
2026-07-08 06:27:20,763 [INFO] Pass: Size - 0.02766 (ms)
2026-07-08 06:27:20,763 [INFO] Pass: FixedPoint - 0.00429 (ms)
2026-07-08 06:27:20,764 [INFO] Pass: Optimize1qGatesDecomposition - 0.72718 (ms)
2026-07-08 06:27:20,764 [INFO] Pass: InverseCancellation - 0.00668 (ms)
2026-07-08 06:27:20,765 [INFO] Pass: GatesInBasis - 0.38910 (ms)
2026-07-08 06:27:20,765 [INFO] Pass: Depth - 0.07725 (ms)
2026-07-08 06:27:20,765 [INFO] Pass: FixedPoint - 0.00477 (ms)
2026-07-08 06:27:20,765 [INFO] Pass: Size - 0.02694 (ms)
2026-07-08 06:27:20,765 [INFO] Pass: FixedPoint - 0.00381 (ms)
2026-07-08 06:27:20,765 [INFO] Pass: ContainsInstruction - 0.00429 (ms)
2026-07-08 06:27:20,766 [INFO] Total Transpile Time - 61.15174 (ms)
2026-07-08 06:41:00,172 [INFO] Pass: ContainsInstruction - 0.00763 (ms)
2026-07-08 06:41:00,172 [INFO] Pass: InverseCancellation - 0.00954 (ms)
2026-07-08 06:41:00,172 [INFO] Pass: UnitarySynthesis - 0.00429 (ms)
2026-07-08 06:41:00,173 [INFO] Pass: HighLevelSynthesis - 0.60844 (ms)
2026-07-08 06:41:00,173 [INFO] Pass: BasisTranslator - 0.34618 (ms)
2026-07-08 06:41:00,173 [INFO] Pass: Depth - 0.08678 (ms)
2026-07-08 06:41:00,173 [INFO] Pass: FixedPoint - 0.00739 (ms)
2026-07-08 06:41:00,173 [INFO] Pass: Size - 0.02766 (ms)
2026-07-08 06:41:00,173 [INFO] Pass: FixedPoint - 0.00477 (ms)
2026-07-08 06:41:00,173 [INFO] Pass: Optimize1qGatesDecomposition - 0.06104 (ms)
2026-07-08 06:41:00,173 [INFO] Pass: InverseCancellation - 0.00620 (ms)
2026-07-08 06:41:00,174 [INFO] Pass: GatesInBasis - 0.35620 (ms)
2026-07-08 06:41:00,174 [INFO] Pass: Depth - 0.07629 (ms)
2026-07-08 06:41:00,174 [INFO] Pass: FixedPoint - 0.00501 (ms)
2026-07-08 06:41:00,174 [INFO] Pass: Size - 0.02503 (ms)
2026-07-08 06:41:00,174 [INFO] Pass: FixedPoint - 0.00405 (ms)
2026-07-08 06:41:00,174 [INFO] Pass: ContainsInstruction - 0.00477 (ms)
2026-07-08 06:41:00,175 [INFO] Total Transpile Time - 62.73818 (ms)
2026-07-08 06:41:00,230 [INFO] Pass: ContainsInstruction - 0.00620 (ms)
2026-07-08 06:41:00,231 [INFO] Pass: InverseCancellation - 0.10180 (ms)
2026-07-08 06:41:00,231 [INFO] Pass: UnitarySynthesis - 0.00429 (ms)
2026-07-08 06:41:00,231 [INFO] Pass: HighLevelSynthesis - 0.67592 (ms)
2026-07-08 06:41:00,232 [INFO] Pass: BasisTranslator - 0.37360 (ms)
2026-07-08 06:41:00,232 [INFO] Pass: Depth - 0.08559 (ms)
2026-07-08 06:41:00,232 [INFO] Pass: FixedPoint - 0.00691 (ms)
2026-07-08 06:41:00,232 [INFO] Pass: Size - 0.02813 (ms)
2026-07-08 06:41:00,232 [INFO] Pass: FixedPoint - 0.00453 (ms)
2026-07-08 06:41:00,233 [INFO] Pass: Optimize1qGatesDecomposition - 0.74863 (ms)
2026-07-08 06:41:00,233 [INFO] Pass: InverseCancellation - 0.09131 (ms)
2026-07-08 06:41:00,233 [INFO] Pass: GatesInBasis - 0.38886 (ms)
2026-07-08 06:41:00,234 [INFO] Pass: Depth - 0.07677 (ms)
2026-07-08 06:41:00,234 [INFO] Pass: FixedPoint - 0.00525 (ms)
2026-07-08 06:41:00,234 [INFO] Pass: Size - 0.02694 (ms)
2026-07-08 06:41:00,234 [INFO] Pass: FixedPoint - 0.00453 (ms)
2026-07-08 06:41:00,234 [INFO] Pass: ContainsInstruction - 0.00429 (ms)
2026-07-08 06:41:00,234 [INFO] Total Transpile Time - 59.49116 (ms)
2026-07-08 06:41:00,290 [INFO] Pass: ContainsInstruction - 0.00644 (ms)
2026-07-08 06:41:00,290 [INFO] Pass: InverseCancellation - 0.10633 (ms)
2026-07-08 06:41:00,290 [INFO] Pass: UnitarySynthesis - 0.00405 (ms)
2026-07-08 06:41:00,291 [INFO] Pass: HighLevelSynthesis - 0.71144 (ms)
2026-07-08 06:41:00,291 [INFO] Pass: BasisTranslator - 0.41080 (ms)
2026-07-08 06:41:00,291 [INFO] Pass: Depth - 0.08607 (ms)
2026-07-08 06:41:00,291 [INFO] Pass: FixedPoint - 0.00596 (ms)
2026-07-08 06:41:00,291 [INFO] Pass: Size - 0.02980 (ms)
2026-07-08 06:41:00,291 [INFO] Pass: FixedPoint - 0.00453 (ms)
2026-07-08 06:41:00,292 [INFO] Pass: Optimize1qGatesDecomposition - 0.86689 (ms)
2026-07-08 06:41:00,292 [INFO] Pass: InverseCancellation - 0.00715 (ms)
2026-07-08 06:41:00,293 [INFO] Pass: GatesInBasis - 0.53430 (ms)
2026-07-08 06:41:00,293 [INFO] Pass: Depth - 0.08368 (ms)
2026-07-08 06:41:00,293 [INFO] Pass: FixedPoint - 0.00596 (ms)
2026-07-08 06:41:00,293 [INFO] Pass: Size - 0.02789 (ms)
2026-07-08 06:41:00,293 [INFO] Pass: FixedPoint - 0.00405 (ms)
2026-07-08 06:41:00,294 [INFO] Pass: Optimize1qGatesDecomposition - 0.72384 (ms)
2026-07-08 06:41:00,294 [INFO] Pass: InverseCancellation - 0.00620 (ms)
2026-07-08 06:41:00,294 [INFO] Pass: GatesInBasis - 0.38838 (ms)
2026-07-08 06:41:00,295 [INFO] Pass: Depth - 0.07749 (ms)
2026-07-08 06:41:00,295 [INFO] Pass: FixedPoint - 0.00501 (ms)
2026-07-08 06:41:00,295 [INFO] Pass: Size - 0.02718 (ms)
2026-07-08 06:41:00,295 [INFO] Pass: FixedPoint - 0.00405 (ms)
2026-07-08 06:41:00,295 [INFO] Pass: ContainsInstruction - 0.00477 (ms)
2026-07-08 06:41:00,295 [INFO] Total Transpile Time - 60.96935 (ms)
2026-07-08 06:54:29,824 [INFO] Pass: ContainsInstruction - 0.00954 (ms)
2026-07-08 06:54:29,824 [INFO] Pass: InverseCancellation - 0.00906 (ms)
2026-07-08 06:54:29,824 [INFO] Pass: UnitarySynthesis - 0.00525 (ms)
2026-07-08 06:54:29,825 [INFO] Pass: HighLevelSynthesis - 0.61941 (ms)
2026-07-08 06:54:29,825 [INFO] Pass: BasisTranslator - 0.35930 (ms)
2026-07-08 06:54:29,825 [INFO] Pass: Depth - 0.08678 (ms)
2026-07-08 06:54:29,825 [INFO] Pass: FixedPoint - 0.00787 (ms)
2026-07-08 06:54:29,825 [INFO] Pass: Size - 0.02766 (ms)
2026-07-08 06:54:29,825 [INFO] Pass: FixedPoint - 0.00453 (ms)
2026-07-08 06:54:29,826 [INFO] Pass: Optimize1qGatesDecomposition - 0.06461 (ms)
2026-07-08 06:54:29,826 [INFO] Pass: InverseCancellation - 0.00644 (ms)
2026-07-08 06:54:29,826 [INFO] Pass: GatesInBasis - 0.36478 (ms)
2026-07-08 06:54:29,826 [INFO] Pass: Depth - 0.07153 (ms)
2026-07-08 06:54:29,826 [INFO] Pass: FixedPoint - 0.00501 (ms)
2026-07-08 06:54:29,826 [INFO] Pass: Size - 0.02551 (ms)
2026-07-08 06:54:29,826 [INFO] Pass: FixedPoint - 0.00405 (ms)
2026-07-08 06:54:29,826 [INFO] Pass: ContainsInstruction - 0.00453 (ms)
2026-07-08 06:54:29,827 [INFO] Total Transpile Time - 60.98986 (ms)
2026-07-08 06:54:29,883 [INFO] Pass: ContainsInstruction - 0.00739 (ms)
2026-07-08 06:54:29,883 [INFO] Pass: InverseCancellation - 0.10276 (ms)
2026-07-08 06:54:29,883 [INFO] Pass: UnitarySynthesis - 0.00405 (ms)
2026-07-08 06:54:29,884 [INFO] Pass: HighLevelSynthesis - 0.66161 (ms)
2026-07-08 06:54:29,884 [INFO] Pass: BasisTranslator - 0.37408 (ms)
2026-07-08 06:54:29,885 [INFO] Pass: Depth - 0.08392 (ms)
2026-07-08 06:54:29,885 [INFO] Pass: FixedPoint - 0.00715 (ms)
2026-07-08 06:54:29,885 [INFO] Pass: Size - 0.02789 (ms)
2026-07-08 06:54:29,885 [INFO] Pass: FixedPoint - 0.00477 (ms)
2026-07-08 06:54:29,885 [INFO] Pass: Optimize1qGatesDecomposition - 0.75817 (ms)
2026-07-08 06:54:29,886 [INFO] Pass: InverseCancellation - 0.08726 (ms)
2026-07-08 06:54:29,886 [INFO] Pass: GatesInBasis - 0.39911 (ms)
2026-07-08 06:54:29,886 [INFO] Pass: Depth - 0.07844 (ms)
2026-07-08 06:54:29,886 [INFO] Pass: FixedPoint - 0.00572 (ms)
2026-07-08 06:54:29,886 [INFO] Pass: Size - 0.02742 (ms)
2026-07-08 06:54:29,886 [INFO] Pass: FixedPoint - 0.00405 (ms)
2026-07-08 06:54:29,886 [INFO] Pass: ContainsInstruction - 0.00453 (ms)
2026-07-08 06:54:29,887 [INFO] Total Transpile Time - 59.91602 (ms)
2026-07-08 06:54:29,943 [INFO] Pass: ContainsInstruction - 0.00644 (ms)
2026-07-08 06:54:29,943 [INFO] Pass: InverseCancellation - 0.10872 (ms)
2026-07-08 06:54:29,943 [INFO] Pass: UnitarySynthesis - 0.00954 (ms)
2026-07-08 06:54:29,944 [INFO] Pass: HighLevelSynthesis - 0.72169 (ms)
2026-07-08 06:54:29,944 [INFO] Pass: BasisTranslator - 0.40913 (ms)
2026-07-08 06:54:29,944 [INFO] Pass: Depth - 0.08750 (ms)
2026-07-08 06:54:29,944 [INFO] Pass: FixedPoint - 0.00668 (ms)
2026-07-08 06:54:29,944 [INFO] Pass: Size - 0.02956 (ms)
2026-07-08 06:54:29,944 [INFO] Pass: FixedPoint - 0.00429 (ms)
2026-07-08 06:54:29,945 [INFO] Pass: Optimize1qGatesDecomposition - 0.87571 (ms)
2026-07-08 06:54:29,945 [INFO] Pass: InverseCancellation - 0.00691 (ms)
2026-07-08 06:54:29,946 [INFO] Pass: GatesInBasis - 0.70071 (ms)
2026-07-08 06:54:29,946 [INFO] Pass: Depth - 0.08655 (ms)
2026-07-08 06:54:29,946 [INFO] Pass: FixedPoint - 0.00620 (ms)
2026-07-08 06:54:29,946 [INFO] Pass: Size - 0.02837 (ms)
2026-07-08 06:54:29,946 [INFO] Pass: FixedPoint - 0.00405 (ms)
2026-07-08 06:54:29,947 [INFO] Pass: Optimize1qGatesDecomposition - 0.73957 (ms)
2026-07-08 06:54:29,947 [INFO] Pass: InverseCancellation - 0.00763 (ms)
2026-07-08 06:54:29,948 [INFO] Pass: GatesInBasis - 0.38934 (ms)
2026-07-08 06:54:29,948 [INFO] Pass: Depth - 0.07868 (ms)
2026-07-08 06:54:29,948 [INFO] Pass: FixedPoint - 0.00501 (ms)
2026-07-08 06:54:29,948 [INFO] Pass: Size - 0.02718 (ms)
2026-07-08 06:54:29,948 [INFO] Pass: FixedPoint - 0.00405 (ms)
2026-07-08 06:54:29,948 [INFO] Pass: ContainsInstruction - 0.00453 (ms)
2026-07-08 06:54:29,949 [INFO] Total Transpile Time - 61.54466 (ms)
2026-07-08 07:08:13,079 [INFO] Pass: ContainsInstruction - 0.00954 (ms)
2026-07-08 07:08:13,079 [INFO] Pass: InverseCancellation - 0.01001 (ms)
2026-07-08 07:08:13,079 [INFO] Pass: UnitarySynthesis - 0.00453 (ms)
2026-07-08 07:08:13,080 [INFO] Pass: HighLevelSynthesis - 0.62633 (ms)
2026-07-08 07:08:13,080 [INFO] Pass: BasisTranslator - 0.34928 (ms)
2026-07-08 07:08:13,080 [INFO] Pass: Depth - 0.08607 (ms)
2026-07-08 07:08:13,081 [INFO] Pass: FixedPoint - 0.00763 (ms)
2026-07-08 07:08:13,081 [INFO] Pass: Size - 0.02885 (ms)
2026-07-08 07:08:13,081 [INFO] Pass: FixedPoint - 0.00453 (ms)
2026-07-08 07:08:13,081 [INFO] Pass: Optimize1qGatesDecomposition - 0.06318 (ms)
2026-07-08 07:08:13,081 [INFO] Pass: InverseCancellation - 0.00644 (ms)
2026-07-08 07:08:13,081 [INFO] Pass: GatesInBasis - 0.36240 (ms)
2026-07-08 07:08:13,081 [INFO] Pass: Depth - 0.07105 (ms)
2026-07-08 07:08:13,081 [INFO] Pass: FixedPoint - 0.00525 (ms)
2026-07-08 07:08:13,081 [INFO] Pass: Size - 0.02551 (ms)
2026-07-08 07:08:13,081 [INFO] Pass: FixedPoint - 0.00429 (ms)
2026-07-08 07:08:13,081 [INFO] Pass: ContainsInstruction - 0.00477 (ms)
2026-07-08 07:08:13,082 [INFO] Total Transpile Time - 60.10675 (ms)
2026-07-08 07:08:13,138 [INFO] Pass: ContainsInstruction - 0.00691 (ms)
2026-07-08 07:08:13,138 [INFO] Pass: InverseCancellation - 0.10276 (ms)
2026-07-08 07:08:13,138 [INFO] Pass: UnitarySynthesis - 0.00405 (ms)
2026-07-08 07:08:13,139 [INFO] Pass: HighLevelSynthesis - 0.66423 (ms)
2026-07-08 07:08:13,140 [INFO] Pass: BasisTranslator - 0.37527 (ms)
2026-07-08 07:08:13,140 [INFO] Pass: Depth - 0.08321 (ms)
2026-07-08 07:08:13,140 [INFO] Pass: FixedPoint - 0.00668 (ms)
2026-07-08 07:08:13,140 [INFO] Pass: Size - 0.02813 (ms)
2026-07-08 07:08:13,140 [INFO] Pass: FixedPoint - 0.00453 (ms)
2026-07-08 07:08:13,141 [INFO] Pass: Optimize1qGatesDecomposition - 0.76151 (ms)
2026-07-08 07:08:13,141 [INFO] Pass: InverseCancellation - 0.08845 (ms)
2026-07-08 07:08:13,141 [INFO] Pass: GatesInBasis - 0.39649 (ms)
2026-07-08 07:08:13,141 [INFO] Pass: Depth - 0.07749 (ms)
2026-07-08 07:08:13,141 [INFO] Pass: FixedPoint - 0.00501 (ms)
2026-07-08 07:08:13,141 [INFO] Pass: Size - 0.02742 (ms)
2026-07-08 07:08:13,141 [INFO] Pass: FixedPoint - 0.00405 (ms)
2026-07-08 07:08:13,141 [INFO] Pass: ContainsInstruction - 0.00429 (ms)
2026-07-08 07:08:13,142 [INFO] Total Transpile Time - 59.97229 (ms)
2026-07-08 07:08:13,198 [INFO] Pass: ContainsInstruction - 0.00668 (ms)
2026-07-08 07:08:13,198 [INFO] Pass: InverseCancellation - 0.11468 (ms)
2026-07-08 07:08:13,198 [INFO] Pass: UnitarySynthesis - 0.00453 (ms)
2026-07-08 07:08:13,199 [INFO] Pass: HighLevelSynthesis - 0.71526 (ms)
2026-07-08 07:08:13,199 [INFO] Pass: BasisTranslator - 0.40436 (ms)
2026-07-08 07:08:13,199 [INFO] Pass: Depth - 0.08750 (ms)
2026-07-08 07:08:13,199 [INFO] Pass: FixedPoint - 0.00668 (ms)
2026-07-08 07:08:13,199 [INFO] Pass: Size - 0.02956 (ms)
2026-07-08 07:08:13,199 [INFO] Pass: FixedPoint - 0.00477 (ms)
2026-07-08 07:08:13,200 [INFO] Pass: Optimize1qGatesDecomposition - 0.87357 (ms)
2026-07-08 07:08:13,200 [INFO] Pass: InverseCancellation - 0.00691 (ms)
2026-07-08 07:08:13,201 [INFO] Pass: GatesInBasis - 0.54216 (ms)
2026-07-08 07:08:13,201 [INFO] Pass: Depth - 0.08321 (ms)
2026-07-08 07:08:13,201 [INFO] Pass: FixedPoint - 0.00596 (ms)
2026-07-08 07:08:13,201 [INFO] Pass: Size - 0.02885 (ms)
2026-07-08 07:08:13,201 [INFO] Pass: FixedPoint - 0.00453 (ms)
2026-07-08 07:08:13,202 [INFO] Pass: Optimize1qGatesDecomposition - 0.72646 (ms)
2026-07-08 07:08:13,202 [INFO] Pass: InverseCancellation - 0.00691 (ms)
2026-07-08 07:08:13,203 [INFO] Pass: GatesInBasis - 0.39172 (ms)
2026-07-08 07:08:13,203 [INFO] Pass: Depth - 0.07796 (ms)
2026-07-08 07:08:13,203 [INFO] Pass: FixedPoint - 0.00501 (ms)
2026-07-08 07:08:13,203 [INFO] Pass: Size - 0.02694 (ms)
2026-07-08 07:08:13,203 [INFO] Pass: FixedPoint - 0.00405 (ms)
2026-07-08 07:08:13,203 [INFO] Pass: ContainsInstruction - 0.00453 (ms)
2026-07-08 07:08:13,203 [INFO] Total Transpile Time - 61.26809 (ms)
2026-07-08 07:21:42,072 [INFO] Pass: ContainsInstruction - 0.00882 (ms)
2026-07-08 07:21:42,072 [INFO] Pass: InverseCancellation - 0.01121 (ms)
2026-07-08 07:21:42,072 [INFO] Pass: UnitarySynthesis - 0.00477 (ms)
2026-07-08 07:21:42,073 [INFO] Pass: HighLevelSynthesis - 0.63038 (ms)
2026-07-08 07:21:42,073 [INFO] Pass: BasisTranslator - 0.35548 (ms)
2026-07-08 07:21:42,073 [INFO] Pass: Depth - 0.08821 (ms)
2026-07-08 07:21:42,073 [INFO] Pass: FixedPoint - 0.00739 (ms)
2026-07-08 07:21:42,073 [INFO] Pass: Size - 0.02766 (ms)
2026-07-08 07:21:42,073 [INFO] Pass: FixedPoint - 0.00477 (ms)
2026-07-08 07:21:42,074 [INFO] Pass: Optimize1qGatesDecomposition - 0.06628 (ms)
2026-07-08 07:21:42,074 [INFO] Pass: InverseCancellation - 0.00691 (ms)
2026-07-08 07:21:42,074 [INFO] Pass: GatesInBasis - 0.36144 (ms)
2026-07-08 07:21:42,074 [INFO] Pass: Depth - 0.07153 (ms)
2026-07-08 07:21:42,074 [INFO] Pass: FixedPoint - 0.00477 (ms)
2026-07-08 07:21:42,074 [INFO] Pass: Size - 0.02527 (ms)
2026-07-08 07:21:42,074 [INFO] Pass: FixedPoint - 0.00405 (ms)
2026-07-08 07:21:42,074 [INFO] Pass: ContainsInstruction - 0.00477 (ms)
2026-07-08 07:21:42,075 [INFO] Total Transpile Time - 60.26316 (ms)
2026-07-08 07:21:42,131 [INFO] Pass: ContainsInstruction - 0.00668 (ms)
2026-07-08 07:21:42,131 [INFO] Pass: InverseCancellation - 0.10276 (ms)
2026-07-08 07:21:42,131 [INFO] Pass: UnitarySynthesis - 0.00429 (ms)
2026-07-08 07:21:42,131 [INFO] Pass: HighLevelSynthesis - 0.67544 (ms)
2026-07-08 07:21:42,132 [INFO] Pass: BasisTranslator - 0.37384 (ms)
2026-07-08 07:21:42,132 [INFO] Pass: Depth - 0.08297 (ms)
2026-07-08 07:21:42,132 [INFO] Pass: FixedPoint - 0.00668 (ms)
2026-07-08 07:21:42,132 [INFO] Pass: Size - 0.02909 (ms)
2026-07-08 07:21:42,132 [INFO] Pass: FixedPoint - 0.00453 (ms)
2026-07-08 07:21:42,133 [INFO] Pass: Optimize1qGatesDecomposition - 0.75555 (ms)
2026-07-08 07:21:42,133 [INFO] Pass: InverseCancellation - 0.08774 (ms)
2026-07-08 07:21:42,134 [INFO] Pass: GatesInBasis - 0.39268 (ms)
2026-07-08 07:21:42,134 [INFO] Pass: Depth - 0.07749 (ms)
2026-07-08 07:21:42,134 [INFO] Pass: FixedPoint - 0.00501 (ms)
2026-07-08 07:21:42,134 [INFO] Pass: Size - 0.02670 (ms)
2026-07-08 07:21:42,134 [INFO] Pass: FixedPoint - 0.00405 (ms)
2026-07-08 07:21:42,134 [INFO] Pass: ContainsInstruction - 0.00429 (ms)
2026-07-08 07:21:42,134 [INFO] Total Transpile Time - 59.42273 (ms)
2026-07-08 07:21:42,190 [INFO] Pass: ContainsInstruction - 0.00572 (ms)
2026-07-08 07:21:42,190 [INFO] Pass: InverseCancellation - 0.10705 (ms)
2026-07-08 07:21:42,190 [INFO] Pass: UnitarySynthesis - 0.00429 (ms)
2026-07-08 07:21:42,191 [INFO] Pass: HighLevelSynthesis - 0.73481 (ms)
2026-07-08 07:21:42,192 [INFO] Pass: BasisTranslator - 0.53763 (ms)
2026-07-08 07:21:42,192 [INFO] Pass: Depth - 0.08702 (ms)
2026-07-08 07:21:42,192 [INFO] Pass: FixedPoint - 0.00644 (ms)
2026-07-08 07:21:42,192 [INFO] Pass: Size - 0.03028 (ms)
2026-07-08 07:21:42,192 [INFO] Pass: FixedPoint - 0.00453 (ms)
2026-07-08 07:21:42,193 [INFO] Pass: Optimize1qGatesDecomposition - 0.86474 (ms)
2026-07-08 07:21:42,193 [INFO] Pass: InverseCancellation - 0.00739 (ms)
2026-07-08 07:21:42,193 [INFO] Pass: GatesInBasis - 0.39363 (ms)
2026-07-08 07:21:42,193 [INFO] Pass: Depth - 0.08011 (ms)
2026-07-08 07:21:42,194 [INFO] Pass: FixedPoint - 0.00548 (ms)
2026-07-08 07:21:42,194 [INFO] Pass: Size - 0.02766 (ms)
2026-07-08 07:21:42,194 [INFO] Pass: FixedPoint - 0.00405 (ms)
2026-07-08 07:21:42,194 [INFO] Pass: Optimize1qGatesDecomposition - 0.71669 (ms)
2026-07-08 07:21:42,194 [INFO] Pass: InverseCancellation - 0.00572 (ms)
2026-07-08 07:21:42,195 [INFO] Pass: GatesInBasis - 0.38838 (ms)
2026-07-08 07:21:42,195 [INFO] Pass: Depth - 0.08225 (ms)
2026-07-08 07:21:42,195 [INFO] Pass: FixedPoint - 0.00501 (ms)
2026-07-08 07:21:42,195 [INFO] Pass: Size - 0.02670 (ms)
2026-07-08 07:21:42,195 [INFO] Pass: FixedPoint - 0.00453 (ms)
2026-07-08 07:21:42,195 [INFO] Pass: ContainsInstruction - 0.00477 (ms)
2026-07-08 07:21:42,196 [INFO] Total Transpile Time - 61.24282 (ms)
2026-07-08 07:35:23,154 [INFO] Pass: ContainsInstruction - 0.00930 (ms)
2026-07-08 07:35:23,154 [INFO] Pass: InverseCancellation - 0.01073 (ms)
2026-07-08 07:35:23,154 [INFO] Pass: UnitarySynthesis - 0.00453 (ms)
2026-07-08 07:35:23,155 [INFO] Pass: HighLevelSynthesis - 0.61440 (ms)
2026-07-08 07:35:23,155 [INFO] Pass: BasisTranslator - 0.34475 (ms)
2026-07-08 07:35:23,156 [INFO] Pass: Depth - 0.08273 (ms)
2026-07-08 07:35:23,156 [INFO] Pass: FixedPoint - 0.00715 (ms)
2026-07-08 07:35:23,156 [INFO] Pass: Size - 0.02837 (ms)
2026-07-08 07:35:23,156 [INFO] Pass: FixedPoint - 0.00477 (ms)
2026-07-08 07:35:23,156 [INFO] Pass: Optimize1qGatesDecomposition - 0.06485 (ms)
2026-07-08 07:35:23,156 [INFO] Pass: InverseCancellation - 0.00620 (ms)
2026-07-08 07:35:23,156 [INFO] Pass: GatesInBasis - 0.35405 (ms)
2026-07-08 07:35:23,156 [INFO] Pass: Depth - 0.07010 (ms)
2026-07-08 07:35:23,156 [INFO] Pass: FixedPoint - 0.00477 (ms)
2026-07-08 07:35:23,156 [INFO] Pass: Size - 0.02551 (ms)
2026-07-08 07:35:23,156 [INFO] Pass: FixedPoint - 0.00429 (ms)
2026-07-08 07:35:23,157 [INFO] Pass: ContainsInstruction - 0.00453 (ms)
2026-07-08 07:35:23,157 [INFO] Total Transpile Time - 60.56118 (ms)
2026-07-08 07:35:23,213 [INFO] Pass: ContainsInstruction - 0.00691 (ms)
2026-07-08 07:35:23,213 [INFO] Pass: InverseCancellation - 0.10681 (ms)
2026-07-08 07:35:23,213 [INFO] Pass: UnitarySynthesis - 0.00429 (ms)
2026-07-08 07:35:23,214 [INFO] Pass: HighLevelSynthesis - 0.65160 (ms)
2026-07-08 07:35:23,214 [INFO] Pass: BasisTranslator - 0.37980 (ms)
2026-07-08 07:35:23,214 [INFO] Pass: Depth - 0.08130 (ms)
2026-07-08 07:35:23,214 [INFO] Pass: FixedPoint - 0.00715 (ms)
2026-07-08 07:35:23,214 [INFO] Pass: Size - 0.02813 (ms)
2026-07-08 07:35:23,214 [INFO] Pass: FixedPoint - 0.00453 (ms)
2026-07-08 07:35:23,215 [INFO] Pass: Optimize1qGatesDecomposition - 0.75126 (ms)
2026-07-08 07:35:23,215 [INFO] Pass: InverseCancellation - 0.08845 (ms)
2026-07-08 07:35:23,216 [INFO] Pass: GatesInBasis - 0.39053 (ms)
2026-07-08 07:35:23,216 [INFO] Pass: Depth - 0.07629 (ms)
2026-07-08 07:35:23,216 [INFO] Pass: FixedPoint - 0.00906 (ms)
2026-07-08 07:35:23,216 [INFO] Pass: Size - 0.02670 (ms)
2026-07-08 07:35:23,216 [INFO] Pass: FixedPoint - 0.00405 (ms)
2026-07-08 07:35:23,216 [INFO] Pass: ContainsInstruction - 0.00429 (ms)
2026-07-08 07:35:23,217 [INFO] Total Transpile Time - 59.41105 (ms)
2026-07-08 07:35:23,272 [INFO] Pass: ContainsInstruction - 0.00644 (ms)
2026-07-08 07:35:23,272 [INFO] Pass: InverseCancellation - 0.10705 (ms)
2026-07-08 07:35:23,272 [INFO] Pass: UnitarySynthesis - 0.00429 (ms)
2026-07-08 07:35:23,273 [INFO] Pass: HighLevelSynthesis - 0.73409 (ms)
2026-07-08 07:35:23,274 [INFO] Pass: BasisTranslator - 0.40555 (ms)
2026-07-08 07:35:23,274 [INFO] Pass: Depth - 0.08893 (ms)
2026-07-08 07:35:23,274 [INFO] Pass: FixedPoint - 0.00644 (ms)
2026-07-08 07:35:23,274 [INFO] Pass: Size - 0.03004 (ms)
2026-07-08 07:35:23,274 [INFO] Pass: FixedPoint - 0.00429 (ms)
2026-07-08 07:35:23,275 [INFO] Pass: Optimize1qGatesDecomposition - 0.86641 (ms)
2026-07-08 07:35:23,275 [INFO] Pass: InverseCancellation - 0.00691 (ms)
2026-07-08 07:35:23,275 [INFO] Pass: GatesInBasis - 0.53978 (ms)
2026-07-08 07:35:23,275 [INFO] Pass: Depth - 0.08202 (ms)
2026-07-08 07:35:23,276 [INFO] Pass: FixedPoint - 0.00572 (ms)
2026-07-08 07:35:23,276 [INFO] Pass: Size - 0.02766 (ms)
2026-07-08 07:35:23,276 [INFO] Pass: FixedPoint - 0.00405 (ms)
2026-07-08 07:35:23,276 [INFO] Pass: Optimize1qGatesDecomposition - 0.72503 (ms)
2026-07-08 07:35:23,276 [INFO] Pass: InverseCancellation - 0.00668 (ms)
2026-07-08 07:35:23,277 [INFO] Pass: GatesInBasis - 0.39077 (ms)
2026-07-08 07:35:23,277 [INFO] Pass: Depth - 0.07796 (ms)
2026-07-08 07:35:23,277 [INFO] Pass: FixedPoint - 0.00525 (ms)
2026-07-08 07:35:23,277 [INFO] Pass: Size - 0.02718 (ms)
2026-07-08 07:35:23,277 [INFO] Pass: FixedPoint - 0.00405 (ms)
2026-07-08 07:35:23,277 [INFO] Pass: ContainsInstruction - 0.00501 (ms)
2026-07-08 07:35:23,278 [INFO] Total Transpile Time - 61.08022 (ms)
2026-07-08 07:49:14,525 [INFO] Pass: ContainsInstruction - 0.01001 (ms)
2026-07-08 07:49:14,526 [INFO] Pass: InverseCancellation - 0.01121 (ms)
2026-07-08 07:49:14,526 [INFO] Pass: UnitarySynthesis - 0.00453 (ms)
2026-07-08 07:49:14,527 [INFO] Pass: HighLevelSynthesis - 0.62037 (ms)
2026-07-08 07:49:14,527 [INFO] Pass: BasisTranslator - 0.35667 (ms)
2026-07-08 07:49:14,527 [INFO] Pass: Depth - 0.08678 (ms)
2026-07-08 07:49:14,527 [INFO] Pass: FixedPoint - 0.00834 (ms)
2026-07-08 07:49:14,527 [INFO] Pass: Size - 0.02789 (ms)
2026-07-08 07:49:14,527 [INFO] Pass: FixedPoint - 0.00453 (ms)
2026-07-08 07:49:14,527 [INFO] Pass: Optimize1qGatesDecomposition - 0.06175 (ms)
2026-07-08 07:49:14,527 [INFO] Pass: InverseCancellation - 0.00572 (ms)
2026-07-08 07:49:14,528 [INFO] Pass: GatesInBasis - 0.36025 (ms)
2026-07-08 07:49:14,528 [INFO] Pass: Depth - 0.07105 (ms)
2026-07-08 07:49:14,528 [INFO] Pass: FixedPoint - 0.00525 (ms)
2026-07-08 07:49:14,528 [INFO] Pass: Size - 0.02527 (ms)
2026-07-08 07:49:14,528 [INFO] Pass: FixedPoint - 0.00429 (ms)
2026-07-08 07:49:14,528 [INFO] Pass: ContainsInstruction - 0.00453 (ms)
2026-07-08 07:49:14,529 [INFO] Total Transpile Time - 79.56815 (ms)
2026-07-08 07:49:14,585 [INFO] Pass: ContainsInstruction - 0.00668 (ms)
2026-07-08 07:49:14,585 [INFO] Pass: InverseCancellation - 0.10920 (ms)
2026-07-08 07:49:14,585 [INFO] Pass: UnitarySynthesis - 0.00405 (ms)
2026-07-08 07:49:14,586 [INFO] Pass: HighLevelSynthesis - 0.66495 (ms)
2026-07-08 07:49:14,586 [INFO] Pass: BasisTranslator - 0.38576 (ms)
2026-07-08 07:49:14,586 [INFO] Pass: Depth - 0.08082 (ms)
2026-07-08 07:49:14,586 [INFO] Pass: FixedPoint - 0.00691 (ms)
2026-07-08 07:49:14,586 [INFO] Pass: Size - 0.02837 (ms)
2026-07-08 07:49:14,586 [INFO] Pass: FixedPoint - 0.00429 (ms)
2026-07-08 07:49:14,587 [INFO] Pass: Optimize1qGatesDecomposition - 0.76151 (ms)
2026-07-08 07:49:14,587 [INFO] Pass: InverseCancellation - 0.08655 (ms)
2026-07-08 07:49:14,588 [INFO] Pass: GatesInBasis - 0.38981 (ms)
2026-07-08 07:49:14,588 [INFO] Pass: Depth - 0.08082 (ms)
2026-07-08 07:49:14,588 [INFO] Pass: FixedPoint - 0.00525 (ms)
2026-07-08 07:49:14,588 [INFO] Pass: Size - 0.02694 (ms)
2026-07-08 07:49:14,588 [INFO] Pass: FixedPoint - 0.00405 (ms)
2026-07-08 07:49:14,588 [INFO] Pass: ContainsInstruction - 0.00429 (ms)
2026-07-08 07:49:14,589 [INFO] Total Transpile Time - 59.93867 (ms)
2026-07-08 07:49:14,644 [INFO] Pass: ContainsInstruction - 0.00668 (ms)
2026-07-08 07:49:14,645 [INFO] Pass: InverseCancellation - 0.10705 (ms)
2026-07-08 07:49:14,645 [INFO] Pass: UnitarySynthesis - 0.00453 (ms)
2026-07-08 07:49:14,645 [INFO] Pass: HighLevelSynthesis - 0.73409 (ms)
2026-07-08 07:49:14,646 [INFO] Pass: BasisTranslator - 0.40746 (ms)
2026-07-08 07:49:14,646 [INFO] Pass: Depth - 0.09084 (ms)
2026-07-08 07:49:14,646 [INFO] Pass: FixedPoint - 0.00668 (ms)
2026-07-08 07:49:14,646 [INFO] Pass: Size - 0.02956 (ms)
2026-07-08 07:49:14,646 [INFO] Pass: FixedPoint - 0.00453 (ms)
2026-07-08 07:49:14,647 [INFO] Pass: Optimize1qGatesDecomposition - 0.87142 (ms)
2026-07-08 07:49:14,647 [INFO] Pass: InverseCancellation - 0.00620 (ms)
2026-07-08 07:49:14,648 [INFO] Pass: GatesInBasis - 0.53072 (ms)
2026-07-08 07:49:14,648 [INFO] Pass: Depth - 0.08178 (ms)
2026-07-08 07:49:14,648 [INFO] Pass: FixedPoint - 0.00572 (ms)
2026-07-08 07:49:14,648 [INFO] Pass: Size - 0.02766 (ms)
2026-07-08 07:49:14,648 [INFO] Pass: FixedPoint - 0.00453 (ms)
2026-07-08 07:49:14,649 [INFO] Pass: Optimize1qGatesDecomposition - 0.71836 (ms)
2026-07-08 07:49:14,649 [INFO] Pass: InverseCancellation - 0.00668 (ms)
2026-07-08 07:49:14,649 [INFO] Pass: GatesInBasis - 0.39458 (ms)
2026-07-08 07:49:14,649 [INFO] Pass: Depth - 0.07725 (ms)
2026-07-08 07:49:14,649 [INFO] Pass: FixedPoint - 0.00501 (ms)
2026-07-08 07:49:14,649 [INFO] Pass: Size - 0.02766 (ms)
2026-07-08 07:49:14,649 [INFO] Pass: FixedPoint - 0.00405 (ms)
2026-07-08 07:49:14,649 [INFO] Pass: ContainsInstruction - 0.00429 (ms)
2026-07-08 07:49:14,650 [INFO] Total Transpile Time - 61.29885 (ms)
2026-07-08 08:02:49,485 [INFO] Pass: ContainsInstruction - 0.00787 (ms)
2026-07-08 08:02:49,486 [INFO] Pass: InverseCancellation - 0.00954 (ms)
2026-07-08 08:02:49,486 [INFO] Pass: UnitarySynthesis - 0.00429 (ms)
2026-07-08 08:02:49,486 [INFO] Pass: HighLevelSynthesis - 0.62203 (ms)
2026-07-08 08:02:49,487 [INFO] Pass: BasisTranslator - 0.34738 (ms)
2026-07-08 08:02:49,487 [INFO] Pass: Depth - 0.08535 (ms)
2026-07-08 08:02:49,487 [INFO] Pass: FixedPoint - 0.00811 (ms)
2026-07-08 08:02:49,487 [INFO] Pass: Size - 0.02718 (ms)
2026-07-08 08:02:49,487 [INFO] Pass: FixedPoint - 0.00453 (ms)
2026-07-08 08:02:49,487 [INFO] Pass: Optimize1qGatesDecomposition - 0.06008 (ms)
2026-07-08 08:02:49,487 [INFO] Pass: InverseCancellation - 0.00596 (ms)
2026-07-08 08:02:49,488 [INFO] Pass: GatesInBasis - 0.35954 (ms)
2026-07-08 08:02:49,488 [INFO] Pass: Depth - 0.07057 (ms)
2026-07-08 08:02:49,488 [INFO] Pass: FixedPoint - 0.00501 (ms)
2026-07-08 08:02:49,488 [INFO] Pass: Size - 0.02527 (ms)
2026-07-08 08:02:49,488 [INFO] Pass: FixedPoint - 0.00405 (ms)
2026-07-08 08:02:49,488 [INFO] Pass: ContainsInstruction - 0.00453 (ms)
2026-07-08 08:02:49,488 [INFO] Total Transpile Time - 60.26483 (ms)
2026-07-08 08:02:49,544 [INFO] Pass: ContainsInstruction - 0.00691 (ms)
2026-07-08 08:02:49,544 [INFO] Pass: InverseCancellation - 0.10109 (ms)
2026-07-08 08:02:49,544 [INFO] Pass: UnitarySynthesis - 0.00405 (ms)
2026-07-08 08:02:49,545 [INFO] Pass: HighLevelSynthesis - 0.66543 (ms)
2026-07-08 08:02:49,545 [INFO] Pass: BasisTranslator - 0.37265 (ms)
2026-07-08 08:02:49,546 [INFO] Pass: Depth - 0.08225 (ms)
2026-07-08 08:02:49,546 [INFO] Pass: FixedPoint - 0.00668 (ms)
2026-07-08 08:02:49,546 [INFO] Pass: Size - 0.02789 (ms)
2026-07-08 08:02:49,546 [INFO] Pass: FixedPoint - 0.00453 (ms)
2026-07-08 08:02:49,546 [INFO] Pass: Optimize1qGatesDecomposition - 0.74649 (ms)
2026-07-08 08:02:49,547 [INFO] Pass: InverseCancellation - 0.08941 (ms)
2026-07-08 08:02:49,547 [INFO] Pass: GatesInBasis - 0.39363 (ms)
2026-07-08 08:02:49,547 [INFO] Pass: Depth - 0.07701 (ms)
2026-07-08 08:02:49,547 [INFO] Pass: FixedPoint - 0.00548 (ms)
2026-07-08 08:02:49,547 [INFO] Pass: Size - 0.02718 (ms)
2026-07-08 08:02:49,547 [INFO] Pass: FixedPoint - 0.00429 (ms)
2026-07-08 08:02:49,547 [INFO] Pass: ContainsInstruction - 0.00429 (ms)
2026-07-08 08:02:49,548 [INFO] Total Transpile Time - 59.44943 (ms)
2026-07-08 08:02:49,603 [INFO] Pass: ContainsInstruction - 0.00644 (ms)
2026-07-08 08:02:49,604 [INFO] Pass: InverseCancellation - 0.10681 (ms)
2026-07-08 08:02:49,604 [INFO] Pass: UnitarySynthesis - 0.00405 (ms)
2026-07-08 08:02:49,605 [INFO] Pass: HighLevelSynthesis - 0.75197 (ms)
2026-07-08 08:02:49,605 [INFO] Pass: BasisTranslator - 0.41437 (ms)
2026-07-08 08:02:49,605 [INFO] Pass: Depth - 0.08702 (ms)
2026-07-08 08:02:49,605 [INFO] Pass: FixedPoint - 0.00668 (ms)
2026-07-08 08:02:49,605 [INFO] Pass: Size - 0.03004 (ms)
2026-07-08 08:02:49,605 [INFO] Pass: FixedPoint - 0.00429 (ms)
2026-07-08 08:02:49,606 [INFO] Pass: Optimize1qGatesDecomposition - 0.86451 (ms)
2026-07-08 08:02:49,606 [INFO] Pass: InverseCancellation - 0.00763 (ms)
2026-07-08 08:02:49,607 [INFO] Pass: GatesInBasis - 0.68092 (ms)
2026-07-08 08:02:49,607 [INFO] Pass: Depth - 0.08416 (ms)
2026-07-08 08:02:49,607 [INFO] Pass: FixedPoint - 0.00596 (ms)
2026-07-08 08:02:49,607 [INFO] Pass: Size - 0.02766 (ms)
2026-07-08 08:02:49,607 [INFO] Pass: FixedPoint - 0.00405 (ms)
2026-07-08 08:02:49,608 [INFO] Pass: Optimize1qGatesDecomposition - 0.72646 (ms)
2026-07-08 08:02:49,608 [INFO] Pass: InverseCancellation - 0.00668 (ms)
2026-07-08 08:02:49,608 [INFO] Pass: GatesInBasis - 0.38815 (ms)
2026-07-08 08:02:49,609 [INFO] Pass: Depth - 0.07677 (ms)
2026-07-08 08:02:49,609 [INFO] Pass: FixedPoint - 0.00477 (ms)
2026-07-08 08:02:49,609 [INFO] Pass: Size - 0.02742 (ms)
2026-07-08 08:02:49,609 [INFO] Pass: FixedPoint - 0.00405 (ms)
2026-07-08 08:02:49,609 [INFO] Pass: ContainsInstruction - 0.00453 (ms)
2026-07-08 08:02:49,609 [INFO] Total Transpile Time - 61.34295 (ms)
2026-07-08 08:16:24,585 [INFO] Pass: ContainsInstruction - 0.00858 (ms)
2026-07-08 08:16:24,586 [INFO] Pass: InverseCancellation - 0.01025 (ms)
2026-07-08 08:16:24,586 [INFO] Pass: UnitarySynthesis - 0.00477 (ms)
2026-07-08 08:16:24,586 [INFO] Pass: HighLevelSynthesis - 0.61417 (ms)
2026-07-08 08:16:24,587 [INFO] Pass: BasisTranslator - 0.34380 (ms)
2026-07-08 08:16:24,587 [INFO] Pass: Depth - 0.08726 (ms)
2026-07-08 08:16:24,587 [INFO] Pass: FixedPoint - 0.00811 (ms)
2026-07-08 08:16:24,587 [INFO] Pass: Size - 0.02813 (ms)
2026-07-08 08:16:24,587 [INFO] Pass: FixedPoint - 0.00477 (ms)
2026-07-08 08:16:24,587 [INFO] Pass: Optimize1qGatesDecomposition - 0.06247 (ms)
2026-07-08 08:16:24,587 [INFO] Pass: InverseCancellation - 0.00691 (ms)
2026-07-08 08:16:24,588 [INFO] Pass: GatesInBasis - 0.35787 (ms)
2026-07-08 08:16:24,588 [INFO] Pass: Depth - 0.07296 (ms)
2026-07-08 08:16:24,588 [INFO] Pass: FixedPoint - 0.00477 (ms)
2026-07-08 08:16:24,588 [INFO] Pass: Size - 0.02527 (ms)
2026-07-08 08:16:24,588 [INFO] Pass: FixedPoint - 0.00405 (ms)
2026-07-08 08:16:24,588 [INFO] Pass: ContainsInstruction - 0.00477 (ms)
2026-07-08 08:16:24,588 [INFO] Total Transpile Time - 59.98302 (ms)
2026-07-08 08:16:24,644 [INFO] Pass: ContainsInstruction - 0.00691 (ms)
2026-07-08 08:16:24,645 [INFO] Pass: InverseCancellation - 0.10443 (ms)
2026-07-08 08:16:24,645 [INFO] Pass: UnitarySynthesis - 0.00405 (ms)
2026-07-08 08:16:24,645 [INFO] Pass: HighLevelSynthesis - 0.67282 (ms)
2026-07-08 08:16:24,646 [INFO] Pass: BasisTranslator - 0.37384 (ms)
2026-07-08 08:16:24,646 [INFO] Pass: Depth - 0.08917 (ms)
2026-07-08 08:16:24,646 [INFO] Pass: FixedPoint - 0.00691 (ms)
2026-07-08 08:16:24,646 [INFO] Pass: Size - 0.02885 (ms)
2026-07-08 08:16:24,646 [INFO] Pass: FixedPoint - 0.00453 (ms)
2026-07-08 08:16:24,647 [INFO] Pass: Optimize1qGatesDecomposition - 0.75173 (ms)
2026-07-08 08:16:24,647 [INFO] Pass: InverseCancellation - 0.09012 (ms)
2026-07-08 08:16:24,647 [INFO] Pass: GatesInBasis - 0.38743 (ms)
2026-07-08 08:16:24,648 [INFO] Pass: Depth - 0.07701 (ms)
2026-07-08 08:16:24,648 [INFO] Pass: FixedPoint - 0.00525 (ms)
2026-07-08 08:16:24,648 [INFO] Pass: Size - 0.02694 (ms)
2026-07-08 08:16:24,648 [INFO] Pass: FixedPoint - 0.00405 (ms)
2026-07-08 08:16:24,648 [INFO] Pass: ContainsInstruction - 0.00429 (ms)
2026-07-08 08:16:24,648 [INFO] Total Transpile Time - 59.86071 (ms)
2026-07-08 08:16:24,704 [INFO] Pass: ContainsInstruction - 0.00668 (ms)
2026-07-08 08:16:24,705 [INFO] Pass: InverseCancellation - 0.11086 (ms)
2026-07-08 08:16:24,705 [INFO] Pass: UnitarySynthesis - 0.00453 (ms)
2026-07-08 08:16:24,705 [INFO] Pass: HighLevelSynthesis - 0.72789 (ms)
2026-07-08 08:16:24,706 [INFO] Pass: BasisTranslator - 0.40317 (ms)
2026-07-08 08:16:24,706 [INFO] Pass: Depth - 0.09394 (ms)
2026-07-08 08:16:24,706 [INFO] Pass: FixedPoint - 0.00715 (ms)
2026-07-08 08:16:24,706 [INFO] Pass: Size - 0.03028 (ms)
2026-07-08 08:16:24,706 [INFO] Pass: FixedPoint - 0.00429 (ms)
2026-07-08 08:16:24,707 [INFO] Pass: Optimize1qGatesDecomposition - 0.88000 (ms)
2026-07-08 08:16:24,707 [INFO] Pass: InverseCancellation - 0.00715 (ms)
2026-07-08 08:16:24,708 [INFO] Pass: GatesInBasis - 0.53668 (ms)
2026-07-08 08:16:24,708 [INFO] Pass: Depth - 0.08392 (ms)
2026-07-08 08:16:24,708 [INFO] Pass: FixedPoint - 0.00572 (ms)
2026-07-08 08:16:24,708 [INFO] Pass: Size - 0.02789 (ms)
2026-07-08 08:16:24,708 [INFO] Pass: FixedPoint - 0.00405 (ms)
2026-07-08 08:16:24,709 [INFO] Pass: Optimize1qGatesDecomposition - 0.71859 (ms)
2026-07-08 08:16:24,709 [INFO] Pass: InverseCancellation - 0.00715 (ms)
2026-07-08 08:16:24,709 [INFO] Pass: GatesInBasis - 0.39411 (ms)
2026-07-08 08:16:24,709 [INFO] Pass: Depth - 0.07868 (ms)
2026-07-08 08:16:24,709 [INFO] Pass: FixedPoint - 0.00525 (ms)
2026-07-08 08:16:24,709 [INFO] Pass: Size - 0.02694 (ms)
2026-07-08 08:16:24,709 [INFO] Pass: FixedPoint - 0.00405 (ms)
2026-07-08 08:16:24,709 [INFO] Pass: ContainsInstruction - 0.00477 (ms)
2026-07-08 08:16:24,710 [INFO] Total Transpile Time - 61.61571 (ms)
2026-07-08 08:30:03,619 [INFO] Pass: ContainsInstruction - 0.00811 (ms)
2026-07-08 08:30:03,620 [INFO] Pass: InverseCancellation - 0.00906 (ms)
2026-07-08 08:30:03,620 [INFO] Pass: UnitarySynthesis - 0.00453 (ms)
2026-07-08 08:30:03,621 [INFO] Pass: HighLevelSynthesis - 0.62919 (ms)
2026-07-08 08:30:03,621 [INFO] Pass: BasisTranslator - 0.34809 (ms)
2026-07-08 08:30:03,621 [INFO] Pass: Depth - 0.08678 (ms)
2026-07-08 08:30:03,621 [INFO] Pass: FixedPoint - 0.00811 (ms)
2026-07-08 08:30:03,621 [INFO] Pass: Size - 0.02766 (ms)
2026-07-08 08:30:03,621 [INFO] Pass: FixedPoint - 0.00429 (ms)
2026-07-08 08:30:03,621 [INFO] Pass: Optimize1qGatesDecomposition - 0.06175 (ms)
2026-07-08 08:30:03,621 [INFO] Pass: InverseCancellation - 0.00596 (ms)
2026-07-08 08:30:03,622 [INFO] Pass: GatesInBasis - 0.35858 (ms)
2026-07-08 08:30:03,622 [INFO] Pass: Depth - 0.07248 (ms)
2026-07-08 08:30:03,622 [INFO] Pass: FixedPoint - 0.00477 (ms)
2026-07-08 08:30:03,622 [INFO] Pass: Size - 0.03004 (ms)
2026-07-08 08:30:03,622 [INFO] Pass: FixedPoint - 0.00429 (ms)
2026-07-08 08:30:03,622 [INFO] Pass: ContainsInstruction - 0.00453 (ms)
2026-07-08 08:30:03,623 [INFO] Total Transpile Time - 60.38809 (ms)
2026-07-08 08:30:03,678 [INFO] Pass: ContainsInstruction - 0.00644 (ms)
2026-07-08 08:30:03,678 [INFO] Pass: InverseCancellation - 0.10157 (ms)
2026-07-08 08:30:03,678 [INFO] Pass: UnitarySynthesis - 0.00429 (ms)
2026-07-08 08:30:03,679 [INFO] Pass: HighLevelSynthesis - 0.67019 (ms)
2026-07-08 08:30:03,680 [INFO] Pass: BasisTranslator - 0.37098 (ms)
2026-07-08 08:30:03,680 [INFO] Pass: Depth - 0.08321 (ms)
2026-07-08 08:30:03,680 [INFO] Pass: FixedPoint - 0.00668 (ms)
2026-07-08 08:30:03,680 [INFO] Pass: Size - 0.02837 (ms)
2026-07-08 08:30:03,680 [INFO] Pass: FixedPoint - 0.00453 (ms)
2026-07-08 08:30:03,681 [INFO] Pass: Optimize1qGatesDecomposition - 0.75150 (ms)
2026-07-08 08:30:03,681 [INFO] Pass: InverseCancellation - 0.08774 (ms)
2026-07-08 08:30:03,681 [INFO] Pass: GatesInBasis - 0.39530 (ms)
2026-07-08 08:30:03,681 [INFO] Pass: Depth - 0.07772 (ms)
2026-07-08 08:30:03,681 [INFO] Pass: FixedPoint - 0.00548 (ms)
2026-07-08 08:30:03,681 [INFO] Pass: Size - 0.02742 (ms)
2026-07-08 08:30:03,681 [INFO] Pass: FixedPoint - 0.00405 (ms)
2026-07-08 08:30:03,681 [INFO] Pass: ContainsInstruction - 0.00429 (ms)
2026-07-08 08:30:03,682 [INFO] Total Transpile Time - 59.41916 (ms)
2026-07-08 08:30:03,738 [INFO] Pass: ContainsInstruction - 0.00644 (ms)
2026-07-08 08:30:03,738 [INFO] Pass: InverseCancellation - 0.11396 (ms)
2026-07-08 08:30:03,738 [INFO] Pass: UnitarySynthesis - 0.00429 (ms)
2026-07-08 08:30:03,739 [INFO] Pass: HighLevelSynthesis - 0.71692 (ms)
2026-07-08 08:30:03,739 [INFO] Pass: BasisTranslator - 0.41103 (ms)
2026-07-08 08:30:03,739 [INFO] Pass: Depth - 0.08702 (ms)
2026-07-08 08:30:03,739 [INFO] Pass: FixedPoint - 0.00620 (ms)
2026-07-08 08:30:03,739 [INFO] Pass: Size - 0.02956 (ms)
2026-07-08 08:30:03,739 [INFO] Pass: FixedPoint - 0.00429 (ms)
2026-07-08 08:30:03,740 [INFO] Pass: Optimize1qGatesDecomposition - 0.86069 (ms)
2026-07-08 08:30:03,740 [INFO] Pass: InverseCancellation - 0.00644 (ms)
2026-07-08 08:30:03,741 [INFO] Pass: GatesInBasis - 0.53334 (ms)
2026-07-08 08:30:03,741 [INFO] Pass: Depth - 0.08202 (ms)
2026-07-08 08:30:03,741 [INFO] Pass: FixedPoint - 0.00525 (ms)
2026-07-08 08:30:03,741 [INFO] Pass: Size - 0.02789 (ms)
2026-07-08 08:30:03,741 [INFO] Pass: FixedPoint - 0.00381 (ms)
2026-07-08 08:30:03,742 [INFO] Pass: Optimize1qGatesDecomposition - 0.72479 (ms)
2026-07-08 08:30:03,742 [INFO] Pass: InverseCancellation - 0.00691 (ms)
2026-07-08 08:30:03,742 [INFO] Pass: GatesInBasis - 0.39101 (ms)
2026-07-08 08:30:03,743 [INFO] Pass: Depth - 0.07820 (ms)
2026-07-08 08:30:03,743 [INFO] Pass: FixedPoint - 0.00501 (ms)
2026-07-08 08:30:03,743 [INFO] Pass: Size - 0.02742 (ms)
2026-07-08 08:30:03,743 [INFO] Pass: FixedPoint - 0.00405 (ms)
2026-07-08 08:30:03,743 [INFO] Pass: ContainsInstruction - 0.00429 (ms)
2026-07-08 08:30:03,743 [INFO] Total Transpile Time - 61.20706 (ms)
2026-07-08 08:43:45,148 [INFO] Pass: ContainsInstruction - 0.00882 (ms)
2026-07-08 08:43:45,149 [INFO] Pass: InverseCancellation - 0.00930 (ms)
2026-07-08 08:43:45,149 [INFO] Pass: UnitarySynthesis - 0.00453 (ms)
2026-07-08 08:43:45,149 [INFO] Pass: HighLevelSynthesis - 0.61798 (ms)
2026-07-08 08:43:45,150 [INFO] Pass: BasisTranslator - 0.35262 (ms)
2026-07-08 08:43:45,150 [INFO] Pass: Depth - 0.08726 (ms)
2026-07-08 08:43:45,150 [INFO] Pass: FixedPoint - 0.00763 (ms)
2026-07-08 08:43:45,150 [INFO] Pass: Size - 0.02742 (ms)
2026-07-08 08:43:45,150 [INFO] Pass: FixedPoint - 0.00429 (ms)
2026-07-08 08:43:45,150 [INFO] Pass: Optimize1qGatesDecomposition - 0.06080 (ms)
2026-07-08 08:43:45,150 [INFO] Pass: InverseCancellation - 0.00620 (ms)
2026-07-08 08:43:45,151 [INFO] Pass: GatesInBasis - 0.35453 (ms)
2026-07-08 08:43:45,151 [INFO] Pass: Depth - 0.07153 (ms)
2026-07-08 08:43:45,151 [INFO] Pass: FixedPoint - 0.00525 (ms)
2026-07-08 08:43:45,151 [INFO] Pass: Size - 0.02527 (ms)
2026-07-08 08:43:45,151 [INFO] Pass: FixedPoint - 0.00429 (ms)
2026-07-08 08:43:45,151 [INFO] Pass: ContainsInstruction - 0.00429 (ms)
2026-07-08 08:43:45,152 [INFO] Total Transpile Time - 59.90195 (ms)
2026-07-08 08:43:45,207 [INFO] Pass: ContainsInstruction - 0.00620 (ms)
2026-07-08 08:43:45,207 [INFO] Pass: InverseCancellation - 0.10133 (ms)
2026-07-08 08:43:45,207 [INFO] Pass: UnitarySynthesis - 0.00453 (ms)
2026-07-08 08:43:45,208 [INFO] Pass: HighLevelSynthesis - 0.66686 (ms)
2026-07-08 08:43:45,209 [INFO] Pass: BasisTranslator - 0.37503 (ms)
2026-07-08 08:43:45,209 [INFO] Pass: Depth - 0.08202 (ms)
2026-07-08 08:43:45,209 [INFO] Pass: FixedPoint - 0.00644 (ms)
2026-07-08 08:43:45,209 [INFO] Pass: Size - 0.02766 (ms)
2026-07-08 08:43:45,209 [INFO] Pass: FixedPoint - 0.00453 (ms)
2026-07-08 08:43:45,210 [INFO] Pass: Optimize1qGatesDecomposition - 0.74410 (ms)
2026-07-08 08:43:45,210 [INFO] Pass: InverseCancellation - 0.08965 (ms)
2026-07-08 08:43:45,210 [INFO] Pass: GatesInBasis - 0.39792 (ms)
2026-07-08 08:43:45,210 [INFO] Pass: Depth - 0.07725 (ms)
2026-07-08 08:43:45,210 [INFO] Pass: FixedPoint - 0.00548 (ms)
2026-07-08 08:43:45,210 [INFO] Pass: Size - 0.02718 (ms)
2026-07-08 08:43:45,210 [INFO] Pass: FixedPoint - 0.00405 (ms)
2026-07-08 08:43:45,211 [INFO] Pass: ContainsInstruction - 0.00453 (ms)
2026-07-08 08:43:45,211 [INFO] Total Transpile Time - 59.55839 (ms)
2026-07-08 08:43:45,266 [INFO] Pass: ContainsInstruction - 0.00620 (ms)
2026-07-08 08:43:45,267 [INFO] Pass: InverseCancellation - 0.10586 (ms)
2026-07-08 08:43:45,267 [INFO] Pass: UnitarySynthesis - 0.00429 (ms)
2026-07-08 08:43:45,267 [INFO] Pass: HighLevelSynthesis - 0.73171 (ms)
2026-07-08 08:43:45,268 [INFO] Pass: BasisTranslator - 0.41366 (ms)
2026-07-08 08:43:45,268 [INFO] Pass: Depth - 0.08559 (ms)
2026-07-08 08:43:45,268 [INFO] Pass: FixedPoint - 0.00644 (ms)
2026-07-08 08:43:45,268 [INFO] Pass: Size - 0.02933 (ms)
2026-07-08 08:43:45,268 [INFO] Pass: FixedPoint - 0.00429 (ms)
2026-07-08 08:43:45,269 [INFO] Pass: Optimize1qGatesDecomposition - 0.86904 (ms)
2026-07-08 08:43:45,269 [INFO] Pass: InverseCancellation - 0.00668 (ms)
2026-07-08 08:43:45,270 [INFO] Pass: GatesInBasis - 0.53430 (ms)
2026-07-08 08:43:45,270 [INFO] Pass: Depth - 0.08249 (ms)
2026-07-08 08:43:45,270 [INFO] Pass: FixedPoint - 0.00572 (ms)
2026-07-08 08:43:45,270 [INFO] Pass: Size - 0.02742 (ms)
2026-07-08 08:43:45,270 [INFO] Pass: FixedPoint - 0.00405 (ms)
2026-07-08 08:43:45,271 [INFO] Pass: Optimize1qGatesDecomposition - 0.71955 (ms)
2026-07-08 08:43:45,271 [INFO] Pass: InverseCancellation - 0.00668 (ms)
2026-07-08 08:43:45,271 [INFO] Pass: GatesInBasis - 0.39601 (ms)
2026-07-08 08:43:45,271 [INFO] Pass: Depth - 0.07701 (ms)
2026-07-08 08:43:45,271 [INFO] Pass: FixedPoint - 0.00477 (ms)
2026-07-08 08:43:45,271 [INFO] Pass: Size - 0.02718 (ms)
2026-07-08 08:43:45,271 [INFO] Pass: FixedPoint - 0.00405 (ms)
2026-07-08 08:43:45,271 [INFO] Pass: ContainsInstruction - 0.00453 (ms)
2026-07-08 08:43:45,272 [INFO] Total Transpile Time - 60.90927 (ms)
2026-07-08 08:57:32,719 [INFO] Pass: ContainsInstruction - 0.00882 (ms)
2026-07-08 08:57:32,719 [INFO] Pass: InverseCancellation - 0.01001 (ms)
2026-07-08 08:57:32,719 [INFO] Pass: UnitarySynthesis - 0.00453 (ms)
2026-07-08 08:57:32,720 [INFO] Pass: HighLevelSynthesis - 0.62823 (ms)
2026-07-08 08:57:32,720 [INFO] Pass: BasisTranslator - 0.34547 (ms)
2026-07-08 08:57:32,720 [INFO] Pass: Depth - 0.08702 (ms)
2026-07-08 08:57:32,720 [INFO] Pass: FixedPoint - 0.00834 (ms)
2026-07-08 08:57:32,721 [INFO] Pass: Size - 0.02766 (ms)
2026-07-08 08:57:32,721 [INFO] Pass: FixedPoint - 0.00453 (ms)
2026-07-08 08:57:32,721 [INFO] Pass: Optimize1qGatesDecomposition - 0.06175 (ms)
2026-07-08 08:57:32,721 [INFO] Pass: InverseCancellation - 0.00620 (ms)
2026-07-08 08:57:32,721 [INFO] Pass: GatesInBasis - 0.36407 (ms)
2026-07-08 08:57:32,721 [INFO] Pass: Depth - 0.07439 (ms)
2026-07-08 08:57:32,721 [INFO] Pass: FixedPoint - 0.00477 (ms)
2026-07-08 08:57:32,721 [INFO] Pass: Size - 0.02551 (ms)
2026-07-08 08:57:32,721 [INFO] Pass: FixedPoint - 0.00381 (ms)
2026-07-08 08:57:32,721 [INFO] Pass: ContainsInstruction - 0.00453 (ms)
2026-07-08 08:57:32,722 [INFO] Total Transpile Time - 60.08410 (ms)
2026-07-08 08:57:32,777 [INFO] Pass: ContainsInstruction - 0.00691 (ms)
2026-07-08 08:57:32,778 [INFO] Pass: InverseCancellation - 0.10347 (ms)
2026-07-08 08:57:32,778 [INFO] Pass: UnitarySynthesis - 0.00429 (ms)
2026-07-08 08:57:32,778 [INFO] Pass: HighLevelSynthesis - 0.67902 (ms)
2026-07-08 08:57:32,779 [INFO] Pass: BasisTranslator - 0.38099 (ms)
2026-07-08 08:57:32,779 [INFO] Pass: Depth - 0.08726 (ms)
2026-07-08 08:57:32,779 [INFO] Pass: FixedPoint - 0.00691 (ms)
2026-07-08 08:57:32,779 [INFO] Pass: Size - 0.02861 (ms)
2026-07-08 08:57:32,779 [INFO] Pass: FixedPoint - 0.00429 (ms)
2026-07-08 08:57:32,780 [INFO] Pass: Optimize1qGatesDecomposition - 0.74887 (ms)
2026-07-08 08:57:32,780 [INFO] Pass: InverseCancellation - 0.09203 (ms)
2026-07-08 08:57:32,780 [INFO] Pass: GatesInBasis - 0.38600 (ms)
2026-07-08 08:57:32,780 [INFO] Pass: Depth - 0.07772 (ms)
2026-07-08 08:57:32,781 [INFO] Pass: FixedPoint - 0.00525 (ms)
2026-07-08 08:57:32,781 [INFO] Pass: Size - 0.02694 (ms)
2026-07-08 08:57:32,781 [INFO] Pass: FixedPoint - 0.00405 (ms)
2026-07-08 08:57:32,781 [INFO] Pass: ContainsInstruction - 0.00453 (ms)
2026-07-08 08:57:32,781 [INFO] Total Transpile Time - 59.19409 (ms)
2026-07-08 08:57:32,837 [INFO] Pass: ContainsInstruction - 0.00620 (ms)
2026-07-08 08:57:32,837 [INFO] Pass: InverseCancellation - 0.10729 (ms)
2026-07-08 08:57:32,837 [INFO] Pass: UnitarySynthesis - 0.00429 (ms)
2026-07-08 08:57:32,838 [INFO] Pass: HighLevelSynthesis - 0.72908 (ms)
2026-07-08 08:57:32,838 [INFO] Pass: BasisTranslator - 0.40817 (ms)
2026-07-08 08:57:32,838 [INFO] Pass: Depth - 0.08655 (ms)
2026-07-08 08:57:32,838 [INFO] Pass: FixedPoint - 0.00620 (ms)
2026-07-08 08:57:32,839 [INFO] Pass: Size - 0.03004 (ms)
2026-07-08 08:57:32,839 [INFO] Pass: FixedPoint - 0.00429 (ms)
2026-07-08 08:57:32,839 [INFO] Pass: Optimize1qGatesDecomposition - 0.86665 (ms)
2026-07-08 08:57:32,840 [INFO] Pass: InverseCancellation - 0.00644 (ms)
2026-07-08 08:57:32,840 [INFO] Pass: GatesInBasis - 0.53477 (ms)
2026-07-08 08:57:32,840 [INFO] Pass: Depth - 0.08297 (ms)
2026-07-08 08:57:32,840 [INFO] Pass: FixedPoint - 0.00572 (ms)
2026-07-08 08:57:32,840 [INFO] Pass: Size - 0.02837 (ms)
2026-07-08 08:57:32,840 [INFO] Pass: FixedPoint - 0.00405 (ms)
2026-07-08 08:57:32,841 [INFO] Pass: Optimize1qGatesDecomposition - 0.72527 (ms)
2026-07-08 08:57:32,841 [INFO] Pass: InverseCancellation - 0.00691 (ms)
2026-07-08 08:57:32,842 [INFO] Pass: GatesInBasis - 0.39411 (ms)
2026-07-08 08:57:32,842 [INFO] Pass: Depth - 0.07677 (ms)
2026-07-08 08:57:32,842 [INFO] Pass: FixedPoint - 0.00501 (ms)
2026-07-08 08:57:32,842 [INFO] Pass: Size - 0.02742 (ms)
2026-07-08 08:57:32,842 [INFO] Pass: FixedPoint - 0.00405 (ms)
2026-07-08 08:57:32,842 [INFO] Pass: ContainsInstruction - 0.00453 (ms)
2026-07-08 08:57:32,843 [INFO] Total Transpile Time - 61.14483 (ms)
2026-07-08 09:11:12,636 [INFO] Pass: ContainsInstruction - 0.00787 (ms)
2026-07-08 09:11:12,636 [INFO] Pass: InverseCancellation - 0.01025 (ms)
2026-07-08 09:11:12,636 [INFO] Pass: UnitarySynthesis - 0.00477 (ms)
2026-07-08 09:11:12,637 [INFO] Pass: HighLevelSynthesis - 0.61631 (ms)
2026-07-08 09:11:12,637 [INFO] Pass: BasisTranslator - 0.35167 (ms)
2026-07-08 09:11:12,637 [INFO] Pass: Depth - 0.08583 (ms)
2026-07-08 09:11:12,637 [INFO] Pass: FixedPoint - 0.00739 (ms)
2026-07-08 09:11:12,637 [INFO] Pass: Size - 0.02646 (ms)
2026-07-08 09:11:12,637 [INFO] Pass: FixedPoint - 0.00477 (ms)
2026-07-08 09:11:12,637 [INFO] Pass: Optimize1qGatesDecomposition - 0.05913 (ms)
2026-07-08 09:11:12,637 [INFO] Pass: InverseCancellation - 0.00596 (ms)
2026-07-08 09:11:12,638 [INFO] Pass: GatesInBasis - 0.35286 (ms)
2026-07-08 09:11:12,638 [INFO] Pass: Depth - 0.07582 (ms)
2026-07-08 09:11:12,638 [INFO] Pass: FixedPoint - 0.00525 (ms)
2026-07-08 09:11:12,638 [INFO] Pass: Size - 0.02503 (ms)
2026-07-08 09:11:12,638 [INFO] Pass: FixedPoint - 0.00405 (ms)
2026-07-08 09:11:12,638 [INFO] Pass: ContainsInstruction - 0.00453 (ms)
2026-07-08 09:11:12,639 [INFO] Total Transpile Time - 61.99694 (ms)
2026-07-08 09:11:12,694 [INFO] Pass: ContainsInstruction - 0.00620 (ms)
2026-07-08 09:11:12,695 [INFO] Pass: InverseCancellation - 0.10014 (ms)
2026-07-08 09:11:12,695 [INFO] Pass: UnitarySynthesis - 0.00429 (ms)
2026-07-08 09:11:12,695 [INFO] Pass: HighLevelSynthesis - 0.66972 (ms)
2026-07-08 09:11:12,696 [INFO] Pass: BasisTranslator - 0.36979 (ms)
2026-07-08 09:11:12,696 [INFO] Pass: Depth - 0.08130 (ms)
2026-07-08 09:11:12,696 [INFO] Pass: FixedPoint - 0.00668 (ms)
2026-07-08 09:11:12,696 [INFO] Pass: Size - 0.02789 (ms)
2026-07-08 09:11:12,696 [INFO] Pass: FixedPoint - 0.00477 (ms)
2026-07-08 09:11:12,697 [INFO] Pass: Optimize1qGatesDecomposition - 0.74434 (ms)
2026-07-08 09:11:12,697 [INFO] Pass: InverseCancellation - 0.09251 (ms)
2026-07-08 09:11:12,697 [INFO] Pass: GatesInBasis - 0.38934 (ms)
2026-07-08 09:11:12,697 [INFO] Pass: Depth - 0.07725 (ms)
2026-07-08 09:11:12,698 [INFO] Pass: FixedPoint - 0.00548 (ms)
2026-07-08 09:11:12,698 [INFO] Pass: Size - 0.02670 (ms)
2026-07-08 09:11:12,698 [INFO] Pass: FixedPoint - 0.00405 (ms)
2026-07-08 09:11:12,698 [INFO] Pass: ContainsInstruction - 0.00429 (ms)
2026-07-08 09:11:12,698 [INFO] Total Transpile Time - 59.49235 (ms)
2026-07-08 09:11:12,754 [INFO] Pass: ContainsInstruction - 0.00668 (ms)
2026-07-08 09:11:12,754 [INFO] Pass: InverseCancellation - 0.10920 (ms)
2026-07-08 09:11:12,754 [INFO] Pass: UnitarySynthesis - 0.00429 (ms)
2026-07-08 09:11:12,755 [INFO] Pass: HighLevelSynthesis - 0.72098 (ms)
2026-07-08 09:11:12,755 [INFO] Pass: BasisTranslator - 0.41175 (ms)
2026-07-08 09:11:12,755 [INFO] Pass: Depth - 0.08821 (ms)
2026-07-08 09:11:12,755 [INFO] Pass: FixedPoint - 0.00596 (ms)
2026-07-08 09:11:12,755 [INFO] Pass: Size - 0.02956 (ms)
2026-07-08 09:11:12,755 [INFO] Pass: FixedPoint - 0.00429 (ms)
2026-07-08 09:11:12,756 [INFO] Pass: Optimize1qGatesDecomposition - 0.86498 (ms)
2026-07-08 09:11:12,756 [INFO] Pass: InverseCancellation - 0.00668 (ms)
2026-07-08 09:11:12,757 [INFO] Pass: GatesInBasis - 0.53787 (ms)
2026-07-08 09:11:12,757 [INFO] Pass: Depth - 0.08488 (ms)
2026-07-08 09:11:12,757 [INFO] Pass: FixedPoint - 0.00572 (ms)
2026-07-08 09:11:12,757 [INFO] Pass: Size - 0.02742 (ms)
2026-07-08 09:11:12,757 [INFO] Pass: FixedPoint - 0.00381 (ms)
2026-07-08 09:11:12,758 [INFO] Pass: Optimize1qGatesDecomposition - 0.72360 (ms)
2026-07-08 09:11:12,758 [INFO] Pass: InverseCancellation - 0.00668 (ms)
2026-07-08 09:11:12,759 [INFO] Pass: GatesInBasis - 0.38767 (ms)
2026-07-08 09:11:12,759 [INFO] Pass: Depth - 0.07796 (ms)
2026-07-08 09:11:12,759 [INFO] Pass: FixedPoint - 0.00501 (ms)
2026-07-08 09:11:12,759 [INFO] Pass: Size - 0.02718 (ms)
2026-07-08 09:11:12,759 [INFO] Pass: FixedPoint - 0.00381 (ms)
2026-07-08 09:11:12,759 [INFO] Pass: ContainsInstruction - 0.00453 (ms)
2026-07-08 09:11:12,759 [INFO] Total Transpile Time - 61.08928 (ms)
2026-07-08 09:24:41,381 [INFO] Pass: ContainsInstruction - 0.00763 (ms)
2026-07-08 09:24:41,381 [INFO] Pass: InverseCancellation - 0.00954 (ms)
2026-07-08 09:24:41,381 [INFO] Pass: UnitarySynthesis - 0.00453 (ms)
2026-07-08 09:24:41,382 [INFO] Pass: HighLevelSynthesis - 0.62418 (ms)
2026-07-08 09:24:41,382 [INFO] Pass: BasisTranslator - 0.34261 (ms)
2026-07-08 09:24:41,383 [INFO] Pass: Depth - 0.08655 (ms)
2026-07-08 09:24:41,383 [INFO] Pass: FixedPoint - 0.00834 (ms)
2026-07-08 09:24:41,383 [INFO] Pass: Size - 0.02766 (ms)
2026-07-08 09:24:41,383 [INFO] Pass: FixedPoint - 0.00477 (ms)
2026-07-08 09:24:41,383 [INFO] Pass: Optimize1qGatesDecomposition - 0.06151 (ms)
2026-07-08 09:24:41,383 [INFO] Pass: InverseCancellation - 0.00715 (ms)
2026-07-08 09:24:41,383 [INFO] Pass: GatesInBasis - 0.36383 (ms)
2026-07-08 09:24:41,383 [INFO] Pass: Depth - 0.07081 (ms)
2026-07-08 09:24:41,383 [INFO] Pass: FixedPoint - 0.00477 (ms)
2026-07-08 09:24:41,383 [INFO] Pass: Size - 0.02503 (ms)
2026-07-08 09:24:41,383 [INFO] Pass: FixedPoint - 0.00405 (ms)
2026-07-08 09:24:41,383 [INFO] Pass: ContainsInstruction - 0.00429 (ms)
2026-07-08 09:24:41,384 [INFO] Total Transpile Time - 59.67069 (ms)
2026-07-08 09:24:41,440 [INFO] Pass: ContainsInstruction - 0.00620 (ms)
2026-07-08 09:24:41,440 [INFO] Pass: InverseCancellation - 0.10562 (ms)
2026-07-08 09:24:41,440 [INFO] Pass: UnitarySynthesis - 0.00453 (ms)
2026-07-08 09:24:41,441 [INFO] Pass: HighLevelSynthesis - 0.65327 (ms)
2026-07-08 09:24:41,441 [INFO] Pass: BasisTranslator - 0.37551 (ms)
2026-07-08 09:24:41,441 [INFO] Pass: Depth - 0.08082 (ms)
2026-07-08 09:24:41,441 [INFO] Pass: FixedPoint - 0.00644 (ms)
2026-07-08 09:24:41,441 [INFO] Pass: Size - 0.02742 (ms)
2026-07-08 09:24:41,441 [INFO] Pass: FixedPoint - 0.00429 (ms)
2026-07-08 09:24:41,442 [INFO] Pass: Optimize1qGatesDecomposition - 0.75483 (ms)
2026-07-08 09:24:41,442 [INFO] Pass: InverseCancellation - 0.08631 (ms)
2026-07-08 09:24:41,443 [INFO] Pass: GatesInBasis - 0.39053 (ms)
2026-07-08 09:24:41,443 [INFO] Pass: Depth - 0.07582 (ms)
2026-07-08 09:24:41,443 [INFO] Pass: FixedPoint - 0.00525 (ms)
2026-07-08 09:24:41,443 [INFO] Pass: Size - 0.03076 (ms)
2026-07-08 09:24:41,443 [INFO] Pass: FixedPoint - 0.00405 (ms)
2026-07-08 09:24:41,443 [INFO] Pass: ContainsInstruction - 0.00453 (ms)
2026-07-08 09:24:41,444 [INFO] Total Transpile Time - 59.41558 (ms)
2026-07-08 09:24:41,499 [INFO] Pass: ContainsInstruction - 0.00644 (ms)
2026-07-08 09:24:41,499 [INFO] Pass: InverseCancellation - 0.10633 (ms)
2026-07-08 09:24:41,499 [INFO] Pass: UnitarySynthesis - 0.00453 (ms)
2026-07-08 09:24:41,500 [INFO] Pass: HighLevelSynthesis - 0.73504 (ms)
2026-07-08 09:24:41,501 [INFO] Pass: BasisTranslator - 0.40078 (ms)
2026-07-08 09:24:41,501 [INFO] Pass: Depth - 0.08512 (ms)
2026-07-08 09:24:41,501 [INFO] Pass: FixedPoint - 0.00644 (ms)
2026-07-08 09:24:41,501 [INFO] Pass: Size - 0.02933 (ms)
2026-07-08 09:24:41,501 [INFO] Pass: FixedPoint - 0.00429 (ms)
2026-07-08 09:24:41,502 [INFO] Pass: Optimize1qGatesDecomposition - 0.85616 (ms)
2026-07-08 09:24:41,502 [INFO] Pass: InverseCancellation - 0.00596 (ms)
2026-07-08 09:24:41,502 [INFO] Pass: GatesInBasis - 0.53525 (ms)
2026-07-08 09:24:41,503 [INFO] Pass: Depth - 0.08082 (ms)
2026-07-08 09:24:41,503 [INFO] Pass: FixedPoint - 0.00548 (ms)
2026-07-08 09:24:41,503 [INFO] Pass: Size - 0.02766 (ms)
2026-07-08 09:24:41,503 [INFO] Pass: FixedPoint - 0.00405 (ms)
2026-07-08 09:24:41,503 [INFO] Pass: Optimize1qGatesDecomposition - 0.72765 (ms)
2026-07-08 09:24:41,504 [INFO] Pass: InverseCancellation - 0.00691 (ms)
2026-07-08 09:24:41,504 [INFO] Pass: GatesInBasis - 0.39363 (ms)
2026-07-08 09:24:41,504 [INFO] Pass: Depth - 0.07701 (ms)
2026-07-08 09:24:41,504 [INFO] Pass: FixedPoint - 0.00477 (ms)
2026-07-08 09:24:41,504 [INFO] Pass: Size - 0.02718 (ms)
2026-07-08 09:24:41,504 [INFO] Pass: FixedPoint - 0.00405 (ms)
2026-07-08 09:24:41,504 [INFO] Pass: ContainsInstruction - 0.00477 (ms)
2026-07-08 09:24:41,505 [INFO] Total Transpile Time - 61.19347 (ms)
2026-07-08 09:38:13,799 [INFO] Pass: ContainsInstruction - 0.00882 (ms)
2026-07-08 09:38:13,800 [INFO] Pass: InverseCancellation - 0.00978 (ms)
2026-07-08 09:38:13,800 [INFO] Pass: UnitarySynthesis - 0.00453 (ms)
2026-07-08 09:38:13,800 [INFO] Pass: HighLevelSynthesis - 0.61560 (ms)
2026-07-08 09:38:13,801 [INFO] Pass: BasisTranslator - 0.35048 (ms)
2026-07-08 09:38:13,801 [INFO] Pass: Depth - 0.08798 (ms)
2026-07-08 09:38:13,801 [INFO] Pass: FixedPoint - 0.00882 (ms)
2026-07-08 09:38:13,801 [INFO] Pass: Size - 0.02885 (ms)
2026-07-08 09:38:13,801 [INFO] Pass: FixedPoint - 0.00453 (ms)
2026-07-08 09:38:13,801 [INFO] Pass: Optimize1qGatesDecomposition - 0.06461 (ms)
2026-07-08 09:38:13,801 [INFO] Pass: InverseCancellation - 0.00644 (ms)
2026-07-08 09:38:13,802 [INFO] Pass: GatesInBasis - 0.36025 (ms)
2026-07-08 09:38:13,802 [INFO] Pass: Depth - 0.07391 (ms)
2026-07-08 09:38:13,802 [INFO] Pass: FixedPoint - 0.00501 (ms)
2026-07-08 09:38:13,802 [INFO] Pass: Size - 0.02527 (ms)
2026-07-08 09:38:13,802 [INFO] Pass: FixedPoint - 0.00429 (ms)
2026-07-08 09:38:13,802 [INFO] Pass: ContainsInstruction - 0.00453 (ms)
2026-07-08 09:38:13,802 [INFO] Total Transpile Time - 60.49871 (ms)
2026-07-08 09:38:13,858 [INFO] Pass: ContainsInstruction - 0.00691 (ms)
2026-07-08 09:38:13,859 [INFO] Pass: InverseCancellation - 0.10276 (ms)
2026-07-08 09:38:13,859 [INFO] Pass: UnitarySynthesis - 0.00405 (ms)
2026-07-08 09:38:13,859 [INFO] Pass: HighLevelSynthesis - 0.67425 (ms)
2026-07-08 09:38:13,860 [INFO] Pass: BasisTranslator - 0.37622 (ms)
2026-07-08 09:38:13,860 [INFO] Pass: Depth - 0.08297 (ms)
2026-07-08 09:38:13,860 [INFO] Pass: FixedPoint - 0.00668 (ms)
2026-07-08 09:38:13,860 [INFO] Pass: Size - 0.02813 (ms)
2026-07-08 09:38:13,860 [INFO] Pass: FixedPoint - 0.00453 (ms)
2026-07-08 09:38:13,861 [INFO] Pass: Optimize1qGatesDecomposition - 0.75436 (ms)
2026-07-08 09:38:13,861 [INFO] Pass: InverseCancellation - 0.09537 (ms)
2026-07-08 09:38:13,861 [INFO] Pass: GatesInBasis - 0.38934 (ms)
2026-07-08 09:38:13,861 [INFO] Pass: Depth - 0.07725 (ms)
2026-07-08 09:38:13,862 [INFO] Pass: FixedPoint - 0.00572 (ms)
2026-07-08 09:38:13,862 [INFO] Pass: Size - 0.02718 (ms)
2026-07-08 09:38:13,862 [INFO] Pass: FixedPoint - 0.00429 (ms)
2026-07-08 09:38:13,862 [INFO] Pass: ContainsInstruction - 0.00429 (ms)
2026-07-08 09:38:13,862 [INFO] Total Transpile Time - 59.72719 (ms)
2026-07-08 09:38:13,918 [INFO] Pass: ContainsInstruction - 0.00644 (ms)
2026-07-08 09:38:13,918 [INFO] Pass: InverseCancellation - 0.10800 (ms)
2026-07-08 09:38:13,918 [INFO] Pass: UnitarySynthesis - 0.00453 (ms)
2026-07-08 09:38:13,919 [INFO] Pass: HighLevelSynthesis - 0.74291 (ms)
2026-07-08 09:38:13,919 [INFO] Pass: BasisTranslator - 0.40746 (ms)
2026-07-08 09:38:13,920 [INFO] Pass: Depth - 0.08631 (ms)
2026-07-08 09:38:13,920 [INFO] Pass: FixedPoint - 0.00691 (ms)
2026-07-08 09:38:13,920 [INFO] Pass: Size - 0.02956 (ms)
2026-07-08 09:38:13,920 [INFO] Pass: FixedPoint - 0.00429 (ms)
2026-07-08 09:38:13,921 [INFO] Pass: Optimize1qGatesDecomposition - 0.87309 (ms)
2026-07-08 09:38:13,921 [INFO] Pass: InverseCancellation - 0.00644 (ms)
2026-07-08 09:38:13,921 [INFO] Pass: GatesInBasis - 0.54145 (ms)
2026-07-08 09:38:13,921 [INFO] Pass: Depth - 0.08225 (ms)
2026-07-08 09:38:13,921 [INFO] Pass: FixedPoint - 0.00572 (ms)
2026-07-08 09:38:13,921 [INFO] Pass: Size - 0.02837 (ms)
2026-07-08 09:38:13,922 [INFO] Pass: FixedPoint - 0.00405 (ms)
2026-07-08 09:38:13,922 [INFO] Pass: Optimize1qGatesDecomposition - 0.72956 (ms)
2026-07-08 09:38:13,922 [INFO] Pass: InverseCancellation - 0.00620 (ms)
2026-07-08 09:38:13,923 [INFO] Pass: GatesInBasis - 0.38958 (ms)
2026-07-08 09:38:13,923 [INFO] Pass: Depth - 0.07701 (ms)
2026-07-08 09:38:13,923 [INFO] Pass: FixedPoint - 0.00501 (ms)
2026-07-08 09:38:13,923 [INFO] Pass: Size - 0.02718 (ms)
2026-07-08 09:38:13,923 [INFO] Pass: FixedPoint - 0.00405 (ms)
2026-07-08 09:38:13,923 [INFO] Pass: ContainsInstruction - 0.00453 (ms)
2026-07-08 09:38:13,924 [INFO] Total Transpile Time - 61.32388 (ms)
2026-07-08 09:51:54,920 [INFO] Pass: ContainsInstruction - 0.00811 (ms)
2026-07-08 09:51:54,921 [INFO] Pass: InverseCancellation - 0.00954 (ms)
2026-07-08 09:51:54,921 [INFO] Pass: UnitarySynthesis - 0.00501 (ms)
2026-07-08 09:51:54,922 [INFO] Pass: HighLevelSynthesis - 0.61607 (ms)
2026-07-08 09:51:54,922 [INFO] Pass: BasisTranslator - 0.35882 (ms)
2026-07-08 09:51:54,922 [INFO] Pass: Depth - 0.08464 (ms)
2026-07-08 09:51:54,922 [INFO] Pass: FixedPoint - 0.00858 (ms)
2026-07-08 09:51:54,922 [INFO] Pass: Size - 0.02837 (ms)
2026-07-08 09:51:54,922 [INFO] Pass: FixedPoint - 0.00477 (ms)
2026-07-08 09:51:54,923 [INFO] Pass: Optimize1qGatesDecomposition - 0.06247 (ms)
2026-07-08 09:51:54,923 [INFO] Pass: InverseCancellation - 0.00620 (ms)
2026-07-08 09:51:54,923 [INFO] Pass: GatesInBasis - 0.36311 (ms)
2026-07-08 09:51:54,923 [INFO] Pass: Depth - 0.07081 (ms)
2026-07-08 09:51:54,923 [INFO] Pass: FixedPoint - 0.00477 (ms)
2026-07-08 09:51:54,923 [INFO] Pass: Size - 0.02480 (ms)
2026-07-08 09:51:54,923 [INFO] Pass: FixedPoint - 0.00381 (ms)
2026-07-08 09:51:54,923 [INFO] Pass: ContainsInstruction - 0.00477 (ms)
2026-07-08 09:51:54,924 [INFO] Total Transpile Time - 65.24038 (ms)
2026-07-08 09:51:54,980 [INFO] Pass: ContainsInstruction - 0.00644 (ms)
2026-07-08 09:51:54,980 [INFO] Pass: InverseCancellation - 0.09990 (ms)
2026-07-08 09:51:54,980 [INFO] Pass: UnitarySynthesis - 0.00405 (ms)
2026-07-08 09:51:54,981 [INFO] Pass: HighLevelSynthesis - 0.66328 (ms)
2026-07-08 09:51:54,981 [INFO] Pass: BasisTranslator - 0.37336 (ms)
2026-07-08 09:51:54,982 [INFO] Pass: Depth - 0.08225 (ms)
2026-07-08 09:51:54,982 [INFO] Pass: FixedPoint - 0.00787 (ms)
2026-07-08 09:51:54,982 [INFO] Pass: Size - 0.02766 (ms)
2026-07-08 09:51:54,982 [INFO] Pass: FixedPoint - 0.00429 (ms)
2026-07-08 09:51:54,982 [INFO] Pass: Optimize1qGatesDecomposition - 0.75769 (ms)
2026-07-08 09:51:54,983 [INFO] Pass: InverseCancellation - 0.08798 (ms)
2026-07-08 09:51:54,983 [INFO] Pass: GatesInBasis - 0.39721 (ms)
2026-07-08 09:51:54,983 [INFO] Pass: Depth - 0.07677 (ms)
2026-07-08 09:51:54,983 [INFO] Pass: FixedPoint - 0.00525 (ms)
2026-07-08 09:51:54,983 [INFO] Pass: Size - 0.02670 (ms)
2026-07-08 09:51:54,983 [INFO] Pass: FixedPoint - 0.00429 (ms)
2026-07-08 09:51:54,983 [INFO] Pass: ContainsInstruction - 0.00429 (ms)
2026-07-08 09:51:54,984 [INFO] Total Transpile Time - 59.98302 (ms)
2026-07-08 09:51:55,040 [INFO] Pass: ContainsInstruction - 0.00644 (ms)
2026-07-08 09:51:55,040 [INFO] Pass: InverseCancellation - 0.10562 (ms)
2026-07-08 09:51:55,040 [INFO] Pass: UnitarySynthesis - 0.00405 (ms)
2026-07-08 09:51:55,041 [INFO] Pass: HighLevelSynthesis - 0.72455 (ms)
2026-07-08 09:51:55,041 [INFO] Pass: BasisTranslator - 0.41127 (ms)
2026-07-08 09:51:55,041 [INFO] Pass: Depth - 0.08607 (ms)
2026-07-08 09:51:55,041 [INFO] Pass: FixedPoint - 0.00691 (ms)
2026-07-08 09:51:55,041 [INFO] Pass: Size - 0.02956 (ms)
2026-07-08 09:51:55,041 [INFO] Pass: FixedPoint - 0.00453 (ms)
2026-07-08 09:51:55,042 [INFO] Pass: Optimize1qGatesDecomposition - 0.86474 (ms)
2026-07-08 09:51:55,042 [INFO] Pass: InverseCancellation - 0.00739 (ms)
2026-07-08 09:51:55,043 [INFO] Pass: GatesInBasis - 0.53596 (ms)
2026-07-08 09:51:55,043 [INFO] Pass: Depth - 0.08297 (ms)
2026-07-08 09:51:55,043 [INFO] Pass: FixedPoint - 0.00548 (ms)
2026-07-08 09:51:55,043 [INFO] Pass: Size - 0.02766 (ms)
2026-07-08 09:51:55,043 [INFO] Pass: FixedPoint - 0.00405 (ms)
2026-07-08 09:51:55,044 [INFO] Pass: Optimize1qGatesDecomposition - 0.72837 (ms)
2026-07-08 09:51:55,044 [INFO] Pass: InverseCancellation - 0.00691 (ms)
2026-07-08 09:51:55,044 [INFO] Pass: GatesInBasis - 0.39411 (ms)
2026-07-08 09:51:55,045 [INFO] Pass: Depth - 0.07868 (ms)
2026-07-08 09:51:55,045 [INFO] Pass: FixedPoint - 0.00477 (ms)
2026-07-08 09:51:55,045 [INFO] Pass: Size - 0.02742 (ms)
2026-07-08 09:51:55,045 [INFO] Pass: FixedPoint - 0.00381 (ms)
2026-07-08 09:51:55,045 [INFO] Pass: ContainsInstruction - 0.00477 (ms)
2026-07-08 09:51:55,045 [INFO] Total Transpile Time - 61.37323 (ms)
2026-07-08 10:05:35,572 [INFO] Pass: ContainsInstruction - 0.00811 (ms)
2026-07-08 10:05:35,574 [INFO] Pass: InverseCancellation - 0.00954 (ms)
2026-07-08 10:05:35,574 [INFO] Pass: UnitarySynthesis - 0.00477 (ms)
2026-07-08 10:05:35,574 [INFO] Pass: HighLevelSynthesis - 0.62323 (ms)
2026-07-08 10:05:35,575 [INFO] Pass: BasisTranslator - 0.34285 (ms)
2026-07-08 10:05:35,575 [INFO] Pass: Depth - 0.08821 (ms)
2026-07-08 10:05:35,575 [INFO] Pass: FixedPoint - 0.00763 (ms)
2026-07-08 10:05:35,575 [INFO] Pass: Size - 0.02742 (ms)
2026-07-08 10:05:35,575 [INFO] Pass: FixedPoint - 0.00429 (ms)
2026-07-08 10:05:35,575 [INFO] Pass: Optimize1qGatesDecomposition - 0.06080 (ms)
2026-07-08 10:05:35,575 [INFO] Pass: InverseCancellation - 0.00644 (ms)
2026-07-08 10:05:35,576 [INFO] Pass: GatesInBasis - 0.35429 (ms)
2026-07-08 10:05:35,576 [INFO] Pass: Depth - 0.07081 (ms)
2026-07-08 10:05:35,576 [INFO] Pass: FixedPoint - 0.00453 (ms)
2026-07-08 10:05:35,576 [INFO] Pass: Size - 0.02527 (ms)
2026-07-08 10:05:35,576 [INFO] Pass: FixedPoint - 0.00405 (ms)
2026-07-08 10:05:35,576 [INFO] Pass: ContainsInstruction - 0.00429 (ms)
2026-07-08 10:05:35,576 [INFO] Total Transpile Time - 61.45334 (ms)
2026-07-08 10:05:35,632 [INFO] Pass: ContainsInstruction - 0.00644 (ms)
2026-07-08 10:05:35,632 [INFO] Pass: InverseCancellation - 0.09918 (ms)
2026-07-08 10:05:35,632 [INFO] Pass: UnitarySynthesis - 0.00429 (ms)
2026-07-08 10:05:35,633 [INFO] Pass: HighLevelSynthesis - 0.66972 (ms)
2026-07-08 10:05:35,633 [INFO] Pass: BasisTranslator - 0.37122 (ms)
2026-07-08 10:05:35,634 [INFO] Pass: Depth - 0.08154 (ms)
2026-07-08 10:05:35,634 [INFO] Pass: FixedPoint - 0.00644 (ms)
2026-07-08 10:05:35,634 [INFO] Pass: Size - 0.02789 (ms)
2026-07-08 10:05:35,634 [INFO] Pass: FixedPoint - 0.00405 (ms)
2026-07-08 10:05:35,634 [INFO] Pass: Optimize1qGatesDecomposition - 0.75030 (ms)
2026-07-08 10:05:35,635 [INFO] Pass: InverseCancellation - 0.08750 (ms)
2026-07-08 10:05:35,635 [INFO] Pass: GatesInBasis - 0.39148 (ms)
2026-07-08 10:05:35,635 [INFO] Pass: Depth - 0.07606 (ms)
2026-07-08 10:05:35,635 [INFO] Pass: FixedPoint - 0.00548 (ms)
2026-07-08 10:05:35,635 [INFO] Pass: Size - 0.02646 (ms)
2026-07-08 10:05:35,635 [INFO] Pass: FixedPoint - 0.00405 (ms)
2026-07-08 10:05:35,635 [INFO] Pass: ContainsInstruction - 0.00429 (ms)
2026-07-08 10:05:35,636 [INFO] Total Transpile Time - 59.41987 (ms)
2026-07-08 10:05:35,692 [INFO] Pass: ContainsInstruction - 0.00596 (ms)
2026-07-08 10:05:35,692 [INFO] Pass: InverseCancellation - 0.11325 (ms)
2026-07-08 10:05:35,692 [INFO] Pass: UnitarySynthesis - 0.00477 (ms)
2026-07-08 10:05:35,693 [INFO] Pass: HighLevelSynthesis - 0.73361 (ms)
2026-07-08 10:05:35,693 [INFO] Pass: BasisTranslator - 0.40555 (ms)
2026-07-08 10:05:35,693 [INFO] Pass: Depth - 0.08678 (ms)
2026-07-08 10:05:35,693 [INFO] Pass: FixedPoint - 0.00644 (ms)
2026-07-08 10:05:35,693 [INFO] Pass: Size - 0.02933 (ms)
2026-07-08 10:05:35,693 [INFO] Pass: FixedPoint - 0.00405 (ms)
2026-07-08 10:05:35,694 [INFO] Pass: Optimize1qGatesDecomposition - 0.86260 (ms)
2026-07-08 10:05:35,694 [INFO] Pass: InverseCancellation - 0.00691 (ms)
2026-07-08 10:05:35,695 [INFO] Pass: GatesInBasis - 0.53668 (ms)
2026-07-08 10:05:35,695 [INFO] Pass: Depth - 0.08535 (ms)
2026-07-08 10:05:35,695 [INFO] Pass: FixedPoint - 0.00596 (ms)
2026-07-08 10:05:35,695 [INFO] Pass: Size - 0.02742 (ms)
2026-07-08 10:05:35,695 [INFO] Pass: FixedPoint - 0.00405 (ms)
2026-07-08 10:05:35,696 [INFO] Pass: Optimize1qGatesDecomposition - 0.71979 (ms)
2026-07-08 10:05:35,696 [INFO] Pass: InverseCancellation - 0.00668 (ms)
2026-07-08 10:05:35,696 [INFO] Pass: GatesInBasis - 0.39172 (ms)
2026-07-08 10:05:35,697 [INFO] Pass: Depth - 0.07820 (ms)
2026-07-08 10:05:35,697 [INFO] Pass: FixedPoint - 0.00525 (ms)
2026-07-08 10:05:35,697 [INFO] Pass: Size - 0.02742 (ms)
2026-07-08 10:05:35,697 [INFO] Pass: FixedPoint - 0.00405 (ms)
2026-07-08 10:05:35,697 [INFO] Pass: ContainsInstruction - 0.00429 (ms)
2026-07-08 10:05:35,697 [INFO] Total Transpile Time - 61.34534 (ms)
2026-07-08 10:19:15,935 [INFO] Pass: ContainsInstruction - 0.00906 (ms)
2026-07-08 10:19:15,935 [INFO] Pass: InverseCancellation - 0.01144 (ms)
2026-07-08 10:19:15,935 [INFO] Pass: UnitarySynthesis - 0.00453 (ms)
2026-07-08 10:19:15,936 [INFO] Pass: HighLevelSynthesis - 0.62013 (ms)
2026-07-08 10:19:15,937 [INFO] Pass: BasisTranslator - 0.34571 (ms)
2026-07-08 10:19:15,937 [INFO] Pass: Depth - 0.08965 (ms)
2026-07-08 10:19:15,937 [INFO] Pass: FixedPoint - 0.00858 (ms)
2026-07-08 10:19:15,937 [INFO] Pass: Size - 0.02718 (ms)
2026-07-08 10:19:15,937 [INFO] Pass: FixedPoint - 0.00429 (ms)
2026-07-08 10:19:15,937 [INFO] Pass: Optimize1qGatesDecomposition - 0.07057 (ms)
2026-07-08 10:19:15,937 [INFO] Pass: InverseCancellation - 0.00572 (ms)
2026-07-08 10:19:15,937 [INFO] Pass: GatesInBasis - 0.35548 (ms)
2026-07-08 10:19:15,937 [INFO] Pass: Depth - 0.07153 (ms)
2026-07-08 10:19:15,938 [INFO] Pass: FixedPoint - 0.00501 (ms)
2026-07-08 10:19:15,938 [INFO] Pass: Size - 0.02503 (ms)
2026-07-08 10:19:15,938 [INFO] Pass: FixedPoint - 0.00405 (ms)
2026-07-08 10:19:15,938 [INFO] Pass: ContainsInstruction - 0.00501 (ms)
2026-07-08 10:19:15,938 [INFO] Total Transpile Time - 59.81922 (ms)
2026-07-08 10:19:15,994 [INFO] Pass: ContainsInstruction - 0.00691 (ms)
2026-07-08 10:19:15,994 [INFO] Pass: InverseCancellation - 0.10347 (ms)
2026-07-08 10:19:15,994 [INFO] Pass: UnitarySynthesis - 0.00453 (ms)
2026-07-08 10:19:15,995 [INFO] Pass: HighLevelSynthesis - 0.67806 (ms)
2026-07-08 10:19:15,995 [INFO] Pass: BasisTranslator - 0.37146 (ms)
2026-07-08 10:19:15,995 [INFO] Pass: Depth - 0.08297 (ms)
2026-07-08 10:19:15,995 [INFO] Pass: FixedPoint - 0.00715 (ms)
2026-07-08 10:19:15,996 [INFO] Pass: Size - 0.02766 (ms)
2026-07-08 10:19:15,996 [INFO] Pass: FixedPoint - 0.00429 (ms)
2026-07-08 10:19:15,996 [INFO] Pass: Optimize1qGatesDecomposition - 0.75555 (ms)
2026-07-08 10:19:15,996 [INFO] Pass: InverseCancellation - 0.08655 (ms)
2026-07-08 10:19:15,997 [INFO] Pass: GatesInBasis - 0.39172 (ms)
2026-07-08 10:19:15,997 [INFO] Pass: Depth - 0.07606 (ms)
2026-07-08 10:19:15,997 [INFO] Pass: FixedPoint - 0.00501 (ms)
2026-07-08 10:19:15,997 [INFO] Pass: Size - 0.02670 (ms)
2026-07-08 10:19:15,997 [INFO] Pass: FixedPoint - 0.00429 (ms)
2026-07-08 10:19:15,997 [INFO] Pass: ContainsInstruction - 0.00429 (ms)
2026-07-08 10:19:15,998 [INFO] Total Transpile Time - 59.49116 (ms)
2026-07-08 10:19:16,053 [INFO] Pass: ContainsInstruction - 0.00668 (ms)
2026-07-08 10:19:16,053 [INFO] Pass: InverseCancellation - 0.10729 (ms)
2026-07-08 10:19:16,053 [INFO] Pass: UnitarySynthesis - 0.00405 (ms)
2026-07-08 10:19:16,054 [INFO] Pass: HighLevelSynthesis - 0.72742 (ms)
2026-07-08 10:19:16,055 [INFO] Pass: BasisTranslator - 0.40650 (ms)
2026-07-08 10:19:16,055 [INFO] Pass: Depth - 0.08702 (ms)
2026-07-08 10:19:16,055 [INFO] Pass: FixedPoint - 0.00668 (ms)
2026-07-08 10:19:16,055 [INFO] Pass: Size - 0.02956 (ms)
2026-07-08 10:19:16,055 [INFO] Pass: FixedPoint - 0.00429 (ms)
2026-07-08 10:19:16,056 [INFO] Pass: Optimize1qGatesDecomposition - 0.87261 (ms)
2026-07-08 10:19:16,056 [INFO] Pass: InverseCancellation - 0.00668 (ms)
2026-07-08 10:19:16,056 [INFO] Pass: GatesInBasis - 0.53835 (ms)
2026-07-08 10:19:16,057 [INFO] Pass: Depth - 0.08225 (ms)
2026-07-08 10:19:16,057 [INFO] Pass: FixedPoint - 0.00548 (ms)
2026-07-08 10:19:16,057 [INFO] Pass: Size - 0.02742 (ms)
2026-07-08 10:19:16,057 [INFO] Pass: FixedPoint - 0.00405 (ms)
2026-07-08 10:19:16,057 [INFO] Pass: Optimize1qGatesDecomposition - 0.72598 (ms)
2026-07-08 10:19:16,057 [INFO] Pass: InverseCancellation - 0.00691 (ms)
2026-07-08 10:19:16,058 [INFO] Pass: GatesInBasis - 0.38886 (ms)
2026-07-08 10:19:16,058 [INFO] Pass: Depth - 0.07629 (ms)
2026-07-08 10:19:16,058 [INFO] Pass: FixedPoint - 0.00501 (ms)
2026-07-08 10:19:16,058 [INFO] Pass: Size - 0.02670 (ms)
2026-07-08 10:19:16,058 [INFO] Pass: FixedPoint - 0.00429 (ms)
2026-07-08 10:19:16,058 [INFO] Pass: ContainsInstruction - 0.00429 (ms)
2026-07-08 10:19:16,059 [INFO] Total Transpile Time - 60.88066 (ms)
2026-07-08 10:33:02,313 [INFO] Pass: ContainsInstruction - 0.00906 (ms)
2026-07-08 10:33:02,314 [INFO] Pass: InverseCancellation - 0.00954 (ms)
2026-07-08 10:33:02,314 [INFO] Pass: UnitarySynthesis - 0.00453 (ms)
2026-07-08 10:33:02,315 [INFO] Pass: HighLevelSynthesis - 0.61345 (ms)
2026-07-08 10:33:02,315 [INFO] Pass: BasisTranslator - 0.34904 (ms)
2026-07-08 10:33:02,315 [INFO] Pass: Depth - 0.08678 (ms)
2026-07-08 10:33:02,315 [INFO] Pass: FixedPoint - 0.00739 (ms)
2026-07-08 10:33:02,315 [INFO] Pass: Size - 0.02742 (ms)
2026-07-08 10:33:02,315 [INFO] Pass: FixedPoint - 0.00501 (ms)
2026-07-08 10:33:02,315 [INFO] Pass: Optimize1qGatesDecomposition - 0.06199 (ms)
2026-07-08 10:33:02,315 [INFO] Pass: InverseCancellation - 0.00620 (ms)
2026-07-08 10:33:02,316 [INFO] Pass: GatesInBasis - 0.35620 (ms)
2026-07-08 10:33:02,316 [INFO] Pass: Depth - 0.07629 (ms)
2026-07-08 10:33:02,316 [INFO] Pass: FixedPoint - 0.00501 (ms)
2026-07-08 10:33:02,316 [INFO] Pass: Size - 0.02527 (ms)
2026-07-08 10:33:02,316 [INFO] Pass: FixedPoint - 0.00405 (ms)
2026-07-08 10:33:02,316 [INFO] Pass: ContainsInstruction - 0.00429 (ms)
2026-07-08 10:33:02,317 [INFO] Total Transpile Time - 59.99279 (ms)
2026-07-08 10:33:02,372 [INFO] Pass: ContainsInstruction - 0.00644 (ms)
2026-07-08 10:33:02,373 [INFO] Pass: InverseCancellation - 0.09918 (ms)
2026-07-08 10:33:02,373 [INFO] Pass: UnitarySynthesis - 0.00453 (ms)
2026-07-08 10:33:02,373 [INFO] Pass: HighLevelSynthesis - 0.65613 (ms)
2026-07-08 10:33:02,374 [INFO] Pass: BasisTranslator - 0.37193 (ms)
2026-07-08 10:33:02,374 [INFO] Pass: Depth - 0.08202 (ms)
2026-07-08 10:33:02,374 [INFO] Pass: FixedPoint - 0.00644 (ms)
2026-07-08 10:33:02,374 [INFO] Pass: Size - 0.02837 (ms)
2026-07-08 10:33:02,374 [INFO] Pass: FixedPoint - 0.00429 (ms)
2026-07-08 10:33:02,375 [INFO] Pass: Optimize1qGatesDecomposition - 0.74744 (ms)
2026-07-08 10:33:02,375 [INFO] Pass: InverseCancellation - 0.09465 (ms)
2026-07-08 10:33:02,375 [INFO] Pass: GatesInBasis - 0.39315 (ms)
2026-07-08 10:33:02,375 [INFO] Pass: Depth - 0.07701 (ms)
2026-07-08 10:33:02,376 [INFO] Pass: FixedPoint - 0.00525 (ms)
2026-07-08 10:33:02,376 [INFO] Pass: Size - 0.02718 (ms)
2026-07-08 10:33:02,376 [INFO] Pass: FixedPoint - 0.00429 (ms)
2026-07-08 10:33:02,376 [INFO] Pass: ContainsInstruction - 0.00453 (ms)
2026-07-08 10:33:02,376 [INFO] Total Transpile Time - 59.52120 (ms)
2026-07-08 10:33:02,432 [INFO] Pass: ContainsInstruction - 0.00620 (ms)
2026-07-08 10:33:02,432 [INFO] Pass: InverseCancellation - 0.10514 (ms)
2026-07-08 10:33:02,432 [INFO] Pass: UnitarySynthesis - 0.00405 (ms)
2026-07-08 10:33:02,433 [INFO] Pass: HighLevelSynthesis - 0.73862 (ms)
2026-07-08 10:33:02,433 [INFO] Pass: BasisTranslator - 0.40603 (ms)
2026-07-08 10:33:02,433 [INFO] Pass: Depth - 0.08559 (ms)
2026-07-08 10:33:02,434 [INFO] Pass: FixedPoint - 0.00644 (ms)
2026-07-08 10:33:02,434 [INFO] Pass: Size - 0.02933 (ms)
2026-07-08 10:33:02,434 [INFO] Pass: FixedPoint - 0.00429 (ms)
2026-07-08 10:33:02,435 [INFO] Pass: Optimize1qGatesDecomposition - 0.86141 (ms)
2026-07-08 10:33:02,435 [INFO] Pass: InverseCancellation - 0.00668 (ms)
2026-07-08 10:33:02,435 [INFO] Pass: GatesInBasis - 0.53549 (ms)
2026-07-08 10:33:02,435 [INFO] Pass: Depth - 0.08106 (ms)
2026-07-08 10:33:02,435 [INFO] Pass: FixedPoint - 0.00548 (ms)
2026-07-08 10:33:02,435 [INFO] Pass: Size - 0.02718 (ms)
2026-07-08 10:33:02,435 [INFO] Pass: FixedPoint - 0.00405 (ms)
2026-07-08 10:33:02,436 [INFO] Pass: Optimize1qGatesDecomposition - 0.72336 (ms)
2026-07-08 10:33:02,436 [INFO] Pass: InverseCancellation - 0.00596 (ms)
2026-07-08 10:33:02,437 [INFO] Pass: GatesInBasis - 0.38838 (ms)
2026-07-08 10:33:02,437 [INFO] Pass: Depth - 0.07629 (ms)
2026-07-08 10:33:02,437 [INFO] Pass: FixedPoint - 0.00477 (ms)
2026-07-08 10:33:02,437 [INFO] Pass: Size - 0.02718 (ms)
2026-07-08 10:33:02,437 [INFO] Pass: FixedPoint - 0.00858 (ms)
2026-07-08 10:33:02,437 [INFO] Pass: ContainsInstruction - 0.00453 (ms)
2026-07-08 10:33:02,438 [INFO] Total Transpile Time - 61.18798 (ms)
2026-07-08 10:46:33,842 [INFO] Pass: ContainsInstruction - 0.00882 (ms)
2026-07-08 10:46:33,842 [INFO] Pass: InverseCancellation - 0.00930 (ms)
2026-07-08 10:46:33,842 [INFO] Pass: UnitarySynthesis - 0.00453 (ms)
2026-07-08 10:46:33,843 [INFO] Pass: HighLevelSynthesis - 0.62656 (ms)
2026-07-08 10:46:33,843 [INFO] Pass: BasisTranslator - 0.35310 (ms)
2026-07-08 10:46:33,843 [INFO] Pass: Depth - 0.08750 (ms)
2026-07-08 10:46:33,843 [INFO] Pass: FixedPoint - 0.00763 (ms)
2026-07-08 10:46:33,843 [INFO] Pass: Size - 0.02813 (ms)
2026-07-08 10:46:33,843 [INFO] Pass: FixedPoint - 0.00477 (ms)
2026-07-08 10:46:33,843 [INFO] Pass: Optimize1qGatesDecomposition - 0.06318 (ms)
2026-07-08 10:46:33,843 [INFO] Pass: InverseCancellation - 0.00691 (ms)
2026-07-08 10:46:33,844 [INFO] Pass: GatesInBasis - 0.35763 (ms)
2026-07-08 10:46:33,844 [INFO] Pass: Depth - 0.07391 (ms)
2026-07-08 10:46:33,844 [INFO] Pass: FixedPoint - 0.00477 (ms)
2026-07-08 10:46:33,844 [INFO] Pass: Size - 0.02575 (ms)
2026-07-08 10:46:33,844 [INFO] Pass: FixedPoint - 0.00405 (ms)
2026-07-08 10:46:33,844 [INFO] Pass: ContainsInstruction - 0.00453 (ms)
2026-07-08 10:46:33,845 [INFO] Total Transpile Time - 62.28471 (ms)
2026-07-08 10:46:33,900 [INFO] Pass: ContainsInstruction - 0.00715 (ms)
2026-07-08 10:46:33,901 [INFO] Pass: InverseCancellation - 0.10300 (ms)
2026-07-08 10:46:33,901 [INFO] Pass: UnitarySynthesis - 0.00453 (ms)
2026-07-08 10:46:33,901 [INFO] Pass: HighLevelSynthesis - 0.66781 (ms)
2026-07-08 10:46:33,902 [INFO] Pass: BasisTranslator - 0.37169 (ms)
2026-07-08 10:46:33,902 [INFO] Pass: Depth - 0.09012 (ms)
2026-07-08 10:46:33,902 [INFO] Pass: FixedPoint - 0.00691 (ms)
2026-07-08 10:46:33,902 [INFO] Pass: Size - 0.02813 (ms)
2026-07-08 10:46:33,902 [INFO] Pass: FixedPoint - 0.00453 (ms)
2026-07-08 10:46:33,903 [INFO] Pass: Optimize1qGatesDecomposition - 0.75221 (ms)
2026-07-08 10:46:33,903 [INFO] Pass: InverseCancellation - 0.09012 (ms)
2026-07-08 10:46:33,903 [INFO] Pass: GatesInBasis - 0.39005 (ms)
2026-07-08 10:46:33,904 [INFO] Pass: Depth - 0.07892 (ms)
2026-07-08 10:46:33,904 [INFO] Pass: FixedPoint - 0.00548 (ms)
2026-07-08 10:46:33,904 [INFO] Pass: Size - 0.02766 (ms)
2026-07-08 10:46:33,904 [INFO] Pass: FixedPoint - 0.00429 (ms)
2026-07-08 10:46:33,904 [INFO] Pass: ContainsInstruction - 0.00429 (ms)
2026-07-08 10:46:33,904 [INFO] Total Transpile Time - 59.49140 (ms)
2026-07-08 10:46:33,960 [INFO] Pass: ContainsInstruction - 0.00668 (ms)
2026-07-08 10:46:33,960 [INFO] Pass: InverseCancellation - 0.11134 (ms)
2026-07-08 10:46:33,960 [INFO] Pass: UnitarySynthesis - 0.00429 (ms)
2026-07-08 10:46:33,961 [INFO] Pass: HighLevelSynthesis - 0.72694 (ms)
2026-07-08 10:46:33,961 [INFO] Pass: BasisTranslator - 0.40722 (ms)
2026-07-08 10:46:33,962 [INFO] Pass: Depth - 0.09012 (ms)
2026-07-08 10:46:33,962 [INFO] Pass: FixedPoint - 0.00668 (ms)
2026-07-08 10:46:33,962 [INFO] Pass: Size - 0.03004 (ms)
2026-07-08 10:46:33,962 [INFO] Pass: FixedPoint - 0.00477 (ms)
2026-07-08 10:46:33,963 [INFO] Pass: Optimize1qGatesDecomposition - 0.88072 (ms)
2026-07-08 10:46:33,963 [INFO] Pass: InverseCancellation - 0.00715 (ms)
2026-07-08 10:46:33,963 [INFO] Pass: GatesInBasis - 0.54836 (ms)
2026-07-08 10:46:33,963 [INFO] Pass: Depth - 0.08416 (ms)
2026-07-08 10:46:33,963 [INFO] Pass: FixedPoint - 0.00572 (ms)
2026-07-08 10:46:33,964 [INFO] Pass: Size - 0.02813 (ms)
2026-07-08 10:46:33,964 [INFO] Pass: FixedPoint - 0.00429 (ms)
2026-07-08 10:46:33,964 [INFO] Pass: Optimize1qGatesDecomposition - 0.73361 (ms)
2026-07-08 10:46:33,964 [INFO] Pass: InverseCancellation - 0.00787 (ms)
2026-07-08 10:46:33,965 [INFO] Pass: GatesInBasis - 0.38862 (ms)
2026-07-08 10:46:33,965 [INFO] Pass: Depth - 0.08345 (ms)
2026-07-08 10:46:33,965 [INFO] Pass: FixedPoint - 0.00501 (ms)
2026-07-08 10:46:33,965 [INFO] Pass: Size - 0.02718 (ms)
2026-07-08 10:46:33,965 [INFO] Pass: FixedPoint - 0.00405 (ms)
2026-07-08 10:46:33,965 [INFO] Pass: ContainsInstruction - 0.00477 (ms)
2026-07-08 10:46:33,966 [INFO] Total Transpile Time - 61.30791 (ms)
2026-07-08 11:00:13,840 [INFO] Pass: ContainsInstruction - 0.00882 (ms)
2026-07-08 11:00:13,842 [INFO] Pass: InverseCancellation - 0.00978 (ms)
2026-07-08 11:00:13,842 [INFO] Pass: UnitarySynthesis - 0.00477 (ms)
2026-07-08 11:00:13,843 [INFO] Pass: HighLevelSynthesis - 0.61107 (ms)
2026-07-08 11:00:13,843 [INFO] Pass: BasisTranslator - 0.35167 (ms)
2026-07-08 11:00:13,843 [INFO] Pass: Depth - 0.08655 (ms)
2026-07-08 11:00:13,843 [INFO] Pass: FixedPoint - 0.00763 (ms)
2026-07-08 11:00:13,843 [INFO] Pass: Size - 0.02742 (ms)
2026-07-08 11:00:13,843 [INFO] Pass: FixedPoint - 0.00453 (ms)
2026-07-08 11:00:13,843 [INFO] Pass: Optimize1qGatesDecomposition - 0.06175 (ms)
2026-07-08 11:00:13,844 [INFO] Pass: InverseCancellation - 0.00596 (ms)
2026-07-08 11:00:13,844 [INFO] Pass: GatesInBasis - 0.36049 (ms)
2026-07-08 11:00:13,844 [INFO] Pass: Depth - 0.07439 (ms)
2026-07-08 11:00:13,844 [INFO] Pass: FixedPoint - 0.00477 (ms)
2026-07-08 11:00:13,844 [INFO] Pass: Size - 0.02503 (ms)
2026-07-08 11:00:13,844 [INFO] Pass: FixedPoint - 0.00429 (ms)
2026-07-08 11:00:13,844 [INFO] Pass: ContainsInstruction - 0.00453 (ms)
2026-07-08 11:00:13,845 [INFO] Total Transpile Time - 62.41870 (ms)
2026-07-08 11:00:13,901 [INFO] Pass: ContainsInstruction - 0.00644 (ms)
2026-07-08 11:00:13,901 [INFO] Pass: InverseCancellation - 0.10252 (ms)
2026-07-08 11:00:13,901 [INFO] Pass: UnitarySynthesis - 0.00429 (ms)
2026-07-08 11:00:13,902 [INFO] Pass: HighLevelSynthesis - 0.65851 (ms)
2026-07-08 11:00:13,902 [INFO] Pass: BasisTranslator - 0.37289 (ms)
2026-07-08 11:00:13,902 [INFO] Pass: Depth - 0.08583 (ms)
2026-07-08 11:00:13,902 [INFO] Pass: FixedPoint - 0.00644 (ms)
2026-07-08 11:00:13,903 [INFO] Pass: Size - 0.02813 (ms)
2026-07-08 11:00:13,903 [INFO] Pass: FixedPoint - 0.00453 (ms)
2026-07-08 11:00:13,903 [INFO] Pass: Optimize1qGatesDecomposition - 0.75674 (ms)
2026-07-08 11:00:13,903 [INFO] Pass: InverseCancellation - 0.08869 (ms)
2026-07-08 11:00:13,904 [INFO] Pass: GatesInBasis - 0.39744 (ms)
2026-07-08 11:00:13,904 [INFO] Pass: Depth - 0.08059 (ms)
2026-07-08 11:00:13,904 [INFO] Pass: FixedPoint - 0.00525 (ms)
2026-07-08 11:00:13,904 [INFO] Pass: Size - 0.02718 (ms)
2026-07-08 11:00:13,904 [INFO] Pass: FixedPoint - 0.00381 (ms)
2026-07-08 11:00:13,904 [INFO] Pass: ContainsInstruction - 0.00453 (ms)
2026-07-08 11:00:13,905 [INFO] Total Transpile Time - 59.91197 (ms)
2026-07-08 11:00:13,960 [INFO] Pass: ContainsInstruction - 0.00620 (ms)
2026-07-08 11:00:13,961 [INFO] Pass: InverseCancellation - 0.10681 (ms)
2026-07-08 11:00:13,961 [INFO] Pass: UnitarySynthesis - 0.00429 (ms)
2026-07-08 11:00:13,961 [INFO] Pass: HighLevelSynthesis - 0.72360 (ms)
2026-07-08 11:00:13,962 [INFO] Pass: BasisTranslator - 0.40030 (ms)
2026-07-08 11:00:13,962 [INFO] Pass: Depth - 0.09370 (ms)
2026-07-08 11:00:13,962 [INFO] Pass: FixedPoint - 0.00644 (ms)
2026-07-08 11:00:13,962 [INFO] Pass: Size - 0.02980 (ms)
2026-07-08 11:00:13,962 [INFO] Pass: FixedPoint - 0.00477 (ms)
2026-07-08 11:00:13,963 [INFO] Pass: Optimize1qGatesDecomposition - 0.86379 (ms)
2026-07-08 11:00:13,963 [INFO] Pass: InverseCancellation - 0.00691 (ms)
2026-07-08 11:00:13,964 [INFO] Pass: GatesInBasis - 0.53787 (ms)
2026-07-08 11:00:13,964 [INFO] Pass: Depth - 0.08321 (ms)
2026-07-08 11:00:13,964 [INFO] Pass: FixedPoint - 0.00572 (ms)
2026-07-08 11:00:13,964 [INFO] Pass: Size - 0.02766 (ms)
2026-07-08 11:00:13,964 [INFO] Pass: FixedPoint - 0.00405 (ms)
2026-07-08 11:00:13,965 [INFO] Pass: Optimize1qGatesDecomposition - 0.72622 (ms)
2026-07-08 11:00:13,965 [INFO] Pass: InverseCancellation - 0.00691 (ms)
2026-07-08 11:00:13,965 [INFO] Pass: GatesInBasis - 0.39434 (ms)
2026-07-08 11:00:13,965 [INFO] Pass: Depth - 0.07844 (ms)
2026-07-08 11:00:13,965 [INFO] Pass: FixedPoint - 0.00525 (ms)
2026-07-08 11:00:13,965 [INFO] Pass: Size - 0.02718 (ms)
2026-07-08 11:00:13,965 [INFO] Pass: FixedPoint - 0.00405 (ms)
2026-07-08 11:00:13,965 [INFO] Pass: ContainsInstruction - 0.00453 (ms)
2026-07-08 11:00:13,966 [INFO] Total Transpile Time - 61.10501 (ms)
2026-07-08 11:13:47,898 [INFO] Pass: ContainsInstruction - 0.00834 (ms)
2026-07-08 11:13:47,899 [INFO] Pass: InverseCancellation - 0.00930 (ms)
2026-07-08 11:13:47,899 [INFO] Pass: UnitarySynthesis - 0.00453 (ms)
2026-07-08 11:13:47,900 [INFO] Pass: HighLevelSynthesis - 0.61250 (ms)
2026-07-08 11:13:47,900 [INFO] Pass: BasisTranslator - 0.35071 (ms)
2026-07-08 11:13:47,900 [INFO] Pass: Depth - 0.08535 (ms)
2026-07-08 11:13:47,900 [INFO] Pass: FixedPoint - 0.00763 (ms)
2026-07-08 11:13:47,900 [INFO] Pass: Size - 0.02789 (ms)
2026-07-08 11:13:47,900 [INFO] Pass: FixedPoint - 0.00453 (ms)
2026-07-08 11:13:47,900 [INFO] Pass: Optimize1qGatesDecomposition - 0.06247 (ms)
2026-07-08 11:13:47,900 [INFO] Pass: InverseCancellation - 0.00620 (ms)
2026-07-08 11:13:47,901 [INFO] Pass: GatesInBasis - 0.35644 (ms)
2026-07-08 11:13:47,901 [INFO] Pass: Depth - 0.07772 (ms)
2026-07-08 11:13:47,901 [INFO] Pass: FixedPoint - 0.00501 (ms)
2026-07-08 11:13:47,901 [INFO] Pass: Size - 0.02599 (ms)
2026-07-08 11:13:47,901 [INFO] Pass: FixedPoint - 0.00405 (ms)
2026-07-08 11:13:47,901 [INFO] Pass: ContainsInstruction - 0.00429 (ms)
2026-07-08 11:13:47,902 [INFO] Total Transpile Time - 60.52399 (ms)
2026-07-08 11:13:47,957 [INFO] Pass: ContainsInstruction - 0.00620 (ms)
2026-07-08 11:13:47,958 [INFO] Pass: InverseCancellation - 0.10419 (ms)
2026-07-08 11:13:47,958 [INFO] Pass: UnitarySynthesis - 0.00405 (ms)
2026-07-08 11:13:47,958 [INFO] Pass: HighLevelSynthesis - 0.67735 (ms)
2026-07-08 11:13:47,959 [INFO] Pass: BasisTranslator - 0.38147 (ms)
2026-07-08 11:13:47,959 [INFO] Pass: Depth - 0.08392 (ms)
2026-07-08 11:13:47,959 [INFO] Pass: FixedPoint - 0.00739 (ms)
2026-07-08 11:13:47,959 [INFO] Pass: Size - 0.02837 (ms)
2026-07-08 11:13:47,959 [INFO] Pass: FixedPoint - 0.00453 (ms)
2026-07-08 11:13:47,960 [INFO] Pass: Optimize1qGatesDecomposition - 0.75841 (ms)
2026-07-08 11:13:47,960 [INFO] Pass: InverseCancellation - 0.09584 (ms)
2026-07-08 11:13:47,960 [INFO] Pass: GatesInBasis - 0.38815 (ms)
2026-07-08 11:13:47,961 [INFO] Pass: Depth - 0.08011 (ms)
2026-07-08 11:13:47,961 [INFO] Pass: FixedPoint - 0.00525 (ms)
2026-07-08 11:13:47,961 [INFO] Pass: Size - 0.02789 (ms)
2026-07-08 11:13:47,961 [INFO] Pass: FixedPoint - 0.00405 (ms)
2026-07-08 11:13:47,961 [INFO] Pass: ContainsInstruction - 0.00453 (ms)
2026-07-08 11:13:47,961 [INFO] Total Transpile Time - 59.52477 (ms)
2026-07-08 11:13:48,017 [INFO] Pass: ContainsInstruction - 0.00620 (ms)
2026-07-08 11:13:48,017 [INFO] Pass: InverseCancellation - 0.10800 (ms)
2026-07-08 11:13:48,017 [INFO] Pass: UnitarySynthesis - 0.00429 (ms)
2026-07-08 11:13:48,018 [INFO] Pass: HighLevelSynthesis - 0.73266 (ms)
2026-07-08 11:13:48,019 [INFO] Pass: BasisTranslator - 0.40841 (ms)
2026-07-08 11:13:48,019 [INFO] Pass: Depth - 0.08655 (ms)
2026-07-08 11:13:48,019 [INFO] Pass: FixedPoint - 0.00620 (ms)
2026-07-08 11:13:48,019 [INFO] Pass: Size - 0.02980 (ms)
2026-07-08 11:13:48,019 [INFO] Pass: FixedPoint - 0.00429 (ms)
2026-07-08 11:13:48,020 [INFO] Pass: Optimize1qGatesDecomposition - 0.86284 (ms)
2026-07-08 11:13:48,020 [INFO] Pass: InverseCancellation - 0.00668 (ms)
2026-07-08 11:13:48,020 [INFO] Pass: GatesInBasis - 0.53763 (ms)
2026-07-08 11:13:48,021 [INFO] Pass: Depth - 0.08297 (ms)
2026-07-08 11:13:48,021 [INFO] Pass: FixedPoint - 0.00572 (ms)
2026-07-08 11:13:48,021 [INFO] Pass: Size - 0.02789 (ms)
2026-07-08 11:13:48,021 [INFO] Pass: FixedPoint - 0.00405 (ms)
2026-07-08 11:13:48,021 [INFO] Pass: Optimize1qGatesDecomposition - 0.72050 (ms)
2026-07-08 11:13:48,021 [INFO] Pass: InverseCancellation - 0.00691 (ms)
2026-07-08 11:13:48,022 [INFO] Pass: GatesInBasis - 0.38981 (ms)
2026-07-08 11:13:48,022 [INFO] Pass: Depth - 0.07725 (ms)
2026-07-08 11:13:48,022 [INFO] Pass: FixedPoint - 0.00477 (ms)
2026-07-08 11:13:48,022 [INFO] Pass: Size - 0.02646 (ms)
2026-07-08 11:13:48,022 [INFO] Pass: FixedPoint - 0.00381 (ms)
2026-07-08 11:13:48,022 [INFO] Pass: ContainsInstruction - 0.00429 (ms)
2026-07-08 11:13:48,023 [INFO] Total Transpile Time - 61.41973 (ms)
2026-07-08 11:27:31,194 [INFO] Pass: ContainsInstruction - 0.00787 (ms)
2026-07-08 11:27:31,194 [INFO] Pass: InverseCancellation - 0.01121 (ms)
2026-07-08 11:27:31,194 [INFO] Pass: UnitarySynthesis - 0.00477 (ms)
2026-07-08 11:27:31,195 [INFO] Pass: HighLevelSynthesis - 0.63348 (ms)
2026-07-08 11:27:31,195 [INFO] Pass: BasisTranslator - 0.34523 (ms)
2026-07-08 11:27:31,195 [INFO] Pass: Depth - 0.08821 (ms)
2026-07-08 11:27:31,196 [INFO] Pass: FixedPoint - 0.00811 (ms)
2026-07-08 11:27:31,196 [INFO] Pass: Size - 0.02789 (ms)
2026-07-08 11:27:31,196 [INFO] Pass: FixedPoint - 0.00453 (ms)
2026-07-08 11:27:31,196 [INFO] Pass: Optimize1qGatesDecomposition - 0.06318 (ms)
2026-07-08 11:27:31,196 [INFO] Pass: InverseCancellation - 0.00596 (ms)
2026-07-08 11:27:31,196 [INFO] Pass: GatesInBasis - 0.36192 (ms)
2026-07-08 11:27:31,196 [INFO] Pass: Depth - 0.07057 (ms)
2026-07-08 11:27:31,196 [INFO] Pass: FixedPoint - 0.00477 (ms)
2026-07-08 11:27:31,196 [INFO] Pass: Size - 0.02503 (ms)
2026-07-08 11:27:31,196 [INFO] Pass: FixedPoint - 0.00381 (ms)
2026-07-08 11:27:31,196 [INFO] Pass: ContainsInstruction - 0.00453 (ms)
2026-07-08 11:27:31,197 [INFO] Total Transpile Time - 59.97586 (ms)
2026-07-08 11:27:31,253 [INFO] Pass: ContainsInstruction - 0.00644 (ms)
2026-07-08 11:27:31,253 [INFO] Pass: InverseCancellation - 0.10157 (ms)
2026-07-08 11:27:31,253 [INFO] Pass: UnitarySynthesis - 0.00429 (ms)
2026-07-08 11:27:31,254 [INFO] Pass: HighLevelSynthesis - 0.65589 (ms)
2026-07-08 11:27:31,254 [INFO] Pass: BasisTranslator - 0.37241 (ms)
2026-07-08 11:27:31,254 [INFO] Pass: Depth - 0.08130 (ms)
2026-07-08 11:27:31,254 [INFO] Pass: FixedPoint - 0.00715 (ms)
2026-07-08 11:27:31,254 [INFO] Pass: Size - 0.02789 (ms)
2026-07-08 11:27:31,254 [INFO] Pass: FixedPoint - 0.00453 (ms)
2026-07-08 11:27:31,255 [INFO] Pass: Optimize1qGatesDecomposition - 0.75865 (ms)
2026-07-08 11:27:31,255 [INFO] Pass: InverseCancellation - 0.08655 (ms)
2026-07-08 11:27:31,256 [INFO] Pass: GatesInBasis - 0.39053 (ms)
2026-07-08 11:27:31,256 [INFO] Pass: Depth - 0.08154 (ms)
2026-07-08 11:27:31,256 [INFO] Pass: FixedPoint - 0.00525 (ms)
2026-07-08 11:27:31,256 [INFO] Pass: Size - 0.02742 (ms)
2026-07-08 11:27:31,256 [INFO] Pass: FixedPoint - 0.00405 (ms)
2026-07-08 11:27:31,256 [INFO] Pass: ContainsInstruction - 0.00429 (ms)
2026-07-08 11:27:31,257 [INFO] Total Transpile Time - 59.56292 (ms)
2026-07-08 11:27:31,312 [INFO] Pass: ContainsInstruction - 0.00668 (ms)
2026-07-08 11:27:31,312 [INFO] Pass: InverseCancellation - 0.10657 (ms)
2026-07-08 11:27:31,312 [INFO] Pass: UnitarySynthesis - 0.00429 (ms)
2026-07-08 11:27:31,313 [INFO] Pass: HighLevelSynthesis - 0.72122 (ms)
2026-07-08 11:27:31,314 [INFO] Pass: BasisTranslator - 0.40460 (ms)
2026-07-08 11:27:31,314 [INFO] Pass: Depth - 0.08607 (ms)
2026-07-08 11:27:31,314 [INFO] Pass: FixedPoint - 0.00668 (ms)
2026-07-08 11:27:31,314 [INFO] Pass: Size - 0.02956 (ms)
2026-07-08 11:27:31,314 [INFO] Pass: FixedPoint - 0.00429 (ms)
2026-07-08 11:27:31,315 [INFO] Pass: Optimize1qGatesDecomposition - 0.86069 (ms)
2026-07-08 11:27:31,315 [INFO] Pass: InverseCancellation - 0.00668 (ms)
2026-07-08 11:27:31,315 [INFO] Pass: GatesInBasis - 0.53358 (ms)
2026-07-08 11:27:31,315 [INFO] Pass: Depth - 0.08297 (ms)
2026-07-08 11:27:31,316 [INFO] Pass: FixedPoint - 0.00596 (ms)
2026-07-08 11:27:31,316 [INFO] Pass: Size - 0.02813 (ms)
2026-07-08 11:27:31,316 [INFO] Pass: FixedPoint - 0.00429 (ms)
2026-07-08 11:27:31,316 [INFO] Pass: Optimize1qGatesDecomposition - 0.72813 (ms)
2026-07-08 11:27:31,316 [INFO] Pass: InverseCancellation - 0.00715 (ms)
2026-07-08 11:27:31,317 [INFO] Pass: GatesInBasis - 0.38862 (ms)
2026-07-08 11:27:31,317 [INFO] Pass: Depth - 0.07820 (ms)
2026-07-08 11:27:31,317 [INFO] Pass: FixedPoint - 0.00548 (ms)
2026-07-08 11:27:31,317 [INFO] Pass: Size - 0.02766 (ms)
2026-07-08 11:27:31,317 [INFO] Pass: FixedPoint - 0.00429 (ms)
2026-07-08 11:27:31,317 [INFO] Pass: ContainsInstruction - 0.00477 (ms)
2026-07-08 11:27:31,318 [INFO] Total Transpile Time - 60.98747 (ms)
2026-07-08 11:41:15,513 [INFO] Pass: ContainsInstruction - 0.01025 (ms)
2026-07-08 11:41:15,514 [INFO] Pass: InverseCancellation - 0.01216 (ms)
2026-07-08 11:41:15,514 [INFO] Pass: UnitarySynthesis - 0.00525 (ms)
2026-07-08 11:41:15,514 [INFO] Pass: HighLevelSynthesis - 0.62704 (ms)
2026-07-08 11:41:15,515 [INFO] Pass: BasisTranslator - 0.34809 (ms)
2026-07-08 11:41:15,515 [INFO] Pass: Depth - 0.09251 (ms)
2026-07-08 11:41:15,515 [INFO] Pass: FixedPoint - 0.00834 (ms)
2026-07-08 11:41:15,515 [INFO] Pass: Size - 0.02861 (ms)
2026-07-08 11:41:15,515 [INFO] Pass: FixedPoint - 0.00453 (ms)
2026-07-08 11:41:15,515 [INFO] Pass: Optimize1qGatesDecomposition - 0.06533 (ms)
2026-07-08 11:41:15,515 [INFO] Pass: InverseCancellation - 0.00596 (ms)
2026-07-08 11:41:15,516 [INFO] Pass: GatesInBasis - 0.36097 (ms)
2026-07-08 11:41:15,516 [INFO] Pass: Depth - 0.07033 (ms)
2026-07-08 11:41:15,516 [INFO] Pass: FixedPoint - 0.00501 (ms)
2026-07-08 11:41:15,516 [INFO] Pass: Size - 0.02527 (ms)
2026-07-08 11:41:15,516 [INFO] Pass: FixedPoint - 0.00405 (ms)
2026-07-08 11:41:15,516 [INFO] Pass: ContainsInstruction - 0.00477 (ms)
2026-07-08 11:41:15,517 [INFO] Total Transpile Time - 60.73284 (ms)
2026-07-08 11:41:15,572 [INFO] Pass: ContainsInstruction - 0.00620 (ms)
2026-07-08 11:41:15,572 [INFO] Pass: InverseCancellation - 0.10276 (ms)
2026-07-08 11:41:15,572 [INFO] Pass: UnitarySynthesis - 0.00429 (ms)
2026-07-08 11:41:15,573 [INFO] Pass: HighLevelSynthesis - 0.66233 (ms)
2026-07-08 11:41:15,574 [INFO] Pass: BasisTranslator - 0.38004 (ms)
2026-07-08 11:41:15,574 [INFO] Pass: Depth - 0.08297 (ms)
2026-07-08 11:41:15,574 [INFO] Pass: FixedPoint - 0.00668 (ms)
2026-07-08 11:41:15,574 [INFO] Pass: Size - 0.02789 (ms)
2026-07-08 11:41:15,574 [INFO] Pass: FixedPoint - 0.00429 (ms)
2026-07-08 11:41:15,575 [INFO] Pass: Optimize1qGatesDecomposition - 0.75769 (ms)
2026-07-08 11:41:15,575 [INFO] Pass: InverseCancellation - 0.08702 (ms)
2026-07-08 11:41:15,575 [INFO] Pass: GatesInBasis - 0.39601 (ms)
2026-07-08 11:41:15,575 [INFO] Pass: Depth - 0.07677 (ms)
2026-07-08 11:41:15,575 [INFO] Pass: FixedPoint - 0.00501 (ms)
2026-07-08 11:41:15,575 [INFO] Pass: Size - 0.02670 (ms)
2026-07-08 11:41:15,575 [INFO] Pass: FixedPoint - 0.00381 (ms)
2026-07-08 11:41:15,576 [INFO] Pass: ContainsInstruction - 0.00453 (ms)
2026-07-08 11:41:15,576 [INFO] Total Transpile Time - 59.48377 (ms)
2026-07-08 11:41:15,632 [INFO] Pass: ContainsInstruction - 0.00620 (ms)
2026-07-08 11:41:15,632 [INFO] Pass: InverseCancellation - 0.11039 (ms)
2026-07-08 11:41:15,632 [INFO] Pass: UnitarySynthesis - 0.00453 (ms)
2026-07-08 11:41:15,633 [INFO] Pass: HighLevelSynthesis - 0.73028 (ms)
2026-07-08 11:41:15,633 [INFO] Pass: BasisTranslator - 0.41056 (ms)
2026-07-08 11:41:15,633 [INFO] Pass: Depth - 0.08631 (ms)
2026-07-08 11:41:15,633 [INFO] Pass: FixedPoint - 0.00644 (ms)
2026-07-08 11:41:15,633 [INFO] Pass: Size - 0.02933 (ms)
2026-07-08 11:41:15,633 [INFO] Pass: FixedPoint - 0.00429 (ms)
2026-07-08 11:41:15,634 [INFO] Pass: Optimize1qGatesDecomposition - 0.87094 (ms)
2026-07-08 11:41:15,634 [INFO] Pass: InverseCancellation - 0.00668 (ms)
2026-07-08 11:41:15,635 [INFO] Pass: GatesInBasis - 0.53048 (ms)
2026-07-08 11:41:15,635 [INFO] Pass: Depth - 0.08130 (ms)
2026-07-08 11:41:15,635 [INFO] Pass: FixedPoint - 0.00548 (ms)
2026-07-08 11:41:15,635 [INFO] Pass: Size - 0.02718 (ms)
2026-07-08 11:41:15,635 [INFO] Pass: FixedPoint - 0.00405 (ms)
2026-07-08 11:41:15,636 [INFO] Pass: Optimize1qGatesDecomposition - 0.72217 (ms)
2026-07-08 11:41:15,636 [INFO] Pass: InverseCancellation - 0.00644 (ms)
2026-07-08 11:41:15,636 [INFO] Pass: GatesInBasis - 0.39315 (ms)
2026-07-08 11:41:15,637 [INFO] Pass: Depth - 0.07582 (ms)
2026-07-08 11:41:15,637 [INFO] Pass: FixedPoint - 0.00453 (ms)
2026-07-08 11:41:15,637 [INFO] Pass: Size - 0.02623 (ms)
2026-07-08 11:41:15,637 [INFO] Pass: FixedPoint - 0.00405 (ms)
2026-07-08 11:41:15,637 [INFO] Pass: ContainsInstruction - 0.00453 (ms)
2026-07-08 11:41:15,637 [INFO] Total Transpile Time - 61.15079 (ms)
2026-07-08 11:55:00,300 [INFO] Pass: ContainsInstruction - 0.00787 (ms)
2026-07-08 11:55:00,300 [INFO] Pass: InverseCancellation - 0.00954 (ms)
2026-07-08 11:55:00,300 [INFO] Pass: UnitarySynthesis - 0.00429 (ms)
2026-07-08 11:55:00,301 [INFO] Pass: HighLevelSynthesis - 0.62037 (ms)
2026-07-08 11:55:00,301 [INFO] Pass: BasisTranslator - 0.34332 (ms)
2026-07-08 11:55:00,301 [INFO] Pass: Depth - 0.08488 (ms)
2026-07-08 11:55:00,302 [INFO] Pass: FixedPoint - 0.00787 (ms)
2026-07-08 11:55:00,302 [INFO] Pass: Size - 0.02789 (ms)
2026-07-08 11:55:00,302 [INFO] Pass: FixedPoint - 0.00477 (ms)
2026-07-08 11:55:00,302 [INFO] Pass: Optimize1qGatesDecomposition - 0.06056 (ms)
2026-07-08 11:55:00,302 [INFO] Pass: InverseCancellation - 0.00596 (ms)
2026-07-08 11:55:00,302 [INFO] Pass: GatesInBasis - 0.35930 (ms)
2026-07-08 11:55:00,302 [INFO] Pass: Depth - 0.07415 (ms)
2026-07-08 11:55:00,302 [INFO] Pass: FixedPoint - 0.00477 (ms)
2026-07-08 11:55:00,302 [INFO] Pass: Size - 0.02503 (ms)
2026-07-08 11:55:00,302 [INFO] Pass: FixedPoint - 0.00381 (ms)
2026-07-08 11:55:00,302 [INFO] Pass: ContainsInstruction - 0.00429 (ms)
2026-07-08 11:55:00,303 [INFO] Total Transpile Time - 59.64041 (ms)
2026-07-08 11:55:00,359 [INFO] Pass: ContainsInstruction - 0.01001 (ms)
2026-07-08 11:55:00,359 [INFO] Pass: InverseCancellation - 0.10109 (ms)
2026-07-08 11:55:00,359 [INFO] Pass: UnitarySynthesis - 0.00477 (ms)
2026-07-08 11:55:00,360 [INFO] Pass: HighLevelSynthesis - 0.65207 (ms)
2026-07-08 11:55:00,360 [INFO] Pass: BasisTranslator - 0.37408 (ms)
2026-07-08 11:55:00,360 [INFO] Pass: Depth - 0.08225 (ms)
2026-07-08 11:55:00,360 [INFO] Pass: FixedPoint - 0.00668 (ms)
2026-07-08 11:55:00,360 [INFO] Pass: Size - 0.02813 (ms)
2026-07-08 11:55:00,361 [INFO] Pass: FixedPoint - 0.00453 (ms)
2026-07-08 11:55:00,361 [INFO] Pass: Optimize1qGatesDecomposition - 0.75150 (ms)
2026-07-08 11:55:00,361 [INFO] Pass: InverseCancellation - 0.08750 (ms)
2026-07-08 11:55:00,362 [INFO] Pass: GatesInBasis - 0.39053 (ms)
2026-07-08 11:55:00,362 [INFO] Pass: Depth - 0.07868 (ms)
2026-07-08 11:55:00,362 [INFO] Pass: FixedPoint - 0.00501 (ms)
2026-07-08 11:55:00,362 [INFO] Pass: Size - 0.02718 (ms)
2026-07-08 11:55:00,362 [INFO] Pass: FixedPoint - 0.00429 (ms)
2026-07-08 11:55:00,362 [INFO] Pass: ContainsInstruction - 0.00453 (ms)
2026-07-08 11:55:00,363 [INFO] Total Transpile Time - 59.61704 (ms)
2026-07-08 11:55:00,418 [INFO] Pass: ContainsInstruction - 0.00620 (ms)
2026-07-08 11:55:00,418 [INFO] Pass: InverseCancellation - 0.10824 (ms)
2026-07-08 11:55:00,418 [INFO] Pass: UnitarySynthesis - 0.00453 (ms)
2026-07-08 11:55:00,419 [INFO] Pass: HighLevelSynthesis - 0.72551 (ms)
2026-07-08 11:55:00,420 [INFO] Pass: BasisTranslator - 0.41175 (ms)
2026-07-08 11:55:00,420 [INFO] Pass: Depth - 0.08631 (ms)
2026-07-08 11:55:00,420 [INFO] Pass: FixedPoint - 0.00620 (ms)
2026-07-08 11:55:00,420 [INFO] Pass: Size - 0.02980 (ms)
2026-07-08 11:55:00,420 [INFO] Pass: FixedPoint - 0.00429 (ms)
2026-07-08 11:55:00,421 [INFO] Pass: Optimize1qGatesDecomposition - 0.86355 (ms)
2026-07-08 11:55:00,421 [INFO] Pass: InverseCancellation - 0.00644 (ms)
2026-07-08 11:55:00,421 [INFO] Pass: GatesInBasis - 0.52977 (ms)
2026-07-08 11:55:00,422 [INFO] Pass: Depth - 0.08297 (ms)
2026-07-08 11:55:00,422 [INFO] Pass: FixedPoint - 0.00572 (ms)
2026-07-08 11:55:00,422 [INFO] Pass: Size - 0.02789 (ms)
2026-07-08 11:55:00,422 [INFO] Pass: FixedPoint - 0.00405 (ms)
2026-07-08 11:55:00,422 [INFO] Pass: Optimize1qGatesDecomposition - 0.72122 (ms)
2026-07-08 11:55:00,423 [INFO] Pass: InverseCancellation - 0.00644 (ms)
2026-07-08 11:55:00,423 [INFO] Pass: GatesInBasis - 0.39649 (ms)
2026-07-08 11:55:00,423 [INFO] Pass: Depth - 0.07796 (ms)
2026-07-08 11:55:00,423 [INFO] Pass: FixedPoint - 0.00501 (ms)
2026-07-08 11:55:00,423 [INFO] Pass: Size - 0.02694 (ms)
2026-07-08 11:55:00,423 [INFO] Pass: FixedPoint - 0.00381 (ms)
2026-07-08 11:55:00,423 [INFO] Pass: ContainsInstruction - 0.00453 (ms)
2026-07-08 11:55:00,424 [INFO] Total Transpile Time - 61.02681 (ms)
2026-07-08 12:08:29,680 [INFO] Pass: ContainsInstruction - 0.00834 (ms)
2026-07-08 12:08:29,681 [INFO] Pass: InverseCancellation - 0.01001 (ms)
2026-07-08 12:08:29,681 [INFO] Pass: UnitarySynthesis - 0.00429 (ms)
2026-07-08 12:08:29,681 [INFO] Pass: HighLevelSynthesis - 0.61536 (ms)
2026-07-08 12:08:29,682 [INFO] Pass: BasisTranslator - 0.35167 (ms)
2026-07-08 12:08:29,682 [INFO] Pass: Depth - 0.08678 (ms)
2026-07-08 12:08:29,682 [INFO] Pass: FixedPoint - 0.00763 (ms)
2026-07-08 12:08:29,682 [INFO] Pass: Size - 0.02766 (ms)
2026-07-08 12:08:29,682 [INFO] Pass: FixedPoint - 0.00453 (ms)
2026-07-08 12:08:29,682 [INFO] Pass: Optimize1qGatesDecomposition - 0.06127 (ms)
2026-07-08 12:08:29,682 [INFO] Pass: InverseCancellation - 0.00572 (ms)
2026-07-08 12:08:29,683 [INFO] Pass: GatesInBasis - 0.35882 (ms)
2026-07-08 12:08:29,683 [INFO] Pass: Depth - 0.07129 (ms)
2026-07-08 12:08:29,683 [INFO] Pass: FixedPoint - 0.00501 (ms)
2026-07-08 12:08:29,683 [INFO] Pass: Size - 0.02503 (ms)
2026-07-08 12:08:29,683 [INFO] Pass: FixedPoint - 0.00405 (ms)
2026-07-08 12:08:29,683 [INFO] Pass: ContainsInstruction - 0.00429 (ms)
2026-07-08 12:08:29,684 [INFO] Total Transpile Time - 59.61847 (ms)
2026-07-08 12:08:29,739 [INFO] Pass: ContainsInstruction - 0.00620 (ms)
2026-07-08 12:08:29,739 [INFO] Pass: InverseCancellation - 0.10180 (ms)
2026-07-08 12:08:29,739 [INFO] Pass: UnitarySynthesis - 0.00453 (ms)
2026-07-08 12:08:29,740 [INFO] Pass: HighLevelSynthesis - 0.66018 (ms)
2026-07-08 12:08:29,740 [INFO] Pass: BasisTranslator - 0.37265 (ms)
2026-07-08 12:08:29,741 [INFO] Pass: Depth - 0.08225 (ms)
2026-07-08 12:08:29,741 [INFO] Pass: FixedPoint - 0.00668 (ms)
2026-07-08 12:08:29,741 [INFO] Pass: Size - 0.02813 (ms)
2026-07-08 12:08:29,741 [INFO] Pass: FixedPoint - 0.00429 (ms)
2026-07-08 12:08:29,741 [INFO] Pass: Optimize1qGatesDecomposition - 0.74744 (ms)
2026-07-08 12:08:29,742 [INFO] Pass: InverseCancellation - 0.08845 (ms)
2026-07-08 12:08:29,742 [INFO] Pass: GatesInBasis - 0.39387 (ms)
2026-07-08 12:08:29,742 [INFO] Pass: Depth - 0.07629 (ms)
2026-07-08 12:08:29,742 [INFO] Pass: FixedPoint - 0.00501 (ms)
2026-07-08 12:08:29,742 [INFO] Pass: Size - 0.02742 (ms)
2026-07-08 12:08:29,742 [INFO] Pass: FixedPoint - 0.00429 (ms)
2026-07-08 12:08:29,742 [INFO] Pass: ContainsInstruction - 0.00453 (ms)
2026-07-08 12:08:29,743 [INFO] Total Transpile Time - 59.34381 (ms)
2026-07-08 12:08:29,926 [INFO] Pass: ContainsInstruction - 0.00739 (ms)
2026-07-08 12:08:29,926 [INFO] Pass: InverseCancellation - 0.11373 (ms)
2026-07-08 12:08:29,926 [INFO] Pass: UnitarySynthesis - 0.00429 (ms)
2026-07-08 12:08:29,927 [INFO] Pass: HighLevelSynthesis - 0.74577 (ms)
2026-07-08 12:08:29,928 [INFO] Pass: BasisTranslator - 0.40913 (ms)
2026-07-08 12:08:29,928 [INFO] Pass: Depth - 0.09370 (ms)
2026-07-08 12:08:29,928 [INFO] Pass: FixedPoint - 0.01121 (ms)
2026-07-08 12:08:29,928 [INFO] Pass: Size - 0.03147 (ms)
2026-07-08 12:08:29,928 [INFO] Pass: FixedPoint - 0.00453 (ms)
2026-07-08 12:08:29,929 [INFO] Pass: Optimize1qGatesDecomposition - 0.89526 (ms)
2026-07-08 12:08:29,929 [INFO] Pass: InverseCancellation - 0.00715 (ms)
2026-07-08 12:08:29,929 [INFO] Pass: GatesInBasis - 0.39387 (ms)
2026-07-08 12:08:29,930 [INFO] Pass: Depth - 0.08225 (ms)
2026-07-08 12:08:29,930 [INFO] Pass: FixedPoint - 0.00501 (ms)
2026-07-08 12:08:29,930 [INFO] Pass: Size - 0.02789 (ms)
2026-07-08 12:08:29,930 [INFO] Pass: FixedPoint - 0.00405 (ms)
2026-07-08 12:08:29,930 [INFO] Pass: Optimize1qGatesDecomposition - 0.72551 (ms)
2026-07-08 12:08:29,930 [INFO] Pass: InverseCancellation - 0.00644 (ms)
2026-07-08 12:08:29,931 [INFO] Pass: GatesInBasis - 0.39363 (ms)
2026-07-08 12:08:29,931 [INFO] Pass: Depth - 0.07939 (ms)
2026-07-08 12:08:29,931 [INFO] Pass: FixedPoint - 0.00525 (ms)
2026-07-08 12:08:29,931 [INFO] Pass: Size - 0.02718 (ms)
2026-07-08 12:08:29,931 [INFO] Pass: FixedPoint - 0.00405 (ms)
2026-07-08 12:08:29,931 [INFO] Pass: ContainsInstruction - 0.00477 (ms)
2026-07-08 12:08:29,932 [INFO] Total Transpile Time - 188.84563 (ms)
2026-07-08 12:22:04,564 [INFO] Pass: ContainsInstruction - 0.00763 (ms)
2026-07-08 12:22:04,564 [INFO] Pass: InverseCancellation - 0.00954 (ms)
2026-07-08 12:22:04,564 [INFO] Pass: UnitarySynthesis - 0.00429 (ms)
2026-07-08 12:22:04,565 [INFO] Pass: HighLevelSynthesis - 0.62609 (ms)
2026-07-08 12:22:04,565 [INFO] Pass: BasisTranslator - 0.35286 (ms)
2026-07-08 12:22:04,565 [INFO] Pass: Depth - 0.08535 (ms)
2026-07-08 12:22:04,566 [INFO] Pass: FixedPoint - 0.00787 (ms)
2026-07-08 12:22:04,566 [INFO] Pass: Size - 0.02766 (ms)
2026-07-08 12:22:04,566 [INFO] Pass: FixedPoint - 0.00453 (ms)
2026-07-08 12:22:04,566 [INFO] Pass: Optimize1qGatesDecomposition - 0.06008 (ms)
2026-07-08 12:22:04,566 [INFO] Pass: InverseCancellation - 0.00644 (ms)
2026-07-08 12:22:04,566 [INFO] Pass: GatesInBasis - 0.36097 (ms)
2026-07-08 12:22:04,566 [INFO] Pass: Depth - 0.07176 (ms)
2026-07-08 12:22:04,566 [INFO] Pass: FixedPoint - 0.00477 (ms)
2026-07-08 12:22:04,566 [INFO] Pass: Size - 0.02527 (ms)
2026-07-08 12:22:04,566 [INFO] Pass: FixedPoint - 0.00405 (ms)
2026-07-08 12:22:04,566 [INFO] Pass: ContainsInstruction - 0.00405 (ms)
2026-07-08 12:22:04,567 [INFO] Total Transpile Time - 59.61633 (ms)
2026-07-08 12:22:04,623 [INFO] Pass: ContainsInstruction - 0.00620 (ms)
2026-07-08 12:22:04,623 [INFO] Pass: InverseCancellation - 0.10157 (ms)
2026-07-08 12:22:04,623 [INFO] Pass: UnitarySynthesis - 0.00429 (ms)
2026-07-08 12:22:04,624 [INFO] Pass: HighLevelSynthesis - 0.67759 (ms)
2026-07-08 12:22:04,624 [INFO] Pass: BasisTranslator - 0.38123 (ms)
2026-07-08 12:22:04,624 [INFO] Pass: Depth - 0.08178 (ms)
2026-07-08 12:22:04,624 [INFO] Pass: FixedPoint - 0.00644 (ms)
2026-07-08 12:22:04,624 [INFO] Pass: Size - 0.02789 (ms)
2026-07-08 12:22:04,624 [INFO] Pass: FixedPoint - 0.00429 (ms)
2026-07-08 12:22:04,625 [INFO] Pass: Optimize1qGatesDecomposition - 0.75579 (ms)
2026-07-08 12:22:04,625 [INFO] Pass: InverseCancellation - 0.08607 (ms)
2026-07-08 12:22:04,626 [INFO] Pass: GatesInBasis - 0.39196 (ms)
2026-07-08 12:22:04,626 [INFO] Pass: Depth - 0.07725 (ms)
2026-07-08 12:22:04,626 [INFO] Pass: FixedPoint - 0.00501 (ms)
2026-07-08 12:22:04,626 [INFO] Pass: Size - 0.02694 (ms)
2026-07-08 12:22:04,626 [INFO] Pass: FixedPoint - 0.00429 (ms)
2026-07-08 12:22:04,626 [INFO] Pass: ContainsInstruction - 0.00405 (ms)
2026-07-08 12:22:04,627 [INFO] Total Transpile Time - 59.34572 (ms)
2026-07-08 12:22:04,682 [INFO] Pass: ContainsInstruction - 0.00715 (ms)
2026-07-08 12:22:04,682 [INFO] Pass: InverseCancellation - 0.10729 (ms)
2026-07-08 12:22:04,682 [INFO] Pass: UnitarySynthesis - 0.00453 (ms)
2026-07-08 12:22:04,683 [INFO] Pass: HighLevelSynthesis - 0.72765 (ms)
2026-07-08 12:22:04,683 [INFO] Pass: BasisTranslator - 0.40650 (ms)
2026-07-08 12:22:04,683 [INFO] Pass: Depth - 0.08655 (ms)
2026-07-08 12:22:04,683 [INFO] Pass: FixedPoint - 0.00644 (ms)
2026-07-08 12:22:04,683 [INFO] Pass: Size - 0.02933 (ms)
2026-07-08 12:22:04,683 [INFO] Pass: FixedPoint - 0.00453 (ms)
2026-07-08 12:22:04,684 [INFO] Pass: Optimize1qGatesDecomposition - 0.86880 (ms)
2026-07-08 12:22:04,684 [INFO] Pass: InverseCancellation - 0.00715 (ms)
2026-07-08 12:22:04,685 [INFO] Pass: GatesInBasis - 0.53453 (ms)
2026-07-08 12:22:04,685 [INFO] Pass: Depth - 0.08225 (ms)
2026-07-08 12:22:04,685 [INFO] Pass: FixedPoint - 0.00572 (ms)
2026-07-08 12:22:04,685 [INFO] Pass: Size - 0.02742 (ms)
2026-07-08 12:22:04,685 [INFO] Pass: FixedPoint - 0.00405 (ms)
2026-07-08 12:22:04,686 [INFO] Pass: Optimize1qGatesDecomposition - 0.72479 (ms)
2026-07-08 12:22:04,686 [INFO] Pass: InverseCancellation - 0.00668 (ms)
2026-07-08 12:22:04,686 [INFO] Pass: GatesInBasis - 0.39005 (ms)
2026-07-08 12:22:04,687 [INFO] Pass: Depth - 0.07749 (ms)
2026-07-08 12:22:04,687 [INFO] Pass: FixedPoint - 0.00477 (ms)
2026-07-08 12:22:04,687 [INFO] Pass: Size - 0.02718 (ms)
2026-07-08 12:22:04,687 [INFO] Pass: FixedPoint - 0.00405 (ms)
2026-07-08 12:22:04,687 [INFO] Pass: ContainsInstruction - 0.00429 (ms)
2026-07-08 12:22:04,687 [INFO] Total Transpile Time - 60.75978 (ms)
2026-07-08 12:35:34,096 [INFO] [PCE] n=150 beta=0.6746 ± 0.0097 (PASSED) qubits=11 duration=0:22:43:15 max_parallel_threads=32 shots=exact
