qmio/hpc unloaded
        Preparing the environment for use of the sistema software stack.
        Please rebuild modules cache: module --ignore-cache avail
     
qmio/hpc loaded
gcccore/12.3.0 loaded
binutils/2.40 loaded
gcc/12.3.0 loaded
sqlite/3.45.3 loaded
libffi/3.4.4 loaded
python/3.11.9 loaded
rust/1.88.0 loaded

imkl/2023.2.0 loaded
ninja/1.9.0 loaded
meson/1.5.2-python-3.11.9 loaded
meson-python/0.16.0-python-3.11.9 loaded
cython/3.0.9-python-3.11.9 loaded
numpy/1.26.4-python-3.11.9 loaded
pythran/0.15.0-python-3.11.9 loaded
pybind11/2.13.6-python-3.11.9 loaded
xsimd/12.1.1 loaded
scipy/1.13.0-python-3.11.9 loaded
llvm/16.0.0 loaded
gmp/6.3.0 loaded
mpfr/4.2.1 loaded
mpc/1.3.1 loaded
flint/3.1.2 loaded
symengine/0.11.2 loaded
symengine-python/0.11.0-python-3.11.9 loaded
spdlog/1.9.2 loaded
pylatexenc/2.10-python-3.11.9 loaded
libgd/2.3.3 loaded
nasm/2.16.03 loaded
libjpeg-turbo/3.0.2 loaded
matplotlib/3.6.3-python-3.11.9 loaded
pandas/2.2.2-python-3.11.9 loaded
seaborn/0.12.2-python-3.11.9 loaded
qiskit/2.2.3-python-3.11.9 loaded
qmio-run/0.5.1-python-3.11.9 loaded
qmio-tools/0.2.1-python-3.11.9 loaded
2026-07-10 06:47:31,348 [INFO] [PCE] Ejecutando 100 grafos con 150 nodos.
2026-07-10 06:47:31,348 [INFO] [PCE] n=150 usa 8 qubits (k=3).
2026-07-10 06:47:31,471 [INFO] Pass: ContainsInstruction - 0.01335 (ms)
2026-07-10 06:47:31,471 [INFO] Pass: UnitarySynthesis - 0.00858 (ms)
2026-07-10 06:47:31,471 [INFO] Pass: HighLevelSynthesis - 0.01049 (ms)
2026-07-10 06:47:31,471 [INFO] Pass: BasisTranslator - 0.05770 (ms)
2026-07-10 06:47:31,471 [INFO] Pass: ElidePermutations - 0.00596 (ms)
2026-07-10 06:47:31,471 [INFO] Pass: RemoveDiagonalGatesBeforeMeasure - 0.00906 (ms)
2026-07-10 06:47:31,471 [INFO] Pass: RemoveIdentityEquivalent - 0.00548 (ms)
2026-07-10 06:47:31,471 [INFO] Pass: InverseCancellation - 0.00691 (ms)
2026-07-10 06:47:31,471 [INFO] Pass: ContractIdleWiresInControlFlow - 0.00238 (ms)
2026-07-10 06:47:31,471 [INFO] Pass: CommutativeCancellation - 0.07224 (ms)
2026-07-10 06:47:31,471 [INFO] Pass: ConsolidateBlocks - 0.05531 (ms)
2026-07-10 06:47:31,471 [INFO] Pass: Split2QUnitaries - 0.00381 (ms)
2026-07-10 06:47:31,472 [INFO] Pass: UnitarySynthesis - 0.00596 (ms)
2026-07-10 06:47:31,472 [INFO] Pass: HighLevelSynthesis - 0.03433 (ms)
2026-07-10 06:47:31,472 [INFO] Pass: BasisTranslator - 0.07510 (ms)
2026-07-10 06:47:31,472 [INFO] Pass: ConsolidateBlocks - 0.05579 (ms)
2026-07-10 06:47:31,472 [INFO] Pass: UnitarySynthesis - 0.00525 (ms)
2026-07-10 06:47:31,472 [INFO] Pass: Depth - 0.02575 (ms)
2026-07-10 06:47:31,472 [INFO] Pass: FixedPoint - 0.00548 (ms)
2026-07-10 06:47:31,472 [INFO] Pass: Size - 0.00358 (ms)
2026-07-10 06:47:31,472 [INFO] Pass: FixedPoint - 0.00334 (ms)
2026-07-10 06:47:31,472 [INFO] Pass: RemoveIdentityEquivalent - 0.00358 (ms)
2026-07-10 06:47:31,472 [INFO] Pass: Optimize1qGatesDecomposition - 0.03791 (ms)
2026-07-10 06:47:31,472 [INFO] Pass: CommutativeCancellation - 0.09036 (ms)
2026-07-10 06:47:31,472 [INFO] Pass: ContractIdleWiresInControlFlow - 0.00238 (ms)
2026-07-10 06:47:31,472 [INFO] Pass: GatesInBasis - 0.02885 (ms)
2026-07-10 06:47:31,472 [INFO] Pass: Depth - 0.02480 (ms)
2026-07-10 06:47:31,472 [INFO] Pass: FixedPoint - 0.00405 (ms)
2026-07-10 06:47:31,472 [INFO] Pass: Size - 0.00238 (ms)
2026-07-10 06:47:31,472 [INFO] Pass: FixedPoint - 0.00286 (ms)
2026-07-10 06:47:31,472 [INFO] Pass: ContainsInstruction - 0.00715 (ms)
2026-07-10 06:47:31,473 [INFO] Total Transpile Time - 106.36997 (ms)
2026-07-10 06:47:31,560 [INFO] Pass: ContainsInstruction - 0.01144 (ms)
2026-07-10 06:47:31,560 [INFO] Pass: UnitarySynthesis - 0.00668 (ms)
2026-07-10 06:47:31,560 [INFO] Pass: HighLevelSynthesis - 0.00906 (ms)
2026-07-10 06:47:31,560 [INFO] Pass: BasisTranslator - 0.05174 (ms)
2026-07-10 06:47:31,560 [INFO] Pass: ElidePermutations - 0.00477 (ms)
2026-07-10 06:47:31,560 [INFO] Pass: RemoveDiagonalGatesBeforeMeasure - 0.00739 (ms)
2026-07-10 06:47:31,560 [INFO] Pass: RemoveIdentityEquivalent - 0.00572 (ms)
2026-07-10 06:47:31,560 [INFO] Pass: InverseCancellation - 0.02408 (ms)
2026-07-10 06:47:31,560 [INFO] Pass: ContractIdleWiresInControlFlow - 0.00215 (ms)
2026-07-10 06:47:31,560 [INFO] Pass: CommutativeCancellation - 0.07606 (ms)
2026-07-10 06:47:31,560 [INFO] Pass: ConsolidateBlocks - 0.04745 (ms)
2026-07-10 06:47:31,560 [INFO] Pass: Split2QUnitaries - 0.00262 (ms)
2026-07-10 06:47:31,560 [INFO] Pass: UnitarySynthesis - 0.00548 (ms)
2026-07-10 06:47:31,560 [INFO] Pass: HighLevelSynthesis - 0.03362 (ms)
2026-07-10 06:47:31,560 [INFO] Pass: BasisTranslator - 0.07248 (ms)
2026-07-10 06:47:31,560 [INFO] Pass: ConsolidateBlocks - 0.05245 (ms)
2026-07-10 06:47:31,560 [INFO] Pass: UnitarySynthesis - 0.00453 (ms)
2026-07-10 06:47:31,560 [INFO] Pass: Depth - 0.02360 (ms)
2026-07-10 06:47:31,560 [INFO] Pass: FixedPoint - 0.00501 (ms)
2026-07-10 06:47:31,560 [INFO] Pass: Size - 0.00358 (ms)
2026-07-10 06:47:31,561 [INFO] Pass: FixedPoint - 0.00286 (ms)
2026-07-10 06:47:31,561 [INFO] Pass: RemoveIdentityEquivalent - 0.00501 (ms)
2026-07-10 06:47:31,561 [INFO] Pass: Optimize1qGatesDecomposition - 0.13137 (ms)
2026-07-10 06:47:31,561 [INFO] Pass: CommutativeCancellation - 0.09513 (ms)
2026-07-10 06:47:31,561 [INFO] Pass: ContractIdleWiresInControlFlow - 0.00191 (ms)
2026-07-10 06:47:31,561 [INFO] Pass: GatesInBasis - 0.02861 (ms)
2026-07-10 06:47:31,561 [INFO] Pass: Depth - 0.02313 (ms)
2026-07-10 06:47:31,561 [INFO] Pass: FixedPoint - 0.00405 (ms)
2026-07-10 06:47:31,561 [INFO] Pass: Size - 0.00215 (ms)
2026-07-10 06:47:31,561 [INFO] Pass: FixedPoint - 0.00501 (ms)
2026-07-10 06:47:31,561 [INFO] Pass: ContainsInstruction - 0.00501 (ms)
2026-07-10 06:47:31,561 [INFO] Total Transpile Time - 88.28306 (ms)
2026-07-10 06:47:31,648 [INFO] Pass: ContainsInstruction - 0.01025 (ms)
2026-07-10 06:47:31,649 [INFO] Pass: UnitarySynthesis - 0.00668 (ms)
2026-07-10 06:47:31,649 [INFO] Pass: HighLevelSynthesis - 0.00930 (ms)
2026-07-10 06:47:31,649 [INFO] Pass: BasisTranslator - 0.05317 (ms)
2026-07-10 06:47:31,649 [INFO] Pass: ElidePermutations - 0.00429 (ms)
2026-07-10 06:47:31,649 [INFO] Pass: RemoveDiagonalGatesBeforeMeasure - 0.00715 (ms)
2026-07-10 06:47:31,649 [INFO] Pass: RemoveIdentityEquivalent - 0.00596 (ms)
2026-07-10 06:47:31,649 [INFO] Pass: InverseCancellation - 0.02289 (ms)
2026-07-10 06:47:31,649 [INFO] Pass: ContractIdleWiresInControlFlow - 0.00215 (ms)
2026-07-10 06:47:31,649 [INFO] Pass: CommutativeCancellation - 0.07343 (ms)
2026-07-10 06:47:31,649 [INFO] Pass: ConsolidateBlocks - 0.04673 (ms)
2026-07-10 06:47:31,649 [INFO] Pass: Split2QUnitaries - 0.00334 (ms)
2026-07-10 06:47:31,649 [INFO] Pass: UnitarySynthesis - 0.00978 (ms)
2026-07-10 06:47:31,649 [INFO] Pass: HighLevelSynthesis - 0.03529 (ms)
2026-07-10 06:47:31,649 [INFO] Pass: BasisTranslator - 0.07391 (ms)
2026-07-10 06:47:31,649 [INFO] Pass: ConsolidateBlocks - 0.05627 (ms)
2026-07-10 06:47:31,649 [INFO] Pass: UnitarySynthesis - 0.00501 (ms)
2026-07-10 06:47:31,649 [INFO] Pass: Depth - 0.02432 (ms)
2026-07-10 06:47:31,649 [INFO] Pass: FixedPoint - 0.00501 (ms)
2026-07-10 06:47:31,649 [INFO] Pass: Size - 0.00358 (ms)
2026-07-10 06:47:31,649 [INFO] Pass: FixedPoint - 0.00286 (ms)
2026-07-10 06:47:31,649 [INFO] Pass: RemoveIdentityEquivalent - 0.00477 (ms)
2026-07-10 06:47:31,650 [INFO] Pass: Optimize1qGatesDecomposition - 0.13685 (ms)
2026-07-10 06:47:31,650 [INFO] Pass: CommutativeCancellation - 0.09489 (ms)
2026-07-10 06:47:31,650 [INFO] Pass: ContractIdleWiresInControlFlow - 0.00215 (ms)
2026-07-10 06:47:31,650 [INFO] Pass: GatesInBasis - 0.02933 (ms)
2026-07-10 06:47:31,650 [INFO] Pass: Depth - 0.02360 (ms)
2026-07-10 06:47:31,650 [INFO] Pass: FixedPoint - 0.00358 (ms)
2026-07-10 06:47:31,650 [INFO] Pass: Size - 0.00238 (ms)
2026-07-10 06:47:31,650 [INFO] Pass: FixedPoint - 0.00334 (ms)
2026-07-10 06:47:31,650 [INFO] Pass: RemoveIdentityEquivalent - 0.00477 (ms)
2026-07-10 06:47:31,650 [INFO] Pass: Optimize1qGatesDecomposition - 0.11659 (ms)
2026-07-10 06:47:31,650 [INFO] Pass: CommutativeCancellation - 0.08655 (ms)
2026-07-10 06:47:31,650 [INFO] Pass: ContractIdleWiresInControlFlow - 0.00191 (ms)
2026-07-10 06:47:31,650 [INFO] Pass: GatesInBasis - 0.02718 (ms)
2026-07-10 06:47:31,650 [INFO] Pass: Depth - 0.03076 (ms)
2026-07-10 06:47:31,650 [INFO] Pass: FixedPoint - 0.00334 (ms)
2026-07-10 06:47:31,650 [INFO] Pass: Size - 0.00215 (ms)
2026-07-10 06:47:31,650 [INFO] Pass: FixedPoint - 0.00310 (ms)
2026-07-10 06:47:31,651 [INFO] Pass: ContainsInstruction - 0.00596 (ms)
2026-07-10 06:47:31,651 [INFO] Total Transpile Time - 89.09893 (ms)
2026-07-10 06:47:31,931 [INFO] [PCE] Aer metadata (1ª ejecución de este proceso): device=CPU method=statevector shots=4096 fusion_enabled=True
2026-07-10 07:01:00,120 [INFO] [PCE] n=150 instancia 1/100 completada en 0:00:13:29 — transcurrido=0:00:13:29 restante_estimado=0:22:14:28
2026-07-10 07:01:00,228 [INFO] Pass: ContainsInstruction - 0.01264 (ms)
2026-07-10 07:01:00,228 [INFO] Pass: UnitarySynthesis - 0.00715 (ms)
2026-07-10 07:01:00,228 [INFO] Pass: HighLevelSynthesis - 0.01287 (ms)
2026-07-10 07:01:00,228 [INFO] Pass: BasisTranslator - 0.06413 (ms)
2026-07-10 07:01:00,228 [INFO] Pass: ElidePermutations - 0.00620 (ms)
2026-07-10 07:01:00,229 [INFO] Pass: RemoveDiagonalGatesBeforeMeasure - 0.00834 (ms)
2026-07-10 07:01:00,229 [INFO] Pass: RemoveIdentityEquivalent - 0.00453 (ms)
2026-07-10 07:01:00,229 [INFO] Pass: InverseCancellation - 0.00525 (ms)
2026-07-10 07:01:00,229 [INFO] Pass: ContractIdleWiresInControlFlow - 0.00429 (ms)
2026-07-10 07:01:00,229 [INFO] Pass: CommutativeCancellation - 0.07510 (ms)
2026-07-10 07:01:00,229 [INFO] Pass: ConsolidateBlocks - 0.05054 (ms)
2026-07-10 07:01:00,229 [INFO] Pass: Split2QUnitaries - 0.00405 (ms)
2026-07-10 07:01:00,229 [INFO] Pass: UnitarySynthesis - 0.00501 (ms)
2026-07-10 07:01:00,229 [INFO] Pass: HighLevelSynthesis - 0.03457 (ms)
2026-07-10 07:01:00,229 [INFO] Pass: BasisTranslator - 0.07510 (ms)
2026-07-10 07:01:00,229 [INFO] Pass: ConsolidateBlocks - 0.06223 (ms)
2026-07-10 07:01:00,229 [INFO] Pass: UnitarySynthesis - 0.00501 (ms)
2026-07-10 07:01:00,229 [INFO] Pass: Depth - 0.02646 (ms)
2026-07-10 07:01:00,229 [INFO] Pass: FixedPoint - 0.00477 (ms)
2026-07-10 07:01:00,229 [INFO] Pass: Size - 0.00477 (ms)
2026-07-10 07:01:00,229 [INFO] Pass: FixedPoint - 0.00310 (ms)
2026-07-10 07:01:00,229 [INFO] Pass: RemoveIdentityEquivalent - 0.00334 (ms)
2026-07-10 07:01:00,229 [INFO] Pass: Optimize1qGatesDecomposition - 0.04005 (ms)
2026-07-10 07:01:00,229 [INFO] Pass: CommutativeCancellation - 0.10180 (ms)
2026-07-10 07:01:00,230 [INFO] Pass: ContractIdleWiresInControlFlow - 0.00215 (ms)
2026-07-10 07:01:00,230 [INFO] Pass: GatesInBasis - 0.03028 (ms)
2026-07-10 07:01:00,230 [INFO] Pass: Depth - 0.02289 (ms)
2026-07-10 07:01:00,230 [INFO] Pass: FixedPoint - 0.00358 (ms)
2026-07-10 07:01:00,230 [INFO] Pass: Size - 0.00191 (ms)
2026-07-10 07:01:00,230 [INFO] Pass: FixedPoint - 0.00286 (ms)
2026-07-10 07:01:00,230 [INFO] Pass: ContainsInstruction - 0.00525 (ms)
2026-07-10 07:01:00,230 [INFO] Total Transpile Time - 93.37234 (ms)
2026-07-10 07:01:00,319 [INFO] Pass: ContainsInstruction - 0.01025 (ms)
2026-07-10 07:01:00,319 [INFO] Pass: UnitarySynthesis - 0.00691 (ms)
2026-07-10 07:01:00,319 [INFO] Pass: HighLevelSynthesis - 0.01049 (ms)
2026-07-10 07:01:00,319 [INFO] Pass: BasisTranslator - 0.05722 (ms)
2026-07-10 07:01:00,319 [INFO] Pass: ElidePermutations - 0.00405 (ms)
2026-07-10 07:01:00,319 [INFO] Pass: RemoveDiagonalGatesBeforeMeasure - 0.00715 (ms)
2026-07-10 07:01:00,319 [INFO] Pass: RemoveIdentityEquivalent - 0.00620 (ms)
2026-07-10 07:01:00,319 [INFO] Pass: InverseCancellation - 0.02623 (ms)
2026-07-10 07:01:00,319 [INFO] Pass: ContractIdleWiresInControlFlow - 0.00215 (ms)
2026-07-10 07:01:00,319 [INFO] Pass: CommutativeCancellation - 0.08225 (ms)
2026-07-10 07:01:00,319 [INFO] Pass: ConsolidateBlocks - 0.04458 (ms)
2026-07-10 07:01:00,319 [INFO] Pass: Split2QUnitaries - 0.00358 (ms)
2026-07-10 07:01:00,319 [INFO] Pass: UnitarySynthesis - 0.00501 (ms)
2026-07-10 07:01:00,319 [INFO] Pass: HighLevelSynthesis - 0.03409 (ms)
2026-07-10 07:01:00,319 [INFO] Pass: BasisTranslator - 0.07343 (ms)
2026-07-10 07:01:00,319 [INFO] Pass: ConsolidateBlocks - 0.06175 (ms)
2026-07-10 07:01:00,319 [INFO] Pass: UnitarySynthesis - 0.00501 (ms)
2026-07-10 07:01:00,319 [INFO] Pass: Depth - 0.02480 (ms)
2026-07-10 07:01:00,320 [INFO] Pass: FixedPoint - 0.00453 (ms)
2026-07-10 07:01:00,320 [INFO] Pass: Size - 0.00334 (ms)
2026-07-10 07:01:00,320 [INFO] Pass: FixedPoint - 0.00310 (ms)
2026-07-10 07:01:00,320 [INFO] Pass: RemoveIdentityEquivalent - 0.00453 (ms)
2026-07-10 07:01:00,320 [INFO] Pass: Optimize1qGatesDecomposition - 0.12803 (ms)
2026-07-10 07:01:00,320 [INFO] Pass: CommutativeCancellation - 0.09990 (ms)
2026-07-10 07:01:00,320 [INFO] Pass: ContractIdleWiresInControlFlow - 0.00167 (ms)
2026-07-10 07:01:00,320 [INFO] Pass: GatesInBasis - 0.02933 (ms)
2026-07-10 07:01:00,320 [INFO] Pass: Depth - 0.02289 (ms)
2026-07-10 07:01:00,320 [INFO] Pass: FixedPoint - 0.00358 (ms)
2026-07-10 07:01:00,320 [INFO] Pass: Size - 0.00191 (ms)
2026-07-10 07:01:00,320 [INFO] Pass: FixedPoint - 0.00286 (ms)
2026-07-10 07:01:00,320 [INFO] Pass: ContainsInstruction - 0.00525 (ms)
2026-07-10 07:01:00,320 [INFO] Total Transpile Time - 89.93411 (ms)
2026-07-10 07:01:00,492 [INFO] Pass: ContainsInstruction - 0.01359 (ms)
2026-07-10 07:01:00,492 [INFO] Pass: UnitarySynthesis - 0.00858 (ms)
2026-07-10 07:01:00,492 [INFO] Pass: HighLevelSynthesis - 0.01240 (ms)
2026-07-10 07:01:00,492 [INFO] Pass: BasisTranslator - 0.06986 (ms)
2026-07-10 07:01:00,493 [INFO] Pass: ElidePermutations - 0.00548 (ms)
2026-07-10 07:01:00,493 [INFO] Pass: RemoveDiagonalGatesBeforeMeasure - 0.00906 (ms)
2026-07-10 07:01:00,493 [INFO] Pass: RemoveIdentityEquivalent - 0.00811 (ms)
2026-07-10 07:01:00,493 [INFO] Pass: InverseCancellation - 0.02527 (ms)
2026-07-10 07:01:00,493 [INFO] Pass: ContractIdleWiresInControlFlow - 0.00238 (ms)
2026-07-10 07:01:00,493 [INFO] Pass: CommutativeCancellation - 0.09131 (ms)
2026-07-10 07:01:00,493 [INFO] Pass: ConsolidateBlocks - 0.05054 (ms)
2026-07-10 07:01:00,493 [INFO] Pass: Split2QUnitaries - 0.00358 (ms)
2026-07-10 07:01:00,493 [INFO] Pass: UnitarySynthesis - 0.00596 (ms)
2026-07-10 07:01:00,493 [INFO] Pass: HighLevelSynthesis - 0.03767 (ms)
2026-07-10 07:01:00,493 [INFO] Pass: BasisTranslator - 0.07820 (ms)
2026-07-10 07:01:00,493 [INFO] Pass: ConsolidateBlocks - 0.06008 (ms)
2026-07-10 07:01:00,493 [INFO] Pass: UnitarySynthesis - 0.00453 (ms)
2026-07-10 07:01:00,493 [INFO] Pass: Depth - 0.03028 (ms)
2026-07-10 07:01:00,493 [INFO] Pass: FixedPoint - 0.00620 (ms)
2026-07-10 07:01:00,493 [INFO] Pass: Size - 0.00429 (ms)
2026-07-10 07:01:00,493 [INFO] Pass: FixedPoint - 0.00286 (ms)
2026-07-10 07:01:00,493 [INFO] Pass: RemoveIdentityEquivalent - 0.00691 (ms)
2026-07-10 07:01:00,494 [INFO] Pass: Optimize1qGatesDecomposition - 0.14997 (ms)
2026-07-10 07:01:00,494 [INFO] Pass: CommutativeCancellation - 0.09942 (ms)
2026-07-10 07:01:00,494 [INFO] Pass: ContractIdleWiresInControlFlow - 0.00215 (ms)
2026-07-10 07:01:00,494 [INFO] Pass: GatesInBasis - 0.03052 (ms)
2026-07-10 07:01:00,494 [INFO] Pass: Depth - 0.02456 (ms)
2026-07-10 07:01:00,494 [INFO] Pass: FixedPoint - 0.00381 (ms)
2026-07-10 07:01:00,494 [INFO] Pass: Size - 0.00238 (ms)
2026-07-10 07:01:00,494 [INFO] Pass: FixedPoint - 0.00286 (ms)
2026-07-10 07:01:00,494 [INFO] Pass: RemoveIdentityEquivalent - 0.00525 (ms)
2026-07-10 07:01:00,494 [INFO] Pass: Optimize1qGatesDecomposition - 0.12112 (ms)
2026-07-10 07:01:00,494 [INFO] Pass: CommutativeCancellation - 0.08750 (ms)
2026-07-10 07:01:00,494 [INFO] Pass: ContractIdleWiresInControlFlow - 0.00191 (ms)
2026-07-10 07:01:00,494 [INFO] Pass: GatesInBasis - 0.02813 (ms)
2026-07-10 07:01:00,494 [INFO] Pass: Depth - 0.02170 (ms)
2026-07-10 07:01:00,494 [INFO] Pass: FixedPoint - 0.00334 (ms)
2026-07-10 07:01:00,494 [INFO] Pass: Size - 0.00191 (ms)
2026-07-10 07:01:00,494 [INFO] Pass: FixedPoint - 0.00262 (ms)
2026-07-10 07:01:00,494 [INFO] Pass: ContainsInstruction - 0.00596 (ms)
2026-07-10 07:01:00,495 [INFO] Total Transpile Time - 173.99168 (ms)
2026-07-10 07:17:24,190 [INFO] [PCE] n=150 instancia 2/100 completada en 0:00:16:24 — transcurrido=0:00:29:53 restante_estimado=1:00:24:09
2026-07-10 07:17:24,294 [INFO] Pass: ContainsInstruction - 0.01073 (ms)
2026-07-10 07:17:24,294 [INFO] Pass: UnitarySynthesis - 0.00691 (ms)
2026-07-10 07:17:24,294 [INFO] Pass: HighLevelSynthesis - 0.01025 (ms)
2026-07-10 07:17:24,294 [INFO] Pass: BasisTranslator - 0.05960 (ms)
2026-07-10 07:17:24,294 [INFO] Pass: ElidePermutations - 0.00548 (ms)
2026-07-10 07:17:24,294 [INFO] Pass: RemoveDiagonalGatesBeforeMeasure - 0.00858 (ms)
2026-07-10 07:17:24,294 [INFO] Pass: RemoveIdentityEquivalent - 0.00381 (ms)
2026-07-10 07:17:24,294 [INFO] Pass: InverseCancellation - 0.00572 (ms)
2026-07-10 07:17:24,294 [INFO] Pass: ContractIdleWiresInControlFlow - 0.00215 (ms)
2026-07-10 07:17:24,294 [INFO] Pass: CommutativeCancellation - 0.08082 (ms)
2026-07-10 07:17:24,295 [INFO] Pass: ConsolidateBlocks - 0.04649 (ms)
2026-07-10 07:17:24,295 [INFO] Pass: Split2QUnitaries - 0.00358 (ms)
2026-07-10 07:17:24,295 [INFO] Pass: UnitarySynthesis - 0.00548 (ms)
2026-07-10 07:17:24,295 [INFO] Pass: HighLevelSynthesis - 0.03362 (ms)
2026-07-10 07:17:24,295 [INFO] Pass: BasisTranslator - 0.07534 (ms)
2026-07-10 07:17:24,295 [INFO] Pass: ConsolidateBlocks - 0.05555 (ms)
2026-07-10 07:17:24,295 [INFO] Pass: UnitarySynthesis - 0.00453 (ms)
2026-07-10 07:17:24,295 [INFO] Pass: Depth - 0.02480 (ms)
2026-07-10 07:17:24,295 [INFO] Pass: FixedPoint - 0.00429 (ms)
2026-07-10 07:17:24,295 [INFO] Pass: Size - 0.00310 (ms)
2026-07-10 07:17:24,295 [INFO] Pass: FixedPoint - 0.00286 (ms)
2026-07-10 07:17:24,295 [INFO] Pass: RemoveIdentityEquivalent - 0.00334 (ms)
2026-07-10 07:17:24,295 [INFO] Pass: Optimize1qGatesDecomposition - 0.04077 (ms)
2026-07-10 07:17:24,295 [INFO] Pass: CommutativeCancellation - 0.09084 (ms)
2026-07-10 07:17:24,295 [INFO] Pass: ContractIdleWiresInControlFlow - 0.00191 (ms)
2026-07-10 07:17:24,295 [INFO] Pass: GatesInBasis - 0.02909 (ms)
2026-07-10 07:17:24,295 [INFO] Pass: Depth - 0.02170 (ms)
2026-07-10 07:17:24,295 [INFO] Pass: FixedPoint - 0.00334 (ms)
2026-07-10 07:17:24,295 [INFO] Pass: Size - 0.00215 (ms)
2026-07-10 07:17:24,295 [INFO] Pass: FixedPoint - 0.00262 (ms)
2026-07-10 07:17:24,295 [INFO] Pass: ContainsInstruction - 0.00572 (ms)
2026-07-10 07:17:24,296 [INFO] Total Transpile Time - 88.54628 (ms)
2026-07-10 07:17:24,380 [INFO] Pass: ContainsInstruction - 0.00930 (ms)
2026-07-10 07:17:24,380 [INFO] Pass: UnitarySynthesis - 0.00572 (ms)
2026-07-10 07:17:24,380 [INFO] Pass: HighLevelSynthesis - 0.00954 (ms)
2026-07-10 07:17:24,380 [INFO] Pass: BasisTranslator - 0.05317 (ms)
2026-07-10 07:17:24,380 [INFO] Pass: ElidePermutations - 0.01264 (ms)
2026-07-10 07:17:24,380 [INFO] Pass: RemoveDiagonalGatesBeforeMeasure - 0.00739 (ms)
2026-07-10 07:17:24,380 [INFO] Pass: RemoveIdentityEquivalent - 0.00501 (ms)
2026-07-10 07:17:24,380 [INFO] Pass: InverseCancellation - 0.02503 (ms)
2026-07-10 07:17:24,381 [INFO] Pass: ContractIdleWiresInControlFlow - 0.00215 (ms)
2026-07-10 07:17:24,381 [INFO] Pass: CommutativeCancellation - 0.07486 (ms)
2026-07-10 07:17:24,381 [INFO] Pass: ConsolidateBlocks - 0.04411 (ms)
2026-07-10 07:17:24,381 [INFO] Pass: Split2QUnitaries - 0.00429 (ms)
2026-07-10 07:17:24,381 [INFO] Pass: UnitarySynthesis - 0.00501 (ms)
2026-07-10 07:17:24,381 [INFO] Pass: HighLevelSynthesis - 0.03314 (ms)
2026-07-10 07:17:24,381 [INFO] Pass: BasisTranslator - 0.07343 (ms)
2026-07-10 07:17:24,381 [INFO] Pass: ConsolidateBlocks - 0.05245 (ms)
2026-07-10 07:17:24,381 [INFO] Pass: UnitarySynthesis - 0.00453 (ms)
2026-07-10 07:17:24,381 [INFO] Pass: Depth - 0.02384 (ms)
2026-07-10 07:17:24,381 [INFO] Pass: FixedPoint - 0.00429 (ms)
2026-07-10 07:17:24,381 [INFO] Pass: Size - 0.00286 (ms)
2026-07-10 07:17:24,381 [INFO] Pass: FixedPoint - 0.00286 (ms)
2026-07-10 07:17:24,381 [INFO] Pass: RemoveIdentityEquivalent - 0.00453 (ms)
2026-07-10 07:17:24,381 [INFO] Pass: Optimize1qGatesDecomposition - 0.12517 (ms)
2026-07-10 07:17:24,381 [INFO] Pass: CommutativeCancellation - 0.10228 (ms)
2026-07-10 07:17:24,381 [INFO] Pass: ContractIdleWiresInControlFlow - 0.00191 (ms)
2026-07-10 07:17:24,382 [INFO] Pass: GatesInBasis - 0.02885 (ms)
2026-07-10 07:17:24,382 [INFO] Pass: Depth - 0.02289 (ms)
2026-07-10 07:17:24,382 [INFO] Pass: FixedPoint - 0.00381 (ms)
2026-07-10 07:17:24,382 [INFO] Pass: Size - 0.00238 (ms)
2026-07-10 07:17:24,382 [INFO] Pass: FixedPoint - 0.00310 (ms)
2026-07-10 07:17:24,382 [INFO] Pass: ContainsInstruction - 0.00548 (ms)
2026-07-10 07:17:24,382 [INFO] Total Transpile Time - 85.88338 (ms)
2026-07-10 07:17:24,466 [INFO] Pass: ContainsInstruction - 0.00954 (ms)
2026-07-10 07:17:24,466 [INFO] Pass: UnitarySynthesis - 0.00644 (ms)
2026-07-10 07:17:24,466 [INFO] Pass: HighLevelSynthesis - 0.00882 (ms)
2026-07-10 07:17:24,466 [INFO] Pass: BasisTranslator - 0.05126 (ms)
2026-07-10 07:17:24,466 [INFO] Pass: ElidePermutations - 0.00334 (ms)
2026-07-10 07:17:24,466 [INFO] Pass: RemoveDiagonalGatesBeforeMeasure - 0.00668 (ms)
2026-07-10 07:17:24,466 [INFO] Pass: RemoveIdentityEquivalent - 0.00525 (ms)
2026-07-10 07:17:24,466 [INFO] Pass: InverseCancellation - 0.02265 (ms)
2026-07-10 07:17:24,466 [INFO] Pass: ContractIdleWiresInControlFlow - 0.00191 (ms)
2026-07-10 07:17:24,466 [INFO] Pass: CommutativeCancellation - 0.07224 (ms)
2026-07-10 07:17:24,466 [INFO] Pass: ConsolidateBlocks - 0.04363 (ms)
2026-07-10 07:17:24,466 [INFO] Pass: Split2QUnitaries - 0.00262 (ms)
2026-07-10 07:17:24,466 [INFO] Pass: UnitarySynthesis - 0.00525 (ms)
2026-07-10 07:17:24,466 [INFO] Pass: HighLevelSynthesis - 0.03481 (ms)
2026-07-10 07:17:24,467 [INFO] Pass: BasisTranslator - 0.07343 (ms)
2026-07-10 07:17:24,467 [INFO] Pass: ConsolidateBlocks - 0.05221 (ms)
2026-07-10 07:17:24,467 [INFO] Pass: UnitarySynthesis - 0.00453 (ms)
2026-07-10 07:17:24,467 [INFO] Pass: Depth - 0.02503 (ms)
2026-07-10 07:17:24,467 [INFO] Pass: FixedPoint - 0.00477 (ms)
2026-07-10 07:17:24,467 [INFO] Pass: Size - 0.00262 (ms)
2026-07-10 07:17:24,467 [INFO] Pass: FixedPoint - 0.00310 (ms)
2026-07-10 07:17:24,467 [INFO] Pass: RemoveIdentityEquivalent - 0.00453 (ms)
2026-07-10 07:17:24,467 [INFO] Pass: Optimize1qGatesDecomposition - 0.13137 (ms)
2026-07-10 07:17:24,467 [INFO] Pass: CommutativeCancellation - 0.09131 (ms)
2026-07-10 07:17:24,467 [INFO] Pass: ContractIdleWiresInControlFlow - 0.00191 (ms)
2026-07-10 07:17:24,467 [INFO] Pass: GatesInBasis - 0.02742 (ms)
2026-07-10 07:17:24,467 [INFO] Pass: Depth - 0.02313 (ms)
2026-07-10 07:17:24,467 [INFO] Pass: FixedPoint - 0.00358 (ms)
2026-07-10 07:17:24,467 [INFO] Pass: Size - 0.00191 (ms)
2026-07-10 07:17:24,467 [INFO] Pass: FixedPoint - 0.00262 (ms)
2026-07-10 07:17:24,467 [INFO] Pass: RemoveIdentityEquivalent - 0.00429 (ms)
2026-07-10 07:17:24,467 [INFO] Pass: Optimize1qGatesDecomposition - 0.12183 (ms)
2026-07-10 07:17:24,468 [INFO] Pass: CommutativeCancellation - 0.08488 (ms)
2026-07-10 07:17:24,468 [INFO] Pass: ContractIdleWiresInControlFlow - 0.00191 (ms)
2026-07-10 07:17:24,468 [INFO] Pass: GatesInBasis - 0.02646 (ms)
2026-07-10 07:17:24,468 [INFO] Pass: Depth - 0.02193 (ms)
2026-07-10 07:17:24,468 [INFO] Pass: FixedPoint - 0.00334 (ms)
2026-07-10 07:17:24,468 [INFO] Pass: Size - 0.00215 (ms)
2026-07-10 07:17:24,468 [INFO] Pass: FixedPoint - 0.00286 (ms)
2026-07-10 07:17:24,468 [INFO] Pass: ContainsInstruction - 0.00501 (ms)
2026-07-10 07:17:24,468 [INFO] Total Transpile Time - 85.77371 (ms)
2026-07-10 07:31:40,714 [INFO] [PCE] n=150 instancia 3/100 completada en 0:00:14:17 — transcurrido=0:00:44:09 restante_estimado=0:23:47:43
2026-07-10 07:31:40,818 [INFO] Pass: ContainsInstruction - 0.01168 (ms)
2026-07-10 07:31:40,818 [INFO] Pass: UnitarySynthesis - 0.00739 (ms)
2026-07-10 07:31:40,818 [INFO] Pass: HighLevelSynthesis - 0.01168 (ms)
2026-07-10 07:31:40,818 [INFO] Pass: BasisTranslator - 0.06247 (ms)
2026-07-10 07:31:40,818 [INFO] Pass: ElidePermutations - 0.00525 (ms)
2026-07-10 07:31:40,818 [INFO] Pass: RemoveDiagonalGatesBeforeMeasure - 0.00834 (ms)
2026-07-10 07:31:40,818 [INFO] Pass: RemoveIdentityEquivalent - 0.00405 (ms)
2026-07-10 07:31:40,818 [INFO] Pass: InverseCancellation - 0.00477 (ms)
2026-07-10 07:31:40,819 [INFO] Pass: ContractIdleWiresInControlFlow - 0.00191 (ms)
2026-07-10 07:31:40,819 [INFO] Pass: CommutativeCancellation - 0.07415 (ms)
2026-07-10 07:31:40,819 [INFO] Pass: ConsolidateBlocks - 0.04840 (ms)
2026-07-10 07:31:40,819 [INFO] Pass: Split2QUnitaries - 0.00310 (ms)
2026-07-10 07:31:40,819 [INFO] Pass: UnitarySynthesis - 0.00548 (ms)
2026-07-10 07:31:40,819 [INFO] Pass: HighLevelSynthesis - 0.03409 (ms)
2026-07-10 07:31:40,819 [INFO] Pass: BasisTranslator - 0.07844 (ms)
2026-07-10 07:31:40,819 [INFO] Pass: ConsolidateBlocks - 0.05364 (ms)
2026-07-10 07:31:40,819 [INFO] Pass: UnitarySynthesis - 0.00501 (ms)
2026-07-10 07:31:40,819 [INFO] Pass: Depth - 0.02337 (ms)
2026-07-10 07:31:40,819 [INFO] Pass: FixedPoint - 0.00429 (ms)
2026-07-10 07:31:40,819 [INFO] Pass: Size - 0.00405 (ms)
2026-07-10 07:31:40,819 [INFO] Pass: FixedPoint - 0.00286 (ms)
2026-07-10 07:31:40,819 [INFO] Pass: RemoveIdentityEquivalent - 0.00358 (ms)
2026-07-10 07:31:40,819 [INFO] Pass: Optimize1qGatesDecomposition - 0.03719 (ms)
2026-07-10 07:31:40,819 [INFO] Pass: CommutativeCancellation - 0.09227 (ms)
2026-07-10 07:31:40,819 [INFO] Pass: ContractIdleWiresInControlFlow - 0.00191 (ms)
2026-07-10 07:31:40,819 [INFO] Pass: GatesInBasis - 0.02861 (ms)
2026-07-10 07:31:40,819 [INFO] Pass: Depth - 0.02146 (ms)
2026-07-10 07:31:40,820 [INFO] Pass: FixedPoint - 0.00334 (ms)
2026-07-10 07:31:40,820 [INFO] Pass: Size - 0.00191 (ms)
2026-07-10 07:31:40,820 [INFO] Pass: FixedPoint - 0.00286 (ms)
2026-07-10 07:31:40,820 [INFO] Pass: ContainsInstruction - 0.00525 (ms)
2026-07-10 07:31:40,820 [INFO] Total Transpile Time - 88.63354 (ms)
2026-07-10 07:31:40,904 [INFO] Pass: ContainsInstruction - 0.00978 (ms)
2026-07-10 07:31:40,904 [INFO] Pass: UnitarySynthesis - 0.00644 (ms)
2026-07-10 07:31:40,904 [INFO] Pass: HighLevelSynthesis - 0.00882 (ms)
2026-07-10 07:31:40,904 [INFO] Pass: BasisTranslator - 0.05364 (ms)
2026-07-10 07:31:40,904 [INFO] Pass: ElidePermutations - 0.00453 (ms)
2026-07-10 07:31:40,905 [INFO] Pass: RemoveDiagonalGatesBeforeMeasure - 0.00668 (ms)
2026-07-10 07:31:40,905 [INFO] Pass: RemoveIdentityEquivalent - 0.00453 (ms)
2026-07-10 07:31:40,905 [INFO] Pass: InverseCancellation - 0.02408 (ms)
2026-07-10 07:31:40,905 [INFO] Pass: ContractIdleWiresInControlFlow - 0.00191 (ms)
2026-07-10 07:31:40,905 [INFO] Pass: CommutativeCancellation - 0.08011 (ms)
2026-07-10 07:31:40,905 [INFO] Pass: ConsolidateBlocks - 0.04363 (ms)
2026-07-10 07:31:40,905 [INFO] Pass: Split2QUnitaries - 0.00262 (ms)
2026-07-10 07:31:40,905 [INFO] Pass: UnitarySynthesis - 0.00548 (ms)
2026-07-10 07:31:40,905 [INFO] Pass: HighLevelSynthesis - 0.03386 (ms)
2026-07-10 07:31:40,905 [INFO] Pass: BasisTranslator - 0.07319 (ms)
2026-07-10 07:31:40,905 [INFO] Pass: ConsolidateBlocks - 0.05174 (ms)
2026-07-10 07:31:40,905 [INFO] Pass: UnitarySynthesis - 0.00429 (ms)
2026-07-10 07:31:40,905 [INFO] Pass: Depth - 0.02337 (ms)
2026-07-10 07:31:40,905 [INFO] Pass: FixedPoint - 0.00429 (ms)
2026-07-10 07:31:40,905 [INFO] Pass: Size - 0.00262 (ms)
2026-07-10 07:31:40,905 [INFO] Pass: FixedPoint - 0.00286 (ms)
2026-07-10 07:31:40,905 [INFO] Pass: RemoveIdentityEquivalent - 0.00477 (ms)
2026-07-10 07:31:40,905 [INFO] Pass: Optimize1qGatesDecomposition - 0.13709 (ms)
2026-07-10 07:31:40,906 [INFO] Pass: CommutativeCancellation - 0.09918 (ms)
2026-07-10 07:31:40,906 [INFO] Pass: ContractIdleWiresInControlFlow - 0.00215 (ms)
2026-07-10 07:31:40,906 [INFO] Pass: GatesInBasis - 0.02885 (ms)
2026-07-10 07:31:40,906 [INFO] Pass: Depth - 0.02241 (ms)
2026-07-10 07:31:40,906 [INFO] Pass: FixedPoint - 0.00405 (ms)
2026-07-10 07:31:40,906 [INFO] Pass: Size - 0.00191 (ms)
2026-07-10 07:31:40,906 [INFO] Pass: FixedPoint - 0.00262 (ms)
2026-07-10 07:31:40,906 [INFO] Pass: ContainsInstruction - 0.00477 (ms)
2026-07-10 07:31:40,906 [INFO] Total Transpile Time - 85.79350 (ms)
2026-07-10 07:31:40,991 [INFO] Pass: ContainsInstruction - 0.00954 (ms)
2026-07-10 07:31:40,991 [INFO] Pass: UnitarySynthesis - 0.00644 (ms)
2026-07-10 07:31:40,991 [INFO] Pass: HighLevelSynthesis - 0.00882 (ms)
2026-07-10 07:31:40,991 [INFO] Pass: BasisTranslator - 0.05364 (ms)
2026-07-10 07:31:40,991 [INFO] Pass: ElidePermutations - 0.00381 (ms)
2026-07-10 07:31:40,991 [INFO] Pass: RemoveDiagonalGatesBeforeMeasure - 0.00596 (ms)
2026-07-10 07:31:40,991 [INFO] Pass: RemoveIdentityEquivalent - 0.00525 (ms)
2026-07-10 07:31:40,991 [INFO] Pass: InverseCancellation - 0.02337 (ms)
2026-07-10 07:31:40,991 [INFO] Pass: ContractIdleWiresInControlFlow - 0.00191 (ms)
2026-07-10 07:31:40,991 [INFO] Pass: CommutativeCancellation - 0.08011 (ms)
2026-07-10 07:31:40,991 [INFO] Pass: ConsolidateBlocks - 0.04339 (ms)
2026-07-10 07:31:40,991 [INFO] Pass: Split2QUnitaries - 0.00238 (ms)
2026-07-10 07:31:40,992 [INFO] Pass: UnitarySynthesis - 0.00525 (ms)
2026-07-10 07:31:40,992 [INFO] Pass: HighLevelSynthesis - 0.03386 (ms)
2026-07-10 07:31:40,992 [INFO] Pass: BasisTranslator - 0.07391 (ms)
2026-07-10 07:31:40,992 [INFO] Pass: ConsolidateBlocks - 0.05245 (ms)
2026-07-10 07:31:40,992 [INFO] Pass: UnitarySynthesis - 0.00501 (ms)
2026-07-10 07:31:40,992 [INFO] Pass: Depth - 0.02408 (ms)
2026-07-10 07:31:40,992 [INFO] Pass: FixedPoint - 0.00381 (ms)
2026-07-10 07:31:40,992 [INFO] Pass: Size - 0.00286 (ms)
2026-07-10 07:31:40,992 [INFO] Pass: FixedPoint - 0.00286 (ms)
2026-07-10 07:31:40,992 [INFO] Pass: RemoveIdentityEquivalent - 0.00525 (ms)
2026-07-10 07:31:40,992 [INFO] Pass: Optimize1qGatesDecomposition - 0.13375 (ms)
2026-07-10 07:31:40,992 [INFO] Pass: CommutativeCancellation - 0.08845 (ms)
2026-07-10 07:31:40,992 [INFO] Pass: ContractIdleWiresInControlFlow - 0.00191 (ms)
2026-07-10 07:31:40,992 [INFO] Pass: GatesInBasis - 0.02813 (ms)
2026-07-10 07:31:40,992 [INFO] Pass: Depth - 0.02360 (ms)
2026-07-10 07:31:40,992 [INFO] Pass: FixedPoint - 0.00358 (ms)
2026-07-10 07:31:40,992 [INFO] Pass: Size - 0.00882 (ms)
2026-07-10 07:31:40,992 [INFO] Pass: FixedPoint - 0.00262 (ms)
2026-07-10 07:31:40,992 [INFO] Pass: RemoveIdentityEquivalent - 0.00501 (ms)
2026-07-10 07:31:40,993 [INFO] Pass: Optimize1qGatesDecomposition - 0.11754 (ms)
2026-07-10 07:31:40,993 [INFO] Pass: CommutativeCancellation - 0.08440 (ms)
2026-07-10 07:31:40,993 [INFO] Pass: ContractIdleWiresInControlFlow - 0.00167 (ms)
2026-07-10 07:31:40,993 [INFO] Pass: GatesInBasis - 0.02694 (ms)
2026-07-10 07:31:40,993 [INFO] Pass: Depth - 0.02098 (ms)
2026-07-10 07:31:40,993 [INFO] Pass: FixedPoint - 0.00310 (ms)
2026-07-10 07:31:40,993 [INFO] Pass: Size - 0.00191 (ms)
2026-07-10 07:31:40,993 [INFO] Pass: FixedPoint - 0.00262 (ms)
2026-07-10 07:31:40,993 [INFO] Pass: ContainsInstruction - 0.00548 (ms)
2026-07-10 07:31:40,993 [INFO] Total Transpile Time - 86.79318 (ms)
2026-07-10 07:47:31,357 [INFO] [PCE] n=150 instancia 4/100 completada en 0:00:15:51 — transcurrido=0:01:00:00 restante_estimado=1:00:00:00
2026-07-10 07:47:31,461 [INFO] Pass: ContainsInstruction - 0.01121 (ms)
2026-07-10 07:47:31,462 [INFO] Pass: UnitarySynthesis - 0.00763 (ms)
2026-07-10 07:47:31,462 [INFO] Pass: HighLevelSynthesis - 0.01144 (ms)
2026-07-10 07:47:31,462 [INFO] Pass: BasisTranslator - 0.06008 (ms)
2026-07-10 07:47:31,462 [INFO] Pass: ElidePermutations - 0.00525 (ms)
2026-07-10 07:47:31,462 [INFO] Pass: RemoveDiagonalGatesBeforeMeasure - 0.00834 (ms)
2026-07-10 07:47:31,462 [INFO] Pass: RemoveIdentityEquivalent - 0.00381 (ms)
2026-07-10 07:47:31,462 [INFO] Pass: InverseCancellation - 0.00525 (ms)
2026-07-10 07:47:31,462 [INFO] Pass: ContractIdleWiresInControlFlow - 0.00215 (ms)
2026-07-10 07:47:31,462 [INFO] Pass: CommutativeCancellation - 0.07367 (ms)
2026-07-10 07:47:31,462 [INFO] Pass: ConsolidateBlocks - 0.04745 (ms)
2026-07-10 07:47:31,462 [INFO] Pass: Split2QUnitaries - 0.00286 (ms)
2026-07-10 07:47:31,462 [INFO] Pass: UnitarySynthesis - 0.00548 (ms)
2026-07-10 07:47:31,462 [INFO] Pass: HighLevelSynthesis - 0.03481 (ms)
2026-07-10 07:47:31,462 [INFO] Pass: BasisTranslator - 0.07391 (ms)
2026-07-10 07:47:31,462 [INFO] Pass: ConsolidateBlocks - 0.05221 (ms)
2026-07-10 07:47:31,462 [INFO] Pass: UnitarySynthesis - 0.00477 (ms)
2026-07-10 07:47:31,462 [INFO] Pass: Depth - 0.03123 (ms)
2026-07-10 07:47:31,462 [INFO] Pass: FixedPoint - 0.00453 (ms)
2026-07-10 07:47:31,462 [INFO] Pass: Size - 0.00381 (ms)
2026-07-10 07:47:31,462 [INFO] Pass: FixedPoint - 0.00286 (ms)
2026-07-10 07:47:31,463 [INFO] Pass: RemoveIdentityEquivalent - 0.00334 (ms)
2026-07-10 07:47:31,463 [INFO] Pass: Optimize1qGatesDecomposition - 0.03719 (ms)
2026-07-10 07:47:31,463 [INFO] Pass: CommutativeCancellation - 0.09584 (ms)
2026-07-10 07:47:31,463 [INFO] Pass: ContractIdleWiresInControlFlow - 0.00191 (ms)
2026-07-10 07:47:31,463 [INFO] Pass: GatesInBasis - 0.02909 (ms)
2026-07-10 07:47:31,463 [INFO] Pass: Depth - 0.02217 (ms)
2026-07-10 07:47:31,463 [INFO] Pass: FixedPoint - 0.00334 (ms)
2026-07-10 07:47:31,463 [INFO] Pass: Size - 0.00215 (ms)
2026-07-10 07:47:31,463 [INFO] Pass: FixedPoint - 0.00286 (ms)
2026-07-10 07:47:31,463 [INFO] Pass: ContainsInstruction - 0.00525 (ms)
2026-07-10 07:47:31,463 [INFO] Total Transpile Time - 88.78517 (ms)
2026-07-10 07:47:31,549 [INFO] Pass: ContainsInstruction - 0.00978 (ms)
2026-07-10 07:47:31,549 [INFO] Pass: UnitarySynthesis - 0.00620 (ms)
2026-07-10 07:47:31,549 [INFO] Pass: HighLevelSynthesis - 0.00930 (ms)
2026-07-10 07:47:31,549 [INFO] Pass: BasisTranslator - 0.05960 (ms)
2026-07-10 07:47:31,549 [INFO] Pass: ElidePermutations - 0.00381 (ms)
2026-07-10 07:47:31,549 [INFO] Pass: RemoveDiagonalGatesBeforeMeasure - 0.00668 (ms)
2026-07-10 07:47:31,549 [INFO] Pass: RemoveIdentityEquivalent - 0.00477 (ms)
2026-07-10 07:47:31,549 [INFO] Pass: InverseCancellation - 0.02432 (ms)
2026-07-10 07:47:31,549 [INFO] Pass: ContractIdleWiresInControlFlow - 0.00167 (ms)
2026-07-10 07:47:31,549 [INFO] Pass: CommutativeCancellation - 0.07939 (ms)
2026-07-10 07:47:31,549 [INFO] Pass: ConsolidateBlocks - 0.04411 (ms)
2026-07-10 07:47:31,549 [INFO] Pass: Split2QUnitaries - 0.00262 (ms)
2026-07-10 07:47:31,549 [INFO] Pass: UnitarySynthesis - 0.00501 (ms)
2026-07-10 07:47:31,549 [INFO] Pass: HighLevelSynthesis - 0.03314 (ms)
2026-07-10 07:47:31,549 [INFO] Pass: BasisTranslator - 0.07510 (ms)
2026-07-10 07:47:31,549 [INFO] Pass: ConsolidateBlocks - 0.05174 (ms)
2026-07-10 07:47:31,549 [INFO] Pass: UnitarySynthesis - 0.01097 (ms)
2026-07-10 07:47:31,549 [INFO] Pass: Depth - 0.02623 (ms)
2026-07-10 07:47:31,549 [INFO] Pass: FixedPoint - 0.00429 (ms)
2026-07-10 07:47:31,549 [INFO] Pass: Size - 0.00262 (ms)
2026-07-10 07:47:31,550 [INFO] Pass: FixedPoint - 0.00286 (ms)
2026-07-10 07:47:31,550 [INFO] Pass: RemoveIdentityEquivalent - 0.00405 (ms)
2026-07-10 07:47:31,550 [INFO] Pass: Optimize1qGatesDecomposition - 0.13065 (ms)
2026-07-10 07:47:31,550 [INFO] Pass: CommutativeCancellation - 0.10061 (ms)
2026-07-10 07:47:31,550 [INFO] Pass: ContractIdleWiresInControlFlow - 0.00167 (ms)
2026-07-10 07:47:31,550 [INFO] Pass: GatesInBasis - 0.02813 (ms)
2026-07-10 07:47:31,550 [INFO] Pass: Depth - 0.02122 (ms)
2026-07-10 07:47:31,550 [INFO] Pass: FixedPoint - 0.00358 (ms)
2026-07-10 07:47:31,550 [INFO] Pass: Size - 0.00215 (ms)
2026-07-10 07:47:31,550 [INFO] Pass: FixedPoint - 0.00262 (ms)
2026-07-10 07:47:31,550 [INFO] Pass: ContainsInstruction - 0.00501 (ms)
2026-07-10 07:47:31,550 [INFO] Total Transpile Time - 86.71618 (ms)
2026-07-10 07:47:31,636 [INFO] Pass: ContainsInstruction - 0.00930 (ms)
2026-07-10 07:47:31,636 [INFO] Pass: UnitarySynthesis - 0.00644 (ms)
2026-07-10 07:47:31,636 [INFO] Pass: HighLevelSynthesis - 0.00834 (ms)
2026-07-10 07:47:31,636 [INFO] Pass: BasisTranslator - 0.05078 (ms)
2026-07-10 07:47:31,636 [INFO] Pass: ElidePermutations - 0.00381 (ms)
2026-07-10 07:47:31,636 [INFO] Pass: RemoveDiagonalGatesBeforeMeasure - 0.00620 (ms)
2026-07-10 07:47:31,636 [INFO] Pass: RemoveIdentityEquivalent - 0.00548 (ms)
2026-07-10 07:47:31,636 [INFO] Pass: InverseCancellation - 0.02289 (ms)
2026-07-10 07:47:31,636 [INFO] Pass: ContractIdleWiresInControlFlow - 0.00215 (ms)
2026-07-10 07:47:31,636 [INFO] Pass: CommutativeCancellation - 0.07463 (ms)
2026-07-10 07:47:31,636 [INFO] Pass: ConsolidateBlocks - 0.04172 (ms)
2026-07-10 07:47:31,636 [INFO] Pass: Split2QUnitaries - 0.00238 (ms)
2026-07-10 07:47:31,636 [INFO] Pass: UnitarySynthesis - 0.00525 (ms)
2026-07-10 07:47:31,636 [INFO] Pass: HighLevelSynthesis - 0.03433 (ms)
2026-07-10 07:47:31,636 [INFO] Pass: BasisTranslator - 0.07820 (ms)
2026-07-10 07:47:31,636 [INFO] Pass: ConsolidateBlocks - 0.05245 (ms)
2026-07-10 07:47:31,637 [INFO] Pass: UnitarySynthesis - 0.00477 (ms)
2026-07-10 07:47:31,637 [INFO] Pass: Depth - 0.02503 (ms)
2026-07-10 07:47:31,637 [INFO] Pass: FixedPoint - 0.00429 (ms)
2026-07-10 07:47:31,637 [INFO] Pass: Size - 0.00286 (ms)
2026-07-10 07:47:31,637 [INFO] Pass: FixedPoint - 0.00286 (ms)
2026-07-10 07:47:31,637 [INFO] Pass: RemoveIdentityEquivalent - 0.00525 (ms)
2026-07-10 07:47:31,637 [INFO] Pass: Optimize1qGatesDecomposition - 0.13256 (ms)
2026-07-10 07:47:31,637 [INFO] Pass: CommutativeCancellation - 0.09251 (ms)
2026-07-10 07:47:31,637 [INFO] Pass: ContractIdleWiresInControlFlow - 0.00191 (ms)
2026-07-10 07:47:31,637 [INFO] Pass: GatesInBasis - 0.02909 (ms)
2026-07-10 07:47:31,637 [INFO] Pass: Depth - 0.02551 (ms)
2026-07-10 07:47:31,637 [INFO] Pass: FixedPoint - 0.00358 (ms)
2026-07-10 07:47:31,637 [INFO] Pass: Size - 0.00215 (ms)
2026-07-10 07:47:31,637 [INFO] Pass: FixedPoint - 0.00286 (ms)
2026-07-10 07:47:31,637 [INFO] Pass: RemoveIdentityEquivalent - 0.00477 (ms)
2026-07-10 07:47:31,637 [INFO] Pass: Optimize1qGatesDecomposition - 0.11659 (ms)
2026-07-10 07:47:31,637 [INFO] Pass: CommutativeCancellation - 0.09179 (ms)
2026-07-10 07:47:31,637 [INFO] Pass: ContractIdleWiresInControlFlow - 0.00191 (ms)
2026-07-10 07:47:31,638 [INFO] Pass: GatesInBasis - 0.02766 (ms)
2026-07-10 07:47:31,638 [INFO] Pass: Depth - 0.02241 (ms)
2026-07-10 07:47:31,638 [INFO] Pass: FixedPoint - 0.00358 (ms)
2026-07-10 07:47:31,638 [INFO] Pass: Size - 0.00215 (ms)
2026-07-10 07:47:31,638 [INFO] Pass: FixedPoint - 0.00286 (ms)
2026-07-10 07:47:31,638 [INFO] Pass: ContainsInstruction - 0.00572 (ms)
2026-07-10 07:47:31,638 [INFO] Total Transpile Time - 87.26549 (ms)
2026-07-10 08:03:49,730 [INFO] [PCE] n=150 instancia 5/100 completada en 0:00:16:18 — transcurrido=0:01:16:18 restante_estimado=1:00:09:49
2026-07-10 08:03:49,835 [INFO] Pass: ContainsInstruction - 0.01073 (ms)
2026-07-10 08:03:49,835 [INFO] Pass: UnitarySynthesis - 0.00596 (ms)
2026-07-10 08:03:49,835 [INFO] Pass: HighLevelSynthesis - 0.01144 (ms)
2026-07-10 08:03:49,835 [INFO] Pass: BasisTranslator - 0.05865 (ms)
2026-07-10 08:03:49,835 [INFO] Pass: ElidePermutations - 0.00477 (ms)
2026-07-10 08:03:49,835 [INFO] Pass: RemoveDiagonalGatesBeforeMeasure - 0.00811 (ms)
2026-07-10 08:03:49,835 [INFO] Pass: RemoveIdentityEquivalent - 0.00381 (ms)
2026-07-10 08:03:49,835 [INFO] Pass: InverseCancellation - 0.00548 (ms)
2026-07-10 08:03:49,835 [INFO] Pass: ContractIdleWiresInControlFlow - 0.00191 (ms)
2026-07-10 08:03:49,835 [INFO] Pass: CommutativeCancellation - 0.08273 (ms)
2026-07-10 08:03:49,835 [INFO] Pass: ConsolidateBlocks - 0.04625 (ms)
2026-07-10 08:03:49,836 [INFO] Pass: Split2QUnitaries - 0.00262 (ms)
2026-07-10 08:03:49,836 [INFO] Pass: UnitarySynthesis - 0.00501 (ms)
2026-07-10 08:03:49,836 [INFO] Pass: HighLevelSynthesis - 0.03362 (ms)
2026-07-10 08:03:49,836 [INFO] Pass: BasisTranslator - 0.07558 (ms)
2026-07-10 08:03:49,836 [INFO] Pass: ConsolidateBlocks - 0.05221 (ms)
2026-07-10 08:03:49,836 [INFO] Pass: UnitarySynthesis - 0.00429 (ms)
2026-07-10 08:03:49,836 [INFO] Pass: Depth - 0.02646 (ms)
2026-07-10 08:03:49,836 [INFO] Pass: FixedPoint - 0.00477 (ms)
2026-07-10 08:03:49,836 [INFO] Pass: Size - 0.00334 (ms)
2026-07-10 08:03:49,836 [INFO] Pass: FixedPoint - 0.00238 (ms)
2026-07-10 08:03:49,836 [INFO] Pass: RemoveIdentityEquivalent - 0.00310 (ms)
2026-07-10 08:03:49,836 [INFO] Pass: Optimize1qGatesDecomposition - 0.03600 (ms)
2026-07-10 08:03:49,836 [INFO] Pass: CommutativeCancellation - 0.08988 (ms)
2026-07-10 08:03:49,836 [INFO] Pass: ContractIdleWiresInControlFlow - 0.00191 (ms)
2026-07-10 08:03:49,836 [INFO] Pass: GatesInBasis - 0.02837 (ms)
2026-07-10 08:03:49,836 [INFO] Pass: Depth - 0.02170 (ms)
2026-07-10 08:03:49,836 [INFO] Pass: FixedPoint - 0.00334 (ms)
2026-07-10 08:03:49,836 [INFO] Pass: Size - 0.00215 (ms)
2026-07-10 08:03:49,836 [INFO] Pass: FixedPoint - 0.00238 (ms)
2026-07-10 08:03:49,836 [INFO] Pass: ContainsInstruction - 0.00501 (ms)
2026-07-10 08:03:49,837 [INFO] Total Transpile Time - 88.13596 (ms)
2026-07-10 08:03:49,922 [INFO] Pass: ContainsInstruction - 0.00954 (ms)
2026-07-10 08:03:49,922 [INFO] Pass: UnitarySynthesis - 0.00596 (ms)
2026-07-10 08:03:49,922 [INFO] Pass: HighLevelSynthesis - 0.00930 (ms)
2026-07-10 08:03:49,922 [INFO] Pass: BasisTranslator - 0.05555 (ms)
2026-07-10 08:03:49,922 [INFO] Pass: ElidePermutations - 0.00453 (ms)
2026-07-10 08:03:49,922 [INFO] Pass: RemoveDiagonalGatesBeforeMeasure - 0.00668 (ms)
2026-07-10 08:03:49,922 [INFO] Pass: RemoveIdentityEquivalent - 0.00548 (ms)
2026-07-10 08:03:49,922 [INFO] Pass: InverseCancellation - 0.02408 (ms)
2026-07-10 08:03:49,922 [INFO] Pass: ContractIdleWiresInControlFlow - 0.00191 (ms)
2026-07-10 08:03:49,922 [INFO] Pass: CommutativeCancellation - 0.07939 (ms)
2026-07-10 08:03:49,922 [INFO] Pass: ConsolidateBlocks - 0.04506 (ms)
2026-07-10 08:03:49,922 [INFO] Pass: Split2QUnitaries - 0.00310 (ms)
2026-07-10 08:03:49,922 [INFO] Pass: UnitarySynthesis - 0.00501 (ms)
2026-07-10 08:03:49,922 [INFO] Pass: HighLevelSynthesis - 0.03433 (ms)
2026-07-10 08:03:49,922 [INFO] Pass: BasisTranslator - 0.07582 (ms)
2026-07-10 08:03:49,922 [INFO] Pass: ConsolidateBlocks - 0.06056 (ms)
2026-07-10 08:03:49,922 [INFO] Pass: UnitarySynthesis - 0.00453 (ms)
2026-07-10 08:03:49,923 [INFO] Pass: Depth - 0.02456 (ms)
2026-07-10 08:03:49,923 [INFO] Pass: FixedPoint - 0.00405 (ms)
2026-07-10 08:03:49,923 [INFO] Pass: Size - 0.00310 (ms)
2026-07-10 08:03:49,923 [INFO] Pass: FixedPoint - 0.00238 (ms)
2026-07-10 08:03:49,923 [INFO] Pass: RemoveIdentityEquivalent - 0.00525 (ms)
2026-07-10 08:03:49,923 [INFO] Pass: Optimize1qGatesDecomposition - 0.13041 (ms)
2026-07-10 08:03:49,923 [INFO] Pass: CommutativeCancellation - 0.09871 (ms)
2026-07-10 08:03:49,923 [INFO] Pass: ContractIdleWiresInControlFlow - 0.00215 (ms)
2026-07-10 08:03:49,923 [INFO] Pass: GatesInBasis - 0.02885 (ms)
2026-07-10 08:03:49,923 [INFO] Pass: Depth - 0.02217 (ms)
2026-07-10 08:03:49,923 [INFO] Pass: FixedPoint - 0.00358 (ms)
2026-07-10 08:03:49,923 [INFO] Pass: Size - 0.00215 (ms)
2026-07-10 08:03:49,923 [INFO] Pass: FixedPoint - 0.00286 (ms)
2026-07-10 08:03:49,923 [INFO] Pass: ContainsInstruction - 0.00501 (ms)
2026-07-10 08:03:49,923 [INFO] Total Transpile Time - 86.36093 (ms)
2026-07-10 08:03:50,008 [INFO] Pass: ContainsInstruction - 0.00978 (ms)
2026-07-10 08:03:50,008 [INFO] Pass: UnitarySynthesis - 0.00620 (ms)
2026-07-10 08:03:50,008 [INFO] Pass: HighLevelSynthesis - 0.00906 (ms)
2026-07-10 08:03:50,008 [INFO] Pass: BasisTranslator - 0.05269 (ms)
2026-07-10 08:03:50,008 [INFO] Pass: ElidePermutations - 0.00358 (ms)
2026-07-10 08:03:50,008 [INFO] Pass: RemoveDiagonalGatesBeforeMeasure - 0.00691 (ms)
2026-07-10 08:03:50,008 [INFO] Pass: RemoveIdentityEquivalent - 0.00548 (ms)
2026-07-10 08:03:50,008 [INFO] Pass: InverseCancellation - 0.02408 (ms)
2026-07-10 08:03:50,008 [INFO] Pass: ContractIdleWiresInControlFlow - 0.00191 (ms)
2026-07-10 08:03:50,008 [INFO] Pass: CommutativeCancellation - 0.08440 (ms)
2026-07-10 08:03:50,008 [INFO] Pass: ConsolidateBlocks - 0.04244 (ms)
2026-07-10 08:03:50,009 [INFO] Pass: Split2QUnitaries - 0.00238 (ms)
2026-07-10 08:03:50,009 [INFO] Pass: UnitarySynthesis - 0.00525 (ms)
2026-07-10 08:03:50,009 [INFO] Pass: HighLevelSynthesis - 0.03433 (ms)
2026-07-10 08:03:50,009 [INFO] Pass: BasisTranslator - 0.07510 (ms)
2026-07-10 08:03:50,009 [INFO] Pass: ConsolidateBlocks - 0.05174 (ms)
2026-07-10 08:03:50,009 [INFO] Pass: UnitarySynthesis - 0.00501 (ms)
2026-07-10 08:03:50,009 [INFO] Pass: Depth - 0.02432 (ms)
2026-07-10 08:03:50,009 [INFO] Pass: FixedPoint - 0.00405 (ms)
2026-07-10 08:03:50,009 [INFO] Pass: Size - 0.00262 (ms)
2026-07-10 08:03:50,009 [INFO] Pass: FixedPoint - 0.00262 (ms)
2026-07-10 08:03:50,009 [INFO] Pass: RemoveIdentityEquivalent - 0.00525 (ms)
2026-07-10 08:03:50,009 [INFO] Pass: Optimize1qGatesDecomposition - 0.12922 (ms)
2026-07-10 08:03:50,009 [INFO] Pass: CommutativeCancellation - 0.09203 (ms)
2026-07-10 08:03:50,009 [INFO] Pass: ContractIdleWiresInControlFlow - 0.00215 (ms)
2026-07-10 08:03:50,009 [INFO] Pass: GatesInBasis - 0.02789 (ms)
2026-07-10 08:03:50,009 [INFO] Pass: Depth - 0.02480 (ms)
2026-07-10 08:03:50,009 [INFO] Pass: FixedPoint - 0.00405 (ms)
2026-07-10 08:03:50,009 [INFO] Pass: Size - 0.00262 (ms)
2026-07-10 08:03:50,009 [INFO] Pass: FixedPoint - 0.00334 (ms)
2026-07-10 08:03:50,009 [INFO] Pass: RemoveIdentityEquivalent - 0.00501 (ms)
2026-07-10 08:03:50,010 [INFO] Pass: Optimize1qGatesDecomposition - 0.11635 (ms)
2026-07-10 08:03:50,010 [INFO] Pass: CommutativeCancellation - 0.08702 (ms)
2026-07-10 08:03:50,010 [INFO] Pass: ContractIdleWiresInControlFlow - 0.00143 (ms)
2026-07-10 08:03:50,010 [INFO] Pass: GatesInBasis - 0.02694 (ms)
2026-07-10 08:03:50,010 [INFO] Pass: Depth - 0.02193 (ms)
2026-07-10 08:03:50,010 [INFO] Pass: FixedPoint - 0.00310 (ms)
2026-07-10 08:03:50,010 [INFO] Pass: Size - 0.00167 (ms)
2026-07-10 08:03:50,010 [INFO] Pass: FixedPoint - 0.00262 (ms)
2026-07-10 08:03:50,010 [INFO] Pass: ContainsInstruction - 0.00572 (ms)
2026-07-10 08:03:50,010 [INFO] Total Transpile Time - 86.46774 (ms)
2026-07-10 08:19:52,479 [INFO] [PCE] n=150 instancia 6/100 completada en 0:00:16:03 — transcurrido=0:01:32:21 restante_estimado=1:00:06:51
2026-07-10 08:19:52,586 [INFO] Pass: ContainsInstruction - 0.01073 (ms)
2026-07-10 08:19:52,586 [INFO] Pass: UnitarySynthesis - 0.00715 (ms)
2026-07-10 08:19:52,586 [INFO] Pass: HighLevelSynthesis - 0.01121 (ms)
2026-07-10 08:19:52,586 [INFO] Pass: BasisTranslator - 0.05960 (ms)
2026-07-10 08:19:52,586 [INFO] Pass: ElidePermutations - 0.00477 (ms)
2026-07-10 08:19:52,586 [INFO] Pass: RemoveDiagonalGatesBeforeMeasure - 0.01550 (ms)
2026-07-10 08:19:52,586 [INFO] Pass: RemoveIdentityEquivalent - 0.00358 (ms)
2026-07-10 08:19:52,586 [INFO] Pass: InverseCancellation - 0.00453 (ms)
2026-07-10 08:19:52,586 [INFO] Pass: ContractIdleWiresInControlFlow - 0.00191 (ms)
2026-07-10 08:19:52,587 [INFO] Pass: CommutativeCancellation - 0.07057 (ms)
2026-07-10 08:19:52,587 [INFO] Pass: ConsolidateBlocks - 0.04721 (ms)
2026-07-10 08:19:52,587 [INFO] Pass: Split2QUnitaries - 0.00334 (ms)
2026-07-10 08:19:52,587 [INFO] Pass: UnitarySynthesis - 0.00501 (ms)
2026-07-10 08:19:52,587 [INFO] Pass: HighLevelSynthesis - 0.03505 (ms)
2026-07-10 08:19:52,587 [INFO] Pass: BasisTranslator - 0.07415 (ms)
2026-07-10 08:19:52,587 [INFO] Pass: ConsolidateBlocks - 0.05126 (ms)
2026-07-10 08:19:52,587 [INFO] Pass: UnitarySynthesis - 0.00477 (ms)
2026-07-10 08:19:52,587 [INFO] Pass: Depth - 0.02480 (ms)
2026-07-10 08:19:52,587 [INFO] Pass: FixedPoint - 0.00453 (ms)
2026-07-10 08:19:52,587 [INFO] Pass: Size - 0.00358 (ms)
2026-07-10 08:19:52,587 [INFO] Pass: FixedPoint - 0.00262 (ms)
2026-07-10 08:19:52,587 [INFO] Pass: RemoveIdentityEquivalent - 0.00358 (ms)
2026-07-10 08:19:52,587 [INFO] Pass: Optimize1qGatesDecomposition - 0.03695 (ms)
2026-07-10 08:19:52,587 [INFO] Pass: CommutativeCancellation - 0.08988 (ms)
2026-07-10 08:19:52,587 [INFO] Pass: ContractIdleWiresInControlFlow - 0.00191 (ms)
2026-07-10 08:19:52,587 [INFO] Pass: GatesInBasis - 0.02813 (ms)
2026-07-10 08:19:52,587 [INFO] Pass: Depth - 0.02241 (ms)
2026-07-10 08:19:52,587 [INFO] Pass: FixedPoint - 0.00334 (ms)
2026-07-10 08:19:52,587 [INFO] Pass: Size - 0.00191 (ms)
2026-07-10 08:19:52,587 [INFO] Pass: FixedPoint - 0.00238 (ms)
2026-07-10 08:19:52,588 [INFO] Pass: ContainsInstruction - 0.00501 (ms)
2026-07-10 08:19:52,588 [INFO] Total Transpile Time - 90.29841 (ms)
2026-07-10 08:19:52,672 [INFO] Pass: ContainsInstruction - 0.00954 (ms)
2026-07-10 08:19:52,672 [INFO] Pass: UnitarySynthesis - 0.00620 (ms)
2026-07-10 08:19:52,672 [INFO] Pass: HighLevelSynthesis - 0.01025 (ms)
2026-07-10 08:19:52,672 [INFO] Pass: BasisTranslator - 0.05245 (ms)
2026-07-10 08:19:52,673 [INFO] Pass: ElidePermutations - 0.00381 (ms)
2026-07-10 08:19:52,673 [INFO] Pass: RemoveDiagonalGatesBeforeMeasure - 0.00620 (ms)
2026-07-10 08:19:52,673 [INFO] Pass: RemoveIdentityEquivalent - 0.00453 (ms)
2026-07-10 08:19:52,673 [INFO] Pass: InverseCancellation - 0.02337 (ms)
2026-07-10 08:19:52,673 [INFO] Pass: ContractIdleWiresInControlFlow - 0.00215 (ms)
2026-07-10 08:19:52,673 [INFO] Pass: CommutativeCancellation - 0.07296 (ms)
2026-07-10 08:19:52,673 [INFO] Pass: ConsolidateBlocks - 0.04411 (ms)
2026-07-10 08:19:52,673 [INFO] Pass: Split2QUnitaries - 0.00215 (ms)
2026-07-10 08:19:52,673 [INFO] Pass: UnitarySynthesis - 0.00477 (ms)
2026-07-10 08:19:52,673 [INFO] Pass: HighLevelSynthesis - 0.03481 (ms)
2026-07-10 08:19:52,673 [INFO] Pass: BasisTranslator - 0.07057 (ms)
2026-07-10 08:19:52,673 [INFO] Pass: ConsolidateBlocks - 0.05031 (ms)
2026-07-10 08:19:52,673 [INFO] Pass: UnitarySynthesis - 0.00453 (ms)
2026-07-10 08:19:52,673 [INFO] Pass: Depth - 0.02694 (ms)
2026-07-10 08:19:52,673 [INFO] Pass: FixedPoint - 0.00429 (ms)
2026-07-10 08:19:52,673 [INFO] Pass: Size - 0.00262 (ms)
2026-07-10 08:19:52,673 [INFO] Pass: FixedPoint - 0.00286 (ms)
2026-07-10 08:19:52,673 [INFO] Pass: RemoveIdentityEquivalent - 0.00405 (ms)
2026-07-10 08:19:52,673 [INFO] Pass: Optimize1qGatesDecomposition - 0.13137 (ms)
2026-07-10 08:19:52,674 [INFO] Pass: CommutativeCancellation - 0.09537 (ms)
2026-07-10 08:19:52,674 [INFO] Pass: ContractIdleWiresInControlFlow - 0.00191 (ms)
2026-07-10 08:19:52,674 [INFO] Pass: GatesInBasis - 0.02837 (ms)
2026-07-10 08:19:52,674 [INFO] Pass: Depth - 0.02575 (ms)
2026-07-10 08:19:52,674 [INFO] Pass: FixedPoint - 0.00358 (ms)
2026-07-10 08:19:52,674 [INFO] Pass: Size - 0.00215 (ms)
2026-07-10 08:19:52,674 [INFO] Pass: FixedPoint - 0.00286 (ms)
2026-07-10 08:19:52,674 [INFO] Pass: ContainsInstruction - 0.00501 (ms)
2026-07-10 08:19:52,674 [INFO] Total Transpile Time - 85.87074 (ms)
2026-07-10 08:19:52,758 [INFO] Pass: ContainsInstruction - 0.00906 (ms)
2026-07-10 08:19:52,758 [INFO] Pass: UnitarySynthesis - 0.00572 (ms)
2026-07-10 08:19:52,758 [INFO] Pass: HighLevelSynthesis - 0.00882 (ms)
2026-07-10 08:19:52,758 [INFO] Pass: BasisTranslator - 0.05651 (ms)
2026-07-10 08:19:52,758 [INFO] Pass: ElidePermutations - 0.00358 (ms)
2026-07-10 08:19:52,758 [INFO] Pass: RemoveDiagonalGatesBeforeMeasure - 0.00620 (ms)
2026-07-10 08:19:52,759 [INFO] Pass: RemoveIdentityEquivalent - 0.00525 (ms)
2026-07-10 08:19:52,759 [INFO] Pass: InverseCancellation - 0.02337 (ms)
2026-07-10 08:19:52,759 [INFO] Pass: ContractIdleWiresInControlFlow - 0.00167 (ms)
2026-07-10 08:19:52,759 [INFO] Pass: CommutativeCancellation - 0.07176 (ms)
2026-07-10 08:19:52,759 [INFO] Pass: ConsolidateBlocks - 0.04244 (ms)
2026-07-10 08:19:52,759 [INFO] Pass: Split2QUnitaries - 0.00238 (ms)
2026-07-10 08:19:52,759 [INFO] Pass: UnitarySynthesis - 0.00572 (ms)
2026-07-10 08:19:52,759 [INFO] Pass: HighLevelSynthesis - 0.03433 (ms)
2026-07-10 08:19:52,759 [INFO] Pass: BasisTranslator - 0.07176 (ms)
2026-07-10 08:19:52,759 [INFO] Pass: ConsolidateBlocks - 0.05150 (ms)
2026-07-10 08:19:52,759 [INFO] Pass: UnitarySynthesis - 0.00453 (ms)
2026-07-10 08:19:52,759 [INFO] Pass: Depth - 0.02480 (ms)
2026-07-10 08:19:52,759 [INFO] Pass: FixedPoint - 0.00405 (ms)
2026-07-10 08:19:52,759 [INFO] Pass: Size - 0.00262 (ms)
2026-07-10 08:19:52,759 [INFO] Pass: FixedPoint - 0.00286 (ms)
2026-07-10 08:19:52,759 [INFO] Pass: RemoveIdentityEquivalent - 0.00477 (ms)
2026-07-10 08:19:52,759 [INFO] Pass: Optimize1qGatesDecomposition - 0.12994 (ms)
2026-07-10 08:19:52,759 [INFO] Pass: CommutativeCancellation - 0.08678 (ms)
2026-07-10 08:19:52,760 [INFO] Pass: ContractIdleWiresInControlFlow - 0.00191 (ms)
2026-07-10 08:19:52,760 [INFO] Pass: GatesInBasis - 0.02766 (ms)
2026-07-10 08:19:52,760 [INFO] Pass: Depth - 0.02360 (ms)
2026-07-10 08:19:52,760 [INFO] Pass: FixedPoint - 0.00358 (ms)
2026-07-10 08:19:52,760 [INFO] Pass: Size - 0.00191 (ms)
2026-07-10 08:19:52,760 [INFO] Pass: FixedPoint - 0.00310 (ms)
2026-07-10 08:19:52,760 [INFO] Pass: RemoveIdentityEquivalent - 0.00429 (ms)
2026-07-10 08:19:52,760 [INFO] Pass: Optimize1qGatesDecomposition - 0.11063 (ms)
2026-07-10 08:19:52,760 [INFO] Pass: CommutativeCancellation - 0.08249 (ms)
2026-07-10 08:19:52,760 [INFO] Pass: ContractIdleWiresInControlFlow - 0.00191 (ms)
2026-07-10 08:19:52,760 [INFO] Pass: GatesInBasis - 0.02646 (ms)
2026-07-10 08:19:52,760 [INFO] Pass: Depth - 0.02289 (ms)
2026-07-10 08:19:52,760 [INFO] Pass: FixedPoint - 0.00334 (ms)
2026-07-10 08:19:52,760 [INFO] Pass: Size - 0.00215 (ms)
2026-07-10 08:19:52,760 [INFO] Pass: FixedPoint - 0.00238 (ms)
2026-07-10 08:19:52,760 [INFO] Pass: ContainsInstruction - 0.00548 (ms)
2026-07-10 08:19:52,760 [INFO] Total Transpile Time - 86.08699 (ms)
2026-07-10 08:37:04,550 [INFO] [PCE] n=150 instancia 7/100 completada en 0:00:17:12 — transcurrido=0:01:49:33 restante_estimado=1:00:15:30
2026-07-10 08:37:04,654 [INFO] Pass: ContainsInstruction - 0.01049 (ms)
2026-07-10 08:37:04,654 [INFO] Pass: UnitarySynthesis - 0.00691 (ms)
2026-07-10 08:37:04,654 [INFO] Pass: HighLevelSynthesis - 0.01025 (ms)
2026-07-10 08:37:04,654 [INFO] Pass: BasisTranslator - 0.05889 (ms)
2026-07-10 08:37:04,654 [INFO] Pass: ElidePermutations - 0.00501 (ms)
2026-07-10 08:37:04,654 [INFO] Pass: RemoveDiagonalGatesBeforeMeasure - 0.00882 (ms)
2026-07-10 08:37:04,654 [INFO] Pass: RemoveIdentityEquivalent - 0.00381 (ms)
2026-07-10 08:37:04,654 [INFO] Pass: InverseCancellation - 0.00501 (ms)
2026-07-10 08:37:04,654 [INFO] Pass: ContractIdleWiresInControlFlow - 0.00191 (ms)
2026-07-10 08:37:04,654 [INFO] Pass: CommutativeCancellation - 0.07391 (ms)
2026-07-10 08:37:04,654 [INFO] Pass: ConsolidateBlocks - 0.04673 (ms)
2026-07-10 08:37:04,654 [INFO] Pass: Split2QUnitaries - 0.00358 (ms)
2026-07-10 08:37:04,655 [INFO] Pass: UnitarySynthesis - 0.00548 (ms)
2026-07-10 08:37:04,655 [INFO] Pass: HighLevelSynthesis - 0.03386 (ms)
2026-07-10 08:37:04,655 [INFO] Pass: BasisTranslator - 0.07558 (ms)
2026-07-10 08:37:04,655 [INFO] Pass: ConsolidateBlocks - 0.05198 (ms)
2026-07-10 08:37:04,655 [INFO] Pass: UnitarySynthesis - 0.00453 (ms)
2026-07-10 08:37:04,655 [INFO] Pass: Depth - 0.02599 (ms)
2026-07-10 08:37:04,655 [INFO] Pass: FixedPoint - 0.00477 (ms)
2026-07-10 08:37:04,655 [INFO] Pass: Size - 0.00334 (ms)
2026-07-10 08:37:04,655 [INFO] Pass: FixedPoint - 0.00286 (ms)
2026-07-10 08:37:04,655 [INFO] Pass: RemoveIdentityEquivalent - 0.00358 (ms)
2026-07-10 08:37:04,655 [INFO] Pass: Optimize1qGatesDecomposition - 0.03695 (ms)
2026-07-10 08:37:04,655 [INFO] Pass: CommutativeCancellation - 0.09823 (ms)
2026-07-10 08:37:04,655 [INFO] Pass: ContractIdleWiresInControlFlow - 0.00215 (ms)
2026-07-10 08:37:04,655 [INFO] Pass: GatesInBasis - 0.02885 (ms)
2026-07-10 08:37:04,655 [INFO] Pass: Depth - 0.02241 (ms)
2026-07-10 08:37:04,655 [INFO] Pass: FixedPoint - 0.00334 (ms)
2026-07-10 08:37:04,655 [INFO] Pass: Size - 0.00191 (ms)
2026-07-10 08:37:04,655 [INFO] Pass: FixedPoint - 0.00262 (ms)
2026-07-10 08:37:04,655 [INFO] Pass: ContainsInstruction - 0.00548 (ms)
2026-07-10 08:37:04,656 [INFO] Total Transpile Time - 88.12928 (ms)
2026-07-10 08:37:04,741 [INFO] Pass: ContainsInstruction - 0.00954 (ms)
2026-07-10 08:37:04,741 [INFO] Pass: UnitarySynthesis - 0.00620 (ms)
2026-07-10 08:37:04,741 [INFO] Pass: HighLevelSynthesis - 0.00930 (ms)
2026-07-10 08:37:04,741 [INFO] Pass: BasisTranslator - 0.05436 (ms)
2026-07-10 08:37:04,741 [INFO] Pass: ElidePermutations - 0.00381 (ms)
2026-07-10 08:37:04,741 [INFO] Pass: RemoveDiagonalGatesBeforeMeasure - 0.00668 (ms)
2026-07-10 08:37:04,741 [INFO] Pass: RemoveIdentityEquivalent - 0.00501 (ms)
2026-07-10 08:37:04,741 [INFO] Pass: InverseCancellation - 0.02456 (ms)
2026-07-10 08:37:04,741 [INFO] Pass: ContractIdleWiresInControlFlow - 0.00191 (ms)
2026-07-10 08:37:04,741 [INFO] Pass: CommutativeCancellation - 0.07939 (ms)
2026-07-10 08:37:04,741 [INFO] Pass: ConsolidateBlocks - 0.04339 (ms)
2026-07-10 08:37:04,741 [INFO] Pass: Split2QUnitaries - 0.00334 (ms)
2026-07-10 08:37:04,741 [INFO] Pass: UnitarySynthesis - 0.00453 (ms)
2026-07-10 08:37:04,741 [INFO] Pass: HighLevelSynthesis - 0.03362 (ms)
2026-07-10 08:37:04,741 [INFO] Pass: BasisTranslator - 0.07439 (ms)
2026-07-10 08:37:04,742 [INFO] Pass: ConsolidateBlocks - 0.05364 (ms)
2026-07-10 08:37:04,742 [INFO] Pass: UnitarySynthesis - 0.00453 (ms)
2026-07-10 08:37:04,742 [INFO] Pass: Depth - 0.02360 (ms)
2026-07-10 08:37:04,742 [INFO] Pass: FixedPoint - 0.00381 (ms)
2026-07-10 08:37:04,742 [INFO] Pass: Size - 0.00262 (ms)
2026-07-10 08:37:04,742 [INFO] Pass: FixedPoint - 0.00262 (ms)
2026-07-10 08:37:04,742 [INFO] Pass: RemoveIdentityEquivalent - 0.00477 (ms)
2026-07-10 08:37:04,742 [INFO] Pass: Optimize1qGatesDecomposition - 0.12732 (ms)
2026-07-10 08:37:04,742 [INFO] Pass: CommutativeCancellation - 0.09727 (ms)
2026-07-10 08:37:04,742 [INFO] Pass: ContractIdleWiresInControlFlow - 0.00215 (ms)
2026-07-10 08:37:04,742 [INFO] Pass: GatesInBasis - 0.02885 (ms)
2026-07-10 08:37:04,742 [INFO] Pass: Depth - 0.02289 (ms)
2026-07-10 08:37:04,742 [INFO] Pass: FixedPoint - 0.00358 (ms)
2026-07-10 08:37:04,742 [INFO] Pass: Size - 0.00238 (ms)
2026-07-10 08:37:04,742 [INFO] Pass: FixedPoint - 0.00238 (ms)
2026-07-10 08:37:04,742 [INFO] Pass: ContainsInstruction - 0.00525 (ms)
2026-07-10 08:37:04,743 [INFO] Total Transpile Time - 86.52639 (ms)
2026-07-10 08:37:04,828 [INFO] Pass: ContainsInstruction - 0.00930 (ms)
2026-07-10 08:37:04,828 [INFO] Pass: UnitarySynthesis - 0.00644 (ms)
2026-07-10 08:37:04,828 [INFO] Pass: HighLevelSynthesis - 0.00882 (ms)
2026-07-10 08:37:04,828 [INFO] Pass: BasisTranslator - 0.05174 (ms)
2026-07-10 08:37:04,828 [INFO] Pass: ElidePermutations - 0.00334 (ms)
2026-07-10 08:37:04,828 [INFO] Pass: RemoveDiagonalGatesBeforeMeasure - 0.00620 (ms)
2026-07-10 08:37:04,828 [INFO] Pass: RemoveIdentityEquivalent - 0.00572 (ms)
2026-07-10 08:37:04,828 [INFO] Pass: InverseCancellation - 0.02313 (ms)
2026-07-10 08:37:04,828 [INFO] Pass: ContractIdleWiresInControlFlow - 0.00215 (ms)
2026-07-10 08:37:04,828 [INFO] Pass: CommutativeCancellation - 0.07367 (ms)
2026-07-10 08:37:04,828 [INFO] Pass: ConsolidateBlocks - 0.04172 (ms)
2026-07-10 08:37:04,828 [INFO] Pass: Split2QUnitaries - 0.00238 (ms)
2026-07-10 08:37:04,828 [INFO] Pass: UnitarySynthesis - 0.00572 (ms)
2026-07-10 08:37:04,828 [INFO] Pass: HighLevelSynthesis - 0.03409 (ms)
2026-07-10 08:37:04,829 [INFO] Pass: BasisTranslator - 0.07606 (ms)
2026-07-10 08:37:04,829 [INFO] Pass: ConsolidateBlocks - 0.05198 (ms)
2026-07-10 08:37:04,829 [INFO] Pass: UnitarySynthesis - 0.00501 (ms)
2026-07-10 08:37:04,829 [INFO] Pass: Depth - 0.02337 (ms)
2026-07-10 08:37:04,829 [INFO] Pass: FixedPoint - 0.00381 (ms)
2026-07-10 08:37:04,829 [INFO] Pass: Size - 0.00238 (ms)
2026-07-10 08:37:04,829 [INFO] Pass: FixedPoint - 0.00286 (ms)
2026-07-10 08:37:04,829 [INFO] Pass: RemoveIdentityEquivalent - 0.00501 (ms)
2026-07-10 08:37:04,829 [INFO] Pass: Optimize1qGatesDecomposition - 0.13256 (ms)
2026-07-10 08:37:04,829 [INFO] Pass: CommutativeCancellation - 0.09227 (ms)
2026-07-10 08:37:04,829 [INFO] Pass: ContractIdleWiresInControlFlow - 0.00167 (ms)
2026-07-10 08:37:04,829 [INFO] Pass: GatesInBasis - 0.02789 (ms)
2026-07-10 08:37:04,829 [INFO] Pass: Depth - 0.02193 (ms)
2026-07-10 08:37:04,829 [INFO] Pass: FixedPoint - 0.00381 (ms)
2026-07-10 08:37:04,829 [INFO] Pass: Size - 0.00167 (ms)
2026-07-10 08:37:04,829 [INFO] Pass: FixedPoint - 0.00310 (ms)
2026-07-10 08:37:04,829 [INFO] Pass: RemoveIdentityEquivalent - 0.00477 (ms)
2026-07-10 08:37:04,829 [INFO] Pass: Optimize1qGatesDecomposition - 0.12016 (ms)
2026-07-10 08:37:04,830 [INFO] Pass: CommutativeCancellation - 0.08702 (ms)
2026-07-10 08:37:04,830 [INFO] Pass: ContractIdleWiresInControlFlow - 0.00167 (ms)
2026-07-10 08:37:04,830 [INFO] Pass: GatesInBasis - 0.02623 (ms)
2026-07-10 08:37:04,830 [INFO] Pass: Depth - 0.02098 (ms)
2026-07-10 08:37:04,830 [INFO] Pass: FixedPoint - 0.00310 (ms)
2026-07-10 08:37:04,830 [INFO] Pass: Size - 0.00191 (ms)
2026-07-10 08:37:04,830 [INFO] Pass: FixedPoint - 0.00262 (ms)
2026-07-10 08:37:04,830 [INFO] Pass: ContainsInstruction - 0.00572 (ms)
2026-07-10 08:37:04,830 [INFO] Total Transpile Time - 87.14962 (ms)
2026-07-10 08:53:19,223 [INFO] [PCE] n=150 instancia 8/100 completada en 0:00:16:15 — transcurrido=0:02:05:48 restante_estimado=1:00:06:41
2026-07-10 08:53:19,328 [INFO] Pass: ContainsInstruction - 0.01073 (ms)
2026-07-10 08:53:19,328 [INFO] Pass: UnitarySynthesis - 0.00691 (ms)
2026-07-10 08:53:19,328 [INFO] Pass: HighLevelSynthesis - 0.01144 (ms)
2026-07-10 08:53:19,328 [INFO] Pass: BasisTranslator - 0.05960 (ms)
2026-07-10 08:53:19,328 [INFO] Pass: ElidePermutations - 0.00453 (ms)
2026-07-10 08:53:19,328 [INFO] Pass: RemoveDiagonalGatesBeforeMeasure - 0.00834 (ms)
2026-07-10 08:53:19,328 [INFO] Pass: RemoveIdentityEquivalent - 0.00381 (ms)
2026-07-10 08:53:19,328 [INFO] Pass: InverseCancellation - 0.00548 (ms)
2026-07-10 08:53:19,328 [INFO] Pass: ContractIdleWiresInControlFlow - 0.00238 (ms)
2026-07-10 08:53:19,329 [INFO] Pass: CommutativeCancellation - 0.07010 (ms)
2026-07-10 08:53:19,329 [INFO] Pass: ConsolidateBlocks - 0.04697 (ms)
2026-07-10 08:53:19,329 [INFO] Pass: Split2QUnitaries - 0.00286 (ms)
2026-07-10 08:53:19,329 [INFO] Pass: UnitarySynthesis - 0.00548 (ms)
2026-07-10 08:53:19,329 [INFO] Pass: HighLevelSynthesis - 0.03242 (ms)
2026-07-10 08:53:19,329 [INFO] Pass: BasisTranslator - 0.07224 (ms)
2026-07-10 08:53:19,329 [INFO] Pass: ConsolidateBlocks - 0.05198 (ms)
2026-07-10 08:53:19,329 [INFO] Pass: UnitarySynthesis - 0.00453 (ms)
2026-07-10 08:53:19,329 [INFO] Pass: Depth - 0.02432 (ms)
2026-07-10 08:53:19,329 [INFO] Pass: FixedPoint - 0.00429 (ms)
2026-07-10 08:53:19,329 [INFO] Pass: Size - 0.00358 (ms)
2026-07-10 08:53:19,329 [INFO] Pass: FixedPoint - 0.00310 (ms)
2026-07-10 08:53:19,329 [INFO] Pass: RemoveIdentityEquivalent - 0.00310 (ms)
2026-07-10 08:53:19,329 [INFO] Pass: Optimize1qGatesDecomposition - 0.03457 (ms)
2026-07-10 08:53:19,329 [INFO] Pass: CommutativeCancellation - 0.09322 (ms)
2026-07-10 08:53:19,329 [INFO] Pass: ContractIdleWiresInControlFlow - 0.00167 (ms)
2026-07-10 08:53:19,329 [INFO] Pass: GatesInBasis - 0.02861 (ms)
2026-07-10 08:53:19,329 [INFO] Pass: Depth - 0.02837 (ms)
2026-07-10 08:53:19,329 [INFO] Pass: FixedPoint - 0.00358 (ms)
2026-07-10 08:53:19,329 [INFO] Pass: Size - 0.00191 (ms)
2026-07-10 08:53:19,329 [INFO] Pass: FixedPoint - 0.00262 (ms)
2026-07-10 08:53:19,330 [INFO] Pass: ContainsInstruction - 0.00548 (ms)
2026-07-10 08:53:19,330 [INFO] Total Transpile Time - 88.72509 (ms)
2026-07-10 08:53:19,415 [INFO] Pass: ContainsInstruction - 0.00954 (ms)
2026-07-10 08:53:19,415 [INFO] Pass: UnitarySynthesis - 0.00620 (ms)
2026-07-10 08:53:19,415 [INFO] Pass: HighLevelSynthesis - 0.01025 (ms)
2026-07-10 08:53:19,416 [INFO] Pass: BasisTranslator - 0.05341 (ms)
2026-07-10 08:53:19,416 [INFO] Pass: ElidePermutations - 0.00381 (ms)
2026-07-10 08:53:19,416 [INFO] Pass: RemoveDiagonalGatesBeforeMeasure - 0.00644 (ms)
2026-07-10 08:53:19,416 [INFO] Pass: RemoveIdentityEquivalent - 0.00525 (ms)
2026-07-10 08:53:19,416 [INFO] Pass: InverseCancellation - 0.02384 (ms)
2026-07-10 08:53:19,416 [INFO] Pass: ContractIdleWiresInControlFlow - 0.00215 (ms)
2026-07-10 08:53:19,416 [INFO] Pass: CommutativeCancellation - 0.07915 (ms)
2026-07-10 08:53:19,416 [INFO] Pass: ConsolidateBlocks - 0.04315 (ms)
2026-07-10 08:53:19,416 [INFO] Pass: Split2QUnitaries - 0.00262 (ms)
2026-07-10 08:53:19,416 [INFO] Pass: UnitarySynthesis - 0.00525 (ms)
2026-07-10 08:53:19,416 [INFO] Pass: HighLevelSynthesis - 0.03338 (ms)
2026-07-10 08:53:19,416 [INFO] Pass: BasisTranslator - 0.07343 (ms)
2026-07-10 08:53:19,416 [INFO] Pass: ConsolidateBlocks - 0.05102 (ms)
2026-07-10 08:53:19,416 [INFO] Pass: UnitarySynthesis - 0.00453 (ms)
2026-07-10 08:53:19,416 [INFO] Pass: Depth - 0.02408 (ms)
2026-07-10 08:53:19,416 [INFO] Pass: FixedPoint - 0.00453 (ms)
2026-07-10 08:53:19,416 [INFO] Pass: Size - 0.00215 (ms)
2026-07-10 08:53:19,416 [INFO] Pass: FixedPoint - 0.00286 (ms)
2026-07-10 08:53:19,416 [INFO] Pass: RemoveIdentityEquivalent - 0.00429 (ms)
2026-07-10 08:53:19,416 [INFO] Pass: Optimize1qGatesDecomposition - 0.13304 (ms)
2026-07-10 08:53:19,417 [INFO] Pass: CommutativeCancellation - 0.09441 (ms)
2026-07-10 08:53:19,417 [INFO] Pass: ContractIdleWiresInControlFlow - 0.00215 (ms)
2026-07-10 08:53:19,417 [INFO] Pass: GatesInBasis - 0.02813 (ms)
2026-07-10 08:53:19,417 [INFO] Pass: Depth - 0.02241 (ms)
2026-07-10 08:53:19,417 [INFO] Pass: FixedPoint - 0.00358 (ms)
2026-07-10 08:53:19,417 [INFO] Pass: Size - 0.00191 (ms)
2026-07-10 08:53:19,417 [INFO] Pass: FixedPoint - 0.00286 (ms)
2026-07-10 08:53:19,417 [INFO] Pass: ContainsInstruction - 0.00525 (ms)
2026-07-10 08:53:19,417 [INFO] Total Transpile Time - 86.91883 (ms)
2026-07-10 08:53:19,503 [INFO] Pass: ContainsInstruction - 0.00906 (ms)
2026-07-10 08:53:19,503 [INFO] Pass: UnitarySynthesis - 0.00644 (ms)
2026-07-10 08:53:19,503 [INFO] Pass: HighLevelSynthesis - 0.00858 (ms)
2026-07-10 08:53:19,503 [INFO] Pass: BasisTranslator - 0.05245 (ms)
2026-07-10 08:53:19,503 [INFO] Pass: ElidePermutations - 0.00310 (ms)
2026-07-10 08:53:19,503 [INFO] Pass: RemoveDiagonalGatesBeforeMeasure - 0.00644 (ms)
2026-07-10 08:53:19,503 [INFO] Pass: RemoveIdentityEquivalent - 0.00548 (ms)
2026-07-10 08:53:19,503 [INFO] Pass: InverseCancellation - 0.02408 (ms)
2026-07-10 08:53:19,503 [INFO] Pass: ContractIdleWiresInControlFlow - 0.00167 (ms)
2026-07-10 08:53:19,503 [INFO] Pass: CommutativeCancellation - 0.07415 (ms)
2026-07-10 08:53:19,503 [INFO] Pass: ConsolidateBlocks - 0.04268 (ms)
2026-07-10 08:53:19,503 [INFO] Pass: Split2QUnitaries - 0.00215 (ms)
2026-07-10 08:53:19,503 [INFO] Pass: UnitarySynthesis - 0.00525 (ms)
2026-07-10 08:53:19,503 [INFO] Pass: HighLevelSynthesis - 0.03481 (ms)
2026-07-10 08:53:19,503 [INFO] Pass: BasisTranslator - 0.07391 (ms)
2026-07-10 08:53:19,503 [INFO] Pass: ConsolidateBlocks - 0.05174 (ms)
2026-07-10 08:53:19,503 [INFO] Pass: UnitarySynthesis - 0.00453 (ms)
2026-07-10 08:53:19,503 [INFO] Pass: Depth - 0.03171 (ms)
2026-07-10 08:53:19,503 [INFO] Pass: FixedPoint - 0.00429 (ms)
2026-07-10 08:53:19,503 [INFO] Pass: Size - 0.00262 (ms)
2026-07-10 08:53:19,503 [INFO] Pass: FixedPoint - 0.00262 (ms)
2026-07-10 08:53:19,504 [INFO] Pass: RemoveIdentityEquivalent - 0.00477 (ms)
2026-07-10 08:53:19,504 [INFO] Pass: Optimize1qGatesDecomposition - 0.13185 (ms)
2026-07-10 08:53:19,504 [INFO] Pass: CommutativeCancellation - 0.09084 (ms)
2026-07-10 08:53:19,504 [INFO] Pass: ContractIdleWiresInControlFlow - 0.00215 (ms)
2026-07-10 08:53:19,504 [INFO] Pass: GatesInBasis - 0.02813 (ms)
2026-07-10 08:53:19,504 [INFO] Pass: Depth - 0.02360 (ms)
2026-07-10 08:53:19,504 [INFO] Pass: FixedPoint - 0.00334 (ms)
2026-07-10 08:53:19,504 [INFO] Pass: Size - 0.00167 (ms)
2026-07-10 08:53:19,504 [INFO] Pass: FixedPoint - 0.00286 (ms)
2026-07-10 08:53:19,504 [INFO] Pass: RemoveIdentityEquivalent - 0.00477 (ms)
2026-07-10 08:53:19,504 [INFO] Pass: Optimize1qGatesDecomposition - 0.11730 (ms)
2026-07-10 08:53:19,504 [INFO] Pass: CommutativeCancellation - 0.08416 (ms)
2026-07-10 08:53:19,504 [INFO] Pass: ContractIdleWiresInControlFlow - 0.00191 (ms)
2026-07-10 08:53:19,504 [INFO] Pass: GatesInBasis - 0.02694 (ms)
2026-07-10 08:53:19,504 [INFO] Pass: Depth - 0.02098 (ms)
2026-07-10 08:53:19,504 [INFO] Pass: FixedPoint - 0.00358 (ms)
2026-07-10 08:53:19,504 [INFO] Pass: Size - 0.00167 (ms)
2026-07-10 08:53:19,504 [INFO] Pass: FixedPoint - 0.00262 (ms)
2026-07-10 08:53:19,504 [INFO] Pass: ContainsInstruction - 0.00548 (ms)
2026-07-10 08:53:19,505 [INFO] Total Transpile Time - 87.29601 (ms)
2026-07-10 09:09:23,246 [INFO] [PCE] n=150 instancia 9/100 completada en 0:00:16:04 — transcurrido=0:02:21:52 restante_estimado=0:23:54:25
2026-07-10 09:09:23,354 [INFO] Pass: ContainsInstruction - 0.01097 (ms)
2026-07-10 09:09:23,354 [INFO] Pass: UnitarySynthesis - 0.00644 (ms)
2026-07-10 09:09:23,354 [INFO] Pass: HighLevelSynthesis - 0.01192 (ms)
2026-07-10 09:09:23,354 [INFO] Pass: BasisTranslator - 0.05841 (ms)
2026-07-10 09:09:23,354 [INFO] Pass: ElidePermutations - 0.00525 (ms)
2026-07-10 09:09:23,354 [INFO] Pass: RemoveDiagonalGatesBeforeMeasure - 0.00811 (ms)
2026-07-10 09:09:23,354 [INFO] Pass: RemoveIdentityEquivalent - 0.00405 (ms)
2026-07-10 09:09:23,354 [INFO] Pass: InverseCancellation - 0.00572 (ms)
2026-07-10 09:09:23,354 [INFO] Pass: ContractIdleWiresInControlFlow - 0.00215 (ms)
2026-07-10 09:09:23,354 [INFO] Pass: CommutativeCancellation - 0.07701 (ms)
2026-07-10 09:09:23,354 [INFO] Pass: ConsolidateBlocks - 0.04625 (ms)
2026-07-10 09:09:23,354 [INFO] Pass: Split2QUnitaries - 0.00310 (ms)
2026-07-10 09:09:23,354 [INFO] Pass: UnitarySynthesis - 0.00525 (ms)
2026-07-10 09:09:23,354 [INFO] Pass: HighLevelSynthesis - 0.03362 (ms)
2026-07-10 09:09:23,354 [INFO] Pass: BasisTranslator - 0.07486 (ms)
2026-07-10 09:09:23,354 [INFO] Pass: ConsolidateBlocks - 0.05174 (ms)
2026-07-10 09:09:23,354 [INFO] Pass: UnitarySynthesis - 0.00453 (ms)
2026-07-10 09:09:23,354 [INFO] Pass: Depth - 0.02551 (ms)
2026-07-10 09:09:23,354 [INFO] Pass: FixedPoint - 0.00501 (ms)
2026-07-10 09:09:23,355 [INFO] Pass: Size - 0.00334 (ms)
2026-07-10 09:09:23,355 [INFO] Pass: FixedPoint - 0.00286 (ms)
2026-07-10 09:09:23,355 [INFO] Pass: RemoveIdentityEquivalent - 0.00358 (ms)
2026-07-10 09:09:23,355 [INFO] Pass: Optimize1qGatesDecomposition - 0.03600 (ms)
2026-07-10 09:09:23,355 [INFO] Pass: CommutativeCancellation - 0.09251 (ms)
2026-07-10 09:09:23,355 [INFO] Pass: ContractIdleWiresInControlFlow - 0.00215 (ms)
2026-07-10 09:09:23,355 [INFO] Pass: GatesInBasis - 0.02980 (ms)
2026-07-10 09:09:23,355 [INFO] Pass: Depth - 0.02241 (ms)
2026-07-10 09:09:23,355 [INFO] Pass: FixedPoint - 0.00334 (ms)
2026-07-10 09:09:23,355 [INFO] Pass: Size - 0.00191 (ms)
2026-07-10 09:09:23,355 [INFO] Pass: FixedPoint - 0.00262 (ms)
2026-07-10 09:09:23,355 [INFO] Pass: ContainsInstruction - 0.00525 (ms)
2026-07-10 09:09:23,355 [INFO] Total Transpile Time - 90.66057 (ms)
2026-07-10 09:09:23,441 [INFO] Pass: ContainsInstruction - 0.00930 (ms)
2026-07-10 09:09:23,441 [INFO] Pass: UnitarySynthesis - 0.00620 (ms)
2026-07-10 09:09:23,441 [INFO] Pass: HighLevelSynthesis - 0.00954 (ms)
2026-07-10 09:09:23,441 [INFO] Pass: BasisTranslator - 0.05412 (ms)
2026-07-10 09:09:23,441 [INFO] Pass: ElidePermutations - 0.00334 (ms)
2026-07-10 09:09:23,441 [INFO] Pass: RemoveDiagonalGatesBeforeMeasure - 0.00668 (ms)
2026-07-10 09:09:23,441 [INFO] Pass: RemoveIdentityEquivalent - 0.00453 (ms)
2026-07-10 09:09:23,441 [INFO] Pass: InverseCancellation - 0.02360 (ms)
2026-07-10 09:09:23,441 [INFO] Pass: ContractIdleWiresInControlFlow - 0.00191 (ms)
2026-07-10 09:09:23,441 [INFO] Pass: CommutativeCancellation - 0.07796 (ms)
2026-07-10 09:09:23,441 [INFO] Pass: ConsolidateBlocks - 0.04363 (ms)
2026-07-10 09:09:23,441 [INFO] Pass: Split2QUnitaries - 0.00262 (ms)
2026-07-10 09:09:23,441 [INFO] Pass: UnitarySynthesis - 0.00501 (ms)
2026-07-10 09:09:23,441 [INFO] Pass: HighLevelSynthesis - 0.03362 (ms)
2026-07-10 09:09:23,441 [INFO] Pass: BasisTranslator - 0.07224 (ms)
2026-07-10 09:09:23,441 [INFO] Pass: ConsolidateBlocks - 0.05245 (ms)
2026-07-10 09:09:23,441 [INFO] Pass: UnitarySynthesis - 0.00453 (ms)
2026-07-10 09:09:23,441 [INFO] Pass: Depth - 0.03743 (ms)
2026-07-10 09:09:23,441 [INFO] Pass: FixedPoint - 0.00405 (ms)
2026-07-10 09:09:23,441 [INFO] Pass: Size - 0.00286 (ms)
2026-07-10 09:09:23,441 [INFO] Pass: FixedPoint - 0.00286 (ms)
2026-07-10 09:09:23,442 [INFO] Pass: RemoveIdentityEquivalent - 0.00429 (ms)
2026-07-10 09:09:23,442 [INFO] Pass: Optimize1qGatesDecomposition - 0.12350 (ms)
2026-07-10 09:09:23,442 [INFO] Pass: CommutativeCancellation - 0.09990 (ms)
2026-07-10 09:09:23,442 [INFO] Pass: ContractIdleWiresInControlFlow - 0.00191 (ms)
2026-07-10 09:09:23,442 [INFO] Pass: GatesInBasis - 0.02789 (ms)
2026-07-10 09:09:23,442 [INFO] Pass: Depth - 0.02313 (ms)
2026-07-10 09:09:23,442 [INFO] Pass: FixedPoint - 0.00358 (ms)
2026-07-10 09:09:23,442 [INFO] Pass: Size - 0.00215 (ms)
2026-07-10 09:09:23,442 [INFO] Pass: FixedPoint - 0.00286 (ms)
2026-07-10 09:09:23,442 [INFO] Pass: ContainsInstruction - 0.00501 (ms)
2026-07-10 09:09:23,442 [INFO] Total Transpile Time - 86.58934 (ms)
2026-07-10 09:09:23,527 [INFO] Pass: ContainsInstruction - 0.00930 (ms)
2026-07-10 09:09:23,527 [INFO] Pass: UnitarySynthesis - 0.00620 (ms)
2026-07-10 09:09:23,527 [INFO] Pass: HighLevelSynthesis - 0.00858 (ms)
2026-07-10 09:09:23,527 [INFO] Pass: BasisTranslator - 0.05054 (ms)
2026-07-10 09:09:23,527 [INFO] Pass: ElidePermutations - 0.00334 (ms)
2026-07-10 09:09:23,527 [INFO] Pass: RemoveDiagonalGatesBeforeMeasure - 0.00644 (ms)
2026-07-10 09:09:23,527 [INFO] Pass: RemoveIdentityEquivalent - 0.00596 (ms)
2026-07-10 09:09:23,527 [INFO] Pass: InverseCancellation - 0.02241 (ms)
2026-07-10 09:09:23,527 [INFO] Pass: ContractIdleWiresInControlFlow - 0.00191 (ms)
2026-07-10 09:09:23,527 [INFO] Pass: CommutativeCancellation - 0.07558 (ms)
2026-07-10 09:09:23,527 [INFO] Pass: ConsolidateBlocks - 0.04339 (ms)
2026-07-10 09:09:23,527 [INFO] Pass: Split2QUnitaries - 0.00286 (ms)
2026-07-10 09:09:23,528 [INFO] Pass: UnitarySynthesis - 0.00548 (ms)
2026-07-10 09:09:23,528 [INFO] Pass: HighLevelSynthesis - 0.03481 (ms)
2026-07-10 09:09:23,528 [INFO] Pass: BasisTranslator - 0.07439 (ms)
2026-07-10 09:09:23,528 [INFO] Pass: ConsolidateBlocks - 0.05317 (ms)
2026-07-10 09:09:23,528 [INFO] Pass: UnitarySynthesis - 0.00501 (ms)
2026-07-10 09:09:23,528 [INFO] Pass: Depth - 0.02575 (ms)
2026-07-10 09:09:23,528 [INFO] Pass: FixedPoint - 0.00381 (ms)
2026-07-10 09:09:23,528 [INFO] Pass: Size - 0.00286 (ms)
2026-07-10 09:09:23,528 [INFO] Pass: FixedPoint - 0.00262 (ms)
2026-07-10 09:09:23,528 [INFO] Pass: RemoveIdentityEquivalent - 0.00453 (ms)
2026-07-10 09:09:23,528 [INFO] Pass: Optimize1qGatesDecomposition - 0.12851 (ms)
2026-07-10 09:09:23,528 [INFO] Pass: CommutativeCancellation - 0.09251 (ms)
2026-07-10 09:09:23,528 [INFO] Pass: ContractIdleWiresInControlFlow - 0.00191 (ms)
2026-07-10 09:09:23,528 [INFO] Pass: GatesInBasis - 0.02766 (ms)
2026-07-10 09:09:23,528 [INFO] Pass: Depth - 0.02289 (ms)
2026-07-10 09:09:23,528 [INFO] Pass: FixedPoint - 0.00358 (ms)
2026-07-10 09:09:23,528 [INFO] Pass: Size - 0.00191 (ms)
2026-07-10 09:09:23,528 [INFO] Pass: FixedPoint - 0.00262 (ms)
2026-07-10 09:09:23,528 [INFO] Pass: RemoveIdentityEquivalent - 0.00453 (ms)
2026-07-10 09:09:23,529 [INFO] Pass: Optimize1qGatesDecomposition - 0.11063 (ms)
2026-07-10 09:09:23,529 [INFO] Pass: CommutativeCancellation - 0.08750 (ms)
2026-07-10 09:09:23,529 [INFO] Pass: ContractIdleWiresInControlFlow - 0.00191 (ms)
2026-07-10 09:09:23,529 [INFO] Pass: GatesInBasis - 0.02670 (ms)
2026-07-10 09:09:23,529 [INFO] Pass: Depth - 0.02193 (ms)
2026-07-10 09:09:23,529 [INFO] Pass: FixedPoint - 0.00334 (ms)
2026-07-10 09:09:23,529 [INFO] Pass: Size - 0.00191 (ms)
2026-07-10 09:09:23,529 [INFO] Pass: FixedPoint - 0.00262 (ms)
2026-07-10 09:09:23,529 [INFO] Pass: ContainsInstruction - 0.00525 (ms)
2026-07-10 09:09:23,529 [INFO] Total Transpile Time - 86.55047 (ms)
2026-07-10 09:25:10,605 [INFO] [PCE] n=150 instancia 10/100 completada en 0:00:15:47 — transcurrido=0:02:37:39 restante_estimado=0:23:38:53
2026-07-10 09:25:10,710 [INFO] Pass: ContainsInstruction - 0.01097 (ms)
2026-07-10 09:25:10,710 [INFO] Pass: UnitarySynthesis - 0.00691 (ms)
2026-07-10 09:25:10,710 [INFO] Pass: HighLevelSynthesis - 0.01049 (ms)
2026-07-10 09:25:10,710 [INFO] Pass: BasisTranslator - 0.06390 (ms)
2026-07-10 09:25:10,710 [INFO] Pass: ElidePermutations - 0.00548 (ms)
2026-07-10 09:25:10,710 [INFO] Pass: RemoveDiagonalGatesBeforeMeasure - 0.00787 (ms)
2026-07-10 09:25:10,710 [INFO] Pass: RemoveIdentityEquivalent - 0.00525 (ms)
2026-07-10 09:25:10,710 [INFO] Pass: InverseCancellation - 0.00525 (ms)
2026-07-10 09:25:10,710 [INFO] Pass: ContractIdleWiresInControlFlow - 0.00238 (ms)
2026-07-10 09:25:10,710 [INFO] Pass: CommutativeCancellation - 0.08368 (ms)
2026-07-10 09:25:10,710 [INFO] Pass: ConsolidateBlocks - 0.04625 (ms)
2026-07-10 09:25:10,710 [INFO] Pass: Split2QUnitaries - 0.00286 (ms)
2026-07-10 09:25:10,710 [INFO] Pass: UnitarySynthesis - 0.00501 (ms)
2026-07-10 09:25:10,710 [INFO] Pass: HighLevelSynthesis - 0.04005 (ms)
2026-07-10 09:25:10,711 [INFO] Pass: BasisTranslator - 0.07796 (ms)
2026-07-10 09:25:10,711 [INFO] Pass: ConsolidateBlocks - 0.05555 (ms)
2026-07-10 09:25:10,711 [INFO] Pass: UnitarySynthesis - 0.00477 (ms)
2026-07-10 09:25:10,711 [INFO] Pass: Depth - 0.02575 (ms)
2026-07-10 09:25:10,711 [INFO] Pass: FixedPoint - 0.00501 (ms)
2026-07-10 09:25:10,711 [INFO] Pass: Size - 0.00334 (ms)
2026-07-10 09:25:10,711 [INFO] Pass: FixedPoint - 0.00262 (ms)
2026-07-10 09:25:10,711 [INFO] Pass: RemoveIdentityEquivalent - 0.00334 (ms)
2026-07-10 09:25:10,711 [INFO] Pass: Optimize1qGatesDecomposition - 0.03910 (ms)
2026-07-10 09:25:10,711 [INFO] Pass: CommutativeCancellation - 0.10133 (ms)
2026-07-10 09:25:10,711 [INFO] Pass: ContractIdleWiresInControlFlow - 0.00215 (ms)
2026-07-10 09:25:10,711 [INFO] Pass: GatesInBasis - 0.02885 (ms)
2026-07-10 09:25:10,711 [INFO] Pass: Depth - 0.02360 (ms)
2026-07-10 09:25:10,711 [INFO] Pass: FixedPoint - 0.00334 (ms)
2026-07-10 09:25:10,711 [INFO] Pass: Size - 0.00215 (ms)
2026-07-10 09:25:10,711 [INFO] Pass: FixedPoint - 0.00286 (ms)
2026-07-10 09:25:10,711 [INFO] Pass: ContainsInstruction - 0.00525 (ms)
2026-07-10 09:25:10,712 [INFO] Total Transpile Time - 88.76967 (ms)
2026-07-10 09:25:10,797 [INFO] Pass: ContainsInstruction - 0.00978 (ms)
2026-07-10 09:25:10,797 [INFO] Pass: UnitarySynthesis - 0.00620 (ms)
2026-07-10 09:25:10,797 [INFO] Pass: HighLevelSynthesis - 0.00930 (ms)
2026-07-10 09:25:10,797 [INFO] Pass: BasisTranslator - 0.05794 (ms)
2026-07-10 09:25:10,797 [INFO] Pass: ElidePermutations - 0.00381 (ms)
2026-07-10 09:25:10,797 [INFO] Pass: RemoveDiagonalGatesBeforeMeasure - 0.00691 (ms)
2026-07-10 09:25:10,797 [INFO] Pass: RemoveIdentityEquivalent - 0.00525 (ms)
2026-07-10 09:25:10,797 [INFO] Pass: InverseCancellation - 0.02432 (ms)
2026-07-10 09:25:10,797 [INFO] Pass: ContractIdleWiresInControlFlow - 0.00215 (ms)
2026-07-10 09:25:10,797 [INFO] Pass: CommutativeCancellation - 0.08416 (ms)
2026-07-10 09:25:10,797 [INFO] Pass: ConsolidateBlocks - 0.04339 (ms)
2026-07-10 09:25:10,797 [INFO] Pass: Split2QUnitaries - 0.00286 (ms)
2026-07-10 09:25:10,797 [INFO] Pass: UnitarySynthesis - 0.00501 (ms)
2026-07-10 09:25:10,797 [INFO] Pass: HighLevelSynthesis - 0.03386 (ms)
2026-07-10 09:25:10,798 [INFO] Pass: BasisTranslator - 0.07677 (ms)
2026-07-10 09:25:10,798 [INFO] Pass: ConsolidateBlocks - 0.05341 (ms)
2026-07-10 09:25:10,798 [INFO] Pass: UnitarySynthesis - 0.00453 (ms)
2026-07-10 09:25:10,798 [INFO] Pass: Depth - 0.02432 (ms)
2026-07-10 09:25:10,798 [INFO] Pass: FixedPoint - 0.00429 (ms)
2026-07-10 09:25:10,798 [INFO] Pass: Size - 0.00286 (ms)
2026-07-10 09:25:10,798 [INFO] Pass: FixedPoint - 0.00215 (ms)
2026-07-10 09:25:10,798 [INFO] Pass: RemoveIdentityEquivalent - 0.00429 (ms)
2026-07-10 09:25:10,798 [INFO] Pass: Optimize1qGatesDecomposition - 0.13089 (ms)
2026-07-10 09:25:10,798 [INFO] Pass: CommutativeCancellation - 0.10300 (ms)
2026-07-10 09:25:10,798 [INFO] Pass: ContractIdleWiresInControlFlow - 0.00167 (ms)
2026-07-10 09:25:10,798 [INFO] Pass: GatesInBasis - 0.02813 (ms)
2026-07-10 09:25:10,798 [INFO] Pass: Depth - 0.02098 (ms)
2026-07-10 09:25:10,798 [INFO] Pass: FixedPoint - 0.00381 (ms)
2026-07-10 09:25:10,798 [INFO] Pass: Size - 0.00215 (ms)
2026-07-10 09:25:10,798 [INFO] Pass: FixedPoint - 0.00262 (ms)
2026-07-10 09:25:10,798 [INFO] Pass: ContainsInstruction - 0.00477 (ms)
2026-07-10 09:25:10,799 [INFO] Total Transpile Time - 86.59172 (ms)
2026-07-10 09:25:10,884 [INFO] Pass: ContainsInstruction - 0.00954 (ms)
2026-07-10 09:25:10,884 [INFO] Pass: UnitarySynthesis - 0.00691 (ms)
2026-07-10 09:25:10,884 [INFO] Pass: HighLevelSynthesis - 0.00906 (ms)
2026-07-10 09:25:10,884 [INFO] Pass: BasisTranslator - 0.05150 (ms)
2026-07-10 09:25:10,884 [INFO] Pass: ElidePermutations - 0.00358 (ms)
2026-07-10 09:25:10,884 [INFO] Pass: RemoveDiagonalGatesBeforeMeasure - 0.00596 (ms)
2026-07-10 09:25:10,884 [INFO] Pass: RemoveIdentityEquivalent - 0.00525 (ms)
2026-07-10 09:25:10,884 [INFO] Pass: InverseCancellation - 0.02408 (ms)
2026-07-10 09:25:10,884 [INFO] Pass: ContractIdleWiresInControlFlow - 0.00215 (ms)
2026-07-10 09:25:10,884 [INFO] Pass: CommutativeCancellation - 0.07868 (ms)
2026-07-10 09:25:10,884 [INFO] Pass: ConsolidateBlocks - 0.04363 (ms)
2026-07-10 09:25:10,884 [INFO] Pass: Split2QUnitaries - 0.00262 (ms)
2026-07-10 09:25:10,884 [INFO] Pass: UnitarySynthesis - 0.00525 (ms)
2026-07-10 09:25:10,884 [INFO] Pass: HighLevelSynthesis - 0.04172 (ms)
2026-07-10 09:25:10,885 [INFO] Pass: BasisTranslator - 0.07439 (ms)
2026-07-10 09:25:10,885 [INFO] Pass: ConsolidateBlocks - 0.05436 (ms)
2026-07-10 09:25:10,885 [INFO] Pass: UnitarySynthesis - 0.00525 (ms)
2026-07-10 09:25:10,885 [INFO] Pass: Depth - 0.02384 (ms)
2026-07-10 09:25:10,885 [INFO] Pass: FixedPoint - 0.00429 (ms)
2026-07-10 09:25:10,885 [INFO] Pass: Size - 0.00262 (ms)
2026-07-10 09:25:10,885 [INFO] Pass: FixedPoint - 0.00262 (ms)
2026-07-10 09:25:10,885 [INFO] Pass: RemoveIdentityEquivalent - 0.00525 (ms)
2026-07-10 09:25:10,885 [INFO] Pass: Optimize1qGatesDecomposition - 0.13351 (ms)
2026-07-10 09:25:10,885 [INFO] Pass: CommutativeCancellation - 0.09775 (ms)
2026-07-10 09:25:10,885 [INFO] Pass: ContractIdleWiresInControlFlow - 0.00191 (ms)
2026-07-10 09:25:10,885 [INFO] Pass: GatesInBasis - 0.02742 (ms)
2026-07-10 09:25:10,885 [INFO] Pass: Depth - 0.02408 (ms)
2026-07-10 09:25:10,885 [INFO] Pass: FixedPoint - 0.00358 (ms)
2026-07-10 09:25:10,885 [INFO] Pass: Size - 0.00238 (ms)
2026-07-10 09:25:10,885 [INFO] Pass: FixedPoint - 0.00262 (ms)
2026-07-10 09:25:10,885 [INFO] Pass: RemoveIdentityEquivalent - 0.00477 (ms)
2026-07-10 09:25:10,885 [INFO] Pass: Optimize1qGatesDecomposition - 0.13041 (ms)
2026-07-10 09:25:10,886 [INFO] Pass: CommutativeCancellation - 0.09418 (ms)
2026-07-10 09:25:10,886 [INFO] Pass: ContractIdleWiresInControlFlow - 0.00191 (ms)
2026-07-10 09:25:10,886 [INFO] Pass: GatesInBasis - 0.02718 (ms)
2026-07-10 09:25:10,886 [INFO] Pass: Depth - 0.02432 (ms)
2026-07-10 09:25:10,886 [INFO] Pass: FixedPoint - 0.00334 (ms)
2026-07-10 09:25:10,886 [INFO] Pass: Size - 0.00191 (ms)
2026-07-10 09:25:10,886 [INFO] Pass: FixedPoint - 0.00262 (ms)
2026-07-10 09:25:10,886 [INFO] Pass: ContainsInstruction - 0.00596 (ms)
2026-07-10 09:25:10,886 [INFO] Total Transpile Time - 87.15725 (ms)
2026-07-10 09:41:53,811 [INFO] [PCE] n=150 instancia 11/100 completada en 0:00:16:43 — transcurrido=0:02:54:22 restante_estimado=0:23:30:51
2026-07-10 09:41:53,915 [INFO] Pass: ContainsInstruction - 0.01049 (ms)
2026-07-10 09:41:53,915 [INFO] Pass: UnitarySynthesis - 0.00715 (ms)
2026-07-10 09:41:53,915 [INFO] Pass: HighLevelSynthesis - 0.01097 (ms)
2026-07-10 09:41:53,915 [INFO] Pass: BasisTranslator - 0.05865 (ms)
2026-07-10 09:41:53,915 [INFO] Pass: ElidePermutations - 0.00477 (ms)
2026-07-10 09:41:53,915 [INFO] Pass: RemoveDiagonalGatesBeforeMeasure - 0.00882 (ms)
2026-07-10 09:41:53,915 [INFO] Pass: RemoveIdentityEquivalent - 0.00381 (ms)
2026-07-10 09:41:53,915 [INFO] Pass: InverseCancellation - 0.00501 (ms)
2026-07-10 09:41:53,915 [INFO] Pass: ContractIdleWiresInControlFlow - 0.00191 (ms)
2026-07-10 09:41:53,915 [INFO] Pass: CommutativeCancellation - 0.07248 (ms)
2026-07-10 09:41:53,915 [INFO] Pass: ConsolidateBlocks - 0.04625 (ms)
2026-07-10 09:41:53,915 [INFO] Pass: Split2QUnitaries - 0.00262 (ms)
2026-07-10 09:41:53,915 [INFO] Pass: UnitarySynthesis - 0.00477 (ms)
2026-07-10 09:41:53,915 [INFO] Pass: HighLevelSynthesis - 0.03266 (ms)
2026-07-10 09:41:53,915 [INFO] Pass: BasisTranslator - 0.07105 (ms)
2026-07-10 09:41:53,915 [INFO] Pass: ConsolidateBlocks - 0.05293 (ms)
2026-07-10 09:41:53,915 [INFO] Pass: UnitarySynthesis - 0.00477 (ms)
2026-07-10 09:41:53,916 [INFO] Pass: Depth - 0.02551 (ms)
2026-07-10 09:41:53,916 [INFO] Pass: FixedPoint - 0.00453 (ms)
2026-07-10 09:41:53,916 [INFO] Pass: Size - 0.00334 (ms)
2026-07-10 09:41:53,916 [INFO] Pass: FixedPoint - 0.00262 (ms)
2026-07-10 09:41:53,916 [INFO] Pass: RemoveIdentityEquivalent - 0.00334 (ms)
2026-07-10 09:41:53,916 [INFO] Pass: Optimize1qGatesDecomposition - 0.03576 (ms)
2026-07-10 09:41:53,916 [INFO] Pass: CommutativeCancellation - 0.09179 (ms)
2026-07-10 09:41:53,916 [INFO] Pass: ContractIdleWiresInControlFlow - 0.00191 (ms)
2026-07-10 09:41:53,916 [INFO] Pass: GatesInBasis - 0.02837 (ms)
2026-07-10 09:41:53,916 [INFO] Pass: Depth - 0.02193 (ms)
2026-07-10 09:41:53,916 [INFO] Pass: FixedPoint - 0.00334 (ms)
2026-07-10 09:41:53,916 [INFO] Pass: Size - 0.00167 (ms)
2026-07-10 09:41:53,916 [INFO] Pass: FixedPoint - 0.00262 (ms)
2026-07-10 09:41:53,916 [INFO] Pass: ContainsInstruction - 0.00501 (ms)
2026-07-10 09:41:53,916 [INFO] Total Transpile Time - 88.03916 (ms)
2026-07-10 09:41:54,001 [INFO] Pass: ContainsInstruction - 0.00954 (ms)
2026-07-10 09:41:54,001 [INFO] Pass: UnitarySynthesis - 0.00620 (ms)
2026-07-10 09:41:54,001 [INFO] Pass: HighLevelSynthesis - 0.01073 (ms)
2026-07-10 09:41:54,001 [INFO] Pass: BasisTranslator - 0.05221 (ms)
2026-07-10 09:41:54,001 [INFO] Pass: ElidePermutations - 0.00358 (ms)
2026-07-10 09:41:54,001 [INFO] Pass: RemoveDiagonalGatesBeforeMeasure - 0.00668 (ms)
2026-07-10 09:41:54,001 [INFO] Pass: RemoveIdentityEquivalent - 0.00501 (ms)
2026-07-10 09:41:54,001 [INFO] Pass: InverseCancellation - 0.02432 (ms)
2026-07-10 09:41:54,001 [INFO] Pass: ContractIdleWiresInControlFlow - 0.00191 (ms)
2026-07-10 09:41:54,002 [INFO] Pass: CommutativeCancellation - 0.07510 (ms)
2026-07-10 09:41:54,002 [INFO] Pass: ConsolidateBlocks - 0.04387 (ms)
2026-07-10 09:41:54,002 [INFO] Pass: Split2QUnitaries - 0.00262 (ms)
2026-07-10 09:41:54,002 [INFO] Pass: UnitarySynthesis - 0.00501 (ms)
2026-07-10 09:41:54,002 [INFO] Pass: HighLevelSynthesis - 0.03481 (ms)
2026-07-10 09:41:54,002 [INFO] Pass: BasisTranslator - 0.07081 (ms)
2026-07-10 09:41:54,002 [INFO] Pass: ConsolidateBlocks - 0.05150 (ms)
2026-07-10 09:41:54,002 [INFO] Pass: UnitarySynthesis - 0.00429 (ms)
2026-07-10 09:41:54,002 [INFO] Pass: Depth - 0.02456 (ms)
2026-07-10 09:41:54,002 [INFO] Pass: FixedPoint - 0.00429 (ms)
2026-07-10 09:41:54,002 [INFO] Pass: Size - 0.00262 (ms)
2026-07-10 09:41:54,002 [INFO] Pass: FixedPoint - 0.00262 (ms)
2026-07-10 09:41:54,002 [INFO] Pass: RemoveIdentityEquivalent - 0.00477 (ms)
2026-07-10 09:41:54,002 [INFO] Pass: Optimize1qGatesDecomposition - 0.12398 (ms)
2026-07-10 09:41:54,002 [INFO] Pass: CommutativeCancellation - 0.10347 (ms)
2026-07-10 09:41:54,002 [INFO] Pass: ContractIdleWiresInControlFlow - 0.00215 (ms)
2026-07-10 09:41:54,002 [INFO] Pass: GatesInBasis - 0.02813 (ms)
2026-07-10 09:41:54,003 [INFO] Pass: Depth - 0.02360 (ms)
2026-07-10 09:41:54,003 [INFO] Pass: FixedPoint - 0.00381 (ms)
2026-07-10 09:41:54,003 [INFO] Pass: Size - 0.00215 (ms)
2026-07-10 09:41:54,003 [INFO] Pass: FixedPoint - 0.00262 (ms)
2026-07-10 09:41:54,003 [INFO] Pass: ContainsInstruction - 0.00525 (ms)
2026-07-10 09:41:54,003 [INFO] Total Transpile Time - 86.22265 (ms)
2026-07-10 09:41:54,087 [INFO] Pass: ContainsInstruction - 0.00930 (ms)
2026-07-10 09:41:54,087 [INFO] Pass: UnitarySynthesis - 0.00596 (ms)
2026-07-10 09:41:54,087 [INFO] Pass: HighLevelSynthesis - 0.00906 (ms)
2026-07-10 09:41:54,088 [INFO] Pass: BasisTranslator - 0.05221 (ms)
2026-07-10 09:41:54,088 [INFO] Pass: ElidePermutations - 0.00334 (ms)
2026-07-10 09:41:54,088 [INFO] Pass: RemoveDiagonalGatesBeforeMeasure - 0.00620 (ms)
2026-07-10 09:41:54,088 [INFO] Pass: RemoveIdentityEquivalent - 0.00572 (ms)
2026-07-10 09:41:54,088 [INFO] Pass: InverseCancellation - 0.02360 (ms)
2026-07-10 09:41:54,088 [INFO] Pass: ContractIdleWiresInControlFlow - 0.00215 (ms)
2026-07-10 09:41:54,088 [INFO] Pass: CommutativeCancellation - 0.07105 (ms)
2026-07-10 09:41:54,088 [INFO] Pass: ConsolidateBlocks - 0.04292 (ms)
2026-07-10 09:41:54,088 [INFO] Pass: Split2QUnitaries - 0.00215 (ms)
2026-07-10 09:41:54,088 [INFO] Pass: UnitarySynthesis - 0.00548 (ms)
2026-07-10 09:41:54,088 [INFO] Pass: HighLevelSynthesis - 0.03457 (ms)
2026-07-10 09:41:54,088 [INFO] Pass: BasisTranslator - 0.07153 (ms)
2026-07-10 09:41:54,088 [INFO] Pass: ConsolidateBlocks - 0.05031 (ms)
2026-07-10 09:41:54,088 [INFO] Pass: UnitarySynthesis - 0.00453 (ms)
2026-07-10 09:41:54,088 [INFO] Pass: Depth - 0.02384 (ms)
2026-07-10 09:41:54,088 [INFO] Pass: FixedPoint - 0.00405 (ms)
2026-07-10 09:41:54,088 [INFO] Pass: Size - 0.00238 (ms)
2026-07-10 09:41:54,088 [INFO] Pass: FixedPoint - 0.00262 (ms)
2026-07-10 09:41:54,088 [INFO] Pass: RemoveIdentityEquivalent - 0.00477 (ms)
2026-07-10 09:41:54,088 [INFO] Pass: Optimize1qGatesDecomposition - 0.13971 (ms)
2026-07-10 09:41:54,089 [INFO] Pass: CommutativeCancellation - 0.08893 (ms)
2026-07-10 09:41:54,089 [INFO] Pass: ContractIdleWiresInControlFlow - 0.00215 (ms)
2026-07-10 09:41:54,089 [INFO] Pass: GatesInBasis - 0.02742 (ms)
2026-07-10 09:41:54,089 [INFO] Pass: Depth - 0.02337 (ms)
2026-07-10 09:41:54,089 [INFO] Pass: FixedPoint - 0.00381 (ms)
2026-07-10 09:41:54,089 [INFO] Pass: Size - 0.00191 (ms)
2026-07-10 09:41:54,089 [INFO] Pass: FixedPoint - 0.00310 (ms)
2026-07-10 09:41:54,089 [INFO] Pass: RemoveIdentityEquivalent - 0.00477 (ms)
2026-07-10 09:41:54,089 [INFO] Pass: Optimize1qGatesDecomposition - 0.11587 (ms)
2026-07-10 09:41:54,089 [INFO] Pass: CommutativeCancellation - 0.08249 (ms)
2026-07-10 09:41:54,089 [INFO] Pass: ContractIdleWiresInControlFlow - 0.00215 (ms)
2026-07-10 09:41:54,089 [INFO] Pass: GatesInBasis - 0.02646 (ms)
2026-07-10 09:41:54,089 [INFO] Pass: Depth - 0.02098 (ms)
2026-07-10 09:41:54,089 [INFO] Pass: FixedPoint - 0.00334 (ms)
2026-07-10 09:41:54,089 [INFO] Pass: Size - 0.00215 (ms)
2026-07-10 09:41:54,089 [INFO] Pass: FixedPoint - 0.00262 (ms)
2026-07-10 09:41:54,089 [INFO] Pass: ContainsInstruction - 0.00572 (ms)
2026-07-10 09:41:54,090 [INFO] Total Transpile Time - 86.31682 (ms)
2026-07-10 09:57:05,073 [INFO] [PCE] n=150 instancia 12/100 completada en 0:00:15:11 — transcurrido=0:03:09:34 restante_estimado=0:23:10:07
2026-07-10 09:57:05,177 [INFO] Pass: ContainsInstruction - 0.01121 (ms)
2026-07-10 09:57:05,177 [INFO] Pass: UnitarySynthesis - 0.00739 (ms)
2026-07-10 09:57:05,177 [INFO] Pass: HighLevelSynthesis - 0.01121 (ms)
2026-07-10 09:57:05,177 [INFO] Pass: BasisTranslator - 0.05746 (ms)
2026-07-10 09:57:05,177 [INFO] Pass: ElidePermutations - 0.00548 (ms)
2026-07-10 09:57:05,177 [INFO] Pass: RemoveDiagonalGatesBeforeMeasure - 0.00787 (ms)
2026-07-10 09:57:05,177 [INFO] Pass: RemoveIdentityEquivalent - 0.00381 (ms)
2026-07-10 09:57:05,177 [INFO] Pass: InverseCancellation - 0.00501 (ms)
2026-07-10 09:57:05,177 [INFO] Pass: ContractIdleWiresInControlFlow - 0.00191 (ms)
2026-07-10 09:57:05,177 [INFO] Pass: CommutativeCancellation - 0.08273 (ms)
2026-07-10 09:57:05,177 [INFO] Pass: ConsolidateBlocks - 0.04601 (ms)
2026-07-10 09:57:05,178 [INFO] Pass: Split2QUnitaries - 0.00334 (ms)
2026-07-10 09:57:05,178 [INFO] Pass: UnitarySynthesis - 0.00501 (ms)
2026-07-10 09:57:05,178 [INFO] Pass: HighLevelSynthesis - 0.03433 (ms)
2026-07-10 09:57:05,178 [INFO] Pass: BasisTranslator - 0.07391 (ms)
2026-07-10 09:57:05,178 [INFO] Pass: ConsolidateBlocks - 0.05484 (ms)
2026-07-10 09:57:05,178 [INFO] Pass: UnitarySynthesis - 0.00477 (ms)
2026-07-10 09:57:05,178 [INFO] Pass: Depth - 0.02527 (ms)
2026-07-10 09:57:05,178 [INFO] Pass: FixedPoint - 0.00477 (ms)
2026-07-10 09:57:05,178 [INFO] Pass: Size - 0.00358 (ms)
2026-07-10 09:57:05,178 [INFO] Pass: FixedPoint - 0.00286 (ms)
2026-07-10 09:57:05,178 [INFO] Pass: RemoveIdentityEquivalent - 0.00381 (ms)
2026-07-10 09:57:05,178 [INFO] Pass: Optimize1qGatesDecomposition - 0.03672 (ms)
2026-07-10 09:57:05,178 [INFO] Pass: CommutativeCancellation - 0.09584 (ms)
2026-07-10 09:57:05,178 [INFO] Pass: ContractIdleWiresInControlFlow - 0.00215 (ms)
2026-07-10 09:57:05,178 [INFO] Pass: GatesInBasis - 0.02861 (ms)
2026-07-10 09:57:05,178 [INFO] Pass: Depth - 0.02146 (ms)
2026-07-10 09:57:05,178 [INFO] Pass: FixedPoint - 0.00334 (ms)
2026-07-10 09:57:05,178 [INFO] Pass: Size - 0.00167 (ms)
2026-07-10 09:57:05,178 [INFO] Pass: FixedPoint - 0.00238 (ms)
2026-07-10 09:57:05,178 [INFO] Pass: ContainsInstruction - 0.00477 (ms)
2026-07-10 09:57:05,179 [INFO] Total Transpile Time - 88.00554 (ms)
2026-07-10 09:57:05,263 [INFO] Pass: ContainsInstruction - 0.00930 (ms)
2026-07-10 09:57:05,263 [INFO] Pass: UnitarySynthesis - 0.00596 (ms)
2026-07-10 09:57:05,263 [INFO] Pass: HighLevelSynthesis - 0.00978 (ms)
2026-07-10 09:57:05,263 [INFO] Pass: BasisTranslator - 0.05579 (ms)
2026-07-10 09:57:05,263 [INFO] Pass: ElidePermutations - 0.00381 (ms)
2026-07-10 09:57:05,263 [INFO] Pass: RemoveDiagonalGatesBeforeMeasure - 0.00763 (ms)
2026-07-10 09:57:05,263 [INFO] Pass: RemoveIdentityEquivalent - 0.00548 (ms)
2026-07-10 09:57:05,264 [INFO] Pass: InverseCancellation - 0.02432 (ms)
2026-07-10 09:57:05,264 [INFO] Pass: ContractIdleWiresInControlFlow - 0.00191 (ms)
2026-07-10 09:57:05,264 [INFO] Pass: CommutativeCancellation - 0.07772 (ms)
2026-07-10 09:57:05,264 [INFO] Pass: ConsolidateBlocks - 0.04315 (ms)
2026-07-10 09:57:05,264 [INFO] Pass: Split2QUnitaries - 0.00238 (ms)
2026-07-10 09:57:05,264 [INFO] Pass: UnitarySynthesis - 0.00525 (ms)
2026-07-10 09:57:05,264 [INFO] Pass: HighLevelSynthesis - 0.03314 (ms)
2026-07-10 09:57:05,264 [INFO] Pass: BasisTranslator - 0.07582 (ms)
2026-07-10 09:57:05,264 [INFO] Pass: ConsolidateBlocks - 0.05293 (ms)
2026-07-10 09:57:05,264 [INFO] Pass: UnitarySynthesis - 0.00453 (ms)
2026-07-10 09:57:05,264 [INFO] Pass: Depth - 0.02408 (ms)
2026-07-10 09:57:05,264 [INFO] Pass: FixedPoint - 0.00405 (ms)
2026-07-10 09:57:05,264 [INFO] Pass: Size - 0.00310 (ms)
2026-07-10 09:57:05,264 [INFO] Pass: FixedPoint - 0.00262 (ms)
2026-07-10 09:57:05,264 [INFO] Pass: RemoveIdentityEquivalent - 0.00405 (ms)
2026-07-10 09:57:05,264 [INFO] Pass: Optimize1qGatesDecomposition - 0.13065 (ms)
2026-07-10 09:57:05,264 [INFO] Pass: CommutativeCancellation - 0.10252 (ms)
2026-07-10 09:57:05,265 [INFO] Pass: ContractIdleWiresInControlFlow - 0.00215 (ms)
2026-07-10 09:57:05,265 [INFO] Pass: GatesInBasis - 0.02837 (ms)
2026-07-10 09:57:05,265 [INFO] Pass: Depth - 0.02217 (ms)
2026-07-10 09:57:05,265 [INFO] Pass: FixedPoint - 0.00358 (ms)
2026-07-10 09:57:05,265 [INFO] Pass: Size - 0.00191 (ms)
2026-07-10 09:57:05,265 [INFO] Pass: FixedPoint - 0.00262 (ms)
2026-07-10 09:57:05,265 [INFO] Pass: ContainsInstruction - 0.00525 (ms)
2026-07-10 09:57:05,265 [INFO] Total Transpile Time - 85.90102 (ms)
2026-07-10 09:57:05,350 [INFO] Pass: ContainsInstruction - 0.00978 (ms)
2026-07-10 09:57:05,350 [INFO] Pass: UnitarySynthesis - 0.00691 (ms)
2026-07-10 09:57:05,350 [INFO] Pass: HighLevelSynthesis - 0.00882 (ms)
2026-07-10 09:57:05,350 [INFO] Pass: BasisTranslator - 0.05341 (ms)
2026-07-10 09:57:05,350 [INFO] Pass: ElidePermutations - 0.00334 (ms)
2026-07-10 09:57:05,350 [INFO] Pass: RemoveDiagonalGatesBeforeMeasure - 0.00620 (ms)
2026-07-10 09:57:05,350 [INFO] Pass: RemoveIdentityEquivalent - 0.00501 (ms)
2026-07-10 09:57:05,350 [INFO] Pass: InverseCancellation - 0.02265 (ms)
2026-07-10 09:57:05,350 [INFO] Pass: ContractIdleWiresInControlFlow - 0.00167 (ms)
2026-07-10 09:57:05,350 [INFO] Pass: CommutativeCancellation - 0.07224 (ms)
2026-07-10 09:57:05,350 [INFO] Pass: ConsolidateBlocks - 0.04196 (ms)
2026-07-10 09:57:05,350 [INFO] Pass: Split2QUnitaries - 0.00262 (ms)
2026-07-10 09:57:05,350 [INFO] Pass: UnitarySynthesis - 0.00548 (ms)
2026-07-10 09:57:05,351 [INFO] Pass: HighLevelSynthesis - 0.03433 (ms)
2026-07-10 09:57:05,351 [INFO] Pass: BasisTranslator - 0.07558 (ms)
2026-07-10 09:57:05,351 [INFO] Pass: ConsolidateBlocks - 0.05221 (ms)
2026-07-10 09:57:05,351 [INFO] Pass: UnitarySynthesis - 0.00501 (ms)
2026-07-10 09:57:05,351 [INFO] Pass: Depth - 0.02360 (ms)
2026-07-10 09:57:05,351 [INFO] Pass: FixedPoint - 0.00429 (ms)
2026-07-10 09:57:05,351 [INFO] Pass: Size - 0.00262 (ms)
2026-07-10 09:57:05,351 [INFO] Pass: FixedPoint - 0.00262 (ms)
2026-07-10 09:57:05,351 [INFO] Pass: RemoveIdentityEquivalent - 0.00453 (ms)
2026-07-10 09:57:05,351 [INFO] Pass: Optimize1qGatesDecomposition - 0.13494 (ms)
2026-07-10 09:57:05,351 [INFO] Pass: CommutativeCancellation - 0.09155 (ms)
2026-07-10 09:57:05,351 [INFO] Pass: ContractIdleWiresInControlFlow - 0.00191 (ms)
2026-07-10 09:57:05,351 [INFO] Pass: GatesInBasis - 0.02766 (ms)
2026-07-10 09:57:05,351 [INFO] Pass: Depth - 0.02313 (ms)
2026-07-10 09:57:05,351 [INFO] Pass: FixedPoint - 0.00405 (ms)
2026-07-10 09:57:05,351 [INFO] Pass: Size - 0.00215 (ms)
2026-07-10 09:57:05,351 [INFO] Pass: FixedPoint - 0.00262 (ms)
2026-07-10 09:57:05,351 [INFO] Pass: RemoveIdentityEquivalent - 0.00477 (ms)
2026-07-10 09:57:05,352 [INFO] Pass: Optimize1qGatesDecomposition - 0.12779 (ms)
2026-07-10 09:57:05,352 [INFO] Pass: CommutativeCancellation - 0.08464 (ms)
2026-07-10 09:57:05,352 [INFO] Pass: ContractIdleWiresInControlFlow - 0.00167 (ms)
2026-07-10 09:57:05,352 [INFO] Pass: GatesInBasis - 0.02718 (ms)
2026-07-10 09:57:05,352 [INFO] Pass: Depth - 0.02217 (ms)
2026-07-10 09:57:05,352 [INFO] Pass: FixedPoint - 0.00358 (ms)
2026-07-10 09:57:05,352 [INFO] Pass: Size - 0.00215 (ms)
2026-07-10 09:57:05,352 [INFO] Pass: FixedPoint - 0.00262 (ms)
2026-07-10 09:57:05,352 [INFO] Pass: ContainsInstruction - 0.00525 (ms)
2026-07-10 09:57:05,352 [INFO] Total Transpile Time - 86.80272 (ms)
2026-07-10 10:14:56,447 [INFO] [PCE] n=150 instancia 13/100 completada en 0:00:17:51 — transcurrido=0:03:27:25 restante_estimado=0:23:08:06
2026-07-10 10:14:56,552 [INFO] Pass: ContainsInstruction - 0.01168 (ms)
2026-07-10 10:14:56,552 [INFO] Pass: UnitarySynthesis - 0.00668 (ms)
2026-07-10 10:14:56,552 [INFO] Pass: HighLevelSynthesis - 0.01073 (ms)
2026-07-10 10:14:56,552 [INFO] Pass: BasisTranslator - 0.05794 (ms)
2026-07-10 10:14:56,552 [INFO] Pass: ElidePermutations - 0.00453 (ms)
2026-07-10 10:14:56,552 [INFO] Pass: RemoveDiagonalGatesBeforeMeasure - 0.01550 (ms)
2026-07-10 10:14:56,552 [INFO] Pass: RemoveIdentityEquivalent - 0.00405 (ms)
2026-07-10 10:14:56,552 [INFO] Pass: InverseCancellation - 0.00501 (ms)
2026-07-10 10:14:56,552 [INFO] Pass: ContractIdleWiresInControlFlow - 0.00191 (ms)
2026-07-10 10:14:56,553 [INFO] Pass: CommutativeCancellation - 0.07725 (ms)
2026-07-10 10:14:56,553 [INFO] Pass: ConsolidateBlocks - 0.04554 (ms)
2026-07-10 10:14:56,553 [INFO] Pass: Split2QUnitaries - 0.00310 (ms)
2026-07-10 10:14:56,553 [INFO] Pass: UnitarySynthesis - 0.00501 (ms)
2026-07-10 10:14:56,553 [INFO] Pass: HighLevelSynthesis - 0.03314 (ms)
2026-07-10 10:14:56,553 [INFO] Pass: BasisTranslator - 0.07343 (ms)
2026-07-10 10:14:56,553 [INFO] Pass: ConsolidateBlocks - 0.05245 (ms)
2026-07-10 10:14:56,553 [INFO] Pass: UnitarySynthesis - 0.00429 (ms)
2026-07-10 10:14:56,553 [INFO] Pass: Depth - 0.02527 (ms)
2026-07-10 10:14:56,553 [INFO] Pass: FixedPoint - 0.00429 (ms)
2026-07-10 10:14:56,553 [INFO] Pass: Size - 0.00358 (ms)
2026-07-10 10:14:56,553 [INFO] Pass: FixedPoint - 0.00310 (ms)
2026-07-10 10:14:56,553 [INFO] Pass: RemoveIdentityEquivalent - 0.00334 (ms)
2026-07-10 10:14:56,553 [INFO] Pass: Optimize1qGatesDecomposition - 0.03672 (ms)
2026-07-10 10:14:56,553 [INFO] Pass: CommutativeCancellation - 0.09370 (ms)
2026-07-10 10:14:56,553 [INFO] Pass: ContractIdleWiresInControlFlow - 0.00215 (ms)
2026-07-10 10:14:56,553 [INFO] Pass: GatesInBasis - 0.02885 (ms)
2026-07-10 10:14:56,553 [INFO] Pass: Depth - 0.02313 (ms)
2026-07-10 10:14:56,553 [INFO] Pass: FixedPoint - 0.00358 (ms)
2026-07-10 10:14:56,553 [INFO] Pass: Size - 0.00215 (ms)
2026-07-10 10:14:56,553 [INFO] Pass: FixedPoint - 0.00286 (ms)
2026-07-10 10:14:56,554 [INFO] Pass: ContainsInstruction - 0.00453 (ms)
2026-07-10 10:14:56,554 [INFO] Total Transpile Time - 88.63950 (ms)
2026-07-10 10:14:56,639 [INFO] Pass: ContainsInstruction - 0.00930 (ms)
2026-07-10 10:14:56,639 [INFO] Pass: UnitarySynthesis - 0.00668 (ms)
2026-07-10 10:14:56,639 [INFO] Pass: HighLevelSynthesis - 0.00930 (ms)
2026-07-10 10:14:56,639 [INFO] Pass: BasisTranslator - 0.05364 (ms)
2026-07-10 10:14:56,639 [INFO] Pass: ElidePermutations - 0.00381 (ms)
2026-07-10 10:14:56,639 [INFO] Pass: RemoveDiagonalGatesBeforeMeasure - 0.00715 (ms)
2026-07-10 10:14:56,639 [INFO] Pass: RemoveIdentityEquivalent - 0.00477 (ms)
2026-07-10 10:14:56,639 [INFO] Pass: InverseCancellation - 0.02456 (ms)
2026-07-10 10:14:56,639 [INFO] Pass: ContractIdleWiresInControlFlow - 0.00215 (ms)
2026-07-10 10:14:56,639 [INFO] Pass: CommutativeCancellation - 0.08178 (ms)
2026-07-10 10:14:56,639 [INFO] Pass: ConsolidateBlocks - 0.04363 (ms)
2026-07-10 10:14:56,639 [INFO] Pass: Split2QUnitaries - 0.00262 (ms)
2026-07-10 10:14:56,639 [INFO] Pass: UnitarySynthesis - 0.00501 (ms)
2026-07-10 10:14:56,639 [INFO] Pass: HighLevelSynthesis - 0.03481 (ms)
2026-07-10 10:14:56,639 [INFO] Pass: BasisTranslator - 0.07296 (ms)
2026-07-10 10:14:56,639 [INFO] Pass: ConsolidateBlocks - 0.05221 (ms)
2026-07-10 10:14:56,639 [INFO] Pass: UnitarySynthesis - 0.00429 (ms)
2026-07-10 10:14:56,639 [INFO] Pass: Depth - 0.02313 (ms)
2026-07-10 10:14:56,639 [INFO] Pass: FixedPoint - 0.00405 (ms)
2026-07-10 10:14:56,639 [INFO] Pass: Size - 0.00310 (ms)
2026-07-10 10:14:56,639 [INFO] Pass: FixedPoint - 0.00286 (ms)
2026-07-10 10:14:56,640 [INFO] Pass: RemoveIdentityEquivalent - 0.00477 (ms)
2026-07-10 10:14:56,640 [INFO] Pass: Optimize1qGatesDecomposition - 0.13185 (ms)
2026-07-10 10:14:56,640 [INFO] Pass: CommutativeCancellation - 0.10061 (ms)
2026-07-10 10:14:56,640 [INFO] Pass: ContractIdleWiresInControlFlow - 0.00191 (ms)
2026-07-10 10:14:56,640 [INFO] Pass: GatesInBasis - 0.02813 (ms)
2026-07-10 10:14:56,640 [INFO] Pass: Depth - 0.02217 (ms)
2026-07-10 10:14:56,640 [INFO] Pass: FixedPoint - 0.00358 (ms)
2026-07-10 10:14:56,640 [INFO] Pass: Size - 0.00238 (ms)
2026-07-10 10:14:56,640 [INFO] Pass: FixedPoint - 0.00262 (ms)
2026-07-10 10:14:56,640 [INFO] Pass: ContainsInstruction - 0.00548 (ms)
2026-07-10 10:14:56,640 [INFO] Total Transpile Time - 86.15303 (ms)
2026-07-10 10:14:56,725 [INFO] Pass: ContainsInstruction - 0.00930 (ms)
2026-07-10 10:14:56,725 [INFO] Pass: UnitarySynthesis - 0.00620 (ms)
2026-07-10 10:14:56,725 [INFO] Pass: HighLevelSynthesis - 0.00906 (ms)
2026-07-10 10:14:56,725 [INFO] Pass: BasisTranslator - 0.05221 (ms)
2026-07-10 10:14:56,725 [INFO] Pass: ElidePermutations - 0.00358 (ms)
2026-07-10 10:14:56,725 [INFO] Pass: RemoveDiagonalGatesBeforeMeasure - 0.00620 (ms)
2026-07-10 10:14:56,725 [INFO] Pass: RemoveIdentityEquivalent - 0.00525 (ms)
2026-07-10 10:14:56,725 [INFO] Pass: InverseCancellation - 0.02265 (ms)
2026-07-10 10:14:56,725 [INFO] Pass: ContractIdleWiresInControlFlow - 0.00167 (ms)
2026-07-10 10:14:56,725 [INFO] Pass: CommutativeCancellation - 0.07892 (ms)
2026-07-10 10:14:56,725 [INFO] Pass: ConsolidateBlocks - 0.04315 (ms)
2026-07-10 10:14:56,725 [INFO] Pass: Split2QUnitaries - 0.00286 (ms)
2026-07-10 10:14:56,725 [INFO] Pass: UnitarySynthesis - 0.00477 (ms)
2026-07-10 10:14:56,725 [INFO] Pass: HighLevelSynthesis - 0.03433 (ms)
2026-07-10 10:14:56,725 [INFO] Pass: BasisTranslator - 0.07272 (ms)
2026-07-10 10:14:56,725 [INFO] Pass: ConsolidateBlocks - 0.05841 (ms)
2026-07-10 10:14:56,725 [INFO] Pass: UnitarySynthesis - 0.00453 (ms)
2026-07-10 10:14:56,725 [INFO] Pass: Depth - 0.02432 (ms)
2026-07-10 10:14:56,726 [INFO] Pass: FixedPoint - 0.00381 (ms)
2026-07-10 10:14:56,726 [INFO] Pass: Size - 0.00238 (ms)
2026-07-10 10:14:56,726 [INFO] Pass: FixedPoint - 0.00310 (ms)
2026-07-10 10:14:56,726 [INFO] Pass: RemoveIdentityEquivalent - 0.00453 (ms)
2026-07-10 10:14:56,726 [INFO] Pass: Optimize1qGatesDecomposition - 0.13447 (ms)
2026-07-10 10:14:56,726 [INFO] Pass: CommutativeCancellation - 0.09632 (ms)
2026-07-10 10:14:56,726 [INFO] Pass: ContractIdleWiresInControlFlow - 0.00143 (ms)
2026-07-10 10:14:56,726 [INFO] Pass: GatesInBasis - 0.02813 (ms)
2026-07-10 10:14:56,726 [INFO] Pass: Depth - 0.02265 (ms)
2026-07-10 10:14:56,726 [INFO] Pass: FixedPoint - 0.00334 (ms)
2026-07-10 10:14:56,726 [INFO] Pass: Size - 0.00191 (ms)
2026-07-10 10:14:56,726 [INFO] Pass: FixedPoint - 0.00286 (ms)
2026-07-10 10:14:56,726 [INFO] Pass: RemoveIdentityEquivalent - 0.00429 (ms)
2026-07-10 10:14:56,726 [INFO] Pass: Optimize1qGatesDecomposition - 0.11706 (ms)
2026-07-10 10:14:56,726 [INFO] Pass: CommutativeCancellation - 0.08750 (ms)
2026-07-10 10:14:56,726 [INFO] Pass: ContractIdleWiresInControlFlow - 0.00787 (ms)
2026-07-10 10:14:56,726 [INFO] Pass: GatesInBasis - 0.02742 (ms)
2026-07-10 10:14:56,726 [INFO] Pass: Depth - 0.02289 (ms)
2026-07-10 10:14:56,727 [INFO] Pass: FixedPoint - 0.00358 (ms)
2026-07-10 10:14:56,727 [INFO] Pass: Size - 0.00191 (ms)
2026-07-10 10:14:56,727 [INFO] Pass: FixedPoint - 0.00262 (ms)
2026-07-10 10:14:56,727 [INFO] Pass: ContainsInstruction - 0.00525 (ms)
2026-07-10 10:14:56,727 [INFO] Total Transpile Time - 86.18045 (ms)
2026-07-10 10:33:21,406 [INFO] [PCE] n=150 instancia 14/100 completada en 0:00:18:25 — transcurrido=0:03:45:50 restante_estimado=0:23:07:16
2026-07-10 10:33:21,510 [INFO] Pass: ContainsInstruction - 0.01144 (ms)
2026-07-10 10:33:21,510 [INFO] Pass: UnitarySynthesis - 0.00739 (ms)
2026-07-10 10:33:21,510 [INFO] Pass: HighLevelSynthesis - 0.00978 (ms)
2026-07-10 10:33:21,510 [INFO] Pass: BasisTranslator - 0.05794 (ms)
2026-07-10 10:33:21,510 [INFO] Pass: ElidePermutations - 0.00525 (ms)
2026-07-10 10:33:21,510 [INFO] Pass: RemoveDiagonalGatesBeforeMeasure - 0.00882 (ms)
2026-07-10 10:33:21,510 [INFO] Pass: RemoveIdentityEquivalent - 0.00381 (ms)
2026-07-10 10:33:21,510 [INFO] Pass: InverseCancellation - 0.00525 (ms)
2026-07-10 10:33:21,510 [INFO] Pass: ContractIdleWiresInControlFlow - 0.00191 (ms)
2026-07-10 10:33:21,510 [INFO] Pass: CommutativeCancellation - 0.07343 (ms)
2026-07-10 10:33:21,510 [INFO] Pass: ConsolidateBlocks - 0.04697 (ms)
2026-07-10 10:33:21,510 [INFO] Pass: Split2QUnitaries - 0.00310 (ms)
2026-07-10 10:33:21,510 [INFO] Pass: UnitarySynthesis - 0.00548 (ms)
2026-07-10 10:33:21,510 [INFO] Pass: HighLevelSynthesis - 0.03433 (ms)
2026-07-10 10:33:21,510 [INFO] Pass: BasisTranslator - 0.07153 (ms)
2026-07-10 10:33:21,510 [INFO] Pass: ConsolidateBlocks - 0.05364 (ms)
2026-07-10 10:33:21,510 [INFO] Pass: UnitarySynthesis - 0.00477 (ms)
2026-07-10 10:33:21,510 [INFO] Pass: Depth - 0.02766 (ms)
2026-07-10 10:33:21,510 [INFO] Pass: FixedPoint - 0.00453 (ms)
2026-07-10 10:33:21,511 [INFO] Pass: Size - 0.00358 (ms)
2026-07-10 10:33:21,511 [INFO] Pass: FixedPoint - 0.00286 (ms)
2026-07-10 10:33:21,511 [INFO] Pass: RemoveIdentityEquivalent - 0.00310 (ms)
2026-07-10 10:33:21,511 [INFO] Pass: Optimize1qGatesDecomposition - 0.03695 (ms)
2026-07-10 10:33:21,511 [INFO] Pass: CommutativeCancellation - 0.09441 (ms)
2026-07-10 10:33:21,511 [INFO] Pass: ContractIdleWiresInControlFlow - 0.00167 (ms)
2026-07-10 10:33:21,511 [INFO] Pass: GatesInBasis - 0.02837 (ms)
2026-07-10 10:33:21,511 [INFO] Pass: Depth - 0.02408 (ms)
2026-07-10 10:33:21,511 [INFO] Pass: FixedPoint - 0.00358 (ms)
2026-07-10 10:33:21,511 [INFO] Pass: Size - 0.00215 (ms)
2026-07-10 10:33:21,511 [INFO] Pass: FixedPoint - 0.00286 (ms)
2026-07-10 10:33:21,511 [INFO] Pass: ContainsInstruction - 0.00525 (ms)
2026-07-10 10:33:21,511 [INFO] Total Transpile Time - 87.30531 (ms)
2026-07-10 10:33:21,596 [INFO] Pass: ContainsInstruction - 0.00978 (ms)
2026-07-10 10:33:21,596 [INFO] Pass: UnitarySynthesis - 0.00668 (ms)
2026-07-10 10:33:21,596 [INFO] Pass: HighLevelSynthesis - 0.00954 (ms)
2026-07-10 10:33:21,596 [INFO] Pass: BasisTranslator - 0.05388 (ms)
2026-07-10 10:33:21,596 [INFO] Pass: ElidePermutations - 0.00334 (ms)
2026-07-10 10:33:21,596 [INFO] Pass: RemoveDiagonalGatesBeforeMeasure - 0.00668 (ms)
2026-07-10 10:33:21,596 [INFO] Pass: RemoveIdentityEquivalent - 0.00525 (ms)
2026-07-10 10:33:21,596 [INFO] Pass: InverseCancellation - 0.02408 (ms)
2026-07-10 10:33:21,596 [INFO] Pass: ContractIdleWiresInControlFlow - 0.00215 (ms)
2026-07-10 10:33:21,596 [INFO] Pass: CommutativeCancellation - 0.07582 (ms)
2026-07-10 10:33:21,596 [INFO] Pass: ConsolidateBlocks - 0.05007 (ms)
2026-07-10 10:33:21,596 [INFO] Pass: Split2QUnitaries - 0.00238 (ms)
2026-07-10 10:33:21,596 [INFO] Pass: UnitarySynthesis - 0.00477 (ms)
2026-07-10 10:33:21,597 [INFO] Pass: HighLevelSynthesis - 0.03386 (ms)
2026-07-10 10:33:21,597 [INFO] Pass: BasisTranslator - 0.07081 (ms)
2026-07-10 10:33:21,597 [INFO] Pass: ConsolidateBlocks - 0.05150 (ms)
2026-07-10 10:33:21,597 [INFO] Pass: UnitarySynthesis - 0.00477 (ms)
2026-07-10 10:33:21,597 [INFO] Pass: Depth - 0.02384 (ms)
2026-07-10 10:33:21,597 [INFO] Pass: FixedPoint - 0.00429 (ms)
2026-07-10 10:33:21,597 [INFO] Pass: Size - 0.00262 (ms)
2026-07-10 10:33:21,597 [INFO] Pass: FixedPoint - 0.00310 (ms)
2026-07-10 10:33:21,597 [INFO] Pass: RemoveIdentityEquivalent - 0.00453 (ms)
2026-07-10 10:33:21,597 [INFO] Pass: Optimize1qGatesDecomposition - 0.12612 (ms)
2026-07-10 10:33:21,597 [INFO] Pass: CommutativeCancellation - 0.09704 (ms)
2026-07-10 10:33:21,597 [INFO] Pass: ContractIdleWiresInControlFlow - 0.00191 (ms)
2026-07-10 10:33:21,597 [INFO] Pass: GatesInBasis - 0.02789 (ms)
2026-07-10 10:33:21,597 [INFO] Pass: Depth - 0.02265 (ms)
2026-07-10 10:33:21,597 [INFO] Pass: FixedPoint - 0.00358 (ms)
2026-07-10 10:33:21,597 [INFO] Pass: Size - 0.00215 (ms)
2026-07-10 10:33:21,597 [INFO] Pass: FixedPoint - 0.00286 (ms)
2026-07-10 10:33:21,597 [INFO] Pass: ContainsInstruction - 0.00548 (ms)
2026-07-10 10:33:21,598 [INFO] Total Transpile Time - 86.05242 (ms)
2026-07-10 10:33:21,682 [INFO] Pass: ContainsInstruction - 0.00906 (ms)
2026-07-10 10:33:21,682 [INFO] Pass: UnitarySynthesis - 0.00644 (ms)
2026-07-10 10:33:21,682 [INFO] Pass: HighLevelSynthesis - 0.00858 (ms)
2026-07-10 10:33:21,682 [INFO] Pass: BasisTranslator - 0.05150 (ms)
2026-07-10 10:33:21,682 [INFO] Pass: ElidePermutations - 0.00334 (ms)
2026-07-10 10:33:21,682 [INFO] Pass: RemoveDiagonalGatesBeforeMeasure - 0.00668 (ms)
2026-07-10 10:33:21,682 [INFO] Pass: RemoveIdentityEquivalent - 0.00501 (ms)
2026-07-10 10:33:21,682 [INFO] Pass: InverseCancellation - 0.02360 (ms)
2026-07-10 10:33:21,682 [INFO] Pass: ContractIdleWiresInControlFlow - 0.00191 (ms)
2026-07-10 10:33:21,682 [INFO] Pass: CommutativeCancellation - 0.07176 (ms)
2026-07-10 10:33:21,682 [INFO] Pass: ConsolidateBlocks - 0.05102 (ms)
2026-07-10 10:33:21,682 [INFO] Pass: Split2QUnitaries - 0.00238 (ms)
2026-07-10 10:33:21,682 [INFO] Pass: UnitarySynthesis - 0.00525 (ms)
2026-07-10 10:33:21,683 [INFO] Pass: HighLevelSynthesis - 0.03505 (ms)
2026-07-10 10:33:21,683 [INFO] Pass: BasisTranslator - 0.07319 (ms)
2026-07-10 10:33:21,683 [INFO] Pass: ConsolidateBlocks - 0.05245 (ms)
2026-07-10 10:33:21,683 [INFO] Pass: UnitarySynthesis - 0.00453 (ms)
2026-07-10 10:33:21,683 [INFO] Pass: Depth - 0.02456 (ms)
2026-07-10 10:33:21,683 [INFO] Pass: FixedPoint - 0.00453 (ms)
2026-07-10 10:33:21,683 [INFO] Pass: Size - 0.00238 (ms)
2026-07-10 10:33:21,683 [INFO] Pass: FixedPoint - 0.00286 (ms)
2026-07-10 10:33:21,683 [INFO] Pass: RemoveIdentityEquivalent - 0.00477 (ms)
2026-07-10 10:33:21,683 [INFO] Pass: Optimize1qGatesDecomposition - 0.13137 (ms)
2026-07-10 10:33:21,683 [INFO] Pass: CommutativeCancellation - 0.09131 (ms)
2026-07-10 10:33:21,683 [INFO] Pass: ContractIdleWiresInControlFlow - 0.00191 (ms)
2026-07-10 10:33:21,683 [INFO] Pass: GatesInBasis - 0.02742 (ms)
2026-07-10 10:33:21,683 [INFO] Pass: Depth - 0.02265 (ms)
2026-07-10 10:33:21,683 [INFO] Pass: FixedPoint - 0.00358 (ms)
2026-07-10 10:33:21,683 [INFO] Pass: Size - 0.00167 (ms)
2026-07-10 10:33:21,683 [INFO] Pass: FixedPoint - 0.00286 (ms)
2026-07-10 10:33:21,683 [INFO] Pass: RemoveIdentityEquivalent - 0.00525 (ms)
2026-07-10 10:33:21,684 [INFO] Pass: Optimize1qGatesDecomposition - 0.11230 (ms)
2026-07-10 10:33:21,684 [INFO] Pass: CommutativeCancellation - 0.08488 (ms)
2026-07-10 10:33:21,684 [INFO] Pass: ContractIdleWiresInControlFlow - 0.00143 (ms)
2026-07-10 10:33:21,684 [INFO] Pass: GatesInBasis - 0.02623 (ms)
2026-07-10 10:33:21,684 [INFO] Pass: Depth - 0.02170 (ms)
2026-07-10 10:33:21,684 [INFO] Pass: FixedPoint - 0.00334 (ms)
2026-07-10 10:33:21,684 [INFO] Pass: Size - 0.00215 (ms)
2026-07-10 10:33:21,684 [INFO] Pass: FixedPoint - 0.00238 (ms)
2026-07-10 10:33:21,684 [INFO] Pass: ContainsInstruction - 0.00572 (ms)
2026-07-10 10:33:21,684 [INFO] Total Transpile Time - 86.12514 (ms)
2026-07-10 10:49:42,165 [INFO] [PCE] n=150 instancia 15/100 completada en 0:00:16:21 — transcurrido=0:04:02:11 restante_estimado=0:22:52:21
2026-07-10 10:49:42,270 [INFO] Pass: ContainsInstruction - 0.01073 (ms)
2026-07-10 10:49:42,270 [INFO] Pass: UnitarySynthesis - 0.00691 (ms)
2026-07-10 10:49:42,270 [INFO] Pass: HighLevelSynthesis - 0.01049 (ms)
2026-07-10 10:49:42,270 [INFO] Pass: BasisTranslator - 0.06890 (ms)
2026-07-10 10:49:42,270 [INFO] Pass: ElidePermutations - 0.00548 (ms)
2026-07-10 10:49:42,270 [INFO] Pass: RemoveDiagonalGatesBeforeMeasure - 0.00834 (ms)
2026-07-10 10:49:42,270 [INFO] Pass: RemoveIdentityEquivalent - 0.00405 (ms)
2026-07-10 10:49:42,271 [INFO] Pass: InverseCancellation - 0.00453 (ms)
2026-07-10 10:49:42,271 [INFO] Pass: ContractIdleWiresInControlFlow - 0.00215 (ms)
2026-07-10 10:49:42,271 [INFO] Pass: CommutativeCancellation - 0.07486 (ms)
2026-07-10 10:49:42,271 [INFO] Pass: ConsolidateBlocks - 0.04697 (ms)
2026-07-10 10:49:42,271 [INFO] Pass: Split2QUnitaries - 0.00286 (ms)
2026-07-10 10:49:42,271 [INFO] Pass: UnitarySynthesis - 0.00572 (ms)
2026-07-10 10:49:42,271 [INFO] Pass: HighLevelSynthesis - 0.03409 (ms)
2026-07-10 10:49:42,271 [INFO] Pass: BasisTranslator - 0.07439 (ms)
2026-07-10 10:49:42,271 [INFO] Pass: ConsolidateBlocks - 0.05341 (ms)
2026-07-10 10:49:42,271 [INFO] Pass: UnitarySynthesis - 0.00477 (ms)
2026-07-10 10:49:42,271 [INFO] Pass: Depth - 0.02480 (ms)
2026-07-10 10:49:42,271 [INFO] Pass: FixedPoint - 0.00453 (ms)
2026-07-10 10:49:42,271 [INFO] Pass: Size - 0.00358 (ms)
2026-07-10 10:49:42,271 [INFO] Pass: FixedPoint - 0.00286 (ms)
2026-07-10 10:49:42,271 [INFO] Pass: RemoveIdentityEquivalent - 0.00334 (ms)
2026-07-10 10:49:42,271 [INFO] Pass: Optimize1qGatesDecomposition - 0.03552 (ms)
2026-07-10 10:49:42,271 [INFO] Pass: CommutativeCancellation - 0.09060 (ms)
2026-07-10 10:49:42,271 [INFO] Pass: ContractIdleWiresInControlFlow - 0.00191 (ms)
2026-07-10 10:49:42,271 [INFO] Pass: GatesInBasis - 0.02813 (ms)
2026-07-10 10:49:42,272 [INFO] Pass: Depth - 0.02193 (ms)
2026-07-10 10:49:42,272 [INFO] Pass: FixedPoint - 0.00310 (ms)
2026-07-10 10:49:42,272 [INFO] Pass: Size - 0.00215 (ms)
2026-07-10 10:49:42,272 [INFO] Pass: FixedPoint - 0.00286 (ms)
2026-07-10 10:49:42,272 [INFO] Pass: ContainsInstruction - 0.00572 (ms)
2026-07-10 10:49:42,272 [INFO] Total Transpile Time - 88.04798 (ms)
2026-07-10 10:49:42,356 [INFO] Pass: ContainsInstruction - 0.01025 (ms)
2026-07-10 10:49:42,356 [INFO] Pass: UnitarySynthesis - 0.00596 (ms)
2026-07-10 10:49:42,356 [INFO] Pass: HighLevelSynthesis - 0.00906 (ms)
2026-07-10 10:49:42,356 [INFO] Pass: BasisTranslator - 0.05460 (ms)
2026-07-10 10:49:42,356 [INFO] Pass: ElidePermutations - 0.00381 (ms)
2026-07-10 10:49:42,356 [INFO] Pass: RemoveDiagonalGatesBeforeMeasure - 0.00691 (ms)
2026-07-10 10:49:42,356 [INFO] Pass: RemoveIdentityEquivalent - 0.00501 (ms)
2026-07-10 10:49:42,356 [INFO] Pass: InverseCancellation - 0.02670 (ms)
2026-07-10 10:49:42,356 [INFO] Pass: ContractIdleWiresInControlFlow - 0.00215 (ms)
2026-07-10 10:49:42,356 [INFO] Pass: CommutativeCancellation - 0.08130 (ms)
2026-07-10 10:49:42,357 [INFO] Pass: ConsolidateBlocks - 0.04315 (ms)
2026-07-10 10:49:42,357 [INFO] Pass: Split2QUnitaries - 0.00262 (ms)
2026-07-10 10:49:42,357 [INFO] Pass: UnitarySynthesis - 0.00477 (ms)
2026-07-10 10:49:42,357 [INFO] Pass: HighLevelSynthesis - 0.03290 (ms)
2026-07-10 10:49:42,357 [INFO] Pass: BasisTranslator - 0.07176 (ms)
2026-07-10 10:49:42,357 [INFO] Pass: ConsolidateBlocks - 0.05031 (ms)
2026-07-10 10:49:42,357 [INFO] Pass: UnitarySynthesis - 0.00429 (ms)
2026-07-10 10:49:42,357 [INFO] Pass: Depth - 0.02360 (ms)
2026-07-10 10:49:42,357 [INFO] Pass: FixedPoint - 0.00429 (ms)
2026-07-10 10:49:42,357 [INFO] Pass: Size - 0.00334 (ms)
2026-07-10 10:49:42,357 [INFO] Pass: FixedPoint - 0.00286 (ms)
2026-07-10 10:49:42,357 [INFO] Pass: RemoveIdentityEquivalent - 0.00453 (ms)
2026-07-10 10:49:42,357 [INFO] Pass: Optimize1qGatesDecomposition - 0.12326 (ms)
2026-07-10 10:49:42,357 [INFO] Pass: CommutativeCancellation - 0.09370 (ms)
2026-07-10 10:49:42,357 [INFO] Pass: ContractIdleWiresInControlFlow - 0.00215 (ms)
2026-07-10 10:49:42,357 [INFO] Pass: GatesInBasis - 0.02766 (ms)
2026-07-10 10:49:42,357 [INFO] Pass: Depth - 0.02337 (ms)
2026-07-10 10:49:42,357 [INFO] Pass: FixedPoint - 0.00381 (ms)
2026-07-10 10:49:42,357 [INFO] Pass: Size - 0.00238 (ms)
2026-07-10 10:49:42,357 [INFO] Pass: FixedPoint - 0.00262 (ms)
2026-07-10 10:49:42,357 [INFO] Pass: ContainsInstruction - 0.00501 (ms)
2026-07-10 10:49:42,358 [INFO] Total Transpile Time - 85.46305 (ms)
2026-07-10 10:49:42,442 [INFO] Pass: ContainsInstruction - 0.00930 (ms)
2026-07-10 10:49:42,442 [INFO] Pass: UnitarySynthesis - 0.00644 (ms)
2026-07-10 10:49:42,442 [INFO] Pass: HighLevelSynthesis - 0.00858 (ms)
2026-07-10 10:49:42,442 [INFO] Pass: BasisTranslator - 0.05245 (ms)
2026-07-10 10:49:42,442 [INFO] Pass: ElidePermutations - 0.00334 (ms)
2026-07-10 10:49:42,442 [INFO] Pass: RemoveDiagonalGatesBeforeMeasure - 0.00620 (ms)
2026-07-10 10:49:42,442 [INFO] Pass: RemoveIdentityEquivalent - 0.00548 (ms)
2026-07-10 10:49:42,442 [INFO] Pass: InverseCancellation - 0.02384 (ms)
2026-07-10 10:49:42,442 [INFO] Pass: ContractIdleWiresInControlFlow - 0.00191 (ms)
2026-07-10 10:49:42,442 [INFO] Pass: CommutativeCancellation - 0.07463 (ms)
2026-07-10 10:49:42,442 [INFO] Pass: ConsolidateBlocks - 0.04315 (ms)
2026-07-10 10:49:42,442 [INFO] Pass: Split2QUnitaries - 0.00215 (ms)
2026-07-10 10:49:42,442 [INFO] Pass: UnitarySynthesis - 0.00477 (ms)
2026-07-10 10:49:42,442 [INFO] Pass: HighLevelSynthesis - 0.03552 (ms)
2026-07-10 10:49:42,442 [INFO] Pass: BasisTranslator - 0.07248 (ms)
2026-07-10 10:49:42,442 [INFO] Pass: ConsolidateBlocks - 0.05221 (ms)
2026-07-10 10:49:42,442 [INFO] Pass: UnitarySynthesis - 0.00453 (ms)
2026-07-10 10:49:42,443 [INFO] Pass: Depth - 0.02408 (ms)
2026-07-10 10:49:42,443 [INFO] Pass: FixedPoint - 0.00429 (ms)
2026-07-10 10:49:42,443 [INFO] Pass: Size - 0.00286 (ms)
2026-07-10 10:49:42,443 [INFO] Pass: FixedPoint - 0.00286 (ms)
2026-07-10 10:49:42,443 [INFO] Pass: RemoveIdentityEquivalent - 0.00477 (ms)
2026-07-10 10:49:42,443 [INFO] Pass: Optimize1qGatesDecomposition - 0.13518 (ms)
2026-07-10 10:49:42,443 [INFO] Pass: CommutativeCancellation - 0.08821 (ms)
2026-07-10 10:49:42,443 [INFO] Pass: ContractIdleWiresInControlFlow - 0.00167 (ms)
2026-07-10 10:49:42,443 [INFO] Pass: GatesInBasis - 0.02718 (ms)
2026-07-10 10:49:42,443 [INFO] Pass: Depth - 0.02217 (ms)
2026-07-10 10:49:42,443 [INFO] Pass: FixedPoint - 0.00358 (ms)
2026-07-10 10:49:42,443 [INFO] Pass: Size - 0.00191 (ms)
2026-07-10 10:49:42,443 [INFO] Pass: FixedPoint - 0.00286 (ms)
2026-07-10 10:49:42,443 [INFO] Pass: RemoveIdentityEquivalent - 0.00453 (ms)
2026-07-10 10:49:42,443 [INFO] Pass: Optimize1qGatesDecomposition - 0.11349 (ms)
2026-07-10 10:49:42,443 [INFO] Pass: CommutativeCancellation - 0.08273 (ms)
2026-07-10 10:49:42,443 [INFO] Pass: ContractIdleWiresInControlFlow - 0.00167 (ms)
2026-07-10 10:49:42,443 [INFO] Pass: GatesInBasis - 0.02694 (ms)
2026-07-10 10:49:42,443 [INFO] Pass: Depth - 0.02170 (ms)
2026-07-10 10:49:42,444 [INFO] Pass: FixedPoint - 0.00334 (ms)
2026-07-10 10:49:42,444 [INFO] Pass: Size - 0.00191 (ms)
2026-07-10 10:49:42,444 [INFO] Pass: FixedPoint - 0.00238 (ms)
2026-07-10 10:49:42,444 [INFO] Pass: ContainsInstruction - 0.00525 (ms)
2026-07-10 10:49:42,444 [INFO] Total Transpile Time - 85.75439 (ms)
2026-07-10 11:04:28,670 [INFO] [PCE] n=150 instancia 16/100 completada en 0:00:14:47 — transcurrido=0:04:16:57 restante_estimado=0:22:29:01
2026-07-10 11:04:28,800 [INFO] Pass: ContainsInstruction - 0.01097 (ms)
2026-07-10 11:04:28,800 [INFO] Pass: UnitarySynthesis - 0.00691 (ms)
2026-07-10 11:04:28,800 [INFO] Pass: HighLevelSynthesis - 0.01049 (ms)
2026-07-10 11:04:28,800 [INFO] Pass: BasisTranslator - 0.05913 (ms)
2026-07-10 11:04:28,800 [INFO] Pass: ElidePermutations - 0.00501 (ms)
2026-07-10 11:04:28,800 [INFO] Pass: RemoveDiagonalGatesBeforeMeasure - 0.00834 (ms)
2026-07-10 11:04:28,800 [INFO] Pass: RemoveIdentityEquivalent - 0.00405 (ms)
2026-07-10 11:04:28,800 [INFO] Pass: InverseCancellation - 0.00572 (ms)
2026-07-10 11:04:28,800 [INFO] Pass: ContractIdleWiresInControlFlow - 0.00215 (ms)
2026-07-10 11:04:28,800 [INFO] Pass: CommutativeCancellation - 0.07486 (ms)
2026-07-10 11:04:28,800 [INFO] Pass: ConsolidateBlocks - 0.04649 (ms)
2026-07-10 11:04:28,800 [INFO] Pass: Split2QUnitaries - 0.00310 (ms)
2026-07-10 11:04:28,800 [INFO] Pass: UnitarySynthesis - 0.00525 (ms)
2026-07-10 11:04:28,800 [INFO] Pass: HighLevelSynthesis - 0.03362 (ms)
2026-07-10 11:04:28,801 [INFO] Pass: BasisTranslator - 0.07343 (ms)
2026-07-10 11:04:28,801 [INFO] Pass: ConsolidateBlocks - 0.05269 (ms)
2026-07-10 11:04:28,801 [INFO] Pass: UnitarySynthesis - 0.00453 (ms)
2026-07-10 11:04:28,801 [INFO] Pass: Depth - 0.02575 (ms)
2026-07-10 11:04:28,801 [INFO] Pass: FixedPoint - 0.00477 (ms)
2026-07-10 11:04:28,801 [INFO] Pass: Size - 0.00381 (ms)
2026-07-10 11:04:28,801 [INFO] Pass: FixedPoint - 0.00286 (ms)
2026-07-10 11:04:28,801 [INFO] Pass: RemoveIdentityEquivalent - 0.00334 (ms)
2026-07-10 11:04:28,801 [INFO] Pass: Optimize1qGatesDecomposition - 0.03648 (ms)
2026-07-10 11:04:28,801 [INFO] Pass: CommutativeCancellation - 0.09298 (ms)
2026-07-10 11:04:28,801 [INFO] Pass: ContractIdleWiresInControlFlow - 0.00191 (ms)
2026-07-10 11:04:28,801 [INFO] Pass: GatesInBasis - 0.02885 (ms)
2026-07-10 11:04:28,801 [INFO] Pass: Depth - 0.02313 (ms)
2026-07-10 11:04:28,801 [INFO] Pass: FixedPoint - 0.00358 (ms)
2026-07-10 11:04:28,801 [INFO] Pass: Size - 0.00191 (ms)
2026-07-10 11:04:28,801 [INFO] Pass: FixedPoint - 0.00238 (ms)
2026-07-10 11:04:28,801 [INFO] Pass: ContainsInstruction - 0.00548 (ms)
2026-07-10 11:04:28,802 [INFO] Total Transpile Time - 110.49628 (ms)
2026-07-10 11:04:28,887 [INFO] Pass: ContainsInstruction - 0.00978 (ms)
2026-07-10 11:04:28,887 [INFO] Pass: UnitarySynthesis - 0.00644 (ms)
2026-07-10 11:04:28,887 [INFO] Pass: HighLevelSynthesis - 0.00954 (ms)
2026-07-10 11:04:28,887 [INFO] Pass: BasisTranslator - 0.05388 (ms)
2026-07-10 11:04:28,887 [INFO] Pass: ElidePermutations - 0.00429 (ms)
2026-07-10 11:04:28,887 [INFO] Pass: RemoveDiagonalGatesBeforeMeasure - 0.00739 (ms)
2026-07-10 11:04:28,887 [INFO] Pass: RemoveIdentityEquivalent - 0.00525 (ms)
2026-07-10 11:04:28,887 [INFO] Pass: InverseCancellation - 0.02575 (ms)
2026-07-10 11:04:28,887 [INFO] Pass: ContractIdleWiresInControlFlow - 0.00215 (ms)
2026-07-10 11:04:28,887 [INFO] Pass: CommutativeCancellation - 0.08106 (ms)
2026-07-10 11:04:28,887 [INFO] Pass: ConsolidateBlocks - 0.04244 (ms)
2026-07-10 11:04:28,887 [INFO] Pass: Split2QUnitaries - 0.00262 (ms)
2026-07-10 11:04:28,887 [INFO] Pass: UnitarySynthesis - 0.00501 (ms)
2026-07-10 11:04:28,887 [INFO] Pass: HighLevelSynthesis - 0.03433 (ms)
2026-07-10 11:04:28,887 [INFO] Pass: BasisTranslator - 0.07796 (ms)
2026-07-10 11:04:28,887 [INFO] Pass: ConsolidateBlocks - 0.05150 (ms)
2026-07-10 11:04:28,888 [INFO] Pass: UnitarySynthesis - 0.00429 (ms)
2026-07-10 11:04:28,888 [INFO] Pass: Depth - 0.02384 (ms)
2026-07-10 11:04:28,888 [INFO] Pass: FixedPoint - 0.00453 (ms)
2026-07-10 11:04:28,888 [INFO] Pass: Size - 0.00310 (ms)
2026-07-10 11:04:28,888 [INFO] Pass: FixedPoint - 0.00286 (ms)
2026-07-10 11:04:28,888 [INFO] Pass: RemoveIdentityEquivalent - 0.00405 (ms)
2026-07-10 11:04:28,888 [INFO] Pass: Optimize1qGatesDecomposition - 0.12374 (ms)
2026-07-10 11:04:28,888 [INFO] Pass: CommutativeCancellation - 0.09990 (ms)
2026-07-10 11:04:28,888 [INFO] Pass: ContractIdleWiresInControlFlow - 0.00215 (ms)
2026-07-10 11:04:28,888 [INFO] Pass: GatesInBasis - 0.02789 (ms)
2026-07-10 11:04:28,888 [INFO] Pass: Depth - 0.02432 (ms)
2026-07-10 11:04:28,888 [INFO] Pass: FixedPoint - 0.00358 (ms)
2026-07-10 11:04:28,888 [INFO] Pass: Size - 0.00167 (ms)
2026-07-10 11:04:28,888 [INFO] Pass: FixedPoint - 0.00262 (ms)
2026-07-10 11:04:28,888 [INFO] Pass: ContainsInstruction - 0.00548 (ms)
2026-07-10 11:04:28,888 [INFO] Total Transpile Time - 86.47037 (ms)
2026-07-10 11:04:28,974 [INFO] Pass: ContainsInstruction - 0.01049 (ms)
2026-07-10 11:04:28,974 [INFO] Pass: UnitarySynthesis - 0.00644 (ms)
2026-07-10 11:04:28,974 [INFO] Pass: HighLevelSynthesis - 0.00858 (ms)
2026-07-10 11:04:28,974 [INFO] Pass: BasisTranslator - 0.05221 (ms)
2026-07-10 11:04:28,974 [INFO] Pass: ElidePermutations - 0.00286 (ms)
2026-07-10 11:04:28,974 [INFO] Pass: RemoveDiagonalGatesBeforeMeasure - 0.00668 (ms)
2026-07-10 11:04:28,974 [INFO] Pass: RemoveIdentityEquivalent - 0.00644 (ms)
2026-07-10 11:04:28,974 [INFO] Pass: InverseCancellation - 0.02289 (ms)
2026-07-10 11:04:28,974 [INFO] Pass: ContractIdleWiresInControlFlow - 0.00191 (ms)
2026-07-10 11:04:28,974 [INFO] Pass: CommutativeCancellation - 0.07606 (ms)
2026-07-10 11:04:28,974 [INFO] Pass: ConsolidateBlocks - 0.04482 (ms)
2026-07-10 11:04:28,974 [INFO] Pass: Split2QUnitaries - 0.00238 (ms)
2026-07-10 11:04:28,974 [INFO] Pass: UnitarySynthesis - 0.00572 (ms)
2026-07-10 11:04:28,974 [INFO] Pass: HighLevelSynthesis - 0.03433 (ms)
2026-07-10 11:04:28,974 [INFO] Pass: BasisTranslator - 0.07439 (ms)
2026-07-10 11:04:28,974 [INFO] Pass: ConsolidateBlocks - 0.05221 (ms)
2026-07-10 11:04:28,974 [INFO] Pass: UnitarySynthesis - 0.00501 (ms)
2026-07-10 11:04:28,974 [INFO] Pass: Depth - 0.03004 (ms)
2026-07-10 11:04:28,974 [INFO] Pass: FixedPoint - 0.00453 (ms)
2026-07-10 11:04:28,974 [INFO] Pass: Size - 0.00286 (ms)
2026-07-10 11:04:28,974 [INFO] Pass: FixedPoint - 0.00286 (ms)
2026-07-10 11:04:28,975 [INFO] Pass: RemoveIdentityEquivalent - 0.00501 (ms)
2026-07-10 11:04:28,975 [INFO] Pass: Optimize1qGatesDecomposition - 0.13828 (ms)
2026-07-10 11:04:28,975 [INFO] Pass: CommutativeCancellation - 0.09441 (ms)
2026-07-10 11:04:28,975 [INFO] Pass: ContractIdleWiresInControlFlow - 0.00191 (ms)
2026-07-10 11:04:28,975 [INFO] Pass: GatesInBasis - 0.02766 (ms)
2026-07-10 11:04:28,975 [INFO] Pass: Depth - 0.02384 (ms)
2026-07-10 11:04:28,975 [INFO] Pass: FixedPoint - 0.00405 (ms)
2026-07-10 11:04:28,975 [INFO] Pass: Size - 0.00238 (ms)
2026-07-10 11:04:28,975 [INFO] Pass: FixedPoint - 0.00310 (ms)
2026-07-10 11:04:28,975 [INFO] Pass: RemoveIdentityEquivalent - 0.00477 (ms)
2026-07-10 11:04:28,975 [INFO] Pass: Optimize1qGatesDecomposition - 0.11992 (ms)
2026-07-10 11:04:28,975 [INFO] Pass: CommutativeCancellation - 0.08798 (ms)
2026-07-10 11:04:28,975 [INFO] Pass: ContractIdleWiresInControlFlow - 0.00167 (ms)
2026-07-10 11:04:28,975 [INFO] Pass: GatesInBasis - 0.02670 (ms)
2026-07-10 11:04:28,975 [INFO] Pass: Depth - 0.02813 (ms)
2026-07-10 11:04:28,975 [INFO] Pass: FixedPoint - 0.00334 (ms)
2026-07-10 11:04:28,975 [INFO] Pass: Size - 0.00215 (ms)
2026-07-10 11:04:28,975 [INFO] Pass: FixedPoint - 0.00262 (ms)
2026-07-10 11:04:28,976 [INFO] Pass: ContainsInstruction - 0.00572 (ms)
2026-07-10 11:04:28,976 [INFO] Total Transpile Time - 87.00824 (ms)
2026-07-10 11:21:34,297 [INFO] [PCE] n=150 instancia 17/100 completada en 0:00:17:06 — transcurrido=0:04:34:03 restante_estimado=0:22:18:00
2026-07-10 11:21:34,401 [INFO] Pass: ContainsInstruction - 0.01049 (ms)
2026-07-10 11:21:34,401 [INFO] Pass: UnitarySynthesis - 0.00668 (ms)
2026-07-10 11:21:34,401 [INFO] Pass: HighLevelSynthesis - 0.01025 (ms)
2026-07-10 11:21:34,401 [INFO] Pass: BasisTranslator - 0.05960 (ms)
2026-07-10 11:21:34,401 [INFO] Pass: ElidePermutations - 0.00572 (ms)
2026-07-10 11:21:34,401 [INFO] Pass: RemoveDiagonalGatesBeforeMeasure - 0.00811 (ms)
2026-07-10 11:21:34,401 [INFO] Pass: RemoveIdentityEquivalent - 0.00358 (ms)
2026-07-10 11:21:34,401 [INFO] Pass: InverseCancellation - 0.00525 (ms)
2026-07-10 11:21:34,401 [INFO] Pass: ContractIdleWiresInControlFlow - 0.00191 (ms)
2026-07-10 11:21:34,401 [INFO] Pass: CommutativeCancellation - 0.07057 (ms)
2026-07-10 11:21:34,401 [INFO] Pass: ConsolidateBlocks - 0.04554 (ms)
2026-07-10 11:21:34,401 [INFO] Pass: Split2QUnitaries - 0.00286 (ms)
2026-07-10 11:21:34,401 [INFO] Pass: UnitarySynthesis - 0.00548 (ms)
2026-07-10 11:21:34,401 [INFO] Pass: HighLevelSynthesis - 0.03362 (ms)
2026-07-10 11:21:34,402 [INFO] Pass: BasisTranslator - 0.07558 (ms)
2026-07-10 11:21:34,402 [INFO] Pass: ConsolidateBlocks - 0.05245 (ms)
2026-07-10 11:21:34,402 [INFO] Pass: UnitarySynthesis - 0.00477 (ms)
2026-07-10 11:21:34,402 [INFO] Pass: Depth - 0.02575 (ms)
2026-07-10 11:21:34,402 [INFO] Pass: FixedPoint - 0.00453 (ms)
2026-07-10 11:21:34,402 [INFO] Pass: Size - 0.00334 (ms)
2026-07-10 11:21:34,402 [INFO] Pass: FixedPoint - 0.00262 (ms)
2026-07-10 11:21:34,402 [INFO] Pass: RemoveIdentityEquivalent - 0.00334 (ms)
2026-07-10 11:21:34,402 [INFO] Pass: Optimize1qGatesDecomposition - 0.03529 (ms)
2026-07-10 11:21:34,402 [INFO] Pass: CommutativeCancellation - 0.08535 (ms)
2026-07-10 11:21:34,402 [INFO] Pass: ContractIdleWiresInControlFlow - 0.00215 (ms)
2026-07-10 11:21:34,402 [INFO] Pass: GatesInBasis - 0.02861 (ms)
2026-07-10 11:21:34,402 [INFO] Pass: Depth - 0.02193 (ms)
2026-07-10 11:21:34,402 [INFO] Pass: FixedPoint - 0.00334 (ms)
2026-07-10 11:21:34,402 [INFO] Pass: Size - 0.00167 (ms)
2026-07-10 11:21:34,402 [INFO] Pass: FixedPoint - 0.00262 (ms)
2026-07-10 11:21:34,402 [INFO] Pass: ContainsInstruction - 0.00477 (ms)
2026-07-10 11:21:34,403 [INFO] Total Transpile Time - 87.62479 (ms)
2026-07-10 11:21:34,487 [INFO] Pass: ContainsInstruction - 0.00954 (ms)
2026-07-10 11:21:34,487 [INFO] Pass: UnitarySynthesis - 0.00644 (ms)
2026-07-10 11:21:34,487 [INFO] Pass: HighLevelSynthesis - 0.00930 (ms)
2026-07-10 11:21:34,487 [INFO] Pass: BasisTranslator - 0.05507 (ms)
2026-07-10 11:21:34,487 [INFO] Pass: ElidePermutations - 0.00381 (ms)
2026-07-10 11:21:34,487 [INFO] Pass: RemoveDiagonalGatesBeforeMeasure - 0.00715 (ms)
2026-07-10 11:21:34,487 [INFO] Pass: RemoveIdentityEquivalent - 0.00525 (ms)
2026-07-10 11:21:34,487 [INFO] Pass: InverseCancellation - 0.02432 (ms)
2026-07-10 11:21:34,487 [INFO] Pass: ContractIdleWiresInControlFlow - 0.00143 (ms)
2026-07-10 11:21:34,488 [INFO] Pass: CommutativeCancellation - 0.07558 (ms)
2026-07-10 11:21:34,488 [INFO] Pass: ConsolidateBlocks - 0.04363 (ms)
2026-07-10 11:21:34,488 [INFO] Pass: Split2QUnitaries - 0.00286 (ms)
2026-07-10 11:21:34,488 [INFO] Pass: UnitarySynthesis - 0.00525 (ms)
2026-07-10 11:21:34,488 [INFO] Pass: HighLevelSynthesis - 0.03433 (ms)
2026-07-10 11:21:34,488 [INFO] Pass: BasisTranslator - 0.07701 (ms)
2026-07-10 11:21:34,488 [INFO] Pass: ConsolidateBlocks - 0.05364 (ms)
2026-07-10 11:21:34,488 [INFO] Pass: UnitarySynthesis - 0.00453 (ms)
2026-07-10 11:21:34,488 [INFO] Pass: Depth - 0.02432 (ms)
2026-07-10 11:21:34,488 [INFO] Pass: FixedPoint - 0.00381 (ms)
2026-07-10 11:21:34,488 [INFO] Pass: Size - 0.00286 (ms)
2026-07-10 11:21:34,488 [INFO] Pass: FixedPoint - 0.00262 (ms)
2026-07-10 11:21:34,488 [INFO] Pass: RemoveIdentityEquivalent - 0.00429 (ms)
2026-07-10 11:21:34,488 [INFO] Pass: Optimize1qGatesDecomposition - 0.12565 (ms)
2026-07-10 11:21:34,488 [INFO] Pass: CommutativeCancellation - 0.10347 (ms)
2026-07-10 11:21:34,488 [INFO] Pass: ContractIdleWiresInControlFlow - 0.00215 (ms)
2026-07-10 11:21:34,488 [INFO] Pass: GatesInBasis - 0.02813 (ms)
2026-07-10 11:21:34,489 [INFO] Pass: Depth - 0.02241 (ms)
2026-07-10 11:21:34,489 [INFO] Pass: FixedPoint - 0.00381 (ms)
2026-07-10 11:21:34,489 [INFO] Pass: Size - 0.00238 (ms)
2026-07-10 11:21:34,489 [INFO] Pass: FixedPoint - 0.00286 (ms)
2026-07-10 11:21:34,489 [INFO] Pass: ContainsInstruction - 0.00501 (ms)
2026-07-10 11:21:34,489 [INFO] Total Transpile Time - 86.05242 (ms)
2026-07-10 11:21:34,574 [INFO] Pass: ContainsInstruction - 0.00930 (ms)
2026-07-10 11:21:34,574 [INFO] Pass: UnitarySynthesis - 0.00596 (ms)
2026-07-10 11:21:34,574 [INFO] Pass: HighLevelSynthesis - 0.00906 (ms)
2026-07-10 11:21:34,574 [INFO] Pass: BasisTranslator - 0.05341 (ms)
2026-07-10 11:21:34,574 [INFO] Pass: ElidePermutations - 0.00334 (ms)
2026-07-10 11:21:34,574 [INFO] Pass: RemoveDiagonalGatesBeforeMeasure - 0.00668 (ms)
2026-07-10 11:21:34,574 [INFO] Pass: RemoveIdentityEquivalent - 0.00572 (ms)
2026-07-10 11:21:34,574 [INFO] Pass: InverseCancellation - 0.02313 (ms)
2026-07-10 11:21:34,574 [INFO] Pass: ContractIdleWiresInControlFlow - 0.00191 (ms)
2026-07-10 11:21:34,574 [INFO] Pass: CommutativeCancellation - 0.07391 (ms)
2026-07-10 11:21:34,574 [INFO] Pass: ConsolidateBlocks - 0.04244 (ms)
2026-07-10 11:21:34,574 [INFO] Pass: Split2QUnitaries - 0.00238 (ms)
2026-07-10 11:21:34,574 [INFO] Pass: UnitarySynthesis - 0.00525 (ms)
2026-07-10 11:21:34,574 [INFO] Pass: HighLevelSynthesis - 0.03433 (ms)
2026-07-10 11:21:34,574 [INFO] Pass: BasisTranslator - 0.08106 (ms)
2026-07-10 11:21:34,575 [INFO] Pass: ConsolidateBlocks - 0.05388 (ms)
2026-07-10 11:21:34,575 [INFO] Pass: UnitarySynthesis - 0.00477 (ms)
2026-07-10 11:21:34,575 [INFO] Pass: Depth - 0.02408 (ms)
2026-07-10 11:21:34,575 [INFO] Pass: FixedPoint - 0.00381 (ms)
2026-07-10 11:21:34,575 [INFO] Pass: Size - 0.00286 (ms)
2026-07-10 11:21:34,575 [INFO] Pass: FixedPoint - 0.00286 (ms)
2026-07-10 11:21:34,575 [INFO] Pass: RemoveIdentityEquivalent - 0.00501 (ms)
2026-07-10 11:21:34,575 [INFO] Pass: Optimize1qGatesDecomposition - 0.13208 (ms)
2026-07-10 11:21:34,575 [INFO] Pass: CommutativeCancellation - 0.09131 (ms)
2026-07-10 11:21:34,575 [INFO] Pass: ContractIdleWiresInControlFlow - 0.00167 (ms)
2026-07-10 11:21:34,575 [INFO] Pass: GatesInBasis - 0.02837 (ms)
2026-07-10 11:21:34,575 [INFO] Pass: Depth - 0.02289 (ms)
2026-07-10 11:21:34,575 [INFO] Pass: FixedPoint - 0.00334 (ms)
2026-07-10 11:21:34,575 [INFO] Pass: Size - 0.00215 (ms)
2026-07-10 11:21:34,575 [INFO] Pass: FixedPoint - 0.00286 (ms)
2026-07-10 11:21:34,575 [INFO] Pass: RemoveIdentityEquivalent - 0.00477 (ms)
2026-07-10 11:21:34,575 [INFO] Pass: Optimize1qGatesDecomposition - 0.11420 (ms)
2026-07-10 11:21:34,575 [INFO] Pass: CommutativeCancellation - 0.09060 (ms)
2026-07-10 11:21:34,575 [INFO] Pass: ContractIdleWiresInControlFlow - 0.00167 (ms)
2026-07-10 11:21:34,576 [INFO] Pass: GatesInBasis - 0.02646 (ms)
2026-07-10 11:21:34,576 [INFO] Pass: Depth - 0.02217 (ms)
2026-07-10 11:21:34,576 [INFO] Pass: FixedPoint - 0.00334 (ms)
2026-07-10 11:21:34,576 [INFO] Pass: Size - 0.00215 (ms)
2026-07-10 11:21:34,576 [INFO] Pass: FixedPoint - 0.00238 (ms)
2026-07-10 11:21:34,576 [INFO] Pass: ContainsInstruction - 0.00548 (ms)
2026-07-10 11:21:34,576 [INFO] Total Transpile Time - 86.69519 (ms)
2026-07-10 11:38:43,061 [INFO] [PCE] n=150 instancia 18/100 completada en 0:00:17:09 — transcurrido=0:04:51:12 restante_estimado=0:22:06:33
2026-07-10 11:38:43,165 [INFO] Pass: ContainsInstruction - 0.01168 (ms)
2026-07-10 11:38:43,166 [INFO] Pass: UnitarySynthesis - 0.00668 (ms)
2026-07-10 11:38:43,166 [INFO] Pass: HighLevelSynthesis - 0.00978 (ms)
2026-07-10 11:38:43,166 [INFO] Pass: BasisTranslator - 0.05674 (ms)
2026-07-10 11:38:43,166 [INFO] Pass: ElidePermutations - 0.00453 (ms)
2026-07-10 11:38:43,166 [INFO] Pass: RemoveDiagonalGatesBeforeMeasure - 0.00811 (ms)
2026-07-10 11:38:43,166 [INFO] Pass: RemoveIdentityEquivalent - 0.00381 (ms)
2026-07-10 11:38:43,166 [INFO] Pass: InverseCancellation - 0.00501 (ms)
2026-07-10 11:38:43,166 [INFO] Pass: ContractIdleWiresInControlFlow - 0.00215 (ms)
2026-07-10 11:38:43,166 [INFO] Pass: CommutativeCancellation - 0.07844 (ms)
2026-07-10 11:38:43,166 [INFO] Pass: ConsolidateBlocks - 0.04649 (ms)
2026-07-10 11:38:43,166 [INFO] Pass: Split2QUnitaries - 0.00238 (ms)
2026-07-10 11:38:43,166 [INFO] Pass: UnitarySynthesis - 0.00501 (ms)
2026-07-10 11:38:43,166 [INFO] Pass: HighLevelSynthesis - 0.03338 (ms)
2026-07-10 11:38:43,166 [INFO] Pass: BasisTranslator - 0.07296 (ms)
2026-07-10 11:38:43,166 [INFO] Pass: ConsolidateBlocks - 0.05293 (ms)
2026-07-10 11:38:43,166 [INFO] Pass: UnitarySynthesis - 0.00477 (ms)
2026-07-10 11:38:43,166 [INFO] Pass: Depth - 0.02623 (ms)
2026-07-10 11:38:43,166 [INFO] Pass: FixedPoint - 0.00501 (ms)
2026-07-10 11:38:43,166 [INFO] Pass: Size - 0.00381 (ms)
2026-07-10 11:38:43,166 [INFO] Pass: FixedPoint - 0.00286 (ms)
2026-07-10 11:38:43,166 [INFO] Pass: RemoveIdentityEquivalent - 0.00358 (ms)
2026-07-10 11:38:43,167 [INFO] Pass: Optimize1qGatesDecomposition - 0.03552 (ms)
2026-07-10 11:38:43,167 [INFO] Pass: CommutativeCancellation - 0.09775 (ms)
2026-07-10 11:38:43,167 [INFO] Pass: ContractIdleWiresInControlFlow - 0.00215 (ms)
2026-07-10 11:38:43,167 [INFO] Pass: GatesInBasis - 0.02885 (ms)
2026-07-10 11:38:43,167 [INFO] Pass: Depth - 0.02337 (ms)
2026-07-10 11:38:43,167 [INFO] Pass: FixedPoint - 0.00358 (ms)
2026-07-10 11:38:43,167 [INFO] Pass: Size - 0.00215 (ms)
2026-07-10 11:38:43,167 [INFO] Pass: FixedPoint - 0.00286 (ms)
2026-07-10 11:38:43,167 [INFO] Pass: ContainsInstruction - 0.00525 (ms)
2026-07-10 11:38:43,167 [INFO] Total Transpile Time - 87.26168 (ms)
2026-07-10 11:38:43,251 [INFO] Pass: ContainsInstruction - 0.00954 (ms)
2026-07-10 11:38:43,251 [INFO] Pass: UnitarySynthesis - 0.00572 (ms)
2026-07-10 11:38:43,251 [INFO] Pass: HighLevelSynthesis - 0.00882 (ms)
2026-07-10 11:38:43,251 [INFO] Pass: BasisTranslator - 0.05174 (ms)
2026-07-10 11:38:43,251 [INFO] Pass: ElidePermutations - 0.00310 (ms)
2026-07-10 11:38:43,251 [INFO] Pass: RemoveDiagonalGatesBeforeMeasure - 0.00644 (ms)
2026-07-10 11:38:43,251 [INFO] Pass: RemoveIdentityEquivalent - 0.00501 (ms)
2026-07-10 11:38:43,251 [INFO] Pass: InverseCancellation - 0.02456 (ms)
2026-07-10 11:38:43,251 [INFO] Pass: ContractIdleWiresInControlFlow - 0.00167 (ms)
2026-07-10 11:38:43,251 [INFO] Pass: CommutativeCancellation - 0.08607 (ms)
2026-07-10 11:38:43,251 [INFO] Pass: ConsolidateBlocks - 0.04292 (ms)
2026-07-10 11:38:43,252 [INFO] Pass: Split2QUnitaries - 0.00238 (ms)
2026-07-10 11:38:43,252 [INFO] Pass: UnitarySynthesis - 0.00525 (ms)
2026-07-10 11:38:43,252 [INFO] Pass: HighLevelSynthesis - 0.03386 (ms)
2026-07-10 11:38:43,252 [INFO] Pass: BasisTranslator - 0.07081 (ms)
2026-07-10 11:38:43,252 [INFO] Pass: ConsolidateBlocks - 0.05031 (ms)
2026-07-10 11:38:43,252 [INFO] Pass: UnitarySynthesis - 0.00453 (ms)
2026-07-10 11:38:43,252 [INFO] Pass: Depth - 0.02503 (ms)
2026-07-10 11:38:43,252 [INFO] Pass: FixedPoint - 0.00405 (ms)
2026-07-10 11:38:43,252 [INFO] Pass: Size - 0.00286 (ms)
2026-07-10 11:38:43,252 [INFO] Pass: FixedPoint - 0.00262 (ms)
2026-07-10 11:38:43,252 [INFO] Pass: RemoveIdentityEquivalent - 0.00477 (ms)
2026-07-10 11:38:43,252 [INFO] Pass: Optimize1qGatesDecomposition - 0.12136 (ms)
2026-07-10 11:38:43,252 [INFO] Pass: CommutativeCancellation - 0.09942 (ms)
2026-07-10 11:38:43,252 [INFO] Pass: ContractIdleWiresInControlFlow - 0.00191 (ms)
2026-07-10 11:38:43,252 [INFO] Pass: GatesInBasis - 0.02718 (ms)
2026-07-10 11:38:43,252 [INFO] Pass: Depth - 0.02456 (ms)
2026-07-10 11:38:43,252 [INFO] Pass: FixedPoint - 0.00381 (ms)
2026-07-10 11:38:43,252 [INFO] Pass: Size - 0.00191 (ms)
2026-07-10 11:38:43,252 [INFO] Pass: FixedPoint - 0.00238 (ms)
2026-07-10 11:38:43,252 [INFO] Pass: ContainsInstruction - 0.00525 (ms)
2026-07-10 11:38:43,253 [INFO] Total Transpile Time - 85.15406 (ms)
2026-07-10 11:38:43,337 [INFO] Pass: ContainsInstruction - 0.00954 (ms)
2026-07-10 11:38:43,337 [INFO] Pass: UnitarySynthesis - 0.00620 (ms)
2026-07-10 11:38:43,337 [INFO] Pass: HighLevelSynthesis - 0.00882 (ms)
2026-07-10 11:38:43,337 [INFO] Pass: BasisTranslator - 0.05126 (ms)
2026-07-10 11:38:43,337 [INFO] Pass: ElidePermutations - 0.00310 (ms)
2026-07-10 11:38:43,337 [INFO] Pass: RemoveDiagonalGatesBeforeMeasure - 0.00572 (ms)
2026-07-10 11:38:43,337 [INFO] Pass: RemoveIdentityEquivalent - 0.00525 (ms)
2026-07-10 11:38:43,337 [INFO] Pass: InverseCancellation - 0.02289 (ms)
2026-07-10 11:38:43,337 [INFO] Pass: ContractIdleWiresInControlFlow - 0.00191 (ms)
2026-07-10 11:38:43,337 [INFO] Pass: CommutativeCancellation - 0.07224 (ms)
2026-07-10 11:38:43,337 [INFO] Pass: ConsolidateBlocks - 0.04244 (ms)
2026-07-10 11:38:43,337 [INFO] Pass: Split2QUnitaries - 0.00238 (ms)
2026-07-10 11:38:43,337 [INFO] Pass: UnitarySynthesis - 0.00548 (ms)
2026-07-10 11:38:43,337 [INFO] Pass: HighLevelSynthesis - 0.03386 (ms)
2026-07-10 11:38:43,337 [INFO] Pass: BasisTranslator - 0.07367 (ms)
2026-07-10 11:38:43,337 [INFO] Pass: ConsolidateBlocks - 0.06008 (ms)
2026-07-10 11:38:43,337 [INFO] Pass: UnitarySynthesis - 0.00477 (ms)
2026-07-10 11:38:43,337 [INFO] Pass: Depth - 0.02408 (ms)
2026-07-10 11:38:43,338 [INFO] Pass: FixedPoint - 0.00381 (ms)
2026-07-10 11:38:43,338 [INFO] Pass: Size - 0.00238 (ms)
2026-07-10 11:38:43,338 [INFO] Pass: FixedPoint - 0.00262 (ms)
2026-07-10 11:38:43,338 [INFO] Pass: RemoveIdentityEquivalent - 0.00477 (ms)
2026-07-10 11:38:43,338 [INFO] Pass: Optimize1qGatesDecomposition - 0.12803 (ms)
2026-07-10 11:38:43,338 [INFO] Pass: CommutativeCancellation - 0.09155 (ms)
2026-07-10 11:38:43,338 [INFO] Pass: ContractIdleWiresInControlFlow - 0.00191 (ms)
2026-07-10 11:38:43,338 [INFO] Pass: GatesInBasis - 0.02742 (ms)
2026-07-10 11:38:43,338 [INFO] Pass: Depth - 0.02337 (ms)
2026-07-10 11:38:43,338 [INFO] Pass: FixedPoint - 0.00358 (ms)
2026-07-10 11:38:43,338 [INFO] Pass: Size - 0.00215 (ms)
2026-07-10 11:38:43,338 [INFO] Pass: FixedPoint - 0.00262 (ms)
2026-07-10 11:38:43,338 [INFO] Pass: RemoveIdentityEquivalent - 0.00453 (ms)
2026-07-10 11:38:43,338 [INFO] Pass: Optimize1qGatesDecomposition - 0.11134 (ms)
2026-07-10 11:38:43,338 [INFO] Pass: CommutativeCancellation - 0.08440 (ms)
2026-07-10 11:38:43,338 [INFO] Pass: ContractIdleWiresInControlFlow - 0.00191 (ms)
2026-07-10 11:38:43,338 [INFO] Pass: GatesInBasis - 0.03338 (ms)
2026-07-10 11:38:43,338 [INFO] Pass: Depth - 0.02289 (ms)
2026-07-10 11:38:43,338 [INFO] Pass: FixedPoint - 0.00310 (ms)
2026-07-10 11:38:43,338 [INFO] Pass: Size - 0.00167 (ms)
2026-07-10 11:38:43,339 [INFO] Pass: FixedPoint - 0.00262 (ms)
2026-07-10 11:38:43,339 [INFO] Pass: ContainsInstruction - 0.00525 (ms)
2026-07-10 11:38:43,339 [INFO] Total Transpile Time - 85.74462 (ms)
2026-07-10 11:54:42,554 [INFO] [PCE] n=150 instancia 19/100 completada en 0:00:15:59 — transcurrido=0:05:07:11 restante_estimado=0:21:49:35
2026-07-10 11:54:42,659 [INFO] Pass: ContainsInstruction - 0.01025 (ms)
2026-07-10 11:54:42,659 [INFO] Pass: UnitarySynthesis - 0.00668 (ms)
2026-07-10 11:54:42,659 [INFO] Pass: HighLevelSynthesis - 0.01073 (ms)
2026-07-10 11:54:42,659 [INFO] Pass: BasisTranslator - 0.06032 (ms)
2026-07-10 11:54:42,659 [INFO] Pass: ElidePermutations - 0.00477 (ms)
2026-07-10 11:54:42,659 [INFO] Pass: RemoveDiagonalGatesBeforeMeasure - 0.00858 (ms)
2026-07-10 11:54:42,659 [INFO] Pass: RemoveIdentityEquivalent - 0.00477 (ms)
2026-07-10 11:54:42,659 [INFO] Pass: InverseCancellation - 0.00477 (ms)
2026-07-10 11:54:42,659 [INFO] Pass: ContractIdleWiresInControlFlow - 0.00215 (ms)
2026-07-10 11:54:42,659 [INFO] Pass: CommutativeCancellation - 0.06747 (ms)
2026-07-10 11:54:42,659 [INFO] Pass: ConsolidateBlocks - 0.04601 (ms)
2026-07-10 11:54:42,659 [INFO] Pass: Split2QUnitaries - 0.00358 (ms)
2026-07-10 11:54:42,659 [INFO] Pass: UnitarySynthesis - 0.00501 (ms)
2026-07-10 11:54:42,659 [INFO] Pass: HighLevelSynthesis - 0.03338 (ms)
2026-07-10 11:54:42,659 [INFO] Pass: BasisTranslator - 0.07439 (ms)
2026-07-10 11:54:42,659 [INFO] Pass: ConsolidateBlocks - 0.05794 (ms)
2026-07-10 11:54:42,659 [INFO] Pass: UnitarySynthesis - 0.00429 (ms)
2026-07-10 11:54:42,660 [INFO] Pass: Depth - 0.02480 (ms)
2026-07-10 11:54:42,660 [INFO] Pass: FixedPoint - 0.00453 (ms)
2026-07-10 11:54:42,660 [INFO] Pass: Size - 0.00310 (ms)
2026-07-10 11:54:42,660 [INFO] Pass: FixedPoint - 0.00238 (ms)
2026-07-10 11:54:42,660 [INFO] Pass: RemoveIdentityEquivalent - 0.00334 (ms)
2026-07-10 11:54:42,660 [INFO] Pass: Optimize1qGatesDecomposition - 0.03481 (ms)
2026-07-10 11:54:42,660 [INFO] Pass: CommutativeCancellation - 0.08774 (ms)
2026-07-10 11:54:42,660 [INFO] Pass: ContractIdleWiresInControlFlow - 0.00215 (ms)
2026-07-10 11:54:42,660 [INFO] Pass: GatesInBasis - 0.02885 (ms)
2026-07-10 11:54:42,660 [INFO] Pass: Depth - 0.02146 (ms)
2026-07-10 11:54:42,660 [INFO] Pass: FixedPoint - 0.00358 (ms)
2026-07-10 11:54:42,660 [INFO] Pass: Size - 0.00215 (ms)
2026-07-10 11:54:42,660 [INFO] Pass: FixedPoint - 0.00262 (ms)
2026-07-10 11:54:42,660 [INFO] Pass: ContainsInstruction - 0.00548 (ms)
2026-07-10 11:54:42,660 [INFO] Total Transpile Time - 88.85431 (ms)
2026-07-10 11:54:42,745 [INFO] Pass: ContainsInstruction - 0.00978 (ms)
2026-07-10 11:54:42,745 [INFO] Pass: UnitarySynthesis - 0.00644 (ms)
2026-07-10 11:54:42,746 [INFO] Pass: HighLevelSynthesis - 0.00906 (ms)
2026-07-10 11:54:42,746 [INFO] Pass: BasisTranslator - 0.05293 (ms)
2026-07-10 11:54:42,746 [INFO] Pass: ElidePermutations - 0.00429 (ms)
2026-07-10 11:54:42,746 [INFO] Pass: RemoveDiagonalGatesBeforeMeasure - 0.00739 (ms)
2026-07-10 11:54:42,746 [INFO] Pass: RemoveIdentityEquivalent - 0.00453 (ms)
2026-07-10 11:54:42,746 [INFO] Pass: InverseCancellation - 0.02432 (ms)
2026-07-10 11:54:42,746 [INFO] Pass: ContractIdleWiresInControlFlow - 0.00215 (ms)
2026-07-10 11:54:42,746 [INFO] Pass: CommutativeCancellation - 0.07558 (ms)
2026-07-10 11:54:42,746 [INFO] Pass: ConsolidateBlocks - 0.04530 (ms)
2026-07-10 11:54:42,746 [INFO] Pass: Split2QUnitaries - 0.00262 (ms)
2026-07-10 11:54:42,746 [INFO] Pass: UnitarySynthesis - 0.00525 (ms)
2026-07-10 11:54:42,746 [INFO] Pass: HighLevelSynthesis - 0.03481 (ms)
2026-07-10 11:54:42,746 [INFO] Pass: BasisTranslator - 0.07105 (ms)
2026-07-10 11:54:42,746 [INFO] Pass: ConsolidateBlocks - 0.05198 (ms)
2026-07-10 11:54:42,746 [INFO] Pass: UnitarySynthesis - 0.00429 (ms)
2026-07-10 11:54:42,746 [INFO] Pass: Depth - 0.02313 (ms)
2026-07-10 11:54:42,746 [INFO] Pass: FixedPoint - 0.00405 (ms)
2026-07-10 11:54:42,746 [INFO] Pass: Size - 0.00286 (ms)
2026-07-10 11:54:42,746 [INFO] Pass: FixedPoint - 0.00286 (ms)
2026-07-10 11:54:42,746 [INFO] Pass: RemoveIdentityEquivalent - 0.00429 (ms)
2026-07-10 11:54:42,747 [INFO] Pass: Optimize1qGatesDecomposition - 0.12445 (ms)
2026-07-10 11:54:42,747 [INFO] Pass: CommutativeCancellation - 0.09418 (ms)
2026-07-10 11:54:42,747 [INFO] Pass: ContractIdleWiresInControlFlow - 0.00191 (ms)
2026-07-10 11:54:42,747 [INFO] Pass: GatesInBasis - 0.02813 (ms)
2026-07-10 11:54:42,747 [INFO] Pass: Depth - 0.02193 (ms)
2026-07-10 11:54:42,747 [INFO] Pass: FixedPoint - 0.00381 (ms)
2026-07-10 11:54:42,747 [INFO] Pass: Size - 0.00215 (ms)
2026-07-10 11:54:42,747 [INFO] Pass: FixedPoint - 0.00310 (ms)
2026-07-10 11:54:42,747 [INFO] Pass: ContainsInstruction - 0.00525 (ms)
2026-07-10 11:54:42,747 [INFO] Total Transpile Time - 86.51471 (ms)
2026-07-10 11:54:42,832 [INFO] Pass: ContainsInstruction - 0.00930 (ms)
2026-07-10 11:54:42,832 [INFO] Pass: UnitarySynthesis - 0.00644 (ms)
2026-07-10 11:54:42,832 [INFO] Pass: HighLevelSynthesis - 0.00906 (ms)
2026-07-10 11:54:42,832 [INFO] Pass: BasisTranslator - 0.05078 (ms)
2026-07-10 11:54:42,832 [INFO] Pass: ElidePermutations - 0.00310 (ms)
2026-07-10 11:54:42,832 [INFO] Pass: RemoveDiagonalGatesBeforeMeasure - 0.00644 (ms)
2026-07-10 11:54:42,832 [INFO] Pass: RemoveIdentityEquivalent - 0.00501 (ms)
2026-07-10 11:54:42,832 [INFO] Pass: InverseCancellation - 0.02241 (ms)
2026-07-10 11:54:42,832 [INFO] Pass: ContractIdleWiresInControlFlow - 0.00167 (ms)
2026-07-10 11:54:42,833 [INFO] Pass: CommutativeCancellation - 0.07010 (ms)
2026-07-10 11:54:42,833 [INFO] Pass: ConsolidateBlocks - 0.04315 (ms)
2026-07-10 11:54:42,833 [INFO] Pass: Split2QUnitaries - 0.00215 (ms)
2026-07-10 11:54:42,833 [INFO] Pass: UnitarySynthesis - 0.00525 (ms)
2026-07-10 11:54:42,833 [INFO] Pass: HighLevelSynthesis - 0.03505 (ms)
2026-07-10 11:54:42,833 [INFO] Pass: BasisTranslator - 0.07081 (ms)
2026-07-10 11:54:42,833 [INFO] Pass: ConsolidateBlocks - 0.05054 (ms)
2026-07-10 11:54:42,833 [INFO] Pass: UnitarySynthesis - 0.00477 (ms)
2026-07-10 11:54:42,833 [INFO] Pass: Depth - 0.02408 (ms)
2026-07-10 11:54:42,833 [INFO] Pass: FixedPoint - 0.00405 (ms)
2026-07-10 11:54:42,833 [INFO] Pass: Size - 0.00286 (ms)
2026-07-10 11:54:42,833 [INFO] Pass: FixedPoint - 0.00238 (ms)
2026-07-10 11:54:42,833 [INFO] Pass: RemoveIdentityEquivalent - 0.00477 (ms)
2026-07-10 11:54:42,833 [INFO] Pass: Optimize1qGatesDecomposition - 0.12708 (ms)
2026-07-10 11:54:42,833 [INFO] Pass: CommutativeCancellation - 0.09108 (ms)
2026-07-10 11:54:42,833 [INFO] Pass: ContractIdleWiresInControlFlow - 0.00215 (ms)
2026-07-10 11:54:42,833 [INFO] Pass: GatesInBasis - 0.03028 (ms)
2026-07-10 11:54:42,833 [INFO] Pass: Depth - 0.02480 (ms)
2026-07-10 11:54:42,834 [INFO] Pass: FixedPoint - 0.00358 (ms)
2026-07-10 11:54:42,834 [INFO] Pass: Size - 0.00238 (ms)
2026-07-10 11:54:42,834 [INFO] Pass: FixedPoint - 0.00286 (ms)
2026-07-10 11:54:42,834 [INFO] Pass: RemoveIdentityEquivalent - 0.00477 (ms)
2026-07-10 11:54:42,834 [INFO] Pass: Optimize1qGatesDecomposition - 0.11587 (ms)
2026-07-10 11:54:42,834 [INFO] Pass: CommutativeCancellation - 0.08416 (ms)
2026-07-10 11:54:42,834 [INFO] Pass: ContractIdleWiresInControlFlow - 0.00167 (ms)
2026-07-10 11:54:42,834 [INFO] Pass: GatesInBasis - 0.02813 (ms)
2026-07-10 11:54:42,834 [INFO] Pass: Depth - 0.02146 (ms)
2026-07-10 11:54:42,834 [INFO] Pass: FixedPoint - 0.00334 (ms)
2026-07-10 11:54:42,834 [INFO] Pass: Size - 0.00191 (ms)
2026-07-10 11:54:42,834 [INFO] Pass: FixedPoint - 0.00262 (ms)
2026-07-10 11:54:42,834 [INFO] Pass: ContainsInstruction - 0.00596 (ms)
2026-07-10 11:54:42,834 [INFO] Total Transpile Time - 86.78365 (ms)
2026-07-10 12:09:43,294 [INFO] [PCE] n=150 instancia 20/100 completada en 0:00:15:01 — transcurrido=0:05:22:12 restante_estimado=0:21:28:48
2026-07-10 12:09:43,397 [INFO] Pass: ContainsInstruction - 0.01049 (ms)
2026-07-10 12:09:43,397 [INFO] Pass: UnitarySynthesis - 0.00739 (ms)
2026-07-10 12:09:43,398 [INFO] Pass: HighLevelSynthesis - 0.01025 (ms)
2026-07-10 12:09:43,398 [INFO] Pass: BasisTranslator - 0.05841 (ms)
2026-07-10 12:09:43,398 [INFO] Pass: ElidePermutations - 0.00501 (ms)
2026-07-10 12:09:43,398 [INFO] Pass: RemoveDiagonalGatesBeforeMeasure - 0.00787 (ms)
2026-07-10 12:09:43,398 [INFO] Pass: RemoveIdentityEquivalent - 0.00453 (ms)
2026-07-10 12:09:43,398 [INFO] Pass: InverseCancellation - 0.00501 (ms)
2026-07-10 12:09:43,398 [INFO] Pass: ContractIdleWiresInControlFlow - 0.00262 (ms)
2026-07-10 12:09:43,398 [INFO] Pass: CommutativeCancellation - 0.07296 (ms)
2026-07-10 12:09:43,398 [INFO] Pass: ConsolidateBlocks - 0.04625 (ms)
2026-07-10 12:09:43,398 [INFO] Pass: Split2QUnitaries - 0.00310 (ms)
2026-07-10 12:09:43,398 [INFO] Pass: UnitarySynthesis - 0.00501 (ms)
2026-07-10 12:09:43,398 [INFO] Pass: HighLevelSynthesis - 0.03362 (ms)
2026-07-10 12:09:43,398 [INFO] Pass: BasisTranslator - 0.07582 (ms)
2026-07-10 12:09:43,398 [INFO] Pass: ConsolidateBlocks - 0.05341 (ms)
2026-07-10 12:09:43,398 [INFO] Pass: UnitarySynthesis - 0.00429 (ms)
2026-07-10 12:09:43,398 [INFO] Pass: Depth - 0.02527 (ms)
2026-07-10 12:09:43,398 [INFO] Pass: FixedPoint - 0.00477 (ms)
2026-07-10 12:09:43,398 [INFO] Pass: Size - 0.00405 (ms)
2026-07-10 12:09:43,398 [INFO] Pass: FixedPoint - 0.00262 (ms)
2026-07-10 12:09:43,398 [INFO] Pass: RemoveIdentityEquivalent - 0.00358 (ms)
2026-07-10 12:09:43,398 [INFO] Pass: Optimize1qGatesDecomposition - 0.03576 (ms)
2026-07-10 12:09:43,399 [INFO] Pass: CommutativeCancellation - 0.08965 (ms)
2026-07-10 12:09:43,399 [INFO] Pass: ContractIdleWiresInControlFlow - 0.00191 (ms)
2026-07-10 12:09:43,399 [INFO] Pass: GatesInBasis - 0.02813 (ms)
2026-07-10 12:09:43,399 [INFO] Pass: Depth - 0.02170 (ms)
2026-07-10 12:09:43,399 [INFO] Pass: FixedPoint - 0.00358 (ms)
2026-07-10 12:09:43,399 [INFO] Pass: Size - 0.00215 (ms)
2026-07-10 12:09:43,399 [INFO] Pass: FixedPoint - 0.00262 (ms)
2026-07-10 12:09:43,399 [INFO] Pass: ContainsInstruction - 0.00525 (ms)
2026-07-10 12:09:43,399 [INFO] Total Transpile Time - 87.55612 (ms)
2026-07-10 12:09:43,483 [INFO] Pass: ContainsInstruction - 0.00930 (ms)
2026-07-10 12:09:43,483 [INFO] Pass: UnitarySynthesis - 0.00620 (ms)
2026-07-10 12:09:43,483 [INFO] Pass: HighLevelSynthesis - 0.00930 (ms)
2026-07-10 12:09:43,484 [INFO] Pass: BasisTranslator - 0.05412 (ms)
2026-07-10 12:09:43,484 [INFO] Pass: ElidePermutations - 0.00429 (ms)
2026-07-10 12:09:43,484 [INFO] Pass: RemoveDiagonalGatesBeforeMeasure - 0.00668 (ms)
2026-07-10 12:09:43,484 [INFO] Pass: RemoveIdentityEquivalent - 0.00548 (ms)
2026-07-10 12:09:43,484 [INFO] Pass: InverseCancellation - 0.02289 (ms)
2026-07-10 12:09:43,484 [INFO] Pass: ContractIdleWiresInControlFlow - 0.00215 (ms)
2026-07-10 12:09:43,484 [INFO] Pass: CommutativeCancellation - 0.07653 (ms)
2026-07-10 12:09:43,484 [INFO] Pass: ConsolidateBlocks - 0.04339 (ms)
2026-07-10 12:09:43,484 [INFO] Pass: Split2QUnitaries - 0.00286 (ms)
2026-07-10 12:09:43,484 [INFO] Pass: UnitarySynthesis - 0.00548 (ms)
2026-07-10 12:09:43,484 [INFO] Pass: HighLevelSynthesis - 0.03338 (ms)
2026-07-10 12:09:43,484 [INFO] Pass: BasisTranslator - 0.07319 (ms)
2026-07-10 12:09:43,484 [INFO] Pass: ConsolidateBlocks - 0.05031 (ms)
2026-07-10 12:09:43,484 [INFO] Pass: UnitarySynthesis - 0.00453 (ms)
2026-07-10 12:09:43,484 [INFO] Pass: Depth - 0.02289 (ms)
2026-07-10 12:09:43,484 [INFO] Pass: FixedPoint - 0.00429 (ms)
2026-07-10 12:09:43,484 [INFO] Pass: Size - 0.00310 (ms)
2026-07-10 12:09:43,484 [INFO] Pass: FixedPoint - 0.00286 (ms)
2026-07-10 12:09:43,484 [INFO] Pass: RemoveIdentityEquivalent - 0.00429 (ms)
2026-07-10 12:09:43,485 [INFO] Pass: Optimize1qGatesDecomposition - 0.13232 (ms)
2026-07-10 12:09:43,485 [INFO] Pass: CommutativeCancellation - 0.09561 (ms)
2026-07-10 12:09:43,485 [INFO] Pass: ContractIdleWiresInControlFlow - 0.00167 (ms)
2026-07-10 12:09:43,485 [INFO] Pass: GatesInBasis - 0.02933 (ms)
2026-07-10 12:09:43,485 [INFO] Pass: Depth - 0.02217 (ms)
2026-07-10 12:09:43,485 [INFO] Pass: FixedPoint - 0.00358 (ms)
2026-07-10 12:09:43,485 [INFO] Pass: Size - 0.00215 (ms)
2026-07-10 12:09:43,485 [INFO] Pass: FixedPoint - 0.00286 (ms)
2026-07-10 12:09:43,485 [INFO] Pass: ContainsInstruction - 0.00501 (ms)
2026-07-10 12:09:43,485 [INFO] Total Transpile Time - 85.69026 (ms)
2026-07-10 12:09:43,569 [INFO] Pass: ContainsInstruction - 0.01597 (ms)
2026-07-10 12:09:43,569 [INFO] Pass: UnitarySynthesis - 0.00596 (ms)
2026-07-10 12:09:43,570 [INFO] Pass: HighLevelSynthesis - 0.00858 (ms)
2026-07-10 12:09:43,570 [INFO] Pass: BasisTranslator - 0.05174 (ms)
2026-07-10 12:09:43,570 [INFO] Pass: ElidePermutations - 0.00358 (ms)
2026-07-10 12:09:43,570 [INFO] Pass: RemoveDiagonalGatesBeforeMeasure - 0.00644 (ms)
2026-07-10 12:09:43,570 [INFO] Pass: RemoveIdentityEquivalent - 0.00477 (ms)
2026-07-10 12:09:43,570 [INFO] Pass: InverseCancellation - 0.02217 (ms)
2026-07-10 12:09:43,570 [INFO] Pass: ContractIdleWiresInControlFlow - 0.00191 (ms)
2026-07-10 12:09:43,570 [INFO] Pass: CommutativeCancellation - 0.07010 (ms)
2026-07-10 12:09:43,570 [INFO] Pass: ConsolidateBlocks - 0.04244 (ms)
2026-07-10 12:09:43,570 [INFO] Pass: Split2QUnitaries - 0.00238 (ms)
2026-07-10 12:09:43,570 [INFO] Pass: UnitarySynthesis - 0.00548 (ms)
2026-07-10 12:09:43,570 [INFO] Pass: HighLevelSynthesis - 0.03529 (ms)
2026-07-10 12:09:43,570 [INFO] Pass: BasisTranslator - 0.07510 (ms)
2026-07-10 12:09:43,570 [INFO] Pass: ConsolidateBlocks - 0.05150 (ms)
2026-07-10 12:09:43,570 [INFO] Pass: UnitarySynthesis - 0.00453 (ms)
2026-07-10 12:09:43,570 [INFO] Pass: Depth - 0.02456 (ms)
2026-07-10 12:09:43,570 [INFO] Pass: FixedPoint - 0.00453 (ms)
2026-07-10 12:09:43,570 [INFO] Pass: Size - 0.00238 (ms)
2026-07-10 12:09:43,570 [INFO] Pass: FixedPoint - 0.00310 (ms)
2026-07-10 12:09:43,570 [INFO] Pass: RemoveIdentityEquivalent - 0.00453 (ms)
2026-07-10 12:09:43,571 [INFO] Pass: Optimize1qGatesDecomposition - 0.13161 (ms)
2026-07-10 12:09:43,571 [INFO] Pass: CommutativeCancellation - 0.08821 (ms)
2026-07-10 12:09:43,571 [INFO] Pass: ContractIdleWiresInControlFlow - 0.00191 (ms)
2026-07-10 12:09:43,571 [INFO] Pass: GatesInBasis - 0.02694 (ms)
2026-07-10 12:09:43,571 [INFO] Pass: Depth - 0.02241 (ms)
2026-07-10 12:09:43,571 [INFO] Pass: FixedPoint - 0.00334 (ms)
2026-07-10 12:09:43,571 [INFO] Pass: Size - 0.00215 (ms)
2026-07-10 12:09:43,571 [INFO] Pass: FixedPoint - 0.00286 (ms)
2026-07-10 12:09:43,571 [INFO] Pass: RemoveIdentityEquivalent - 0.00453 (ms)
2026-07-10 12:09:43,571 [INFO] Pass: Optimize1qGatesDecomposition - 0.11182 (ms)
2026-07-10 12:09:43,571 [INFO] Pass: CommutativeCancellation - 0.08225 (ms)
2026-07-10 12:09:43,571 [INFO] Pass: ContractIdleWiresInControlFlow - 0.00143 (ms)
2026-07-10 12:09:43,571 [INFO] Pass: GatesInBasis - 0.02646 (ms)
2026-07-10 12:09:43,571 [INFO] Pass: Depth - 0.02098 (ms)
2026-07-10 12:09:43,571 [INFO] Pass: FixedPoint - 0.00334 (ms)
2026-07-10 12:09:43,571 [INFO] Pass: Size - 0.00167 (ms)
2026-07-10 12:09:43,571 [INFO] Pass: FixedPoint - 0.00238 (ms)
2026-07-10 12:09:43,571 [INFO] Pass: ContainsInstruction - 0.00525 (ms)
2026-07-10 12:09:43,572 [INFO] Total Transpile Time - 86.13777 (ms)
2026-07-10 12:25:18,957 [INFO] [PCE] n=150 instancia 21/100 completada en 0:00:15:36 — transcurrido=0:05:37:48 restante_estimado=0:21:10:45
2026-07-10 12:25:19,060 [INFO] Pass: ContainsInstruction - 0.01144 (ms)
2026-07-10 12:25:19,060 [INFO] Pass: UnitarySynthesis - 0.00644 (ms)
2026-07-10 12:25:19,060 [INFO] Pass: HighLevelSynthesis - 0.01001 (ms)
2026-07-10 12:25:19,060 [INFO] Pass: BasisTranslator - 0.05913 (ms)
2026-07-10 12:25:19,060 [INFO] Pass: ElidePermutations - 0.00501 (ms)
2026-07-10 12:25:19,060 [INFO] Pass: RemoveDiagonalGatesBeforeMeasure - 0.00834 (ms)
2026-07-10 12:25:19,060 [INFO] Pass: RemoveIdentityEquivalent - 0.00453 (ms)
2026-07-10 12:25:19,060 [INFO] Pass: InverseCancellation - 0.00477 (ms)
2026-07-10 12:25:19,060 [INFO] Pass: ContractIdleWiresInControlFlow - 0.00215 (ms)
2026-07-10 12:25:19,060 [INFO] Pass: CommutativeCancellation - 0.07606 (ms)
2026-07-10 12:25:19,060 [INFO] Pass: ConsolidateBlocks - 0.05221 (ms)
2026-07-10 12:25:19,060 [INFO] Pass: Split2QUnitaries - 0.00310 (ms)
2026-07-10 12:25:19,060 [INFO] Pass: UnitarySynthesis - 0.00548 (ms)
2026-07-10 12:25:19,061 [INFO] Pass: HighLevelSynthesis - 0.03362 (ms)
2026-07-10 12:25:19,061 [INFO] Pass: BasisTranslator - 0.07367 (ms)
2026-07-10 12:25:19,061 [INFO] Pass: ConsolidateBlocks - 0.05198 (ms)
2026-07-10 12:25:19,061 [INFO] Pass: UnitarySynthesis - 0.00477 (ms)
2026-07-10 12:25:19,061 [INFO] Pass: Depth - 0.02575 (ms)
2026-07-10 12:25:19,061 [INFO] Pass: FixedPoint - 0.00501 (ms)
2026-07-10 12:25:19,061 [INFO] Pass: Size - 0.00334 (ms)
2026-07-10 12:25:19,061 [INFO] Pass: FixedPoint - 0.00286 (ms)
2026-07-10 12:25:19,061 [INFO] Pass: RemoveIdentityEquivalent - 0.00310 (ms)
2026-07-10 12:25:19,061 [INFO] Pass: Optimize1qGatesDecomposition - 0.03505 (ms)
2026-07-10 12:25:19,061 [INFO] Pass: CommutativeCancellation - 0.09251 (ms)
2026-07-10 12:25:19,061 [INFO] Pass: ContractIdleWiresInControlFlow - 0.00191 (ms)
2026-07-10 12:25:19,061 [INFO] Pass: GatesInBasis - 0.02766 (ms)
2026-07-10 12:25:19,061 [INFO] Pass: Depth - 0.02384 (ms)
2026-07-10 12:25:19,061 [INFO] Pass: FixedPoint - 0.00358 (ms)
2026-07-10 12:25:19,061 [INFO] Pass: Size - 0.00238 (ms)
2026-07-10 12:25:19,061 [INFO] Pass: FixedPoint - 0.00262 (ms)
2026-07-10 12:25:19,061 [INFO] Pass: ContainsInstruction - 0.00501 (ms)
2026-07-10 12:25:19,062 [INFO] Total Transpile Time - 86.47776 (ms)
2026-07-10 12:25:19,145 [INFO] Pass: ContainsInstruction - 0.00906 (ms)
2026-07-10 12:25:19,145 [INFO] Pass: UnitarySynthesis - 0.00620 (ms)
2026-07-10 12:25:19,145 [INFO] Pass: HighLevelSynthesis - 0.00882 (ms)
2026-07-10 12:25:19,145 [INFO] Pass: BasisTranslator - 0.05102 (ms)
2026-07-10 12:25:19,145 [INFO] Pass: ElidePermutations - 0.00405 (ms)
2026-07-10 12:25:19,145 [INFO] Pass: RemoveDiagonalGatesBeforeMeasure - 0.00644 (ms)
2026-07-10 12:25:19,145 [INFO] Pass: RemoveIdentityEquivalent - 0.00501 (ms)
2026-07-10 12:25:19,145 [INFO] Pass: InverseCancellation - 0.02480 (ms)
2026-07-10 12:25:19,145 [INFO] Pass: ContractIdleWiresInControlFlow - 0.00191 (ms)
2026-07-10 12:25:19,145 [INFO] Pass: CommutativeCancellation - 0.08893 (ms)
2026-07-10 12:25:19,145 [INFO] Pass: ConsolidateBlocks - 0.04339 (ms)
2026-07-10 12:25:19,146 [INFO] Pass: Split2QUnitaries - 0.00215 (ms)
2026-07-10 12:25:19,146 [INFO] Pass: UnitarySynthesis - 0.00501 (ms)
2026-07-10 12:25:19,146 [INFO] Pass: HighLevelSynthesis - 0.03338 (ms)
2026-07-10 12:25:19,146 [INFO] Pass: BasisTranslator - 0.07033 (ms)
2026-07-10 12:25:19,146 [INFO] Pass: ConsolidateBlocks - 0.04983 (ms)
2026-07-10 12:25:19,146 [INFO] Pass: UnitarySynthesis - 0.00453 (ms)
2026-07-10 12:25:19,146 [INFO] Pass: Depth - 0.02623 (ms)
2026-07-10 12:25:19,146 [INFO] Pass: FixedPoint - 0.00405 (ms)
2026-07-10 12:25:19,146 [INFO] Pass: Size - 0.00262 (ms)
2026-07-10 12:25:19,146 [INFO] Pass: FixedPoint - 0.00286 (ms)
2026-07-10 12:25:19,146 [INFO] Pass: RemoveIdentityEquivalent - 0.00453 (ms)
2026-07-10 12:25:19,146 [INFO] Pass: Optimize1qGatesDecomposition - 0.12517 (ms)
2026-07-10 12:25:19,146 [INFO] Pass: CommutativeCancellation - 0.09608 (ms)
2026-07-10 12:25:19,146 [INFO] Pass: ContractIdleWiresInControlFlow - 0.00191 (ms)
2026-07-10 12:25:19,146 [INFO] Pass: GatesInBasis - 0.02789 (ms)
2026-07-10 12:25:19,146 [INFO] Pass: Depth - 0.02337 (ms)
2026-07-10 12:25:19,146 [INFO] Pass: FixedPoint - 0.00358 (ms)
2026-07-10 12:25:19,146 [INFO] Pass: Size - 0.00191 (ms)
2026-07-10 12:25:19,146 [INFO] Pass: FixedPoint - 0.00286 (ms)
2026-07-10 12:25:19,146 [INFO] Pass: ContainsInstruction - 0.00477 (ms)
2026-07-10 12:25:19,147 [INFO] Total Transpile Time - 84.72800 (ms)
2026-07-10 12:25:19,230 [INFO] Pass: ContainsInstruction - 0.00930 (ms)
2026-07-10 12:25:19,230 [INFO] Pass: UnitarySynthesis - 0.00668 (ms)
2026-07-10 12:25:19,230 [INFO] Pass: HighLevelSynthesis - 0.00954 (ms)
2026-07-10 12:25:19,230 [INFO] Pass: BasisTranslator - 0.04935 (ms)
2026-07-10 12:25:19,230 [INFO] Pass: ElidePermutations - 0.00310 (ms)
2026-07-10 12:25:19,230 [INFO] Pass: RemoveDiagonalGatesBeforeMeasure - 0.00572 (ms)
2026-07-10 12:25:19,230 [INFO] Pass: RemoveIdentityEquivalent - 0.00668 (ms)
2026-07-10 12:25:19,230 [INFO] Pass: InverseCancellation - 0.02265 (ms)
2026-07-10 12:25:19,230 [INFO] Pass: ContractIdleWiresInControlFlow - 0.00167 (ms)
2026-07-10 12:25:19,230 [INFO] Pass: CommutativeCancellation - 0.07725 (ms)
2026-07-10 12:25:19,230 [INFO] Pass: ConsolidateBlocks - 0.04148 (ms)
2026-07-10 12:25:19,230 [INFO] Pass: Split2QUnitaries - 0.00215 (ms)
2026-07-10 12:25:19,230 [INFO] Pass: UnitarySynthesis - 0.00525 (ms)
2026-07-10 12:25:19,230 [INFO] Pass: HighLevelSynthesis - 0.03409 (ms)
2026-07-10 12:25:19,230 [INFO] Pass: BasisTranslator - 0.07796 (ms)
2026-07-10 12:25:19,230 [INFO] Pass: ConsolidateBlocks - 0.05078 (ms)
2026-07-10 12:25:19,231 [INFO] Pass: UnitarySynthesis - 0.00477 (ms)
2026-07-10 12:25:19,231 [INFO] Pass: Depth - 0.02551 (ms)
2026-07-10 12:25:19,231 [INFO] Pass: FixedPoint - 0.00405 (ms)
2026-07-10 12:25:19,231 [INFO] Pass: Size - 0.00262 (ms)
2026-07-10 12:25:19,231 [INFO] Pass: FixedPoint - 0.00286 (ms)
2026-07-10 12:25:19,231 [INFO] Pass: RemoveIdentityEquivalent - 0.00477 (ms)
2026-07-10 12:25:19,231 [INFO] Pass: Optimize1qGatesDecomposition - 0.13232 (ms)
2026-07-10 12:25:19,231 [INFO] Pass: CommutativeCancellation - 0.09227 (ms)
2026-07-10 12:25:19,231 [INFO] Pass: ContractIdleWiresInControlFlow - 0.00215 (ms)
2026-07-10 12:25:19,231 [INFO] Pass: GatesInBasis - 0.02694 (ms)
2026-07-10 12:25:19,231 [INFO] Pass: Depth - 0.02337 (ms)
2026-07-10 12:25:19,231 [INFO] Pass: FixedPoint - 0.00358 (ms)
2026-07-10 12:25:19,231 [INFO] Pass: Size - 0.00191 (ms)
2026-07-10 12:25:19,231 [INFO] Pass: FixedPoint - 0.00262 (ms)
2026-07-10 12:25:19,231 [INFO] Pass: RemoveIdentityEquivalent - 0.00501 (ms)
2026-07-10 12:25:19,231 [INFO] Pass: Optimize1qGatesDecomposition - 0.11253 (ms)
2026-07-10 12:25:19,231 [INFO] Pass: CommutativeCancellation - 0.09203 (ms)
2026-07-10 12:25:19,231 [INFO] Pass: ContractIdleWiresInControlFlow - 0.00167 (ms)
2026-07-10 12:25:19,231 [INFO] Pass: GatesInBasis - 0.02646 (ms)
2026-07-10 12:25:19,232 [INFO] Pass: Depth - 0.02337 (ms)
2026-07-10 12:25:19,232 [INFO] Pass: FixedPoint - 0.00358 (ms)
2026-07-10 12:25:19,232 [INFO] Pass: Size - 0.00191 (ms)
2026-07-10 12:25:19,232 [INFO] Pass: FixedPoint - 0.00238 (ms)
2026-07-10 12:25:19,232 [INFO] Pass: ContainsInstruction - 0.00548 (ms)
2026-07-10 12:25:19,232 [INFO] Total Transpile Time - 84.85413 (ms)
2026-07-10 12:41:16,955 [INFO] [PCE] n=150 instancia 22/100 completada en 0:00:15:58 — transcurrido=0:05:53:46 restante_estimado=0:20:54:14
2026-07-10 12:41:17,061 [INFO] Pass: ContainsInstruction - 0.01097 (ms)
2026-07-10 12:41:17,061 [INFO] Pass: UnitarySynthesis - 0.00739 (ms)
2026-07-10 12:41:17,061 [INFO] Pass: HighLevelSynthesis - 0.01049 (ms)
2026-07-10 12:41:17,061 [INFO] Pass: BasisTranslator - 0.06962 (ms)
2026-07-10 12:41:17,061 [INFO] Pass: ElidePermutations - 0.00525 (ms)
2026-07-10 12:41:17,062 [INFO] Pass: RemoveDiagonalGatesBeforeMeasure - 0.00906 (ms)
2026-07-10 12:41:17,062 [INFO] Pass: RemoveIdentityEquivalent - 0.00453 (ms)
2026-07-10 12:41:17,062 [INFO] Pass: InverseCancellation - 0.00477 (ms)
2026-07-10 12:41:17,062 [INFO] Pass: ContractIdleWiresInControlFlow - 0.00238 (ms)
2026-07-10 12:41:17,062 [INFO] Pass: CommutativeCancellation - 0.07939 (ms)
2026-07-10 12:41:17,062 [INFO] Pass: ConsolidateBlocks - 0.04768 (ms)
2026-07-10 12:41:17,062 [INFO] Pass: Split2QUnitaries - 0.00262 (ms)
2026-07-10 12:41:17,062 [INFO] Pass: UnitarySynthesis - 0.00501 (ms)
2026-07-10 12:41:17,062 [INFO] Pass: HighLevelSynthesis - 0.03314 (ms)
2026-07-10 12:41:17,062 [INFO] Pass: BasisTranslator - 0.07701 (ms)
2026-07-10 12:41:17,062 [INFO] Pass: ConsolidateBlocks - 0.05388 (ms)
2026-07-10 12:41:17,062 [INFO] Pass: UnitarySynthesis - 0.00429 (ms)
2026-07-10 12:41:17,062 [INFO] Pass: Depth - 0.02551 (ms)
2026-07-10 12:41:17,062 [INFO] Pass: FixedPoint - 0.00453 (ms)
2026-07-10 12:41:17,062 [INFO] Pass: Size - 0.00334 (ms)
2026-07-10 12:41:17,062 [INFO] Pass: FixedPoint - 0.00262 (ms)
2026-07-10 12:41:17,062 [INFO] Pass: RemoveIdentityEquivalent - 0.00310 (ms)
2026-07-10 12:41:17,062 [INFO] Pass: Optimize1qGatesDecomposition - 0.03719 (ms)
2026-07-10 12:41:17,062 [INFO] Pass: CommutativeCancellation - 0.10514 (ms)
2026-07-10 12:41:17,062 [INFO] Pass: ContractIdleWiresInControlFlow - 0.00215 (ms)
2026-07-10 12:41:17,063 [INFO] Pass: GatesInBasis - 0.02933 (ms)
2026-07-10 12:41:17,063 [INFO] Pass: Depth - 0.02432 (ms)
2026-07-10 12:41:17,063 [INFO] Pass: FixedPoint - 0.00334 (ms)
2026-07-10 12:41:17,063 [INFO] Pass: Size - 0.00238 (ms)
2026-07-10 12:41:17,063 [INFO] Pass: FixedPoint - 0.00286 (ms)
2026-07-10 12:41:17,063 [INFO] Pass: ContainsInstruction - 0.00548 (ms)
2026-07-10 12:41:17,063 [INFO] Total Transpile Time - 90.46292 (ms)
2026-07-10 12:41:17,149 [INFO] Pass: ContainsInstruction - 0.00906 (ms)
2026-07-10 12:41:17,149 [INFO] Pass: UnitarySynthesis - 0.00620 (ms)
2026-07-10 12:41:17,149 [INFO] Pass: HighLevelSynthesis - 0.00954 (ms)
2026-07-10 12:41:17,149 [INFO] Pass: BasisTranslator - 0.05674 (ms)
2026-07-10 12:41:17,149 [INFO] Pass: ElidePermutations - 0.00405 (ms)
2026-07-10 12:41:17,149 [INFO] Pass: RemoveDiagonalGatesBeforeMeasure - 0.00668 (ms)
2026-07-10 12:41:17,149 [INFO] Pass: RemoveIdentityEquivalent - 0.00668 (ms)
2026-07-10 12:41:17,149 [INFO] Pass: InverseCancellation - 0.02480 (ms)
2026-07-10 12:41:17,149 [INFO] Pass: ContractIdleWiresInControlFlow - 0.00191 (ms)
2026-07-10 12:41:17,149 [INFO] Pass: CommutativeCancellation - 0.08464 (ms)
2026-07-10 12:41:17,149 [INFO] Pass: ConsolidateBlocks - 0.04458 (ms)
2026-07-10 12:41:17,149 [INFO] Pass: Split2QUnitaries - 0.00286 (ms)
2026-07-10 12:41:17,149 [INFO] Pass: UnitarySynthesis - 0.00501 (ms)
2026-07-10 12:41:17,149 [INFO] Pass: HighLevelSynthesis - 0.03314 (ms)
2026-07-10 12:41:17,149 [INFO] Pass: BasisTranslator - 0.07725 (ms)
2026-07-10 12:41:17,149 [INFO] Pass: ConsolidateBlocks - 0.05174 (ms)
2026-07-10 12:41:17,149 [INFO] Pass: UnitarySynthesis - 0.00477 (ms)
2026-07-10 12:41:17,149 [INFO] Pass: Depth - 0.02408 (ms)
2026-07-10 12:41:17,149 [INFO] Pass: FixedPoint - 0.00405 (ms)
2026-07-10 12:41:17,149 [INFO] Pass: Size - 0.00286 (ms)
2026-07-10 12:41:17,150 [INFO] Pass: FixedPoint - 0.00286 (ms)
2026-07-10 12:41:17,150 [INFO] Pass: RemoveIdentityEquivalent - 0.00429 (ms)
2026-07-10 12:41:17,150 [INFO] Pass: Optimize1qGatesDecomposition - 0.12803 (ms)
2026-07-10 12:41:17,150 [INFO] Pass: CommutativeCancellation - 0.10800 (ms)
2026-07-10 12:41:17,150 [INFO] Pass: ContractIdleWiresInControlFlow - 0.00191 (ms)
2026-07-10 12:41:17,150 [INFO] Pass: GatesInBasis - 0.02789 (ms)
2026-07-10 12:41:17,150 [INFO] Pass: Depth - 0.02146 (ms)
2026-07-10 12:41:17,150 [INFO] Pass: FixedPoint - 0.00358 (ms)
2026-07-10 12:41:17,150 [INFO] Pass: Size - 0.00191 (ms)
2026-07-10 12:41:17,150 [INFO] Pass: FixedPoint - 0.00310 (ms)
2026-07-10 12:41:17,150 [INFO] Pass: ContainsInstruction - 0.00501 (ms)
2026-07-10 12:41:17,150 [INFO] Total Transpile Time - 86.95483 (ms)
2026-07-10 12:41:17,236 [INFO] Pass: ContainsInstruction - 0.00954 (ms)
2026-07-10 12:41:17,236 [INFO] Pass: UnitarySynthesis - 0.00644 (ms)
2026-07-10 12:41:17,236 [INFO] Pass: HighLevelSynthesis - 0.01025 (ms)
2026-07-10 12:41:17,236 [INFO] Pass: BasisTranslator - 0.05221 (ms)
2026-07-10 12:41:17,236 [INFO] Pass: ElidePermutations - 0.00381 (ms)
2026-07-10 12:41:17,236 [INFO] Pass: RemoveDiagonalGatesBeforeMeasure - 0.00644 (ms)
2026-07-10 12:41:17,236 [INFO] Pass: RemoveIdentityEquivalent - 0.00596 (ms)
2026-07-10 12:41:17,236 [INFO] Pass: InverseCancellation - 0.02289 (ms)
2026-07-10 12:41:17,236 [INFO] Pass: ContractIdleWiresInControlFlow - 0.00215 (ms)
2026-07-10 12:41:17,236 [INFO] Pass: CommutativeCancellation - 0.07749 (ms)
2026-07-10 12:41:17,236 [INFO] Pass: ConsolidateBlocks - 0.04363 (ms)
2026-07-10 12:41:17,236 [INFO] Pass: Split2QUnitaries - 0.00286 (ms)
2026-07-10 12:41:17,236 [INFO] Pass: UnitarySynthesis - 0.00572 (ms)
2026-07-10 12:41:17,236 [INFO] Pass: HighLevelSynthesis - 0.03505 (ms)
2026-07-10 12:41:17,237 [INFO] Pass: BasisTranslator - 0.07200 (ms)
2026-07-10 12:41:17,237 [INFO] Pass: ConsolidateBlocks - 0.05221 (ms)
2026-07-10 12:41:17,237 [INFO] Pass: UnitarySynthesis - 0.00501 (ms)
2026-07-10 12:41:17,237 [INFO] Pass: Depth - 0.02384 (ms)
2026-07-10 12:41:17,237 [INFO] Pass: FixedPoint - 0.00477 (ms)
2026-07-10 12:41:17,237 [INFO] Pass: Size - 0.00262 (ms)
2026-07-10 12:41:17,237 [INFO] Pass: FixedPoint - 0.00238 (ms)
2026-07-10 12:41:17,237 [INFO] Pass: RemoveIdentityEquivalent - 0.00501 (ms)
2026-07-10 12:41:17,237 [INFO] Pass: Optimize1qGatesDecomposition - 0.13185 (ms)
2026-07-10 12:41:17,237 [INFO] Pass: CommutativeCancellation - 0.09537 (ms)
2026-07-10 12:41:17,237 [INFO] Pass: ContractIdleWiresInControlFlow - 0.00215 (ms)
2026-07-10 12:41:17,237 [INFO] Pass: GatesInBasis - 0.02837 (ms)
2026-07-10 12:41:17,237 [INFO] Pass: Depth - 0.02241 (ms)
2026-07-10 12:41:17,237 [INFO] Pass: FixedPoint - 0.00381 (ms)
2026-07-10 12:41:17,237 [INFO] Pass: Size - 0.00238 (ms)
2026-07-10 12:41:17,237 [INFO] Pass: FixedPoint - 0.00286 (ms)
2026-07-10 12:41:17,237 [INFO] Pass: RemoveIdentityEquivalent - 0.00477 (ms)
2026-07-10 12:41:17,237 [INFO] Pass: Optimize1qGatesDecomposition - 0.12183 (ms)
2026-07-10 12:41:17,238 [INFO] Pass: CommutativeCancellation - 0.08941 (ms)
2026-07-10 12:41:17,238 [INFO] Pass: ContractIdleWiresInControlFlow - 0.00215 (ms)
2026-07-10 12:41:17,238 [INFO] Pass: GatesInBasis - 0.02694 (ms)
2026-07-10 12:41:17,238 [INFO] Pass: Depth - 0.02098 (ms)
2026-07-10 12:41:17,238 [INFO] Pass: FixedPoint - 0.00310 (ms)
2026-07-10 12:41:17,238 [INFO] Pass: Size - 0.00215 (ms)
2026-07-10 12:41:17,238 [INFO] Pass: FixedPoint - 0.00262 (ms)
2026-07-10 12:41:17,238 [INFO] Pass: ContainsInstruction - 0.00572 (ms)
2026-07-10 12:41:17,238 [INFO] Total Transpile Time - 87.37183 (ms)
2026-07-10 12:56:34,146 [INFO] [PCE] n=150 instancia 23/100 completada en 0:00:15:17 — transcurrido=0:06:09:03 restante_estimado=0:20:35:30
2026-07-10 12:56:34,250 [INFO] Pass: ContainsInstruction - 0.01025 (ms)
2026-07-10 12:56:34,250 [INFO] Pass: UnitarySynthesis - 0.00691 (ms)
2026-07-10 12:56:34,250 [INFO] Pass: HighLevelSynthesis - 0.00978 (ms)
2026-07-10 12:56:34,250 [INFO] Pass: BasisTranslator - 0.06247 (ms)
2026-07-10 12:56:34,250 [INFO] Pass: ElidePermutations - 0.00525 (ms)
2026-07-10 12:56:34,250 [INFO] Pass: RemoveDiagonalGatesBeforeMeasure - 0.00882 (ms)
2026-07-10 12:56:34,250 [INFO] Pass: RemoveIdentityEquivalent - 0.00477 (ms)
2026-07-10 12:56:34,250 [INFO] Pass: InverseCancellation - 0.00525 (ms)
2026-07-10 12:56:34,250 [INFO] Pass: ContractIdleWiresInControlFlow - 0.00215 (ms)
2026-07-10 12:56:34,251 [INFO] Pass: CommutativeCancellation - 0.07415 (ms)
2026-07-10 12:56:34,251 [INFO] Pass: ConsolidateBlocks - 0.04649 (ms)
2026-07-10 12:56:34,251 [INFO] Pass: Split2QUnitaries - 0.00286 (ms)
2026-07-10 12:56:34,251 [INFO] Pass: UnitarySynthesis - 0.00501 (ms)
2026-07-10 12:56:34,251 [INFO] Pass: HighLevelSynthesis - 0.03457 (ms)
2026-07-10 12:56:34,251 [INFO] Pass: BasisTranslator - 0.07725 (ms)
2026-07-10 12:56:34,251 [INFO] Pass: ConsolidateBlocks - 0.05341 (ms)
2026-07-10 12:56:34,251 [INFO] Pass: UnitarySynthesis - 0.00429 (ms)
2026-07-10 12:56:34,251 [INFO] Pass: Depth - 0.02456 (ms)
2026-07-10 12:56:34,251 [INFO] Pass: FixedPoint - 0.00477 (ms)
2026-07-10 12:56:34,251 [INFO] Pass: Size - 0.00334 (ms)
2026-07-10 12:56:34,251 [INFO] Pass: FixedPoint - 0.00262 (ms)
2026-07-10 12:56:34,251 [INFO] Pass: RemoveIdentityEquivalent - 0.00334 (ms)
2026-07-10 12:56:34,251 [INFO] Pass: Optimize1qGatesDecomposition - 0.03767 (ms)
2026-07-10 12:56:34,251 [INFO] Pass: CommutativeCancellation - 0.09131 (ms)
2026-07-10 12:56:34,251 [INFO] Pass: ContractIdleWiresInControlFlow - 0.00191 (ms)
2026-07-10 12:56:34,251 [INFO] Pass: GatesInBasis - 0.02861 (ms)
2026-07-10 12:56:34,251 [INFO] Pass: Depth - 0.02432 (ms)
2026-07-10 12:56:34,251 [INFO] Pass: FixedPoint - 0.00334 (ms)
2026-07-10 12:56:34,251 [INFO] Pass: Size - 0.00191 (ms)
2026-07-10 12:56:34,251 [INFO] Pass: FixedPoint - 0.00262 (ms)
2026-07-10 12:56:34,251 [INFO] Pass: ContainsInstruction - 0.00525 (ms)
2026-07-10 12:56:34,252 [INFO] Total Transpile Time - 87.87346 (ms)
2026-07-10 12:56:34,336 [INFO] Pass: ContainsInstruction - 0.00930 (ms)
2026-07-10 12:56:34,336 [INFO] Pass: UnitarySynthesis - 0.00644 (ms)
2026-07-10 12:56:34,336 [INFO] Pass: HighLevelSynthesis - 0.00906 (ms)
2026-07-10 12:56:34,336 [INFO] Pass: BasisTranslator - 0.05579 (ms)
2026-07-10 12:56:34,336 [INFO] Pass: ElidePermutations - 0.00358 (ms)
2026-07-10 12:56:34,336 [INFO] Pass: RemoveDiagonalGatesBeforeMeasure - 0.00644 (ms)
2026-07-10 12:56:34,336 [INFO] Pass: RemoveIdentityEquivalent - 0.00477 (ms)
2026-07-10 12:56:34,336 [INFO] Pass: InverseCancellation - 0.02599 (ms)
2026-07-10 12:56:34,336 [INFO] Pass: ContractIdleWiresInControlFlow - 0.00191 (ms)
2026-07-10 12:56:34,336 [INFO] Pass: CommutativeCancellation - 0.07915 (ms)
2026-07-10 12:56:34,337 [INFO] Pass: ConsolidateBlocks - 0.04387 (ms)
2026-07-10 12:56:34,337 [INFO] Pass: Split2QUnitaries - 0.00238 (ms)
2026-07-10 12:56:34,337 [INFO] Pass: UnitarySynthesis - 0.00477 (ms)
2026-07-10 12:56:34,337 [INFO] Pass: HighLevelSynthesis - 0.03362 (ms)
2026-07-10 12:56:34,337 [INFO] Pass: BasisTranslator - 0.07725 (ms)
2026-07-10 12:56:34,337 [INFO] Pass: ConsolidateBlocks - 0.05341 (ms)
2026-07-10 12:56:34,337 [INFO] Pass: UnitarySynthesis - 0.00429 (ms)
2026-07-10 12:56:34,337 [INFO] Pass: Depth - 0.02337 (ms)
2026-07-10 12:56:34,337 [INFO] Pass: FixedPoint - 0.00429 (ms)
2026-07-10 12:56:34,337 [INFO] Pass: Size - 0.00286 (ms)
2026-07-10 12:56:34,337 [INFO] Pass: FixedPoint - 0.00262 (ms)
2026-07-10 12:56:34,337 [INFO] Pass: RemoveIdentityEquivalent - 0.00405 (ms)
2026-07-10 12:56:34,337 [INFO] Pass: Optimize1qGatesDecomposition - 0.13065 (ms)
2026-07-10 12:56:34,337 [INFO] Pass: CommutativeCancellation - 0.09966 (ms)
2026-07-10 12:56:34,337 [INFO] Pass: ContractIdleWiresInControlFlow - 0.00167 (ms)
2026-07-10 12:56:34,337 [INFO] Pass: GatesInBasis - 0.03576 (ms)
2026-07-10 12:56:34,337 [INFO] Pass: Depth - 0.02193 (ms)
2026-07-10 12:56:34,337 [INFO] Pass: FixedPoint - 0.00358 (ms)
2026-07-10 12:56:34,338 [INFO] Pass: Size - 0.00191 (ms)
2026-07-10 12:56:34,338 [INFO] Pass: FixedPoint - 0.00262 (ms)
2026-07-10 12:56:34,338 [INFO] Pass: ContainsInstruction - 0.00501 (ms)
2026-07-10 12:56:34,338 [INFO] Total Transpile Time - 85.69860 (ms)
2026-07-10 12:56:34,423 [INFO] Pass: ContainsInstruction - 0.00930 (ms)
2026-07-10 12:56:34,423 [INFO] Pass: UnitarySynthesis - 0.00620 (ms)
2026-07-10 12:56:34,423 [INFO] Pass: HighLevelSynthesis - 0.00882 (ms)
2026-07-10 12:56:34,423 [INFO] Pass: BasisTranslator - 0.05364 (ms)
2026-07-10 12:56:34,423 [INFO] Pass: ElidePermutations - 0.00310 (ms)
2026-07-10 12:56:34,423 [INFO] Pass: RemoveDiagonalGatesBeforeMeasure - 0.00548 (ms)
2026-07-10 12:56:34,423 [INFO] Pass: RemoveIdentityEquivalent - 0.00501 (ms)
2026-07-10 12:56:34,423 [INFO] Pass: InverseCancellation - 0.02313 (ms)
2026-07-10 12:56:34,423 [INFO] Pass: ContractIdleWiresInControlFlow - 0.00191 (ms)
2026-07-10 12:56:34,423 [INFO] Pass: CommutativeCancellation - 0.07391 (ms)
2026-07-10 12:56:34,423 [INFO] Pass: ConsolidateBlocks - 0.04339 (ms)
2026-07-10 12:56:34,423 [INFO] Pass: Split2QUnitaries - 0.00215 (ms)
2026-07-10 12:56:34,423 [INFO] Pass: UnitarySynthesis - 0.00548 (ms)
2026-07-10 12:56:34,423 [INFO] Pass: HighLevelSynthesis - 0.03409 (ms)
2026-07-10 12:56:34,423 [INFO] Pass: BasisTranslator - 0.07844 (ms)
2026-07-10 12:56:34,423 [INFO] Pass: ConsolidateBlocks - 0.05341 (ms)
2026-07-10 12:56:34,423 [INFO] Pass: UnitarySynthesis - 0.00525 (ms)
2026-07-10 12:56:34,423 [INFO] Pass: Depth - 0.02527 (ms)
2026-07-10 12:56:34,423 [INFO] Pass: FixedPoint - 0.00453 (ms)
2026-07-10 12:56:34,424 [INFO] Pass: Size - 0.00262 (ms)
2026-07-10 12:56:34,424 [INFO] Pass: FixedPoint - 0.00286 (ms)
2026-07-10 12:56:34,424 [INFO] Pass: RemoveIdentityEquivalent - 0.00477 (ms)
2026-07-10 12:56:34,424 [INFO] Pass: Optimize1qGatesDecomposition - 0.14281 (ms)
2026-07-10 12:56:34,424 [INFO] Pass: CommutativeCancellation - 0.09036 (ms)
2026-07-10 12:56:34,424 [INFO] Pass: ContractIdleWiresInControlFlow - 0.00191 (ms)
2026-07-10 12:56:34,424 [INFO] Pass: GatesInBasis - 0.02861 (ms)
2026-07-10 12:56:34,424 [INFO] Pass: Depth - 0.02217 (ms)
2026-07-10 12:56:34,424 [INFO] Pass: FixedPoint - 0.00358 (ms)
2026-07-10 12:56:34,424 [INFO] Pass: Size - 0.00191 (ms)
2026-07-10 12:56:34,424 [INFO] Pass: FixedPoint - 0.00286 (ms)
2026-07-10 12:56:34,424 [INFO] Pass: RemoveIdentityEquivalent - 0.00429 (ms)
2026-07-10 12:56:34,424 [INFO] Pass: Optimize1qGatesDecomposition - 0.11969 (ms)
2026-07-10 12:56:34,424 [INFO] Pass: CommutativeCancellation - 0.08321 (ms)
2026-07-10 12:56:34,424 [INFO] Pass: ContractIdleWiresInControlFlow - 0.00191 (ms)
2026-07-10 12:56:34,424 [INFO] Pass: GatesInBasis - 0.03481 (ms)
2026-07-10 12:56:34,424 [INFO] Pass: Depth - 0.02146 (ms)
2026-07-10 12:56:34,424 [INFO] Pass: FixedPoint - 0.00334 (ms)
2026-07-10 12:56:34,425 [INFO] Pass: Size - 0.00191 (ms)
2026-07-10 12:56:34,425 [INFO] Pass: FixedPoint - 0.00238 (ms)
2026-07-10 12:56:34,425 [INFO] Pass: ContainsInstruction - 0.00572 (ms)
2026-07-10 12:56:34,425 [INFO] Total Transpile Time - 86.67541 (ms)
2026-07-10 13:13:03,582 [INFO] [PCE] n=150 instancia 24/100 completada en 0:00:16:29 — transcurrido=0:06:25:32 restante_estimado=0:20:20:52
2026-07-10 13:13:03,684 [INFO] Pass: ContainsInstruction - 0.01144 (ms)
2026-07-10 13:13:03,685 [INFO] Pass: UnitarySynthesis - 0.00691 (ms)
2026-07-10 13:13:03,685 [INFO] Pass: HighLevelSynthesis - 0.01049 (ms)
2026-07-10 13:13:03,685 [INFO] Pass: BasisTranslator - 0.05913 (ms)
2026-07-10 13:13:03,685 [INFO] Pass: ElidePermutations - 0.00453 (ms)
2026-07-10 13:13:03,685 [INFO] Pass: RemoveDiagonalGatesBeforeMeasure - 0.00787 (ms)
2026-07-10 13:13:03,685 [INFO] Pass: RemoveIdentityEquivalent - 0.00405 (ms)
2026-07-10 13:13:03,685 [INFO] Pass: InverseCancellation - 0.00548 (ms)
2026-07-10 13:13:03,685 [INFO] Pass: ContractIdleWiresInControlFlow - 0.00191 (ms)
2026-07-10 13:13:03,685 [INFO] Pass: CommutativeCancellation - 0.07558 (ms)
2026-07-10 13:13:03,685 [INFO] Pass: ConsolidateBlocks - 0.04697 (ms)
2026-07-10 13:13:03,685 [INFO] Pass: Split2QUnitaries - 0.00262 (ms)
2026-07-10 13:13:03,685 [INFO] Pass: UnitarySynthesis - 0.00477 (ms)
2026-07-10 13:13:03,685 [INFO] Pass: HighLevelSynthesis - 0.03433 (ms)
2026-07-10 13:13:03,685 [INFO] Pass: BasisTranslator - 0.07200 (ms)
2026-07-10 13:13:03,685 [INFO] Pass: ConsolidateBlocks - 0.05269 (ms)
2026-07-10 13:13:03,685 [INFO] Pass: UnitarySynthesis - 0.00429 (ms)
2026-07-10 13:13:03,685 [INFO] Pass: Depth - 0.02599 (ms)
2026-07-10 13:13:03,685 [INFO] Pass: FixedPoint - 0.00477 (ms)
2026-07-10 13:13:03,685 [INFO] Pass: Size - 0.00381 (ms)
2026-07-10 13:13:03,685 [INFO] Pass: FixedPoint - 0.00262 (ms)
2026-07-10 13:13:03,685 [INFO] Pass: RemoveIdentityEquivalent - 0.00358 (ms)
2026-07-10 13:13:03,686 [INFO] Pass: Optimize1qGatesDecomposition - 0.03624 (ms)
2026-07-10 13:13:03,686 [INFO] Pass: CommutativeCancellation - 0.08917 (ms)
2026-07-10 13:13:03,686 [INFO] Pass: ContractIdleWiresInControlFlow - 0.00191 (ms)
2026-07-10 13:13:03,686 [INFO] Pass: GatesInBasis - 0.02909 (ms)
2026-07-10 13:13:03,686 [INFO] Pass: Depth - 0.02575 (ms)
2026-07-10 13:13:03,686 [INFO] Pass: FixedPoint - 0.00334 (ms)
2026-07-10 13:13:03,686 [INFO] Pass: Size - 0.00215 (ms)
2026-07-10 13:13:03,686 [INFO] Pass: FixedPoint - 0.00286 (ms)
2026-07-10 13:13:03,686 [INFO] Pass: ContainsInstruction - 0.00501 (ms)
2026-07-10 13:13:03,686 [INFO] Total Transpile Time - 86.51114 (ms)
2026-07-10 13:13:03,770 [INFO] Pass: ContainsInstruction - 0.01025 (ms)
2026-07-10 13:13:03,770 [INFO] Pass: UnitarySynthesis - 0.00596 (ms)
2026-07-10 13:13:03,770 [INFO] Pass: HighLevelSynthesis - 0.00954 (ms)
2026-07-10 13:13:03,770 [INFO] Pass: BasisTranslator - 0.05293 (ms)
2026-07-10 13:13:03,770 [INFO] Pass: ElidePermutations - 0.00358 (ms)
2026-07-10 13:13:03,771 [INFO] Pass: RemoveDiagonalGatesBeforeMeasure - 0.00715 (ms)
2026-07-10 13:13:03,771 [INFO] Pass: RemoveIdentityEquivalent - 0.00501 (ms)
2026-07-10 13:13:03,771 [INFO] Pass: InverseCancellation - 0.02456 (ms)
2026-07-10 13:13:03,771 [INFO] Pass: ContractIdleWiresInControlFlow - 0.00238 (ms)
2026-07-10 13:13:03,771 [INFO] Pass: CommutativeCancellation - 0.07915 (ms)
2026-07-10 13:13:03,771 [INFO] Pass: ConsolidateBlocks - 0.04387 (ms)
2026-07-10 13:13:03,771 [INFO] Pass: Split2QUnitaries - 0.00262 (ms)
2026-07-10 13:13:03,771 [INFO] Pass: UnitarySynthesis - 0.00477 (ms)
2026-07-10 13:13:03,771 [INFO] Pass: HighLevelSynthesis - 0.03409 (ms)
2026-07-10 13:13:03,771 [INFO] Pass: BasisTranslator - 0.07296 (ms)
2026-07-10 13:13:03,771 [INFO] Pass: ConsolidateBlocks - 0.05198 (ms)
2026-07-10 13:13:03,771 [INFO] Pass: UnitarySynthesis - 0.00429 (ms)
2026-07-10 13:13:03,771 [INFO] Pass: Depth - 0.02575 (ms)
2026-07-10 13:13:03,771 [INFO] Pass: FixedPoint - 0.00405 (ms)
2026-07-10 13:13:03,771 [INFO] Pass: Size - 0.00286 (ms)
2026-07-10 13:13:03,771 [INFO] Pass: FixedPoint - 0.00262 (ms)
2026-07-10 13:13:03,771 [INFO] Pass: RemoveIdentityEquivalent - 0.00453 (ms)
2026-07-10 13:13:03,771 [INFO] Pass: Optimize1qGatesDecomposition - 0.13494 (ms)
2026-07-10 13:13:03,772 [INFO] Pass: CommutativeCancellation - 0.09751 (ms)
2026-07-10 13:13:03,772 [INFO] Pass: ContractIdleWiresInControlFlow - 0.00215 (ms)
2026-07-10 13:13:03,772 [INFO] Pass: GatesInBasis - 0.02813 (ms)
2026-07-10 13:13:03,772 [INFO] Pass: Depth - 0.02599 (ms)
2026-07-10 13:13:03,772 [INFO] Pass: FixedPoint - 0.00381 (ms)
2026-07-10 13:13:03,772 [INFO] Pass: Size - 0.00238 (ms)
2026-07-10 13:13:03,772 [INFO] Pass: FixedPoint - 0.00286 (ms)
2026-07-10 13:13:03,772 [INFO] Pass: ContainsInstruction - 0.00501 (ms)
2026-07-10 13:13:03,772 [INFO] Total Transpile Time - 85.47115 (ms)
2026-07-10 13:13:03,856 [INFO] Pass: ContainsInstruction - 0.00954 (ms)
2026-07-10 13:13:03,856 [INFO] Pass: UnitarySynthesis - 0.00620 (ms)
2026-07-10 13:13:03,856 [INFO] Pass: HighLevelSynthesis - 0.00930 (ms)
2026-07-10 13:13:03,856 [INFO] Pass: BasisTranslator - 0.05054 (ms)
2026-07-10 13:13:03,857 [INFO] Pass: ElidePermutations - 0.00334 (ms)
2026-07-10 13:13:03,857 [INFO] Pass: RemoveDiagonalGatesBeforeMeasure - 0.00644 (ms)
2026-07-10 13:13:03,857 [INFO] Pass: RemoveIdentityEquivalent - 0.00525 (ms)
2026-07-10 13:13:03,857 [INFO] Pass: InverseCancellation - 0.02360 (ms)
2026-07-10 13:13:03,857 [INFO] Pass: ContractIdleWiresInControlFlow - 0.00191 (ms)
2026-07-10 13:13:03,857 [INFO] Pass: CommutativeCancellation - 0.07296 (ms)
2026-07-10 13:13:03,857 [INFO] Pass: ConsolidateBlocks - 0.04268 (ms)
2026-07-10 13:13:03,857 [INFO] Pass: Split2QUnitaries - 0.00262 (ms)
2026-07-10 13:13:03,857 [INFO] Pass: UnitarySynthesis - 0.00572 (ms)
2026-07-10 13:13:03,857 [INFO] Pass: HighLevelSynthesis - 0.03457 (ms)
2026-07-10 13:13:03,857 [INFO] Pass: BasisTranslator - 0.07248 (ms)
2026-07-10 13:13:03,857 [INFO] Pass: ConsolidateBlocks - 0.05174 (ms)
2026-07-10 13:13:03,857 [INFO] Pass: UnitarySynthesis - 0.00548 (ms)
2026-07-10 13:13:03,857 [INFO] Pass: Depth - 0.02432 (ms)
2026-07-10 13:13:03,857 [INFO] Pass: FixedPoint - 0.00381 (ms)
2026-07-10 13:13:03,857 [INFO] Pass: Size - 0.00262 (ms)
2026-07-10 13:13:03,857 [INFO] Pass: FixedPoint - 0.00286 (ms)
2026-07-10 13:13:03,857 [INFO] Pass: RemoveIdentityEquivalent - 0.00501 (ms)
2026-07-10 13:13:03,857 [INFO] Pass: Optimize1qGatesDecomposition - 0.14091 (ms)
2026-07-10 13:13:03,858 [INFO] Pass: CommutativeCancellation - 0.09179 (ms)
2026-07-10 13:13:03,858 [INFO] Pass: ContractIdleWiresInControlFlow - 0.00215 (ms)
2026-07-10 13:13:03,858 [INFO] Pass: GatesInBasis - 0.02742 (ms)
2026-07-10 13:13:03,858 [INFO] Pass: Depth - 0.02313 (ms)
2026-07-10 13:13:03,858 [INFO] Pass: FixedPoint - 0.00381 (ms)
2026-07-10 13:13:03,858 [INFO] Pass: Size - 0.00215 (ms)
2026-07-10 13:13:03,858 [INFO] Pass: FixedPoint - 0.00286 (ms)
2026-07-10 13:13:03,858 [INFO] Pass: RemoveIdentityEquivalent - 0.00429 (ms)
2026-07-10 13:13:03,858 [INFO] Pass: Optimize1qGatesDecomposition - 0.11349 (ms)
2026-07-10 13:13:03,858 [INFO] Pass: CommutativeCancellation - 0.08464 (ms)
2026-07-10 13:13:03,858 [INFO] Pass: ContractIdleWiresInControlFlow - 0.00143 (ms)
2026-07-10 13:13:03,858 [INFO] Pass: GatesInBasis - 0.02670 (ms)
2026-07-10 13:13:03,858 [INFO] Pass: Depth - 0.02170 (ms)
2026-07-10 13:13:03,858 [INFO] Pass: FixedPoint - 0.00286 (ms)
2026-07-10 13:13:03,858 [INFO] Pass: Size - 0.00167 (ms)
2026-07-10 13:13:03,858 [INFO] Pass: FixedPoint - 0.00215 (ms)
2026-07-10 13:13:03,858 [INFO] Pass: ContainsInstruction - 0.00525 (ms)
2026-07-10 13:13:03,859 [INFO] Total Transpile Time - 86.14850 (ms)
2026-07-10 13:29:53,314 [INFO] [PCE] n=150 instancia 25/100 completada en 0:00:16:50 — transcurrido=0:06:42:22 restante_estimado=0:20:07:06
2026-07-10 13:29:53,419 [INFO] Pass: ContainsInstruction - 0.01049 (ms)
2026-07-10 13:29:53,419 [INFO] Pass: UnitarySynthesis - 0.00691 (ms)
2026-07-10 13:29:53,419 [INFO] Pass: HighLevelSynthesis - 0.01001 (ms)
2026-07-10 13:29:53,419 [INFO] Pass: BasisTranslator - 0.05817 (ms)
2026-07-10 13:29:53,419 [INFO] Pass: ElidePermutations - 0.00501 (ms)
2026-07-10 13:29:53,419 [INFO] Pass: RemoveDiagonalGatesBeforeMeasure - 0.00787 (ms)
2026-07-10 13:29:53,419 [INFO] Pass: RemoveIdentityEquivalent - 0.00405 (ms)
2026-07-10 13:29:53,419 [INFO] Pass: InverseCancellation - 0.00477 (ms)
2026-07-10 13:29:53,419 [INFO] Pass: ContractIdleWiresInControlFlow - 0.00215 (ms)
2026-07-10 13:29:53,419 [INFO] Pass: CommutativeCancellation - 0.07129 (ms)
2026-07-10 13:29:53,419 [INFO] Pass: ConsolidateBlocks - 0.05460 (ms)
2026-07-10 13:29:53,419 [INFO] Pass: Split2QUnitaries - 0.00310 (ms)
2026-07-10 13:29:53,419 [INFO] Pass: UnitarySynthesis - 0.00525 (ms)
2026-07-10 13:29:53,420 [INFO] Pass: HighLevelSynthesis - 0.03386 (ms)
2026-07-10 13:29:53,420 [INFO] Pass: BasisTranslator - 0.07439 (ms)
2026-07-10 13:29:53,420 [INFO] Pass: ConsolidateBlocks - 0.05317 (ms)
2026-07-10 13:29:53,420 [INFO] Pass: UnitarySynthesis - 0.00501 (ms)
2026-07-10 13:29:53,420 [INFO] Pass: Depth - 0.02623 (ms)
2026-07-10 13:29:53,420 [INFO] Pass: FixedPoint - 0.00453 (ms)
2026-07-10 13:29:53,420 [INFO] Pass: Size - 0.00334 (ms)
2026-07-10 13:29:53,420 [INFO] Pass: FixedPoint - 0.00238 (ms)
2026-07-10 13:29:53,420 [INFO] Pass: RemoveIdentityEquivalent - 0.00381 (ms)
2026-07-10 13:29:53,420 [INFO] Pass: Optimize1qGatesDecomposition - 0.03600 (ms)
2026-07-10 13:29:53,420 [INFO] Pass: CommutativeCancellation - 0.09227 (ms)
2026-07-10 13:29:53,420 [INFO] Pass: ContractIdleWiresInControlFlow - 0.00215 (ms)
2026-07-10 13:29:53,420 [INFO] Pass: GatesInBasis - 0.02861 (ms)
2026-07-10 13:29:53,420 [INFO] Pass: Depth - 0.02265 (ms)
2026-07-10 13:29:53,420 [INFO] Pass: FixedPoint - 0.00358 (ms)
2026-07-10 13:29:53,420 [INFO] Pass: Size - 0.00215 (ms)
2026-07-10 13:29:53,420 [INFO] Pass: FixedPoint - 0.00286 (ms)
2026-07-10 13:29:53,420 [INFO] Pass: ContainsInstruction - 0.00525 (ms)
2026-07-10 13:29:53,421 [INFO] Total Transpile Time - 88.84144 (ms)
2026-07-10 13:29:53,506 [INFO] Pass: ContainsInstruction - 0.00978 (ms)
2026-07-10 13:29:53,506 [INFO] Pass: UnitarySynthesis - 0.00691 (ms)
2026-07-10 13:29:53,506 [INFO] Pass: HighLevelSynthesis - 0.00954 (ms)
2026-07-10 13:29:53,506 [INFO] Pass: BasisTranslator - 0.05245 (ms)
2026-07-10 13:29:53,506 [INFO] Pass: ElidePermutations - 0.00358 (ms)
2026-07-10 13:29:53,506 [INFO] Pass: RemoveDiagonalGatesBeforeMeasure - 0.00739 (ms)
2026-07-10 13:29:53,506 [INFO] Pass: RemoveIdentityEquivalent - 0.00572 (ms)
2026-07-10 13:29:53,506 [INFO] Pass: InverseCancellation - 0.02408 (ms)
2026-07-10 13:29:53,506 [INFO] Pass: ContractIdleWiresInControlFlow - 0.00167 (ms)
2026-07-10 13:29:53,506 [INFO] Pass: CommutativeCancellation - 0.07772 (ms)
2026-07-10 13:29:53,506 [INFO] Pass: ConsolidateBlocks - 0.04339 (ms)
2026-07-10 13:29:53,506 [INFO] Pass: Split2QUnitaries - 0.00262 (ms)
2026-07-10 13:29:53,506 [INFO] Pass: UnitarySynthesis - 0.00525 (ms)
2026-07-10 13:29:53,506 [INFO] Pass: HighLevelSynthesis - 0.03386 (ms)
2026-07-10 13:29:53,506 [INFO] Pass: BasisTranslator - 0.07296 (ms)
2026-07-10 13:29:53,506 [INFO] Pass: ConsolidateBlocks - 0.05913 (ms)
2026-07-10 13:29:53,506 [INFO] Pass: UnitarySynthesis - 0.00453 (ms)
2026-07-10 13:29:53,506 [INFO] Pass: Depth - 0.02503 (ms)
2026-07-10 13:29:53,507 [INFO] Pass: FixedPoint - 0.00429 (ms)
2026-07-10 13:29:53,507 [INFO] Pass: Size - 0.00262 (ms)
2026-07-10 13:29:53,507 [INFO] Pass: FixedPoint - 0.00286 (ms)
2026-07-10 13:29:53,507 [INFO] Pass: RemoveIdentityEquivalent - 0.00429 (ms)
2026-07-10 13:29:53,507 [INFO] Pass: Optimize1qGatesDecomposition - 0.12279 (ms)
2026-07-10 13:29:53,507 [INFO] Pass: CommutativeCancellation - 0.09704 (ms)
2026-07-10 13:29:53,507 [INFO] Pass: ContractIdleWiresInControlFlow - 0.00167 (ms)
2026-07-10 13:29:53,507 [INFO] Pass: GatesInBasis - 0.02885 (ms)
2026-07-10 13:29:53,507 [INFO] Pass: Depth - 0.02170 (ms)
2026-07-10 13:29:53,507 [INFO] Pass: FixedPoint - 0.00358 (ms)
2026-07-10 13:29:53,507 [INFO] Pass: Size - 0.00215 (ms)
2026-07-10 13:29:53,507 [INFO] Pass: FixedPoint - 0.00286 (ms)
2026-07-10 13:29:53,507 [INFO] Pass: ContainsInstruction - 0.00501 (ms)
2026-07-10 13:29:53,507 [INFO] Total Transpile Time - 86.39503 (ms)
2026-07-10 13:29:53,592 [INFO] Pass: ContainsInstruction - 0.00930 (ms)
2026-07-10 13:29:53,593 [INFO] Pass: UnitarySynthesis - 0.00644 (ms)
2026-07-10 13:29:53,593 [INFO] Pass: HighLevelSynthesis - 0.00882 (ms)
2026-07-10 13:29:53,593 [INFO] Pass: BasisTranslator - 0.05174 (ms)
2026-07-10 13:29:53,593 [INFO] Pass: ElidePermutations - 0.00310 (ms)
2026-07-10 13:29:53,593 [INFO] Pass: RemoveDiagonalGatesBeforeMeasure - 0.00644 (ms)
2026-07-10 13:29:53,593 [INFO] Pass: RemoveIdentityEquivalent - 0.00477 (ms)
2026-07-10 13:29:53,593 [INFO] Pass: InverseCancellation - 0.02289 (ms)
2026-07-10 13:29:53,593 [INFO] Pass: ContractIdleWiresInControlFlow - 0.00215 (ms)
2026-07-10 13:29:53,593 [INFO] Pass: CommutativeCancellation - 0.07081 (ms)
2026-07-10 13:29:53,593 [INFO] Pass: ConsolidateBlocks - 0.04339 (ms)
2026-07-10 13:29:53,593 [INFO] Pass: Split2QUnitaries - 0.00215 (ms)
2026-07-10 13:29:53,593 [INFO] Pass: UnitarySynthesis - 0.00525 (ms)
2026-07-10 13:29:53,593 [INFO] Pass: HighLevelSynthesis - 0.03433 (ms)
2026-07-10 13:29:53,593 [INFO] Pass: BasisTranslator - 0.07272 (ms)
2026-07-10 13:29:53,593 [INFO] Pass: ConsolidateBlocks - 0.05198 (ms)
2026-07-10 13:29:53,593 [INFO] Pass: UnitarySynthesis - 0.00477 (ms)
2026-07-10 13:29:53,593 [INFO] Pass: Depth - 0.03147 (ms)
2026-07-10 13:29:53,593 [INFO] Pass: FixedPoint - 0.00429 (ms)
2026-07-10 13:29:53,593 [INFO] Pass: Size - 0.00286 (ms)
2026-07-10 13:29:53,593 [INFO] Pass: FixedPoint - 0.00262 (ms)
2026-07-10 13:29:53,593 [INFO] Pass: RemoveIdentityEquivalent - 0.00477 (ms)
2026-07-10 13:29:53,594 [INFO] Pass: Optimize1qGatesDecomposition - 0.13041 (ms)
2026-07-10 13:29:53,594 [INFO] Pass: CommutativeCancellation - 0.08655 (ms)
2026-07-10 13:29:53,594 [INFO] Pass: ContractIdleWiresInControlFlow - 0.00215 (ms)
2026-07-10 13:29:53,594 [INFO] Pass: GatesInBasis - 0.02837 (ms)
2026-07-10 13:29:53,594 [INFO] Pass: Depth - 0.02241 (ms)
2026-07-10 13:29:53,594 [INFO] Pass: FixedPoint - 0.00358 (ms)
2026-07-10 13:29:53,594 [INFO] Pass: Size - 0.00238 (ms)
2026-07-10 13:29:53,594 [INFO] Pass: FixedPoint - 0.00310 (ms)
2026-07-10 13:29:53,594 [INFO] Pass: RemoveIdentityEquivalent - 0.00477 (ms)
2026-07-10 13:29:53,594 [INFO] Pass: Optimize1qGatesDecomposition - 0.11516 (ms)
2026-07-10 13:29:53,594 [INFO] Pass: CommutativeCancellation - 0.08106 (ms)
2026-07-10 13:29:53,594 [INFO] Pass: ContractIdleWiresInControlFlow - 0.00191 (ms)
2026-07-10 13:29:53,594 [INFO] Pass: GatesInBasis - 0.02694 (ms)
2026-07-10 13:29:53,594 [INFO] Pass: Depth - 0.02122 (ms)
2026-07-10 13:29:53,594 [INFO] Pass: FixedPoint - 0.00334 (ms)
2026-07-10 13:29:53,594 [INFO] Pass: Size - 0.00215 (ms)
2026-07-10 13:29:53,594 [INFO] Pass: FixedPoint - 0.00262 (ms)
2026-07-10 13:29:53,594 [INFO] Pass: ContainsInstruction - 0.00572 (ms)
2026-07-10 13:29:53,595 [INFO] Total Transpile Time - 87.01873 (ms)
2026-07-10 13:47:58,817 [INFO] [PCE] n=150 instancia 26/100 completada en 0:00:18:06 — transcurrido=0:07:00:27 restante_estimado=0:19:56:41
2026-07-10 13:47:58,922 [INFO] Pass: ContainsInstruction - 0.01144 (ms)
2026-07-10 13:47:58,922 [INFO] Pass: UnitarySynthesis - 0.00691 (ms)
2026-07-10 13:47:58,923 [INFO] Pass: HighLevelSynthesis - 0.01144 (ms)
2026-07-10 13:47:58,923 [INFO] Pass: BasisTranslator - 0.06127 (ms)
2026-07-10 13:47:58,923 [INFO] Pass: ElidePermutations - 0.00501 (ms)
2026-07-10 13:47:58,923 [INFO] Pass: RemoveDiagonalGatesBeforeMeasure - 0.00834 (ms)
2026-07-10 13:47:58,923 [INFO] Pass: RemoveIdentityEquivalent - 0.00381 (ms)
2026-07-10 13:47:58,923 [INFO] Pass: InverseCancellation - 0.00477 (ms)
2026-07-10 13:47:58,923 [INFO] Pass: ContractIdleWiresInControlFlow - 0.00191 (ms)
2026-07-10 13:47:58,923 [INFO] Pass: CommutativeCancellation - 0.07844 (ms)
2026-07-10 13:47:58,923 [INFO] Pass: ConsolidateBlocks - 0.04601 (ms)
2026-07-10 13:47:58,923 [INFO] Pass: Split2QUnitaries - 0.00286 (ms)
2026-07-10 13:47:58,923 [INFO] Pass: UnitarySynthesis - 0.00453 (ms)
2026-07-10 13:47:58,923 [INFO] Pass: HighLevelSynthesis - 0.03409 (ms)
2026-07-10 13:47:58,923 [INFO] Pass: BasisTranslator - 0.07415 (ms)
2026-07-10 13:47:58,923 [INFO] Pass: ConsolidateBlocks - 0.05198 (ms)
2026-07-10 13:47:58,923 [INFO] Pass: UnitarySynthesis - 0.00477 (ms)
2026-07-10 13:47:58,923 [INFO] Pass: Depth - 0.02789 (ms)
2026-07-10 13:47:58,923 [INFO] Pass: FixedPoint - 0.00453 (ms)
2026-07-10 13:47:58,923 [INFO] Pass: Size - 0.00310 (ms)
2026-07-10 13:47:58,923 [INFO] Pass: FixedPoint - 0.00286 (ms)
2026-07-10 13:47:58,923 [INFO] Pass: RemoveIdentityEquivalent - 0.00310 (ms)
2026-07-10 13:47:58,923 [INFO] Pass: Optimize1qGatesDecomposition - 0.03576 (ms)
2026-07-10 13:47:58,924 [INFO] Pass: CommutativeCancellation - 0.09179 (ms)
2026-07-10 13:47:58,924 [INFO] Pass: ContractIdleWiresInControlFlow - 0.00191 (ms)
2026-07-10 13:47:58,924 [INFO] Pass: GatesInBasis - 0.02933 (ms)
2026-07-10 13:47:58,924 [INFO] Pass: Depth - 0.02384 (ms)
2026-07-10 13:47:58,924 [INFO] Pass: FixedPoint - 0.00358 (ms)
2026-07-10 13:47:58,924 [INFO] Pass: Size - 0.00238 (ms)
2026-07-10 13:47:58,924 [INFO] Pass: FixedPoint - 0.00262 (ms)
2026-07-10 13:47:58,924 [INFO] Pass: ContainsInstruction - 0.00501 (ms)
2026-07-10 13:47:58,924 [INFO] Total Transpile Time - 87.39686 (ms)
2026-07-10 13:47:59,009 [INFO] Pass: ContainsInstruction - 0.00954 (ms)
2026-07-10 13:47:59,009 [INFO] Pass: UnitarySynthesis - 0.00572 (ms)
2026-07-10 13:47:59,009 [INFO] Pass: HighLevelSynthesis - 0.00858 (ms)
2026-07-10 13:47:59,009 [INFO] Pass: BasisTranslator - 0.05388 (ms)
2026-07-10 13:47:59,009 [INFO] Pass: ElidePermutations - 0.00358 (ms)
2026-07-10 13:47:59,009 [INFO] Pass: RemoveDiagonalGatesBeforeMeasure - 0.00691 (ms)
2026-07-10 13:47:59,009 [INFO] Pass: RemoveIdentityEquivalent - 0.00525 (ms)
2026-07-10 13:47:59,009 [INFO] Pass: InverseCancellation - 0.02456 (ms)
2026-07-10 13:47:59,009 [INFO] Pass: ContractIdleWiresInControlFlow - 0.00191 (ms)
2026-07-10 13:47:59,009 [INFO] Pass: CommutativeCancellation - 0.07486 (ms)
2026-07-10 13:47:59,009 [INFO] Pass: ConsolidateBlocks - 0.05054 (ms)
2026-07-10 13:47:59,009 [INFO] Pass: Split2QUnitaries - 0.00310 (ms)
2026-07-10 13:47:59,009 [INFO] Pass: UnitarySynthesis - 0.00501 (ms)
2026-07-10 13:47:59,010 [INFO] Pass: HighLevelSynthesis - 0.03386 (ms)
2026-07-10 13:47:59,010 [INFO] Pass: BasisTranslator - 0.07343 (ms)
2026-07-10 13:47:59,010 [INFO] Pass: ConsolidateBlocks - 0.05150 (ms)
2026-07-10 13:47:59,010 [INFO] Pass: UnitarySynthesis - 0.00453 (ms)
2026-07-10 13:47:59,010 [INFO] Pass: Depth - 0.02980 (ms)
2026-07-10 13:47:59,010 [INFO] Pass: FixedPoint - 0.00429 (ms)
2026-07-10 13:47:59,010 [INFO] Pass: Size - 0.00310 (ms)
2026-07-10 13:47:59,010 [INFO] Pass: FixedPoint - 0.00286 (ms)
2026-07-10 13:47:59,010 [INFO] Pass: RemoveIdentityEquivalent - 0.00501 (ms)
2026-07-10 13:47:59,010 [INFO] Pass: Optimize1qGatesDecomposition - 0.12946 (ms)
2026-07-10 13:47:59,010 [INFO] Pass: CommutativeCancellation - 0.09751 (ms)
2026-07-10 13:47:59,010 [INFO] Pass: ContractIdleWiresInControlFlow - 0.00191 (ms)
2026-07-10 13:47:59,010 [INFO] Pass: GatesInBasis - 0.02789 (ms)
2026-07-10 13:47:59,010 [INFO] Pass: Depth - 0.02861 (ms)
2026-07-10 13:47:59,010 [INFO] Pass: FixedPoint - 0.00381 (ms)
2026-07-10 13:47:59,010 [INFO] Pass: Size - 0.00238 (ms)
2026-07-10 13:47:59,010 [INFO] Pass: FixedPoint - 0.00286 (ms)
2026-07-10 13:47:59,010 [INFO] Pass: ContainsInstruction - 0.01168 (ms)
2026-07-10 13:47:59,011 [INFO] Total Transpile Time - 86.18546 (ms)
2026-07-10 13:47:59,096 [INFO] Pass: ContainsInstruction - 0.00954 (ms)
2026-07-10 13:47:59,096 [INFO] Pass: UnitarySynthesis - 0.00596 (ms)
2026-07-10 13:47:59,096 [INFO] Pass: HighLevelSynthesis - 0.00882 (ms)
2026-07-10 13:47:59,096 [INFO] Pass: BasisTranslator - 0.05174 (ms)
2026-07-10 13:47:59,096 [INFO] Pass: ElidePermutations - 0.00334 (ms)
2026-07-10 13:47:59,096 [INFO] Pass: RemoveDiagonalGatesBeforeMeasure - 0.00668 (ms)
2026-07-10 13:47:59,096 [INFO] Pass: RemoveIdentityEquivalent - 0.00525 (ms)
2026-07-10 13:47:59,096 [INFO] Pass: InverseCancellation - 0.02432 (ms)
2026-07-10 13:47:59,096 [INFO] Pass: ContractIdleWiresInControlFlow - 0.00215 (ms)
2026-07-10 13:47:59,096 [INFO] Pass: CommutativeCancellation - 0.07963 (ms)
2026-07-10 13:47:59,097 [INFO] Pass: ConsolidateBlocks - 0.04268 (ms)
2026-07-10 13:47:59,097 [INFO] Pass: Split2QUnitaries - 0.00286 (ms)
2026-07-10 13:47:59,097 [INFO] Pass: UnitarySynthesis - 0.00548 (ms)
2026-07-10 13:47:59,097 [INFO] Pass: HighLevelSynthesis - 0.03409 (ms)
2026-07-10 13:47:59,097 [INFO] Pass: BasisTranslator - 0.07272 (ms)
2026-07-10 13:47:59,097 [INFO] Pass: ConsolidateBlocks - 0.05245 (ms)
2026-07-10 13:47:59,097 [INFO] Pass: UnitarySynthesis - 0.00453 (ms)
2026-07-10 13:47:59,097 [INFO] Pass: Depth - 0.02956 (ms)
2026-07-10 13:47:59,097 [INFO] Pass: FixedPoint - 0.00405 (ms)
2026-07-10 13:47:59,097 [INFO] Pass: Size - 0.00286 (ms)
2026-07-10 13:47:59,097 [INFO] Pass: FixedPoint - 0.00286 (ms)
2026-07-10 13:47:59,097 [INFO] Pass: RemoveIdentityEquivalent - 0.00453 (ms)
2026-07-10 13:47:59,097 [INFO] Pass: Optimize1qGatesDecomposition - 0.13113 (ms)
2026-07-10 13:47:59,097 [INFO] Pass: CommutativeCancellation - 0.08798 (ms)
2026-07-10 13:47:59,097 [INFO] Pass: ContractIdleWiresInControlFlow - 0.00167 (ms)
2026-07-10 13:47:59,097 [INFO] Pass: GatesInBasis - 0.02742 (ms)
2026-07-10 13:47:59,097 [INFO] Pass: Depth - 0.02956 (ms)
2026-07-10 13:47:59,097 [INFO] Pass: FixedPoint - 0.00358 (ms)
2026-07-10 13:47:59,097 [INFO] Pass: Size - 0.00191 (ms)
2026-07-10 13:47:59,097 [INFO] Pass: FixedPoint - 0.00262 (ms)
2026-07-10 13:47:59,097 [INFO] Pass: RemoveIdentityEquivalent - 0.00453 (ms)
2026-07-10 13:47:59,098 [INFO] Pass: Optimize1qGatesDecomposition - 0.11349 (ms)
2026-07-10 13:47:59,098 [INFO] Pass: CommutativeCancellation - 0.08488 (ms)
2026-07-10 13:47:59,098 [INFO] Pass: ContractIdleWiresInControlFlow - 0.00167 (ms)
2026-07-10 13:47:59,098 [INFO] Pass: GatesInBasis - 0.02742 (ms)
2026-07-10 13:47:59,098 [INFO] Pass: Depth - 0.02146 (ms)
2026-07-10 13:47:59,098 [INFO] Pass: FixedPoint - 0.00310 (ms)
2026-07-10 13:47:59,098 [INFO] Pass: Size - 0.00167 (ms)
2026-07-10 13:47:59,098 [INFO] Pass: FixedPoint - 0.00215 (ms)
2026-07-10 13:47:59,098 [INFO] Pass: ContainsInstruction - 0.00572 (ms)
2026-07-10 13:47:59,098 [INFO] Total Transpile Time - 87.22091 (ms)
2026-07-10 14:03:07,391 [INFO] [PCE] n=150 instancia 27/100 completada en 0:00:15:09 — transcurrido=0:07:15:36 restante_estimado=0:19:37:44
2026-07-10 14:03:07,496 [INFO] Pass: ContainsInstruction - 0.01144 (ms)
2026-07-10 14:03:07,497 [INFO] Pass: UnitarySynthesis - 0.00715 (ms)
2026-07-10 14:03:07,497 [INFO] Pass: HighLevelSynthesis - 0.01001 (ms)
2026-07-10 14:03:07,497 [INFO] Pass: BasisTranslator - 0.05960 (ms)
2026-07-10 14:03:07,497 [INFO] Pass: ElidePermutations - 0.00525 (ms)
2026-07-10 14:03:07,497 [INFO] Pass: RemoveDiagonalGatesBeforeMeasure - 0.00787 (ms)
2026-07-10 14:03:07,497 [INFO] Pass: RemoveIdentityEquivalent - 0.00405 (ms)
2026-07-10 14:03:07,497 [INFO] Pass: InverseCancellation - 0.00501 (ms)
2026-07-10 14:03:07,497 [INFO] Pass: ContractIdleWiresInControlFlow - 0.00191 (ms)
2026-07-10 14:03:07,497 [INFO] Pass: CommutativeCancellation - 0.08011 (ms)
2026-07-10 14:03:07,497 [INFO] Pass: ConsolidateBlocks - 0.04649 (ms)
2026-07-10 14:03:07,497 [INFO] Pass: Split2QUnitaries - 0.00310 (ms)
2026-07-10 14:03:07,497 [INFO] Pass: UnitarySynthesis - 0.00525 (ms)
2026-07-10 14:03:07,497 [INFO] Pass: HighLevelSynthesis - 0.03362 (ms)
2026-07-10 14:03:07,497 [INFO] Pass: BasisTranslator - 0.07248 (ms)
2026-07-10 14:03:07,497 [INFO] Pass: ConsolidateBlocks - 0.05293 (ms)
2026-07-10 14:03:07,497 [INFO] Pass: UnitarySynthesis - 0.00453 (ms)
2026-07-10 14:03:07,497 [INFO] Pass: Depth - 0.02503 (ms)
2026-07-10 14:03:07,497 [INFO] Pass: FixedPoint - 0.00501 (ms)
2026-07-10 14:03:07,497 [INFO] Pass: Size - 0.00453 (ms)
2026-07-10 14:03:07,497 [INFO] Pass: FixedPoint - 0.00310 (ms)
2026-07-10 14:03:07,497 [INFO] Pass: RemoveIdentityEquivalent - 0.00334 (ms)
2026-07-10 14:03:07,498 [INFO] Pass: Optimize1qGatesDecomposition - 0.03672 (ms)
2026-07-10 14:03:07,498 [INFO] Pass: CommutativeCancellation - 0.09370 (ms)
2026-07-10 14:03:07,498 [INFO] Pass: ContractIdleWiresInControlFlow - 0.00215 (ms)
2026-07-10 14:03:07,498 [INFO] Pass: GatesInBasis - 0.02861 (ms)
2026-07-10 14:03:07,498 [INFO] Pass: Depth - 0.02337 (ms)
2026-07-10 14:03:07,498 [INFO] Pass: FixedPoint - 0.00358 (ms)
2026-07-10 14:03:07,498 [INFO] Pass: Size - 0.00238 (ms)
2026-07-10 14:03:07,498 [INFO] Pass: FixedPoint - 0.00286 (ms)
2026-07-10 14:03:07,498 [INFO] Pass: ContainsInstruction - 0.00501 (ms)
2026-07-10 14:03:07,498 [INFO] Total Transpile Time - 88.29808 (ms)
2026-07-10 14:03:07,582 [INFO] Pass: ContainsInstruction - 0.00930 (ms)
2026-07-10 14:03:07,582 [INFO] Pass: UnitarySynthesis - 0.00620 (ms)
2026-07-10 14:03:07,582 [INFO] Pass: HighLevelSynthesis - 0.00954 (ms)
2026-07-10 14:03:07,582 [INFO] Pass: BasisTranslator - 0.05031 (ms)
2026-07-10 14:03:07,582 [INFO] Pass: ElidePermutations - 0.00405 (ms)
2026-07-10 14:03:07,582 [INFO] Pass: RemoveDiagonalGatesBeforeMeasure - 0.00668 (ms)
2026-07-10 14:03:07,582 [INFO] Pass: RemoveIdentityEquivalent - 0.00477 (ms)
2026-07-10 14:03:07,582 [INFO] Pass: InverseCancellation - 0.02384 (ms)
2026-07-10 14:03:07,582 [INFO] Pass: ContractIdleWiresInControlFlow - 0.00215 (ms)
2026-07-10 14:03:07,582 [INFO] Pass: CommutativeCancellation - 0.08392 (ms)
2026-07-10 14:03:07,583 [INFO] Pass: ConsolidateBlocks - 0.04411 (ms)
2026-07-10 14:03:07,583 [INFO] Pass: Split2QUnitaries - 0.00238 (ms)
2026-07-10 14:03:07,583 [INFO] Pass: UnitarySynthesis - 0.00525 (ms)
2026-07-10 14:03:07,583 [INFO] Pass: HighLevelSynthesis - 0.03338 (ms)
2026-07-10 14:03:07,583 [INFO] Pass: BasisTranslator - 0.07272 (ms)
2026-07-10 14:03:07,583 [INFO] Pass: ConsolidateBlocks - 0.05102 (ms)
2026-07-10 14:03:07,583 [INFO] Pass: UnitarySynthesis - 0.00429 (ms)
2026-07-10 14:03:07,583 [INFO] Pass: Depth - 0.02909 (ms)
2026-07-10 14:03:07,583 [INFO] Pass: FixedPoint - 0.00429 (ms)
2026-07-10 14:03:07,583 [INFO] Pass: Size - 0.00286 (ms)
2026-07-10 14:03:07,583 [INFO] Pass: FixedPoint - 0.00286 (ms)
2026-07-10 14:03:07,583 [INFO] Pass: RemoveIdentityEquivalent - 0.00453 (ms)
2026-07-10 14:03:07,583 [INFO] Pass: Optimize1qGatesDecomposition - 0.12422 (ms)
2026-07-10 14:03:07,583 [INFO] Pass: CommutativeCancellation - 0.09680 (ms)
2026-07-10 14:03:07,583 [INFO] Pass: ContractIdleWiresInControlFlow - 0.00167 (ms)
2026-07-10 14:03:07,583 [INFO] Pass: GatesInBasis - 0.02837 (ms)
2026-07-10 14:03:07,583 [INFO] Pass: Depth - 0.03099 (ms)
2026-07-10 14:03:07,583 [INFO] Pass: FixedPoint - 0.00358 (ms)
2026-07-10 14:03:07,583 [INFO] Pass: Size - 0.00215 (ms)
2026-07-10 14:03:07,583 [INFO] Pass: FixedPoint - 0.00286 (ms)
2026-07-10 14:03:07,584 [INFO] Pass: ContainsInstruction - 0.00477 (ms)
2026-07-10 14:03:07,584 [INFO] Total Transpile Time - 85.22511 (ms)
2026-07-10 14:03:07,668 [INFO] Pass: ContainsInstruction - 0.00930 (ms)
2026-07-10 14:03:07,668 [INFO] Pass: UnitarySynthesis - 0.00620 (ms)
2026-07-10 14:03:07,668 [INFO] Pass: HighLevelSynthesis - 0.00882 (ms)
2026-07-10 14:03:07,668 [INFO] Pass: BasisTranslator - 0.05054 (ms)
2026-07-10 14:03:07,668 [INFO] Pass: ElidePermutations - 0.00310 (ms)
2026-07-10 14:03:07,668 [INFO] Pass: RemoveDiagonalGatesBeforeMeasure - 0.00620 (ms)
2026-07-10 14:03:07,668 [INFO] Pass: RemoveIdentityEquivalent - 0.00596 (ms)
2026-07-10 14:03:07,668 [INFO] Pass: InverseCancellation - 0.02337 (ms)
2026-07-10 14:03:07,668 [INFO] Pass: ContractIdleWiresInControlFlow - 0.00191 (ms)
2026-07-10 14:03:07,669 [INFO] Pass: CommutativeCancellation - 0.07844 (ms)
2026-07-10 14:03:07,669 [INFO] Pass: ConsolidateBlocks - 0.04220 (ms)
2026-07-10 14:03:07,669 [INFO] Pass: Split2QUnitaries - 0.00262 (ms)
2026-07-10 14:03:07,669 [INFO] Pass: UnitarySynthesis - 0.00525 (ms)
2026-07-10 14:03:07,669 [INFO] Pass: HighLevelSynthesis - 0.03362 (ms)
2026-07-10 14:03:07,669 [INFO] Pass: BasisTranslator - 0.07415 (ms)
2026-07-10 14:03:07,669 [INFO] Pass: ConsolidateBlocks - 0.05102 (ms)
2026-07-10 14:03:07,669 [INFO] Pass: UnitarySynthesis - 0.00453 (ms)
2026-07-10 14:03:07,669 [INFO] Pass: Depth - 0.02670 (ms)
2026-07-10 14:03:07,669 [INFO] Pass: FixedPoint - 0.00405 (ms)
2026-07-10 14:03:07,669 [INFO] Pass: Size - 0.00262 (ms)
2026-07-10 14:03:07,669 [INFO] Pass: FixedPoint - 0.00262 (ms)
2026-07-10 14:03:07,669 [INFO] Pass: RemoveIdentityEquivalent - 0.00525 (ms)
2026-07-10 14:03:07,669 [INFO] Pass: Optimize1qGatesDecomposition - 0.13804 (ms)
2026-07-10 14:03:07,669 [INFO] Pass: CommutativeCancellation - 0.09418 (ms)
2026-07-10 14:03:07,669 [INFO] Pass: ContractIdleWiresInControlFlow - 0.00191 (ms)
2026-07-10 14:03:07,669 [INFO] Pass: GatesInBasis - 0.02789 (ms)
2026-07-10 14:03:07,670 [INFO] Pass: Depth - 0.02337 (ms)
2026-07-10 14:03:07,670 [INFO] Pass: FixedPoint - 0.00358 (ms)
2026-07-10 14:03:07,670 [INFO] Pass: Size - 0.00215 (ms)
2026-07-10 14:03:07,670 [INFO] Pass: FixedPoint - 0.00286 (ms)
2026-07-10 14:03:07,670 [INFO] Pass: RemoveIdentityEquivalent - 0.00453 (ms)
2026-07-10 14:03:07,670 [INFO] Pass: Optimize1qGatesDecomposition - 0.11897 (ms)
2026-07-10 14:03:07,670 [INFO] Pass: CommutativeCancellation - 0.08607 (ms)
2026-07-10 14:03:07,670 [INFO] Pass: ContractIdleWiresInControlFlow - 0.00191 (ms)
2026-07-10 14:03:07,670 [INFO] Pass: GatesInBasis - 0.02742 (ms)
2026-07-10 14:03:07,670 [INFO] Pass: Depth - 0.02146 (ms)
2026-07-10 14:03:07,670 [INFO] Pass: FixedPoint - 0.00310 (ms)
2026-07-10 14:03:07,670 [INFO] Pass: Size - 0.00167 (ms)
2026-07-10 14:03:07,670 [INFO] Pass: FixedPoint - 0.00262 (ms)
2026-07-10 14:03:07,670 [INFO] Pass: ContainsInstruction - 0.00501 (ms)
2026-07-10 14:03:07,670 [INFO] Total Transpile Time - 86.21716 (ms)
2026-07-10 14:20:32,469 [INFO] [PCE] n=150 instancia 28/100 completada en 0:00:17:25 — transcurrido=0:07:33:01 restante_estimado=0:19:24:54
2026-07-10 14:20:32,572 [INFO] Pass: ContainsInstruction - 0.01144 (ms)
2026-07-10 14:20:32,572 [INFO] Pass: UnitarySynthesis - 0.00691 (ms)
2026-07-10 14:20:32,572 [INFO] Pass: HighLevelSynthesis - 0.00978 (ms)
2026-07-10 14:20:32,572 [INFO] Pass: BasisTranslator - 0.05841 (ms)
2026-07-10 14:20:32,572 [INFO] Pass: ElidePermutations - 0.00501 (ms)
2026-07-10 14:20:32,572 [INFO] Pass: RemoveDiagonalGatesBeforeMeasure - 0.00882 (ms)
2026-07-10 14:20:32,572 [INFO] Pass: RemoveIdentityEquivalent - 0.00453 (ms)
2026-07-10 14:20:32,572 [INFO] Pass: InverseCancellation - 0.00548 (ms)
2026-07-10 14:20:32,572 [INFO] Pass: ContractIdleWiresInControlFlow - 0.00215 (ms)
2026-07-10 14:20:32,572 [INFO] Pass: CommutativeCancellation - 0.07463 (ms)
2026-07-10 14:20:32,572 [INFO] Pass: ConsolidateBlocks - 0.04530 (ms)
2026-07-10 14:20:32,572 [INFO] Pass: Split2QUnitaries - 0.00286 (ms)
2026-07-10 14:20:32,572 [INFO] Pass: UnitarySynthesis - 0.00501 (ms)
2026-07-10 14:20:32,572 [INFO] Pass: HighLevelSynthesis - 0.03386 (ms)
2026-07-10 14:20:32,572 [INFO] Pass: BasisTranslator - 0.07248 (ms)
2026-07-10 14:20:32,572 [INFO] Pass: ConsolidateBlocks - 0.05150 (ms)
2026-07-10 14:20:32,572 [INFO] Pass: UnitarySynthesis - 0.00525 (ms)
2026-07-10 14:20:32,572 [INFO] Pass: Depth - 0.02432 (ms)
2026-07-10 14:20:32,572 [INFO] Pass: FixedPoint - 0.00477 (ms)
2026-07-10 14:20:32,572 [INFO] Pass: Size - 0.00334 (ms)
2026-07-10 14:20:32,573 [INFO] Pass: FixedPoint - 0.00262 (ms)
2026-07-10 14:20:32,573 [INFO] Pass: RemoveIdentityEquivalent - 0.00334 (ms)
2026-07-10 14:20:32,573 [INFO] Pass: Optimize1qGatesDecomposition - 0.03695 (ms)
2026-07-10 14:20:32,573 [INFO] Pass: CommutativeCancellation - 0.09251 (ms)
2026-07-10 14:20:32,573 [INFO] Pass: ContractIdleWiresInControlFlow - 0.00215 (ms)
2026-07-10 14:20:32,573 [INFO] Pass: GatesInBasis - 0.02885 (ms)
2026-07-10 14:20:32,573 [INFO] Pass: Depth - 0.02193 (ms)
2026-07-10 14:20:32,573 [INFO] Pass: FixedPoint - 0.00334 (ms)
2026-07-10 14:20:32,573 [INFO] Pass: Size - 0.00191 (ms)
2026-07-10 14:20:32,573 [INFO] Pass: FixedPoint - 0.00286 (ms)
2026-07-10 14:20:32,573 [INFO] Pass: ContainsInstruction - 0.00477 (ms)
2026-07-10 14:20:32,573 [INFO] Total Transpile Time - 88.05799 (ms)
2026-07-10 14:20:32,658 [INFO] Pass: ContainsInstruction - 0.00930 (ms)
2026-07-10 14:20:32,658 [INFO] Pass: UnitarySynthesis - 0.00620 (ms)
2026-07-10 14:20:32,658 [INFO] Pass: HighLevelSynthesis - 0.00954 (ms)
2026-07-10 14:20:32,658 [INFO] Pass: BasisTranslator - 0.05269 (ms)
2026-07-10 14:20:32,658 [INFO] Pass: ElidePermutations - 0.00334 (ms)
2026-07-10 14:20:32,658 [INFO] Pass: RemoveDiagonalGatesBeforeMeasure - 0.00715 (ms)
2026-07-10 14:20:32,658 [INFO] Pass: RemoveIdentityEquivalent - 0.00525 (ms)
2026-07-10 14:20:32,658 [INFO] Pass: InverseCancellation - 0.02432 (ms)
2026-07-10 14:20:32,658 [INFO] Pass: ContractIdleWiresInControlFlow - 0.00167 (ms)
2026-07-10 14:20:32,659 [INFO] Pass: CommutativeCancellation - 0.08082 (ms)
2026-07-10 14:20:32,659 [INFO] Pass: ConsolidateBlocks - 0.04339 (ms)
2026-07-10 14:20:32,659 [INFO] Pass: Split2QUnitaries - 0.00215 (ms)
2026-07-10 14:20:32,659 [INFO] Pass: UnitarySynthesis - 0.00525 (ms)
2026-07-10 14:20:32,659 [INFO] Pass: HighLevelSynthesis - 0.03386 (ms)
2026-07-10 14:20:32,659 [INFO] Pass: BasisTranslator - 0.07200 (ms)
2026-07-10 14:20:32,659 [INFO] Pass: ConsolidateBlocks - 0.05078 (ms)
2026-07-10 14:20:32,659 [INFO] Pass: UnitarySynthesis - 0.00453 (ms)
2026-07-10 14:20:32,659 [INFO] Pass: Depth - 0.02313 (ms)
2026-07-10 14:20:32,659 [INFO] Pass: FixedPoint - 0.00429 (ms)
2026-07-10 14:20:32,659 [INFO] Pass: Size - 0.00286 (ms)
2026-07-10 14:20:32,659 [INFO] Pass: FixedPoint - 0.00262 (ms)
2026-07-10 14:20:32,659 [INFO] Pass: RemoveIdentityEquivalent - 0.00429 (ms)
2026-07-10 14:20:32,659 [INFO] Pass: Optimize1qGatesDecomposition - 0.12875 (ms)
2026-07-10 14:20:32,659 [INFO] Pass: CommutativeCancellation - 0.10657 (ms)
2026-07-10 14:20:32,659 [INFO] Pass: ContractIdleWiresInControlFlow - 0.00238 (ms)
2026-07-10 14:20:32,659 [INFO] Pass: GatesInBasis - 0.02837 (ms)
2026-07-10 14:20:32,660 [INFO] Pass: Depth - 0.02193 (ms)
2026-07-10 14:20:32,660 [INFO] Pass: FixedPoint - 0.00334 (ms)
2026-07-10 14:20:32,660 [INFO] Pass: Size - 0.00215 (ms)
2026-07-10 14:20:32,660 [INFO] Pass: FixedPoint - 0.00286 (ms)
2026-07-10 14:20:32,660 [INFO] Pass: ContainsInstruction - 0.00525 (ms)
2026-07-10 14:20:32,660 [INFO] Total Transpile Time - 86.29560 (ms)
2026-07-10 14:20:32,744 [INFO] Pass: ContainsInstruction - 0.00930 (ms)
2026-07-10 14:20:32,744 [INFO] Pass: UnitarySynthesis - 0.00620 (ms)
2026-07-10 14:20:32,744 [INFO] Pass: HighLevelSynthesis - 0.00834 (ms)
2026-07-10 14:20:32,744 [INFO] Pass: BasisTranslator - 0.05198 (ms)
2026-07-10 14:20:32,744 [INFO] Pass: ElidePermutations - 0.00310 (ms)
2026-07-10 14:20:32,744 [INFO] Pass: RemoveDiagonalGatesBeforeMeasure - 0.00644 (ms)
2026-07-10 14:20:32,744 [INFO] Pass: RemoveIdentityEquivalent - 0.00548 (ms)
2026-07-10 14:20:32,744 [INFO] Pass: InverseCancellation - 0.02360 (ms)
2026-07-10 14:20:32,744 [INFO] Pass: ContractIdleWiresInControlFlow - 0.00215 (ms)
2026-07-10 14:20:32,744 [INFO] Pass: CommutativeCancellation - 0.08392 (ms)
2026-07-10 14:20:32,744 [INFO] Pass: ConsolidateBlocks - 0.04220 (ms)
2026-07-10 14:20:32,745 [INFO] Pass: Split2QUnitaries - 0.00238 (ms)
2026-07-10 14:20:32,745 [INFO] Pass: UnitarySynthesis - 0.00525 (ms)
2026-07-10 14:20:32,745 [INFO] Pass: HighLevelSynthesis - 0.03433 (ms)
2026-07-10 14:20:32,745 [INFO] Pass: BasisTranslator - 0.07463 (ms)
2026-07-10 14:20:32,745 [INFO] Pass: ConsolidateBlocks - 0.05245 (ms)
2026-07-10 14:20:32,745 [INFO] Pass: UnitarySynthesis - 0.00453 (ms)
2026-07-10 14:20:32,745 [INFO] Pass: Depth - 0.02432 (ms)
2026-07-10 14:20:32,745 [INFO] Pass: FixedPoint - 0.00381 (ms)
2026-07-10 14:20:32,745 [INFO] Pass: Size - 0.00215 (ms)
2026-07-10 14:20:32,745 [INFO] Pass: FixedPoint - 0.00238 (ms)
2026-07-10 14:20:32,745 [INFO] Pass: RemoveIdentityEquivalent - 0.00501 (ms)
2026-07-10 14:20:32,745 [INFO] Pass: Optimize1qGatesDecomposition - 0.12851 (ms)
2026-07-10 14:20:32,745 [INFO] Pass: CommutativeCancellation - 0.09418 (ms)
2026-07-10 14:20:32,745 [INFO] Pass: ContractIdleWiresInControlFlow - 0.00191 (ms)
2026-07-10 14:20:32,745 [INFO] Pass: GatesInBasis - 0.02742 (ms)
2026-07-10 14:20:32,745 [INFO] Pass: Depth - 0.02456 (ms)
2026-07-10 14:20:32,745 [INFO] Pass: FixedPoint - 0.00358 (ms)
2026-07-10 14:20:32,745 [INFO] Pass: Size - 0.00191 (ms)
2026-07-10 14:20:32,745 [INFO] Pass: FixedPoint - 0.00286 (ms)
2026-07-10 14:20:32,745 [INFO] Pass: RemoveIdentityEquivalent - 0.00525 (ms)
2026-07-10 14:20:32,746 [INFO] Pass: Optimize1qGatesDecomposition - 0.11778 (ms)
2026-07-10 14:20:32,746 [INFO] Pass: CommutativeCancellation - 0.09251 (ms)
2026-07-10 14:20:32,746 [INFO] Pass: ContractIdleWiresInControlFlow - 0.00167 (ms)
2026-07-10 14:20:32,746 [INFO] Pass: GatesInBasis - 0.02718 (ms)
2026-07-10 14:20:32,746 [INFO] Pass: Depth - 0.02217 (ms)
2026-07-10 14:20:32,746 [INFO] Pass: FixedPoint - 0.00334 (ms)
2026-07-10 14:20:32,746 [INFO] Pass: Size - 0.00215 (ms)
2026-07-10 14:20:32,746 [INFO] Pass: FixedPoint - 0.00262 (ms)
2026-07-10 14:20:32,746 [INFO] Pass: ContainsInstruction - 0.00620 (ms)
2026-07-10 14:20:32,746 [INFO] Total Transpile Time - 86.00640 (ms)
2026-07-10 14:35:25,787 [INFO] [PCE] n=150 instancia 29/100 completada en 0:00:14:53 — transcurrido=0:07:47:54 restante_estimado=0:19:05:34
2026-07-10 14:35:25,888 [INFO] Pass: ContainsInstruction - 0.01168 (ms)
2026-07-10 14:35:25,888 [INFO] Pass: UnitarySynthesis - 0.00691 (ms)
2026-07-10 14:35:25,888 [INFO] Pass: HighLevelSynthesis - 0.01097 (ms)
2026-07-10 14:35:25,888 [INFO] Pass: BasisTranslator - 0.06056 (ms)
2026-07-10 14:35:25,888 [INFO] Pass: ElidePermutations - 0.00477 (ms)
2026-07-10 14:35:25,888 [INFO] Pass: RemoveDiagonalGatesBeforeMeasure - 0.00906 (ms)
2026-07-10 14:35:25,888 [INFO] Pass: RemoveIdentityEquivalent - 0.00405 (ms)
2026-07-10 14:35:25,888 [INFO] Pass: InverseCancellation - 0.00548 (ms)
2026-07-10 14:35:25,888 [INFO] Pass: ContractIdleWiresInControlFlow - 0.00215 (ms)
2026-07-10 14:35:25,888 [INFO] Pass: CommutativeCancellation - 0.08535 (ms)
2026-07-10 14:35:25,889 [INFO] Pass: ConsolidateBlocks - 0.04625 (ms)
2026-07-10 14:35:25,889 [INFO] Pass: Split2QUnitaries - 0.00310 (ms)
2026-07-10 14:35:25,889 [INFO] Pass: UnitarySynthesis - 0.00548 (ms)
2026-07-10 14:35:25,889 [INFO] Pass: HighLevelSynthesis - 0.03314 (ms)
2026-07-10 14:35:25,889 [INFO] Pass: BasisTranslator - 0.07582 (ms)
2026-07-10 14:35:25,889 [INFO] Pass: ConsolidateBlocks - 0.05317 (ms)
2026-07-10 14:35:25,889 [INFO] Pass: UnitarySynthesis - 0.00429 (ms)
2026-07-10 14:35:25,889 [INFO] Pass: Depth - 0.02408 (ms)
2026-07-10 14:35:25,889 [INFO] Pass: FixedPoint - 0.00477 (ms)
2026-07-10 14:35:25,889 [INFO] Pass: Size - 0.00358 (ms)
2026-07-10 14:35:25,889 [INFO] Pass: FixedPoint - 0.00262 (ms)
2026-07-10 14:35:25,889 [INFO] Pass: RemoveIdentityEquivalent - 0.00334 (ms)
2026-07-10 14:35:25,889 [INFO] Pass: Optimize1qGatesDecomposition - 0.03648 (ms)
2026-07-10 14:35:25,889 [INFO] Pass: CommutativeCancellation - 0.09060 (ms)
2026-07-10 14:35:25,889 [INFO] Pass: ContractIdleWiresInControlFlow - 0.00215 (ms)
2026-07-10 14:35:25,889 [INFO] Pass: GatesInBasis - 0.02789 (ms)
2026-07-10 14:35:25,889 [INFO] Pass: Depth - 0.02289 (ms)
2026-07-10 14:35:25,889 [INFO] Pass: FixedPoint - 0.00334 (ms)
2026-07-10 14:35:25,889 [INFO] Pass: Size - 0.00238 (ms)
2026-07-10 14:35:25,889 [INFO] Pass: FixedPoint - 0.00286 (ms)
2026-07-10 14:35:25,889 [INFO] Pass: ContainsInstruction - 0.01192 (ms)
2026-07-10 14:35:25,890 [INFO] Total Transpile Time - 85.61635 (ms)
2026-07-10 14:35:25,974 [INFO] Pass: ContainsInstruction - 0.01001 (ms)
2026-07-10 14:35:25,974 [INFO] Pass: UnitarySynthesis - 0.00644 (ms)
2026-07-10 14:35:25,974 [INFO] Pass: HighLevelSynthesis - 0.00906 (ms)
2026-07-10 14:35:25,974 [INFO] Pass: BasisTranslator - 0.05388 (ms)
2026-07-10 14:35:25,974 [INFO] Pass: ElidePermutations - 0.00453 (ms)
2026-07-10 14:35:25,974 [INFO] Pass: RemoveDiagonalGatesBeforeMeasure - 0.00644 (ms)
2026-07-10 14:35:25,974 [INFO] Pass: RemoveIdentityEquivalent - 0.00477 (ms)
2026-07-10 14:35:25,974 [INFO] Pass: InverseCancellation - 0.02337 (ms)
2026-07-10 14:35:25,974 [INFO] Pass: ContractIdleWiresInControlFlow - 0.00191 (ms)
2026-07-10 14:35:25,974 [INFO] Pass: CommutativeCancellation - 0.07868 (ms)
2026-07-10 14:35:25,974 [INFO] Pass: ConsolidateBlocks - 0.04363 (ms)
2026-07-10 14:35:25,974 [INFO] Pass: Split2QUnitaries - 0.00286 (ms)
2026-07-10 14:35:25,974 [INFO] Pass: UnitarySynthesis - 0.00477 (ms)
2026-07-10 14:35:25,974 [INFO] Pass: HighLevelSynthesis - 0.03552 (ms)
2026-07-10 14:35:25,974 [INFO] Pass: BasisTranslator - 0.07296 (ms)
2026-07-10 14:35:25,974 [INFO] Pass: ConsolidateBlocks - 0.05150 (ms)
2026-07-10 14:35:25,974 [INFO] Pass: UnitarySynthesis - 0.00453 (ms)
2026-07-10 14:35:25,974 [INFO] Pass: Depth - 0.02480 (ms)
2026-07-10 14:35:25,975 [INFO] Pass: FixedPoint - 0.00453 (ms)
2026-07-10 14:35:25,975 [INFO] Pass: Size - 0.00262 (ms)
2026-07-10 14:35:25,975 [INFO] Pass: FixedPoint - 0.00286 (ms)
2026-07-10 14:35:25,975 [INFO] Pass: RemoveIdentityEquivalent - 0.00477 (ms)
2026-07-10 14:35:25,975 [INFO] Pass: Optimize1qGatesDecomposition - 0.12612 (ms)
2026-07-10 14:35:25,975 [INFO] Pass: CommutativeCancellation - 0.10085 (ms)
2026-07-10 14:35:25,975 [INFO] Pass: ContractIdleWiresInControlFlow - 0.00191 (ms)
2026-07-10 14:35:25,975 [INFO] Pass: GatesInBasis - 0.02789 (ms)
2026-07-10 14:35:25,975 [INFO] Pass: Depth - 0.02241 (ms)
2026-07-10 14:35:25,975 [INFO] Pass: FixedPoint - 0.00358 (ms)
2026-07-10 14:35:25,975 [INFO] Pass: Size - 0.00167 (ms)
2026-07-10 14:35:25,975 [INFO] Pass: FixedPoint - 0.00238 (ms)
2026-07-10 14:35:25,975 [INFO] Pass: ContainsInstruction - 0.00525 (ms)
2026-07-10 14:35:25,975 [INFO] Total Transpile Time - 85.31260 (ms)
2026-07-10 14:35:26,060 [INFO] Pass: ContainsInstruction - 0.00882 (ms)
2026-07-10 14:35:26,060 [INFO] Pass: UnitarySynthesis - 0.00644 (ms)
2026-07-10 14:35:26,060 [INFO] Pass: HighLevelSynthesis - 0.00906 (ms)
2026-07-10 14:35:26,060 [INFO] Pass: BasisTranslator - 0.05245 (ms)
2026-07-10 14:35:26,060 [INFO] Pass: ElidePermutations - 0.00358 (ms)
2026-07-10 14:35:26,060 [INFO] Pass: RemoveDiagonalGatesBeforeMeasure - 0.00644 (ms)
2026-07-10 14:35:26,060 [INFO] Pass: RemoveIdentityEquivalent - 0.00548 (ms)
2026-07-10 14:35:26,060 [INFO] Pass: InverseCancellation - 0.02337 (ms)
2026-07-10 14:35:26,060 [INFO] Pass: ContractIdleWiresInControlFlow - 0.00191 (ms)
2026-07-10 14:35:26,060 [INFO] Pass: CommutativeCancellation - 0.07248 (ms)
2026-07-10 14:35:26,060 [INFO] Pass: ConsolidateBlocks - 0.04244 (ms)
2026-07-10 14:35:26,060 [INFO] Pass: Split2QUnitaries - 0.00262 (ms)
2026-07-10 14:35:26,060 [INFO] Pass: UnitarySynthesis - 0.00548 (ms)
2026-07-10 14:35:26,060 [INFO] Pass: HighLevelSynthesis - 0.03409 (ms)
2026-07-10 14:35:26,060 [INFO] Pass: BasisTranslator - 0.08011 (ms)
2026-07-10 14:35:26,061 [INFO] Pass: ConsolidateBlocks - 0.05364 (ms)
2026-07-10 14:35:26,061 [INFO] Pass: UnitarySynthesis - 0.00477 (ms)
2026-07-10 14:35:26,061 [INFO] Pass: Depth - 0.02456 (ms)
2026-07-10 14:35:26,061 [INFO] Pass: FixedPoint - 0.00453 (ms)
2026-07-10 14:35:26,061 [INFO] Pass: Size - 0.00286 (ms)
2026-07-10 14:35:26,061 [INFO] Pass: FixedPoint - 0.00286 (ms)
2026-07-10 14:35:26,061 [INFO] Pass: RemoveIdentityEquivalent - 0.00501 (ms)
2026-07-10 14:35:26,061 [INFO] Pass: Optimize1qGatesDecomposition - 0.13256 (ms)
2026-07-10 14:35:26,061 [INFO] Pass: CommutativeCancellation - 0.09084 (ms)
2026-07-10 14:35:26,061 [INFO] Pass: ContractIdleWiresInControlFlow - 0.00191 (ms)
2026-07-10 14:35:26,061 [INFO] Pass: GatesInBasis - 0.02837 (ms)
2026-07-10 14:35:26,061 [INFO] Pass: Depth - 0.02265 (ms)
2026-07-10 14:35:26,061 [INFO] Pass: FixedPoint - 0.00358 (ms)
2026-07-10 14:35:26,061 [INFO] Pass: Size - 0.00191 (ms)
2026-07-10 14:35:26,061 [INFO] Pass: FixedPoint - 0.00238 (ms)
2026-07-10 14:35:26,061 [INFO] Pass: RemoveIdentityEquivalent - 0.00429 (ms)
2026-07-10 14:35:26,061 [INFO] Pass: Optimize1qGatesDecomposition - 0.11230 (ms)
2026-07-10 14:35:26,061 [INFO] Pass: CommutativeCancellation - 0.08941 (ms)
2026-07-10 14:35:26,061 [INFO] Pass: ContractIdleWiresInControlFlow - 0.00167 (ms)
2026-07-10 14:35:26,062 [INFO] Pass: GatesInBasis - 0.02694 (ms)
2026-07-10 14:35:26,062 [INFO] Pass: Depth - 0.02122 (ms)
2026-07-10 14:35:26,062 [INFO] Pass: FixedPoint - 0.00334 (ms)
2026-07-10 14:35:26,062 [INFO] Pass: Size - 0.00191 (ms)
2026-07-10 14:35:26,062 [INFO] Pass: FixedPoint - 0.00262 (ms)
2026-07-10 14:35:26,062 [INFO] Pass: ContainsInstruction - 0.00525 (ms)
2026-07-10 14:35:26,062 [INFO] Total Transpile Time - 86.23648 (ms)
2026-07-10 14:51:10,472 [INFO] [PCE] n=150 instancia 30/100 completada en 0:00:15:45 — transcurrido=0:08:03:39 restante_estimado=0:18:48:31
2026-07-10 14:51:10,577 [INFO] Pass: ContainsInstruction - 0.01073 (ms)
2026-07-10 14:51:10,577 [INFO] Pass: UnitarySynthesis - 0.00715 (ms)
2026-07-10 14:51:10,577 [INFO] Pass: HighLevelSynthesis - 0.01001 (ms)
2026-07-10 14:51:10,577 [INFO] Pass: BasisTranslator - 0.05937 (ms)
2026-07-10 14:51:10,577 [INFO] Pass: ElidePermutations - 0.00548 (ms)
2026-07-10 14:51:10,577 [INFO] Pass: RemoveDiagonalGatesBeforeMeasure - 0.00787 (ms)
2026-07-10 14:51:10,577 [INFO] Pass: RemoveIdentityEquivalent - 0.00525 (ms)
2026-07-10 14:51:10,577 [INFO] Pass: InverseCancellation - 0.00525 (ms)
2026-07-10 14:51:10,577 [INFO] Pass: ContractIdleWiresInControlFlow - 0.00215 (ms)
2026-07-10 14:51:10,578 [INFO] Pass: CommutativeCancellation - 0.08440 (ms)
2026-07-10 14:51:10,578 [INFO] Pass: ConsolidateBlocks - 0.04673 (ms)
2026-07-10 14:51:10,578 [INFO] Pass: Split2QUnitaries - 0.00310 (ms)
2026-07-10 14:51:10,578 [INFO] Pass: UnitarySynthesis - 0.00525 (ms)
2026-07-10 14:51:10,578 [INFO] Pass: HighLevelSynthesis - 0.03433 (ms)
2026-07-10 14:51:10,578 [INFO] Pass: BasisTranslator - 0.07534 (ms)
2026-07-10 14:51:10,578 [INFO] Pass: ConsolidateBlocks - 0.05388 (ms)
2026-07-10 14:51:10,578 [INFO] Pass: UnitarySynthesis - 0.00453 (ms)
2026-07-10 14:51:10,578 [INFO] Pass: Depth - 0.02742 (ms)
2026-07-10 14:51:10,578 [INFO] Pass: FixedPoint - 0.00429 (ms)
2026-07-10 14:51:10,578 [INFO] Pass: Size - 0.00334 (ms)
2026-07-10 14:51:10,578 [INFO] Pass: FixedPoint - 0.00238 (ms)
2026-07-10 14:51:10,578 [INFO] Pass: RemoveIdentityEquivalent - 0.00334 (ms)
2026-07-10 14:51:10,578 [INFO] Pass: Optimize1qGatesDecomposition - 0.03529 (ms)
2026-07-10 14:51:10,578 [INFO] Pass: CommutativeCancellation - 0.09370 (ms)
2026-07-10 14:51:10,578 [INFO] Pass: ContractIdleWiresInControlFlow - 0.00167 (ms)
2026-07-10 14:51:10,578 [INFO] Pass: GatesInBasis - 0.02885 (ms)
2026-07-10 14:51:10,578 [INFO] Pass: Depth - 0.02408 (ms)
2026-07-10 14:51:10,578 [INFO] Pass: FixedPoint - 0.00358 (ms)
2026-07-10 14:51:10,578 [INFO] Pass: Size - 0.00238 (ms)
2026-07-10 14:51:10,578 [INFO] Pass: FixedPoint - 0.00286 (ms)
2026-07-10 14:51:10,578 [INFO] Pass: ContainsInstruction - 0.00572 (ms)
2026-07-10 14:51:10,579 [INFO] Total Transpile Time - 87.71610 (ms)
2026-07-10 14:51:10,663 [INFO] Pass: ContainsInstruction - 0.00978 (ms)
2026-07-10 14:51:10,663 [INFO] Pass: UnitarySynthesis - 0.00572 (ms)
2026-07-10 14:51:10,663 [INFO] Pass: HighLevelSynthesis - 0.00858 (ms)
2026-07-10 14:51:10,663 [INFO] Pass: BasisTranslator - 0.05269 (ms)
2026-07-10 14:51:10,663 [INFO] Pass: ElidePermutations - 0.00405 (ms)
2026-07-10 14:51:10,663 [INFO] Pass: RemoveDiagonalGatesBeforeMeasure - 0.00668 (ms)
2026-07-10 14:51:10,663 [INFO] Pass: RemoveIdentityEquivalent - 0.00525 (ms)
2026-07-10 14:51:10,664 [INFO] Pass: InverseCancellation - 0.02408 (ms)
2026-07-10 14:51:10,664 [INFO] Pass: ContractIdleWiresInControlFlow - 0.00215 (ms)
2026-07-10 14:51:10,664 [INFO] Pass: CommutativeCancellation - 0.08202 (ms)
2026-07-10 14:51:10,664 [INFO] Pass: ConsolidateBlocks - 0.04220 (ms)
2026-07-10 14:51:10,664 [INFO] Pass: Split2QUnitaries - 0.00238 (ms)
2026-07-10 14:51:10,664 [INFO] Pass: UnitarySynthesis - 0.00429 (ms)
2026-07-10 14:51:10,664 [INFO] Pass: HighLevelSynthesis - 0.03529 (ms)
2026-07-10 14:51:10,664 [INFO] Pass: BasisTranslator - 0.07367 (ms)
2026-07-10 14:51:10,664 [INFO] Pass: ConsolidateBlocks - 0.05031 (ms)
2026-07-10 14:51:10,664 [INFO] Pass: UnitarySynthesis - 0.00405 (ms)
2026-07-10 14:51:10,664 [INFO] Pass: Depth - 0.02980 (ms)
2026-07-10 14:51:10,664 [INFO] Pass: FixedPoint - 0.00405 (ms)
2026-07-10 14:51:10,664 [INFO] Pass: Size - 0.00286 (ms)
2026-07-10 14:51:10,664 [INFO] Pass: FixedPoint - 0.00286 (ms)
2026-07-10 14:51:10,664 [INFO] Pass: RemoveIdentityEquivalent - 0.00453 (ms)
2026-07-10 14:51:10,664 [INFO] Pass: Optimize1qGatesDecomposition - 0.12755 (ms)
2026-07-10 14:51:10,664 [INFO] Pass: CommutativeCancellation - 0.10514 (ms)
2026-07-10 14:51:10,665 [INFO] Pass: ContractIdleWiresInControlFlow - 0.00215 (ms)
2026-07-10 14:51:10,665 [INFO] Pass: GatesInBasis - 0.02837 (ms)
2026-07-10 14:51:10,665 [INFO] Pass: Depth - 0.02480 (ms)
2026-07-10 14:51:10,665 [INFO] Pass: FixedPoint - 0.00358 (ms)
2026-07-10 14:51:10,665 [INFO] Pass: Size - 0.00215 (ms)
2026-07-10 14:51:10,665 [INFO] Pass: FixedPoint - 0.00286 (ms)
2026-07-10 14:51:10,665 [INFO] Pass: ContainsInstruction - 0.00501 (ms)
2026-07-10 14:51:10,665 [INFO] Total Transpile Time - 85.82497 (ms)
2026-07-10 14:51:10,749 [INFO] Pass: ContainsInstruction - 0.00930 (ms)
2026-07-10 14:51:10,750 [INFO] Pass: UnitarySynthesis - 0.00644 (ms)
2026-07-10 14:51:10,750 [INFO] Pass: HighLevelSynthesis - 0.00906 (ms)
2026-07-10 14:51:10,750 [INFO] Pass: BasisTranslator - 0.04983 (ms)
2026-07-10 14:51:10,750 [INFO] Pass: ElidePermutations - 0.00334 (ms)
2026-07-10 14:51:10,750 [INFO] Pass: RemoveDiagonalGatesBeforeMeasure - 0.00572 (ms)
2026-07-10 14:51:10,750 [INFO] Pass: RemoveIdentityEquivalent - 0.00501 (ms)
2026-07-10 14:51:10,750 [INFO] Pass: InverseCancellation - 0.02265 (ms)
2026-07-10 14:51:10,750 [INFO] Pass: ContractIdleWiresInControlFlow - 0.00191 (ms)
2026-07-10 14:51:10,750 [INFO] Pass: CommutativeCancellation - 0.07510 (ms)
2026-07-10 14:51:10,750 [INFO] Pass: ConsolidateBlocks - 0.04196 (ms)
2026-07-10 14:51:10,750 [INFO] Pass: Split2QUnitaries - 0.00238 (ms)
2026-07-10 14:51:10,750 [INFO] Pass: UnitarySynthesis - 0.00525 (ms)
2026-07-10 14:51:10,750 [INFO] Pass: HighLevelSynthesis - 0.03457 (ms)
2026-07-10 14:51:10,750 [INFO] Pass: BasisTranslator - 0.07057 (ms)
2026-07-10 14:51:10,750 [INFO] Pass: ConsolidateBlocks - 0.05102 (ms)
2026-07-10 14:51:10,750 [INFO] Pass: UnitarySynthesis - 0.00501 (ms)
2026-07-10 14:51:10,750 [INFO] Pass: Depth - 0.02766 (ms)
2026-07-10 14:51:10,750 [INFO] Pass: FixedPoint - 0.00429 (ms)
2026-07-10 14:51:10,750 [INFO] Pass: Size - 0.00262 (ms)
2026-07-10 14:51:10,750 [INFO] Pass: FixedPoint - 0.00286 (ms)
2026-07-10 14:51:10,750 [INFO] Pass: RemoveIdentityEquivalent - 0.00453 (ms)
2026-07-10 14:51:10,751 [INFO] Pass: Optimize1qGatesDecomposition - 0.13423 (ms)
2026-07-10 14:51:10,751 [INFO] Pass: CommutativeCancellation - 0.09513 (ms)
2026-07-10 14:51:10,751 [INFO] Pass: ContractIdleWiresInControlFlow - 0.00167 (ms)
2026-07-10 14:51:10,751 [INFO] Pass: GatesInBasis - 0.02718 (ms)
2026-07-10 14:51:10,751 [INFO] Pass: Depth - 0.02289 (ms)
2026-07-10 14:51:10,751 [INFO] Pass: FixedPoint - 0.00358 (ms)
2026-07-10 14:51:10,751 [INFO] Pass: Size - 0.00167 (ms)
2026-07-10 14:51:10,751 [INFO] Pass: FixedPoint - 0.00286 (ms)
2026-07-10 14:51:10,751 [INFO] Pass: RemoveIdentityEquivalent - 0.00453 (ms)
2026-07-10 14:51:10,751 [INFO] Pass: Optimize1qGatesDecomposition - 0.11873 (ms)
2026-07-10 14:51:10,751 [INFO] Pass: CommutativeCancellation - 0.08655 (ms)
2026-07-10 14:51:10,751 [INFO] Pass: ContractIdleWiresInControlFlow - 0.00143 (ms)
2026-07-10 14:51:10,751 [INFO] Pass: GatesInBasis - 0.02670 (ms)
2026-07-10 14:51:10,751 [INFO] Pass: Depth - 0.02122 (ms)
2026-07-10 14:51:10,751 [INFO] Pass: FixedPoint - 0.00954 (ms)
2026-07-10 14:51:10,751 [INFO] Pass: Size - 0.00215 (ms)
2026-07-10 14:51:10,751 [INFO] Pass: FixedPoint - 0.00262 (ms)
2026-07-10 14:51:10,751 [INFO] Pass: ContainsInstruction - 0.00548 (ms)
2026-07-10 14:51:10,752 [INFO] Total Transpile Time - 86.43603 (ms)
2026-07-10 15:05:53,292 [INFO] [PCE] n=150 instancia 31/100 completada en 0:00:14:43 — transcurrido=0:08:18:22 restante_estimado=0:18:29:16
2026-07-10 15:05:53,396 [INFO] Pass: ContainsInstruction - 0.01097 (ms)
2026-07-10 15:05:53,397 [INFO] Pass: UnitarySynthesis - 0.00715 (ms)
2026-07-10 15:05:53,397 [INFO] Pass: HighLevelSynthesis - 0.01049 (ms)
2026-07-10 15:05:53,397 [INFO] Pass: BasisTranslator - 0.05889 (ms)
2026-07-10 15:05:53,397 [INFO] Pass: ElidePermutations - 0.00501 (ms)
2026-07-10 15:05:53,397 [INFO] Pass: RemoveDiagonalGatesBeforeMeasure - 0.00858 (ms)
2026-07-10 15:05:53,397 [INFO] Pass: RemoveIdentityEquivalent - 0.00429 (ms)
2026-07-10 15:05:53,397 [INFO] Pass: InverseCancellation - 0.00477 (ms)
2026-07-10 15:05:53,397 [INFO] Pass: ContractIdleWiresInControlFlow - 0.00191 (ms)
2026-07-10 15:05:53,397 [INFO] Pass: CommutativeCancellation - 0.07367 (ms)
2026-07-10 15:05:53,397 [INFO] Pass: ConsolidateBlocks - 0.04649 (ms)
2026-07-10 15:05:53,397 [INFO] Pass: Split2QUnitaries - 0.00310 (ms)
2026-07-10 15:05:53,397 [INFO] Pass: UnitarySynthesis - 0.00501 (ms)
2026-07-10 15:05:53,397 [INFO] Pass: HighLevelSynthesis - 0.03409 (ms)
2026-07-10 15:05:53,397 [INFO] Pass: BasisTranslator - 0.07558 (ms)
2026-07-10 15:05:53,397 [INFO] Pass: ConsolidateBlocks - 0.05174 (ms)
2026-07-10 15:05:53,397 [INFO] Pass: UnitarySynthesis - 0.00477 (ms)
2026-07-10 15:05:53,397 [INFO] Pass: Depth - 0.02503 (ms)
2026-07-10 15:05:53,397 [INFO] Pass: FixedPoint - 0.00501 (ms)
2026-07-10 15:05:53,397 [INFO] Pass: Size - 0.00381 (ms)
2026-07-10 15:05:53,397 [INFO] Pass: FixedPoint - 0.00286 (ms)
2026-07-10 15:05:53,397 [INFO] Pass: RemoveIdentityEquivalent - 0.00358 (ms)
2026-07-10 15:05:53,398 [INFO] Pass: Optimize1qGatesDecomposition - 0.03719 (ms)
2026-07-10 15:05:53,398 [INFO] Pass: CommutativeCancellation - 0.09322 (ms)
2026-07-10 15:05:53,398 [INFO] Pass: ContractIdleWiresInControlFlow - 0.00191 (ms)
2026-07-10 15:05:53,398 [INFO] Pass: GatesInBasis - 0.02861 (ms)
2026-07-10 15:05:53,398 [INFO] Pass: Depth - 0.02170 (ms)
2026-07-10 15:05:53,398 [INFO] Pass: FixedPoint - 0.00334 (ms)
2026-07-10 15:05:53,398 [INFO] Pass: Size - 0.00191 (ms)
2026-07-10 15:05:53,398 [INFO] Pass: FixedPoint - 0.00286 (ms)
2026-07-10 15:05:53,398 [INFO] Pass: ContainsInstruction - 0.00548 (ms)
2026-07-10 15:05:53,398 [INFO] Total Transpile Time - 88.88149 (ms)
2026-07-10 15:05:53,483 [INFO] Pass: ContainsInstruction - 0.00906 (ms)
2026-07-10 15:05:53,483 [INFO] Pass: UnitarySynthesis - 0.00644 (ms)
2026-07-10 15:05:53,483 [INFO] Pass: HighLevelSynthesis - 0.00978 (ms)
2026-07-10 15:05:53,483 [INFO] Pass: BasisTranslator - 0.05460 (ms)
2026-07-10 15:05:53,483 [INFO] Pass: ElidePermutations - 0.00405 (ms)
2026-07-10 15:05:53,483 [INFO] Pass: RemoveDiagonalGatesBeforeMeasure - 0.00668 (ms)
2026-07-10 15:05:53,483 [INFO] Pass: RemoveIdentityEquivalent - 0.00477 (ms)
2026-07-10 15:05:53,483 [INFO] Pass: InverseCancellation - 0.02360 (ms)
2026-07-10 15:05:53,483 [INFO] Pass: ContractIdleWiresInControlFlow - 0.00191 (ms)
2026-07-10 15:05:53,483 [INFO] Pass: CommutativeCancellation - 0.08750 (ms)
2026-07-10 15:05:53,484 [INFO] Pass: ConsolidateBlocks - 0.04411 (ms)
2026-07-10 15:05:53,484 [INFO] Pass: Split2QUnitaries - 0.00238 (ms)
2026-07-10 15:05:53,484 [INFO] Pass: UnitarySynthesis - 0.00501 (ms)
2026-07-10 15:05:53,484 [INFO] Pass: HighLevelSynthesis - 0.03433 (ms)
2026-07-10 15:05:53,484 [INFO] Pass: BasisTranslator - 0.07415 (ms)
2026-07-10 15:05:53,484 [INFO] Pass: ConsolidateBlocks - 0.05150 (ms)
2026-07-10 15:05:53,484 [INFO] Pass: UnitarySynthesis - 0.00405 (ms)
2026-07-10 15:05:53,484 [INFO] Pass: Depth - 0.02384 (ms)
2026-07-10 15:05:53,484 [INFO] Pass: FixedPoint - 0.00405 (ms)
2026-07-10 15:05:53,484 [INFO] Pass: Size - 0.00262 (ms)
2026-07-10 15:05:53,484 [INFO] Pass: FixedPoint - 0.00262 (ms)
2026-07-10 15:05:53,484 [INFO] Pass: RemoveIdentityEquivalent - 0.00405 (ms)
2026-07-10 15:05:53,484 [INFO] Pass: Optimize1qGatesDecomposition - 0.12326 (ms)
2026-07-10 15:05:53,484 [INFO] Pass: CommutativeCancellation - 0.09513 (ms)
2026-07-10 15:05:53,484 [INFO] Pass: ContractIdleWiresInControlFlow - 0.00215 (ms)
2026-07-10 15:05:53,484 [INFO] Pass: GatesInBasis - 0.02861 (ms)
2026-07-10 15:05:53,484 [INFO] Pass: Depth - 0.02813 (ms)
2026-07-10 15:05:53,484 [INFO] Pass: FixedPoint - 0.00429 (ms)
2026-07-10 15:05:53,484 [INFO] Pass: Size - 0.00262 (ms)
2026-07-10 15:05:53,484 [INFO] Pass: FixedPoint - 0.00334 (ms)
2026-07-10 15:05:53,485 [INFO] Pass: ContainsInstruction - 0.00525 (ms)
2026-07-10 15:05:53,485 [INFO] Total Transpile Time - 86.22265 (ms)
2026-07-10 15:05:53,570 [INFO] Pass: ContainsInstruction - 0.00930 (ms)
2026-07-10 15:05:53,570 [INFO] Pass: UnitarySynthesis - 0.00596 (ms)
2026-07-10 15:05:53,570 [INFO] Pass: HighLevelSynthesis - 0.00882 (ms)
2026-07-10 15:05:53,570 [INFO] Pass: BasisTranslator - 0.05102 (ms)
2026-07-10 15:05:53,570 [INFO] Pass: ElidePermutations - 0.00381 (ms)
2026-07-10 15:05:53,570 [INFO] Pass: RemoveDiagonalGatesBeforeMeasure - 0.00668 (ms)
2026-07-10 15:05:53,570 [INFO] Pass: RemoveIdentityEquivalent - 0.00572 (ms)
2026-07-10 15:05:53,570 [INFO] Pass: InverseCancellation - 0.02289 (ms)
2026-07-10 15:05:53,570 [INFO] Pass: ContractIdleWiresInControlFlow - 0.00143 (ms)
2026-07-10 15:05:53,570 [INFO] Pass: CommutativeCancellation - 0.07510 (ms)
2026-07-10 15:05:53,570 [INFO] Pass: ConsolidateBlocks - 0.04244 (ms)
2026-07-10 15:05:53,570 [INFO] Pass: Split2QUnitaries - 0.00262 (ms)
2026-07-10 15:05:53,570 [INFO] Pass: UnitarySynthesis - 0.00525 (ms)
2026-07-10 15:05:53,570 [INFO] Pass: HighLevelSynthesis - 0.03457 (ms)
2026-07-10 15:05:53,570 [INFO] Pass: BasisTranslator - 0.07248 (ms)
2026-07-10 15:05:53,570 [INFO] Pass: ConsolidateBlocks - 0.05126 (ms)
2026-07-10 15:05:53,570 [INFO] Pass: UnitarySynthesis - 0.00501 (ms)
2026-07-10 15:05:53,570 [INFO] Pass: Depth - 0.02408 (ms)
2026-07-10 15:05:53,570 [INFO] Pass: FixedPoint - 0.00429 (ms)
2026-07-10 15:05:53,570 [INFO] Pass: Size - 0.00262 (ms)
2026-07-10 15:05:53,571 [INFO] Pass: FixedPoint - 0.00262 (ms)
2026-07-10 15:05:53,571 [INFO] Pass: RemoveIdentityEquivalent - 0.00501 (ms)
2026-07-10 15:05:53,571 [INFO] Pass: Optimize1qGatesDecomposition - 0.13161 (ms)
2026-07-10 15:05:53,571 [INFO] Pass: CommutativeCancellation - 0.09274 (ms)
2026-07-10 15:05:53,571 [INFO] Pass: ContractIdleWiresInControlFlow - 0.00167 (ms)
2026-07-10 15:05:53,571 [INFO] Pass: GatesInBasis - 0.02789 (ms)
2026-07-10 15:05:53,571 [INFO] Pass: Depth - 0.02360 (ms)
2026-07-10 15:05:53,571 [INFO] Pass: FixedPoint - 0.00358 (ms)
2026-07-10 15:05:53,571 [INFO] Pass: Size - 0.00191 (ms)
2026-07-10 15:05:53,571 [INFO] Pass: FixedPoint - 0.00310 (ms)
2026-07-10 15:05:53,571 [INFO] Pass: RemoveIdentityEquivalent - 0.00477 (ms)
2026-07-10 15:05:53,571 [INFO] Pass: Optimize1qGatesDecomposition - 0.11563 (ms)
2026-07-10 15:05:53,571 [INFO] Pass: CommutativeCancellation - 0.08535 (ms)
2026-07-10 15:05:53,571 [INFO] Pass: ContractIdleWiresInControlFlow - 0.00167 (ms)
2026-07-10 15:05:53,571 [INFO] Pass: GatesInBasis - 0.02718 (ms)
2026-07-10 15:05:53,571 [INFO] Pass: Depth - 0.02217 (ms)
2026-07-10 15:05:53,571 [INFO] Pass: FixedPoint - 0.00334 (ms)
2026-07-10 15:05:53,571 [INFO] Pass: Size - 0.00215 (ms)
2026-07-10 15:05:53,571 [INFO] Pass: FixedPoint - 0.00238 (ms)
2026-07-10 15:05:53,572 [INFO] Pass: ContainsInstruction - 0.00572 (ms)
2026-07-10 15:05:53,572 [INFO] Total Transpile Time - 86.66515 (ms)
2026-07-10 15:21:44,220 [INFO] [PCE] n=150 instancia 32/100 completada en 0:00:15:51 — transcurrido=0:08:34:13 restante_estimado=0:18:12:42
2026-07-10 15:21:44,324 [INFO] Pass: ContainsInstruction - 0.01121 (ms)
2026-07-10 15:21:44,325 [INFO] Pass: UnitarySynthesis - 0.00620 (ms)
2026-07-10 15:21:44,325 [INFO] Pass: HighLevelSynthesis - 0.01001 (ms)
2026-07-10 15:21:44,325 [INFO] Pass: BasisTranslator - 0.05960 (ms)
2026-07-10 15:21:44,325 [INFO] Pass: ElidePermutations - 0.00501 (ms)
2026-07-10 15:21:44,325 [INFO] Pass: RemoveDiagonalGatesBeforeMeasure - 0.00787 (ms)
2026-07-10 15:21:44,325 [INFO] Pass: RemoveIdentityEquivalent - 0.00381 (ms)
2026-07-10 15:21:44,325 [INFO] Pass: InverseCancellation - 0.00477 (ms)
2026-07-10 15:21:44,325 [INFO] Pass: ContractIdleWiresInControlFlow - 0.00215 (ms)
2026-07-10 15:21:44,325 [INFO] Pass: CommutativeCancellation - 0.07510 (ms)
2026-07-10 15:21:44,325 [INFO] Pass: ConsolidateBlocks - 0.04578 (ms)
2026-07-10 15:21:44,325 [INFO] Pass: Split2QUnitaries - 0.00286 (ms)
2026-07-10 15:21:44,325 [INFO] Pass: UnitarySynthesis - 0.00453 (ms)
2026-07-10 15:21:44,325 [INFO] Pass: HighLevelSynthesis - 0.03362 (ms)
2026-07-10 15:21:44,325 [INFO] Pass: BasisTranslator - 0.07367 (ms)
2026-07-10 15:21:44,325 [INFO] Pass: ConsolidateBlocks - 0.05293 (ms)
2026-07-10 15:21:44,325 [INFO] Pass: UnitarySynthesis - 0.00477 (ms)
2026-07-10 15:21:44,325 [INFO] Pass: Depth - 0.02480 (ms)
2026-07-10 15:21:44,325 [INFO] Pass: FixedPoint - 0.00477 (ms)
2026-07-10 15:21:44,325 [INFO] Pass: Size - 0.00286 (ms)
2026-07-10 15:21:44,325 [INFO] Pass: FixedPoint - 0.00286 (ms)
2026-07-10 15:21:44,325 [INFO] Pass: RemoveIdentityEquivalent - 0.00334 (ms)
2026-07-10 15:21:44,326 [INFO] Pass: Optimize1qGatesDecomposition - 0.03600 (ms)
2026-07-10 15:21:44,326 [INFO] Pass: CommutativeCancellation - 0.09084 (ms)
2026-07-10 15:21:44,326 [INFO] Pass: ContractIdleWiresInControlFlow - 0.00191 (ms)
2026-07-10 15:21:44,326 [INFO] Pass: GatesInBasis - 0.02861 (ms)
2026-07-10 15:21:44,326 [INFO] Pass: Depth - 0.02193 (ms)
2026-07-10 15:21:44,326 [INFO] Pass: FixedPoint - 0.00358 (ms)
2026-07-10 15:21:44,326 [INFO] Pass: Size - 0.00238 (ms)
2026-07-10 15:21:44,326 [INFO] Pass: FixedPoint - 0.00286 (ms)
2026-07-10 15:21:44,326 [INFO] Pass: ContainsInstruction - 0.00525 (ms)
2026-07-10 15:21:44,326 [INFO] Total Transpile Time - 87.85582 (ms)
2026-07-10 15:21:44,411 [INFO] Pass: ContainsInstruction - 0.01001 (ms)
2026-07-10 15:21:44,411 [INFO] Pass: UnitarySynthesis - 0.00644 (ms)
2026-07-10 15:21:44,411 [INFO] Pass: HighLevelSynthesis - 0.00978 (ms)
2026-07-10 15:21:44,411 [INFO] Pass: BasisTranslator - 0.06509 (ms)
2026-07-10 15:21:44,411 [INFO] Pass: ElidePermutations - 0.00334 (ms)
2026-07-10 15:21:44,411 [INFO] Pass: RemoveDiagonalGatesBeforeMeasure - 0.00739 (ms)
2026-07-10 15:21:44,411 [INFO] Pass: RemoveIdentityEquivalent - 0.00501 (ms)
2026-07-10 15:21:44,412 [INFO] Pass: InverseCancellation - 0.02623 (ms)
2026-07-10 15:21:44,412 [INFO] Pass: ContractIdleWiresInControlFlow - 0.00191 (ms)
2026-07-10 15:21:44,412 [INFO] Pass: CommutativeCancellation - 0.08225 (ms)
2026-07-10 15:21:44,412 [INFO] Pass: ConsolidateBlocks - 0.04387 (ms)
2026-07-10 15:21:44,412 [INFO] Pass: Split2QUnitaries - 0.00286 (ms)
2026-07-10 15:21:44,412 [INFO] Pass: UnitarySynthesis - 0.00501 (ms)
2026-07-10 15:21:44,412 [INFO] Pass: HighLevelSynthesis - 0.03386 (ms)
2026-07-10 15:21:44,412 [INFO] Pass: BasisTranslator - 0.07367 (ms)
2026-07-10 15:21:44,412 [INFO] Pass: ConsolidateBlocks - 0.05126 (ms)
2026-07-10 15:21:44,412 [INFO] Pass: UnitarySynthesis - 0.00381 (ms)
2026-07-10 15:21:44,412 [INFO] Pass: Depth - 0.02527 (ms)
2026-07-10 15:21:44,412 [INFO] Pass: FixedPoint - 0.00429 (ms)
2026-07-10 15:21:44,412 [INFO] Pass: Size - 0.00286 (ms)
2026-07-10 15:21:44,412 [INFO] Pass: FixedPoint - 0.00262 (ms)
2026-07-10 15:21:44,412 [INFO] Pass: RemoveIdentityEquivalent - 0.00477 (ms)
2026-07-10 15:21:44,412 [INFO] Pass: Optimize1qGatesDecomposition - 0.12827 (ms)
2026-07-10 15:21:44,412 [INFO] Pass: CommutativeCancellation - 0.10395 (ms)
2026-07-10 15:21:44,413 [INFO] Pass: ContractIdleWiresInControlFlow - 0.00215 (ms)
2026-07-10 15:21:44,413 [INFO] Pass: GatesInBasis - 0.02861 (ms)
2026-07-10 15:21:44,413 [INFO] Pass: Depth - 0.02337 (ms)
2026-07-10 15:21:44,413 [INFO] Pass: FixedPoint - 0.00429 (ms)
2026-07-10 15:21:44,413 [INFO] Pass: Size - 0.00215 (ms)
2026-07-10 15:21:44,413 [INFO] Pass: FixedPoint - 0.00286 (ms)
2026-07-10 15:21:44,413 [INFO] Pass: ContainsInstruction - 0.00525 (ms)
2026-07-10 15:21:44,413 [INFO] Total Transpile Time - 86.48062 (ms)
2026-07-10 15:21:44,498 [INFO] Pass: ContainsInstruction - 0.00954 (ms)
2026-07-10 15:21:44,498 [INFO] Pass: UnitarySynthesis - 0.00644 (ms)
2026-07-10 15:21:44,498 [INFO] Pass: HighLevelSynthesis - 0.00906 (ms)
2026-07-10 15:21:44,498 [INFO] Pass: BasisTranslator - 0.05412 (ms)
2026-07-10 15:21:44,498 [INFO] Pass: ElidePermutations - 0.00358 (ms)
2026-07-10 15:21:44,498 [INFO] Pass: RemoveDiagonalGatesBeforeMeasure - 0.00596 (ms)
2026-07-10 15:21:44,498 [INFO] Pass: RemoveIdentityEquivalent - 0.00525 (ms)
2026-07-10 15:21:44,498 [INFO] Pass: InverseCancellation - 0.02408 (ms)
2026-07-10 15:21:44,498 [INFO] Pass: ContractIdleWiresInControlFlow - 0.00215 (ms)
2026-07-10 15:21:44,498 [INFO] Pass: CommutativeCancellation - 0.07367 (ms)
2026-07-10 15:21:44,498 [INFO] Pass: ConsolidateBlocks - 0.04268 (ms)
2026-07-10 15:21:44,498 [INFO] Pass: Split2QUnitaries - 0.00238 (ms)
2026-07-10 15:21:44,498 [INFO] Pass: UnitarySynthesis - 0.00525 (ms)
2026-07-10 15:21:44,498 [INFO] Pass: HighLevelSynthesis - 0.03552 (ms)
2026-07-10 15:21:44,498 [INFO] Pass: BasisTranslator - 0.07582 (ms)
2026-07-10 15:21:44,498 [INFO] Pass: ConsolidateBlocks - 0.06318 (ms)
2026-07-10 15:21:44,498 [INFO] Pass: UnitarySynthesis - 0.00501 (ms)
2026-07-10 15:21:44,498 [INFO] Pass: Depth - 0.02432 (ms)
2026-07-10 15:21:44,499 [INFO] Pass: FixedPoint - 0.00405 (ms)
2026-07-10 15:21:44,499 [INFO] Pass: Size - 0.00286 (ms)
2026-07-10 15:21:44,499 [INFO] Pass: FixedPoint - 0.00286 (ms)
2026-07-10 15:21:44,499 [INFO] Pass: RemoveIdentityEquivalent - 0.00501 (ms)
2026-07-10 15:21:44,499 [INFO] Pass: Optimize1qGatesDecomposition - 0.13661 (ms)
2026-07-10 15:21:44,499 [INFO] Pass: CommutativeCancellation - 0.09298 (ms)
2026-07-10 15:21:44,499 [INFO] Pass: ContractIdleWiresInControlFlow - 0.00191 (ms)
2026-07-10 15:21:44,499 [INFO] Pass: GatesInBasis - 0.02742 (ms)
2026-07-10 15:21:44,499 [INFO] Pass: Depth - 0.02289 (ms)
2026-07-10 15:21:44,499 [INFO] Pass: FixedPoint - 0.00358 (ms)
2026-07-10 15:21:44,499 [INFO] Pass: Size - 0.00191 (ms)
2026-07-10 15:21:44,499 [INFO] Pass: FixedPoint - 0.00262 (ms)
2026-07-10 15:21:44,499 [INFO] Pass: RemoveIdentityEquivalent - 0.00453 (ms)
2026-07-10 15:21:44,499 [INFO] Pass: Optimize1qGatesDecomposition - 0.11444 (ms)
2026-07-10 15:21:44,499 [INFO] Pass: CommutativeCancellation - 0.08678 (ms)
2026-07-10 15:21:44,499 [INFO] Pass: ContractIdleWiresInControlFlow - 0.00191 (ms)
2026-07-10 15:21:44,499 [INFO] Pass: GatesInBasis - 0.02670 (ms)
2026-07-10 15:21:44,499 [INFO] Pass: Depth - 0.02098 (ms)
2026-07-10 15:21:44,499 [INFO] Pass: FixedPoint - 0.00334 (ms)
2026-07-10 15:21:44,500 [INFO] Pass: Size - 0.00191 (ms)
2026-07-10 15:21:44,500 [INFO] Pass: FixedPoint - 0.00262 (ms)
2026-07-10 15:21:44,500 [INFO] Pass: ContainsInstruction - 0.00572 (ms)
2026-07-10 15:21:44,500 [INFO] Total Transpile Time - 86.52902 (ms)
2026-07-10 15:36:30,811 [INFO] [PCE] n=150 instancia 33/100 completada en 0:00:14:47 — transcurrido=0:08:48:59 restante_estimado=0:17:54:01
2026-07-10 15:36:31,057 [INFO] Pass: ContainsInstruction - 0.01097 (ms)
2026-07-10 15:36:31,057 [INFO] Pass: UnitarySynthesis - 0.00739 (ms)
2026-07-10 15:36:31,057 [INFO] Pass: HighLevelSynthesis - 0.01001 (ms)
2026-07-10 15:36:31,057 [INFO] Pass: BasisTranslator - 0.05841 (ms)
2026-07-10 15:36:31,057 [INFO] Pass: ElidePermutations - 0.00525 (ms)
2026-07-10 15:36:31,057 [INFO] Pass: RemoveDiagonalGatesBeforeMeasure - 0.00882 (ms)
2026-07-10 15:36:31,057 [INFO] Pass: RemoveIdentityEquivalent - 0.00477 (ms)
2026-07-10 15:36:31,057 [INFO] Pass: InverseCancellation - 0.00548 (ms)
2026-07-10 15:36:31,057 [INFO] Pass: ContractIdleWiresInControlFlow - 0.00191 (ms)
2026-07-10 15:36:31,058 [INFO] Pass: CommutativeCancellation - 0.07844 (ms)
2026-07-10 15:36:31,058 [INFO] Pass: ConsolidateBlocks - 0.04578 (ms)
2026-07-10 15:36:31,058 [INFO] Pass: Split2QUnitaries - 0.00286 (ms)
2026-07-10 15:36:31,058 [INFO] Pass: UnitarySynthesis - 0.00453 (ms)
2026-07-10 15:36:31,058 [INFO] Pass: HighLevelSynthesis - 0.03290 (ms)
2026-07-10 15:36:31,058 [INFO] Pass: BasisTranslator - 0.07677 (ms)
2026-07-10 15:36:31,058 [INFO] Pass: ConsolidateBlocks - 0.05269 (ms)
2026-07-10 15:36:31,058 [INFO] Pass: UnitarySynthesis - 0.00429 (ms)
2026-07-10 15:36:31,058 [INFO] Pass: Depth - 0.02694 (ms)
2026-07-10 15:36:31,058 [INFO] Pass: FixedPoint - 0.00429 (ms)
2026-07-10 15:36:31,058 [INFO] Pass: Size - 0.00358 (ms)
2026-07-10 15:36:31,058 [INFO] Pass: FixedPoint - 0.00286 (ms)
2026-07-10 15:36:31,058 [INFO] Pass: RemoveIdentityEquivalent - 0.00310 (ms)
2026-07-10 15:36:31,058 [INFO] Pass: Optimize1qGatesDecomposition - 0.03791 (ms)
2026-07-10 15:36:31,058 [INFO] Pass: CommutativeCancellation - 0.09298 (ms)
2026-07-10 15:36:31,058 [INFO] Pass: ContractIdleWiresInControlFlow - 0.00167 (ms)
2026-07-10 15:36:31,058 [INFO] Pass: GatesInBasis - 0.03576 (ms)
2026-07-10 15:36:31,058 [INFO] Pass: Depth - 0.02313 (ms)
2026-07-10 15:36:31,058 [INFO] Pass: FixedPoint - 0.00358 (ms)
2026-07-10 15:36:31,058 [INFO] Pass: Size - 0.00191 (ms)
2026-07-10 15:36:31,059 [INFO] Pass: FixedPoint - 0.00262 (ms)
2026-07-10 15:36:31,059 [INFO] Pass: ContainsInstruction - 0.00525 (ms)
2026-07-10 15:36:31,059 [INFO] Total Transpile Time - 89.13946 (ms)
2026-07-10 15:36:31,144 [INFO] Pass: ContainsInstruction - 0.00978 (ms)
2026-07-10 15:36:31,144 [INFO] Pass: UnitarySynthesis - 0.00620 (ms)
2026-07-10 15:36:31,144 [INFO] Pass: HighLevelSynthesis - 0.00882 (ms)
2026-07-10 15:36:31,144 [INFO] Pass: BasisTranslator - 0.05293 (ms)
2026-07-10 15:36:31,144 [INFO] Pass: ElidePermutations - 0.00381 (ms)
2026-07-10 15:36:31,144 [INFO] Pass: RemoveDiagonalGatesBeforeMeasure - 0.00715 (ms)
2026-07-10 15:36:31,144 [INFO] Pass: RemoveIdentityEquivalent - 0.00501 (ms)
2026-07-10 15:36:31,144 [INFO] Pass: InverseCancellation - 0.02337 (ms)
2026-07-10 15:36:31,144 [INFO] Pass: ContractIdleWiresInControlFlow - 0.00191 (ms)
2026-07-10 15:36:31,144 [INFO] Pass: CommutativeCancellation - 0.08106 (ms)
2026-07-10 15:36:31,144 [INFO] Pass: ConsolidateBlocks - 0.04292 (ms)
2026-07-10 15:36:31,144 [INFO] Pass: Split2QUnitaries - 0.00238 (ms)
2026-07-10 15:36:31,144 [INFO] Pass: UnitarySynthesis - 0.00477 (ms)
2026-07-10 15:36:31,144 [INFO] Pass: HighLevelSynthesis - 0.03338 (ms)
2026-07-10 15:36:31,144 [INFO] Pass: BasisTranslator - 0.07176 (ms)
2026-07-10 15:36:31,144 [INFO] Pass: ConsolidateBlocks - 0.05269 (ms)
2026-07-10 15:36:31,144 [INFO] Pass: UnitarySynthesis - 0.00405 (ms)
2026-07-10 15:36:31,145 [INFO] Pass: Depth - 0.03099 (ms)
2026-07-10 15:36:31,145 [INFO] Pass: FixedPoint - 0.00429 (ms)
2026-07-10 15:36:31,145 [INFO] Pass: Size - 0.00262 (ms)
2026-07-10 15:36:31,145 [INFO] Pass: FixedPoint - 0.00262 (ms)
2026-07-10 15:36:31,145 [INFO] Pass: RemoveIdentityEquivalent - 0.00405 (ms)
2026-07-10 15:36:31,145 [INFO] Pass: Optimize1qGatesDecomposition - 0.12326 (ms)
2026-07-10 15:36:31,145 [INFO] Pass: CommutativeCancellation - 0.09537 (ms)
2026-07-10 15:36:31,145 [INFO] Pass: ContractIdleWiresInControlFlow - 0.00167 (ms)
2026-07-10 15:36:31,145 [INFO] Pass: GatesInBasis - 0.02980 (ms)
2026-07-10 15:36:31,145 [INFO] Pass: Depth - 0.02384 (ms)
2026-07-10 15:36:31,145 [INFO] Pass: FixedPoint - 0.00334 (ms)
2026-07-10 15:36:31,145 [INFO] Pass: Size - 0.00238 (ms)
2026-07-10 15:36:31,145 [INFO] Pass: FixedPoint - 0.00262 (ms)
2026-07-10 15:36:31,145 [INFO] Pass: ContainsInstruction - 0.00501 (ms)
2026-07-10 15:36:31,145 [INFO] Total Transpile Time - 86.14445 (ms)
2026-07-10 15:36:31,230 [INFO] Pass: ContainsInstruction - 0.00978 (ms)
2026-07-10 15:36:31,230 [INFO] Pass: UnitarySynthesis - 0.00668 (ms)
2026-07-10 15:36:31,230 [INFO] Pass: HighLevelSynthesis - 0.00834 (ms)
2026-07-10 15:36:31,231 [INFO] Pass: BasisTranslator - 0.05007 (ms)
2026-07-10 15:36:31,231 [INFO] Pass: ElidePermutations - 0.00310 (ms)
2026-07-10 15:36:31,231 [INFO] Pass: RemoveDiagonalGatesBeforeMeasure - 0.00596 (ms)
2026-07-10 15:36:31,231 [INFO] Pass: RemoveIdentityEquivalent - 0.00572 (ms)
2026-07-10 15:36:31,231 [INFO] Pass: InverseCancellation - 0.02289 (ms)
2026-07-10 15:36:31,231 [INFO] Pass: ContractIdleWiresInControlFlow - 0.00215 (ms)
2026-07-10 15:36:31,231 [INFO] Pass: CommutativeCancellation - 0.07701 (ms)
2026-07-10 15:36:31,231 [INFO] Pass: ConsolidateBlocks - 0.04196 (ms)
2026-07-10 15:36:31,231 [INFO] Pass: Split2QUnitaries - 0.00238 (ms)
2026-07-10 15:36:31,231 [INFO] Pass: UnitarySynthesis - 0.00548 (ms)
2026-07-10 15:36:31,231 [INFO] Pass: HighLevelSynthesis - 0.03433 (ms)
2026-07-10 15:36:31,231 [INFO] Pass: BasisTranslator - 0.07200 (ms)
2026-07-10 15:36:31,231 [INFO] Pass: ConsolidateBlocks - 0.05198 (ms)
2026-07-10 15:36:31,231 [INFO] Pass: UnitarySynthesis - 0.00477 (ms)
2026-07-10 15:36:31,231 [INFO] Pass: Depth - 0.02789 (ms)
2026-07-10 15:36:31,231 [INFO] Pass: FixedPoint - 0.00405 (ms)
2026-07-10 15:36:31,231 [INFO] Pass: Size - 0.00262 (ms)
2026-07-10 15:36:31,231 [INFO] Pass: FixedPoint - 0.00262 (ms)
2026-07-10 15:36:31,231 [INFO] Pass: RemoveIdentityEquivalent - 0.00453 (ms)
2026-07-10 15:36:31,232 [INFO] Pass: Optimize1qGatesDecomposition - 0.13185 (ms)
2026-07-10 15:36:31,232 [INFO] Pass: CommutativeCancellation - 0.09179 (ms)
2026-07-10 15:36:31,232 [INFO] Pass: ContractIdleWiresInControlFlow - 0.00167 (ms)
2026-07-10 15:36:31,232 [INFO] Pass: GatesInBasis - 0.02789 (ms)
2026-07-10 15:36:31,232 [INFO] Pass: Depth - 0.02360 (ms)
2026-07-10 15:36:31,232 [INFO] Pass: FixedPoint - 0.00381 (ms)
2026-07-10 15:36:31,232 [INFO] Pass: Size - 0.00238 (ms)
2026-07-10 15:36:31,232 [INFO] Pass: FixedPoint - 0.00310 (ms)
2026-07-10 15:36:31,232 [INFO] Pass: RemoveIdentityEquivalent - 0.00501 (ms)
2026-07-10 15:36:31,232 [INFO] Pass: Optimize1qGatesDecomposition - 0.11110 (ms)
2026-07-10 15:36:31,232 [INFO] Pass: CommutativeCancellation - 0.08512 (ms)
2026-07-10 15:36:31,232 [INFO] Pass: ContractIdleWiresInControlFlow - 0.00191 (ms)
2026-07-10 15:36:31,232 [INFO] Pass: GatesInBasis - 0.02694 (ms)
2026-07-10 15:36:31,232 [INFO] Pass: Depth - 0.02193 (ms)
2026-07-10 15:36:31,232 [INFO] Pass: FixedPoint - 0.00334 (ms)
2026-07-10 15:36:31,232 [INFO] Pass: Size - 0.00191 (ms)
2026-07-10 15:36:31,232 [INFO] Pass: FixedPoint - 0.00286 (ms)
2026-07-10 15:36:31,232 [INFO] Pass: ContainsInstruction - 0.00572 (ms)
2026-07-10 15:36:31,233 [INFO] Total Transpile Time - 86.88164 (ms)
2026-07-10 15:52:58,209 [INFO] [PCE] n=150 instancia 34/100 completada en 0:00:16:27 — transcurrido=0:09:05:27 restante_estimado=0:17:38:49
2026-07-10 15:52:58,312 [INFO] Pass: ContainsInstruction - 0.01097 (ms)
2026-07-10 15:52:58,312 [INFO] Pass: UnitarySynthesis - 0.00691 (ms)
2026-07-10 15:52:58,312 [INFO] Pass: HighLevelSynthesis - 0.00954 (ms)
2026-07-10 15:52:58,312 [INFO] Pass: BasisTranslator - 0.05984 (ms)
2026-07-10 15:52:58,313 [INFO] Pass: ElidePermutations - 0.00453 (ms)
2026-07-10 15:52:58,313 [INFO] Pass: RemoveDiagonalGatesBeforeMeasure - 0.00858 (ms)
2026-07-10 15:52:58,313 [INFO] Pass: RemoveIdentityEquivalent - 0.00381 (ms)
2026-07-10 15:52:58,313 [INFO] Pass: InverseCancellation - 0.00525 (ms)
2026-07-10 15:52:58,313 [INFO] Pass: ContractIdleWiresInControlFlow - 0.00191 (ms)
2026-07-10 15:52:58,313 [INFO] Pass: CommutativeCancellation - 0.07153 (ms)
2026-07-10 15:52:58,313 [INFO] Pass: ConsolidateBlocks - 0.04530 (ms)
2026-07-10 15:52:58,313 [INFO] Pass: Split2QUnitaries - 0.00286 (ms)
2026-07-10 15:52:58,313 [INFO] Pass: UnitarySynthesis - 0.00477 (ms)
2026-07-10 15:52:58,313 [INFO] Pass: HighLevelSynthesis - 0.03457 (ms)
2026-07-10 15:52:58,313 [INFO] Pass: BasisTranslator - 0.07486 (ms)
2026-07-10 15:52:58,313 [INFO] Pass: ConsolidateBlocks - 0.05102 (ms)
2026-07-10 15:52:58,313 [INFO] Pass: UnitarySynthesis - 0.00405 (ms)
2026-07-10 15:52:58,313 [INFO] Pass: Depth - 0.02527 (ms)
2026-07-10 15:52:58,313 [INFO] Pass: FixedPoint - 0.00429 (ms)
2026-07-10 15:52:58,313 [INFO] Pass: Size - 0.00358 (ms)
2026-07-10 15:52:58,313 [INFO] Pass: FixedPoint - 0.00286 (ms)
2026-07-10 15:52:58,313 [INFO] Pass: RemoveIdentityEquivalent - 0.00334 (ms)
2026-07-10 15:52:58,313 [INFO] Pass: Optimize1qGatesDecomposition - 0.03600 (ms)
2026-07-10 15:52:58,313 [INFO] Pass: CommutativeCancellation - 0.09871 (ms)
2026-07-10 15:52:58,313 [INFO] Pass: ContractIdleWiresInControlFlow - 0.00191 (ms)
2026-07-10 15:52:58,314 [INFO] Pass: GatesInBasis - 0.02885 (ms)
2026-07-10 15:52:58,314 [INFO] Pass: Depth - 0.02313 (ms)
2026-07-10 15:52:58,314 [INFO] Pass: FixedPoint - 0.00358 (ms)
2026-07-10 15:52:58,314 [INFO] Pass: Size - 0.00238 (ms)
2026-07-10 15:52:58,314 [INFO] Pass: FixedPoint - 0.00262 (ms)
2026-07-10 15:52:58,314 [INFO] Pass: ContainsInstruction - 0.00501 (ms)
2026-07-10 15:52:58,314 [INFO] Total Transpile Time - 87.48603 (ms)
2026-07-10 15:52:58,398 [INFO] Pass: ContainsInstruction - 0.00906 (ms)
2026-07-10 15:52:58,398 [INFO] Pass: UnitarySynthesis - 0.00620 (ms)
2026-07-10 15:52:58,398 [INFO] Pass: HighLevelSynthesis - 0.00930 (ms)
2026-07-10 15:52:58,398 [INFO] Pass: BasisTranslator - 0.05341 (ms)
2026-07-10 15:52:58,398 [INFO] Pass: ElidePermutations - 0.00334 (ms)
2026-07-10 15:52:58,398 [INFO] Pass: RemoveDiagonalGatesBeforeMeasure - 0.00691 (ms)
2026-07-10 15:52:58,398 [INFO] Pass: RemoveIdentityEquivalent - 0.00501 (ms)
2026-07-10 15:52:58,398 [INFO] Pass: InverseCancellation - 0.02360 (ms)
2026-07-10 15:52:58,398 [INFO] Pass: ContractIdleWiresInControlFlow - 0.00215 (ms)
2026-07-10 15:52:58,399 [INFO] Pass: CommutativeCancellation - 0.07963 (ms)
2026-07-10 15:52:58,399 [INFO] Pass: ConsolidateBlocks - 0.04387 (ms)
2026-07-10 15:52:58,399 [INFO] Pass: Split2QUnitaries - 0.00262 (ms)
2026-07-10 15:52:58,399 [INFO] Pass: UnitarySynthesis - 0.00525 (ms)
2026-07-10 15:52:58,399 [INFO] Pass: HighLevelSynthesis - 0.03338 (ms)
2026-07-10 15:52:58,399 [INFO] Pass: BasisTranslator - 0.07391 (ms)
2026-07-10 15:52:58,399 [INFO] Pass: ConsolidateBlocks - 0.05245 (ms)
2026-07-10 15:52:58,399 [INFO] Pass: UnitarySynthesis - 0.00453 (ms)
2026-07-10 15:52:58,399 [INFO] Pass: Depth - 0.02384 (ms)
2026-07-10 15:52:58,399 [INFO] Pass: FixedPoint - 0.00453 (ms)
2026-07-10 15:52:58,399 [INFO] Pass: Size - 0.00286 (ms)
2026-07-10 15:52:58,399 [INFO] Pass: FixedPoint - 0.00262 (ms)
2026-07-10 15:52:58,399 [INFO] Pass: RemoveIdentityEquivalent - 0.00453 (ms)
2026-07-10 15:52:58,399 [INFO] Pass: Optimize1qGatesDecomposition - 0.12326 (ms)
2026-07-10 15:52:58,399 [INFO] Pass: CommutativeCancellation - 0.09489 (ms)
2026-07-10 15:52:58,399 [INFO] Pass: ContractIdleWiresInControlFlow - 0.00167 (ms)
2026-07-10 15:52:58,399 [INFO] Pass: GatesInBasis - 0.03529 (ms)
2026-07-10 15:52:58,399 [INFO] Pass: Depth - 0.02241 (ms)
2026-07-10 15:52:58,399 [INFO] Pass: FixedPoint - 0.00381 (ms)
2026-07-10 15:52:58,399 [INFO] Pass: Size - 0.00215 (ms)
2026-07-10 15:52:58,400 [INFO] Pass: FixedPoint - 0.00286 (ms)
2026-07-10 15:52:58,400 [INFO] Pass: ContainsInstruction - 0.00501 (ms)
2026-07-10 15:52:58,400 [INFO] Total Transpile Time - 85.50429 (ms)
2026-07-10 15:52:58,483 [INFO] Pass: ContainsInstruction - 0.00930 (ms)
2026-07-10 15:52:58,483 [INFO] Pass: UnitarySynthesis - 0.00596 (ms)
2026-07-10 15:52:58,483 [INFO] Pass: HighLevelSynthesis - 0.00858 (ms)
2026-07-10 15:52:58,483 [INFO] Pass: BasisTranslator - 0.05150 (ms)
2026-07-10 15:52:58,483 [INFO] Pass: ElidePermutations - 0.00310 (ms)
2026-07-10 15:52:58,484 [INFO] Pass: RemoveDiagonalGatesBeforeMeasure - 0.00644 (ms)
2026-07-10 15:52:58,484 [INFO] Pass: RemoveIdentityEquivalent - 0.00501 (ms)
2026-07-10 15:52:58,484 [INFO] Pass: InverseCancellation - 0.02193 (ms)
2026-07-10 15:52:58,484 [INFO] Pass: ContractIdleWiresInControlFlow - 0.00215 (ms)
2026-07-10 15:52:58,484 [INFO] Pass: CommutativeCancellation - 0.07033 (ms)
2026-07-10 15:52:58,484 [INFO] Pass: ConsolidateBlocks - 0.04148 (ms)
2026-07-10 15:52:58,484 [INFO] Pass: Split2QUnitaries - 0.00238 (ms)
2026-07-10 15:52:58,484 [INFO] Pass: UnitarySynthesis - 0.00548 (ms)
2026-07-10 15:52:58,484 [INFO] Pass: HighLevelSynthesis - 0.03505 (ms)
2026-07-10 15:52:58,484 [INFO] Pass: BasisTranslator - 0.07129 (ms)
2026-07-10 15:52:58,484 [INFO] Pass: ConsolidateBlocks - 0.05031 (ms)
2026-07-10 15:52:58,484 [INFO] Pass: UnitarySynthesis - 0.00453 (ms)
2026-07-10 15:52:58,484 [INFO] Pass: Depth - 0.02480 (ms)
2026-07-10 15:52:58,484 [INFO] Pass: FixedPoint - 0.00429 (ms)
2026-07-10 15:52:58,484 [INFO] Pass: Size - 0.00262 (ms)
2026-07-10 15:52:58,484 [INFO] Pass: FixedPoint - 0.00286 (ms)
2026-07-10 15:52:58,484 [INFO] Pass: RemoveIdentityEquivalent - 0.00453 (ms)
2026-07-10 15:52:58,484 [INFO] Pass: Optimize1qGatesDecomposition - 0.12827 (ms)
2026-07-10 15:52:58,484 [INFO] Pass: CommutativeCancellation - 0.08845 (ms)
2026-07-10 15:52:58,485 [INFO] Pass: ContractIdleWiresInControlFlow - 0.00167 (ms)
2026-07-10 15:52:58,485 [INFO] Pass: GatesInBasis - 0.02718 (ms)
2026-07-10 15:52:58,485 [INFO] Pass: Depth - 0.02313 (ms)
2026-07-10 15:52:58,485 [INFO] Pass: FixedPoint - 0.00334 (ms)
2026-07-10 15:52:58,485 [INFO] Pass: Size - 0.00215 (ms)
2026-07-10 15:52:58,485 [INFO] Pass: FixedPoint - 0.00286 (ms)
2026-07-10 15:52:58,485 [INFO] Pass: RemoveIdentityEquivalent - 0.00453 (ms)
2026-07-10 15:52:58,485 [INFO] Pass: Optimize1qGatesDecomposition - 0.11086 (ms)
2026-07-10 15:52:58,485 [INFO] Pass: CommutativeCancellation - 0.08178 (ms)
2026-07-10 15:52:58,485 [INFO] Pass: ContractIdleWiresInControlFlow - 0.00143 (ms)
2026-07-10 15:52:58,485 [INFO] Pass: GatesInBasis - 0.02646 (ms)
2026-07-10 15:52:58,485 [INFO] Pass: Depth - 0.02265 (ms)
2026-07-10 15:52:58,485 [INFO] Pass: FixedPoint - 0.00334 (ms)
2026-07-10 15:52:58,485 [INFO] Pass: Size - 0.00215 (ms)
2026-07-10 15:52:58,485 [INFO] Pass: FixedPoint - 0.00262 (ms)
2026-07-10 15:52:58,485 [INFO] Pass: ContainsInstruction - 0.00548 (ms)
2026-07-10 15:52:58,485 [INFO] Total Transpile Time - 85.31022 (ms)
2026-07-10 16:09:40,815 [INFO] [PCE] n=150 instancia 35/100 completada en 0:00:16:43 — transcurrido=0:09:22:09 restante_estimado=0:17:24:00
2026-07-10 16:09:40,920 [INFO] Pass: ContainsInstruction - 0.01025 (ms)
2026-07-10 16:09:40,920 [INFO] Pass: UnitarySynthesis - 0.00715 (ms)
2026-07-10 16:09:40,920 [INFO] Pass: HighLevelSynthesis - 0.00978 (ms)
2026-07-10 16:09:40,920 [INFO] Pass: BasisTranslator - 0.05913 (ms)
2026-07-10 16:09:40,920 [INFO] Pass: ElidePermutations - 0.00477 (ms)
2026-07-10 16:09:40,921 [INFO] Pass: RemoveDiagonalGatesBeforeMeasure - 0.00882 (ms)
2026-07-10 16:09:40,921 [INFO] Pass: RemoveIdentityEquivalent - 0.00429 (ms)
2026-07-10 16:09:40,921 [INFO] Pass: InverseCancellation - 0.00548 (ms)
2026-07-10 16:09:40,921 [INFO] Pass: ContractIdleWiresInControlFlow - 0.00238 (ms)
2026-07-10 16:09:40,921 [INFO] Pass: CommutativeCancellation - 0.07820 (ms)
2026-07-10 16:09:40,921 [INFO] Pass: ConsolidateBlocks - 0.04578 (ms)
2026-07-10 16:09:40,921 [INFO] Pass: Split2QUnitaries - 0.00286 (ms)
2026-07-10 16:09:40,921 [INFO] Pass: UnitarySynthesis - 0.00525 (ms)
2026-07-10 16:09:40,921 [INFO] Pass: HighLevelSynthesis - 0.03433 (ms)
2026-07-10 16:09:40,921 [INFO] Pass: BasisTranslator - 0.07653 (ms)
2026-07-10 16:09:40,921 [INFO] Pass: ConsolidateBlocks - 0.05293 (ms)
2026-07-10 16:09:40,921 [INFO] Pass: UnitarySynthesis - 0.00453 (ms)
2026-07-10 16:09:40,921 [INFO] Pass: Depth - 0.02861 (ms)
2026-07-10 16:09:40,921 [INFO] Pass: FixedPoint - 0.00453 (ms)
2026-07-10 16:09:40,921 [INFO] Pass: Size - 0.00334 (ms)
2026-07-10 16:09:40,921 [INFO] Pass: FixedPoint - 0.00262 (ms)
2026-07-10 16:09:40,921 [INFO] Pass: RemoveIdentityEquivalent - 0.00334 (ms)
2026-07-10 16:09:40,921 [INFO] Pass: Optimize1qGatesDecomposition - 0.03576 (ms)
2026-07-10 16:09:40,921 [INFO] Pass: CommutativeCancellation - 0.09751 (ms)
2026-07-10 16:09:40,921 [INFO] Pass: ContractIdleWiresInControlFlow - 0.00215 (ms)
2026-07-10 16:09:40,922 [INFO] Pass: GatesInBasis - 0.02861 (ms)
2026-07-10 16:09:40,922 [INFO] Pass: Depth - 0.02646 (ms)
2026-07-10 16:09:40,922 [INFO] Pass: FixedPoint - 0.00358 (ms)
2026-07-10 16:09:40,922 [INFO] Pass: Size - 0.00215 (ms)
2026-07-10 16:09:40,922 [INFO] Pass: FixedPoint - 0.00286 (ms)
2026-07-10 16:09:40,922 [INFO] Pass: ContainsInstruction - 0.00548 (ms)
2026-07-10 16:09:40,922 [INFO] Total Transpile Time - 87.96287 (ms)
2026-07-10 16:09:41,007 [INFO] Pass: ContainsInstruction - 0.00906 (ms)
2026-07-10 16:09:41,007 [INFO] Pass: UnitarySynthesis - 0.00668 (ms)
2026-07-10 16:09:41,007 [INFO] Pass: HighLevelSynthesis - 0.00906 (ms)
2026-07-10 16:09:41,007 [INFO] Pass: BasisTranslator - 0.05317 (ms)
2026-07-10 16:09:41,007 [INFO] Pass: ElidePermutations - 0.00358 (ms)
2026-07-10 16:09:41,007 [INFO] Pass: RemoveDiagonalGatesBeforeMeasure - 0.00763 (ms)
2026-07-10 16:09:41,007 [INFO] Pass: RemoveIdentityEquivalent - 0.00525 (ms)
2026-07-10 16:09:41,007 [INFO] Pass: InverseCancellation - 0.02480 (ms)
2026-07-10 16:09:41,007 [INFO] Pass: ContractIdleWiresInControlFlow - 0.00215 (ms)
2026-07-10 16:09:41,007 [INFO] Pass: CommutativeCancellation - 0.07534 (ms)
2026-07-10 16:09:41,007 [INFO] Pass: ConsolidateBlocks - 0.04220 (ms)
2026-07-10 16:09:41,007 [INFO] Pass: Split2QUnitaries - 0.00238 (ms)
2026-07-10 16:09:41,007 [INFO] Pass: UnitarySynthesis - 0.00501 (ms)
2026-07-10 16:09:41,007 [INFO] Pass: HighLevelSynthesis - 0.03290 (ms)
2026-07-10 16:09:41,007 [INFO] Pass: BasisTranslator - 0.07963 (ms)
2026-07-10 16:09:41,008 [INFO] Pass: ConsolidateBlocks - 0.05293 (ms)
2026-07-10 16:09:41,008 [INFO] Pass: UnitarySynthesis - 0.00477 (ms)
2026-07-10 16:09:41,008 [INFO] Pass: Depth - 0.02313 (ms)
2026-07-10 16:09:41,008 [INFO] Pass: FixedPoint - 0.00429 (ms)
2026-07-10 16:09:41,008 [INFO] Pass: Size - 0.00262 (ms)
2026-07-10 16:09:41,008 [INFO] Pass: FixedPoint - 0.00286 (ms)
2026-07-10 16:09:41,008 [INFO] Pass: RemoveIdentityEquivalent - 0.00453 (ms)
2026-07-10 16:09:41,008 [INFO] Pass: Optimize1qGatesDecomposition - 0.12589 (ms)
2026-07-10 16:09:41,008 [INFO] Pass: CommutativeCancellation - 0.09584 (ms)
2026-07-10 16:09:41,008 [INFO] Pass: ContractIdleWiresInControlFlow - 0.00167 (ms)
2026-07-10 16:09:41,008 [INFO] Pass: GatesInBasis - 0.02789 (ms)
2026-07-10 16:09:41,008 [INFO] Pass: Depth - 0.02170 (ms)
2026-07-10 16:09:41,008 [INFO] Pass: FixedPoint - 0.00381 (ms)
2026-07-10 16:09:41,008 [INFO] Pass: Size - 0.00238 (ms)
2026-07-10 16:09:41,008 [INFO] Pass: FixedPoint - 0.00286 (ms)
2026-07-10 16:09:41,008 [INFO] Pass: ContainsInstruction - 0.00477 (ms)
2026-07-10 16:09:41,008 [INFO] Total Transpile Time - 86.17258 (ms)
2026-07-10 16:09:41,093 [INFO] Pass: ContainsInstruction - 0.00930 (ms)
2026-07-10 16:09:41,093 [INFO] Pass: UnitarySynthesis - 0.00596 (ms)
2026-07-10 16:09:41,093 [INFO] Pass: HighLevelSynthesis - 0.01502 (ms)
2026-07-10 16:09:41,093 [INFO] Pass: BasisTranslator - 0.05126 (ms)
2026-07-10 16:09:41,094 [INFO] Pass: ElidePermutations - 0.00310 (ms)
2026-07-10 16:09:41,094 [INFO] Pass: RemoveDiagonalGatesBeforeMeasure - 0.00572 (ms)
2026-07-10 16:09:41,094 [INFO] Pass: RemoveIdentityEquivalent - 0.00501 (ms)
2026-07-10 16:09:41,094 [INFO] Pass: InverseCancellation - 0.02313 (ms)
2026-07-10 16:09:41,094 [INFO] Pass: ContractIdleWiresInControlFlow - 0.00191 (ms)
2026-07-10 16:09:41,094 [INFO] Pass: CommutativeCancellation - 0.07343 (ms)
2026-07-10 16:09:41,094 [INFO] Pass: ConsolidateBlocks - 0.04268 (ms)
2026-07-10 16:09:41,094 [INFO] Pass: Split2QUnitaries - 0.00215 (ms)
2026-07-10 16:09:41,094 [INFO] Pass: UnitarySynthesis - 0.00548 (ms)
2026-07-10 16:09:41,094 [INFO] Pass: HighLevelSynthesis - 0.03433 (ms)
2026-07-10 16:09:41,094 [INFO] Pass: BasisTranslator - 0.07439 (ms)
2026-07-10 16:09:41,094 [INFO] Pass: ConsolidateBlocks - 0.05150 (ms)
2026-07-10 16:09:41,094 [INFO] Pass: UnitarySynthesis - 0.00501 (ms)
2026-07-10 16:09:41,094 [INFO] Pass: Depth - 0.02337 (ms)
2026-07-10 16:09:41,094 [INFO] Pass: FixedPoint - 0.00429 (ms)
2026-07-10 16:09:41,094 [INFO] Pass: Size - 0.00262 (ms)
2026-07-10 16:09:41,094 [INFO] Pass: FixedPoint - 0.00262 (ms)
2026-07-10 16:09:41,094 [INFO] Pass: RemoveIdentityEquivalent - 0.00501 (ms)
2026-07-10 16:09:41,094 [INFO] Pass: Optimize1qGatesDecomposition - 0.13542 (ms)
2026-07-10 16:09:41,095 [INFO] Pass: CommutativeCancellation - 0.08893 (ms)
2026-07-10 16:09:41,095 [INFO] Pass: ContractIdleWiresInControlFlow - 0.00191 (ms)
2026-07-10 16:09:41,095 [INFO] Pass: GatesInBasis - 0.02813 (ms)
2026-07-10 16:09:41,095 [INFO] Pass: Depth - 0.02289 (ms)
2026-07-10 16:09:41,095 [INFO] Pass: FixedPoint - 0.00358 (ms)
2026-07-10 16:09:41,095 [INFO] Pass: Size - 0.00191 (ms)
2026-07-10 16:09:41,095 [INFO] Pass: FixedPoint - 0.00286 (ms)
2026-07-10 16:09:41,095 [INFO] Pass: RemoveIdentityEquivalent - 0.00477 (ms)
2026-07-10 16:09:41,095 [INFO] Pass: Optimize1qGatesDecomposition - 0.11373 (ms)
2026-07-10 16:09:41,095 [INFO] Pass: CommutativeCancellation - 0.08249 (ms)
2026-07-10 16:09:41,095 [INFO] Pass: ContractIdleWiresInControlFlow - 0.00191 (ms)
2026-07-10 16:09:41,095 [INFO] Pass: GatesInBasis - 0.02670 (ms)
2026-07-10 16:09:41,095 [INFO] Pass: Depth - 0.02146 (ms)
2026-07-10 16:09:41,095 [INFO] Pass: FixedPoint - 0.00286 (ms)
2026-07-10 16:09:41,095 [INFO] Pass: Size - 0.00191 (ms)
2026-07-10 16:09:41,095 [INFO] Pass: FixedPoint - 0.00215 (ms)
2026-07-10 16:09:41,095 [INFO] Pass: ContainsInstruction - 0.00525 (ms)
2026-07-10 16:09:41,096 [INFO] Total Transpile Time - 86.69424 (ms)
2026-07-10 16:25:37,944 [INFO] [PCE] n=150 instancia 36/100 completada en 0:00:15:57 — transcurrido=0:09:38:07 restante_estimado=0:17:07:45
2026-07-10 16:25:38,045 [INFO] Pass: ContainsInstruction - 0.01073 (ms)
2026-07-10 16:25:38,046 [INFO] Pass: UnitarySynthesis - 0.00644 (ms)
2026-07-10 16:25:38,046 [INFO] Pass: HighLevelSynthesis - 0.01025 (ms)
2026-07-10 16:25:38,046 [INFO] Pass: BasisTranslator - 0.05937 (ms)
2026-07-10 16:25:38,046 [INFO] Pass: ElidePermutations - 0.00525 (ms)
2026-07-10 16:25:38,046 [INFO] Pass: RemoveDiagonalGatesBeforeMeasure - 0.00787 (ms)
2026-07-10 16:25:38,046 [INFO] Pass: RemoveIdentityEquivalent - 0.00429 (ms)
2026-07-10 16:25:38,046 [INFO] Pass: InverseCancellation - 0.00501 (ms)
2026-07-10 16:25:38,046 [INFO] Pass: ContractIdleWiresInControlFlow - 0.00238 (ms)
2026-07-10 16:25:38,046 [INFO] Pass: CommutativeCancellation - 0.07510 (ms)
2026-07-10 16:25:38,046 [INFO] Pass: ConsolidateBlocks - 0.04554 (ms)
2026-07-10 16:25:38,046 [INFO] Pass: Split2QUnitaries - 0.00358 (ms)
2026-07-10 16:25:38,046 [INFO] Pass: UnitarySynthesis - 0.00501 (ms)
2026-07-10 16:25:38,046 [INFO] Pass: HighLevelSynthesis - 0.03386 (ms)
2026-07-10 16:25:38,046 [INFO] Pass: BasisTranslator - 0.07439 (ms)
2026-07-10 16:25:38,046 [INFO] Pass: ConsolidateBlocks - 0.05293 (ms)
2026-07-10 16:25:38,046 [INFO] Pass: UnitarySynthesis - 0.00453 (ms)
2026-07-10 16:25:38,046 [INFO] Pass: Depth - 0.02551 (ms)
2026-07-10 16:25:38,046 [INFO] Pass: FixedPoint - 0.00429 (ms)
2026-07-10 16:25:38,046 [INFO] Pass: Size - 0.00358 (ms)
2026-07-10 16:25:38,046 [INFO] Pass: FixedPoint - 0.00262 (ms)
2026-07-10 16:25:38,046 [INFO] Pass: RemoveIdentityEquivalent - 0.00334 (ms)
2026-07-10 16:25:38,047 [INFO] Pass: Optimize1qGatesDecomposition - 0.03767 (ms)
2026-07-10 16:25:38,047 [INFO] Pass: CommutativeCancellation - 0.09418 (ms)
2026-07-10 16:25:38,047 [INFO] Pass: ContractIdleWiresInControlFlow - 0.00215 (ms)
2026-07-10 16:25:38,047 [INFO] Pass: GatesInBasis - 0.02813 (ms)
2026-07-10 16:25:38,047 [INFO] Pass: Depth - 0.02241 (ms)
2026-07-10 16:25:38,047 [INFO] Pass: FixedPoint - 0.00334 (ms)
2026-07-10 16:25:38,047 [INFO] Pass: Size - 0.00191 (ms)
2026-07-10 16:25:38,047 [INFO] Pass: FixedPoint - 0.00238 (ms)
2026-07-10 16:25:38,047 [INFO] Pass: ContainsInstruction - 0.00548 (ms)
2026-07-10 16:25:38,047 [INFO] Total Transpile Time - 85.50143 (ms)
2026-07-10 16:25:38,130 [INFO] Pass: ContainsInstruction - 0.00930 (ms)
2026-07-10 16:25:38,130 [INFO] Pass: UnitarySynthesis - 0.00644 (ms)
2026-07-10 16:25:38,130 [INFO] Pass: HighLevelSynthesis - 0.00858 (ms)
2026-07-10 16:25:38,130 [INFO] Pass: BasisTranslator - 0.05078 (ms)
2026-07-10 16:25:38,130 [INFO] Pass: ElidePermutations - 0.00358 (ms)
2026-07-10 16:25:38,130 [INFO] Pass: RemoveDiagonalGatesBeforeMeasure - 0.00715 (ms)
2026-07-10 16:25:38,130 [INFO] Pass: RemoveIdentityEquivalent - 0.00525 (ms)
2026-07-10 16:25:38,130 [INFO] Pass: InverseCancellation - 0.02456 (ms)
2026-07-10 16:25:38,130 [INFO] Pass: ContractIdleWiresInControlFlow - 0.00167 (ms)
2026-07-10 16:25:38,130 [INFO] Pass: CommutativeCancellation - 0.07987 (ms)
2026-07-10 16:25:38,130 [INFO] Pass: ConsolidateBlocks - 0.05007 (ms)
2026-07-10 16:25:38,130 [INFO] Pass: Split2QUnitaries - 0.00238 (ms)
2026-07-10 16:25:38,130 [INFO] Pass: UnitarySynthesis - 0.00477 (ms)
2026-07-10 16:25:38,131 [INFO] Pass: HighLevelSynthesis - 0.03362 (ms)
2026-07-10 16:25:38,131 [INFO] Pass: BasisTranslator - 0.07415 (ms)
2026-07-10 16:25:38,131 [INFO] Pass: ConsolidateBlocks - 0.05102 (ms)
2026-07-10 16:25:38,131 [INFO] Pass: UnitarySynthesis - 0.00429 (ms)
2026-07-10 16:25:38,131 [INFO] Pass: Depth - 0.02360 (ms)
2026-07-10 16:25:38,131 [INFO] Pass: FixedPoint - 0.00429 (ms)
2026-07-10 16:25:38,131 [INFO] Pass: Size - 0.00310 (ms)
2026-07-10 16:25:38,131 [INFO] Pass: FixedPoint - 0.00286 (ms)
2026-07-10 16:25:38,131 [INFO] Pass: RemoveIdentityEquivalent - 0.00453 (ms)
2026-07-10 16:25:38,131 [INFO] Pass: Optimize1qGatesDecomposition - 0.12612 (ms)
2026-07-10 16:25:38,131 [INFO] Pass: CommutativeCancellation - 0.09966 (ms)
2026-07-10 16:25:38,131 [INFO] Pass: ContractIdleWiresInControlFlow - 0.00191 (ms)
2026-07-10 16:25:38,131 [INFO] Pass: GatesInBasis - 0.02813 (ms)
2026-07-10 16:25:38,131 [INFO] Pass: Depth - 0.02289 (ms)
2026-07-10 16:25:38,131 [INFO] Pass: FixedPoint - 0.00381 (ms)
2026-07-10 16:25:38,131 [INFO] Pass: Size - 0.00191 (ms)
2026-07-10 16:25:38,131 [INFO] Pass: FixedPoint - 0.00262 (ms)
2026-07-10 16:25:38,131 [INFO] Pass: ContainsInstruction - 0.00501 (ms)
2026-07-10 16:25:38,132 [INFO] Total Transpile Time - 84.13696 (ms)
2026-07-10 16:25:38,215 [INFO] Pass: ContainsInstruction - 0.01001 (ms)
2026-07-10 16:25:38,215 [INFO] Pass: UnitarySynthesis - 0.00668 (ms)
2026-07-10 16:25:38,215 [INFO] Pass: HighLevelSynthesis - 0.00858 (ms)
2026-07-10 16:25:38,215 [INFO] Pass: BasisTranslator - 0.05078 (ms)
2026-07-10 16:25:38,215 [INFO] Pass: ElidePermutations - 0.00334 (ms)
2026-07-10 16:25:38,215 [INFO] Pass: RemoveDiagonalGatesBeforeMeasure - 0.00596 (ms)
2026-07-10 16:25:38,215 [INFO] Pass: RemoveIdentityEquivalent - 0.00525 (ms)
2026-07-10 16:25:38,215 [INFO] Pass: InverseCancellation - 0.02360 (ms)
2026-07-10 16:25:38,215 [INFO] Pass: ContractIdleWiresInControlFlow - 0.00167 (ms)
2026-07-10 16:25:38,215 [INFO] Pass: CommutativeCancellation - 0.07343 (ms)
2026-07-10 16:25:38,215 [INFO] Pass: ConsolidateBlocks - 0.04196 (ms)
2026-07-10 16:25:38,215 [INFO] Pass: Split2QUnitaries - 0.00262 (ms)
2026-07-10 16:25:38,215 [INFO] Pass: UnitarySynthesis - 0.00572 (ms)
2026-07-10 16:25:38,215 [INFO] Pass: HighLevelSynthesis - 0.03433 (ms)
2026-07-10 16:25:38,215 [INFO] Pass: BasisTranslator - 0.07200 (ms)
2026-07-10 16:25:38,215 [INFO] Pass: ConsolidateBlocks - 0.05102 (ms)
2026-07-10 16:25:38,215 [INFO] Pass: UnitarySynthesis - 0.00429 (ms)
2026-07-10 16:25:38,215 [INFO] Pass: Depth - 0.02408 (ms)
2026-07-10 16:25:38,215 [INFO] Pass: FixedPoint - 0.00477 (ms)
2026-07-10 16:25:38,215 [INFO] Pass: Size - 0.00238 (ms)
2026-07-10 16:25:38,215 [INFO] Pass: FixedPoint - 0.00262 (ms)
2026-07-10 16:25:38,216 [INFO] Pass: RemoveIdentityEquivalent - 0.00477 (ms)
2026-07-10 16:25:38,216 [INFO] Pass: Optimize1qGatesDecomposition - 0.12970 (ms)
2026-07-10 16:25:38,216 [INFO] Pass: CommutativeCancellation - 0.08941 (ms)
2026-07-10 16:25:38,216 [INFO] Pass: ContractIdleWiresInControlFlow - 0.00191 (ms)
2026-07-10 16:25:38,216 [INFO] Pass: GatesInBasis - 0.02742 (ms)
2026-07-10 16:25:38,216 [INFO] Pass: Depth - 0.02384 (ms)
2026-07-10 16:25:38,216 [INFO] Pass: FixedPoint - 0.00358 (ms)
2026-07-10 16:25:38,216 [INFO] Pass: Size - 0.00215 (ms)
2026-07-10 16:25:38,216 [INFO] Pass: FixedPoint - 0.00286 (ms)
2026-07-10 16:25:38,216 [INFO] Pass: RemoveIdentityEquivalent - 0.00429 (ms)
2026-07-10 16:25:38,216 [INFO] Pass: Optimize1qGatesDecomposition - 0.11277 (ms)
2026-07-10 16:25:38,216 [INFO] Pass: CommutativeCancellation - 0.08464 (ms)
2026-07-10 16:25:38,216 [INFO] Pass: ContractIdleWiresInControlFlow - 0.00191 (ms)
2026-07-10 16:25:38,216 [INFO] Pass: GatesInBasis - 0.02646 (ms)
2026-07-10 16:25:38,216 [INFO] Pass: Depth - 0.02217 (ms)
2026-07-10 16:25:38,216 [INFO] Pass: FixedPoint - 0.00310 (ms)
2026-07-10 16:25:38,216 [INFO] Pass: Size - 0.00191 (ms)
2026-07-10 16:25:38,216 [INFO] Pass: FixedPoint - 0.00262 (ms)
2026-07-10 16:25:38,216 [INFO] Pass: ContainsInstruction - 0.00620 (ms)
2026-07-10 16:25:38,217 [INFO] Total Transpile Time - 84.72252 (ms)
2026-07-10 16:41:20,970 [INFO] [PCE] n=150 instancia 37/100 completada en 0:00:15:43 — transcurrido=0:09:53:50 restante_estimado=0:16:51:07
2026-07-10 16:41:21,073 [INFO] Pass: ContainsInstruction - 0.01097 (ms)
2026-07-10 16:41:21,073 [INFO] Pass: UnitarySynthesis - 0.00644 (ms)
2026-07-10 16:41:21,073 [INFO] Pass: HighLevelSynthesis - 0.01001 (ms)
2026-07-10 16:41:21,073 [INFO] Pass: BasisTranslator - 0.06080 (ms)
2026-07-10 16:41:21,073 [INFO] Pass: ElidePermutations - 0.00477 (ms)
2026-07-10 16:41:21,073 [INFO] Pass: RemoveDiagonalGatesBeforeMeasure - 0.00882 (ms)
2026-07-10 16:41:21,073 [INFO] Pass: RemoveIdentityEquivalent - 0.00381 (ms)
2026-07-10 16:41:21,073 [INFO] Pass: InverseCancellation - 0.00477 (ms)
2026-07-10 16:41:21,073 [INFO] Pass: ContractIdleWiresInControlFlow - 0.00167 (ms)
2026-07-10 16:41:21,073 [INFO] Pass: CommutativeCancellation - 0.08321 (ms)
2026-07-10 16:41:21,074 [INFO] Pass: ConsolidateBlocks - 0.04601 (ms)
2026-07-10 16:41:21,074 [INFO] Pass: Split2QUnitaries - 0.00286 (ms)
2026-07-10 16:41:21,074 [INFO] Pass: UnitarySynthesis - 0.00525 (ms)
2026-07-10 16:41:21,074 [INFO] Pass: HighLevelSynthesis - 0.03409 (ms)
2026-07-10 16:41:21,074 [INFO] Pass: BasisTranslator - 0.07367 (ms)
2026-07-10 16:41:21,074 [INFO] Pass: ConsolidateBlocks - 0.05269 (ms)
2026-07-10 16:41:21,074 [INFO] Pass: UnitarySynthesis - 0.00477 (ms)
2026-07-10 16:41:21,074 [INFO] Pass: Depth - 0.02503 (ms)
2026-07-10 16:41:21,074 [INFO] Pass: FixedPoint - 0.00405 (ms)
2026-07-10 16:41:21,074 [INFO] Pass: Size - 0.00381 (ms)
2026-07-10 16:41:21,074 [INFO] Pass: FixedPoint - 0.00238 (ms)
2026-07-10 16:41:21,074 [INFO] Pass: RemoveIdentityEquivalent - 0.00405 (ms)
2026-07-10 16:41:21,074 [INFO] Pass: Optimize1qGatesDecomposition - 0.03600 (ms)
2026-07-10 16:41:21,074 [INFO] Pass: CommutativeCancellation - 0.08917 (ms)
2026-07-10 16:41:21,074 [INFO] Pass: ContractIdleWiresInControlFlow - 0.00215 (ms)
2026-07-10 16:41:21,074 [INFO] Pass: GatesInBasis - 0.02861 (ms)
2026-07-10 16:41:21,074 [INFO] Pass: Depth - 0.02193 (ms)
2026-07-10 16:41:21,074 [INFO] Pass: FixedPoint - 0.00334 (ms)
2026-07-10 16:41:21,074 [INFO] Pass: Size - 0.00238 (ms)
2026-07-10 16:41:21,074 [INFO] Pass: FixedPoint - 0.00262 (ms)
2026-07-10 16:41:21,074 [INFO] Pass: ContainsInstruction - 0.00525 (ms)
2026-07-10 16:41:21,075 [INFO] Total Transpile Time - 86.10296 (ms)
2026-07-10 16:41:21,158 [INFO] Pass: ContainsInstruction - 0.00954 (ms)
2026-07-10 16:41:21,158 [INFO] Pass: UnitarySynthesis - 0.00620 (ms)
2026-07-10 16:41:21,159 [INFO] Pass: HighLevelSynthesis - 0.00906 (ms)
2026-07-10 16:41:21,159 [INFO] Pass: BasisTranslator - 0.05221 (ms)
2026-07-10 16:41:21,159 [INFO] Pass: ElidePermutations - 0.00358 (ms)
2026-07-10 16:41:21,159 [INFO] Pass: RemoveDiagonalGatesBeforeMeasure - 0.00644 (ms)
2026-07-10 16:41:21,159 [INFO] Pass: RemoveIdentityEquivalent - 0.00548 (ms)
2026-07-10 16:41:21,159 [INFO] Pass: InverseCancellation - 0.02289 (ms)
2026-07-10 16:41:21,159 [INFO] Pass: ContractIdleWiresInControlFlow - 0.00167 (ms)
2026-07-10 16:41:21,159 [INFO] Pass: CommutativeCancellation - 0.07653 (ms)
2026-07-10 16:41:21,159 [INFO] Pass: ConsolidateBlocks - 0.04196 (ms)
2026-07-10 16:41:21,159 [INFO] Pass: Split2QUnitaries - 0.00215 (ms)
2026-07-10 16:41:21,159 [INFO] Pass: UnitarySynthesis - 0.00477 (ms)
2026-07-10 16:41:21,159 [INFO] Pass: HighLevelSynthesis - 0.03290 (ms)
2026-07-10 16:41:21,159 [INFO] Pass: BasisTranslator - 0.07200 (ms)
2026-07-10 16:41:21,159 [INFO] Pass: ConsolidateBlocks - 0.05031 (ms)
2026-07-10 16:41:21,159 [INFO] Pass: UnitarySynthesis - 0.00429 (ms)
2026-07-10 16:41:21,159 [INFO] Pass: Depth - 0.02551 (ms)
2026-07-10 16:41:21,159 [INFO] Pass: FixedPoint - 0.00405 (ms)
2026-07-10 16:41:21,159 [INFO] Pass: Size - 0.00286 (ms)
2026-07-10 16:41:21,159 [INFO] Pass: FixedPoint - 0.00286 (ms)
2026-07-10 16:41:21,159 [INFO] Pass: RemoveIdentityEquivalent - 0.00381 (ms)
2026-07-10 16:41:21,160 [INFO] Pass: Optimize1qGatesDecomposition - 0.12350 (ms)
2026-07-10 16:41:21,160 [INFO] Pass: CommutativeCancellation - 0.09680 (ms)
2026-07-10 16:41:21,160 [INFO] Pass: ContractIdleWiresInControlFlow - 0.00167 (ms)
2026-07-10 16:41:21,160 [INFO] Pass: GatesInBasis - 0.02789 (ms)
2026-07-10 16:41:21,160 [INFO] Pass: Depth - 0.02694 (ms)
2026-07-10 16:41:21,160 [INFO] Pass: FixedPoint - 0.00334 (ms)
2026-07-10 16:41:21,160 [INFO] Pass: Size - 0.00215 (ms)
2026-07-10 16:41:21,160 [INFO] Pass: FixedPoint - 0.00262 (ms)
2026-07-10 16:41:21,160 [INFO] Pass: ContainsInstruction - 0.00525 (ms)
2026-07-10 16:41:21,160 [INFO] Total Transpile Time - 85.12306 (ms)
2026-07-10 16:41:21,245 [INFO] Pass: ContainsInstruction - 0.00930 (ms)
2026-07-10 16:41:21,245 [INFO] Pass: UnitarySynthesis - 0.00644 (ms)
2026-07-10 16:41:21,245 [INFO] Pass: HighLevelSynthesis - 0.00858 (ms)
2026-07-10 16:41:21,245 [INFO] Pass: BasisTranslator - 0.05054 (ms)
2026-07-10 16:41:21,245 [INFO] Pass: ElidePermutations - 0.00310 (ms)
2026-07-10 16:41:21,245 [INFO] Pass: RemoveDiagonalGatesBeforeMeasure - 0.00596 (ms)
2026-07-10 16:41:21,245 [INFO] Pass: RemoveIdentityEquivalent - 0.00572 (ms)
2026-07-10 16:41:21,245 [INFO] Pass: InverseCancellation - 0.02170 (ms)
2026-07-10 16:41:21,245 [INFO] Pass: ContractIdleWiresInControlFlow - 0.00191 (ms)
2026-07-10 16:41:21,245 [INFO] Pass: CommutativeCancellation - 0.07224 (ms)
2026-07-10 16:41:21,245 [INFO] Pass: ConsolidateBlocks - 0.04888 (ms)
2026-07-10 16:41:21,245 [INFO] Pass: Split2QUnitaries - 0.00238 (ms)
2026-07-10 16:41:21,245 [INFO] Pass: UnitarySynthesis - 0.00525 (ms)
2026-07-10 16:41:21,246 [INFO] Pass: HighLevelSynthesis - 0.03552 (ms)
2026-07-10 16:41:21,246 [INFO] Pass: BasisTranslator - 0.07176 (ms)
2026-07-10 16:41:21,246 [INFO] Pass: ConsolidateBlocks - 0.05102 (ms)
2026-07-10 16:41:21,246 [INFO] Pass: UnitarySynthesis - 0.00477 (ms)
2026-07-10 16:41:21,246 [INFO] Pass: Depth - 0.02766 (ms)
2026-07-10 16:41:21,246 [INFO] Pass: FixedPoint - 0.00405 (ms)
2026-07-10 16:41:21,246 [INFO] Pass: Size - 0.00262 (ms)
2026-07-10 16:41:21,246 [INFO] Pass: FixedPoint - 0.00310 (ms)
2026-07-10 16:41:21,246 [INFO] Pass: RemoveIdentityEquivalent - 0.00525 (ms)
2026-07-10 16:41:21,246 [INFO] Pass: Optimize1qGatesDecomposition - 0.12875 (ms)
2026-07-10 16:41:21,246 [INFO] Pass: CommutativeCancellation - 0.08941 (ms)
2026-07-10 16:41:21,246 [INFO] Pass: ContractIdleWiresInControlFlow - 0.00191 (ms)
2026-07-10 16:41:21,246 [INFO] Pass: GatesInBasis - 0.02766 (ms)
2026-07-10 16:41:21,246 [INFO] Pass: Depth - 0.02265 (ms)
2026-07-10 16:41:21,246 [INFO] Pass: FixedPoint - 0.00358 (ms)
2026-07-10 16:41:21,246 [INFO] Pass: Size - 0.00191 (ms)
2026-07-10 16:41:21,246 [INFO] Pass: FixedPoint - 0.00262 (ms)
2026-07-10 16:41:21,246 [INFO] Pass: RemoveIdentityEquivalent - 0.00429 (ms)
2026-07-10 16:41:21,247 [INFO] Pass: Optimize1qGatesDecomposition - 0.11086 (ms)
2026-07-10 16:41:21,247 [INFO] Pass: CommutativeCancellation - 0.08345 (ms)
2026-07-10 16:41:21,247 [INFO] Pass: ContractIdleWiresInControlFlow - 0.00167 (ms)
2026-07-10 16:41:21,247 [INFO] Pass: GatesInBasis - 0.02646 (ms)
2026-07-10 16:41:21,247 [INFO] Pass: Depth - 0.02074 (ms)
2026-07-10 16:41:21,247 [INFO] Pass: FixedPoint - 0.00310 (ms)
2026-07-10 16:41:21,247 [INFO] Pass: Size - 0.00215 (ms)
2026-07-10 16:41:21,247 [INFO] Pass: FixedPoint - 0.00238 (ms)
2026-07-10 16:41:21,247 [INFO] Pass: ContainsInstruction - 0.00572 (ms)
2026-07-10 16:41:21,247 [INFO] Total Transpile Time - 86.60531 (ms)
2026-07-10 16:57:56,877 [INFO] [PCE] n=150 instancia 38/100 completada en 0:00:16:36 — transcurrido=0:10:10:26 restante_estimado=0:16:35:57
2026-07-10 16:57:56,981 [INFO] Pass: ContainsInstruction - 0.01025 (ms)
2026-07-10 16:57:56,981 [INFO] Pass: UnitarySynthesis - 0.00763 (ms)
2026-07-10 16:57:56,981 [INFO] Pass: HighLevelSynthesis - 0.01025 (ms)
2026-07-10 16:57:56,981 [INFO] Pass: BasisTranslator - 0.05770 (ms)
2026-07-10 16:57:56,981 [INFO] Pass: ElidePermutations - 0.00525 (ms)
2026-07-10 16:57:56,981 [INFO] Pass: RemoveDiagonalGatesBeforeMeasure - 0.00811 (ms)
2026-07-10 16:57:56,981 [INFO] Pass: RemoveIdentityEquivalent - 0.00381 (ms)
2026-07-10 16:57:56,981 [INFO] Pass: InverseCancellation - 0.00453 (ms)
2026-07-10 16:57:56,981 [INFO] Pass: ContractIdleWiresInControlFlow - 0.00191 (ms)
2026-07-10 16:57:56,981 [INFO] Pass: CommutativeCancellation - 0.08178 (ms)
2026-07-10 16:57:56,981 [INFO] Pass: ConsolidateBlocks - 0.04697 (ms)
2026-07-10 16:57:56,982 [INFO] Pass: Split2QUnitaries - 0.00310 (ms)
2026-07-10 16:57:56,982 [INFO] Pass: UnitarySynthesis - 0.00477 (ms)
2026-07-10 16:57:56,982 [INFO] Pass: HighLevelSynthesis - 0.03409 (ms)
2026-07-10 16:57:56,982 [INFO] Pass: BasisTranslator - 0.07558 (ms)
2026-07-10 16:57:56,982 [INFO] Pass: ConsolidateBlocks - 0.05293 (ms)
2026-07-10 16:57:56,982 [INFO] Pass: UnitarySynthesis - 0.00405 (ms)
2026-07-10 16:57:56,982 [INFO] Pass: Depth - 0.02718 (ms)
2026-07-10 16:57:56,982 [INFO] Pass: FixedPoint - 0.00453 (ms)
2026-07-10 16:57:56,982 [INFO] Pass: Size - 0.00310 (ms)
2026-07-10 16:57:56,982 [INFO] Pass: FixedPoint - 0.00286 (ms)
2026-07-10 16:57:56,982 [INFO] Pass: RemoveIdentityEquivalent - 0.00310 (ms)
2026-07-10 16:57:56,982 [INFO] Pass: Optimize1qGatesDecomposition - 0.03552 (ms)
2026-07-10 16:57:56,982 [INFO] Pass: CommutativeCancellation - 0.09227 (ms)
2026-07-10 16:57:56,982 [INFO] Pass: ContractIdleWiresInControlFlow - 0.00238 (ms)
2026-07-10 16:57:56,982 [INFO] Pass: GatesInBasis - 0.02909 (ms)
2026-07-10 16:57:56,982 [INFO] Pass: Depth - 0.02575 (ms)
2026-07-10 16:57:56,982 [INFO] Pass: FixedPoint - 0.00358 (ms)
2026-07-10 16:57:56,982 [INFO] Pass: Size - 0.00191 (ms)
2026-07-10 16:57:56,982 [INFO] Pass: FixedPoint - 0.00262 (ms)
2026-07-10 16:57:56,982 [INFO] Pass: ContainsInstruction - 0.00548 (ms)
2026-07-10 16:57:56,983 [INFO] Total Transpile Time - 87.09550 (ms)
2026-07-10 16:57:57,067 [INFO] Pass: ContainsInstruction - 0.00954 (ms)
2026-07-10 16:57:57,067 [INFO] Pass: UnitarySynthesis - 0.00620 (ms)
2026-07-10 16:57:57,067 [INFO] Pass: HighLevelSynthesis - 0.00906 (ms)
2026-07-10 16:57:57,067 [INFO] Pass: BasisTranslator - 0.05436 (ms)
2026-07-10 16:57:57,067 [INFO] Pass: ElidePermutations - 0.00358 (ms)
2026-07-10 16:57:57,067 [INFO] Pass: RemoveDiagonalGatesBeforeMeasure - 0.00715 (ms)
2026-07-10 16:57:57,067 [INFO] Pass: RemoveIdentityEquivalent - 0.01144 (ms)
2026-07-10 16:57:57,067 [INFO] Pass: InverseCancellation - 0.02432 (ms)
2026-07-10 16:57:57,067 [INFO] Pass: ContractIdleWiresInControlFlow - 0.00167 (ms)
2026-07-10 16:57:57,068 [INFO] Pass: CommutativeCancellation - 0.07677 (ms)
2026-07-10 16:57:57,068 [INFO] Pass: ConsolidateBlocks - 0.04339 (ms)
2026-07-10 16:57:57,068 [INFO] Pass: Split2QUnitaries - 0.00262 (ms)
2026-07-10 16:57:57,068 [INFO] Pass: UnitarySynthesis - 0.00477 (ms)
2026-07-10 16:57:57,068 [INFO] Pass: HighLevelSynthesis - 0.03433 (ms)
2026-07-10 16:57:57,068 [INFO] Pass: BasisTranslator - 0.07272 (ms)
2026-07-10 16:57:57,068 [INFO] Pass: ConsolidateBlocks - 0.05150 (ms)
2026-07-10 16:57:57,068 [INFO] Pass: UnitarySynthesis - 0.00453 (ms)
2026-07-10 16:57:57,068 [INFO] Pass: Depth - 0.02480 (ms)
2026-07-10 16:57:57,068 [INFO] Pass: FixedPoint - 0.00381 (ms)
2026-07-10 16:57:57,068 [INFO] Pass: Size - 0.00286 (ms)
2026-07-10 16:57:57,068 [INFO] Pass: FixedPoint - 0.00215 (ms)
2026-07-10 16:57:57,068 [INFO] Pass: RemoveIdentityEquivalent - 0.00501 (ms)
2026-07-10 16:57:57,068 [INFO] Pass: Optimize1qGatesDecomposition - 0.12612 (ms)
2026-07-10 16:57:57,068 [INFO] Pass: CommutativeCancellation - 0.09227 (ms)
2026-07-10 16:57:57,068 [INFO] Pass: ContractIdleWiresInControlFlow - 0.00215 (ms)
2026-07-10 16:57:57,068 [INFO] Pass: GatesInBasis - 0.02909 (ms)
2026-07-10 16:57:57,069 [INFO] Pass: Depth - 0.02289 (ms)
2026-07-10 16:57:57,069 [INFO] Pass: FixedPoint - 0.00358 (ms)
2026-07-10 16:57:57,069 [INFO] Pass: Size - 0.00215 (ms)
2026-07-10 16:57:57,069 [INFO] Pass: FixedPoint - 0.00262 (ms)
2026-07-10 16:57:57,069 [INFO] Pass: ContainsInstruction - 0.00501 (ms)
2026-07-10 16:57:57,069 [INFO] Total Transpile Time - 85.84571 (ms)
2026-07-10 16:57:57,153 [INFO] Pass: ContainsInstruction - 0.00954 (ms)
2026-07-10 16:57:57,153 [INFO] Pass: UnitarySynthesis - 0.00620 (ms)
2026-07-10 16:57:57,153 [INFO] Pass: HighLevelSynthesis - 0.00882 (ms)
2026-07-10 16:57:57,153 [INFO] Pass: BasisTranslator - 0.05126 (ms)
2026-07-10 16:57:57,153 [INFO] Pass: ElidePermutations - 0.00358 (ms)
2026-07-10 16:57:57,153 [INFO] Pass: RemoveDiagonalGatesBeforeMeasure - 0.00596 (ms)
2026-07-10 16:57:57,153 [INFO] Pass: RemoveIdentityEquivalent - 0.00525 (ms)
2026-07-10 16:57:57,153 [INFO] Pass: InverseCancellation - 0.03076 (ms)
2026-07-10 16:57:57,153 [INFO] Pass: ContractIdleWiresInControlFlow - 0.00191 (ms)
2026-07-10 16:57:57,154 [INFO] Pass: CommutativeCancellation - 0.07153 (ms)
2026-07-10 16:57:57,154 [INFO] Pass: ConsolidateBlocks - 0.04268 (ms)
2026-07-10 16:57:57,154 [INFO] Pass: Split2QUnitaries - 0.00238 (ms)
2026-07-10 16:57:57,154 [INFO] Pass: UnitarySynthesis - 0.00525 (ms)
2026-07-10 16:57:57,154 [INFO] Pass: HighLevelSynthesis - 0.03481 (ms)
2026-07-10 16:57:57,154 [INFO] Pass: BasisTranslator - 0.07200 (ms)
2026-07-10 16:57:57,154 [INFO] Pass: ConsolidateBlocks - 0.05221 (ms)
2026-07-10 16:57:57,154 [INFO] Pass: UnitarySynthesis - 0.00501 (ms)
2026-07-10 16:57:57,154 [INFO] Pass: Depth - 0.02408 (ms)
2026-07-10 16:57:57,154 [INFO] Pass: FixedPoint - 0.00405 (ms)
2026-07-10 16:57:57,154 [INFO] Pass: Size - 0.00286 (ms)
2026-07-10 16:57:57,154 [INFO] Pass: FixedPoint - 0.00286 (ms)
2026-07-10 16:57:57,154 [INFO] Pass: RemoveIdentityEquivalent - 0.00501 (ms)
2026-07-10 16:57:57,154 [INFO] Pass: Optimize1qGatesDecomposition - 0.13351 (ms)
2026-07-10 16:57:57,154 [INFO] Pass: CommutativeCancellation - 0.08869 (ms)
2026-07-10 16:57:57,154 [INFO] Pass: ContractIdleWiresInControlFlow - 0.00191 (ms)
2026-07-10 16:57:57,154 [INFO] Pass: GatesInBasis - 0.02837 (ms)
2026-07-10 16:57:57,154 [INFO] Pass: Depth - 0.02527 (ms)
2026-07-10 16:57:57,155 [INFO] Pass: FixedPoint - 0.00381 (ms)
2026-07-10 16:57:57,155 [INFO] Pass: Size - 0.00191 (ms)
2026-07-10 16:57:57,155 [INFO] Pass: FixedPoint - 0.00286 (ms)
2026-07-10 16:57:57,155 [INFO] Pass: RemoveIdentityEquivalent - 0.00525 (ms)
2026-07-10 16:57:57,155 [INFO] Pass: Optimize1qGatesDecomposition - 0.11587 (ms)
2026-07-10 16:57:57,155 [INFO] Pass: CommutativeCancellation - 0.08130 (ms)
2026-07-10 16:57:57,155 [INFO] Pass: ContractIdleWiresInControlFlow - 0.00191 (ms)
2026-07-10 16:57:57,155 [INFO] Pass: GatesInBasis - 0.02670 (ms)
2026-07-10 16:57:57,155 [INFO] Pass: Depth - 0.02170 (ms)
2026-07-10 16:57:57,155 [INFO] Pass: FixedPoint - 0.00310 (ms)
2026-07-10 16:57:57,155 [INFO] Pass: Size - 0.00191 (ms)
2026-07-10 16:57:57,155 [INFO] Pass: FixedPoint - 0.00238 (ms)
2026-07-10 16:57:57,155 [INFO] Pass: ContainsInstruction - 0.00596 (ms)
2026-07-10 16:57:57,155 [INFO] Total Transpile Time - 86.07578 (ms)
2026-07-10 17:16:09,553 [INFO] [PCE] n=150 instancia 39/100 completada en 0:00:18:13 — transcurrido=0:10:28:38 restante_estimado=0:16:23:15
2026-07-10 17:16:09,657 [INFO] Pass: ContainsInstruction - 0.01097 (ms)
2026-07-10 17:16:09,657 [INFO] Pass: UnitarySynthesis - 0.00668 (ms)
2026-07-10 17:16:09,657 [INFO] Pass: HighLevelSynthesis - 0.01049 (ms)
2026-07-10 17:16:09,657 [INFO] Pass: BasisTranslator - 0.05913 (ms)
2026-07-10 17:16:09,657 [INFO] Pass: ElidePermutations - 0.00501 (ms)
2026-07-10 17:16:09,657 [INFO] Pass: RemoveDiagonalGatesBeforeMeasure - 0.00882 (ms)
2026-07-10 17:16:09,657 [INFO] Pass: RemoveIdentityEquivalent - 0.00453 (ms)
2026-07-10 17:16:09,657 [INFO] Pass: InverseCancellation - 0.00525 (ms)
2026-07-10 17:16:09,657 [INFO] Pass: ContractIdleWiresInControlFlow - 0.00215 (ms)
2026-07-10 17:16:09,657 [INFO] Pass: CommutativeCancellation - 0.07629 (ms)
2026-07-10 17:16:09,657 [INFO] Pass: ConsolidateBlocks - 0.04482 (ms)
2026-07-10 17:16:09,657 [INFO] Pass: Split2QUnitaries - 0.00286 (ms)
2026-07-10 17:16:09,657 [INFO] Pass: UnitarySynthesis - 0.00501 (ms)
2026-07-10 17:16:09,657 [INFO] Pass: HighLevelSynthesis - 0.03338 (ms)
2026-07-10 17:16:09,657 [INFO] Pass: BasisTranslator - 0.07486 (ms)
2026-07-10 17:16:09,657 [INFO] Pass: ConsolidateBlocks - 0.06104 (ms)
2026-07-10 17:16:09,657 [INFO] Pass: UnitarySynthesis - 0.00477 (ms)
2026-07-10 17:16:09,658 [INFO] Pass: Depth - 0.02551 (ms)
2026-07-10 17:16:09,658 [INFO] Pass: FixedPoint - 0.00453 (ms)
2026-07-10 17:16:09,658 [INFO] Pass: Size - 0.00358 (ms)
2026-07-10 17:16:09,658 [INFO] Pass: FixedPoint - 0.00262 (ms)
2026-07-10 17:16:09,658 [INFO] Pass: RemoveIdentityEquivalent - 0.00334 (ms)
2026-07-10 17:16:09,658 [INFO] Pass: Optimize1qGatesDecomposition - 0.03529 (ms)
2026-07-10 17:16:09,658 [INFO] Pass: CommutativeCancellation - 0.09441 (ms)
2026-07-10 17:16:09,658 [INFO] Pass: ContractIdleWiresInControlFlow - 0.00215 (ms)
2026-07-10 17:16:09,658 [INFO] Pass: GatesInBasis - 0.02789 (ms)
2026-07-10 17:16:09,658 [INFO] Pass: Depth - 0.02193 (ms)
2026-07-10 17:16:09,658 [INFO] Pass: FixedPoint - 0.00358 (ms)
2026-07-10 17:16:09,658 [INFO] Pass: Size - 0.00191 (ms)
2026-07-10 17:16:09,658 [INFO] Pass: FixedPoint - 0.00262 (ms)
2026-07-10 17:16:09,658 [INFO] Pass: ContainsInstruction - 0.00501 (ms)
2026-07-10 17:16:09,658 [INFO] Total Transpile Time - 86.30967 (ms)
2026-07-10 17:16:09,742 [INFO] Pass: ContainsInstruction - 0.01001 (ms)
2026-07-10 17:16:09,742 [INFO] Pass: UnitarySynthesis - 0.00644 (ms)
2026-07-10 17:16:09,742 [INFO] Pass: HighLevelSynthesis - 0.00906 (ms)
2026-07-10 17:16:09,742 [INFO] Pass: BasisTranslator - 0.05269 (ms)
2026-07-10 17:16:09,742 [INFO] Pass: ElidePermutations - 0.00358 (ms)
2026-07-10 17:16:09,742 [INFO] Pass: RemoveDiagonalGatesBeforeMeasure - 0.00691 (ms)
2026-07-10 17:16:09,742 [INFO] Pass: RemoveIdentityEquivalent - 0.00477 (ms)
2026-07-10 17:16:09,742 [INFO] Pass: InverseCancellation - 0.02456 (ms)
2026-07-10 17:16:09,742 [INFO] Pass: ContractIdleWiresInControlFlow - 0.00167 (ms)
2026-07-10 17:16:09,742 [INFO] Pass: CommutativeCancellation - 0.08154 (ms)
2026-07-10 17:16:09,742 [INFO] Pass: ConsolidateBlocks - 0.04315 (ms)
2026-07-10 17:16:09,742 [INFO] Pass: Split2QUnitaries - 0.00262 (ms)
2026-07-10 17:16:09,742 [INFO] Pass: UnitarySynthesis - 0.00548 (ms)
2026-07-10 17:16:09,742 [INFO] Pass: HighLevelSynthesis - 0.03409 (ms)
2026-07-10 17:16:09,742 [INFO] Pass: BasisTranslator - 0.07415 (ms)
2026-07-10 17:16:09,742 [INFO] Pass: ConsolidateBlocks - 0.05198 (ms)
2026-07-10 17:16:09,742 [INFO] Pass: UnitarySynthesis - 0.00477 (ms)
2026-07-10 17:16:09,742 [INFO] Pass: Depth - 0.03004 (ms)
2026-07-10 17:16:09,742 [INFO] Pass: FixedPoint - 0.00405 (ms)
2026-07-10 17:16:09,743 [INFO] Pass: Size - 0.00262 (ms)
2026-07-10 17:16:09,743 [INFO] Pass: FixedPoint - 0.00262 (ms)
2026-07-10 17:16:09,743 [INFO] Pass: RemoveIdentityEquivalent - 0.00405 (ms)
2026-07-10 17:16:09,743 [INFO] Pass: Optimize1qGatesDecomposition - 0.12922 (ms)
2026-07-10 17:16:09,743 [INFO] Pass: CommutativeCancellation - 0.10037 (ms)
2026-07-10 17:16:09,743 [INFO] Pass: ContractIdleWiresInControlFlow - 0.00167 (ms)
2026-07-10 17:16:09,743 [INFO] Pass: GatesInBasis - 0.02837 (ms)
2026-07-10 17:16:09,743 [INFO] Pass: Depth - 0.02289 (ms)
2026-07-10 17:16:09,743 [INFO] Pass: FixedPoint - 0.00358 (ms)
2026-07-10 17:16:09,743 [INFO] Pass: Size - 0.00191 (ms)
2026-07-10 17:16:09,743 [INFO] Pass: FixedPoint - 0.00238 (ms)
2026-07-10 17:16:09,743 [INFO] Pass: ContainsInstruction - 0.00548 (ms)
2026-07-10 17:16:09,743 [INFO] Total Transpile Time - 84.62691 (ms)
2026-07-10 17:16:09,827 [INFO] Pass: ContainsInstruction - 0.00954 (ms)
2026-07-10 17:16:09,827 [INFO] Pass: UnitarySynthesis - 0.00596 (ms)
2026-07-10 17:16:09,827 [INFO] Pass: HighLevelSynthesis - 0.00858 (ms)
2026-07-10 17:16:09,827 [INFO] Pass: BasisTranslator - 0.05102 (ms)
2026-07-10 17:16:09,827 [INFO] Pass: ElidePermutations - 0.00334 (ms)
2026-07-10 17:16:09,827 [INFO] Pass: RemoveDiagonalGatesBeforeMeasure - 0.00620 (ms)
2026-07-10 17:16:09,827 [INFO] Pass: RemoveIdentityEquivalent - 0.00501 (ms)
2026-07-10 17:16:09,827 [INFO] Pass: InverseCancellation - 0.02170 (ms)
2026-07-10 17:16:09,827 [INFO] Pass: ContractIdleWiresInControlFlow - 0.00167 (ms)
2026-07-10 17:16:09,827 [INFO] Pass: CommutativeCancellation - 0.07343 (ms)
2026-07-10 17:16:09,827 [INFO] Pass: ConsolidateBlocks - 0.04268 (ms)
2026-07-10 17:16:09,827 [INFO] Pass: Split2QUnitaries - 0.00262 (ms)
2026-07-10 17:16:09,827 [INFO] Pass: UnitarySynthesis - 0.00501 (ms)
2026-07-10 17:16:09,827 [INFO] Pass: HighLevelSynthesis - 0.03481 (ms)
2026-07-10 17:16:09,827 [INFO] Pass: BasisTranslator - 0.07248 (ms)
2026-07-10 17:16:09,827 [INFO] Pass: ConsolidateBlocks - 0.05054 (ms)
2026-07-10 17:16:09,827 [INFO] Pass: UnitarySynthesis - 0.00429 (ms)
2026-07-10 17:16:09,827 [INFO] Pass: Depth - 0.02623 (ms)
2026-07-10 17:16:09,827 [INFO] Pass: FixedPoint - 0.00429 (ms)
2026-07-10 17:16:09,827 [INFO] Pass: Size - 0.00286 (ms)
2026-07-10 17:16:09,828 [INFO] Pass: FixedPoint - 0.00286 (ms)
2026-07-10 17:16:09,828 [INFO] Pass: RemoveIdentityEquivalent - 0.00453 (ms)
2026-07-10 17:16:09,828 [INFO] Pass: Optimize1qGatesDecomposition - 0.13399 (ms)
2026-07-10 17:16:09,828 [INFO] Pass: CommutativeCancellation - 0.09322 (ms)
2026-07-10 17:16:09,828 [INFO] Pass: ContractIdleWiresInControlFlow - 0.00143 (ms)
2026-07-10 17:16:09,828 [INFO] Pass: GatesInBasis - 0.02742 (ms)
2026-07-10 17:16:09,828 [INFO] Pass: Depth - 0.02313 (ms)
2026-07-10 17:16:09,828 [INFO] Pass: FixedPoint - 0.00381 (ms)
2026-07-10 17:16:09,828 [INFO] Pass: Size - 0.00215 (ms)
2026-07-10 17:16:09,828 [INFO] Pass: FixedPoint - 0.00286 (ms)
2026-07-10 17:16:09,828 [INFO] Pass: RemoveIdentityEquivalent - 0.00477 (ms)
2026-07-10 17:16:09,828 [INFO] Pass: Optimize1qGatesDecomposition - 0.11563 (ms)
2026-07-10 17:16:09,828 [INFO] Pass: CommutativeCancellation - 0.08607 (ms)
2026-07-10 17:16:09,828 [INFO] Pass: ContractIdleWiresInControlFlow - 0.00191 (ms)
2026-07-10 17:16:09,828 [INFO] Pass: GatesInBasis - 0.02694 (ms)
2026-07-10 17:16:09,828 [INFO] Pass: Depth - 0.02217 (ms)
2026-07-10 17:16:09,828 [INFO] Pass: FixedPoint - 0.00334 (ms)
2026-07-10 17:16:09,828 [INFO] Pass: Size - 0.00215 (ms)
2026-07-10 17:16:09,828 [INFO] Pass: FixedPoint - 0.00286 (ms)
2026-07-10 17:16:09,829 [INFO] Pass: ContainsInstruction - 0.00548 (ms)
2026-07-10 17:16:09,829 [INFO] Total Transpile Time - 85.09135 (ms)
2026-07-10 17:37:19,793 [INFO] [PCE] n=150 instancia 40/100 completada en 0:00:21:10 — transcurrido=0:10:49:48 restante_estimado=0:16:14:43
2026-07-10 17:37:19,894 [INFO] Pass: ContainsInstruction - 0.01097 (ms)
2026-07-10 17:37:19,894 [INFO] Pass: UnitarySynthesis - 0.00691 (ms)
2026-07-10 17:37:19,894 [INFO] Pass: HighLevelSynthesis - 0.01097 (ms)
2026-07-10 17:37:19,895 [INFO] Pass: BasisTranslator - 0.05960 (ms)
2026-07-10 17:37:19,895 [INFO] Pass: ElidePermutations - 0.00525 (ms)
2026-07-10 17:37:19,895 [INFO] Pass: RemoveDiagonalGatesBeforeMeasure - 0.00858 (ms)
2026-07-10 17:37:19,895 [INFO] Pass: RemoveIdentityEquivalent - 0.00405 (ms)
2026-07-10 17:37:19,895 [INFO] Pass: InverseCancellation - 0.00453 (ms)
2026-07-10 17:37:19,895 [INFO] Pass: ContractIdleWiresInControlFlow - 0.00238 (ms)
2026-07-10 17:37:19,895 [INFO] Pass: CommutativeCancellation - 0.07582 (ms)
2026-07-10 17:37:19,895 [INFO] Pass: ConsolidateBlocks - 0.04649 (ms)
2026-07-10 17:37:19,895 [INFO] Pass: Split2QUnitaries - 0.00310 (ms)
2026-07-10 17:37:19,895 [INFO] Pass: UnitarySynthesis - 0.00525 (ms)
2026-07-10 17:37:19,895 [INFO] Pass: HighLevelSynthesis - 0.03409 (ms)
2026-07-10 17:37:19,895 [INFO] Pass: BasisTranslator - 0.07391 (ms)
2026-07-10 17:37:19,895 [INFO] Pass: ConsolidateBlocks - 0.05221 (ms)
2026-07-10 17:37:19,895 [INFO] Pass: UnitarySynthesis - 0.00477 (ms)
2026-07-10 17:37:19,895 [INFO] Pass: Depth - 0.02527 (ms)
2026-07-10 17:37:19,895 [INFO] Pass: FixedPoint - 0.00429 (ms)
2026-07-10 17:37:19,895 [INFO] Pass: Size - 0.00358 (ms)
2026-07-10 17:37:19,895 [INFO] Pass: FixedPoint - 0.00286 (ms)
2026-07-10 17:37:19,895 [INFO] Pass: RemoveIdentityEquivalent - 0.00310 (ms)
2026-07-10 17:37:19,895 [INFO] Pass: Optimize1qGatesDecomposition - 0.03672 (ms)
2026-07-10 17:37:19,895 [INFO] Pass: CommutativeCancellation - 0.08845 (ms)
2026-07-10 17:37:19,896 [INFO] Pass: ContractIdleWiresInControlFlow - 0.00191 (ms)
2026-07-10 17:37:19,896 [INFO] Pass: GatesInBasis - 0.02861 (ms)
2026-07-10 17:37:19,896 [INFO] Pass: Depth - 0.02360 (ms)
2026-07-10 17:37:19,896 [INFO] Pass: FixedPoint - 0.00358 (ms)
2026-07-10 17:37:19,896 [INFO] Pass: Size - 0.00167 (ms)
2026-07-10 17:37:19,896 [INFO] Pass: FixedPoint - 0.00262 (ms)
2026-07-10 17:37:19,896 [INFO] Pass: ContainsInstruction - 0.00501 (ms)
2026-07-10 17:37:19,896 [INFO] Total Transpile Time - 85.84833 (ms)
2026-07-10 17:37:19,978 [INFO] Pass: ContainsInstruction - 0.00978 (ms)
2026-07-10 17:37:19,979 [INFO] Pass: UnitarySynthesis - 0.00644 (ms)
2026-07-10 17:37:19,979 [INFO] Pass: HighLevelSynthesis - 0.00906 (ms)
2026-07-10 17:37:19,979 [INFO] Pass: BasisTranslator - 0.05603 (ms)
2026-07-10 17:37:19,979 [INFO] Pass: ElidePermutations - 0.00405 (ms)
2026-07-10 17:37:19,979 [INFO] Pass: RemoveDiagonalGatesBeforeMeasure - 0.00739 (ms)
2026-07-10 17:37:19,979 [INFO] Pass: RemoveIdentityEquivalent - 0.00453 (ms)
2026-07-10 17:37:19,979 [INFO] Pass: InverseCancellation - 0.02337 (ms)
2026-07-10 17:37:19,979 [INFO] Pass: ContractIdleWiresInControlFlow - 0.00215 (ms)
2026-07-10 17:37:19,979 [INFO] Pass: CommutativeCancellation - 0.07629 (ms)
2026-07-10 17:37:19,979 [INFO] Pass: ConsolidateBlocks - 0.04411 (ms)
2026-07-10 17:37:19,979 [INFO] Pass: Split2QUnitaries - 0.00310 (ms)
2026-07-10 17:37:19,979 [INFO] Pass: UnitarySynthesis - 0.00525 (ms)
2026-07-10 17:37:19,979 [INFO] Pass: HighLevelSynthesis - 0.03362 (ms)
2026-07-10 17:37:19,979 [INFO] Pass: BasisTranslator - 0.07200 (ms)
2026-07-10 17:37:19,979 [INFO] Pass: ConsolidateBlocks - 0.05269 (ms)
2026-07-10 17:37:19,979 [INFO] Pass: UnitarySynthesis - 0.00453 (ms)
2026-07-10 17:37:19,979 [INFO] Pass: Depth - 0.02408 (ms)
2026-07-10 17:37:19,979 [INFO] Pass: FixedPoint - 0.00405 (ms)
2026-07-10 17:37:19,979 [INFO] Pass: Size - 0.00310 (ms)
2026-07-10 17:37:19,979 [INFO] Pass: FixedPoint - 0.00262 (ms)
2026-07-10 17:37:19,979 [INFO] Pass: RemoveIdentityEquivalent - 0.00453 (ms)
2026-07-10 17:37:19,980 [INFO] Pass: Optimize1qGatesDecomposition - 0.12183 (ms)
2026-07-10 17:37:19,980 [INFO] Pass: CommutativeCancellation - 0.09751 (ms)
2026-07-10 17:37:19,980 [INFO] Pass: ContractIdleWiresInControlFlow - 0.00215 (ms)
2026-07-10 17:37:19,980 [INFO] Pass: GatesInBasis - 0.02837 (ms)
2026-07-10 17:37:19,980 [INFO] Pass: Depth - 0.02241 (ms)
2026-07-10 17:37:19,980 [INFO] Pass: FixedPoint - 0.00358 (ms)
2026-07-10 17:37:19,980 [INFO] Pass: Size - 0.00191 (ms)
2026-07-10 17:37:19,980 [INFO] Pass: FixedPoint - 0.00286 (ms)
2026-07-10 17:37:19,980 [INFO] Pass: ContainsInstruction - 0.00501 (ms)
2026-07-10 17:37:19,980 [INFO] Total Transpile Time - 83.86254 (ms)
2026-07-10 17:37:20,063 [INFO] Pass: ContainsInstruction - 0.00930 (ms)
2026-07-10 17:37:20,063 [INFO] Pass: UnitarySynthesis - 0.00644 (ms)
2026-07-10 17:37:20,063 [INFO] Pass: HighLevelSynthesis - 0.00834 (ms)
2026-07-10 17:37:20,063 [INFO] Pass: BasisTranslator - 0.05245 (ms)
2026-07-10 17:37:20,063 [INFO] Pass: ElidePermutations - 0.00334 (ms)
2026-07-10 17:37:20,063 [INFO] Pass: RemoveDiagonalGatesBeforeMeasure - 0.00596 (ms)
2026-07-10 17:37:20,063 [INFO] Pass: RemoveIdentityEquivalent - 0.00501 (ms)
2026-07-10 17:37:20,063 [INFO] Pass: InverseCancellation - 0.02408 (ms)
2026-07-10 17:37:20,063 [INFO] Pass: ContractIdleWiresInControlFlow - 0.00191 (ms)
2026-07-10 17:37:20,063 [INFO] Pass: CommutativeCancellation - 0.07272 (ms)
2026-07-10 17:37:20,063 [INFO] Pass: ConsolidateBlocks - 0.04268 (ms)
2026-07-10 17:37:20,063 [INFO] Pass: Split2QUnitaries - 0.00215 (ms)
2026-07-10 17:37:20,063 [INFO] Pass: UnitarySynthesis - 0.00501 (ms)
2026-07-10 17:37:20,063 [INFO] Pass: HighLevelSynthesis - 0.03409 (ms)
2026-07-10 17:37:20,063 [INFO] Pass: BasisTranslator - 0.07248 (ms)
2026-07-10 17:37:20,063 [INFO] Pass: ConsolidateBlocks - 0.05078 (ms)
2026-07-10 17:37:20,063 [INFO] Pass: UnitarySynthesis - 0.00453 (ms)
2026-07-10 17:37:20,063 [INFO] Pass: Depth - 0.02503 (ms)
2026-07-10 17:37:20,063 [INFO] Pass: FixedPoint - 0.00381 (ms)
2026-07-10 17:37:20,063 [INFO] Pass: Size - 0.00286 (ms)
2026-07-10 17:37:20,064 [INFO] Pass: FixedPoint - 0.00262 (ms)
2026-07-10 17:37:20,064 [INFO] Pass: RemoveIdentityEquivalent - 0.00477 (ms)
2026-07-10 17:37:20,064 [INFO] Pass: Optimize1qGatesDecomposition - 0.12803 (ms)
2026-07-10 17:37:20,064 [INFO] Pass: CommutativeCancellation - 0.08798 (ms)
2026-07-10 17:37:20,064 [INFO] Pass: ContractIdleWiresInControlFlow - 0.00191 (ms)
2026-07-10 17:37:20,064 [INFO] Pass: GatesInBasis - 0.02789 (ms)
2026-07-10 17:37:20,064 [INFO] Pass: Depth - 0.02313 (ms)
2026-07-10 17:37:20,064 [INFO] Pass: FixedPoint - 0.00381 (ms)
2026-07-10 17:37:20,064 [INFO] Pass: Size - 0.00167 (ms)
2026-07-10 17:37:20,064 [INFO] Pass: FixedPoint - 0.00286 (ms)
2026-07-10 17:37:20,064 [INFO] Pass: RemoveIdentityEquivalent - 0.00477 (ms)
2026-07-10 17:37:20,064 [INFO] Pass: Optimize1qGatesDecomposition - 0.11468 (ms)
2026-07-10 17:37:20,064 [INFO] Pass: CommutativeCancellation - 0.08297 (ms)
2026-07-10 17:37:20,064 [INFO] Pass: ContractIdleWiresInControlFlow - 0.00191 (ms)
2026-07-10 17:37:20,064 [INFO] Pass: GatesInBasis - 0.02646 (ms)
2026-07-10 17:37:20,064 [INFO] Pass: Depth - 0.02766 (ms)
2026-07-10 17:37:20,064 [INFO] Pass: FixedPoint - 0.00334 (ms)
2026-07-10 17:37:20,064 [INFO] Pass: Size - 0.00191 (ms)
2026-07-10 17:37:20,064 [INFO] Pass: FixedPoint - 0.00262 (ms)
2026-07-10 17:37:20,064 [INFO] Pass: ContainsInstruction - 0.00501 (ms)
2026-07-10 17:37:20,065 [INFO] Total Transpile Time - 84.23400 (ms)
2026-07-10 17:53:25,432 [INFO] [PCE] n=150 instancia 41/100 completada en 0:00:16:06 — transcurrido=0:11:05:54 restante_estimado=0:15:58:15
2026-07-10 17:53:25,533 [INFO] Pass: ContainsInstruction - 0.01097 (ms)
2026-07-10 17:53:25,533 [INFO] Pass: UnitarySynthesis - 0.00691 (ms)
2026-07-10 17:53:25,533 [INFO] Pass: HighLevelSynthesis - 0.01025 (ms)
2026-07-10 17:53:25,533 [INFO] Pass: BasisTranslator - 0.05913 (ms)
2026-07-10 17:53:25,533 [INFO] Pass: ElidePermutations - 0.00477 (ms)
2026-07-10 17:53:25,533 [INFO] Pass: RemoveDiagonalGatesBeforeMeasure - 0.01645 (ms)
2026-07-10 17:53:25,533 [INFO] Pass: RemoveIdentityEquivalent - 0.00358 (ms)
2026-07-10 17:53:25,533 [INFO] Pass: InverseCancellation - 0.00525 (ms)
2026-07-10 17:53:25,533 [INFO] Pass: ContractIdleWiresInControlFlow - 0.00215 (ms)
2026-07-10 17:53:25,534 [INFO] Pass: CommutativeCancellation - 0.07296 (ms)
2026-07-10 17:53:25,534 [INFO] Pass: ConsolidateBlocks - 0.04816 (ms)
2026-07-10 17:53:25,534 [INFO] Pass: Split2QUnitaries - 0.00286 (ms)
2026-07-10 17:53:25,534 [INFO] Pass: UnitarySynthesis - 0.00501 (ms)
2026-07-10 17:53:25,534 [INFO] Pass: HighLevelSynthesis - 0.03386 (ms)
2026-07-10 17:53:25,534 [INFO] Pass: BasisTranslator - 0.07367 (ms)
2026-07-10 17:53:25,534 [INFO] Pass: ConsolidateBlocks - 0.05388 (ms)
2026-07-10 17:53:25,534 [INFO] Pass: UnitarySynthesis - 0.00429 (ms)
2026-07-10 17:53:25,534 [INFO] Pass: Depth - 0.02480 (ms)
2026-07-10 17:53:25,534 [INFO] Pass: FixedPoint - 0.00453 (ms)
2026-07-10 17:53:25,534 [INFO] Pass: Size - 0.00405 (ms)
2026-07-10 17:53:25,534 [INFO] Pass: FixedPoint - 0.00286 (ms)
2026-07-10 17:53:25,534 [INFO] Pass: RemoveIdentityEquivalent - 0.00358 (ms)
2026-07-10 17:53:25,534 [INFO] Pass: Optimize1qGatesDecomposition - 0.03648 (ms)
2026-07-10 17:53:25,534 [INFO] Pass: CommutativeCancellation - 0.09441 (ms)
2026-07-10 17:53:25,534 [INFO] Pass: ContractIdleWiresInControlFlow - 0.00215 (ms)
2026-07-10 17:53:25,534 [INFO] Pass: GatesInBasis - 0.03433 (ms)
2026-07-10 17:53:25,534 [INFO] Pass: Depth - 0.02408 (ms)
2026-07-10 17:53:25,534 [INFO] Pass: FixedPoint - 0.00358 (ms)
2026-07-10 17:53:25,534 [INFO] Pass: Size - 0.00215 (ms)
2026-07-10 17:53:25,535 [INFO] Pass: FixedPoint - 0.00262 (ms)
2026-07-10 17:53:25,535 [INFO] Pass: ContainsInstruction - 0.00548 (ms)
2026-07-10 17:53:25,535 [INFO] Total Transpile Time - 85.20103 (ms)
2026-07-10 17:53:25,618 [INFO] Pass: ContainsInstruction - 0.00978 (ms)
2026-07-10 17:53:25,618 [INFO] Pass: UnitarySynthesis - 0.00620 (ms)
2026-07-10 17:53:25,618 [INFO] Pass: HighLevelSynthesis - 0.00906 (ms)
2026-07-10 17:53:25,618 [INFO] Pass: BasisTranslator - 0.05341 (ms)
2026-07-10 17:53:25,618 [INFO] Pass: ElidePermutations - 0.00358 (ms)
2026-07-10 17:53:25,618 [INFO] Pass: RemoveDiagonalGatesBeforeMeasure - 0.00668 (ms)
2026-07-10 17:53:25,618 [INFO] Pass: RemoveIdentityEquivalent - 0.00525 (ms)
2026-07-10 17:53:25,618 [INFO] Pass: InverseCancellation - 0.02408 (ms)
2026-07-10 17:53:25,618 [INFO] Pass: ContractIdleWiresInControlFlow - 0.00191 (ms)
2026-07-10 17:53:25,618 [INFO] Pass: CommutativeCancellation - 0.07725 (ms)
2026-07-10 17:53:25,618 [INFO] Pass: ConsolidateBlocks - 0.04411 (ms)
2026-07-10 17:53:25,618 [INFO] Pass: Split2QUnitaries - 0.00238 (ms)
2026-07-10 17:53:25,618 [INFO] Pass: UnitarySynthesis - 0.00501 (ms)
2026-07-10 17:53:25,618 [INFO] Pass: HighLevelSynthesis - 0.03457 (ms)
2026-07-10 17:53:25,618 [INFO] Pass: BasisTranslator - 0.07391 (ms)
2026-07-10 17:53:25,618 [INFO] Pass: ConsolidateBlocks - 0.06413 (ms)
2026-07-10 17:53:25,618 [INFO] Pass: UnitarySynthesis - 0.00501 (ms)
2026-07-10 17:53:25,619 [INFO] Pass: Depth - 0.02646 (ms)
2026-07-10 17:53:25,619 [INFO] Pass: FixedPoint - 0.00429 (ms)
2026-07-10 17:53:25,619 [INFO] Pass: Size - 0.00286 (ms)
2026-07-10 17:53:25,619 [INFO] Pass: FixedPoint - 0.00310 (ms)
2026-07-10 17:53:25,619 [INFO] Pass: RemoveIdentityEquivalent - 0.00501 (ms)
2026-07-10 17:53:25,619 [INFO] Pass: Optimize1qGatesDecomposition - 0.13065 (ms)
2026-07-10 17:53:25,619 [INFO] Pass: CommutativeCancellation - 0.10157 (ms)
2026-07-10 17:53:25,619 [INFO] Pass: ContractIdleWiresInControlFlow - 0.00215 (ms)
2026-07-10 17:53:25,619 [INFO] Pass: GatesInBasis - 0.02956 (ms)
2026-07-10 17:53:25,619 [INFO] Pass: Depth - 0.02646 (ms)
2026-07-10 17:53:25,619 [INFO] Pass: FixedPoint - 0.00405 (ms)
2026-07-10 17:53:25,619 [INFO] Pass: Size - 0.00191 (ms)
2026-07-10 17:53:25,619 [INFO] Pass: FixedPoint - 0.00286 (ms)
2026-07-10 17:53:25,619 [INFO] Pass: ContainsInstruction - 0.00572 (ms)
2026-07-10 17:53:25,619 [INFO] Total Transpile Time - 84.28240 (ms)
2026-07-10 17:53:25,702 [INFO] Pass: ContainsInstruction - 0.00930 (ms)
2026-07-10 17:53:25,703 [INFO] Pass: UnitarySynthesis - 0.00644 (ms)
2026-07-10 17:53:25,703 [INFO] Pass: HighLevelSynthesis - 0.00906 (ms)
2026-07-10 17:53:25,703 [INFO] Pass: BasisTranslator - 0.05150 (ms)
2026-07-10 17:53:25,703 [INFO] Pass: ElidePermutations - 0.00358 (ms)
2026-07-10 17:53:25,703 [INFO] Pass: RemoveDiagonalGatesBeforeMeasure - 0.00644 (ms)
2026-07-10 17:53:25,703 [INFO] Pass: RemoveIdentityEquivalent - 0.00596 (ms)
2026-07-10 17:53:25,703 [INFO] Pass: InverseCancellation - 0.02360 (ms)
2026-07-10 17:53:25,703 [INFO] Pass: ContractIdleWiresInControlFlow - 0.00191 (ms)
2026-07-10 17:53:25,703 [INFO] Pass: CommutativeCancellation - 0.07319 (ms)
2026-07-10 17:53:25,703 [INFO] Pass: ConsolidateBlocks - 0.04339 (ms)
2026-07-10 17:53:25,703 [INFO] Pass: Split2QUnitaries - 0.00262 (ms)
2026-07-10 17:53:25,703 [INFO] Pass: UnitarySynthesis - 0.00501 (ms)
2026-07-10 17:53:25,703 [INFO] Pass: HighLevelSynthesis - 0.03457 (ms)
2026-07-10 17:53:25,703 [INFO] Pass: BasisTranslator - 0.07319 (ms)
2026-07-10 17:53:25,703 [INFO] Pass: ConsolidateBlocks - 0.05198 (ms)
2026-07-10 17:53:25,703 [INFO] Pass: UnitarySynthesis - 0.00453 (ms)
2026-07-10 17:53:25,703 [INFO] Pass: Depth - 0.02432 (ms)
2026-07-10 17:53:25,703 [INFO] Pass: FixedPoint - 0.00405 (ms)
2026-07-10 17:53:25,703 [INFO] Pass: Size - 0.00262 (ms)
2026-07-10 17:53:25,703 [INFO] Pass: FixedPoint - 0.00286 (ms)
2026-07-10 17:53:25,703 [INFO] Pass: RemoveIdentityEquivalent - 0.00501 (ms)
2026-07-10 17:53:25,704 [INFO] Pass: Optimize1qGatesDecomposition - 0.13065 (ms)
2026-07-10 17:53:25,704 [INFO] Pass: CommutativeCancellation - 0.08798 (ms)
2026-07-10 17:53:25,704 [INFO] Pass: ContractIdleWiresInControlFlow - 0.00191 (ms)
2026-07-10 17:53:25,704 [INFO] Pass: GatesInBasis - 0.02861 (ms)
2026-07-10 17:53:25,704 [INFO] Pass: Depth - 0.02456 (ms)
2026-07-10 17:53:25,704 [INFO] Pass: FixedPoint - 0.00358 (ms)
2026-07-10 17:53:25,704 [INFO] Pass: Size - 0.00215 (ms)
2026-07-10 17:53:25,704 [INFO] Pass: FixedPoint - 0.00286 (ms)
2026-07-10 17:53:25,704 [INFO] Pass: RemoveIdentityEquivalent - 0.00501 (ms)
2026-07-10 17:53:25,704 [INFO] Pass: Optimize1qGatesDecomposition - 0.11516 (ms)
2026-07-10 17:53:25,704 [INFO] Pass: CommutativeCancellation - 0.08273 (ms)
2026-07-10 17:53:25,704 [INFO] Pass: ContractIdleWiresInControlFlow - 0.00143 (ms)
2026-07-10 17:53:25,704 [INFO] Pass: GatesInBasis - 0.02694 (ms)
2026-07-10 17:53:25,704 [INFO] Pass: Depth - 0.02193 (ms)
2026-07-10 17:53:25,704 [INFO] Pass: FixedPoint - 0.00334 (ms)
2026-07-10 17:53:25,704 [INFO] Pass: Size - 0.00167 (ms)
2026-07-10 17:53:25,704 [INFO] Pass: FixedPoint - 0.00286 (ms)
2026-07-10 17:53:25,704 [INFO] Pass: ContainsInstruction - 0.00548 (ms)
2026-07-10 17:53:25,705 [INFO] Total Transpile Time - 84.89633 (ms)
2026-07-10 18:08:49,232 [INFO] [PCE] n=150 instancia 42/100 completada en 0:00:15:24 — transcurrido=0:11:21:18 restante_estimado=0:15:40:50
2026-07-10 18:08:49,338 [INFO] Pass: ContainsInstruction - 0.01073 (ms)
2026-07-10 18:08:49,338 [INFO] Pass: UnitarySynthesis - 0.00668 (ms)
2026-07-10 18:08:49,338 [INFO] Pass: HighLevelSynthesis - 0.01001 (ms)
2026-07-10 18:08:49,338 [INFO] Pass: BasisTranslator - 0.06533 (ms)
2026-07-10 18:08:49,338 [INFO] Pass: ElidePermutations - 0.00453 (ms)
2026-07-10 18:08:49,338 [INFO] Pass: RemoveDiagonalGatesBeforeMeasure - 0.00834 (ms)
2026-07-10 18:08:49,338 [INFO] Pass: RemoveIdentityEquivalent - 0.00453 (ms)
2026-07-10 18:08:49,338 [INFO] Pass: InverseCancellation - 0.00548 (ms)
2026-07-10 18:08:49,338 [INFO] Pass: ContractIdleWiresInControlFlow - 0.00215 (ms)
2026-07-10 18:08:49,338 [INFO] Pass: CommutativeCancellation - 0.07844 (ms)
2026-07-10 18:08:49,338 [INFO] Pass: ConsolidateBlocks - 0.04649 (ms)
2026-07-10 18:08:49,338 [INFO] Pass: Split2QUnitaries - 0.00286 (ms)
2026-07-10 18:08:49,338 [INFO] Pass: UnitarySynthesis - 0.00572 (ms)
2026-07-10 18:08:49,338 [INFO] Pass: HighLevelSynthesis - 0.03290 (ms)
2026-07-10 18:08:49,338 [INFO] Pass: BasisTranslator - 0.07725 (ms)
2026-07-10 18:08:49,338 [INFO] Pass: ConsolidateBlocks - 0.05603 (ms)
2026-07-10 18:08:49,338 [INFO] Pass: UnitarySynthesis - 0.00429 (ms)
2026-07-10 18:08:49,339 [INFO] Pass: Depth - 0.02551 (ms)
2026-07-10 18:08:49,339 [INFO] Pass: FixedPoint - 0.00453 (ms)
2026-07-10 18:08:49,339 [INFO] Pass: Size - 0.00358 (ms)
2026-07-10 18:08:49,339 [INFO] Pass: FixedPoint - 0.00286 (ms)
2026-07-10 18:08:49,339 [INFO] Pass: RemoveIdentityEquivalent - 0.00310 (ms)
2026-07-10 18:08:49,339 [INFO] Pass: Optimize1qGatesDecomposition - 0.03672 (ms)
2026-07-10 18:08:49,339 [INFO] Pass: CommutativeCancellation - 0.09489 (ms)
2026-07-10 18:08:49,339 [INFO] Pass: ContractIdleWiresInControlFlow - 0.00215 (ms)
2026-07-10 18:08:49,339 [INFO] Pass: GatesInBasis - 0.02885 (ms)
2026-07-10 18:08:49,339 [INFO] Pass: Depth - 0.02360 (ms)
2026-07-10 18:08:49,339 [INFO] Pass: FixedPoint - 0.00334 (ms)
2026-07-10 18:08:49,339 [INFO] Pass: Size - 0.00191 (ms)
2026-07-10 18:08:49,339 [INFO] Pass: FixedPoint - 0.00262 (ms)
2026-07-10 18:08:49,339 [INFO] Pass: ContainsInstruction - 0.00501 (ms)
2026-07-10 18:08:49,339 [INFO] Total Transpile Time - 88.67478 (ms)
2026-07-10 18:08:49,425 [INFO] Pass: ContainsInstruction - 0.00978 (ms)
2026-07-10 18:08:49,425 [INFO] Pass: UnitarySynthesis - 0.00644 (ms)
2026-07-10 18:08:49,426 [INFO] Pass: HighLevelSynthesis - 0.00930 (ms)
2026-07-10 18:08:49,426 [INFO] Pass: BasisTranslator - 0.05388 (ms)
2026-07-10 18:08:49,426 [INFO] Pass: ElidePermutations - 0.00358 (ms)
2026-07-10 18:08:49,426 [INFO] Pass: RemoveDiagonalGatesBeforeMeasure - 0.00715 (ms)
2026-07-10 18:08:49,426 [INFO] Pass: RemoveIdentityEquivalent - 0.00501 (ms)
2026-07-10 18:08:49,426 [INFO] Pass: InverseCancellation - 0.02432 (ms)
2026-07-10 18:08:49,426 [INFO] Pass: ContractIdleWiresInControlFlow - 0.00215 (ms)
2026-07-10 18:08:49,426 [INFO] Pass: CommutativeCancellation - 0.08559 (ms)
2026-07-10 18:08:49,426 [INFO] Pass: ConsolidateBlocks - 0.04411 (ms)
2026-07-10 18:08:49,426 [INFO] Pass: Split2QUnitaries - 0.00262 (ms)
2026-07-10 18:08:49,426 [INFO] Pass: UnitarySynthesis - 0.00501 (ms)
2026-07-10 18:08:49,426 [INFO] Pass: HighLevelSynthesis - 0.03433 (ms)
2026-07-10 18:08:49,426 [INFO] Pass: BasisTranslator - 0.07439 (ms)
2026-07-10 18:08:49,426 [INFO] Pass: ConsolidateBlocks - 0.05484 (ms)
2026-07-10 18:08:49,426 [INFO] Pass: UnitarySynthesis - 0.00477 (ms)
2026-07-10 18:08:49,426 [INFO] Pass: Depth - 0.02956 (ms)
2026-07-10 18:08:49,426 [INFO] Pass: FixedPoint - 0.00453 (ms)
2026-07-10 18:08:49,426 [INFO] Pass: Size - 0.00238 (ms)
2026-07-10 18:08:49,426 [INFO] Pass: FixedPoint - 0.00262 (ms)
2026-07-10 18:08:49,426 [INFO] Pass: RemoveIdentityEquivalent - 0.00477 (ms)
2026-07-10 18:08:49,427 [INFO] Pass: Optimize1qGatesDecomposition - 0.13041 (ms)
2026-07-10 18:08:49,427 [INFO] Pass: CommutativeCancellation - 0.10061 (ms)
2026-07-10 18:08:49,427 [INFO] Pass: ContractIdleWiresInControlFlow - 0.00215 (ms)
2026-07-10 18:08:49,427 [INFO] Pass: GatesInBasis - 0.02789 (ms)
2026-07-10 18:08:49,427 [INFO] Pass: Depth - 0.02384 (ms)
2026-07-10 18:08:49,427 [INFO] Pass: FixedPoint - 0.00358 (ms)
2026-07-10 18:08:49,427 [INFO] Pass: Size - 0.00215 (ms)
2026-07-10 18:08:49,427 [INFO] Pass: FixedPoint - 0.00310 (ms)
2026-07-10 18:08:49,427 [INFO] Pass: ContainsInstruction - 0.00525 (ms)
2026-07-10 18:08:49,427 [INFO] Total Transpile Time - 87.48627 (ms)
2026-07-10 18:08:49,514 [INFO] Pass: ContainsInstruction - 0.01001 (ms)
2026-07-10 18:08:49,514 [INFO] Pass: UnitarySynthesis - 0.00620 (ms)
2026-07-10 18:08:49,514 [INFO] Pass: HighLevelSynthesis - 0.00882 (ms)
2026-07-10 18:08:49,514 [INFO] Pass: BasisTranslator - 0.05150 (ms)
2026-07-10 18:08:49,514 [INFO] Pass: ElidePermutations - 0.00310 (ms)
2026-07-10 18:08:49,514 [INFO] Pass: RemoveDiagonalGatesBeforeMeasure - 0.00620 (ms)
2026-07-10 18:08:49,514 [INFO] Pass: RemoveIdentityEquivalent - 0.00572 (ms)
2026-07-10 18:08:49,514 [INFO] Pass: InverseCancellation - 0.02337 (ms)
2026-07-10 18:08:49,514 [INFO] Pass: ContractIdleWiresInControlFlow - 0.00191 (ms)
2026-07-10 18:08:49,515 [INFO] Pass: CommutativeCancellation - 0.07772 (ms)
2026-07-10 18:08:49,515 [INFO] Pass: ConsolidateBlocks - 0.04196 (ms)
2026-07-10 18:08:49,515 [INFO] Pass: Split2QUnitaries - 0.00238 (ms)
2026-07-10 18:08:49,515 [INFO] Pass: UnitarySynthesis - 0.00525 (ms)
2026-07-10 18:08:49,515 [INFO] Pass: HighLevelSynthesis - 0.03529 (ms)
2026-07-10 18:08:49,515 [INFO] Pass: BasisTranslator - 0.07057 (ms)
2026-07-10 18:08:49,515 [INFO] Pass: ConsolidateBlocks - 0.05198 (ms)
2026-07-10 18:08:49,515 [INFO] Pass: UnitarySynthesis - 0.00453 (ms)
2026-07-10 18:08:49,515 [INFO] Pass: Depth - 0.02861 (ms)
2026-07-10 18:08:49,515 [INFO] Pass: FixedPoint - 0.00405 (ms)
2026-07-10 18:08:49,515 [INFO] Pass: Size - 0.00238 (ms)
2026-07-10 18:08:49,515 [INFO] Pass: FixedPoint - 0.00262 (ms)
2026-07-10 18:08:49,515 [INFO] Pass: RemoveIdentityEquivalent - 0.00501 (ms)
2026-07-10 18:08:49,515 [INFO] Pass: Optimize1qGatesDecomposition - 0.13947 (ms)
2026-07-10 18:08:49,515 [INFO] Pass: CommutativeCancellation - 0.09108 (ms)
2026-07-10 18:08:49,515 [INFO] Pass: ContractIdleWiresInControlFlow - 0.00191 (ms)
2026-07-10 18:08:49,515 [INFO] Pass: GatesInBasis - 0.02742 (ms)
2026-07-10 18:08:49,516 [INFO] Pass: Depth - 0.02551 (ms)
2026-07-10 18:08:49,516 [INFO] Pass: FixedPoint - 0.00334 (ms)
2026-07-10 18:08:49,516 [INFO] Pass: Size - 0.00191 (ms)
2026-07-10 18:08:49,516 [INFO] Pass: FixedPoint - 0.00310 (ms)
2026-07-10 18:08:49,516 [INFO] Pass: RemoveIdentityEquivalent - 0.00477 (ms)
2026-07-10 18:08:49,516 [INFO] Pass: Optimize1qGatesDecomposition - 0.11969 (ms)
2026-07-10 18:08:49,516 [INFO] Pass: CommutativeCancellation - 0.08202 (ms)
2026-07-10 18:08:49,516 [INFO] Pass: ContractIdleWiresInControlFlow - 0.00167 (ms)
2026-07-10 18:08:49,516 [INFO] Pass: GatesInBasis - 0.02670 (ms)
2026-07-10 18:08:49,516 [INFO] Pass: Depth - 0.02265 (ms)
2026-07-10 18:08:49,516 [INFO] Pass: FixedPoint - 0.00310 (ms)
2026-07-10 18:08:49,516 [INFO] Pass: Size - 0.00191 (ms)
2026-07-10 18:08:49,516 [INFO] Pass: FixedPoint - 0.00286 (ms)
2026-07-10 18:08:49,516 [INFO] Pass: ContainsInstruction - 0.00548 (ms)
2026-07-10 18:08:49,516 [INFO] Total Transpile Time - 88.80424 (ms)
2026-07-10 18:25:04,928 [INFO] [PCE] n=150 instancia 43/100 completada en 0:00:16:16 — transcurrido=0:11:37:34 restante_estimado=0:15:24:40
2026-07-10 18:25:05,031 [INFO] Pass: ContainsInstruction - 0.01097 (ms)
2026-07-10 18:25:05,032 [INFO] Pass: UnitarySynthesis - 0.00739 (ms)
2026-07-10 18:25:05,032 [INFO] Pass: HighLevelSynthesis - 0.01049 (ms)
2026-07-10 18:25:05,032 [INFO] Pass: BasisTranslator - 0.05794 (ms)
2026-07-10 18:25:05,032 [INFO] Pass: ElidePermutations - 0.00501 (ms)
2026-07-10 18:25:05,032 [INFO] Pass: RemoveDiagonalGatesBeforeMeasure - 0.00834 (ms)
2026-07-10 18:25:05,032 [INFO] Pass: RemoveIdentityEquivalent - 0.00477 (ms)
2026-07-10 18:25:05,032 [INFO] Pass: InverseCancellation - 0.00596 (ms)
2026-07-10 18:25:05,032 [INFO] Pass: ContractIdleWiresInControlFlow - 0.00191 (ms)
2026-07-10 18:25:05,032 [INFO] Pass: CommutativeCancellation - 0.07725 (ms)
2026-07-10 18:25:05,032 [INFO] Pass: ConsolidateBlocks - 0.04649 (ms)
2026-07-10 18:25:05,032 [INFO] Pass: Split2QUnitaries - 0.00262 (ms)
2026-07-10 18:25:05,032 [INFO] Pass: UnitarySynthesis - 0.00525 (ms)
2026-07-10 18:25:05,032 [INFO] Pass: HighLevelSynthesis - 0.03433 (ms)
2026-07-10 18:25:05,032 [INFO] Pass: BasisTranslator - 0.07486 (ms)
2026-07-10 18:25:05,032 [INFO] Pass: ConsolidateBlocks - 0.05412 (ms)
2026-07-10 18:25:05,032 [INFO] Pass: UnitarySynthesis - 0.00501 (ms)
2026-07-10 18:25:05,032 [INFO] Pass: Depth - 0.03266 (ms)
2026-07-10 18:25:05,032 [INFO] Pass: FixedPoint - 0.00525 (ms)
2026-07-10 18:25:05,032 [INFO] Pass: Size - 0.00358 (ms)
2026-07-10 18:25:05,032 [INFO] Pass: FixedPoint - 0.00238 (ms)
2026-07-10 18:25:05,033 [INFO] Pass: RemoveIdentityEquivalent - 0.00358 (ms)
2026-07-10 18:25:05,033 [INFO] Pass: Optimize1qGatesDecomposition - 0.03600 (ms)
2026-07-10 18:25:05,033 [INFO] Pass: CommutativeCancellation - 0.09108 (ms)
2026-07-10 18:25:05,033 [INFO] Pass: ContractIdleWiresInControlFlow - 0.00215 (ms)
2026-07-10 18:25:05,033 [INFO] Pass: GatesInBasis - 0.02837 (ms)
2026-07-10 18:25:05,033 [INFO] Pass: Depth - 0.02408 (ms)
2026-07-10 18:25:05,033 [INFO] Pass: FixedPoint - 0.00334 (ms)
2026-07-10 18:25:05,033 [INFO] Pass: Size - 0.00215 (ms)
2026-07-10 18:25:05,033 [INFO] Pass: FixedPoint - 0.00286 (ms)
2026-07-10 18:25:05,033 [INFO] Pass: ContainsInstruction - 0.00525 (ms)
2026-07-10 18:25:05,033 [INFO] Total Transpile Time - 86.90476 (ms)
2026-07-10 18:25:05,117 [INFO] Pass: ContainsInstruction - 0.00978 (ms)
2026-07-10 18:25:05,117 [INFO] Pass: UnitarySynthesis - 0.00620 (ms)
2026-07-10 18:25:05,117 [INFO] Pass: HighLevelSynthesis - 0.00906 (ms)
2026-07-10 18:25:05,117 [INFO] Pass: BasisTranslator - 0.05269 (ms)
2026-07-10 18:25:05,117 [INFO] Pass: ElidePermutations - 0.00358 (ms)
2026-07-10 18:25:05,117 [INFO] Pass: RemoveDiagonalGatesBeforeMeasure - 0.00668 (ms)
2026-07-10 18:25:05,117 [INFO] Pass: RemoveIdentityEquivalent - 0.00548 (ms)
2026-07-10 18:25:05,117 [INFO] Pass: InverseCancellation - 0.02360 (ms)
2026-07-10 18:25:05,117 [INFO] Pass: ContractIdleWiresInControlFlow - 0.00191 (ms)
2026-07-10 18:25:05,117 [INFO] Pass: CommutativeCancellation - 0.07963 (ms)
2026-07-10 18:25:05,117 [INFO] Pass: ConsolidateBlocks - 0.04268 (ms)
2026-07-10 18:25:05,117 [INFO] Pass: Split2QUnitaries - 0.00262 (ms)
2026-07-10 18:25:05,117 [INFO] Pass: UnitarySynthesis - 0.00525 (ms)
2026-07-10 18:25:05,117 [INFO] Pass: HighLevelSynthesis - 0.03338 (ms)
2026-07-10 18:25:05,117 [INFO] Pass: BasisTranslator - 0.08273 (ms)
2026-07-10 18:25:05,118 [INFO] Pass: ConsolidateBlocks - 0.05317 (ms)
2026-07-10 18:25:05,118 [INFO] Pass: UnitarySynthesis - 0.00429 (ms)
2026-07-10 18:25:05,118 [INFO] Pass: Depth - 0.02337 (ms)
2026-07-10 18:25:05,118 [INFO] Pass: FixedPoint - 0.00429 (ms)
2026-07-10 18:25:05,118 [INFO] Pass: Size - 0.00262 (ms)
2026-07-10 18:25:05,118 [INFO] Pass: FixedPoint - 0.00286 (ms)
2026-07-10 18:25:05,118 [INFO] Pass: RemoveIdentityEquivalent - 0.00477 (ms)
2026-07-10 18:25:05,118 [INFO] Pass: Optimize1qGatesDecomposition - 0.12970 (ms)
2026-07-10 18:25:05,118 [INFO] Pass: CommutativeCancellation - 0.09966 (ms)
2026-07-10 18:25:05,118 [INFO] Pass: ContractIdleWiresInControlFlow - 0.00191 (ms)
2026-07-10 18:25:05,118 [INFO] Pass: GatesInBasis - 0.02837 (ms)
2026-07-10 18:25:05,118 [INFO] Pass: Depth - 0.02217 (ms)
2026-07-10 18:25:05,118 [INFO] Pass: FixedPoint - 0.00358 (ms)
2026-07-10 18:25:05,118 [INFO] Pass: Size - 0.00167 (ms)
2026-07-10 18:25:05,118 [INFO] Pass: FixedPoint - 0.00238 (ms)
2026-07-10 18:25:05,118 [INFO] Pass: ContainsInstruction - 0.00501 (ms)
2026-07-10 18:25:05,118 [INFO] Total Transpile Time - 84.81336 (ms)
2026-07-10 18:25:05,202 [INFO] Pass: ContainsInstruction - 0.00930 (ms)
2026-07-10 18:25:05,202 [INFO] Pass: UnitarySynthesis - 0.00620 (ms)
2026-07-10 18:25:05,202 [INFO] Pass: HighLevelSynthesis - 0.00858 (ms)
2026-07-10 18:25:05,202 [INFO] Pass: BasisTranslator - 0.04983 (ms)
2026-07-10 18:25:05,202 [INFO] Pass: ElidePermutations - 0.00405 (ms)
2026-07-10 18:25:05,202 [INFO] Pass: RemoveDiagonalGatesBeforeMeasure - 0.00596 (ms)
2026-07-10 18:25:05,202 [INFO] Pass: RemoveIdentityEquivalent - 0.00644 (ms)
2026-07-10 18:25:05,202 [INFO] Pass: InverseCancellation - 0.02265 (ms)
2026-07-10 18:25:05,202 [INFO] Pass: ContractIdleWiresInControlFlow - 0.00191 (ms)
2026-07-10 18:25:05,203 [INFO] Pass: CommutativeCancellation - 0.07415 (ms)
2026-07-10 18:25:05,203 [INFO] Pass: ConsolidateBlocks - 0.04220 (ms)
2026-07-10 18:25:05,203 [INFO] Pass: Split2QUnitaries - 0.00238 (ms)
2026-07-10 18:25:05,203 [INFO] Pass: UnitarySynthesis - 0.00525 (ms)
2026-07-10 18:25:05,203 [INFO] Pass: HighLevelSynthesis - 0.03481 (ms)
2026-07-10 18:25:05,203 [INFO] Pass: BasisTranslator - 0.07248 (ms)
2026-07-10 18:25:05,203 [INFO] Pass: ConsolidateBlocks - 0.05221 (ms)
2026-07-10 18:25:05,203 [INFO] Pass: UnitarySynthesis - 0.00453 (ms)
2026-07-10 18:25:05,203 [INFO] Pass: Depth - 0.02360 (ms)
2026-07-10 18:25:05,203 [INFO] Pass: FixedPoint - 0.00429 (ms)
2026-07-10 18:25:05,203 [INFO] Pass: Size - 0.00262 (ms)
2026-07-10 18:25:05,203 [INFO] Pass: FixedPoint - 0.00286 (ms)
2026-07-10 18:25:05,203 [INFO] Pass: RemoveIdentityEquivalent - 0.00572 (ms)
2026-07-10 18:25:05,203 [INFO] Pass: Optimize1qGatesDecomposition - 0.13137 (ms)
2026-07-10 18:25:05,203 [INFO] Pass: CommutativeCancellation - 0.09489 (ms)
2026-07-10 18:25:05,203 [INFO] Pass: ContractIdleWiresInControlFlow - 0.00215 (ms)
2026-07-10 18:25:05,203 [INFO] Pass: GatesInBasis - 0.02813 (ms)
2026-07-10 18:25:05,203 [INFO] Pass: Depth - 0.02289 (ms)
2026-07-10 18:25:05,204 [INFO] Pass: FixedPoint - 0.00358 (ms)
2026-07-10 18:25:05,204 [INFO] Pass: Size - 0.00191 (ms)
2026-07-10 18:25:05,204 [INFO] Pass: FixedPoint - 0.00262 (ms)
2026-07-10 18:25:05,204 [INFO] Pass: RemoveIdentityEquivalent - 0.00477 (ms)
2026-07-10 18:25:05,204 [INFO] Pass: Optimize1qGatesDecomposition - 0.11754 (ms)
2026-07-10 18:25:05,204 [INFO] Pass: CommutativeCancellation - 0.08726 (ms)
2026-07-10 18:25:05,204 [INFO] Pass: ContractIdleWiresInControlFlow - 0.00215 (ms)
2026-07-10 18:25:05,204 [INFO] Pass: GatesInBasis - 0.02718 (ms)
2026-07-10 18:25:05,204 [INFO] Pass: Depth - 0.02241 (ms)
2026-07-10 18:25:05,204 [INFO] Pass: FixedPoint - 0.00334 (ms)
2026-07-10 18:25:05,204 [INFO] Pass: Size - 0.00167 (ms)
2026-07-10 18:25:05,204 [INFO] Pass: FixedPoint - 0.00262 (ms)
2026-07-10 18:25:05,204 [INFO] Pass: ContainsInstruction - 0.00548 (ms)
2026-07-10 18:25:05,204 [INFO] Total Transpile Time - 85.55841 (ms)
2026-07-10 18:40:55,941 [INFO] [PCE] n=150 instancia 44/100 completada en 0:00:15:51 — transcurrido=0:11:53:25 restante_estimado=0:15:07:59
2026-07-10 18:40:56,042 [INFO] Pass: ContainsInstruction - 0.01144 (ms)
2026-07-10 18:40:56,042 [INFO] Pass: UnitarySynthesis - 0.00691 (ms)
2026-07-10 18:40:56,043 [INFO] Pass: HighLevelSynthesis - 0.01049 (ms)
2026-07-10 18:40:56,043 [INFO] Pass: BasisTranslator - 0.06318 (ms)
2026-07-10 18:40:56,043 [INFO] Pass: ElidePermutations - 0.00548 (ms)
2026-07-10 18:40:56,043 [INFO] Pass: RemoveDiagonalGatesBeforeMeasure - 0.00787 (ms)
2026-07-10 18:40:56,043 [INFO] Pass: RemoveIdentityEquivalent - 0.00358 (ms)
2026-07-10 18:40:56,043 [INFO] Pass: InverseCancellation - 0.00501 (ms)
2026-07-10 18:40:56,043 [INFO] Pass: ContractIdleWiresInControlFlow - 0.00215 (ms)
2026-07-10 18:40:56,043 [INFO] Pass: CommutativeCancellation - 0.07820 (ms)
2026-07-10 18:40:56,043 [INFO] Pass: ConsolidateBlocks - 0.04625 (ms)
2026-07-10 18:40:56,043 [INFO] Pass: Split2QUnitaries - 0.00334 (ms)
2026-07-10 18:40:56,043 [INFO] Pass: UnitarySynthesis - 0.00501 (ms)
2026-07-10 18:40:56,043 [INFO] Pass: HighLevelSynthesis - 0.03338 (ms)
2026-07-10 18:40:56,043 [INFO] Pass: BasisTranslator - 0.07439 (ms)
2026-07-10 18:40:56,043 [INFO] Pass: ConsolidateBlocks - 0.05198 (ms)
2026-07-10 18:40:56,043 [INFO] Pass: UnitarySynthesis - 0.00453 (ms)
2026-07-10 18:40:56,043 [INFO] Pass: Depth - 0.02503 (ms)
2026-07-10 18:40:56,043 [INFO] Pass: FixedPoint - 0.00477 (ms)
2026-07-10 18:40:56,043 [INFO] Pass: Size - 0.00334 (ms)
2026-07-10 18:40:56,043 [INFO] Pass: FixedPoint - 0.00262 (ms)
2026-07-10 18:40:56,043 [INFO] Pass: RemoveIdentityEquivalent - 0.00358 (ms)
2026-07-10 18:40:56,043 [INFO] Pass: Optimize1qGatesDecomposition - 0.03529 (ms)
2026-07-10 18:40:56,044 [INFO] Pass: CommutativeCancellation - 0.09704 (ms)
2026-07-10 18:40:56,044 [INFO] Pass: ContractIdleWiresInControlFlow - 0.00191 (ms)
2026-07-10 18:40:56,044 [INFO] Pass: GatesInBasis - 0.02909 (ms)
2026-07-10 18:40:56,044 [INFO] Pass: Depth - 0.02337 (ms)
2026-07-10 18:40:56,044 [INFO] Pass: FixedPoint - 0.00334 (ms)
2026-07-10 18:40:56,044 [INFO] Pass: Size - 0.00191 (ms)
2026-07-10 18:40:56,044 [INFO] Pass: FixedPoint - 0.00262 (ms)
2026-07-10 18:40:56,044 [INFO] Pass: ContainsInstruction - 0.00548 (ms)
2026-07-10 18:40:56,044 [INFO] Total Transpile Time - 85.09254 (ms)
2026-07-10 18:40:56,128 [INFO] Pass: ContainsInstruction - 0.00978 (ms)
2026-07-10 18:40:56,128 [INFO] Pass: UnitarySynthesis - 0.00620 (ms)
2026-07-10 18:40:56,128 [INFO] Pass: HighLevelSynthesis - 0.00930 (ms)
2026-07-10 18:40:56,128 [INFO] Pass: BasisTranslator - 0.05245 (ms)
2026-07-10 18:40:56,128 [INFO] Pass: ElidePermutations - 0.00358 (ms)
2026-07-10 18:40:56,128 [INFO] Pass: RemoveDiagonalGatesBeforeMeasure - 0.00668 (ms)
2026-07-10 18:40:56,128 [INFO] Pass: RemoveIdentityEquivalent - 0.00477 (ms)
2026-07-10 18:40:56,128 [INFO] Pass: InverseCancellation - 0.02384 (ms)
2026-07-10 18:40:56,128 [INFO] Pass: ContractIdleWiresInControlFlow - 0.00191 (ms)
2026-07-10 18:40:56,128 [INFO] Pass: CommutativeCancellation - 0.08440 (ms)
2026-07-10 18:40:56,129 [INFO] Pass: ConsolidateBlocks - 0.04268 (ms)
2026-07-10 18:40:56,129 [INFO] Pass: Split2QUnitaries - 0.00334 (ms)
2026-07-10 18:40:56,129 [INFO] Pass: UnitarySynthesis - 0.00525 (ms)
2026-07-10 18:40:56,129 [INFO] Pass: HighLevelSynthesis - 0.03338 (ms)
2026-07-10 18:40:56,129 [INFO] Pass: BasisTranslator - 0.07415 (ms)
2026-07-10 18:40:56,129 [INFO] Pass: ConsolidateBlocks - 0.05126 (ms)
2026-07-10 18:40:56,129 [INFO] Pass: UnitarySynthesis - 0.00453 (ms)
2026-07-10 18:40:56,129 [INFO] Pass: Depth - 0.02480 (ms)
2026-07-10 18:40:56,129 [INFO] Pass: FixedPoint - 0.00453 (ms)
2026-07-10 18:40:56,129 [INFO] Pass: Size - 0.00286 (ms)
2026-07-10 18:40:56,129 [INFO] Pass: FixedPoint - 0.00262 (ms)
2026-07-10 18:40:56,129 [INFO] Pass: RemoveIdentityEquivalent - 0.00477 (ms)
2026-07-10 18:40:56,129 [INFO] Pass: Optimize1qGatesDecomposition - 0.12279 (ms)
2026-07-10 18:40:56,129 [INFO] Pass: CommutativeCancellation - 0.09894 (ms)
2026-07-10 18:40:56,129 [INFO] Pass: ContractIdleWiresInControlFlow - 0.00167 (ms)
2026-07-10 18:40:56,129 [INFO] Pass: GatesInBasis - 0.02766 (ms)
2026-07-10 18:40:56,129 [INFO] Pass: Depth - 0.02265 (ms)
2026-07-10 18:40:56,129 [INFO] Pass: FixedPoint - 0.00334 (ms)
2026-07-10 18:40:56,129 [INFO] Pass: Size - 0.00191 (ms)
2026-07-10 18:40:56,129 [INFO] Pass: FixedPoint - 0.00262 (ms)
2026-07-10 18:40:56,129 [INFO] Pass: ContainsInstruction - 0.00525 (ms)
2026-07-10 18:40:56,130 [INFO] Total Transpile Time - 85.28352 (ms)
2026-07-10 18:40:56,215 [INFO] Pass: ContainsInstruction - 0.00906 (ms)
2026-07-10 18:40:56,215 [INFO] Pass: UnitarySynthesis - 0.00596 (ms)
2026-07-10 18:40:56,215 [INFO] Pass: HighLevelSynthesis - 0.00882 (ms)
2026-07-10 18:40:56,215 [INFO] Pass: BasisTranslator - 0.05126 (ms)
2026-07-10 18:40:56,215 [INFO] Pass: ElidePermutations - 0.00358 (ms)
2026-07-10 18:40:56,215 [INFO] Pass: RemoveDiagonalGatesBeforeMeasure - 0.00620 (ms)
2026-07-10 18:40:56,215 [INFO] Pass: RemoveIdentityEquivalent - 0.00525 (ms)
2026-07-10 18:40:56,215 [INFO] Pass: InverseCancellation - 0.02289 (ms)
2026-07-10 18:40:56,215 [INFO] Pass: ContractIdleWiresInControlFlow - 0.00215 (ms)
2026-07-10 18:40:56,216 [INFO] Pass: CommutativeCancellation - 0.07296 (ms)
2026-07-10 18:40:56,216 [INFO] Pass: ConsolidateBlocks - 0.04220 (ms)
2026-07-10 18:40:56,216 [INFO] Pass: Split2QUnitaries - 0.00238 (ms)
2026-07-10 18:40:56,216 [INFO] Pass: UnitarySynthesis - 0.00548 (ms)
2026-07-10 18:40:56,216 [INFO] Pass: HighLevelSynthesis - 0.03457 (ms)
2026-07-10 18:40:56,216 [INFO] Pass: BasisTranslator - 0.07129 (ms)
2026-07-10 18:40:56,216 [INFO] Pass: ConsolidateBlocks - 0.05150 (ms)
2026-07-10 18:40:56,216 [INFO] Pass: UnitarySynthesis - 0.00453 (ms)
2026-07-10 18:40:56,216 [INFO] Pass: Depth - 0.02480 (ms)
2026-07-10 18:40:56,216 [INFO] Pass: FixedPoint - 0.00405 (ms)
2026-07-10 18:40:56,216 [INFO] Pass: Size - 0.00262 (ms)
2026-07-10 18:40:56,216 [INFO] Pass: FixedPoint - 0.00286 (ms)
2026-07-10 18:40:56,216 [INFO] Pass: RemoveIdentityEquivalent - 0.00501 (ms)
2026-07-10 18:40:56,216 [INFO] Pass: Optimize1qGatesDecomposition - 0.12946 (ms)
2026-07-10 18:40:56,216 [INFO] Pass: CommutativeCancellation - 0.09251 (ms)
2026-07-10 18:40:56,216 [INFO] Pass: ContractIdleWiresInControlFlow - 0.00215 (ms)
2026-07-10 18:40:56,216 [INFO] Pass: GatesInBasis - 0.02837 (ms)
2026-07-10 18:40:56,217 [INFO] Pass: Depth - 0.02313 (ms)
2026-07-10 18:40:56,217 [INFO] Pass: FixedPoint - 0.00381 (ms)
2026-07-10 18:40:56,217 [INFO] Pass: Size - 0.00191 (ms)
2026-07-10 18:40:56,217 [INFO] Pass: FixedPoint - 0.00286 (ms)
2026-07-10 18:40:56,217 [INFO] Pass: RemoveIdentityEquivalent - 0.00453 (ms)
2026-07-10 18:40:56,217 [INFO] Pass: Optimize1qGatesDecomposition - 0.11253 (ms)
2026-07-10 18:40:56,217 [INFO] Pass: CommutativeCancellation - 0.08702 (ms)
2026-07-10 18:40:56,217 [INFO] Pass: ContractIdleWiresInControlFlow - 0.00143 (ms)
2026-07-10 18:40:56,217 [INFO] Pass: GatesInBasis - 0.02742 (ms)
2026-07-10 18:40:56,217 [INFO] Pass: Depth - 0.02146 (ms)
2026-07-10 18:40:56,217 [INFO] Pass: FixedPoint - 0.00286 (ms)
2026-07-10 18:40:56,217 [INFO] Pass: Size - 0.00167 (ms)
2026-07-10 18:40:56,217 [INFO] Pass: FixedPoint - 0.00262 (ms)
2026-07-10 18:40:56,217 [INFO] Pass: ContainsInstruction - 0.00572 (ms)
2026-07-10 18:40:56,217 [INFO] Total Transpile Time - 87.25357 (ms)
2026-07-10 18:56:49,249 [INFO] [PCE] n=150 instancia 45/100 completada en 0:00:15:53 — transcurrido=0:12:09:18 restante_estimado=0:14:51:22
2026-07-10 18:56:49,355 [INFO] Pass: ContainsInstruction - 0.01121 (ms)
2026-07-10 18:56:49,355 [INFO] Pass: UnitarySynthesis - 0.00668 (ms)
2026-07-10 18:56:49,355 [INFO] Pass: HighLevelSynthesis - 0.01049 (ms)
2026-07-10 18:56:49,355 [INFO] Pass: BasisTranslator - 0.05913 (ms)
2026-07-10 18:56:49,355 [INFO] Pass: ElidePermutations - 0.00477 (ms)
2026-07-10 18:56:49,355 [INFO] Pass: RemoveDiagonalGatesBeforeMeasure - 0.00858 (ms)
2026-07-10 18:56:49,355 [INFO] Pass: RemoveIdentityEquivalent - 0.00405 (ms)
2026-07-10 18:56:49,355 [INFO] Pass: InverseCancellation - 0.00453 (ms)
2026-07-10 18:56:49,355 [INFO] Pass: ContractIdleWiresInControlFlow - 0.00215 (ms)
2026-07-10 18:56:49,355 [INFO] Pass: CommutativeCancellation - 0.07725 (ms)
2026-07-10 18:56:49,355 [INFO] Pass: ConsolidateBlocks - 0.04601 (ms)
2026-07-10 18:56:49,355 [INFO] Pass: Split2QUnitaries - 0.00310 (ms)
2026-07-10 18:56:49,355 [INFO] Pass: UnitarySynthesis - 0.00501 (ms)
2026-07-10 18:56:49,355 [INFO] Pass: HighLevelSynthesis - 0.03386 (ms)
2026-07-10 18:56:49,355 [INFO] Pass: BasisTranslator - 0.07153 (ms)
2026-07-10 18:56:49,355 [INFO] Pass: ConsolidateBlocks - 0.05436 (ms)
2026-07-10 18:56:49,355 [INFO] Pass: UnitarySynthesis - 0.00501 (ms)
2026-07-10 18:56:49,356 [INFO] Pass: Depth - 0.03076 (ms)
2026-07-10 18:56:49,356 [INFO] Pass: FixedPoint - 0.00453 (ms)
2026-07-10 18:56:49,356 [INFO] Pass: Size - 0.00310 (ms)
2026-07-10 18:56:49,356 [INFO] Pass: FixedPoint - 0.00286 (ms)
2026-07-10 18:56:49,356 [INFO] Pass: RemoveIdentityEquivalent - 0.00358 (ms)
2026-07-10 18:56:49,356 [INFO] Pass: Optimize1qGatesDecomposition - 0.03624 (ms)
2026-07-10 18:56:49,356 [INFO] Pass: CommutativeCancellation - 0.09465 (ms)
2026-07-10 18:56:49,356 [INFO] Pass: ContractIdleWiresInControlFlow - 0.00191 (ms)
2026-07-10 18:56:49,356 [INFO] Pass: GatesInBasis - 0.02885 (ms)
2026-07-10 18:56:49,356 [INFO] Pass: Depth - 0.02313 (ms)
2026-07-10 18:56:49,356 [INFO] Pass: FixedPoint - 0.00334 (ms)
2026-07-10 18:56:49,356 [INFO] Pass: Size - 0.00191 (ms)
2026-07-10 18:56:49,356 [INFO] Pass: FixedPoint - 0.00286 (ms)
2026-07-10 18:56:49,356 [INFO] Pass: ContainsInstruction - 0.00501 (ms)
2026-07-10 18:56:49,356 [INFO] Total Transpile Time - 89.22005 (ms)
2026-07-10 18:56:49,443 [INFO] Pass: ContainsInstruction - 0.01001 (ms)
2026-07-10 18:56:49,443 [INFO] Pass: UnitarySynthesis - 0.00596 (ms)
2026-07-10 18:56:49,443 [INFO] Pass: HighLevelSynthesis - 0.00930 (ms)
2026-07-10 18:56:49,443 [INFO] Pass: BasisTranslator - 0.05293 (ms)
2026-07-10 18:56:49,443 [INFO] Pass: ElidePermutations - 0.00405 (ms)
2026-07-10 18:56:49,443 [INFO] Pass: RemoveDiagonalGatesBeforeMeasure - 0.00620 (ms)
2026-07-10 18:56:49,443 [INFO] Pass: RemoveIdentityEquivalent - 0.00525 (ms)
2026-07-10 18:56:49,443 [INFO] Pass: InverseCancellation - 0.02289 (ms)
2026-07-10 18:56:49,443 [INFO] Pass: ContractIdleWiresInControlFlow - 0.00167 (ms)
2026-07-10 18:56:49,443 [INFO] Pass: CommutativeCancellation - 0.07820 (ms)
2026-07-10 18:56:49,443 [INFO] Pass: ConsolidateBlocks - 0.04268 (ms)
2026-07-10 18:56:49,443 [INFO] Pass: Split2QUnitaries - 0.00238 (ms)
2026-07-10 18:56:49,443 [INFO] Pass: UnitarySynthesis - 0.00501 (ms)
2026-07-10 18:56:49,443 [INFO] Pass: HighLevelSynthesis - 0.03338 (ms)
2026-07-10 18:56:49,444 [INFO] Pass: BasisTranslator - 0.07463 (ms)
2026-07-10 18:56:49,444 [INFO] Pass: ConsolidateBlocks - 0.05221 (ms)
2026-07-10 18:56:49,444 [INFO] Pass: UnitarySynthesis - 0.00429 (ms)
2026-07-10 18:56:49,444 [INFO] Pass: Depth - 0.03052 (ms)
2026-07-10 18:56:49,444 [INFO] Pass: FixedPoint - 0.00429 (ms)
2026-07-10 18:56:49,444 [INFO] Pass: Size - 0.00262 (ms)
2026-07-10 18:56:49,444 [INFO] Pass: FixedPoint - 0.00262 (ms)
2026-07-10 18:56:49,444 [INFO] Pass: RemoveIdentityEquivalent - 0.00429 (ms)
2026-07-10 18:56:49,444 [INFO] Pass: Optimize1qGatesDecomposition - 0.12422 (ms)
2026-07-10 18:56:49,444 [INFO] Pass: CommutativeCancellation - 0.10085 (ms)
2026-07-10 18:56:49,444 [INFO] Pass: ContractIdleWiresInControlFlow - 0.00167 (ms)
2026-07-10 18:56:49,444 [INFO] Pass: GatesInBasis - 0.02861 (ms)
2026-07-10 18:56:49,444 [INFO] Pass: Depth - 0.02432 (ms)
2026-07-10 18:56:49,444 [INFO] Pass: FixedPoint - 0.00381 (ms)
2026-07-10 18:56:49,444 [INFO] Pass: Size - 0.00238 (ms)
2026-07-10 18:56:49,444 [INFO] Pass: FixedPoint - 0.00286 (ms)
2026-07-10 18:56:49,444 [INFO] Pass: ContainsInstruction - 0.00501 (ms)
2026-07-10 18:56:49,445 [INFO] Total Transpile Time - 87.90588 (ms)
2026-07-10 18:56:49,530 [INFO] Pass: ContainsInstruction - 0.01001 (ms)
2026-07-10 18:56:49,530 [INFO] Pass: UnitarySynthesis - 0.00668 (ms)
2026-07-10 18:56:49,531 [INFO] Pass: HighLevelSynthesis - 0.00882 (ms)
2026-07-10 18:56:49,531 [INFO] Pass: BasisTranslator - 0.04983 (ms)
2026-07-10 18:56:49,531 [INFO] Pass: ElidePermutations - 0.00310 (ms)
2026-07-10 18:56:49,531 [INFO] Pass: RemoveDiagonalGatesBeforeMeasure - 0.00620 (ms)
2026-07-10 18:56:49,531 [INFO] Pass: RemoveIdentityEquivalent - 0.00596 (ms)
2026-07-10 18:56:49,531 [INFO] Pass: InverseCancellation - 0.02337 (ms)
2026-07-10 18:56:49,531 [INFO] Pass: ContractIdleWiresInControlFlow - 0.00191 (ms)
2026-07-10 18:56:49,531 [INFO] Pass: CommutativeCancellation - 0.07224 (ms)
2026-07-10 18:56:49,531 [INFO] Pass: ConsolidateBlocks - 0.04268 (ms)
2026-07-10 18:56:49,531 [INFO] Pass: Split2QUnitaries - 0.00262 (ms)
2026-07-10 18:56:49,531 [INFO] Pass: UnitarySynthesis - 0.00548 (ms)
2026-07-10 18:56:49,531 [INFO] Pass: HighLevelSynthesis - 0.03433 (ms)
2026-07-10 18:56:49,531 [INFO] Pass: BasisTranslator - 0.07176 (ms)
2026-07-10 18:56:49,531 [INFO] Pass: ConsolidateBlocks - 0.05174 (ms)
2026-07-10 18:56:49,531 [INFO] Pass: UnitarySynthesis - 0.00525 (ms)
2026-07-10 18:56:49,531 [INFO] Pass: Depth - 0.02646 (ms)
2026-07-10 18:56:49,531 [INFO] Pass: FixedPoint - 0.00405 (ms)
2026-07-10 18:56:49,531 [INFO] Pass: Size - 0.00262 (ms)
2026-07-10 18:56:49,531 [INFO] Pass: FixedPoint - 0.00286 (ms)
2026-07-10 18:56:49,531 [INFO] Pass: RemoveIdentityEquivalent - 0.00501 (ms)
2026-07-10 18:56:49,532 [INFO] Pass: Optimize1qGatesDecomposition - 0.13161 (ms)
2026-07-10 18:56:49,532 [INFO] Pass: CommutativeCancellation - 0.08821 (ms)
2026-07-10 18:56:49,532 [INFO] Pass: ContractIdleWiresInControlFlow - 0.00167 (ms)
2026-07-10 18:56:49,532 [INFO] Pass: GatesInBasis - 0.02766 (ms)
2026-07-10 18:56:49,532 [INFO] Pass: Depth - 0.02480 (ms)
2026-07-10 18:56:49,532 [INFO] Pass: FixedPoint - 0.00358 (ms)
2026-07-10 18:56:49,532 [INFO] Pass: Size - 0.00191 (ms)
2026-07-10 18:56:49,532 [INFO] Pass: FixedPoint - 0.00238 (ms)
2026-07-10 18:56:49,532 [INFO] Pass: RemoveIdentityEquivalent - 0.00429 (ms)
2026-07-10 18:56:49,532 [INFO] Pass: Optimize1qGatesDecomposition - 0.11396 (ms)
2026-07-10 18:56:49,532 [INFO] Pass: CommutativeCancellation - 0.08273 (ms)
2026-07-10 18:56:49,532 [INFO] Pass: ContractIdleWiresInControlFlow - 0.00191 (ms)
2026-07-10 18:56:49,532 [INFO] Pass: GatesInBasis - 0.02670 (ms)
2026-07-10 18:56:49,532 [INFO] Pass: Depth - 0.02241 (ms)
2026-07-10 18:56:49,532 [INFO] Pass: FixedPoint - 0.00310 (ms)
2026-07-10 18:56:49,532 [INFO] Pass: Size - 0.00215 (ms)
2026-07-10 18:56:49,532 [INFO] Pass: FixedPoint - 0.00262 (ms)
2026-07-10 18:56:49,532 [INFO] Pass: ContainsInstruction - 0.00548 (ms)
2026-07-10 18:56:49,533 [INFO] Total Transpile Time - 87.68845 (ms)
2026-07-10 19:12:43,197 [INFO] [PCE] n=150 instancia 46/100 completada en 0:00:15:54 — transcurrido=0:12:25:12 restante_estimado=0:14:34:48
2026-07-10 19:12:43,300 [INFO] Pass: ContainsInstruction - 0.01073 (ms)
2026-07-10 19:12:43,300 [INFO] Pass: UnitarySynthesis - 0.00668 (ms)
2026-07-10 19:12:43,300 [INFO] Pass: HighLevelSynthesis - 0.00978 (ms)
2026-07-10 19:12:43,300 [INFO] Pass: BasisTranslator - 0.05960 (ms)
2026-07-10 19:12:43,301 [INFO] Pass: ElidePermutations - 0.00525 (ms)
2026-07-10 19:12:43,301 [INFO] Pass: RemoveDiagonalGatesBeforeMeasure - 0.00858 (ms)
2026-07-10 19:12:43,301 [INFO] Pass: RemoveIdentityEquivalent - 0.00477 (ms)
2026-07-10 19:12:43,301 [INFO] Pass: InverseCancellation - 0.00525 (ms)
2026-07-10 19:12:43,301 [INFO] Pass: ContractIdleWiresInControlFlow - 0.00167 (ms)
2026-07-10 19:12:43,301 [INFO] Pass: CommutativeCancellation - 0.07987 (ms)
2026-07-10 19:12:43,301 [INFO] Pass: ConsolidateBlocks - 0.04601 (ms)
2026-07-10 19:12:43,301 [INFO] Pass: Split2QUnitaries - 0.00262 (ms)
2026-07-10 19:12:43,301 [INFO] Pass: UnitarySynthesis - 0.00525 (ms)
2026-07-10 19:12:43,301 [INFO] Pass: HighLevelSynthesis - 0.03481 (ms)
2026-07-10 19:12:43,301 [INFO] Pass: BasisTranslator - 0.07606 (ms)
2026-07-10 19:12:43,301 [INFO] Pass: ConsolidateBlocks - 0.05412 (ms)
2026-07-10 19:12:43,301 [INFO] Pass: UnitarySynthesis - 0.00501 (ms)
2026-07-10 19:12:43,301 [INFO] Pass: Depth - 0.02718 (ms)
2026-07-10 19:12:43,301 [INFO] Pass: FixedPoint - 0.00453 (ms)
2026-07-10 19:12:43,301 [INFO] Pass: Size - 0.00310 (ms)
2026-07-10 19:12:43,301 [INFO] Pass: FixedPoint - 0.00238 (ms)
2026-07-10 19:12:43,301 [INFO] Pass: RemoveIdentityEquivalent - 0.00334 (ms)
2026-07-10 19:12:43,301 [INFO] Pass: Optimize1qGatesDecomposition - 0.03600 (ms)
2026-07-10 19:12:43,301 [INFO] Pass: CommutativeCancellation - 0.10443 (ms)
2026-07-10 19:12:43,301 [INFO] Pass: ContractIdleWiresInControlFlow - 0.00215 (ms)
2026-07-10 19:12:43,302 [INFO] Pass: GatesInBasis - 0.02837 (ms)
2026-07-10 19:12:43,302 [INFO] Pass: Depth - 0.02432 (ms)
2026-07-10 19:12:43,302 [INFO] Pass: FixedPoint - 0.00358 (ms)
2026-07-10 19:12:43,302 [INFO] Pass: Size - 0.00191 (ms)
2026-07-10 19:12:43,302 [INFO] Pass: FixedPoint - 0.00238 (ms)
2026-07-10 19:12:43,302 [INFO] Pass: ContainsInstruction - 0.00525 (ms)
2026-07-10 19:12:43,302 [INFO] Total Transpile Time - 86.91072 (ms)
2026-07-10 19:12:43,385 [INFO] Pass: ContainsInstruction - 0.00930 (ms)
2026-07-10 19:12:43,386 [INFO] Pass: UnitarySynthesis - 0.00596 (ms)
2026-07-10 19:12:43,386 [INFO] Pass: HighLevelSynthesis - 0.00882 (ms)
2026-07-10 19:12:43,386 [INFO] Pass: BasisTranslator - 0.05150 (ms)
2026-07-10 19:12:43,386 [INFO] Pass: ElidePermutations - 0.00334 (ms)
2026-07-10 19:12:43,386 [INFO] Pass: RemoveDiagonalGatesBeforeMeasure - 0.00668 (ms)
2026-07-10 19:12:43,386 [INFO] Pass: RemoveIdentityEquivalent - 0.00620 (ms)
2026-07-10 19:12:43,386 [INFO] Pass: InverseCancellation - 0.02337 (ms)
2026-07-10 19:12:43,386 [INFO] Pass: ContractIdleWiresInControlFlow - 0.00191 (ms)
2026-07-10 19:12:43,386 [INFO] Pass: CommutativeCancellation - 0.08154 (ms)
2026-07-10 19:12:43,386 [INFO] Pass: ConsolidateBlocks - 0.04363 (ms)
2026-07-10 19:12:43,386 [INFO] Pass: Split2QUnitaries - 0.00262 (ms)
2026-07-10 19:12:43,386 [INFO] Pass: UnitarySynthesis - 0.00525 (ms)
2026-07-10 19:12:43,386 [INFO] Pass: HighLevelSynthesis - 0.03386 (ms)
2026-07-10 19:12:43,386 [INFO] Pass: BasisTranslator - 0.07248 (ms)
2026-07-10 19:12:43,386 [INFO] Pass: ConsolidateBlocks - 0.05126 (ms)
2026-07-10 19:12:43,386 [INFO] Pass: UnitarySynthesis - 0.00429 (ms)
2026-07-10 19:12:43,386 [INFO] Pass: Depth - 0.02408 (ms)
2026-07-10 19:12:43,386 [INFO] Pass: FixedPoint - 0.00930 (ms)
2026-07-10 19:12:43,386 [INFO] Pass: Size - 0.00286 (ms)
2026-07-10 19:12:43,386 [INFO] Pass: FixedPoint - 0.00286 (ms)
2026-07-10 19:12:43,386 [INFO] Pass: RemoveIdentityEquivalent - 0.00453 (ms)
2026-07-10 19:12:43,387 [INFO] Pass: Optimize1qGatesDecomposition - 0.12398 (ms)
2026-07-10 19:12:43,387 [INFO] Pass: CommutativeCancellation - 0.10204 (ms)
2026-07-10 19:12:43,387 [INFO] Pass: ContractIdleWiresInControlFlow - 0.00191 (ms)
2026-07-10 19:12:43,387 [INFO] Pass: GatesInBasis - 0.02789 (ms)
2026-07-10 19:12:43,387 [INFO] Pass: Depth - 0.02360 (ms)
2026-07-10 19:12:43,387 [INFO] Pass: FixedPoint - 0.00358 (ms)
2026-07-10 19:12:43,387 [INFO] Pass: Size - 0.00215 (ms)
2026-07-10 19:12:43,387 [INFO] Pass: FixedPoint - 0.00286 (ms)
2026-07-10 19:12:43,387 [INFO] Pass: ContainsInstruction - 0.00501 (ms)
2026-07-10 19:12:43,387 [INFO] Total Transpile Time - 84.84101 (ms)
2026-07-10 19:12:43,471 [INFO] Pass: ContainsInstruction - 0.00882 (ms)
2026-07-10 19:12:43,471 [INFO] Pass: UnitarySynthesis - 0.00644 (ms)
2026-07-10 19:12:43,471 [INFO] Pass: HighLevelSynthesis - 0.00882 (ms)
2026-07-10 19:12:43,471 [INFO] Pass: BasisTranslator - 0.05126 (ms)
2026-07-10 19:12:43,471 [INFO] Pass: ElidePermutations - 0.00334 (ms)
2026-07-10 19:12:43,471 [INFO] Pass: RemoveDiagonalGatesBeforeMeasure - 0.00620 (ms)
2026-07-10 19:12:43,471 [INFO] Pass: RemoveIdentityEquivalent - 0.00501 (ms)
2026-07-10 19:12:43,471 [INFO] Pass: InverseCancellation - 0.02289 (ms)
2026-07-10 19:12:43,471 [INFO] Pass: ContractIdleWiresInControlFlow - 0.00191 (ms)
2026-07-10 19:12:43,471 [INFO] Pass: CommutativeCancellation - 0.07892 (ms)
2026-07-10 19:12:43,471 [INFO] Pass: ConsolidateBlocks - 0.04959 (ms)
2026-07-10 19:12:43,471 [INFO] Pass: Split2QUnitaries - 0.00238 (ms)
2026-07-10 19:12:43,471 [INFO] Pass: UnitarySynthesis - 0.00525 (ms)
2026-07-10 19:12:43,472 [INFO] Pass: HighLevelSynthesis - 0.03409 (ms)
2026-07-10 19:12:43,472 [INFO] Pass: BasisTranslator - 0.07153 (ms)
2026-07-10 19:12:43,472 [INFO] Pass: ConsolidateBlocks - 0.05054 (ms)
2026-07-10 19:12:43,472 [INFO] Pass: UnitarySynthesis - 0.00477 (ms)
2026-07-10 19:12:43,472 [INFO] Pass: Depth - 0.02384 (ms)
2026-07-10 19:12:43,472 [INFO] Pass: FixedPoint - 0.00405 (ms)
2026-07-10 19:12:43,472 [INFO] Pass: Size - 0.00262 (ms)
2026-07-10 19:12:43,472 [INFO] Pass: FixedPoint - 0.00286 (ms)
2026-07-10 19:12:43,472 [INFO] Pass: RemoveIdentityEquivalent - 0.00477 (ms)
2026-07-10 19:12:43,472 [INFO] Pass: Optimize1qGatesDecomposition - 0.12970 (ms)
2026-07-10 19:12:43,472 [INFO] Pass: CommutativeCancellation - 0.09370 (ms)
2026-07-10 19:12:43,472 [INFO] Pass: ContractIdleWiresInControlFlow - 0.00191 (ms)
2026-07-10 19:12:43,472 [INFO] Pass: GatesInBasis - 0.02789 (ms)
2026-07-10 19:12:43,472 [INFO] Pass: Depth - 0.02313 (ms)
2026-07-10 19:12:43,472 [INFO] Pass: FixedPoint - 0.00381 (ms)
2026-07-10 19:12:43,472 [INFO] Pass: Size - 0.00215 (ms)
2026-07-10 19:12:43,472 [INFO] Pass: FixedPoint - 0.00286 (ms)
2026-07-10 19:12:43,472 [INFO] Pass: RemoveIdentityEquivalent - 0.00429 (ms)
2026-07-10 19:12:43,472 [INFO] Pass: Optimize1qGatesDecomposition - 0.11802 (ms)
2026-07-10 19:12:43,473 [INFO] Pass: CommutativeCancellation - 0.08845 (ms)
2026-07-10 19:12:43,473 [INFO] Pass: ContractIdleWiresInControlFlow - 0.00191 (ms)
2026-07-10 19:12:43,473 [INFO] Pass: GatesInBasis - 0.02718 (ms)
2026-07-10 19:12:43,473 [INFO] Pass: Depth - 0.02170 (ms)
2026-07-10 19:12:43,473 [INFO] Pass: FixedPoint - 0.00334 (ms)
2026-07-10 19:12:43,473 [INFO] Pass: Size - 0.00215 (ms)
2026-07-10 19:12:43,473 [INFO] Pass: FixedPoint - 0.00262 (ms)
2026-07-10 19:12:43,473 [INFO] Pass: ContainsInstruction - 0.00525 (ms)
2026-07-10 19:12:43,473 [INFO] Total Transpile Time - 85.50644 (ms)
2026-07-10 19:28:46,675 [INFO] [PCE] n=150 instancia 47/100 completada en 0:00:16:03 — transcurrido=0:12:41:15 restante_estimado=0:14:18:26
2026-07-10 19:28:46,781 [INFO] Pass: ContainsInstruction - 0.01168 (ms)
2026-07-10 19:28:46,781 [INFO] Pass: UnitarySynthesis - 0.00691 (ms)
2026-07-10 19:28:46,781 [INFO] Pass: HighLevelSynthesis - 0.01049 (ms)
2026-07-10 19:28:46,781 [INFO] Pass: BasisTranslator - 0.06104 (ms)
2026-07-10 19:28:46,781 [INFO] Pass: ElidePermutations - 0.00477 (ms)
2026-07-10 19:28:46,781 [INFO] Pass: RemoveDiagonalGatesBeforeMeasure - 0.00834 (ms)
2026-07-10 19:28:46,781 [INFO] Pass: RemoveIdentityEquivalent - 0.00381 (ms)
2026-07-10 19:28:46,781 [INFO] Pass: InverseCancellation - 0.00501 (ms)
2026-07-10 19:28:46,781 [INFO] Pass: ContractIdleWiresInControlFlow - 0.00215 (ms)
2026-07-10 19:28:46,782 [INFO] Pass: CommutativeCancellation - 0.08273 (ms)
2026-07-10 19:28:46,782 [INFO] Pass: ConsolidateBlocks - 0.04935 (ms)
2026-07-10 19:28:46,782 [INFO] Pass: Split2QUnitaries - 0.00334 (ms)
2026-07-10 19:28:46,782 [INFO] Pass: UnitarySynthesis - 0.00525 (ms)
2026-07-10 19:28:46,782 [INFO] Pass: HighLevelSynthesis - 0.03481 (ms)
2026-07-10 19:28:46,782 [INFO] Pass: BasisTranslator - 0.07772 (ms)
2026-07-10 19:28:46,782 [INFO] Pass: ConsolidateBlocks - 0.05269 (ms)
2026-07-10 19:28:46,782 [INFO] Pass: UnitarySynthesis - 0.00429 (ms)
2026-07-10 19:28:46,782 [INFO] Pass: Depth - 0.02646 (ms)
2026-07-10 19:28:46,782 [INFO] Pass: FixedPoint - 0.00429 (ms)
2026-07-10 19:28:46,782 [INFO] Pass: Size - 0.00334 (ms)
2026-07-10 19:28:46,782 [INFO] Pass: FixedPoint - 0.00262 (ms)
2026-07-10 19:28:46,782 [INFO] Pass: RemoveIdentityEquivalent - 0.00334 (ms)
2026-07-10 19:28:46,782 [INFO] Pass: Optimize1qGatesDecomposition - 0.03767 (ms)
2026-07-10 19:28:46,782 [INFO] Pass: CommutativeCancellation - 0.09441 (ms)
2026-07-10 19:28:46,782 [INFO] Pass: ContractIdleWiresInControlFlow - 0.00167 (ms)
2026-07-10 19:28:46,782 [INFO] Pass: GatesInBasis - 0.02909 (ms)
2026-07-10 19:28:46,782 [INFO] Pass: Depth - 0.03004 (ms)
2026-07-10 19:28:46,782 [INFO] Pass: FixedPoint - 0.00334 (ms)
2026-07-10 19:28:46,782 [INFO] Pass: Size - 0.00215 (ms)
2026-07-10 19:28:46,782 [INFO] Pass: FixedPoint - 0.00262 (ms)
2026-07-10 19:28:46,782 [INFO] Pass: ContainsInstruction - 0.00501 (ms)
2026-07-10 19:28:46,783 [INFO] Total Transpile Time - 89.76102 (ms)
2026-07-10 19:28:46,869 [INFO] Pass: ContainsInstruction - 0.00906 (ms)
2026-07-10 19:28:46,869 [INFO] Pass: UnitarySynthesis - 0.00620 (ms)
2026-07-10 19:28:46,869 [INFO] Pass: HighLevelSynthesis - 0.00906 (ms)
2026-07-10 19:28:46,869 [INFO] Pass: BasisTranslator - 0.06390 (ms)
2026-07-10 19:28:46,869 [INFO] Pass: ElidePermutations - 0.00358 (ms)
2026-07-10 19:28:46,870 [INFO] Pass: RemoveDiagonalGatesBeforeMeasure - 0.00715 (ms)
2026-07-10 19:28:46,870 [INFO] Pass: RemoveIdentityEquivalent - 0.00453 (ms)
2026-07-10 19:28:46,870 [INFO] Pass: InverseCancellation - 0.02527 (ms)
2026-07-10 19:28:46,870 [INFO] Pass: ContractIdleWiresInControlFlow - 0.00167 (ms)
2026-07-10 19:28:46,870 [INFO] Pass: CommutativeCancellation - 0.08345 (ms)
2026-07-10 19:28:46,870 [INFO] Pass: ConsolidateBlocks - 0.04458 (ms)
2026-07-10 19:28:46,870 [INFO] Pass: Split2QUnitaries - 0.00238 (ms)
2026-07-10 19:28:46,870 [INFO] Pass: UnitarySynthesis - 0.00548 (ms)
2026-07-10 19:28:46,870 [INFO] Pass: HighLevelSynthesis - 0.03338 (ms)
2026-07-10 19:28:46,870 [INFO] Pass: BasisTranslator - 0.07558 (ms)
2026-07-10 19:28:46,870 [INFO] Pass: ConsolidateBlocks - 0.05221 (ms)
2026-07-10 19:28:46,870 [INFO] Pass: UnitarySynthesis - 0.00453 (ms)
2026-07-10 19:28:46,870 [INFO] Pass: Depth - 0.03028 (ms)
2026-07-10 19:28:46,870 [INFO] Pass: FixedPoint - 0.00405 (ms)
2026-07-10 19:28:46,870 [INFO] Pass: Size - 0.00286 (ms)
2026-07-10 19:28:46,870 [INFO] Pass: FixedPoint - 0.00286 (ms)
2026-07-10 19:28:46,870 [INFO] Pass: RemoveIdentityEquivalent - 0.00453 (ms)
2026-07-10 19:28:46,870 [INFO] Pass: Optimize1qGatesDecomposition - 0.13661 (ms)
2026-07-10 19:28:46,871 [INFO] Pass: CommutativeCancellation - 0.10180 (ms)
2026-07-10 19:28:46,871 [INFO] Pass: ContractIdleWiresInControlFlow - 0.00215 (ms)
2026-07-10 19:28:46,871 [INFO] Pass: GatesInBasis - 0.02813 (ms)
2026-07-10 19:28:46,871 [INFO] Pass: Depth - 0.02503 (ms)
2026-07-10 19:28:46,871 [INFO] Pass: FixedPoint - 0.00358 (ms)
2026-07-10 19:28:46,871 [INFO] Pass: Size - 0.00238 (ms)
2026-07-10 19:28:46,871 [INFO] Pass: FixedPoint - 0.00262 (ms)
2026-07-10 19:28:46,871 [INFO] Pass: ContainsInstruction - 0.00501 (ms)
2026-07-10 19:28:46,871 [INFO] Total Transpile Time - 87.88395 (ms)
2026-07-10 19:28:46,958 [INFO] Pass: ContainsInstruction - 0.00858 (ms)
2026-07-10 19:28:46,958 [INFO] Pass: UnitarySynthesis - 0.00668 (ms)
2026-07-10 19:28:46,958 [INFO] Pass: HighLevelSynthesis - 0.00858 (ms)
2026-07-10 19:28:46,958 [INFO] Pass: BasisTranslator - 0.05293 (ms)
2026-07-10 19:28:46,958 [INFO] Pass: ElidePermutations - 0.00262 (ms)
2026-07-10 19:28:46,958 [INFO] Pass: RemoveDiagonalGatesBeforeMeasure - 0.00596 (ms)
2026-07-10 19:28:46,958 [INFO] Pass: RemoveIdentityEquivalent - 0.00668 (ms)
2026-07-10 19:28:46,958 [INFO] Pass: InverseCancellation - 0.02289 (ms)
2026-07-10 19:28:46,958 [INFO] Pass: ContractIdleWiresInControlFlow - 0.00191 (ms)
2026-07-10 19:28:46,958 [INFO] Pass: CommutativeCancellation - 0.08178 (ms)
2026-07-10 19:28:46,958 [INFO] Pass: ConsolidateBlocks - 0.04220 (ms)
2026-07-10 19:28:46,958 [INFO] Pass: Split2QUnitaries - 0.00191 (ms)
2026-07-10 19:28:46,959 [INFO] Pass: UnitarySynthesis - 0.00501 (ms)
2026-07-10 19:28:46,959 [INFO] Pass: HighLevelSynthesis - 0.03457 (ms)
2026-07-10 19:28:46,959 [INFO] Pass: BasisTranslator - 0.07272 (ms)
2026-07-10 19:28:46,959 [INFO] Pass: ConsolidateBlocks - 0.05507 (ms)
2026-07-10 19:28:46,959 [INFO] Pass: UnitarySynthesis - 0.00477 (ms)
2026-07-10 19:28:46,959 [INFO] Pass: Depth - 0.02670 (ms)
2026-07-10 19:28:46,959 [INFO] Pass: FixedPoint - 0.00405 (ms)
2026-07-10 19:28:46,959 [INFO] Pass: Size - 0.00238 (ms)
2026-07-10 19:28:46,959 [INFO] Pass: FixedPoint - 0.00262 (ms)
2026-07-10 19:28:46,959 [INFO] Pass: RemoveIdentityEquivalent - 0.00477 (ms)
2026-07-10 19:28:46,959 [INFO] Pass: Optimize1qGatesDecomposition - 0.13757 (ms)
2026-07-10 19:28:46,959 [INFO] Pass: CommutativeCancellation - 0.09489 (ms)
2026-07-10 19:28:46,959 [INFO] Pass: ContractIdleWiresInControlFlow - 0.00143 (ms)
2026-07-10 19:28:46,959 [INFO] Pass: GatesInBasis - 0.02766 (ms)
2026-07-10 19:28:46,959 [INFO] Pass: Depth - 0.02408 (ms)
2026-07-10 19:28:46,959 [INFO] Pass: FixedPoint - 0.00381 (ms)
2026-07-10 19:28:46,959 [INFO] Pass: Size - 0.00215 (ms)
2026-07-10 19:28:46,959 [INFO] Pass: FixedPoint - 0.00286 (ms)
2026-07-10 19:28:46,959 [INFO] Pass: RemoveIdentityEquivalent - 0.00477 (ms)
2026-07-10 19:28:46,960 [INFO] Pass: Optimize1qGatesDecomposition - 0.12136 (ms)
2026-07-10 19:28:46,960 [INFO] Pass: CommutativeCancellation - 0.08774 (ms)
2026-07-10 19:28:46,960 [INFO] Pass: ContractIdleWiresInControlFlow - 0.00191 (ms)
2026-07-10 19:28:46,960 [INFO] Pass: GatesInBasis - 0.02623 (ms)
2026-07-10 19:28:46,960 [INFO] Pass: Depth - 0.02217 (ms)
2026-07-10 19:28:46,960 [INFO] Pass: FixedPoint - 0.00334 (ms)
2026-07-10 19:28:46,960 [INFO] Pass: Size - 0.00167 (ms)
2026-07-10 19:28:46,960 [INFO] Pass: FixedPoint - 0.00262 (ms)
2026-07-10 19:28:46,960 [INFO] Pass: ContainsInstruction - 0.00548 (ms)
2026-07-10 19:28:46,960 [INFO] Total Transpile Time - 88.77325 (ms)
2026-07-10 19:45:58,340 [INFO] [PCE] n=150 instancia 48/100 completada en 0:00:17:12 — transcurrido=0:12:58:27 restante_estimado=0:14:03:19
2026-07-10 19:45:58,442 [INFO] Pass: ContainsInstruction - 0.01097 (ms)
2026-07-10 19:45:58,442 [INFO] Pass: UnitarySynthesis - 0.00691 (ms)
2026-07-10 19:45:58,442 [INFO] Pass: HighLevelSynthesis - 0.01001 (ms)
2026-07-10 19:45:58,442 [INFO] Pass: BasisTranslator - 0.05960 (ms)
2026-07-10 19:45:58,443 [INFO] Pass: ElidePermutations - 0.00453 (ms)
2026-07-10 19:45:58,443 [INFO] Pass: RemoveDiagonalGatesBeforeMeasure - 0.00834 (ms)
2026-07-10 19:45:58,443 [INFO] Pass: RemoveIdentityEquivalent - 0.00381 (ms)
2026-07-10 19:45:58,443 [INFO] Pass: InverseCancellation - 0.00477 (ms)
2026-07-10 19:45:58,443 [INFO] Pass: ContractIdleWiresInControlFlow - 0.00262 (ms)
2026-07-10 19:45:58,443 [INFO] Pass: CommutativeCancellation - 0.07081 (ms)
2026-07-10 19:45:58,443 [INFO] Pass: ConsolidateBlocks - 0.04530 (ms)
2026-07-10 19:45:58,443 [INFO] Pass: Split2QUnitaries - 0.00334 (ms)
2026-07-10 19:45:58,443 [INFO] Pass: UnitarySynthesis - 0.00525 (ms)
2026-07-10 19:45:58,443 [INFO] Pass: HighLevelSynthesis - 0.03290 (ms)
2026-07-10 19:45:58,443 [INFO] Pass: BasisTranslator - 0.07319 (ms)
2026-07-10 19:45:58,443 [INFO] Pass: ConsolidateBlocks - 0.05269 (ms)
2026-07-10 19:45:58,443 [INFO] Pass: UnitarySynthesis - 0.00429 (ms)
2026-07-10 19:45:58,443 [INFO] Pass: Depth - 0.02456 (ms)
2026-07-10 19:45:58,443 [INFO] Pass: FixedPoint - 0.00477 (ms)
2026-07-10 19:45:58,443 [INFO] Pass: Size - 0.00358 (ms)
2026-07-10 19:45:58,443 [INFO] Pass: FixedPoint - 0.00310 (ms)
2026-07-10 19:45:58,443 [INFO] Pass: RemoveIdentityEquivalent - 0.00334 (ms)
2026-07-10 19:45:58,443 [INFO] Pass: Optimize1qGatesDecomposition - 0.03552 (ms)
2026-07-10 19:45:58,443 [INFO] Pass: CommutativeCancellation - 0.09632 (ms)
2026-07-10 19:45:58,443 [INFO] Pass: ContractIdleWiresInControlFlow - 0.00191 (ms)
2026-07-10 19:45:58,444 [INFO] Pass: GatesInBasis - 0.02813 (ms)
2026-07-10 19:45:58,444 [INFO] Pass: Depth - 0.02241 (ms)
2026-07-10 19:45:58,444 [INFO] Pass: FixedPoint - 0.00358 (ms)
2026-07-10 19:45:58,444 [INFO] Pass: Size - 0.00215 (ms)
2026-07-10 19:45:58,444 [INFO] Pass: FixedPoint - 0.00262 (ms)
2026-07-10 19:45:58,444 [INFO] Pass: ContainsInstruction - 0.00477 (ms)
2026-07-10 19:45:58,444 [INFO] Total Transpile Time - 86.30228 (ms)
2026-07-10 19:45:58,527 [INFO] Pass: ContainsInstruction - 0.00930 (ms)
2026-07-10 19:45:58,527 [INFO] Pass: UnitarySynthesis - 0.00620 (ms)
2026-07-10 19:45:58,527 [INFO] Pass: HighLevelSynthesis - 0.00858 (ms)
2026-07-10 19:45:58,528 [INFO] Pass: BasisTranslator - 0.05293 (ms)
2026-07-10 19:45:58,528 [INFO] Pass: ElidePermutations - 0.00358 (ms)
2026-07-10 19:45:58,528 [INFO] Pass: RemoveDiagonalGatesBeforeMeasure - 0.00691 (ms)
2026-07-10 19:45:58,528 [INFO] Pass: RemoveIdentityEquivalent - 0.00477 (ms)
2026-07-10 19:45:58,528 [INFO] Pass: InverseCancellation - 0.02384 (ms)
2026-07-10 19:45:58,528 [INFO] Pass: ContractIdleWiresInControlFlow - 0.00191 (ms)
2026-07-10 19:45:58,528 [INFO] Pass: CommutativeCancellation - 0.07725 (ms)
2026-07-10 19:45:58,528 [INFO] Pass: ConsolidateBlocks - 0.04435 (ms)
2026-07-10 19:45:58,528 [INFO] Pass: Split2QUnitaries - 0.00262 (ms)
2026-07-10 19:45:58,528 [INFO] Pass: UnitarySynthesis - 0.00501 (ms)
2026-07-10 19:45:58,528 [INFO] Pass: HighLevelSynthesis - 0.03362 (ms)
2026-07-10 19:45:58,528 [INFO] Pass: BasisTranslator - 0.07224 (ms)
2026-07-10 19:45:58,528 [INFO] Pass: ConsolidateBlocks - 0.05054 (ms)
2026-07-10 19:45:58,528 [INFO] Pass: UnitarySynthesis - 0.00429 (ms)
2026-07-10 19:45:58,528 [INFO] Pass: Depth - 0.02813 (ms)
2026-07-10 19:45:58,528 [INFO] Pass: FixedPoint - 0.00405 (ms)
2026-07-10 19:45:58,528 [INFO] Pass: Size - 0.00310 (ms)
2026-07-10 19:45:58,528 [INFO] Pass: FixedPoint - 0.00286 (ms)
2026-07-10 19:45:58,528 [INFO] Pass: RemoveIdentityEquivalent - 0.00477 (ms)
2026-07-10 19:45:58,529 [INFO] Pass: Optimize1qGatesDecomposition - 0.13208 (ms)
2026-07-10 19:45:58,529 [INFO] Pass: CommutativeCancellation - 0.09227 (ms)
2026-07-10 19:45:58,529 [INFO] Pass: ContractIdleWiresInControlFlow - 0.00167 (ms)
2026-07-10 19:45:58,529 [INFO] Pass: GatesInBasis - 0.02861 (ms)
2026-07-10 19:45:58,529 [INFO] Pass: Depth - 0.02480 (ms)
2026-07-10 19:45:58,529 [INFO] Pass: FixedPoint - 0.00381 (ms)
2026-07-10 19:45:58,529 [INFO] Pass: Size - 0.00238 (ms)
2026-07-10 19:45:58,529 [INFO] Pass: FixedPoint - 0.00286 (ms)
2026-07-10 19:45:58,529 [INFO] Pass: ContainsInstruction - 0.00477 (ms)
2026-07-10 19:45:58,529 [INFO] Total Transpile Time - 84.82647 (ms)
2026-07-10 19:45:58,613 [INFO] Pass: ContainsInstruction - 0.00954 (ms)
2026-07-10 19:45:58,613 [INFO] Pass: UnitarySynthesis - 0.00668 (ms)
2026-07-10 19:45:58,613 [INFO] Pass: HighLevelSynthesis - 0.00906 (ms)
2026-07-10 19:45:58,613 [INFO] Pass: BasisTranslator - 0.05746 (ms)
2026-07-10 19:45:58,613 [INFO] Pass: ElidePermutations - 0.00334 (ms)
2026-07-10 19:45:58,613 [INFO] Pass: RemoveDiagonalGatesBeforeMeasure - 0.00644 (ms)
2026-07-10 19:45:58,614 [INFO] Pass: RemoveIdentityEquivalent - 0.00525 (ms)
2026-07-10 19:45:58,614 [INFO] Pass: InverseCancellation - 0.02313 (ms)
2026-07-10 19:45:58,614 [INFO] Pass: ContractIdleWiresInControlFlow - 0.00191 (ms)
2026-07-10 19:45:58,614 [INFO] Pass: CommutativeCancellation - 0.06890 (ms)
2026-07-10 19:45:58,614 [INFO] Pass: ConsolidateBlocks - 0.04196 (ms)
2026-07-10 19:45:58,614 [INFO] Pass: Split2QUnitaries - 0.00238 (ms)
2026-07-10 19:45:58,614 [INFO] Pass: UnitarySynthesis - 0.00548 (ms)
2026-07-10 19:45:58,614 [INFO] Pass: HighLevelSynthesis - 0.03600 (ms)
2026-07-10 19:45:58,614 [INFO] Pass: BasisTranslator - 0.07415 (ms)
2026-07-10 19:45:58,614 [INFO] Pass: ConsolidateBlocks - 0.05221 (ms)
2026-07-10 19:45:58,614 [INFO] Pass: UnitarySynthesis - 0.00453 (ms)
2026-07-10 19:45:58,614 [INFO] Pass: Depth - 0.02575 (ms)
2026-07-10 19:45:58,614 [INFO] Pass: FixedPoint - 0.00405 (ms)
2026-07-10 19:45:58,614 [INFO] Pass: Size - 0.00262 (ms)
2026-07-10 19:45:58,614 [INFO] Pass: FixedPoint - 0.00262 (ms)
2026-07-10 19:45:58,614 [INFO] Pass: RemoveIdentityEquivalent - 0.00501 (ms)
2026-07-10 19:45:58,614 [INFO] Pass: Optimize1qGatesDecomposition - 0.13447 (ms)
2026-07-10 19:45:58,614 [INFO] Pass: CommutativeCancellation - 0.08607 (ms)
2026-07-10 19:45:58,615 [INFO] Pass: ContractIdleWiresInControlFlow - 0.00167 (ms)
2026-07-10 19:45:58,615 [INFO] Pass: GatesInBasis - 0.02885 (ms)
2026-07-10 19:45:58,615 [INFO] Pass: Depth - 0.02313 (ms)
2026-07-10 19:45:58,615 [INFO] Pass: FixedPoint - 0.00358 (ms)
2026-07-10 19:45:58,615 [INFO] Pass: Size - 0.00215 (ms)
2026-07-10 19:45:58,615 [INFO] Pass: FixedPoint - 0.00262 (ms)
2026-07-10 19:45:58,615 [INFO] Pass: RemoveIdentityEquivalent - 0.00453 (ms)
2026-07-10 19:45:58,615 [INFO] Pass: Optimize1qGatesDecomposition - 0.11516 (ms)
2026-07-10 19:45:58,615 [INFO] Pass: CommutativeCancellation - 0.07820 (ms)
2026-07-10 19:45:58,615 [INFO] Pass: ContractIdleWiresInControlFlow - 0.00191 (ms)
2026-07-10 19:45:58,615 [INFO] Pass: GatesInBasis - 0.02646 (ms)
2026-07-10 19:45:58,615 [INFO] Pass: Depth - 0.02074 (ms)
2026-07-10 19:45:58,615 [INFO] Pass: FixedPoint - 0.00286 (ms)
2026-07-10 19:45:58,615 [INFO] Pass: Size - 0.00191 (ms)
2026-07-10 19:45:58,615 [INFO] Pass: FixedPoint - 0.00286 (ms)
2026-07-10 19:45:58,615 [INFO] Pass: ContainsInstruction - 0.00572 (ms)
2026-07-10 19:45:58,615 [INFO] Total Transpile Time - 85.95610 (ms)
2026-07-10 20:01:44,989 [INFO] [PCE] n=150 instancia 49/100 completada en 0:00:15:47 — transcurrido=0:13:14:14 restante_estimado=0:13:46:39
2026-07-10 20:01:45,092 [INFO] Pass: ContainsInstruction - 0.01097 (ms)
2026-07-10 20:01:45,092 [INFO] Pass: UnitarySynthesis - 0.00739 (ms)
2026-07-10 20:01:45,092 [INFO] Pass: HighLevelSynthesis - 0.01121 (ms)
2026-07-10 20:01:45,092 [INFO] Pass: BasisTranslator - 0.05865 (ms)
2026-07-10 20:01:45,092 [INFO] Pass: ElidePermutations - 0.00501 (ms)
2026-07-10 20:01:45,092 [INFO] Pass: RemoveDiagonalGatesBeforeMeasure - 0.00930 (ms)
2026-07-10 20:01:45,092 [INFO] Pass: RemoveIdentityEquivalent - 0.00405 (ms)
2026-07-10 20:01:45,092 [INFO] Pass: InverseCancellation - 0.00548 (ms)
2026-07-10 20:01:45,092 [INFO] Pass: ContractIdleWiresInControlFlow - 0.00191 (ms)
2026-07-10 20:01:45,092 [INFO] Pass: CommutativeCancellation - 0.07915 (ms)
2026-07-10 20:01:45,092 [INFO] Pass: ConsolidateBlocks - 0.05555 (ms)
2026-07-10 20:01:45,092 [INFO] Pass: Split2QUnitaries - 0.00334 (ms)
2026-07-10 20:01:45,092 [INFO] Pass: UnitarySynthesis - 0.00525 (ms)
2026-07-10 20:01:45,093 [INFO] Pass: HighLevelSynthesis - 0.03409 (ms)
2026-07-10 20:01:45,093 [INFO] Pass: BasisTranslator - 0.07629 (ms)
2026-07-10 20:01:45,093 [INFO] Pass: ConsolidateBlocks - 0.05364 (ms)
2026-07-10 20:01:45,093 [INFO] Pass: UnitarySynthesis - 0.00453 (ms)
2026-07-10 20:01:45,093 [INFO] Pass: Depth - 0.02527 (ms)
2026-07-10 20:01:45,093 [INFO] Pass: FixedPoint - 0.00453 (ms)
2026-07-10 20:01:45,093 [INFO] Pass: Size - 0.00334 (ms)
2026-07-10 20:01:45,093 [INFO] Pass: FixedPoint - 0.00286 (ms)
2026-07-10 20:01:45,093 [INFO] Pass: RemoveIdentityEquivalent - 0.00310 (ms)
2026-07-10 20:01:45,093 [INFO] Pass: Optimize1qGatesDecomposition - 0.03624 (ms)
2026-07-10 20:01:45,093 [INFO] Pass: CommutativeCancellation - 0.09537 (ms)
2026-07-10 20:01:45,093 [INFO] Pass: ContractIdleWiresInControlFlow - 0.00191 (ms)
2026-07-10 20:01:45,093 [INFO] Pass: GatesInBasis - 0.02885 (ms)
2026-07-10 20:01:45,093 [INFO] Pass: Depth - 0.02456 (ms)
2026-07-10 20:01:45,093 [INFO] Pass: FixedPoint - 0.00334 (ms)
2026-07-10 20:01:45,093 [INFO] Pass: Size - 0.00191 (ms)
2026-07-10 20:01:45,093 [INFO] Pass: FixedPoint - 0.00262 (ms)
2026-07-10 20:01:45,093 [INFO] Pass: ContainsInstruction - 0.00477 (ms)
2026-07-10 20:01:45,094 [INFO] Total Transpile Time - 86.07364 (ms)
2026-07-10 20:01:45,179 [INFO] Pass: ContainsInstruction - 0.00978 (ms)
2026-07-10 20:01:45,179 [INFO] Pass: UnitarySynthesis - 0.00644 (ms)
2026-07-10 20:01:45,179 [INFO] Pass: HighLevelSynthesis - 0.00906 (ms)
2026-07-10 20:01:45,179 [INFO] Pass: BasisTranslator - 0.06175 (ms)
2026-07-10 20:01:45,179 [INFO] Pass: ElidePermutations - 0.00405 (ms)
2026-07-10 20:01:45,179 [INFO] Pass: RemoveDiagonalGatesBeforeMeasure - 0.00739 (ms)
2026-07-10 20:01:45,180 [INFO] Pass: RemoveIdentityEquivalent - 0.00453 (ms)
2026-07-10 20:01:45,180 [INFO] Pass: InverseCancellation - 0.02646 (ms)
2026-07-10 20:01:45,180 [INFO] Pass: ContractIdleWiresInControlFlow - 0.00167 (ms)
2026-07-10 20:01:45,180 [INFO] Pass: CommutativeCancellation - 0.08202 (ms)
2026-07-10 20:01:45,180 [INFO] Pass: ConsolidateBlocks - 0.04435 (ms)
2026-07-10 20:01:45,180 [INFO] Pass: Split2QUnitaries - 0.00238 (ms)
2026-07-10 20:01:45,180 [INFO] Pass: UnitarySynthesis - 0.00477 (ms)
2026-07-10 20:01:45,180 [INFO] Pass: HighLevelSynthesis - 0.03362 (ms)
2026-07-10 20:01:45,180 [INFO] Pass: BasisTranslator - 0.07319 (ms)
2026-07-10 20:01:45,180 [INFO] Pass: ConsolidateBlocks - 0.05007 (ms)
2026-07-10 20:01:45,180 [INFO] Pass: UnitarySynthesis - 0.00429 (ms)
2026-07-10 20:01:45,180 [INFO] Pass: Depth - 0.02456 (ms)
2026-07-10 20:01:45,180 [INFO] Pass: FixedPoint - 0.00429 (ms)
2026-07-10 20:01:45,180 [INFO] Pass: Size - 0.00286 (ms)
2026-07-10 20:01:45,180 [INFO] Pass: FixedPoint - 0.00262 (ms)
2026-07-10 20:01:45,180 [INFO] Pass: RemoveIdentityEquivalent - 0.00429 (ms)
2026-07-10 20:01:45,180 [INFO] Pass: Optimize1qGatesDecomposition - 0.12589 (ms)
2026-07-10 20:01:45,181 [INFO] Pass: CommutativeCancellation - 0.10204 (ms)
2026-07-10 20:01:45,181 [INFO] Pass: ContractIdleWiresInControlFlow - 0.00191 (ms)
2026-07-10 20:01:45,181 [INFO] Pass: GatesInBasis - 0.02837 (ms)
2026-07-10 20:01:45,181 [INFO] Pass: Depth - 0.02456 (ms)
2026-07-10 20:01:45,181 [INFO] Pass: FixedPoint - 0.00381 (ms)
2026-07-10 20:01:45,181 [INFO] Pass: Size - 0.00191 (ms)
2026-07-10 20:01:45,181 [INFO] Pass: FixedPoint - 0.00286 (ms)
2026-07-10 20:01:45,181 [INFO] Pass: ContainsInstruction - 0.00501 (ms)
2026-07-10 20:01:45,181 [INFO] Total Transpile Time - 87.03566 (ms)
2026-07-10 20:01:45,265 [INFO] Pass: ContainsInstruction - 0.00954 (ms)
2026-07-10 20:01:45,266 [INFO] Pass: UnitarySynthesis - 0.00620 (ms)
2026-07-10 20:01:45,266 [INFO] Pass: HighLevelSynthesis - 0.00882 (ms)
2026-07-10 20:01:45,266 [INFO] Pass: BasisTranslator - 0.05269 (ms)
2026-07-10 20:01:45,266 [INFO] Pass: ElidePermutations - 0.00381 (ms)
2026-07-10 20:01:45,266 [INFO] Pass: RemoveDiagonalGatesBeforeMeasure - 0.00620 (ms)
2026-07-10 20:01:45,266 [INFO] Pass: RemoveIdentityEquivalent - 0.00525 (ms)
2026-07-10 20:01:45,266 [INFO] Pass: InverseCancellation - 0.02432 (ms)
2026-07-10 20:01:45,266 [INFO] Pass: ContractIdleWiresInControlFlow - 0.00191 (ms)
2026-07-10 20:01:45,266 [INFO] Pass: CommutativeCancellation - 0.07606 (ms)
2026-07-10 20:01:45,266 [INFO] Pass: ConsolidateBlocks - 0.04387 (ms)
2026-07-10 20:01:45,266 [INFO] Pass: Split2QUnitaries - 0.00238 (ms)
2026-07-10 20:01:45,266 [INFO] Pass: UnitarySynthesis - 0.00525 (ms)
2026-07-10 20:01:45,266 [INFO] Pass: HighLevelSynthesis - 0.03505 (ms)
2026-07-10 20:01:45,266 [INFO] Pass: BasisTranslator - 0.07486 (ms)
2026-07-10 20:01:45,266 [INFO] Pass: ConsolidateBlocks - 0.05245 (ms)
2026-07-10 20:01:45,266 [INFO] Pass: UnitarySynthesis - 0.00477 (ms)
2026-07-10 20:01:45,266 [INFO] Pass: Depth - 0.02456 (ms)
2026-07-10 20:01:45,266 [INFO] Pass: FixedPoint - 0.00429 (ms)
2026-07-10 20:01:45,266 [INFO] Pass: Size - 0.00238 (ms)
2026-07-10 20:01:45,266 [INFO] Pass: FixedPoint - 0.00238 (ms)
2026-07-10 20:01:45,266 [INFO] Pass: RemoveIdentityEquivalent - 0.00501 (ms)
2026-07-10 20:01:45,267 [INFO] Pass: Optimize1qGatesDecomposition - 0.13399 (ms)
2026-07-10 20:01:45,267 [INFO] Pass: CommutativeCancellation - 0.08965 (ms)
2026-07-10 20:01:45,267 [INFO] Pass: ContractIdleWiresInControlFlow - 0.00215 (ms)
2026-07-10 20:01:45,267 [INFO] Pass: GatesInBasis - 0.02861 (ms)
2026-07-10 20:01:45,267 [INFO] Pass: Depth - 0.02480 (ms)
2026-07-10 20:01:45,267 [INFO] Pass: FixedPoint - 0.00358 (ms)
2026-07-10 20:01:45,267 [INFO] Pass: Size - 0.00191 (ms)
2026-07-10 20:01:45,267 [INFO] Pass: FixedPoint - 0.00310 (ms)
2026-07-10 20:01:45,267 [INFO] Pass: RemoveIdentityEquivalent - 0.00477 (ms)
2026-07-10 20:01:45,267 [INFO] Pass: Optimize1qGatesDecomposition - 0.11516 (ms)
2026-07-10 20:01:45,267 [INFO] Pass: CommutativeCancellation - 0.08583 (ms)
2026-07-10 20:01:45,267 [INFO] Pass: ContractIdleWiresInControlFlow - 0.00167 (ms)
2026-07-10 20:01:45,267 [INFO] Pass: GatesInBasis - 0.02766 (ms)
2026-07-10 20:01:45,267 [INFO] Pass: Depth - 0.02289 (ms)
2026-07-10 20:01:45,267 [INFO] Pass: FixedPoint - 0.00310 (ms)
2026-07-10 20:01:45,267 [INFO] Pass: Size - 0.00167 (ms)
2026-07-10 20:01:45,267 [INFO] Pass: FixedPoint - 0.00262 (ms)
2026-07-10 20:01:45,267 [INFO] Pass: ContainsInstruction - 0.00572 (ms)
2026-07-10 20:01:45,268 [INFO] Total Transpile Time - 86.37977 (ms)
2026-07-10 20:17:15,022 [INFO] [PCE] n=150 instancia 50/100 completada en 0:00:15:30 — transcurrido=0:13:29:44 restante_estimado=0:13:29:44
2026-07-10 20:17:15,128 [INFO] Pass: ContainsInstruction - 0.01073 (ms)
2026-07-10 20:17:15,128 [INFO] Pass: UnitarySynthesis - 0.00668 (ms)
2026-07-10 20:17:15,128 [INFO] Pass: HighLevelSynthesis - 0.01001 (ms)
2026-07-10 20:17:15,129 [INFO] Pass: BasisTranslator - 0.06151 (ms)
2026-07-10 20:17:15,129 [INFO] Pass: ElidePermutations - 0.00477 (ms)
2026-07-10 20:17:15,129 [INFO] Pass: RemoveDiagonalGatesBeforeMeasure - 0.00834 (ms)
2026-07-10 20:17:15,129 [INFO] Pass: RemoveIdentityEquivalent - 0.00477 (ms)
2026-07-10 20:17:15,129 [INFO] Pass: InverseCancellation - 0.00501 (ms)
2026-07-10 20:17:15,129 [INFO] Pass: ContractIdleWiresInControlFlow - 0.00215 (ms)
2026-07-10 20:17:15,129 [INFO] Pass: CommutativeCancellation - 0.08583 (ms)
2026-07-10 20:17:15,129 [INFO] Pass: ConsolidateBlocks - 0.04625 (ms)
2026-07-10 20:17:15,129 [INFO] Pass: Split2QUnitaries - 0.00310 (ms)
2026-07-10 20:17:15,129 [INFO] Pass: UnitarySynthesis - 0.00525 (ms)
2026-07-10 20:17:15,129 [INFO] Pass: HighLevelSynthesis - 0.03409 (ms)
2026-07-10 20:17:15,129 [INFO] Pass: BasisTranslator - 0.07486 (ms)
2026-07-10 20:17:15,129 [INFO] Pass: ConsolidateBlocks - 0.05269 (ms)
2026-07-10 20:17:15,129 [INFO] Pass: UnitarySynthesis - 0.00477 (ms)
2026-07-10 20:17:15,129 [INFO] Pass: Depth - 0.02670 (ms)
2026-07-10 20:17:15,129 [INFO] Pass: FixedPoint - 0.00453 (ms)
2026-07-10 20:17:15,129 [INFO] Pass: Size - 0.00334 (ms)
2026-07-10 20:17:15,129 [INFO] Pass: FixedPoint - 0.00238 (ms)
2026-07-10 20:17:15,129 [INFO] Pass: RemoveIdentityEquivalent - 0.00334 (ms)
2026-07-10 20:17:15,129 [INFO] Pass: Optimize1qGatesDecomposition - 0.04148 (ms)
2026-07-10 20:17:15,130 [INFO] Pass: CommutativeCancellation - 0.09918 (ms)
2026-07-10 20:17:15,130 [INFO] Pass: ContractIdleWiresInControlFlow - 0.00238 (ms)
2026-07-10 20:17:15,130 [INFO] Pass: GatesInBasis - 0.02956 (ms)
2026-07-10 20:17:15,130 [INFO] Pass: Depth - 0.02575 (ms)
2026-07-10 20:17:15,130 [INFO] Pass: FixedPoint - 0.00358 (ms)
2026-07-10 20:17:15,130 [INFO] Pass: Size - 0.00215 (ms)
2026-07-10 20:17:15,130 [INFO] Pass: FixedPoint - 0.00262 (ms)
2026-07-10 20:17:15,130 [INFO] Pass: ContainsInstruction - 0.00525 (ms)
2026-07-10 20:17:15,130 [INFO] Total Transpile Time - 89.34855 (ms)
2026-07-10 20:17:15,216 [INFO] Pass: ContainsInstruction - 0.00930 (ms)
2026-07-10 20:17:15,216 [INFO] Pass: UnitarySynthesis - 0.00596 (ms)
2026-07-10 20:17:15,216 [INFO] Pass: HighLevelSynthesis - 0.00858 (ms)
2026-07-10 20:17:15,216 [INFO] Pass: BasisTranslator - 0.05460 (ms)
2026-07-10 20:17:15,216 [INFO] Pass: ElidePermutations - 0.00405 (ms)
2026-07-10 20:17:15,216 [INFO] Pass: RemoveDiagonalGatesBeforeMeasure - 0.00715 (ms)
2026-07-10 20:17:15,216 [INFO] Pass: RemoveIdentityEquivalent - 0.00525 (ms)
2026-07-10 20:17:15,216 [INFO] Pass: InverseCancellation - 0.02337 (ms)
2026-07-10 20:17:15,216 [INFO] Pass: ContractIdleWiresInControlFlow - 0.00215 (ms)
2026-07-10 20:17:15,216 [INFO] Pass: CommutativeCancellation - 0.08440 (ms)
2026-07-10 20:17:15,216 [INFO] Pass: ConsolidateBlocks - 0.04458 (ms)
2026-07-10 20:17:15,216 [INFO] Pass: Split2QUnitaries - 0.00238 (ms)
2026-07-10 20:17:15,216 [INFO] Pass: UnitarySynthesis - 0.00501 (ms)
2026-07-10 20:17:15,216 [INFO] Pass: HighLevelSynthesis - 0.03386 (ms)
2026-07-10 20:17:15,216 [INFO] Pass: BasisTranslator - 0.07463 (ms)
2026-07-10 20:17:15,216 [INFO] Pass: ConsolidateBlocks - 0.05126 (ms)
2026-07-10 20:17:15,216 [INFO] Pass: UnitarySynthesis - 0.00453 (ms)
2026-07-10 20:17:15,216 [INFO] Pass: Depth - 0.02980 (ms)
2026-07-10 20:17:15,216 [INFO] Pass: FixedPoint - 0.00429 (ms)
2026-07-10 20:17:15,216 [INFO] Pass: Size - 0.00286 (ms)
2026-07-10 20:17:15,217 [INFO] Pass: FixedPoint - 0.00286 (ms)
2026-07-10 20:17:15,217 [INFO] Pass: RemoveIdentityEquivalent - 0.00429 (ms)
2026-07-10 20:17:15,217 [INFO] Pass: Optimize1qGatesDecomposition - 0.12398 (ms)
2026-07-10 20:17:15,217 [INFO] Pass: CommutativeCancellation - 0.09823 (ms)
2026-07-10 20:17:15,217 [INFO] Pass: ContractIdleWiresInControlFlow - 0.00191 (ms)
2026-07-10 20:17:15,217 [INFO] Pass: GatesInBasis - 0.02813 (ms)
2026-07-10 20:17:15,217 [INFO] Pass: Depth - 0.02408 (ms)
2026-07-10 20:17:15,217 [INFO] Pass: FixedPoint - 0.00334 (ms)
2026-07-10 20:17:15,217 [INFO] Pass: Size - 0.00167 (ms)
2026-07-10 20:17:15,217 [INFO] Pass: FixedPoint - 0.00286 (ms)
2026-07-10 20:17:15,217 [INFO] Pass: ContainsInstruction - 0.00477 (ms)
2026-07-10 20:17:15,217 [INFO] Total Transpile Time - 86.83038 (ms)
2026-07-10 20:17:15,303 [INFO] Pass: ContainsInstruction - 0.00906 (ms)
2026-07-10 20:17:15,303 [INFO] Pass: UnitarySynthesis - 0.00596 (ms)
2026-07-10 20:17:15,303 [INFO] Pass: HighLevelSynthesis - 0.00882 (ms)
2026-07-10 20:17:15,303 [INFO] Pass: BasisTranslator - 0.05102 (ms)
2026-07-10 20:17:15,303 [INFO] Pass: ElidePermutations - 0.00310 (ms)
2026-07-10 20:17:15,303 [INFO] Pass: RemoveDiagonalGatesBeforeMeasure - 0.00620 (ms)
2026-07-10 20:17:15,303 [INFO] Pass: RemoveIdentityEquivalent - 0.00525 (ms)
2026-07-10 20:17:15,303 [INFO] Pass: InverseCancellation - 0.02337 (ms)
2026-07-10 20:17:15,303 [INFO] Pass: ContractIdleWiresInControlFlow - 0.00215 (ms)
2026-07-10 20:17:15,303 [INFO] Pass: CommutativeCancellation - 0.07248 (ms)
2026-07-10 20:17:15,303 [INFO] Pass: ConsolidateBlocks - 0.04172 (ms)
2026-07-10 20:17:15,303 [INFO] Pass: Split2QUnitaries - 0.01025 (ms)
2026-07-10 20:17:15,303 [INFO] Pass: UnitarySynthesis - 0.00572 (ms)
2026-07-10 20:17:15,303 [INFO] Pass: HighLevelSynthesis - 0.03600 (ms)
2026-07-10 20:17:15,304 [INFO] Pass: BasisTranslator - 0.07391 (ms)
2026-07-10 20:17:15,304 [INFO] Pass: ConsolidateBlocks - 0.05245 (ms)
2026-07-10 20:17:15,304 [INFO] Pass: UnitarySynthesis - 0.00477 (ms)
2026-07-10 20:17:15,304 [INFO] Pass: Depth - 0.02766 (ms)
2026-07-10 20:17:15,304 [INFO] Pass: FixedPoint - 0.00429 (ms)
2026-07-10 20:17:15,304 [INFO] Pass: Size - 0.00238 (ms)
2026-07-10 20:17:15,304 [INFO] Pass: FixedPoint - 0.00286 (ms)
2026-07-10 20:17:15,304 [INFO] Pass: RemoveIdentityEquivalent - 0.00477 (ms)
2026-07-10 20:17:15,304 [INFO] Pass: Optimize1qGatesDecomposition - 0.13185 (ms)
2026-07-10 20:17:15,304 [INFO] Pass: CommutativeCancellation - 0.09036 (ms)
2026-07-10 20:17:15,304 [INFO] Pass: ContractIdleWiresInControlFlow - 0.00191 (ms)
2026-07-10 20:17:15,304 [INFO] Pass: GatesInBasis - 0.02789 (ms)
2026-07-10 20:17:15,304 [INFO] Pass: Depth - 0.02265 (ms)
2026-07-10 20:17:15,304 [INFO] Pass: FixedPoint - 0.00358 (ms)
2026-07-10 20:17:15,304 [INFO] Pass: Size - 0.00238 (ms)
2026-07-10 20:17:15,304 [INFO] Pass: FixedPoint - 0.00286 (ms)
2026-07-10 20:17:15,304 [INFO] Pass: RemoveIdentityEquivalent - 0.00477 (ms)
2026-07-10 20:17:15,304 [INFO] Pass: Optimize1qGatesDecomposition - 0.11992 (ms)
2026-07-10 20:17:15,305 [INFO] Pass: CommutativeCancellation - 0.08154 (ms)
2026-07-10 20:17:15,305 [INFO] Pass: ContractIdleWiresInControlFlow - 0.00191 (ms)
2026-07-10 20:17:15,305 [INFO] Pass: GatesInBasis - 0.02742 (ms)
2026-07-10 20:17:15,305 [INFO] Pass: Depth - 0.02170 (ms)
2026-07-10 20:17:15,305 [INFO] Pass: FixedPoint - 0.00334 (ms)
2026-07-10 20:17:15,305 [INFO] Pass: Size - 0.00167 (ms)
2026-07-10 20:17:15,305 [INFO] Pass: FixedPoint - 0.00238 (ms)
2026-07-10 20:17:15,305 [INFO] Pass: ContainsInstruction - 0.00548 (ms)
2026-07-10 20:17:15,305 [INFO] Total Transpile Time - 87.44740 (ms)
2026-07-10 20:33:15,735 [INFO] [PCE] n=150 instancia 51/100 completada en 0:00:16:01 — transcurrido=0:13:45:44 restante_estimado=0:13:13:21
2026-07-10 20:33:15,838 [INFO] Pass: ContainsInstruction - 0.01192 (ms)
2026-07-10 20:33:15,838 [INFO] Pass: UnitarySynthesis - 0.00668 (ms)
2026-07-10 20:33:15,838 [INFO] Pass: HighLevelSynthesis - 0.01001 (ms)
2026-07-10 20:33:15,838 [INFO] Pass: BasisTranslator - 0.05722 (ms)
2026-07-10 20:33:15,838 [INFO] Pass: ElidePermutations - 0.00548 (ms)
2026-07-10 20:33:15,838 [INFO] Pass: RemoveDiagonalGatesBeforeMeasure - 0.00787 (ms)
2026-07-10 20:33:15,838 [INFO] Pass: RemoveIdentityEquivalent - 0.00381 (ms)
2026-07-10 20:33:15,838 [INFO] Pass: InverseCancellation - 0.00477 (ms)
2026-07-10 20:33:15,838 [INFO] Pass: ContractIdleWiresInControlFlow - 0.00167 (ms)
2026-07-10 20:33:15,838 [INFO] Pass: CommutativeCancellation - 0.07343 (ms)
2026-07-10 20:33:15,838 [INFO] Pass: ConsolidateBlocks - 0.04649 (ms)
2026-07-10 20:33:15,838 [INFO] Pass: Split2QUnitaries - 0.00286 (ms)
2026-07-10 20:33:15,838 [INFO] Pass: UnitarySynthesis - 0.00453 (ms)
2026-07-10 20:33:15,838 [INFO] Pass: HighLevelSynthesis - 0.03290 (ms)
2026-07-10 20:33:15,838 [INFO] Pass: BasisTranslator - 0.07129 (ms)
2026-07-10 20:33:15,838 [INFO] Pass: ConsolidateBlocks - 0.05150 (ms)
2026-07-10 20:33:15,838 [INFO] Pass: UnitarySynthesis - 0.00429 (ms)
2026-07-10 20:33:15,838 [INFO] Pass: Depth - 0.02527 (ms)
2026-07-10 20:33:15,838 [INFO] Pass: FixedPoint - 0.00477 (ms)
2026-07-10 20:33:15,838 [INFO] Pass: Size - 0.00310 (ms)
2026-07-10 20:33:15,838 [INFO] Pass: FixedPoint - 0.00238 (ms)
2026-07-10 20:33:15,839 [INFO] Pass: RemoveIdentityEquivalent - 0.00381 (ms)
2026-07-10 20:33:15,839 [INFO] Pass: Optimize1qGatesDecomposition - 0.03552 (ms)
2026-07-10 20:33:15,839 [INFO] Pass: CommutativeCancellation - 0.08988 (ms)
2026-07-10 20:33:15,839 [INFO] Pass: ContractIdleWiresInControlFlow - 0.00167 (ms)
2026-07-10 20:33:15,839 [INFO] Pass: GatesInBasis - 0.02837 (ms)
2026-07-10 20:33:15,839 [INFO] Pass: Depth - 0.02265 (ms)
2026-07-10 20:33:15,839 [INFO] Pass: FixedPoint - 0.00334 (ms)
2026-07-10 20:33:15,839 [INFO] Pass: Size - 0.00215 (ms)
2026-07-10 20:33:15,839 [INFO] Pass: FixedPoint - 0.00286 (ms)
2026-07-10 20:33:15,839 [INFO] Pass: ContainsInstruction - 0.00477 (ms)
2026-07-10 20:33:15,839 [INFO] Total Transpile Time - 86.16400 (ms)
2026-07-10 20:33:15,922 [INFO] Pass: ContainsInstruction - 0.00930 (ms)
2026-07-10 20:33:15,922 [INFO] Pass: UnitarySynthesis - 0.00620 (ms)
2026-07-10 20:33:15,922 [INFO] Pass: HighLevelSynthesis - 0.00882 (ms)
2026-07-10 20:33:15,922 [INFO] Pass: BasisTranslator - 0.05102 (ms)
2026-07-10 20:33:15,922 [INFO] Pass: ElidePermutations - 0.00358 (ms)
2026-07-10 20:33:15,922 [INFO] Pass: RemoveDiagonalGatesBeforeMeasure - 0.00668 (ms)
2026-07-10 20:33:15,922 [INFO] Pass: RemoveIdentityEquivalent - 0.00501 (ms)
2026-07-10 20:33:15,922 [INFO] Pass: InverseCancellation - 0.02503 (ms)
2026-07-10 20:33:15,922 [INFO] Pass: ContractIdleWiresInControlFlow - 0.00215 (ms)
2026-07-10 20:33:15,922 [INFO] Pass: CommutativeCancellation - 0.08130 (ms)
2026-07-10 20:33:15,922 [INFO] Pass: ConsolidateBlocks - 0.04458 (ms)
2026-07-10 20:33:15,922 [INFO] Pass: Split2QUnitaries - 0.00286 (ms)
2026-07-10 20:33:15,922 [INFO] Pass: UnitarySynthesis - 0.00477 (ms)
2026-07-10 20:33:15,922 [INFO] Pass: HighLevelSynthesis - 0.03409 (ms)
2026-07-10 20:33:15,923 [INFO] Pass: BasisTranslator - 0.07248 (ms)
2026-07-10 20:33:15,923 [INFO] Pass: ConsolidateBlocks - 0.05317 (ms)
2026-07-10 20:33:15,923 [INFO] Pass: UnitarySynthesis - 0.00429 (ms)
2026-07-10 20:33:15,923 [INFO] Pass: Depth - 0.02360 (ms)
2026-07-10 20:33:15,923 [INFO] Pass: FixedPoint - 0.00405 (ms)
2026-07-10 20:33:15,923 [INFO] Pass: Size - 0.00262 (ms)
2026-07-10 20:33:15,923 [INFO] Pass: FixedPoint - 0.00262 (ms)
2026-07-10 20:33:15,923 [INFO] Pass: RemoveIdentityEquivalent - 0.00429 (ms)
2026-07-10 20:33:15,923 [INFO] Pass: Optimize1qGatesDecomposition - 0.12636 (ms)
2026-07-10 20:33:15,923 [INFO] Pass: CommutativeCancellation - 0.09847 (ms)
2026-07-10 20:33:15,923 [INFO] Pass: ContractIdleWiresInControlFlow - 0.00215 (ms)
2026-07-10 20:33:15,923 [INFO] Pass: GatesInBasis - 0.02813 (ms)
2026-07-10 20:33:15,923 [INFO] Pass: Depth - 0.02408 (ms)
2026-07-10 20:33:15,923 [INFO] Pass: FixedPoint - 0.00358 (ms)
2026-07-10 20:33:15,923 [INFO] Pass: Size - 0.00215 (ms)
2026-07-10 20:33:15,923 [INFO] Pass: FixedPoint - 0.00238 (ms)
2026-07-10 20:33:15,923 [INFO] Pass: ContainsInstruction - 0.00501 (ms)
2026-07-10 20:33:15,924 [INFO] Total Transpile Time - 83.94599 (ms)
2026-07-10 20:33:16,007 [INFO] Pass: ContainsInstruction - 0.00882 (ms)
2026-07-10 20:33:16,007 [INFO] Pass: UnitarySynthesis - 0.00596 (ms)
2026-07-10 20:33:16,007 [INFO] Pass: HighLevelSynthesis - 0.00834 (ms)
2026-07-10 20:33:16,007 [INFO] Pass: BasisTranslator - 0.05078 (ms)
2026-07-10 20:33:16,007 [INFO] Pass: ElidePermutations - 0.00310 (ms)
2026-07-10 20:33:16,007 [INFO] Pass: RemoveDiagonalGatesBeforeMeasure - 0.00572 (ms)
2026-07-10 20:33:16,007 [INFO] Pass: RemoveIdentityEquivalent - 0.00620 (ms)
2026-07-10 20:33:16,007 [INFO] Pass: InverseCancellation - 0.02313 (ms)
2026-07-10 20:33:16,007 [INFO] Pass: ContractIdleWiresInControlFlow - 0.00167 (ms)
2026-07-10 20:33:16,007 [INFO] Pass: CommutativeCancellation - 0.07415 (ms)
2026-07-10 20:33:16,007 [INFO] Pass: ConsolidateBlocks - 0.04292 (ms)
2026-07-10 20:33:16,007 [INFO] Pass: Split2QUnitaries - 0.00262 (ms)
2026-07-10 20:33:16,007 [INFO] Pass: UnitarySynthesis - 0.00525 (ms)
2026-07-10 20:33:16,007 [INFO] Pass: HighLevelSynthesis - 0.03409 (ms)
2026-07-10 20:33:16,007 [INFO] Pass: BasisTranslator - 0.07081 (ms)
2026-07-10 20:33:16,007 [INFO] Pass: ConsolidateBlocks - 0.05102 (ms)
2026-07-10 20:33:16,007 [INFO] Pass: UnitarySynthesis - 0.00477 (ms)
2026-07-10 20:33:16,008 [INFO] Pass: Depth - 0.02432 (ms)
2026-07-10 20:33:16,008 [INFO] Pass: FixedPoint - 0.00453 (ms)
2026-07-10 20:33:16,008 [INFO] Pass: Size - 0.00215 (ms)
2026-07-10 20:33:16,008 [INFO] Pass: FixedPoint - 0.00238 (ms)
2026-07-10 20:33:16,008 [INFO] Pass: RemoveIdentityEquivalent - 0.00477 (ms)
2026-07-10 20:33:16,008 [INFO] Pass: Optimize1qGatesDecomposition - 0.12946 (ms)
2026-07-10 20:33:16,008 [INFO] Pass: CommutativeCancellation - 0.09632 (ms)
2026-07-10 20:33:16,008 [INFO] Pass: ContractIdleWiresInControlFlow - 0.00191 (ms)
2026-07-10 20:33:16,008 [INFO] Pass: GatesInBasis - 0.02718 (ms)
2026-07-10 20:33:16,008 [INFO] Pass: Depth - 0.02337 (ms)
2026-07-10 20:33:16,008 [INFO] Pass: FixedPoint - 0.00358 (ms)
2026-07-10 20:33:16,008 [INFO] Pass: Size - 0.00191 (ms)
2026-07-10 20:33:16,008 [INFO] Pass: FixedPoint - 0.00215 (ms)
2026-07-10 20:33:16,008 [INFO] Pass: RemoveIdentityEquivalent - 0.00453 (ms)
2026-07-10 20:33:16,008 [INFO] Pass: Optimize1qGatesDecomposition - 0.11325 (ms)
2026-07-10 20:33:16,008 [INFO] Pass: CommutativeCancellation - 0.09584 (ms)
2026-07-10 20:33:16,008 [INFO] Pass: ContractIdleWiresInControlFlow - 0.00167 (ms)
2026-07-10 20:33:16,008 [INFO] Pass: GatesInBasis - 0.02670 (ms)
2026-07-10 20:33:16,009 [INFO] Pass: Depth - 0.02337 (ms)
2026-07-10 20:33:16,009 [INFO] Pass: FixedPoint - 0.00334 (ms)
2026-07-10 20:33:16,009 [INFO] Pass: Size - 0.00238 (ms)
2026-07-10 20:33:16,009 [INFO] Pass: FixedPoint - 0.00262 (ms)
2026-07-10 20:33:16,009 [INFO] Pass: ContainsInstruction - 0.00548 (ms)
2026-07-10 20:33:16,009 [INFO] Total Transpile Time - 85.01887 (ms)
2026-07-10 20:49:49,017 [INFO] [PCE] n=150 instancia 52/100 completada en 0:00:16:33 — transcurrido=0:14:02:18 restante_estimado=0:12:57:30
2026-07-10 20:49:49,119 [INFO] Pass: ContainsInstruction - 0.01144 (ms)
2026-07-10 20:49:49,119 [INFO] Pass: UnitarySynthesis - 0.00691 (ms)
2026-07-10 20:49:49,119 [INFO] Pass: HighLevelSynthesis - 0.00978 (ms)
2026-07-10 20:49:49,119 [INFO] Pass: BasisTranslator - 0.06104 (ms)
2026-07-10 20:49:49,120 [INFO] Pass: ElidePermutations - 0.00453 (ms)
2026-07-10 20:49:49,120 [INFO] Pass: RemoveDiagonalGatesBeforeMeasure - 0.00811 (ms)
2026-07-10 20:49:49,120 [INFO] Pass: RemoveIdentityEquivalent - 0.00381 (ms)
2026-07-10 20:49:49,120 [INFO] Pass: InverseCancellation - 0.00453 (ms)
2026-07-10 20:49:49,120 [INFO] Pass: ContractIdleWiresInControlFlow - 0.00191 (ms)
2026-07-10 20:49:49,120 [INFO] Pass: CommutativeCancellation - 0.07868 (ms)
2026-07-10 20:49:49,120 [INFO] Pass: ConsolidateBlocks - 0.04673 (ms)
2026-07-10 20:49:49,120 [INFO] Pass: Split2QUnitaries - 0.00286 (ms)
2026-07-10 20:49:49,120 [INFO] Pass: UnitarySynthesis - 0.00477 (ms)
2026-07-10 20:49:49,120 [INFO] Pass: HighLevelSynthesis - 0.03481 (ms)
2026-07-10 20:49:49,120 [INFO] Pass: BasisTranslator - 0.07606 (ms)
2026-07-10 20:49:49,120 [INFO] Pass: ConsolidateBlocks - 0.05245 (ms)
2026-07-10 20:49:49,120 [INFO] Pass: UnitarySynthesis - 0.00453 (ms)
2026-07-10 20:49:49,120 [INFO] Pass: Depth - 0.02694 (ms)
2026-07-10 20:49:49,120 [INFO] Pass: FixedPoint - 0.00477 (ms)
2026-07-10 20:49:49,120 [INFO] Pass: Size - 0.00334 (ms)
2026-07-10 20:49:49,120 [INFO] Pass: FixedPoint - 0.00310 (ms)
2026-07-10 20:49:49,120 [INFO] Pass: RemoveIdentityEquivalent - 0.00358 (ms)
2026-07-10 20:49:49,120 [INFO] Pass: Optimize1qGatesDecomposition - 0.03743 (ms)
2026-07-10 20:49:49,120 [INFO] Pass: CommutativeCancellation - 0.10300 (ms)
2026-07-10 20:49:49,121 [INFO] Pass: ContractIdleWiresInControlFlow - 0.00215 (ms)
2026-07-10 20:49:49,121 [INFO] Pass: GatesInBasis - 0.02909 (ms)
2026-07-10 20:49:49,121 [INFO] Pass: Depth - 0.02575 (ms)
2026-07-10 20:49:49,121 [INFO] Pass: FixedPoint - 0.00381 (ms)
2026-07-10 20:49:49,121 [INFO] Pass: Size - 0.00238 (ms)
2026-07-10 20:49:49,121 [INFO] Pass: FixedPoint - 0.00262 (ms)
2026-07-10 20:49:49,121 [INFO] Pass: ContainsInstruction - 0.00548 (ms)
2026-07-10 20:49:49,121 [INFO] Total Transpile Time - 86.24291 (ms)
2026-07-10 20:49:49,205 [INFO] Pass: ContainsInstruction - 0.00954 (ms)
2026-07-10 20:49:49,205 [INFO] Pass: UnitarySynthesis - 0.00620 (ms)
2026-07-10 20:49:49,205 [INFO] Pass: HighLevelSynthesis - 0.00906 (ms)
2026-07-10 20:49:49,206 [INFO] Pass: BasisTranslator - 0.05388 (ms)
2026-07-10 20:49:49,206 [INFO] Pass: ElidePermutations - 0.00381 (ms)
2026-07-10 20:49:49,206 [INFO] Pass: RemoveDiagonalGatesBeforeMeasure - 0.00668 (ms)
2026-07-10 20:49:49,206 [INFO] Pass: RemoveIdentityEquivalent - 0.00477 (ms)
2026-07-10 20:49:49,206 [INFO] Pass: InverseCancellation - 0.02480 (ms)
2026-07-10 20:49:49,206 [INFO] Pass: ContractIdleWiresInControlFlow - 0.00215 (ms)
2026-07-10 20:49:49,206 [INFO] Pass: CommutativeCancellation - 0.08082 (ms)
2026-07-10 20:49:49,206 [INFO] Pass: ConsolidateBlocks - 0.04387 (ms)
2026-07-10 20:49:49,206 [INFO] Pass: Split2QUnitaries - 0.00238 (ms)
2026-07-10 20:49:49,206 [INFO] Pass: UnitarySynthesis - 0.00548 (ms)
2026-07-10 20:49:49,206 [INFO] Pass: HighLevelSynthesis - 0.03338 (ms)
2026-07-10 20:49:49,206 [INFO] Pass: BasisTranslator - 0.07558 (ms)
2026-07-10 20:49:49,206 [INFO] Pass: ConsolidateBlocks - 0.05221 (ms)
2026-07-10 20:49:49,206 [INFO] Pass: UnitarySynthesis - 0.00477 (ms)
2026-07-10 20:49:49,206 [INFO] Pass: Depth - 0.02337 (ms)
2026-07-10 20:49:49,206 [INFO] Pass: FixedPoint - 0.00429 (ms)
2026-07-10 20:49:49,206 [INFO] Pass: Size - 0.00334 (ms)
2026-07-10 20:49:49,206 [INFO] Pass: FixedPoint - 0.00286 (ms)
2026-07-10 20:49:49,206 [INFO] Pass: RemoveIdentityEquivalent - 0.00477 (ms)
2026-07-10 20:49:49,207 [INFO] Pass: Optimize1qGatesDecomposition - 0.13256 (ms)
2026-07-10 20:49:49,207 [INFO] Pass: CommutativeCancellation - 0.09775 (ms)
2026-07-10 20:49:49,207 [INFO] Pass: ContractIdleWiresInControlFlow - 0.00143 (ms)
2026-07-10 20:49:49,207 [INFO] Pass: GatesInBasis - 0.02885 (ms)
2026-07-10 20:49:49,207 [INFO] Pass: Depth - 0.02265 (ms)
2026-07-10 20:49:49,207 [INFO] Pass: FixedPoint - 0.00405 (ms)
2026-07-10 20:49:49,207 [INFO] Pass: Size - 0.00191 (ms)
2026-07-10 20:49:49,207 [INFO] Pass: FixedPoint - 0.00286 (ms)
2026-07-10 20:49:49,207 [INFO] Pass: ContainsInstruction - 0.00501 (ms)
2026-07-10 20:49:49,207 [INFO] Total Transpile Time - 85.80399 (ms)
2026-07-10 20:49:49,293 [INFO] Pass: ContainsInstruction - 0.00978 (ms)
2026-07-10 20:49:49,293 [INFO] Pass: UnitarySynthesis - 0.00644 (ms)
2026-07-10 20:49:49,293 [INFO] Pass: HighLevelSynthesis - 0.00882 (ms)
2026-07-10 20:49:49,293 [INFO] Pass: BasisTranslator - 0.05317 (ms)
2026-07-10 20:49:49,293 [INFO] Pass: ElidePermutations - 0.00334 (ms)
2026-07-10 20:49:49,293 [INFO] Pass: RemoveDiagonalGatesBeforeMeasure - 0.00668 (ms)
2026-07-10 20:49:49,293 [INFO] Pass: RemoveIdentityEquivalent - 0.00525 (ms)
2026-07-10 20:49:49,293 [INFO] Pass: InverseCancellation - 0.02384 (ms)
2026-07-10 20:49:49,293 [INFO] Pass: ContractIdleWiresInControlFlow - 0.00167 (ms)
2026-07-10 20:49:49,293 [INFO] Pass: CommutativeCancellation - 0.07629 (ms)
2026-07-10 20:49:49,293 [INFO] Pass: ConsolidateBlocks - 0.04268 (ms)
2026-07-10 20:49:49,293 [INFO] Pass: Split2QUnitaries - 0.00262 (ms)
2026-07-10 20:49:49,293 [INFO] Pass: UnitarySynthesis - 0.00525 (ms)
2026-07-10 20:49:49,293 [INFO] Pass: HighLevelSynthesis - 0.03505 (ms)
2026-07-10 20:49:49,293 [INFO] Pass: BasisTranslator - 0.07319 (ms)
2026-07-10 20:49:49,293 [INFO] Pass: ConsolidateBlocks - 0.05937 (ms)
2026-07-10 20:49:49,293 [INFO] Pass: UnitarySynthesis - 0.00501 (ms)
2026-07-10 20:49:49,294 [INFO] Pass: Depth - 0.02360 (ms)
2026-07-10 20:49:49,294 [INFO] Pass: FixedPoint - 0.00381 (ms)
2026-07-10 20:49:49,294 [INFO] Pass: Size - 0.00238 (ms)
2026-07-10 20:49:49,294 [INFO] Pass: FixedPoint - 0.00238 (ms)
2026-07-10 20:49:49,294 [INFO] Pass: RemoveIdentityEquivalent - 0.00525 (ms)
2026-07-10 20:49:49,294 [INFO] Pass: Optimize1qGatesDecomposition - 0.13709 (ms)
2026-07-10 20:49:49,294 [INFO] Pass: CommutativeCancellation - 0.09131 (ms)
2026-07-10 20:49:49,294 [INFO] Pass: ContractIdleWiresInControlFlow - 0.00191 (ms)
2026-07-10 20:49:49,294 [INFO] Pass: GatesInBasis - 0.02742 (ms)
2026-07-10 20:49:49,294 [INFO] Pass: Depth - 0.02313 (ms)
2026-07-10 20:49:49,294 [INFO] Pass: FixedPoint - 0.00358 (ms)
2026-07-10 20:49:49,294 [INFO] Pass: Size - 0.00238 (ms)
2026-07-10 20:49:49,294 [INFO] Pass: FixedPoint - 0.00286 (ms)
2026-07-10 20:49:49,294 [INFO] Pass: RemoveIdentityEquivalent - 0.00453 (ms)
2026-07-10 20:49:49,294 [INFO] Pass: Optimize1qGatesDecomposition - 0.12302 (ms)
2026-07-10 20:49:49,294 [INFO] Pass: CommutativeCancellation - 0.08631 (ms)
2026-07-10 20:49:49,294 [INFO] Pass: ContractIdleWiresInControlFlow - 0.00167 (ms)
2026-07-10 20:49:49,294 [INFO] Pass: GatesInBasis - 0.02694 (ms)
2026-07-10 20:49:49,294 [INFO] Pass: Depth - 0.02193 (ms)
2026-07-10 20:49:49,295 [INFO] Pass: FixedPoint - 0.00334 (ms)
2026-07-10 20:49:49,295 [INFO] Pass: Size - 0.00167 (ms)
2026-07-10 20:49:49,295 [INFO] Pass: FixedPoint - 0.00262 (ms)
2026-07-10 20:49:49,295 [INFO] Pass: ContainsInstruction - 0.00572 (ms)
2026-07-10 20:49:49,295 [INFO] Total Transpile Time - 87.34417 (ms)
2026-07-10 21:03:33,127 [INFO] [PCE] n=150 instancia 53/100 completada en 0:00:13:44 — transcurrido=0:14:16:02 restante_estimado=0:12:39:07
2026-07-10 21:03:33,394 [INFO] Pass: ContainsInstruction - 0.01144 (ms)
2026-07-10 21:03:33,394 [INFO] Pass: UnitarySynthesis - 0.00739 (ms)
2026-07-10 21:03:33,394 [INFO] Pass: HighLevelSynthesis - 0.01025 (ms)
2026-07-10 21:03:33,394 [INFO] Pass: BasisTranslator - 0.05984 (ms)
2026-07-10 21:03:33,394 [INFO] Pass: ElidePermutations - 0.00501 (ms)
2026-07-10 21:03:33,394 [INFO] Pass: RemoveDiagonalGatesBeforeMeasure - 0.00787 (ms)
2026-07-10 21:03:33,394 [INFO] Pass: RemoveIdentityEquivalent - 0.00358 (ms)
2026-07-10 21:03:33,394 [INFO] Pass: InverseCancellation - 0.00525 (ms)
2026-07-10 21:03:33,394 [INFO] Pass: ContractIdleWiresInControlFlow - 0.00191 (ms)
2026-07-10 21:03:33,394 [INFO] Pass: CommutativeCancellation - 0.08178 (ms)
2026-07-10 21:03:33,394 [INFO] Pass: ConsolidateBlocks - 0.05102 (ms)
2026-07-10 21:03:33,394 [INFO] Pass: Split2QUnitaries - 0.00262 (ms)
2026-07-10 21:03:33,395 [INFO] Pass: UnitarySynthesis - 0.00548 (ms)
2026-07-10 21:03:33,395 [INFO] Pass: HighLevelSynthesis - 0.03409 (ms)
2026-07-10 21:03:33,395 [INFO] Pass: BasisTranslator - 0.07653 (ms)
2026-07-10 21:03:33,395 [INFO] Pass: ConsolidateBlocks - 0.05174 (ms)
2026-07-10 21:03:33,395 [INFO] Pass: UnitarySynthesis - 0.00477 (ms)
2026-07-10 21:03:33,395 [INFO] Pass: Depth - 0.02933 (ms)
2026-07-10 21:03:33,395 [INFO] Pass: FixedPoint - 0.00453 (ms)
2026-07-10 21:03:33,395 [INFO] Pass: Size - 0.00334 (ms)
2026-07-10 21:03:33,395 [INFO] Pass: FixedPoint - 0.00286 (ms)
2026-07-10 21:03:33,395 [INFO] Pass: RemoveIdentityEquivalent - 0.00334 (ms)
2026-07-10 21:03:33,395 [INFO] Pass: Optimize1qGatesDecomposition - 0.03672 (ms)
2026-07-10 21:03:33,395 [INFO] Pass: CommutativeCancellation - 0.09632 (ms)
2026-07-10 21:03:33,395 [INFO] Pass: ContractIdleWiresInControlFlow - 0.00238 (ms)
2026-07-10 21:03:33,395 [INFO] Pass: GatesInBasis - 0.02861 (ms)
2026-07-10 21:03:33,395 [INFO] Pass: Depth - 0.02265 (ms)
2026-07-10 21:03:33,395 [INFO] Pass: FixedPoint - 0.00358 (ms)
2026-07-10 21:03:33,395 [INFO] Pass: Size - 0.00191 (ms)
2026-07-10 21:03:33,395 [INFO] Pass: FixedPoint - 0.00310 (ms)
2026-07-10 21:03:33,395 [INFO] Pass: ContainsInstruction - 0.00501 (ms)
2026-07-10 21:03:33,396 [INFO] Total Transpile Time - 89.17594 (ms)
2026-07-10 21:03:33,482 [INFO] Pass: ContainsInstruction - 0.00930 (ms)
2026-07-10 21:03:33,482 [INFO] Pass: UnitarySynthesis - 0.00644 (ms)
2026-07-10 21:03:33,482 [INFO] Pass: HighLevelSynthesis - 0.00858 (ms)
2026-07-10 21:03:33,482 [INFO] Pass: BasisTranslator - 0.05555 (ms)
2026-07-10 21:03:33,482 [INFO] Pass: ElidePermutations - 0.00405 (ms)
2026-07-10 21:03:33,482 [INFO] Pass: RemoveDiagonalGatesBeforeMeasure - 0.00715 (ms)
2026-07-10 21:03:33,482 [INFO] Pass: RemoveIdentityEquivalent - 0.00548 (ms)
2026-07-10 21:03:33,482 [INFO] Pass: InverseCancellation - 0.02360 (ms)
2026-07-10 21:03:33,482 [INFO] Pass: ContractIdleWiresInControlFlow - 0.00215 (ms)
2026-07-10 21:03:33,482 [INFO] Pass: CommutativeCancellation - 0.08178 (ms)
2026-07-10 21:03:33,482 [INFO] Pass: ConsolidateBlocks - 0.04292 (ms)
2026-07-10 21:03:33,482 [INFO] Pass: Split2QUnitaries - 0.00262 (ms)
2026-07-10 21:03:33,482 [INFO] Pass: UnitarySynthesis - 0.00501 (ms)
2026-07-10 21:03:33,482 [INFO] Pass: HighLevelSynthesis - 0.03338 (ms)
2026-07-10 21:03:33,482 [INFO] Pass: BasisTranslator - 0.07415 (ms)
2026-07-10 21:03:33,482 [INFO] Pass: ConsolidateBlocks - 0.05245 (ms)
2026-07-10 21:03:33,482 [INFO] Pass: UnitarySynthesis - 0.00477 (ms)
2026-07-10 21:03:33,482 [INFO] Pass: Depth - 0.03171 (ms)
2026-07-10 21:03:33,482 [INFO] Pass: FixedPoint - 0.00429 (ms)
2026-07-10 21:03:33,482 [INFO] Pass: Size - 0.00262 (ms)
2026-07-10 21:03:33,483 [INFO] Pass: FixedPoint - 0.00262 (ms)
2026-07-10 21:03:33,483 [INFO] Pass: RemoveIdentityEquivalent - 0.00429 (ms)
2026-07-10 21:03:33,483 [INFO] Pass: Optimize1qGatesDecomposition - 0.12541 (ms)
2026-07-10 21:03:33,483 [INFO] Pass: CommutativeCancellation - 0.09847 (ms)
2026-07-10 21:03:33,483 [INFO] Pass: ContractIdleWiresInControlFlow - 0.00215 (ms)
2026-07-10 21:03:33,483 [INFO] Pass: GatesInBasis - 0.02885 (ms)
2026-07-10 21:03:33,483 [INFO] Pass: Depth - 0.02360 (ms)
2026-07-10 21:03:33,483 [INFO] Pass: FixedPoint - 0.00381 (ms)
2026-07-10 21:03:33,483 [INFO] Pass: Size - 0.00191 (ms)
2026-07-10 21:03:33,483 [INFO] Pass: FixedPoint - 0.00286 (ms)
2026-07-10 21:03:33,483 [INFO] Pass: ContainsInstruction - 0.00525 (ms)
2026-07-10 21:03:33,483 [INFO] Total Transpile Time - 87.31914 (ms)
2026-07-10 21:03:33,569 [INFO] Pass: ContainsInstruction - 0.00930 (ms)
2026-07-10 21:03:33,569 [INFO] Pass: UnitarySynthesis - 0.00620 (ms)
2026-07-10 21:03:33,569 [INFO] Pass: HighLevelSynthesis - 0.00882 (ms)
2026-07-10 21:03:33,569 [INFO] Pass: BasisTranslator - 0.05054 (ms)
2026-07-10 21:03:33,569 [INFO] Pass: ElidePermutations - 0.00358 (ms)
2026-07-10 21:03:33,569 [INFO] Pass: RemoveDiagonalGatesBeforeMeasure - 0.00644 (ms)
2026-07-10 21:03:33,569 [INFO] Pass: RemoveIdentityEquivalent - 0.00596 (ms)
2026-07-10 21:03:33,569 [INFO] Pass: InverseCancellation - 0.02384 (ms)
2026-07-10 21:03:33,569 [INFO] Pass: ContractIdleWiresInControlFlow - 0.00191 (ms)
2026-07-10 21:03:33,569 [INFO] Pass: CommutativeCancellation - 0.07319 (ms)
2026-07-10 21:03:33,569 [INFO] Pass: ConsolidateBlocks - 0.04268 (ms)
2026-07-10 21:03:33,569 [INFO] Pass: Split2QUnitaries - 0.00215 (ms)
2026-07-10 21:03:33,569 [INFO] Pass: UnitarySynthesis - 0.00477 (ms)
2026-07-10 21:03:33,569 [INFO] Pass: HighLevelSynthesis - 0.03481 (ms)
2026-07-10 21:03:33,569 [INFO] Pass: BasisTranslator - 0.08059 (ms)
2026-07-10 21:03:33,570 [INFO] Pass: ConsolidateBlocks - 0.05269 (ms)
2026-07-10 21:03:33,570 [INFO] Pass: UnitarySynthesis - 0.00453 (ms)
2026-07-10 21:03:33,570 [INFO] Pass: Depth - 0.02646 (ms)
2026-07-10 21:03:33,570 [INFO] Pass: FixedPoint - 0.00405 (ms)
2026-07-10 21:03:33,570 [INFO] Pass: Size - 0.00262 (ms)
2026-07-10 21:03:33,570 [INFO] Pass: FixedPoint - 0.00238 (ms)
2026-07-10 21:03:33,570 [INFO] Pass: RemoveIdentityEquivalent - 0.00501 (ms)
2026-07-10 21:03:33,570 [INFO] Pass: Optimize1qGatesDecomposition - 0.12970 (ms)
2026-07-10 21:03:33,570 [INFO] Pass: CommutativeCancellation - 0.09322 (ms)
2026-07-10 21:03:33,570 [INFO] Pass: ContractIdleWiresInControlFlow - 0.00191 (ms)
2026-07-10 21:03:33,570 [INFO] Pass: GatesInBasis - 0.02837 (ms)
2026-07-10 21:03:33,570 [INFO] Pass: Depth - 0.02432 (ms)
2026-07-10 21:03:33,570 [INFO] Pass: FixedPoint - 0.00358 (ms)
2026-07-10 21:03:33,570 [INFO] Pass: Size - 0.00215 (ms)
2026-07-10 21:03:33,570 [INFO] Pass: FixedPoint - 0.00262 (ms)
2026-07-10 21:03:33,570 [INFO] Pass: RemoveIdentityEquivalent - 0.00453 (ms)
2026-07-10 21:03:33,570 [INFO] Pass: Optimize1qGatesDecomposition - 0.11134 (ms)
2026-07-10 21:03:33,570 [INFO] Pass: CommutativeCancellation - 0.09108 (ms)
2026-07-10 21:03:33,570 [INFO] Pass: ContractIdleWiresInControlFlow - 0.00191 (ms)
2026-07-10 21:03:33,571 [INFO] Pass: GatesInBasis - 0.02766 (ms)
2026-07-10 21:03:33,571 [INFO] Pass: Depth - 0.02122 (ms)
2026-07-10 21:03:33,571 [INFO] Pass: FixedPoint - 0.00310 (ms)
2026-07-10 21:03:33,571 [INFO] Pass: Size - 0.00191 (ms)
2026-07-10 21:03:33,571 [INFO] Pass: FixedPoint - 0.00262 (ms)
2026-07-10 21:03:33,571 [INFO] Pass: ContainsInstruction - 0.00477 (ms)
2026-07-10 21:03:33,571 [INFO] Total Transpile Time - 87.24236 (ms)
2026-07-10 21:17:35,238 [INFO] [PCE] n=150 instancia 54/100 completada en 0:00:14:02 — transcurrido=0:14:30:04 restante_estimado=0:12:21:10
2026-07-10 21:17:35,340 [INFO] Pass: ContainsInstruction - 0.01073 (ms)
2026-07-10 21:17:35,340 [INFO] Pass: UnitarySynthesis - 0.00691 (ms)
2026-07-10 21:17:35,341 [INFO] Pass: HighLevelSynthesis - 0.00954 (ms)
2026-07-10 21:17:35,341 [INFO] Pass: BasisTranslator - 0.05770 (ms)
2026-07-10 21:17:35,341 [INFO] Pass: ElidePermutations - 0.00477 (ms)
2026-07-10 21:17:35,341 [INFO] Pass: RemoveDiagonalGatesBeforeMeasure - 0.00834 (ms)
2026-07-10 21:17:35,341 [INFO] Pass: RemoveIdentityEquivalent - 0.00453 (ms)
2026-07-10 21:17:35,341 [INFO] Pass: InverseCancellation - 0.00501 (ms)
2026-07-10 21:17:35,341 [INFO] Pass: ContractIdleWiresInControlFlow - 0.00215 (ms)
2026-07-10 21:17:35,341 [INFO] Pass: CommutativeCancellation - 0.06914 (ms)
2026-07-10 21:17:35,341 [INFO] Pass: ConsolidateBlocks - 0.04625 (ms)
2026-07-10 21:17:35,341 [INFO] Pass: Split2QUnitaries - 0.00262 (ms)
2026-07-10 21:17:35,341 [INFO] Pass: UnitarySynthesis - 0.00477 (ms)
2026-07-10 21:17:35,341 [INFO] Pass: HighLevelSynthesis - 0.03314 (ms)
2026-07-10 21:17:35,341 [INFO] Pass: BasisTranslator - 0.07343 (ms)
2026-07-10 21:17:35,341 [INFO] Pass: ConsolidateBlocks - 0.05245 (ms)
2026-07-10 21:17:35,341 [INFO] Pass: UnitarySynthesis - 0.00429 (ms)
2026-07-10 21:17:35,341 [INFO] Pass: Depth - 0.02313 (ms)
2026-07-10 21:17:35,341 [INFO] Pass: FixedPoint - 0.00501 (ms)
2026-07-10 21:17:35,341 [INFO] Pass: Size - 0.00334 (ms)
2026-07-10 21:17:35,341 [INFO] Pass: FixedPoint - 0.00286 (ms)
2026-07-10 21:17:35,341 [INFO] Pass: RemoveIdentityEquivalent - 0.00381 (ms)
2026-07-10 21:17:35,341 [INFO] Pass: Optimize1qGatesDecomposition - 0.03457 (ms)
2026-07-10 21:17:35,342 [INFO] Pass: CommutativeCancellation - 0.08655 (ms)
2026-07-10 21:17:35,342 [INFO] Pass: ContractIdleWiresInControlFlow - 0.00167 (ms)
2026-07-10 21:17:35,342 [INFO] Pass: GatesInBasis - 0.02813 (ms)
2026-07-10 21:17:35,342 [INFO] Pass: Depth - 0.02098 (ms)
2026-07-10 21:17:35,342 [INFO] Pass: FixedPoint - 0.00358 (ms)
2026-07-10 21:17:35,342 [INFO] Pass: Size - 0.00215 (ms)
2026-07-10 21:17:35,342 [INFO] Pass: FixedPoint - 0.00262 (ms)
2026-07-10 21:17:35,342 [INFO] Pass: ContainsInstruction - 0.00501 (ms)
2026-07-10 21:17:35,342 [INFO] Total Transpile Time - 86.52878 (ms)
2026-07-10 21:17:35,425 [INFO] Pass: ContainsInstruction - 0.00978 (ms)
2026-07-10 21:17:35,425 [INFO] Pass: UnitarySynthesis - 0.00596 (ms)
2026-07-10 21:17:35,425 [INFO] Pass: HighLevelSynthesis - 0.00882 (ms)
2026-07-10 21:17:35,425 [INFO] Pass: BasisTranslator - 0.05317 (ms)
2026-07-10 21:17:35,425 [INFO] Pass: ElidePermutations - 0.00358 (ms)
2026-07-10 21:17:35,425 [INFO] Pass: RemoveDiagonalGatesBeforeMeasure - 0.00691 (ms)
2026-07-10 21:17:35,425 [INFO] Pass: RemoveIdentityEquivalent - 0.00477 (ms)
2026-07-10 21:17:35,425 [INFO] Pass: InverseCancellation - 0.02384 (ms)
2026-07-10 21:17:35,425 [INFO] Pass: ContractIdleWiresInControlFlow - 0.00191 (ms)
2026-07-10 21:17:35,425 [INFO] Pass: CommutativeCancellation - 0.07272 (ms)
2026-07-10 21:17:35,425 [INFO] Pass: ConsolidateBlocks - 0.04339 (ms)
2026-07-10 21:17:35,425 [INFO] Pass: Split2QUnitaries - 0.00286 (ms)
2026-07-10 21:17:35,425 [INFO] Pass: UnitarySynthesis - 0.00453 (ms)
2026-07-10 21:17:35,425 [INFO] Pass: HighLevelSynthesis - 0.03338 (ms)
2026-07-10 21:17:35,425 [INFO] Pass: BasisTranslator - 0.07844 (ms)
2026-07-10 21:17:35,426 [INFO] Pass: ConsolidateBlocks - 0.05269 (ms)
2026-07-10 21:17:35,426 [INFO] Pass: UnitarySynthesis - 0.00453 (ms)
2026-07-10 21:17:35,426 [INFO] Pass: Depth - 0.02289 (ms)
2026-07-10 21:17:35,426 [INFO] Pass: FixedPoint - 0.00405 (ms)
2026-07-10 21:17:35,426 [INFO] Pass: Size - 0.00310 (ms)
2026-07-10 21:17:35,426 [INFO] Pass: FixedPoint - 0.00262 (ms)
2026-07-10 21:17:35,426 [INFO] Pass: RemoveIdentityEquivalent - 0.00453 (ms)
2026-07-10 21:17:35,426 [INFO] Pass: Optimize1qGatesDecomposition - 0.12279 (ms)
2026-07-10 21:17:35,426 [INFO] Pass: CommutativeCancellation - 0.09274 (ms)
2026-07-10 21:17:35,426 [INFO] Pass: ContractIdleWiresInControlFlow - 0.00191 (ms)
2026-07-10 21:17:35,426 [INFO] Pass: GatesInBasis - 0.02718 (ms)
2026-07-10 21:17:35,426 [INFO] Pass: Depth - 0.02241 (ms)
2026-07-10 21:17:35,426 [INFO] Pass: FixedPoint - 0.00358 (ms)
2026-07-10 21:17:35,426 [INFO] Pass: Size - 0.00238 (ms)
2026-07-10 21:17:35,426 [INFO] Pass: FixedPoint - 0.00238 (ms)
2026-07-10 21:17:35,426 [INFO] Pass: ContainsInstruction - 0.00501 (ms)
2026-07-10 21:17:35,426 [INFO] Total Transpile Time - 84.05423 (ms)
2026-07-10 21:17:35,510 [INFO] Pass: ContainsInstruction - 0.00954 (ms)
2026-07-10 21:17:35,510 [INFO] Pass: UnitarySynthesis - 0.00620 (ms)
2026-07-10 21:17:35,510 [INFO] Pass: HighLevelSynthesis - 0.00930 (ms)
2026-07-10 21:17:35,510 [INFO] Pass: BasisTranslator - 0.05102 (ms)
2026-07-10 21:17:35,510 [INFO] Pass: ElidePermutations - 0.00310 (ms)
2026-07-10 21:17:35,510 [INFO] Pass: RemoveDiagonalGatesBeforeMeasure - 0.00620 (ms)
2026-07-10 21:17:35,510 [INFO] Pass: RemoveIdentityEquivalent - 0.00525 (ms)
2026-07-10 21:17:35,510 [INFO] Pass: InverseCancellation - 0.02193 (ms)
2026-07-10 21:17:35,510 [INFO] Pass: ContractIdleWiresInControlFlow - 0.00191 (ms)
2026-07-10 21:17:35,510 [INFO] Pass: CommutativeCancellation - 0.06962 (ms)
2026-07-10 21:17:35,510 [INFO] Pass: ConsolidateBlocks - 0.04292 (ms)
2026-07-10 21:17:35,510 [INFO] Pass: Split2QUnitaries - 0.00238 (ms)
2026-07-10 21:17:35,510 [INFO] Pass: UnitarySynthesis - 0.00501 (ms)
2026-07-10 21:17:35,510 [INFO] Pass: HighLevelSynthesis - 0.03457 (ms)
2026-07-10 21:17:35,510 [INFO] Pass: BasisTranslator - 0.07939 (ms)
2026-07-10 21:17:35,511 [INFO] Pass: ConsolidateBlocks - 0.05126 (ms)
2026-07-10 21:17:35,511 [INFO] Pass: UnitarySynthesis - 0.00453 (ms)
2026-07-10 21:17:35,511 [INFO] Pass: Depth - 0.02313 (ms)
2026-07-10 21:17:35,511 [INFO] Pass: FixedPoint - 0.00405 (ms)
2026-07-10 21:17:35,511 [INFO] Pass: Size - 0.00286 (ms)
2026-07-10 21:17:35,511 [INFO] Pass: FixedPoint - 0.00286 (ms)
2026-07-10 21:17:35,511 [INFO] Pass: RemoveIdentityEquivalent - 0.00501 (ms)
2026-07-10 21:17:35,511 [INFO] Pass: Optimize1qGatesDecomposition - 0.13280 (ms)
2026-07-10 21:17:35,511 [INFO] Pass: CommutativeCancellation - 0.08893 (ms)
2026-07-10 21:17:35,511 [INFO] Pass: ContractIdleWiresInControlFlow - 0.00215 (ms)
2026-07-10 21:17:35,511 [INFO] Pass: GatesInBasis - 0.02742 (ms)
2026-07-10 21:17:35,511 [INFO] Pass: Depth - 0.02265 (ms)
2026-07-10 21:17:35,511 [INFO] Pass: FixedPoint - 0.00358 (ms)
2026-07-10 21:17:35,511 [INFO] Pass: Size - 0.00215 (ms)
2026-07-10 21:17:35,511 [INFO] Pass: FixedPoint - 0.00262 (ms)
2026-07-10 21:17:35,511 [INFO] Pass: RemoveIdentityEquivalent - 0.00453 (ms)
2026-07-10 21:17:35,511 [INFO] Pass: Optimize1qGatesDecomposition - 0.11492 (ms)
2026-07-10 21:17:35,511 [INFO] Pass: CommutativeCancellation - 0.08869 (ms)
2026-07-10 21:17:35,511 [INFO] Pass: ContractIdleWiresInControlFlow - 0.00191 (ms)
2026-07-10 21:17:35,512 [INFO] Pass: GatesInBasis - 0.02694 (ms)
2026-07-10 21:17:35,512 [INFO] Pass: Depth - 0.02313 (ms)
2026-07-10 21:17:35,512 [INFO] Pass: FixedPoint - 0.00334 (ms)
2026-07-10 21:17:35,512 [INFO] Pass: Size - 0.00191 (ms)
2026-07-10 21:17:35,512 [INFO] Pass: FixedPoint - 0.00262 (ms)
2026-07-10 21:17:35,512 [INFO] Pass: ContainsInstruction - 0.00548 (ms)
2026-07-10 21:17:35,512 [INFO] Total Transpile Time - 85.14524 (ms)
2026-07-10 21:32:33,540 [INFO] [PCE] n=150 instancia 55/100 completada en 0:00:14:58 — transcurrido=0:14:45:02 restante_estimado=0:12:04:07
2026-07-10 21:32:33,646 [INFO] Pass: ContainsInstruction - 0.01097 (ms)
2026-07-10 21:32:33,646 [INFO] Pass: UnitarySynthesis - 0.00691 (ms)
2026-07-10 21:32:33,646 [INFO] Pass: HighLevelSynthesis - 0.01025 (ms)
2026-07-10 21:32:33,646 [INFO] Pass: BasisTranslator - 0.05817 (ms)
2026-07-10 21:32:33,646 [INFO] Pass: ElidePermutations - 0.00501 (ms)
2026-07-10 21:32:33,646 [INFO] Pass: RemoveDiagonalGatesBeforeMeasure - 0.00739 (ms)
2026-07-10 21:32:33,646 [INFO] Pass: RemoveIdentityEquivalent - 0.00405 (ms)
2026-07-10 21:32:33,646 [INFO] Pass: InverseCancellation - 0.00501 (ms)
2026-07-10 21:32:33,646 [INFO] Pass: ContractIdleWiresInControlFlow - 0.00262 (ms)
2026-07-10 21:32:33,646 [INFO] Pass: CommutativeCancellation - 0.07629 (ms)
2026-07-10 21:32:33,646 [INFO] Pass: ConsolidateBlocks - 0.04745 (ms)
2026-07-10 21:32:33,646 [INFO] Pass: Split2QUnitaries - 0.00286 (ms)
2026-07-10 21:32:33,646 [INFO] Pass: UnitarySynthesis - 0.00501 (ms)
2026-07-10 21:32:33,646 [INFO] Pass: HighLevelSynthesis - 0.03409 (ms)
2026-07-10 21:32:33,646 [INFO] Pass: BasisTranslator - 0.07653 (ms)
2026-07-10 21:32:33,646 [INFO] Pass: ConsolidateBlocks - 0.05198 (ms)
2026-07-10 21:32:33,646 [INFO] Pass: UnitarySynthesis - 0.00501 (ms)
2026-07-10 21:32:33,646 [INFO] Pass: Depth - 0.02623 (ms)
2026-07-10 21:32:33,647 [INFO] Pass: FixedPoint - 0.00453 (ms)
2026-07-10 21:32:33,647 [INFO] Pass: Size - 0.00358 (ms)
2026-07-10 21:32:33,647 [INFO] Pass: FixedPoint - 0.00286 (ms)
2026-07-10 21:32:33,647 [INFO] Pass: RemoveIdentityEquivalent - 0.00310 (ms)
2026-07-10 21:32:33,647 [INFO] Pass: Optimize1qGatesDecomposition - 0.03839 (ms)
2026-07-10 21:32:33,647 [INFO] Pass: CommutativeCancellation - 0.09608 (ms)
2026-07-10 21:32:33,647 [INFO] Pass: ContractIdleWiresInControlFlow - 0.00215 (ms)
2026-07-10 21:32:33,647 [INFO] Pass: GatesInBasis - 0.02885 (ms)
2026-07-10 21:32:33,647 [INFO] Pass: Depth - 0.02337 (ms)
2026-07-10 21:32:33,647 [INFO] Pass: FixedPoint - 0.00334 (ms)
2026-07-10 21:32:33,647 [INFO] Pass: Size - 0.00215 (ms)
2026-07-10 21:32:33,647 [INFO] Pass: FixedPoint - 0.00286 (ms)
2026-07-10 21:32:33,647 [INFO] Pass: ContainsInstruction - 0.00501 (ms)
2026-07-10 21:32:33,647 [INFO] Total Transpile Time - 89.66494 (ms)
2026-07-10 21:32:33,733 [INFO] Pass: ContainsInstruction - 0.00978 (ms)
2026-07-10 21:32:33,733 [INFO] Pass: UnitarySynthesis - 0.00620 (ms)
2026-07-10 21:32:33,733 [INFO] Pass: HighLevelSynthesis - 0.00978 (ms)
2026-07-10 21:32:33,734 [INFO] Pass: BasisTranslator - 0.05531 (ms)
2026-07-10 21:32:33,734 [INFO] Pass: ElidePermutations - 0.00358 (ms)
2026-07-10 21:32:33,734 [INFO] Pass: RemoveDiagonalGatesBeforeMeasure - 0.00715 (ms)
2026-07-10 21:32:33,734 [INFO] Pass: RemoveIdentityEquivalent - 0.00501 (ms)
2026-07-10 21:32:33,734 [INFO] Pass: InverseCancellation - 0.02337 (ms)
2026-07-10 21:32:33,734 [INFO] Pass: ContractIdleWiresInControlFlow - 0.00238 (ms)
2026-07-10 21:32:33,734 [INFO] Pass: CommutativeCancellation - 0.08011 (ms)
2026-07-10 21:32:33,734 [INFO] Pass: ConsolidateBlocks - 0.04363 (ms)
2026-07-10 21:32:33,734 [INFO] Pass: Split2QUnitaries - 0.00262 (ms)
2026-07-10 21:32:33,734 [INFO] Pass: UnitarySynthesis - 0.00477 (ms)
2026-07-10 21:32:33,734 [INFO] Pass: HighLevelSynthesis - 0.03314 (ms)
2026-07-10 21:32:33,734 [INFO] Pass: BasisTranslator - 0.07510 (ms)
2026-07-10 21:32:33,734 [INFO] Pass: ConsolidateBlocks - 0.05341 (ms)
2026-07-10 21:32:33,734 [INFO] Pass: UnitarySynthesis - 0.00429 (ms)
2026-07-10 21:32:33,734 [INFO] Pass: Depth - 0.02766 (ms)
2026-07-10 21:32:33,734 [INFO] Pass: FixedPoint - 0.00381 (ms)
2026-07-10 21:32:33,734 [INFO] Pass: Size - 0.00310 (ms)
2026-07-10 21:32:33,734 [INFO] Pass: FixedPoint - 0.00286 (ms)
2026-07-10 21:32:33,734 [INFO] Pass: RemoveIdentityEquivalent - 0.00477 (ms)
2026-07-10 21:32:33,735 [INFO] Pass: Optimize1qGatesDecomposition - 0.12922 (ms)
2026-07-10 21:32:33,735 [INFO] Pass: CommutativeCancellation - 0.10228 (ms)
2026-07-10 21:32:33,735 [INFO] Pass: ContractIdleWiresInControlFlow - 0.00238 (ms)
2026-07-10 21:32:33,735 [INFO] Pass: GatesInBasis - 0.02956 (ms)
2026-07-10 21:32:33,735 [INFO] Pass: Depth - 0.02623 (ms)
2026-07-10 21:32:33,735 [INFO] Pass: FixedPoint - 0.00358 (ms)
2026-07-10 21:32:33,735 [INFO] Pass: Size - 0.00215 (ms)
2026-07-10 21:32:33,735 [INFO] Pass: FixedPoint - 0.00262 (ms)
2026-07-10 21:32:33,735 [INFO] Pass: ContainsInstruction - 0.00572 (ms)
2026-07-10 21:32:33,735 [INFO] Total Transpile Time - 87.51583 (ms)
2026-07-10 21:32:33,822 [INFO] Pass: ContainsInstruction - 0.00954 (ms)
2026-07-10 21:32:33,822 [INFO] Pass: UnitarySynthesis - 0.00620 (ms)
2026-07-10 21:32:33,822 [INFO] Pass: HighLevelSynthesis - 0.00930 (ms)
2026-07-10 21:32:33,822 [INFO] Pass: BasisTranslator - 0.05293 (ms)
2026-07-10 21:32:33,822 [INFO] Pass: ElidePermutations - 0.00358 (ms)
2026-07-10 21:32:33,822 [INFO] Pass: RemoveDiagonalGatesBeforeMeasure - 0.00739 (ms)
2026-07-10 21:32:33,822 [INFO] Pass: RemoveIdentityEquivalent - 0.00525 (ms)
2026-07-10 21:32:33,822 [INFO] Pass: InverseCancellation - 0.02241 (ms)
2026-07-10 21:32:33,822 [INFO] Pass: ContractIdleWiresInControlFlow - 0.00191 (ms)
2026-07-10 21:32:33,822 [INFO] Pass: CommutativeCancellation - 0.07606 (ms)
2026-07-10 21:32:33,822 [INFO] Pass: ConsolidateBlocks - 0.04315 (ms)
2026-07-10 21:32:33,822 [INFO] Pass: Split2QUnitaries - 0.00262 (ms)
2026-07-10 21:32:33,822 [INFO] Pass: UnitarySynthesis - 0.00525 (ms)
2026-07-10 21:32:33,822 [INFO] Pass: HighLevelSynthesis - 0.03433 (ms)
2026-07-10 21:32:33,822 [INFO] Pass: BasisTranslator - 0.08631 (ms)
2026-07-10 21:32:33,822 [INFO] Pass: ConsolidateBlocks - 0.05460 (ms)
2026-07-10 21:32:33,823 [INFO] Pass: UnitarySynthesis - 0.00501 (ms)
2026-07-10 21:32:33,823 [INFO] Pass: Depth - 0.02551 (ms)
2026-07-10 21:32:33,823 [INFO] Pass: FixedPoint - 0.00453 (ms)
2026-07-10 21:32:33,823 [INFO] Pass: Size - 0.00286 (ms)
2026-07-10 21:32:33,823 [INFO] Pass: FixedPoint - 0.00238 (ms)
2026-07-10 21:32:33,823 [INFO] Pass: RemoveIdentityEquivalent - 0.00477 (ms)
2026-07-10 21:32:33,823 [INFO] Pass: Optimize1qGatesDecomposition - 0.13781 (ms)
2026-07-10 21:32:33,823 [INFO] Pass: CommutativeCancellation - 0.09537 (ms)
2026-07-10 21:32:33,823 [INFO] Pass: ContractIdleWiresInControlFlow - 0.00167 (ms)
2026-07-10 21:32:33,823 [INFO] Pass: GatesInBasis - 0.02789 (ms)
2026-07-10 21:32:33,823 [INFO] Pass: Depth - 0.02384 (ms)
2026-07-10 21:32:33,823 [INFO] Pass: FixedPoint - 0.00358 (ms)
2026-07-10 21:32:33,823 [INFO] Pass: Size - 0.00191 (ms)
2026-07-10 21:32:33,823 [INFO] Pass: FixedPoint - 0.00286 (ms)
2026-07-10 21:32:33,823 [INFO] Pass: RemoveIdentityEquivalent - 0.00453 (ms)
2026-07-10 21:32:33,823 [INFO] Pass: Optimize1qGatesDecomposition - 0.11921 (ms)
2026-07-10 21:32:33,823 [INFO] Pass: CommutativeCancellation - 0.09441 (ms)
2026-07-10 21:32:33,823 [INFO] Pass: ContractIdleWiresInControlFlow - 0.00191 (ms)
2026-07-10 21:32:33,824 [INFO] Pass: GatesInBasis - 0.02694 (ms)
2026-07-10 21:32:33,824 [INFO] Pass: Depth - 0.02170 (ms)
2026-07-10 21:32:33,824 [INFO] Pass: FixedPoint - 0.00334 (ms)
2026-07-10 21:32:33,824 [INFO] Pass: Size - 0.00191 (ms)
2026-07-10 21:32:33,824 [INFO] Pass: FixedPoint - 0.00238 (ms)
2026-07-10 21:32:33,824 [INFO] Pass: ContainsInstruction - 0.00501 (ms)
2026-07-10 21:32:33,824 [INFO] Total Transpile Time - 88.42540 (ms)
2026-07-10 21:47:01,479 [INFO] [PCE] n=150 instancia 56/100 completada en 0:00:14:28 — transcurrido=0:14:59:30 restante_estimado=0:11:46:45
2026-07-10 21:47:01,586 [INFO] Pass: ContainsInstruction - 0.01121 (ms)
2026-07-10 21:47:01,586 [INFO] Pass: UnitarySynthesis - 0.00668 (ms)
2026-07-10 21:47:01,586 [INFO] Pass: HighLevelSynthesis - 0.01001 (ms)
2026-07-10 21:47:01,586 [INFO] Pass: BasisTranslator - 0.05770 (ms)
2026-07-10 21:47:01,586 [INFO] Pass: ElidePermutations - 0.00477 (ms)
2026-07-10 21:47:01,586 [INFO] Pass: RemoveDiagonalGatesBeforeMeasure - 0.00906 (ms)
2026-07-10 21:47:01,586 [INFO] Pass: RemoveIdentityEquivalent - 0.00429 (ms)
2026-07-10 21:47:01,586 [INFO] Pass: InverseCancellation - 0.00596 (ms)
2026-07-10 21:47:01,586 [INFO] Pass: ContractIdleWiresInControlFlow - 0.00215 (ms)
2026-07-10 21:47:01,586 [INFO] Pass: CommutativeCancellation - 0.07224 (ms)
2026-07-10 21:47:01,586 [INFO] Pass: ConsolidateBlocks - 0.04816 (ms)
2026-07-10 21:47:01,586 [INFO] Pass: Split2QUnitaries - 0.00358 (ms)
2026-07-10 21:47:01,586 [INFO] Pass: UnitarySynthesis - 0.00453 (ms)
2026-07-10 21:47:01,586 [INFO] Pass: HighLevelSynthesis - 0.03338 (ms)
2026-07-10 21:47:01,586 [INFO] Pass: BasisTranslator - 0.08178 (ms)
2026-07-10 21:47:01,586 [INFO] Pass: ConsolidateBlocks - 0.05364 (ms)
2026-07-10 21:47:01,587 [INFO] Pass: UnitarySynthesis - 0.00477 (ms)
2026-07-10 21:47:01,587 [INFO] Pass: Depth - 0.02623 (ms)
2026-07-10 21:47:01,587 [INFO] Pass: FixedPoint - 0.00429 (ms)
2026-07-10 21:47:01,587 [INFO] Pass: Size - 0.00310 (ms)
2026-07-10 21:47:01,587 [INFO] Pass: FixedPoint - 0.00238 (ms)
2026-07-10 21:47:01,587 [INFO] Pass: RemoveIdentityEquivalent - 0.00310 (ms)
2026-07-10 21:47:01,587 [INFO] Pass: Optimize1qGatesDecomposition - 0.03648 (ms)
2026-07-10 21:47:01,587 [INFO] Pass: CommutativeCancellation - 0.08941 (ms)
2026-07-10 21:47:01,587 [INFO] Pass: ContractIdleWiresInControlFlow - 0.00191 (ms)
2026-07-10 21:47:01,587 [INFO] Pass: GatesInBasis - 0.02837 (ms)
2026-07-10 21:47:01,587 [INFO] Pass: Depth - 0.02170 (ms)
2026-07-10 21:47:01,587 [INFO] Pass: FixedPoint - 0.00334 (ms)
2026-07-10 21:47:01,587 [INFO] Pass: Size - 0.00215 (ms)
2026-07-10 21:47:01,587 [INFO] Pass: FixedPoint - 0.00262 (ms)
2026-07-10 21:47:01,587 [INFO] Pass: ContainsInstruction - 0.00477 (ms)
2026-07-10 21:47:01,587 [INFO] Total Transpile Time - 90.15036 (ms)
2026-07-10 21:47:01,670 [INFO] Pass: ContainsInstruction - 0.00930 (ms)
2026-07-10 21:47:01,670 [INFO] Pass: UnitarySynthesis - 0.00620 (ms)
2026-07-10 21:47:01,670 [INFO] Pass: HighLevelSynthesis - 0.00882 (ms)
2026-07-10 21:47:01,670 [INFO] Pass: BasisTranslator - 0.05364 (ms)
2026-07-10 21:47:01,670 [INFO] Pass: ElidePermutations - 0.00405 (ms)
2026-07-10 21:47:01,670 [INFO] Pass: RemoveDiagonalGatesBeforeMeasure - 0.00668 (ms)
2026-07-10 21:47:01,670 [INFO] Pass: RemoveIdentityEquivalent - 0.00453 (ms)
2026-07-10 21:47:01,670 [INFO] Pass: InverseCancellation - 0.02432 (ms)
2026-07-10 21:47:01,670 [INFO] Pass: ContractIdleWiresInControlFlow - 0.00191 (ms)
2026-07-10 21:47:01,670 [INFO] Pass: CommutativeCancellation - 0.07820 (ms)
2026-07-10 21:47:01,670 [INFO] Pass: ConsolidateBlocks - 0.04435 (ms)
2026-07-10 21:47:01,670 [INFO] Pass: Split2QUnitaries - 0.00238 (ms)
2026-07-10 21:47:01,670 [INFO] Pass: UnitarySynthesis - 0.00501 (ms)
2026-07-10 21:47:01,670 [INFO] Pass: HighLevelSynthesis - 0.04053 (ms)
2026-07-10 21:47:01,670 [INFO] Pass: BasisTranslator - 0.07463 (ms)
2026-07-10 21:47:01,671 [INFO] Pass: ConsolidateBlocks - 0.05221 (ms)
2026-07-10 21:47:01,671 [INFO] Pass: UnitarySynthesis - 0.00501 (ms)
2026-07-10 21:47:01,671 [INFO] Pass: Depth - 0.02551 (ms)
2026-07-10 21:47:01,671 [INFO] Pass: FixedPoint - 0.00381 (ms)
2026-07-10 21:47:01,671 [INFO] Pass: Size - 0.00262 (ms)
2026-07-10 21:47:01,671 [INFO] Pass: FixedPoint - 0.00262 (ms)
2026-07-10 21:47:01,671 [INFO] Pass: RemoveIdentityEquivalent - 0.00453 (ms)
2026-07-10 21:47:01,671 [INFO] Pass: Optimize1qGatesDecomposition - 0.12374 (ms)
2026-07-10 21:47:01,671 [INFO] Pass: CommutativeCancellation - 0.09322 (ms)
2026-07-10 21:47:01,671 [INFO] Pass: ContractIdleWiresInControlFlow - 0.00191 (ms)
2026-07-10 21:47:01,671 [INFO] Pass: GatesInBasis - 0.02789 (ms)
2026-07-10 21:47:01,671 [INFO] Pass: Depth - 0.02337 (ms)
2026-07-10 21:47:01,671 [INFO] Pass: FixedPoint - 0.00358 (ms)
2026-07-10 21:47:01,671 [INFO] Pass: Size - 0.00191 (ms)
2026-07-10 21:47:01,671 [INFO] Pass: FixedPoint - 0.00286 (ms)
2026-07-10 21:47:01,671 [INFO] Pass: ContainsInstruction - 0.00501 (ms)
2026-07-10 21:47:01,672 [INFO] Total Transpile Time - 83.75788 (ms)
2026-07-10 21:47:01,754 [INFO] Pass: ContainsInstruction - 0.00954 (ms)
2026-07-10 21:47:01,754 [INFO] Pass: UnitarySynthesis - 0.00620 (ms)
2026-07-10 21:47:01,754 [INFO] Pass: HighLevelSynthesis - 0.00882 (ms)
2026-07-10 21:47:01,754 [INFO] Pass: BasisTranslator - 0.05126 (ms)
2026-07-10 21:47:01,754 [INFO] Pass: ElidePermutations - 0.00358 (ms)
2026-07-10 21:47:01,754 [INFO] Pass: RemoveDiagonalGatesBeforeMeasure - 0.00596 (ms)
2026-07-10 21:47:01,754 [INFO] Pass: RemoveIdentityEquivalent - 0.00620 (ms)
2026-07-10 21:47:01,754 [INFO] Pass: InverseCancellation - 0.02313 (ms)
2026-07-10 21:47:01,755 [INFO] Pass: ContractIdleWiresInControlFlow - 0.00191 (ms)
2026-07-10 21:47:01,755 [INFO] Pass: CommutativeCancellation - 0.07606 (ms)
2026-07-10 21:47:01,755 [INFO] Pass: ConsolidateBlocks - 0.04315 (ms)
2026-07-10 21:47:01,755 [INFO] Pass: Split2QUnitaries - 0.00262 (ms)
2026-07-10 21:47:01,755 [INFO] Pass: UnitarySynthesis - 0.00525 (ms)
2026-07-10 21:47:01,755 [INFO] Pass: HighLevelSynthesis - 0.03433 (ms)
2026-07-10 21:47:01,755 [INFO] Pass: BasisTranslator - 0.07200 (ms)
2026-07-10 21:47:01,755 [INFO] Pass: ConsolidateBlocks - 0.05126 (ms)
2026-07-10 21:47:01,755 [INFO] Pass: UnitarySynthesis - 0.00477 (ms)
2026-07-10 21:47:01,755 [INFO] Pass: Depth - 0.02408 (ms)
2026-07-10 21:47:01,755 [INFO] Pass: FixedPoint - 0.00405 (ms)
2026-07-10 21:47:01,755 [INFO] Pass: Size - 0.00262 (ms)
2026-07-10 21:47:01,755 [INFO] Pass: FixedPoint - 0.00262 (ms)
2026-07-10 21:47:01,755 [INFO] Pass: RemoveIdentityEquivalent - 0.00477 (ms)
2026-07-10 21:47:01,755 [INFO] Pass: Optimize1qGatesDecomposition - 0.13304 (ms)
2026-07-10 21:47:01,755 [INFO] Pass: CommutativeCancellation - 0.09704 (ms)
2026-07-10 21:47:01,755 [INFO] Pass: ContractIdleWiresInControlFlow - 0.00215 (ms)
2026-07-10 21:47:01,756 [INFO] Pass: GatesInBasis - 0.02766 (ms)
2026-07-10 21:47:01,756 [INFO] Pass: Depth - 0.02813 (ms)
2026-07-10 21:47:01,756 [INFO] Pass: FixedPoint - 0.00358 (ms)
2026-07-10 21:47:01,756 [INFO] Pass: Size - 0.00191 (ms)
2026-07-10 21:47:01,756 [INFO] Pass: FixedPoint - 0.00262 (ms)
2026-07-10 21:47:01,756 [INFO] Pass: RemoveIdentityEquivalent - 0.00477 (ms)
2026-07-10 21:47:01,756 [INFO] Pass: Optimize1qGatesDecomposition - 0.11873 (ms)
2026-07-10 21:47:01,756 [INFO] Pass: CommutativeCancellation - 0.08297 (ms)
2026-07-10 21:47:01,756 [INFO] Pass: ContractIdleWiresInControlFlow - 0.00167 (ms)
2026-07-10 21:47:01,756 [INFO] Pass: GatesInBasis - 0.02694 (ms)
2026-07-10 21:47:01,756 [INFO] Pass: Depth - 0.02337 (ms)
2026-07-10 21:47:01,756 [INFO] Pass: FixedPoint - 0.00310 (ms)
2026-07-10 21:47:01,756 [INFO] Pass: Size - 0.00215 (ms)
2026-07-10 21:47:01,756 [INFO] Pass: FixedPoint - 0.00238 (ms)
2026-07-10 21:47:01,756 [INFO] Pass: ContainsInstruction - 0.00572 (ms)
2026-07-10 21:47:01,756 [INFO] Total Transpile Time - 84.53751 (ms)
2026-07-10 22:00:25,590 [INFO] [PCE] n=150 instancia 57/100 completada en 0:00:13:24 — transcurrido=0:15:12:54 restante_estimado=0:11:28:41
2026-07-10 22:00:25,693 [INFO] Pass: ContainsInstruction - 0.01121 (ms)
2026-07-10 22:00:25,693 [INFO] Pass: UnitarySynthesis - 0.00691 (ms)
2026-07-10 22:00:25,693 [INFO] Pass: HighLevelSynthesis - 0.00978 (ms)
2026-07-10 22:00:25,693 [INFO] Pass: BasisTranslator - 0.05937 (ms)
2026-07-10 22:00:25,693 [INFO] Pass: ElidePermutations - 0.00525 (ms)
2026-07-10 22:00:25,693 [INFO] Pass: RemoveDiagonalGatesBeforeMeasure - 0.00858 (ms)
2026-07-10 22:00:25,693 [INFO] Pass: RemoveIdentityEquivalent - 0.00381 (ms)
2026-07-10 22:00:25,693 [INFO] Pass: InverseCancellation - 0.00525 (ms)
2026-07-10 22:00:25,693 [INFO] Pass: ContractIdleWiresInControlFlow - 0.00262 (ms)
2026-07-10 22:00:25,693 [INFO] Pass: CommutativeCancellation - 0.07820 (ms)
2026-07-10 22:00:25,694 [INFO] Pass: ConsolidateBlocks - 0.04649 (ms)
2026-07-10 22:00:25,694 [INFO] Pass: Split2QUnitaries - 0.00286 (ms)
2026-07-10 22:00:25,694 [INFO] Pass: UnitarySynthesis - 0.00548 (ms)
2026-07-10 22:00:25,694 [INFO] Pass: HighLevelSynthesis - 0.03409 (ms)
2026-07-10 22:00:25,694 [INFO] Pass: BasisTranslator - 0.07272 (ms)
2026-07-10 22:00:25,694 [INFO] Pass: ConsolidateBlocks - 0.05674 (ms)
2026-07-10 22:00:25,694 [INFO] Pass: UnitarySynthesis - 0.00477 (ms)
2026-07-10 22:00:25,694 [INFO] Pass: Depth - 0.02575 (ms)
2026-07-10 22:00:25,694 [INFO] Pass: FixedPoint - 0.00453 (ms)
2026-07-10 22:00:25,694 [INFO] Pass: Size - 0.00358 (ms)
2026-07-10 22:00:25,694 [INFO] Pass: FixedPoint - 0.00286 (ms)
2026-07-10 22:00:25,694 [INFO] Pass: RemoveIdentityEquivalent - 0.00286 (ms)
2026-07-10 22:00:25,694 [INFO] Pass: Optimize1qGatesDecomposition - 0.03791 (ms)
2026-07-10 22:00:25,694 [INFO] Pass: CommutativeCancellation - 0.08917 (ms)
2026-07-10 22:00:25,694 [INFO] Pass: ContractIdleWiresInControlFlow - 0.00191 (ms)
2026-07-10 22:00:25,694 [INFO] Pass: GatesInBasis - 0.02885 (ms)
2026-07-10 22:00:25,694 [INFO] Pass: Depth - 0.02384 (ms)
2026-07-10 22:00:25,694 [INFO] Pass: FixedPoint - 0.00358 (ms)
2026-07-10 22:00:25,694 [INFO] Pass: Size - 0.00215 (ms)
2026-07-10 22:00:25,694 [INFO] Pass: FixedPoint - 0.00238 (ms)
2026-07-10 22:00:25,694 [INFO] Pass: ContainsInstruction - 0.00548 (ms)
2026-07-10 22:00:25,695 [INFO] Total Transpile Time - 87.85152 (ms)
2026-07-10 22:00:25,780 [INFO] Pass: ContainsInstruction - 0.01001 (ms)
2026-07-10 22:00:25,780 [INFO] Pass: UnitarySynthesis - 0.00620 (ms)
2026-07-10 22:00:25,780 [INFO] Pass: HighLevelSynthesis - 0.00906 (ms)
2026-07-10 22:00:25,780 [INFO] Pass: BasisTranslator - 0.05484 (ms)
2026-07-10 22:00:25,780 [INFO] Pass: ElidePermutations - 0.00358 (ms)
2026-07-10 22:00:25,780 [INFO] Pass: RemoveDiagonalGatesBeforeMeasure - 0.00739 (ms)
2026-07-10 22:00:25,780 [INFO] Pass: RemoveIdentityEquivalent - 0.00501 (ms)
2026-07-10 22:00:25,780 [INFO] Pass: InverseCancellation - 0.02527 (ms)
2026-07-10 22:00:25,780 [INFO] Pass: ContractIdleWiresInControlFlow - 0.00191 (ms)
2026-07-10 22:00:25,781 [INFO] Pass: CommutativeCancellation - 0.08202 (ms)
2026-07-10 22:00:25,781 [INFO] Pass: ConsolidateBlocks - 0.04458 (ms)
2026-07-10 22:00:25,781 [INFO] Pass: Split2QUnitaries - 0.00262 (ms)
2026-07-10 22:00:25,781 [INFO] Pass: UnitarySynthesis - 0.00501 (ms)
2026-07-10 22:00:25,781 [INFO] Pass: HighLevelSynthesis - 0.03338 (ms)
2026-07-10 22:00:25,781 [INFO] Pass: BasisTranslator - 0.07296 (ms)
2026-07-10 22:00:25,781 [INFO] Pass: ConsolidateBlocks - 0.05317 (ms)
2026-07-10 22:00:25,781 [INFO] Pass: UnitarySynthesis - 0.00453 (ms)
2026-07-10 22:00:25,781 [INFO] Pass: Depth - 0.02575 (ms)
2026-07-10 22:00:25,781 [INFO] Pass: FixedPoint - 0.00429 (ms)
2026-07-10 22:00:25,781 [INFO] Pass: Size - 0.00334 (ms)
2026-07-10 22:00:25,781 [INFO] Pass: FixedPoint - 0.00286 (ms)
2026-07-10 22:00:25,781 [INFO] Pass: RemoveIdentityEquivalent - 0.00381 (ms)
2026-07-10 22:00:25,781 [INFO] Pass: Optimize1qGatesDecomposition - 0.12589 (ms)
2026-07-10 22:00:25,781 [INFO] Pass: CommutativeCancellation - 0.10824 (ms)
2026-07-10 22:00:25,781 [INFO] Pass: ContractIdleWiresInControlFlow - 0.00215 (ms)
2026-07-10 22:00:25,781 [INFO] Pass: GatesInBasis - 0.02813 (ms)
2026-07-10 22:00:25,782 [INFO] Pass: Depth - 0.02289 (ms)
2026-07-10 22:00:25,782 [INFO] Pass: FixedPoint - 0.00358 (ms)
2026-07-10 22:00:25,782 [INFO] Pass: Size - 0.00215 (ms)
2026-07-10 22:00:25,782 [INFO] Pass: FixedPoint - 0.00286 (ms)
2026-07-10 22:00:25,782 [INFO] Pass: ContainsInstruction - 0.00525 (ms)
2026-07-10 22:00:25,782 [INFO] Total Transpile Time - 86.83014 (ms)
2026-07-10 22:00:25,869 [INFO] Pass: ContainsInstruction - 0.00906 (ms)
2026-07-10 22:00:25,869 [INFO] Pass: UnitarySynthesis - 0.00644 (ms)
2026-07-10 22:00:25,869 [INFO] Pass: HighLevelSynthesis - 0.00906 (ms)
2026-07-10 22:00:25,869 [INFO] Pass: BasisTranslator - 0.05221 (ms)
2026-07-10 22:00:25,869 [INFO] Pass: ElidePermutations - 0.00286 (ms)
2026-07-10 22:00:25,869 [INFO] Pass: RemoveDiagonalGatesBeforeMeasure - 0.00596 (ms)
2026-07-10 22:00:25,869 [INFO] Pass: RemoveIdentityEquivalent - 0.00501 (ms)
2026-07-10 22:00:25,869 [INFO] Pass: InverseCancellation - 0.02384 (ms)
2026-07-10 22:00:25,869 [INFO] Pass: ContractIdleWiresInControlFlow - 0.00167 (ms)
2026-07-10 22:00:25,869 [INFO] Pass: CommutativeCancellation - 0.07534 (ms)
2026-07-10 22:00:25,869 [INFO] Pass: ConsolidateBlocks - 0.04268 (ms)
2026-07-10 22:00:25,869 [INFO] Pass: Split2QUnitaries - 0.00286 (ms)
2026-07-10 22:00:25,869 [INFO] Pass: UnitarySynthesis - 0.00525 (ms)
2026-07-10 22:00:25,869 [INFO] Pass: HighLevelSynthesis - 0.03481 (ms)
2026-07-10 22:00:25,869 [INFO] Pass: BasisTranslator - 0.08321 (ms)
2026-07-10 22:00:25,869 [INFO] Pass: ConsolidateBlocks - 0.05484 (ms)
2026-07-10 22:00:25,870 [INFO] Pass: UnitarySynthesis - 0.00501 (ms)
2026-07-10 22:00:25,870 [INFO] Pass: Depth - 0.02456 (ms)
2026-07-10 22:00:25,870 [INFO] Pass: FixedPoint - 0.00453 (ms)
2026-07-10 22:00:25,870 [INFO] Pass: Size - 0.00310 (ms)
2026-07-10 22:00:25,870 [INFO] Pass: FixedPoint - 0.00286 (ms)
2026-07-10 22:00:25,870 [INFO] Pass: RemoveIdentityEquivalent - 0.00477 (ms)
2026-07-10 22:00:25,870 [INFO] Pass: Optimize1qGatesDecomposition - 0.13494 (ms)
2026-07-10 22:00:25,870 [INFO] Pass: CommutativeCancellation - 0.09060 (ms)
2026-07-10 22:00:25,870 [INFO] Pass: ContractIdleWiresInControlFlow - 0.00215 (ms)
2026-07-10 22:00:25,870 [INFO] Pass: GatesInBasis - 0.02813 (ms)
2026-07-10 22:00:25,870 [INFO] Pass: Depth - 0.02503 (ms)
2026-07-10 22:00:25,870 [INFO] Pass: FixedPoint - 0.00358 (ms)
2026-07-10 22:00:25,870 [INFO] Pass: Size - 0.00191 (ms)
2026-07-10 22:00:25,870 [INFO] Pass: FixedPoint - 0.00262 (ms)
2026-07-10 22:00:25,870 [INFO] Pass: RemoveIdentityEquivalent - 0.00501 (ms)
2026-07-10 22:00:25,870 [INFO] Pass: Optimize1qGatesDecomposition - 0.11969 (ms)
2026-07-10 22:00:25,870 [INFO] Pass: CommutativeCancellation - 0.08988 (ms)
2026-07-10 22:00:25,870 [INFO] Pass: ContractIdleWiresInControlFlow - 0.00167 (ms)
2026-07-10 22:00:25,871 [INFO] Pass: GatesInBasis - 0.02742 (ms)
2026-07-10 22:00:25,871 [INFO] Pass: Depth - 0.02313 (ms)
2026-07-10 22:00:25,871 [INFO] Pass: FixedPoint - 0.00334 (ms)
2026-07-10 22:00:25,871 [INFO] Pass: Size - 0.00191 (ms)
2026-07-10 22:00:25,871 [INFO] Pass: FixedPoint - 0.00215 (ms)
2026-07-10 22:00:25,871 [INFO] Pass: ContainsInstruction - 0.00596 (ms)
2026-07-10 22:00:25,871 [INFO] Total Transpile Time - 88.72008 (ms)
2026-07-10 22:13:24,039 [INFO] [PCE] n=150 instancia 58/100 completada en 0:00:12:58 — transcurrido=0:15:25:53 restante_estimado=0:11:10:28
2026-07-10 22:13:24,142 [INFO] Pass: ContainsInstruction - 0.01049 (ms)
2026-07-10 22:13:24,142 [INFO] Pass: UnitarySynthesis - 0.00644 (ms)
2026-07-10 22:13:24,142 [INFO] Pass: HighLevelSynthesis - 0.01049 (ms)
2026-07-10 22:13:24,142 [INFO] Pass: BasisTranslator - 0.05627 (ms)
2026-07-10 22:13:24,142 [INFO] Pass: ElidePermutations - 0.00596 (ms)
2026-07-10 22:13:24,142 [INFO] Pass: RemoveDiagonalGatesBeforeMeasure - 0.00811 (ms)
2026-07-10 22:13:24,142 [INFO] Pass: RemoveIdentityEquivalent - 0.00405 (ms)
2026-07-10 22:13:24,142 [INFO] Pass: InverseCancellation - 0.00477 (ms)
2026-07-10 22:13:24,142 [INFO] Pass: ContractIdleWiresInControlFlow - 0.00191 (ms)
2026-07-10 22:13:24,142 [INFO] Pass: CommutativeCancellation - 0.08512 (ms)
2026-07-10 22:13:24,142 [INFO] Pass: ConsolidateBlocks - 0.04673 (ms)
2026-07-10 22:13:24,143 [INFO] Pass: Split2QUnitaries - 0.00262 (ms)
2026-07-10 22:13:24,143 [INFO] Pass: UnitarySynthesis - 0.00501 (ms)
2026-07-10 22:13:24,143 [INFO] Pass: HighLevelSynthesis - 0.03386 (ms)
2026-07-10 22:13:24,143 [INFO] Pass: BasisTranslator - 0.07653 (ms)
2026-07-10 22:13:24,143 [INFO] Pass: ConsolidateBlocks - 0.05221 (ms)
2026-07-10 22:13:24,143 [INFO] Pass: UnitarySynthesis - 0.00453 (ms)
2026-07-10 22:13:24,143 [INFO] Pass: Depth - 0.02551 (ms)
2026-07-10 22:13:24,143 [INFO] Pass: FixedPoint - 0.00453 (ms)
2026-07-10 22:13:24,143 [INFO] Pass: Size - 0.00286 (ms)
2026-07-10 22:13:24,143 [INFO] Pass: FixedPoint - 0.00262 (ms)
2026-07-10 22:13:24,143 [INFO] Pass: RemoveIdentityEquivalent - 0.00334 (ms)
2026-07-10 22:13:24,143 [INFO] Pass: Optimize1qGatesDecomposition - 0.03791 (ms)
2026-07-10 22:13:24,143 [INFO] Pass: CommutativeCancellation - 0.09561 (ms)
2026-07-10 22:13:24,143 [INFO] Pass: ContractIdleWiresInControlFlow - 0.00191 (ms)
2026-07-10 22:13:24,143 [INFO] Pass: GatesInBasis - 0.02980 (ms)
2026-07-10 22:13:24,143 [INFO] Pass: Depth - 0.02146 (ms)
2026-07-10 22:13:24,143 [INFO] Pass: FixedPoint - 0.00334 (ms)
2026-07-10 22:13:24,143 [INFO] Pass: Size - 0.00215 (ms)
2026-07-10 22:13:24,143 [INFO] Pass: FixedPoint - 0.00262 (ms)
2026-07-10 22:13:24,143 [INFO] Pass: ContainsInstruction - 0.00525 (ms)
2026-07-10 22:13:24,144 [INFO] Total Transpile Time - 87.99434 (ms)
2026-07-10 22:13:24,229 [INFO] Pass: ContainsInstruction - 0.00906 (ms)
2026-07-10 22:13:24,229 [INFO] Pass: UnitarySynthesis - 0.00620 (ms)
2026-07-10 22:13:24,229 [INFO] Pass: HighLevelSynthesis - 0.00906 (ms)
2026-07-10 22:13:24,229 [INFO] Pass: BasisTranslator - 0.05436 (ms)
2026-07-10 22:13:24,229 [INFO] Pass: ElidePermutations - 0.00381 (ms)
2026-07-10 22:13:24,229 [INFO] Pass: RemoveDiagonalGatesBeforeMeasure - 0.00691 (ms)
2026-07-10 22:13:24,229 [INFO] Pass: RemoveIdentityEquivalent - 0.00501 (ms)
2026-07-10 22:13:24,229 [INFO] Pass: InverseCancellation - 0.02456 (ms)
2026-07-10 22:13:24,229 [INFO] Pass: ContractIdleWiresInControlFlow - 0.00167 (ms)
2026-07-10 22:13:24,229 [INFO] Pass: CommutativeCancellation - 0.07296 (ms)
2026-07-10 22:13:24,229 [INFO] Pass: ConsolidateBlocks - 0.04292 (ms)
2026-07-10 22:13:24,229 [INFO] Pass: Split2QUnitaries - 0.00262 (ms)
2026-07-10 22:13:24,229 [INFO] Pass: UnitarySynthesis - 0.00501 (ms)
2026-07-10 22:13:24,229 [INFO] Pass: HighLevelSynthesis - 0.03290 (ms)
2026-07-10 22:13:24,230 [INFO] Pass: BasisTranslator - 0.07081 (ms)
2026-07-10 22:13:24,230 [INFO] Pass: ConsolidateBlocks - 0.05078 (ms)
2026-07-10 22:13:24,230 [INFO] Pass: UnitarySynthesis - 0.00477 (ms)
2026-07-10 22:13:24,230 [INFO] Pass: Depth - 0.03004 (ms)
2026-07-10 22:13:24,230 [INFO] Pass: FixedPoint - 0.00453 (ms)
2026-07-10 22:13:24,230 [INFO] Pass: Size - 0.00334 (ms)
2026-07-10 22:13:24,230 [INFO] Pass: FixedPoint - 0.00262 (ms)
2026-07-10 22:13:24,230 [INFO] Pass: RemoveIdentityEquivalent - 0.00477 (ms)
2026-07-10 22:13:24,230 [INFO] Pass: Optimize1qGatesDecomposition - 0.12922 (ms)
2026-07-10 22:13:24,230 [INFO] Pass: CommutativeCancellation - 0.09513 (ms)
2026-07-10 22:13:24,230 [INFO] Pass: ContractIdleWiresInControlFlow - 0.00167 (ms)
2026-07-10 22:13:24,230 [INFO] Pass: GatesInBasis - 0.02742 (ms)
2026-07-10 22:13:24,230 [INFO] Pass: Depth - 0.02337 (ms)
2026-07-10 22:13:24,230 [INFO] Pass: FixedPoint - 0.00358 (ms)
2026-07-10 22:13:24,230 [INFO] Pass: Size - 0.00215 (ms)
2026-07-10 22:13:24,230 [INFO] Pass: FixedPoint - 0.00286 (ms)
2026-07-10 22:13:24,230 [INFO] Pass: ContainsInstruction - 0.00477 (ms)
2026-07-10 22:13:24,231 [INFO] Total Transpile Time - 86.58838 (ms)
2026-07-10 22:13:24,316 [INFO] Pass: ContainsInstruction - 0.00906 (ms)
2026-07-10 22:13:24,316 [INFO] Pass: UnitarySynthesis - 0.00596 (ms)
2026-07-10 22:13:24,316 [INFO] Pass: HighLevelSynthesis - 0.00858 (ms)
2026-07-10 22:13:24,316 [INFO] Pass: BasisTranslator - 0.05174 (ms)
2026-07-10 22:13:24,316 [INFO] Pass: ElidePermutations - 0.00310 (ms)
2026-07-10 22:13:24,316 [INFO] Pass: RemoveDiagonalGatesBeforeMeasure - 0.00644 (ms)
2026-07-10 22:13:24,316 [INFO] Pass: RemoveIdentityEquivalent - 0.00548 (ms)
2026-07-10 22:13:24,316 [INFO] Pass: InverseCancellation - 0.02217 (ms)
2026-07-10 22:13:24,316 [INFO] Pass: ContractIdleWiresInControlFlow - 0.00191 (ms)
2026-07-10 22:13:24,316 [INFO] Pass: CommutativeCancellation - 0.06914 (ms)
2026-07-10 22:13:24,316 [INFO] Pass: ConsolidateBlocks - 0.04888 (ms)
2026-07-10 22:13:24,316 [INFO] Pass: Split2QUnitaries - 0.00215 (ms)
2026-07-10 22:13:24,316 [INFO] Pass: UnitarySynthesis - 0.00548 (ms)
2026-07-10 22:13:24,317 [INFO] Pass: HighLevelSynthesis - 0.03433 (ms)
2026-07-10 22:13:24,317 [INFO] Pass: BasisTranslator - 0.07534 (ms)
2026-07-10 22:13:24,317 [INFO] Pass: ConsolidateBlocks - 0.05174 (ms)
2026-07-10 22:13:24,317 [INFO] Pass: UnitarySynthesis - 0.00477 (ms)
2026-07-10 22:13:24,317 [INFO] Pass: Depth - 0.02670 (ms)
2026-07-10 22:13:24,317 [INFO] Pass: FixedPoint - 0.00429 (ms)
2026-07-10 22:13:24,317 [INFO] Pass: Size - 0.00238 (ms)
2026-07-10 22:13:24,317 [INFO] Pass: FixedPoint - 0.00262 (ms)
2026-07-10 22:13:24,317 [INFO] Pass: RemoveIdentityEquivalent - 0.00453 (ms)
2026-07-10 22:13:24,317 [INFO] Pass: Optimize1qGatesDecomposition - 0.13518 (ms)
2026-07-10 22:13:24,317 [INFO] Pass: CommutativeCancellation - 0.08988 (ms)
2026-07-10 22:13:24,317 [INFO] Pass: ContractIdleWiresInControlFlow - 0.00167 (ms)
2026-07-10 22:13:24,317 [INFO] Pass: GatesInBasis - 0.02694 (ms)
2026-07-10 22:13:24,317 [INFO] Pass: Depth - 0.02360 (ms)
2026-07-10 22:13:24,317 [INFO] Pass: FixedPoint - 0.00358 (ms)
2026-07-10 22:13:24,317 [INFO] Pass: Size - 0.00215 (ms)
2026-07-10 22:13:24,317 [INFO] Pass: FixedPoint - 0.00286 (ms)
2026-07-10 22:13:24,317 [INFO] Pass: RemoveIdentityEquivalent - 0.01097 (ms)
2026-07-10 22:13:24,318 [INFO] Pass: Optimize1qGatesDecomposition - 0.11802 (ms)
2026-07-10 22:13:24,318 [INFO] Pass: CommutativeCancellation - 0.08488 (ms)
2026-07-10 22:13:24,318 [INFO] Pass: ContractIdleWiresInControlFlow - 0.00191 (ms)
2026-07-10 22:13:24,318 [INFO] Pass: GatesInBasis - 0.02694 (ms)
2026-07-10 22:13:24,318 [INFO] Pass: Depth - 0.02098 (ms)
2026-07-10 22:13:24,318 [INFO] Pass: FixedPoint - 0.00358 (ms)
2026-07-10 22:13:24,318 [INFO] Pass: Size - 0.00215 (ms)
2026-07-10 22:13:24,318 [INFO] Pass: FixedPoint - 0.00262 (ms)
2026-07-10 22:13:24,318 [INFO] Pass: ContainsInstruction - 0.00548 (ms)
2026-07-10 22:13:24,318 [INFO] Total Transpile Time - 87.20684 (ms)
2026-07-10 22:26:24,746 [INFO] [PCE] n=150 instancia 59/100 completada en 0:00:13:01 — transcurrido=0:15:38:53 restante_estimado=0:10:52:27
2026-07-10 22:26:24,847 [INFO] Pass: ContainsInstruction - 0.01049 (ms)
2026-07-10 22:26:24,847 [INFO] Pass: UnitarySynthesis - 0.00715 (ms)
2026-07-10 22:26:24,847 [INFO] Pass: HighLevelSynthesis - 0.01097 (ms)
2026-07-10 22:26:24,848 [INFO] Pass: BasisTranslator - 0.05817 (ms)
2026-07-10 22:26:24,848 [INFO] Pass: ElidePermutations - 0.00501 (ms)
2026-07-10 22:26:24,848 [INFO] Pass: RemoveDiagonalGatesBeforeMeasure - 0.00834 (ms)
2026-07-10 22:26:24,848 [INFO] Pass: RemoveIdentityEquivalent - 0.00381 (ms)
2026-07-10 22:26:24,848 [INFO] Pass: InverseCancellation - 0.00525 (ms)
2026-07-10 22:26:24,848 [INFO] Pass: ContractIdleWiresInControlFlow - 0.00215 (ms)
2026-07-10 22:26:24,848 [INFO] Pass: CommutativeCancellation - 0.07272 (ms)
2026-07-10 22:26:24,848 [INFO] Pass: ConsolidateBlocks - 0.04745 (ms)
2026-07-10 22:26:24,848 [INFO] Pass: Split2QUnitaries - 0.00358 (ms)
2026-07-10 22:26:24,848 [INFO] Pass: UnitarySynthesis - 0.00477 (ms)
2026-07-10 22:26:24,848 [INFO] Pass: HighLevelSynthesis - 0.03362 (ms)
2026-07-10 22:26:24,848 [INFO] Pass: BasisTranslator - 0.07343 (ms)
2026-07-10 22:26:24,848 [INFO] Pass: ConsolidateBlocks - 0.05269 (ms)
2026-07-10 22:26:24,848 [INFO] Pass: UnitarySynthesis - 0.00453 (ms)
2026-07-10 22:26:24,848 [INFO] Pass: Depth - 0.02432 (ms)
2026-07-10 22:26:24,848 [INFO] Pass: FixedPoint - 0.00477 (ms)
2026-07-10 22:26:24,848 [INFO] Pass: Size - 0.00334 (ms)
2026-07-10 22:26:24,848 [INFO] Pass: FixedPoint - 0.00238 (ms)
2026-07-10 22:26:24,848 [INFO] Pass: RemoveIdentityEquivalent - 0.00310 (ms)
2026-07-10 22:26:24,848 [INFO] Pass: Optimize1qGatesDecomposition - 0.04268 (ms)
2026-07-10 22:26:24,849 [INFO] Pass: CommutativeCancellation - 0.09012 (ms)
2026-07-10 22:26:24,849 [INFO] Pass: ContractIdleWiresInControlFlow - 0.00191 (ms)
2026-07-10 22:26:24,849 [INFO] Pass: GatesInBasis - 0.02789 (ms)
2026-07-10 22:26:24,849 [INFO] Pass: Depth - 0.02217 (ms)
2026-07-10 22:26:24,849 [INFO] Pass: FixedPoint - 0.00358 (ms)
2026-07-10 22:26:24,849 [INFO] Pass: Size - 0.00215 (ms)
2026-07-10 22:26:24,849 [INFO] Pass: FixedPoint - 0.00286 (ms)
2026-07-10 22:26:24,849 [INFO] Pass: ContainsInstruction - 0.00501 (ms)
2026-07-10 22:26:24,849 [INFO] Total Transpile Time - 86.22718 (ms)
2026-07-10 22:26:24,932 [INFO] Pass: ContainsInstruction - 0.00978 (ms)
2026-07-10 22:26:24,932 [INFO] Pass: UnitarySynthesis - 0.00596 (ms)
2026-07-10 22:26:24,932 [INFO] Pass: HighLevelSynthesis - 0.00930 (ms)
2026-07-10 22:26:24,932 [INFO] Pass: BasisTranslator - 0.05269 (ms)
2026-07-10 22:26:24,932 [INFO] Pass: ElidePermutations - 0.00381 (ms)
2026-07-10 22:26:24,932 [INFO] Pass: RemoveDiagonalGatesBeforeMeasure - 0.00715 (ms)
2026-07-10 22:26:24,932 [INFO] Pass: RemoveIdentityEquivalent - 0.00572 (ms)
2026-07-10 22:26:24,932 [INFO] Pass: InverseCancellation - 0.02241 (ms)
2026-07-10 22:26:24,932 [INFO] Pass: ContractIdleWiresInControlFlow - 0.00167 (ms)
2026-07-10 22:26:24,932 [INFO] Pass: CommutativeCancellation - 0.07629 (ms)
2026-07-10 22:26:24,932 [INFO] Pass: ConsolidateBlocks - 0.04292 (ms)
2026-07-10 22:26:24,932 [INFO] Pass: Split2QUnitaries - 0.00215 (ms)
2026-07-10 22:26:24,933 [INFO] Pass: UnitarySynthesis - 0.00548 (ms)
2026-07-10 22:26:24,933 [INFO] Pass: HighLevelSynthesis - 0.03457 (ms)
2026-07-10 22:26:24,933 [INFO] Pass: BasisTranslator - 0.07296 (ms)
2026-07-10 22:26:24,933 [INFO] Pass: ConsolidateBlocks - 0.05221 (ms)
2026-07-10 22:26:24,933 [INFO] Pass: UnitarySynthesis - 0.00429 (ms)
2026-07-10 22:26:24,933 [INFO] Pass: Depth - 0.02670 (ms)
2026-07-10 22:26:24,933 [INFO] Pass: FixedPoint - 0.00405 (ms)
2026-07-10 22:26:24,933 [INFO] Pass: Size - 0.00286 (ms)
2026-07-10 22:26:24,933 [INFO] Pass: FixedPoint - 0.00238 (ms)
2026-07-10 22:26:24,933 [INFO] Pass: RemoveIdentityEquivalent - 0.00429 (ms)
2026-07-10 22:26:24,933 [INFO] Pass: Optimize1qGatesDecomposition - 0.12374 (ms)
2026-07-10 22:26:24,933 [INFO] Pass: CommutativeCancellation - 0.09966 (ms)
2026-07-10 22:26:24,933 [INFO] Pass: ContractIdleWiresInControlFlow - 0.00191 (ms)
2026-07-10 22:26:24,933 [INFO] Pass: GatesInBasis - 0.02861 (ms)
2026-07-10 22:26:24,933 [INFO] Pass: Depth - 0.02503 (ms)
2026-07-10 22:26:24,933 [INFO] Pass: FixedPoint - 0.00381 (ms)
2026-07-10 22:26:24,933 [INFO] Pass: Size - 0.00215 (ms)
2026-07-10 22:26:24,933 [INFO] Pass: FixedPoint - 0.00286 (ms)
2026-07-10 22:26:24,933 [INFO] Pass: ContainsInstruction - 0.00525 (ms)
2026-07-10 22:26:24,934 [INFO] Total Transpile Time - 84.28884 (ms)
2026-07-10 22:26:25,018 [INFO] Pass: ContainsInstruction - 0.00906 (ms)
2026-07-10 22:26:25,018 [INFO] Pass: UnitarySynthesis - 0.00644 (ms)
2026-07-10 22:26:25,018 [INFO] Pass: HighLevelSynthesis - 0.00882 (ms)
2026-07-10 22:26:25,018 [INFO] Pass: BasisTranslator - 0.05031 (ms)
2026-07-10 22:26:25,018 [INFO] Pass: ElidePermutations - 0.00358 (ms)
2026-07-10 22:26:25,018 [INFO] Pass: RemoveDiagonalGatesBeforeMeasure - 0.00644 (ms)
2026-07-10 22:26:25,018 [INFO] Pass: RemoveIdentityEquivalent - 0.00644 (ms)
2026-07-10 22:26:25,018 [INFO] Pass: InverseCancellation - 0.02313 (ms)
2026-07-10 22:26:25,018 [INFO] Pass: ContractIdleWiresInControlFlow - 0.00167 (ms)
2026-07-10 22:26:25,018 [INFO] Pass: CommutativeCancellation - 0.07844 (ms)
2026-07-10 22:26:25,018 [INFO] Pass: ConsolidateBlocks - 0.04339 (ms)
2026-07-10 22:26:25,018 [INFO] Pass: Split2QUnitaries - 0.00238 (ms)
2026-07-10 22:26:25,018 [INFO] Pass: UnitarySynthesis - 0.00525 (ms)
2026-07-10 22:26:25,018 [INFO] Pass: HighLevelSynthesis - 0.03672 (ms)
2026-07-10 22:26:25,018 [INFO] Pass: BasisTranslator - 0.07820 (ms)
2026-07-10 22:26:25,018 [INFO] Pass: ConsolidateBlocks - 0.05221 (ms)
2026-07-10 22:26:25,019 [INFO] Pass: UnitarySynthesis - 0.00525 (ms)
2026-07-10 22:26:25,019 [INFO] Pass: Depth - 0.02480 (ms)
2026-07-10 22:26:25,019 [INFO] Pass: FixedPoint - 0.00381 (ms)
2026-07-10 22:26:25,019 [INFO] Pass: Size - 0.00215 (ms)
2026-07-10 22:26:25,019 [INFO] Pass: FixedPoint - 0.00262 (ms)
2026-07-10 22:26:25,019 [INFO] Pass: RemoveIdentityEquivalent - 0.00477 (ms)
2026-07-10 22:26:25,019 [INFO] Pass: Optimize1qGatesDecomposition - 0.12922 (ms)
2026-07-10 22:26:25,019 [INFO] Pass: CommutativeCancellation - 0.09131 (ms)
2026-07-10 22:26:25,019 [INFO] Pass: ContractIdleWiresInControlFlow - 0.00191 (ms)
2026-07-10 22:26:25,019 [INFO] Pass: GatesInBasis - 0.02837 (ms)
2026-07-10 22:26:25,019 [INFO] Pass: Depth - 0.02384 (ms)
2026-07-10 22:26:25,019 [INFO] Pass: FixedPoint - 0.00358 (ms)
2026-07-10 22:26:25,019 [INFO] Pass: Size - 0.00191 (ms)
2026-07-10 22:26:25,019 [INFO] Pass: FixedPoint - 0.00262 (ms)
2026-07-10 22:26:25,019 [INFO] Pass: RemoveIdentityEquivalent - 0.00501 (ms)
2026-07-10 22:26:25,019 [INFO] Pass: Optimize1qGatesDecomposition - 0.11635 (ms)
2026-07-10 22:26:25,019 [INFO] Pass: CommutativeCancellation - 0.09012 (ms)
2026-07-10 22:26:25,019 [INFO] Pass: ContractIdleWiresInControlFlow - 0.00167 (ms)
2026-07-10 22:26:25,019 [INFO] Pass: GatesInBasis - 0.02789 (ms)
2026-07-10 22:26:25,020 [INFO] Pass: Depth - 0.02193 (ms)
2026-07-10 22:26:25,020 [INFO] Pass: FixedPoint - 0.00310 (ms)
2026-07-10 22:26:25,020 [INFO] Pass: Size - 0.00191 (ms)
2026-07-10 22:26:25,020 [INFO] Pass: FixedPoint - 0.00262 (ms)
2026-07-10 22:26:25,020 [INFO] Pass: ContainsInstruction - 0.00548 (ms)
2026-07-10 22:26:25,020 [INFO] Total Transpile Time - 85.86049 (ms)
2026-07-10 22:40:30,366 [INFO] [PCE] n=150 instancia 60/100 completada en 0:00:14:06 — transcurrido=0:15:52:59 restante_estimado=0:10:35:19
2026-07-10 22:40:30,473 [INFO] Pass: ContainsInstruction - 0.01073 (ms)
2026-07-10 22:40:30,473 [INFO] Pass: UnitarySynthesis - 0.00691 (ms)
2026-07-10 22:40:30,473 [INFO] Pass: HighLevelSynthesis - 0.01097 (ms)
2026-07-10 22:40:30,473 [INFO] Pass: BasisTranslator - 0.06080 (ms)
2026-07-10 22:40:30,473 [INFO] Pass: ElidePermutations - 0.00477 (ms)
2026-07-10 22:40:30,473 [INFO] Pass: RemoveDiagonalGatesBeforeMeasure - 0.00834 (ms)
2026-07-10 22:40:30,473 [INFO] Pass: RemoveIdentityEquivalent - 0.00358 (ms)
2026-07-10 22:40:30,473 [INFO] Pass: InverseCancellation - 0.00501 (ms)
2026-07-10 22:40:30,473 [INFO] Pass: ContractIdleWiresInControlFlow - 0.00215 (ms)
2026-07-10 22:40:30,473 [INFO] Pass: CommutativeCancellation - 0.07510 (ms)
2026-07-10 22:40:30,473 [INFO] Pass: ConsolidateBlocks - 0.04625 (ms)
2026-07-10 22:40:30,473 [INFO] Pass: Split2QUnitaries - 0.00262 (ms)
2026-07-10 22:40:30,473 [INFO] Pass: UnitarySynthesis - 0.00501 (ms)
2026-07-10 22:40:30,473 [INFO] Pass: HighLevelSynthesis - 0.03409 (ms)
2026-07-10 22:40:30,473 [INFO] Pass: BasisTranslator - 0.07772 (ms)
2026-07-10 22:40:30,473 [INFO] Pass: ConsolidateBlocks - 0.05293 (ms)
2026-07-10 22:40:30,473 [INFO] Pass: UnitarySynthesis - 0.00501 (ms)
2026-07-10 22:40:30,473 [INFO] Pass: Depth - 0.02599 (ms)
2026-07-10 22:40:30,473 [INFO] Pass: FixedPoint - 0.00477 (ms)
2026-07-10 22:40:30,474 [INFO] Pass: Size - 0.00358 (ms)
2026-07-10 22:40:30,474 [INFO] Pass: FixedPoint - 0.00286 (ms)
2026-07-10 22:40:30,474 [INFO] Pass: RemoveIdentityEquivalent - 0.00358 (ms)
2026-07-10 22:40:30,474 [INFO] Pass: Optimize1qGatesDecomposition - 0.03815 (ms)
2026-07-10 22:40:30,474 [INFO] Pass: CommutativeCancellation - 0.09346 (ms)
2026-07-10 22:40:30,474 [INFO] Pass: ContractIdleWiresInControlFlow - 0.00191 (ms)
2026-07-10 22:40:30,474 [INFO] Pass: GatesInBasis - 0.02885 (ms)
2026-07-10 22:40:30,474 [INFO] Pass: Depth - 0.02432 (ms)
2026-07-10 22:40:30,474 [INFO] Pass: FixedPoint - 0.00334 (ms)
2026-07-10 22:40:30,474 [INFO] Pass: Size - 0.00167 (ms)
2026-07-10 22:40:30,474 [INFO] Pass: FixedPoint - 0.00286 (ms)
2026-07-10 22:40:30,474 [INFO] Pass: ContainsInstruction - 0.00525 (ms)
2026-07-10 22:40:30,474 [INFO] Total Transpile Time - 89.88214 (ms)
2026-07-10 22:40:30,561 [INFO] Pass: ContainsInstruction - 0.00954 (ms)
2026-07-10 22:40:30,561 [INFO] Pass: UnitarySynthesis - 0.00620 (ms)
2026-07-10 22:40:30,561 [INFO] Pass: HighLevelSynthesis - 0.01144 (ms)
2026-07-10 22:40:30,561 [INFO] Pass: BasisTranslator - 0.05579 (ms)
2026-07-10 22:40:30,561 [INFO] Pass: ElidePermutations - 0.00334 (ms)
2026-07-10 22:40:30,561 [INFO] Pass: RemoveDiagonalGatesBeforeMeasure - 0.00715 (ms)
2026-07-10 22:40:30,561 [INFO] Pass: RemoveIdentityEquivalent - 0.00477 (ms)
2026-07-10 22:40:30,561 [INFO] Pass: InverseCancellation - 0.02289 (ms)
2026-07-10 22:40:30,561 [INFO] Pass: ContractIdleWiresInControlFlow - 0.00167 (ms)
2026-07-10 22:40:30,561 [INFO] Pass: CommutativeCancellation - 0.08178 (ms)
2026-07-10 22:40:30,561 [INFO] Pass: ConsolidateBlocks - 0.04387 (ms)
2026-07-10 22:40:30,561 [INFO] Pass: Split2QUnitaries - 0.00238 (ms)
2026-07-10 22:40:30,561 [INFO] Pass: UnitarySynthesis - 0.00477 (ms)
2026-07-10 22:40:30,561 [INFO] Pass: HighLevelSynthesis - 0.03433 (ms)
2026-07-10 22:40:30,562 [INFO] Pass: BasisTranslator - 0.07606 (ms)
2026-07-10 22:40:30,562 [INFO] Pass: ConsolidateBlocks - 0.05364 (ms)
2026-07-10 22:40:30,562 [INFO] Pass: UnitarySynthesis - 0.00453 (ms)
2026-07-10 22:40:30,562 [INFO] Pass: Depth - 0.02551 (ms)
2026-07-10 22:40:30,562 [INFO] Pass: FixedPoint - 0.00429 (ms)
2026-07-10 22:40:30,562 [INFO] Pass: Size - 0.00381 (ms)
2026-07-10 22:40:30,562 [INFO] Pass: FixedPoint - 0.00286 (ms)
2026-07-10 22:40:30,562 [INFO] Pass: RemoveIdentityEquivalent - 0.00453 (ms)
2026-07-10 22:40:30,562 [INFO] Pass: Optimize1qGatesDecomposition - 0.12803 (ms)
2026-07-10 22:40:30,562 [INFO] Pass: CommutativeCancellation - 0.09727 (ms)
2026-07-10 22:40:30,562 [INFO] Pass: ContractIdleWiresInControlFlow - 0.00167 (ms)
2026-07-10 22:40:30,562 [INFO] Pass: GatesInBasis - 0.02885 (ms)
2026-07-10 22:40:30,562 [INFO] Pass: Depth - 0.02456 (ms)
2026-07-10 22:40:30,562 [INFO] Pass: FixedPoint - 0.00405 (ms)
2026-07-10 22:40:30,562 [INFO] Pass: Size - 0.00238 (ms)
2026-07-10 22:40:30,562 [INFO] Pass: FixedPoint - 0.00262 (ms)
2026-07-10 22:40:30,562 [INFO] Pass: ContainsInstruction - 0.00501 (ms)
2026-07-10 22:40:30,563 [INFO] Total Transpile Time - 87.98981 (ms)
2026-07-10 22:40:30,650 [INFO] Pass: ContainsInstruction - 0.00978 (ms)
2026-07-10 22:40:30,650 [INFO] Pass: UnitarySynthesis - 0.00668 (ms)
2026-07-10 22:40:30,650 [INFO] Pass: HighLevelSynthesis - 0.00906 (ms)
2026-07-10 22:40:30,650 [INFO] Pass: BasisTranslator - 0.05364 (ms)
2026-07-10 22:40:30,650 [INFO] Pass: ElidePermutations - 0.00286 (ms)
2026-07-10 22:40:30,650 [INFO] Pass: RemoveDiagonalGatesBeforeMeasure - 0.00572 (ms)
2026-07-10 22:40:30,650 [INFO] Pass: RemoveIdentityEquivalent - 0.00501 (ms)
2026-07-10 22:40:30,650 [INFO] Pass: InverseCancellation - 0.02241 (ms)
2026-07-10 22:40:30,650 [INFO] Pass: ContractIdleWiresInControlFlow - 0.00215 (ms)
2026-07-10 22:40:30,651 [INFO] Pass: CommutativeCancellation - 0.07176 (ms)
2026-07-10 22:40:30,651 [INFO] Pass: ConsolidateBlocks - 0.04387 (ms)
2026-07-10 22:40:30,651 [INFO] Pass: Split2QUnitaries - 0.00238 (ms)
2026-07-10 22:40:30,651 [INFO] Pass: UnitarySynthesis - 0.00548 (ms)
2026-07-10 22:40:30,651 [INFO] Pass: HighLevelSynthesis - 0.03505 (ms)
2026-07-10 22:40:30,651 [INFO] Pass: BasisTranslator - 0.07653 (ms)
2026-07-10 22:40:30,651 [INFO] Pass: ConsolidateBlocks - 0.05388 (ms)
2026-07-10 22:40:30,651 [INFO] Pass: UnitarySynthesis - 0.00477 (ms)
2026-07-10 22:40:30,651 [INFO] Pass: Depth - 0.02456 (ms)
2026-07-10 22:40:30,651 [INFO] Pass: FixedPoint - 0.00429 (ms)
2026-07-10 22:40:30,651 [INFO] Pass: Size - 0.00262 (ms)
2026-07-10 22:40:30,651 [INFO] Pass: FixedPoint - 0.00286 (ms)
2026-07-10 22:40:30,651 [INFO] Pass: RemoveIdentityEquivalent - 0.00501 (ms)
2026-07-10 22:40:30,651 [INFO] Pass: Optimize1qGatesDecomposition - 0.13590 (ms)
2026-07-10 22:40:30,651 [INFO] Pass: CommutativeCancellation - 0.09942 (ms)
2026-07-10 22:40:30,651 [INFO] Pass: ContractIdleWiresInControlFlow - 0.00215 (ms)
2026-07-10 22:40:30,651 [INFO] Pass: GatesInBasis - 0.02766 (ms)
2026-07-10 22:40:30,652 [INFO] Pass: Depth - 0.02337 (ms)
2026-07-10 22:40:30,652 [INFO] Pass: FixedPoint - 0.00358 (ms)
2026-07-10 22:40:30,652 [INFO] Pass: Size - 0.00191 (ms)
2026-07-10 22:40:30,652 [INFO] Pass: FixedPoint - 0.00310 (ms)
2026-07-10 22:40:30,652 [INFO] Pass: RemoveIdentityEquivalent - 0.00501 (ms)
2026-07-10 22:40:30,652 [INFO] Pass: Optimize1qGatesDecomposition - 0.11468 (ms)
2026-07-10 22:40:30,652 [INFO] Pass: CommutativeCancellation - 0.08631 (ms)
2026-07-10 22:40:30,652 [INFO] Pass: ContractIdleWiresInControlFlow - 0.00167 (ms)
2026-07-10 22:40:30,652 [INFO] Pass: GatesInBasis - 0.02718 (ms)
2026-07-10 22:40:30,652 [INFO] Pass: Depth - 0.02146 (ms)
2026-07-10 22:40:30,652 [INFO] Pass: FixedPoint - 0.00334 (ms)
2026-07-10 22:40:30,652 [INFO] Pass: Size - 0.00167 (ms)
2026-07-10 22:40:30,652 [INFO] Pass: FixedPoint - 0.00262 (ms)
2026-07-10 22:40:30,652 [INFO] Pass: ContainsInstruction - 0.00548 (ms)
2026-07-10 22:40:30,652 [INFO] Total Transpile Time - 89.42223 (ms)
2026-07-10 22:56:10,564 [INFO] [PCE] n=150 instancia 61/100 completada en 0:00:15:40 — transcurrido=0:16:08:39 restante_estimado=0:10:19:18
2026-07-10 22:56:10,666 [INFO] Pass: ContainsInstruction - 0.01049 (ms)
2026-07-10 22:56:10,666 [INFO] Pass: UnitarySynthesis - 0.00715 (ms)
2026-07-10 22:56:10,666 [INFO] Pass: HighLevelSynthesis - 0.01001 (ms)
2026-07-10 22:56:10,666 [INFO] Pass: BasisTranslator - 0.06056 (ms)
2026-07-10 22:56:10,666 [INFO] Pass: ElidePermutations - 0.00501 (ms)
2026-07-10 22:56:10,666 [INFO] Pass: RemoveDiagonalGatesBeforeMeasure - 0.00834 (ms)
2026-07-10 22:56:10,666 [INFO] Pass: RemoveIdentityEquivalent - 0.00405 (ms)
2026-07-10 22:56:10,666 [INFO] Pass: InverseCancellation - 0.00501 (ms)
2026-07-10 22:56:10,666 [INFO] Pass: ContractIdleWiresInControlFlow - 0.00167 (ms)
2026-07-10 22:56:10,666 [INFO] Pass: CommutativeCancellation - 0.07415 (ms)
2026-07-10 22:56:10,666 [INFO] Pass: ConsolidateBlocks - 0.04578 (ms)
2026-07-10 22:56:10,666 [INFO] Pass: Split2QUnitaries - 0.00334 (ms)
2026-07-10 22:56:10,666 [INFO] Pass: UnitarySynthesis - 0.00501 (ms)
2026-07-10 22:56:10,666 [INFO] Pass: HighLevelSynthesis - 0.03338 (ms)
2026-07-10 22:56:10,667 [INFO] Pass: BasisTranslator - 0.07486 (ms)
2026-07-10 22:56:10,667 [INFO] Pass: ConsolidateBlocks - 0.05317 (ms)
2026-07-10 22:56:10,667 [INFO] Pass: UnitarySynthesis - 0.00405 (ms)
2026-07-10 22:56:10,667 [INFO] Pass: Depth - 0.02408 (ms)
2026-07-10 22:56:10,667 [INFO] Pass: FixedPoint - 0.00477 (ms)
2026-07-10 22:56:10,667 [INFO] Pass: Size - 0.00358 (ms)
2026-07-10 22:56:10,667 [INFO] Pass: FixedPoint - 0.00262 (ms)
2026-07-10 22:56:10,667 [INFO] Pass: RemoveIdentityEquivalent - 0.00358 (ms)
2026-07-10 22:56:10,667 [INFO] Pass: Optimize1qGatesDecomposition - 0.03767 (ms)
2026-07-10 22:56:10,667 [INFO] Pass: CommutativeCancellation - 0.09084 (ms)
2026-07-10 22:56:10,667 [INFO] Pass: ContractIdleWiresInControlFlow - 0.00215 (ms)
2026-07-10 22:56:10,667 [INFO] Pass: GatesInBasis - 0.02813 (ms)
2026-07-10 22:56:10,667 [INFO] Pass: Depth - 0.02217 (ms)
2026-07-10 22:56:10,667 [INFO] Pass: FixedPoint - 0.00358 (ms)
2026-07-10 22:56:10,667 [INFO] Pass: Size - 0.00215 (ms)
2026-07-10 22:56:10,667 [INFO] Pass: FixedPoint - 0.00262 (ms)
2026-07-10 22:56:10,667 [INFO] Pass: ContainsInstruction - 0.00525 (ms)
2026-07-10 22:56:10,668 [INFO] Total Transpile Time - 87.01134 (ms)
2026-07-10 22:56:10,751 [INFO] Pass: ContainsInstruction - 0.00954 (ms)
2026-07-10 22:56:10,751 [INFO] Pass: UnitarySynthesis - 0.00620 (ms)
2026-07-10 22:56:10,751 [INFO] Pass: HighLevelSynthesis - 0.00906 (ms)
2026-07-10 22:56:10,751 [INFO] Pass: BasisTranslator - 0.05412 (ms)
2026-07-10 22:56:10,751 [INFO] Pass: ElidePermutations - 0.00453 (ms)
2026-07-10 22:56:10,751 [INFO] Pass: RemoveDiagonalGatesBeforeMeasure - 0.00715 (ms)
2026-07-10 22:56:10,751 [INFO] Pass: RemoveIdentityEquivalent - 0.00572 (ms)
2026-07-10 22:56:10,751 [INFO] Pass: InverseCancellation - 0.02360 (ms)
2026-07-10 22:56:10,751 [INFO] Pass: ContractIdleWiresInControlFlow - 0.00215 (ms)
2026-07-10 22:56:10,751 [INFO] Pass: CommutativeCancellation - 0.07486 (ms)
2026-07-10 22:56:10,751 [INFO] Pass: ConsolidateBlocks - 0.04268 (ms)
2026-07-10 22:56:10,751 [INFO] Pass: Split2QUnitaries - 0.00262 (ms)
2026-07-10 22:56:10,751 [INFO] Pass: UnitarySynthesis - 0.00477 (ms)
2026-07-10 22:56:10,751 [INFO] Pass: HighLevelSynthesis - 0.03409 (ms)
2026-07-10 22:56:10,751 [INFO] Pass: BasisTranslator - 0.07415 (ms)
2026-07-10 22:56:10,752 [INFO] Pass: ConsolidateBlocks - 0.05174 (ms)
2026-07-10 22:56:10,752 [INFO] Pass: UnitarySynthesis - 0.00453 (ms)
2026-07-10 22:56:10,752 [INFO] Pass: Depth - 0.02384 (ms)
2026-07-10 22:56:10,752 [INFO] Pass: FixedPoint - 0.00405 (ms)
2026-07-10 22:56:10,752 [INFO] Pass: Size - 0.00262 (ms)
2026-07-10 22:56:10,752 [INFO] Pass: FixedPoint - 0.00262 (ms)
2026-07-10 22:56:10,752 [INFO] Pass: RemoveIdentityEquivalent - 0.00429 (ms)
2026-07-10 22:56:10,752 [INFO] Pass: Optimize1qGatesDecomposition - 0.12898 (ms)
2026-07-10 22:56:10,752 [INFO] Pass: CommutativeCancellation - 0.09847 (ms)
2026-07-10 22:56:10,752 [INFO] Pass: ContractIdleWiresInControlFlow - 0.00167 (ms)
2026-07-10 22:56:10,752 [INFO] Pass: GatesInBasis - 0.02837 (ms)
2026-07-10 22:56:10,752 [INFO] Pass: Depth - 0.02313 (ms)
2026-07-10 22:56:10,752 [INFO] Pass: FixedPoint - 0.00334 (ms)
2026-07-10 22:56:10,752 [INFO] Pass: Size - 0.00167 (ms)
2026-07-10 22:56:10,752 [INFO] Pass: FixedPoint - 0.00262 (ms)
2026-07-10 22:56:10,752 [INFO] Pass: ContainsInstruction - 0.00477 (ms)
2026-07-10 22:56:10,753 [INFO] Total Transpile Time - 84.57518 (ms)
2026-07-10 22:56:10,836 [INFO] Pass: ContainsInstruction - 0.00978 (ms)
2026-07-10 22:56:10,836 [INFO] Pass: UnitarySynthesis - 0.00644 (ms)
2026-07-10 22:56:10,836 [INFO] Pass: HighLevelSynthesis - 0.00930 (ms)
2026-07-10 22:56:10,836 [INFO] Pass: BasisTranslator - 0.05269 (ms)
2026-07-10 22:56:10,836 [INFO] Pass: ElidePermutations - 0.00405 (ms)
2026-07-10 22:56:10,836 [INFO] Pass: RemoveDiagonalGatesBeforeMeasure - 0.00644 (ms)
2026-07-10 22:56:10,836 [INFO] Pass: RemoveIdentityEquivalent - 0.00596 (ms)
2026-07-10 22:56:10,836 [INFO] Pass: InverseCancellation - 0.02360 (ms)
2026-07-10 22:56:10,836 [INFO] Pass: ContractIdleWiresInControlFlow - 0.00215 (ms)
2026-07-10 22:56:10,836 [INFO] Pass: CommutativeCancellation - 0.07486 (ms)
2026-07-10 22:56:10,836 [INFO] Pass: ConsolidateBlocks - 0.04911 (ms)
2026-07-10 22:56:10,836 [INFO] Pass: Split2QUnitaries - 0.00262 (ms)
2026-07-10 22:56:10,836 [INFO] Pass: UnitarySynthesis - 0.00548 (ms)
2026-07-10 22:56:10,837 [INFO] Pass: HighLevelSynthesis - 0.03481 (ms)
2026-07-10 22:56:10,837 [INFO] Pass: BasisTranslator - 0.07415 (ms)
2026-07-10 22:56:10,837 [INFO] Pass: ConsolidateBlocks - 0.05126 (ms)
2026-07-10 22:56:10,837 [INFO] Pass: UnitarySynthesis - 0.00453 (ms)
2026-07-10 22:56:10,837 [INFO] Pass: Depth - 0.02503 (ms)
2026-07-10 22:56:10,837 [INFO] Pass: FixedPoint - 0.00405 (ms)
2026-07-10 22:56:10,837 [INFO] Pass: Size - 0.00262 (ms)
2026-07-10 22:56:10,837 [INFO] Pass: FixedPoint - 0.00286 (ms)
2026-07-10 22:56:10,837 [INFO] Pass: RemoveIdentityEquivalent - 0.00501 (ms)
2026-07-10 22:56:10,837 [INFO] Pass: Optimize1qGatesDecomposition - 0.13280 (ms)
2026-07-10 22:56:10,837 [INFO] Pass: CommutativeCancellation - 0.08893 (ms)
2026-07-10 22:56:10,837 [INFO] Pass: ContractIdleWiresInControlFlow - 0.00191 (ms)
2026-07-10 22:56:10,837 [INFO] Pass: GatesInBasis - 0.02861 (ms)
2026-07-10 22:56:10,837 [INFO] Pass: Depth - 0.02360 (ms)
2026-07-10 22:56:10,837 [INFO] Pass: FixedPoint - 0.00358 (ms)
2026-07-10 22:56:10,837 [INFO] Pass: Size - 0.00191 (ms)
2026-07-10 22:56:10,837 [INFO] Pass: FixedPoint - 0.00262 (ms)
2026-07-10 22:56:10,837 [INFO] Pass: RemoveIdentityEquivalent - 0.00453 (ms)
2026-07-10 22:56:10,838 [INFO] Pass: Optimize1qGatesDecomposition - 0.11325 (ms)
2026-07-10 22:56:10,838 [INFO] Pass: CommutativeCancellation - 0.08392 (ms)
2026-07-10 22:56:10,838 [INFO] Pass: ContractIdleWiresInControlFlow - 0.00191 (ms)
2026-07-10 22:56:10,838 [INFO] Pass: GatesInBasis - 0.02599 (ms)
2026-07-10 22:56:10,838 [INFO] Pass: Depth - 0.02170 (ms)
2026-07-10 22:56:10,838 [INFO] Pass: FixedPoint - 0.00286 (ms)
2026-07-10 22:56:10,838 [INFO] Pass: Size - 0.00167 (ms)
2026-07-10 22:56:10,838 [INFO] Pass: FixedPoint - 0.00286 (ms)
2026-07-10 22:56:10,838 [INFO] Pass: ContainsInstruction - 0.00501 (ms)
2026-07-10 22:56:10,838 [INFO] Total Transpile Time - 85.26540 (ms)
2026-07-10 23:10:11,941 [INFO] [PCE] n=150 instancia 62/100 completada en 0:00:14:01 — transcurrido=0:16:22:41 restante_estimado=0:10:02:17
2026-07-10 23:10:12,044 [INFO] Pass: ContainsInstruction - 0.01073 (ms)
2026-07-10 23:10:12,044 [INFO] Pass: UnitarySynthesis - 0.00644 (ms)
2026-07-10 23:10:12,044 [INFO] Pass: HighLevelSynthesis - 0.00978 (ms)
2026-07-10 23:10:12,044 [INFO] Pass: BasisTranslator - 0.06485 (ms)
2026-07-10 23:10:12,044 [INFO] Pass: ElidePermutations - 0.00501 (ms)
2026-07-10 23:10:12,044 [INFO] Pass: RemoveDiagonalGatesBeforeMeasure - 0.00858 (ms)
2026-07-10 23:10:12,044 [INFO] Pass: RemoveIdentityEquivalent - 0.00405 (ms)
2026-07-10 23:10:12,045 [INFO] Pass: InverseCancellation - 0.00525 (ms)
2026-07-10 23:10:12,045 [INFO] Pass: ContractIdleWiresInControlFlow - 0.00215 (ms)
2026-07-10 23:10:12,045 [INFO] Pass: CommutativeCancellation - 0.07319 (ms)
2026-07-10 23:10:12,045 [INFO] Pass: ConsolidateBlocks - 0.04673 (ms)
2026-07-10 23:10:12,045 [INFO] Pass: Split2QUnitaries - 0.00310 (ms)
2026-07-10 23:10:12,045 [INFO] Pass: UnitarySynthesis - 0.00501 (ms)
2026-07-10 23:10:12,045 [INFO] Pass: HighLevelSynthesis - 0.03386 (ms)
2026-07-10 23:10:12,045 [INFO] Pass: BasisTranslator - 0.07272 (ms)
2026-07-10 23:10:12,045 [INFO] Pass: ConsolidateBlocks - 0.05198 (ms)
2026-07-10 23:10:12,045 [INFO] Pass: UnitarySynthesis - 0.00429 (ms)
2026-07-10 23:10:12,045 [INFO] Pass: Depth - 0.02527 (ms)
2026-07-10 23:10:12,045 [INFO] Pass: FixedPoint - 0.00477 (ms)
2026-07-10 23:10:12,045 [INFO] Pass: Size - 0.00381 (ms)
2026-07-10 23:10:12,045 [INFO] Pass: FixedPoint - 0.00310 (ms)
2026-07-10 23:10:12,045 [INFO] Pass: RemoveIdentityEquivalent - 0.00310 (ms)
2026-07-10 23:10:12,045 [INFO] Pass: Optimize1qGatesDecomposition - 0.03529 (ms)
2026-07-10 23:10:12,045 [INFO] Pass: CommutativeCancellation - 0.09012 (ms)
2026-07-10 23:10:12,045 [INFO] Pass: ContractIdleWiresInControlFlow - 0.00191 (ms)
2026-07-10 23:10:12,045 [INFO] Pass: GatesInBasis - 0.02766 (ms)
2026-07-10 23:10:12,045 [INFO] Pass: Depth - 0.02337 (ms)
2026-07-10 23:10:12,045 [INFO] Pass: FixedPoint - 0.00310 (ms)
2026-07-10 23:10:12,046 [INFO] Pass: Size - 0.00191 (ms)
2026-07-10 23:10:12,046 [INFO] Pass: FixedPoint - 0.00286 (ms)
2026-07-10 23:10:12,046 [INFO] Pass: ContainsInstruction - 0.00477 (ms)
2026-07-10 23:10:12,046 [INFO] Total Transpile Time - 85.27493 (ms)
2026-07-10 23:10:12,128 [INFO] Pass: ContainsInstruction - 0.00930 (ms)
2026-07-10 23:10:12,128 [INFO] Pass: UnitarySynthesis - 0.00596 (ms)
2026-07-10 23:10:12,128 [INFO] Pass: HighLevelSynthesis - 0.00954 (ms)
2026-07-10 23:10:12,128 [INFO] Pass: BasisTranslator - 0.05484 (ms)
2026-07-10 23:10:12,128 [INFO] Pass: ElidePermutations - 0.00381 (ms)
2026-07-10 23:10:12,128 [INFO] Pass: RemoveDiagonalGatesBeforeMeasure - 0.00739 (ms)
2026-07-10 23:10:12,128 [INFO] Pass: RemoveIdentityEquivalent - 0.00453 (ms)
2026-07-10 23:10:12,128 [INFO] Pass: InverseCancellation - 0.02360 (ms)
2026-07-10 23:10:12,128 [INFO] Pass: ContractIdleWiresInControlFlow - 0.00238 (ms)
2026-07-10 23:10:12,128 [INFO] Pass: CommutativeCancellation - 0.07486 (ms)
2026-07-10 23:10:12,128 [INFO] Pass: ConsolidateBlocks - 0.04411 (ms)
2026-07-10 23:10:12,128 [INFO] Pass: Split2QUnitaries - 0.00262 (ms)
2026-07-10 23:10:12,129 [INFO] Pass: UnitarySynthesis - 0.00477 (ms)
2026-07-10 23:10:12,129 [INFO] Pass: HighLevelSynthesis - 0.03338 (ms)
2026-07-10 23:10:12,129 [INFO] Pass: BasisTranslator - 0.07153 (ms)
2026-07-10 23:10:12,129 [INFO] Pass: ConsolidateBlocks - 0.05007 (ms)
2026-07-10 23:10:12,129 [INFO] Pass: UnitarySynthesis - 0.00405 (ms)
2026-07-10 23:10:12,129 [INFO] Pass: Depth - 0.02384 (ms)
2026-07-10 23:10:12,129 [INFO] Pass: FixedPoint - 0.00405 (ms)
2026-07-10 23:10:12,129 [INFO] Pass: Size - 0.00286 (ms)
2026-07-10 23:10:12,129 [INFO] Pass: FixedPoint - 0.00286 (ms)
2026-07-10 23:10:12,129 [INFO] Pass: RemoveIdentityEquivalent - 0.00525 (ms)
2026-07-10 23:10:12,129 [INFO] Pass: Optimize1qGatesDecomposition - 0.12350 (ms)
2026-07-10 23:10:12,129 [INFO] Pass: CommutativeCancellation - 0.09227 (ms)
2026-07-10 23:10:12,129 [INFO] Pass: ContractIdleWiresInControlFlow - 0.00191 (ms)
2026-07-10 23:10:12,129 [INFO] Pass: GatesInBasis - 0.02861 (ms)
2026-07-10 23:10:12,129 [INFO] Pass: Depth - 0.02360 (ms)
2026-07-10 23:10:12,129 [INFO] Pass: FixedPoint - 0.00334 (ms)
2026-07-10 23:10:12,129 [INFO] Pass: Size - 0.00215 (ms)
2026-07-10 23:10:12,129 [INFO] Pass: FixedPoint - 0.00238 (ms)
2026-07-10 23:10:12,129 [INFO] Pass: ContainsInstruction - 0.00501 (ms)
2026-07-10 23:10:12,130 [INFO] Total Transpile Time - 83.45890 (ms)
2026-07-10 23:10:12,212 [INFO] Pass: ContainsInstruction - 0.00930 (ms)
2026-07-10 23:10:12,212 [INFO] Pass: UnitarySynthesis - 0.00644 (ms)
2026-07-10 23:10:12,212 [INFO] Pass: HighLevelSynthesis - 0.00834 (ms)
2026-07-10 23:10:12,212 [INFO] Pass: BasisTranslator - 0.05245 (ms)
2026-07-10 23:10:12,212 [INFO] Pass: ElidePermutations - 0.00334 (ms)
2026-07-10 23:10:12,212 [INFO] Pass: RemoveDiagonalGatesBeforeMeasure - 0.00596 (ms)
2026-07-10 23:10:12,212 [INFO] Pass: RemoveIdentityEquivalent - 0.00572 (ms)
2026-07-10 23:10:12,212 [INFO] Pass: InverseCancellation - 0.02241 (ms)
2026-07-10 23:10:12,212 [INFO] Pass: ContractIdleWiresInControlFlow - 0.00191 (ms)
2026-07-10 23:10:12,213 [INFO] Pass: CommutativeCancellation - 0.07248 (ms)
2026-07-10 23:10:12,213 [INFO] Pass: ConsolidateBlocks - 0.04292 (ms)
2026-07-10 23:10:12,213 [INFO] Pass: Split2QUnitaries - 0.00262 (ms)
2026-07-10 23:10:12,213 [INFO] Pass: UnitarySynthesis - 0.00525 (ms)
2026-07-10 23:10:12,213 [INFO] Pass: HighLevelSynthesis - 0.03409 (ms)
2026-07-10 23:10:12,213 [INFO] Pass: BasisTranslator - 0.07558 (ms)
2026-07-10 23:10:12,213 [INFO] Pass: ConsolidateBlocks - 0.05078 (ms)
2026-07-10 23:10:12,213 [INFO] Pass: UnitarySynthesis - 0.00477 (ms)
2026-07-10 23:10:12,213 [INFO] Pass: Depth - 0.02384 (ms)
2026-07-10 23:10:12,213 [INFO] Pass: FixedPoint - 0.00429 (ms)
2026-07-10 23:10:12,213 [INFO] Pass: Size - 0.00286 (ms)
2026-07-10 23:10:12,213 [INFO] Pass: FixedPoint - 0.00286 (ms)
2026-07-10 23:10:12,213 [INFO] Pass: RemoveIdentityEquivalent - 0.00453 (ms)
2026-07-10 23:10:12,213 [INFO] Pass: Optimize1qGatesDecomposition - 0.12946 (ms)
2026-07-10 23:10:12,213 [INFO] Pass: CommutativeCancellation - 0.09251 (ms)
2026-07-10 23:10:12,213 [INFO] Pass: ContractIdleWiresInControlFlow - 0.00167 (ms)
2026-07-10 23:10:12,213 [INFO] Pass: GatesInBasis - 0.02789 (ms)
2026-07-10 23:10:12,214 [INFO] Pass: Depth - 0.02313 (ms)
2026-07-10 23:10:12,214 [INFO] Pass: FixedPoint - 0.00358 (ms)
2026-07-10 23:10:12,214 [INFO] Pass: Size - 0.00191 (ms)
2026-07-10 23:10:12,214 [INFO] Pass: FixedPoint - 0.00262 (ms)
2026-07-10 23:10:12,214 [INFO] Pass: RemoveIdentityEquivalent - 0.00429 (ms)
2026-07-10 23:10:12,214 [INFO] Pass: Optimize1qGatesDecomposition - 0.11206 (ms)
2026-07-10 23:10:12,214 [INFO] Pass: CommutativeCancellation - 0.08106 (ms)
2026-07-10 23:10:12,214 [INFO] Pass: ContractIdleWiresInControlFlow - 0.00167 (ms)
2026-07-10 23:10:12,214 [INFO] Pass: GatesInBasis - 0.02670 (ms)
2026-07-10 23:10:12,214 [INFO] Pass: Depth - 0.02241 (ms)
2026-07-10 23:10:12,214 [INFO] Pass: FixedPoint - 0.00334 (ms)
2026-07-10 23:10:12,214 [INFO] Pass: Size - 0.00191 (ms)
2026-07-10 23:10:12,214 [INFO] Pass: FixedPoint - 0.00262 (ms)
2026-07-10 23:10:12,214 [INFO] Pass: ContainsInstruction - 0.00525 (ms)
2026-07-10 23:10:12,214 [INFO] Total Transpile Time - 84.33509 (ms)
2026-07-10 23:23:06,932 [INFO] [PCE] n=150 instancia 63/100 completada en 0:00:12:55 — transcurrido=0:16:35:36 restante_estimado=0:09:44:43
2026-07-10 23:23:07,039 [INFO] Pass: ContainsInstruction - 0.01121 (ms)
2026-07-10 23:23:07,039 [INFO] Pass: UnitarySynthesis - 0.00691 (ms)
2026-07-10 23:23:07,039 [INFO] Pass: HighLevelSynthesis - 0.01073 (ms)
2026-07-10 23:23:07,039 [INFO] Pass: BasisTranslator - 0.05960 (ms)
2026-07-10 23:23:07,039 [INFO] Pass: ElidePermutations - 0.00501 (ms)
2026-07-10 23:23:07,039 [INFO] Pass: RemoveDiagonalGatesBeforeMeasure - 0.00834 (ms)
2026-07-10 23:23:07,039 [INFO] Pass: RemoveIdentityEquivalent - 0.00358 (ms)
2026-07-10 23:23:07,039 [INFO] Pass: InverseCancellation - 0.00477 (ms)
2026-07-10 23:23:07,039 [INFO] Pass: ContractIdleWiresInControlFlow - 0.00215 (ms)
2026-07-10 23:23:07,039 [INFO] Pass: CommutativeCancellation - 0.07725 (ms)
2026-07-10 23:23:07,039 [INFO] Pass: ConsolidateBlocks - 0.04625 (ms)
2026-07-10 23:23:07,039 [INFO] Pass: Split2QUnitaries - 0.00262 (ms)
2026-07-10 23:23:07,039 [INFO] Pass: UnitarySynthesis - 0.00525 (ms)
2026-07-10 23:23:07,039 [INFO] Pass: HighLevelSynthesis - 0.04029 (ms)
2026-07-10 23:23:07,040 [INFO] Pass: BasisTranslator - 0.07701 (ms)
2026-07-10 23:23:07,040 [INFO] Pass: ConsolidateBlocks - 0.05436 (ms)
2026-07-10 23:23:07,040 [INFO] Pass: UnitarySynthesis - 0.00477 (ms)
2026-07-10 23:23:07,040 [INFO] Pass: Depth - 0.02551 (ms)
2026-07-10 23:23:07,040 [INFO] Pass: FixedPoint - 0.00477 (ms)
2026-07-10 23:23:07,040 [INFO] Pass: Size - 0.00334 (ms)
2026-07-10 23:23:07,040 [INFO] Pass: FixedPoint - 0.00262 (ms)
2026-07-10 23:23:07,040 [INFO] Pass: RemoveIdentityEquivalent - 0.00334 (ms)
2026-07-10 23:23:07,040 [INFO] Pass: Optimize1qGatesDecomposition - 0.03791 (ms)
2026-07-10 23:23:07,040 [INFO] Pass: CommutativeCancellation - 0.09203 (ms)
2026-07-10 23:23:07,040 [INFO] Pass: ContractIdleWiresInControlFlow - 0.00191 (ms)
2026-07-10 23:23:07,040 [INFO] Pass: GatesInBasis - 0.02813 (ms)
2026-07-10 23:23:07,040 [INFO] Pass: Depth - 0.02265 (ms)
2026-07-10 23:23:07,040 [INFO] Pass: FixedPoint - 0.00334 (ms)
2026-07-10 23:23:07,040 [INFO] Pass: Size - 0.00191 (ms)
2026-07-10 23:23:07,040 [INFO] Pass: FixedPoint - 0.00310 (ms)
2026-07-10 23:23:07,040 [INFO] Pass: ContainsInstruction - 0.00525 (ms)
2026-07-10 23:23:07,040 [INFO] Total Transpile Time - 90.84678 (ms)
2026-07-10 23:23:07,128 [INFO] Pass: ContainsInstruction - 0.01001 (ms)
2026-07-10 23:23:07,128 [INFO] Pass: UnitarySynthesis - 0.00596 (ms)
2026-07-10 23:23:07,128 [INFO] Pass: HighLevelSynthesis - 0.00882 (ms)
2026-07-10 23:23:07,128 [INFO] Pass: BasisTranslator - 0.05579 (ms)
2026-07-10 23:23:07,128 [INFO] Pass: ElidePermutations - 0.00334 (ms)
2026-07-10 23:23:07,128 [INFO] Pass: RemoveDiagonalGatesBeforeMeasure - 0.00691 (ms)
2026-07-10 23:23:07,128 [INFO] Pass: RemoveIdentityEquivalent - 0.00525 (ms)
2026-07-10 23:23:07,128 [INFO] Pass: InverseCancellation - 0.02575 (ms)
2026-07-10 23:23:07,129 [INFO] Pass: ContractIdleWiresInControlFlow - 0.00215 (ms)
2026-07-10 23:23:07,129 [INFO] Pass: CommutativeCancellation - 0.07987 (ms)
2026-07-10 23:23:07,129 [INFO] Pass: ConsolidateBlocks - 0.04363 (ms)
2026-07-10 23:23:07,129 [INFO] Pass: Split2QUnitaries - 0.00286 (ms)
2026-07-10 23:23:07,129 [INFO] Pass: UnitarySynthesis - 0.00548 (ms)
2026-07-10 23:23:07,129 [INFO] Pass: HighLevelSynthesis - 0.03433 (ms)
2026-07-10 23:23:07,129 [INFO] Pass: BasisTranslator - 0.07796 (ms)
2026-07-10 23:23:07,129 [INFO] Pass: ConsolidateBlocks - 0.05460 (ms)
2026-07-10 23:23:07,129 [INFO] Pass: UnitarySynthesis - 0.00453 (ms)
2026-07-10 23:23:07,129 [INFO] Pass: Depth - 0.02909 (ms)
2026-07-10 23:23:07,129 [INFO] Pass: FixedPoint - 0.00429 (ms)
2026-07-10 23:23:07,129 [INFO] Pass: Size - 0.00310 (ms)
2026-07-10 23:23:07,129 [INFO] Pass: FixedPoint - 0.00262 (ms)
2026-07-10 23:23:07,129 [INFO] Pass: RemoveIdentityEquivalent - 0.00477 (ms)
2026-07-10 23:23:07,129 [INFO] Pass: Optimize1qGatesDecomposition - 0.12851 (ms)
2026-07-10 23:23:07,129 [INFO] Pass: CommutativeCancellation - 0.10610 (ms)
2026-07-10 23:23:07,129 [INFO] Pass: ContractIdleWiresInControlFlow - 0.00191 (ms)
2026-07-10 23:23:07,130 [INFO] Pass: GatesInBasis - 0.02861 (ms)
2026-07-10 23:23:07,130 [INFO] Pass: Depth - 0.02527 (ms)
2026-07-10 23:23:07,130 [INFO] Pass: FixedPoint - 0.00358 (ms)
2026-07-10 23:23:07,130 [INFO] Pass: Size - 0.00262 (ms)
2026-07-10 23:23:07,130 [INFO] Pass: FixedPoint - 0.00262 (ms)
2026-07-10 23:23:07,130 [INFO] Pass: ContainsInstruction - 0.00477 (ms)
2026-07-10 23:23:07,130 [INFO] Total Transpile Time - 89.12396 (ms)
2026-07-10 23:23:07,217 [INFO] Pass: ContainsInstruction - 0.00930 (ms)
2026-07-10 23:23:07,217 [INFO] Pass: UnitarySynthesis - 0.00620 (ms)
2026-07-10 23:23:07,217 [INFO] Pass: HighLevelSynthesis - 0.00906 (ms)
2026-07-10 23:23:07,217 [INFO] Pass: BasisTranslator - 0.05460 (ms)
2026-07-10 23:23:07,217 [INFO] Pass: ElidePermutations - 0.00334 (ms)
2026-07-10 23:23:07,217 [INFO] Pass: RemoveDiagonalGatesBeforeMeasure - 0.00691 (ms)
2026-07-10 23:23:07,217 [INFO] Pass: RemoveIdentityEquivalent - 0.00620 (ms)
2026-07-10 23:23:07,217 [INFO] Pass: InverseCancellation - 0.02337 (ms)
2026-07-10 23:23:07,217 [INFO] Pass: ContractIdleWiresInControlFlow - 0.00167 (ms)
2026-07-10 23:23:07,217 [INFO] Pass: CommutativeCancellation - 0.07915 (ms)
2026-07-10 23:23:07,217 [INFO] Pass: ConsolidateBlocks - 0.05078 (ms)
2026-07-10 23:23:07,217 [INFO] Pass: Split2QUnitaries - 0.00262 (ms)
2026-07-10 23:23:07,217 [INFO] Pass: UnitarySynthesis - 0.00548 (ms)
2026-07-10 23:23:07,218 [INFO] Pass: HighLevelSynthesis - 0.03457 (ms)
2026-07-10 23:23:07,218 [INFO] Pass: BasisTranslator - 0.07868 (ms)
2026-07-10 23:23:07,218 [INFO] Pass: ConsolidateBlocks - 0.05388 (ms)
2026-07-10 23:23:07,218 [INFO] Pass: UnitarySynthesis - 0.00429 (ms)
2026-07-10 23:23:07,218 [INFO] Pass: Depth - 0.02718 (ms)
2026-07-10 23:23:07,218 [INFO] Pass: FixedPoint - 0.00405 (ms)
2026-07-10 23:23:07,218 [INFO] Pass: Size - 0.00286 (ms)
2026-07-10 23:23:07,218 [INFO] Pass: FixedPoint - 0.00262 (ms)
2026-07-10 23:23:07,218 [INFO] Pass: RemoveIdentityEquivalent - 0.00525 (ms)
2026-07-10 23:23:07,218 [INFO] Pass: Optimize1qGatesDecomposition - 0.14329 (ms)
2026-07-10 23:23:07,218 [INFO] Pass: CommutativeCancellation - 0.09203 (ms)
2026-07-10 23:23:07,218 [INFO] Pass: ContractIdleWiresInControlFlow - 0.00215 (ms)
2026-07-10 23:23:07,218 [INFO] Pass: GatesInBasis - 0.02789 (ms)
2026-07-10 23:23:07,218 [INFO] Pass: Depth - 0.02456 (ms)
2026-07-10 23:23:07,218 [INFO] Pass: FixedPoint - 0.00358 (ms)
2026-07-10 23:23:07,218 [INFO] Pass: Size - 0.00215 (ms)
2026-07-10 23:23:07,218 [INFO] Pass: FixedPoint - 0.00286 (ms)
2026-07-10 23:23:07,218 [INFO] Pass: RemoveIdentityEquivalent - 0.00477 (ms)
2026-07-10 23:23:07,219 [INFO] Pass: Optimize1qGatesDecomposition - 0.12088 (ms)
2026-07-10 23:23:07,219 [INFO] Pass: CommutativeCancellation - 0.08464 (ms)
2026-07-10 23:23:07,219 [INFO] Pass: ContractIdleWiresInControlFlow - 0.00167 (ms)
2026-07-10 23:23:07,219 [INFO] Pass: GatesInBasis - 0.02718 (ms)
2026-07-10 23:23:07,219 [INFO] Pass: Depth - 0.02217 (ms)
2026-07-10 23:23:07,219 [INFO] Pass: FixedPoint - 0.00334 (ms)
2026-07-10 23:23:07,219 [INFO] Pass: Size - 0.00191 (ms)
2026-07-10 23:23:07,219 [INFO] Pass: FixedPoint - 0.00262 (ms)
2026-07-10 23:23:07,219 [INFO] Pass: ContainsInstruction - 0.00525 (ms)
2026-07-10 23:23:07,219 [INFO] Total Transpile Time - 88.85312 (ms)
2026-07-10 23:36:43,613 [INFO] [PCE] n=150 instancia 64/100 completada en 0:00:13:37 — transcurrido=0:16:49:12 restante_estimado=0:09:27:41
2026-07-10 23:36:43,722 [INFO] Pass: ContainsInstruction - 0.01097 (ms)
2026-07-10 23:36:43,722 [INFO] Pass: UnitarySynthesis - 0.00691 (ms)
2026-07-10 23:36:43,722 [INFO] Pass: HighLevelSynthesis - 0.01049 (ms)
2026-07-10 23:36:43,722 [INFO] Pass: BasisTranslator - 0.05770 (ms)
2026-07-10 23:36:43,722 [INFO] Pass: ElidePermutations - 0.00453 (ms)
2026-07-10 23:36:43,722 [INFO] Pass: RemoveDiagonalGatesBeforeMeasure - 0.00787 (ms)
2026-07-10 23:36:43,722 [INFO] Pass: RemoveIdentityEquivalent - 0.00381 (ms)
2026-07-10 23:36:43,722 [INFO] Pass: InverseCancellation - 0.00501 (ms)
2026-07-10 23:36:43,722 [INFO] Pass: ContractIdleWiresInControlFlow - 0.00215 (ms)
2026-07-10 23:36:43,722 [INFO] Pass: CommutativeCancellation - 0.06843 (ms)
2026-07-10 23:36:43,722 [INFO] Pass: ConsolidateBlocks - 0.04745 (ms)
2026-07-10 23:36:43,722 [INFO] Pass: Split2QUnitaries - 0.00262 (ms)
2026-07-10 23:36:43,722 [INFO] Pass: UnitarySynthesis - 0.00453 (ms)
2026-07-10 23:36:43,722 [INFO] Pass: HighLevelSynthesis - 0.03314 (ms)
2026-07-10 23:36:43,722 [INFO] Pass: BasisTranslator - 0.07224 (ms)
2026-07-10 23:36:43,722 [INFO] Pass: ConsolidateBlocks - 0.05126 (ms)
2026-07-10 23:36:43,722 [INFO] Pass: UnitarySynthesis - 0.00453 (ms)
2026-07-10 23:36:43,722 [INFO] Pass: Depth - 0.03195 (ms)
2026-07-10 23:36:43,722 [INFO] Pass: FixedPoint - 0.00453 (ms)
2026-07-10 23:36:43,722 [INFO] Pass: Size - 0.00334 (ms)
2026-07-10 23:36:43,722 [INFO] Pass: FixedPoint - 0.00262 (ms)
2026-07-10 23:36:43,723 [INFO] Pass: RemoveIdentityEquivalent - 0.00334 (ms)
2026-07-10 23:36:43,723 [INFO] Pass: Optimize1qGatesDecomposition - 0.03505 (ms)
2026-07-10 23:36:43,723 [INFO] Pass: CommutativeCancellation - 0.08655 (ms)
2026-07-10 23:36:43,723 [INFO] Pass: ContractIdleWiresInControlFlow - 0.00191 (ms)
2026-07-10 23:36:43,723 [INFO] Pass: GatesInBasis - 0.02742 (ms)
2026-07-10 23:36:43,723 [INFO] Pass: Depth - 0.02313 (ms)
2026-07-10 23:36:43,723 [INFO] Pass: FixedPoint - 0.00334 (ms)
2026-07-10 23:36:43,723 [INFO] Pass: Size - 0.00215 (ms)
2026-07-10 23:36:43,723 [INFO] Pass: FixedPoint - 0.00262 (ms)
2026-07-10 23:36:43,723 [INFO] Pass: ContainsInstruction - 0.00501 (ms)
2026-07-10 23:36:43,723 [INFO] Total Transpile Time - 91.87150 (ms)
2026-07-10 23:36:43,806 [INFO] Pass: ContainsInstruction - 0.01001 (ms)
2026-07-10 23:36:43,806 [INFO] Pass: UnitarySynthesis - 0.00644 (ms)
2026-07-10 23:36:43,806 [INFO] Pass: HighLevelSynthesis - 0.00930 (ms)
2026-07-10 23:36:43,806 [INFO] Pass: BasisTranslator - 0.05341 (ms)
2026-07-10 23:36:43,806 [INFO] Pass: ElidePermutations - 0.00358 (ms)
2026-07-10 23:36:43,806 [INFO] Pass: RemoveDiagonalGatesBeforeMeasure - 0.00668 (ms)
2026-07-10 23:36:43,806 [INFO] Pass: RemoveIdentityEquivalent - 0.00477 (ms)
2026-07-10 23:36:43,806 [INFO] Pass: InverseCancellation - 0.02384 (ms)
2026-07-10 23:36:43,806 [INFO] Pass: ContractIdleWiresInControlFlow - 0.00215 (ms)
2026-07-10 23:36:43,806 [INFO] Pass: CommutativeCancellation - 0.07534 (ms)
2026-07-10 23:36:43,806 [INFO] Pass: ConsolidateBlocks - 0.04458 (ms)
2026-07-10 23:36:43,806 [INFO] Pass: Split2QUnitaries - 0.00262 (ms)
2026-07-10 23:36:43,807 [INFO] Pass: UnitarySynthesis - 0.00525 (ms)
2026-07-10 23:36:43,807 [INFO] Pass: HighLevelSynthesis - 0.03386 (ms)
2026-07-10 23:36:43,807 [INFO] Pass: BasisTranslator - 0.07319 (ms)
2026-07-10 23:36:43,807 [INFO] Pass: ConsolidateBlocks - 0.05198 (ms)
2026-07-10 23:36:43,807 [INFO] Pass: UnitarySynthesis - 0.00477 (ms)
2026-07-10 23:36:43,807 [INFO] Pass: Depth - 0.02480 (ms)
2026-07-10 23:36:43,807 [INFO] Pass: FixedPoint - 0.00405 (ms)
2026-07-10 23:36:43,807 [INFO] Pass: Size - 0.00286 (ms)
2026-07-10 23:36:43,807 [INFO] Pass: FixedPoint - 0.00286 (ms)
2026-07-10 23:36:43,807 [INFO] Pass: RemoveIdentityEquivalent - 0.00453 (ms)
2026-07-10 23:36:43,807 [INFO] Pass: Optimize1qGatesDecomposition - 0.12422 (ms)
2026-07-10 23:36:43,807 [INFO] Pass: CommutativeCancellation - 0.09608 (ms)
2026-07-10 23:36:43,807 [INFO] Pass: ContractIdleWiresInControlFlow - 0.00191 (ms)
2026-07-10 23:36:43,807 [INFO] Pass: GatesInBasis - 0.02766 (ms)
2026-07-10 23:36:43,807 [INFO] Pass: Depth - 0.02575 (ms)
2026-07-10 23:36:43,807 [INFO] Pass: FixedPoint - 0.00358 (ms)
2026-07-10 23:36:43,807 [INFO] Pass: Size - 0.00215 (ms)
2026-07-10 23:36:43,807 [INFO] Pass: FixedPoint - 0.00286 (ms)
2026-07-10 23:36:43,807 [INFO] Pass: ContainsInstruction - 0.00501 (ms)
2026-07-10 23:36:43,808 [INFO] Total Transpile Time - 84.14578 (ms)
2026-07-10 23:36:43,890 [INFO] Pass: ContainsInstruction - 0.00978 (ms)
2026-07-10 23:36:43,891 [INFO] Pass: UnitarySynthesis - 0.00620 (ms)
2026-07-10 23:36:43,891 [INFO] Pass: HighLevelSynthesis - 0.01001 (ms)
2026-07-10 23:36:43,891 [INFO] Pass: BasisTranslator - 0.05078 (ms)
2026-07-10 23:36:43,891 [INFO] Pass: ElidePermutations - 0.00310 (ms)
2026-07-10 23:36:43,891 [INFO] Pass: RemoveDiagonalGatesBeforeMeasure - 0.00644 (ms)
2026-07-10 23:36:43,891 [INFO] Pass: RemoveIdentityEquivalent - 0.00548 (ms)
2026-07-10 23:36:43,891 [INFO] Pass: InverseCancellation - 0.02241 (ms)
2026-07-10 23:36:43,891 [INFO] Pass: ContractIdleWiresInControlFlow - 0.00191 (ms)
2026-07-10 23:36:43,891 [INFO] Pass: CommutativeCancellation - 0.07486 (ms)
2026-07-10 23:36:43,891 [INFO] Pass: ConsolidateBlocks - 0.04244 (ms)
2026-07-10 23:36:43,891 [INFO] Pass: Split2QUnitaries - 0.00215 (ms)
2026-07-10 23:36:43,891 [INFO] Pass: UnitarySynthesis - 0.00501 (ms)
2026-07-10 23:36:43,891 [INFO] Pass: HighLevelSynthesis - 0.03481 (ms)
2026-07-10 23:36:43,891 [INFO] Pass: BasisTranslator - 0.07677 (ms)
2026-07-10 23:36:43,891 [INFO] Pass: ConsolidateBlocks - 0.05174 (ms)
2026-07-10 23:36:43,891 [INFO] Pass: UnitarySynthesis - 0.00501 (ms)
2026-07-10 23:36:43,891 [INFO] Pass: Depth - 0.02408 (ms)
2026-07-10 23:36:43,891 [INFO] Pass: FixedPoint - 0.00477 (ms)
2026-07-10 23:36:43,891 [INFO] Pass: Size - 0.00310 (ms)
2026-07-10 23:36:43,891 [INFO] Pass: FixedPoint - 0.00262 (ms)
2026-07-10 23:36:43,891 [INFO] Pass: RemoveIdentityEquivalent - 0.00477 (ms)
2026-07-10 23:36:43,892 [INFO] Pass: Optimize1qGatesDecomposition - 0.13208 (ms)
2026-07-10 23:36:43,892 [INFO] Pass: CommutativeCancellation - 0.08941 (ms)
2026-07-10 23:36:43,892 [INFO] Pass: ContractIdleWiresInControlFlow - 0.00191 (ms)
2026-07-10 23:36:43,892 [INFO] Pass: GatesInBasis - 0.02861 (ms)
2026-07-10 23:36:43,892 [INFO] Pass: Depth - 0.02289 (ms)
2026-07-10 23:36:43,892 [INFO] Pass: FixedPoint - 0.00358 (ms)
2026-07-10 23:36:43,892 [INFO] Pass: Size - 0.00191 (ms)
2026-07-10 23:36:43,892 [INFO] Pass: FixedPoint - 0.00286 (ms)
2026-07-10 23:36:43,892 [INFO] Pass: RemoveIdentityEquivalent - 0.00477 (ms)
2026-07-10 23:36:43,892 [INFO] Pass: Optimize1qGatesDecomposition - 0.11396 (ms)
2026-07-10 23:36:43,892 [INFO] Pass: CommutativeCancellation - 0.08464 (ms)
2026-07-10 23:36:43,892 [INFO] Pass: ContractIdleWiresInControlFlow - 0.00167 (ms)
2026-07-10 23:36:43,892 [INFO] Pass: GatesInBasis - 0.02718 (ms)
2026-07-10 23:36:43,892 [INFO] Pass: Depth - 0.02098 (ms)
2026-07-10 23:36:43,892 [INFO] Pass: FixedPoint - 0.00334 (ms)
2026-07-10 23:36:43,892 [INFO] Pass: Size - 0.00167 (ms)
2026-07-10 23:36:43,892 [INFO] Pass: FixedPoint - 0.00262 (ms)
2026-07-10 23:36:43,892 [INFO] Pass: ContainsInstruction - 0.00572 (ms)
2026-07-10 23:36:43,893 [INFO] Total Transpile Time - 84.65958 (ms)
2026-07-10 23:49:55,813 [INFO] [PCE] n=150 instancia 65/100 completada en 0:00:13:12 — transcurrido=0:17:02:24 restante_estimado=0:09:10:32
2026-07-10 23:49:55,916 [INFO] Pass: ContainsInstruction - 0.01073 (ms)
2026-07-10 23:49:55,916 [INFO] Pass: UnitarySynthesis - 0.00668 (ms)
2026-07-10 23:49:55,916 [INFO] Pass: HighLevelSynthesis - 0.01025 (ms)
2026-07-10 23:49:55,916 [INFO] Pass: BasisTranslator - 0.06008 (ms)
2026-07-10 23:49:55,916 [INFO] Pass: ElidePermutations - 0.00525 (ms)
2026-07-10 23:49:55,916 [INFO] Pass: RemoveDiagonalGatesBeforeMeasure - 0.00834 (ms)
2026-07-10 23:49:55,916 [INFO] Pass: RemoveIdentityEquivalent - 0.00381 (ms)
2026-07-10 23:49:55,916 [INFO] Pass: InverseCancellation - 0.00501 (ms)
2026-07-10 23:49:55,916 [INFO] Pass: ContractIdleWiresInControlFlow - 0.00215 (ms)
2026-07-10 23:49:55,916 [INFO] Pass: CommutativeCancellation - 0.07844 (ms)
2026-07-10 23:49:55,917 [INFO] Pass: ConsolidateBlocks - 0.04959 (ms)
2026-07-10 23:49:55,917 [INFO] Pass: Split2QUnitaries - 0.00286 (ms)
2026-07-10 23:49:55,917 [INFO] Pass: UnitarySynthesis - 0.00548 (ms)
2026-07-10 23:49:55,917 [INFO] Pass: HighLevelSynthesis - 0.03409 (ms)
2026-07-10 23:49:55,917 [INFO] Pass: BasisTranslator - 0.07486 (ms)
2026-07-10 23:49:55,917 [INFO] Pass: ConsolidateBlocks - 0.05317 (ms)
2026-07-10 23:49:55,917 [INFO] Pass: UnitarySynthesis - 0.00453 (ms)
2026-07-10 23:49:55,917 [INFO] Pass: Depth - 0.02623 (ms)
2026-07-10 23:49:55,917 [INFO] Pass: FixedPoint - 0.00453 (ms)
2026-07-10 23:49:55,917 [INFO] Pass: Size - 0.00334 (ms)
2026-07-10 23:49:55,917 [INFO] Pass: FixedPoint - 0.00286 (ms)
2026-07-10 23:49:55,917 [INFO] Pass: RemoveIdentityEquivalent - 0.00405 (ms)
2026-07-10 23:49:55,917 [INFO] Pass: Optimize1qGatesDecomposition - 0.03529 (ms)
2026-07-10 23:49:55,917 [INFO] Pass: CommutativeCancellation - 0.08774 (ms)
2026-07-10 23:49:55,917 [INFO] Pass: ContractIdleWiresInControlFlow - 0.00191 (ms)
2026-07-10 23:49:55,917 [INFO] Pass: GatesInBasis - 0.02861 (ms)
2026-07-10 23:49:55,917 [INFO] Pass: Depth - 0.02313 (ms)
2026-07-10 23:49:55,917 [INFO] Pass: FixedPoint - 0.00310 (ms)
2026-07-10 23:49:55,917 [INFO] Pass: Size - 0.00215 (ms)
2026-07-10 23:49:55,917 [INFO] Pass: FixedPoint - 0.00286 (ms)
2026-07-10 23:49:55,917 [INFO] Pass: ContainsInstruction - 0.00501 (ms)
2026-07-10 23:49:55,918 [INFO] Total Transpile Time - 87.24523 (ms)
2026-07-10 23:49:56,002 [INFO] Pass: ContainsInstruction - 0.00930 (ms)
2026-07-10 23:49:56,002 [INFO] Pass: UnitarySynthesis - 0.00620 (ms)
2026-07-10 23:49:56,002 [INFO] Pass: HighLevelSynthesis - 0.00930 (ms)
2026-07-10 23:49:56,003 [INFO] Pass: BasisTranslator - 0.05341 (ms)
2026-07-10 23:49:56,003 [INFO] Pass: ElidePermutations - 0.00358 (ms)
2026-07-10 23:49:56,003 [INFO] Pass: RemoveDiagonalGatesBeforeMeasure - 0.00763 (ms)
2026-07-10 23:49:56,003 [INFO] Pass: RemoveIdentityEquivalent - 0.00501 (ms)
2026-07-10 23:49:56,003 [INFO] Pass: InverseCancellation - 0.02456 (ms)
2026-07-10 23:49:56,003 [INFO] Pass: ContractIdleWiresInControlFlow - 0.00167 (ms)
2026-07-10 23:49:56,003 [INFO] Pass: CommutativeCancellation - 0.08035 (ms)
2026-07-10 23:49:56,003 [INFO] Pass: ConsolidateBlocks - 0.04530 (ms)
2026-07-10 23:49:56,003 [INFO] Pass: Split2QUnitaries - 0.00286 (ms)
2026-07-10 23:49:56,003 [INFO] Pass: UnitarySynthesis - 0.00477 (ms)
2026-07-10 23:49:56,003 [INFO] Pass: HighLevelSynthesis - 0.03362 (ms)
2026-07-10 23:49:56,003 [INFO] Pass: BasisTranslator - 0.07248 (ms)
2026-07-10 23:49:56,003 [INFO] Pass: ConsolidateBlocks - 0.05221 (ms)
2026-07-10 23:49:56,003 [INFO] Pass: UnitarySynthesis - 0.00429 (ms)
2026-07-10 23:49:56,003 [INFO] Pass: Depth - 0.02503 (ms)
2026-07-10 23:49:56,003 [INFO] Pass: FixedPoint - 0.00429 (ms)
2026-07-10 23:49:56,003 [INFO] Pass: Size - 0.00310 (ms)
2026-07-10 23:49:56,003 [INFO] Pass: FixedPoint - 0.00286 (ms)
2026-07-10 23:49:56,003 [INFO] Pass: RemoveIdentityEquivalent - 0.00429 (ms)
2026-07-10 23:49:56,003 [INFO] Pass: Optimize1qGatesDecomposition - 0.13280 (ms)
2026-07-10 23:49:56,004 [INFO] Pass: CommutativeCancellation - 0.10157 (ms)
2026-07-10 23:49:56,004 [INFO] Pass: ContractIdleWiresInControlFlow - 0.00191 (ms)
2026-07-10 23:49:56,004 [INFO] Pass: GatesInBasis - 0.02837 (ms)
2026-07-10 23:49:56,004 [INFO] Pass: Depth - 0.02384 (ms)
2026-07-10 23:49:56,004 [INFO] Pass: FixedPoint - 0.00358 (ms)
2026-07-10 23:49:56,004 [INFO] Pass: Size - 0.00215 (ms)
2026-07-10 23:49:56,004 [INFO] Pass: FixedPoint - 0.00286 (ms)
2026-07-10 23:49:56,004 [INFO] Pass: ContainsInstruction - 0.00525 (ms)
2026-07-10 23:49:56,004 [INFO] Total Transpile Time - 86.02667 (ms)
2026-07-10 23:49:56,090 [INFO] Pass: ContainsInstruction - 0.00954 (ms)
2026-07-10 23:49:56,090 [INFO] Pass: UnitarySynthesis - 0.00596 (ms)
2026-07-10 23:49:56,090 [INFO] Pass: HighLevelSynthesis - 0.00834 (ms)
2026-07-10 23:49:56,090 [INFO] Pass: BasisTranslator - 0.05174 (ms)
2026-07-10 23:49:56,090 [INFO] Pass: ElidePermutations - 0.00334 (ms)
2026-07-10 23:49:56,090 [INFO] Pass: RemoveDiagonalGatesBeforeMeasure - 0.00644 (ms)
2026-07-10 23:49:56,090 [INFO] Pass: RemoveIdentityEquivalent - 0.00501 (ms)
2026-07-10 23:49:56,090 [INFO] Pass: InverseCancellation - 0.02337 (ms)
2026-07-10 23:49:56,090 [INFO] Pass: ContractIdleWiresInControlFlow - 0.00167 (ms)
2026-07-10 23:49:56,090 [INFO] Pass: CommutativeCancellation - 0.07296 (ms)
2026-07-10 23:49:56,090 [INFO] Pass: ConsolidateBlocks - 0.04363 (ms)
2026-07-10 23:49:56,090 [INFO] Pass: Split2QUnitaries - 0.00286 (ms)
2026-07-10 23:49:56,090 [INFO] Pass: UnitarySynthesis - 0.00525 (ms)
2026-07-10 23:49:56,090 [INFO] Pass: HighLevelSynthesis - 0.03481 (ms)
2026-07-10 23:49:56,090 [INFO] Pass: BasisTranslator - 0.08059 (ms)
2026-07-10 23:49:56,091 [INFO] Pass: ConsolidateBlocks - 0.05221 (ms)
2026-07-10 23:49:56,091 [INFO] Pass: UnitarySynthesis - 0.00477 (ms)
2026-07-10 23:49:56,091 [INFO] Pass: Depth - 0.02432 (ms)
2026-07-10 23:49:56,091 [INFO] Pass: FixedPoint - 0.00453 (ms)
2026-07-10 23:49:56,091 [INFO] Pass: Size - 0.00286 (ms)
2026-07-10 23:49:56,091 [INFO] Pass: FixedPoint - 0.00286 (ms)
2026-07-10 23:49:56,091 [INFO] Pass: RemoveIdentityEquivalent - 0.00477 (ms)
2026-07-10 23:49:56,091 [INFO] Pass: Optimize1qGatesDecomposition - 0.13447 (ms)
2026-07-10 23:49:56,091 [INFO] Pass: CommutativeCancellation - 0.09155 (ms)
2026-07-10 23:49:56,091 [INFO] Pass: ContractIdleWiresInControlFlow - 0.00191 (ms)
2026-07-10 23:49:56,091 [INFO] Pass: GatesInBasis - 0.02742 (ms)
2026-07-10 23:49:56,091 [INFO] Pass: Depth - 0.02480 (ms)
2026-07-10 23:49:56,091 [INFO] Pass: FixedPoint - 0.00358 (ms)
2026-07-10 23:49:56,091 [INFO] Pass: Size - 0.00215 (ms)
2026-07-10 23:49:56,091 [INFO] Pass: FixedPoint - 0.00262 (ms)
2026-07-10 23:49:56,091 [INFO] Pass: RemoveIdentityEquivalent - 0.00501 (ms)
2026-07-10 23:49:56,091 [INFO] Pass: Optimize1qGatesDecomposition - 0.11516 (ms)
2026-07-10 23:49:56,091 [INFO] Pass: CommutativeCancellation - 0.08941 (ms)
2026-07-10 23:49:56,091 [INFO] Pass: ContractIdleWiresInControlFlow - 0.00215 (ms)
2026-07-10 23:49:56,092 [INFO] Pass: GatesInBasis - 0.02670 (ms)
2026-07-10 23:49:56,092 [INFO] Pass: Depth - 0.02265 (ms)
2026-07-10 23:49:56,092 [INFO] Pass: FixedPoint - 0.00334 (ms)
2026-07-10 23:49:56,092 [INFO] Pass: Size - 0.00215 (ms)
2026-07-10 23:49:56,092 [INFO] Pass: FixedPoint - 0.00286 (ms)
2026-07-10 23:49:56,092 [INFO] Pass: ContainsInstruction - 0.00596 (ms)
2026-07-10 23:49:56,092 [INFO] Total Transpile Time - 87.48865 (ms)
2026-07-11 00:03:43,110 [INFO] [PCE] n=150 instancia 66/100 completada en 0:00:13:47 — transcurrido=0:17:16:12 restante_estimado=0:08:53:48
2026-07-11 00:03:43,216 [INFO] Pass: ContainsInstruction - 0.01073 (ms)
2026-07-11 00:03:43,217 [INFO] Pass: UnitarySynthesis - 0.00691 (ms)
2026-07-11 00:03:43,217 [INFO] Pass: HighLevelSynthesis - 0.01025 (ms)
2026-07-11 00:03:43,217 [INFO] Pass: BasisTranslator - 0.05960 (ms)
2026-07-11 00:03:43,217 [INFO] Pass: ElidePermutations - 0.00501 (ms)
2026-07-11 00:03:43,217 [INFO] Pass: RemoveDiagonalGatesBeforeMeasure - 0.00811 (ms)
2026-07-11 00:03:43,217 [INFO] Pass: RemoveIdentityEquivalent - 0.00381 (ms)
2026-07-11 00:03:43,217 [INFO] Pass: InverseCancellation - 0.00501 (ms)
2026-07-11 00:03:43,217 [INFO] Pass: ContractIdleWiresInControlFlow - 0.00215 (ms)
2026-07-11 00:03:43,217 [INFO] Pass: CommutativeCancellation - 0.07653 (ms)
2026-07-11 00:03:43,217 [INFO] Pass: ConsolidateBlocks - 0.04530 (ms)
2026-07-11 00:03:43,217 [INFO] Pass: Split2QUnitaries - 0.00334 (ms)
2026-07-11 00:03:43,217 [INFO] Pass: UnitarySynthesis - 0.00501 (ms)
2026-07-11 00:03:43,217 [INFO] Pass: HighLevelSynthesis - 0.03386 (ms)
2026-07-11 00:03:43,217 [INFO] Pass: BasisTranslator - 0.07963 (ms)
2026-07-11 00:03:43,217 [INFO] Pass: ConsolidateBlocks - 0.05341 (ms)
2026-07-11 00:03:43,217 [INFO] Pass: UnitarySynthesis - 0.00453 (ms)
2026-07-11 00:03:43,217 [INFO] Pass: Depth - 0.02551 (ms)
2026-07-11 00:03:43,217 [INFO] Pass: FixedPoint - 0.00477 (ms)
2026-07-11 00:03:43,217 [INFO] Pass: Size - 0.00334 (ms)
2026-07-11 00:03:43,217 [INFO] Pass: FixedPoint - 0.00286 (ms)
2026-07-11 00:03:43,217 [INFO] Pass: RemoveIdentityEquivalent - 0.00358 (ms)
2026-07-11 00:03:43,218 [INFO] Pass: Optimize1qGatesDecomposition - 0.03839 (ms)
2026-07-11 00:03:43,218 [INFO] Pass: CommutativeCancellation - 0.09108 (ms)
2026-07-11 00:03:43,218 [INFO] Pass: ContractIdleWiresInControlFlow - 0.00215 (ms)
2026-07-11 00:03:43,218 [INFO] Pass: GatesInBasis - 0.02909 (ms)
2026-07-11 00:03:43,218 [INFO] Pass: Depth - 0.02360 (ms)
2026-07-11 00:03:43,218 [INFO] Pass: FixedPoint - 0.00358 (ms)
2026-07-11 00:03:43,218 [INFO] Pass: Size - 0.00215 (ms)
2026-07-11 00:03:43,218 [INFO] Pass: FixedPoint - 0.00262 (ms)
2026-07-11 00:03:43,218 [INFO] Pass: ContainsInstruction - 0.00501 (ms)
2026-07-11 00:03:43,218 [INFO] Total Transpile Time - 89.68687 (ms)
2026-07-11 00:03:43,304 [INFO] Pass: ContainsInstruction - 0.00954 (ms)
2026-07-11 00:03:43,304 [INFO] Pass: UnitarySynthesis - 0.00644 (ms)
2026-07-11 00:03:43,304 [INFO] Pass: HighLevelSynthesis - 0.00906 (ms)
2026-07-11 00:03:43,305 [INFO] Pass: BasisTranslator - 0.05865 (ms)
2026-07-11 00:03:43,305 [INFO] Pass: ElidePermutations - 0.00381 (ms)
2026-07-11 00:03:43,305 [INFO] Pass: RemoveDiagonalGatesBeforeMeasure - 0.00691 (ms)
2026-07-11 00:03:43,305 [INFO] Pass: RemoveIdentityEquivalent - 0.00525 (ms)
2026-07-11 00:03:43,305 [INFO] Pass: InverseCancellation - 0.02456 (ms)
2026-07-11 00:03:43,305 [INFO] Pass: ContractIdleWiresInControlFlow - 0.00167 (ms)
2026-07-11 00:03:43,305 [INFO] Pass: CommutativeCancellation - 0.07868 (ms)
2026-07-11 00:03:43,305 [INFO] Pass: ConsolidateBlocks - 0.04387 (ms)
2026-07-11 00:03:43,305 [INFO] Pass: Split2QUnitaries - 0.00238 (ms)
2026-07-11 00:03:43,305 [INFO] Pass: UnitarySynthesis - 0.00477 (ms)
2026-07-11 00:03:43,305 [INFO] Pass: HighLevelSynthesis - 0.03338 (ms)
2026-07-11 00:03:43,305 [INFO] Pass: BasisTranslator - 0.07820 (ms)
2026-07-11 00:03:43,305 [INFO] Pass: ConsolidateBlocks - 0.05174 (ms)
2026-07-11 00:03:43,305 [INFO] Pass: UnitarySynthesis - 0.00429 (ms)
2026-07-11 00:03:43,305 [INFO] Pass: Depth - 0.02813 (ms)
2026-07-11 00:03:43,305 [INFO] Pass: FixedPoint - 0.00381 (ms)
2026-07-11 00:03:43,305 [INFO] Pass: Size - 0.00286 (ms)
2026-07-11 00:03:43,305 [INFO] Pass: FixedPoint - 0.00286 (ms)
2026-07-11 00:03:43,305 [INFO] Pass: RemoveIdentityEquivalent - 0.00429 (ms)
2026-07-11 00:03:43,306 [INFO] Pass: Optimize1qGatesDecomposition - 0.14257 (ms)
2026-07-11 00:03:43,306 [INFO] Pass: CommutativeCancellation - 0.09775 (ms)
2026-07-11 00:03:43,306 [INFO] Pass: ContractIdleWiresInControlFlow - 0.00191 (ms)
2026-07-11 00:03:43,306 [INFO] Pass: GatesInBasis - 0.02861 (ms)
2026-07-11 00:03:43,306 [INFO] Pass: Depth - 0.02575 (ms)
2026-07-11 00:03:43,306 [INFO] Pass: FixedPoint - 0.00381 (ms)
2026-07-11 00:03:43,306 [INFO] Pass: Size - 0.00238 (ms)
2026-07-11 00:03:43,306 [INFO] Pass: FixedPoint - 0.00286 (ms)
2026-07-11 00:03:43,306 [INFO] Pass: ContainsInstruction - 0.00548 (ms)
2026-07-11 00:03:43,306 [INFO] Total Transpile Time - 87.59689 (ms)
2026-07-11 00:03:43,391 [INFO] Pass: ContainsInstruction - 0.00930 (ms)
2026-07-11 00:03:43,392 [INFO] Pass: UnitarySynthesis - 0.00620 (ms)
2026-07-11 00:03:43,392 [INFO] Pass: HighLevelSynthesis - 0.00930 (ms)
2026-07-11 00:03:43,392 [INFO] Pass: BasisTranslator - 0.05341 (ms)
2026-07-11 00:03:43,392 [INFO] Pass: ElidePermutations - 0.00381 (ms)
2026-07-11 00:03:43,392 [INFO] Pass: RemoveDiagonalGatesBeforeMeasure - 0.00596 (ms)
2026-07-11 00:03:43,392 [INFO] Pass: RemoveIdentityEquivalent - 0.00572 (ms)
2026-07-11 00:03:43,392 [INFO] Pass: InverseCancellation - 0.02360 (ms)
2026-07-11 00:03:43,392 [INFO] Pass: ContractIdleWiresInControlFlow - 0.00167 (ms)
2026-07-11 00:03:43,392 [INFO] Pass: CommutativeCancellation - 0.07153 (ms)
2026-07-11 00:03:43,392 [INFO] Pass: ConsolidateBlocks - 0.04220 (ms)
2026-07-11 00:03:43,392 [INFO] Pass: Split2QUnitaries - 0.00262 (ms)
2026-07-11 00:03:43,392 [INFO] Pass: UnitarySynthesis - 0.00525 (ms)
2026-07-11 00:03:43,392 [INFO] Pass: HighLevelSynthesis - 0.03457 (ms)
2026-07-11 00:03:43,392 [INFO] Pass: BasisTranslator - 0.08178 (ms)
2026-07-11 00:03:43,392 [INFO] Pass: ConsolidateBlocks - 0.05078 (ms)
2026-07-11 00:03:43,392 [INFO] Pass: UnitarySynthesis - 0.00477 (ms)
2026-07-11 00:03:43,392 [INFO] Pass: Depth - 0.02742 (ms)
2026-07-11 00:03:43,392 [INFO] Pass: FixedPoint - 0.00429 (ms)
2026-07-11 00:03:43,392 [INFO] Pass: Size - 0.00286 (ms)
2026-07-11 00:03:43,392 [INFO] Pass: FixedPoint - 0.00262 (ms)
2026-07-11 00:03:43,392 [INFO] Pass: RemoveIdentityEquivalent - 0.00525 (ms)
2026-07-11 00:03:43,393 [INFO] Pass: Optimize1qGatesDecomposition - 0.14377 (ms)
2026-07-11 00:03:43,393 [INFO] Pass: CommutativeCancellation - 0.08726 (ms)
2026-07-11 00:03:43,393 [INFO] Pass: ContractIdleWiresInControlFlow - 0.00191 (ms)
2026-07-11 00:03:43,393 [INFO] Pass: GatesInBasis - 0.02789 (ms)
2026-07-11 00:03:43,393 [INFO] Pass: Depth - 0.02313 (ms)
2026-07-11 00:03:43,393 [INFO] Pass: FixedPoint - 0.00381 (ms)
2026-07-11 00:03:43,393 [INFO] Pass: Size - 0.00238 (ms)
2026-07-11 00:03:43,393 [INFO] Pass: FixedPoint - 0.00286 (ms)
2026-07-11 00:03:43,393 [INFO] Pass: RemoveIdentityEquivalent - 0.00477 (ms)
2026-07-11 00:03:43,393 [INFO] Pass: Optimize1qGatesDecomposition - 0.12040 (ms)
2026-07-11 00:03:43,393 [INFO] Pass: CommutativeCancellation - 0.08225 (ms)
2026-07-11 00:03:43,393 [INFO] Pass: ContractIdleWiresInControlFlow - 0.00167 (ms)
2026-07-11 00:03:43,393 [INFO] Pass: GatesInBasis - 0.02646 (ms)
2026-07-11 00:03:43,393 [INFO] Pass: Depth - 0.02241 (ms)
2026-07-11 00:03:43,393 [INFO] Pass: FixedPoint - 0.00334 (ms)
2026-07-11 00:03:43,393 [INFO] Pass: Size - 0.00215 (ms)
2026-07-11 00:03:43,393 [INFO] Pass: FixedPoint - 0.00262 (ms)
2026-07-11 00:03:43,393 [INFO] Pass: ContainsInstruction - 0.00548 (ms)
2026-07-11 00:03:43,394 [INFO] Total Transpile Time - 87.24856 (ms)
2026-07-11 00:17:22,080 [INFO] [PCE] n=150 instancia 67/100 completada en 0:00:13:39 — transcurrido=0:17:29:51 restante_estimado=0:08:37:05
2026-07-11 00:17:22,182 [INFO] Pass: ContainsInstruction - 0.01097 (ms)
2026-07-11 00:17:22,182 [INFO] Pass: UnitarySynthesis - 0.00739 (ms)
2026-07-11 00:17:22,182 [INFO] Pass: HighLevelSynthesis - 0.01025 (ms)
2026-07-11 00:17:22,182 [INFO] Pass: BasisTranslator - 0.06580 (ms)
2026-07-11 00:17:22,182 [INFO] Pass: ElidePermutations - 0.00477 (ms)
2026-07-11 00:17:22,182 [INFO] Pass: RemoveDiagonalGatesBeforeMeasure - 0.00858 (ms)
2026-07-11 00:17:22,183 [INFO] Pass: RemoveIdentityEquivalent - 0.00453 (ms)
2026-07-11 00:17:22,183 [INFO] Pass: InverseCancellation - 0.00572 (ms)
2026-07-11 00:17:22,183 [INFO] Pass: ContractIdleWiresInControlFlow - 0.00238 (ms)
2026-07-11 00:17:22,183 [INFO] Pass: CommutativeCancellation - 0.07081 (ms)
2026-07-11 00:17:22,183 [INFO] Pass: ConsolidateBlocks - 0.04697 (ms)
2026-07-11 00:17:22,183 [INFO] Pass: Split2QUnitaries - 0.00262 (ms)
2026-07-11 00:17:22,183 [INFO] Pass: UnitarySynthesis - 0.00525 (ms)
2026-07-11 00:17:22,183 [INFO] Pass: HighLevelSynthesis - 0.03481 (ms)
2026-07-11 00:17:22,183 [INFO] Pass: BasisTranslator - 0.07415 (ms)
2026-07-11 00:17:22,183 [INFO] Pass: ConsolidateBlocks - 0.05388 (ms)
2026-07-11 00:17:22,183 [INFO] Pass: UnitarySynthesis - 0.00453 (ms)
2026-07-11 00:17:22,183 [INFO] Pass: Depth - 0.02623 (ms)
2026-07-11 00:17:22,183 [INFO] Pass: FixedPoint - 0.00477 (ms)
2026-07-11 00:17:22,183 [INFO] Pass: Size - 0.00405 (ms)
2026-07-11 00:17:22,183 [INFO] Pass: FixedPoint - 0.00286 (ms)
2026-07-11 00:17:22,183 [INFO] Pass: RemoveIdentityEquivalent - 0.00310 (ms)
2026-07-11 00:17:22,183 [INFO] Pass: Optimize1qGatesDecomposition - 0.03624 (ms)
2026-07-11 00:17:22,183 [INFO] Pass: CommutativeCancellation - 0.09871 (ms)
2026-07-11 00:17:22,183 [INFO] Pass: ContractIdleWiresInControlFlow - 0.00215 (ms)
2026-07-11 00:17:22,183 [INFO] Pass: GatesInBasis - 0.02813 (ms)
2026-07-11 00:17:22,184 [INFO] Pass: Depth - 0.02360 (ms)
2026-07-11 00:17:22,184 [INFO] Pass: FixedPoint - 0.00334 (ms)
2026-07-11 00:17:22,184 [INFO] Pass: Size - 0.00215 (ms)
2026-07-11 00:17:22,184 [INFO] Pass: FixedPoint - 0.00262 (ms)
2026-07-11 00:17:22,184 [INFO] Pass: ContainsInstruction - 0.00501 (ms)
2026-07-11 00:17:22,184 [INFO] Total Transpile Time - 86.86614 (ms)
2026-07-11 00:17:22,267 [INFO] Pass: ContainsInstruction - 0.00930 (ms)
2026-07-11 00:17:22,267 [INFO] Pass: UnitarySynthesis - 0.00620 (ms)
2026-07-11 00:17:22,267 [INFO] Pass: HighLevelSynthesis - 0.00954 (ms)
2026-07-11 00:17:22,267 [INFO] Pass: BasisTranslator - 0.05436 (ms)
2026-07-11 00:17:22,267 [INFO] Pass: ElidePermutations - 0.00405 (ms)
2026-07-11 00:17:22,267 [INFO] Pass: RemoveDiagonalGatesBeforeMeasure - 0.00620 (ms)
2026-07-11 00:17:22,267 [INFO] Pass: RemoveIdentityEquivalent - 0.00477 (ms)
2026-07-11 00:17:22,267 [INFO] Pass: InverseCancellation - 0.02265 (ms)
2026-07-11 00:17:22,267 [INFO] Pass: ContractIdleWiresInControlFlow - 0.00167 (ms)
2026-07-11 00:17:22,267 [INFO] Pass: CommutativeCancellation - 0.07772 (ms)
2026-07-11 00:17:22,267 [INFO] Pass: ConsolidateBlocks - 0.05078 (ms)
2026-07-11 00:17:22,267 [INFO] Pass: Split2QUnitaries - 0.00238 (ms)
2026-07-11 00:17:22,267 [INFO] Pass: UnitarySynthesis - 0.00501 (ms)
2026-07-11 00:17:22,268 [INFO] Pass: HighLevelSynthesis - 0.03409 (ms)
2026-07-11 00:17:22,268 [INFO] Pass: BasisTranslator - 0.07439 (ms)
2026-07-11 00:17:22,268 [INFO] Pass: ConsolidateBlocks - 0.05126 (ms)
2026-07-11 00:17:22,268 [INFO] Pass: UnitarySynthesis - 0.00405 (ms)
2026-07-11 00:17:22,268 [INFO] Pass: Depth - 0.02432 (ms)
2026-07-11 00:17:22,268 [INFO] Pass: FixedPoint - 0.00429 (ms)
2026-07-11 00:17:22,268 [INFO] Pass: Size - 0.00286 (ms)
2026-07-11 00:17:22,268 [INFO] Pass: FixedPoint - 0.00262 (ms)
2026-07-11 00:17:22,268 [INFO] Pass: RemoveIdentityEquivalent - 0.00429 (ms)
2026-07-11 00:17:22,268 [INFO] Pass: Optimize1qGatesDecomposition - 0.12565 (ms)
2026-07-11 00:17:22,268 [INFO] Pass: CommutativeCancellation - 0.09537 (ms)
2026-07-11 00:17:22,268 [INFO] Pass: ContractIdleWiresInControlFlow - 0.00167 (ms)
2026-07-11 00:17:22,268 [INFO] Pass: GatesInBasis - 0.02789 (ms)
2026-07-11 00:17:22,268 [INFO] Pass: Depth - 0.02313 (ms)
2026-07-11 00:17:22,268 [INFO] Pass: FixedPoint - 0.00381 (ms)
2026-07-11 00:17:22,268 [INFO] Pass: Size - 0.00215 (ms)
2026-07-11 00:17:22,268 [INFO] Pass: FixedPoint - 0.00238 (ms)
2026-07-11 00:17:22,268 [INFO] Pass: ContainsInstruction - 0.00548 (ms)
2026-07-11 00:17:22,269 [INFO] Total Transpile Time - 84.36060 (ms)
2026-07-11 00:17:22,352 [INFO] Pass: ContainsInstruction - 0.00906 (ms)
2026-07-11 00:17:22,352 [INFO] Pass: UnitarySynthesis - 0.00644 (ms)
2026-07-11 00:17:22,352 [INFO] Pass: HighLevelSynthesis - 0.00978 (ms)
2026-07-11 00:17:22,352 [INFO] Pass: BasisTranslator - 0.05364 (ms)
2026-07-11 00:17:22,353 [INFO] Pass: ElidePermutations - 0.00358 (ms)
2026-07-11 00:17:22,353 [INFO] Pass: RemoveDiagonalGatesBeforeMeasure - 0.00644 (ms)
2026-07-11 00:17:22,353 [INFO] Pass: RemoveIdentityEquivalent - 0.00548 (ms)
2026-07-11 00:17:22,353 [INFO] Pass: InverseCancellation - 0.02337 (ms)
2026-07-11 00:17:22,353 [INFO] Pass: ContractIdleWiresInControlFlow - 0.00215 (ms)
2026-07-11 00:17:22,353 [INFO] Pass: CommutativeCancellation - 0.07749 (ms)
2026-07-11 00:17:22,353 [INFO] Pass: ConsolidateBlocks - 0.04196 (ms)
2026-07-11 00:17:22,353 [INFO] Pass: Split2QUnitaries - 0.00215 (ms)
2026-07-11 00:17:22,353 [INFO] Pass: UnitarySynthesis - 0.00548 (ms)
2026-07-11 00:17:22,353 [INFO] Pass: HighLevelSynthesis - 0.03481 (ms)
2026-07-11 00:17:22,353 [INFO] Pass: BasisTranslator - 0.07796 (ms)
2026-07-11 00:17:22,353 [INFO] Pass: ConsolidateBlocks - 0.05198 (ms)
2026-07-11 00:17:22,353 [INFO] Pass: UnitarySynthesis - 0.00477 (ms)
2026-07-11 00:17:22,353 [INFO] Pass: Depth - 0.02456 (ms)
2026-07-11 00:17:22,353 [INFO] Pass: FixedPoint - 0.00453 (ms)
2026-07-11 00:17:22,353 [INFO] Pass: Size - 0.00310 (ms)
2026-07-11 00:17:22,353 [INFO] Pass: FixedPoint - 0.00262 (ms)
2026-07-11 00:17:22,353 [INFO] Pass: RemoveIdentityEquivalent - 0.00453 (ms)
2026-07-11 00:17:22,353 [INFO] Pass: Optimize1qGatesDecomposition - 0.13900 (ms)
2026-07-11 00:17:22,354 [INFO] Pass: CommutativeCancellation - 0.09012 (ms)
2026-07-11 00:17:22,354 [INFO] Pass: ContractIdleWiresInControlFlow - 0.00167 (ms)
2026-07-11 00:17:22,354 [INFO] Pass: GatesInBasis - 0.02813 (ms)
2026-07-11 00:17:22,354 [INFO] Pass: Depth - 0.02408 (ms)
2026-07-11 00:17:22,354 [INFO] Pass: FixedPoint - 0.00358 (ms)
2026-07-11 00:17:22,354 [INFO] Pass: Size - 0.00215 (ms)
2026-07-11 00:17:22,354 [INFO] Pass: FixedPoint - 0.00286 (ms)
2026-07-11 00:17:22,354 [INFO] Pass: RemoveIdentityEquivalent - 0.00477 (ms)
2026-07-11 00:17:22,354 [INFO] Pass: Optimize1qGatesDecomposition - 0.11444 (ms)
2026-07-11 00:17:22,354 [INFO] Pass: CommutativeCancellation - 0.08583 (ms)
2026-07-11 00:17:22,354 [INFO] Pass: ContractIdleWiresInControlFlow - 0.00167 (ms)
2026-07-11 00:17:22,354 [INFO] Pass: GatesInBasis - 0.02646 (ms)
2026-07-11 00:17:22,354 [INFO] Pass: Depth - 0.02193 (ms)
2026-07-11 00:17:22,354 [INFO] Pass: FixedPoint - 0.00334 (ms)
2026-07-11 00:17:22,354 [INFO] Pass: Size - 0.00215 (ms)
2026-07-11 00:17:22,354 [INFO] Pass: FixedPoint - 0.00238 (ms)
2026-07-11 00:17:22,354 [INFO] Pass: ContainsInstruction - 0.00572 (ms)
2026-07-11 00:17:22,355 [INFO] Total Transpile Time - 85.52504 (ms)
2026-07-11 00:30:22,861 [INFO] [PCE] n=150 instancia 68/100 completada en 0:00:13:01 — transcurrido=0:17:42:52 restante_estimado=0:08:20:10
2026-07-11 00:30:22,967 [INFO] Pass: ContainsInstruction - 0.01097 (ms)
2026-07-11 00:30:22,967 [INFO] Pass: UnitarySynthesis - 0.00691 (ms)
2026-07-11 00:30:22,967 [INFO] Pass: HighLevelSynthesis - 0.01144 (ms)
2026-07-11 00:30:22,967 [INFO] Pass: BasisTranslator - 0.06199 (ms)
2026-07-11 00:30:22,967 [INFO] Pass: ElidePermutations - 0.00501 (ms)
2026-07-11 00:30:22,967 [INFO] Pass: RemoveDiagonalGatesBeforeMeasure - 0.00882 (ms)
2026-07-11 00:30:22,967 [INFO] Pass: RemoveIdentityEquivalent - 0.00381 (ms)
2026-07-11 00:30:22,967 [INFO] Pass: InverseCancellation - 0.00548 (ms)
2026-07-11 00:30:22,967 [INFO] Pass: ContractIdleWiresInControlFlow - 0.00215 (ms)
2026-07-11 00:30:22,967 [INFO] Pass: CommutativeCancellation - 0.08297 (ms)
2026-07-11 00:30:22,968 [INFO] Pass: ConsolidateBlocks - 0.04792 (ms)
2026-07-11 00:30:22,968 [INFO] Pass: Split2QUnitaries - 0.00310 (ms)
2026-07-11 00:30:22,968 [INFO] Pass: UnitarySynthesis - 0.00525 (ms)
2026-07-11 00:30:22,968 [INFO] Pass: HighLevelSynthesis - 0.03338 (ms)
2026-07-11 00:30:22,968 [INFO] Pass: BasisTranslator - 0.07796 (ms)
2026-07-11 00:30:22,968 [INFO] Pass: ConsolidateBlocks - 0.05341 (ms)
2026-07-11 00:30:22,968 [INFO] Pass: UnitarySynthesis - 0.00453 (ms)
2026-07-11 00:30:22,968 [INFO] Pass: Depth - 0.02527 (ms)
2026-07-11 00:30:22,968 [INFO] Pass: FixedPoint - 0.00453 (ms)
2026-07-11 00:30:22,968 [INFO] Pass: Size - 0.00334 (ms)
2026-07-11 00:30:22,968 [INFO] Pass: FixedPoint - 0.00262 (ms)
2026-07-11 00:30:22,968 [INFO] Pass: RemoveIdentityEquivalent - 0.00310 (ms)
2026-07-11 00:30:22,968 [INFO] Pass: Optimize1qGatesDecomposition - 0.03862 (ms)
2026-07-11 00:30:22,968 [INFO] Pass: CommutativeCancellation - 0.09179 (ms)
2026-07-11 00:30:22,968 [INFO] Pass: ContractIdleWiresInControlFlow - 0.00191 (ms)
2026-07-11 00:30:22,968 [INFO] Pass: GatesInBasis - 0.02837 (ms)
2026-07-11 00:30:22,968 [INFO] Pass: Depth - 0.02337 (ms)
2026-07-11 00:30:22,968 [INFO] Pass: FixedPoint - 0.00334 (ms)
2026-07-11 00:30:22,968 [INFO] Pass: Size - 0.00262 (ms)
2026-07-11 00:30:22,968 [INFO] Pass: FixedPoint - 0.00286 (ms)
2026-07-11 00:30:22,968 [INFO] Pass: ContainsInstruction - 0.00548 (ms)
2026-07-11 00:30:22,969 [INFO] Total Transpile Time - 90.27934 (ms)
2026-07-11 00:30:23,056 [INFO] Pass: ContainsInstruction - 0.00978 (ms)
2026-07-11 00:30:23,056 [INFO] Pass: UnitarySynthesis - 0.00620 (ms)
2026-07-11 00:30:23,056 [INFO] Pass: HighLevelSynthesis - 0.00930 (ms)
2026-07-11 00:30:23,057 [INFO] Pass: BasisTranslator - 0.05507 (ms)
2026-07-11 00:30:23,057 [INFO] Pass: ElidePermutations - 0.00381 (ms)
2026-07-11 00:30:23,057 [INFO] Pass: RemoveDiagonalGatesBeforeMeasure - 0.00668 (ms)
2026-07-11 00:30:23,057 [INFO] Pass: RemoveIdentityEquivalent - 0.00501 (ms)
2026-07-11 00:30:23,057 [INFO] Pass: InverseCancellation - 0.02384 (ms)
2026-07-11 00:30:23,057 [INFO] Pass: ContractIdleWiresInControlFlow - 0.00215 (ms)
2026-07-11 00:30:23,057 [INFO] Pass: CommutativeCancellation - 0.08082 (ms)
2026-07-11 00:30:23,057 [INFO] Pass: ConsolidateBlocks - 0.04411 (ms)
2026-07-11 00:30:23,057 [INFO] Pass: Split2QUnitaries - 0.00286 (ms)
2026-07-11 00:30:23,057 [INFO] Pass: UnitarySynthesis - 0.00501 (ms)
2026-07-11 00:30:23,057 [INFO] Pass: HighLevelSynthesis - 0.03362 (ms)
2026-07-11 00:30:23,057 [INFO] Pass: BasisTranslator - 0.07629 (ms)
2026-07-11 00:30:23,057 [INFO] Pass: ConsolidateBlocks - 0.05364 (ms)
2026-07-11 00:30:23,057 [INFO] Pass: UnitarySynthesis - 0.00477 (ms)
2026-07-11 00:30:23,057 [INFO] Pass: Depth - 0.03028 (ms)
2026-07-11 00:30:23,057 [INFO] Pass: FixedPoint - 0.00429 (ms)
2026-07-11 00:30:23,057 [INFO] Pass: Size - 0.00286 (ms)
2026-07-11 00:30:23,057 [INFO] Pass: FixedPoint - 0.00238 (ms)
2026-07-11 00:30:23,057 [INFO] Pass: RemoveIdentityEquivalent - 0.00405 (ms)
2026-07-11 00:30:23,057 [INFO] Pass: Optimize1qGatesDecomposition - 0.13423 (ms)
2026-07-11 00:30:23,058 [INFO] Pass: CommutativeCancellation - 0.09704 (ms)
2026-07-11 00:30:23,058 [INFO] Pass: ContractIdleWiresInControlFlow - 0.00167 (ms)
2026-07-11 00:30:23,058 [INFO] Pass: GatesInBasis - 0.02789 (ms)
2026-07-11 00:30:23,058 [INFO] Pass: Depth - 0.02527 (ms)
2026-07-11 00:30:23,058 [INFO] Pass: FixedPoint - 0.00381 (ms)
2026-07-11 00:30:23,058 [INFO] Pass: Size - 0.00191 (ms)
2026-07-11 00:30:23,058 [INFO] Pass: FixedPoint - 0.00286 (ms)
2026-07-11 00:30:23,058 [INFO] Pass: ContainsInstruction - 0.00548 (ms)
2026-07-11 00:30:23,058 [INFO] Total Transpile Time - 89.06031 (ms)
2026-07-11 00:30:23,146 [INFO] Pass: ContainsInstruction - 0.00978 (ms)
2026-07-11 00:30:23,146 [INFO] Pass: UnitarySynthesis - 0.00644 (ms)
2026-07-11 00:30:23,146 [INFO] Pass: HighLevelSynthesis - 0.00954 (ms)
2026-07-11 00:30:23,146 [INFO] Pass: BasisTranslator - 0.05174 (ms)
2026-07-11 00:30:23,146 [INFO] Pass: ElidePermutations - 0.00310 (ms)
2026-07-11 00:30:23,146 [INFO] Pass: RemoveDiagonalGatesBeforeMeasure - 0.00644 (ms)
2026-07-11 00:30:23,146 [INFO] Pass: RemoveIdentityEquivalent - 0.00501 (ms)
2026-07-11 00:30:23,146 [INFO] Pass: InverseCancellation - 0.02241 (ms)
2026-07-11 00:30:23,146 [INFO] Pass: ContractIdleWiresInControlFlow - 0.00191 (ms)
2026-07-11 00:30:23,146 [INFO] Pass: CommutativeCancellation - 0.07248 (ms)
2026-07-11 00:30:23,146 [INFO] Pass: ConsolidateBlocks - 0.04315 (ms)
2026-07-11 00:30:23,146 [INFO] Pass: Split2QUnitaries - 0.00238 (ms)
2026-07-11 00:30:23,146 [INFO] Pass: UnitarySynthesis - 0.00525 (ms)
2026-07-11 00:30:23,146 [INFO] Pass: HighLevelSynthesis - 0.03457 (ms)
2026-07-11 00:30:23,146 [INFO] Pass: BasisTranslator - 0.08464 (ms)
2026-07-11 00:30:23,147 [INFO] Pass: ConsolidateBlocks - 0.05388 (ms)
2026-07-11 00:30:23,147 [INFO] Pass: UnitarySynthesis - 0.00453 (ms)
2026-07-11 00:30:23,147 [INFO] Pass: Depth - 0.02766 (ms)
2026-07-11 00:30:23,147 [INFO] Pass: FixedPoint - 0.00453 (ms)
2026-07-11 00:30:23,147 [INFO] Pass: Size - 0.00286 (ms)
2026-07-11 00:30:23,147 [INFO] Pass: FixedPoint - 0.00286 (ms)
2026-07-11 00:30:23,147 [INFO] Pass: RemoveIdentityEquivalent - 0.00477 (ms)
2026-07-11 00:30:23,147 [INFO] Pass: Optimize1qGatesDecomposition - 0.13423 (ms)
2026-07-11 00:30:23,147 [INFO] Pass: CommutativeCancellation - 0.09060 (ms)
2026-07-11 00:30:23,147 [INFO] Pass: ContractIdleWiresInControlFlow - 0.00191 (ms)
2026-07-11 00:30:23,147 [INFO] Pass: GatesInBasis - 0.02766 (ms)
2026-07-11 00:30:23,147 [INFO] Pass: Depth - 0.02313 (ms)
2026-07-11 00:30:23,147 [INFO] Pass: FixedPoint - 0.00358 (ms)
2026-07-11 00:30:23,147 [INFO] Pass: Size - 0.00191 (ms)
2026-07-11 00:30:23,147 [INFO] Pass: FixedPoint - 0.00262 (ms)
2026-07-11 00:30:23,147 [INFO] Pass: RemoveIdentityEquivalent - 0.00429 (ms)
2026-07-11 00:30:23,147 [INFO] Pass: Optimize1qGatesDecomposition - 0.11516 (ms)
2026-07-11 00:30:23,147 [INFO] Pass: CommutativeCancellation - 0.09203 (ms)
2026-07-11 00:30:23,147 [INFO] Pass: ContractIdleWiresInControlFlow - 0.00215 (ms)
2026-07-11 00:30:23,148 [INFO] Pass: GatesInBasis - 0.02694 (ms)
2026-07-11 00:30:23,148 [INFO] Pass: Depth - 0.02313 (ms)
2026-07-11 00:30:23,148 [INFO] Pass: FixedPoint - 0.00334 (ms)
2026-07-11 00:30:23,148 [INFO] Pass: Size - 0.00215 (ms)
2026-07-11 00:30:23,148 [INFO] Pass: FixedPoint - 0.00262 (ms)
2026-07-11 00:30:23,148 [INFO] Pass: ContainsInstruction - 0.00596 (ms)
2026-07-11 00:30:23,148 [INFO] Total Transpile Time - 89.46109 (ms)
2026-07-11 00:43:21,565 [INFO] [PCE] n=150 instancia 69/100 completada en 0:00:12:59 — transcurrido=0:17:55:50 restante_estimado=0:08:03:21
2026-07-11 00:43:21,669 [INFO] Pass: ContainsInstruction - 0.01049 (ms)
2026-07-11 00:43:21,669 [INFO] Pass: UnitarySynthesis - 0.00668 (ms)
2026-07-11 00:43:21,669 [INFO] Pass: HighLevelSynthesis - 0.01073 (ms)
2026-07-11 00:43:21,670 [INFO] Pass: BasisTranslator - 0.06175 (ms)
2026-07-11 00:43:21,670 [INFO] Pass: ElidePermutations - 0.00453 (ms)
2026-07-11 00:43:21,670 [INFO] Pass: RemoveDiagonalGatesBeforeMeasure - 0.00882 (ms)
2026-07-11 00:43:21,670 [INFO] Pass: RemoveIdentityEquivalent - 0.00477 (ms)
2026-07-11 00:43:21,670 [INFO] Pass: InverseCancellation - 0.00477 (ms)
2026-07-11 00:43:21,670 [INFO] Pass: ContractIdleWiresInControlFlow - 0.00167 (ms)
2026-07-11 00:43:21,670 [INFO] Pass: CommutativeCancellation - 0.07510 (ms)
2026-07-11 00:43:21,670 [INFO] Pass: ConsolidateBlocks - 0.04554 (ms)
2026-07-11 00:43:21,670 [INFO] Pass: Split2QUnitaries - 0.00310 (ms)
2026-07-11 00:43:21,670 [INFO] Pass: UnitarySynthesis - 0.00501 (ms)
2026-07-11 00:43:21,670 [INFO] Pass: HighLevelSynthesis - 0.03266 (ms)
2026-07-11 00:43:21,670 [INFO] Pass: BasisTranslator - 0.07534 (ms)
2026-07-11 00:43:21,670 [INFO] Pass: ConsolidateBlocks - 0.05174 (ms)
2026-07-11 00:43:21,670 [INFO] Pass: UnitarySynthesis - 0.00477 (ms)
2026-07-11 00:43:21,670 [INFO] Pass: Depth - 0.02360 (ms)
2026-07-11 00:43:21,670 [INFO] Pass: FixedPoint - 0.00453 (ms)
2026-07-11 00:43:21,670 [INFO] Pass: Size - 0.00381 (ms)
2026-07-11 00:43:21,670 [INFO] Pass: FixedPoint - 0.00310 (ms)
2026-07-11 00:43:21,670 [INFO] Pass: RemoveIdentityEquivalent - 0.00310 (ms)
2026-07-11 00:43:21,670 [INFO] Pass: Optimize1qGatesDecomposition - 0.03600 (ms)
2026-07-11 00:43:21,670 [INFO] Pass: CommutativeCancellation - 0.09847 (ms)
2026-07-11 00:43:21,671 [INFO] Pass: ContractIdleWiresInControlFlow - 0.00191 (ms)
2026-07-11 00:43:21,671 [INFO] Pass: GatesInBasis - 0.02885 (ms)
2026-07-11 00:43:21,671 [INFO] Pass: Depth - 0.02241 (ms)
2026-07-11 00:43:21,671 [INFO] Pass: FixedPoint - 0.00358 (ms)
2026-07-11 00:43:21,671 [INFO] Pass: Size - 0.00215 (ms)
2026-07-11 00:43:21,671 [INFO] Pass: FixedPoint - 0.00286 (ms)
2026-07-11 00:43:21,671 [INFO] Pass: ContainsInstruction - 0.00501 (ms)
2026-07-11 00:43:21,671 [INFO] Total Transpile Time - 88.46545 (ms)
2026-07-11 00:43:21,755 [INFO] Pass: ContainsInstruction - 0.00954 (ms)
2026-07-11 00:43:21,755 [INFO] Pass: UnitarySynthesis - 0.00596 (ms)
2026-07-11 00:43:21,755 [INFO] Pass: HighLevelSynthesis - 0.00978 (ms)
2026-07-11 00:43:21,755 [INFO] Pass: BasisTranslator - 0.05531 (ms)
2026-07-11 00:43:21,755 [INFO] Pass: ElidePermutations - 0.00381 (ms)
2026-07-11 00:43:21,755 [INFO] Pass: RemoveDiagonalGatesBeforeMeasure - 0.00691 (ms)
2026-07-11 00:43:21,755 [INFO] Pass: RemoveIdentityEquivalent - 0.00572 (ms)
2026-07-11 00:43:21,755 [INFO] Pass: InverseCancellation - 0.02456 (ms)
2026-07-11 00:43:21,755 [INFO] Pass: ContractIdleWiresInControlFlow - 0.00215 (ms)
2026-07-11 00:43:21,755 [INFO] Pass: CommutativeCancellation - 0.07939 (ms)
2026-07-11 00:43:21,755 [INFO] Pass: ConsolidateBlocks - 0.04268 (ms)
2026-07-11 00:43:21,755 [INFO] Pass: Split2QUnitaries - 0.00238 (ms)
2026-07-11 00:43:21,755 [INFO] Pass: UnitarySynthesis - 0.00501 (ms)
2026-07-11 00:43:21,755 [INFO] Pass: HighLevelSynthesis - 0.03386 (ms)
2026-07-11 00:43:21,755 [INFO] Pass: BasisTranslator - 0.07892 (ms)
2026-07-11 00:43:21,755 [INFO] Pass: ConsolidateBlocks - 0.05221 (ms)
2026-07-11 00:43:21,756 [INFO] Pass: UnitarySynthesis - 0.00453 (ms)
2026-07-11 00:43:21,756 [INFO] Pass: Depth - 0.02384 (ms)
2026-07-11 00:43:21,756 [INFO] Pass: FixedPoint - 0.00405 (ms)
2026-07-11 00:43:21,756 [INFO] Pass: Size - 0.00310 (ms)
2026-07-11 00:43:21,756 [INFO] Pass: FixedPoint - 0.00310 (ms)
2026-07-11 00:43:21,756 [INFO] Pass: RemoveIdentityEquivalent - 0.00429 (ms)
2026-07-11 00:43:21,756 [INFO] Pass: Optimize1qGatesDecomposition - 0.12994 (ms)
2026-07-11 00:43:21,756 [INFO] Pass: CommutativeCancellation - 0.09942 (ms)
2026-07-11 00:43:21,756 [INFO] Pass: ContractIdleWiresInControlFlow - 0.00215 (ms)
2026-07-11 00:43:21,756 [INFO] Pass: GatesInBasis - 0.02837 (ms)
2026-07-11 00:43:21,756 [INFO] Pass: Depth - 0.02432 (ms)
2026-07-11 00:43:21,756 [INFO] Pass: FixedPoint - 0.00358 (ms)
2026-07-11 00:43:21,756 [INFO] Pass: Size - 0.00215 (ms)
2026-07-11 00:43:21,756 [INFO] Pass: FixedPoint - 0.00262 (ms)
2026-07-11 00:43:21,756 [INFO] Pass: ContainsInstruction - 0.00548 (ms)
2026-07-11 00:43:21,757 [INFO] Total Transpile Time - 85.07609 (ms)
2026-07-11 00:43:21,840 [INFO] Pass: ContainsInstruction - 0.00930 (ms)
2026-07-11 00:43:21,840 [INFO] Pass: UnitarySynthesis - 0.00620 (ms)
2026-07-11 00:43:21,840 [INFO] Pass: HighLevelSynthesis - 0.00858 (ms)
2026-07-11 00:43:21,840 [INFO] Pass: BasisTranslator - 0.05364 (ms)
2026-07-11 00:43:21,840 [INFO] Pass: ElidePermutations - 0.00358 (ms)
2026-07-11 00:43:21,840 [INFO] Pass: RemoveDiagonalGatesBeforeMeasure - 0.00668 (ms)
2026-07-11 00:43:21,840 [INFO] Pass: RemoveIdentityEquivalent - 0.00596 (ms)
2026-07-11 00:43:21,840 [INFO] Pass: InverseCancellation - 0.02265 (ms)
2026-07-11 00:43:21,840 [INFO] Pass: ContractIdleWiresInControlFlow - 0.00215 (ms)
2026-07-11 00:43:21,840 [INFO] Pass: CommutativeCancellation - 0.07582 (ms)
2026-07-11 00:43:21,840 [INFO] Pass: ConsolidateBlocks - 0.04220 (ms)
2026-07-11 00:43:21,840 [INFO] Pass: Split2QUnitaries - 0.00215 (ms)
2026-07-11 00:43:21,840 [INFO] Pass: UnitarySynthesis - 0.00525 (ms)
2026-07-11 00:43:21,840 [INFO] Pass: HighLevelSynthesis - 0.04101 (ms)
2026-07-11 00:43:21,841 [INFO] Pass: BasisTranslator - 0.07248 (ms)
2026-07-11 00:43:21,841 [INFO] Pass: ConsolidateBlocks - 0.05174 (ms)
2026-07-11 00:43:21,841 [INFO] Pass: UnitarySynthesis - 0.00453 (ms)
2026-07-11 00:43:21,841 [INFO] Pass: Depth - 0.02360 (ms)
2026-07-11 00:43:21,841 [INFO] Pass: FixedPoint - 0.00405 (ms)
2026-07-11 00:43:21,841 [INFO] Pass: Size - 0.00238 (ms)
2026-07-11 00:43:21,841 [INFO] Pass: FixedPoint - 0.00262 (ms)
2026-07-11 00:43:21,841 [INFO] Pass: RemoveIdentityEquivalent - 0.00501 (ms)
2026-07-11 00:43:21,841 [INFO] Pass: Optimize1qGatesDecomposition - 0.13423 (ms)
2026-07-11 00:43:21,841 [INFO] Pass: CommutativeCancellation - 0.08750 (ms)
2026-07-11 00:43:21,841 [INFO] Pass: ContractIdleWiresInControlFlow - 0.00191 (ms)
2026-07-11 00:43:21,841 [INFO] Pass: GatesInBasis - 0.02837 (ms)
2026-07-11 00:43:21,841 [INFO] Pass: Depth - 0.02265 (ms)
2026-07-11 00:43:21,841 [INFO] Pass: FixedPoint - 0.00334 (ms)
2026-07-11 00:43:21,841 [INFO] Pass: Size - 0.00215 (ms)
2026-07-11 00:43:21,841 [INFO] Pass: FixedPoint - 0.00286 (ms)
2026-07-11 00:43:21,841 [INFO] Pass: RemoveIdentityEquivalent - 0.00453 (ms)
2026-07-11 00:43:21,841 [INFO] Pass: Optimize1qGatesDecomposition - 0.11683 (ms)
2026-07-11 00:43:21,841 [INFO] Pass: CommutativeCancellation - 0.08345 (ms)
2026-07-11 00:43:21,842 [INFO] Pass: ContractIdleWiresInControlFlow - 0.00191 (ms)
2026-07-11 00:43:21,842 [INFO] Pass: GatesInBasis - 0.02694 (ms)
2026-07-11 00:43:21,842 [INFO] Pass: Depth - 0.02122 (ms)
2026-07-11 00:43:21,842 [INFO] Pass: FixedPoint - 0.00334 (ms)
2026-07-11 00:43:21,842 [INFO] Pass: Size - 0.00167 (ms)
2026-07-11 00:43:21,842 [INFO] Pass: FixedPoint - 0.00262 (ms)
2026-07-11 00:43:21,842 [INFO] Pass: ContainsInstruction - 0.00525 (ms)
2026-07-11 00:43:21,842 [INFO] Total Transpile Time - 85.14857 (ms)
2026-07-11 00:57:26,792 [INFO] [PCE] n=150 instancia 70/100 completada en 0:00:14:05 — transcurrido=0:18:09:55 restante_estimado=0:07:47:07
2026-07-11 00:57:26,897 [INFO] Pass: ContainsInstruction - 0.01121 (ms)
2026-07-11 00:57:26,897 [INFO] Pass: UnitarySynthesis - 0.00691 (ms)
2026-07-11 00:57:26,897 [INFO] Pass: HighLevelSynthesis - 0.01025 (ms)
2026-07-11 00:57:26,897 [INFO] Pass: BasisTranslator - 0.05770 (ms)
2026-07-11 00:57:26,897 [INFO] Pass: ElidePermutations - 0.00453 (ms)
2026-07-11 00:57:26,897 [INFO] Pass: RemoveDiagonalGatesBeforeMeasure - 0.00858 (ms)
2026-07-11 00:57:26,897 [INFO] Pass: RemoveIdentityEquivalent - 0.00405 (ms)
2026-07-11 00:57:26,897 [INFO] Pass: InverseCancellation - 0.00477 (ms)
2026-07-11 00:57:26,897 [INFO] Pass: ContractIdleWiresInControlFlow - 0.00191 (ms)
2026-07-11 00:57:26,898 [INFO] Pass: CommutativeCancellation - 0.07820 (ms)
2026-07-11 00:57:26,898 [INFO] Pass: ConsolidateBlocks - 0.04578 (ms)
2026-07-11 00:57:26,898 [INFO] Pass: Split2QUnitaries - 0.00286 (ms)
2026-07-11 00:57:26,898 [INFO] Pass: UnitarySynthesis - 0.00525 (ms)
2026-07-11 00:57:26,898 [INFO] Pass: HighLevelSynthesis - 0.03433 (ms)
2026-07-11 00:57:26,898 [INFO] Pass: BasisTranslator - 0.07415 (ms)
2026-07-11 00:57:26,898 [INFO] Pass: ConsolidateBlocks - 0.05150 (ms)
2026-07-11 00:57:26,898 [INFO] Pass: UnitarySynthesis - 0.00429 (ms)
2026-07-11 00:57:26,898 [INFO] Pass: Depth - 0.02575 (ms)
2026-07-11 00:57:26,898 [INFO] Pass: FixedPoint - 0.00477 (ms)
2026-07-11 00:57:26,898 [INFO] Pass: Size - 0.00334 (ms)
2026-07-11 00:57:26,898 [INFO] Pass: FixedPoint - 0.00286 (ms)
2026-07-11 00:57:26,898 [INFO] Pass: RemoveIdentityEquivalent - 0.00310 (ms)
2026-07-11 00:57:26,898 [INFO] Pass: Optimize1qGatesDecomposition - 0.03457 (ms)
2026-07-11 00:57:26,898 [INFO] Pass: CommutativeCancellation - 0.08726 (ms)
2026-07-11 00:57:26,898 [INFO] Pass: ContractIdleWiresInControlFlow - 0.00167 (ms)
2026-07-11 00:57:26,898 [INFO] Pass: GatesInBasis - 0.02789 (ms)
2026-07-11 00:57:26,898 [INFO] Pass: Depth - 0.02313 (ms)
2026-07-11 00:57:26,898 [INFO] Pass: FixedPoint - 0.00334 (ms)
2026-07-11 00:57:26,898 [INFO] Pass: Size - 0.00191 (ms)
2026-07-11 00:57:26,898 [INFO] Pass: FixedPoint - 0.00238 (ms)
2026-07-11 00:57:26,898 [INFO] Pass: ContainsInstruction - 0.00501 (ms)
2026-07-11 00:57:26,899 [INFO] Total Transpile Time - 87.88943 (ms)
2026-07-11 00:57:26,984 [INFO] Pass: ContainsInstruction - 0.00930 (ms)
2026-07-11 00:57:26,984 [INFO] Pass: UnitarySynthesis - 0.00596 (ms)
2026-07-11 00:57:26,984 [INFO] Pass: HighLevelSynthesis - 0.00906 (ms)
2026-07-11 00:57:26,984 [INFO] Pass: BasisTranslator - 0.05126 (ms)
2026-07-11 00:57:26,984 [INFO] Pass: ElidePermutations - 0.00334 (ms)
2026-07-11 00:57:26,984 [INFO] Pass: RemoveDiagonalGatesBeforeMeasure - 0.00620 (ms)
2026-07-11 00:57:26,984 [INFO] Pass: RemoveIdentityEquivalent - 0.00501 (ms)
2026-07-11 00:57:26,984 [INFO] Pass: InverseCancellation - 0.02217 (ms)
2026-07-11 00:57:26,984 [INFO] Pass: ContractIdleWiresInControlFlow - 0.00191 (ms)
2026-07-11 00:57:26,984 [INFO] Pass: CommutativeCancellation - 0.07558 (ms)
2026-07-11 00:57:26,984 [INFO] Pass: ConsolidateBlocks - 0.04196 (ms)
2026-07-11 00:57:26,984 [INFO] Pass: Split2QUnitaries - 0.00191 (ms)
2026-07-11 00:57:26,984 [INFO] Pass: UnitarySynthesis - 0.00477 (ms)
2026-07-11 00:57:26,984 [INFO] Pass: HighLevelSynthesis - 0.03386 (ms)
2026-07-11 00:57:26,984 [INFO] Pass: BasisTranslator - 0.07629 (ms)
2026-07-11 00:57:26,984 [INFO] Pass: ConsolidateBlocks - 0.05221 (ms)
2026-07-11 00:57:26,985 [INFO] Pass: UnitarySynthesis - 0.00477 (ms)
2026-07-11 00:57:26,985 [INFO] Pass: Depth - 0.02337 (ms)
2026-07-11 00:57:26,985 [INFO] Pass: FixedPoint - 0.00405 (ms)
2026-07-11 00:57:26,985 [INFO] Pass: Size - 0.00286 (ms)
2026-07-11 00:57:26,985 [INFO] Pass: FixedPoint - 0.00286 (ms)
2026-07-11 00:57:26,985 [INFO] Pass: RemoveIdentityEquivalent - 0.00405 (ms)
2026-07-11 00:57:26,985 [INFO] Pass: Optimize1qGatesDecomposition - 0.12565 (ms)
2026-07-11 00:57:26,985 [INFO] Pass: CommutativeCancellation - 0.09084 (ms)
2026-07-11 00:57:26,985 [INFO] Pass: ContractIdleWiresInControlFlow - 0.00191 (ms)
2026-07-11 00:57:26,985 [INFO] Pass: GatesInBasis - 0.02885 (ms)
2026-07-11 00:57:26,985 [INFO] Pass: Depth - 0.02337 (ms)
2026-07-11 00:57:26,985 [INFO] Pass: FixedPoint - 0.00358 (ms)
2026-07-11 00:57:26,985 [INFO] Pass: Size - 0.00191 (ms)
2026-07-11 00:57:26,985 [INFO] Pass: FixedPoint - 0.00286 (ms)
2026-07-11 00:57:26,985 [INFO] Pass: ContainsInstruction - 0.00525 (ms)
2026-07-11 00:57:26,985 [INFO] Total Transpile Time - 86.31349 (ms)
2026-07-11 00:57:27,071 [INFO] Pass: ContainsInstruction - 0.00930 (ms)
2026-07-11 00:57:27,071 [INFO] Pass: UnitarySynthesis - 0.00668 (ms)
2026-07-11 00:57:27,071 [INFO] Pass: HighLevelSynthesis - 0.00882 (ms)
2026-07-11 00:57:27,072 [INFO] Pass: BasisTranslator - 0.05150 (ms)
2026-07-11 00:57:27,072 [INFO] Pass: ElidePermutations - 0.00358 (ms)
2026-07-11 00:57:27,072 [INFO] Pass: RemoveDiagonalGatesBeforeMeasure - 0.00572 (ms)
2026-07-11 00:57:27,072 [INFO] Pass: RemoveIdentityEquivalent - 0.00501 (ms)
2026-07-11 00:57:27,072 [INFO] Pass: InverseCancellation - 0.02170 (ms)
2026-07-11 00:57:27,072 [INFO] Pass: ContractIdleWiresInControlFlow - 0.00191 (ms)
2026-07-11 00:57:27,072 [INFO] Pass: CommutativeCancellation - 0.07081 (ms)
2026-07-11 00:57:27,072 [INFO] Pass: ConsolidateBlocks - 0.04148 (ms)
2026-07-11 00:57:27,072 [INFO] Pass: Split2QUnitaries - 0.00215 (ms)
2026-07-11 00:57:27,072 [INFO] Pass: UnitarySynthesis - 0.00477 (ms)
2026-07-11 00:57:27,072 [INFO] Pass: HighLevelSynthesis - 0.03433 (ms)
2026-07-11 00:57:27,072 [INFO] Pass: BasisTranslator - 0.07367 (ms)
2026-07-11 00:57:27,072 [INFO] Pass: ConsolidateBlocks - 0.05150 (ms)
2026-07-11 00:57:27,072 [INFO] Pass: UnitarySynthesis - 0.00477 (ms)
2026-07-11 00:57:27,072 [INFO] Pass: Depth - 0.02384 (ms)
2026-07-11 00:57:27,072 [INFO] Pass: FixedPoint - 0.00405 (ms)
2026-07-11 00:57:27,072 [INFO] Pass: Size - 0.00262 (ms)
2026-07-11 00:57:27,072 [INFO] Pass: FixedPoint - 0.00286 (ms)
2026-07-11 00:57:27,072 [INFO] Pass: RemoveIdentityEquivalent - 0.00477 (ms)
2026-07-11 00:57:27,073 [INFO] Pass: Optimize1qGatesDecomposition - 0.13971 (ms)
2026-07-11 00:57:27,073 [INFO] Pass: CommutativeCancellation - 0.08798 (ms)
2026-07-11 00:57:27,073 [INFO] Pass: ContractIdleWiresInControlFlow - 0.00191 (ms)
2026-07-11 00:57:27,073 [INFO] Pass: GatesInBasis - 0.02766 (ms)
2026-07-11 00:57:27,073 [INFO] Pass: Depth - 0.02384 (ms)
2026-07-11 00:57:27,073 [INFO] Pass: FixedPoint - 0.00358 (ms)
2026-07-11 00:57:27,073 [INFO] Pass: Size - 0.00167 (ms)
2026-07-11 00:57:27,073 [INFO] Pass: FixedPoint - 0.00286 (ms)
2026-07-11 00:57:27,073 [INFO] Pass: RemoveIdentityEquivalent - 0.00453 (ms)
2026-07-11 00:57:27,073 [INFO] Pass: Optimize1qGatesDecomposition - 0.11396 (ms)
2026-07-11 00:57:27,073 [INFO] Pass: CommutativeCancellation - 0.08273 (ms)
2026-07-11 00:57:27,073 [INFO] Pass: ContractIdleWiresInControlFlow - 0.00191 (ms)
2026-07-11 00:57:27,073 [INFO] Pass: GatesInBasis - 0.02623 (ms)
2026-07-11 00:57:27,073 [INFO] Pass: Depth - 0.02193 (ms)
2026-07-11 00:57:27,073 [INFO] Pass: FixedPoint - 0.00334 (ms)
2026-07-11 00:57:27,073 [INFO] Pass: Size - 0.00191 (ms)
2026-07-11 00:57:27,073 [INFO] Pass: FixedPoint - 0.00238 (ms)
2026-07-11 00:57:27,073 [INFO] Pass: ContainsInstruction - 0.00501 (ms)
2026-07-11 00:57:27,074 [INFO] Total Transpile Time - 87.82840 (ms)
2026-07-11 01:11:19,506 [INFO] [PCE] n=150 instancia 71/100 completada en 0:00:13:53 — transcurrido=0:18:23:48 restante_estimado=0:07:30:51
2026-07-11 01:11:19,613 [INFO] Pass: ContainsInstruction - 0.01168 (ms)
2026-07-11 01:11:19,613 [INFO] Pass: UnitarySynthesis - 0.00620 (ms)
2026-07-11 01:11:19,613 [INFO] Pass: HighLevelSynthesis - 0.01097 (ms)
2026-07-11 01:11:19,613 [INFO] Pass: BasisTranslator - 0.06247 (ms)
2026-07-11 01:11:19,613 [INFO] Pass: ElidePermutations - 0.00501 (ms)
2026-07-11 01:11:19,613 [INFO] Pass: RemoveDiagonalGatesBeforeMeasure - 0.00882 (ms)
2026-07-11 01:11:19,613 [INFO] Pass: RemoveIdentityEquivalent - 0.00381 (ms)
2026-07-11 01:11:19,613 [INFO] Pass: InverseCancellation - 0.00572 (ms)
2026-07-11 01:11:19,613 [INFO] Pass: ContractIdleWiresInControlFlow - 0.00167 (ms)
2026-07-11 01:11:19,613 [INFO] Pass: CommutativeCancellation - 0.07987 (ms)
2026-07-11 01:11:19,613 [INFO] Pass: ConsolidateBlocks - 0.04601 (ms)
2026-07-11 01:11:19,613 [INFO] Pass: Split2QUnitaries - 0.00310 (ms)
2026-07-11 01:11:19,613 [INFO] Pass: UnitarySynthesis - 0.00477 (ms)
2026-07-11 01:11:19,613 [INFO] Pass: HighLevelSynthesis - 0.03338 (ms)
2026-07-11 01:11:19,613 [INFO] Pass: BasisTranslator - 0.07200 (ms)
2026-07-11 01:11:19,613 [INFO] Pass: ConsolidateBlocks - 0.05865 (ms)
2026-07-11 01:11:19,613 [INFO] Pass: UnitarySynthesis - 0.00477 (ms)
2026-07-11 01:11:19,614 [INFO] Pass: Depth - 0.02933 (ms)
2026-07-11 01:11:19,614 [INFO] Pass: FixedPoint - 0.00477 (ms)
2026-07-11 01:11:19,614 [INFO] Pass: Size - 0.00334 (ms)
2026-07-11 01:11:19,614 [INFO] Pass: FixedPoint - 0.00286 (ms)
2026-07-11 01:11:19,614 [INFO] Pass: RemoveIdentityEquivalent - 0.00334 (ms)
2026-07-11 01:11:19,614 [INFO] Pass: Optimize1qGatesDecomposition - 0.03481 (ms)
2026-07-11 01:11:19,614 [INFO] Pass: CommutativeCancellation - 0.09394 (ms)
2026-07-11 01:11:19,614 [INFO] Pass: ContractIdleWiresInControlFlow - 0.00215 (ms)
2026-07-11 01:11:19,614 [INFO] Pass: GatesInBasis - 0.02956 (ms)
2026-07-11 01:11:19,614 [INFO] Pass: Depth - 0.02313 (ms)
2026-07-11 01:11:19,614 [INFO] Pass: FixedPoint - 0.00334 (ms)
2026-07-11 01:11:19,614 [INFO] Pass: Size - 0.00215 (ms)
2026-07-11 01:11:19,614 [INFO] Pass: FixedPoint - 0.00286 (ms)
2026-07-11 01:11:19,614 [INFO] Pass: ContainsInstruction - 0.00501 (ms)
2026-07-11 01:11:19,614 [INFO] Total Transpile Time - 89.71381 (ms)
2026-07-11 01:11:19,701 [INFO] Pass: ContainsInstruction - 0.00930 (ms)
2026-07-11 01:11:19,701 [INFO] Pass: UnitarySynthesis - 0.00644 (ms)
2026-07-11 01:11:19,701 [INFO] Pass: HighLevelSynthesis - 0.00906 (ms)
2026-07-11 01:11:19,701 [INFO] Pass: BasisTranslator - 0.06342 (ms)
2026-07-11 01:11:19,701 [INFO] Pass: ElidePermutations - 0.00405 (ms)
2026-07-11 01:11:19,701 [INFO] Pass: RemoveDiagonalGatesBeforeMeasure - 0.00691 (ms)
2026-07-11 01:11:19,701 [INFO] Pass: RemoveIdentityEquivalent - 0.00572 (ms)
2026-07-11 01:11:19,702 [INFO] Pass: InverseCancellation - 0.02408 (ms)
2026-07-11 01:11:19,702 [INFO] Pass: ContractIdleWiresInControlFlow - 0.00215 (ms)
2026-07-11 01:11:19,702 [INFO] Pass: CommutativeCancellation - 0.08059 (ms)
2026-07-11 01:11:19,702 [INFO] Pass: ConsolidateBlocks - 0.04339 (ms)
2026-07-11 01:11:19,702 [INFO] Pass: Split2QUnitaries - 0.00286 (ms)
2026-07-11 01:11:19,702 [INFO] Pass: UnitarySynthesis - 0.00501 (ms)
2026-07-11 01:11:19,702 [INFO] Pass: HighLevelSynthesis - 0.03409 (ms)
2026-07-11 01:11:19,702 [INFO] Pass: BasisTranslator - 0.07749 (ms)
2026-07-11 01:11:19,702 [INFO] Pass: ConsolidateBlocks - 0.05198 (ms)
2026-07-11 01:11:19,702 [INFO] Pass: UnitarySynthesis - 0.00453 (ms)
2026-07-11 01:11:19,702 [INFO] Pass: Depth - 0.03004 (ms)
2026-07-11 01:11:19,702 [INFO] Pass: FixedPoint - 0.00429 (ms)
2026-07-11 01:11:19,702 [INFO] Pass: Size - 0.00286 (ms)
2026-07-11 01:11:19,702 [INFO] Pass: FixedPoint - 0.00262 (ms)
2026-07-11 01:11:19,702 [INFO] Pass: RemoveIdentityEquivalent - 0.00453 (ms)
2026-07-11 01:11:19,702 [INFO] Pass: Optimize1qGatesDecomposition - 0.13232 (ms)
2026-07-11 01:11:19,703 [INFO] Pass: CommutativeCancellation - 0.10276 (ms)
2026-07-11 01:11:19,703 [INFO] Pass: ContractIdleWiresInControlFlow - 0.00143 (ms)
2026-07-11 01:11:19,703 [INFO] Pass: GatesInBasis - 0.02861 (ms)
2026-07-11 01:11:19,703 [INFO] Pass: Depth - 0.02337 (ms)
2026-07-11 01:11:19,703 [INFO] Pass: FixedPoint - 0.00358 (ms)
2026-07-11 01:11:19,703 [INFO] Pass: Size - 0.00215 (ms)
2026-07-11 01:11:19,703 [INFO] Pass: FixedPoint - 0.00262 (ms)
2026-07-11 01:11:19,703 [INFO] Pass: ContainsInstruction - 0.00501 (ms)
2026-07-11 01:11:19,703 [INFO] Total Transpile Time - 88.32312 (ms)
2026-07-11 01:11:19,790 [INFO] Pass: ContainsInstruction - 0.00954 (ms)
2026-07-11 01:11:19,790 [INFO] Pass: UnitarySynthesis - 0.00644 (ms)
2026-07-11 01:11:19,790 [INFO] Pass: HighLevelSynthesis - 0.00858 (ms)
2026-07-11 01:11:19,790 [INFO] Pass: BasisTranslator - 0.05364 (ms)
2026-07-11 01:11:19,790 [INFO] Pass: ElidePermutations - 0.00334 (ms)
2026-07-11 01:11:19,790 [INFO] Pass: RemoveDiagonalGatesBeforeMeasure - 0.00644 (ms)
2026-07-11 01:11:19,790 [INFO] Pass: RemoveIdentityEquivalent - 0.00596 (ms)
2026-07-11 01:11:19,790 [INFO] Pass: InverseCancellation - 0.02313 (ms)
2026-07-11 01:11:19,790 [INFO] Pass: ContractIdleWiresInControlFlow - 0.00167 (ms)
2026-07-11 01:11:19,790 [INFO] Pass: CommutativeCancellation - 0.07510 (ms)
2026-07-11 01:11:19,790 [INFO] Pass: ConsolidateBlocks - 0.04292 (ms)
2026-07-11 01:11:19,790 [INFO] Pass: Split2QUnitaries - 0.00262 (ms)
2026-07-11 01:11:19,790 [INFO] Pass: UnitarySynthesis - 0.00548 (ms)
2026-07-11 01:11:19,790 [INFO] Pass: HighLevelSynthesis - 0.03672 (ms)
2026-07-11 01:11:19,790 [INFO] Pass: BasisTranslator - 0.07915 (ms)
2026-07-11 01:11:19,790 [INFO] Pass: ConsolidateBlocks - 0.05150 (ms)
2026-07-11 01:11:19,790 [INFO] Pass: UnitarySynthesis - 0.01073 (ms)
2026-07-11 01:11:19,790 [INFO] Pass: Depth - 0.02789 (ms)
2026-07-11 01:11:19,790 [INFO] Pass: FixedPoint - 0.00429 (ms)
2026-07-11 01:11:19,790 [INFO] Pass: Size - 0.00262 (ms)
2026-07-11 01:11:19,791 [INFO] Pass: FixedPoint - 0.00262 (ms)
2026-07-11 01:11:19,791 [INFO] Pass: RemoveIdentityEquivalent - 0.00501 (ms)
2026-07-11 01:11:19,791 [INFO] Pass: Optimize1qGatesDecomposition - 0.14091 (ms)
2026-07-11 01:11:19,791 [INFO] Pass: CommutativeCancellation - 0.09155 (ms)
2026-07-11 01:11:19,791 [INFO] Pass: ContractIdleWiresInControlFlow - 0.00167 (ms)
2026-07-11 01:11:19,791 [INFO] Pass: GatesInBasis - 0.02861 (ms)
2026-07-11 01:11:19,791 [INFO] Pass: Depth - 0.02551 (ms)
2026-07-11 01:11:19,791 [INFO] Pass: FixedPoint - 0.00405 (ms)
2026-07-11 01:11:19,791 [INFO] Pass: Size - 0.00238 (ms)
2026-07-11 01:11:19,791 [INFO] Pass: FixedPoint - 0.00286 (ms)
2026-07-11 01:11:19,791 [INFO] Pass: RemoveIdentityEquivalent - 0.00453 (ms)
2026-07-11 01:11:19,791 [INFO] Pass: Optimize1qGatesDecomposition - 0.12350 (ms)
2026-07-11 01:11:19,791 [INFO] Pass: CommutativeCancellation - 0.08368 (ms)
2026-07-11 01:11:19,791 [INFO] Pass: ContractIdleWiresInControlFlow - 0.00143 (ms)
2026-07-11 01:11:19,791 [INFO] Pass: GatesInBasis - 0.03290 (ms)
2026-07-11 01:11:19,791 [INFO] Pass: Depth - 0.02313 (ms)
2026-07-11 01:11:19,791 [INFO] Pass: FixedPoint - 0.00334 (ms)
2026-07-11 01:11:19,792 [INFO] Pass: Size - 0.00191 (ms)
2026-07-11 01:11:19,792 [INFO] Pass: FixedPoint - 0.00238 (ms)
2026-07-11 01:11:19,792 [INFO] Pass: ContainsInstruction - 0.00572 (ms)
2026-07-11 01:11:19,792 [INFO] Total Transpile Time - 88.46712 (ms)
2026-07-11 01:25:40,339 [INFO] [PCE] n=150 instancia 72/100 completada en 0:00:14:21 — transcurrido=0:18:38:09 restante_estimado=0:07:14:50
2026-07-11 01:25:40,440 [INFO] Pass: ContainsInstruction - 0.01025 (ms)
2026-07-11 01:25:40,440 [INFO] Pass: UnitarySynthesis - 0.01216 (ms)
2026-07-11 01:25:40,440 [INFO] Pass: HighLevelSynthesis - 0.01001 (ms)
2026-07-11 01:25:40,441 [INFO] Pass: BasisTranslator - 0.05960 (ms)
2026-07-11 01:25:40,441 [INFO] Pass: ElidePermutations - 0.00453 (ms)
2026-07-11 01:25:40,441 [INFO] Pass: RemoveDiagonalGatesBeforeMeasure - 0.00811 (ms)
2026-07-11 01:25:40,441 [INFO] Pass: RemoveIdentityEquivalent - 0.00358 (ms)
2026-07-11 01:25:40,441 [INFO] Pass: InverseCancellation - 0.00525 (ms)
2026-07-11 01:25:40,441 [INFO] Pass: ContractIdleWiresInControlFlow - 0.00262 (ms)
2026-07-11 01:25:40,441 [INFO] Pass: CommutativeCancellation - 0.07081 (ms)
2026-07-11 01:25:40,441 [INFO] Pass: ConsolidateBlocks - 0.04554 (ms)
2026-07-11 01:25:40,441 [INFO] Pass: Split2QUnitaries - 0.00310 (ms)
2026-07-11 01:25:40,441 [INFO] Pass: UnitarySynthesis - 0.00525 (ms)
2026-07-11 01:25:40,441 [INFO] Pass: HighLevelSynthesis - 0.03314 (ms)
2026-07-11 01:25:40,441 [INFO] Pass: BasisTranslator - 0.07272 (ms)
2026-07-11 01:25:40,441 [INFO] Pass: ConsolidateBlocks - 0.05341 (ms)
2026-07-11 01:25:40,441 [INFO] Pass: UnitarySynthesis - 0.00429 (ms)
2026-07-11 01:25:40,441 [INFO] Pass: Depth - 0.02575 (ms)
2026-07-11 01:25:40,441 [INFO] Pass: FixedPoint - 0.00453 (ms)
2026-07-11 01:25:40,441 [INFO] Pass: Size - 0.00334 (ms)
2026-07-11 01:25:40,441 [INFO] Pass: FixedPoint - 0.00238 (ms)
2026-07-11 01:25:40,441 [INFO] Pass: RemoveIdentityEquivalent - 0.00334 (ms)
2026-07-11 01:25:40,441 [INFO] Pass: Optimize1qGatesDecomposition - 0.03338 (ms)
2026-07-11 01:25:40,441 [INFO] Pass: CommutativeCancellation - 0.09465 (ms)
2026-07-11 01:25:40,442 [INFO] Pass: ContractIdleWiresInControlFlow - 0.00215 (ms)
2026-07-11 01:25:40,442 [INFO] Pass: GatesInBasis - 0.02885 (ms)
2026-07-11 01:25:40,442 [INFO] Pass: Depth - 0.02241 (ms)
2026-07-11 01:25:40,442 [INFO] Pass: FixedPoint - 0.00358 (ms)
2026-07-11 01:25:40,442 [INFO] Pass: Size - 0.00238 (ms)
2026-07-11 01:25:40,442 [INFO] Pass: FixedPoint - 0.00262 (ms)
2026-07-11 01:25:40,442 [INFO] Pass: ContainsInstruction - 0.00501 (ms)
2026-07-11 01:25:40,442 [INFO] Total Transpile Time - 85.85572 (ms)
2026-07-11 01:25:40,525 [INFO] Pass: ContainsInstruction - 0.00954 (ms)
2026-07-11 01:25:40,525 [INFO] Pass: UnitarySynthesis - 0.00620 (ms)
2026-07-11 01:25:40,525 [INFO] Pass: HighLevelSynthesis - 0.00978 (ms)
2026-07-11 01:25:40,525 [INFO] Pass: BasisTranslator - 0.05436 (ms)
2026-07-11 01:25:40,525 [INFO] Pass: ElidePermutations - 0.00358 (ms)
2026-07-11 01:25:40,525 [INFO] Pass: RemoveDiagonalGatesBeforeMeasure - 0.00668 (ms)
2026-07-11 01:25:40,525 [INFO] Pass: RemoveIdentityEquivalent - 0.00620 (ms)
2026-07-11 01:25:40,525 [INFO] Pass: InverseCancellation - 0.02384 (ms)
2026-07-11 01:25:40,525 [INFO] Pass: ContractIdleWiresInControlFlow - 0.00191 (ms)
2026-07-11 01:25:40,525 [INFO] Pass: CommutativeCancellation - 0.08345 (ms)
2026-07-11 01:25:40,526 [INFO] Pass: ConsolidateBlocks - 0.04482 (ms)
2026-07-11 01:25:40,526 [INFO] Pass: Split2QUnitaries - 0.00286 (ms)
2026-07-11 01:25:40,526 [INFO] Pass: UnitarySynthesis - 0.00525 (ms)
2026-07-11 01:25:40,526 [INFO] Pass: HighLevelSynthesis - 0.03457 (ms)
2026-07-11 01:25:40,526 [INFO] Pass: BasisTranslator - 0.07629 (ms)
2026-07-11 01:25:40,526 [INFO] Pass: ConsolidateBlocks - 0.05221 (ms)
2026-07-11 01:25:40,526 [INFO] Pass: UnitarySynthesis - 0.00453 (ms)
2026-07-11 01:25:40,526 [INFO] Pass: Depth - 0.02432 (ms)
2026-07-11 01:25:40,526 [INFO] Pass: FixedPoint - 0.00453 (ms)
2026-07-11 01:25:40,526 [INFO] Pass: Size - 0.00310 (ms)
2026-07-11 01:25:40,526 [INFO] Pass: FixedPoint - 0.00286 (ms)
2026-07-11 01:25:40,526 [INFO] Pass: RemoveIdentityEquivalent - 0.00501 (ms)
2026-07-11 01:25:40,526 [INFO] Pass: Optimize1qGatesDecomposition - 0.12851 (ms)
2026-07-11 01:25:40,526 [INFO] Pass: CommutativeCancellation - 0.09680 (ms)
2026-07-11 01:25:40,526 [INFO] Pass: ContractIdleWiresInControlFlow - 0.00191 (ms)
2026-07-11 01:25:40,526 [INFO] Pass: GatesInBasis - 0.02885 (ms)
2026-07-11 01:25:40,526 [INFO] Pass: Depth - 0.02170 (ms)
2026-07-11 01:25:40,526 [INFO] Pass: FixedPoint - 0.00334 (ms)
2026-07-11 01:25:40,526 [INFO] Pass: Size - 0.00215 (ms)
2026-07-11 01:25:40,526 [INFO] Pass: FixedPoint - 0.00286 (ms)
2026-07-11 01:25:40,526 [INFO] Pass: ContainsInstruction - 0.00525 (ms)
2026-07-11 01:25:40,527 [INFO] Total Transpile Time - 84.35440 (ms)
2026-07-11 01:25:40,610 [INFO] Pass: ContainsInstruction - 0.00930 (ms)
2026-07-11 01:25:40,610 [INFO] Pass: UnitarySynthesis - 0.00620 (ms)
2026-07-11 01:25:40,610 [INFO] Pass: HighLevelSynthesis - 0.01001 (ms)
2026-07-11 01:25:40,610 [INFO] Pass: BasisTranslator - 0.05245 (ms)
2026-07-11 01:25:40,610 [INFO] Pass: ElidePermutations - 0.00334 (ms)
2026-07-11 01:25:40,610 [INFO] Pass: RemoveDiagonalGatesBeforeMeasure - 0.00596 (ms)
2026-07-11 01:25:40,610 [INFO] Pass: RemoveIdentityEquivalent - 0.00596 (ms)
2026-07-11 01:25:40,610 [INFO] Pass: InverseCancellation - 0.02313 (ms)
2026-07-11 01:25:40,610 [INFO] Pass: ContractIdleWiresInControlFlow - 0.00215 (ms)
2026-07-11 01:25:40,610 [INFO] Pass: CommutativeCancellation - 0.07319 (ms)
2026-07-11 01:25:40,610 [INFO] Pass: ConsolidateBlocks - 0.05102 (ms)
2026-07-11 01:25:40,610 [INFO] Pass: Split2QUnitaries - 0.00262 (ms)
2026-07-11 01:25:40,610 [INFO] Pass: UnitarySynthesis - 0.00572 (ms)
2026-07-11 01:25:40,611 [INFO] Pass: HighLevelSynthesis - 0.03505 (ms)
2026-07-11 01:25:40,611 [INFO] Pass: BasisTranslator - 0.07486 (ms)
2026-07-11 01:25:40,611 [INFO] Pass: ConsolidateBlocks - 0.05150 (ms)
2026-07-11 01:25:40,611 [INFO] Pass: UnitarySynthesis - 0.00477 (ms)
2026-07-11 01:25:40,611 [INFO] Pass: Depth - 0.02408 (ms)
2026-07-11 01:25:40,611 [INFO] Pass: FixedPoint - 0.00429 (ms)
2026-07-11 01:25:40,611 [INFO] Pass: Size - 0.00286 (ms)
2026-07-11 01:25:40,611 [INFO] Pass: FixedPoint - 0.00262 (ms)
2026-07-11 01:25:40,611 [INFO] Pass: RemoveIdentityEquivalent - 0.00572 (ms)
2026-07-11 01:25:40,611 [INFO] Pass: Optimize1qGatesDecomposition - 0.13065 (ms)
2026-07-11 01:25:40,611 [INFO] Pass: CommutativeCancellation - 0.08774 (ms)
2026-07-11 01:25:40,611 [INFO] Pass: ContractIdleWiresInControlFlow - 0.00191 (ms)
2026-07-11 01:25:40,611 [INFO] Pass: GatesInBasis - 0.02766 (ms)
2026-07-11 01:25:40,611 [INFO] Pass: Depth - 0.02313 (ms)
2026-07-11 01:25:40,611 [INFO] Pass: FixedPoint - 0.00358 (ms)
2026-07-11 01:25:40,611 [INFO] Pass: Size - 0.00238 (ms)
2026-07-11 01:25:40,611 [INFO] Pass: FixedPoint - 0.00286 (ms)
2026-07-11 01:25:40,611 [INFO] Pass: RemoveIdentityEquivalent - 0.00501 (ms)
2026-07-11 01:25:40,612 [INFO] Pass: Optimize1qGatesDecomposition - 0.11373 (ms)
2026-07-11 01:25:40,612 [INFO] Pass: CommutativeCancellation - 0.08321 (ms)
2026-07-11 01:25:40,612 [INFO] Pass: ContractIdleWiresInControlFlow - 0.00191 (ms)
2026-07-11 01:25:40,612 [INFO] Pass: GatesInBasis - 0.02646 (ms)
2026-07-11 01:25:40,612 [INFO] Pass: Depth - 0.02170 (ms)
2026-07-11 01:25:40,612 [INFO] Pass: FixedPoint - 0.00334 (ms)
2026-07-11 01:25:40,612 [INFO] Pass: Size - 0.00191 (ms)
2026-07-11 01:25:40,612 [INFO] Pass: FixedPoint - 0.00286 (ms)
2026-07-11 01:25:40,612 [INFO] Pass: ContainsInstruction - 0.00548 (ms)
2026-07-11 01:25:40,612 [INFO] Total Transpile Time - 85.07156 (ms)
2026-07-11 01:38:37,664 [INFO] [PCE] n=150 instancia 73/100 completada en 0:00:12:57 — transcurrido=0:18:51:06 restante_estimado=0:06:58:21
2026-07-11 01:38:37,771 [INFO] Pass: ContainsInstruction - 0.01121 (ms)
2026-07-11 01:38:37,771 [INFO] Pass: UnitarySynthesis - 0.00691 (ms)
2026-07-11 01:38:37,771 [INFO] Pass: HighLevelSynthesis - 0.01168 (ms)
2026-07-11 01:38:37,771 [INFO] Pass: BasisTranslator - 0.06056 (ms)
2026-07-11 01:38:37,771 [INFO] Pass: ElidePermutations - 0.00477 (ms)
2026-07-11 01:38:37,771 [INFO] Pass: RemoveDiagonalGatesBeforeMeasure - 0.00834 (ms)
2026-07-11 01:38:37,771 [INFO] Pass: RemoveIdentityEquivalent - 0.00381 (ms)
2026-07-11 01:38:37,771 [INFO] Pass: InverseCancellation - 0.00501 (ms)
2026-07-11 01:38:37,771 [INFO] Pass: ContractIdleWiresInControlFlow - 0.00262 (ms)
2026-07-11 01:38:37,772 [INFO] Pass: CommutativeCancellation - 0.07796 (ms)
2026-07-11 01:38:37,772 [INFO] Pass: ConsolidateBlocks - 0.04435 (ms)
2026-07-11 01:38:37,772 [INFO] Pass: Split2QUnitaries - 0.00334 (ms)
2026-07-11 01:38:37,772 [INFO] Pass: UnitarySynthesis - 0.00501 (ms)
2026-07-11 01:38:37,772 [INFO] Pass: HighLevelSynthesis - 0.03362 (ms)
2026-07-11 01:38:37,772 [INFO] Pass: BasisTranslator - 0.07892 (ms)
2026-07-11 01:38:37,772 [INFO] Pass: ConsolidateBlocks - 0.05460 (ms)
2026-07-11 01:38:37,772 [INFO] Pass: UnitarySynthesis - 0.00429 (ms)
2026-07-11 01:38:37,772 [INFO] Pass: Depth - 0.02789 (ms)
2026-07-11 01:38:37,772 [INFO] Pass: FixedPoint - 0.00477 (ms)
2026-07-11 01:38:37,772 [INFO] Pass: Size - 0.00358 (ms)
2026-07-11 01:38:37,772 [INFO] Pass: FixedPoint - 0.00310 (ms)
2026-07-11 01:38:37,772 [INFO] Pass: RemoveIdentityEquivalent - 0.00334 (ms)
2026-07-11 01:38:37,772 [INFO] Pass: Optimize1qGatesDecomposition - 0.03958 (ms)
2026-07-11 01:38:37,772 [INFO] Pass: CommutativeCancellation - 0.09346 (ms)
2026-07-11 01:38:37,772 [INFO] Pass: ContractIdleWiresInControlFlow - 0.00215 (ms)
2026-07-11 01:38:37,772 [INFO] Pass: GatesInBasis - 0.02861 (ms)
2026-07-11 01:38:37,772 [INFO] Pass: Depth - 0.02337 (ms)
2026-07-11 01:38:37,772 [INFO] Pass: FixedPoint - 0.00334 (ms)
2026-07-11 01:38:37,772 [INFO] Pass: Size - 0.00238 (ms)
2026-07-11 01:38:37,772 [INFO] Pass: FixedPoint - 0.00262 (ms)
2026-07-11 01:38:37,772 [INFO] Pass: ContainsInstruction - 0.00525 (ms)
2026-07-11 01:38:37,773 [INFO] Total Transpile Time - 90.78908 (ms)
2026-07-11 01:38:37,860 [INFO] Pass: ContainsInstruction - 0.00954 (ms)
2026-07-11 01:38:37,860 [INFO] Pass: UnitarySynthesis - 0.00620 (ms)
2026-07-11 01:38:37,860 [INFO] Pass: HighLevelSynthesis - 0.00954 (ms)
2026-07-11 01:38:37,860 [INFO] Pass: BasisTranslator - 0.05770 (ms)
2026-07-11 01:38:37,860 [INFO] Pass: ElidePermutations - 0.00381 (ms)
2026-07-11 01:38:37,860 [INFO] Pass: RemoveDiagonalGatesBeforeMeasure - 0.00691 (ms)
2026-07-11 01:38:37,860 [INFO] Pass: RemoveIdentityEquivalent - 0.00525 (ms)
2026-07-11 01:38:37,860 [INFO] Pass: InverseCancellation - 0.02527 (ms)
2026-07-11 01:38:37,860 [INFO] Pass: ContractIdleWiresInControlFlow - 0.00215 (ms)
2026-07-11 01:38:37,860 [INFO] Pass: CommutativeCancellation - 0.08106 (ms)
2026-07-11 01:38:37,861 [INFO] Pass: ConsolidateBlocks - 0.04601 (ms)
2026-07-11 01:38:37,861 [INFO] Pass: Split2QUnitaries - 0.00238 (ms)
2026-07-11 01:38:37,861 [INFO] Pass: UnitarySynthesis - 0.00501 (ms)
2026-07-11 01:38:37,861 [INFO] Pass: HighLevelSynthesis - 0.03409 (ms)
2026-07-11 01:38:37,861 [INFO] Pass: BasisTranslator - 0.07892 (ms)
2026-07-11 01:38:37,861 [INFO] Pass: ConsolidateBlocks - 0.05507 (ms)
2026-07-11 01:38:37,861 [INFO] Pass: UnitarySynthesis - 0.00453 (ms)
2026-07-11 01:38:37,861 [INFO] Pass: Depth - 0.03099 (ms)
2026-07-11 01:38:37,861 [INFO] Pass: FixedPoint - 0.00453 (ms)
2026-07-11 01:38:37,861 [INFO] Pass: Size - 0.00286 (ms)
2026-07-11 01:38:37,861 [INFO] Pass: FixedPoint - 0.00262 (ms)
2026-07-11 01:38:37,861 [INFO] Pass: RemoveIdentityEquivalent - 0.00477 (ms)
2026-07-11 01:38:37,861 [INFO] Pass: Optimize1qGatesDecomposition - 0.13494 (ms)
2026-07-11 01:38:37,861 [INFO] Pass: CommutativeCancellation - 0.09823 (ms)
2026-07-11 01:38:37,861 [INFO] Pass: ContractIdleWiresInControlFlow - 0.00215 (ms)
2026-07-11 01:38:37,861 [INFO] Pass: GatesInBasis - 0.03457 (ms)
2026-07-11 01:38:37,861 [INFO] Pass: Depth - 0.02408 (ms)
2026-07-11 01:38:37,861 [INFO] Pass: FixedPoint - 0.00381 (ms)
2026-07-11 01:38:37,862 [INFO] Pass: Size - 0.00191 (ms)
2026-07-11 01:38:37,862 [INFO] Pass: FixedPoint - 0.00262 (ms)
2026-07-11 01:38:37,862 [INFO] Pass: ContainsInstruction - 0.00525 (ms)
2026-07-11 01:38:37,862 [INFO] Total Transpile Time - 88.69958 (ms)
2026-07-11 01:38:37,949 [INFO] Pass: ContainsInstruction - 0.00930 (ms)
2026-07-11 01:38:37,949 [INFO] Pass: UnitarySynthesis - 0.00668 (ms)
2026-07-11 01:38:37,949 [INFO] Pass: HighLevelSynthesis - 0.00906 (ms)
2026-07-11 01:38:37,950 [INFO] Pass: BasisTranslator - 0.05460 (ms)
2026-07-11 01:38:37,950 [INFO] Pass: ElidePermutations - 0.00358 (ms)
2026-07-11 01:38:37,950 [INFO] Pass: RemoveDiagonalGatesBeforeMeasure - 0.00644 (ms)
2026-07-11 01:38:37,950 [INFO] Pass: RemoveIdentityEquivalent - 0.00525 (ms)
2026-07-11 01:38:37,950 [INFO] Pass: InverseCancellation - 0.02265 (ms)
2026-07-11 01:38:37,950 [INFO] Pass: ContractIdleWiresInControlFlow - 0.00191 (ms)
2026-07-11 01:38:37,950 [INFO] Pass: CommutativeCancellation - 0.07319 (ms)
2026-07-11 01:38:37,950 [INFO] Pass: ConsolidateBlocks - 0.04292 (ms)
2026-07-11 01:38:37,950 [INFO] Pass: Split2QUnitaries - 0.00238 (ms)
2026-07-11 01:38:37,950 [INFO] Pass: UnitarySynthesis - 0.00525 (ms)
2026-07-11 01:38:37,950 [INFO] Pass: HighLevelSynthesis - 0.03433 (ms)
2026-07-11 01:38:37,950 [INFO] Pass: BasisTranslator - 0.07725 (ms)
2026-07-11 01:38:37,950 [INFO] Pass: ConsolidateBlocks - 0.05317 (ms)
2026-07-11 01:38:37,950 [INFO] Pass: UnitarySynthesis - 0.00501 (ms)
2026-07-11 01:38:37,950 [INFO] Pass: Depth - 0.02527 (ms)
2026-07-11 01:38:37,950 [INFO] Pass: FixedPoint - 0.00381 (ms)
2026-07-11 01:38:37,950 [INFO] Pass: Size - 0.00215 (ms)
2026-07-11 01:38:37,950 [INFO] Pass: FixedPoint - 0.00238 (ms)
2026-07-11 01:38:37,950 [INFO] Pass: RemoveIdentityEquivalent - 0.00477 (ms)
2026-07-11 01:38:37,951 [INFO] Pass: Optimize1qGatesDecomposition - 0.14615 (ms)
2026-07-11 01:38:37,951 [INFO] Pass: CommutativeCancellation - 0.09251 (ms)
2026-07-11 01:38:37,951 [INFO] Pass: ContractIdleWiresInControlFlow - 0.00215 (ms)
2026-07-11 01:38:37,951 [INFO] Pass: GatesInBasis - 0.02789 (ms)
2026-07-11 01:38:37,951 [INFO] Pass: Depth - 0.02456 (ms)
2026-07-11 01:38:37,951 [INFO] Pass: FixedPoint - 0.00358 (ms)
2026-07-11 01:38:37,951 [INFO] Pass: Size - 0.00215 (ms)
2026-07-11 01:38:37,951 [INFO] Pass: FixedPoint - 0.00286 (ms)
2026-07-11 01:38:37,951 [INFO] Pass: RemoveIdentityEquivalent - 0.00453 (ms)
2026-07-11 01:38:37,951 [INFO] Pass: Optimize1qGatesDecomposition - 0.12064 (ms)
2026-07-11 01:38:37,951 [INFO] Pass: CommutativeCancellation - 0.08726 (ms)
2026-07-11 01:38:37,951 [INFO] Pass: ContractIdleWiresInControlFlow - 0.00167 (ms)
2026-07-11 01:38:37,951 [INFO] Pass: GatesInBasis - 0.02670 (ms)
2026-07-11 01:38:37,951 [INFO] Pass: Depth - 0.02265 (ms)
2026-07-11 01:38:37,951 [INFO] Pass: FixedPoint - 0.00334 (ms)
2026-07-11 01:38:37,951 [INFO] Pass: Size - 0.00215 (ms)
2026-07-11 01:38:37,951 [INFO] Pass: FixedPoint - 0.00262 (ms)
2026-07-11 01:38:37,951 [INFO] Pass: ContainsInstruction - 0.00548 (ms)
2026-07-11 01:38:37,952 [INFO] Total Transpile Time - 89.45632 (ms)
2026-07-11 01:53:32,692 [INFO] [PCE] n=150 instancia 74/100 completada en 0:00:14:55 — transcurrido=0:19:06:01 restante_estimado=0:06:42:39
2026-07-11 01:53:32,795 [INFO] Pass: ContainsInstruction - 0.01144 (ms)
2026-07-11 01:53:32,795 [INFO] Pass: UnitarySynthesis - 0.00668 (ms)
2026-07-11 01:53:32,795 [INFO] Pass: HighLevelSynthesis - 0.00954 (ms)
2026-07-11 01:53:32,795 [INFO] Pass: BasisTranslator - 0.05746 (ms)
2026-07-11 01:53:32,795 [INFO] Pass: ElidePermutations - 0.00477 (ms)
2026-07-11 01:53:32,795 [INFO] Pass: RemoveDiagonalGatesBeforeMeasure - 0.00787 (ms)
2026-07-11 01:53:32,795 [INFO] Pass: RemoveIdentityEquivalent - 0.00429 (ms)
2026-07-11 01:53:32,795 [INFO] Pass: InverseCancellation - 0.00501 (ms)
2026-07-11 01:53:32,795 [INFO] Pass: ContractIdleWiresInControlFlow - 0.00191 (ms)
2026-07-11 01:53:32,795 [INFO] Pass: CommutativeCancellation - 0.07534 (ms)
2026-07-11 01:53:32,795 [INFO] Pass: ConsolidateBlocks - 0.04554 (ms)
2026-07-11 01:53:32,795 [INFO] Pass: Split2QUnitaries - 0.00310 (ms)
2026-07-11 01:53:32,795 [INFO] Pass: UnitarySynthesis - 0.00525 (ms)
2026-07-11 01:53:32,795 [INFO] Pass: HighLevelSynthesis - 0.03338 (ms)
2026-07-11 01:53:32,795 [INFO] Pass: BasisTranslator - 0.07319 (ms)
2026-07-11 01:53:32,795 [INFO] Pass: ConsolidateBlocks - 0.05198 (ms)
2026-07-11 01:53:32,795 [INFO] Pass: UnitarySynthesis - 0.00477 (ms)
2026-07-11 01:53:32,795 [INFO] Pass: Depth - 0.02527 (ms)
2026-07-11 01:53:32,795 [INFO] Pass: FixedPoint - 0.00429 (ms)
2026-07-11 01:53:32,796 [INFO] Pass: Size - 0.00310 (ms)
2026-07-11 01:53:32,796 [INFO] Pass: FixedPoint - 0.00262 (ms)
2026-07-11 01:53:32,796 [INFO] Pass: RemoveIdentityEquivalent - 0.00381 (ms)
2026-07-11 01:53:32,796 [INFO] Pass: Optimize1qGatesDecomposition - 0.03552 (ms)
2026-07-11 01:53:32,796 [INFO] Pass: CommutativeCancellation - 0.08988 (ms)
2026-07-11 01:53:32,796 [INFO] Pass: ContractIdleWiresInControlFlow - 0.00167 (ms)
2026-07-11 01:53:32,796 [INFO] Pass: GatesInBasis - 0.02766 (ms)
2026-07-11 01:53:32,796 [INFO] Pass: Depth - 0.02313 (ms)
2026-07-11 01:53:32,796 [INFO] Pass: FixedPoint - 0.00358 (ms)
2026-07-11 01:53:32,796 [INFO] Pass: Size - 0.00191 (ms)
2026-07-11 01:53:32,796 [INFO] Pass: FixedPoint - 0.00286 (ms)
2026-07-11 01:53:32,796 [INFO] Pass: ContainsInstruction - 0.00501 (ms)
2026-07-11 01:53:32,796 [INFO] Total Transpile Time - 86.43818 (ms)
2026-07-11 01:53:32,880 [INFO] Pass: ContainsInstruction - 0.01001 (ms)
2026-07-11 01:53:32,880 [INFO] Pass: UnitarySynthesis - 0.00572 (ms)
2026-07-11 01:53:32,880 [INFO] Pass: HighLevelSynthesis - 0.00930 (ms)
2026-07-11 01:53:32,880 [INFO] Pass: BasisTranslator - 0.05460 (ms)
2026-07-11 01:53:32,880 [INFO] Pass: ElidePermutations - 0.00405 (ms)
2026-07-11 01:53:32,880 [INFO] Pass: RemoveDiagonalGatesBeforeMeasure - 0.00644 (ms)
2026-07-11 01:53:32,880 [INFO] Pass: RemoveIdentityEquivalent - 0.00453 (ms)
2026-07-11 01:53:32,880 [INFO] Pass: InverseCancellation - 0.02384 (ms)
2026-07-11 01:53:32,880 [INFO] Pass: ContractIdleWiresInControlFlow - 0.00191 (ms)
2026-07-11 01:53:32,880 [INFO] Pass: CommutativeCancellation - 0.08106 (ms)
2026-07-11 01:53:32,880 [INFO] Pass: ConsolidateBlocks - 0.04363 (ms)
2026-07-11 01:53:32,880 [INFO] Pass: Split2QUnitaries - 0.00286 (ms)
2026-07-11 01:53:32,881 [INFO] Pass: UnitarySynthesis - 0.00501 (ms)
2026-07-11 01:53:32,881 [INFO] Pass: HighLevelSynthesis - 0.03338 (ms)
2026-07-11 01:53:32,881 [INFO] Pass: BasisTranslator - 0.07200 (ms)
2026-07-11 01:53:32,881 [INFO] Pass: ConsolidateBlocks - 0.05245 (ms)
2026-07-11 01:53:32,881 [INFO] Pass: UnitarySynthesis - 0.00477 (ms)
2026-07-11 01:53:32,881 [INFO] Pass: Depth - 0.02480 (ms)
2026-07-11 01:53:32,881 [INFO] Pass: FixedPoint - 0.00453 (ms)
2026-07-11 01:53:32,881 [INFO] Pass: Size - 0.00310 (ms)
2026-07-11 01:53:32,881 [INFO] Pass: FixedPoint - 0.00215 (ms)
2026-07-11 01:53:32,881 [INFO] Pass: RemoveIdentityEquivalent - 0.00405 (ms)
2026-07-11 01:53:32,881 [INFO] Pass: Optimize1qGatesDecomposition - 0.12851 (ms)
2026-07-11 01:53:32,881 [INFO] Pass: CommutativeCancellation - 0.09489 (ms)
2026-07-11 01:53:32,881 [INFO] Pass: ContractIdleWiresInControlFlow - 0.00191 (ms)
2026-07-11 01:53:32,881 [INFO] Pass: GatesInBasis - 0.02885 (ms)
2026-07-11 01:53:32,881 [INFO] Pass: Depth - 0.02432 (ms)
2026-07-11 01:53:32,881 [INFO] Pass: FixedPoint - 0.00358 (ms)
2026-07-11 01:53:32,881 [INFO] Pass: Size - 0.00238 (ms)
2026-07-11 01:53:32,881 [INFO] Pass: FixedPoint - 0.00262 (ms)
2026-07-11 01:53:32,881 [INFO] Pass: ContainsInstruction - 0.00525 (ms)
2026-07-11 01:53:32,882 [INFO] Total Transpile Time - 85.10756 (ms)
2026-07-11 01:53:32,965 [INFO] Pass: ContainsInstruction - 0.01788 (ms)
2026-07-11 01:53:32,965 [INFO] Pass: UnitarySynthesis - 0.00596 (ms)
2026-07-11 01:53:32,966 [INFO] Pass: HighLevelSynthesis - 0.00930 (ms)
2026-07-11 01:53:32,966 [INFO] Pass: BasisTranslator - 0.05245 (ms)
2026-07-11 01:53:32,966 [INFO] Pass: ElidePermutations - 0.00381 (ms)
2026-07-11 01:53:32,966 [INFO] Pass: RemoveDiagonalGatesBeforeMeasure - 0.00620 (ms)
2026-07-11 01:53:32,966 [INFO] Pass: RemoveIdentityEquivalent - 0.00548 (ms)
2026-07-11 01:53:32,966 [INFO] Pass: InverseCancellation - 0.02313 (ms)
2026-07-11 01:53:32,966 [INFO] Pass: ContractIdleWiresInControlFlow - 0.00167 (ms)
2026-07-11 01:53:32,966 [INFO] Pass: CommutativeCancellation - 0.06866 (ms)
2026-07-11 01:53:32,966 [INFO] Pass: ConsolidateBlocks - 0.04244 (ms)
2026-07-11 01:53:32,966 [INFO] Pass: Split2QUnitaries - 0.00262 (ms)
2026-07-11 01:53:32,966 [INFO] Pass: UnitarySynthesis - 0.00548 (ms)
2026-07-11 01:53:32,966 [INFO] Pass: HighLevelSynthesis - 0.03409 (ms)
2026-07-11 01:53:32,966 [INFO] Pass: BasisTranslator - 0.07343 (ms)
2026-07-11 01:53:32,966 [INFO] Pass: ConsolidateBlocks - 0.05221 (ms)
2026-07-11 01:53:32,966 [INFO] Pass: UnitarySynthesis - 0.00453 (ms)
2026-07-11 01:53:32,966 [INFO] Pass: Depth - 0.02360 (ms)
2026-07-11 01:53:32,966 [INFO] Pass: FixedPoint - 0.00405 (ms)
2026-07-11 01:53:32,966 [INFO] Pass: Size - 0.00286 (ms)
2026-07-11 01:53:32,966 [INFO] Pass: FixedPoint - 0.00262 (ms)
2026-07-11 01:53:32,966 [INFO] Pass: RemoveIdentityEquivalent - 0.00477 (ms)
2026-07-11 01:53:32,967 [INFO] Pass: Optimize1qGatesDecomposition - 0.13614 (ms)
2026-07-11 01:53:32,967 [INFO] Pass: CommutativeCancellation - 0.08774 (ms)
2026-07-11 01:53:32,967 [INFO] Pass: ContractIdleWiresInControlFlow - 0.00191 (ms)
2026-07-11 01:53:32,967 [INFO] Pass: GatesInBasis - 0.02837 (ms)
2026-07-11 01:53:32,967 [INFO] Pass: Depth - 0.02265 (ms)
2026-07-11 01:53:32,967 [INFO] Pass: FixedPoint - 0.00381 (ms)
2026-07-11 01:53:32,967 [INFO] Pass: Size - 0.00191 (ms)
2026-07-11 01:53:32,967 [INFO] Pass: FixedPoint - 0.00286 (ms)
2026-07-11 01:53:32,967 [INFO] Pass: RemoveIdentityEquivalent - 0.00429 (ms)
2026-07-11 01:53:32,967 [INFO] Pass: Optimize1qGatesDecomposition - 0.11635 (ms)
2026-07-11 01:53:32,967 [INFO] Pass: CommutativeCancellation - 0.08202 (ms)
2026-07-11 01:53:32,967 [INFO] Pass: ContractIdleWiresInControlFlow - 0.00191 (ms)
2026-07-11 01:53:32,967 [INFO] Pass: GatesInBasis - 0.02718 (ms)
2026-07-11 01:53:32,967 [INFO] Pass: Depth - 0.02098 (ms)
2026-07-11 01:53:32,967 [INFO] Pass: FixedPoint - 0.00334 (ms)
2026-07-11 01:53:32,967 [INFO] Pass: Size - 0.00215 (ms)
2026-07-11 01:53:32,967 [INFO] Pass: FixedPoint - 0.00262 (ms)
2026-07-11 01:53:32,967 [INFO] Pass: ContainsInstruction - 0.00525 (ms)
2026-07-11 01:53:32,968 [INFO] Total Transpile Time - 85.57248 (ms)
2026-07-11 02:07:30,917 [INFO] [PCE] n=150 instancia 75/100 completada en 0:00:13:58 — transcurrido=0:19:20:00 restante_estimado=0:06:26:40
2026-07-11 02:07:31,023 [INFO] Pass: ContainsInstruction - 0.01097 (ms)
2026-07-11 02:07:31,023 [INFO] Pass: UnitarySynthesis - 0.00691 (ms)
2026-07-11 02:07:31,023 [INFO] Pass: HighLevelSynthesis - 0.00978 (ms)
2026-07-11 02:07:31,023 [INFO] Pass: BasisTranslator - 0.05913 (ms)
2026-07-11 02:07:31,023 [INFO] Pass: ElidePermutations - 0.00477 (ms)
2026-07-11 02:07:31,023 [INFO] Pass: RemoveDiagonalGatesBeforeMeasure - 0.00763 (ms)
2026-07-11 02:07:31,023 [INFO] Pass: RemoveIdentityEquivalent - 0.00405 (ms)
2026-07-11 02:07:31,023 [INFO] Pass: InverseCancellation - 0.00501 (ms)
2026-07-11 02:07:31,023 [INFO] Pass: ContractIdleWiresInControlFlow - 0.00191 (ms)
2026-07-11 02:07:31,023 [INFO] Pass: CommutativeCancellation - 0.07558 (ms)
2026-07-11 02:07:31,023 [INFO] Pass: ConsolidateBlocks - 0.04554 (ms)
2026-07-11 02:07:31,023 [INFO] Pass: Split2QUnitaries - 0.00310 (ms)
2026-07-11 02:07:31,023 [INFO] Pass: UnitarySynthesis - 0.00525 (ms)
2026-07-11 02:07:31,023 [INFO] Pass: HighLevelSynthesis - 0.03362 (ms)
2026-07-11 02:07:31,024 [INFO] Pass: BasisTranslator - 0.07463 (ms)
2026-07-11 02:07:31,024 [INFO] Pass: ConsolidateBlocks - 0.05341 (ms)
2026-07-11 02:07:31,024 [INFO] Pass: UnitarySynthesis - 0.00477 (ms)
2026-07-11 02:07:31,024 [INFO] Pass: Depth - 0.02503 (ms)
2026-07-11 02:07:31,024 [INFO] Pass: FixedPoint - 0.00548 (ms)
2026-07-11 02:07:31,024 [INFO] Pass: Size - 0.00358 (ms)
2026-07-11 02:07:31,024 [INFO] Pass: FixedPoint - 0.00262 (ms)
2026-07-11 02:07:31,024 [INFO] Pass: RemoveIdentityEquivalent - 0.00358 (ms)
2026-07-11 02:07:31,024 [INFO] Pass: Optimize1qGatesDecomposition - 0.03457 (ms)
2026-07-11 02:07:31,024 [INFO] Pass: CommutativeCancellation - 0.08631 (ms)
2026-07-11 02:07:31,024 [INFO] Pass: ContractIdleWiresInControlFlow - 0.00167 (ms)
2026-07-11 02:07:31,024 [INFO] Pass: GatesInBasis - 0.02789 (ms)
2026-07-11 02:07:31,024 [INFO] Pass: Depth - 0.02193 (ms)
2026-07-11 02:07:31,024 [INFO] Pass: FixedPoint - 0.00358 (ms)
2026-07-11 02:07:31,024 [INFO] Pass: Size - 0.00191 (ms)
2026-07-11 02:07:31,024 [INFO] Pass: FixedPoint - 0.00238 (ms)
2026-07-11 02:07:31,024 [INFO] Pass: ContainsInstruction - 0.00501 (ms)
2026-07-11 02:07:31,025 [INFO] Total Transpile Time - 87.94284 (ms)
2026-07-11 02:07:31,110 [INFO] Pass: ContainsInstruction - 0.00978 (ms)
2026-07-11 02:07:31,111 [INFO] Pass: UnitarySynthesis - 0.00620 (ms)
2026-07-11 02:07:31,111 [INFO] Pass: HighLevelSynthesis - 0.00930 (ms)
2026-07-11 02:07:31,111 [INFO] Pass: BasisTranslator - 0.05269 (ms)
2026-07-11 02:07:31,111 [INFO] Pass: ElidePermutations - 0.00381 (ms)
2026-07-11 02:07:31,111 [INFO] Pass: RemoveDiagonalGatesBeforeMeasure - 0.00715 (ms)
2026-07-11 02:07:31,111 [INFO] Pass: RemoveIdentityEquivalent - 0.00501 (ms)
2026-07-11 02:07:31,111 [INFO] Pass: InverseCancellation - 0.02313 (ms)
2026-07-11 02:07:31,111 [INFO] Pass: ContractIdleWiresInControlFlow - 0.00215 (ms)
2026-07-11 02:07:31,111 [INFO] Pass: CommutativeCancellation - 0.07343 (ms)
2026-07-11 02:07:31,111 [INFO] Pass: ConsolidateBlocks - 0.04363 (ms)
2026-07-11 02:07:31,111 [INFO] Pass: Split2QUnitaries - 0.00238 (ms)
2026-07-11 02:07:31,111 [INFO] Pass: UnitarySynthesis - 0.00501 (ms)
2026-07-11 02:07:31,111 [INFO] Pass: HighLevelSynthesis - 0.03433 (ms)
2026-07-11 02:07:31,111 [INFO] Pass: BasisTranslator - 0.07057 (ms)
2026-07-11 02:07:31,111 [INFO] Pass: ConsolidateBlocks - 0.05198 (ms)
2026-07-11 02:07:31,111 [INFO] Pass: UnitarySynthesis - 0.00429 (ms)
2026-07-11 02:07:31,111 [INFO] Pass: Depth - 0.02408 (ms)
2026-07-11 02:07:31,111 [INFO] Pass: FixedPoint - 0.00405 (ms)
2026-07-11 02:07:31,111 [INFO] Pass: Size - 0.00310 (ms)
2026-07-11 02:07:31,111 [INFO] Pass: FixedPoint - 0.00262 (ms)
2026-07-11 02:07:31,111 [INFO] Pass: RemoveIdentityEquivalent - 0.00548 (ms)
2026-07-11 02:07:31,112 [INFO] Pass: Optimize1qGatesDecomposition - 0.12684 (ms)
2026-07-11 02:07:31,112 [INFO] Pass: CommutativeCancellation - 0.09179 (ms)
2026-07-11 02:07:31,112 [INFO] Pass: ContractIdleWiresInControlFlow - 0.00215 (ms)
2026-07-11 02:07:31,112 [INFO] Pass: GatesInBasis - 0.02766 (ms)
2026-07-11 02:07:31,112 [INFO] Pass: Depth - 0.02265 (ms)
2026-07-11 02:07:31,112 [INFO] Pass: FixedPoint - 0.00358 (ms)
2026-07-11 02:07:31,112 [INFO] Pass: Size - 0.00215 (ms)
2026-07-11 02:07:31,112 [INFO] Pass: FixedPoint - 0.00262 (ms)
2026-07-11 02:07:31,112 [INFO] Pass: ContainsInstruction - 0.00596 (ms)
2026-07-11 02:07:31,112 [INFO] Total Transpile Time - 87.36897 (ms)
2026-07-11 02:07:31,198 [INFO] Pass: ContainsInstruction - 0.00930 (ms)
2026-07-11 02:07:31,198 [INFO] Pass: UnitarySynthesis - 0.00644 (ms)
2026-07-11 02:07:31,198 [INFO] Pass: HighLevelSynthesis - 0.00882 (ms)
2026-07-11 02:07:31,198 [INFO] Pass: BasisTranslator - 0.05150 (ms)
2026-07-11 02:07:31,198 [INFO] Pass: ElidePermutations - 0.00286 (ms)
2026-07-11 02:07:31,198 [INFO] Pass: RemoveDiagonalGatesBeforeMeasure - 0.00668 (ms)
2026-07-11 02:07:31,198 [INFO] Pass: RemoveIdentityEquivalent - 0.00525 (ms)
2026-07-11 02:07:31,198 [INFO] Pass: InverseCancellation - 0.02480 (ms)
2026-07-11 02:07:31,198 [INFO] Pass: ContractIdleWiresInControlFlow - 0.00191 (ms)
2026-07-11 02:07:31,198 [INFO] Pass: CommutativeCancellation - 0.07057 (ms)
2026-07-11 02:07:31,198 [INFO] Pass: ConsolidateBlocks - 0.05031 (ms)
2026-07-11 02:07:31,198 [INFO] Pass: Split2QUnitaries - 0.00238 (ms)
2026-07-11 02:07:31,198 [INFO] Pass: UnitarySynthesis - 0.00548 (ms)
2026-07-11 02:07:31,199 [INFO] Pass: HighLevelSynthesis - 0.03433 (ms)
2026-07-11 02:07:31,199 [INFO] Pass: BasisTranslator - 0.07510 (ms)
2026-07-11 02:07:31,199 [INFO] Pass: ConsolidateBlocks - 0.05245 (ms)
2026-07-11 02:07:31,199 [INFO] Pass: UnitarySynthesis - 0.00429 (ms)
2026-07-11 02:07:31,199 [INFO] Pass: Depth - 0.02337 (ms)
2026-07-11 02:07:31,199 [INFO] Pass: FixedPoint - 0.00405 (ms)
2026-07-11 02:07:31,199 [INFO] Pass: Size - 0.00238 (ms)
2026-07-11 02:07:31,199 [INFO] Pass: FixedPoint - 0.00238 (ms)
2026-07-11 02:07:31,199 [INFO] Pass: RemoveIdentityEquivalent - 0.00453 (ms)
2026-07-11 02:07:31,199 [INFO] Pass: Optimize1qGatesDecomposition - 0.13328 (ms)
2026-07-11 02:07:31,199 [INFO] Pass: CommutativeCancellation - 0.08988 (ms)
2026-07-11 02:07:31,199 [INFO] Pass: ContractIdleWiresInControlFlow - 0.00215 (ms)
2026-07-11 02:07:31,199 [INFO] Pass: GatesInBasis - 0.02837 (ms)
2026-07-11 02:07:31,199 [INFO] Pass: Depth - 0.02265 (ms)
2026-07-11 02:07:31,199 [INFO] Pass: FixedPoint - 0.00381 (ms)
2026-07-11 02:07:31,199 [INFO] Pass: Size - 0.00167 (ms)
2026-07-11 02:07:31,199 [INFO] Pass: FixedPoint - 0.00262 (ms)
2026-07-11 02:07:31,199 [INFO] Pass: RemoveIdentityEquivalent - 0.00429 (ms)
2026-07-11 02:07:31,200 [INFO] Pass: Optimize1qGatesDecomposition - 0.11420 (ms)
2026-07-11 02:07:31,200 [INFO] Pass: CommutativeCancellation - 0.08345 (ms)
2026-07-11 02:07:31,200 [INFO] Pass: ContractIdleWiresInControlFlow - 0.00167 (ms)
2026-07-11 02:07:31,200 [INFO] Pass: GatesInBasis - 0.02837 (ms)
2026-07-11 02:07:31,200 [INFO] Pass: Depth - 0.02146 (ms)
2026-07-11 02:07:31,200 [INFO] Pass: FixedPoint - 0.00334 (ms)
2026-07-11 02:07:31,200 [INFO] Pass: Size - 0.00167 (ms)
2026-07-11 02:07:31,200 [INFO] Pass: FixedPoint - 0.00215 (ms)
2026-07-11 02:07:31,200 [INFO] Pass: ContainsInstruction - 0.00525 (ms)
2026-07-11 02:07:31,200 [INFO] Total Transpile Time - 87.52203 (ms)
2026-07-11 02:22:00,040 [INFO] [PCE] n=150 instancia 76/100 completada en 0:00:14:29 — transcurrido=0:19:34:29 restante_estimado=0:06:10:53
2026-07-11 02:22:00,146 [INFO] Pass: ContainsInstruction - 0.01121 (ms)
2026-07-11 02:22:00,146 [INFO] Pass: UnitarySynthesis - 0.00691 (ms)
2026-07-11 02:22:00,146 [INFO] Pass: HighLevelSynthesis - 0.01001 (ms)
2026-07-11 02:22:00,146 [INFO] Pass: BasisTranslator - 0.06175 (ms)
2026-07-11 02:22:00,146 [INFO] Pass: ElidePermutations - 0.00501 (ms)
2026-07-11 02:22:00,146 [INFO] Pass: RemoveDiagonalGatesBeforeMeasure - 0.00834 (ms)
2026-07-11 02:22:00,146 [INFO] Pass: RemoveIdentityEquivalent - 0.00429 (ms)
2026-07-11 02:22:00,146 [INFO] Pass: InverseCancellation - 0.00477 (ms)
2026-07-11 02:22:00,146 [INFO] Pass: ContractIdleWiresInControlFlow - 0.00215 (ms)
2026-07-11 02:22:00,146 [INFO] Pass: CommutativeCancellation - 0.08082 (ms)
2026-07-11 02:22:00,146 [INFO] Pass: ConsolidateBlocks - 0.04649 (ms)
2026-07-11 02:22:00,146 [INFO] Pass: Split2QUnitaries - 0.00310 (ms)
2026-07-11 02:22:00,146 [INFO] Pass: UnitarySynthesis - 0.00525 (ms)
2026-07-11 02:22:00,146 [INFO] Pass: HighLevelSynthesis - 0.04101 (ms)
2026-07-11 02:22:00,146 [INFO] Pass: BasisTranslator - 0.07725 (ms)
2026-07-11 02:22:00,147 [INFO] Pass: ConsolidateBlocks - 0.05412 (ms)
2026-07-11 02:22:00,147 [INFO] Pass: UnitarySynthesis - 0.00453 (ms)
2026-07-11 02:22:00,147 [INFO] Pass: Depth - 0.02575 (ms)
2026-07-11 02:22:00,147 [INFO] Pass: FixedPoint - 0.00477 (ms)
2026-07-11 02:22:00,147 [INFO] Pass: Size - 0.00358 (ms)
2026-07-11 02:22:00,147 [INFO] Pass: FixedPoint - 0.00310 (ms)
2026-07-11 02:22:00,147 [INFO] Pass: RemoveIdentityEquivalent - 0.00334 (ms)
2026-07-11 02:22:00,147 [INFO] Pass: Optimize1qGatesDecomposition - 0.03934 (ms)
2026-07-11 02:22:00,147 [INFO] Pass: CommutativeCancellation - 0.09441 (ms)
2026-07-11 02:22:00,147 [INFO] Pass: ContractIdleWiresInControlFlow - 0.00215 (ms)
2026-07-11 02:22:00,147 [INFO] Pass: GatesInBasis - 0.02813 (ms)
2026-07-11 02:22:00,147 [INFO] Pass: Depth - 0.02193 (ms)
2026-07-11 02:22:00,147 [INFO] Pass: FixedPoint - 0.00334 (ms)
2026-07-11 02:22:00,147 [INFO] Pass: Size - 0.00215 (ms)
2026-07-11 02:22:00,147 [INFO] Pass: FixedPoint - 0.00262 (ms)
2026-07-11 02:22:00,147 [INFO] Pass: ContainsInstruction - 0.00501 (ms)
2026-07-11 02:22:00,147 [INFO] Total Transpile Time - 89.50496 (ms)
2026-07-11 02:22:00,234 [INFO] Pass: ContainsInstruction - 0.01001 (ms)
2026-07-11 02:22:00,234 [INFO] Pass: UnitarySynthesis - 0.00620 (ms)
2026-07-11 02:22:00,234 [INFO] Pass: HighLevelSynthesis - 0.00906 (ms)
2026-07-11 02:22:00,234 [INFO] Pass: BasisTranslator - 0.05555 (ms)
2026-07-11 02:22:00,234 [INFO] Pass: ElidePermutations - 0.00358 (ms)
2026-07-11 02:22:00,234 [INFO] Pass: RemoveDiagonalGatesBeforeMeasure - 0.00691 (ms)
2026-07-11 02:22:00,234 [INFO] Pass: RemoveIdentityEquivalent - 0.00501 (ms)
2026-07-11 02:22:00,234 [INFO] Pass: InverseCancellation - 0.03147 (ms)
2026-07-11 02:22:00,234 [INFO] Pass: ContractIdleWiresInControlFlow - 0.00167 (ms)
2026-07-11 02:22:00,235 [INFO] Pass: CommutativeCancellation - 0.08321 (ms)
2026-07-11 02:22:00,235 [INFO] Pass: ConsolidateBlocks - 0.04363 (ms)
2026-07-11 02:22:00,235 [INFO] Pass: Split2QUnitaries - 0.00286 (ms)
2026-07-11 02:22:00,235 [INFO] Pass: UnitarySynthesis - 0.00501 (ms)
2026-07-11 02:22:00,235 [INFO] Pass: HighLevelSynthesis - 0.03290 (ms)
2026-07-11 02:22:00,235 [INFO] Pass: BasisTranslator - 0.07534 (ms)
2026-07-11 02:22:00,235 [INFO] Pass: ConsolidateBlocks - 0.05221 (ms)
2026-07-11 02:22:00,235 [INFO] Pass: UnitarySynthesis - 0.00429 (ms)
2026-07-11 02:22:00,235 [INFO] Pass: Depth - 0.02956 (ms)
2026-07-11 02:22:00,235 [INFO] Pass: FixedPoint - 0.00405 (ms)
2026-07-11 02:22:00,235 [INFO] Pass: Size - 0.00286 (ms)
2026-07-11 02:22:00,235 [INFO] Pass: FixedPoint - 0.00262 (ms)
2026-07-11 02:22:00,235 [INFO] Pass: RemoveIdentityEquivalent - 0.00477 (ms)
2026-07-11 02:22:00,235 [INFO] Pass: Optimize1qGatesDecomposition - 0.13256 (ms)
2026-07-11 02:22:00,235 [INFO] Pass: CommutativeCancellation - 0.10395 (ms)
2026-07-11 02:22:00,235 [INFO] Pass: ContractIdleWiresInControlFlow - 0.00167 (ms)
2026-07-11 02:22:00,235 [INFO] Pass: GatesInBasis - 0.02837 (ms)
2026-07-11 02:22:00,236 [INFO] Pass: Depth - 0.02527 (ms)
2026-07-11 02:22:00,236 [INFO] Pass: FixedPoint - 0.00381 (ms)
2026-07-11 02:22:00,236 [INFO] Pass: Size - 0.00191 (ms)
2026-07-11 02:22:00,236 [INFO] Pass: FixedPoint - 0.00262 (ms)
2026-07-11 02:22:00,236 [INFO] Pass: ContainsInstruction - 0.00477 (ms)
2026-07-11 02:22:00,236 [INFO] Total Transpile Time - 88.05776 (ms)
2026-07-11 02:22:00,322 [INFO] Pass: ContainsInstruction - 0.00954 (ms)
2026-07-11 02:22:00,322 [INFO] Pass: UnitarySynthesis - 0.00620 (ms)
2026-07-11 02:22:00,322 [INFO] Pass: HighLevelSynthesis - 0.00930 (ms)
2026-07-11 02:22:00,323 [INFO] Pass: BasisTranslator - 0.05221 (ms)
2026-07-11 02:22:00,323 [INFO] Pass: ElidePermutations - 0.00334 (ms)
2026-07-11 02:22:00,323 [INFO] Pass: RemoveDiagonalGatesBeforeMeasure - 0.00668 (ms)
2026-07-11 02:22:00,323 [INFO] Pass: RemoveIdentityEquivalent - 0.00596 (ms)
2026-07-11 02:22:00,323 [INFO] Pass: InverseCancellation - 0.02551 (ms)
2026-07-11 02:22:00,323 [INFO] Pass: ContractIdleWiresInControlFlow - 0.00191 (ms)
2026-07-11 02:22:00,323 [INFO] Pass: CommutativeCancellation - 0.07582 (ms)
2026-07-11 02:22:00,323 [INFO] Pass: ConsolidateBlocks - 0.04339 (ms)
2026-07-11 02:22:00,323 [INFO] Pass: Split2QUnitaries - 0.00238 (ms)
2026-07-11 02:22:00,323 [INFO] Pass: UnitarySynthesis - 0.00548 (ms)
2026-07-11 02:22:00,323 [INFO] Pass: HighLevelSynthesis - 0.03529 (ms)
2026-07-11 02:22:00,323 [INFO] Pass: BasisTranslator - 0.07367 (ms)
2026-07-11 02:22:00,323 [INFO] Pass: ConsolidateBlocks - 0.05269 (ms)
2026-07-11 02:22:00,323 [INFO] Pass: UnitarySynthesis - 0.00453 (ms)
2026-07-11 02:22:00,323 [INFO] Pass: Depth - 0.02718 (ms)
2026-07-11 02:22:00,323 [INFO] Pass: FixedPoint - 0.00405 (ms)
2026-07-11 02:22:00,323 [INFO] Pass: Size - 0.00238 (ms)
2026-07-11 02:22:00,323 [INFO] Pass: FixedPoint - 0.00262 (ms)
2026-07-11 02:22:00,323 [INFO] Pass: RemoveIdentityEquivalent - 0.00501 (ms)
2026-07-11 02:22:00,324 [INFO] Pass: Optimize1qGatesDecomposition - 0.14091 (ms)
2026-07-11 02:22:00,324 [INFO] Pass: CommutativeCancellation - 0.09203 (ms)
2026-07-11 02:22:00,324 [INFO] Pass: ContractIdleWiresInControlFlow - 0.00167 (ms)
2026-07-11 02:22:00,324 [INFO] Pass: GatesInBasis - 0.02718 (ms)
2026-07-11 02:22:00,324 [INFO] Pass: Depth - 0.02456 (ms)
2026-07-11 02:22:00,324 [INFO] Pass: FixedPoint - 0.00358 (ms)
2026-07-11 02:22:00,324 [INFO] Pass: Size - 0.00215 (ms)
2026-07-11 02:22:00,324 [INFO] Pass: FixedPoint - 0.00286 (ms)
2026-07-11 02:22:00,324 [INFO] Pass: RemoveIdentityEquivalent - 0.00453 (ms)
2026-07-11 02:22:00,324 [INFO] Pass: Optimize1qGatesDecomposition - 0.12064 (ms)
2026-07-11 02:22:00,324 [INFO] Pass: CommutativeCancellation - 0.08798 (ms)
2026-07-11 02:22:00,324 [INFO] Pass: ContractIdleWiresInControlFlow - 0.00191 (ms)
2026-07-11 02:22:00,324 [INFO] Pass: GatesInBasis - 0.02623 (ms)
2026-07-11 02:22:00,324 [INFO] Pass: Depth - 0.02098 (ms)
2026-07-11 02:22:00,324 [INFO] Pass: FixedPoint - 0.00310 (ms)
2026-07-11 02:22:00,324 [INFO] Pass: Size - 0.00191 (ms)
2026-07-11 02:22:00,324 [INFO] Pass: FixedPoint - 0.00215 (ms)
2026-07-11 02:22:00,324 [INFO] Pass: ContainsInstruction - 0.00548 (ms)
2026-07-11 02:22:00,325 [INFO] Total Transpile Time - 88.39488 (ms)
2026-07-11 02:35:56,686 [INFO] [PCE] n=150 instancia 77/100 completada en 0:00:13:57 — transcurrido=0:19:48:25 restante_estimado=0:05:54:59
2026-07-11 02:35:56,787 [INFO] Pass: ContainsInstruction - 0.01049 (ms)
2026-07-11 02:35:56,787 [INFO] Pass: UnitarySynthesis - 0.00668 (ms)
2026-07-11 02:35:56,787 [INFO] Pass: HighLevelSynthesis - 0.01025 (ms)
2026-07-11 02:35:56,787 [INFO] Pass: BasisTranslator - 0.05817 (ms)
2026-07-11 02:35:56,787 [INFO] Pass: ElidePermutations - 0.00477 (ms)
2026-07-11 02:35:56,787 [INFO] Pass: RemoveDiagonalGatesBeforeMeasure - 0.00858 (ms)
2026-07-11 02:35:56,787 [INFO] Pass: RemoveIdentityEquivalent - 0.00334 (ms)
2026-07-11 02:35:56,787 [INFO] Pass: InverseCancellation - 0.00501 (ms)
2026-07-11 02:35:56,787 [INFO] Pass: ContractIdleWiresInControlFlow - 0.00215 (ms)
2026-07-11 02:35:56,787 [INFO] Pass: CommutativeCancellation - 0.06819 (ms)
2026-07-11 02:35:56,787 [INFO] Pass: ConsolidateBlocks - 0.05174 (ms)
2026-07-11 02:35:56,787 [INFO] Pass: Split2QUnitaries - 0.00334 (ms)
2026-07-11 02:35:56,787 [INFO] Pass: UnitarySynthesis - 0.00501 (ms)
2026-07-11 02:35:56,788 [INFO] Pass: HighLevelSynthesis - 0.03386 (ms)
2026-07-11 02:35:56,788 [INFO] Pass: BasisTranslator - 0.07486 (ms)
2026-07-11 02:35:56,788 [INFO] Pass: ConsolidateBlocks - 0.05436 (ms)
2026-07-11 02:35:56,788 [INFO] Pass: UnitarySynthesis - 0.00477 (ms)
2026-07-11 02:35:56,788 [INFO] Pass: Depth - 0.02408 (ms)
2026-07-11 02:35:56,788 [INFO] Pass: FixedPoint - 0.00429 (ms)
2026-07-11 02:35:56,788 [INFO] Pass: Size - 0.00310 (ms)
2026-07-11 02:35:56,788 [INFO] Pass: FixedPoint - 0.00286 (ms)
2026-07-11 02:35:56,788 [INFO] Pass: RemoveIdentityEquivalent - 0.00381 (ms)
2026-07-11 02:35:56,788 [INFO] Pass: Optimize1qGatesDecomposition - 0.03552 (ms)
2026-07-11 02:35:56,788 [INFO] Pass: CommutativeCancellation - 0.08869 (ms)
2026-07-11 02:35:56,788 [INFO] Pass: ContractIdleWiresInControlFlow - 0.00215 (ms)
2026-07-11 02:35:56,788 [INFO] Pass: GatesInBasis - 0.02956 (ms)
2026-07-11 02:35:56,788 [INFO] Pass: Depth - 0.02289 (ms)
2026-07-11 02:35:56,788 [INFO] Pass: FixedPoint - 0.00334 (ms)
2026-07-11 02:35:56,788 [INFO] Pass: Size - 0.00238 (ms)
2026-07-11 02:35:56,788 [INFO] Pass: FixedPoint - 0.00310 (ms)
2026-07-11 02:35:56,788 [INFO] Pass: ContainsInstruction - 0.00501 (ms)
2026-07-11 02:35:56,789 [INFO] Total Transpile Time - 85.60467 (ms)
2026-07-11 02:35:56,871 [INFO] Pass: ContainsInstruction - 0.00954 (ms)
2026-07-11 02:35:56,871 [INFO] Pass: UnitarySynthesis - 0.00668 (ms)
2026-07-11 02:35:56,871 [INFO] Pass: HighLevelSynthesis - 0.00882 (ms)
2026-07-11 02:35:56,872 [INFO] Pass: BasisTranslator - 0.05245 (ms)
2026-07-11 02:35:56,872 [INFO] Pass: ElidePermutations - 0.00405 (ms)
2026-07-11 02:35:56,872 [INFO] Pass: RemoveDiagonalGatesBeforeMeasure - 0.00691 (ms)
2026-07-11 02:35:56,872 [INFO] Pass: RemoveIdentityEquivalent - 0.00525 (ms)
2026-07-11 02:35:56,872 [INFO] Pass: InverseCancellation - 0.02408 (ms)
2026-07-11 02:35:56,872 [INFO] Pass: ContractIdleWiresInControlFlow - 0.00191 (ms)
2026-07-11 02:35:56,872 [INFO] Pass: CommutativeCancellation - 0.07772 (ms)
2026-07-11 02:35:56,872 [INFO] Pass: ConsolidateBlocks - 0.04339 (ms)
2026-07-11 02:35:56,872 [INFO] Pass: Split2QUnitaries - 0.00262 (ms)
2026-07-11 02:35:56,872 [INFO] Pass: UnitarySynthesis - 0.00525 (ms)
2026-07-11 02:35:56,872 [INFO] Pass: HighLevelSynthesis - 0.03386 (ms)
2026-07-11 02:35:56,872 [INFO] Pass: BasisTranslator - 0.07582 (ms)
2026-07-11 02:35:56,872 [INFO] Pass: ConsolidateBlocks - 0.05126 (ms)
2026-07-11 02:35:56,872 [INFO] Pass: UnitarySynthesis - 0.00453 (ms)
2026-07-11 02:35:56,872 [INFO] Pass: Depth - 0.02456 (ms)
2026-07-11 02:35:56,872 [INFO] Pass: FixedPoint - 0.00429 (ms)
2026-07-11 02:35:56,872 [INFO] Pass: Size - 0.00310 (ms)
2026-07-11 02:35:56,872 [INFO] Pass: FixedPoint - 0.00238 (ms)
2026-07-11 02:35:56,872 [INFO] Pass: RemoveIdentityEquivalent - 0.00429 (ms)
2026-07-11 02:35:56,872 [INFO] Pass: Optimize1qGatesDecomposition - 0.13304 (ms)
2026-07-11 02:35:56,873 [INFO] Pass: CommutativeCancellation - 0.09322 (ms)
2026-07-11 02:35:56,873 [INFO] Pass: ContractIdleWiresInControlFlow - 0.00143 (ms)
2026-07-11 02:35:56,873 [INFO] Pass: GatesInBasis - 0.02837 (ms)
2026-07-11 02:35:56,873 [INFO] Pass: Depth - 0.02360 (ms)
2026-07-11 02:35:56,873 [INFO] Pass: FixedPoint - 0.00358 (ms)
2026-07-11 02:35:56,873 [INFO] Pass: Size - 0.00191 (ms)
2026-07-11 02:35:56,873 [INFO] Pass: FixedPoint - 0.00286 (ms)
2026-07-11 02:35:56,873 [INFO] Pass: ContainsInstruction - 0.00525 (ms)
2026-07-11 02:35:56,873 [INFO] Total Transpile Time - 84.16557 (ms)
2026-07-11 02:35:56,956 [INFO] Pass: ContainsInstruction - 0.00930 (ms)
2026-07-11 02:35:56,956 [INFO] Pass: UnitarySynthesis - 0.00620 (ms)
2026-07-11 02:35:56,956 [INFO] Pass: HighLevelSynthesis - 0.00882 (ms)
2026-07-11 02:35:56,956 [INFO] Pass: BasisTranslator - 0.04959 (ms)
2026-07-11 02:35:56,956 [INFO] Pass: ElidePermutations - 0.00310 (ms)
2026-07-11 02:35:56,956 [INFO] Pass: RemoveDiagonalGatesBeforeMeasure - 0.00620 (ms)
2026-07-11 02:35:56,956 [INFO] Pass: RemoveIdentityEquivalent - 0.00548 (ms)
2026-07-11 02:35:56,956 [INFO] Pass: InverseCancellation - 0.02265 (ms)
2026-07-11 02:35:56,956 [INFO] Pass: ContractIdleWiresInControlFlow - 0.00191 (ms)
2026-07-11 02:35:56,957 [INFO] Pass: CommutativeCancellation - 0.07153 (ms)
2026-07-11 02:35:56,957 [INFO] Pass: ConsolidateBlocks - 0.04196 (ms)
2026-07-11 02:35:56,957 [INFO] Pass: Split2QUnitaries - 0.00286 (ms)
2026-07-11 02:35:56,957 [INFO] Pass: UnitarySynthesis - 0.00501 (ms)
2026-07-11 02:35:56,957 [INFO] Pass: HighLevelSynthesis - 0.03552 (ms)
2026-07-11 02:35:56,957 [INFO] Pass: BasisTranslator - 0.07463 (ms)
2026-07-11 02:35:56,957 [INFO] Pass: ConsolidateBlocks - 0.05221 (ms)
2026-07-11 02:35:56,957 [INFO] Pass: UnitarySynthesis - 0.00477 (ms)
2026-07-11 02:35:56,957 [INFO] Pass: Depth - 0.02551 (ms)
2026-07-11 02:35:56,957 [INFO] Pass: FixedPoint - 0.00429 (ms)
2026-07-11 02:35:56,957 [INFO] Pass: Size - 0.00262 (ms)
2026-07-11 02:35:56,957 [INFO] Pass: FixedPoint - 0.00286 (ms)
2026-07-11 02:35:56,957 [INFO] Pass: RemoveIdentityEquivalent - 0.00477 (ms)
2026-07-11 02:35:56,957 [INFO] Pass: Optimize1qGatesDecomposition - 0.12994 (ms)
2026-07-11 02:35:56,957 [INFO] Pass: CommutativeCancellation - 0.09656 (ms)
2026-07-11 02:35:56,957 [INFO] Pass: ContractIdleWiresInControlFlow - 0.00191 (ms)
2026-07-11 02:35:56,957 [INFO] Pass: GatesInBasis - 0.03052 (ms)
2026-07-11 02:35:56,958 [INFO] Pass: Depth - 0.02337 (ms)
2026-07-11 02:35:56,958 [INFO] Pass: FixedPoint - 0.00334 (ms)
2026-07-11 02:35:56,958 [INFO] Pass: Size - 0.00215 (ms)
2026-07-11 02:35:56,958 [INFO] Pass: FixedPoint - 0.00334 (ms)
2026-07-11 02:35:56,958 [INFO] Pass: RemoveIdentityEquivalent - 0.00477 (ms)
2026-07-11 02:35:56,958 [INFO] Pass: Optimize1qGatesDecomposition - 0.11277 (ms)
2026-07-11 02:35:56,958 [INFO] Pass: CommutativeCancellation - 0.08559 (ms)
2026-07-11 02:35:56,958 [INFO] Pass: ContractIdleWiresInControlFlow - 0.00215 (ms)
2026-07-11 02:35:56,958 [INFO] Pass: GatesInBasis - 0.02885 (ms)
2026-07-11 02:35:56,958 [INFO] Pass: Depth - 0.02217 (ms)
2026-07-11 02:35:56,958 [INFO] Pass: FixedPoint - 0.00310 (ms)
2026-07-11 02:35:56,958 [INFO] Pass: Size - 0.00191 (ms)
2026-07-11 02:35:56,958 [INFO] Pass: FixedPoint - 0.00262 (ms)
2026-07-11 02:35:56,958 [INFO] Pass: ContainsInstruction - 0.00548 (ms)
2026-07-11 02:35:56,958 [INFO] Total Transpile Time - 84.94377 (ms)
2026-07-11 02:49:42,889 [INFO] [PCE] n=150 instancia 78/100 completada en 0:00:13:46 — transcurrido=0:20:02:12 restante_estimado=0:05:39:05
2026-07-11 02:49:42,997 [INFO] Pass: ContainsInstruction - 0.01144 (ms)
2026-07-11 02:49:42,997 [INFO] Pass: UnitarySynthesis - 0.00691 (ms)
2026-07-11 02:49:42,997 [INFO] Pass: HighLevelSynthesis - 0.01073 (ms)
2026-07-11 02:49:42,997 [INFO] Pass: BasisTranslator - 0.06008 (ms)
2026-07-11 02:49:42,997 [INFO] Pass: ElidePermutations - 0.00501 (ms)
2026-07-11 02:49:42,997 [INFO] Pass: RemoveDiagonalGatesBeforeMeasure - 0.00834 (ms)
2026-07-11 02:49:42,997 [INFO] Pass: RemoveIdentityEquivalent - 0.00453 (ms)
2026-07-11 02:49:42,997 [INFO] Pass: InverseCancellation - 0.00501 (ms)
2026-07-11 02:49:42,997 [INFO] Pass: ContractIdleWiresInControlFlow - 0.00167 (ms)
2026-07-11 02:49:42,997 [INFO] Pass: CommutativeCancellation - 0.07343 (ms)
2026-07-11 02:49:42,997 [INFO] Pass: ConsolidateBlocks - 0.04554 (ms)
2026-07-11 02:49:42,997 [INFO] Pass: Split2QUnitaries - 0.00262 (ms)
2026-07-11 02:49:42,997 [INFO] Pass: UnitarySynthesis - 0.00501 (ms)
2026-07-11 02:49:42,997 [INFO] Pass: HighLevelSynthesis - 0.03481 (ms)
2026-07-11 02:49:42,997 [INFO] Pass: BasisTranslator - 0.08941 (ms)
2026-07-11 02:49:42,998 [INFO] Pass: ConsolidateBlocks - 0.05484 (ms)
2026-07-11 02:49:42,998 [INFO] Pass: UnitarySynthesis - 0.00453 (ms)
2026-07-11 02:49:42,998 [INFO] Pass: Depth - 0.02432 (ms)
2026-07-11 02:49:42,998 [INFO] Pass: FixedPoint - 0.00453 (ms)
2026-07-11 02:49:42,998 [INFO] Pass: Size - 0.00334 (ms)
2026-07-11 02:49:42,998 [INFO] Pass: FixedPoint - 0.00286 (ms)
2026-07-11 02:49:42,998 [INFO] Pass: RemoveIdentityEquivalent - 0.00310 (ms)
2026-07-11 02:49:42,998 [INFO] Pass: Optimize1qGatesDecomposition - 0.03767 (ms)
2026-07-11 02:49:42,998 [INFO] Pass: CommutativeCancellation - 0.08678 (ms)
2026-07-11 02:49:42,998 [INFO] Pass: ContractIdleWiresInControlFlow - 0.00167 (ms)
2026-07-11 02:49:42,998 [INFO] Pass: GatesInBasis - 0.02861 (ms)
2026-07-11 02:49:42,998 [INFO] Pass: Depth - 0.02241 (ms)
2026-07-11 02:49:42,998 [INFO] Pass: FixedPoint - 0.00358 (ms)
2026-07-11 02:49:42,998 [INFO] Pass: Size - 0.00191 (ms)
2026-07-11 02:49:42,998 [INFO] Pass: FixedPoint - 0.00262 (ms)
2026-07-11 02:49:42,998 [INFO] Pass: ContainsInstruction - 0.00525 (ms)
2026-07-11 02:49:42,998 [INFO] Total Transpile Time - 90.49678 (ms)
2026-07-11 02:49:43,085 [INFO] Pass: ContainsInstruction - 0.00978 (ms)
2026-07-11 02:49:43,085 [INFO] Pass: UnitarySynthesis - 0.00691 (ms)
2026-07-11 02:49:43,085 [INFO] Pass: HighLevelSynthesis - 0.00978 (ms)
2026-07-11 02:49:43,086 [INFO] Pass: BasisTranslator - 0.05531 (ms)
2026-07-11 02:49:43,086 [INFO] Pass: ElidePermutations - 0.00381 (ms)
2026-07-11 02:49:43,086 [INFO] Pass: RemoveDiagonalGatesBeforeMeasure - 0.00644 (ms)
2026-07-11 02:49:43,086 [INFO] Pass: RemoveIdentityEquivalent - 0.00477 (ms)
2026-07-11 02:49:43,086 [INFO] Pass: InverseCancellation - 0.02384 (ms)
2026-07-11 02:49:43,086 [INFO] Pass: ContractIdleWiresInControlFlow - 0.00215 (ms)
2026-07-11 02:49:43,086 [INFO] Pass: CommutativeCancellation - 0.08082 (ms)
2026-07-11 02:49:43,086 [INFO] Pass: ConsolidateBlocks - 0.04339 (ms)
2026-07-11 02:49:43,086 [INFO] Pass: Split2QUnitaries - 0.00286 (ms)
2026-07-11 02:49:43,086 [INFO] Pass: UnitarySynthesis - 0.00501 (ms)
2026-07-11 02:49:43,086 [INFO] Pass: HighLevelSynthesis - 0.03386 (ms)
2026-07-11 02:49:43,086 [INFO] Pass: BasisTranslator - 0.07558 (ms)
2026-07-11 02:49:43,086 [INFO] Pass: ConsolidateBlocks - 0.05388 (ms)
2026-07-11 02:49:43,086 [INFO] Pass: UnitarySynthesis - 0.00453 (ms)
2026-07-11 02:49:43,086 [INFO] Pass: Depth - 0.02933 (ms)
2026-07-11 02:49:43,086 [INFO] Pass: FixedPoint - 0.00405 (ms)
2026-07-11 02:49:43,086 [INFO] Pass: Size - 0.00286 (ms)
2026-07-11 02:49:43,086 [INFO] Pass: FixedPoint - 0.00286 (ms)
2026-07-11 02:49:43,086 [INFO] Pass: RemoveIdentityEquivalent - 0.00453 (ms)
2026-07-11 02:49:43,087 [INFO] Pass: Optimize1qGatesDecomposition - 0.12970 (ms)
2026-07-11 02:49:43,087 [INFO] Pass: CommutativeCancellation - 0.09871 (ms)
2026-07-11 02:49:43,087 [INFO] Pass: ContractIdleWiresInControlFlow - 0.00167 (ms)
2026-07-11 02:49:43,087 [INFO] Pass: GatesInBasis - 0.02837 (ms)
2026-07-11 02:49:43,087 [INFO] Pass: Depth - 0.02241 (ms)
2026-07-11 02:49:43,087 [INFO] Pass: FixedPoint - 0.00358 (ms)
2026-07-11 02:49:43,087 [INFO] Pass: Size - 0.00167 (ms)
2026-07-11 02:49:43,087 [INFO] Pass: FixedPoint - 0.00238 (ms)
2026-07-11 02:49:43,087 [INFO] Pass: ContainsInstruction - 0.00525 (ms)
2026-07-11 02:49:43,087 [INFO] Total Transpile Time - 88.35244 (ms)
2026-07-11 02:49:43,174 [INFO] Pass: ContainsInstruction - 0.00930 (ms)
2026-07-11 02:49:43,174 [INFO] Pass: UnitarySynthesis - 0.00620 (ms)
2026-07-11 02:49:43,174 [INFO] Pass: HighLevelSynthesis - 0.00906 (ms)
2026-07-11 02:49:43,174 [INFO] Pass: BasisTranslator - 0.05913 (ms)
2026-07-11 02:49:43,174 [INFO] Pass: ElidePermutations - 0.00310 (ms)
2026-07-11 02:49:43,174 [INFO] Pass: RemoveDiagonalGatesBeforeMeasure - 0.00596 (ms)
2026-07-11 02:49:43,175 [INFO] Pass: RemoveIdentityEquivalent - 0.00501 (ms)
2026-07-11 02:49:43,175 [INFO] Pass: InverseCancellation - 0.02193 (ms)
2026-07-11 02:49:43,175 [INFO] Pass: ContractIdleWiresInControlFlow - 0.00191 (ms)
2026-07-11 02:49:43,175 [INFO] Pass: CommutativeCancellation - 0.07343 (ms)
2026-07-11 02:49:43,175 [INFO] Pass: ConsolidateBlocks - 0.04339 (ms)
2026-07-11 02:49:43,175 [INFO] Pass: Split2QUnitaries - 0.00238 (ms)
2026-07-11 02:49:43,175 [INFO] Pass: UnitarySynthesis - 0.00548 (ms)
2026-07-11 02:49:43,175 [INFO] Pass: HighLevelSynthesis - 0.03481 (ms)
2026-07-11 02:49:43,175 [INFO] Pass: BasisTranslator - 0.07749 (ms)
2026-07-11 02:49:43,175 [INFO] Pass: ConsolidateBlocks - 0.05364 (ms)
2026-07-11 02:49:43,175 [INFO] Pass: UnitarySynthesis - 0.00477 (ms)
2026-07-11 02:49:43,175 [INFO] Pass: Depth - 0.02599 (ms)
2026-07-11 02:49:43,175 [INFO] Pass: FixedPoint - 0.00453 (ms)
2026-07-11 02:49:43,175 [INFO] Pass: Size - 0.00286 (ms)
2026-07-11 02:49:43,175 [INFO] Pass: FixedPoint - 0.00238 (ms)
2026-07-11 02:49:43,175 [INFO] Pass: RemoveIdentityEquivalent - 0.00525 (ms)
2026-07-11 02:49:43,175 [INFO] Pass: Optimize1qGatesDecomposition - 0.14091 (ms)
2026-07-11 02:49:43,176 [INFO] Pass: CommutativeCancellation - 0.09298 (ms)
2026-07-11 02:49:43,176 [INFO] Pass: ContractIdleWiresInControlFlow - 0.00191 (ms)
2026-07-11 02:49:43,176 [INFO] Pass: GatesInBasis - 0.02813 (ms)
2026-07-11 02:49:43,176 [INFO] Pass: Depth - 0.02360 (ms)
2026-07-11 02:49:43,176 [INFO] Pass: FixedPoint - 0.00381 (ms)
2026-07-11 02:49:43,176 [INFO] Pass: Size - 0.00215 (ms)
2026-07-11 02:49:43,176 [INFO] Pass: FixedPoint - 0.00262 (ms)
2026-07-11 02:49:43,176 [INFO] Pass: RemoveIdentityEquivalent - 0.00453 (ms)
2026-07-11 02:49:43,176 [INFO] Pass: Optimize1qGatesDecomposition - 0.11396 (ms)
2026-07-11 02:49:43,176 [INFO] Pass: CommutativeCancellation - 0.08774 (ms)
2026-07-11 02:49:43,176 [INFO] Pass: ContractIdleWiresInControlFlow - 0.00215 (ms)
2026-07-11 02:49:43,176 [INFO] Pass: GatesInBasis - 0.02646 (ms)
2026-07-11 02:49:43,176 [INFO] Pass: Depth - 0.02122 (ms)
2026-07-11 02:49:43,176 [INFO] Pass: FixedPoint - 0.00334 (ms)
2026-07-11 02:49:43,176 [INFO] Pass: Size - 0.00167 (ms)
2026-07-11 02:49:43,176 [INFO] Pass: FixedPoint - 0.00286 (ms)
2026-07-11 02:49:43,176 [INFO] Pass: ContainsInstruction - 0.00525 (ms)
2026-07-11 02:49:43,177 [INFO] Total Transpile Time - 89.03050 (ms)
2026-07-11 03:02:41,008 [INFO] [PCE] n=150 instancia 79/100 completada en 0:00:12:58 — transcurrido=0:20:15:10 restante_estimado=0:05:23:01
2026-07-11 03:02:41,110 [INFO] Pass: ContainsInstruction - 0.01049 (ms)
2026-07-11 03:02:41,110 [INFO] Pass: UnitarySynthesis - 0.00668 (ms)
2026-07-11 03:02:41,110 [INFO] Pass: HighLevelSynthesis - 0.01025 (ms)
2026-07-11 03:02:41,110 [INFO] Pass: BasisTranslator - 0.06104 (ms)
2026-07-11 03:02:41,110 [INFO] Pass: ElidePermutations - 0.01144 (ms)
2026-07-11 03:02:41,110 [INFO] Pass: RemoveDiagonalGatesBeforeMeasure - 0.00906 (ms)
2026-07-11 03:02:41,110 [INFO] Pass: RemoveIdentityEquivalent - 0.00525 (ms)
2026-07-11 03:02:41,110 [INFO] Pass: InverseCancellation - 0.00501 (ms)
2026-07-11 03:02:41,111 [INFO] Pass: ContractIdleWiresInControlFlow - 0.00262 (ms)
2026-07-11 03:02:41,111 [INFO] Pass: CommutativeCancellation - 0.07319 (ms)
2026-07-11 03:02:41,111 [INFO] Pass: ConsolidateBlocks - 0.04554 (ms)
2026-07-11 03:02:41,111 [INFO] Pass: Split2QUnitaries - 0.00286 (ms)
2026-07-11 03:02:41,111 [INFO] Pass: UnitarySynthesis - 0.00548 (ms)
2026-07-11 03:02:41,111 [INFO] Pass: HighLevelSynthesis - 0.03362 (ms)
2026-07-11 03:02:41,111 [INFO] Pass: BasisTranslator - 0.07653 (ms)
2026-07-11 03:02:41,111 [INFO] Pass: ConsolidateBlocks - 0.05245 (ms)
2026-07-11 03:02:41,111 [INFO] Pass: UnitarySynthesis - 0.00477 (ms)
2026-07-11 03:02:41,111 [INFO] Pass: Depth - 0.02432 (ms)
2026-07-11 03:02:41,111 [INFO] Pass: FixedPoint - 0.00453 (ms)
2026-07-11 03:02:41,111 [INFO] Pass: Size - 0.00334 (ms)
2026-07-11 03:02:41,111 [INFO] Pass: FixedPoint - 0.00262 (ms)
2026-07-11 03:02:41,111 [INFO] Pass: RemoveIdentityEquivalent - 0.00334 (ms)
2026-07-11 03:02:41,111 [INFO] Pass: Optimize1qGatesDecomposition - 0.03362 (ms)
2026-07-11 03:02:41,111 [INFO] Pass: CommutativeCancellation - 0.09036 (ms)
2026-07-11 03:02:41,111 [INFO] Pass: ContractIdleWiresInControlFlow - 0.00191 (ms)
2026-07-11 03:02:41,111 [INFO] Pass: GatesInBasis - 0.03457 (ms)
2026-07-11 03:02:41,111 [INFO] Pass: Depth - 0.02193 (ms)
2026-07-11 03:02:41,111 [INFO] Pass: FixedPoint - 0.00334 (ms)
2026-07-11 03:02:41,111 [INFO] Pass: Size - 0.00238 (ms)
2026-07-11 03:02:41,112 [INFO] Pass: FixedPoint - 0.00262 (ms)
2026-07-11 03:02:41,112 [INFO] Pass: ContainsInstruction - 0.00477 (ms)
2026-07-11 03:02:41,112 [INFO] Total Transpile Time - 86.90786 (ms)
2026-07-11 03:02:41,195 [INFO] Pass: ContainsInstruction - 0.00954 (ms)
2026-07-11 03:02:41,195 [INFO] Pass: UnitarySynthesis - 0.00644 (ms)
2026-07-11 03:02:41,195 [INFO] Pass: HighLevelSynthesis - 0.00858 (ms)
2026-07-11 03:02:41,195 [INFO] Pass: BasisTranslator - 0.05531 (ms)
2026-07-11 03:02:41,195 [INFO] Pass: ElidePermutations - 0.00429 (ms)
2026-07-11 03:02:41,195 [INFO] Pass: RemoveDiagonalGatesBeforeMeasure - 0.00644 (ms)
2026-07-11 03:02:41,195 [INFO] Pass: RemoveIdentityEquivalent - 0.00525 (ms)
2026-07-11 03:02:41,195 [INFO] Pass: InverseCancellation - 0.02456 (ms)
2026-07-11 03:02:41,195 [INFO] Pass: ContractIdleWiresInControlFlow - 0.00215 (ms)
2026-07-11 03:02:41,195 [INFO] Pass: CommutativeCancellation - 0.07677 (ms)
2026-07-11 03:02:41,195 [INFO] Pass: ConsolidateBlocks - 0.04315 (ms)
2026-07-11 03:02:41,195 [INFO] Pass: Split2QUnitaries - 0.00215 (ms)
2026-07-11 03:02:41,195 [INFO] Pass: UnitarySynthesis - 0.00501 (ms)
2026-07-11 03:02:41,195 [INFO] Pass: HighLevelSynthesis - 0.03386 (ms)
2026-07-11 03:02:41,196 [INFO] Pass: BasisTranslator - 0.07391 (ms)
2026-07-11 03:02:41,196 [INFO] Pass: ConsolidateBlocks - 0.05126 (ms)
2026-07-11 03:02:41,196 [INFO] Pass: UnitarySynthesis - 0.00405 (ms)
2026-07-11 03:02:41,196 [INFO] Pass: Depth - 0.02384 (ms)
2026-07-11 03:02:41,196 [INFO] Pass: FixedPoint - 0.00405 (ms)
2026-07-11 03:02:41,196 [INFO] Pass: Size - 0.00286 (ms)
2026-07-11 03:02:41,196 [INFO] Pass: FixedPoint - 0.00262 (ms)
2026-07-11 03:02:41,196 [INFO] Pass: RemoveIdentityEquivalent - 0.00453 (ms)
2026-07-11 03:02:41,196 [INFO] Pass: Optimize1qGatesDecomposition - 0.12827 (ms)
2026-07-11 03:02:41,196 [INFO] Pass: CommutativeCancellation - 0.09584 (ms)
2026-07-11 03:02:41,196 [INFO] Pass: ContractIdleWiresInControlFlow - 0.00191 (ms)
2026-07-11 03:02:41,196 [INFO] Pass: GatesInBasis - 0.02837 (ms)
2026-07-11 03:02:41,196 [INFO] Pass: Depth - 0.02265 (ms)
2026-07-11 03:02:41,196 [INFO] Pass: FixedPoint - 0.00334 (ms)
2026-07-11 03:02:41,196 [INFO] Pass: Size - 0.00191 (ms)
2026-07-11 03:02:41,196 [INFO] Pass: FixedPoint - 0.00262 (ms)
2026-07-11 03:02:41,196 [INFO] Pass: ContainsInstruction - 0.00477 (ms)
2026-07-11 03:02:41,197 [INFO] Total Transpile Time - 84.37204 (ms)
2026-07-11 03:02:41,281 [INFO] Pass: ContainsInstruction - 0.00954 (ms)
2026-07-11 03:02:41,281 [INFO] Pass: UnitarySynthesis - 0.00644 (ms)
2026-07-11 03:02:41,281 [INFO] Pass: HighLevelSynthesis - 0.00834 (ms)
2026-07-11 03:02:41,281 [INFO] Pass: BasisTranslator - 0.05174 (ms)
2026-07-11 03:02:41,281 [INFO] Pass: ElidePermutations - 0.00334 (ms)
2026-07-11 03:02:41,281 [INFO] Pass: RemoveDiagonalGatesBeforeMeasure - 0.00596 (ms)
2026-07-11 03:02:41,281 [INFO] Pass: RemoveIdentityEquivalent - 0.00572 (ms)
2026-07-11 03:02:41,281 [INFO] Pass: InverseCancellation - 0.02337 (ms)
2026-07-11 03:02:41,281 [INFO] Pass: ContractIdleWiresInControlFlow - 0.00215 (ms)
2026-07-11 03:02:41,281 [INFO] Pass: CommutativeCancellation - 0.08154 (ms)
2026-07-11 03:02:41,281 [INFO] Pass: ConsolidateBlocks - 0.04292 (ms)
2026-07-11 03:02:41,282 [INFO] Pass: Split2QUnitaries - 0.00238 (ms)
2026-07-11 03:02:41,282 [INFO] Pass: UnitarySynthesis - 0.00548 (ms)
2026-07-11 03:02:41,282 [INFO] Pass: HighLevelSynthesis - 0.03529 (ms)
2026-07-11 03:02:41,282 [INFO] Pass: BasisTranslator - 0.07343 (ms)
2026-07-11 03:02:41,282 [INFO] Pass: ConsolidateBlocks - 0.05269 (ms)
2026-07-11 03:02:41,282 [INFO] Pass: UnitarySynthesis - 0.00501 (ms)
2026-07-11 03:02:41,282 [INFO] Pass: Depth - 0.02360 (ms)
2026-07-11 03:02:41,282 [INFO] Pass: FixedPoint - 0.00405 (ms)
2026-07-11 03:02:41,282 [INFO] Pass: Size - 0.00262 (ms)
2026-07-11 03:02:41,282 [INFO] Pass: FixedPoint - 0.00286 (ms)
2026-07-11 03:02:41,282 [INFO] Pass: RemoveIdentityEquivalent - 0.00477 (ms)
2026-07-11 03:02:41,282 [INFO] Pass: Optimize1qGatesDecomposition - 0.13280 (ms)
2026-07-11 03:02:41,282 [INFO] Pass: CommutativeCancellation - 0.09108 (ms)
2026-07-11 03:02:41,282 [INFO] Pass: ContractIdleWiresInControlFlow - 0.00167 (ms)
2026-07-11 03:02:41,282 [INFO] Pass: GatesInBasis - 0.02670 (ms)
2026-07-11 03:02:41,282 [INFO] Pass: Depth - 0.02241 (ms)
2026-07-11 03:02:41,282 [INFO] Pass: FixedPoint - 0.00358 (ms)
2026-07-11 03:02:41,282 [INFO] Pass: Size - 0.00215 (ms)
2026-07-11 03:02:41,282 [INFO] Pass: FixedPoint - 0.00286 (ms)
2026-07-11 03:02:41,282 [INFO] Pass: RemoveIdentityEquivalent - 0.00453 (ms)
2026-07-11 03:02:41,283 [INFO] Pass: Optimize1qGatesDecomposition - 0.11730 (ms)
2026-07-11 03:02:41,283 [INFO] Pass: CommutativeCancellation - 0.08583 (ms)
2026-07-11 03:02:41,283 [INFO] Pass: ContractIdleWiresInControlFlow - 0.00143 (ms)
2026-07-11 03:02:41,283 [INFO] Pass: GatesInBasis - 0.02670 (ms)
2026-07-11 03:02:41,283 [INFO] Pass: Depth - 0.02170 (ms)
2026-07-11 03:02:41,283 [INFO] Pass: FixedPoint - 0.00310 (ms)
2026-07-11 03:02:41,283 [INFO] Pass: Size - 0.00191 (ms)
2026-07-11 03:02:41,283 [INFO] Pass: FixedPoint - 0.00262 (ms)
2026-07-11 03:02:41,283 [INFO] Pass: ContainsInstruction - 0.00572 (ms)
2026-07-11 03:02:41,283 [INFO] Total Transpile Time - 86.26914 (ms)
2026-07-11 03:17:00,457 [INFO] [PCE] n=150 instancia 80/100 completada en 0:00:14:19 — transcurrido=0:20:29:29 restante_estimado=0:05:07:22
2026-07-11 03:17:00,562 [INFO] Pass: ContainsInstruction - 0.01097 (ms)
2026-07-11 03:17:00,562 [INFO] Pass: UnitarySynthesis - 0.00739 (ms)
2026-07-11 03:17:00,562 [INFO] Pass: HighLevelSynthesis - 0.01001 (ms)
2026-07-11 03:17:00,562 [INFO] Pass: BasisTranslator - 0.05794 (ms)
2026-07-11 03:17:00,562 [INFO] Pass: ElidePermutations - 0.00501 (ms)
2026-07-11 03:17:00,562 [INFO] Pass: RemoveDiagonalGatesBeforeMeasure - 0.00858 (ms)
2026-07-11 03:17:00,562 [INFO] Pass: RemoveIdentityEquivalent - 0.00453 (ms)
2026-07-11 03:17:00,562 [INFO] Pass: InverseCancellation - 0.00548 (ms)
2026-07-11 03:17:00,562 [INFO] Pass: ContractIdleWiresInControlFlow - 0.00191 (ms)
2026-07-11 03:17:00,562 [INFO] Pass: CommutativeCancellation - 0.06819 (ms)
2026-07-11 03:17:00,562 [INFO] Pass: ConsolidateBlocks - 0.04673 (ms)
2026-07-11 03:17:00,562 [INFO] Pass: Split2QUnitaries - 0.00310 (ms)
2026-07-11 03:17:00,562 [INFO] Pass: UnitarySynthesis - 0.00548 (ms)
2026-07-11 03:17:00,562 [INFO] Pass: HighLevelSynthesis - 0.04101 (ms)
2026-07-11 03:17:00,563 [INFO] Pass: BasisTranslator - 0.07248 (ms)
2026-07-11 03:17:00,563 [INFO] Pass: ConsolidateBlocks - 0.05293 (ms)
2026-07-11 03:17:00,563 [INFO] Pass: UnitarySynthesis - 0.00453 (ms)
2026-07-11 03:17:00,563 [INFO] Pass: Depth - 0.02527 (ms)
2026-07-11 03:17:00,563 [INFO] Pass: FixedPoint - 0.00429 (ms)
2026-07-11 03:17:00,563 [INFO] Pass: Size - 0.00334 (ms)
2026-07-11 03:17:00,563 [INFO] Pass: FixedPoint - 0.00238 (ms)
2026-07-11 03:17:00,563 [INFO] Pass: RemoveIdentityEquivalent - 0.00310 (ms)
2026-07-11 03:17:00,563 [INFO] Pass: Optimize1qGatesDecomposition - 0.03672 (ms)
2026-07-11 03:17:00,563 [INFO] Pass: CommutativeCancellation - 0.08368 (ms)
2026-07-11 03:17:00,563 [INFO] Pass: ContractIdleWiresInControlFlow - 0.00215 (ms)
2026-07-11 03:17:00,563 [INFO] Pass: GatesInBasis - 0.02933 (ms)
2026-07-11 03:17:00,563 [INFO] Pass: Depth - 0.02337 (ms)
2026-07-11 03:17:00,563 [INFO] Pass: FixedPoint - 0.00381 (ms)
2026-07-11 03:17:00,563 [INFO] Pass: Size - 0.00191 (ms)
2026-07-11 03:17:00,563 [INFO] Pass: FixedPoint - 0.00262 (ms)
2026-07-11 03:17:00,563 [INFO] Pass: ContainsInstruction - 0.00477 (ms)
2026-07-11 03:17:00,563 [INFO] Total Transpile Time - 87.67319 (ms)
2026-07-11 03:17:00,649 [INFO] Pass: ContainsInstruction - 0.00906 (ms)
2026-07-11 03:17:00,649 [INFO] Pass: UnitarySynthesis - 0.00572 (ms)
2026-07-11 03:17:00,649 [INFO] Pass: HighLevelSynthesis - 0.00954 (ms)
2026-07-11 03:17:00,649 [INFO] Pass: BasisTranslator - 0.05198 (ms)
2026-07-11 03:17:00,649 [INFO] Pass: ElidePermutations - 0.00358 (ms)
2026-07-11 03:17:00,649 [INFO] Pass: RemoveDiagonalGatesBeforeMeasure - 0.00668 (ms)
2026-07-11 03:17:00,649 [INFO] Pass: RemoveIdentityEquivalent - 0.00501 (ms)
2026-07-11 03:17:00,649 [INFO] Pass: InverseCancellation - 0.02313 (ms)
2026-07-11 03:17:00,649 [INFO] Pass: ContractIdleWiresInControlFlow - 0.00191 (ms)
2026-07-11 03:17:00,649 [INFO] Pass: CommutativeCancellation - 0.07057 (ms)
2026-07-11 03:17:00,649 [INFO] Pass: ConsolidateBlocks - 0.04458 (ms)
2026-07-11 03:17:00,649 [INFO] Pass: Split2QUnitaries - 0.00286 (ms)
2026-07-11 03:17:00,649 [INFO] Pass: UnitarySynthesis - 0.00501 (ms)
2026-07-11 03:17:00,649 [INFO] Pass: HighLevelSynthesis - 0.03362 (ms)
2026-07-11 03:17:00,649 [INFO] Pass: BasisTranslator - 0.07272 (ms)
2026-07-11 03:17:00,649 [INFO] Pass: ConsolidateBlocks - 0.05746 (ms)
2026-07-11 03:17:00,649 [INFO] Pass: UnitarySynthesis - 0.00429 (ms)
2026-07-11 03:17:00,649 [INFO] Pass: Depth - 0.02694 (ms)
2026-07-11 03:17:00,650 [INFO] Pass: FixedPoint - 0.00405 (ms)
2026-07-11 03:17:00,650 [INFO] Pass: Size - 0.00238 (ms)
2026-07-11 03:17:00,650 [INFO] Pass: FixedPoint - 0.00286 (ms)
2026-07-11 03:17:00,650 [INFO] Pass: RemoveIdentityEquivalent - 0.00429 (ms)
2026-07-11 03:17:00,650 [INFO] Pass: Optimize1qGatesDecomposition - 0.12469 (ms)
2026-07-11 03:17:00,650 [INFO] Pass: CommutativeCancellation - 0.08869 (ms)
2026-07-11 03:17:00,650 [INFO] Pass: ContractIdleWiresInControlFlow - 0.00167 (ms)
2026-07-11 03:17:00,650 [INFO] Pass: GatesInBasis - 0.02766 (ms)
2026-07-11 03:17:00,650 [INFO] Pass: Depth - 0.02217 (ms)
2026-07-11 03:17:00,650 [INFO] Pass: FixedPoint - 0.00381 (ms)
2026-07-11 03:17:00,650 [INFO] Pass: Size - 0.00191 (ms)
2026-07-11 03:17:00,650 [INFO] Pass: FixedPoint - 0.00262 (ms)
2026-07-11 03:17:00,650 [INFO] Pass: ContainsInstruction - 0.00501 (ms)
2026-07-11 03:17:00,650 [INFO] Total Transpile Time - 86.52496 (ms)
2026-07-11 03:17:00,735 [INFO] Pass: ContainsInstruction - 0.00954 (ms)
2026-07-11 03:17:00,735 [INFO] Pass: UnitarySynthesis - 0.00644 (ms)
2026-07-11 03:17:00,735 [INFO] Pass: HighLevelSynthesis - 0.00882 (ms)
2026-07-11 03:17:00,735 [INFO] Pass: BasisTranslator - 0.06032 (ms)
2026-07-11 03:17:00,735 [INFO] Pass: ElidePermutations - 0.00310 (ms)
2026-07-11 03:17:00,735 [INFO] Pass: RemoveDiagonalGatesBeforeMeasure - 0.00620 (ms)
2026-07-11 03:17:00,736 [INFO] Pass: RemoveIdentityEquivalent - 0.00501 (ms)
2026-07-11 03:17:00,736 [INFO] Pass: InverseCancellation - 0.02360 (ms)
2026-07-11 03:17:00,736 [INFO] Pass: ContractIdleWiresInControlFlow - 0.00191 (ms)
2026-07-11 03:17:00,736 [INFO] Pass: CommutativeCancellation - 0.07272 (ms)
2026-07-11 03:17:00,736 [INFO] Pass: ConsolidateBlocks - 0.04268 (ms)
2026-07-11 03:17:00,736 [INFO] Pass: Split2QUnitaries - 0.00262 (ms)
2026-07-11 03:17:00,736 [INFO] Pass: UnitarySynthesis - 0.00525 (ms)
2026-07-11 03:17:00,736 [INFO] Pass: HighLevelSynthesis - 0.03433 (ms)
2026-07-11 03:17:00,736 [INFO] Pass: BasisTranslator - 0.07629 (ms)
2026-07-11 03:17:00,736 [INFO] Pass: ConsolidateBlocks - 0.05245 (ms)
2026-07-11 03:17:00,736 [INFO] Pass: UnitarySynthesis - 0.00453 (ms)
2026-07-11 03:17:00,736 [INFO] Pass: Depth - 0.02527 (ms)
2026-07-11 03:17:00,736 [INFO] Pass: FixedPoint - 0.00429 (ms)
2026-07-11 03:17:00,736 [INFO] Pass: Size - 0.00262 (ms)
2026-07-11 03:17:00,736 [INFO] Pass: FixedPoint - 0.00238 (ms)
2026-07-11 03:17:00,736 [INFO] Pass: RemoveIdentityEquivalent - 0.00501 (ms)
2026-07-11 03:17:00,736 [INFO] Pass: Optimize1qGatesDecomposition - 0.13447 (ms)
2026-07-11 03:17:00,736 [INFO] Pass: CommutativeCancellation - 0.08798 (ms)
2026-07-11 03:17:00,737 [INFO] Pass: ContractIdleWiresInControlFlow - 0.00191 (ms)
2026-07-11 03:17:00,737 [INFO] Pass: GatesInBasis - 0.02813 (ms)
2026-07-11 03:17:00,737 [INFO] Pass: Depth - 0.02360 (ms)
2026-07-11 03:17:00,737 [INFO] Pass: FixedPoint - 0.00358 (ms)
2026-07-11 03:17:00,737 [INFO] Pass: Size - 0.00191 (ms)
2026-07-11 03:17:00,737 [INFO] Pass: FixedPoint - 0.00262 (ms)
2026-07-11 03:17:00,737 [INFO] Pass: RemoveIdentityEquivalent - 0.00429 (ms)
2026-07-11 03:17:00,737 [INFO] Pass: Optimize1qGatesDecomposition - 0.11587 (ms)
2026-07-11 03:17:00,737 [INFO] Pass: CommutativeCancellation - 0.08130 (ms)
2026-07-11 03:17:00,737 [INFO] Pass: ContractIdleWiresInControlFlow - 0.00143 (ms)
2026-07-11 03:17:00,737 [INFO] Pass: GatesInBasis - 0.02670 (ms)
2026-07-11 03:17:00,737 [INFO] Pass: Depth - 0.02146 (ms)
2026-07-11 03:17:00,737 [INFO] Pass: FixedPoint - 0.00310 (ms)
2026-07-11 03:17:00,737 [INFO] Pass: Size - 0.00191 (ms)
2026-07-11 03:17:00,737 [INFO] Pass: FixedPoint - 0.00238 (ms)
2026-07-11 03:17:00,737 [INFO] Pass: ContainsInstruction - 0.00501 (ms)
2026-07-11 03:17:00,737 [INFO] Total Transpile Time - 86.76600 (ms)
2026-07-11 03:31:15,439 [INFO] [PCE] n=150 instancia 81/100 completada en 0:00:14:15 — transcurrido=0:20:43:44 restante_estimado=0:04:51:44
2026-07-11 03:31:15,545 [INFO] Pass: ContainsInstruction - 0.01073 (ms)
2026-07-11 03:31:15,545 [INFO] Pass: UnitarySynthesis - 0.00644 (ms)
2026-07-11 03:31:15,546 [INFO] Pass: HighLevelSynthesis - 0.01049 (ms)
2026-07-11 03:31:15,546 [INFO] Pass: BasisTranslator - 0.06390 (ms)
2026-07-11 03:31:15,546 [INFO] Pass: ElidePermutations - 0.00477 (ms)
2026-07-11 03:31:15,546 [INFO] Pass: RemoveDiagonalGatesBeforeMeasure - 0.00811 (ms)
2026-07-11 03:31:15,546 [INFO] Pass: RemoveIdentityEquivalent - 0.00358 (ms)
2026-07-11 03:31:15,546 [INFO] Pass: InverseCancellation - 0.00525 (ms)
2026-07-11 03:31:15,546 [INFO] Pass: ContractIdleWiresInControlFlow - 0.00215 (ms)
2026-07-11 03:31:15,546 [INFO] Pass: CommutativeCancellation - 0.08607 (ms)
2026-07-11 03:31:15,546 [INFO] Pass: ConsolidateBlocks - 0.04697 (ms)
2026-07-11 03:31:15,546 [INFO] Pass: Split2QUnitaries - 0.00286 (ms)
2026-07-11 03:31:15,546 [INFO] Pass: UnitarySynthesis - 0.00477 (ms)
2026-07-11 03:31:15,546 [INFO] Pass: HighLevelSynthesis - 0.03362 (ms)
2026-07-11 03:31:15,546 [INFO] Pass: BasisTranslator - 0.07701 (ms)
2026-07-11 03:31:15,546 [INFO] Pass: ConsolidateBlocks - 0.05412 (ms)
2026-07-11 03:31:15,546 [INFO] Pass: UnitarySynthesis - 0.00501 (ms)
2026-07-11 03:31:15,546 [INFO] Pass: Depth - 0.02527 (ms)
2026-07-11 03:31:15,546 [INFO] Pass: FixedPoint - 0.00501 (ms)
2026-07-11 03:31:15,546 [INFO] Pass: Size - 0.00334 (ms)
2026-07-11 03:31:15,546 [INFO] Pass: FixedPoint - 0.00286 (ms)
2026-07-11 03:31:15,546 [INFO] Pass: RemoveIdentityEquivalent - 0.00381 (ms)
2026-07-11 03:31:15,547 [INFO] Pass: Optimize1qGatesDecomposition - 0.03862 (ms)
2026-07-11 03:31:15,547 [INFO] Pass: CommutativeCancellation - 0.10204 (ms)
2026-07-11 03:31:15,547 [INFO] Pass: ContractIdleWiresInControlFlow - 0.00191 (ms)
2026-07-11 03:31:15,547 [INFO] Pass: GatesInBasis - 0.02885 (ms)
2026-07-11 03:31:15,547 [INFO] Pass: Depth - 0.02265 (ms)
2026-07-11 03:31:15,547 [INFO] Pass: FixedPoint - 0.00358 (ms)
2026-07-11 03:31:15,547 [INFO] Pass: Size - 0.00191 (ms)
2026-07-11 03:31:15,547 [INFO] Pass: FixedPoint - 0.00286 (ms)
2026-07-11 03:31:15,547 [INFO] Pass: ContainsInstruction - 0.00477 (ms)
2026-07-11 03:31:15,547 [INFO] Total Transpile Time - 89.23793 (ms)
2026-07-11 03:31:15,633 [INFO] Pass: ContainsInstruction - 0.00930 (ms)
2026-07-11 03:31:15,633 [INFO] Pass: UnitarySynthesis - 0.00572 (ms)
2026-07-11 03:31:15,633 [INFO] Pass: HighLevelSynthesis - 0.00906 (ms)
2026-07-11 03:31:15,633 [INFO] Pass: BasisTranslator - 0.05579 (ms)
2026-07-11 03:31:15,633 [INFO] Pass: ElidePermutations - 0.00334 (ms)
2026-07-11 03:31:15,633 [INFO] Pass: RemoveDiagonalGatesBeforeMeasure - 0.00668 (ms)
2026-07-11 03:31:15,633 [INFO] Pass: RemoveIdentityEquivalent - 0.00525 (ms)
2026-07-11 03:31:15,633 [INFO] Pass: InverseCancellation - 0.02623 (ms)
2026-07-11 03:31:15,633 [INFO] Pass: ContractIdleWiresInControlFlow - 0.00191 (ms)
2026-07-11 03:31:15,633 [INFO] Pass: CommutativeCancellation - 0.09608 (ms)
2026-07-11 03:31:15,633 [INFO] Pass: ConsolidateBlocks - 0.04363 (ms)
2026-07-11 03:31:15,634 [INFO] Pass: Split2QUnitaries - 0.00238 (ms)
2026-07-11 03:31:15,634 [INFO] Pass: UnitarySynthesis - 0.00477 (ms)
2026-07-11 03:31:15,634 [INFO] Pass: HighLevelSynthesis - 0.03338 (ms)
2026-07-11 03:31:15,634 [INFO] Pass: BasisTranslator - 0.07582 (ms)
2026-07-11 03:31:15,634 [INFO] Pass: ConsolidateBlocks - 0.05460 (ms)
2026-07-11 03:31:15,634 [INFO] Pass: UnitarySynthesis - 0.00429 (ms)
2026-07-11 03:31:15,634 [INFO] Pass: Depth - 0.03004 (ms)
2026-07-11 03:31:15,634 [INFO] Pass: FixedPoint - 0.00405 (ms)
2026-07-11 03:31:15,634 [INFO] Pass: Size - 0.00262 (ms)
2026-07-11 03:31:15,634 [INFO] Pass: FixedPoint - 0.00262 (ms)
2026-07-11 03:31:15,634 [INFO] Pass: RemoveIdentityEquivalent - 0.00453 (ms)
2026-07-11 03:31:15,634 [INFO] Pass: Optimize1qGatesDecomposition - 0.13280 (ms)
2026-07-11 03:31:15,634 [INFO] Pass: CommutativeCancellation - 0.10252 (ms)
2026-07-11 03:31:15,634 [INFO] Pass: ContractIdleWiresInControlFlow - 0.00167 (ms)
2026-07-11 03:31:15,634 [INFO] Pass: GatesInBasis - 0.02933 (ms)
2026-07-11 03:31:15,634 [INFO] Pass: Depth - 0.02527 (ms)
2026-07-11 03:31:15,634 [INFO] Pass: FixedPoint - 0.00381 (ms)
2026-07-11 03:31:15,634 [INFO] Pass: Size - 0.00238 (ms)
2026-07-11 03:31:15,634 [INFO] Pass: FixedPoint - 0.00286 (ms)
2026-07-11 03:31:15,634 [INFO] Pass: ContainsInstruction - 0.00501 (ms)
2026-07-11 03:31:15,635 [INFO] Total Transpile Time - 87.24189 (ms)
2026-07-11 03:31:15,721 [INFO] Pass: ContainsInstruction - 0.00906 (ms)
2026-07-11 03:31:15,721 [INFO] Pass: UnitarySynthesis - 0.00620 (ms)
2026-07-11 03:31:15,721 [INFO] Pass: HighLevelSynthesis - 0.00858 (ms)
2026-07-11 03:31:15,721 [INFO] Pass: BasisTranslator - 0.05341 (ms)
2026-07-11 03:31:15,721 [INFO] Pass: ElidePermutations - 0.00286 (ms)
2026-07-11 03:31:15,721 [INFO] Pass: RemoveDiagonalGatesBeforeMeasure - 0.00596 (ms)
2026-07-11 03:31:15,721 [INFO] Pass: RemoveIdentityEquivalent - 0.00572 (ms)
2026-07-11 03:31:15,721 [INFO] Pass: InverseCancellation - 0.02360 (ms)
2026-07-11 03:31:15,721 [INFO] Pass: ContractIdleWiresInControlFlow - 0.00215 (ms)
2026-07-11 03:31:15,721 [INFO] Pass: CommutativeCancellation - 0.07796 (ms)
2026-07-11 03:31:15,721 [INFO] Pass: ConsolidateBlocks - 0.04268 (ms)
2026-07-11 03:31:15,721 [INFO] Pass: Split2QUnitaries - 0.00238 (ms)
2026-07-11 03:31:15,721 [INFO] Pass: UnitarySynthesis - 0.00525 (ms)
2026-07-11 03:31:15,721 [INFO] Pass: HighLevelSynthesis - 0.03481 (ms)
2026-07-11 03:31:15,722 [INFO] Pass: BasisTranslator - 0.07844 (ms)
2026-07-11 03:31:15,722 [INFO] Pass: ConsolidateBlocks - 0.05412 (ms)
2026-07-11 03:31:15,722 [INFO] Pass: UnitarySynthesis - 0.00429 (ms)
2026-07-11 03:31:15,722 [INFO] Pass: Depth - 0.02599 (ms)
2026-07-11 03:31:15,722 [INFO] Pass: FixedPoint - 0.00405 (ms)
2026-07-11 03:31:15,722 [INFO] Pass: Size - 0.00262 (ms)
2026-07-11 03:31:15,722 [INFO] Pass: FixedPoint - 0.00262 (ms)
2026-07-11 03:31:15,722 [INFO] Pass: RemoveIdentityEquivalent - 0.00477 (ms)
2026-07-11 03:31:15,722 [INFO] Pass: Optimize1qGatesDecomposition - 0.14257 (ms)
2026-07-11 03:31:15,722 [INFO] Pass: CommutativeCancellation - 0.09584 (ms)
2026-07-11 03:31:15,722 [INFO] Pass: ContractIdleWiresInControlFlow - 0.00191 (ms)
2026-07-11 03:31:15,722 [INFO] Pass: GatesInBasis - 0.02742 (ms)
2026-07-11 03:31:15,722 [INFO] Pass: Depth - 0.02313 (ms)
2026-07-11 03:31:15,722 [INFO] Pass: FixedPoint - 0.00358 (ms)
2026-07-11 03:31:15,722 [INFO] Pass: Size - 0.00215 (ms)
2026-07-11 03:31:15,722 [INFO] Pass: FixedPoint - 0.00286 (ms)
2026-07-11 03:31:15,722 [INFO] Pass: RemoveIdentityEquivalent - 0.00477 (ms)
2026-07-11 03:31:15,722 [INFO] Pass: Optimize1qGatesDecomposition - 0.12851 (ms)
2026-07-11 03:31:15,723 [INFO] Pass: CommutativeCancellation - 0.08917 (ms)
2026-07-11 03:31:15,723 [INFO] Pass: ContractIdleWiresInControlFlow - 0.00167 (ms)
2026-07-11 03:31:15,723 [INFO] Pass: GatesInBasis - 0.02670 (ms)
2026-07-11 03:31:15,723 [INFO] Pass: Depth - 0.02217 (ms)
2026-07-11 03:31:15,723 [INFO] Pass: FixedPoint - 0.00334 (ms)
2026-07-11 03:31:15,723 [INFO] Pass: Size - 0.00167 (ms)
2026-07-11 03:31:15,723 [INFO] Pass: FixedPoint - 0.00238 (ms)
2026-07-11 03:31:15,723 [INFO] Pass: ContainsInstruction - 0.00501 (ms)
2026-07-11 03:31:15,723 [INFO] Total Transpile Time - 87.96477 (ms)
2026-07-11 03:45:20,011 [INFO] [PCE] n=150 instancia 82/100 completada en 0:00:14:05 — transcurrido=0:20:57:49 restante_estimado=0:04:36:06
2026-07-11 03:45:20,113 [INFO] Pass: ContainsInstruction - 0.01121 (ms)
2026-07-11 03:45:20,113 [INFO] Pass: UnitarySynthesis - 0.00691 (ms)
2026-07-11 03:45:20,113 [INFO] Pass: HighLevelSynthesis - 0.01025 (ms)
2026-07-11 03:45:20,113 [INFO] Pass: BasisTranslator - 0.05794 (ms)
2026-07-11 03:45:20,113 [INFO] Pass: ElidePermutations - 0.00477 (ms)
2026-07-11 03:45:20,113 [INFO] Pass: RemoveDiagonalGatesBeforeMeasure - 0.00858 (ms)
2026-07-11 03:45:20,113 [INFO] Pass: RemoveIdentityEquivalent - 0.00358 (ms)
2026-07-11 03:45:20,113 [INFO] Pass: InverseCancellation - 0.00548 (ms)
2026-07-11 03:45:20,113 [INFO] Pass: ContractIdleWiresInControlFlow - 0.00215 (ms)
2026-07-11 03:45:20,113 [INFO] Pass: CommutativeCancellation - 0.07010 (ms)
2026-07-11 03:45:20,113 [INFO] Pass: ConsolidateBlocks - 0.04506 (ms)
2026-07-11 03:45:20,113 [INFO] Pass: Split2QUnitaries - 0.00286 (ms)
2026-07-11 03:45:20,113 [INFO] Pass: UnitarySynthesis - 0.00501 (ms)
2026-07-11 03:45:20,113 [INFO] Pass: HighLevelSynthesis - 0.03290 (ms)
2026-07-11 03:45:20,113 [INFO] Pass: BasisTranslator - 0.07606 (ms)
2026-07-11 03:45:20,114 [INFO] Pass: ConsolidateBlocks - 0.05484 (ms)
2026-07-11 03:45:20,114 [INFO] Pass: UnitarySynthesis - 0.00453 (ms)
2026-07-11 03:45:20,114 [INFO] Pass: Depth - 0.02408 (ms)
2026-07-11 03:45:20,114 [INFO] Pass: FixedPoint - 0.00429 (ms)
2026-07-11 03:45:20,114 [INFO] Pass: Size - 0.00358 (ms)
2026-07-11 03:45:20,114 [INFO] Pass: FixedPoint - 0.00286 (ms)
2026-07-11 03:45:20,114 [INFO] Pass: RemoveIdentityEquivalent - 0.00286 (ms)
2026-07-11 03:45:20,114 [INFO] Pass: Optimize1qGatesDecomposition - 0.03481 (ms)
2026-07-11 03:45:20,114 [INFO] Pass: CommutativeCancellation - 0.08941 (ms)
2026-07-11 03:45:20,114 [INFO] Pass: ContractIdleWiresInControlFlow - 0.00191 (ms)
2026-07-11 03:45:20,114 [INFO] Pass: GatesInBasis - 0.02766 (ms)
2026-07-11 03:45:20,114 [INFO] Pass: Depth - 0.02122 (ms)
2026-07-11 03:45:20,114 [INFO] Pass: FixedPoint - 0.00358 (ms)
2026-07-11 03:45:20,114 [INFO] Pass: Size - 0.00191 (ms)
2026-07-11 03:45:20,114 [INFO] Pass: FixedPoint - 0.00262 (ms)
2026-07-11 03:45:20,114 [INFO] Pass: ContainsInstruction - 0.00525 (ms)
2026-07-11 03:45:20,114 [INFO] Total Transpile Time - 86.38120 (ms)
2026-07-11 03:45:20,198 [INFO] Pass: ContainsInstruction - 0.00930 (ms)
2026-07-11 03:45:20,198 [INFO] Pass: UnitarySynthesis - 0.00620 (ms)
2026-07-11 03:45:20,198 [INFO] Pass: HighLevelSynthesis - 0.00858 (ms)
2026-07-11 03:45:20,198 [INFO] Pass: BasisTranslator - 0.05436 (ms)
2026-07-11 03:45:20,198 [INFO] Pass: ElidePermutations - 0.00358 (ms)
2026-07-11 03:45:20,199 [INFO] Pass: RemoveDiagonalGatesBeforeMeasure - 0.00691 (ms)
2026-07-11 03:45:20,199 [INFO] Pass: RemoveIdentityEquivalent - 0.00548 (ms)
2026-07-11 03:45:20,199 [INFO] Pass: InverseCancellation - 0.02408 (ms)
2026-07-11 03:45:20,199 [INFO] Pass: ContractIdleWiresInControlFlow - 0.00191 (ms)
2026-07-11 03:45:20,199 [INFO] Pass: CommutativeCancellation - 0.07606 (ms)
2026-07-11 03:45:20,199 [INFO] Pass: ConsolidateBlocks - 0.04339 (ms)
2026-07-11 03:45:20,199 [INFO] Pass: Split2QUnitaries - 0.00262 (ms)
2026-07-11 03:45:20,199 [INFO] Pass: UnitarySynthesis - 0.00477 (ms)
2026-07-11 03:45:20,199 [INFO] Pass: HighLevelSynthesis - 0.03362 (ms)
2026-07-11 03:45:20,199 [INFO] Pass: BasisTranslator - 0.07701 (ms)
2026-07-11 03:45:20,199 [INFO] Pass: ConsolidateBlocks - 0.05031 (ms)
2026-07-11 03:45:20,199 [INFO] Pass: UnitarySynthesis - 0.00429 (ms)
2026-07-11 03:45:20,199 [INFO] Pass: Depth - 0.02384 (ms)
2026-07-11 03:45:20,199 [INFO] Pass: FixedPoint - 0.00405 (ms)
2026-07-11 03:45:20,199 [INFO] Pass: Size - 0.00262 (ms)
2026-07-11 03:45:20,199 [INFO] Pass: FixedPoint - 0.00262 (ms)
2026-07-11 03:45:20,199 [INFO] Pass: RemoveIdentityEquivalent - 0.00453 (ms)
2026-07-11 03:45:20,199 [INFO] Pass: Optimize1qGatesDecomposition - 0.13113 (ms)
2026-07-11 03:45:20,200 [INFO] Pass: CommutativeCancellation - 0.09584 (ms)
2026-07-11 03:45:20,200 [INFO] Pass: ContractIdleWiresInControlFlow - 0.00215 (ms)
2026-07-11 03:45:20,200 [INFO] Pass: GatesInBasis - 0.02694 (ms)
2026-07-11 03:45:20,200 [INFO] Pass: Depth - 0.02408 (ms)
2026-07-11 03:45:20,200 [INFO] Pass: FixedPoint - 0.00334 (ms)
2026-07-11 03:45:20,200 [INFO] Pass: Size - 0.00167 (ms)
2026-07-11 03:45:20,200 [INFO] Pass: FixedPoint - 0.00262 (ms)
2026-07-11 03:45:20,200 [INFO] Pass: ContainsInstruction - 0.00501 (ms)
2026-07-11 03:45:20,200 [INFO] Total Transpile Time - 85.21533 (ms)
2026-07-11 03:45:20,284 [INFO] Pass: ContainsInstruction - 0.00954 (ms)
2026-07-11 03:45:20,284 [INFO] Pass: UnitarySynthesis - 0.00668 (ms)
2026-07-11 03:45:20,284 [INFO] Pass: HighLevelSynthesis - 0.00858 (ms)
2026-07-11 03:45:20,284 [INFO] Pass: BasisTranslator - 0.05412 (ms)
2026-07-11 03:45:20,284 [INFO] Pass: ElidePermutations - 0.00334 (ms)
2026-07-11 03:45:20,284 [INFO] Pass: RemoveDiagonalGatesBeforeMeasure - 0.00596 (ms)
2026-07-11 03:45:20,284 [INFO] Pass: RemoveIdentityEquivalent - 0.00525 (ms)
2026-07-11 03:45:20,284 [INFO] Pass: InverseCancellation - 0.02217 (ms)
2026-07-11 03:45:20,284 [INFO] Pass: ContractIdleWiresInControlFlow - 0.00215 (ms)
2026-07-11 03:45:20,284 [INFO] Pass: CommutativeCancellation - 0.07463 (ms)
2026-07-11 03:45:20,284 [INFO] Pass: ConsolidateBlocks - 0.04292 (ms)
2026-07-11 03:45:20,284 [INFO] Pass: Split2QUnitaries - 0.00262 (ms)
2026-07-11 03:45:20,284 [INFO] Pass: UnitarySynthesis - 0.00525 (ms)
2026-07-11 03:45:20,284 [INFO] Pass: HighLevelSynthesis - 0.03433 (ms)
2026-07-11 03:45:20,284 [INFO] Pass: BasisTranslator - 0.07343 (ms)
2026-07-11 03:45:20,284 [INFO] Pass: ConsolidateBlocks - 0.05627 (ms)
2026-07-11 03:45:20,284 [INFO] Pass: UnitarySynthesis - 0.00477 (ms)
2026-07-11 03:45:20,285 [INFO] Pass: Depth - 0.02360 (ms)
2026-07-11 03:45:20,285 [INFO] Pass: FixedPoint - 0.00405 (ms)
2026-07-11 03:45:20,285 [INFO] Pass: Size - 0.00262 (ms)
2026-07-11 03:45:20,285 [INFO] Pass: FixedPoint - 0.00286 (ms)
2026-07-11 03:45:20,285 [INFO] Pass: RemoveIdentityEquivalent - 0.00477 (ms)
2026-07-11 03:45:20,285 [INFO] Pass: Optimize1qGatesDecomposition - 0.13590 (ms)
2026-07-11 03:45:20,285 [INFO] Pass: CommutativeCancellation - 0.09418 (ms)
2026-07-11 03:45:20,285 [INFO] Pass: ContractIdleWiresInControlFlow - 0.00215 (ms)
2026-07-11 03:45:20,285 [INFO] Pass: GatesInBasis - 0.02742 (ms)
2026-07-11 03:45:20,285 [INFO] Pass: Depth - 0.02480 (ms)
2026-07-11 03:45:20,285 [INFO] Pass: FixedPoint - 0.00381 (ms)
2026-07-11 03:45:20,285 [INFO] Pass: Size - 0.00191 (ms)
2026-07-11 03:45:20,285 [INFO] Pass: FixedPoint - 0.00286 (ms)
2026-07-11 03:45:20,285 [INFO] Pass: RemoveIdentityEquivalent - 0.00453 (ms)
2026-07-11 03:45:20,285 [INFO] Pass: Optimize1qGatesDecomposition - 0.12350 (ms)
2026-07-11 03:45:20,285 [INFO] Pass: CommutativeCancellation - 0.08559 (ms)
2026-07-11 03:45:20,285 [INFO] Pass: ContractIdleWiresInControlFlow - 0.00167 (ms)
2026-07-11 03:45:20,285 [INFO] Pass: GatesInBasis - 0.02670 (ms)
2026-07-11 03:45:20,286 [INFO] Pass: Depth - 0.02241 (ms)
2026-07-11 03:45:20,286 [INFO] Pass: FixedPoint - 0.00310 (ms)
2026-07-11 03:45:20,286 [INFO] Pass: Size - 0.00167 (ms)
2026-07-11 03:45:20,286 [INFO] Pass: FixedPoint - 0.00262 (ms)
2026-07-11 03:45:20,286 [INFO] Pass: ContainsInstruction - 0.00525 (ms)
2026-07-11 03:45:20,286 [INFO] Total Transpile Time - 85.53672 (ms)
2026-07-11 03:59:41,911 [INFO] [PCE] n=150 instancia 83/100 completada en 0:00:14:22 — transcurrido=0:21:12:11 restante_estimado=0:04:20:34
2026-07-11 03:59:42,018 [INFO] Pass: ContainsInstruction - 0.01025 (ms)
2026-07-11 03:59:42,018 [INFO] Pass: UnitarySynthesis - 0.00668 (ms)
2026-07-11 03:59:42,018 [INFO] Pass: HighLevelSynthesis - 0.01121 (ms)
2026-07-11 03:59:42,018 [INFO] Pass: BasisTranslator - 0.06104 (ms)
2026-07-11 03:59:42,018 [INFO] Pass: ElidePermutations - 0.00477 (ms)
2026-07-11 03:59:42,018 [INFO] Pass: RemoveDiagonalGatesBeforeMeasure - 0.00834 (ms)
2026-07-11 03:59:42,018 [INFO] Pass: RemoveIdentityEquivalent - 0.00358 (ms)
2026-07-11 03:59:42,018 [INFO] Pass: InverseCancellation - 0.00477 (ms)
2026-07-11 03:59:42,018 [INFO] Pass: ContractIdleWiresInControlFlow - 0.00191 (ms)
2026-07-11 03:59:42,018 [INFO] Pass: CommutativeCancellation - 0.07224 (ms)
2026-07-11 03:59:42,018 [INFO] Pass: ConsolidateBlocks - 0.04673 (ms)
2026-07-11 03:59:42,018 [INFO] Pass: Split2QUnitaries - 0.00310 (ms)
2026-07-11 03:59:42,018 [INFO] Pass: UnitarySynthesis - 0.00477 (ms)
2026-07-11 03:59:42,018 [INFO] Pass: HighLevelSynthesis - 0.04053 (ms)
2026-07-11 03:59:42,019 [INFO] Pass: BasisTranslator - 0.07749 (ms)
2026-07-11 03:59:42,019 [INFO] Pass: ConsolidateBlocks - 0.05507 (ms)
2026-07-11 03:59:42,019 [INFO] Pass: UnitarySynthesis - 0.00453 (ms)
2026-07-11 03:59:42,019 [INFO] Pass: Depth - 0.02503 (ms)
2026-07-11 03:59:42,019 [INFO] Pass: FixedPoint - 0.00453 (ms)
2026-07-11 03:59:42,019 [INFO] Pass: Size - 0.00358 (ms)
2026-07-11 03:59:42,019 [INFO] Pass: FixedPoint - 0.00286 (ms)
2026-07-11 03:59:42,019 [INFO] Pass: RemoveIdentityEquivalent - 0.00334 (ms)
2026-07-11 03:59:42,019 [INFO] Pass: Optimize1qGatesDecomposition - 0.03839 (ms)
2026-07-11 03:59:42,019 [INFO] Pass: CommutativeCancellation - 0.09036 (ms)
2026-07-11 03:59:42,019 [INFO] Pass: ContractIdleWiresInControlFlow - 0.00215 (ms)
2026-07-11 03:59:42,019 [INFO] Pass: GatesInBasis - 0.02837 (ms)
2026-07-11 03:59:42,019 [INFO] Pass: Depth - 0.02265 (ms)
2026-07-11 03:59:42,019 [INFO] Pass: FixedPoint - 0.00334 (ms)
2026-07-11 03:59:42,019 [INFO] Pass: Size - 0.00215 (ms)
2026-07-11 03:59:42,019 [INFO] Pass: FixedPoint - 0.00238 (ms)
2026-07-11 03:59:42,019 [INFO] Pass: ContainsInstruction - 0.00477 (ms)
2026-07-11 03:59:42,020 [INFO] Total Transpile Time - 89.19549 (ms)
2026-07-11 03:59:42,107 [INFO] Pass: ContainsInstruction - 0.00978 (ms)
2026-07-11 03:59:42,107 [INFO] Pass: UnitarySynthesis - 0.00620 (ms)
2026-07-11 03:59:42,107 [INFO] Pass: HighLevelSynthesis - 0.00882 (ms)
2026-07-11 03:59:42,107 [INFO] Pass: BasisTranslator - 0.05507 (ms)
2026-07-11 03:59:42,107 [INFO] Pass: ElidePermutations - 0.00358 (ms)
2026-07-11 03:59:42,107 [INFO] Pass: RemoveDiagonalGatesBeforeMeasure - 0.00668 (ms)
2026-07-11 03:59:42,107 [INFO] Pass: RemoveIdentityEquivalent - 0.00477 (ms)
2026-07-11 03:59:42,107 [INFO] Pass: InverseCancellation - 0.02337 (ms)
2026-07-11 03:59:42,107 [INFO] Pass: ContractIdleWiresInControlFlow - 0.00167 (ms)
2026-07-11 03:59:42,107 [INFO] Pass: CommutativeCancellation - 0.07796 (ms)
2026-07-11 03:59:42,108 [INFO] Pass: ConsolidateBlocks - 0.04339 (ms)
2026-07-11 03:59:42,108 [INFO] Pass: Split2QUnitaries - 0.00238 (ms)
2026-07-11 03:59:42,108 [INFO] Pass: UnitarySynthesis - 0.00501 (ms)
2026-07-11 03:59:42,108 [INFO] Pass: HighLevelSynthesis - 0.03386 (ms)
2026-07-11 03:59:42,108 [INFO] Pass: BasisTranslator - 0.07510 (ms)
2026-07-11 03:59:42,108 [INFO] Pass: ConsolidateBlocks - 0.05412 (ms)
2026-07-11 03:59:42,108 [INFO] Pass: UnitarySynthesis - 0.00429 (ms)
2026-07-11 03:59:42,108 [INFO] Pass: Depth - 0.02694 (ms)
2026-07-11 03:59:42,108 [INFO] Pass: FixedPoint - 0.00405 (ms)
2026-07-11 03:59:42,108 [INFO] Pass: Size - 0.00262 (ms)
2026-07-11 03:59:42,108 [INFO] Pass: FixedPoint - 0.00286 (ms)
2026-07-11 03:59:42,108 [INFO] Pass: RemoveIdentityEquivalent - 0.00453 (ms)
2026-07-11 03:59:42,108 [INFO] Pass: Optimize1qGatesDecomposition - 0.12612 (ms)
2026-07-11 03:59:42,108 [INFO] Pass: CommutativeCancellation - 0.09274 (ms)
2026-07-11 03:59:42,108 [INFO] Pass: ContractIdleWiresInControlFlow - 0.00215 (ms)
2026-07-11 03:59:42,108 [INFO] Pass: GatesInBasis - 0.03481 (ms)
2026-07-11 03:59:42,108 [INFO] Pass: Depth - 0.02217 (ms)
2026-07-11 03:59:42,108 [INFO] Pass: FixedPoint - 0.00358 (ms)
2026-07-11 03:59:42,108 [INFO] Pass: Size - 0.00215 (ms)
2026-07-11 03:59:42,109 [INFO] Pass: FixedPoint - 0.00262 (ms)
2026-07-11 03:59:42,109 [INFO] Pass: ContainsInstruction - 0.00548 (ms)
2026-07-11 03:59:42,109 [INFO] Total Transpile Time - 88.95111 (ms)
2026-07-11 03:59:42,195 [INFO] Pass: ContainsInstruction - 0.00954 (ms)
2026-07-11 03:59:42,195 [INFO] Pass: UnitarySynthesis - 0.00644 (ms)
2026-07-11 03:59:42,195 [INFO] Pass: HighLevelSynthesis - 0.00930 (ms)
2026-07-11 03:59:42,195 [INFO] Pass: BasisTranslator - 0.05317 (ms)
2026-07-11 03:59:42,195 [INFO] Pass: ElidePermutations - 0.00310 (ms)
2026-07-11 03:59:42,195 [INFO] Pass: RemoveDiagonalGatesBeforeMeasure - 0.00620 (ms)
2026-07-11 03:59:42,195 [INFO] Pass: RemoveIdentityEquivalent - 0.00477 (ms)
2026-07-11 03:59:42,195 [INFO] Pass: InverseCancellation - 0.02241 (ms)
2026-07-11 03:59:42,195 [INFO] Pass: ContractIdleWiresInControlFlow - 0.00167 (ms)
2026-07-11 03:59:42,195 [INFO] Pass: CommutativeCancellation - 0.07081 (ms)
2026-07-11 03:59:42,195 [INFO] Pass: ConsolidateBlocks - 0.04196 (ms)
2026-07-11 03:59:42,195 [INFO] Pass: Split2QUnitaries - 0.00238 (ms)
2026-07-11 03:59:42,195 [INFO] Pass: UnitarySynthesis - 0.00525 (ms)
2026-07-11 03:59:42,195 [INFO] Pass: HighLevelSynthesis - 0.03600 (ms)
2026-07-11 03:59:42,195 [INFO] Pass: BasisTranslator - 0.07486 (ms)
2026-07-11 03:59:42,195 [INFO] Pass: ConsolidateBlocks - 0.06127 (ms)
2026-07-11 03:59:42,195 [INFO] Pass: UnitarySynthesis - 0.00477 (ms)
2026-07-11 03:59:42,196 [INFO] Pass: Depth - 0.02503 (ms)
2026-07-11 03:59:42,196 [INFO] Pass: FixedPoint - 0.00405 (ms)
2026-07-11 03:59:42,196 [INFO] Pass: Size - 0.00286 (ms)
2026-07-11 03:59:42,196 [INFO] Pass: FixedPoint - 0.00262 (ms)
2026-07-11 03:59:42,196 [INFO] Pass: RemoveIdentityEquivalent - 0.00501 (ms)
2026-07-11 03:59:42,196 [INFO] Pass: Optimize1qGatesDecomposition - 0.13423 (ms)
2026-07-11 03:59:42,196 [INFO] Pass: CommutativeCancellation - 0.09060 (ms)
2026-07-11 03:59:42,196 [INFO] Pass: ContractIdleWiresInControlFlow - 0.00191 (ms)
2026-07-11 03:59:42,196 [INFO] Pass: GatesInBasis - 0.02766 (ms)
2026-07-11 03:59:42,196 [INFO] Pass: Depth - 0.02384 (ms)
2026-07-11 03:59:42,196 [INFO] Pass: FixedPoint - 0.00358 (ms)
2026-07-11 03:59:42,196 [INFO] Pass: Size - 0.00191 (ms)
2026-07-11 03:59:42,196 [INFO] Pass: FixedPoint - 0.00262 (ms)
2026-07-11 03:59:42,196 [INFO] Pass: RemoveIdentityEquivalent - 0.00453 (ms)
2026-07-11 03:59:42,196 [INFO] Pass: Optimize1qGatesDecomposition - 0.11683 (ms)
2026-07-11 03:59:42,196 [INFO] Pass: CommutativeCancellation - 0.08392 (ms)
2026-07-11 03:59:42,196 [INFO] Pass: ContractIdleWiresInControlFlow - 0.00167 (ms)
2026-07-11 03:59:42,196 [INFO] Pass: GatesInBasis - 0.02646 (ms)
2026-07-11 03:59:42,197 [INFO] Pass: Depth - 0.02170 (ms)
2026-07-11 03:59:42,197 [INFO] Pass: FixedPoint - 0.00310 (ms)
2026-07-11 03:59:42,197 [INFO] Pass: Size - 0.00191 (ms)
2026-07-11 03:59:42,197 [INFO] Pass: FixedPoint - 0.00238 (ms)
2026-07-11 03:59:42,197 [INFO] Pass: ContainsInstruction - 0.00572 (ms)
2026-07-11 03:59:42,197 [INFO] Total Transpile Time - 87.73613 (ms)
2026-07-11 04:14:20,361 [INFO] [PCE] n=150 instancia 84/100 completada en 0:00:14:38 — transcurrido=0:21:26:49 restante_estimado=0:04:05:06
2026-07-11 04:14:20,467 [INFO] Pass: ContainsInstruction - 0.01049 (ms)
2026-07-11 04:14:20,467 [INFO] Pass: UnitarySynthesis - 0.00691 (ms)
2026-07-11 04:14:20,467 [INFO] Pass: HighLevelSynthesis - 0.01073 (ms)
2026-07-11 04:14:20,467 [INFO] Pass: BasisTranslator - 0.06223 (ms)
2026-07-11 04:14:20,468 [INFO] Pass: ElidePermutations - 0.00525 (ms)
2026-07-11 04:14:20,468 [INFO] Pass: RemoveDiagonalGatesBeforeMeasure - 0.00906 (ms)
2026-07-11 04:14:20,468 [INFO] Pass: RemoveIdentityEquivalent - 0.00405 (ms)
2026-07-11 04:14:20,468 [INFO] Pass: InverseCancellation - 0.00548 (ms)
2026-07-11 04:14:20,468 [INFO] Pass: ContractIdleWiresInControlFlow - 0.00215 (ms)
2026-07-11 04:14:20,468 [INFO] Pass: CommutativeCancellation - 0.08225 (ms)
2026-07-11 04:14:20,468 [INFO] Pass: ConsolidateBlocks - 0.04625 (ms)
2026-07-11 04:14:20,468 [INFO] Pass: Split2QUnitaries - 0.00310 (ms)
2026-07-11 04:14:20,468 [INFO] Pass: UnitarySynthesis - 0.00572 (ms)
2026-07-11 04:14:20,468 [INFO] Pass: HighLevelSynthesis - 0.03409 (ms)
2026-07-11 04:14:20,468 [INFO] Pass: BasisTranslator - 0.07486 (ms)
2026-07-11 04:14:20,468 [INFO] Pass: ConsolidateBlocks - 0.05341 (ms)
2026-07-11 04:14:20,468 [INFO] Pass: UnitarySynthesis - 0.00453 (ms)
2026-07-11 04:14:20,468 [INFO] Pass: Depth - 0.03028 (ms)
2026-07-11 04:14:20,468 [INFO] Pass: FixedPoint - 0.00477 (ms)
2026-07-11 04:14:20,468 [INFO] Pass: Size - 0.00310 (ms)
2026-07-11 04:14:20,468 [INFO] Pass: FixedPoint - 0.00286 (ms)
2026-07-11 04:14:20,468 [INFO] Pass: RemoveIdentityEquivalent - 0.00334 (ms)
2026-07-11 04:14:20,468 [INFO] Pass: Optimize1qGatesDecomposition - 0.03767 (ms)
2026-07-11 04:14:20,468 [INFO] Pass: CommutativeCancellation - 0.09584 (ms)
2026-07-11 04:14:20,469 [INFO] Pass: ContractIdleWiresInControlFlow - 0.00191 (ms)
2026-07-11 04:14:20,469 [INFO] Pass: GatesInBasis - 0.02837 (ms)
2026-07-11 04:14:20,469 [INFO] Pass: Depth - 0.02193 (ms)
2026-07-11 04:14:20,469 [INFO] Pass: FixedPoint - 0.00334 (ms)
2026-07-11 04:14:20,469 [INFO] Pass: Size - 0.00215 (ms)
2026-07-11 04:14:20,469 [INFO] Pass: FixedPoint - 0.00286 (ms)
2026-07-11 04:14:20,469 [INFO] Pass: ContainsInstruction - 0.00548 (ms)
2026-07-11 04:14:20,469 [INFO] Total Transpile Time - 89.27131 (ms)
2026-07-11 04:14:20,555 [INFO] Pass: ContainsInstruction - 0.00978 (ms)
2026-07-11 04:14:20,555 [INFO] Pass: UnitarySynthesis - 0.00644 (ms)
2026-07-11 04:14:20,555 [INFO] Pass: HighLevelSynthesis - 0.00930 (ms)
2026-07-11 04:14:20,555 [INFO] Pass: BasisTranslator - 0.05507 (ms)
2026-07-11 04:14:20,555 [INFO] Pass: ElidePermutations - 0.00381 (ms)
2026-07-11 04:14:20,555 [INFO] Pass: RemoveDiagonalGatesBeforeMeasure - 0.00668 (ms)
2026-07-11 04:14:20,555 [INFO] Pass: RemoveIdentityEquivalent - 0.00525 (ms)
2026-07-11 04:14:20,555 [INFO] Pass: InverseCancellation - 0.02313 (ms)
2026-07-11 04:14:20,555 [INFO] Pass: ContractIdleWiresInControlFlow - 0.00167 (ms)
2026-07-11 04:14:20,555 [INFO] Pass: CommutativeCancellation - 0.07629 (ms)
2026-07-11 04:14:20,555 [INFO] Pass: ConsolidateBlocks - 0.04387 (ms)
2026-07-11 04:14:20,555 [INFO] Pass: Split2QUnitaries - 0.00262 (ms)
2026-07-11 04:14:20,555 [INFO] Pass: UnitarySynthesis - 0.00525 (ms)
2026-07-11 04:14:20,555 [INFO] Pass: HighLevelSynthesis - 0.03457 (ms)
2026-07-11 04:14:20,555 [INFO] Pass: BasisTranslator - 0.07248 (ms)
2026-07-11 04:14:20,555 [INFO] Pass: ConsolidateBlocks - 0.05889 (ms)
2026-07-11 04:14:20,555 [INFO] Pass: UnitarySynthesis - 0.00453 (ms)
2026-07-11 04:14:20,556 [INFO] Pass: Depth - 0.02933 (ms)
2026-07-11 04:14:20,556 [INFO] Pass: FixedPoint - 0.00429 (ms)
2026-07-11 04:14:20,556 [INFO] Pass: Size - 0.00286 (ms)
2026-07-11 04:14:20,556 [INFO] Pass: FixedPoint - 0.00262 (ms)
2026-07-11 04:14:20,556 [INFO] Pass: RemoveIdentityEquivalent - 0.00453 (ms)
2026-07-11 04:14:20,556 [INFO] Pass: Optimize1qGatesDecomposition - 0.13304 (ms)
2026-07-11 04:14:20,556 [INFO] Pass: CommutativeCancellation - 0.09680 (ms)
2026-07-11 04:14:20,556 [INFO] Pass: ContractIdleWiresInControlFlow - 0.00191 (ms)
2026-07-11 04:14:20,556 [INFO] Pass: GatesInBasis - 0.02837 (ms)
2026-07-11 04:14:20,556 [INFO] Pass: Depth - 0.02360 (ms)
2026-07-11 04:14:20,556 [INFO] Pass: FixedPoint - 0.00358 (ms)
2026-07-11 04:14:20,556 [INFO] Pass: Size - 0.00238 (ms)
2026-07-11 04:14:20,556 [INFO] Pass: FixedPoint - 0.00310 (ms)
2026-07-11 04:14:20,556 [INFO] Pass: ContainsInstruction - 0.00453 (ms)
2026-07-11 04:14:20,556 [INFO] Total Transpile Time - 87.02707 (ms)
2026-07-11 04:14:20,643 [INFO] Pass: ContainsInstruction - 0.00930 (ms)
2026-07-11 04:14:20,643 [INFO] Pass: UnitarySynthesis - 0.00644 (ms)
2026-07-11 04:14:20,643 [INFO] Pass: HighLevelSynthesis - 0.00906 (ms)
2026-07-11 04:14:20,643 [INFO] Pass: BasisTranslator - 0.05317 (ms)
2026-07-11 04:14:20,643 [INFO] Pass: ElidePermutations - 0.00334 (ms)
2026-07-11 04:14:20,643 [INFO] Pass: RemoveDiagonalGatesBeforeMeasure - 0.00596 (ms)
2026-07-11 04:14:20,643 [INFO] Pass: RemoveIdentityEquivalent - 0.00501 (ms)
2026-07-11 04:14:20,643 [INFO] Pass: InverseCancellation - 0.02337 (ms)
2026-07-11 04:14:20,643 [INFO] Pass: ContractIdleWiresInControlFlow - 0.00215 (ms)
2026-07-11 04:14:20,643 [INFO] Pass: CommutativeCancellation - 0.07439 (ms)
2026-07-11 04:14:20,643 [INFO] Pass: ConsolidateBlocks - 0.04268 (ms)
2026-07-11 04:14:20,643 [INFO] Pass: Split2QUnitaries - 0.00238 (ms)
2026-07-11 04:14:20,643 [INFO] Pass: UnitarySynthesis - 0.00501 (ms)
2026-07-11 04:14:20,643 [INFO] Pass: HighLevelSynthesis - 0.03552 (ms)
2026-07-11 04:14:20,643 [INFO] Pass: BasisTranslator - 0.07463 (ms)
2026-07-11 04:14:20,643 [INFO] Pass: ConsolidateBlocks - 0.05245 (ms)
2026-07-11 04:14:20,643 [INFO] Pass: UnitarySynthesis - 0.00501 (ms)
2026-07-11 04:14:20,643 [INFO] Pass: Depth - 0.03171 (ms)
2026-07-11 04:14:20,643 [INFO] Pass: FixedPoint - 0.00429 (ms)
2026-07-11 04:14:20,643 [INFO] Pass: Size - 0.00286 (ms)
2026-07-11 04:14:20,643 [INFO] Pass: FixedPoint - 0.00286 (ms)
2026-07-11 04:14:20,644 [INFO] Pass: RemoveIdentityEquivalent - 0.00501 (ms)
2026-07-11 04:14:20,644 [INFO] Pass: Optimize1qGatesDecomposition - 0.13661 (ms)
2026-07-11 04:14:20,644 [INFO] Pass: CommutativeCancellation - 0.09251 (ms)
2026-07-11 04:14:20,644 [INFO] Pass: ContractIdleWiresInControlFlow - 0.00167 (ms)
2026-07-11 04:14:20,644 [INFO] Pass: GatesInBasis - 0.02742 (ms)
2026-07-11 04:14:20,644 [INFO] Pass: Depth - 0.02337 (ms)
2026-07-11 04:14:20,644 [INFO] Pass: FixedPoint - 0.00358 (ms)
2026-07-11 04:14:20,644 [INFO] Pass: Size - 0.00191 (ms)
2026-07-11 04:14:20,644 [INFO] Pass: FixedPoint - 0.00358 (ms)
2026-07-11 04:14:20,644 [INFO] Pass: RemoveIdentityEquivalent - 0.00501 (ms)
2026-07-11 04:14:20,644 [INFO] Pass: Optimize1qGatesDecomposition - 0.12088 (ms)
2026-07-11 04:14:20,644 [INFO] Pass: CommutativeCancellation - 0.08321 (ms)
2026-07-11 04:14:20,644 [INFO] Pass: ContractIdleWiresInControlFlow - 0.00191 (ms)
2026-07-11 04:14:20,644 [INFO] Pass: GatesInBasis - 0.02599 (ms)
2026-07-11 04:14:20,644 [INFO] Pass: Depth - 0.02718 (ms)
2026-07-11 04:14:20,644 [INFO] Pass: FixedPoint - 0.00334 (ms)
2026-07-11 04:14:20,644 [INFO] Pass: Size - 0.00215 (ms)
2026-07-11 04:14:20,644 [INFO] Pass: FixedPoint - 0.00262 (ms)
2026-07-11 04:14:20,644 [INFO] Pass: ContainsInstruction - 0.00572 (ms)
2026-07-11 04:14:20,645 [INFO] Total Transpile Time - 88.03535 (ms)
2026-07-11 04:28:35,604 [INFO] [PCE] n=150 instancia 85/100 completada en 0:00:14:15 — transcurrido=0:21:41:04 restante_estimado=0:03:49:36
2026-07-11 04:28:35,706 [INFO] Pass: ContainsInstruction - 0.01097 (ms)
2026-07-11 04:28:35,706 [INFO] Pass: UnitarySynthesis - 0.00691 (ms)
2026-07-11 04:28:35,706 [INFO] Pass: HighLevelSynthesis - 0.00978 (ms)
2026-07-11 04:28:35,706 [INFO] Pass: BasisTranslator - 0.05531 (ms)
2026-07-11 04:28:35,706 [INFO] Pass: ElidePermutations - 0.00477 (ms)
2026-07-11 04:28:35,706 [INFO] Pass: RemoveDiagonalGatesBeforeMeasure - 0.00763 (ms)
2026-07-11 04:28:35,706 [INFO] Pass: RemoveIdentityEquivalent - 0.00381 (ms)
2026-07-11 04:28:35,706 [INFO] Pass: InverseCancellation - 0.00501 (ms)
2026-07-11 04:28:35,706 [INFO] Pass: ContractIdleWiresInControlFlow - 0.00215 (ms)
2026-07-11 04:28:35,706 [INFO] Pass: CommutativeCancellation - 0.06819 (ms)
2026-07-11 04:28:35,706 [INFO] Pass: ConsolidateBlocks - 0.04578 (ms)
2026-07-11 04:28:35,706 [INFO] Pass: Split2QUnitaries - 0.00262 (ms)
2026-07-11 04:28:35,706 [INFO] Pass: UnitarySynthesis - 0.00501 (ms)
2026-07-11 04:28:35,706 [INFO] Pass: HighLevelSynthesis - 0.03219 (ms)
2026-07-11 04:28:35,706 [INFO] Pass: BasisTranslator - 0.07224 (ms)
2026-07-11 04:28:35,706 [INFO] Pass: ConsolidateBlocks - 0.06151 (ms)
2026-07-11 04:28:35,706 [INFO] Pass: UnitarySynthesis - 0.00477 (ms)
2026-07-11 04:28:35,706 [INFO] Pass: Depth - 0.02599 (ms)
2026-07-11 04:28:35,707 [INFO] Pass: FixedPoint - 0.00429 (ms)
2026-07-11 04:28:35,707 [INFO] Pass: Size - 0.00310 (ms)
2026-07-11 04:28:35,707 [INFO] Pass: FixedPoint - 0.00238 (ms)
2026-07-11 04:28:35,707 [INFO] Pass: RemoveIdentityEquivalent - 0.00381 (ms)
2026-07-11 04:28:35,707 [INFO] Pass: Optimize1qGatesDecomposition - 0.03672 (ms)
2026-07-11 04:28:35,707 [INFO] Pass: CommutativeCancellation - 0.08535 (ms)
2026-07-11 04:28:35,707 [INFO] Pass: ContractIdleWiresInControlFlow - 0.00191 (ms)
2026-07-11 04:28:35,707 [INFO] Pass: GatesInBasis - 0.02789 (ms)
2026-07-11 04:28:35,707 [INFO] Pass: Depth - 0.02289 (ms)
2026-07-11 04:28:35,707 [INFO] Pass: FixedPoint - 0.00310 (ms)
2026-07-11 04:28:35,707 [INFO] Pass: Size - 0.00215 (ms)
2026-07-11 04:28:35,707 [INFO] Pass: FixedPoint - 0.00262 (ms)
2026-07-11 04:28:35,707 [INFO] Pass: ContainsInstruction - 0.00548 (ms)
2026-07-11 04:28:35,707 [INFO] Total Transpile Time - 86.28941 (ms)
2026-07-11 04:28:35,790 [INFO] Pass: ContainsInstruction - 0.01049 (ms)
2026-07-11 04:28:35,790 [INFO] Pass: UnitarySynthesis - 0.00668 (ms)
2026-07-11 04:28:35,791 [INFO] Pass: HighLevelSynthesis - 0.01025 (ms)
2026-07-11 04:28:35,791 [INFO] Pass: BasisTranslator - 0.05293 (ms)
2026-07-11 04:28:35,791 [INFO] Pass: ElidePermutations - 0.00405 (ms)
2026-07-11 04:28:35,791 [INFO] Pass: RemoveDiagonalGatesBeforeMeasure - 0.00691 (ms)
2026-07-11 04:28:35,791 [INFO] Pass: RemoveIdentityEquivalent - 0.00525 (ms)
2026-07-11 04:28:35,791 [INFO] Pass: InverseCancellation - 0.02337 (ms)
2026-07-11 04:28:35,791 [INFO] Pass: ContractIdleWiresInControlFlow - 0.00191 (ms)
2026-07-11 04:28:35,791 [INFO] Pass: CommutativeCancellation - 0.07343 (ms)
2026-07-11 04:28:35,791 [INFO] Pass: ConsolidateBlocks - 0.04292 (ms)
2026-07-11 04:28:35,791 [INFO] Pass: Split2QUnitaries - 0.00262 (ms)
2026-07-11 04:28:35,791 [INFO] Pass: UnitarySynthesis - 0.00501 (ms)
2026-07-11 04:28:35,791 [INFO] Pass: HighLevelSynthesis - 0.03314 (ms)
2026-07-11 04:28:35,791 [INFO] Pass: BasisTranslator - 0.07439 (ms)
2026-07-11 04:28:35,791 [INFO] Pass: ConsolidateBlocks - 0.05150 (ms)
2026-07-11 04:28:35,791 [INFO] Pass: UnitarySynthesis - 0.00453 (ms)
2026-07-11 04:28:35,791 [INFO] Pass: Depth - 0.02432 (ms)
2026-07-11 04:28:35,791 [INFO] Pass: FixedPoint - 0.00405 (ms)
2026-07-11 04:28:35,791 [INFO] Pass: Size - 0.00286 (ms)
2026-07-11 04:28:35,791 [INFO] Pass: FixedPoint - 0.00262 (ms)
2026-07-11 04:28:35,791 [INFO] Pass: RemoveIdentityEquivalent - 0.01073 (ms)
2026-07-11 04:28:35,792 [INFO] Pass: Optimize1qGatesDecomposition - 0.12994 (ms)
2026-07-11 04:28:35,792 [INFO] Pass: CommutativeCancellation - 0.09370 (ms)
2026-07-11 04:28:35,792 [INFO] Pass: ContractIdleWiresInControlFlow - 0.00215 (ms)
2026-07-11 04:28:35,792 [INFO] Pass: GatesInBasis - 0.02789 (ms)
2026-07-11 04:28:35,792 [INFO] Pass: Depth - 0.02337 (ms)
2026-07-11 04:28:35,792 [INFO] Pass: FixedPoint - 0.00358 (ms)
2026-07-11 04:28:35,792 [INFO] Pass: Size - 0.00215 (ms)
2026-07-11 04:28:35,792 [INFO] Pass: FixedPoint - 0.00262 (ms)
2026-07-11 04:28:35,792 [INFO] Pass: ContainsInstruction - 0.00525 (ms)
2026-07-11 04:28:35,792 [INFO] Total Transpile Time - 84.52559 (ms)
2026-07-11 04:28:35,876 [INFO] Pass: ContainsInstruction - 0.00954 (ms)
2026-07-11 04:28:35,876 [INFO] Pass: UnitarySynthesis - 0.00668 (ms)
2026-07-11 04:28:35,876 [INFO] Pass: HighLevelSynthesis - 0.00858 (ms)
2026-07-11 04:28:35,876 [INFO] Pass: BasisTranslator - 0.05174 (ms)
2026-07-11 04:28:35,876 [INFO] Pass: ElidePermutations - 0.00334 (ms)
2026-07-11 04:28:35,876 [INFO] Pass: RemoveDiagonalGatesBeforeMeasure - 0.00572 (ms)
2026-07-11 04:28:35,876 [INFO] Pass: RemoveIdentityEquivalent - 0.00620 (ms)
2026-07-11 04:28:35,876 [INFO] Pass: InverseCancellation - 0.02241 (ms)
2026-07-11 04:28:35,876 [INFO] Pass: ContractIdleWiresInControlFlow - 0.00167 (ms)
2026-07-11 04:28:35,876 [INFO] Pass: CommutativeCancellation - 0.07224 (ms)
2026-07-11 04:28:35,876 [INFO] Pass: ConsolidateBlocks - 0.04172 (ms)
2026-07-11 04:28:35,876 [INFO] Pass: Split2QUnitaries - 0.00238 (ms)
2026-07-11 04:28:35,876 [INFO] Pass: UnitarySynthesis - 0.00525 (ms)
2026-07-11 04:28:35,876 [INFO] Pass: HighLevelSynthesis - 0.03505 (ms)
2026-07-11 04:28:35,876 [INFO] Pass: BasisTranslator - 0.07272 (ms)
2026-07-11 04:28:35,876 [INFO] Pass: ConsolidateBlocks - 0.05865 (ms)
2026-07-11 04:28:35,876 [INFO] Pass: UnitarySynthesis - 0.00453 (ms)
2026-07-11 04:28:35,876 [INFO] Pass: Depth - 0.02408 (ms)
2026-07-11 04:28:35,877 [INFO] Pass: FixedPoint - 0.00477 (ms)
2026-07-11 04:28:35,877 [INFO] Pass: Size - 0.00286 (ms)
2026-07-11 04:28:35,877 [INFO] Pass: FixedPoint - 0.00238 (ms)
2026-07-11 04:28:35,877 [INFO] Pass: RemoveIdentityEquivalent - 0.00477 (ms)
2026-07-11 04:28:35,877 [INFO] Pass: Optimize1qGatesDecomposition - 0.13018 (ms)
2026-07-11 04:28:35,877 [INFO] Pass: CommutativeCancellation - 0.08988 (ms)
2026-07-11 04:28:35,877 [INFO] Pass: ContractIdleWiresInControlFlow - 0.00191 (ms)
2026-07-11 04:28:35,877 [INFO] Pass: GatesInBasis - 0.02837 (ms)
2026-07-11 04:28:35,877 [INFO] Pass: Depth - 0.02360 (ms)
2026-07-11 04:28:35,877 [INFO] Pass: FixedPoint - 0.00334 (ms)
2026-07-11 04:28:35,877 [INFO] Pass: Size - 0.00238 (ms)
2026-07-11 04:28:35,877 [INFO] Pass: FixedPoint - 0.00262 (ms)
2026-07-11 04:28:35,877 [INFO] Pass: RemoveIdentityEquivalent - 0.00453 (ms)
2026-07-11 04:28:35,877 [INFO] Pass: Optimize1qGatesDecomposition - 0.10991 (ms)
2026-07-11 04:28:35,877 [INFO] Pass: CommutativeCancellation - 0.08225 (ms)
2026-07-11 04:28:35,877 [INFO] Pass: ContractIdleWiresInControlFlow - 0.00191 (ms)
2026-07-11 04:28:35,877 [INFO] Pass: GatesInBasis - 0.03219 (ms)
2026-07-11 04:28:35,877 [INFO] Pass: Depth - 0.02241 (ms)
2026-07-11 04:28:35,877 [INFO] Pass: FixedPoint - 0.00334 (ms)
2026-07-11 04:28:35,878 [INFO] Pass: Size - 0.00191 (ms)
2026-07-11 04:28:35,878 [INFO] Pass: FixedPoint - 0.00238 (ms)
2026-07-11 04:28:35,878 [INFO] Pass: ContainsInstruction - 0.00548 (ms)
2026-07-11 04:28:35,878 [INFO] Total Transpile Time - 85.32953 (ms)
2026-07-11 04:42:19,640 [INFO] [PCE] n=150 instancia 86/100 completada en 0:00:13:44 — transcurrido=0:21:54:48 restante_estimado=0:03:34:02
2026-07-11 04:42:19,746 [INFO] Pass: ContainsInstruction - 0.01144 (ms)
2026-07-11 04:42:19,746 [INFO] Pass: UnitarySynthesis - 0.00644 (ms)
2026-07-11 04:42:19,746 [INFO] Pass: HighLevelSynthesis - 0.00954 (ms)
2026-07-11 04:42:19,746 [INFO] Pass: BasisTranslator - 0.06104 (ms)
2026-07-11 04:42:19,746 [INFO] Pass: ElidePermutations - 0.00453 (ms)
2026-07-11 04:42:19,746 [INFO] Pass: RemoveDiagonalGatesBeforeMeasure - 0.00739 (ms)
2026-07-11 04:42:19,746 [INFO] Pass: RemoveIdentityEquivalent - 0.00405 (ms)
2026-07-11 04:42:19,746 [INFO] Pass: InverseCancellation - 0.00477 (ms)
2026-07-11 04:42:19,746 [INFO] Pass: ContractIdleWiresInControlFlow - 0.00238 (ms)
2026-07-11 04:42:19,746 [INFO] Pass: CommutativeCancellation - 0.07510 (ms)
2026-07-11 04:42:19,746 [INFO] Pass: ConsolidateBlocks - 0.05102 (ms)
2026-07-11 04:42:19,746 [INFO] Pass: Split2QUnitaries - 0.00286 (ms)
2026-07-11 04:42:19,746 [INFO] Pass: UnitarySynthesis - 0.00477 (ms)
2026-07-11 04:42:19,746 [INFO] Pass: HighLevelSynthesis - 0.03314 (ms)
2026-07-11 04:42:19,746 [INFO] Pass: BasisTranslator - 0.08416 (ms)
2026-07-11 04:42:19,747 [INFO] Pass: ConsolidateBlocks - 0.05531 (ms)
2026-07-11 04:42:19,747 [INFO] Pass: UnitarySynthesis - 0.00477 (ms)
2026-07-11 04:42:19,747 [INFO] Pass: Depth - 0.02742 (ms)
2026-07-11 04:42:19,747 [INFO] Pass: FixedPoint - 0.00477 (ms)
2026-07-11 04:42:19,747 [INFO] Pass: Size - 0.00334 (ms)
2026-07-11 04:42:19,747 [INFO] Pass: FixedPoint - 0.00262 (ms)
2026-07-11 04:42:19,747 [INFO] Pass: RemoveIdentityEquivalent - 0.00334 (ms)
2026-07-11 04:42:19,747 [INFO] Pass: Optimize1qGatesDecomposition - 0.03505 (ms)
2026-07-11 04:42:19,747 [INFO] Pass: CommutativeCancellation - 0.08988 (ms)
2026-07-11 04:42:19,747 [INFO] Pass: ContractIdleWiresInControlFlow - 0.00215 (ms)
2026-07-11 04:42:19,747 [INFO] Pass: GatesInBasis - 0.02837 (ms)
2026-07-11 04:42:19,747 [INFO] Pass: Depth - 0.02670 (ms)
2026-07-11 04:42:19,747 [INFO] Pass: FixedPoint - 0.00358 (ms)
2026-07-11 04:42:19,747 [INFO] Pass: Size - 0.00191 (ms)
2026-07-11 04:42:19,747 [INFO] Pass: FixedPoint - 0.00262 (ms)
2026-07-11 04:42:19,747 [INFO] Pass: ContainsInstruction - 0.00501 (ms)
2026-07-11 04:42:19,747 [INFO] Total Transpile Time - 89.82801 (ms)
2026-07-11 04:42:19,834 [INFO] Pass: ContainsInstruction - 0.00954 (ms)
2026-07-11 04:42:19,834 [INFO] Pass: UnitarySynthesis - 0.00596 (ms)
2026-07-11 04:42:19,834 [INFO] Pass: HighLevelSynthesis - 0.00906 (ms)
2026-07-11 04:42:19,834 [INFO] Pass: BasisTranslator - 0.05436 (ms)
2026-07-11 04:42:19,834 [INFO] Pass: ElidePermutations - 0.00358 (ms)
2026-07-11 04:42:19,834 [INFO] Pass: RemoveDiagonalGatesBeforeMeasure - 0.00668 (ms)
2026-07-11 04:42:19,834 [INFO] Pass: RemoveIdentityEquivalent - 0.00453 (ms)
2026-07-11 04:42:19,834 [INFO] Pass: InverseCancellation - 0.02408 (ms)
2026-07-11 04:42:19,834 [INFO] Pass: ContractIdleWiresInControlFlow - 0.00191 (ms)
2026-07-11 04:42:19,834 [INFO] Pass: CommutativeCancellation - 0.07987 (ms)
2026-07-11 04:42:19,834 [INFO] Pass: ConsolidateBlocks - 0.04387 (ms)
2026-07-11 04:42:19,834 [INFO] Pass: Split2QUnitaries - 0.00286 (ms)
2026-07-11 04:42:19,835 [INFO] Pass: UnitarySynthesis - 0.00501 (ms)
2026-07-11 04:42:19,835 [INFO] Pass: HighLevelSynthesis - 0.03362 (ms)
2026-07-11 04:42:19,835 [INFO] Pass: BasisTranslator - 0.07987 (ms)
2026-07-11 04:42:19,835 [INFO] Pass: ConsolidateBlocks - 0.05436 (ms)
2026-07-11 04:42:19,835 [INFO] Pass: UnitarySynthesis - 0.00429 (ms)
2026-07-11 04:42:19,835 [INFO] Pass: Depth - 0.03052 (ms)
2026-07-11 04:42:19,835 [INFO] Pass: FixedPoint - 0.00381 (ms)
2026-07-11 04:42:19,835 [INFO] Pass: Size - 0.00310 (ms)
2026-07-11 04:42:19,835 [INFO] Pass: FixedPoint - 0.00262 (ms)
2026-07-11 04:42:19,835 [INFO] Pass: RemoveIdentityEquivalent - 0.00429 (ms)
2026-07-11 04:42:19,835 [INFO] Pass: Optimize1qGatesDecomposition - 0.13089 (ms)
2026-07-11 04:42:19,835 [INFO] Pass: CommutativeCancellation - 0.10180 (ms)
2026-07-11 04:42:19,835 [INFO] Pass: ContractIdleWiresInControlFlow - 0.00191 (ms)
2026-07-11 04:42:19,835 [INFO] Pass: GatesInBasis - 0.02813 (ms)
2026-07-11 04:42:19,835 [INFO] Pass: Depth - 0.02623 (ms)
2026-07-11 04:42:19,835 [INFO] Pass: FixedPoint - 0.00310 (ms)
2026-07-11 04:42:19,835 [INFO] Pass: Size - 0.00238 (ms)
2026-07-11 04:42:19,835 [INFO] Pass: FixedPoint - 0.00262 (ms)
2026-07-11 04:42:19,835 [INFO] Pass: ContainsInstruction - 0.00548 (ms)
2026-07-11 04:42:19,836 [INFO] Total Transpile Time - 87.99005 (ms)
2026-07-11 04:42:19,922 [INFO] Pass: ContainsInstruction - 0.00954 (ms)
2026-07-11 04:42:19,922 [INFO] Pass: UnitarySynthesis - 0.00596 (ms)
2026-07-11 04:42:19,922 [INFO] Pass: HighLevelSynthesis - 0.00906 (ms)
2026-07-11 04:42:19,922 [INFO] Pass: BasisTranslator - 0.05293 (ms)
2026-07-11 04:42:19,922 [INFO] Pass: ElidePermutations - 0.00381 (ms)
2026-07-11 04:42:19,922 [INFO] Pass: RemoveDiagonalGatesBeforeMeasure - 0.00596 (ms)
2026-07-11 04:42:19,922 [INFO] Pass: RemoveIdentityEquivalent - 0.00501 (ms)
2026-07-11 04:42:19,922 [INFO] Pass: InverseCancellation - 0.02313 (ms)
2026-07-11 04:42:19,922 [INFO] Pass: ContractIdleWiresInControlFlow - 0.00215 (ms)
2026-07-11 04:42:19,922 [INFO] Pass: CommutativeCancellation - 0.07892 (ms)
2026-07-11 04:42:19,923 [INFO] Pass: ConsolidateBlocks - 0.04268 (ms)
2026-07-11 04:42:19,923 [INFO] Pass: Split2QUnitaries - 0.00215 (ms)
2026-07-11 04:42:19,923 [INFO] Pass: UnitarySynthesis - 0.00501 (ms)
2026-07-11 04:42:19,923 [INFO] Pass: HighLevelSynthesis - 0.03409 (ms)
2026-07-11 04:42:19,923 [INFO] Pass: BasisTranslator - 0.07749 (ms)
2026-07-11 04:42:19,923 [INFO] Pass: ConsolidateBlocks - 0.05412 (ms)
2026-07-11 04:42:19,923 [INFO] Pass: UnitarySynthesis - 0.00477 (ms)
2026-07-11 04:42:19,923 [INFO] Pass: Depth - 0.02599 (ms)
2026-07-11 04:42:19,923 [INFO] Pass: FixedPoint - 0.00429 (ms)
2026-07-11 04:42:19,923 [INFO] Pass: Size - 0.00286 (ms)
2026-07-11 04:42:19,923 [INFO] Pass: FixedPoint - 0.00262 (ms)
2026-07-11 04:42:19,923 [INFO] Pass: RemoveIdentityEquivalent - 0.00501 (ms)
2026-07-11 04:42:19,923 [INFO] Pass: Optimize1qGatesDecomposition - 0.14114 (ms)
2026-07-11 04:42:19,923 [INFO] Pass: CommutativeCancellation - 0.09441 (ms)
2026-07-11 04:42:19,923 [INFO] Pass: ContractIdleWiresInControlFlow - 0.00167 (ms)
2026-07-11 04:42:19,923 [INFO] Pass: GatesInBasis - 0.03481 (ms)
2026-07-11 04:42:19,923 [INFO] Pass: Depth - 0.02360 (ms)
2026-07-11 04:42:19,923 [INFO] Pass: FixedPoint - 0.00381 (ms)
2026-07-11 04:42:19,924 [INFO] Pass: Size - 0.00191 (ms)
2026-07-11 04:42:19,924 [INFO] Pass: FixedPoint - 0.00286 (ms)
2026-07-11 04:42:19,924 [INFO] Pass: RemoveIdentityEquivalent - 0.00477 (ms)
2026-07-11 04:42:19,924 [INFO] Pass: Optimize1qGatesDecomposition - 0.11849 (ms)
2026-07-11 04:42:19,924 [INFO] Pass: CommutativeCancellation - 0.08798 (ms)
2026-07-11 04:42:19,924 [INFO] Pass: ContractIdleWiresInControlFlow - 0.00191 (ms)
2026-07-11 04:42:19,924 [INFO] Pass: GatesInBasis - 0.02718 (ms)
2026-07-11 04:42:19,924 [INFO] Pass: Depth - 0.02289 (ms)
2026-07-11 04:42:19,924 [INFO] Pass: FixedPoint - 0.00310 (ms)
2026-07-11 04:42:19,924 [INFO] Pass: Size - 0.00191 (ms)
2026-07-11 04:42:19,924 [INFO] Pass: FixedPoint - 0.00215 (ms)
2026-07-11 04:42:19,924 [INFO] Pass: ContainsInstruction - 0.00572 (ms)
2026-07-11 04:42:19,924 [INFO] Total Transpile Time - 88.21654 (ms)
2026-07-11 04:58:30,269 [INFO] [PCE] n=150 instancia 87/100 completada en 0:00:16:11 — transcurrido=0:22:10:59 restante_estimado=0:03:18:53
2026-07-11 04:58:30,372 [INFO] Pass: ContainsInstruction - 0.01121 (ms)
2026-07-11 04:58:30,372 [INFO] Pass: UnitarySynthesis - 0.00691 (ms)
2026-07-11 04:58:30,372 [INFO] Pass: HighLevelSynthesis - 0.01025 (ms)
2026-07-11 04:58:30,373 [INFO] Pass: BasisTranslator - 0.05794 (ms)
2026-07-11 04:58:30,373 [INFO] Pass: ElidePermutations - 0.00501 (ms)
2026-07-11 04:58:30,373 [INFO] Pass: RemoveDiagonalGatesBeforeMeasure - 0.00787 (ms)
2026-07-11 04:58:30,373 [INFO] Pass: RemoveIdentityEquivalent - 0.00358 (ms)
2026-07-11 04:58:30,373 [INFO] Pass: InverseCancellation - 0.00501 (ms)
2026-07-11 04:58:30,373 [INFO] Pass: ContractIdleWiresInControlFlow - 0.00191 (ms)
2026-07-11 04:58:30,373 [INFO] Pass: CommutativeCancellation - 0.07534 (ms)
2026-07-11 04:58:30,373 [INFO] Pass: ConsolidateBlocks - 0.04578 (ms)
2026-07-11 04:58:30,373 [INFO] Pass: Split2QUnitaries - 0.00262 (ms)
2026-07-11 04:58:30,373 [INFO] Pass: UnitarySynthesis - 0.00501 (ms)
2026-07-11 04:58:30,373 [INFO] Pass: HighLevelSynthesis - 0.03433 (ms)
2026-07-11 04:58:30,373 [INFO] Pass: BasisTranslator - 0.07558 (ms)
2026-07-11 04:58:30,373 [INFO] Pass: ConsolidateBlocks - 0.05198 (ms)
2026-07-11 04:58:30,373 [INFO] Pass: UnitarySynthesis - 0.00453 (ms)
2026-07-11 04:58:30,373 [INFO] Pass: Depth - 0.02480 (ms)
2026-07-11 04:58:30,373 [INFO] Pass: FixedPoint - 0.00429 (ms)
2026-07-11 04:58:30,373 [INFO] Pass: Size - 0.00381 (ms)
2026-07-11 04:58:30,373 [INFO] Pass: FixedPoint - 0.00310 (ms)
2026-07-11 04:58:30,373 [INFO] Pass: RemoveIdentityEquivalent - 0.00310 (ms)
2026-07-11 04:58:30,373 [INFO] Pass: Optimize1qGatesDecomposition - 0.03719 (ms)
2026-07-11 04:58:30,374 [INFO] Pass: CommutativeCancellation - 0.09108 (ms)
2026-07-11 04:58:30,374 [INFO] Pass: ContractIdleWiresInControlFlow - 0.00191 (ms)
2026-07-11 04:58:30,374 [INFO] Pass: GatesInBasis - 0.02813 (ms)
2026-07-11 04:58:30,374 [INFO] Pass: Depth - 0.02241 (ms)
2026-07-11 04:58:30,374 [INFO] Pass: FixedPoint - 0.00358 (ms)
2026-07-11 04:58:30,374 [INFO] Pass: Size - 0.00238 (ms)
2026-07-11 04:58:30,374 [INFO] Pass: FixedPoint - 0.00262 (ms)
2026-07-11 04:58:30,374 [INFO] Pass: ContainsInstruction - 0.00477 (ms)
2026-07-11 04:58:30,374 [INFO] Total Transpile Time - 86.42650 (ms)
2026-07-11 04:58:30,458 [INFO] Pass: ContainsInstruction - 0.00930 (ms)
2026-07-11 04:58:30,458 [INFO] Pass: UnitarySynthesis - 0.00596 (ms)
2026-07-11 04:58:30,458 [INFO] Pass: HighLevelSynthesis - 0.00954 (ms)
2026-07-11 04:58:30,458 [INFO] Pass: BasisTranslator - 0.05579 (ms)
2026-07-11 04:58:30,458 [INFO] Pass: ElidePermutations - 0.00358 (ms)
2026-07-11 04:58:30,458 [INFO] Pass: RemoveDiagonalGatesBeforeMeasure - 0.00691 (ms)
2026-07-11 04:58:30,458 [INFO] Pass: RemoveIdentityEquivalent - 0.00548 (ms)
2026-07-11 04:58:30,458 [INFO] Pass: InverseCancellation - 0.02408 (ms)
2026-07-11 04:58:30,458 [INFO] Pass: ContractIdleWiresInControlFlow - 0.00191 (ms)
2026-07-11 04:58:30,458 [INFO] Pass: CommutativeCancellation - 0.07796 (ms)
2026-07-11 04:58:30,458 [INFO] Pass: ConsolidateBlocks - 0.04339 (ms)
2026-07-11 04:58:30,458 [INFO] Pass: Split2QUnitaries - 0.00238 (ms)
2026-07-11 04:58:30,458 [INFO] Pass: UnitarySynthesis - 0.00453 (ms)
2026-07-11 04:58:30,458 [INFO] Pass: HighLevelSynthesis - 0.03362 (ms)
2026-07-11 04:58:30,459 [INFO] Pass: BasisTranslator - 0.07343 (ms)
2026-07-11 04:58:30,459 [INFO] Pass: ConsolidateBlocks - 0.05245 (ms)
2026-07-11 04:58:30,459 [INFO] Pass: UnitarySynthesis - 0.00429 (ms)
2026-07-11 04:58:30,459 [INFO] Pass: Depth - 0.02384 (ms)
2026-07-11 04:58:30,459 [INFO] Pass: FixedPoint - 0.00405 (ms)
2026-07-11 04:58:30,459 [INFO] Pass: Size - 0.00310 (ms)
2026-07-11 04:58:30,459 [INFO] Pass: FixedPoint - 0.00262 (ms)
2026-07-11 04:58:30,459 [INFO] Pass: RemoveIdentityEquivalent - 0.00429 (ms)
2026-07-11 04:58:30,459 [INFO] Pass: Optimize1qGatesDecomposition - 0.13185 (ms)
2026-07-11 04:58:30,459 [INFO] Pass: CommutativeCancellation - 0.09656 (ms)
2026-07-11 04:58:30,459 [INFO] Pass: ContractIdleWiresInControlFlow - 0.00191 (ms)
2026-07-11 04:58:30,459 [INFO] Pass: GatesInBasis - 0.02813 (ms)
2026-07-11 04:58:30,459 [INFO] Pass: Depth - 0.02313 (ms)
2026-07-11 04:58:30,459 [INFO] Pass: FixedPoint - 0.00381 (ms)
2026-07-11 04:58:30,459 [INFO] Pass: Size - 0.00215 (ms)
2026-07-11 04:58:30,459 [INFO] Pass: FixedPoint - 0.00238 (ms)
2026-07-11 04:58:30,459 [INFO] Pass: ContainsInstruction - 0.00501 (ms)
2026-07-11 04:58:30,460 [INFO] Total Transpile Time - 85.14047 (ms)
2026-07-11 04:58:30,543 [INFO] Pass: ContainsInstruction - 0.00954 (ms)
2026-07-11 04:58:30,543 [INFO] Pass: UnitarySynthesis - 0.00644 (ms)
2026-07-11 04:58:30,543 [INFO] Pass: HighLevelSynthesis - 0.01001 (ms)
2026-07-11 04:58:30,543 [INFO] Pass: BasisTranslator - 0.05245 (ms)
2026-07-11 04:58:30,543 [INFO] Pass: ElidePermutations - 0.00358 (ms)
2026-07-11 04:58:30,543 [INFO] Pass: RemoveDiagonalGatesBeforeMeasure - 0.00596 (ms)
2026-07-11 04:58:30,543 [INFO] Pass: RemoveIdentityEquivalent - 0.00525 (ms)
2026-07-11 04:58:30,543 [INFO] Pass: InverseCancellation - 0.02313 (ms)
2026-07-11 04:58:30,543 [INFO] Pass: ContractIdleWiresInControlFlow - 0.00167 (ms)
2026-07-11 04:58:30,543 [INFO] Pass: CommutativeCancellation - 0.07153 (ms)
2026-07-11 04:58:30,543 [INFO] Pass: ConsolidateBlocks - 0.04292 (ms)
2026-07-11 04:58:30,543 [INFO] Pass: Split2QUnitaries - 0.00238 (ms)
2026-07-11 04:58:30,543 [INFO] Pass: UnitarySynthesis - 0.00548 (ms)
2026-07-11 04:58:30,544 [INFO] Pass: HighLevelSynthesis - 0.03409 (ms)
2026-07-11 04:58:30,544 [INFO] Pass: BasisTranslator - 0.07200 (ms)
2026-07-11 04:58:30,544 [INFO] Pass: ConsolidateBlocks - 0.05150 (ms)
2026-07-11 04:58:30,544 [INFO] Pass: UnitarySynthesis - 0.00453 (ms)
2026-07-11 04:58:30,544 [INFO] Pass: Depth - 0.02432 (ms)
2026-07-11 04:58:30,544 [INFO] Pass: FixedPoint - 0.00381 (ms)
2026-07-11 04:58:30,544 [INFO] Pass: Size - 0.00286 (ms)
2026-07-11 04:58:30,544 [INFO] Pass: FixedPoint - 0.00286 (ms)
2026-07-11 04:58:30,544 [INFO] Pass: RemoveIdentityEquivalent - 0.00429 (ms)
2026-07-11 04:58:30,544 [INFO] Pass: Optimize1qGatesDecomposition - 0.13280 (ms)
2026-07-11 04:58:30,544 [INFO] Pass: CommutativeCancellation - 0.09060 (ms)
2026-07-11 04:58:30,544 [INFO] Pass: ContractIdleWiresInControlFlow - 0.00191 (ms)
2026-07-11 04:58:30,544 [INFO] Pass: GatesInBasis - 0.02766 (ms)
2026-07-11 04:58:30,544 [INFO] Pass: Depth - 0.02408 (ms)
2026-07-11 04:58:30,544 [INFO] Pass: FixedPoint - 0.00381 (ms)
2026-07-11 04:58:30,544 [INFO] Pass: Size - 0.00191 (ms)
2026-07-11 04:58:30,544 [INFO] Pass: FixedPoint - 0.00286 (ms)
2026-07-11 04:58:30,544 [INFO] Pass: RemoveIdentityEquivalent - 0.00453 (ms)
2026-07-11 04:58:30,545 [INFO] Pass: Optimize1qGatesDecomposition - 0.11849 (ms)
2026-07-11 04:58:30,545 [INFO] Pass: CommutativeCancellation - 0.08488 (ms)
2026-07-11 04:58:30,545 [INFO] Pass: ContractIdleWiresInControlFlow - 0.00167 (ms)
2026-07-11 04:58:30,545 [INFO] Pass: GatesInBasis - 0.02718 (ms)
2026-07-11 04:58:30,545 [INFO] Pass: Depth - 0.02122 (ms)
2026-07-11 04:58:30,545 [INFO] Pass: FixedPoint - 0.00334 (ms)
2026-07-11 04:58:30,545 [INFO] Pass: Size - 0.00215 (ms)
2026-07-11 04:58:30,545 [INFO] Pass: FixedPoint - 0.00262 (ms)
2026-07-11 04:58:30,545 [INFO] Pass: ContainsInstruction - 0.00548 (ms)
2026-07-11 04:58:30,545 [INFO] Total Transpile Time - 85.24728 (ms)
2026-07-11 05:11:45,637 [INFO] [PCE] n=150 instancia 88/100 completada en 0:00:13:15 — transcurrido=0:22:24:14 restante_estimado=0:03:03:18
2026-07-11 05:11:45,743 [INFO] Pass: ContainsInstruction - 0.01073 (ms)
2026-07-11 05:11:45,743 [INFO] Pass: UnitarySynthesis - 0.00715 (ms)
2026-07-11 05:11:45,743 [INFO] Pass: HighLevelSynthesis - 0.01049 (ms)
2026-07-11 05:11:45,743 [INFO] Pass: BasisTranslator - 0.06056 (ms)
2026-07-11 05:11:45,743 [INFO] Pass: ElidePermutations - 0.00501 (ms)
2026-07-11 05:11:45,743 [INFO] Pass: RemoveDiagonalGatesBeforeMeasure - 0.00834 (ms)
2026-07-11 05:11:45,743 [INFO] Pass: RemoveIdentityEquivalent - 0.00405 (ms)
2026-07-11 05:11:45,743 [INFO] Pass: InverseCancellation - 0.00501 (ms)
2026-07-11 05:11:45,743 [INFO] Pass: ContractIdleWiresInControlFlow - 0.00167 (ms)
2026-07-11 05:11:45,743 [INFO] Pass: CommutativeCancellation - 0.07558 (ms)
2026-07-11 05:11:45,743 [INFO] Pass: ConsolidateBlocks - 0.04601 (ms)
2026-07-11 05:11:45,743 [INFO] Pass: Split2QUnitaries - 0.00334 (ms)
2026-07-11 05:11:45,743 [INFO] Pass: UnitarySynthesis - 0.00477 (ms)
2026-07-11 05:11:45,743 [INFO] Pass: HighLevelSynthesis - 0.03386 (ms)
2026-07-11 05:11:45,743 [INFO] Pass: BasisTranslator - 0.07796 (ms)
2026-07-11 05:11:45,743 [INFO] Pass: ConsolidateBlocks - 0.05865 (ms)
2026-07-11 05:11:45,743 [INFO] Pass: UnitarySynthesis - 0.00525 (ms)
2026-07-11 05:11:45,743 [INFO] Pass: Depth - 0.02956 (ms)
2026-07-11 05:11:45,744 [INFO] Pass: FixedPoint - 0.00453 (ms)
2026-07-11 05:11:45,744 [INFO] Pass: Size - 0.00358 (ms)
2026-07-11 05:11:45,744 [INFO] Pass: FixedPoint - 0.00286 (ms)
2026-07-11 05:11:45,744 [INFO] Pass: RemoveIdentityEquivalent - 0.00334 (ms)
2026-07-11 05:11:45,744 [INFO] Pass: Optimize1qGatesDecomposition - 0.04196 (ms)
2026-07-11 05:11:45,744 [INFO] Pass: CommutativeCancellation - 0.09298 (ms)
2026-07-11 05:11:45,744 [INFO] Pass: ContractIdleWiresInControlFlow - 0.00215 (ms)
2026-07-11 05:11:45,744 [INFO] Pass: GatesInBasis - 0.02956 (ms)
2026-07-11 05:11:45,744 [INFO] Pass: Depth - 0.02646 (ms)
2026-07-11 05:11:45,744 [INFO] Pass: FixedPoint - 0.00358 (ms)
2026-07-11 05:11:45,744 [INFO] Pass: Size - 0.00191 (ms)
2026-07-11 05:11:45,744 [INFO] Pass: FixedPoint - 0.00334 (ms)
2026-07-11 05:11:45,744 [INFO] Pass: ContainsInstruction - 0.00548 (ms)
2026-07-11 05:11:45,744 [INFO] Total Transpile Time - 89.64467 (ms)
2026-07-11 05:11:45,831 [INFO] Pass: ContainsInstruction - 0.00930 (ms)
2026-07-11 05:11:45,831 [INFO] Pass: UnitarySynthesis - 0.00596 (ms)
2026-07-11 05:11:45,831 [INFO] Pass: HighLevelSynthesis - 0.01001 (ms)
2026-07-11 05:11:45,831 [INFO] Pass: BasisTranslator - 0.05722 (ms)
2026-07-11 05:11:45,831 [INFO] Pass: ElidePermutations - 0.00334 (ms)
2026-07-11 05:11:45,831 [INFO] Pass: RemoveDiagonalGatesBeforeMeasure - 0.00644 (ms)
2026-07-11 05:11:45,831 [INFO] Pass: RemoveIdentityEquivalent - 0.00477 (ms)
2026-07-11 05:11:45,831 [INFO] Pass: InverseCancellation - 0.02384 (ms)
2026-07-11 05:11:45,831 [INFO] Pass: ContractIdleWiresInControlFlow - 0.00191 (ms)
2026-07-11 05:11:45,831 [INFO] Pass: CommutativeCancellation - 0.07796 (ms)
2026-07-11 05:11:45,831 [INFO] Pass: ConsolidateBlocks - 0.04435 (ms)
2026-07-11 05:11:45,831 [INFO] Pass: Split2QUnitaries - 0.00262 (ms)
2026-07-11 05:11:45,831 [INFO] Pass: UnitarySynthesis - 0.00501 (ms)
2026-07-11 05:11:45,831 [INFO] Pass: HighLevelSynthesis - 0.03409 (ms)
2026-07-11 05:11:45,832 [INFO] Pass: BasisTranslator - 0.07796 (ms)
2026-07-11 05:11:45,832 [INFO] Pass: ConsolidateBlocks - 0.05651 (ms)
2026-07-11 05:11:45,832 [INFO] Pass: UnitarySynthesis - 0.00453 (ms)
2026-07-11 05:11:45,832 [INFO] Pass: Depth - 0.02623 (ms)
2026-07-11 05:11:45,832 [INFO] Pass: FixedPoint - 0.00429 (ms)
2026-07-11 05:11:45,832 [INFO] Pass: Size - 0.00286 (ms)
2026-07-11 05:11:45,832 [INFO] Pass: FixedPoint - 0.00238 (ms)
2026-07-11 05:11:45,832 [INFO] Pass: RemoveIdentityEquivalent - 0.00477 (ms)
2026-07-11 05:11:45,832 [INFO] Pass: Optimize1qGatesDecomposition - 0.12660 (ms)
2026-07-11 05:11:45,832 [INFO] Pass: CommutativeCancellation - 0.09489 (ms)
2026-07-11 05:11:45,832 [INFO] Pass: ContractIdleWiresInControlFlow - 0.00167 (ms)
2026-07-11 05:11:45,832 [INFO] Pass: GatesInBasis - 0.03004 (ms)
2026-07-11 05:11:45,832 [INFO] Pass: Depth - 0.02265 (ms)
2026-07-11 05:11:45,832 [INFO] Pass: FixedPoint - 0.00334 (ms)
2026-07-11 05:11:45,832 [INFO] Pass: Size - 0.00215 (ms)
2026-07-11 05:11:45,832 [INFO] Pass: FixedPoint - 0.00286 (ms)
2026-07-11 05:11:45,832 [INFO] Pass: ContainsInstruction - 0.00501 (ms)
2026-07-11 05:11:45,833 [INFO] Total Transpile Time - 87.90565 (ms)
2026-07-11 05:11:45,918 [INFO] Pass: ContainsInstruction - 0.00930 (ms)
2026-07-11 05:11:45,919 [INFO] Pass: UnitarySynthesis - 0.00620 (ms)
2026-07-11 05:11:45,919 [INFO] Pass: HighLevelSynthesis - 0.00882 (ms)
2026-07-11 05:11:45,919 [INFO] Pass: BasisTranslator - 0.05364 (ms)
2026-07-11 05:11:45,919 [INFO] Pass: ElidePermutations - 0.00381 (ms)
2026-07-11 05:11:45,919 [INFO] Pass: RemoveDiagonalGatesBeforeMeasure - 0.00572 (ms)
2026-07-11 05:11:45,919 [INFO] Pass: RemoveIdentityEquivalent - 0.00525 (ms)
2026-07-11 05:11:45,919 [INFO] Pass: InverseCancellation - 0.02384 (ms)
2026-07-11 05:11:45,919 [INFO] Pass: ContractIdleWiresInControlFlow - 0.00215 (ms)
2026-07-11 05:11:45,919 [INFO] Pass: CommutativeCancellation - 0.07582 (ms)
2026-07-11 05:11:45,919 [INFO] Pass: ConsolidateBlocks - 0.04363 (ms)
2026-07-11 05:11:45,919 [INFO] Pass: Split2QUnitaries - 0.00238 (ms)
2026-07-11 05:11:45,919 [INFO] Pass: UnitarySynthesis - 0.00548 (ms)
2026-07-11 05:11:45,919 [INFO] Pass: HighLevelSynthesis - 0.03457 (ms)
2026-07-11 05:11:45,919 [INFO] Pass: BasisTranslator - 0.07725 (ms)
2026-07-11 05:11:45,919 [INFO] Pass: ConsolidateBlocks - 0.05412 (ms)
2026-07-11 05:11:45,919 [INFO] Pass: UnitarySynthesis - 0.00453 (ms)
2026-07-11 05:11:45,919 [INFO] Pass: Depth - 0.03076 (ms)
2026-07-11 05:11:45,919 [INFO] Pass: FixedPoint - 0.00405 (ms)
2026-07-11 05:11:45,919 [INFO] Pass: Size - 0.00310 (ms)
2026-07-11 05:11:45,919 [INFO] Pass: FixedPoint - 0.00286 (ms)
2026-07-11 05:11:45,919 [INFO] Pass: RemoveIdentityEquivalent - 0.00525 (ms)
2026-07-11 05:11:45,920 [INFO] Pass: Optimize1qGatesDecomposition - 0.13614 (ms)
2026-07-11 05:11:45,920 [INFO] Pass: CommutativeCancellation - 0.08988 (ms)
2026-07-11 05:11:45,920 [INFO] Pass: ContractIdleWiresInControlFlow - 0.00191 (ms)
2026-07-11 05:11:45,920 [INFO] Pass: GatesInBasis - 0.02742 (ms)
2026-07-11 05:11:45,920 [INFO] Pass: Depth - 0.02265 (ms)
2026-07-11 05:11:45,920 [INFO] Pass: FixedPoint - 0.00358 (ms)
2026-07-11 05:11:45,920 [INFO] Pass: Size - 0.00215 (ms)
2026-07-11 05:11:45,920 [INFO] Pass: FixedPoint - 0.00286 (ms)
2026-07-11 05:11:45,920 [INFO] Pass: RemoveIdentityEquivalent - 0.00429 (ms)
2026-07-11 05:11:45,920 [INFO] Pass: Optimize1qGatesDecomposition - 0.11492 (ms)
2026-07-11 05:11:45,920 [INFO] Pass: CommutativeCancellation - 0.08488 (ms)
2026-07-11 05:11:45,920 [INFO] Pass: ContractIdleWiresInControlFlow - 0.00143 (ms)
2026-07-11 05:11:45,920 [INFO] Pass: GatesInBasis - 0.02694 (ms)
2026-07-11 05:11:45,920 [INFO] Pass: Depth - 0.02098 (ms)
2026-07-11 05:11:45,920 [INFO] Pass: FixedPoint - 0.00310 (ms)
2026-07-11 05:11:45,920 [INFO] Pass: Size - 0.00167 (ms)
2026-07-11 05:11:45,920 [INFO] Pass: FixedPoint - 0.00262 (ms)
2026-07-11 05:11:45,920 [INFO] Pass: ContainsInstruction - 0.00548 (ms)
2026-07-11 05:11:45,921 [INFO] Total Transpile Time - 87.81457 (ms)
2026-07-11 05:26:54,971 [INFO] [PCE] n=150 instancia 89/100 completada en 0:00:15:09 — transcurrido=0:22:39:24 restante_estimado=0:02:48:01
2026-07-11 05:26:55,076 [INFO] Pass: ContainsInstruction - 0.01097 (ms)
2026-07-11 05:26:55,076 [INFO] Pass: UnitarySynthesis - 0.00715 (ms)
2026-07-11 05:26:55,076 [INFO] Pass: HighLevelSynthesis - 0.01049 (ms)
2026-07-11 05:26:55,076 [INFO] Pass: BasisTranslator - 0.06008 (ms)
2026-07-11 05:26:55,077 [INFO] Pass: ElidePermutations - 0.00477 (ms)
2026-07-11 05:26:55,077 [INFO] Pass: RemoveDiagonalGatesBeforeMeasure - 0.00834 (ms)
2026-07-11 05:26:55,077 [INFO] Pass: RemoveIdentityEquivalent - 0.00381 (ms)
2026-07-11 05:26:55,077 [INFO] Pass: InverseCancellation - 0.00501 (ms)
2026-07-11 05:26:55,077 [INFO] Pass: ContractIdleWiresInControlFlow - 0.00215 (ms)
2026-07-11 05:26:55,077 [INFO] Pass: CommutativeCancellation - 0.07892 (ms)
2026-07-11 05:26:55,077 [INFO] Pass: ConsolidateBlocks - 0.04697 (ms)
2026-07-11 05:26:55,077 [INFO] Pass: Split2QUnitaries - 0.00286 (ms)
2026-07-11 05:26:55,077 [INFO] Pass: UnitarySynthesis - 0.00525 (ms)
2026-07-11 05:26:55,077 [INFO] Pass: HighLevelSynthesis - 0.03362 (ms)
2026-07-11 05:26:55,077 [INFO] Pass: BasisTranslator - 0.07415 (ms)
2026-07-11 05:26:55,077 [INFO] Pass: ConsolidateBlocks - 0.05221 (ms)
2026-07-11 05:26:55,077 [INFO] Pass: UnitarySynthesis - 0.00477 (ms)
2026-07-11 05:26:55,077 [INFO] Pass: Depth - 0.02956 (ms)
2026-07-11 05:26:55,077 [INFO] Pass: FixedPoint - 0.00453 (ms)
2026-07-11 05:26:55,077 [INFO] Pass: Size - 0.00358 (ms)
2026-07-11 05:26:55,077 [INFO] Pass: FixedPoint - 0.00262 (ms)
2026-07-11 05:26:55,077 [INFO] Pass: RemoveIdentityEquivalent - 0.00334 (ms)
2026-07-11 05:26:55,077 [INFO] Pass: Optimize1qGatesDecomposition - 0.03695 (ms)
2026-07-11 05:26:55,077 [INFO] Pass: CommutativeCancellation - 0.10109 (ms)
2026-07-11 05:26:55,077 [INFO] Pass: ContractIdleWiresInControlFlow - 0.00191 (ms)
2026-07-11 05:26:55,078 [INFO] Pass: GatesInBasis - 0.02885 (ms)
2026-07-11 05:26:55,078 [INFO] Pass: Depth - 0.02384 (ms)
2026-07-11 05:26:55,078 [INFO] Pass: FixedPoint - 0.00334 (ms)
2026-07-11 05:26:55,078 [INFO] Pass: Size - 0.00215 (ms)
2026-07-11 05:26:55,078 [INFO] Pass: FixedPoint - 0.00262 (ms)
2026-07-11 05:26:55,078 [INFO] Pass: ContainsInstruction - 0.00477 (ms)
2026-07-11 05:26:55,078 [INFO] Total Transpile Time - 87.92377 (ms)
2026-07-11 05:26:55,163 [INFO] Pass: ContainsInstruction - 0.00978 (ms)
2026-07-11 05:26:55,163 [INFO] Pass: UnitarySynthesis - 0.00596 (ms)
2026-07-11 05:26:55,163 [INFO] Pass: HighLevelSynthesis - 0.01001 (ms)
2026-07-11 05:26:55,163 [INFO] Pass: BasisTranslator - 0.06461 (ms)
2026-07-11 05:26:55,163 [INFO] Pass: ElidePermutations - 0.00381 (ms)
2026-07-11 05:26:55,163 [INFO] Pass: RemoveDiagonalGatesBeforeMeasure - 0.00691 (ms)
2026-07-11 05:26:55,163 [INFO] Pass: RemoveIdentityEquivalent - 0.00572 (ms)
2026-07-11 05:26:55,164 [INFO] Pass: InverseCancellation - 0.02503 (ms)
2026-07-11 05:26:55,164 [INFO] Pass: ContractIdleWiresInControlFlow - 0.00167 (ms)
2026-07-11 05:26:55,164 [INFO] Pass: CommutativeCancellation - 0.08273 (ms)
2026-07-11 05:26:55,164 [INFO] Pass: ConsolidateBlocks - 0.04435 (ms)
2026-07-11 05:26:55,164 [INFO] Pass: Split2QUnitaries - 0.00262 (ms)
2026-07-11 05:26:55,164 [INFO] Pass: UnitarySynthesis - 0.00501 (ms)
2026-07-11 05:26:55,164 [INFO] Pass: HighLevelSynthesis - 0.03338 (ms)
2026-07-11 05:26:55,164 [INFO] Pass: BasisTranslator - 0.07081 (ms)
2026-07-11 05:26:55,164 [INFO] Pass: ConsolidateBlocks - 0.05054 (ms)
2026-07-11 05:26:55,164 [INFO] Pass: UnitarySynthesis - 0.00405 (ms)
2026-07-11 05:26:55,164 [INFO] Pass: Depth - 0.02933 (ms)
2026-07-11 05:26:55,164 [INFO] Pass: FixedPoint - 0.00405 (ms)
2026-07-11 05:26:55,164 [INFO] Pass: Size - 0.00286 (ms)
2026-07-11 05:26:55,164 [INFO] Pass: FixedPoint - 0.00262 (ms)
2026-07-11 05:26:55,164 [INFO] Pass: RemoveIdentityEquivalent - 0.00453 (ms)
2026-07-11 05:26:55,164 [INFO] Pass: Optimize1qGatesDecomposition - 0.13137 (ms)
2026-07-11 05:26:55,165 [INFO] Pass: CommutativeCancellation - 0.10419 (ms)
2026-07-11 05:26:55,165 [INFO] Pass: ContractIdleWiresInControlFlow - 0.00191 (ms)
2026-07-11 05:26:55,165 [INFO] Pass: GatesInBasis - 0.02813 (ms)
2026-07-11 05:26:55,165 [INFO] Pass: Depth - 0.02337 (ms)
2026-07-11 05:26:55,165 [INFO] Pass: FixedPoint - 0.00358 (ms)
2026-07-11 05:26:55,165 [INFO] Pass: Size - 0.00167 (ms)
2026-07-11 05:26:55,165 [INFO] Pass: FixedPoint - 0.00262 (ms)
2026-07-11 05:26:55,165 [INFO] Pass: ContainsInstruction - 0.00477 (ms)
2026-07-11 05:26:55,165 [INFO] Total Transpile Time - 86.61890 (ms)
2026-07-11 05:26:55,250 [INFO] Pass: ContainsInstruction - 0.00954 (ms)
2026-07-11 05:26:55,250 [INFO] Pass: UnitarySynthesis - 0.00644 (ms)
2026-07-11 05:26:55,250 [INFO] Pass: HighLevelSynthesis - 0.00906 (ms)
2026-07-11 05:26:55,250 [INFO] Pass: BasisTranslator - 0.05436 (ms)
2026-07-11 05:26:55,250 [INFO] Pass: ElidePermutations - 0.00310 (ms)
2026-07-11 05:26:55,250 [INFO] Pass: RemoveDiagonalGatesBeforeMeasure - 0.00644 (ms)
2026-07-11 05:26:55,250 [INFO] Pass: RemoveIdentityEquivalent - 0.00525 (ms)
2026-07-11 05:26:55,250 [INFO] Pass: InverseCancellation - 0.02480 (ms)
2026-07-11 05:26:55,250 [INFO] Pass: ContractIdleWiresInControlFlow - 0.00191 (ms)
2026-07-11 05:26:55,250 [INFO] Pass: CommutativeCancellation - 0.08392 (ms)
2026-07-11 05:26:55,250 [INFO] Pass: ConsolidateBlocks - 0.04268 (ms)
2026-07-11 05:26:55,251 [INFO] Pass: Split2QUnitaries - 0.00262 (ms)
2026-07-11 05:26:55,251 [INFO] Pass: UnitarySynthesis - 0.00525 (ms)
2026-07-11 05:26:55,251 [INFO] Pass: HighLevelSynthesis - 0.03600 (ms)
2026-07-11 05:26:55,251 [INFO] Pass: BasisTranslator - 0.07439 (ms)
2026-07-11 05:26:55,251 [INFO] Pass: ConsolidateBlocks - 0.05102 (ms)
2026-07-11 05:26:55,251 [INFO] Pass: UnitarySynthesis - 0.00453 (ms)
2026-07-11 05:26:55,251 [INFO] Pass: Depth - 0.02551 (ms)
2026-07-11 05:26:55,251 [INFO] Pass: FixedPoint - 0.00429 (ms)
2026-07-11 05:26:55,251 [INFO] Pass: Size - 0.00238 (ms)
2026-07-11 05:26:55,251 [INFO] Pass: FixedPoint - 0.00286 (ms)
2026-07-11 05:26:55,251 [INFO] Pass: RemoveIdentityEquivalent - 0.00477 (ms)
2026-07-11 05:26:55,251 [INFO] Pass: Optimize1qGatesDecomposition - 0.13971 (ms)
2026-07-11 05:26:55,251 [INFO] Pass: CommutativeCancellation - 0.09704 (ms)
2026-07-11 05:26:55,251 [INFO] Pass: ContractIdleWiresInControlFlow - 0.00215 (ms)
2026-07-11 05:26:55,251 [INFO] Pass: GatesInBasis - 0.02789 (ms)
2026-07-11 05:26:55,251 [INFO] Pass: Depth - 0.02289 (ms)
2026-07-11 05:26:55,251 [INFO] Pass: FixedPoint - 0.00358 (ms)
2026-07-11 05:26:55,251 [INFO] Pass: Size - 0.00238 (ms)
2026-07-11 05:26:55,251 [INFO] Pass: FixedPoint - 0.00262 (ms)
2026-07-11 05:26:55,251 [INFO] Pass: RemoveIdentityEquivalent - 0.00453 (ms)
2026-07-11 05:26:55,252 [INFO] Pass: Optimize1qGatesDecomposition - 0.11826 (ms)
2026-07-11 05:26:55,252 [INFO] Pass: CommutativeCancellation - 0.08750 (ms)
2026-07-11 05:26:55,252 [INFO] Pass: ContractIdleWiresInControlFlow - 0.00143 (ms)
2026-07-11 05:26:55,252 [INFO] Pass: GatesInBasis - 0.02646 (ms)
2026-07-11 05:26:55,252 [INFO] Pass: Depth - 0.02098 (ms)
2026-07-11 05:26:55,252 [INFO] Pass: FixedPoint - 0.00310 (ms)
2026-07-11 05:26:55,252 [INFO] Pass: Size - 0.00167 (ms)
2026-07-11 05:26:55,252 [INFO] Pass: FixedPoint - 0.00262 (ms)
2026-07-11 05:26:55,252 [INFO] Pass: ContainsInstruction - 0.00501 (ms)
2026-07-11 05:26:55,252 [INFO] Total Transpile Time - 86.86304 (ms)
2026-07-11 05:39:59,454 [INFO] [PCE] n=150 instancia 90/100 completada en 0:00:13:04 — transcurrido=0:22:52:28 restante_estimado=0:02:32:30
2026-07-11 05:39:59,560 [INFO] Pass: ContainsInstruction - 0.01073 (ms)
2026-07-11 05:39:59,560 [INFO] Pass: UnitarySynthesis - 0.00691 (ms)
2026-07-11 05:39:59,560 [INFO] Pass: HighLevelSynthesis - 0.01121 (ms)
2026-07-11 05:39:59,560 [INFO] Pass: BasisTranslator - 0.05841 (ms)
2026-07-11 05:39:59,560 [INFO] Pass: ElidePermutations - 0.00453 (ms)
2026-07-11 05:39:59,560 [INFO] Pass: RemoveDiagonalGatesBeforeMeasure - 0.00858 (ms)
2026-07-11 05:39:59,560 [INFO] Pass: RemoveIdentityEquivalent - 0.00405 (ms)
2026-07-11 05:39:59,560 [INFO] Pass: InverseCancellation - 0.00501 (ms)
2026-07-11 05:39:59,560 [INFO] Pass: ContractIdleWiresInControlFlow - 0.00191 (ms)
2026-07-11 05:39:59,560 [INFO] Pass: CommutativeCancellation - 0.07486 (ms)
2026-07-11 05:39:59,560 [INFO] Pass: ConsolidateBlocks - 0.04625 (ms)
2026-07-11 05:39:59,560 [INFO] Pass: Split2QUnitaries - 0.00358 (ms)
2026-07-11 05:39:59,561 [INFO] Pass: UnitarySynthesis - 0.00548 (ms)
2026-07-11 05:39:59,561 [INFO] Pass: HighLevelSynthesis - 0.03290 (ms)
2026-07-11 05:39:59,561 [INFO] Pass: BasisTranslator - 0.07367 (ms)
2026-07-11 05:39:59,561 [INFO] Pass: ConsolidateBlocks - 0.05126 (ms)
2026-07-11 05:39:59,561 [INFO] Pass: UnitarySynthesis - 0.00477 (ms)
2026-07-11 05:39:59,561 [INFO] Pass: Depth - 0.02527 (ms)
2026-07-11 05:39:59,561 [INFO] Pass: FixedPoint - 0.00429 (ms)
2026-07-11 05:39:59,561 [INFO] Pass: Size - 0.00381 (ms)
2026-07-11 05:39:59,561 [INFO] Pass: FixedPoint - 0.00262 (ms)
2026-07-11 05:39:59,561 [INFO] Pass: RemoveIdentityEquivalent - 0.00310 (ms)
2026-07-11 05:39:59,561 [INFO] Pass: Optimize1qGatesDecomposition - 0.03505 (ms)
2026-07-11 05:39:59,561 [INFO] Pass: CommutativeCancellation - 0.08702 (ms)
2026-07-11 05:39:59,561 [INFO] Pass: ContractIdleWiresInControlFlow - 0.00167 (ms)
2026-07-11 05:39:59,561 [INFO] Pass: GatesInBasis - 0.02885 (ms)
2026-07-11 05:39:59,561 [INFO] Pass: Depth - 0.02241 (ms)
2026-07-11 05:39:59,561 [INFO] Pass: FixedPoint - 0.00358 (ms)
2026-07-11 05:39:59,561 [INFO] Pass: Size - 0.00215 (ms)
2026-07-11 05:39:59,561 [INFO] Pass: FixedPoint - 0.00286 (ms)
2026-07-11 05:39:59,561 [INFO] Pass: ContainsInstruction - 0.00525 (ms)
2026-07-11 05:39:59,562 [INFO] Total Transpile Time - 90.51895 (ms)
2026-07-11 05:39:59,645 [INFO] Pass: ContainsInstruction - 0.00978 (ms)
2026-07-11 05:39:59,646 [INFO] Pass: UnitarySynthesis - 0.00620 (ms)
2026-07-11 05:39:59,646 [INFO] Pass: HighLevelSynthesis - 0.00930 (ms)
2026-07-11 05:39:59,646 [INFO] Pass: BasisTranslator - 0.05388 (ms)
2026-07-11 05:39:59,646 [INFO] Pass: ElidePermutations - 0.00381 (ms)
2026-07-11 05:39:59,646 [INFO] Pass: RemoveDiagonalGatesBeforeMeasure - 0.00668 (ms)
2026-07-11 05:39:59,646 [INFO] Pass: RemoveIdentityEquivalent - 0.00501 (ms)
2026-07-11 05:39:59,646 [INFO] Pass: InverseCancellation - 0.02360 (ms)
2026-07-11 05:39:59,646 [INFO] Pass: ContractIdleWiresInControlFlow - 0.00167 (ms)
2026-07-11 05:39:59,646 [INFO] Pass: CommutativeCancellation - 0.07892 (ms)
2026-07-11 05:39:59,646 [INFO] Pass: ConsolidateBlocks - 0.04315 (ms)
2026-07-11 05:39:59,646 [INFO] Pass: Split2QUnitaries - 0.00262 (ms)
2026-07-11 05:39:59,646 [INFO] Pass: UnitarySynthesis - 0.00548 (ms)
2026-07-11 05:39:59,646 [INFO] Pass: HighLevelSynthesis - 0.03386 (ms)
2026-07-11 05:39:59,646 [INFO] Pass: BasisTranslator - 0.07629 (ms)
2026-07-11 05:39:59,646 [INFO] Pass: ConsolidateBlocks - 0.05174 (ms)
2026-07-11 05:39:59,646 [INFO] Pass: UnitarySynthesis - 0.00453 (ms)
2026-07-11 05:39:59,646 [INFO] Pass: Depth - 0.03195 (ms)
2026-07-11 05:39:59,646 [INFO] Pass: FixedPoint - 0.00405 (ms)
2026-07-11 05:39:59,646 [INFO] Pass: Size - 0.00286 (ms)
2026-07-11 05:39:59,646 [INFO] Pass: FixedPoint - 0.00262 (ms)
2026-07-11 05:39:59,647 [INFO] Pass: RemoveIdentityEquivalent - 0.00453 (ms)
2026-07-11 05:39:59,647 [INFO] Pass: Optimize1qGatesDecomposition - 0.12684 (ms)
2026-07-11 05:39:59,647 [INFO] Pass: CommutativeCancellation - 0.09656 (ms)
2026-07-11 05:39:59,647 [INFO] Pass: ContractIdleWiresInControlFlow - 0.00191 (ms)
2026-07-11 05:39:59,647 [INFO] Pass: GatesInBasis - 0.02837 (ms)
2026-07-11 05:39:59,647 [INFO] Pass: Depth - 0.02217 (ms)
2026-07-11 05:39:59,647 [INFO] Pass: FixedPoint - 0.00358 (ms)
2026-07-11 05:39:59,647 [INFO] Pass: Size - 0.00191 (ms)
2026-07-11 05:39:59,647 [INFO] Pass: FixedPoint - 0.00262 (ms)
2026-07-11 05:39:59,647 [INFO] Pass: ContainsInstruction - 0.00548 (ms)
2026-07-11 05:39:59,647 [INFO] Total Transpile Time - 85.26421 (ms)
2026-07-11 05:39:59,731 [INFO] Pass: ContainsInstruction - 0.00954 (ms)
2026-07-11 05:39:59,731 [INFO] Pass: UnitarySynthesis - 0.00668 (ms)
2026-07-11 05:39:59,731 [INFO] Pass: HighLevelSynthesis - 0.00858 (ms)
2026-07-11 05:39:59,731 [INFO] Pass: BasisTranslator - 0.05221 (ms)
2026-07-11 05:39:59,731 [INFO] Pass: ElidePermutations - 0.00310 (ms)
2026-07-11 05:39:59,731 [INFO] Pass: RemoveDiagonalGatesBeforeMeasure - 0.00620 (ms)
2026-07-11 05:39:59,731 [INFO] Pass: RemoveIdentityEquivalent - 0.00525 (ms)
2026-07-11 05:39:59,731 [INFO] Pass: InverseCancellation - 0.02360 (ms)
2026-07-11 05:39:59,731 [INFO] Pass: ContractIdleWiresInControlFlow - 0.00191 (ms)
2026-07-11 05:39:59,731 [INFO] Pass: CommutativeCancellation - 0.07486 (ms)
2026-07-11 05:39:59,731 [INFO] Pass: ConsolidateBlocks - 0.04292 (ms)
2026-07-11 05:39:59,731 [INFO] Pass: Split2QUnitaries - 0.00262 (ms)
2026-07-11 05:39:59,731 [INFO] Pass: UnitarySynthesis - 0.00548 (ms)
2026-07-11 05:39:59,731 [INFO] Pass: HighLevelSynthesis - 0.03481 (ms)
2026-07-11 05:39:59,731 [INFO] Pass: BasisTranslator - 0.07558 (ms)
2026-07-11 05:39:59,731 [INFO] Pass: ConsolidateBlocks - 0.05221 (ms)
2026-07-11 05:39:59,731 [INFO] Pass: UnitarySynthesis - 0.00477 (ms)
2026-07-11 05:39:59,731 [INFO] Pass: Depth - 0.02456 (ms)
2026-07-11 05:39:59,731 [INFO] Pass: FixedPoint - 0.00405 (ms)
2026-07-11 05:39:59,731 [INFO] Pass: Size - 0.00262 (ms)
2026-07-11 05:39:59,731 [INFO] Pass: FixedPoint - 0.00262 (ms)
2026-07-11 05:39:59,732 [INFO] Pass: RemoveIdentityEquivalent - 0.00453 (ms)
2026-07-11 05:39:59,732 [INFO] Pass: Optimize1qGatesDecomposition - 0.13900 (ms)
2026-07-11 05:39:59,732 [INFO] Pass: CommutativeCancellation - 0.09584 (ms)
2026-07-11 05:39:59,732 [INFO] Pass: ContractIdleWiresInControlFlow - 0.00215 (ms)
2026-07-11 05:39:59,732 [INFO] Pass: GatesInBasis - 0.02742 (ms)
2026-07-11 05:39:59,732 [INFO] Pass: Depth - 0.02289 (ms)
2026-07-11 05:39:59,732 [INFO] Pass: FixedPoint - 0.00358 (ms)
2026-07-11 05:39:59,732 [INFO] Pass: Size - 0.00191 (ms)
2026-07-11 05:39:59,732 [INFO] Pass: FixedPoint - 0.00310 (ms)
2026-07-11 05:39:59,732 [INFO] Pass: RemoveIdentityEquivalent - 0.00429 (ms)
2026-07-11 05:39:59,732 [INFO] Pass: Optimize1qGatesDecomposition - 0.12040 (ms)
2026-07-11 05:39:59,732 [INFO] Pass: CommutativeCancellation - 0.08726 (ms)
2026-07-11 05:39:59,732 [INFO] Pass: ContractIdleWiresInControlFlow - 0.00167 (ms)
2026-07-11 05:39:59,732 [INFO] Pass: GatesInBasis - 0.02623 (ms)
2026-07-11 05:39:59,732 [INFO] Pass: Depth - 0.02241 (ms)
2026-07-11 05:39:59,732 [INFO] Pass: FixedPoint - 0.00334 (ms)
2026-07-11 05:39:59,732 [INFO] Pass: Size - 0.00215 (ms)
2026-07-11 05:39:59,732 [INFO] Pass: FixedPoint - 0.00262 (ms)
2026-07-11 05:39:59,733 [INFO] Pass: ContainsInstruction - 0.00548 (ms)
2026-07-11 05:39:59,733 [INFO] Total Transpile Time - 85.17528 (ms)
2026-07-11 05:53:54,218 [INFO] [PCE] n=150 instancia 91/100 completada en 0:00:13:55 — transcurrido=0:23:06:23 restante_estimado=0:02:17:07
2026-07-11 05:53:54,327 [INFO] Pass: ContainsInstruction - 0.01121 (ms)
2026-07-11 05:53:54,327 [INFO] Pass: UnitarySynthesis - 0.00668 (ms)
2026-07-11 05:53:54,327 [INFO] Pass: HighLevelSynthesis - 0.01025 (ms)
2026-07-11 05:53:54,327 [INFO] Pass: BasisTranslator - 0.06080 (ms)
2026-07-11 05:53:54,327 [INFO] Pass: ElidePermutations - 0.00501 (ms)
2026-07-11 05:53:54,327 [INFO] Pass: RemoveDiagonalGatesBeforeMeasure - 0.00930 (ms)
2026-07-11 05:53:54,327 [INFO] Pass: RemoveIdentityEquivalent - 0.00381 (ms)
2026-07-11 05:53:54,327 [INFO] Pass: InverseCancellation - 0.00477 (ms)
2026-07-11 05:53:54,327 [INFO] Pass: ContractIdleWiresInControlFlow - 0.00167 (ms)
2026-07-11 05:53:54,328 [INFO] Pass: CommutativeCancellation - 0.07343 (ms)
2026-07-11 05:53:54,328 [INFO] Pass: ConsolidateBlocks - 0.04649 (ms)
2026-07-11 05:53:54,328 [INFO] Pass: Split2QUnitaries - 0.00310 (ms)
2026-07-11 05:53:54,328 [INFO] Pass: UnitarySynthesis - 0.00477 (ms)
2026-07-11 05:53:54,328 [INFO] Pass: HighLevelSynthesis - 0.03338 (ms)
2026-07-11 05:53:54,328 [INFO] Pass: BasisTranslator - 0.07415 (ms)
2026-07-11 05:53:54,328 [INFO] Pass: ConsolidateBlocks - 0.05460 (ms)
2026-07-11 05:53:54,328 [INFO] Pass: UnitarySynthesis - 0.00429 (ms)
2026-07-11 05:53:54,328 [INFO] Pass: Depth - 0.02599 (ms)
2026-07-11 05:53:54,328 [INFO] Pass: FixedPoint - 0.00429 (ms)
2026-07-11 05:53:54,328 [INFO] Pass: Size - 0.00334 (ms)
2026-07-11 05:53:54,328 [INFO] Pass: FixedPoint - 0.00262 (ms)
2026-07-11 05:53:54,328 [INFO] Pass: RemoveIdentityEquivalent - 0.00381 (ms)
2026-07-11 05:53:54,328 [INFO] Pass: Optimize1qGatesDecomposition - 0.03672 (ms)
2026-07-11 05:53:54,328 [INFO] Pass: CommutativeCancellation - 0.08798 (ms)
2026-07-11 05:53:54,328 [INFO] Pass: ContractIdleWiresInControlFlow - 0.00191 (ms)
2026-07-11 05:53:54,328 [INFO] Pass: GatesInBasis - 0.02813 (ms)
2026-07-11 05:53:54,328 [INFO] Pass: Depth - 0.02146 (ms)
2026-07-11 05:53:54,328 [INFO] Pass: FixedPoint - 0.00334 (ms)
2026-07-11 05:53:54,328 [INFO] Pass: Size - 0.00167 (ms)
2026-07-11 05:53:54,328 [INFO] Pass: FixedPoint - 0.00262 (ms)
2026-07-11 05:53:54,328 [INFO] Pass: ContainsInstruction - 0.00477 (ms)
2026-07-11 05:53:54,329 [INFO] Total Transpile Time - 91.12763 (ms)
2026-07-11 05:53:54,416 [INFO] Pass: ContainsInstruction - 0.00978 (ms)
2026-07-11 05:53:54,416 [INFO] Pass: UnitarySynthesis - 0.00572 (ms)
2026-07-11 05:53:54,416 [INFO] Pass: HighLevelSynthesis - 0.00930 (ms)
2026-07-11 05:53:54,416 [INFO] Pass: BasisTranslator - 0.05651 (ms)
2026-07-11 05:53:54,416 [INFO] Pass: ElidePermutations - 0.00358 (ms)
2026-07-11 05:53:54,416 [INFO] Pass: RemoveDiagonalGatesBeforeMeasure - 0.00668 (ms)
2026-07-11 05:53:54,416 [INFO] Pass: RemoveIdentityEquivalent - 0.00548 (ms)
2026-07-11 05:53:54,416 [INFO] Pass: InverseCancellation - 0.02551 (ms)
2026-07-11 05:53:54,416 [INFO] Pass: ContractIdleWiresInControlFlow - 0.00191 (ms)
2026-07-11 05:53:54,416 [INFO] Pass: CommutativeCancellation - 0.07963 (ms)
2026-07-11 05:53:54,416 [INFO] Pass: ConsolidateBlocks - 0.04959 (ms)
2026-07-11 05:53:54,416 [INFO] Pass: Split2QUnitaries - 0.00238 (ms)
2026-07-11 05:53:54,416 [INFO] Pass: UnitarySynthesis - 0.00548 (ms)
2026-07-11 05:53:54,416 [INFO] Pass: HighLevelSynthesis - 0.03386 (ms)
2026-07-11 05:53:54,417 [INFO] Pass: BasisTranslator - 0.08631 (ms)
2026-07-11 05:53:54,417 [INFO] Pass: ConsolidateBlocks - 0.05627 (ms)
2026-07-11 05:53:54,417 [INFO] Pass: UnitarySynthesis - 0.00453 (ms)
2026-07-11 05:53:54,417 [INFO] Pass: Depth - 0.03123 (ms)
2026-07-11 05:53:54,417 [INFO] Pass: FixedPoint - 0.00405 (ms)
2026-07-11 05:53:54,417 [INFO] Pass: Size - 0.00286 (ms)
2026-07-11 05:53:54,417 [INFO] Pass: FixedPoint - 0.00262 (ms)
2026-07-11 05:53:54,417 [INFO] Pass: RemoveIdentityEquivalent - 0.00405 (ms)
2026-07-11 05:53:54,417 [INFO] Pass: Optimize1qGatesDecomposition - 0.12708 (ms)
2026-07-11 05:53:54,417 [INFO] Pass: CommutativeCancellation - 0.09727 (ms)
2026-07-11 05:53:54,417 [INFO] Pass: ContractIdleWiresInControlFlow - 0.00191 (ms)
2026-07-11 05:53:54,417 [INFO] Pass: GatesInBasis - 0.02837 (ms)
2026-07-11 05:53:54,417 [INFO] Pass: Depth - 0.02503 (ms)
2026-07-11 05:53:54,417 [INFO] Pass: FixedPoint - 0.00334 (ms)
2026-07-11 05:53:54,417 [INFO] Pass: Size - 0.00191 (ms)
2026-07-11 05:53:54,417 [INFO] Pass: FixedPoint - 0.00262 (ms)
2026-07-11 05:53:54,417 [INFO] Pass: ContainsInstruction - 0.00477 (ms)
2026-07-11 05:53:54,418 [INFO] Total Transpile Time - 88.51075 (ms)
2026-07-11 05:53:54,504 [INFO] Pass: ContainsInstruction - 0.00954 (ms)
2026-07-11 05:53:54,504 [INFO] Pass: UnitarySynthesis - 0.00620 (ms)
2026-07-11 05:53:54,504 [INFO] Pass: HighLevelSynthesis - 0.00858 (ms)
2026-07-11 05:53:54,504 [INFO] Pass: BasisTranslator - 0.05245 (ms)
2026-07-11 05:53:54,504 [INFO] Pass: ElidePermutations - 0.00358 (ms)
2026-07-11 05:53:54,504 [INFO] Pass: RemoveDiagonalGatesBeforeMeasure - 0.00596 (ms)
2026-07-11 05:53:54,504 [INFO] Pass: RemoveIdentityEquivalent - 0.00525 (ms)
2026-07-11 05:53:54,504 [INFO] Pass: InverseCancellation - 0.02337 (ms)
2026-07-11 05:53:54,505 [INFO] Pass: ContractIdleWiresInControlFlow - 0.00191 (ms)
2026-07-11 05:53:54,505 [INFO] Pass: CommutativeCancellation - 0.07200 (ms)
2026-07-11 05:53:54,505 [INFO] Pass: ConsolidateBlocks - 0.04220 (ms)
2026-07-11 05:53:54,505 [INFO] Pass: Split2QUnitaries - 0.00238 (ms)
2026-07-11 05:53:54,505 [INFO] Pass: UnitarySynthesis - 0.00501 (ms)
2026-07-11 05:53:54,505 [INFO] Pass: HighLevelSynthesis - 0.03457 (ms)
2026-07-11 05:53:54,505 [INFO] Pass: BasisTranslator - 0.07606 (ms)
2026-07-11 05:53:54,505 [INFO] Pass: ConsolidateBlocks - 0.05436 (ms)
2026-07-11 05:53:54,505 [INFO] Pass: UnitarySynthesis - 0.00453 (ms)
2026-07-11 05:53:54,505 [INFO] Pass: Depth - 0.02766 (ms)
2026-07-11 05:53:54,505 [INFO] Pass: FixedPoint - 0.00381 (ms)
2026-07-11 05:53:54,505 [INFO] Pass: Size - 0.00262 (ms)
2026-07-11 05:53:54,505 [INFO] Pass: FixedPoint - 0.00262 (ms)
2026-07-11 05:53:54,505 [INFO] Pass: RemoveIdentityEquivalent - 0.00477 (ms)
2026-07-11 05:53:54,505 [INFO] Pass: Optimize1qGatesDecomposition - 0.13065 (ms)
2026-07-11 05:53:54,505 [INFO] Pass: CommutativeCancellation - 0.09584 (ms)
2026-07-11 05:53:54,505 [INFO] Pass: ContractIdleWiresInControlFlow - 0.00167 (ms)
2026-07-11 05:53:54,506 [INFO] Pass: GatesInBasis - 0.02742 (ms)
2026-07-11 05:53:54,506 [INFO] Pass: Depth - 0.02432 (ms)
2026-07-11 05:53:54,506 [INFO] Pass: FixedPoint - 0.00358 (ms)
2026-07-11 05:53:54,506 [INFO] Pass: Size - 0.00167 (ms)
2026-07-11 05:53:54,506 [INFO] Pass: FixedPoint - 0.00286 (ms)
2026-07-11 05:53:54,506 [INFO] Pass: RemoveIdentityEquivalent - 0.00477 (ms)
2026-07-11 05:53:54,506 [INFO] Pass: Optimize1qGatesDecomposition - 0.11516 (ms)
2026-07-11 05:53:54,506 [INFO] Pass: CommutativeCancellation - 0.08297 (ms)
2026-07-11 05:53:54,506 [INFO] Pass: ContractIdleWiresInControlFlow - 0.00143 (ms)
2026-07-11 05:53:54,506 [INFO] Pass: GatesInBasis - 0.02646 (ms)
2026-07-11 05:53:54,506 [INFO] Pass: Depth - 0.02217 (ms)
2026-07-11 05:53:54,506 [INFO] Pass: FixedPoint - 0.00286 (ms)
2026-07-11 05:53:54,506 [INFO] Pass: Size - 0.00167 (ms)
2026-07-11 05:53:54,506 [INFO] Pass: FixedPoint - 0.00262 (ms)
2026-07-11 05:53:54,506 [INFO] Pass: ContainsInstruction - 0.00548 (ms)
2026-07-11 05:53:54,506 [INFO] Total Transpile Time - 88.38725 (ms)
2026-07-11 06:08:56,086 [INFO] [PCE] n=150 instancia 92/100 completada en 0:00:15:02 — transcurrido=0:23:21:25 restante_estimado=0:02:01:52
2026-07-11 06:08:56,189 [INFO] Pass: ContainsInstruction - 0.01073 (ms)
2026-07-11 06:08:56,189 [INFO] Pass: UnitarySynthesis - 0.00668 (ms)
2026-07-11 06:08:56,189 [INFO] Pass: HighLevelSynthesis - 0.01025 (ms)
2026-07-11 06:08:56,189 [INFO] Pass: BasisTranslator - 0.05913 (ms)
2026-07-11 06:08:56,189 [INFO] Pass: ElidePermutations - 0.00453 (ms)
2026-07-11 06:08:56,189 [INFO] Pass: RemoveDiagonalGatesBeforeMeasure - 0.00882 (ms)
2026-07-11 06:08:56,189 [INFO] Pass: RemoveIdentityEquivalent - 0.00429 (ms)
2026-07-11 06:08:56,189 [INFO] Pass: InverseCancellation - 0.00548 (ms)
2026-07-11 06:08:56,190 [INFO] Pass: ContractIdleWiresInControlFlow - 0.00215 (ms)
2026-07-11 06:08:56,190 [INFO] Pass: CommutativeCancellation - 0.07725 (ms)
2026-07-11 06:08:56,190 [INFO] Pass: ConsolidateBlocks - 0.04697 (ms)
2026-07-11 06:08:56,190 [INFO] Pass: Split2QUnitaries - 0.00310 (ms)
2026-07-11 06:08:56,190 [INFO] Pass: UnitarySynthesis - 0.00501 (ms)
2026-07-11 06:08:56,190 [INFO] Pass: HighLevelSynthesis - 0.03481 (ms)
2026-07-11 06:08:56,190 [INFO] Pass: BasisTranslator - 0.07439 (ms)
2026-07-11 06:08:56,190 [INFO] Pass: ConsolidateBlocks - 0.05150 (ms)
2026-07-11 06:08:56,190 [INFO] Pass: UnitarySynthesis - 0.00453 (ms)
2026-07-11 06:08:56,190 [INFO] Pass: Depth - 0.02480 (ms)
2026-07-11 06:08:56,190 [INFO] Pass: FixedPoint - 0.00477 (ms)
2026-07-11 06:08:56,190 [INFO] Pass: Size - 0.00334 (ms)
2026-07-11 06:08:56,190 [INFO] Pass: FixedPoint - 0.00238 (ms)
2026-07-11 06:08:56,190 [INFO] Pass: RemoveIdentityEquivalent - 0.00358 (ms)
2026-07-11 06:08:56,190 [INFO] Pass: Optimize1qGatesDecomposition - 0.03552 (ms)
2026-07-11 06:08:56,190 [INFO] Pass: CommutativeCancellation - 0.09298 (ms)
2026-07-11 06:08:56,190 [INFO] Pass: ContractIdleWiresInControlFlow - 0.00191 (ms)
2026-07-11 06:08:56,190 [INFO] Pass: GatesInBasis - 0.02861 (ms)
2026-07-11 06:08:56,190 [INFO] Pass: Depth - 0.02146 (ms)
2026-07-11 06:08:56,190 [INFO] Pass: FixedPoint - 0.00358 (ms)
2026-07-11 06:08:56,191 [INFO] Pass: Size - 0.00167 (ms)
2026-07-11 06:08:56,191 [INFO] Pass: FixedPoint - 0.00286 (ms)
2026-07-11 06:08:56,191 [INFO] Pass: ContainsInstruction - 0.00501 (ms)
2026-07-11 06:08:56,191 [INFO] Total Transpile Time - 86.31110 (ms)
2026-07-11 06:08:56,275 [INFO] Pass: ContainsInstruction - 0.00954 (ms)
2026-07-11 06:08:56,275 [INFO] Pass: UnitarySynthesis - 0.00644 (ms)
2026-07-11 06:08:56,275 [INFO] Pass: HighLevelSynthesis - 0.00954 (ms)
2026-07-11 06:08:56,275 [INFO] Pass: BasisTranslator - 0.05317 (ms)
2026-07-11 06:08:56,275 [INFO] Pass: ElidePermutations - 0.00358 (ms)
2026-07-11 06:08:56,275 [INFO] Pass: RemoveDiagonalGatesBeforeMeasure - 0.00691 (ms)
2026-07-11 06:08:56,275 [INFO] Pass: RemoveIdentityEquivalent - 0.00525 (ms)
2026-07-11 06:08:56,275 [INFO] Pass: InverseCancellation - 0.02432 (ms)
2026-07-11 06:08:56,275 [INFO] Pass: ContractIdleWiresInControlFlow - 0.00191 (ms)
2026-07-11 06:08:56,275 [INFO] Pass: CommutativeCancellation - 0.07582 (ms)
2026-07-11 06:08:56,275 [INFO] Pass: ConsolidateBlocks - 0.04387 (ms)
2026-07-11 06:08:56,275 [INFO] Pass: Split2QUnitaries - 0.00238 (ms)
2026-07-11 06:08:56,275 [INFO] Pass: UnitarySynthesis - 0.00525 (ms)
2026-07-11 06:08:56,275 [INFO] Pass: HighLevelSynthesis - 0.03362 (ms)
2026-07-11 06:08:56,275 [INFO] Pass: BasisTranslator - 0.07319 (ms)
2026-07-11 06:08:56,275 [INFO] Pass: ConsolidateBlocks - 0.05198 (ms)
2026-07-11 06:08:56,275 [INFO] Pass: UnitarySynthesis - 0.00477 (ms)
2026-07-11 06:08:56,275 [INFO] Pass: Depth - 0.03052 (ms)
2026-07-11 06:08:56,275 [INFO] Pass: FixedPoint - 0.00405 (ms)
2026-07-11 06:08:56,275 [INFO] Pass: Size - 0.00286 (ms)
2026-07-11 06:08:56,275 [INFO] Pass: FixedPoint - 0.00286 (ms)
2026-07-11 06:08:56,276 [INFO] Pass: RemoveIdentityEquivalent - 0.00429 (ms)
2026-07-11 06:08:56,276 [INFO] Pass: Optimize1qGatesDecomposition - 0.13161 (ms)
2026-07-11 06:08:56,276 [INFO] Pass: CommutativeCancellation - 0.09680 (ms)
2026-07-11 06:08:56,276 [INFO] Pass: ContractIdleWiresInControlFlow - 0.00191 (ms)
2026-07-11 06:08:56,276 [INFO] Pass: GatesInBasis - 0.02933 (ms)
2026-07-11 06:08:56,276 [INFO] Pass: Depth - 0.02241 (ms)
2026-07-11 06:08:56,276 [INFO] Pass: FixedPoint - 0.00358 (ms)
2026-07-11 06:08:56,276 [INFO] Pass: Size - 0.00215 (ms)
2026-07-11 06:08:56,276 [INFO] Pass: FixedPoint - 0.00262 (ms)
2026-07-11 06:08:56,276 [INFO] Pass: ContainsInstruction - 0.00525 (ms)
2026-07-11 06:08:56,276 [INFO] Total Transpile Time - 85.06203 (ms)
2026-07-11 06:08:56,359 [INFO] Pass: ContainsInstruction - 0.00954 (ms)
2026-07-11 06:08:56,360 [INFO] Pass: UnitarySynthesis - 0.00644 (ms)
2026-07-11 06:08:56,360 [INFO] Pass: HighLevelSynthesis - 0.00834 (ms)
2026-07-11 06:08:56,360 [INFO] Pass: BasisTranslator - 0.05198 (ms)
2026-07-11 06:08:56,360 [INFO] Pass: ElidePermutations - 0.00286 (ms)
2026-07-11 06:08:56,360 [INFO] Pass: RemoveDiagonalGatesBeforeMeasure - 0.00644 (ms)
2026-07-11 06:08:56,360 [INFO] Pass: RemoveIdentityEquivalent - 0.00477 (ms)
2026-07-11 06:08:56,360 [INFO] Pass: InverseCancellation - 0.02313 (ms)
2026-07-11 06:08:56,360 [INFO] Pass: ContractIdleWiresInControlFlow - 0.00191 (ms)
2026-07-11 06:08:56,360 [INFO] Pass: CommutativeCancellation - 0.07248 (ms)
2026-07-11 06:08:56,360 [INFO] Pass: ConsolidateBlocks - 0.04196 (ms)
2026-07-11 06:08:56,360 [INFO] Pass: Split2QUnitaries - 0.00215 (ms)
2026-07-11 06:08:56,360 [INFO] Pass: UnitarySynthesis - 0.00525 (ms)
2026-07-11 06:08:56,360 [INFO] Pass: HighLevelSynthesis - 0.03481 (ms)
2026-07-11 06:08:56,360 [INFO] Pass: BasisTranslator - 0.07248 (ms)
2026-07-11 06:08:56,360 [INFO] Pass: ConsolidateBlocks - 0.05198 (ms)
2026-07-11 06:08:56,360 [INFO] Pass: UnitarySynthesis - 0.00477 (ms)
2026-07-11 06:08:56,360 [INFO] Pass: Depth - 0.02408 (ms)
2026-07-11 06:08:56,360 [INFO] Pass: FixedPoint - 0.00477 (ms)
2026-07-11 06:08:56,360 [INFO] Pass: Size - 0.00310 (ms)
2026-07-11 06:08:56,360 [INFO] Pass: FixedPoint - 0.00286 (ms)
2026-07-11 06:08:56,360 [INFO] Pass: RemoveIdentityEquivalent - 0.00501 (ms)
2026-07-11 06:08:56,361 [INFO] Pass: Optimize1qGatesDecomposition - 0.13494 (ms)
2026-07-11 06:08:56,361 [INFO] Pass: CommutativeCancellation - 0.09394 (ms)
2026-07-11 06:08:56,361 [INFO] Pass: ContractIdleWiresInControlFlow - 0.00215 (ms)
2026-07-11 06:08:56,361 [INFO] Pass: GatesInBasis - 0.02694 (ms)
2026-07-11 06:08:56,361 [INFO] Pass: Depth - 0.02384 (ms)
2026-07-11 06:08:56,361 [INFO] Pass: FixedPoint - 0.00358 (ms)
2026-07-11 06:08:56,361 [INFO] Pass: Size - 0.00215 (ms)
2026-07-11 06:08:56,361 [INFO] Pass: FixedPoint - 0.00286 (ms)
2026-07-11 06:08:56,361 [INFO] Pass: RemoveIdentityEquivalent - 0.00453 (ms)
2026-07-11 06:08:56,361 [INFO] Pass: Optimize1qGatesDecomposition - 0.11849 (ms)
2026-07-11 06:08:56,361 [INFO] Pass: CommutativeCancellation - 0.08607 (ms)
2026-07-11 06:08:56,361 [INFO] Pass: ContractIdleWiresInControlFlow - 0.00191 (ms)
2026-07-11 06:08:56,361 [INFO] Pass: GatesInBasis - 0.02599 (ms)
2026-07-11 06:08:56,361 [INFO] Pass: Depth - 0.02122 (ms)
2026-07-11 06:08:56,361 [INFO] Pass: FixedPoint - 0.00310 (ms)
2026-07-11 06:08:56,361 [INFO] Pass: Size - 0.00167 (ms)
2026-07-11 06:08:56,361 [INFO] Pass: FixedPoint - 0.00215 (ms)
2026-07-11 06:08:56,361 [INFO] Pass: ContainsInstruction - 0.00572 (ms)
2026-07-11 06:08:56,362 [INFO] Total Transpile Time - 85.06370 (ms)
2026-07-11 06:22:09,249 [INFO] [PCE] n=150 instancia 93/100 completada en 0:00:13:13 — transcurrido=0:23:34:38 restante_estimado=0:01:46:29
2026-07-11 06:22:09,358 [INFO] Pass: ContainsInstruction - 0.01073 (ms)
2026-07-11 06:22:09,358 [INFO] Pass: UnitarySynthesis - 0.00691 (ms)
2026-07-11 06:22:09,358 [INFO] Pass: HighLevelSynthesis - 0.01001 (ms)
2026-07-11 06:22:09,358 [INFO] Pass: BasisTranslator - 0.06247 (ms)
2026-07-11 06:22:09,358 [INFO] Pass: ElidePermutations - 0.00477 (ms)
2026-07-11 06:22:09,358 [INFO] Pass: RemoveDiagonalGatesBeforeMeasure - 0.00811 (ms)
2026-07-11 06:22:09,358 [INFO] Pass: RemoveIdentityEquivalent - 0.00358 (ms)
2026-07-11 06:22:09,358 [INFO] Pass: InverseCancellation - 0.00525 (ms)
2026-07-11 06:22:09,358 [INFO] Pass: ContractIdleWiresInControlFlow - 0.00191 (ms)
2026-07-11 06:22:09,358 [INFO] Pass: CommutativeCancellation - 0.08082 (ms)
2026-07-11 06:22:09,358 [INFO] Pass: ConsolidateBlocks - 0.05579 (ms)
2026-07-11 06:22:09,358 [INFO] Pass: Split2QUnitaries - 0.00286 (ms)
2026-07-11 06:22:09,358 [INFO] Pass: UnitarySynthesis - 0.00525 (ms)
2026-07-11 06:22:09,359 [INFO] Pass: HighLevelSynthesis - 0.03457 (ms)
2026-07-11 06:22:09,359 [INFO] Pass: BasisTranslator - 0.07844 (ms)
2026-07-11 06:22:09,359 [INFO] Pass: ConsolidateBlocks - 0.05460 (ms)
2026-07-11 06:22:09,359 [INFO] Pass: UnitarySynthesis - 0.00429 (ms)
2026-07-11 06:22:09,359 [INFO] Pass: Depth - 0.02527 (ms)
2026-07-11 06:22:09,359 [INFO] Pass: FixedPoint - 0.00429 (ms)
2026-07-11 06:22:09,359 [INFO] Pass: Size - 0.00310 (ms)
2026-07-11 06:22:09,359 [INFO] Pass: FixedPoint - 0.00286 (ms)
2026-07-11 06:22:09,359 [INFO] Pass: RemoveIdentityEquivalent - 0.00358 (ms)
2026-07-11 06:22:09,359 [INFO] Pass: Optimize1qGatesDecomposition - 0.03910 (ms)
2026-07-11 06:22:09,359 [INFO] Pass: CommutativeCancellation - 0.09489 (ms)
2026-07-11 06:22:09,359 [INFO] Pass: ContractIdleWiresInControlFlow - 0.00215 (ms)
2026-07-11 06:22:09,359 [INFO] Pass: GatesInBasis - 0.02789 (ms)
2026-07-11 06:22:09,359 [INFO] Pass: Depth - 0.02432 (ms)
2026-07-11 06:22:09,359 [INFO] Pass: FixedPoint - 0.00358 (ms)
2026-07-11 06:22:09,359 [INFO] Pass: Size - 0.00191 (ms)
2026-07-11 06:22:09,359 [INFO] Pass: FixedPoint - 0.00262 (ms)
2026-07-11 06:22:09,359 [INFO] Pass: ContainsInstruction - 0.00572 (ms)
2026-07-11 06:22:09,360 [INFO] Total Transpile Time - 90.13200 (ms)
2026-07-11 06:22:09,446 [INFO] Pass: ContainsInstruction - 0.01788 (ms)
2026-07-11 06:22:09,446 [INFO] Pass: UnitarySynthesis - 0.00620 (ms)
2026-07-11 06:22:09,447 [INFO] Pass: HighLevelSynthesis - 0.00906 (ms)
2026-07-11 06:22:09,447 [INFO] Pass: BasisTranslator - 0.05603 (ms)
2026-07-11 06:22:09,447 [INFO] Pass: ElidePermutations - 0.00429 (ms)
2026-07-11 06:22:09,447 [INFO] Pass: RemoveDiagonalGatesBeforeMeasure - 0.00715 (ms)
2026-07-11 06:22:09,447 [INFO] Pass: RemoveIdentityEquivalent - 0.00572 (ms)
2026-07-11 06:22:09,447 [INFO] Pass: InverseCancellation - 0.02432 (ms)
2026-07-11 06:22:09,447 [INFO] Pass: ContractIdleWiresInControlFlow - 0.00215 (ms)
2026-07-11 06:22:09,447 [INFO] Pass: CommutativeCancellation - 0.08202 (ms)
2026-07-11 06:22:09,447 [INFO] Pass: ConsolidateBlocks - 0.04530 (ms)
2026-07-11 06:22:09,447 [INFO] Pass: Split2QUnitaries - 0.00262 (ms)
2026-07-11 06:22:09,447 [INFO] Pass: UnitarySynthesis - 0.00501 (ms)
2026-07-11 06:22:09,447 [INFO] Pass: HighLevelSynthesis - 0.03529 (ms)
2026-07-11 06:22:09,447 [INFO] Pass: BasisTranslator - 0.08249 (ms)
2026-07-11 06:22:09,447 [INFO] Pass: ConsolidateBlocks - 0.05460 (ms)
2026-07-11 06:22:09,447 [INFO] Pass: UnitarySynthesis - 0.00453 (ms)
2026-07-11 06:22:09,447 [INFO] Pass: Depth - 0.03052 (ms)
2026-07-11 06:22:09,447 [INFO] Pass: FixedPoint - 0.00453 (ms)
2026-07-11 06:22:09,447 [INFO] Pass: Size - 0.00286 (ms)
2026-07-11 06:22:09,447 [INFO] Pass: FixedPoint - 0.00286 (ms)
2026-07-11 06:22:09,447 [INFO] Pass: RemoveIdentityEquivalent - 0.00453 (ms)
2026-07-11 06:22:09,448 [INFO] Pass: Optimize1qGatesDecomposition - 0.12732 (ms)
2026-07-11 06:22:09,448 [INFO] Pass: CommutativeCancellation - 0.09966 (ms)
2026-07-11 06:22:09,448 [INFO] Pass: ContractIdleWiresInControlFlow - 0.00191 (ms)
2026-07-11 06:22:09,448 [INFO] Pass: GatesInBasis - 0.02885 (ms)
2026-07-11 06:22:09,448 [INFO] Pass: Depth - 0.02265 (ms)
2026-07-11 06:22:09,448 [INFO] Pass: FixedPoint - 0.00358 (ms)
2026-07-11 06:22:09,448 [INFO] Pass: Size - 0.00167 (ms)
2026-07-11 06:22:09,448 [INFO] Pass: FixedPoint - 0.00286 (ms)
2026-07-11 06:22:09,448 [INFO] Pass: ContainsInstruction - 0.00548 (ms)
2026-07-11 06:22:09,448 [INFO] Total Transpile Time - 88.20653 (ms)
2026-07-11 06:22:09,535 [INFO] Pass: ContainsInstruction - 0.01049 (ms)
2026-07-11 06:22:09,535 [INFO] Pass: UnitarySynthesis - 0.00620 (ms)
2026-07-11 06:22:09,535 [INFO] Pass: HighLevelSynthesis - 0.01049 (ms)
2026-07-11 06:22:09,535 [INFO] Pass: BasisTranslator - 0.05460 (ms)
2026-07-11 06:22:09,535 [INFO] Pass: ElidePermutations - 0.00381 (ms)
2026-07-11 06:22:09,535 [INFO] Pass: RemoveDiagonalGatesBeforeMeasure - 0.00691 (ms)
2026-07-11 06:22:09,535 [INFO] Pass: RemoveIdentityEquivalent - 0.00548 (ms)
2026-07-11 06:22:09,535 [INFO] Pass: InverseCancellation - 0.02456 (ms)
2026-07-11 06:22:09,535 [INFO] Pass: ContractIdleWiresInControlFlow - 0.00191 (ms)
2026-07-11 06:22:09,535 [INFO] Pass: CommutativeCancellation - 0.08225 (ms)
2026-07-11 06:22:09,535 [INFO] Pass: ConsolidateBlocks - 0.04482 (ms)
2026-07-11 06:22:09,535 [INFO] Pass: Split2QUnitaries - 0.00238 (ms)
2026-07-11 06:22:09,535 [INFO] Pass: UnitarySynthesis - 0.00548 (ms)
2026-07-11 06:22:09,535 [INFO] Pass: HighLevelSynthesis - 0.03600 (ms)
2026-07-11 06:22:09,536 [INFO] Pass: BasisTranslator - 0.07796 (ms)
2026-07-11 06:22:09,536 [INFO] Pass: ConsolidateBlocks - 0.05579 (ms)
2026-07-11 06:22:09,536 [INFO] Pass: UnitarySynthesis - 0.00501 (ms)
2026-07-11 06:22:09,536 [INFO] Pass: Depth - 0.02813 (ms)
2026-07-11 06:22:09,536 [INFO] Pass: FixedPoint - 0.00429 (ms)
2026-07-11 06:22:09,536 [INFO] Pass: Size - 0.00262 (ms)
2026-07-11 06:22:09,536 [INFO] Pass: FixedPoint - 0.00310 (ms)
2026-07-11 06:22:09,536 [INFO] Pass: RemoveIdentityEquivalent - 0.00525 (ms)
2026-07-11 06:22:09,536 [INFO] Pass: Optimize1qGatesDecomposition - 0.13924 (ms)
2026-07-11 06:22:09,536 [INFO] Pass: CommutativeCancellation - 0.09561 (ms)
2026-07-11 06:22:09,536 [INFO] Pass: ContractIdleWiresInControlFlow - 0.00191 (ms)
2026-07-11 06:22:09,536 [INFO] Pass: GatesInBasis - 0.02837 (ms)
2026-07-11 06:22:09,536 [INFO] Pass: Depth - 0.02480 (ms)
2026-07-11 06:22:09,536 [INFO] Pass: FixedPoint - 0.00358 (ms)
2026-07-11 06:22:09,536 [INFO] Pass: Size - 0.00215 (ms)
2026-07-11 06:22:09,536 [INFO] Pass: FixedPoint - 0.00286 (ms)
2026-07-11 06:22:09,536 [INFO] Pass: RemoveIdentityEquivalent - 0.00501 (ms)
2026-07-11 06:22:09,536 [INFO] Pass: Optimize1qGatesDecomposition - 0.12326 (ms)
2026-07-11 06:22:09,537 [INFO] Pass: CommutativeCancellation - 0.08774 (ms)
2026-07-11 06:22:09,537 [INFO] Pass: ContractIdleWiresInControlFlow - 0.00191 (ms)
2026-07-11 06:22:09,537 [INFO] Pass: GatesInBasis - 0.02718 (ms)
2026-07-11 06:22:09,537 [INFO] Pass: Depth - 0.02360 (ms)
2026-07-11 06:22:09,537 [INFO] Pass: FixedPoint - 0.00334 (ms)
2026-07-11 06:22:09,537 [INFO] Pass: Size - 0.00191 (ms)
2026-07-11 06:22:09,537 [INFO] Pass: FixedPoint - 0.00262 (ms)
2026-07-11 06:22:09,537 [INFO] Pass: ContainsInstruction - 0.00572 (ms)
2026-07-11 06:22:09,537 [INFO] Total Transpile Time - 88.55748 (ms)
2026-07-11 06:36:19,384 [INFO] [PCE] n=150 instancia 94/100 completada en 0:00:14:10 — transcurrido=0:23:48:48 restante_estimado=0:01:31:12
2026-07-11 06:36:19,492 [INFO] Pass: ContainsInstruction - 0.01073 (ms)
2026-07-11 06:36:19,492 [INFO] Pass: UnitarySynthesis - 0.00668 (ms)
2026-07-11 06:36:19,492 [INFO] Pass: HighLevelSynthesis - 0.01073 (ms)
2026-07-11 06:36:19,492 [INFO] Pass: BasisTranslator - 0.05794 (ms)
2026-07-11 06:36:19,492 [INFO] Pass: ElidePermutations - 0.00477 (ms)
2026-07-11 06:36:19,492 [INFO] Pass: RemoveDiagonalGatesBeforeMeasure - 0.00834 (ms)
2026-07-11 06:36:19,492 [INFO] Pass: RemoveIdentityEquivalent - 0.00381 (ms)
2026-07-11 06:36:19,492 [INFO] Pass: InverseCancellation - 0.00572 (ms)
2026-07-11 06:36:19,492 [INFO] Pass: ContractIdleWiresInControlFlow - 0.00191 (ms)
2026-07-11 06:36:19,492 [INFO] Pass: CommutativeCancellation - 0.08273 (ms)
2026-07-11 06:36:19,492 [INFO] Pass: ConsolidateBlocks - 0.04673 (ms)
2026-07-11 06:36:19,492 [INFO] Pass: Split2QUnitaries - 0.00310 (ms)
2026-07-11 06:36:19,493 [INFO] Pass: UnitarySynthesis - 0.00525 (ms)
2026-07-11 06:36:19,493 [INFO] Pass: HighLevelSynthesis - 0.03409 (ms)
2026-07-11 06:36:19,493 [INFO] Pass: BasisTranslator - 0.07343 (ms)
2026-07-11 06:36:19,493 [INFO] Pass: ConsolidateBlocks - 0.05102 (ms)
2026-07-11 06:36:19,493 [INFO] Pass: UnitarySynthesis - 0.00429 (ms)
2026-07-11 06:36:19,493 [INFO] Pass: Depth - 0.02837 (ms)
2026-07-11 06:36:19,493 [INFO] Pass: FixedPoint - 0.00453 (ms)
2026-07-11 06:36:19,493 [INFO] Pass: Size - 0.00310 (ms)
2026-07-11 06:36:19,493 [INFO] Pass: FixedPoint - 0.00262 (ms)
2026-07-11 06:36:19,493 [INFO] Pass: RemoveIdentityEquivalent - 0.00310 (ms)
2026-07-11 06:36:19,493 [INFO] Pass: Optimize1qGatesDecomposition - 0.03695 (ms)
2026-07-11 06:36:19,493 [INFO] Pass: CommutativeCancellation - 0.08917 (ms)
2026-07-11 06:36:19,493 [INFO] Pass: ContractIdleWiresInControlFlow - 0.00167 (ms)
2026-07-11 06:36:19,493 [INFO] Pass: GatesInBasis - 0.02837 (ms)
2026-07-11 06:36:19,493 [INFO] Pass: Depth - 0.02313 (ms)
2026-07-11 06:36:19,493 [INFO] Pass: FixedPoint - 0.00381 (ms)
2026-07-11 06:36:19,493 [INFO] Pass: Size - 0.00238 (ms)
2026-07-11 06:36:19,493 [INFO] Pass: FixedPoint - 0.00286 (ms)
2026-07-11 06:36:19,493 [INFO] Pass: ContainsInstruction - 0.00525 (ms)
2026-07-11 06:36:19,494 [INFO] Total Transpile Time - 90.88922 (ms)
2026-07-11 06:36:19,578 [INFO] Pass: ContainsInstruction - 0.01001 (ms)
2026-07-11 06:36:19,578 [INFO] Pass: UnitarySynthesis - 0.00620 (ms)
2026-07-11 06:36:19,578 [INFO] Pass: HighLevelSynthesis - 0.00906 (ms)
2026-07-11 06:36:19,578 [INFO] Pass: BasisTranslator - 0.05412 (ms)
2026-07-11 06:36:19,578 [INFO] Pass: ElidePermutations - 0.00334 (ms)
2026-07-11 06:36:19,578 [INFO] Pass: RemoveDiagonalGatesBeforeMeasure - 0.00668 (ms)
2026-07-11 06:36:19,578 [INFO] Pass: RemoveIdentityEquivalent - 0.00477 (ms)
2026-07-11 06:36:19,578 [INFO] Pass: InverseCancellation - 0.02432 (ms)
2026-07-11 06:36:19,578 [INFO] Pass: ContractIdleWiresInControlFlow - 0.00191 (ms)
2026-07-11 06:36:19,578 [INFO] Pass: CommutativeCancellation - 0.07701 (ms)
2026-07-11 06:36:19,578 [INFO] Pass: ConsolidateBlocks - 0.04959 (ms)
2026-07-11 06:36:19,578 [INFO] Pass: Split2QUnitaries - 0.00286 (ms)
2026-07-11 06:36:19,578 [INFO] Pass: UnitarySynthesis - 0.00525 (ms)
2026-07-11 06:36:19,579 [INFO] Pass: HighLevelSynthesis - 0.03338 (ms)
2026-07-11 06:36:19,579 [INFO] Pass: BasisTranslator - 0.07558 (ms)
2026-07-11 06:36:19,579 [INFO] Pass: ConsolidateBlocks - 0.05198 (ms)
2026-07-11 06:36:19,579 [INFO] Pass: UnitarySynthesis - 0.00429 (ms)
2026-07-11 06:36:19,579 [INFO] Pass: Depth - 0.02933 (ms)
2026-07-11 06:36:19,579 [INFO] Pass: FixedPoint - 0.00429 (ms)
2026-07-11 06:36:19,579 [INFO] Pass: Size - 0.00286 (ms)
2026-07-11 06:36:19,579 [INFO] Pass: FixedPoint - 0.00286 (ms)
2026-07-11 06:36:19,579 [INFO] Pass: RemoveIdentityEquivalent - 0.00429 (ms)
2026-07-11 06:36:19,579 [INFO] Pass: Optimize1qGatesDecomposition - 0.12946 (ms)
2026-07-11 06:36:19,579 [INFO] Pass: CommutativeCancellation - 0.09894 (ms)
2026-07-11 06:36:19,579 [INFO] Pass: ContractIdleWiresInControlFlow - 0.00191 (ms)
2026-07-11 06:36:19,579 [INFO] Pass: GatesInBasis - 0.02861 (ms)
2026-07-11 06:36:19,579 [INFO] Pass: Depth - 0.02480 (ms)
2026-07-11 06:36:19,579 [INFO] Pass: FixedPoint - 0.00405 (ms)
2026-07-11 06:36:19,579 [INFO] Pass: Size - 0.00215 (ms)
2026-07-11 06:36:19,579 [INFO] Pass: FixedPoint - 0.00286 (ms)
2026-07-11 06:36:19,579 [INFO] Pass: ContainsInstruction - 0.00525 (ms)
2026-07-11 06:36:19,580 [INFO] Total Transpile Time - 85.68144 (ms)
2026-07-11 06:36:19,663 [INFO] Pass: ContainsInstruction - 0.00978 (ms)
2026-07-11 06:36:19,663 [INFO] Pass: UnitarySynthesis - 0.00668 (ms)
2026-07-11 06:36:19,664 [INFO] Pass: HighLevelSynthesis - 0.00906 (ms)
2026-07-11 06:36:19,664 [INFO] Pass: BasisTranslator - 0.05317 (ms)
2026-07-11 06:36:19,664 [INFO] Pass: ElidePermutations - 0.00358 (ms)
2026-07-11 06:36:19,664 [INFO] Pass: RemoveDiagonalGatesBeforeMeasure - 0.00620 (ms)
2026-07-11 06:36:19,664 [INFO] Pass: RemoveIdentityEquivalent - 0.00525 (ms)
2026-07-11 06:36:19,664 [INFO] Pass: InverseCancellation - 0.02384 (ms)
2026-07-11 06:36:19,664 [INFO] Pass: ContractIdleWiresInControlFlow - 0.00191 (ms)
2026-07-11 06:36:19,664 [INFO] Pass: CommutativeCancellation - 0.07224 (ms)
2026-07-11 06:36:19,664 [INFO] Pass: ConsolidateBlocks - 0.04315 (ms)
2026-07-11 06:36:19,664 [INFO] Pass: Split2QUnitaries - 0.00238 (ms)
2026-07-11 06:36:19,664 [INFO] Pass: UnitarySynthesis - 0.00548 (ms)
2026-07-11 06:36:19,664 [INFO] Pass: HighLevelSynthesis - 0.03433 (ms)
2026-07-11 06:36:19,664 [INFO] Pass: BasisTranslator - 0.07319 (ms)
2026-07-11 06:36:19,664 [INFO] Pass: ConsolidateBlocks - 0.05245 (ms)
2026-07-11 06:36:19,664 [INFO] Pass: UnitarySynthesis - 0.00477 (ms)
2026-07-11 06:36:19,664 [INFO] Pass: Depth - 0.02623 (ms)
2026-07-11 06:36:19,664 [INFO] Pass: FixedPoint - 0.00405 (ms)
2026-07-11 06:36:19,664 [INFO] Pass: Size - 0.00238 (ms)
2026-07-11 06:36:19,664 [INFO] Pass: FixedPoint - 0.00262 (ms)
2026-07-11 06:36:19,664 [INFO] Pass: RemoveIdentityEquivalent - 0.00477 (ms)
2026-07-11 06:36:19,665 [INFO] Pass: Optimize1qGatesDecomposition - 0.14162 (ms)
2026-07-11 06:36:19,665 [INFO] Pass: CommutativeCancellation - 0.08893 (ms)
2026-07-11 06:36:19,665 [INFO] Pass: ContractIdleWiresInControlFlow - 0.00215 (ms)
2026-07-11 06:36:19,665 [INFO] Pass: GatesInBasis - 0.02789 (ms)
2026-07-11 06:36:19,665 [INFO] Pass: Depth - 0.02337 (ms)
2026-07-11 06:36:19,665 [INFO] Pass: FixedPoint - 0.00334 (ms)
2026-07-11 06:36:19,665 [INFO] Pass: Size - 0.00191 (ms)
2026-07-11 06:36:19,665 [INFO] Pass: FixedPoint - 0.00286 (ms)
2026-07-11 06:36:19,665 [INFO] Pass: RemoveIdentityEquivalent - 0.00429 (ms)
2026-07-11 06:36:19,665 [INFO] Pass: Optimize1qGatesDecomposition - 0.11969 (ms)
2026-07-11 06:36:19,665 [INFO] Pass: CommutativeCancellation - 0.08392 (ms)
2026-07-11 06:36:19,665 [INFO] Pass: ContractIdleWiresInControlFlow - 0.00167 (ms)
2026-07-11 06:36:19,665 [INFO] Pass: GatesInBasis - 0.02718 (ms)
2026-07-11 06:36:19,665 [INFO] Pass: Depth - 0.02146 (ms)
2026-07-11 06:36:19,665 [INFO] Pass: FixedPoint - 0.00334 (ms)
2026-07-11 06:36:19,665 [INFO] Pass: Size - 0.00215 (ms)
2026-07-11 06:36:19,665 [INFO] Pass: FixedPoint - 0.00215 (ms)
2026-07-11 06:36:19,665 [INFO] Pass: ContainsInstruction - 0.01168 (ms)
2026-07-11 06:36:19,666 [INFO] Total Transpile Time - 85.64901 (ms)
2026-07-11 06:50:46,564 [INFO] [PCE] n=150 instancia 95/100 completada en 0:00:14:27 — transcurrido=1:00:03:15 restante_estimado=0:01:15:58
2026-07-11 06:50:46,667 [INFO] Pass: ContainsInstruction - 0.01144 (ms)
2026-07-11 06:50:46,667 [INFO] Pass: UnitarySynthesis - 0.00691 (ms)
2026-07-11 06:50:46,667 [INFO] Pass: HighLevelSynthesis - 0.00954 (ms)
2026-07-11 06:50:46,667 [INFO] Pass: BasisTranslator - 0.06533 (ms)
2026-07-11 06:50:46,667 [INFO] Pass: ElidePermutations - 0.00477 (ms)
2026-07-11 06:50:46,668 [INFO] Pass: RemoveDiagonalGatesBeforeMeasure - 0.00811 (ms)
2026-07-11 06:50:46,668 [INFO] Pass: RemoveIdentityEquivalent - 0.00405 (ms)
2026-07-11 06:50:46,668 [INFO] Pass: InverseCancellation - 0.00453 (ms)
2026-07-11 06:50:46,668 [INFO] Pass: ContractIdleWiresInControlFlow - 0.00191 (ms)
2026-07-11 06:50:46,668 [INFO] Pass: CommutativeCancellation - 0.06962 (ms)
2026-07-11 06:50:46,668 [INFO] Pass: ConsolidateBlocks - 0.04601 (ms)
2026-07-11 06:50:46,668 [INFO] Pass: Split2QUnitaries - 0.00334 (ms)
2026-07-11 06:50:46,668 [INFO] Pass: UnitarySynthesis - 0.00525 (ms)
2026-07-11 06:50:46,668 [INFO] Pass: HighLevelSynthesis - 0.03386 (ms)
2026-07-11 06:50:46,668 [INFO] Pass: BasisTranslator - 0.07224 (ms)
2026-07-11 06:50:46,668 [INFO] Pass: ConsolidateBlocks - 0.05150 (ms)
2026-07-11 06:50:46,668 [INFO] Pass: UnitarySynthesis - 0.00453 (ms)
2026-07-11 06:50:46,668 [INFO] Pass: Depth - 0.02503 (ms)
2026-07-11 06:50:46,668 [INFO] Pass: FixedPoint - 0.00525 (ms)
2026-07-11 06:50:46,668 [INFO] Pass: Size - 0.00334 (ms)
2026-07-11 06:50:46,668 [INFO] Pass: FixedPoint - 0.00286 (ms)
2026-07-11 06:50:46,668 [INFO] Pass: RemoveIdentityEquivalent - 0.00381 (ms)
2026-07-11 06:50:46,668 [INFO] Pass: Optimize1qGatesDecomposition - 0.03481 (ms)
2026-07-11 06:50:46,668 [INFO] Pass: CommutativeCancellation - 0.09394 (ms)
2026-07-11 06:50:46,668 [INFO] Pass: ContractIdleWiresInControlFlow - 0.00215 (ms)
2026-07-11 06:50:46,668 [INFO] Pass: GatesInBasis - 0.02861 (ms)
2026-07-11 06:50:46,669 [INFO] Pass: Depth - 0.02289 (ms)
2026-07-11 06:50:46,669 [INFO] Pass: FixedPoint - 0.00310 (ms)
2026-07-11 06:50:46,669 [INFO] Pass: Size - 0.00238 (ms)
2026-07-11 06:50:46,669 [INFO] Pass: FixedPoint - 0.00286 (ms)
2026-07-11 06:50:46,669 [INFO] Pass: ContainsInstruction - 0.00477 (ms)
2026-07-11 06:50:46,669 [INFO] Total Transpile Time - 87.80718 (ms)
2026-07-11 06:50:46,753 [INFO] Pass: ContainsInstruction - 0.00978 (ms)
2026-07-11 06:50:46,753 [INFO] Pass: UnitarySynthesis - 0.00572 (ms)
2026-07-11 06:50:46,753 [INFO] Pass: HighLevelSynthesis - 0.00906 (ms)
2026-07-11 06:50:46,753 [INFO] Pass: BasisTranslator - 0.05388 (ms)
2026-07-11 06:50:46,753 [INFO] Pass: ElidePermutations - 0.00381 (ms)
2026-07-11 06:50:46,753 [INFO] Pass: RemoveDiagonalGatesBeforeMeasure - 0.00644 (ms)
2026-07-11 06:50:46,753 [INFO] Pass: RemoveIdentityEquivalent - 0.00453 (ms)
2026-07-11 06:50:46,753 [INFO] Pass: InverseCancellation - 0.02337 (ms)
2026-07-11 06:50:46,753 [INFO] Pass: ContractIdleWiresInControlFlow - 0.00167 (ms)
2026-07-11 06:50:46,753 [INFO] Pass: CommutativeCancellation - 0.07415 (ms)
2026-07-11 06:50:46,753 [INFO] Pass: ConsolidateBlocks - 0.04244 (ms)
2026-07-11 06:50:46,753 [INFO] Pass: Split2QUnitaries - 0.00238 (ms)
2026-07-11 06:50:46,753 [INFO] Pass: UnitarySynthesis - 0.00477 (ms)
2026-07-11 06:50:46,753 [INFO] Pass: HighLevelSynthesis - 0.03386 (ms)
2026-07-11 06:50:46,754 [INFO] Pass: BasisTranslator - 0.07176 (ms)
2026-07-11 06:50:46,754 [INFO] Pass: ConsolidateBlocks - 0.05031 (ms)
2026-07-11 06:50:46,754 [INFO] Pass: UnitarySynthesis - 0.00429 (ms)
2026-07-11 06:50:46,754 [INFO] Pass: Depth - 0.02480 (ms)
2026-07-11 06:50:46,754 [INFO] Pass: FixedPoint - 0.00405 (ms)
2026-07-11 06:50:46,754 [INFO] Pass: Size - 0.00286 (ms)
2026-07-11 06:50:46,754 [INFO] Pass: FixedPoint - 0.00286 (ms)
2026-07-11 06:50:46,754 [INFO] Pass: RemoveIdentityEquivalent - 0.00429 (ms)
2026-07-11 06:50:46,754 [INFO] Pass: Optimize1qGatesDecomposition - 0.12708 (ms)
2026-07-11 06:50:46,754 [INFO] Pass: CommutativeCancellation - 0.09251 (ms)
2026-07-11 06:50:46,754 [INFO] Pass: ContractIdleWiresInControlFlow - 0.00215 (ms)
2026-07-11 06:50:46,754 [INFO] Pass: GatesInBasis - 0.02909 (ms)
2026-07-11 06:50:46,754 [INFO] Pass: Depth - 0.02313 (ms)
2026-07-11 06:50:46,754 [INFO] Pass: FixedPoint - 0.00358 (ms)
2026-07-11 06:50:46,754 [INFO] Pass: Size - 0.00191 (ms)
2026-07-11 06:50:46,754 [INFO] Pass: FixedPoint - 0.00238 (ms)
2026-07-11 06:50:46,754 [INFO] Pass: ContainsInstruction - 0.00477 (ms)
2026-07-11 06:50:46,755 [INFO] Total Transpile Time - 85.30831 (ms)
2026-07-11 06:50:46,838 [INFO] Pass: ContainsInstruction - 0.00954 (ms)
2026-07-11 06:50:46,838 [INFO] Pass: UnitarySynthesis - 0.00644 (ms)
2026-07-11 06:50:46,838 [INFO] Pass: HighLevelSynthesis - 0.00858 (ms)
2026-07-11 06:50:46,838 [INFO] Pass: BasisTranslator - 0.05221 (ms)
2026-07-11 06:50:46,838 [INFO] Pass: ElidePermutations - 0.00310 (ms)
2026-07-11 06:50:46,838 [INFO] Pass: RemoveDiagonalGatesBeforeMeasure - 0.00620 (ms)
2026-07-11 06:50:46,838 [INFO] Pass: RemoveIdentityEquivalent - 0.00596 (ms)
2026-07-11 06:50:46,838 [INFO] Pass: InverseCancellation - 0.02360 (ms)
2026-07-11 06:50:46,838 [INFO] Pass: ContractIdleWiresInControlFlow - 0.00215 (ms)
2026-07-11 06:50:46,839 [INFO] Pass: CommutativeCancellation - 0.07582 (ms)
2026-07-11 06:50:46,839 [INFO] Pass: ConsolidateBlocks - 0.04244 (ms)
2026-07-11 06:50:46,839 [INFO] Pass: Split2QUnitaries - 0.00215 (ms)
2026-07-11 06:50:46,839 [INFO] Pass: UnitarySynthesis - 0.00572 (ms)
2026-07-11 06:50:46,839 [INFO] Pass: HighLevelSynthesis - 0.03433 (ms)
2026-07-11 06:50:46,839 [INFO] Pass: BasisTranslator - 0.07677 (ms)
2026-07-11 06:50:46,839 [INFO] Pass: ConsolidateBlocks - 0.05198 (ms)
2026-07-11 06:50:46,839 [INFO] Pass: UnitarySynthesis - 0.00501 (ms)
2026-07-11 06:50:46,839 [INFO] Pass: Depth - 0.02456 (ms)
2026-07-11 06:50:46,839 [INFO] Pass: FixedPoint - 0.00405 (ms)
2026-07-11 06:50:46,839 [INFO] Pass: Size - 0.00286 (ms)
2026-07-11 06:50:46,839 [INFO] Pass: FixedPoint - 0.00262 (ms)
2026-07-11 06:50:46,839 [INFO] Pass: RemoveIdentityEquivalent - 0.00477 (ms)
2026-07-11 06:50:46,839 [INFO] Pass: Optimize1qGatesDecomposition - 0.13757 (ms)
2026-07-11 06:50:46,839 [INFO] Pass: CommutativeCancellation - 0.08821 (ms)
2026-07-11 06:50:46,839 [INFO] Pass: ContractIdleWiresInControlFlow - 0.00215 (ms)
2026-07-11 06:50:46,839 [INFO] Pass: GatesInBasis - 0.02789 (ms)
2026-07-11 06:50:46,840 [INFO] Pass: Depth - 0.02337 (ms)
2026-07-11 06:50:46,840 [INFO] Pass: FixedPoint - 0.00358 (ms)
2026-07-11 06:50:46,840 [INFO] Pass: Size - 0.00191 (ms)
2026-07-11 06:50:46,840 [INFO] Pass: FixedPoint - 0.00310 (ms)
2026-07-11 06:50:46,840 [INFO] Pass: RemoveIdentityEquivalent - 0.00429 (ms)
2026-07-11 06:50:46,840 [INFO] Pass: Optimize1qGatesDecomposition - 0.12040 (ms)
2026-07-11 06:50:46,840 [INFO] Pass: CommutativeCancellation - 0.08249 (ms)
2026-07-11 06:50:46,840 [INFO] Pass: ContractIdleWiresInControlFlow - 0.00167 (ms)
2026-07-11 06:50:46,840 [INFO] Pass: GatesInBasis - 0.02718 (ms)
2026-07-11 06:50:46,840 [INFO] Pass: Depth - 0.02193 (ms)
2026-07-11 06:50:46,840 [INFO] Pass: FixedPoint - 0.00334 (ms)
2026-07-11 06:50:46,840 [INFO] Pass: Size - 0.00215 (ms)
2026-07-11 06:50:46,840 [INFO] Pass: FixedPoint - 0.00262 (ms)
2026-07-11 06:50:46,840 [INFO] Pass: ContainsInstruction - 0.00501 (ms)
2026-07-11 06:50:46,840 [INFO] Total Transpile Time - 85.40893 (ms)
2026-07-11 07:04:10,100 [INFO] [PCE] n=150 instancia 96/100 completada en 0:00:13:24 — transcurrido=1:00:16:39 restante_estimado=0:01:00:42
2026-07-11 07:04:10,208 [INFO] Pass: ContainsInstruction - 0.01144 (ms)
2026-07-11 07:04:10,208 [INFO] Pass: UnitarySynthesis - 0.00715 (ms)
2026-07-11 07:04:10,208 [INFO] Pass: HighLevelSynthesis - 0.01025 (ms)
2026-07-11 07:04:10,209 [INFO] Pass: BasisTranslator - 0.06270 (ms)
2026-07-11 07:04:10,209 [INFO] Pass: ElidePermutations - 0.00477 (ms)
2026-07-11 07:04:10,209 [INFO] Pass: RemoveDiagonalGatesBeforeMeasure - 0.00763 (ms)
2026-07-11 07:04:10,209 [INFO] Pass: RemoveIdentityEquivalent - 0.00381 (ms)
2026-07-11 07:04:10,209 [INFO] Pass: InverseCancellation - 0.00548 (ms)
2026-07-11 07:04:10,209 [INFO] Pass: ContractIdleWiresInControlFlow - 0.00215 (ms)
2026-07-11 07:04:10,209 [INFO] Pass: CommutativeCancellation - 0.08345 (ms)
2026-07-11 07:04:10,209 [INFO] Pass: ConsolidateBlocks - 0.05460 (ms)
2026-07-11 07:04:10,209 [INFO] Pass: Split2QUnitaries - 0.00262 (ms)
2026-07-11 07:04:10,209 [INFO] Pass: UnitarySynthesis - 0.00501 (ms)
2026-07-11 07:04:10,209 [INFO] Pass: HighLevelSynthesis - 0.03338 (ms)
2026-07-11 07:04:10,209 [INFO] Pass: BasisTranslator - 0.07844 (ms)
2026-07-11 07:04:10,209 [INFO] Pass: ConsolidateBlocks - 0.05484 (ms)
2026-07-11 07:04:10,209 [INFO] Pass: UnitarySynthesis - 0.00453 (ms)
2026-07-11 07:04:10,209 [INFO] Pass: Depth - 0.02456 (ms)
2026-07-11 07:04:10,209 [INFO] Pass: FixedPoint - 0.00453 (ms)
2026-07-11 07:04:10,209 [INFO] Pass: Size - 0.00310 (ms)
2026-07-11 07:04:10,209 [INFO] Pass: FixedPoint - 0.00286 (ms)
2026-07-11 07:04:10,209 [INFO] Pass: RemoveIdentityEquivalent - 0.00405 (ms)
2026-07-11 07:04:10,209 [INFO] Pass: Optimize1qGatesDecomposition - 0.03958 (ms)
2026-07-11 07:04:10,210 [INFO] Pass: CommutativeCancellation - 0.09632 (ms)
2026-07-11 07:04:10,210 [INFO] Pass: ContractIdleWiresInControlFlow - 0.00215 (ms)
2026-07-11 07:04:10,210 [INFO] Pass: GatesInBasis - 0.02909 (ms)
2026-07-11 07:04:10,210 [INFO] Pass: Depth - 0.02360 (ms)
2026-07-11 07:04:10,210 [INFO] Pass: FixedPoint - 0.00334 (ms)
2026-07-11 07:04:10,210 [INFO] Pass: Size - 0.00191 (ms)
2026-07-11 07:04:10,210 [INFO] Pass: FixedPoint - 0.00286 (ms)
2026-07-11 07:04:10,210 [INFO] Pass: ContainsInstruction - 0.00525 (ms)
2026-07-11 07:04:10,210 [INFO] Total Transpile Time - 91.46762 (ms)
2026-07-11 07:04:10,298 [INFO] Pass: ContainsInstruction - 0.00978 (ms)
2026-07-11 07:04:10,298 [INFO] Pass: UnitarySynthesis - 0.00596 (ms)
2026-07-11 07:04:10,298 [INFO] Pass: HighLevelSynthesis - 0.00930 (ms)
2026-07-11 07:04:10,298 [INFO] Pass: BasisTranslator - 0.05341 (ms)
2026-07-11 07:04:10,298 [INFO] Pass: ElidePermutations - 0.00358 (ms)
2026-07-11 07:04:10,298 [INFO] Pass: RemoveDiagonalGatesBeforeMeasure - 0.00715 (ms)
2026-07-11 07:04:10,298 [INFO] Pass: RemoveIdentityEquivalent - 0.00501 (ms)
2026-07-11 07:04:10,298 [INFO] Pass: InverseCancellation - 0.03123 (ms)
2026-07-11 07:04:10,298 [INFO] Pass: ContractIdleWiresInControlFlow - 0.00191 (ms)
2026-07-11 07:04:10,299 [INFO] Pass: CommutativeCancellation - 0.07963 (ms)
2026-07-11 07:04:10,299 [INFO] Pass: ConsolidateBlocks - 0.05126 (ms)
2026-07-11 07:04:10,299 [INFO] Pass: Split2QUnitaries - 0.00262 (ms)
2026-07-11 07:04:10,299 [INFO] Pass: UnitarySynthesis - 0.00501 (ms)
2026-07-11 07:04:10,299 [INFO] Pass: HighLevelSynthesis - 0.03290 (ms)
2026-07-11 07:04:10,299 [INFO] Pass: BasisTranslator - 0.07248 (ms)
2026-07-11 07:04:10,299 [INFO] Pass: ConsolidateBlocks - 0.05388 (ms)
2026-07-11 07:04:10,299 [INFO] Pass: UnitarySynthesis - 0.00453 (ms)
2026-07-11 07:04:10,299 [INFO] Pass: Depth - 0.03099 (ms)
2026-07-11 07:04:10,299 [INFO] Pass: FixedPoint - 0.00429 (ms)
2026-07-11 07:04:10,299 [INFO] Pass: Size - 0.00286 (ms)
2026-07-11 07:04:10,299 [INFO] Pass: FixedPoint - 0.00262 (ms)
2026-07-11 07:04:10,299 [INFO] Pass: RemoveIdentityEquivalent - 0.00548 (ms)
2026-07-11 07:04:10,299 [INFO] Pass: Optimize1qGatesDecomposition - 0.13232 (ms)
2026-07-11 07:04:10,299 [INFO] Pass: CommutativeCancellation - 0.10657 (ms)
2026-07-11 07:04:10,299 [INFO] Pass: ContractIdleWiresInControlFlow - 0.00215 (ms)
2026-07-11 07:04:10,299 [INFO] Pass: GatesInBasis - 0.02837 (ms)
2026-07-11 07:04:10,300 [INFO] Pass: Depth - 0.02670 (ms)
2026-07-11 07:04:10,300 [INFO] Pass: FixedPoint - 0.00358 (ms)
2026-07-11 07:04:10,300 [INFO] Pass: Size - 0.00215 (ms)
2026-07-11 07:04:10,300 [INFO] Pass: FixedPoint - 0.00262 (ms)
2026-07-11 07:04:10,300 [INFO] Pass: ContainsInstruction - 0.00548 (ms)
2026-07-11 07:04:10,300 [INFO] Total Transpile Time - 89.43152 (ms)
2026-07-11 07:04:10,388 [INFO] Pass: ContainsInstruction - 0.00930 (ms)
2026-07-11 07:04:10,388 [INFO] Pass: UnitarySynthesis - 0.00644 (ms)
2026-07-11 07:04:10,388 [INFO] Pass: HighLevelSynthesis - 0.00882 (ms)
2026-07-11 07:04:10,388 [INFO] Pass: BasisTranslator - 0.05388 (ms)
2026-07-11 07:04:10,388 [INFO] Pass: ElidePermutations - 0.00358 (ms)
2026-07-11 07:04:10,388 [INFO] Pass: RemoveDiagonalGatesBeforeMeasure - 0.00596 (ms)
2026-07-11 07:04:10,388 [INFO] Pass: RemoveIdentityEquivalent - 0.00596 (ms)
2026-07-11 07:04:10,388 [INFO] Pass: InverseCancellation - 0.02408 (ms)
2026-07-11 07:04:10,388 [INFO] Pass: ContractIdleWiresInControlFlow - 0.00215 (ms)
2026-07-11 07:04:10,388 [INFO] Pass: CommutativeCancellation - 0.07510 (ms)
2026-07-11 07:04:10,388 [INFO] Pass: ConsolidateBlocks - 0.04959 (ms)
2026-07-11 07:04:10,388 [INFO] Pass: Split2QUnitaries - 0.00238 (ms)
2026-07-11 07:04:10,388 [INFO] Pass: UnitarySynthesis - 0.00501 (ms)
2026-07-11 07:04:10,388 [INFO] Pass: HighLevelSynthesis - 0.03433 (ms)
2026-07-11 07:04:10,388 [INFO] Pass: BasisTranslator - 0.08583 (ms)
2026-07-11 07:04:10,388 [INFO] Pass: ConsolidateBlocks - 0.06294 (ms)
2026-07-11 07:04:10,388 [INFO] Pass: UnitarySynthesis - 0.00453 (ms)
2026-07-11 07:04:10,389 [INFO] Pass: Depth - 0.02694 (ms)
2026-07-11 07:04:10,389 [INFO] Pass: FixedPoint - 0.00405 (ms)
2026-07-11 07:04:10,389 [INFO] Pass: Size - 0.00262 (ms)
2026-07-11 07:04:10,389 [INFO] Pass: FixedPoint - 0.00238 (ms)
2026-07-11 07:04:10,389 [INFO] Pass: RemoveIdentityEquivalent - 0.00477 (ms)
2026-07-11 07:04:10,389 [INFO] Pass: Optimize1qGatesDecomposition - 0.13900 (ms)
2026-07-11 07:04:10,389 [INFO] Pass: CommutativeCancellation - 0.09322 (ms)
2026-07-11 07:04:10,389 [INFO] Pass: ContractIdleWiresInControlFlow - 0.00191 (ms)
2026-07-11 07:04:10,389 [INFO] Pass: GatesInBasis - 0.02718 (ms)
2026-07-11 07:04:10,389 [INFO] Pass: Depth - 0.02527 (ms)
2026-07-11 07:04:10,389 [INFO] Pass: FixedPoint - 0.00381 (ms)
2026-07-11 07:04:10,389 [INFO] Pass: Size - 0.00215 (ms)
2026-07-11 07:04:10,389 [INFO] Pass: FixedPoint - 0.00286 (ms)
2026-07-11 07:04:10,389 [INFO] Pass: RemoveIdentityEquivalent - 0.00501 (ms)
2026-07-11 07:04:10,389 [INFO] Pass: Optimize1qGatesDecomposition - 0.12064 (ms)
2026-07-11 07:04:10,389 [INFO] Pass: CommutativeCancellation - 0.09370 (ms)
2026-07-11 07:04:10,389 [INFO] Pass: ContractIdleWiresInControlFlow - 0.00215 (ms)
2026-07-11 07:04:10,389 [INFO] Pass: GatesInBasis - 0.02718 (ms)
2026-07-11 07:04:10,390 [INFO] Pass: Depth - 0.02480 (ms)
2026-07-11 07:04:10,390 [INFO] Pass: FixedPoint - 0.00381 (ms)
2026-07-11 07:04:10,390 [INFO] Pass: Size - 0.00215 (ms)
2026-07-11 07:04:10,390 [INFO] Pass: FixedPoint - 0.00238 (ms)
2026-07-11 07:04:10,390 [INFO] Pass: ContainsInstruction - 0.00572 (ms)
2026-07-11 07:04:10,390 [INFO] Total Transpile Time - 89.65492 (ms)
2026-07-11 07:18:50,875 [INFO] [PCE] n=150 instancia 97/100 completada en 0:00:14:41 — transcurrido=1:00:31:20 restante_estimado=0:00:45:30
2026-07-11 07:18:50,977 [INFO] Pass: ContainsInstruction - 0.01049 (ms)
2026-07-11 07:18:50,978 [INFO] Pass: UnitarySynthesis - 0.00691 (ms)
2026-07-11 07:18:50,978 [INFO] Pass: HighLevelSynthesis - 0.01073 (ms)
2026-07-11 07:18:50,978 [INFO] Pass: BasisTranslator - 0.05841 (ms)
2026-07-11 07:18:50,978 [INFO] Pass: ElidePermutations - 0.00501 (ms)
2026-07-11 07:18:50,978 [INFO] Pass: RemoveDiagonalGatesBeforeMeasure - 0.00787 (ms)
2026-07-11 07:18:50,978 [INFO] Pass: RemoveIdentityEquivalent - 0.00358 (ms)
2026-07-11 07:18:50,978 [INFO] Pass: InverseCancellation - 0.00501 (ms)
2026-07-11 07:18:50,978 [INFO] Pass: ContractIdleWiresInControlFlow - 0.00191 (ms)
2026-07-11 07:18:50,978 [INFO] Pass: CommutativeCancellation - 0.07224 (ms)
2026-07-11 07:18:50,978 [INFO] Pass: ConsolidateBlocks - 0.04625 (ms)
2026-07-11 07:18:50,978 [INFO] Pass: Split2QUnitaries - 0.00286 (ms)
2026-07-11 07:18:50,978 [INFO] Pass: UnitarySynthesis - 0.00501 (ms)
2026-07-11 07:18:50,978 [INFO] Pass: HighLevelSynthesis - 0.03338 (ms)
2026-07-11 07:18:50,978 [INFO] Pass: BasisTranslator - 0.07224 (ms)
2026-07-11 07:18:50,978 [INFO] Pass: ConsolidateBlocks - 0.05245 (ms)
2026-07-11 07:18:50,978 [INFO] Pass: UnitarySynthesis - 0.00453 (ms)
2026-07-11 07:18:50,978 [INFO] Pass: Depth - 0.03195 (ms)
2026-07-11 07:18:50,978 [INFO] Pass: FixedPoint - 0.00477 (ms)
2026-07-11 07:18:50,978 [INFO] Pass: Size - 0.00381 (ms)
2026-07-11 07:18:50,978 [INFO] Pass: FixedPoint - 0.00286 (ms)
2026-07-11 07:18:50,978 [INFO] Pass: RemoveIdentityEquivalent - 0.00310 (ms)
2026-07-11 07:18:50,979 [INFO] Pass: Optimize1qGatesDecomposition - 0.03457 (ms)
2026-07-11 07:18:50,979 [INFO] Pass: CommutativeCancellation - 0.08965 (ms)
2026-07-11 07:18:50,979 [INFO] Pass: ContractIdleWiresInControlFlow - 0.00238 (ms)
2026-07-11 07:18:50,979 [INFO] Pass: GatesInBasis - 0.02837 (ms)
2026-07-11 07:18:50,979 [INFO] Pass: Depth - 0.02193 (ms)
2026-07-11 07:18:50,979 [INFO] Pass: FixedPoint - 0.00334 (ms)
2026-07-11 07:18:50,979 [INFO] Pass: Size - 0.00191 (ms)
2026-07-11 07:18:50,979 [INFO] Pass: FixedPoint - 0.00238 (ms)
2026-07-11 07:18:50,979 [INFO] Pass: ContainsInstruction - 0.00548 (ms)
2026-07-11 07:18:50,979 [INFO] Total Transpile Time - 86.93027 (ms)
2026-07-11 07:18:51,063 [INFO] Pass: ContainsInstruction - 0.00954 (ms)
2026-07-11 07:18:51,063 [INFO] Pass: UnitarySynthesis - 0.00596 (ms)
2026-07-11 07:18:51,063 [INFO] Pass: HighLevelSynthesis - 0.00882 (ms)
2026-07-11 07:18:51,063 [INFO] Pass: BasisTranslator - 0.05460 (ms)
2026-07-11 07:18:51,063 [INFO] Pass: ElidePermutations - 0.00453 (ms)
2026-07-11 07:18:51,063 [INFO] Pass: RemoveDiagonalGatesBeforeMeasure - 0.00691 (ms)
2026-07-11 07:18:51,063 [INFO] Pass: RemoveIdentityEquivalent - 0.00525 (ms)
2026-07-11 07:18:51,064 [INFO] Pass: InverseCancellation - 0.02337 (ms)
2026-07-11 07:18:51,064 [INFO] Pass: ContractIdleWiresInControlFlow - 0.00167 (ms)
2026-07-11 07:18:51,064 [INFO] Pass: CommutativeCancellation - 0.07677 (ms)
2026-07-11 07:18:51,064 [INFO] Pass: ConsolidateBlocks - 0.04339 (ms)
2026-07-11 07:18:51,064 [INFO] Pass: Split2QUnitaries - 0.00238 (ms)
2026-07-11 07:18:51,064 [INFO] Pass: UnitarySynthesis - 0.00477 (ms)
2026-07-11 07:18:51,064 [INFO] Pass: HighLevelSynthesis - 0.03290 (ms)
2026-07-11 07:18:51,064 [INFO] Pass: BasisTranslator - 0.07439 (ms)
2026-07-11 07:18:51,064 [INFO] Pass: ConsolidateBlocks - 0.05054 (ms)
2026-07-11 07:18:51,064 [INFO] Pass: UnitarySynthesis - 0.00405 (ms)
2026-07-11 07:18:51,064 [INFO] Pass: Depth - 0.02432 (ms)
2026-07-11 07:18:51,064 [INFO] Pass: FixedPoint - 0.00405 (ms)
2026-07-11 07:18:51,064 [INFO] Pass: Size - 0.00286 (ms)
2026-07-11 07:18:51,064 [INFO] Pass: FixedPoint - 0.00262 (ms)
2026-07-11 07:18:51,064 [INFO] Pass: RemoveIdentityEquivalent - 0.00429 (ms)
2026-07-11 07:18:51,064 [INFO] Pass: Optimize1qGatesDecomposition - 0.13113 (ms)
2026-07-11 07:18:51,064 [INFO] Pass: CommutativeCancellation - 0.10228 (ms)
2026-07-11 07:18:51,064 [INFO] Pass: ContractIdleWiresInControlFlow - 0.00191 (ms)
2026-07-11 07:18:51,065 [INFO] Pass: GatesInBasis - 0.02837 (ms)
2026-07-11 07:18:51,065 [INFO] Pass: Depth - 0.02241 (ms)
2026-07-11 07:18:51,065 [INFO] Pass: FixedPoint - 0.00358 (ms)
2026-07-11 07:18:51,065 [INFO] Pass: Size - 0.00191 (ms)
2026-07-11 07:18:51,065 [INFO] Pass: FixedPoint - 0.00286 (ms)
2026-07-11 07:18:51,065 [INFO] Pass: ContainsInstruction - 0.00477 (ms)
2026-07-11 07:18:51,065 [INFO] Total Transpile Time - 85.40678 (ms)
2026-07-11 07:18:51,149 [INFO] Pass: ContainsInstruction - 0.00930 (ms)
2026-07-11 07:18:51,149 [INFO] Pass: UnitarySynthesis - 0.00620 (ms)
2026-07-11 07:18:51,149 [INFO] Pass: HighLevelSynthesis - 0.00858 (ms)
2026-07-11 07:18:51,149 [INFO] Pass: BasisTranslator - 0.05102 (ms)
2026-07-11 07:18:51,149 [INFO] Pass: ElidePermutations - 0.00310 (ms)
2026-07-11 07:18:51,149 [INFO] Pass: RemoveDiagonalGatesBeforeMeasure - 0.00572 (ms)
2026-07-11 07:18:51,149 [INFO] Pass: RemoveIdentityEquivalent - 0.00525 (ms)
2026-07-11 07:18:51,149 [INFO] Pass: InverseCancellation - 0.02360 (ms)
2026-07-11 07:18:51,149 [INFO] Pass: ContractIdleWiresInControlFlow - 0.00167 (ms)
2026-07-11 07:18:51,149 [INFO] Pass: CommutativeCancellation - 0.07200 (ms)
2026-07-11 07:18:51,149 [INFO] Pass: ConsolidateBlocks - 0.04840 (ms)
2026-07-11 07:18:51,149 [INFO] Pass: Split2QUnitaries - 0.00215 (ms)
2026-07-11 07:18:51,149 [INFO] Pass: UnitarySynthesis - 0.00525 (ms)
2026-07-11 07:18:51,150 [INFO] Pass: HighLevelSynthesis - 0.03529 (ms)
2026-07-11 07:18:51,150 [INFO] Pass: BasisTranslator - 0.07319 (ms)
2026-07-11 07:18:51,150 [INFO] Pass: ConsolidateBlocks - 0.05102 (ms)
2026-07-11 07:18:51,150 [INFO] Pass: UnitarySynthesis - 0.00477 (ms)
2026-07-11 07:18:51,150 [INFO] Pass: Depth - 0.02384 (ms)
2026-07-11 07:18:51,150 [INFO] Pass: FixedPoint - 0.00429 (ms)
2026-07-11 07:18:51,150 [INFO] Pass: Size - 0.00286 (ms)
2026-07-11 07:18:51,150 [INFO] Pass: FixedPoint - 0.00262 (ms)
2026-07-11 07:18:51,150 [INFO] Pass: RemoveIdentityEquivalent - 0.00477 (ms)
2026-07-11 07:18:51,150 [INFO] Pass: Optimize1qGatesDecomposition - 0.13757 (ms)
2026-07-11 07:18:51,150 [INFO] Pass: CommutativeCancellation - 0.08726 (ms)
2026-07-11 07:18:51,150 [INFO] Pass: ContractIdleWiresInControlFlow - 0.00191 (ms)
2026-07-11 07:18:51,150 [INFO] Pass: GatesInBasis - 0.02813 (ms)
2026-07-11 07:18:51,150 [INFO] Pass: Depth - 0.02217 (ms)
2026-07-11 07:18:51,150 [INFO] Pass: FixedPoint - 0.00358 (ms)
2026-07-11 07:18:51,150 [INFO] Pass: Size - 0.00191 (ms)
2026-07-11 07:18:51,150 [INFO] Pass: FixedPoint - 0.00262 (ms)
2026-07-11 07:18:51,150 [INFO] Pass: RemoveIdentityEquivalent - 0.00477 (ms)
2026-07-11 07:18:51,151 [INFO] Pass: Optimize1qGatesDecomposition - 0.11587 (ms)
2026-07-11 07:18:51,151 [INFO] Pass: CommutativeCancellation - 0.08059 (ms)
2026-07-11 07:18:51,151 [INFO] Pass: ContractIdleWiresInControlFlow - 0.00143 (ms)
2026-07-11 07:18:51,151 [INFO] Pass: GatesInBasis - 0.02670 (ms)
2026-07-11 07:18:51,151 [INFO] Pass: Depth - 0.02146 (ms)
2026-07-11 07:18:51,151 [INFO] Pass: FixedPoint - 0.00334 (ms)
2026-07-11 07:18:51,151 [INFO] Pass: Size - 0.00167 (ms)
2026-07-11 07:18:51,151 [INFO] Pass: FixedPoint - 0.00262 (ms)
2026-07-11 07:18:51,151 [INFO] Pass: ContainsInstruction - 0.00501 (ms)
2026-07-11 07:18:51,151 [INFO] Total Transpile Time - 85.81519 (ms)
2026-07-11 07:32:04,846 [INFO] [PCE] n=150 instancia 98/100 completada en 0:00:13:14 — transcurrido=1:00:44:33 restante_estimado=0:00:30:18
2026-07-11 07:32:04,952 [INFO] Pass: ContainsInstruction - 0.01097 (ms)
2026-07-11 07:32:04,952 [INFO] Pass: UnitarySynthesis - 0.00691 (ms)
2026-07-11 07:32:04,952 [INFO] Pass: HighLevelSynthesis - 0.01001 (ms)
2026-07-11 07:32:04,952 [INFO] Pass: BasisTranslator - 0.05889 (ms)
2026-07-11 07:32:04,952 [INFO] Pass: ElidePermutations - 0.00525 (ms)
2026-07-11 07:32:04,952 [INFO] Pass: RemoveDiagonalGatesBeforeMeasure - 0.00834 (ms)
2026-07-11 07:32:04,952 [INFO] Pass: RemoveIdentityEquivalent - 0.00358 (ms)
2026-07-11 07:32:04,953 [INFO] Pass: InverseCancellation - 0.00548 (ms)
2026-07-11 07:32:04,953 [INFO] Pass: ContractIdleWiresInControlFlow - 0.00191 (ms)
2026-07-11 07:32:04,953 [INFO] Pass: CommutativeCancellation - 0.08559 (ms)
2026-07-11 07:32:04,953 [INFO] Pass: ConsolidateBlocks - 0.04792 (ms)
2026-07-11 07:32:04,953 [INFO] Pass: Split2QUnitaries - 0.00286 (ms)
2026-07-11 07:32:04,953 [INFO] Pass: UnitarySynthesis - 0.00501 (ms)
2026-07-11 07:32:04,953 [INFO] Pass: HighLevelSynthesis - 0.03409 (ms)
2026-07-11 07:32:04,953 [INFO] Pass: BasisTranslator - 0.07606 (ms)
2026-07-11 07:32:04,953 [INFO] Pass: ConsolidateBlocks - 0.05221 (ms)
2026-07-11 07:32:04,953 [INFO] Pass: UnitarySynthesis - 0.00477 (ms)
2026-07-11 07:32:04,953 [INFO] Pass: Depth - 0.02646 (ms)
2026-07-11 07:32:04,953 [INFO] Pass: FixedPoint - 0.00501 (ms)
2026-07-11 07:32:04,953 [INFO] Pass: Size - 0.00358 (ms)
2026-07-11 07:32:04,953 [INFO] Pass: FixedPoint - 0.00262 (ms)
2026-07-11 07:32:04,953 [INFO] Pass: RemoveIdentityEquivalent - 0.00310 (ms)
2026-07-11 07:32:04,953 [INFO] Pass: Optimize1qGatesDecomposition - 0.03576 (ms)
2026-07-11 07:32:04,953 [INFO] Pass: CommutativeCancellation - 0.09608 (ms)
2026-07-11 07:32:04,953 [INFO] Pass: ContractIdleWiresInControlFlow - 0.00215 (ms)
2026-07-11 07:32:04,953 [INFO] Pass: GatesInBasis - 0.02885 (ms)
2026-07-11 07:32:04,954 [INFO] Pass: Depth - 0.02408 (ms)
2026-07-11 07:32:04,954 [INFO] Pass: FixedPoint - 0.00334 (ms)
2026-07-11 07:32:04,954 [INFO] Pass: Size - 0.00238 (ms)
2026-07-11 07:32:04,954 [INFO] Pass: FixedPoint - 0.00286 (ms)
2026-07-11 07:32:04,954 [INFO] Pass: ContainsInstruction - 0.00501 (ms)
2026-07-11 07:32:04,954 [INFO] Total Transpile Time - 89.70714 (ms)
2026-07-11 07:32:05,042 [INFO] Pass: ContainsInstruction - 0.00954 (ms)
2026-07-11 07:32:05,042 [INFO] Pass: UnitarySynthesis - 0.00620 (ms)
2026-07-11 07:32:05,042 [INFO] Pass: HighLevelSynthesis - 0.00930 (ms)
2026-07-11 07:32:05,042 [INFO] Pass: BasisTranslator - 0.05770 (ms)
2026-07-11 07:32:05,042 [INFO] Pass: ElidePermutations - 0.00334 (ms)
2026-07-11 07:32:05,042 [INFO] Pass: RemoveDiagonalGatesBeforeMeasure - 0.00739 (ms)
2026-07-11 07:32:05,042 [INFO] Pass: RemoveIdentityEquivalent - 0.00548 (ms)
2026-07-11 07:32:05,042 [INFO] Pass: InverseCancellation - 0.02456 (ms)
2026-07-11 07:32:05,042 [INFO] Pass: ContractIdleWiresInControlFlow - 0.00191 (ms)
2026-07-11 07:32:05,043 [INFO] Pass: CommutativeCancellation - 0.08893 (ms)
2026-07-11 07:32:05,043 [INFO] Pass: ConsolidateBlocks - 0.04411 (ms)
2026-07-11 07:32:05,043 [INFO] Pass: Split2QUnitaries - 0.00238 (ms)
2026-07-11 07:32:05,043 [INFO] Pass: UnitarySynthesis - 0.00525 (ms)
2026-07-11 07:32:05,043 [INFO] Pass: HighLevelSynthesis - 0.03362 (ms)
2026-07-11 07:32:05,043 [INFO] Pass: BasisTranslator - 0.08059 (ms)
2026-07-11 07:32:05,043 [INFO] Pass: ConsolidateBlocks - 0.05341 (ms)
2026-07-11 07:32:05,043 [INFO] Pass: UnitarySynthesis - 0.00477 (ms)
2026-07-11 07:32:05,043 [INFO] Pass: Depth - 0.03076 (ms)
2026-07-11 07:32:05,043 [INFO] Pass: FixedPoint - 0.00429 (ms)
2026-07-11 07:32:05,043 [INFO] Pass: Size - 0.00310 (ms)
2026-07-11 07:32:05,043 [INFO] Pass: FixedPoint - 0.00262 (ms)
2026-07-11 07:32:05,043 [INFO] Pass: RemoveIdentityEquivalent - 0.00501 (ms)
2026-07-11 07:32:05,043 [INFO] Pass: Optimize1qGatesDecomposition - 0.13471 (ms)
2026-07-11 07:32:05,043 [INFO] Pass: CommutativeCancellation - 0.10943 (ms)
2026-07-11 07:32:05,043 [INFO] Pass: ContractIdleWiresInControlFlow - 0.00191 (ms)
2026-07-11 07:32:05,044 [INFO] Pass: GatesInBasis - 0.02837 (ms)
2026-07-11 07:32:05,044 [INFO] Pass: Depth - 0.02527 (ms)
2026-07-11 07:32:05,044 [INFO] Pass: FixedPoint - 0.00358 (ms)
2026-07-11 07:32:05,044 [INFO] Pass: Size - 0.00215 (ms)
2026-07-11 07:32:05,044 [INFO] Pass: FixedPoint - 0.00286 (ms)
2026-07-11 07:32:05,044 [INFO] Pass: ContainsInstruction - 0.00548 (ms)
2026-07-11 07:32:05,044 [INFO] Total Transpile Time - 89.67304 (ms)
2026-07-11 07:32:05,130 [INFO] Pass: ContainsInstruction - 0.00978 (ms)
2026-07-11 07:32:05,130 [INFO] Pass: UnitarySynthesis - 0.00644 (ms)
2026-07-11 07:32:05,130 [INFO] Pass: HighLevelSynthesis - 0.00882 (ms)
2026-07-11 07:32:05,130 [INFO] Pass: BasisTranslator - 0.05484 (ms)
2026-07-11 07:32:05,130 [INFO] Pass: ElidePermutations - 0.00310 (ms)
2026-07-11 07:32:05,130 [INFO] Pass: RemoveDiagonalGatesBeforeMeasure - 0.00620 (ms)
2026-07-11 07:32:05,130 [INFO] Pass: RemoveIdentityEquivalent - 0.00548 (ms)
2026-07-11 07:32:05,130 [INFO] Pass: InverseCancellation - 0.02408 (ms)
2026-07-11 07:32:05,130 [INFO] Pass: ContractIdleWiresInControlFlow - 0.00191 (ms)
2026-07-11 07:32:05,130 [INFO] Pass: CommutativeCancellation - 0.07915 (ms)
2026-07-11 07:32:05,130 [INFO] Pass: ConsolidateBlocks - 0.04363 (ms)
2026-07-11 07:32:05,130 [INFO] Pass: Split2QUnitaries - 0.00238 (ms)
2026-07-11 07:32:05,130 [INFO] Pass: UnitarySynthesis - 0.00501 (ms)
2026-07-11 07:32:05,130 [INFO] Pass: HighLevelSynthesis - 0.03433 (ms)
2026-07-11 07:32:05,130 [INFO] Pass: BasisTranslator - 0.08416 (ms)
2026-07-11 07:32:05,131 [INFO] Pass: ConsolidateBlocks - 0.05555 (ms)
2026-07-11 07:32:05,131 [INFO] Pass: UnitarySynthesis - 0.00453 (ms)
2026-07-11 07:32:05,131 [INFO] Pass: Depth - 0.02837 (ms)
2026-07-11 07:32:05,131 [INFO] Pass: FixedPoint - 0.00453 (ms)
2026-07-11 07:32:05,131 [INFO] Pass: Size - 0.00310 (ms)
2026-07-11 07:32:05,131 [INFO] Pass: FixedPoint - 0.00262 (ms)
2026-07-11 07:32:05,131 [INFO] Pass: RemoveIdentityEquivalent - 0.00453 (ms)
2026-07-11 07:32:05,131 [INFO] Pass: Optimize1qGatesDecomposition - 0.14329 (ms)
2026-07-11 07:32:05,131 [INFO] Pass: CommutativeCancellation - 0.09894 (ms)
2026-07-11 07:32:05,131 [INFO] Pass: ContractIdleWiresInControlFlow - 0.00191 (ms)
2026-07-11 07:32:05,131 [INFO] Pass: GatesInBasis - 0.02766 (ms)
2026-07-11 07:32:05,131 [INFO] Pass: Depth - 0.02551 (ms)
2026-07-11 07:32:05,131 [INFO] Pass: FixedPoint - 0.00381 (ms)
2026-07-11 07:32:05,131 [INFO] Pass: Size - 0.00215 (ms)
2026-07-11 07:32:05,131 [INFO] Pass: FixedPoint - 0.00286 (ms)
2026-07-11 07:32:05,131 [INFO] Pass: RemoveIdentityEquivalent - 0.00453 (ms)
2026-07-11 07:32:05,131 [INFO] Pass: Optimize1qGatesDecomposition - 0.12541 (ms)
2026-07-11 07:32:05,131 [INFO] Pass: CommutativeCancellation - 0.09227 (ms)
2026-07-11 07:32:05,132 [INFO] Pass: ContractIdleWiresInControlFlow - 0.00143 (ms)
2026-07-11 07:32:05,132 [INFO] Pass: GatesInBasis - 0.02694 (ms)
2026-07-11 07:32:05,132 [INFO] Pass: Depth - 0.02360 (ms)
2026-07-11 07:32:05,132 [INFO] Pass: FixedPoint - 0.00286 (ms)
2026-07-11 07:32:05,132 [INFO] Pass: Size - 0.00215 (ms)
2026-07-11 07:32:05,132 [INFO] Pass: FixedPoint - 0.00262 (ms)
2026-07-11 07:32:05,132 [INFO] Pass: ContainsInstruction - 0.00596 (ms)
2026-07-11 07:32:05,132 [INFO] Total Transpile Time - 87.68654 (ms)
2026-07-11 07:47:12,207 [INFO] [PCE] n=150 instancia 99/100 completada en 0:00:15:07 — transcurrido=1:00:59:41 restante_estimado=0:00:15:09
2026-07-11 07:47:12,311 [INFO] Pass: ContainsInstruction - 0.01121 (ms)
2026-07-11 07:47:12,311 [INFO] Pass: UnitarySynthesis - 0.00620 (ms)
2026-07-11 07:47:12,311 [INFO] Pass: HighLevelSynthesis - 0.01001 (ms)
2026-07-11 07:47:12,311 [INFO] Pass: BasisTranslator - 0.05794 (ms)
2026-07-11 07:47:12,311 [INFO] Pass: ElidePermutations - 0.00525 (ms)
2026-07-11 07:47:12,311 [INFO] Pass: RemoveDiagonalGatesBeforeMeasure - 0.00834 (ms)
2026-07-11 07:47:12,311 [INFO] Pass: RemoveIdentityEquivalent - 0.00358 (ms)
2026-07-11 07:47:12,311 [INFO] Pass: InverseCancellation - 0.00501 (ms)
2026-07-11 07:47:12,311 [INFO] Pass: ContractIdleWiresInControlFlow - 0.00191 (ms)
2026-07-11 07:47:12,311 [INFO] Pass: CommutativeCancellation - 0.08202 (ms)
2026-07-11 07:47:12,311 [INFO] Pass: ConsolidateBlocks - 0.04554 (ms)
2026-07-11 07:47:12,311 [INFO] Pass: Split2QUnitaries - 0.01025 (ms)
2026-07-11 07:47:12,311 [INFO] Pass: UnitarySynthesis - 0.00501 (ms)
2026-07-11 07:47:12,311 [INFO] Pass: HighLevelSynthesis - 0.03338 (ms)
2026-07-11 07:47:12,312 [INFO] Pass: BasisTranslator - 0.07391 (ms)
2026-07-11 07:47:12,312 [INFO] Pass: ConsolidateBlocks - 0.05221 (ms)
2026-07-11 07:47:12,312 [INFO] Pass: UnitarySynthesis - 0.00453 (ms)
2026-07-11 07:47:12,312 [INFO] Pass: Depth - 0.02408 (ms)
2026-07-11 07:47:12,312 [INFO] Pass: FixedPoint - 0.00477 (ms)
2026-07-11 07:47:12,312 [INFO] Pass: Size - 0.00358 (ms)
2026-07-11 07:47:12,312 [INFO] Pass: FixedPoint - 0.00262 (ms)
2026-07-11 07:47:12,312 [INFO] Pass: RemoveIdentityEquivalent - 0.00358 (ms)
2026-07-11 07:47:12,312 [INFO] Pass: Optimize1qGatesDecomposition - 0.03672 (ms)
2026-07-11 07:47:12,312 [INFO] Pass: CommutativeCancellation - 0.09370 (ms)
2026-07-11 07:47:12,312 [INFO] Pass: ContractIdleWiresInControlFlow - 0.00143 (ms)
2026-07-11 07:47:12,312 [INFO] Pass: GatesInBasis - 0.02885 (ms)
2026-07-11 07:47:12,312 [INFO] Pass: Depth - 0.02265 (ms)
2026-07-11 07:47:12,312 [INFO] Pass: FixedPoint - 0.00310 (ms)
2026-07-11 07:47:12,312 [INFO] Pass: Size - 0.00215 (ms)
2026-07-11 07:47:12,312 [INFO] Pass: FixedPoint - 0.00262 (ms)
2026-07-11 07:47:12,312 [INFO] Pass: ContainsInstruction - 0.00453 (ms)
2026-07-11 07:47:12,313 [INFO] Total Transpile Time - 87.23354 (ms)
2026-07-11 07:47:12,396 [INFO] Pass: ContainsInstruction - 0.00906 (ms)
2026-07-11 07:47:12,396 [INFO] Pass: UnitarySynthesis - 0.00620 (ms)
2026-07-11 07:47:12,396 [INFO] Pass: HighLevelSynthesis - 0.00930 (ms)
2026-07-11 07:47:12,396 [INFO] Pass: BasisTranslator - 0.05221 (ms)
2026-07-11 07:47:12,396 [INFO] Pass: ElidePermutations - 0.00358 (ms)
2026-07-11 07:47:12,396 [INFO] Pass: RemoveDiagonalGatesBeforeMeasure - 0.00668 (ms)
2026-07-11 07:47:12,396 [INFO] Pass: RemoveIdentityEquivalent - 0.00501 (ms)
2026-07-11 07:47:12,396 [INFO] Pass: InverseCancellation - 0.02408 (ms)
2026-07-11 07:47:12,396 [INFO] Pass: ContractIdleWiresInControlFlow - 0.00167 (ms)
2026-07-11 07:47:12,396 [INFO] Pass: CommutativeCancellation - 0.07844 (ms)
2026-07-11 07:47:12,396 [INFO] Pass: ConsolidateBlocks - 0.05174 (ms)
2026-07-11 07:47:12,396 [INFO] Pass: Split2QUnitaries - 0.00286 (ms)
2026-07-11 07:47:12,396 [INFO] Pass: UnitarySynthesis - 0.00477 (ms)
2026-07-11 07:47:12,397 [INFO] Pass: HighLevelSynthesis - 0.03433 (ms)
2026-07-11 07:47:12,397 [INFO] Pass: BasisTranslator - 0.07343 (ms)
2026-07-11 07:47:12,397 [INFO] Pass: ConsolidateBlocks - 0.05150 (ms)
2026-07-11 07:47:12,397 [INFO] Pass: UnitarySynthesis - 0.00405 (ms)
2026-07-11 07:47:12,397 [INFO] Pass: Depth - 0.02480 (ms)
2026-07-11 07:47:12,397 [INFO] Pass: FixedPoint - 0.00381 (ms)
2026-07-11 07:47:12,397 [INFO] Pass: Size - 0.00286 (ms)
2026-07-11 07:47:12,397 [INFO] Pass: FixedPoint - 0.00238 (ms)
2026-07-11 07:47:12,397 [INFO] Pass: RemoveIdentityEquivalent - 0.00429 (ms)
2026-07-11 07:47:12,397 [INFO] Pass: Optimize1qGatesDecomposition - 0.12326 (ms)
2026-07-11 07:47:12,397 [INFO] Pass: CommutativeCancellation - 0.10180 (ms)
2026-07-11 07:47:12,397 [INFO] Pass: ContractIdleWiresInControlFlow - 0.00215 (ms)
2026-07-11 07:47:12,397 [INFO] Pass: GatesInBasis - 0.02885 (ms)
2026-07-11 07:47:12,397 [INFO] Pass: Depth - 0.02408 (ms)
2026-07-11 07:47:12,397 [INFO] Pass: FixedPoint - 0.00381 (ms)
2026-07-11 07:47:12,397 [INFO] Pass: Size - 0.00215 (ms)
2026-07-11 07:47:12,397 [INFO] Pass: FixedPoint - 0.00262 (ms)
2026-07-11 07:47:12,397 [INFO] Pass: ContainsInstruction - 0.00501 (ms)
2026-07-11 07:47:12,398 [INFO] Total Transpile Time - 84.76210 (ms)
2026-07-11 07:47:12,481 [INFO] Pass: ContainsInstruction - 0.00906 (ms)
2026-07-11 07:47:12,481 [INFO] Pass: UnitarySynthesis - 0.01287 (ms)
2026-07-11 07:47:12,481 [INFO] Pass: HighLevelSynthesis - 0.00906 (ms)
2026-07-11 07:47:12,482 [INFO] Pass: BasisTranslator - 0.05078 (ms)
2026-07-11 07:47:12,482 [INFO] Pass: ElidePermutations - 0.00334 (ms)
2026-07-11 07:47:12,482 [INFO] Pass: RemoveDiagonalGatesBeforeMeasure - 0.00620 (ms)
2026-07-11 07:47:12,482 [INFO] Pass: RemoveIdentityEquivalent - 0.00548 (ms)
2026-07-11 07:47:12,482 [INFO] Pass: InverseCancellation - 0.02313 (ms)
2026-07-11 07:47:12,482 [INFO] Pass: ContractIdleWiresInControlFlow - 0.00215 (ms)
2026-07-11 07:47:12,482 [INFO] Pass: CommutativeCancellation - 0.07343 (ms)
2026-07-11 07:47:12,482 [INFO] Pass: ConsolidateBlocks - 0.04172 (ms)
2026-07-11 07:47:12,482 [INFO] Pass: Split2QUnitaries - 0.00215 (ms)
2026-07-11 07:47:12,482 [INFO] Pass: UnitarySynthesis - 0.00525 (ms)
2026-07-11 07:47:12,482 [INFO] Pass: HighLevelSynthesis - 0.03529 (ms)
2026-07-11 07:47:12,482 [INFO] Pass: BasisTranslator - 0.07319 (ms)
2026-07-11 07:47:12,482 [INFO] Pass: ConsolidateBlocks - 0.05102 (ms)
2026-07-11 07:47:12,482 [INFO] Pass: UnitarySynthesis - 0.00477 (ms)
2026-07-11 07:47:12,482 [INFO] Pass: Depth - 0.02408 (ms)
2026-07-11 07:47:12,482 [INFO] Pass: FixedPoint - 0.00477 (ms)
2026-07-11 07:47:12,482 [INFO] Pass: Size - 0.00286 (ms)
2026-07-11 07:47:12,482 [INFO] Pass: FixedPoint - 0.00262 (ms)
2026-07-11 07:47:12,482 [INFO] Pass: RemoveIdentityEquivalent - 0.00501 (ms)
2026-07-11 07:47:12,482 [INFO] Pass: Optimize1qGatesDecomposition - 0.14734 (ms)
2026-07-11 07:47:12,483 [INFO] Pass: CommutativeCancellation - 0.08917 (ms)
2026-07-11 07:47:12,483 [INFO] Pass: ContractIdleWiresInControlFlow - 0.00167 (ms)
2026-07-11 07:47:12,483 [INFO] Pass: GatesInBasis - 0.02813 (ms)
2026-07-11 07:47:12,483 [INFO] Pass: Depth - 0.02432 (ms)
2026-07-11 07:47:12,483 [INFO] Pass: FixedPoint - 0.00381 (ms)
2026-07-11 07:47:12,483 [INFO] Pass: Size - 0.00215 (ms)
2026-07-11 07:47:12,483 [INFO] Pass: FixedPoint - 0.00286 (ms)
2026-07-11 07:47:12,483 [INFO] Pass: RemoveIdentityEquivalent - 0.00477 (ms)
2026-07-11 07:47:12,483 [INFO] Pass: Optimize1qGatesDecomposition - 0.12064 (ms)
2026-07-11 07:47:12,483 [INFO] Pass: CommutativeCancellation - 0.08178 (ms)
2026-07-11 07:47:12,483 [INFO] Pass: ContractIdleWiresInControlFlow - 0.00167 (ms)
2026-07-11 07:47:12,483 [INFO] Pass: GatesInBasis - 0.02670 (ms)
2026-07-11 07:47:12,483 [INFO] Pass: Depth - 0.02170 (ms)
2026-07-11 07:47:12,483 [INFO] Pass: FixedPoint - 0.00334 (ms)
2026-07-11 07:47:12,483 [INFO] Pass: Size - 0.00215 (ms)
2026-07-11 07:47:12,483 [INFO] Pass: FixedPoint - 0.00238 (ms)
2026-07-11 07:47:12,483 [INFO] Pass: ContainsInstruction - 0.00572 (ms)
2026-07-11 07:47:12,484 [INFO] Total Transpile Time - 85.55603 (ms)
2026-07-11 08:02:17,603 [INFO] [PCE] n=150 instancia 100/100 completada en 0:00:15:05 — transcurrido=1:01:14:46 restante_estimado=0:00:00:00
2026-07-11 08:02:17,604 [INFO] [PCE] n=150 beta=0.3308 ± 0.0120 (PASSED) qubits=8 duration=1:01:14:46 max_parallel_threads=16 shots=4096 backend=AER
