cesga/2020 unloaded
        Preparing the environment for use of the CESGA 2022 software stack.
        Please rebuild modules cache: module --ignore-cache avail
     
cesga/2022 loaded
gcccore/system loaded
gcc/system loaded
rust/1.75.0 loaded

imkl/2023.2.0 loaded
numpy/1.26.4 loaded
scipy/1.13.1 loaded
imkl/2023.2.0 unloaded

imkl/2022.0.1 loaded
flint/2.8.4 loaded
symengine/0.11.1 loaded
symengine-python/0.11.0 loaded
spdlog/1.9.2 loaded
pylatexenc/2.10 loaded
qiskit/1.2.4-aer-gpu-cu11 loaded

The following have been reloaded with a version change:
  1) cesga/2020 => cesga/2022

2026-07-03 13:28:09,778 [INFO] [PCE] Ejecutando 50 grafos con 175 nodos.
2026-07-03 13:28:09,778 [INFO] [PCE] n=175 usa 12 qubits (k=2).
2026-07-03 13:28:09,878 [INFO] Pass: ContainsInstruction - 0.00906 (ms)
2026-07-03 13:28:09,879 [INFO] Pass: InverseCancellation - 0.00882 (ms)
2026-07-03 13:28:09,879 [INFO] Pass: UnitarySynthesis - 0.00501 (ms)
2026-07-03 13:28:09,879 [INFO] Pass: HighLevelSynthesis - 0.75364 (ms)
2026-07-03 13:28:09,880 [INFO] Pass: BasisTranslator - 0.42415 (ms)
2026-07-03 13:28:09,880 [INFO] Pass: Depth - 0.10061 (ms)
2026-07-03 13:28:09,880 [INFO] Pass: FixedPoint - 0.00763 (ms)
2026-07-03 13:28:09,880 [INFO] Pass: Size - 0.03529 (ms)
2026-07-03 13:28:09,880 [INFO] Pass: FixedPoint - 0.00453 (ms)
2026-07-03 13:28:09,880 [INFO] Pass: Optimize1qGatesDecomposition - 0.07105 (ms)
2026-07-03 13:28:09,880 [INFO] Pass: InverseCancellation - 0.00596 (ms)
2026-07-03 13:28:09,881 [INFO] Pass: GatesInBasis - 0.45967 (ms)
2026-07-03 13:28:09,881 [INFO] Pass: Depth - 0.09203 (ms)
2026-07-03 13:28:09,881 [INFO] Pass: FixedPoint - 0.00525 (ms)
2026-07-03 13:28:09,881 [INFO] Pass: Size - 0.03386 (ms)
2026-07-03 13:28:09,881 [INFO] Pass: FixedPoint - 0.00405 (ms)
2026-07-03 13:28:09,881 [INFO] Pass: ContainsInstruction - 0.00453 (ms)
2026-07-03 13:28:09,882 [INFO] Total Transpile Time - 75.54889 (ms)
2026-07-03 13:28:09,937 [INFO] Pass: ContainsInstruction - 0.00668 (ms)
2026-07-03 13:28:09,937 [INFO] Pass: InverseCancellation - 0.11945 (ms)
2026-07-03 13:28:09,937 [INFO] Pass: UnitarySynthesis - 0.00405 (ms)
2026-07-03 13:28:09,938 [INFO] Pass: HighLevelSynthesis - 0.81229 (ms)
2026-07-03 13:28:09,939 [INFO] Pass: BasisTranslator - 0.59605 (ms)
2026-07-03 13:28:09,939 [INFO] Pass: Depth - 0.10252 (ms)
2026-07-03 13:28:09,939 [INFO] Pass: FixedPoint - 0.00739 (ms)
2026-07-03 13:28:09,939 [INFO] Pass: Size - 0.03672 (ms)
2026-07-03 13:28:09,939 [INFO] Pass: FixedPoint - 0.00477 (ms)
2026-07-03 13:28:09,941 [INFO] Pass: Optimize1qGatesDecomposition - 1.61099 (ms)
2026-07-03 13:28:09,941 [INFO] Pass: InverseCancellation - 0.11158 (ms)
2026-07-03 13:28:09,941 [INFO] Pass: GatesInBasis - 0.47946 (ms)
2026-07-03 13:28:09,942 [INFO] Pass: Depth - 0.09823 (ms)
2026-07-03 13:28:09,942 [INFO] Pass: FixedPoint - 0.00525 (ms)
2026-07-03 13:28:09,942 [INFO] Pass: Size - 0.03576 (ms)
2026-07-03 13:28:09,942 [INFO] Pass: FixedPoint - 0.00429 (ms)
2026-07-03 13:28:09,942 [INFO] Pass: ContainsInstruction - 0.00453 (ms)
2026-07-03 13:28:09,943 [INFO] Total Transpile Time - 60.59647 (ms)
2026-07-03 13:28:09,998 [INFO] Pass: ContainsInstruction - 0.00644 (ms)
2026-07-03 13:28:09,998 [INFO] Pass: InverseCancellation - 0.12755 (ms)
2026-07-03 13:28:09,998 [INFO] Pass: UnitarySynthesis - 0.00429 (ms)
2026-07-03 13:28:09,999 [INFO] Pass: HighLevelSynthesis - 0.87619 (ms)
2026-07-03 13:28:10,000 [INFO] Pass: BasisTranslator - 0.63682 (ms)
2026-07-03 13:28:10,000 [INFO] Pass: Depth - 0.10681 (ms)
2026-07-03 13:28:10,000 [INFO] Pass: FixedPoint - 0.00691 (ms)
2026-07-03 13:28:10,000 [INFO] Pass: Size - 0.03839 (ms)
2026-07-03 13:28:10,000 [INFO] Pass: FixedPoint - 0.00453 (ms)
2026-07-03 13:28:10,001 [INFO] Pass: Optimize1qGatesDecomposition - 0.98419 (ms)
2026-07-03 13:28:10,001 [INFO] Pass: InverseCancellation - 0.00715 (ms)
2026-07-03 13:28:10,001 [INFO] Pass: GatesInBasis - 0.48351 (ms)
2026-07-03 13:28:10,002 [INFO] Pass: Depth - 0.10109 (ms)
2026-07-03 13:28:10,002 [INFO] Pass: FixedPoint - 0.00548 (ms)
2026-07-03 13:28:10,002 [INFO] Pass: Size - 0.03648 (ms)
2026-07-03 13:28:10,002 [INFO] Pass: FixedPoint - 0.00453 (ms)
2026-07-03 13:28:10,003 [INFO] Pass: Optimize1qGatesDecomposition - 0.81873 (ms)
2026-07-03 13:28:10,003 [INFO] Pass: InverseCancellation - 0.00620 (ms)
2026-07-03 13:28:10,003 [INFO] Pass: GatesInBasis - 0.49257 (ms)
2026-07-03 13:28:10,003 [INFO] Pass: Depth - 0.10061 (ms)
2026-07-03 13:28:10,003 [INFO] Pass: FixedPoint - 0.00477 (ms)
2026-07-03 13:28:10,003 [INFO] Pass: Size - 0.03552 (ms)
2026-07-03 13:28:10,004 [INFO] Pass: FixedPoint - 0.00405 (ms)
2026-07-03 13:28:10,004 [INFO] Pass: ContainsInstruction - 0.00477 (ms)
2026-07-03 13:28:10,004 [INFO] Total Transpile Time - 61.65767 (ms)
2026-07-03 13:28:10,823 [INFO] [PCE] Aer metadata (1ª ejecución de este proceso): device=GPU method=statevector fusion_enabled=True
2026-07-03 13:46:48,244 [INFO] Pass: ContainsInstruction - 0.00906 (ms)
2026-07-03 13:46:48,244 [INFO] Pass: InverseCancellation - 0.00954 (ms)
2026-07-03 13:46:48,244 [INFO] Pass: UnitarySynthesis - 0.00429 (ms)
2026-07-03 13:46:48,245 [INFO] Pass: HighLevelSynthesis - 0.74530 (ms)
2026-07-03 13:46:48,246 [INFO] Pass: BasisTranslator - 0.43154 (ms)
2026-07-03 13:46:48,246 [INFO] Pass: Depth - 0.10467 (ms)
2026-07-03 13:46:48,246 [INFO] Pass: FixedPoint - 0.00811 (ms)
2026-07-03 13:46:48,246 [INFO] Pass: Size - 0.03576 (ms)
2026-07-03 13:46:48,246 [INFO] Pass: FixedPoint - 0.00453 (ms)
2026-07-03 13:46:48,246 [INFO] Pass: Optimize1qGatesDecomposition - 0.07176 (ms)
2026-07-03 13:46:48,246 [INFO] Pass: InverseCancellation - 0.00620 (ms)
2026-07-03 13:46:48,247 [INFO] Pass: GatesInBasis - 0.44370 (ms)
2026-07-03 13:46:48,247 [INFO] Pass: Depth - 0.09155 (ms)
2026-07-03 13:46:48,247 [INFO] Pass: FixedPoint - 0.00477 (ms)
2026-07-03 13:46:48,247 [INFO] Pass: Size - 0.03266 (ms)
2026-07-03 13:46:48,247 [INFO] Pass: FixedPoint - 0.00405 (ms)
2026-07-03 13:46:48,247 [INFO] Pass: ContainsInstruction - 0.00429 (ms)
2026-07-03 13:46:48,248 [INFO] Total Transpile Time - 62.92009 (ms)
2026-07-03 13:46:48,302 [INFO] Pass: ContainsInstruction - 0.00644 (ms)
2026-07-03 13:46:48,303 [INFO] Pass: InverseCancellation - 0.11849 (ms)
2026-07-03 13:46:48,303 [INFO] Pass: UnitarySynthesis - 0.00429 (ms)
2026-07-03 13:46:48,303 [INFO] Pass: HighLevelSynthesis - 0.79131 (ms)
2026-07-03 13:46:48,304 [INFO] Pass: BasisTranslator - 0.45466 (ms)
2026-07-03 13:46:48,304 [INFO] Pass: Depth - 0.10061 (ms)
2026-07-03 13:46:48,304 [INFO] Pass: FixedPoint - 0.00691 (ms)
2026-07-03 13:46:48,304 [INFO] Pass: Size - 0.03672 (ms)
2026-07-03 13:46:48,304 [INFO] Pass: FixedPoint - 0.00429 (ms)
2026-07-03 13:46:48,305 [INFO] Pass: Optimize1qGatesDecomposition - 0.84543 (ms)
2026-07-03 13:46:48,305 [INFO] Pass: InverseCancellation - 0.10562 (ms)
2026-07-03 13:46:48,306 [INFO] Pass: GatesInBasis - 0.45919 (ms)
2026-07-03 13:46:48,306 [INFO] Pass: Depth - 0.09704 (ms)
2026-07-03 13:46:48,306 [INFO] Pass: FixedPoint - 0.00501 (ms)
2026-07-03 13:46:48,306 [INFO] Pass: Size - 0.03576 (ms)
2026-07-03 13:46:48,306 [INFO] Pass: FixedPoint - 0.00429 (ms)
2026-07-03 13:46:48,306 [INFO] Pass: ContainsInstruction - 0.00453 (ms)
2026-07-03 13:46:48,307 [INFO] Total Transpile Time - 59.14044 (ms)
2026-07-03 13:46:48,362 [INFO] Pass: ContainsInstruction - 0.00644 (ms)
2026-07-03 13:46:48,362 [INFO] Pass: InverseCancellation - 0.12803 (ms)
2026-07-03 13:46:48,362 [INFO] Pass: UnitarySynthesis - 0.00381 (ms)
2026-07-03 13:46:48,363 [INFO] Pass: HighLevelSynthesis - 0.84710 (ms)
2026-07-03 13:46:48,363 [INFO] Pass: BasisTranslator - 0.50068 (ms)
2026-07-03 13:46:48,364 [INFO] Pass: Depth - 0.10562 (ms)
2026-07-03 13:46:48,364 [INFO] Pass: FixedPoint - 0.00644 (ms)
2026-07-03 13:46:48,364 [INFO] Pass: Size - 0.03815 (ms)
2026-07-03 13:46:48,364 [INFO] Pass: FixedPoint - 0.00429 (ms)
2026-07-03 13:46:48,365 [INFO] Pass: Optimize1qGatesDecomposition - 0.96774 (ms)
2026-07-03 13:46:48,365 [INFO] Pass: InverseCancellation - 0.00644 (ms)
2026-07-03 13:46:48,365 [INFO] Pass: GatesInBasis - 0.45443 (ms)
2026-07-03 13:46:48,365 [INFO] Pass: Depth - 0.10228 (ms)
2026-07-03 13:46:48,365 [INFO] Pass: FixedPoint - 0.00501 (ms)
2026-07-03 13:46:48,366 [INFO] Pass: Size - 0.03624 (ms)
2026-07-03 13:46:48,366 [INFO] Pass: FixedPoint - 0.00477 (ms)
2026-07-03 13:46:48,366 [INFO] Pass: Optimize1qGatesDecomposition - 0.81229 (ms)
2026-07-03 13:46:48,366 [INFO] Pass: InverseCancellation - 0.00572 (ms)
2026-07-03 13:46:48,367 [INFO] Pass: GatesInBasis - 0.45133 (ms)
2026-07-03 13:46:48,367 [INFO] Pass: Depth - 0.09513 (ms)
2026-07-03 13:46:48,367 [INFO] Pass: FixedPoint - 0.00477 (ms)
2026-07-03 13:46:48,367 [INFO] Pass: Size - 0.03505 (ms)
2026-07-03 13:46:48,367 [INFO] Pass: FixedPoint - 0.00405 (ms)
2026-07-03 13:46:48,367 [INFO] Pass: ContainsInstruction - 0.00453 (ms)
2026-07-03 13:46:48,368 [INFO] Total Transpile Time - 61.06901 (ms)
2026-07-03 14:05:30,355 [INFO] Pass: ContainsInstruction - 0.00858 (ms)
2026-07-03 14:05:30,355 [INFO] Pass: InverseCancellation - 0.01049 (ms)
2026-07-03 14:05:30,355 [INFO] Pass: UnitarySynthesis - 0.00429 (ms)
2026-07-03 14:05:30,356 [INFO] Pass: HighLevelSynthesis - 0.74506 (ms)
2026-07-03 14:05:30,356 [INFO] Pass: BasisTranslator - 0.42915 (ms)
2026-07-03 14:05:30,356 [INFO] Pass: Depth - 0.10824 (ms)
2026-07-03 14:05:30,356 [INFO] Pass: FixedPoint - 0.00763 (ms)
2026-07-03 14:05:30,357 [INFO] Pass: Size - 0.03576 (ms)
2026-07-03 14:05:30,357 [INFO] Pass: FixedPoint - 0.00477 (ms)
2026-07-03 14:05:30,357 [INFO] Pass: Optimize1qGatesDecomposition - 0.07391 (ms)
2026-07-03 14:05:30,357 [INFO] Pass: InverseCancellation - 0.00644 (ms)
2026-07-03 14:05:30,357 [INFO] Pass: GatesInBasis - 0.42033 (ms)
2026-07-03 14:05:30,357 [INFO] Pass: Depth - 0.09108 (ms)
2026-07-03 14:05:30,357 [INFO] Pass: FixedPoint - 0.00525 (ms)
2026-07-03 14:05:30,357 [INFO] Pass: Size - 0.03409 (ms)
2026-07-03 14:05:30,357 [INFO] Pass: FixedPoint - 0.00453 (ms)
2026-07-03 14:05:30,358 [INFO] Pass: ContainsInstruction - 0.00453 (ms)
2026-07-03 14:05:30,358 [INFO] Total Transpile Time - 60.14681 (ms)
2026-07-03 14:05:30,413 [INFO] Pass: ContainsInstruction - 0.00644 (ms)
2026-07-03 14:05:30,413 [INFO] Pass: InverseCancellation - 0.11563 (ms)
2026-07-03 14:05:30,413 [INFO] Pass: UnitarySynthesis - 0.00429 (ms)
2026-07-03 14:05:30,414 [INFO] Pass: HighLevelSynthesis - 0.80585 (ms)
2026-07-03 14:05:30,415 [INFO] Pass: BasisTranslator - 0.59295 (ms)
2026-07-03 14:05:30,415 [INFO] Pass: Depth - 0.10228 (ms)
2026-07-03 14:05:30,415 [INFO] Pass: FixedPoint - 0.00691 (ms)
2026-07-03 14:05:30,415 [INFO] Pass: Size - 0.03695 (ms)
2026-07-03 14:05:30,415 [INFO] Pass: FixedPoint - 0.00429 (ms)
2026-07-03 14:05:30,416 [INFO] Pass: Optimize1qGatesDecomposition - 0.85378 (ms)
2026-07-03 14:05:30,416 [INFO] Pass: InverseCancellation - 0.10157 (ms)
2026-07-03 14:05:30,417 [INFO] Pass: GatesInBasis - 0.46039 (ms)
2026-07-03 14:05:30,417 [INFO] Pass: Depth - 0.09775 (ms)
2026-07-03 14:05:30,417 [INFO] Pass: FixedPoint - 0.00501 (ms)
2026-07-03 14:05:30,417 [INFO] Pass: Size - 0.03576 (ms)
2026-07-03 14:05:30,417 [INFO] Pass: FixedPoint - 0.00405 (ms)
2026-07-03 14:05:30,417 [INFO] Pass: ContainsInstruction - 0.00453 (ms)
2026-07-03 14:05:30,418 [INFO] Total Transpile Time - 59.28826 (ms)
2026-07-03 14:05:30,473 [INFO] Pass: ContainsInstruction - 0.00620 (ms)
2026-07-03 14:05:30,473 [INFO] Pass: InverseCancellation - 0.11945 (ms)
2026-07-03 14:05:30,473 [INFO] Pass: UnitarySynthesis - 0.00453 (ms)
2026-07-03 14:05:30,474 [INFO] Pass: HighLevelSynthesis - 0.85139 (ms)
2026-07-03 14:05:30,474 [INFO] Pass: BasisTranslator - 0.62895 (ms)
2026-07-03 14:05:30,475 [INFO] Pass: Depth - 0.10848 (ms)
2026-07-03 14:05:30,475 [INFO] Pass: FixedPoint - 0.00691 (ms)
2026-07-03 14:05:30,475 [INFO] Pass: Size - 0.03910 (ms)
2026-07-03 14:05:30,475 [INFO] Pass: FixedPoint - 0.00429 (ms)
2026-07-03 14:05:30,476 [INFO] Pass: Optimize1qGatesDecomposition - 0.97227 (ms)
2026-07-03 14:05:30,476 [INFO] Pass: InverseCancellation - 0.00691 (ms)
2026-07-03 14:05:30,476 [INFO] Pass: GatesInBasis - 0.48447 (ms)
2026-07-03 14:05:30,477 [INFO] Pass: Depth - 0.09990 (ms)
2026-07-03 14:05:30,477 [INFO] Pass: FixedPoint - 0.00572 (ms)
2026-07-03 14:05:30,477 [INFO] Pass: Size - 0.03600 (ms)
2026-07-03 14:05:30,477 [INFO] Pass: FixedPoint - 0.00477 (ms)
2026-07-03 14:05:30,478 [INFO] Pass: Optimize1qGatesDecomposition - 0.81420 (ms)
2026-07-03 14:05:30,478 [INFO] Pass: InverseCancellation - 0.00620 (ms)
2026-07-03 14:05:30,478 [INFO] Pass: GatesInBasis - 0.47541 (ms)
2026-07-03 14:05:30,478 [INFO] Pass: Depth - 0.09584 (ms)
2026-07-03 14:05:30,478 [INFO] Pass: FixedPoint - 0.00525 (ms)
2026-07-03 14:05:30,478 [INFO] Pass: Size - 0.03576 (ms)
2026-07-03 14:05:30,478 [INFO] Pass: FixedPoint - 0.00405 (ms)
2026-07-03 14:05:30,478 [INFO] Pass: ContainsInstruction - 0.00501 (ms)
2026-07-03 14:05:30,479 [INFO] Total Transpile Time - 61.40280 (ms)
2026-07-03 14:24:13,991 [INFO] Pass: ContainsInstruction - 0.00834 (ms)
2026-07-03 14:24:13,991 [INFO] Pass: InverseCancellation - 0.01001 (ms)
2026-07-03 14:24:13,991 [INFO] Pass: UnitarySynthesis - 0.00453 (ms)
2026-07-03 14:24:13,992 [INFO] Pass: HighLevelSynthesis - 0.73147 (ms)
2026-07-03 14:24:13,992 [INFO] Pass: BasisTranslator - 0.54526 (ms)
2026-07-03 14:24:13,992 [INFO] Pass: Depth - 0.11039 (ms)
2026-07-03 14:24:13,992 [INFO] Pass: FixedPoint - 0.00787 (ms)
2026-07-03 14:24:13,993 [INFO] Pass: Size - 0.03624 (ms)
2026-07-03 14:24:13,993 [INFO] Pass: FixedPoint - 0.00405 (ms)
2026-07-03 14:24:13,993 [INFO] Pass: Optimize1qGatesDecomposition - 0.07248 (ms)
2026-07-03 14:24:13,993 [INFO] Pass: InverseCancellation - 0.00691 (ms)
2026-07-03 14:24:13,993 [INFO] Pass: GatesInBasis - 0.42224 (ms)
2026-07-03 14:24:13,993 [INFO] Pass: Depth - 0.09108 (ms)
2026-07-03 14:24:13,993 [INFO] Pass: FixedPoint - 0.00477 (ms)
2026-07-03 14:24:13,993 [INFO] Pass: Size - 0.03338 (ms)
2026-07-03 14:24:13,993 [INFO] Pass: FixedPoint - 0.00405 (ms)
2026-07-03 14:24:13,993 [INFO] Pass: ContainsInstruction - 0.00453 (ms)
2026-07-03 14:24:13,994 [INFO] Total Transpile Time - 59.96966 (ms)
2026-07-03 14:24:14,049 [INFO] Pass: ContainsInstruction - 0.00644 (ms)
2026-07-03 14:24:14,049 [INFO] Pass: InverseCancellation - 0.11420 (ms)
2026-07-03 14:24:14,049 [INFO] Pass: UnitarySynthesis - 0.00429 (ms)
2026-07-03 14:24:14,050 [INFO] Pass: HighLevelSynthesis - 0.78893 (ms)
2026-07-03 14:24:14,050 [INFO] Pass: BasisTranslator - 0.58842 (ms)
2026-07-03 14:24:14,051 [INFO] Pass: Depth - 0.10204 (ms)
2026-07-03 14:24:14,051 [INFO] Pass: FixedPoint - 0.00691 (ms)
2026-07-03 14:24:14,051 [INFO] Pass: Size - 0.03648 (ms)
2026-07-03 14:24:14,051 [INFO] Pass: FixedPoint - 0.00453 (ms)
2026-07-03 14:24:14,052 [INFO] Pass: Optimize1qGatesDecomposition - 0.85163 (ms)
2026-07-03 14:24:14,052 [INFO] Pass: InverseCancellation - 0.10204 (ms)
2026-07-03 14:24:14,052 [INFO] Pass: GatesInBasis - 0.47636 (ms)
2026-07-03 14:24:14,052 [INFO] Pass: Depth - 0.10133 (ms)
2026-07-03 14:24:14,052 [INFO] Pass: FixedPoint - 0.00525 (ms)
2026-07-03 14:24:14,053 [INFO] Pass: Size - 0.03695 (ms)
2026-07-03 14:24:14,053 [INFO] Pass: FixedPoint - 0.00405 (ms)
2026-07-03 14:24:14,053 [INFO] Pass: ContainsInstruction - 0.00453 (ms)
2026-07-03 14:24:14,053 [INFO] Total Transpile Time - 59.00335 (ms)
2026-07-03 14:24:14,108 [INFO] Pass: ContainsInstruction - 0.00620 (ms)
2026-07-03 14:24:14,108 [INFO] Pass: InverseCancellation - 0.12040 (ms)
2026-07-03 14:24:14,108 [INFO] Pass: UnitarySynthesis - 0.00405 (ms)
2026-07-03 14:24:14,109 [INFO] Pass: HighLevelSynthesis - 0.85354 (ms)
2026-07-03 14:24:14,110 [INFO] Pass: BasisTranslator - 0.62227 (ms)
2026-07-03 14:24:14,110 [INFO] Pass: Depth - 0.11134 (ms)
2026-07-03 14:24:14,110 [INFO] Pass: FixedPoint - 0.00691 (ms)
2026-07-03 14:24:14,110 [INFO] Pass: Size - 0.03910 (ms)
2026-07-03 14:24:14,110 [INFO] Pass: FixedPoint - 0.00453 (ms)
2026-07-03 14:24:14,111 [INFO] Pass: Optimize1qGatesDecomposition - 0.97203 (ms)
2026-07-03 14:24:14,111 [INFO] Pass: InverseCancellation - 0.00691 (ms)
2026-07-03 14:24:14,112 [INFO] Pass: GatesInBasis - 0.46492 (ms)
2026-07-03 14:24:14,112 [INFO] Pass: Depth - 0.09871 (ms)
2026-07-03 14:24:14,112 [INFO] Pass: FixedPoint - 0.00525 (ms)
2026-07-03 14:24:14,112 [INFO] Pass: Size - 0.03552 (ms)
2026-07-03 14:24:14,112 [INFO] Pass: FixedPoint - 0.00453 (ms)
2026-07-03 14:24:14,113 [INFO] Pass: Optimize1qGatesDecomposition - 0.81015 (ms)
2026-07-03 14:24:14,113 [INFO] Pass: InverseCancellation - 0.00644 (ms)
2026-07-03 14:24:14,113 [INFO] Pass: GatesInBasis - 0.47660 (ms)
2026-07-03 14:24:14,113 [INFO] Pass: Depth - 0.10204 (ms)
2026-07-03 14:24:14,113 [INFO] Pass: FixedPoint - 0.00501 (ms)
2026-07-03 14:24:14,114 [INFO] Pass: Size - 0.03600 (ms)
2026-07-03 14:24:14,114 [INFO] Pass: FixedPoint - 0.00405 (ms)
2026-07-03 14:24:14,114 [INFO] Pass: ContainsInstruction - 0.00453 (ms)
2026-07-03 14:24:14,114 [INFO] Total Transpile Time - 60.91452 (ms)
2026-07-03 14:42:47,488 [INFO] Pass: ContainsInstruction - 0.00763 (ms)
2026-07-03 14:42:47,488 [INFO] Pass: InverseCancellation - 0.01049 (ms)
2026-07-03 14:42:47,488 [INFO] Pass: UnitarySynthesis - 0.00477 (ms)
2026-07-03 14:42:47,489 [INFO] Pass: HighLevelSynthesis - 0.73624 (ms)
2026-07-03 14:42:47,489 [INFO] Pass: BasisTranslator - 0.43154 (ms)
2026-07-03 14:42:47,490 [INFO] Pass: Depth - 0.10324 (ms)
2026-07-03 14:42:47,490 [INFO] Pass: FixedPoint - 0.00739 (ms)
2026-07-03 14:42:47,490 [INFO] Pass: Size - 0.03576 (ms)
2026-07-03 14:42:47,490 [INFO] Pass: FixedPoint - 0.00429 (ms)
2026-07-03 14:42:47,490 [INFO] Pass: Optimize1qGatesDecomposition - 0.07367 (ms)
2026-07-03 14:42:47,490 [INFO] Pass: InverseCancellation - 0.00644 (ms)
2026-07-03 14:42:47,490 [INFO] Pass: GatesInBasis - 0.44346 (ms)
2026-07-03 14:42:47,490 [INFO] Pass: Depth - 0.09465 (ms)
2026-07-03 14:42:47,490 [INFO] Pass: FixedPoint - 0.00477 (ms)
2026-07-03 14:42:47,491 [INFO] Pass: Size - 0.03338 (ms)
2026-07-03 14:42:47,491 [INFO] Pass: FixedPoint - 0.00405 (ms)
2026-07-03 14:42:47,491 [INFO] Pass: ContainsInstruction - 0.00429 (ms)
2026-07-03 14:42:47,491 [INFO] Total Transpile Time - 59.39817 (ms)
2026-07-03 14:42:47,546 [INFO] Pass: ContainsInstruction - 0.00668 (ms)
2026-07-03 14:42:47,546 [INFO] Pass: InverseCancellation - 0.11802 (ms)
2026-07-03 14:42:47,546 [INFO] Pass: UnitarySynthesis - 0.00429 (ms)
2026-07-03 14:42:47,547 [INFO] Pass: HighLevelSynthesis - 0.79203 (ms)
2026-07-03 14:42:47,548 [INFO] Pass: BasisTranslator - 0.59295 (ms)
2026-07-03 14:42:47,548 [INFO] Pass: Depth - 0.10228 (ms)
2026-07-03 14:42:47,548 [INFO] Pass: FixedPoint - 0.00668 (ms)
2026-07-03 14:42:47,548 [INFO] Pass: Size - 0.03624 (ms)
2026-07-03 14:42:47,548 [INFO] Pass: FixedPoint - 0.00429 (ms)
2026-07-03 14:42:47,549 [INFO] Pass: Optimize1qGatesDecomposition - 0.85282 (ms)
2026-07-03 14:42:47,549 [INFO] Pass: InverseCancellation - 0.10085 (ms)
2026-07-03 14:42:47,550 [INFO] Pass: GatesInBasis - 0.47922 (ms)
2026-07-03 14:42:47,550 [INFO] Pass: Depth - 0.09680 (ms)
2026-07-03 14:42:47,550 [INFO] Pass: FixedPoint - 0.00548 (ms)
2026-07-03 14:42:47,550 [INFO] Pass: Size - 0.03576 (ms)
2026-07-03 14:42:47,550 [INFO] Pass: FixedPoint - 0.00429 (ms)
2026-07-03 14:42:47,550 [INFO] Pass: ContainsInstruction - 0.00453 (ms)
2026-07-03 14:42:47,551 [INFO] Total Transpile Time - 59.28302 (ms)
2026-07-03 14:42:47,605 [INFO] Pass: ContainsInstruction - 0.00596 (ms)
2026-07-03 14:42:47,605 [INFO] Pass: InverseCancellation - 0.11921 (ms)
2026-07-03 14:42:47,605 [INFO] Pass: UnitarySynthesis - 0.00429 (ms)
2026-07-03 14:42:47,606 [INFO] Pass: HighLevelSynthesis - 0.86093 (ms)
2026-07-03 14:42:47,607 [INFO] Pass: BasisTranslator - 0.61989 (ms)
2026-07-03 14:42:47,607 [INFO] Pass: Depth - 0.10681 (ms)
2026-07-03 14:42:47,607 [INFO] Pass: FixedPoint - 0.00691 (ms)
2026-07-03 14:42:47,607 [INFO] Pass: Size - 0.03839 (ms)
2026-07-03 14:42:47,607 [INFO] Pass: FixedPoint - 0.00453 (ms)
2026-07-03 14:42:47,608 [INFO] Pass: Optimize1qGatesDecomposition - 0.97466 (ms)
2026-07-03 14:42:47,608 [INFO] Pass: InverseCancellation - 0.00668 (ms)
2026-07-03 14:42:47,609 [INFO] Pass: GatesInBasis - 0.46301 (ms)
2026-07-03 14:42:47,609 [INFO] Pass: Depth - 0.09823 (ms)
2026-07-03 14:42:47,609 [INFO] Pass: FixedPoint - 0.00572 (ms)
2026-07-03 14:42:47,609 [INFO] Pass: Size - 0.03624 (ms)
2026-07-03 14:42:47,609 [INFO] Pass: FixedPoint - 0.00429 (ms)
2026-07-03 14:42:47,610 [INFO] Pass: Optimize1qGatesDecomposition - 0.81253 (ms)
2026-07-03 14:42:47,610 [INFO] Pass: InverseCancellation - 0.00596 (ms)
2026-07-03 14:42:47,610 [INFO] Pass: GatesInBasis - 0.47970 (ms)
2026-07-03 14:42:47,611 [INFO] Pass: Depth - 0.09632 (ms)
2026-07-03 14:42:47,611 [INFO] Pass: FixedPoint - 0.00477 (ms)
2026-07-03 14:42:47,611 [INFO] Pass: Size - 0.03529 (ms)
2026-07-03 14:42:47,611 [INFO] Pass: FixedPoint - 0.00405 (ms)
2026-07-03 14:42:47,611 [INFO] Pass: ContainsInstruction - 0.00477 (ms)
2026-07-03 14:42:47,612 [INFO] Total Transpile Time - 60.67920 (ms)
2026-07-03 15:01:29,566 [INFO] Pass: ContainsInstruction - 0.00834 (ms)
2026-07-03 15:01:29,567 [INFO] Pass: InverseCancellation - 0.01001 (ms)
2026-07-03 15:01:29,567 [INFO] Pass: UnitarySynthesis - 0.00429 (ms)
2026-07-03 15:01:29,567 [INFO] Pass: HighLevelSynthesis - 0.73385 (ms)
2026-07-03 15:01:29,568 [INFO] Pass: BasisTranslator - 0.43011 (ms)
2026-07-03 15:01:29,568 [INFO] Pass: Depth - 0.10586 (ms)
2026-07-03 15:01:29,568 [INFO] Pass: FixedPoint - 0.00787 (ms)
2026-07-03 15:01:29,568 [INFO] Pass: Size - 0.03529 (ms)
2026-07-03 15:01:29,568 [INFO] Pass: FixedPoint - 0.00429 (ms)
2026-07-03 15:01:29,568 [INFO] Pass: Optimize1qGatesDecomposition - 0.07391 (ms)
2026-07-03 15:01:29,568 [INFO] Pass: InverseCancellation - 0.00620 (ms)
2026-07-03 15:01:29,569 [INFO] Pass: GatesInBasis - 0.41604 (ms)
2026-07-03 15:01:29,569 [INFO] Pass: Depth - 0.09036 (ms)
2026-07-03 15:01:29,569 [INFO] Pass: FixedPoint - 0.00525 (ms)
2026-07-03 15:01:29,569 [INFO] Pass: Size - 0.03338 (ms)
2026-07-03 15:01:29,569 [INFO] Pass: FixedPoint - 0.00429 (ms)
2026-07-03 15:01:29,569 [INFO] Pass: ContainsInstruction - 0.00501 (ms)
2026-07-03 15:01:29,570 [INFO] Total Transpile Time - 59.32951 (ms)
2026-07-03 15:01:29,625 [INFO] Pass: ContainsInstruction - 0.00644 (ms)
2026-07-03 15:01:29,625 [INFO] Pass: InverseCancellation - 0.11563 (ms)
2026-07-03 15:01:29,625 [INFO] Pass: UnitarySynthesis - 0.00381 (ms)
2026-07-03 15:01:29,626 [INFO] Pass: HighLevelSynthesis - 0.80466 (ms)
2026-07-03 15:01:29,627 [INFO] Pass: BasisTranslator - 0.59581 (ms)
2026-07-03 15:01:29,627 [INFO] Pass: Depth - 0.10443 (ms)
2026-07-03 15:01:29,627 [INFO] Pass: FixedPoint - 0.00691 (ms)
2026-07-03 15:01:29,627 [INFO] Pass: Size - 0.03648 (ms)
2026-07-03 15:01:29,627 [INFO] Pass: FixedPoint - 0.00429 (ms)
2026-07-03 15:01:29,628 [INFO] Pass: Optimize1qGatesDecomposition - 0.85378 (ms)
2026-07-03 15:01:29,628 [INFO] Pass: InverseCancellation - 0.10252 (ms)
2026-07-03 15:01:29,628 [INFO] Pass: GatesInBasis - 0.47827 (ms)
2026-07-03 15:01:29,629 [INFO] Pass: Depth - 0.09751 (ms)
2026-07-03 15:01:29,629 [INFO] Pass: FixedPoint - 0.00525 (ms)
2026-07-03 15:01:29,629 [INFO] Pass: Size - 0.03576 (ms)
2026-07-03 15:01:29,629 [INFO] Pass: FixedPoint - 0.00429 (ms)
2026-07-03 15:01:29,629 [INFO] Pass: ContainsInstruction - 0.00405 (ms)
2026-07-03 15:01:29,629 [INFO] Total Transpile Time - 59.45182 (ms)
2026-07-03 15:01:29,684 [INFO] Pass: ContainsInstruction - 0.00620 (ms)
2026-07-03 15:01:29,684 [INFO] Pass: InverseCancellation - 0.12183 (ms)
2026-07-03 15:01:29,684 [INFO] Pass: UnitarySynthesis - 0.00429 (ms)
2026-07-03 15:01:29,685 [INFO] Pass: HighLevelSynthesis - 0.85211 (ms)
2026-07-03 15:01:29,686 [INFO] Pass: BasisTranslator - 0.62633 (ms)
2026-07-03 15:01:29,686 [INFO] Pass: Depth - 0.10753 (ms)
2026-07-03 15:01:29,686 [INFO] Pass: FixedPoint - 0.00668 (ms)
2026-07-03 15:01:29,686 [INFO] Pass: Size - 0.03862 (ms)
2026-07-03 15:01:29,686 [INFO] Pass: FixedPoint - 0.00429 (ms)
2026-07-03 15:01:29,687 [INFO] Pass: Optimize1qGatesDecomposition - 0.97227 (ms)
2026-07-03 15:01:29,687 [INFO] Pass: InverseCancellation - 0.00668 (ms)
2026-07-03 15:01:29,688 [INFO] Pass: GatesInBasis - 0.48304 (ms)
2026-07-03 15:01:29,688 [INFO] Pass: Depth - 0.09918 (ms)
2026-07-03 15:01:29,688 [INFO] Pass: FixedPoint - 0.00525 (ms)
2026-07-03 15:01:29,688 [INFO] Pass: Size - 0.03576 (ms)
2026-07-03 15:01:29,688 [INFO] Pass: FixedPoint - 0.00429 (ms)
2026-07-03 15:01:29,689 [INFO] Pass: Optimize1qGatesDecomposition - 0.81348 (ms)
2026-07-03 15:01:29,689 [INFO] Pass: InverseCancellation - 0.00548 (ms)
2026-07-03 15:01:29,689 [INFO] Pass: GatesInBasis - 0.47922 (ms)
2026-07-03 15:01:29,690 [INFO] Pass: Depth - 0.09632 (ms)
2026-07-03 15:01:29,690 [INFO] Pass: FixedPoint - 0.00477 (ms)
2026-07-03 15:01:29,690 [INFO] Pass: Size - 0.03552 (ms)
2026-07-03 15:01:29,690 [INFO] Pass: FixedPoint - 0.00429 (ms)
2026-07-03 15:01:29,690 [INFO] Pass: ContainsInstruction - 0.00453 (ms)
2026-07-03 15:01:29,691 [INFO] Total Transpile Time - 60.95123 (ms)
2026-07-03 15:20:10,184 [INFO] Pass: ContainsInstruction - 0.00763 (ms)
2026-07-03 15:20:10,184 [INFO] Pass: InverseCancellation - 0.00930 (ms)
2026-07-03 15:20:10,185 [INFO] Pass: UnitarySynthesis - 0.00453 (ms)
2026-07-03 15:20:10,185 [INFO] Pass: HighLevelSynthesis - 0.73409 (ms)
2026-07-03 15:20:10,186 [INFO] Pass: BasisTranslator - 0.54121 (ms)
2026-07-03 15:20:10,186 [INFO] Pass: Depth - 0.10610 (ms)
2026-07-03 15:20:10,186 [INFO] Pass: FixedPoint - 0.00763 (ms)
2026-07-03 15:20:10,186 [INFO] Pass: Size - 0.03529 (ms)
2026-07-03 15:20:10,186 [INFO] Pass: FixedPoint - 0.00429 (ms)
2026-07-03 15:20:10,186 [INFO] Pass: Optimize1qGatesDecomposition - 0.07248 (ms)
2026-07-03 15:20:10,186 [INFO] Pass: InverseCancellation - 0.00620 (ms)
2026-07-03 15:20:10,187 [INFO] Pass: GatesInBasis - 0.44513 (ms)
2026-07-03 15:20:10,187 [INFO] Pass: Depth - 0.08988 (ms)
2026-07-03 15:20:10,187 [INFO] Pass: FixedPoint - 0.00477 (ms)
2026-07-03 15:20:10,187 [INFO] Pass: Size - 0.03314 (ms)
2026-07-03 15:20:10,187 [INFO] Pass: FixedPoint - 0.00405 (ms)
2026-07-03 15:20:10,187 [INFO] Pass: ContainsInstruction - 0.00453 (ms)
2026-07-03 15:20:10,188 [INFO] Total Transpile Time - 59.32522 (ms)
2026-07-03 15:20:10,242 [INFO] Pass: ContainsInstruction - 0.00620 (ms)
2026-07-03 15:20:10,242 [INFO] Pass: InverseCancellation - 0.11992 (ms)
2026-07-03 15:20:10,243 [INFO] Pass: UnitarySynthesis - 0.00381 (ms)
2026-07-03 15:20:10,243 [INFO] Pass: HighLevelSynthesis - 0.80180 (ms)
2026-07-03 15:20:10,244 [INFO] Pass: BasisTranslator - 0.58556 (ms)
2026-07-03 15:20:10,244 [INFO] Pass: Depth - 0.10228 (ms)
2026-07-03 15:20:10,244 [INFO] Pass: FixedPoint - 0.00715 (ms)
2026-07-03 15:20:10,244 [INFO] Pass: Size - 0.03695 (ms)
2026-07-03 15:20:10,244 [INFO] Pass: FixedPoint - 0.00453 (ms)
2026-07-03 15:20:10,245 [INFO] Pass: Optimize1qGatesDecomposition - 0.85306 (ms)
2026-07-03 15:20:10,245 [INFO] Pass: InverseCancellation - 0.10610 (ms)
2026-07-03 15:20:10,246 [INFO] Pass: GatesInBasis - 0.47255 (ms)
2026-07-03 15:20:10,246 [INFO] Pass: Depth - 0.09680 (ms)
2026-07-03 15:20:10,246 [INFO] Pass: FixedPoint - 0.00525 (ms)
2026-07-03 15:20:10,246 [INFO] Pass: Size - 0.03576 (ms)
2026-07-03 15:20:10,246 [INFO] Pass: FixedPoint - 0.00405 (ms)
2026-07-03 15:20:10,246 [INFO] Pass: ContainsInstruction - 0.00453 (ms)
2026-07-03 15:20:10,247 [INFO] Total Transpile Time - 59.00764 (ms)
2026-07-03 15:20:10,302 [INFO] Pass: ContainsInstruction - 0.00620 (ms)
2026-07-03 15:20:10,302 [INFO] Pass: InverseCancellation - 0.12136 (ms)
2026-07-03 15:20:10,302 [INFO] Pass: UnitarySynthesis - 0.00429 (ms)
2026-07-03 15:20:10,303 [INFO] Pass: HighLevelSynthesis - 0.85545 (ms)
2026-07-03 15:20:10,303 [INFO] Pass: BasisTranslator - 0.61512 (ms)
2026-07-03 15:20:10,304 [INFO] Pass: Depth - 0.10800 (ms)
2026-07-03 15:20:10,304 [INFO] Pass: FixedPoint - 0.00668 (ms)
2026-07-03 15:20:10,304 [INFO] Pass: Size - 0.03910 (ms)
2026-07-03 15:20:10,304 [INFO] Pass: FixedPoint - 0.00453 (ms)
2026-07-03 15:20:10,305 [INFO] Pass: Optimize1qGatesDecomposition - 0.97108 (ms)
2026-07-03 15:20:10,305 [INFO] Pass: InverseCancellation - 0.00668 (ms)
2026-07-03 15:20:10,305 [INFO] Pass: GatesInBasis - 0.45609 (ms)
2026-07-03 15:20:10,305 [INFO] Pass: Depth - 0.10180 (ms)
2026-07-03 15:20:10,305 [INFO] Pass: FixedPoint - 0.00525 (ms)
2026-07-03 15:20:10,305 [INFO] Pass: Size - 0.03624 (ms)
2026-07-03 15:20:10,306 [INFO] Pass: FixedPoint - 0.00453 (ms)
2026-07-03 15:20:10,306 [INFO] Pass: Optimize1qGatesDecomposition - 0.80442 (ms)
2026-07-03 15:20:10,306 [INFO] Pass: InverseCancellation - 0.00644 (ms)
2026-07-03 15:20:10,307 [INFO] Pass: GatesInBasis - 0.45657 (ms)
2026-07-03 15:20:10,307 [INFO] Pass: Depth - 0.09751 (ms)
2026-07-03 15:20:10,307 [INFO] Pass: FixedPoint - 0.00525 (ms)
2026-07-03 15:20:10,307 [INFO] Pass: Size - 0.03576 (ms)
2026-07-03 15:20:10,307 [INFO] Pass: FixedPoint - 0.00405 (ms)
2026-07-03 15:20:10,307 [INFO] Pass: ContainsInstruction - 0.00477 (ms)
2026-07-03 15:20:10,308 [INFO] Total Transpile Time - 60.93550 (ms)
2026-07-03 15:38:48,828 [INFO] Pass: ContainsInstruction - 0.00763 (ms)
2026-07-03 15:38:48,829 [INFO] Pass: InverseCancellation - 0.00978 (ms)
2026-07-03 15:38:48,829 [INFO] Pass: UnitarySynthesis - 0.00405 (ms)
2026-07-03 15:38:48,830 [INFO] Pass: HighLevelSynthesis - 0.74172 (ms)
2026-07-03 15:38:48,830 [INFO] Pass: BasisTranslator - 0.42200 (ms)
2026-07-03 15:38:48,830 [INFO] Pass: Depth - 0.10276 (ms)
2026-07-03 15:38:48,830 [INFO] Pass: FixedPoint - 0.00763 (ms)
2026-07-03 15:38:48,830 [INFO] Pass: Size - 0.03529 (ms)
2026-07-03 15:38:48,830 [INFO] Pass: FixedPoint - 0.00453 (ms)
2026-07-03 15:38:48,830 [INFO] Pass: Optimize1qGatesDecomposition - 0.07176 (ms)
2026-07-03 15:38:48,831 [INFO] Pass: InverseCancellation - 0.00668 (ms)
2026-07-03 15:38:48,831 [INFO] Pass: GatesInBasis - 0.43893 (ms)
2026-07-03 15:38:48,831 [INFO] Pass: Depth - 0.08941 (ms)
2026-07-03 15:38:48,831 [INFO] Pass: FixedPoint - 0.00477 (ms)
2026-07-03 15:38:48,831 [INFO] Pass: Size - 0.03290 (ms)
2026-07-03 15:38:48,831 [INFO] Pass: FixedPoint - 0.00405 (ms)
2026-07-03 15:38:48,831 [INFO] Pass: ContainsInstruction - 0.00453 (ms)
2026-07-03 15:38:48,832 [INFO] Total Transpile Time - 58.94136 (ms)
2026-07-03 15:38:48,886 [INFO] Pass: ContainsInstruction - 0.00596 (ms)
2026-07-03 15:38:48,886 [INFO] Pass: InverseCancellation - 0.11349 (ms)
2026-07-03 15:38:48,886 [INFO] Pass: UnitarySynthesis - 0.00405 (ms)
2026-07-03 15:38:48,887 [INFO] Pass: HighLevelSynthesis - 0.79560 (ms)
2026-07-03 15:38:48,888 [INFO] Pass: BasisTranslator - 0.45276 (ms)
2026-07-03 15:38:48,888 [INFO] Pass: Depth - 0.09871 (ms)
2026-07-03 15:38:48,888 [INFO] Pass: FixedPoint - 0.00668 (ms)
2026-07-03 15:38:48,888 [INFO] Pass: Size - 0.03648 (ms)
2026-07-03 15:38:48,888 [INFO] Pass: FixedPoint - 0.00429 (ms)
2026-07-03 15:38:48,889 [INFO] Pass: Optimize1qGatesDecomposition - 0.83876 (ms)
2026-07-03 15:38:48,889 [INFO] Pass: InverseCancellation - 0.09990 (ms)
2026-07-03 15:38:48,890 [INFO] Pass: GatesInBasis - 0.45562 (ms)
2026-07-03 15:38:48,890 [INFO] Pass: Depth - 0.09847 (ms)
2026-07-03 15:38:48,890 [INFO] Pass: FixedPoint - 0.00525 (ms)
2026-07-03 15:38:48,890 [INFO] Pass: Size - 0.03505 (ms)
2026-07-03 15:38:48,890 [INFO] Pass: FixedPoint - 0.00453 (ms)
2026-07-03 15:38:48,890 [INFO] Pass: ContainsInstruction - 0.00453 (ms)
2026-07-03 15:38:48,891 [INFO] Total Transpile Time - 58.49004 (ms)
2026-07-03 15:38:48,945 [INFO] Pass: ContainsInstruction - 0.00620 (ms)
2026-07-03 15:38:48,945 [INFO] Pass: InverseCancellation - 0.11683 (ms)
2026-07-03 15:38:48,945 [INFO] Pass: UnitarySynthesis - 0.00429 (ms)
2026-07-03 15:38:48,946 [INFO] Pass: HighLevelSynthesis - 0.85330 (ms)
2026-07-03 15:38:48,946 [INFO] Pass: BasisTranslator - 0.49520 (ms)
2026-07-03 15:38:48,947 [INFO] Pass: Depth - 0.10514 (ms)
2026-07-03 15:38:48,947 [INFO] Pass: FixedPoint - 0.00668 (ms)
2026-07-03 15:38:48,947 [INFO] Pass: Size - 0.03815 (ms)
2026-07-03 15:38:48,947 [INFO] Pass: FixedPoint - 0.00453 (ms)
2026-07-03 15:38:48,948 [INFO] Pass: Optimize1qGatesDecomposition - 0.96703 (ms)
2026-07-03 15:38:48,948 [INFO] Pass: InverseCancellation - 0.00691 (ms)
2026-07-03 15:38:48,948 [INFO] Pass: GatesInBasis - 0.47779 (ms)
2026-07-03 15:38:48,948 [INFO] Pass: Depth - 0.10371 (ms)
2026-07-03 15:38:48,948 [INFO] Pass: FixedPoint - 0.00548 (ms)
2026-07-03 15:38:48,949 [INFO] Pass: Size - 0.03552 (ms)
2026-07-03 15:38:48,949 [INFO] Pass: FixedPoint - 0.00405 (ms)
2026-07-03 15:38:48,949 [INFO] Pass: Optimize1qGatesDecomposition - 0.81038 (ms)
2026-07-03 15:38:48,949 [INFO] Pass: InverseCancellation - 0.00620 (ms)
2026-07-03 15:38:48,950 [INFO] Pass: GatesInBasis - 0.47278 (ms)
2026-07-03 15:38:48,950 [INFO] Pass: Depth - 0.09489 (ms)
2026-07-03 15:38:48,950 [INFO] Pass: FixedPoint - 0.00501 (ms)
2026-07-03 15:38:48,950 [INFO] Pass: Size - 0.03552 (ms)
2026-07-03 15:38:48,950 [INFO] Pass: FixedPoint - 0.00405 (ms)
2026-07-03 15:38:48,950 [INFO] Pass: ContainsInstruction - 0.00453 (ms)
2026-07-03 15:38:48,951 [INFO] Total Transpile Time - 60.36854 (ms)
2026-07-03 15:57:32,756 [INFO] Pass: ContainsInstruction - 0.00906 (ms)
2026-07-03 15:57:32,756 [INFO] Pass: InverseCancellation - 0.00978 (ms)
2026-07-03 15:57:32,756 [INFO] Pass: UnitarySynthesis - 0.00405 (ms)
2026-07-03 15:57:32,757 [INFO] Pass: HighLevelSynthesis - 0.75579 (ms)
2026-07-03 15:57:32,757 [INFO] Pass: BasisTranslator - 0.54026 (ms)
2026-07-03 15:57:32,757 [INFO] Pass: Depth - 0.10610 (ms)
2026-07-03 15:57:32,758 [INFO] Pass: FixedPoint - 0.00787 (ms)
2026-07-03 15:57:32,758 [INFO] Pass: Size - 0.03529 (ms)
2026-07-03 15:57:32,758 [INFO] Pass: FixedPoint - 0.00453 (ms)
2026-07-03 15:57:32,758 [INFO] Pass: Optimize1qGatesDecomposition - 0.07272 (ms)
2026-07-03 15:57:32,758 [INFO] Pass: InverseCancellation - 0.00668 (ms)
2026-07-03 15:57:32,758 [INFO] Pass: GatesInBasis - 0.44394 (ms)
2026-07-03 15:57:32,758 [INFO] Pass: Depth - 0.09537 (ms)
2026-07-03 15:57:32,758 [INFO] Pass: FixedPoint - 0.00501 (ms)
2026-07-03 15:57:32,759 [INFO] Pass: Size - 0.03338 (ms)
2026-07-03 15:57:32,759 [INFO] Pass: FixedPoint - 0.00405 (ms)
2026-07-03 15:57:32,759 [INFO] Pass: ContainsInstruction - 0.00477 (ms)
2026-07-03 15:57:32,759 [INFO] Total Transpile Time - 59.28397 (ms)
2026-07-03 15:57:32,814 [INFO] Pass: ContainsInstruction - 0.00644 (ms)
2026-07-03 15:57:32,814 [INFO] Pass: InverseCancellation - 0.11587 (ms)
2026-07-03 15:57:32,814 [INFO] Pass: UnitarySynthesis - 0.00381 (ms)
2026-07-03 15:57:32,815 [INFO] Pass: HighLevelSynthesis - 0.79370 (ms)
2026-07-03 15:57:32,815 [INFO] Pass: BasisTranslator - 0.57697 (ms)
2026-07-03 15:57:32,815 [INFO] Pass: Depth - 0.10681 (ms)
2026-07-03 15:57:32,815 [INFO] Pass: FixedPoint - 0.00715 (ms)
2026-07-03 15:57:32,816 [INFO] Pass: Size - 0.03719 (ms)
2026-07-03 15:57:32,816 [INFO] Pass: FixedPoint - 0.00477 (ms)
2026-07-03 15:57:32,816 [INFO] Pass: Optimize1qGatesDecomposition - 0.85092 (ms)
2026-07-03 15:57:32,817 [INFO] Pass: InverseCancellation - 0.10228 (ms)
2026-07-03 15:57:32,817 [INFO] Pass: GatesInBasis - 0.47374 (ms)
2026-07-03 15:57:32,817 [INFO] Pass: Depth - 0.09799 (ms)
2026-07-03 15:57:32,817 [INFO] Pass: FixedPoint - 0.00525 (ms)
2026-07-03 15:57:32,817 [INFO] Pass: Size - 0.03624 (ms)
2026-07-03 15:57:32,817 [INFO] Pass: FixedPoint - 0.00453 (ms)
2026-07-03 15:57:32,817 [INFO] Pass: ContainsInstruction - 0.00453 (ms)
2026-07-03 15:57:32,818 [INFO] Total Transpile Time - 58.79307 (ms)
2026-07-03 15:57:32,873 [INFO] Pass: ContainsInstruction - 0.00668 (ms)
2026-07-03 15:57:32,873 [INFO] Pass: InverseCancellation - 0.11969 (ms)
2026-07-03 15:57:32,873 [INFO] Pass: UnitarySynthesis - 0.00381 (ms)
2026-07-03 15:57:32,874 [INFO] Pass: HighLevelSynthesis - 0.85831 (ms)
2026-07-03 15:57:32,874 [INFO] Pass: BasisTranslator - 0.62466 (ms)
2026-07-03 15:57:32,875 [INFO] Pass: Depth - 0.10777 (ms)
2026-07-03 15:57:32,875 [INFO] Pass: FixedPoint - 0.00715 (ms)
2026-07-03 15:57:32,875 [INFO] Pass: Size - 0.03862 (ms)
2026-07-03 15:57:32,875 [INFO] Pass: FixedPoint - 0.00477 (ms)
2026-07-03 15:57:32,876 [INFO] Pass: Optimize1qGatesDecomposition - 0.97275 (ms)
2026-07-03 15:57:32,876 [INFO] Pass: InverseCancellation - 0.00691 (ms)
2026-07-03 15:57:32,876 [INFO] Pass: GatesInBasis - 0.48018 (ms)
2026-07-03 15:57:32,876 [INFO] Pass: Depth - 0.10324 (ms)
2026-07-03 15:57:32,876 [INFO] Pass: FixedPoint - 0.00572 (ms)
2026-07-03 15:57:32,876 [INFO] Pass: Size - 0.03648 (ms)
2026-07-03 15:57:32,877 [INFO] Pass: FixedPoint - 0.00429 (ms)
2026-07-03 15:57:32,877 [INFO] Pass: Optimize1qGatesDecomposition - 0.81468 (ms)
2026-07-03 15:57:32,877 [INFO] Pass: InverseCancellation - 0.00644 (ms)
2026-07-03 15:57:32,878 [INFO] Pass: GatesInBasis - 0.47684 (ms)
2026-07-03 15:57:32,878 [INFO] Pass: Depth - 0.09799 (ms)
2026-07-03 15:57:32,878 [INFO] Pass: FixedPoint - 0.00477 (ms)
2026-07-03 15:57:32,878 [INFO] Pass: Size - 0.03743 (ms)
2026-07-03 15:57:32,878 [INFO] Pass: FixedPoint - 0.00429 (ms)
2026-07-03 15:57:32,878 [INFO] Pass: ContainsInstruction - 0.00501 (ms)
2026-07-03 15:57:32,879 [INFO] Total Transpile Time - 60.74500 (ms)
2026-07-03 16:16:12,822 [INFO] Pass: ContainsInstruction - 0.00787 (ms)
2026-07-03 16:16:12,822 [INFO] Pass: InverseCancellation - 0.00930 (ms)
2026-07-03 16:16:12,822 [INFO] Pass: UnitarySynthesis - 0.00405 (ms)
2026-07-03 16:16:12,823 [INFO] Pass: HighLevelSynthesis - 0.73814 (ms)
2026-07-03 16:16:12,824 [INFO] Pass: BasisTranslator - 0.43106 (ms)
2026-07-03 16:16:12,824 [INFO] Pass: Depth - 0.10514 (ms)
2026-07-03 16:16:12,824 [INFO] Pass: FixedPoint - 0.00787 (ms)
2026-07-03 16:16:12,824 [INFO] Pass: Size - 0.03552 (ms)
2026-07-03 16:16:12,824 [INFO] Pass: FixedPoint - 0.00453 (ms)
2026-07-03 16:16:12,824 [INFO] Pass: Optimize1qGatesDecomposition - 0.07534 (ms)
2026-07-03 16:16:12,824 [INFO] Pass: InverseCancellation - 0.00668 (ms)
2026-07-03 16:16:12,825 [INFO] Pass: GatesInBasis - 0.44894 (ms)
2026-07-03 16:16:12,825 [INFO] Pass: Depth - 0.09155 (ms)
2026-07-03 16:16:12,825 [INFO] Pass: FixedPoint - 0.00477 (ms)
2026-07-03 16:16:12,825 [INFO] Pass: Size - 0.03362 (ms)
2026-07-03 16:16:12,825 [INFO] Pass: FixedPoint - 0.00429 (ms)
2026-07-03 16:16:12,825 [INFO] Pass: ContainsInstruction - 0.00429 (ms)
2026-07-03 16:16:12,826 [INFO] Total Transpile Time - 59.32403 (ms)
2026-07-03 16:16:12,880 [INFO] Pass: ContainsInstruction - 0.00620 (ms)
2026-07-03 16:16:12,880 [INFO] Pass: InverseCancellation - 0.11349 (ms)
2026-07-03 16:16:12,880 [INFO] Pass: UnitarySynthesis - 0.00405 (ms)
2026-07-03 16:16:12,881 [INFO] Pass: HighLevelSynthesis - 0.80371 (ms)
2026-07-03 16:16:12,882 [INFO] Pass: BasisTranslator - 0.45991 (ms)
2026-07-03 16:16:12,882 [INFO] Pass: Depth - 0.10014 (ms)
2026-07-03 16:16:12,882 [INFO] Pass: FixedPoint - 0.00644 (ms)
2026-07-03 16:16:12,882 [INFO] Pass: Size - 0.03624 (ms)
2026-07-03 16:16:12,882 [INFO] Pass: FixedPoint - 0.00429 (ms)
2026-07-03 16:16:12,883 [INFO] Pass: Optimize1qGatesDecomposition - 0.85354 (ms)
2026-07-03 16:16:12,883 [INFO] Pass: InverseCancellation - 0.10324 (ms)
2026-07-03 16:16:12,884 [INFO] Pass: GatesInBasis - 0.46039 (ms)
2026-07-03 16:16:12,884 [INFO] Pass: Depth - 0.09680 (ms)
2026-07-03 16:16:12,884 [INFO] Pass: FixedPoint - 0.00548 (ms)
2026-07-03 16:16:12,884 [INFO] Pass: Size - 0.03552 (ms)
2026-07-03 16:16:12,884 [INFO] Pass: FixedPoint - 0.00429 (ms)
2026-07-03 16:16:12,884 [INFO] Pass: ContainsInstruction - 0.00429 (ms)
2026-07-03 16:16:12,885 [INFO] Total Transpile Time - 58.98976 (ms)
2026-07-03 16:16:12,939 [INFO] Pass: ContainsInstruction - 0.00668 (ms)
2026-07-03 16:16:12,939 [INFO] Pass: InverseCancellation - 0.11849 (ms)
2026-07-03 16:16:12,939 [INFO] Pass: UnitarySynthesis - 0.00381 (ms)
2026-07-03 16:16:12,940 [INFO] Pass: HighLevelSynthesis - 0.84805 (ms)
2026-07-03 16:16:12,941 [INFO] Pass: BasisTranslator - 0.62084 (ms)
2026-07-03 16:16:12,941 [INFO] Pass: Depth - 0.10777 (ms)
2026-07-03 16:16:12,941 [INFO] Pass: FixedPoint - 0.00668 (ms)
2026-07-03 16:16:12,941 [INFO] Pass: Size - 0.03839 (ms)
2026-07-03 16:16:12,941 [INFO] Pass: FixedPoint - 0.00429 (ms)
2026-07-03 16:16:12,942 [INFO] Pass: Optimize1qGatesDecomposition - 0.96965 (ms)
2026-07-03 16:16:12,942 [INFO] Pass: InverseCancellation - 0.00691 (ms)
2026-07-03 16:16:12,943 [INFO] Pass: GatesInBasis - 0.46134 (ms)
2026-07-03 16:16:12,943 [INFO] Pass: Depth - 0.09847 (ms)
2026-07-03 16:16:12,943 [INFO] Pass: FixedPoint - 0.00525 (ms)
2026-07-03 16:16:12,943 [INFO] Pass: Size - 0.03576 (ms)
2026-07-03 16:16:12,943 [INFO] Pass: FixedPoint - 0.00429 (ms)
2026-07-03 16:16:12,944 [INFO] Pass: Optimize1qGatesDecomposition - 0.81301 (ms)
2026-07-03 16:16:12,944 [INFO] Pass: InverseCancellation - 0.00596 (ms)
2026-07-03 16:16:12,944 [INFO] Pass: GatesInBasis - 0.47922 (ms)
2026-07-03 16:16:12,945 [INFO] Pass: Depth - 0.09561 (ms)
2026-07-03 16:16:12,945 [INFO] Pass: FixedPoint - 0.00501 (ms)
2026-07-03 16:16:12,945 [INFO] Pass: Size - 0.03529 (ms)
2026-07-03 16:16:12,945 [INFO] Pass: FixedPoint - 0.00405 (ms)
2026-07-03 16:16:12,945 [INFO] Pass: ContainsInstruction - 0.00453 (ms)
2026-07-03 16:16:12,946 [INFO] Total Transpile Time - 60.73928 (ms)
2026-07-03 16:34:50,239 [INFO] Pass: ContainsInstruction - 0.00811 (ms)
2026-07-03 16:34:50,239 [INFO] Pass: InverseCancellation - 0.00978 (ms)
2026-07-03 16:34:50,239 [INFO] Pass: UnitarySynthesis - 0.00429 (ms)
2026-07-03 16:34:50,240 [INFO] Pass: HighLevelSynthesis - 0.73862 (ms)
2026-07-03 16:34:50,240 [INFO] Pass: BasisTranslator - 0.42081 (ms)
2026-07-03 16:34:50,240 [INFO] Pass: Depth - 0.10991 (ms)
2026-07-03 16:34:50,240 [INFO] Pass: FixedPoint - 0.00739 (ms)
2026-07-03 16:34:50,241 [INFO] Pass: Size - 0.03600 (ms)
2026-07-03 16:34:50,241 [INFO] Pass: FixedPoint - 0.00453 (ms)
2026-07-03 16:34:50,241 [INFO] Pass: Optimize1qGatesDecomposition - 0.07510 (ms)
2026-07-03 16:34:50,241 [INFO] Pass: InverseCancellation - 0.00644 (ms)
2026-07-03 16:34:50,241 [INFO] Pass: GatesInBasis - 0.43893 (ms)
2026-07-03 16:34:50,241 [INFO] Pass: Depth - 0.09155 (ms)
2026-07-03 16:34:50,241 [INFO] Pass: FixedPoint - 0.00501 (ms)
2026-07-03 16:34:50,241 [INFO] Pass: Size - 0.03457 (ms)
2026-07-03 16:34:50,241 [INFO] Pass: FixedPoint - 0.00429 (ms)
2026-07-03 16:34:50,242 [INFO] Pass: ContainsInstruction - 0.00453 (ms)
2026-07-03 16:34:50,242 [INFO] Total Transpile Time - 59.53813 (ms)
2026-07-03 16:34:50,297 [INFO] Pass: ContainsInstruction - 0.00620 (ms)
2026-07-03 16:34:50,297 [INFO] Pass: InverseCancellation - 0.11897 (ms)
2026-07-03 16:34:50,297 [INFO] Pass: UnitarySynthesis - 0.00405 (ms)
2026-07-03 16:34:50,298 [INFO] Pass: HighLevelSynthesis - 0.79632 (ms)
2026-07-03 16:34:50,298 [INFO] Pass: BasisTranslator - 0.58436 (ms)
2026-07-03 16:34:50,299 [INFO] Pass: Depth - 0.10252 (ms)
2026-07-03 16:34:50,299 [INFO] Pass: FixedPoint - 0.00715 (ms)
2026-07-03 16:34:50,299 [INFO] Pass: Size - 0.03648 (ms)
2026-07-03 16:34:50,299 [INFO] Pass: FixedPoint - 0.00453 (ms)
2026-07-03 16:34:50,300 [INFO] Pass: Optimize1qGatesDecomposition - 0.85545 (ms)
2026-07-03 16:34:50,300 [INFO] Pass: InverseCancellation - 0.10252 (ms)
2026-07-03 16:34:50,300 [INFO] Pass: GatesInBasis - 0.46134 (ms)
2026-07-03 16:34:50,300 [INFO] Pass: Depth - 0.10061 (ms)
2026-07-03 16:34:50,300 [INFO] Pass: FixedPoint - 0.00572 (ms)
2026-07-03 16:34:50,301 [INFO] Pass: Size - 0.03552 (ms)
2026-07-03 16:34:50,301 [INFO] Pass: FixedPoint - 0.00405 (ms)
2026-07-03 16:34:50,301 [INFO] Pass: ContainsInstruction - 0.00453 (ms)
2026-07-03 16:34:50,301 [INFO] Total Transpile Time - 59.02815 (ms)
2026-07-03 16:34:50,356 [INFO] Pass: ContainsInstruction - 0.00620 (ms)
2026-07-03 16:34:50,356 [INFO] Pass: InverseCancellation - 0.12088 (ms)
2026-07-03 16:34:50,356 [INFO] Pass: UnitarySynthesis - 0.00358 (ms)
2026-07-03 16:34:50,357 [INFO] Pass: HighLevelSynthesis - 0.84567 (ms)
2026-07-03 16:34:50,358 [INFO] Pass: BasisTranslator - 0.76604 (ms)
2026-07-03 16:34:50,358 [INFO] Pass: Depth - 0.10896 (ms)
2026-07-03 16:34:50,358 [INFO] Pass: FixedPoint - 0.00691 (ms)
2026-07-03 16:34:50,358 [INFO] Pass: Size - 0.03910 (ms)
2026-07-03 16:34:50,358 [INFO] Pass: FixedPoint - 0.00405 (ms)
2026-07-03 16:34:50,359 [INFO] Pass: Optimize1qGatesDecomposition - 0.97680 (ms)
2026-07-03 16:34:50,359 [INFO] Pass: InverseCancellation - 0.00644 (ms)
2026-07-03 16:34:50,360 [INFO] Pass: GatesInBasis - 0.48590 (ms)
2026-07-03 16:34:50,360 [INFO] Pass: Depth - 0.09990 (ms)
2026-07-03 16:34:50,360 [INFO] Pass: FixedPoint - 0.00548 (ms)
2026-07-03 16:34:50,360 [INFO] Pass: Size - 0.03576 (ms)
2026-07-03 16:34:50,360 [INFO] Pass: FixedPoint - 0.00405 (ms)
2026-07-03 16:34:50,361 [INFO] Pass: Optimize1qGatesDecomposition - 0.82135 (ms)
2026-07-03 16:34:50,361 [INFO] Pass: InverseCancellation - 0.00644 (ms)
2026-07-03 16:34:50,361 [INFO] Pass: GatesInBasis - 0.47421 (ms)
2026-07-03 16:34:50,361 [INFO] Pass: Depth - 0.09656 (ms)
2026-07-03 16:34:50,361 [INFO] Pass: FixedPoint - 0.00501 (ms)
2026-07-03 16:34:50,361 [INFO] Pass: Size - 0.03529 (ms)
2026-07-03 16:34:50,361 [INFO] Pass: FixedPoint - 0.00405 (ms)
2026-07-03 16:34:50,362 [INFO] Pass: ContainsInstruction - 0.00477 (ms)
2026-07-03 16:34:50,362 [INFO] Total Transpile Time - 60.80937 (ms)
2026-07-03 16:53:47,052 [INFO] Pass: ContainsInstruction - 0.00811 (ms)
2026-07-03 16:53:47,052 [INFO] Pass: InverseCancellation - 0.00930 (ms)
2026-07-03 16:53:47,052 [INFO] Pass: UnitarySynthesis - 0.00405 (ms)
2026-07-03 16:53:47,053 [INFO] Pass: HighLevelSynthesis - 0.73171 (ms)
2026-07-03 16:53:47,054 [INFO] Pass: BasisTranslator - 0.55480 (ms)
2026-07-03 16:53:47,054 [INFO] Pass: Depth - 0.10753 (ms)
2026-07-03 16:53:47,054 [INFO] Pass: FixedPoint - 0.00763 (ms)
2026-07-03 16:53:47,054 [INFO] Pass: Size - 0.03648 (ms)
2026-07-03 16:53:47,054 [INFO] Pass: FixedPoint - 0.00477 (ms)
2026-07-03 16:53:47,054 [INFO] Pass: Optimize1qGatesDecomposition - 0.07606 (ms)
2026-07-03 16:53:47,054 [INFO] Pass: InverseCancellation - 0.00620 (ms)
2026-07-03 16:53:47,055 [INFO] Pass: GatesInBasis - 0.44799 (ms)
2026-07-03 16:53:47,055 [INFO] Pass: Depth - 0.09346 (ms)
2026-07-03 16:53:47,055 [INFO] Pass: FixedPoint - 0.00525 (ms)
2026-07-03 16:53:47,055 [INFO] Pass: Size - 0.03481 (ms)
2026-07-03 16:53:47,055 [INFO] Pass: FixedPoint - 0.00405 (ms)
2026-07-03 16:53:47,055 [INFO] Pass: ContainsInstruction - 0.00429 (ms)
2026-07-03 16:53:47,056 [INFO] Total Transpile Time - 59.66663 (ms)
2026-07-03 16:53:47,110 [INFO] Pass: ContainsInstruction - 0.00644 (ms)
2026-07-03 16:53:47,110 [INFO] Pass: InverseCancellation - 0.11611 (ms)
2026-07-03 16:53:47,110 [INFO] Pass: UnitarySynthesis - 0.00429 (ms)
2026-07-03 16:53:47,111 [INFO] Pass: HighLevelSynthesis - 0.78583 (ms)
2026-07-03 16:53:47,112 [INFO] Pass: BasisTranslator - 0.58651 (ms)
2026-07-03 16:53:47,112 [INFO] Pass: Depth - 0.10347 (ms)
2026-07-03 16:53:47,112 [INFO] Pass: FixedPoint - 0.00691 (ms)
2026-07-03 16:53:47,112 [INFO] Pass: Size - 0.03815 (ms)
2026-07-03 16:53:47,112 [INFO] Pass: FixedPoint - 0.00429 (ms)
2026-07-03 16:53:47,113 [INFO] Pass: Optimize1qGatesDecomposition - 0.85545 (ms)
2026-07-03 16:53:47,113 [INFO] Pass: InverseCancellation - 0.10061 (ms)
2026-07-03 16:53:47,114 [INFO] Pass: GatesInBasis - 0.45466 (ms)
2026-07-03 16:53:47,114 [INFO] Pass: Depth - 0.09847 (ms)
2026-07-03 16:53:47,114 [INFO] Pass: FixedPoint - 0.00501 (ms)
2026-07-03 16:53:47,114 [INFO] Pass: Size - 0.03624 (ms)
2026-07-03 16:53:47,114 [INFO] Pass: FixedPoint - 0.00381 (ms)
2026-07-03 16:53:47,114 [INFO] Pass: ContainsInstruction - 0.00453 (ms)
2026-07-03 16:53:47,115 [INFO] Total Transpile Time - 58.84838 (ms)
2026-07-03 16:53:47,169 [INFO] Pass: ContainsInstruction - 0.00596 (ms)
2026-07-03 16:53:47,169 [INFO] Pass: InverseCancellation - 0.12064 (ms)
2026-07-03 16:53:47,169 [INFO] Pass: UnitarySynthesis - 0.00381 (ms)
2026-07-03 16:53:47,170 [INFO] Pass: HighLevelSynthesis - 0.83709 (ms)
2026-07-03 16:53:47,171 [INFO] Pass: BasisTranslator - 0.62847 (ms)
2026-07-03 16:53:47,171 [INFO] Pass: Depth - 0.10896 (ms)
2026-07-03 16:53:47,171 [INFO] Pass: FixedPoint - 0.00715 (ms)
2026-07-03 16:53:47,171 [INFO] Pass: Size - 0.03910 (ms)
2026-07-03 16:53:47,171 [INFO] Pass: FixedPoint - 0.00453 (ms)
2026-07-03 16:53:47,172 [INFO] Pass: Optimize1qGatesDecomposition - 0.97394 (ms)
2026-07-03 16:53:47,172 [INFO] Pass: InverseCancellation - 0.00691 (ms)
2026-07-03 16:53:47,173 [INFO] Pass: GatesInBasis - 0.45443 (ms)
2026-07-03 16:53:47,173 [INFO] Pass: Depth - 0.09990 (ms)
2026-07-03 16:53:47,173 [INFO] Pass: FixedPoint - 0.00548 (ms)
2026-07-03 16:53:47,173 [INFO] Pass: Size - 0.03624 (ms)
2026-07-03 16:53:47,173 [INFO] Pass: FixedPoint - 0.00453 (ms)
2026-07-03 16:53:47,174 [INFO] Pass: Optimize1qGatesDecomposition - 0.82040 (ms)
2026-07-03 16:53:47,174 [INFO] Pass: InverseCancellation - 0.00644 (ms)
2026-07-03 16:53:47,175 [INFO] Pass: GatesInBasis - 0.47755 (ms)
2026-07-03 16:53:47,175 [INFO] Pass: Depth - 0.09584 (ms)
2026-07-03 16:53:47,175 [INFO] Pass: FixedPoint - 0.00501 (ms)
2026-07-03 16:53:47,175 [INFO] Pass: Size - 0.03529 (ms)
2026-07-03 16:53:47,175 [INFO] Pass: FixedPoint - 0.00381 (ms)
2026-07-03 16:53:47,175 [INFO] Pass: ContainsInstruction - 0.00429 (ms)
2026-07-03 16:53:47,176 [INFO] Total Transpile Time - 60.78601 (ms)
2026-07-03 17:12:28,504 [INFO] Pass: ContainsInstruction - 0.00787 (ms)
2026-07-03 17:12:28,505 [INFO] Pass: InverseCancellation - 0.00954 (ms)
2026-07-03 17:12:28,505 [INFO] Pass: UnitarySynthesis - 0.00477 (ms)
2026-07-03 17:12:28,505 [INFO] Pass: HighLevelSynthesis - 0.73814 (ms)
2026-07-03 17:12:28,506 [INFO] Pass: BasisTranslator - 0.42033 (ms)
2026-07-03 17:12:28,506 [INFO] Pass: Depth - 0.10657 (ms)
2026-07-03 17:12:28,506 [INFO] Pass: FixedPoint - 0.00763 (ms)
2026-07-03 17:12:28,506 [INFO] Pass: Size - 0.03552 (ms)
2026-07-03 17:12:28,506 [INFO] Pass: FixedPoint - 0.00477 (ms)
2026-07-03 17:12:28,506 [INFO] Pass: Optimize1qGatesDecomposition - 0.07439 (ms)
2026-07-03 17:12:28,506 [INFO] Pass: InverseCancellation - 0.00596 (ms)
2026-07-03 17:12:28,507 [INFO] Pass: GatesInBasis - 0.42224 (ms)
2026-07-03 17:12:28,507 [INFO] Pass: Depth - 0.09108 (ms)
2026-07-03 17:12:28,507 [INFO] Pass: FixedPoint - 0.00501 (ms)
2026-07-03 17:12:28,507 [INFO] Pass: Size - 0.03386 (ms)
2026-07-03 17:12:28,507 [INFO] Pass: FixedPoint - 0.00429 (ms)
2026-07-03 17:12:28,507 [INFO] Pass: ContainsInstruction - 0.00453 (ms)
2026-07-03 17:12:28,508 [INFO] Total Transpile Time - 59.10873 (ms)
2026-07-03 17:12:28,562 [INFO] Pass: ContainsInstruction - 0.00644 (ms)
2026-07-03 17:12:28,562 [INFO] Pass: InverseCancellation - 0.11897 (ms)
2026-07-03 17:12:28,562 [INFO] Pass: UnitarySynthesis - 0.00381 (ms)
2026-07-03 17:12:28,563 [INFO] Pass: HighLevelSynthesis - 0.78082 (ms)
2026-07-03 17:12:28,564 [INFO] Pass: BasisTranslator - 0.58103 (ms)
2026-07-03 17:12:28,564 [INFO] Pass: Depth - 0.10300 (ms)
2026-07-03 17:12:28,564 [INFO] Pass: FixedPoint - 0.00715 (ms)
2026-07-03 17:12:28,564 [INFO] Pass: Size - 0.03695 (ms)
2026-07-03 17:12:28,564 [INFO] Pass: FixedPoint - 0.00453 (ms)
2026-07-03 17:12:28,565 [INFO] Pass: Optimize1qGatesDecomposition - 0.85664 (ms)
2026-07-03 17:12:28,565 [INFO] Pass: InverseCancellation - 0.10180 (ms)
2026-07-03 17:12:28,566 [INFO] Pass: GatesInBasis - 0.47779 (ms)
2026-07-03 17:12:28,566 [INFO] Pass: Depth - 0.09775 (ms)
2026-07-03 17:12:28,566 [INFO] Pass: FixedPoint - 0.00548 (ms)
2026-07-03 17:12:28,566 [INFO] Pass: Size - 0.03576 (ms)
2026-07-03 17:12:28,566 [INFO] Pass: FixedPoint - 0.00405 (ms)
2026-07-03 17:12:28,566 [INFO] Pass: ContainsInstruction - 0.00477 (ms)
2026-07-03 17:12:28,567 [INFO] Total Transpile Time - 58.83813 (ms)
2026-07-03 17:12:28,621 [INFO] Pass: ContainsInstruction - 0.00620 (ms)
2026-07-03 17:12:28,621 [INFO] Pass: InverseCancellation - 0.11921 (ms)
2026-07-03 17:12:28,621 [INFO] Pass: UnitarySynthesis - 0.00405 (ms)
2026-07-03 17:12:28,622 [INFO] Pass: HighLevelSynthesis - 0.85473 (ms)
2026-07-03 17:12:28,623 [INFO] Pass: BasisTranslator - 0.76437 (ms)
2026-07-03 17:12:28,623 [INFO] Pass: Depth - 0.11110 (ms)
2026-07-03 17:12:28,623 [INFO] Pass: FixedPoint - 0.00715 (ms)
2026-07-03 17:12:28,623 [INFO] Pass: Size - 0.03958 (ms)
2026-07-03 17:12:28,623 [INFO] Pass: FixedPoint - 0.00429 (ms)
2026-07-03 17:12:28,624 [INFO] Pass: Optimize1qGatesDecomposition - 0.97704 (ms)
2026-07-03 17:12:28,624 [INFO] Pass: InverseCancellation - 0.00715 (ms)
2026-07-03 17:12:28,625 [INFO] Pass: GatesInBasis - 0.48757 (ms)
2026-07-03 17:12:28,625 [INFO] Pass: Depth - 0.09918 (ms)
2026-07-03 17:12:28,625 [INFO] Pass: FixedPoint - 0.00501 (ms)
2026-07-03 17:12:28,625 [INFO] Pass: Size - 0.03624 (ms)
2026-07-03 17:12:28,625 [INFO] Pass: FixedPoint - 0.00429 (ms)
2026-07-03 17:12:28,626 [INFO] Pass: Optimize1qGatesDecomposition - 0.81134 (ms)
2026-07-03 17:12:28,626 [INFO] Pass: InverseCancellation - 0.00644 (ms)
2026-07-03 17:12:28,626 [INFO] Pass: GatesInBasis - 0.48137 (ms)
2026-07-03 17:12:28,627 [INFO] Pass: Depth - 0.09632 (ms)
2026-07-03 17:12:28,627 [INFO] Pass: FixedPoint - 0.00501 (ms)
2026-07-03 17:12:28,627 [INFO] Pass: Size - 0.03505 (ms)
2026-07-03 17:12:28,627 [INFO] Pass: FixedPoint - 0.00405 (ms)
2026-07-03 17:12:28,627 [INFO] Pass: ContainsInstruction - 0.00477 (ms)
2026-07-03 17:12:28,628 [INFO] Total Transpile Time - 60.66155 (ms)
2026-07-03 17:31:09,007 [INFO] Pass: ContainsInstruction - 0.00834 (ms)
2026-07-03 17:31:09,007 [INFO] Pass: InverseCancellation - 0.00954 (ms)
2026-07-03 17:31:09,007 [INFO] Pass: UnitarySynthesis - 0.00429 (ms)
2026-07-03 17:31:09,008 [INFO] Pass: HighLevelSynthesis - 0.73957 (ms)
2026-07-03 17:31:09,009 [INFO] Pass: BasisTranslator - 0.55671 (ms)
2026-07-03 17:31:09,009 [INFO] Pass: Depth - 0.10538 (ms)
2026-07-03 17:31:09,009 [INFO] Pass: FixedPoint - 0.00787 (ms)
2026-07-03 17:31:09,009 [INFO] Pass: Size - 0.03576 (ms)
2026-07-03 17:31:09,009 [INFO] Pass: FixedPoint - 0.00453 (ms)
2026-07-03 17:31:09,009 [INFO] Pass: Optimize1qGatesDecomposition - 0.07343 (ms)
2026-07-03 17:31:09,009 [INFO] Pass: InverseCancellation - 0.00668 (ms)
2026-07-03 17:31:09,010 [INFO] Pass: GatesInBasis - 0.44417 (ms)
2026-07-03 17:31:09,010 [INFO] Pass: Depth - 0.09012 (ms)
2026-07-03 17:31:09,010 [INFO] Pass: FixedPoint - 0.00501 (ms)
2026-07-03 17:31:09,010 [INFO] Pass: Size - 0.03362 (ms)
2026-07-03 17:31:09,010 [INFO] Pass: FixedPoint - 0.00429 (ms)
2026-07-03 17:31:09,010 [INFO] Pass: ContainsInstruction - 0.00477 (ms)
2026-07-03 17:31:09,011 [INFO] Total Transpile Time - 58.83622 (ms)
2026-07-03 17:31:09,064 [INFO] Pass: ContainsInstruction - 0.00668 (ms)
2026-07-03 17:31:09,064 [INFO] Pass: InverseCancellation - 0.12016 (ms)
2026-07-03 17:31:09,064 [INFO] Pass: UnitarySynthesis - 0.00381 (ms)
2026-07-03 17:31:09,065 [INFO] Pass: HighLevelSynthesis - 0.78106 (ms)
2026-07-03 17:31:09,066 [INFO] Pass: BasisTranslator - 0.58198 (ms)
2026-07-03 17:31:09,066 [INFO] Pass: Depth - 0.10252 (ms)
2026-07-03 17:31:09,066 [INFO] Pass: FixedPoint - 0.00668 (ms)
2026-07-03 17:31:09,066 [INFO] Pass: Size - 0.03672 (ms)
2026-07-03 17:31:09,066 [INFO] Pass: FixedPoint - 0.00453 (ms)
2026-07-03 17:31:09,067 [INFO] Pass: Optimize1qGatesDecomposition - 0.84424 (ms)
2026-07-03 17:31:09,067 [INFO] Pass: InverseCancellation - 0.10109 (ms)
2026-07-03 17:31:09,068 [INFO] Pass: GatesInBasis - 0.47469 (ms)
2026-07-03 17:31:09,068 [INFO] Pass: Depth - 0.09608 (ms)
2026-07-03 17:31:09,068 [INFO] Pass: FixedPoint - 0.00548 (ms)
2026-07-03 17:31:09,068 [INFO] Pass: Size - 0.03552 (ms)
2026-07-03 17:31:09,068 [INFO] Pass: FixedPoint - 0.00453 (ms)
2026-07-03 17:31:09,068 [INFO] Pass: ContainsInstruction - 0.00429 (ms)
2026-07-03 17:31:09,069 [INFO] Total Transpile Time - 58.14362 (ms)
2026-07-03 17:31:09,123 [INFO] Pass: ContainsInstruction - 0.00620 (ms)
2026-07-03 17:31:09,123 [INFO] Pass: InverseCancellation - 0.11969 (ms)
2026-07-03 17:31:09,123 [INFO] Pass: UnitarySynthesis - 0.00405 (ms)
2026-07-03 17:31:09,124 [INFO] Pass: HighLevelSynthesis - 0.84829 (ms)
2026-07-03 17:31:09,125 [INFO] Pass: BasisTranslator - 0.61703 (ms)
2026-07-03 17:31:09,125 [INFO] Pass: Depth - 0.10800 (ms)
2026-07-03 17:31:09,125 [INFO] Pass: FixedPoint - 0.00668 (ms)
2026-07-03 17:31:09,125 [INFO] Pass: Size - 0.03862 (ms)
2026-07-03 17:31:09,125 [INFO] Pass: FixedPoint - 0.00477 (ms)
2026-07-03 17:31:09,126 [INFO] Pass: Optimize1qGatesDecomposition - 0.96560 (ms)
2026-07-03 17:31:09,126 [INFO] Pass: InverseCancellation - 0.00691 (ms)
2026-07-03 17:31:09,126 [INFO] Pass: GatesInBasis - 0.46325 (ms)
2026-07-03 17:31:09,127 [INFO] Pass: Depth - 0.09966 (ms)
2026-07-03 17:31:09,127 [INFO] Pass: FixedPoint - 0.00525 (ms)
2026-07-03 17:31:09,127 [INFO] Pass: Size - 0.03529 (ms)
2026-07-03 17:31:09,127 [INFO] Pass: FixedPoint - 0.00405 (ms)
2026-07-03 17:31:09,128 [INFO] Pass: Optimize1qGatesDecomposition - 0.81420 (ms)
2026-07-03 17:31:09,128 [INFO] Pass: InverseCancellation - 0.00596 (ms)
2026-07-03 17:31:09,128 [INFO] Pass: GatesInBasis - 0.47517 (ms)
2026-07-03 17:31:09,128 [INFO] Pass: Depth - 0.09632 (ms)
2026-07-03 17:31:09,128 [INFO] Pass: FixedPoint - 0.00882 (ms)
2026-07-03 17:31:09,128 [INFO] Pass: Size - 0.03600 (ms)
2026-07-03 17:31:09,128 [INFO] Pass: FixedPoint - 0.00405 (ms)
2026-07-03 17:31:09,129 [INFO] Pass: ContainsInstruction - 0.00453 (ms)
2026-07-03 17:31:09,129 [INFO] Total Transpile Time - 60.32896 (ms)
2026-07-03 17:49:49,284 [INFO] Pass: ContainsInstruction - 0.00834 (ms)
2026-07-03 17:49:49,284 [INFO] Pass: InverseCancellation - 0.00906 (ms)
2026-07-03 17:49:49,284 [INFO] Pass: UnitarySynthesis - 0.00405 (ms)
2026-07-03 17:49:49,285 [INFO] Pass: HighLevelSynthesis - 0.73457 (ms)
2026-07-03 17:49:49,286 [INFO] Pass: BasisTranslator - 0.42248 (ms)
2026-07-03 17:49:49,286 [INFO] Pass: Depth - 0.10443 (ms)
2026-07-03 17:49:49,286 [INFO] Pass: FixedPoint - 0.00763 (ms)
2026-07-03 17:49:49,286 [INFO] Pass: Size - 0.03505 (ms)
2026-07-03 17:49:49,286 [INFO] Pass: FixedPoint - 0.00477 (ms)
2026-07-03 17:49:49,286 [INFO] Pass: Optimize1qGatesDecomposition - 0.07224 (ms)
2026-07-03 17:49:49,286 [INFO] Pass: InverseCancellation - 0.00596 (ms)
2026-07-03 17:49:49,287 [INFO] Pass: GatesInBasis - 0.44322 (ms)
2026-07-03 17:49:49,287 [INFO] Pass: Depth - 0.09155 (ms)
2026-07-03 17:49:49,287 [INFO] Pass: FixedPoint - 0.00501 (ms)
2026-07-03 17:49:49,287 [INFO] Pass: Size - 0.03338 (ms)
2026-07-03 17:49:49,287 [INFO] Pass: FixedPoint - 0.00429 (ms)
2026-07-03 17:49:49,287 [INFO] Pass: ContainsInstruction - 0.00525 (ms)
2026-07-03 17:49:49,288 [INFO] Total Transpile Time - 59.11684 (ms)
2026-07-03 17:49:49,453 [INFO] Pass: ContainsInstruction - 0.00763 (ms)
2026-07-03 17:49:49,454 [INFO] Pass: InverseCancellation - 0.11921 (ms)
2026-07-03 17:49:49,454 [INFO] Pass: UnitarySynthesis - 0.00405 (ms)
2026-07-03 17:49:49,455 [INFO] Pass: HighLevelSynthesis - 0.80609 (ms)
2026-07-03 17:49:49,455 [INFO] Pass: BasisTranslator - 0.46039 (ms)
2026-07-03 17:49:49,455 [INFO] Pass: Depth - 0.10276 (ms)
2026-07-03 17:49:49,455 [INFO] Pass: FixedPoint - 0.00691 (ms)
2026-07-03 17:49:49,455 [INFO] Pass: Size - 0.03672 (ms)
2026-07-03 17:49:49,455 [INFO] Pass: FixedPoint - 0.00453 (ms)
2026-07-03 17:49:49,456 [INFO] Pass: Optimize1qGatesDecomposition - 0.83160 (ms)
2026-07-03 17:49:49,456 [INFO] Pass: InverseCancellation - 0.10633 (ms)
2026-07-03 17:49:49,457 [INFO] Pass: GatesInBasis - 0.47827 (ms)
2026-07-03 17:49:49,457 [INFO] Pass: Depth - 0.09513 (ms)
2026-07-03 17:49:49,457 [INFO] Pass: FixedPoint - 0.00548 (ms)
2026-07-03 17:49:49,457 [INFO] Pass: Size - 0.03552 (ms)
2026-07-03 17:49:49,457 [INFO] Pass: FixedPoint - 0.00405 (ms)
2026-07-03 17:49:49,457 [INFO] Pass: ContainsInstruction - 0.00453 (ms)
2026-07-03 17:49:49,458 [INFO] Total Transpile Time - 170.27855 (ms)
2026-07-03 17:49:49,512 [INFO] Pass: ContainsInstruction - 0.00620 (ms)
2026-07-03 17:49:49,512 [INFO] Pass: InverseCancellation - 0.11969 (ms)
2026-07-03 17:49:49,512 [INFO] Pass: UnitarySynthesis - 0.00429 (ms)
2026-07-03 17:49:49,513 [INFO] Pass: HighLevelSynthesis - 0.85306 (ms)
2026-07-03 17:49:49,514 [INFO] Pass: BasisTranslator - 0.49639 (ms)
2026-07-03 17:49:49,514 [INFO] Pass: Depth - 0.10443 (ms)
2026-07-03 17:49:49,514 [INFO] Pass: FixedPoint - 0.00644 (ms)
2026-07-03 17:49:49,514 [INFO] Pass: Size - 0.03839 (ms)
2026-07-03 17:49:49,514 [INFO] Pass: FixedPoint - 0.00429 (ms)
2026-07-03 17:49:49,515 [INFO] Pass: Optimize1qGatesDecomposition - 0.93722 (ms)
2026-07-03 17:49:49,515 [INFO] Pass: InverseCancellation - 0.00668 (ms)
2026-07-03 17:49:49,516 [INFO] Pass: GatesInBasis - 0.48232 (ms)
2026-07-03 17:49:49,516 [INFO] Pass: Depth - 0.09823 (ms)
2026-07-03 17:49:49,516 [INFO] Pass: FixedPoint - 0.00548 (ms)
2026-07-03 17:49:49,516 [INFO] Pass: Size - 0.03576 (ms)
2026-07-03 17:49:49,516 [INFO] Pass: FixedPoint - 0.00405 (ms)
2026-07-03 17:49:49,517 [INFO] Pass: Optimize1qGatesDecomposition - 0.78321 (ms)
2026-07-03 17:49:49,517 [INFO] Pass: InverseCancellation - 0.00644 (ms)
2026-07-03 17:49:49,517 [INFO] Pass: GatesInBasis - 0.45395 (ms)
2026-07-03 17:49:49,517 [INFO] Pass: Depth - 0.09847 (ms)
2026-07-03 17:49:49,517 [INFO] Pass: FixedPoint - 0.00453 (ms)
2026-07-03 17:49:49,518 [INFO] Pass: Size - 0.03505 (ms)
2026-07-03 17:49:49,518 [INFO] Pass: FixedPoint - 0.00405 (ms)
2026-07-03 17:49:49,518 [INFO] Pass: ContainsInstruction - 0.00453 (ms)
2026-07-03 17:49:49,518 [INFO] Total Transpile Time - 60.24241 (ms)
2026-07-03 18:08:33,171 [INFO] Pass: ContainsInstruction - 0.00834 (ms)
2026-07-03 18:08:33,171 [INFO] Pass: InverseCancellation - 0.00978 (ms)
2026-07-03 18:08:33,171 [INFO] Pass: UnitarySynthesis - 0.00453 (ms)
2026-07-03 18:08:33,172 [INFO] Pass: HighLevelSynthesis - 0.72527 (ms)
2026-07-03 18:08:33,173 [INFO] Pass: BasisTranslator - 0.55552 (ms)
2026-07-03 18:08:33,173 [INFO] Pass: Depth - 0.10586 (ms)
2026-07-03 18:08:33,173 [INFO] Pass: FixedPoint - 0.00787 (ms)
2026-07-03 18:08:33,173 [INFO] Pass: Size - 0.03672 (ms)
2026-07-03 18:08:33,173 [INFO] Pass: FixedPoint - 0.00429 (ms)
2026-07-03 18:08:33,173 [INFO] Pass: Optimize1qGatesDecomposition - 0.07463 (ms)
2026-07-03 18:08:33,173 [INFO] Pass: InverseCancellation - 0.00644 (ms)
2026-07-03 18:08:33,174 [INFO] Pass: GatesInBasis - 0.42558 (ms)
2026-07-03 18:08:33,174 [INFO] Pass: Depth - 0.09203 (ms)
2026-07-03 18:08:33,174 [INFO] Pass: FixedPoint - 0.00477 (ms)
2026-07-03 18:08:33,174 [INFO] Pass: Size - 0.03362 (ms)
2026-07-03 18:08:33,174 [INFO] Pass: FixedPoint - 0.00429 (ms)
2026-07-03 18:08:33,174 [INFO] Pass: ContainsInstruction - 0.00429 (ms)
2026-07-03 18:08:33,175 [INFO] Total Transpile Time - 58.99739 (ms)
2026-07-03 18:08:33,229 [INFO] Pass: ContainsInstruction - 0.00620 (ms)
2026-07-03 18:08:33,230 [INFO] Pass: InverseCancellation - 0.11492 (ms)
2026-07-03 18:08:33,230 [INFO] Pass: UnitarySynthesis - 0.00405 (ms)
2026-07-03 18:08:33,230 [INFO] Pass: HighLevelSynthesis - 0.79346 (ms)
2026-07-03 18:08:33,231 [INFO] Pass: BasisTranslator - 0.57673 (ms)
2026-07-03 18:08:33,231 [INFO] Pass: Depth - 0.10276 (ms)
2026-07-03 18:08:33,231 [INFO] Pass: FixedPoint - 0.00668 (ms)
2026-07-03 18:08:33,231 [INFO] Pass: Size - 0.03600 (ms)
2026-07-03 18:08:33,231 [INFO] Pass: FixedPoint - 0.00477 (ms)
2026-07-03 18:08:33,232 [INFO] Pass: Optimize1qGatesDecomposition - 0.81921 (ms)
2026-07-03 18:08:33,232 [INFO] Pass: InverseCancellation - 0.10061 (ms)
2026-07-03 18:08:33,233 [INFO] Pass: GatesInBasis - 0.47565 (ms)
2026-07-03 18:08:33,233 [INFO] Pass: Depth - 0.09727 (ms)
2026-07-03 18:08:33,233 [INFO] Pass: FixedPoint - 0.00525 (ms)
2026-07-03 18:08:33,233 [INFO] Pass: Size - 0.03600 (ms)
2026-07-03 18:08:33,233 [INFO] Pass: FixedPoint - 0.00453 (ms)
2026-07-03 18:08:33,233 [INFO] Pass: ContainsInstruction - 0.00429 (ms)
2026-07-03 18:08:33,234 [INFO] Total Transpile Time - 59.00908 (ms)
2026-07-03 18:08:33,288 [INFO] Pass: ContainsInstruction - 0.00620 (ms)
2026-07-03 18:08:33,288 [INFO] Pass: InverseCancellation - 0.12016 (ms)
2026-07-03 18:08:33,288 [INFO] Pass: UnitarySynthesis - 0.00429 (ms)
2026-07-03 18:08:33,289 [INFO] Pass: HighLevelSynthesis - 0.84901 (ms)
2026-07-03 18:08:33,290 [INFO] Pass: BasisTranslator - 0.62323 (ms)
2026-07-03 18:08:33,290 [INFO] Pass: Depth - 0.10896 (ms)
2026-07-03 18:08:33,290 [INFO] Pass: FixedPoint - 0.00739 (ms)
2026-07-03 18:08:33,290 [INFO] Pass: Size - 0.03910 (ms)
2026-07-03 18:08:33,290 [INFO] Pass: FixedPoint - 0.00477 (ms)
2026-07-03 18:08:33,291 [INFO] Pass: Optimize1qGatesDecomposition - 0.94819 (ms)
2026-07-03 18:08:33,291 [INFO] Pass: InverseCancellation - 0.00644 (ms)
2026-07-03 18:08:33,292 [INFO] Pass: GatesInBasis - 0.46420 (ms)
2026-07-03 18:08:33,292 [INFO] Pass: Depth - 0.09966 (ms)
2026-07-03 18:08:33,292 [INFO] Pass: FixedPoint - 0.00525 (ms)
2026-07-03 18:08:33,292 [INFO] Pass: Size - 0.03624 (ms)
2026-07-03 18:08:33,292 [INFO] Pass: FixedPoint - 0.00405 (ms)
2026-07-03 18:08:33,293 [INFO] Pass: Optimize1qGatesDecomposition - 0.78893 (ms)
2026-07-03 18:08:33,293 [INFO] Pass: InverseCancellation - 0.00596 (ms)
2026-07-03 18:08:33,293 [INFO] Pass: GatesInBasis - 0.48018 (ms)
2026-07-03 18:08:33,294 [INFO] Pass: Depth - 0.09584 (ms)
2026-07-03 18:08:33,294 [INFO] Pass: FixedPoint - 0.00477 (ms)
2026-07-03 18:08:33,294 [INFO] Pass: Size - 0.03529 (ms)
2026-07-03 18:08:33,294 [INFO] Pass: FixedPoint - 0.00405 (ms)
2026-07-03 18:08:33,294 [INFO] Pass: ContainsInstruction - 0.00429 (ms)
2026-07-03 18:08:33,295 [INFO] Total Transpile Time - 60.47487 (ms)
2026-07-03 18:27:16,135 [INFO] Pass: ContainsInstruction - 0.00811 (ms)
2026-07-03 18:27:16,135 [INFO] Pass: InverseCancellation - 0.00930 (ms)
2026-07-03 18:27:16,135 [INFO] Pass: UnitarySynthesis - 0.00429 (ms)
2026-07-03 18:27:16,136 [INFO] Pass: HighLevelSynthesis - 0.74410 (ms)
2026-07-03 18:27:16,136 [INFO] Pass: BasisTranslator - 0.54121 (ms)
2026-07-03 18:27:16,137 [INFO] Pass: Depth - 0.10538 (ms)
2026-07-03 18:27:16,137 [INFO] Pass: FixedPoint - 0.00763 (ms)
2026-07-03 18:27:16,137 [INFO] Pass: Size - 0.03648 (ms)
2026-07-03 18:27:16,137 [INFO] Pass: FixedPoint - 0.00477 (ms)
2026-07-03 18:27:16,137 [INFO] Pass: Optimize1qGatesDecomposition - 0.07486 (ms)
2026-07-03 18:27:16,137 [INFO] Pass: InverseCancellation - 0.00620 (ms)
2026-07-03 18:27:16,137 [INFO] Pass: GatesInBasis - 0.44107 (ms)
2026-07-03 18:27:16,137 [INFO] Pass: Depth - 0.09131 (ms)
2026-07-03 18:27:16,137 [INFO] Pass: FixedPoint - 0.00501 (ms)
2026-07-03 18:27:16,138 [INFO] Pass: Size - 0.03433 (ms)
2026-07-03 18:27:16,138 [INFO] Pass: FixedPoint - 0.00405 (ms)
2026-07-03 18:27:16,138 [INFO] Pass: ContainsInstruction - 0.00453 (ms)
2026-07-03 18:27:16,138 [INFO] Total Transpile Time - 59.22055 (ms)
2026-07-03 18:27:16,193 [INFO] Pass: ContainsInstruction - 0.00644 (ms)
2026-07-03 18:27:16,193 [INFO] Pass: InverseCancellation - 0.11492 (ms)
2026-07-03 18:27:16,193 [INFO] Pass: UnitarySynthesis - 0.00381 (ms)
2026-07-03 18:27:16,194 [INFO] Pass: HighLevelSynthesis - 0.78869 (ms)
2026-07-03 18:27:16,195 [INFO] Pass: BasisTranslator - 0.58579 (ms)
2026-07-03 18:27:16,195 [INFO] Pass: Depth - 0.10252 (ms)
2026-07-03 18:27:16,195 [INFO] Pass: FixedPoint - 0.00715 (ms)
2026-07-03 18:27:16,195 [INFO] Pass: Size - 0.03648 (ms)
2026-07-03 18:27:16,195 [INFO] Pass: FixedPoint - 0.00477 (ms)
2026-07-03 18:27:16,196 [INFO] Pass: Optimize1qGatesDecomposition - 0.81873 (ms)
2026-07-03 18:27:16,196 [INFO] Pass: InverseCancellation - 0.10109 (ms)
2026-07-03 18:27:16,196 [INFO] Pass: GatesInBasis - 0.47255 (ms)
2026-07-03 18:27:16,196 [INFO] Pass: Depth - 0.09727 (ms)
2026-07-03 18:27:16,197 [INFO] Pass: FixedPoint - 0.00548 (ms)
2026-07-03 18:27:16,197 [INFO] Pass: Size - 0.03552 (ms)
2026-07-03 18:27:16,197 [INFO] Pass: FixedPoint - 0.00405 (ms)
2026-07-03 18:27:16,197 [INFO] Pass: ContainsInstruction - 0.00453 (ms)
2026-07-03 18:27:16,197 [INFO] Total Transpile Time - 58.92754 (ms)
2026-07-03 18:27:16,252 [INFO] Pass: ContainsInstruction - 0.00596 (ms)
2026-07-03 18:27:16,252 [INFO] Pass: InverseCancellation - 0.11921 (ms)
2026-07-03 18:27:16,252 [INFO] Pass: UnitarySynthesis - 0.00405 (ms)
2026-07-03 18:27:16,253 [INFO] Pass: HighLevelSynthesis - 0.85521 (ms)
2026-07-03 18:27:16,253 [INFO] Pass: BasisTranslator - 0.62490 (ms)
2026-07-03 18:27:16,254 [INFO] Pass: Depth - 0.10777 (ms)
2026-07-03 18:27:16,254 [INFO] Pass: FixedPoint - 0.00644 (ms)
2026-07-03 18:27:16,254 [INFO] Pass: Size - 0.03839 (ms)
2026-07-03 18:27:16,254 [INFO] Pass: FixedPoint - 0.00429 (ms)
2026-07-03 18:27:16,255 [INFO] Pass: Optimize1qGatesDecomposition - 0.94676 (ms)
2026-07-03 18:27:16,255 [INFO] Pass: InverseCancellation - 0.00691 (ms)
2026-07-03 18:27:16,255 [INFO] Pass: GatesInBasis - 0.47874 (ms)
2026-07-03 18:27:16,255 [INFO] Pass: Depth - 0.10204 (ms)
2026-07-03 18:27:16,255 [INFO] Pass: FixedPoint - 0.00548 (ms)
2026-07-03 18:27:16,255 [INFO] Pass: Size - 0.03576 (ms)
2026-07-03 18:27:16,256 [INFO] Pass: FixedPoint - 0.00405 (ms)
2026-07-03 18:27:16,256 [INFO] Pass: Optimize1qGatesDecomposition - 0.77677 (ms)
2026-07-03 18:27:16,256 [INFO] Pass: InverseCancellation - 0.00572 (ms)
2026-07-03 18:27:16,257 [INFO] Pass: GatesInBasis - 0.45490 (ms)
2026-07-03 18:27:16,257 [INFO] Pass: Depth - 0.09489 (ms)
2026-07-03 18:27:16,257 [INFO] Pass: FixedPoint - 0.00477 (ms)
2026-07-03 18:27:16,257 [INFO] Pass: Size - 0.03529 (ms)
2026-07-03 18:27:16,257 [INFO] Pass: FixedPoint - 0.00405 (ms)
2026-07-03 18:27:16,257 [INFO] Pass: ContainsInstruction - 0.00429 (ms)
2026-07-03 18:27:16,258 [INFO] Total Transpile Time - 60.44483 (ms)
2026-07-03 18:45:54,752 [INFO] Pass: ContainsInstruction - 0.00834 (ms)
2026-07-03 18:45:54,752 [INFO] Pass: InverseCancellation - 0.00954 (ms)
2026-07-03 18:45:54,752 [INFO] Pass: UnitarySynthesis - 0.00405 (ms)
2026-07-03 18:45:54,753 [INFO] Pass: HighLevelSynthesis - 0.74458 (ms)
2026-07-03 18:45:54,753 [INFO] Pass: BasisTranslator - 0.69427 (ms)
2026-07-03 18:45:54,754 [INFO] Pass: Depth - 0.10729 (ms)
2026-07-03 18:45:54,754 [INFO] Pass: FixedPoint - 0.00787 (ms)
2026-07-03 18:45:54,754 [INFO] Pass: Size - 0.03600 (ms)
2026-07-03 18:45:54,754 [INFO] Pass: FixedPoint - 0.00429 (ms)
2026-07-03 18:45:54,754 [INFO] Pass: Optimize1qGatesDecomposition - 0.07367 (ms)
2026-07-03 18:45:54,754 [INFO] Pass: InverseCancellation - 0.00691 (ms)
2026-07-03 18:45:54,754 [INFO] Pass: GatesInBasis - 0.44584 (ms)
2026-07-03 18:45:54,755 [INFO] Pass: Depth - 0.09012 (ms)
2026-07-03 18:45:54,755 [INFO] Pass: FixedPoint - 0.00525 (ms)
2026-07-03 18:45:54,755 [INFO] Pass: Size - 0.03338 (ms)
2026-07-03 18:45:54,755 [INFO] Pass: FixedPoint - 0.00453 (ms)
2026-07-03 18:45:54,755 [INFO] Pass: ContainsInstruction - 0.00453 (ms)
2026-07-03 18:45:54,755 [INFO] Total Transpile Time - 59.52358 (ms)
2026-07-03 18:45:54,810 [INFO] Pass: ContainsInstruction - 0.00691 (ms)
2026-07-03 18:45:54,810 [INFO] Pass: InverseCancellation - 0.11635 (ms)
2026-07-03 18:45:54,810 [INFO] Pass: UnitarySynthesis - 0.00405 (ms)
2026-07-03 18:45:54,811 [INFO] Pass: HighLevelSynthesis - 0.79131 (ms)
2026-07-03 18:45:54,812 [INFO] Pass: BasisTranslator - 0.58842 (ms)
2026-07-03 18:45:54,812 [INFO] Pass: Depth - 0.10252 (ms)
2026-07-03 18:45:54,812 [INFO] Pass: FixedPoint - 0.00715 (ms)
2026-07-03 18:45:54,812 [INFO] Pass: Size - 0.03624 (ms)
2026-07-03 18:45:54,812 [INFO] Pass: FixedPoint - 0.00477 (ms)
2026-07-03 18:45:54,813 [INFO] Pass: Optimize1qGatesDecomposition - 0.82016 (ms)
2026-07-03 18:45:54,813 [INFO] Pass: InverseCancellation - 0.10180 (ms)
2026-07-03 18:45:54,813 [INFO] Pass: GatesInBasis - 0.47541 (ms)
2026-07-03 18:45:54,813 [INFO] Pass: Depth - 0.09751 (ms)
2026-07-03 18:45:54,814 [INFO] Pass: FixedPoint - 0.00525 (ms)
2026-07-03 18:45:54,814 [INFO] Pass: Size - 0.03576 (ms)
2026-07-03 18:45:54,814 [INFO] Pass: FixedPoint - 0.00405 (ms)
2026-07-03 18:45:54,814 [INFO] Pass: ContainsInstruction - 0.00429 (ms)
2026-07-03 18:45:54,814 [INFO] Total Transpile Time - 58.87866 (ms)
2026-07-03 18:45:54,869 [INFO] Pass: ContainsInstruction - 0.00668 (ms)
2026-07-03 18:45:54,869 [INFO] Pass: InverseCancellation - 0.12207 (ms)
2026-07-03 18:45:54,869 [INFO] Pass: UnitarySynthesis - 0.00429 (ms)
2026-07-03 18:45:54,870 [INFO] Pass: HighLevelSynthesis - 0.86594 (ms)
2026-07-03 18:45:54,871 [INFO] Pass: BasisTranslator - 0.62799 (ms)
2026-07-03 18:45:54,871 [INFO] Pass: Depth - 0.10872 (ms)
2026-07-03 18:45:54,871 [INFO] Pass: FixedPoint - 0.00691 (ms)
2026-07-03 18:45:54,871 [INFO] Pass: Size - 0.03886 (ms)
2026-07-03 18:45:54,871 [INFO] Pass: FixedPoint - 0.00429 (ms)
2026-07-03 18:45:54,872 [INFO] Pass: Optimize1qGatesDecomposition - 0.95129 (ms)
2026-07-03 18:45:54,872 [INFO] Pass: InverseCancellation - 0.00715 (ms)
2026-07-03 18:45:54,872 [INFO] Pass: GatesInBasis - 0.46062 (ms)
2026-07-03 18:45:54,873 [INFO] Pass: Depth - 0.10014 (ms)
2026-07-03 18:45:54,873 [INFO] Pass: FixedPoint - 0.00548 (ms)
2026-07-03 18:45:54,873 [INFO] Pass: Size - 0.03624 (ms)
2026-07-03 18:45:54,873 [INFO] Pass: FixedPoint - 0.00429 (ms)
2026-07-03 18:45:54,874 [INFO] Pass: Optimize1qGatesDecomposition - 0.78702 (ms)
2026-07-03 18:45:54,874 [INFO] Pass: InverseCancellation - 0.00644 (ms)
2026-07-03 18:45:54,874 [INFO] Pass: GatesInBasis - 0.47493 (ms)
2026-07-03 18:45:54,874 [INFO] Pass: Depth - 0.09608 (ms)
2026-07-03 18:45:54,874 [INFO] Pass: FixedPoint - 0.00477 (ms)
2026-07-03 18:45:54,874 [INFO] Pass: Size - 0.03552 (ms)
2026-07-03 18:45:54,874 [INFO] Pass: FixedPoint - 0.00429 (ms)
2026-07-03 18:45:54,874 [INFO] Pass: ContainsInstruction - 0.00453 (ms)
2026-07-03 18:45:54,875 [INFO] Total Transpile Time - 60.67824 (ms)
2026-07-03 19:04:36,269 [INFO] Pass: ContainsInstruction - 0.00834 (ms)
2026-07-03 19:04:36,270 [INFO] Pass: InverseCancellation - 0.00978 (ms)
2026-07-03 19:04:36,270 [INFO] Pass: UnitarySynthesis - 0.00453 (ms)
2026-07-03 19:04:36,270 [INFO] Pass: HighLevelSynthesis - 0.73338 (ms)
2026-07-03 19:04:36,271 [INFO] Pass: BasisTranslator - 0.70167 (ms)
2026-07-03 19:04:36,271 [INFO] Pass: Depth - 0.10633 (ms)
2026-07-03 19:04:36,271 [INFO] Pass: FixedPoint - 0.00763 (ms)
2026-07-03 19:04:36,271 [INFO] Pass: Size - 0.03648 (ms)
2026-07-03 19:04:36,272 [INFO] Pass: FixedPoint - 0.00477 (ms)
2026-07-03 19:04:36,272 [INFO] Pass: Optimize1qGatesDecomposition - 0.07415 (ms)
2026-07-03 19:04:36,272 [INFO] Pass: InverseCancellation - 0.00644 (ms)
2026-07-03 19:04:36,272 [INFO] Pass: GatesInBasis - 0.44274 (ms)
2026-07-03 19:04:36,272 [INFO] Pass: Depth - 0.09131 (ms)
2026-07-03 19:04:36,272 [INFO] Pass: FixedPoint - 0.00477 (ms)
2026-07-03 19:04:36,272 [INFO] Pass: Size - 0.03791 (ms)
2026-07-03 19:04:36,272 [INFO] Pass: FixedPoint - 0.00405 (ms)
2026-07-03 19:04:36,272 [INFO] Pass: ContainsInstruction - 0.00453 (ms)
2026-07-03 19:04:36,273 [INFO] Total Transpile Time - 59.45706 (ms)
2026-07-03 19:04:36,327 [INFO] Pass: ContainsInstruction - 0.00620 (ms)
2026-07-03 19:04:36,328 [INFO] Pass: InverseCancellation - 0.11468 (ms)
2026-07-03 19:04:36,328 [INFO] Pass: UnitarySynthesis - 0.00429 (ms)
2026-07-03 19:04:36,328 [INFO] Pass: HighLevelSynthesis - 0.80752 (ms)
2026-07-03 19:04:36,329 [INFO] Pass: BasisTranslator - 0.58603 (ms)
2026-07-03 19:04:36,329 [INFO] Pass: Depth - 0.10371 (ms)
2026-07-03 19:04:36,329 [INFO] Pass: FixedPoint - 0.00715 (ms)
2026-07-03 19:04:36,329 [INFO] Pass: Size - 0.04125 (ms)
2026-07-03 19:04:36,329 [INFO] Pass: FixedPoint - 0.00453 (ms)
2026-07-03 19:04:36,330 [INFO] Pass: Optimize1qGatesDecomposition - 0.82159 (ms)
2026-07-03 19:04:36,330 [INFO] Pass: InverseCancellation - 0.10824 (ms)
2026-07-03 19:04:36,331 [INFO] Pass: GatesInBasis - 0.45490 (ms)
2026-07-03 19:04:36,331 [INFO] Pass: Depth - 0.09823 (ms)
2026-07-03 19:04:36,331 [INFO] Pass: FixedPoint - 0.00525 (ms)
2026-07-03 19:04:36,331 [INFO] Pass: Size - 0.03600 (ms)
2026-07-03 19:04:36,331 [INFO] Pass: FixedPoint - 0.00405 (ms)
2026-07-03 19:04:36,331 [INFO] Pass: ContainsInstruction - 0.00453 (ms)
2026-07-03 19:04:36,332 [INFO] Total Transpile Time - 58.73990 (ms)
2026-07-03 19:04:36,386 [INFO] Pass: ContainsInstruction - 0.00596 (ms)
2026-07-03 19:04:36,387 [INFO] Pass: InverseCancellation - 0.11945 (ms)
2026-07-03 19:04:36,387 [INFO] Pass: UnitarySynthesis - 0.00381 (ms)
2026-07-03 19:04:36,388 [INFO] Pass: HighLevelSynthesis - 0.87237 (ms)
2026-07-03 19:04:36,388 [INFO] Pass: BasisTranslator - 0.62275 (ms)
2026-07-03 19:04:36,388 [INFO] Pass: Depth - 0.11230 (ms)
2026-07-03 19:04:36,388 [INFO] Pass: FixedPoint - 0.00715 (ms)
2026-07-03 19:04:36,389 [INFO] Pass: Size - 0.03886 (ms)
2026-07-03 19:04:36,389 [INFO] Pass: FixedPoint - 0.00429 (ms)
2026-07-03 19:04:36,390 [INFO] Pass: Optimize1qGatesDecomposition - 0.95272 (ms)
2026-07-03 19:04:36,390 [INFO] Pass: InverseCancellation - 0.00715 (ms)
2026-07-03 19:04:36,390 [INFO] Pass: GatesInBasis - 0.48041 (ms)
2026-07-03 19:04:36,390 [INFO] Pass: Depth - 0.09942 (ms)
2026-07-03 19:04:36,390 [INFO] Pass: FixedPoint - 0.00572 (ms)
2026-07-03 19:04:36,390 [INFO] Pass: Size - 0.04029 (ms)
2026-07-03 19:04:36,390 [INFO] Pass: FixedPoint - 0.00429 (ms)
2026-07-03 19:04:36,391 [INFO] Pass: Optimize1qGatesDecomposition - 0.78225 (ms)
2026-07-03 19:04:36,391 [INFO] Pass: InverseCancellation - 0.00620 (ms)
2026-07-03 19:04:36,392 [INFO] Pass: GatesInBasis - 0.45514 (ms)
2026-07-03 19:04:36,392 [INFO] Pass: Depth - 0.09632 (ms)
2026-07-03 19:04:36,392 [INFO] Pass: FixedPoint - 0.00525 (ms)
2026-07-03 19:04:36,392 [INFO] Pass: Size - 0.03576 (ms)
2026-07-03 19:04:36,392 [INFO] Pass: FixedPoint - 0.00405 (ms)
2026-07-03 19:04:36,392 [INFO] Pass: ContainsInstruction - 0.00453 (ms)
2026-07-03 19:04:36,393 [INFO] Total Transpile Time - 60.73713 (ms)
2026-07-03 19:23:08,616 [INFO] Pass: ContainsInstruction - 0.00763 (ms)
2026-07-03 19:23:08,617 [INFO] Pass: InverseCancellation - 0.00954 (ms)
2026-07-03 19:23:08,617 [INFO] Pass: UnitarySynthesis - 0.00405 (ms)
2026-07-03 19:23:08,618 [INFO] Pass: HighLevelSynthesis - 0.74172 (ms)
2026-07-03 19:23:08,618 [INFO] Pass: BasisTranslator - 0.42558 (ms)
2026-07-03 19:23:08,618 [INFO] Pass: Depth - 0.10562 (ms)
2026-07-03 19:23:08,618 [INFO] Pass: FixedPoint - 0.00739 (ms)
2026-07-03 19:23:08,618 [INFO] Pass: Size - 0.03552 (ms)
2026-07-03 19:23:08,618 [INFO] Pass: FixedPoint - 0.00477 (ms)
2026-07-03 19:23:08,619 [INFO] Pass: Optimize1qGatesDecomposition - 0.07343 (ms)
2026-07-03 19:23:08,619 [INFO] Pass: InverseCancellation - 0.00572 (ms)
2026-07-03 19:23:08,619 [INFO] Pass: GatesInBasis - 0.41652 (ms)
2026-07-03 19:23:08,619 [INFO] Pass: Depth - 0.09060 (ms)
2026-07-03 19:23:08,619 [INFO] Pass: FixedPoint - 0.00477 (ms)
2026-07-03 19:23:08,619 [INFO] Pass: Size - 0.03362 (ms)
2026-07-03 19:23:08,619 [INFO] Pass: FixedPoint - 0.00405 (ms)
2026-07-03 19:23:08,619 [INFO] Pass: ContainsInstruction - 0.00429 (ms)
2026-07-03 19:23:08,620 [INFO] Total Transpile Time - 60.20164 (ms)
2026-07-03 19:23:08,674 [INFO] Pass: ContainsInstruction - 0.00620 (ms)
2026-07-03 19:23:08,674 [INFO] Pass: InverseCancellation - 0.11849 (ms)
2026-07-03 19:23:08,674 [INFO] Pass: UnitarySynthesis - 0.00405 (ms)
2026-07-03 19:23:08,675 [INFO] Pass: HighLevelSynthesis - 0.80132 (ms)
2026-07-03 19:23:08,676 [INFO] Pass: BasisTranslator - 0.58579 (ms)
2026-07-03 19:23:08,676 [INFO] Pass: Depth - 0.10228 (ms)
2026-07-03 19:23:08,676 [INFO] Pass: FixedPoint - 0.00691 (ms)
2026-07-03 19:23:08,676 [INFO] Pass: Size - 0.03672 (ms)
2026-07-03 19:23:08,676 [INFO] Pass: FixedPoint - 0.00453 (ms)
2026-07-03 19:23:08,677 [INFO] Pass: Optimize1qGatesDecomposition - 0.81992 (ms)
2026-07-03 19:23:08,677 [INFO] Pass: InverseCancellation - 0.10085 (ms)
2026-07-03 19:23:08,678 [INFO] Pass: GatesInBasis - 0.47612 (ms)
2026-07-03 19:23:08,678 [INFO] Pass: Depth - 0.09727 (ms)
2026-07-03 19:23:08,678 [INFO] Pass: FixedPoint - 0.00548 (ms)
2026-07-03 19:23:08,678 [INFO] Pass: Size - 0.03576 (ms)
2026-07-03 19:23:08,678 [INFO] Pass: FixedPoint - 0.00429 (ms)
2026-07-03 19:23:08,678 [INFO] Pass: ContainsInstruction - 0.00429 (ms)
2026-07-03 19:23:08,679 [INFO] Total Transpile Time - 58.55107 (ms)
2026-07-03 19:23:08,733 [INFO] Pass: ContainsInstruction - 0.00620 (ms)
2026-07-03 19:23:08,733 [INFO] Pass: InverseCancellation - 0.11897 (ms)
2026-07-03 19:23:08,733 [INFO] Pass: UnitarySynthesis - 0.00381 (ms)
2026-07-03 19:23:08,734 [INFO] Pass: HighLevelSynthesis - 0.85378 (ms)
2026-07-03 19:23:08,735 [INFO] Pass: BasisTranslator - 0.61727 (ms)
2026-07-03 19:23:08,735 [INFO] Pass: Depth - 0.10777 (ms)
2026-07-03 19:23:08,735 [INFO] Pass: FixedPoint - 0.00691 (ms)
2026-07-03 19:23:08,735 [INFO] Pass: Size - 0.03862 (ms)
2026-07-03 19:23:08,735 [INFO] Pass: FixedPoint - 0.00453 (ms)
2026-07-03 19:23:08,736 [INFO] Pass: Optimize1qGatesDecomposition - 0.93818 (ms)
2026-07-03 19:23:08,736 [INFO] Pass: InverseCancellation - 0.00691 (ms)
2026-07-03 19:23:08,737 [INFO] Pass: GatesInBasis - 0.48542 (ms)
2026-07-03 19:23:08,737 [INFO] Pass: Depth - 0.09847 (ms)
2026-07-03 19:23:08,737 [INFO] Pass: FixedPoint - 0.00501 (ms)
2026-07-03 19:23:08,737 [INFO] Pass: Size - 0.03600 (ms)
2026-07-03 19:23:08,737 [INFO] Pass: FixedPoint - 0.00429 (ms)
2026-07-03 19:23:08,738 [INFO] Pass: Optimize1qGatesDecomposition - 0.78154 (ms)
2026-07-03 19:23:08,738 [INFO] Pass: InverseCancellation - 0.00644 (ms)
2026-07-03 19:23:08,738 [INFO] Pass: GatesInBasis - 0.45514 (ms)
2026-07-03 19:23:08,738 [INFO] Pass: Depth - 0.09871 (ms)
2026-07-03 19:23:08,738 [INFO] Pass: FixedPoint - 0.00477 (ms)
2026-07-03 19:23:08,739 [INFO] Pass: Size - 0.03624 (ms)
2026-07-03 19:23:08,739 [INFO] Pass: FixedPoint - 0.00405 (ms)
2026-07-03 19:23:08,739 [INFO] Pass: ContainsInstruction - 0.00453 (ms)
2026-07-03 19:23:08,739 [INFO] Total Transpile Time - 60.46271 (ms)
2026-07-03 19:41:52,553 [INFO] Pass: ContainsInstruction - 0.00787 (ms)
2026-07-03 19:41:52,554 [INFO] Pass: InverseCancellation - 0.00978 (ms)
2026-07-03 19:41:52,554 [INFO] Pass: UnitarySynthesis - 0.00429 (ms)
2026-07-03 19:41:52,555 [INFO] Pass: HighLevelSynthesis - 0.74100 (ms)
2026-07-03 19:41:52,555 [INFO] Pass: BasisTranslator - 0.54359 (ms)
2026-07-03 19:41:52,555 [INFO] Pass: Depth - 0.11110 (ms)
2026-07-03 19:41:52,555 [INFO] Pass: FixedPoint - 0.00811 (ms)
2026-07-03 19:41:52,556 [INFO] Pass: Size - 0.03600 (ms)
2026-07-03 19:41:52,556 [INFO] Pass: FixedPoint - 0.00453 (ms)
2026-07-03 19:41:52,556 [INFO] Pass: Optimize1qGatesDecomposition - 0.07367 (ms)
2026-07-03 19:41:52,556 [INFO] Pass: InverseCancellation - 0.00691 (ms)
2026-07-03 19:41:52,556 [INFO] Pass: GatesInBasis - 0.42224 (ms)
2026-07-03 19:41:52,556 [INFO] Pass: Depth - 0.09179 (ms)
2026-07-03 19:41:52,556 [INFO] Pass: FixedPoint - 0.00501 (ms)
2026-07-03 19:41:52,556 [INFO] Pass: Size - 0.03362 (ms)
2026-07-03 19:41:52,556 [INFO] Pass: FixedPoint - 0.00429 (ms)
2026-07-03 19:41:52,557 [INFO] Pass: ContainsInstruction - 0.00501 (ms)
2026-07-03 19:41:52,557 [INFO] Total Transpile Time - 61.14364 (ms)
2026-07-03 19:41:52,612 [INFO] Pass: ContainsInstruction - 0.00620 (ms)
2026-07-03 19:41:52,612 [INFO] Pass: InverseCancellation - 0.11516 (ms)
2026-07-03 19:41:52,612 [INFO] Pass: UnitarySynthesis - 0.00429 (ms)
2026-07-03 19:41:52,613 [INFO] Pass: HighLevelSynthesis - 0.79393 (ms)
2026-07-03 19:41:52,728 [INFO] Pass: BasisTranslator - 114.76374 (ms)
2026-07-03 19:41:52,728 [INFO] Pass: Depth - 0.13041 (ms)
2026-07-03 19:41:52,728 [INFO] Pass: FixedPoint - 0.01097 (ms)
2026-07-03 19:41:52,728 [INFO] Pass: Size - 0.03934 (ms)
2026-07-03 19:41:52,728 [INFO] Pass: FixedPoint - 0.00501 (ms)
2026-07-03 19:41:52,729 [INFO] Pass: Optimize1qGatesDecomposition - 0.87142 (ms)
2026-07-03 19:41:52,729 [INFO] Pass: InverseCancellation - 0.11921 (ms)
2026-07-03 19:41:52,730 [INFO] Pass: GatesInBasis - 0.49639 (ms)
2026-07-03 19:41:52,730 [INFO] Pass: Depth - 0.10443 (ms)
2026-07-03 19:41:52,730 [INFO] Pass: FixedPoint - 0.00644 (ms)
2026-07-03 19:41:52,730 [INFO] Pass: Size - 0.03648 (ms)
2026-07-03 19:41:52,730 [INFO] Pass: FixedPoint - 0.00429 (ms)
2026-07-03 19:41:52,730 [INFO] Pass: ContainsInstruction - 0.00548 (ms)
2026-07-03 19:41:52,731 [INFO] Total Transpile Time - 173.56825 (ms)
2026-07-03 19:41:52,786 [INFO] Pass: ContainsInstruction - 0.00620 (ms)
2026-07-03 19:41:52,786 [INFO] Pass: InverseCancellation - 0.12040 (ms)
2026-07-03 19:41:52,786 [INFO] Pass: UnitarySynthesis - 0.00405 (ms)
2026-07-03 19:41:52,787 [INFO] Pass: HighLevelSynthesis - 0.85974 (ms)
2026-07-03 19:41:52,788 [INFO] Pass: BasisTranslator - 0.48876 (ms)
2026-07-03 19:41:52,788 [INFO] Pass: Depth - 0.10490 (ms)
2026-07-03 19:41:52,788 [INFO] Pass: FixedPoint - 0.00691 (ms)
2026-07-03 19:41:52,788 [INFO] Pass: Size - 0.03815 (ms)
2026-07-03 19:41:52,788 [INFO] Pass: FixedPoint - 0.00477 (ms)
2026-07-03 19:41:52,789 [INFO] Pass: Optimize1qGatesDecomposition - 0.94151 (ms)
2026-07-03 19:41:52,789 [INFO] Pass: InverseCancellation - 0.00739 (ms)
2026-07-03 19:41:52,789 [INFO] Pass: GatesInBasis - 0.46015 (ms)
2026-07-03 19:41:52,790 [INFO] Pass: Depth - 0.09990 (ms)
2026-07-03 19:41:52,790 [INFO] Pass: FixedPoint - 0.00572 (ms)
2026-07-03 19:41:52,790 [INFO] Pass: Size - 0.03624 (ms)
2026-07-03 19:41:52,790 [INFO] Pass: FixedPoint - 0.00429 (ms)
2026-07-03 19:41:52,790 [INFO] Pass: Optimize1qGatesDecomposition - 0.78082 (ms)
2026-07-03 19:41:52,791 [INFO] Pass: InverseCancellation - 0.00620 (ms)
2026-07-03 19:41:52,791 [INFO] Pass: GatesInBasis - 0.45085 (ms)
2026-07-03 19:41:52,791 [INFO] Pass: Depth - 0.09561 (ms)
2026-07-03 19:41:52,791 [INFO] Pass: FixedPoint - 0.00477 (ms)
2026-07-03 19:41:52,791 [INFO] Pass: Size - 0.03576 (ms)
2026-07-03 19:41:52,791 [INFO] Pass: FixedPoint - 0.00405 (ms)
2026-07-03 19:41:52,791 [INFO] Pass: ContainsInstruction - 0.00501 (ms)
2026-07-03 19:41:52,792 [INFO] Total Transpile Time - 61.03802 (ms)
2026-07-03 20:00:26,486 [INFO] Pass: ContainsInstruction - 0.00906 (ms)
2026-07-03 20:00:26,486 [INFO] Pass: InverseCancellation - 0.00954 (ms)
2026-07-03 20:00:26,486 [INFO] Pass: UnitarySynthesis - 0.00405 (ms)
2026-07-03 20:00:26,487 [INFO] Pass: HighLevelSynthesis - 0.74339 (ms)
2026-07-03 20:00:26,487 [INFO] Pass: BasisTranslator - 0.42558 (ms)
2026-07-03 20:00:26,488 [INFO] Pass: Depth - 0.10705 (ms)
2026-07-03 20:00:26,488 [INFO] Pass: FixedPoint - 0.00787 (ms)
2026-07-03 20:00:26,488 [INFO] Pass: Size - 0.03624 (ms)
2026-07-03 20:00:26,488 [INFO] Pass: FixedPoint - 0.00453 (ms)
2026-07-03 20:00:26,488 [INFO] Pass: Optimize1qGatesDecomposition - 0.07510 (ms)
2026-07-03 20:00:26,488 [INFO] Pass: InverseCancellation - 0.00644 (ms)
2026-07-03 20:00:26,488 [INFO] Pass: GatesInBasis - 0.44346 (ms)
2026-07-03 20:00:26,489 [INFO] Pass: Depth - 0.09227 (ms)
2026-07-03 20:00:26,489 [INFO] Pass: FixedPoint - 0.00525 (ms)
2026-07-03 20:00:26,489 [INFO] Pass: Size - 0.03362 (ms)
2026-07-03 20:00:26,489 [INFO] Pass: FixedPoint - 0.00405 (ms)
2026-07-03 20:00:26,489 [INFO] Pass: ContainsInstruction - 0.00477 (ms)
2026-07-03 20:00:26,490 [INFO] Total Transpile Time - 60.44602 (ms)
2026-07-03 20:00:26,544 [INFO] Pass: ContainsInstruction - 0.00644 (ms)
2026-07-03 20:00:26,544 [INFO] Pass: InverseCancellation - 0.11635 (ms)
2026-07-03 20:00:26,544 [INFO] Pass: UnitarySynthesis - 0.00429 (ms)
2026-07-03 20:00:26,545 [INFO] Pass: HighLevelSynthesis - 0.79465 (ms)
2026-07-03 20:00:26,546 [INFO] Pass: BasisTranslator - 0.80657 (ms)
2026-07-03 20:00:26,546 [INFO] Pass: Depth - 0.10800 (ms)
2026-07-03 20:00:26,546 [INFO] Pass: FixedPoint - 0.00715 (ms)
2026-07-03 20:00:26,546 [INFO] Pass: Size - 0.03695 (ms)
2026-07-03 20:00:26,546 [INFO] Pass: FixedPoint - 0.00429 (ms)
2026-07-03 20:00:26,547 [INFO] Pass: Optimize1qGatesDecomposition - 0.83303 (ms)
2026-07-03 20:00:26,547 [INFO] Pass: InverseCancellation - 0.10204 (ms)
2026-07-03 20:00:26,548 [INFO] Pass: GatesInBasis - 0.48375 (ms)
2026-07-03 20:00:26,548 [INFO] Pass: Depth - 0.09751 (ms)
2026-07-03 20:00:26,548 [INFO] Pass: FixedPoint - 0.00548 (ms)
2026-07-03 20:00:26,548 [INFO] Pass: Size - 0.03576 (ms)
2026-07-03 20:00:26,548 [INFO] Pass: FixedPoint - 0.00429 (ms)
2026-07-03 20:00:26,548 [INFO] Pass: ContainsInstruction - 0.00453 (ms)
2026-07-03 20:00:26,549 [INFO] Total Transpile Time - 59.21531 (ms)
2026-07-03 20:00:26,603 [INFO] Pass: ContainsInstruction - 0.00596 (ms)
2026-07-03 20:00:26,603 [INFO] Pass: InverseCancellation - 0.12136 (ms)
2026-07-03 20:00:26,603 [INFO] Pass: UnitarySynthesis - 0.00453 (ms)
2026-07-03 20:00:26,604 [INFO] Pass: HighLevelSynthesis - 0.85711 (ms)
2026-07-03 20:00:26,605 [INFO] Pass: BasisTranslator - 0.62227 (ms)
2026-07-03 20:00:26,605 [INFO] Pass: Depth - 0.10920 (ms)
2026-07-03 20:00:26,605 [INFO] Pass: FixedPoint - 0.00715 (ms)
2026-07-03 20:00:26,605 [INFO] Pass: Size - 0.03910 (ms)
2026-07-03 20:00:26,605 [INFO] Pass: FixedPoint - 0.00453 (ms)
2026-07-03 20:00:26,606 [INFO] Pass: Optimize1qGatesDecomposition - 0.94867 (ms)
2026-07-03 20:00:26,606 [INFO] Pass: InverseCancellation - 0.00715 (ms)
2026-07-03 20:00:26,607 [INFO] Pass: GatesInBasis - 0.46015 (ms)
2026-07-03 20:00:26,607 [INFO] Pass: Depth - 0.09942 (ms)
2026-07-03 20:00:26,607 [INFO] Pass: FixedPoint - 0.00548 (ms)
2026-07-03 20:00:26,607 [INFO] Pass: Size - 0.03624 (ms)
2026-07-03 20:00:26,607 [INFO] Pass: FixedPoint - 0.00429 (ms)
2026-07-03 20:00:26,608 [INFO] Pass: Optimize1qGatesDecomposition - 0.78773 (ms)
2026-07-03 20:00:26,608 [INFO] Pass: InverseCancellation - 0.00572 (ms)
2026-07-03 20:00:26,608 [INFO] Pass: GatesInBasis - 0.45204 (ms)
2026-07-03 20:00:26,608 [INFO] Pass: Depth - 0.10109 (ms)
2026-07-03 20:00:26,608 [INFO] Pass: FixedPoint - 0.00501 (ms)
2026-07-03 20:00:26,609 [INFO] Pass: Size - 0.03576 (ms)
2026-07-03 20:00:26,609 [INFO] Pass: FixedPoint - 0.00405 (ms)
2026-07-03 20:00:26,609 [INFO] Pass: ContainsInstruction - 0.00453 (ms)
2026-07-03 20:00:26,609 [INFO] Total Transpile Time - 60.48226 (ms)
2026-07-03 20:19:07,597 [INFO] Pass: ContainsInstruction - 0.00811 (ms)
2026-07-03 20:19:07,597 [INFO] Pass: InverseCancellation - 0.00954 (ms)
2026-07-03 20:19:07,597 [INFO] Pass: UnitarySynthesis - 0.00405 (ms)
2026-07-03 20:19:07,598 [INFO] Pass: HighLevelSynthesis - 0.73051 (ms)
2026-07-03 20:19:07,598 [INFO] Pass: BasisTranslator - 0.42677 (ms)
2026-07-03 20:19:07,599 [INFO] Pass: Depth - 0.10538 (ms)
2026-07-03 20:19:07,599 [INFO] Pass: FixedPoint - 0.00763 (ms)
2026-07-03 20:19:07,599 [INFO] Pass: Size - 0.03600 (ms)
2026-07-03 20:19:07,599 [INFO] Pass: FixedPoint - 0.00501 (ms)
2026-07-03 20:19:07,599 [INFO] Pass: Optimize1qGatesDecomposition - 0.07415 (ms)
2026-07-03 20:19:07,599 [INFO] Pass: InverseCancellation - 0.00668 (ms)
2026-07-03 20:19:07,599 [INFO] Pass: GatesInBasis - 0.44703 (ms)
2026-07-03 20:19:07,599 [INFO] Pass: Depth - 0.09036 (ms)
2026-07-03 20:19:07,600 [INFO] Pass: FixedPoint - 0.00477 (ms)
2026-07-03 20:19:07,600 [INFO] Pass: Size - 0.03314 (ms)
2026-07-03 20:19:07,600 [INFO] Pass: FixedPoint - 0.00405 (ms)
2026-07-03 20:19:07,600 [INFO] Pass: ContainsInstruction - 0.00453 (ms)
2026-07-03 20:19:07,600 [INFO] Total Transpile Time - 61.33890 (ms)
2026-07-03 20:19:07,655 [INFO] Pass: ContainsInstruction - 0.00620 (ms)
2026-07-03 20:19:07,655 [INFO] Pass: InverseCancellation - 0.11587 (ms)
2026-07-03 20:19:07,655 [INFO] Pass: UnitarySynthesis - 0.00429 (ms)
2026-07-03 20:19:07,656 [INFO] Pass: HighLevelSynthesis - 0.79441 (ms)
2026-07-03 20:19:07,657 [INFO] Pass: BasisTranslator - 0.59152 (ms)
2026-07-03 20:19:07,657 [INFO] Pass: Depth - 0.10228 (ms)
2026-07-03 20:19:07,657 [INFO] Pass: FixedPoint - 0.00668 (ms)
2026-07-03 20:19:07,657 [INFO] Pass: Size - 0.03648 (ms)
2026-07-03 20:19:07,657 [INFO] Pass: FixedPoint - 0.00405 (ms)
2026-07-03 20:19:07,658 [INFO] Pass: Optimize1qGatesDecomposition - 0.81825 (ms)
2026-07-03 20:19:07,658 [INFO] Pass: InverseCancellation - 0.10133 (ms)
2026-07-03 20:19:07,658 [INFO] Pass: GatesInBasis - 0.45705 (ms)
2026-07-03 20:19:07,659 [INFO] Pass: Depth - 0.09680 (ms)
2026-07-03 20:19:07,659 [INFO] Pass: FixedPoint - 0.00501 (ms)
2026-07-03 20:19:07,659 [INFO] Pass: Size - 0.03600 (ms)
2026-07-03 20:19:07,659 [INFO] Pass: FixedPoint - 0.00429 (ms)
2026-07-03 20:19:07,659 [INFO] Pass: ContainsInstruction - 0.00453 (ms)
2026-07-03 20:19:07,660 [INFO] Total Transpile Time - 59.05294 (ms)
2026-07-03 20:19:07,714 [INFO] Pass: ContainsInstruction - 0.00644 (ms)
2026-07-03 20:19:07,714 [INFO] Pass: InverseCancellation - 0.11992 (ms)
2026-07-03 20:19:07,714 [INFO] Pass: UnitarySynthesis - 0.00405 (ms)
2026-07-03 20:19:07,715 [INFO] Pass: HighLevelSynthesis - 0.85211 (ms)
2026-07-03 20:19:07,716 [INFO] Pass: BasisTranslator - 0.61893 (ms)
2026-07-03 20:19:07,716 [INFO] Pass: Depth - 0.10848 (ms)
2026-07-03 20:19:07,716 [INFO] Pass: FixedPoint - 0.00668 (ms)
2026-07-03 20:19:07,716 [INFO] Pass: Size - 0.03886 (ms)
2026-07-03 20:19:07,716 [INFO] Pass: FixedPoint - 0.00453 (ms)
2026-07-03 20:19:07,717 [INFO] Pass: Optimize1qGatesDecomposition - 0.94199 (ms)
2026-07-03 20:19:07,717 [INFO] Pass: InverseCancellation - 0.00715 (ms)
2026-07-03 20:19:07,718 [INFO] Pass: GatesInBasis - 0.46158 (ms)
2026-07-03 20:19:07,718 [INFO] Pass: Depth - 0.09942 (ms)
2026-07-03 20:19:07,718 [INFO] Pass: FixedPoint - 0.00525 (ms)
2026-07-03 20:19:07,718 [INFO] Pass: Size - 0.03624 (ms)
2026-07-03 20:19:07,718 [INFO] Pass: FixedPoint - 0.00405 (ms)
2026-07-03 20:19:07,719 [INFO] Pass: Optimize1qGatesDecomposition - 0.78249 (ms)
2026-07-03 20:19:07,719 [INFO] Pass: InverseCancellation - 0.00596 (ms)
2026-07-03 20:19:07,719 [INFO] Pass: GatesInBasis - 0.47541 (ms)
2026-07-03 20:19:07,719 [INFO] Pass: Depth - 0.10061 (ms)
2026-07-03 20:19:07,719 [INFO] Pass: FixedPoint - 0.00477 (ms)
2026-07-03 20:19:07,719 [INFO] Pass: Size - 0.03576 (ms)
2026-07-03 20:19:07,720 [INFO] Pass: FixedPoint - 0.00429 (ms)
2026-07-03 20:19:07,720 [INFO] Pass: ContainsInstruction - 0.00453 (ms)
2026-07-03 20:19:07,720 [INFO] Total Transpile Time - 60.66465 (ms)
2026-07-03 20:37:47,477 [INFO] Pass: ContainsInstruction - 0.00858 (ms)
2026-07-03 20:37:47,477 [INFO] Pass: InverseCancellation - 0.00930 (ms)
2026-07-03 20:37:47,477 [INFO] Pass: UnitarySynthesis - 0.00405 (ms)
2026-07-03 20:37:47,478 [INFO] Pass: HighLevelSynthesis - 0.72694 (ms)
2026-07-03 20:37:47,479 [INFO] Pass: BasisTranslator - 0.55027 (ms)
2026-07-03 20:37:47,479 [INFO] Pass: Depth - 0.11230 (ms)
2026-07-03 20:37:47,479 [INFO] Pass: FixedPoint - 0.00811 (ms)
2026-07-03 20:37:47,479 [INFO] Pass: Size - 0.03767 (ms)
2026-07-03 20:37:47,479 [INFO] Pass: FixedPoint - 0.00477 (ms)
2026-07-03 20:37:47,479 [INFO] Pass: Optimize1qGatesDecomposition - 0.07701 (ms)
2026-07-03 20:37:47,479 [INFO] Pass: InverseCancellation - 0.00644 (ms)
2026-07-03 20:37:47,480 [INFO] Pass: GatesInBasis - 0.47302 (ms)
2026-07-03 20:37:47,480 [INFO] Pass: Depth - 0.09322 (ms)
2026-07-03 20:37:47,480 [INFO] Pass: FixedPoint - 0.00525 (ms)
2026-07-03 20:37:47,480 [INFO] Pass: Size - 0.03409 (ms)
2026-07-03 20:37:47,480 [INFO] Pass: FixedPoint - 0.00429 (ms)
2026-07-03 20:37:47,480 [INFO] Pass: ContainsInstruction - 0.00405 (ms)
2026-07-03 20:37:47,481 [INFO] Total Transpile Time - 59.49640 (ms)
2026-07-03 20:37:47,536 [INFO] Pass: ContainsInstruction - 0.00572 (ms)
2026-07-03 20:37:47,536 [INFO] Pass: InverseCancellation - 0.11706 (ms)
2026-07-03 20:37:47,536 [INFO] Pass: UnitarySynthesis - 0.00405 (ms)
2026-07-03 20:37:47,537 [INFO] Pass: HighLevelSynthesis - 0.79012 (ms)
2026-07-03 20:37:47,537 [INFO] Pass: BasisTranslator - 0.58460 (ms)
2026-07-03 20:37:47,537 [INFO] Pass: Depth - 0.10848 (ms)
2026-07-03 20:37:47,537 [INFO] Pass: FixedPoint - 0.00691 (ms)
2026-07-03 20:37:47,538 [INFO] Pass: Size - 0.03672 (ms)
2026-07-03 20:37:47,538 [INFO] Pass: FixedPoint - 0.00453 (ms)
2026-07-03 20:37:47,538 [INFO] Pass: Optimize1qGatesDecomposition - 0.82660 (ms)
2026-07-03 20:37:47,539 [INFO] Pass: InverseCancellation - 0.10490 (ms)
2026-07-03 20:37:47,539 [INFO] Pass: GatesInBasis - 0.45681 (ms)
2026-07-03 20:37:47,539 [INFO] Pass: Depth - 0.09775 (ms)
2026-07-03 20:37:47,539 [INFO] Pass: FixedPoint - 0.00572 (ms)
2026-07-03 20:37:47,539 [INFO] Pass: Size - 0.03982 (ms)
2026-07-03 20:37:47,539 [INFO] Pass: FixedPoint - 0.00405 (ms)
2026-07-03 20:37:47,539 [INFO] Pass: ContainsInstruction - 0.00477 (ms)
2026-07-03 20:37:47,540 [INFO] Total Transpile Time - 59.19647 (ms)
2026-07-03 20:37:47,595 [INFO] Pass: ContainsInstruction - 0.00668 (ms)
2026-07-03 20:37:47,595 [INFO] Pass: InverseCancellation - 0.12159 (ms)
2026-07-03 20:37:47,595 [INFO] Pass: UnitarySynthesis - 0.00381 (ms)
2026-07-03 20:37:47,596 [INFO] Pass: HighLevelSynthesis - 0.85378 (ms)
2026-07-03 20:37:47,596 [INFO] Pass: BasisTranslator - 0.62013 (ms)
2026-07-03 20:37:47,597 [INFO] Pass: Depth - 0.10848 (ms)
2026-07-03 20:37:47,597 [INFO] Pass: FixedPoint - 0.00691 (ms)
2026-07-03 20:37:47,597 [INFO] Pass: Size - 0.03839 (ms)
2026-07-03 20:37:47,597 [INFO] Pass: FixedPoint - 0.00477 (ms)
2026-07-03 20:37:47,598 [INFO] Pass: Optimize1qGatesDecomposition - 0.94676 (ms)
2026-07-03 20:37:47,598 [INFO] Pass: InverseCancellation - 0.00691 (ms)
2026-07-03 20:37:47,598 [INFO] Pass: GatesInBasis - 0.47922 (ms)
2026-07-03 20:37:47,598 [INFO] Pass: Depth - 0.10371 (ms)
2026-07-03 20:37:47,598 [INFO] Pass: FixedPoint - 0.00525 (ms)
2026-07-03 20:37:47,599 [INFO] Pass: Size - 0.03648 (ms)
2026-07-03 20:37:47,599 [INFO] Pass: FixedPoint - 0.00429 (ms)
2026-07-03 20:37:47,599 [INFO] Pass: Optimize1qGatesDecomposition - 0.79250 (ms)
2026-07-03 20:37:47,599 [INFO] Pass: InverseCancellation - 0.00620 (ms)
2026-07-03 20:37:47,600 [INFO] Pass: GatesInBasis - 0.47541 (ms)
2026-07-03 20:37:47,600 [INFO] Pass: Depth - 0.09704 (ms)
2026-07-03 20:37:47,600 [INFO] Pass: FixedPoint - 0.00501 (ms)
2026-07-03 20:37:47,600 [INFO] Pass: Size - 0.03529 (ms)
2026-07-03 20:37:47,600 [INFO] Pass: FixedPoint - 0.00381 (ms)
2026-07-03 20:37:47,600 [INFO] Pass: ContainsInstruction - 0.00477 (ms)
2026-07-03 20:37:47,601 [INFO] Total Transpile Time - 60.78720 (ms)
2026-07-03 20:56:23,589 [INFO] Pass: ContainsInstruction - 0.00882 (ms)
2026-07-03 20:56:23,590 [INFO] Pass: InverseCancellation - 0.00978 (ms)
2026-07-03 20:56:23,590 [INFO] Pass: UnitarySynthesis - 0.00381 (ms)
2026-07-03 20:56:23,591 [INFO] Pass: HighLevelSynthesis - 0.73934 (ms)
2026-07-03 20:56:23,591 [INFO] Pass: BasisTranslator - 0.54240 (ms)
2026-07-03 20:56:23,591 [INFO] Pass: Depth - 0.10633 (ms)
2026-07-03 20:56:23,591 [INFO] Pass: FixedPoint - 0.00763 (ms)
2026-07-03 20:56:23,591 [INFO] Pass: Size - 0.03624 (ms)
2026-07-03 20:56:23,591 [INFO] Pass: FixedPoint - 0.00453 (ms)
2026-07-03 20:56:23,592 [INFO] Pass: Optimize1qGatesDecomposition - 0.07272 (ms)
2026-07-03 20:56:23,592 [INFO] Pass: InverseCancellation - 0.00715 (ms)
2026-07-03 20:56:23,592 [INFO] Pass: GatesInBasis - 0.44131 (ms)
2026-07-03 20:56:23,592 [INFO] Pass: Depth - 0.09179 (ms)
2026-07-03 20:56:23,592 [INFO] Pass: FixedPoint - 0.00525 (ms)
2026-07-03 20:56:23,592 [INFO] Pass: Size - 0.03457 (ms)
2026-07-03 20:56:23,592 [INFO] Pass: FixedPoint - 0.00429 (ms)
2026-07-03 20:56:23,592 [INFO] Pass: ContainsInstruction - 0.00477 (ms)
2026-07-03 20:56:23,593 [INFO] Total Transpile Time - 59.08489 (ms)
2026-07-03 20:56:23,647 [INFO] Pass: ContainsInstruction - 0.00668 (ms)
2026-07-03 20:56:23,648 [INFO] Pass: InverseCancellation - 0.11659 (ms)
2026-07-03 20:56:23,648 [INFO] Pass: UnitarySynthesis - 0.00429 (ms)
2026-07-03 20:56:23,649 [INFO] Pass: HighLevelSynthesis - 0.80061 (ms)
2026-07-03 20:56:23,649 [INFO] Pass: BasisTranslator - 0.58365 (ms)
2026-07-03 20:56:23,649 [INFO] Pass: Depth - 0.10204 (ms)
2026-07-03 20:56:23,649 [INFO] Pass: FixedPoint - 0.00691 (ms)
2026-07-03 20:56:23,649 [INFO] Pass: Size - 0.03600 (ms)
2026-07-03 20:56:23,649 [INFO] Pass: FixedPoint - 0.00429 (ms)
2026-07-03 20:56:23,650 [INFO] Pass: Optimize1qGatesDecomposition - 0.81277 (ms)
2026-07-03 20:56:23,650 [INFO] Pass: InverseCancellation - 0.09966 (ms)
2026-07-03 20:56:23,651 [INFO] Pass: GatesInBasis - 0.47064 (ms)
2026-07-03 20:56:23,651 [INFO] Pass: Depth - 0.09680 (ms)
2026-07-03 20:56:23,651 [INFO] Pass: FixedPoint - 0.00525 (ms)
2026-07-03 20:56:23,651 [INFO] Pass: Size - 0.03648 (ms)
2026-07-03 20:56:23,651 [INFO] Pass: FixedPoint - 0.00429 (ms)
2026-07-03 20:56:23,651 [INFO] Pass: ContainsInstruction - 0.00429 (ms)
2026-07-03 20:56:23,652 [INFO] Total Transpile Time - 58.80094 (ms)
2026-07-03 20:56:23,706 [INFO] Pass: ContainsInstruction - 0.00620 (ms)
2026-07-03 20:56:23,706 [INFO] Pass: InverseCancellation - 0.11826 (ms)
2026-07-03 20:56:23,706 [INFO] Pass: UnitarySynthesis - 0.00381 (ms)
2026-07-03 20:56:23,707 [INFO] Pass: HighLevelSynthesis - 0.84758 (ms)
2026-07-03 20:56:23,708 [INFO] Pass: BasisTranslator - 0.62013 (ms)
2026-07-03 20:56:23,708 [INFO] Pass: Depth - 0.10800 (ms)
2026-07-03 20:56:23,708 [INFO] Pass: FixedPoint - 0.00668 (ms)
2026-07-03 20:56:23,708 [INFO] Pass: Size - 0.03839 (ms)
2026-07-03 20:56:23,708 [INFO] Pass: FixedPoint - 0.00453 (ms)
2026-07-03 20:56:23,709 [INFO] Pass: Optimize1qGatesDecomposition - 0.94008 (ms)
2026-07-03 20:56:23,709 [INFO] Pass: InverseCancellation - 0.00668 (ms)
2026-07-03 20:56:23,710 [INFO] Pass: GatesInBasis - 0.46444 (ms)
2026-07-03 20:56:23,710 [INFO] Pass: Depth - 0.09942 (ms)
2026-07-03 20:56:23,710 [INFO] Pass: FixedPoint - 0.00572 (ms)
2026-07-03 20:56:23,710 [INFO] Pass: Size - 0.03624 (ms)
2026-07-03 20:56:23,710 [INFO] Pass: FixedPoint - 0.00429 (ms)
2026-07-03 20:56:23,711 [INFO] Pass: Optimize1qGatesDecomposition - 0.78535 (ms)
2026-07-03 20:56:23,711 [INFO] Pass: InverseCancellation - 0.00596 (ms)
2026-07-03 20:56:23,711 [INFO] Pass: GatesInBasis - 0.45824 (ms)
2026-07-03 20:56:23,712 [INFO] Pass: Depth - 0.09561 (ms)
2026-07-03 20:56:23,712 [INFO] Pass: FixedPoint - 0.00477 (ms)
2026-07-03 20:56:23,712 [INFO] Pass: Size - 0.03505 (ms)
2026-07-03 20:56:23,712 [INFO] Pass: FixedPoint - 0.00405 (ms)
2026-07-03 20:56:23,712 [INFO] Pass: ContainsInstruction - 0.00477 (ms)
2026-07-03 20:56:23,713 [INFO] Total Transpile Time - 60.38737 (ms)
2026-07-03 21:14:57,566 [INFO] Pass: ContainsInstruction - 0.00858 (ms)
2026-07-03 21:14:57,566 [INFO] Pass: InverseCancellation - 0.00978 (ms)
2026-07-03 21:14:57,566 [INFO] Pass: UnitarySynthesis - 0.00429 (ms)
2026-07-03 21:14:57,567 [INFO] Pass: HighLevelSynthesis - 0.73957 (ms)
2026-07-03 21:14:57,567 [INFO] Pass: BasisTranslator - 0.42081 (ms)
2026-07-03 21:14:57,567 [INFO] Pass: Depth - 0.10443 (ms)
2026-07-03 21:14:57,567 [INFO] Pass: FixedPoint - 0.00811 (ms)
2026-07-03 21:14:57,567 [INFO] Pass: Size - 0.03529 (ms)
2026-07-03 21:14:57,567 [INFO] Pass: FixedPoint - 0.00501 (ms)
2026-07-03 21:14:57,567 [INFO] Pass: Optimize1qGatesDecomposition - 0.07343 (ms)
2026-07-03 21:14:57,568 [INFO] Pass: InverseCancellation - 0.00668 (ms)
2026-07-03 21:14:57,568 [INFO] Pass: GatesInBasis - 0.42176 (ms)
2026-07-03 21:14:57,568 [INFO] Pass: Depth - 0.08965 (ms)
2026-07-03 21:14:57,568 [INFO] Pass: FixedPoint - 0.00525 (ms)
2026-07-03 21:14:57,568 [INFO] Pass: Size - 0.03338 (ms)
2026-07-03 21:14:57,568 [INFO] Pass: FixedPoint - 0.00429 (ms)
2026-07-03 21:14:57,568 [INFO] Pass: ContainsInstruction - 0.00453 (ms)
2026-07-03 21:14:57,569 [INFO] Total Transpile Time - 58.79545 (ms)
2026-07-03 21:14:57,623 [INFO] Pass: ContainsInstruction - 0.00644 (ms)
2026-07-03 21:14:57,624 [INFO] Pass: InverseCancellation - 0.11516 (ms)
2026-07-03 21:14:57,624 [INFO] Pass: UnitarySynthesis - 0.00381 (ms)
2026-07-03 21:14:57,625 [INFO] Pass: HighLevelSynthesis - 0.78750 (ms)
2026-07-03 21:14:57,625 [INFO] Pass: BasisTranslator - 0.59104 (ms)
2026-07-03 21:14:57,625 [INFO] Pass: Depth - 0.10300 (ms)
2026-07-03 21:14:57,625 [INFO] Pass: FixedPoint - 0.01121 (ms)
2026-07-03 21:14:57,625 [INFO] Pass: Size - 0.03695 (ms)
2026-07-03 21:14:57,625 [INFO] Pass: FixedPoint - 0.00453 (ms)
2026-07-03 21:14:57,626 [INFO] Pass: Optimize1qGatesDecomposition - 0.81706 (ms)
2026-07-03 21:14:57,626 [INFO] Pass: InverseCancellation - 0.10085 (ms)
2026-07-03 21:14:57,627 [INFO] Pass: GatesInBasis - 0.45180 (ms)
2026-07-03 21:14:57,627 [INFO] Pass: Depth - 0.09561 (ms)
2026-07-03 21:14:57,627 [INFO] Pass: FixedPoint - 0.00525 (ms)
2026-07-03 21:14:57,627 [INFO] Pass: Size - 0.03576 (ms)
2026-07-03 21:14:57,627 [INFO] Pass: FixedPoint - 0.00453 (ms)
2026-07-03 21:14:57,627 [INFO] Pass: ContainsInstruction - 0.00429 (ms)
2026-07-03 21:14:57,628 [INFO] Total Transpile Time - 58.89010 (ms)
2026-07-03 21:14:57,682 [INFO] Pass: ContainsInstruction - 0.00620 (ms)
2026-07-03 21:14:57,682 [INFO] Pass: InverseCancellation - 0.11945 (ms)
2026-07-03 21:14:57,682 [INFO] Pass: UnitarySynthesis - 0.00381 (ms)
2026-07-03 21:14:57,683 [INFO] Pass: HighLevelSynthesis - 0.87523 (ms)
2026-07-03 21:14:57,684 [INFO] Pass: BasisTranslator - 0.62776 (ms)
2026-07-03 21:14:57,684 [INFO] Pass: Depth - 0.10800 (ms)
2026-07-03 21:14:57,684 [INFO] Pass: FixedPoint - 0.00715 (ms)
2026-07-03 21:14:57,684 [INFO] Pass: Size - 0.03839 (ms)
2026-07-03 21:14:57,684 [INFO] Pass: FixedPoint - 0.00429 (ms)
2026-07-03 21:14:57,685 [INFO] Pass: Optimize1qGatesDecomposition - 0.94271 (ms)
2026-07-03 21:14:57,685 [INFO] Pass: InverseCancellation - 0.00691 (ms)
2026-07-03 21:14:57,686 [INFO] Pass: GatesInBasis - 0.46539 (ms)
2026-07-03 21:14:57,686 [INFO] Pass: Depth - 0.09823 (ms)
2026-07-03 21:14:57,686 [INFO] Pass: FixedPoint - 0.00548 (ms)
2026-07-03 21:14:57,686 [INFO] Pass: Size - 0.03552 (ms)
2026-07-03 21:14:57,686 [INFO] Pass: FixedPoint - 0.00405 (ms)
2026-07-03 21:14:57,687 [INFO] Pass: Optimize1qGatesDecomposition - 0.78225 (ms)
2026-07-03 21:14:57,687 [INFO] Pass: InverseCancellation - 0.00572 (ms)
2026-07-03 21:14:57,687 [INFO] Pass: GatesInBasis - 0.47898 (ms)
2026-07-03 21:14:57,688 [INFO] Pass: Depth - 0.09513 (ms)
2026-07-03 21:14:57,688 [INFO] Pass: FixedPoint - 0.00477 (ms)
2026-07-03 21:14:57,688 [INFO] Pass: Size - 0.03529 (ms)
2026-07-03 21:14:57,688 [INFO] Pass: FixedPoint - 0.00381 (ms)
2026-07-03 21:14:57,688 [INFO] Pass: ContainsInstruction - 0.00453 (ms)
2026-07-03 21:14:57,688 [INFO] Total Transpile Time - 60.34970 (ms)
2026-07-03 21:33:36,480 [INFO] Pass: ContainsInstruction - 0.00811 (ms)
2026-07-03 21:33:36,481 [INFO] Pass: InverseCancellation - 0.01001 (ms)
2026-07-03 21:33:36,481 [INFO] Pass: UnitarySynthesis - 0.00405 (ms)
2026-07-03 21:33:36,481 [INFO] Pass: HighLevelSynthesis - 0.73791 (ms)
2026-07-03 21:33:36,482 [INFO] Pass: BasisTranslator - 0.54479 (ms)
2026-07-03 21:33:36,482 [INFO] Pass: Depth - 0.10848 (ms)
2026-07-03 21:33:36,482 [INFO] Pass: FixedPoint - 0.00763 (ms)
2026-07-03 21:33:36,482 [INFO] Pass: Size - 0.03624 (ms)
2026-07-03 21:33:36,482 [INFO] Pass: FixedPoint - 0.00453 (ms)
2026-07-03 21:33:36,482 [INFO] Pass: Optimize1qGatesDecomposition - 0.07415 (ms)
2026-07-03 21:33:36,482 [INFO] Pass: InverseCancellation - 0.00620 (ms)
2026-07-03 21:33:36,483 [INFO] Pass: GatesInBasis - 0.41795 (ms)
2026-07-03 21:33:36,483 [INFO] Pass: Depth - 0.09179 (ms)
2026-07-03 21:33:36,483 [INFO] Pass: FixedPoint - 0.00477 (ms)
2026-07-03 21:33:36,483 [INFO] Pass: Size - 0.03314 (ms)
2026-07-03 21:33:36,483 [INFO] Pass: FixedPoint - 0.00405 (ms)
2026-07-03 21:33:36,483 [INFO] Pass: ContainsInstruction - 0.00453 (ms)
2026-07-03 21:33:36,484 [INFO] Total Transpile Time - 59.28493 (ms)
2026-07-03 21:33:36,538 [INFO] Pass: ContainsInstruction - 0.00620 (ms)
2026-07-03 21:33:36,538 [INFO] Pass: InverseCancellation - 0.11444 (ms)
2026-07-03 21:33:36,538 [INFO] Pass: UnitarySynthesis - 0.00405 (ms)
2026-07-03 21:33:36,539 [INFO] Pass: HighLevelSynthesis - 0.78058 (ms)
2026-07-03 21:33:36,540 [INFO] Pass: BasisTranslator - 0.58794 (ms)
2026-07-03 21:33:36,540 [INFO] Pass: Depth - 0.10252 (ms)
2026-07-03 21:33:36,540 [INFO] Pass: FixedPoint - 0.00691 (ms)
2026-07-03 21:33:36,540 [INFO] Pass: Size - 0.03648 (ms)
2026-07-03 21:33:36,540 [INFO] Pass: FixedPoint - 0.00453 (ms)
2026-07-03 21:33:36,541 [INFO] Pass: Optimize1qGatesDecomposition - 0.82731 (ms)
2026-07-03 21:33:36,541 [INFO] Pass: InverseCancellation - 0.10204 (ms)
2026-07-03 21:33:36,542 [INFO] Pass: GatesInBasis - 0.47636 (ms)
2026-07-03 21:33:36,542 [INFO] Pass: Depth - 0.09727 (ms)
2026-07-03 21:33:36,542 [INFO] Pass: FixedPoint - 0.00525 (ms)
2026-07-03 21:33:36,542 [INFO] Pass: Size - 0.03552 (ms)
2026-07-03 21:33:36,542 [INFO] Pass: FixedPoint - 0.00429 (ms)
2026-07-03 21:33:36,542 [INFO] Pass: ContainsInstruction - 0.00429 (ms)
2026-07-03 21:33:36,543 [INFO] Total Transpile Time - 58.61235 (ms)
2026-07-03 21:33:36,597 [INFO] Pass: ContainsInstruction - 0.00620 (ms)
2026-07-03 21:33:36,597 [INFO] Pass: InverseCancellation - 0.11826 (ms)
2026-07-03 21:33:36,597 [INFO] Pass: UnitarySynthesis - 0.00405 (ms)
2026-07-03 21:33:36,598 [INFO] Pass: HighLevelSynthesis - 0.85211 (ms)
2026-07-03 21:33:36,599 [INFO] Pass: BasisTranslator - 0.62847 (ms)
2026-07-03 21:33:36,599 [INFO] Pass: Depth - 0.10824 (ms)
2026-07-03 21:33:36,599 [INFO] Pass: FixedPoint - 0.00668 (ms)
2026-07-03 21:33:36,599 [INFO] Pass: Size - 0.03839 (ms)
2026-07-03 21:33:36,599 [INFO] Pass: FixedPoint - 0.00453 (ms)
2026-07-03 21:33:36,600 [INFO] Pass: Optimize1qGatesDecomposition - 0.93508 (ms)
2026-07-03 21:33:36,600 [INFO] Pass: InverseCancellation - 0.00644 (ms)
2026-07-03 21:33:36,601 [INFO] Pass: GatesInBasis - 0.46110 (ms)
2026-07-03 21:33:36,601 [INFO] Pass: Depth - 0.09942 (ms)
2026-07-03 21:33:36,601 [INFO] Pass: FixedPoint - 0.00548 (ms)
2026-07-03 21:33:36,601 [INFO] Pass: Size - 0.03576 (ms)
2026-07-03 21:33:36,601 [INFO] Pass: FixedPoint - 0.00405 (ms)
2026-07-03 21:33:36,602 [INFO] Pass: Optimize1qGatesDecomposition - 0.77868 (ms)
2026-07-03 21:33:36,602 [INFO] Pass: InverseCancellation - 0.00596 (ms)
2026-07-03 21:33:36,602 [INFO] Pass: GatesInBasis - 0.47374 (ms)
2026-07-03 21:33:36,602 [INFO] Pass: Depth - 0.09942 (ms)
2026-07-03 21:33:36,602 [INFO] Pass: FixedPoint - 0.00501 (ms)
2026-07-03 21:33:36,603 [INFO] Pass: Size - 0.03576 (ms)
2026-07-03 21:33:36,603 [INFO] Pass: FixedPoint - 0.00429 (ms)
2026-07-03 21:33:36,603 [INFO] Pass: ContainsInstruction - 0.00453 (ms)
2026-07-03 21:33:36,603 [INFO] Total Transpile Time - 60.59694 (ms)
2026-07-03 21:52:10,897 [INFO] Pass: ContainsInstruction - 0.00858 (ms)
2026-07-03 21:52:10,897 [INFO] Pass: InverseCancellation - 0.00954 (ms)
2026-07-03 21:52:10,897 [INFO] Pass: UnitarySynthesis - 0.00405 (ms)
2026-07-03 21:52:10,898 [INFO] Pass: HighLevelSynthesis - 0.74077 (ms)
2026-07-03 21:52:10,898 [INFO] Pass: BasisTranslator - 0.54383 (ms)
2026-07-03 21:52:10,899 [INFO] Pass: Depth - 0.10705 (ms)
2026-07-03 21:52:10,899 [INFO] Pass: FixedPoint - 0.00739 (ms)
2026-07-03 21:52:10,899 [INFO] Pass: Size - 0.03624 (ms)
2026-07-03 21:52:10,899 [INFO] Pass: FixedPoint - 0.00477 (ms)
2026-07-03 21:52:10,899 [INFO] Pass: Optimize1qGatesDecomposition - 0.07463 (ms)
2026-07-03 21:52:10,899 [INFO] Pass: InverseCancellation - 0.00644 (ms)
2026-07-03 21:52:10,899 [INFO] Pass: GatesInBasis - 0.44441 (ms)
2026-07-03 21:52:10,899 [INFO] Pass: Depth - 0.09656 (ms)
2026-07-03 21:52:10,899 [INFO] Pass: FixedPoint - 0.00525 (ms)
2026-07-03 21:52:10,900 [INFO] Pass: Size - 0.03457 (ms)
2026-07-03 21:52:10,900 [INFO] Pass: FixedPoint - 0.00453 (ms)
2026-07-03 21:52:10,900 [INFO] Pass: ContainsInstruction - 0.00453 (ms)
2026-07-03 21:52:10,900 [INFO] Total Transpile Time - 59.37743 (ms)
2026-07-03 21:52:10,954 [INFO] Pass: ContainsInstruction - 0.00644 (ms)
2026-07-03 21:52:10,955 [INFO] Pass: InverseCancellation - 0.11396 (ms)
2026-07-03 21:52:10,955 [INFO] Pass: UnitarySynthesis - 0.00381 (ms)
2026-07-03 21:52:10,956 [INFO] Pass: HighLevelSynthesis - 0.79966 (ms)
2026-07-03 21:52:10,956 [INFO] Pass: BasisTranslator - 0.78201 (ms)
2026-07-03 21:52:10,956 [INFO] Pass: Depth - 0.10443 (ms)
2026-07-03 21:52:10,957 [INFO] Pass: FixedPoint - 0.00691 (ms)
2026-07-03 21:52:10,957 [INFO] Pass: Size - 0.03648 (ms)
2026-07-03 21:52:10,957 [INFO] Pass: FixedPoint - 0.00477 (ms)
2026-07-03 21:52:10,957 [INFO] Pass: Optimize1qGatesDecomposition - 0.81539 (ms)
2026-07-03 21:52:10,958 [INFO] Pass: InverseCancellation - 0.10276 (ms)
2026-07-03 21:52:10,958 [INFO] Pass: GatesInBasis - 0.47612 (ms)
2026-07-03 21:52:10,958 [INFO] Pass: Depth - 0.09680 (ms)
2026-07-03 21:52:10,958 [INFO] Pass: FixedPoint - 0.00548 (ms)
2026-07-03 21:52:10,958 [INFO] Pass: Size - 0.03600 (ms)
2026-07-03 21:52:10,958 [INFO] Pass: FixedPoint - 0.00429 (ms)
2026-07-03 21:52:10,958 [INFO] Pass: ContainsInstruction - 0.00477 (ms)
2026-07-03 21:52:10,959 [INFO] Total Transpile Time - 58.79188 (ms)
2026-07-03 21:52:11,013 [INFO] Pass: ContainsInstruction - 0.00596 (ms)
2026-07-03 21:52:11,014 [INFO] Pass: InverseCancellation - 0.12302 (ms)
2026-07-03 21:52:11,014 [INFO] Pass: UnitarySynthesis - 0.00429 (ms)
2026-07-03 21:52:11,015 [INFO] Pass: HighLevelSynthesis - 1.13440 (ms)
2026-07-03 21:52:11,015 [INFO] Pass: BasisTranslator - 0.65947 (ms)
2026-07-03 21:52:11,016 [INFO] Pass: Depth - 0.10920 (ms)
2026-07-03 21:52:11,016 [INFO] Pass: FixedPoint - 0.00715 (ms)
2026-07-03 21:52:11,016 [INFO] Pass: Size - 0.03982 (ms)
2026-07-03 21:52:11,016 [INFO] Pass: FixedPoint - 0.00477 (ms)
2026-07-03 21:52:11,017 [INFO] Pass: Optimize1qGatesDecomposition - 1.06692 (ms)
2026-07-03 21:52:11,017 [INFO] Pass: InverseCancellation - 0.00763 (ms)
2026-07-03 21:52:11,018 [INFO] Pass: GatesInBasis - 0.52905 (ms)
2026-07-03 21:52:11,018 [INFO] Pass: Depth - 0.09966 (ms)
2026-07-03 21:52:11,018 [INFO] Pass: FixedPoint - 0.00548 (ms)
2026-07-03 21:52:11,018 [INFO] Pass: Size - 0.03743 (ms)
2026-07-03 21:52:11,018 [INFO] Pass: FixedPoint - 0.00453 (ms)
2026-07-03 21:52:11,019 [INFO] Pass: Optimize1qGatesDecomposition - 0.87786 (ms)
2026-07-03 21:52:11,019 [INFO] Pass: InverseCancellation - 0.00739 (ms)
2026-07-03 21:52:11,019 [INFO] Pass: GatesInBasis - 0.50855 (ms)
2026-07-03 21:52:11,019 [INFO] Pass: Depth - 0.09823 (ms)
2026-07-03 21:52:11,020 [INFO] Pass: FixedPoint - 0.00525 (ms)
2026-07-03 21:52:11,020 [INFO] Pass: Size - 0.03695 (ms)
2026-07-03 21:52:11,020 [INFO] Pass: FixedPoint - 0.00453 (ms)
2026-07-03 21:52:11,020 [INFO] Pass: ContainsInstruction - 0.00501 (ms)
2026-07-03 21:52:11,021 [INFO] Total Transpile Time - 61.18369 (ms)
2026-07-03 22:10:47,810 [INFO] Pass: ContainsInstruction - 0.00787 (ms)
2026-07-03 22:10:47,811 [INFO] Pass: InverseCancellation - 0.00954 (ms)
2026-07-03 22:10:47,811 [INFO] Pass: UnitarySynthesis - 0.00405 (ms)
2026-07-03 22:10:47,812 [INFO] Pass: HighLevelSynthesis - 0.74744 (ms)
2026-07-03 22:10:47,812 [INFO] Pass: BasisTranslator - 0.54765 (ms)
2026-07-03 22:10:47,812 [INFO] Pass: Depth - 0.10896 (ms)
2026-07-03 22:10:47,812 [INFO] Pass: FixedPoint - 0.00763 (ms)
2026-07-03 22:10:47,812 [INFO] Pass: Size - 0.03648 (ms)
2026-07-03 22:10:47,812 [INFO] Pass: FixedPoint - 0.00477 (ms)
2026-07-03 22:10:47,813 [INFO] Pass: Optimize1qGatesDecomposition - 0.07582 (ms)
2026-07-03 22:10:47,813 [INFO] Pass: InverseCancellation - 0.00691 (ms)
2026-07-03 22:10:47,813 [INFO] Pass: GatesInBasis - 0.44489 (ms)
2026-07-03 22:10:47,813 [INFO] Pass: Depth - 0.09322 (ms)
2026-07-03 22:10:47,813 [INFO] Pass: FixedPoint - 0.00525 (ms)
2026-07-03 22:10:47,813 [INFO] Pass: Size - 0.03457 (ms)
2026-07-03 22:10:47,813 [INFO] Pass: FixedPoint - 0.00429 (ms)
2026-07-03 22:10:47,813 [INFO] Pass: ContainsInstruction - 0.00477 (ms)
2026-07-03 22:10:47,814 [INFO] Total Transpile Time - 59.50928 (ms)
2026-07-03 22:10:47,869 [INFO] Pass: ContainsInstruction - 0.00644 (ms)
2026-07-03 22:10:47,869 [INFO] Pass: InverseCancellation - 0.11587 (ms)
2026-07-03 22:10:47,869 [INFO] Pass: UnitarySynthesis - 0.00381 (ms)
2026-07-03 22:10:47,870 [INFO] Pass: HighLevelSynthesis - 0.78964 (ms)
2026-07-03 22:10:47,871 [INFO] Pass: BasisTranslator - 0.59366 (ms)
2026-07-03 22:10:47,871 [INFO] Pass: Depth - 0.10467 (ms)
2026-07-03 22:10:47,871 [INFO] Pass: FixedPoint - 0.00668 (ms)
2026-07-03 22:10:47,871 [INFO] Pass: Size - 0.03743 (ms)
2026-07-03 22:10:47,871 [INFO] Pass: FixedPoint - 0.00477 (ms)
2026-07-03 22:10:47,872 [INFO] Pass: Optimize1qGatesDecomposition - 0.89598 (ms)
2026-07-03 22:10:47,872 [INFO] Pass: InverseCancellation - 0.10586 (ms)
2026-07-03 22:10:47,873 [INFO] Pass: GatesInBasis - 0.51808 (ms)
2026-07-03 22:10:47,873 [INFO] Pass: Depth - 0.09894 (ms)
2026-07-03 22:10:47,873 [INFO] Pass: FixedPoint - 0.00548 (ms)
2026-07-03 22:10:47,873 [INFO] Pass: Size - 0.03695 (ms)
2026-07-03 22:10:47,873 [INFO] Pass: FixedPoint - 0.00429 (ms)
2026-07-03 22:10:47,873 [INFO] Pass: ContainsInstruction - 0.00453 (ms)
2026-07-03 22:10:47,874 [INFO] Total Transpile Time - 59.37672 (ms)
2026-07-03 22:10:47,928 [INFO] Pass: ContainsInstruction - 0.00596 (ms)
2026-07-03 22:10:47,929 [INFO] Pass: InverseCancellation - 0.11945 (ms)
2026-07-03 22:10:47,929 [INFO] Pass: UnitarySynthesis - 0.00405 (ms)
2026-07-03 22:10:47,929 [INFO] Pass: HighLevelSynthesis - 0.85735 (ms)
2026-07-03 22:10:47,930 [INFO] Pass: BasisTranslator - 0.61560 (ms)
2026-07-03 22:10:47,930 [INFO] Pass: Depth - 0.10920 (ms)
2026-07-03 22:10:47,930 [INFO] Pass: FixedPoint - 0.00691 (ms)
2026-07-03 22:10:47,930 [INFO] Pass: Size - 0.03934 (ms)
2026-07-03 22:10:47,930 [INFO] Pass: FixedPoint - 0.00429 (ms)
2026-07-03 22:10:47,931 [INFO] Pass: Optimize1qGatesDecomposition - 0.94700 (ms)
2026-07-03 22:10:47,932 [INFO] Pass: InverseCancellation - 0.00691 (ms)
2026-07-03 22:10:47,932 [INFO] Pass: GatesInBasis - 0.47946 (ms)
2026-07-03 22:10:47,932 [INFO] Pass: Depth - 0.09942 (ms)
2026-07-03 22:10:47,932 [INFO] Pass: FixedPoint - 0.00525 (ms)
2026-07-03 22:10:47,932 [INFO] Pass: Size - 0.03600 (ms)
2026-07-03 22:10:47,932 [INFO] Pass: FixedPoint - 0.00405 (ms)
2026-07-03 22:10:47,933 [INFO] Pass: Optimize1qGatesDecomposition - 0.78225 (ms)
2026-07-03 22:10:47,933 [INFO] Pass: InverseCancellation - 0.00596 (ms)
2026-07-03 22:10:47,934 [INFO] Pass: GatesInBasis - 0.47946 (ms)
2026-07-03 22:10:47,934 [INFO] Pass: Depth - 0.09656 (ms)
2026-07-03 22:10:47,934 [INFO] Pass: FixedPoint - 0.00501 (ms)
2026-07-03 22:10:47,934 [INFO] Pass: Size - 0.03576 (ms)
2026-07-03 22:10:47,934 [INFO] Pass: FixedPoint - 0.00405 (ms)
2026-07-03 22:10:47,934 [INFO] Pass: ContainsInstruction - 0.00429 (ms)
2026-07-03 22:10:47,935 [INFO] Total Transpile Time - 61.06114 (ms)
2026-07-03 22:29:24,038 [INFO] Pass: ContainsInstruction - 0.00811 (ms)
2026-07-03 22:29:24,038 [INFO] Pass: InverseCancellation - 0.01025 (ms)
2026-07-03 22:29:24,038 [INFO] Pass: UnitarySynthesis - 0.00381 (ms)
2026-07-03 22:29:24,039 [INFO] Pass: HighLevelSynthesis - 0.74410 (ms)
2026-07-03 22:29:24,039 [INFO] Pass: BasisTranslator - 0.42820 (ms)
2026-07-03 22:29:24,039 [INFO] Pass: Depth - 0.10920 (ms)
2026-07-03 22:29:24,039 [INFO] Pass: FixedPoint - 0.00763 (ms)
2026-07-03 22:29:24,040 [INFO] Pass: Size - 0.03552 (ms)
2026-07-03 22:29:24,040 [INFO] Pass: FixedPoint - 0.00453 (ms)
2026-07-03 22:29:24,040 [INFO] Pass: Optimize1qGatesDecomposition - 0.07367 (ms)
2026-07-03 22:29:24,040 [INFO] Pass: InverseCancellation - 0.00596 (ms)
2026-07-03 22:29:24,040 [INFO] Pass: GatesInBasis - 0.43750 (ms)
2026-07-03 22:29:24,040 [INFO] Pass: Depth - 0.08941 (ms)
2026-07-03 22:29:24,040 [INFO] Pass: FixedPoint - 0.00477 (ms)
2026-07-03 22:29:24,040 [INFO] Pass: Size - 0.03362 (ms)
2026-07-03 22:29:24,040 [INFO] Pass: FixedPoint - 0.00429 (ms)
2026-07-03 22:29:24,040 [INFO] Pass: ContainsInstruction - 0.00477 (ms)
2026-07-03 22:29:24,041 [INFO] Total Transpile Time - 59.07512 (ms)
2026-07-03 22:29:24,096 [INFO] Pass: ContainsInstruction - 0.00620 (ms)
2026-07-03 22:29:24,096 [INFO] Pass: InverseCancellation - 0.11444 (ms)
2026-07-03 22:29:24,096 [INFO] Pass: UnitarySynthesis - 0.00429 (ms)
2026-07-03 22:29:24,097 [INFO] Pass: HighLevelSynthesis - 0.79513 (ms)
2026-07-03 22:29:24,097 [INFO] Pass: BasisTranslator - 0.58556 (ms)
2026-07-03 22:29:24,098 [INFO] Pass: Depth - 0.10300 (ms)
2026-07-03 22:29:24,098 [INFO] Pass: FixedPoint - 0.00715 (ms)
2026-07-03 22:29:24,098 [INFO] Pass: Size - 0.03624 (ms)
2026-07-03 22:29:24,098 [INFO] Pass: FixedPoint - 0.00453 (ms)
2026-07-03 22:29:24,099 [INFO] Pass: Optimize1qGatesDecomposition - 0.81205 (ms)
2026-07-03 22:29:24,099 [INFO] Pass: InverseCancellation - 0.10085 (ms)
2026-07-03 22:29:24,099 [INFO] Pass: GatesInBasis - 0.44966 (ms)
2026-07-03 22:29:24,099 [INFO] Pass: Depth - 0.09656 (ms)
2026-07-03 22:29:24,099 [INFO] Pass: FixedPoint - 0.00882 (ms)
2026-07-03 22:29:24,099 [INFO] Pass: Size - 0.03672 (ms)
2026-07-03 22:29:24,099 [INFO] Pass: FixedPoint - 0.00405 (ms)
2026-07-03 22:29:24,100 [INFO] Pass: ContainsInstruction - 0.00453 (ms)
2026-07-03 22:29:24,100 [INFO] Total Transpile Time - 58.93946 (ms)
2026-07-03 22:29:24,154 [INFO] Pass: ContainsInstruction - 0.00596 (ms)
2026-07-03 22:29:24,155 [INFO] Pass: InverseCancellation - 0.11921 (ms)
2026-07-03 22:29:24,155 [INFO] Pass: UnitarySynthesis - 0.00381 (ms)
2026-07-03 22:29:24,155 [INFO] Pass: HighLevelSynthesis - 0.85473 (ms)
2026-07-03 22:29:24,156 [INFO] Pass: BasisTranslator - 0.61393 (ms)
2026-07-03 22:29:24,156 [INFO] Pass: Depth - 0.10753 (ms)
2026-07-03 22:29:24,156 [INFO] Pass: FixedPoint - 0.00691 (ms)
2026-07-03 22:29:24,156 [INFO] Pass: Size - 0.04363 (ms)
2026-07-03 22:29:24,156 [INFO] Pass: FixedPoint - 0.00453 (ms)
2026-07-03 22:29:24,157 [INFO] Pass: Optimize1qGatesDecomposition - 0.93937 (ms)
2026-07-03 22:29:24,157 [INFO] Pass: InverseCancellation - 0.00715 (ms)
2026-07-03 22:29:24,158 [INFO] Pass: GatesInBasis - 0.48089 (ms)
2026-07-03 22:29:24,158 [INFO] Pass: Depth - 0.09942 (ms)
2026-07-03 22:29:24,158 [INFO] Pass: FixedPoint - 0.00525 (ms)
2026-07-03 22:29:24,158 [INFO] Pass: Size - 0.03600 (ms)
2026-07-03 22:29:24,158 [INFO] Pass: FixedPoint - 0.00453 (ms)
2026-07-03 22:29:24,159 [INFO] Pass: Optimize1qGatesDecomposition - 0.77868 (ms)
2026-07-03 22:29:24,159 [INFO] Pass: InverseCancellation - 0.00596 (ms)
2026-07-03 22:29:24,160 [INFO] Pass: GatesInBasis - 0.47970 (ms)
2026-07-03 22:29:24,160 [INFO] Pass: Depth - 0.09561 (ms)
2026-07-03 22:29:24,160 [INFO] Pass: FixedPoint - 0.00477 (ms)
2026-07-03 22:29:24,160 [INFO] Pass: Size - 0.03576 (ms)
2026-07-03 22:29:24,160 [INFO] Pass: FixedPoint - 0.00429 (ms)
2026-07-03 22:29:24,160 [INFO] Pass: ContainsInstruction - 0.00429 (ms)
2026-07-03 22:29:24,161 [INFO] Total Transpile Time - 60.38475 (ms)
2026-07-03 22:48:12,089 [INFO] Pass: ContainsInstruction - 0.00811 (ms)
2026-07-03 22:48:12,089 [INFO] Pass: InverseCancellation - 0.00978 (ms)
2026-07-03 22:48:12,089 [INFO] Pass: UnitarySynthesis - 0.00429 (ms)
2026-07-03 22:48:12,090 [INFO] Pass: HighLevelSynthesis - 0.73814 (ms)
2026-07-03 22:48:12,091 [INFO] Pass: BasisTranslator - 0.42343 (ms)
2026-07-03 22:48:12,091 [INFO] Pass: Depth - 0.10490 (ms)
2026-07-03 22:48:12,091 [INFO] Pass: FixedPoint - 0.00763 (ms)
2026-07-03 22:48:12,091 [INFO] Pass: Size - 0.03529 (ms)
2026-07-03 22:48:12,091 [INFO] Pass: FixedPoint - 0.00453 (ms)
2026-07-03 22:48:12,091 [INFO] Pass: Optimize1qGatesDecomposition - 0.07272 (ms)
2026-07-03 22:48:12,091 [INFO] Pass: InverseCancellation - 0.00596 (ms)
2026-07-03 22:48:12,092 [INFO] Pass: GatesInBasis - 0.44227 (ms)
2026-07-03 22:48:12,092 [INFO] Pass: Depth - 0.09036 (ms)
2026-07-03 22:48:12,092 [INFO] Pass: FixedPoint - 0.00477 (ms)
2026-07-03 22:48:12,092 [INFO] Pass: Size - 0.03362 (ms)
2026-07-03 22:48:12,092 [INFO] Pass: FixedPoint - 0.00453 (ms)
2026-07-03 22:48:12,092 [INFO] Pass: ContainsInstruction - 0.00477 (ms)
2026-07-03 22:48:12,093 [INFO] Total Transpile Time - 58.88200 (ms)
2026-07-03 22:48:12,147 [INFO] Pass: ContainsInstruction - 0.00620 (ms)
2026-07-03 22:48:12,147 [INFO] Pass: InverseCancellation - 0.11587 (ms)
2026-07-03 22:48:12,147 [INFO] Pass: UnitarySynthesis - 0.00381 (ms)
2026-07-03 22:48:12,148 [INFO] Pass: HighLevelSynthesis - 0.78773 (ms)
2026-07-03 22:48:12,149 [INFO] Pass: BasisTranslator - 0.58794 (ms)
2026-07-03 22:48:12,149 [INFO] Pass: Depth - 0.10252 (ms)
2026-07-03 22:48:12,149 [INFO] Pass: FixedPoint - 0.00691 (ms)
2026-07-03 22:48:12,149 [INFO] Pass: Size - 0.03695 (ms)
2026-07-03 22:48:12,149 [INFO] Pass: FixedPoint - 0.00453 (ms)
2026-07-03 22:48:12,150 [INFO] Pass: Optimize1qGatesDecomposition - 0.81348 (ms)
2026-07-03 22:48:12,150 [INFO] Pass: InverseCancellation - 0.10109 (ms)
2026-07-03 22:48:12,151 [INFO] Pass: GatesInBasis - 0.47922 (ms)
2026-07-03 22:48:12,151 [INFO] Pass: Depth - 0.09799 (ms)
2026-07-03 22:48:12,151 [INFO] Pass: FixedPoint - 0.00525 (ms)
2026-07-03 22:48:12,151 [INFO] Pass: Size - 0.03600 (ms)
2026-07-03 22:48:12,151 [INFO] Pass: FixedPoint - 0.00453 (ms)
2026-07-03 22:48:12,151 [INFO] Pass: ContainsInstruction - 0.00429 (ms)
2026-07-03 22:48:12,152 [INFO] Total Transpile Time - 58.97927 (ms)
2026-07-03 22:48:12,206 [INFO] Pass: ContainsInstruction - 0.00668 (ms)
2026-07-03 22:48:12,206 [INFO] Pass: InverseCancellation - 0.11802 (ms)
2026-07-03 22:48:12,206 [INFO] Pass: UnitarySynthesis - 0.00381 (ms)
2026-07-03 22:48:12,207 [INFO] Pass: HighLevelSynthesis - 0.85616 (ms)
2026-07-03 22:48:12,208 [INFO] Pass: BasisTranslator - 0.61917 (ms)
2026-07-03 22:48:12,208 [INFO] Pass: Depth - 0.10824 (ms)
2026-07-03 22:48:12,208 [INFO] Pass: FixedPoint - 0.00691 (ms)
2026-07-03 22:48:12,208 [INFO] Pass: Size - 0.03886 (ms)
2026-07-03 22:48:12,208 [INFO] Pass: FixedPoint - 0.00453 (ms)
2026-07-03 22:48:12,209 [INFO] Pass: Optimize1qGatesDecomposition - 0.93365 (ms)
2026-07-03 22:48:12,209 [INFO] Pass: InverseCancellation - 0.00668 (ms)
2026-07-03 22:48:12,209 [INFO] Pass: GatesInBasis - 0.48161 (ms)
2026-07-03 22:48:12,210 [INFO] Pass: Depth - 0.09871 (ms)
2026-07-03 22:48:12,210 [INFO] Pass: FixedPoint - 0.00525 (ms)
2026-07-03 22:48:12,210 [INFO] Pass: Size - 0.03600 (ms)
2026-07-03 22:48:12,210 [INFO] Pass: FixedPoint - 0.00429 (ms)
2026-07-03 22:48:12,211 [INFO] Pass: Optimize1qGatesDecomposition - 0.77343 (ms)
2026-07-03 22:48:12,211 [INFO] Pass: InverseCancellation - 0.00572 (ms)
2026-07-03 22:48:12,211 [INFO] Pass: GatesInBasis - 0.45228 (ms)
2026-07-03 22:48:12,211 [INFO] Pass: Depth - 0.09537 (ms)
2026-07-03 22:48:12,211 [INFO] Pass: FixedPoint - 0.00453 (ms)
2026-07-03 22:48:12,211 [INFO] Pass: Size - 0.03576 (ms)
2026-07-03 22:48:12,211 [INFO] Pass: FixedPoint - 0.00405 (ms)
2026-07-03 22:48:12,211 [INFO] Pass: ContainsInstruction - 0.00811 (ms)
2026-07-03 22:48:12,212 [INFO] Total Transpile Time - 60.26077 (ms)
2026-07-03 23:06:55,792 [INFO] Pass: ContainsInstruction - 0.00787 (ms)
2026-07-03 23:06:55,792 [INFO] Pass: InverseCancellation - 0.01049 (ms)
2026-07-03 23:06:55,792 [INFO] Pass: UnitarySynthesis - 0.00453 (ms)
2026-07-03 23:06:55,793 [INFO] Pass: HighLevelSynthesis - 0.75006 (ms)
2026-07-03 23:06:55,793 [INFO] Pass: BasisTranslator - 0.56720 (ms)
2026-07-03 23:06:55,794 [INFO] Pass: Depth - 0.10920 (ms)
2026-07-03 23:06:55,794 [INFO] Pass: FixedPoint - 0.00787 (ms)
2026-07-03 23:06:55,794 [INFO] Pass: Size - 0.03672 (ms)
2026-07-03 23:06:55,794 [INFO] Pass: FixedPoint - 0.00501 (ms)
2026-07-03 23:06:55,794 [INFO] Pass: Optimize1qGatesDecomposition - 0.07772 (ms)
2026-07-03 23:06:55,794 [INFO] Pass: InverseCancellation - 0.00668 (ms)
2026-07-03 23:06:55,794 [INFO] Pass: GatesInBasis - 0.49019 (ms)
2026-07-03 23:06:55,795 [INFO] Pass: Depth - 0.09060 (ms)
2026-07-03 23:06:55,795 [INFO] Pass: FixedPoint - 0.00477 (ms)
2026-07-03 23:06:55,795 [INFO] Pass: Size - 0.03338 (ms)
2026-07-03 23:06:55,795 [INFO] Pass: FixedPoint - 0.00429 (ms)
2026-07-03 23:06:55,795 [INFO] Pass: ContainsInstruction - 0.00453 (ms)
2026-07-03 23:06:55,795 [INFO] Total Transpile Time - 59.10110 (ms)
2026-07-03 23:06:55,849 [INFO] Pass: ContainsInstruction - 0.00620 (ms)
2026-07-03 23:06:55,850 [INFO] Pass: InverseCancellation - 0.11396 (ms)
2026-07-03 23:06:55,850 [INFO] Pass: UnitarySynthesis - 0.00381 (ms)
2026-07-03 23:06:55,851 [INFO] Pass: HighLevelSynthesis - 0.80323 (ms)
2026-07-03 23:06:55,851 [INFO] Pass: BasisTranslator - 0.58675 (ms)
2026-07-03 23:06:55,851 [INFO] Pass: Depth - 0.10324 (ms)
2026-07-03 23:06:55,851 [INFO] Pass: FixedPoint - 0.00668 (ms)
2026-07-03 23:06:55,851 [INFO] Pass: Size - 0.03743 (ms)
2026-07-03 23:06:55,852 [INFO] Pass: FixedPoint - 0.00453 (ms)
2026-07-03 23:06:55,852 [INFO] Pass: Optimize1qGatesDecomposition - 0.81062 (ms)
2026-07-03 23:06:55,853 [INFO] Pass: InverseCancellation - 0.10085 (ms)
2026-07-03 23:06:55,853 [INFO] Pass: GatesInBasis - 0.47088 (ms)
2026-07-03 23:06:55,853 [INFO] Pass: Depth - 0.09704 (ms)
2026-07-03 23:06:55,853 [INFO] Pass: FixedPoint - 0.00525 (ms)
2026-07-03 23:06:55,853 [INFO] Pass: Size - 0.03648 (ms)
2026-07-03 23:06:55,853 [INFO] Pass: FixedPoint - 0.00405 (ms)
2026-07-03 23:06:55,853 [INFO] Pass: ContainsInstruction - 0.00453 (ms)
2026-07-03 23:06:55,854 [INFO] Total Transpile Time - 58.56681 (ms)
2026-07-03 23:06:55,908 [INFO] Pass: ContainsInstruction - 0.01025 (ms)
2026-07-03 23:06:55,909 [INFO] Pass: InverseCancellation - 0.11826 (ms)
2026-07-03 23:06:55,909 [INFO] Pass: UnitarySynthesis - 0.00405 (ms)
2026-07-03 23:06:55,910 [INFO] Pass: HighLevelSynthesis - 0.85092 (ms)
2026-07-03 23:06:55,910 [INFO] Pass: BasisTranslator - 0.62394 (ms)
2026-07-03 23:06:55,910 [INFO] Pass: Depth - 0.10800 (ms)
2026-07-03 23:06:55,910 [INFO] Pass: FixedPoint - 0.00668 (ms)
2026-07-03 23:06:55,910 [INFO] Pass: Size - 0.03958 (ms)
2026-07-03 23:06:55,910 [INFO] Pass: FixedPoint - 0.00429 (ms)
2026-07-03 23:06:55,911 [INFO] Pass: Optimize1qGatesDecomposition - 0.93746 (ms)
2026-07-03 23:06:55,912 [INFO] Pass: InverseCancellation - 0.00691 (ms)
2026-07-03 23:06:55,912 [INFO] Pass: GatesInBasis - 0.47612 (ms)
2026-07-03 23:06:55,912 [INFO] Pass: Depth - 0.09871 (ms)
2026-07-03 23:06:55,912 [INFO] Pass: FixedPoint - 0.00548 (ms)
2026-07-03 23:06:55,912 [INFO] Pass: Size - 0.03624 (ms)
2026-07-03 23:06:55,912 [INFO] Pass: FixedPoint - 0.00405 (ms)
2026-07-03 23:06:55,913 [INFO] Pass: Optimize1qGatesDecomposition - 0.77343 (ms)
2026-07-03 23:06:55,913 [INFO] Pass: InverseCancellation - 0.00596 (ms)
2026-07-03 23:06:55,914 [INFO] Pass: GatesInBasis - 0.47708 (ms)
2026-07-03 23:06:55,914 [INFO] Pass: Depth - 0.09561 (ms)
2026-07-03 23:06:55,914 [INFO] Pass: FixedPoint - 0.00501 (ms)
2026-07-03 23:06:55,914 [INFO] Pass: Size - 0.03552 (ms)
2026-07-03 23:06:55,914 [INFO] Pass: FixedPoint - 0.00405 (ms)
2026-07-03 23:06:55,914 [INFO] Pass: ContainsInstruction - 0.00429 (ms)
2026-07-03 23:06:55,915 [INFO] Total Transpile Time - 60.58455 (ms)
2026-07-03 23:25:34,641 [INFO] Pass: ContainsInstruction - 0.00811 (ms)
2026-07-03 23:25:34,641 [INFO] Pass: InverseCancellation - 0.00906 (ms)
2026-07-03 23:25:34,641 [INFO] Pass: UnitarySynthesis - 0.00429 (ms)
2026-07-03 23:25:34,642 [INFO] Pass: HighLevelSynthesis - 0.72384 (ms)
2026-07-03 23:25:34,643 [INFO] Pass: BasisTranslator - 0.42248 (ms)
2026-07-03 23:25:34,643 [INFO] Pass: Depth - 0.10562 (ms)
2026-07-03 23:25:34,643 [INFO] Pass: FixedPoint - 0.00763 (ms)
2026-07-03 23:25:34,643 [INFO] Pass: Size - 0.03624 (ms)
2026-07-03 23:25:34,643 [INFO] Pass: FixedPoint - 0.00453 (ms)
2026-07-03 23:25:34,643 [INFO] Pass: Optimize1qGatesDecomposition - 0.07296 (ms)
2026-07-03 23:25:34,643 [INFO] Pass: InverseCancellation - 0.00644 (ms)
2026-07-03 23:25:34,643 [INFO] Pass: GatesInBasis - 0.42248 (ms)
2026-07-03 23:25:34,644 [INFO] Pass: Depth - 0.09203 (ms)
2026-07-03 23:25:34,644 [INFO] Pass: FixedPoint - 0.00501 (ms)
2026-07-03 23:25:34,644 [INFO] Pass: Size - 0.03409 (ms)
2026-07-03 23:25:34,644 [INFO] Pass: FixedPoint - 0.00405 (ms)
2026-07-03 23:25:34,644 [INFO] Pass: ContainsInstruction - 0.00429 (ms)
2026-07-03 23:25:34,645 [INFO] Total Transpile Time - 59.36337 (ms)
2026-07-03 23:25:34,699 [INFO] Pass: ContainsInstruction - 0.00644 (ms)
2026-07-03 23:25:34,699 [INFO] Pass: InverseCancellation - 0.11492 (ms)
2026-07-03 23:25:34,699 [INFO] Pass: UnitarySynthesis - 0.00429 (ms)
2026-07-03 23:25:34,700 [INFO] Pass: HighLevelSynthesis - 0.78535 (ms)
2026-07-03 23:25:34,701 [INFO] Pass: BasisTranslator - 0.58007 (ms)
2026-07-03 23:25:34,701 [INFO] Pass: Depth - 0.10395 (ms)
2026-07-03 23:25:34,701 [INFO] Pass: FixedPoint - 0.00715 (ms)
2026-07-03 23:25:34,701 [INFO] Pass: Size - 0.03695 (ms)
2026-07-03 23:25:34,701 [INFO] Pass: FixedPoint - 0.00429 (ms)
2026-07-03 23:25:34,702 [INFO] Pass: Optimize1qGatesDecomposition - 0.81539 (ms)
2026-07-03 23:25:34,702 [INFO] Pass: InverseCancellation - 0.10133 (ms)
2026-07-03 23:25:34,702 [INFO] Pass: GatesInBasis - 0.47874 (ms)
2026-07-03 23:25:34,703 [INFO] Pass: Depth - 0.09727 (ms)
2026-07-03 23:25:34,703 [INFO] Pass: FixedPoint - 0.00525 (ms)
2026-07-03 23:25:34,703 [INFO] Pass: Size - 0.03624 (ms)
2026-07-03 23:25:34,703 [INFO] Pass: FixedPoint - 0.00453 (ms)
2026-07-03 23:25:34,703 [INFO] Pass: ContainsInstruction - 0.00477 (ms)
2026-07-03 23:25:34,703 [INFO] Total Transpile Time - 58.80356 (ms)
2026-07-03 23:25:34,758 [INFO] Pass: ContainsInstruction - 0.00620 (ms)
2026-07-03 23:25:34,758 [INFO] Pass: InverseCancellation - 0.11921 (ms)
2026-07-03 23:25:34,758 [INFO] Pass: UnitarySynthesis - 0.00381 (ms)
2026-07-03 23:25:34,759 [INFO] Pass: HighLevelSynthesis - 0.84376 (ms)
2026-07-03 23:25:34,760 [INFO] Pass: BasisTranslator - 0.61488 (ms)
2026-07-03 23:25:34,760 [INFO] Pass: Depth - 0.10753 (ms)
2026-07-03 23:25:34,760 [INFO] Pass: FixedPoint - 0.00668 (ms)
2026-07-03 23:25:34,760 [INFO] Pass: Size - 0.03886 (ms)
2026-07-03 23:25:34,760 [INFO] Pass: FixedPoint - 0.00429 (ms)
2026-07-03 23:25:34,761 [INFO] Pass: Optimize1qGatesDecomposition - 0.93818 (ms)
2026-07-03 23:25:34,761 [INFO] Pass: InverseCancellation - 0.00644 (ms)
2026-07-03 23:25:34,762 [INFO] Pass: GatesInBasis - 0.48423 (ms)
2026-07-03 23:25:34,762 [INFO] Pass: Depth - 0.09894 (ms)
2026-07-03 23:25:34,762 [INFO] Pass: FixedPoint - 0.00548 (ms)
2026-07-03 23:25:34,762 [INFO] Pass: Size - 0.03576 (ms)
2026-07-03 23:25:34,762 [INFO] Pass: FixedPoint - 0.00429 (ms)
2026-07-03 23:25:34,763 [INFO] Pass: Optimize1qGatesDecomposition - 0.78130 (ms)
2026-07-03 23:25:34,763 [INFO] Pass: InverseCancellation - 0.00596 (ms)
2026-07-03 23:25:34,763 [INFO] Pass: GatesInBasis - 0.47541 (ms)
2026-07-03 23:25:34,763 [INFO] Pass: Depth - 0.10061 (ms)
2026-07-03 23:25:34,763 [INFO] Pass: FixedPoint - 0.00501 (ms)
2026-07-03 23:25:34,764 [INFO] Pass: Size - 0.03529 (ms)
2026-07-03 23:25:34,764 [INFO] Pass: FixedPoint - 0.00405 (ms)
2026-07-03 23:25:34,764 [INFO] Pass: ContainsInstruction - 0.00429 (ms)
2026-07-03 23:25:34,764 [INFO] Total Transpile Time - 60.85205 (ms)
2026-07-03 23:44:20,118 [INFO] Pass: ContainsInstruction - 0.00811 (ms)
2026-07-03 23:44:20,119 [INFO] Pass: InverseCancellation - 0.00954 (ms)
2026-07-03 23:44:20,119 [INFO] Pass: UnitarySynthesis - 0.00381 (ms)
2026-07-03 23:44:20,119 [INFO] Pass: HighLevelSynthesis - 0.72408 (ms)
2026-07-03 23:44:20,120 [INFO] Pass: BasisTranslator - 0.53644 (ms)
2026-07-03 23:44:20,120 [INFO] Pass: Depth - 0.10514 (ms)
2026-07-03 23:44:20,120 [INFO] Pass: FixedPoint - 0.00763 (ms)
2026-07-03 23:44:20,120 [INFO] Pass: Size - 0.03695 (ms)
2026-07-03 23:44:20,120 [INFO] Pass: FixedPoint - 0.00477 (ms)
2026-07-03 23:44:20,120 [INFO] Pass: Optimize1qGatesDecomposition - 0.07200 (ms)
2026-07-03 23:44:20,120 [INFO] Pass: InverseCancellation - 0.00620 (ms)
2026-07-03 23:44:20,121 [INFO] Pass: GatesInBasis - 0.44227 (ms)
2026-07-03 23:44:20,121 [INFO] Pass: Depth - 0.09084 (ms)
2026-07-03 23:44:20,121 [INFO] Pass: FixedPoint - 0.00477 (ms)
2026-07-03 23:44:20,121 [INFO] Pass: Size - 0.03314 (ms)
2026-07-03 23:44:20,121 [INFO] Pass: FixedPoint - 0.00405 (ms)
2026-07-03 23:44:20,121 [INFO] Pass: ContainsInstruction - 0.00405 (ms)
2026-07-03 23:44:20,122 [INFO] Total Transpile Time - 58.82716 (ms)
2026-07-03 23:44:20,176 [INFO] Pass: ContainsInstruction - 0.00620 (ms)
2026-07-03 23:44:20,176 [INFO] Pass: InverseCancellation - 0.11373 (ms)
2026-07-03 23:44:20,176 [INFO] Pass: UnitarySynthesis - 0.00429 (ms)
2026-07-03 23:44:20,177 [INFO] Pass: HighLevelSynthesis - 0.78416 (ms)
2026-07-03 23:44:20,178 [INFO] Pass: BasisTranslator - 0.78797 (ms)
2026-07-03 23:44:20,178 [INFO] Pass: Depth - 0.10443 (ms)
2026-07-03 23:44:20,178 [INFO] Pass: FixedPoint - 0.00739 (ms)
2026-07-03 23:44:20,178 [INFO] Pass: Size - 0.03719 (ms)
2026-07-03 23:44:20,178 [INFO] Pass: FixedPoint - 0.00453 (ms)
2026-07-03 23:44:20,179 [INFO] Pass: Optimize1qGatesDecomposition - 0.81682 (ms)
2026-07-03 23:44:20,179 [INFO] Pass: InverseCancellation - 0.10014 (ms)
2026-07-03 23:44:20,180 [INFO] Pass: GatesInBasis - 0.47922 (ms)
2026-07-03 23:44:20,180 [INFO] Pass: Depth - 0.09727 (ms)
2026-07-03 23:44:20,180 [INFO] Pass: FixedPoint - 0.00501 (ms)
2026-07-03 23:44:20,180 [INFO] Pass: Size - 0.03552 (ms)
2026-07-03 23:44:20,180 [INFO] Pass: FixedPoint - 0.00405 (ms)
2026-07-03 23:44:20,180 [INFO] Pass: ContainsInstruction - 0.00477 (ms)
2026-07-03 23:44:20,181 [INFO] Total Transpile Time - 58.81476 (ms)
2026-07-03 23:44:20,235 [INFO] Pass: ContainsInstruction - 0.00620 (ms)
2026-07-03 23:44:20,235 [INFO] Pass: InverseCancellation - 0.11945 (ms)
2026-07-03 23:44:20,235 [INFO] Pass: UnitarySynthesis - 0.00405 (ms)
2026-07-03 23:44:20,236 [INFO] Pass: HighLevelSynthesis - 0.85664 (ms)
2026-07-03 23:44:20,237 [INFO] Pass: BasisTranslator - 0.61798 (ms)
2026-07-03 23:44:20,237 [INFO] Pass: Depth - 0.10753 (ms)
2026-07-03 23:44:20,237 [INFO] Pass: FixedPoint - 0.00715 (ms)
2026-07-03 23:44:20,237 [INFO] Pass: Size - 0.03910 (ms)
2026-07-03 23:44:20,237 [INFO] Pass: FixedPoint - 0.00453 (ms)
2026-07-03 23:44:20,238 [INFO] Pass: Optimize1qGatesDecomposition - 0.94199 (ms)
2026-07-03 23:44:20,238 [INFO] Pass: InverseCancellation - 0.00644 (ms)
2026-07-03 23:44:20,239 [INFO] Pass: GatesInBasis - 0.48280 (ms)
2026-07-03 23:44:20,239 [INFO] Pass: Depth - 0.09990 (ms)
2026-07-03 23:44:20,239 [INFO] Pass: FixedPoint - 0.00501 (ms)
2026-07-03 23:44:20,239 [INFO] Pass: Size - 0.03552 (ms)
2026-07-03 23:44:20,239 [INFO] Pass: FixedPoint - 0.00405 (ms)
2026-07-03 23:44:20,240 [INFO] Pass: Optimize1qGatesDecomposition - 0.77367 (ms)
2026-07-03 23:44:20,240 [INFO] Pass: InverseCancellation - 0.00620 (ms)
2026-07-03 23:44:20,240 [INFO] Pass: GatesInBasis - 0.47374 (ms)
2026-07-03 23:44:20,240 [INFO] Pass: Depth - 0.09918 (ms)
2026-07-03 23:44:20,240 [INFO] Pass: FixedPoint - 0.00477 (ms)
2026-07-03 23:44:20,240 [INFO] Pass: Size - 0.03576 (ms)
2026-07-03 23:44:20,240 [INFO] Pass: FixedPoint - 0.00429 (ms)
2026-07-03 23:44:20,241 [INFO] Pass: ContainsInstruction - 0.00453 (ms)
2026-07-03 23:44:20,241 [INFO] Total Transpile Time - 60.40001 (ms)
2026-07-04 00:02:56,780 [INFO] Pass: ContainsInstruction - 0.00787 (ms)
2026-07-04 00:02:56,780 [INFO] Pass: InverseCancellation - 0.00978 (ms)
2026-07-04 00:02:56,780 [INFO] Pass: UnitarySynthesis - 0.00429 (ms)
2026-07-04 00:02:56,781 [INFO] Pass: HighLevelSynthesis - 0.74244 (ms)
2026-07-04 00:02:56,782 [INFO] Pass: BasisTranslator - 0.42367 (ms)
2026-07-04 00:02:56,782 [INFO] Pass: Depth - 0.10681 (ms)
2026-07-04 00:02:56,782 [INFO] Pass: FixedPoint - 0.00763 (ms)
2026-07-04 00:02:56,782 [INFO] Pass: Size - 0.03529 (ms)
2026-07-04 00:02:56,782 [INFO] Pass: FixedPoint - 0.00477 (ms)
2026-07-04 00:02:56,782 [INFO] Pass: Optimize1qGatesDecomposition - 0.07319 (ms)
2026-07-04 00:02:56,782 [INFO] Pass: InverseCancellation - 0.00620 (ms)
2026-07-04 00:02:56,782 [INFO] Pass: GatesInBasis - 0.44227 (ms)
2026-07-04 00:02:56,783 [INFO] Pass: Depth - 0.08965 (ms)
2026-07-04 00:02:56,783 [INFO] Pass: FixedPoint - 0.00501 (ms)
2026-07-04 00:02:56,783 [INFO] Pass: Size - 0.03314 (ms)
2026-07-04 00:02:56,783 [INFO] Pass: FixedPoint - 0.00405 (ms)
2026-07-04 00:02:56,783 [INFO] Pass: ContainsInstruction - 0.00453 (ms)
2026-07-04 00:02:56,784 [INFO] Total Transpile Time - 79.34976 (ms)
2026-07-04 00:02:56,838 [INFO] Pass: ContainsInstruction - 0.00668 (ms)
2026-07-04 00:02:56,838 [INFO] Pass: InverseCancellation - 0.11349 (ms)
2026-07-04 00:02:56,838 [INFO] Pass: UnitarySynthesis - 0.00405 (ms)
2026-07-04 00:02:56,839 [INFO] Pass: HighLevelSynthesis - 0.79179 (ms)
2026-07-04 00:02:56,840 [INFO] Pass: BasisTranslator - 0.78869 (ms)
2026-07-04 00:02:56,840 [INFO] Pass: Depth - 0.10443 (ms)
2026-07-04 00:02:56,840 [INFO] Pass: FixedPoint - 0.00691 (ms)
2026-07-04 00:02:56,840 [INFO] Pass: Size - 0.03695 (ms)
2026-07-04 00:02:56,840 [INFO] Pass: FixedPoint - 0.00477 (ms)
2026-07-04 00:02:56,841 [INFO] Pass: Optimize1qGatesDecomposition - 0.81778 (ms)
2026-07-04 00:02:56,841 [INFO] Pass: InverseCancellation - 0.10133 (ms)
2026-07-04 00:02:56,841 [INFO] Pass: GatesInBasis - 0.45276 (ms)
2026-07-04 00:02:56,841 [INFO] Pass: Depth - 0.09751 (ms)
2026-07-04 00:02:56,842 [INFO] Pass: FixedPoint - 0.00525 (ms)
2026-07-04 00:02:56,842 [INFO] Pass: Size - 0.03600 (ms)
2026-07-04 00:02:56,842 [INFO] Pass: FixedPoint - 0.00429 (ms)
2026-07-04 00:02:56,842 [INFO] Pass: ContainsInstruction - 0.00429 (ms)
2026-07-04 00:02:56,842 [INFO] Total Transpile Time - 58.82072 (ms)
2026-07-04 00:02:56,897 [INFO] Pass: ContainsInstruction - 0.00596 (ms)
2026-07-04 00:02:56,897 [INFO] Pass: InverseCancellation - 0.11921 (ms)
2026-07-04 00:02:56,897 [INFO] Pass: UnitarySynthesis - 0.00405 (ms)
2026-07-04 00:02:56,898 [INFO] Pass: HighLevelSynthesis - 0.85616 (ms)
2026-07-04 00:02:56,898 [INFO] Pass: BasisTranslator - 0.61321 (ms)
2026-07-04 00:02:56,898 [INFO] Pass: Depth - 0.11182 (ms)
2026-07-04 00:02:56,899 [INFO] Pass: FixedPoint - 0.00668 (ms)
2026-07-04 00:02:56,899 [INFO] Pass: Size - 0.03862 (ms)
2026-07-04 00:02:56,899 [INFO] Pass: FixedPoint - 0.00453 (ms)
2026-07-04 00:02:56,900 [INFO] Pass: Optimize1qGatesDecomposition - 0.93317 (ms)
2026-07-04 00:02:56,900 [INFO] Pass: InverseCancellation - 0.00668 (ms)
2026-07-04 00:02:56,900 [INFO] Pass: GatesInBasis - 0.45609 (ms)
2026-07-04 00:02:56,900 [INFO] Pass: Depth - 0.09799 (ms)
2026-07-04 00:02:56,900 [INFO] Pass: FixedPoint - 0.00501 (ms)
2026-07-04 00:02:56,900 [INFO] Pass: Size - 0.04125 (ms)
2026-07-04 00:02:56,900 [INFO] Pass: FixedPoint - 0.00429 (ms)
2026-07-04 00:02:56,901 [INFO] Pass: Optimize1qGatesDecomposition - 0.77200 (ms)
2026-07-04 00:02:56,901 [INFO] Pass: InverseCancellation - 0.00548 (ms)
2026-07-04 00:02:56,902 [INFO] Pass: GatesInBasis - 0.47803 (ms)
2026-07-04 00:02:56,902 [INFO] Pass: Depth - 0.09537 (ms)
2026-07-04 00:02:56,902 [INFO] Pass: FixedPoint - 0.00453 (ms)
2026-07-04 00:02:56,902 [INFO] Pass: Size - 0.03552 (ms)
2026-07-04 00:02:56,902 [INFO] Pass: FixedPoint - 0.00405 (ms)
2026-07-04 00:02:56,902 [INFO] Pass: ContainsInstruction - 0.00453 (ms)
2026-07-04 00:02:56,903 [INFO] Total Transpile Time - 60.37331 (ms)
2026-07-04 00:21:38,869 [INFO] Pass: ContainsInstruction - 0.00882 (ms)
2026-07-04 00:21:38,869 [INFO] Pass: InverseCancellation - 0.00978 (ms)
2026-07-04 00:21:38,869 [INFO] Pass: UnitarySynthesis - 0.00405 (ms)
2026-07-04 00:21:38,870 [INFO] Pass: HighLevelSynthesis - 0.73838 (ms)
2026-07-04 00:21:38,871 [INFO] Pass: BasisTranslator - 0.42629 (ms)
2026-07-04 00:21:38,871 [INFO] Pass: Depth - 0.10085 (ms)
2026-07-04 00:21:38,871 [INFO] Pass: FixedPoint - 0.00787 (ms)
2026-07-04 00:21:38,871 [INFO] Pass: Size - 0.03529 (ms)
2026-07-04 00:21:38,871 [INFO] Pass: FixedPoint - 0.00453 (ms)
2026-07-04 00:21:38,871 [INFO] Pass: Optimize1qGatesDecomposition - 0.07272 (ms)
2026-07-04 00:21:38,871 [INFO] Pass: InverseCancellation - 0.00620 (ms)
2026-07-04 00:21:38,872 [INFO] Pass: GatesInBasis - 0.44179 (ms)
2026-07-04 00:21:38,872 [INFO] Pass: Depth - 0.09036 (ms)
2026-07-04 00:21:38,872 [INFO] Pass: FixedPoint - 0.00477 (ms)
2026-07-04 00:21:38,872 [INFO] Pass: Size - 0.03314 (ms)
2026-07-04 00:21:38,872 [INFO] Pass: FixedPoint - 0.00405 (ms)
2026-07-04 00:21:38,872 [INFO] Pass: ContainsInstruction - 0.00429 (ms)
2026-07-04 00:21:38,873 [INFO] Total Transpile Time - 180.87387 (ms)
2026-07-04 00:21:38,927 [INFO] Pass: ContainsInstruction - 0.00691 (ms)
2026-07-04 00:21:38,927 [INFO] Pass: InverseCancellation - 0.11110 (ms)
2026-07-04 00:21:38,927 [INFO] Pass: UnitarySynthesis - 0.00405 (ms)
2026-07-04 00:21:38,928 [INFO] Pass: HighLevelSynthesis - 0.78368 (ms)
2026-07-04 00:21:38,929 [INFO] Pass: BasisTranslator - 0.45609 (ms)
2026-07-04 00:21:38,929 [INFO] Pass: Depth - 0.09918 (ms)
2026-07-04 00:21:38,929 [INFO] Pass: FixedPoint - 0.00691 (ms)
2026-07-04 00:21:38,929 [INFO] Pass: Size - 0.03600 (ms)
2026-07-04 00:21:38,929 [INFO] Pass: FixedPoint - 0.00453 (ms)
2026-07-04 00:21:38,930 [INFO] Pass: Optimize1qGatesDecomposition - 0.80276 (ms)
2026-07-04 00:21:38,930 [INFO] Pass: InverseCancellation - 0.10014 (ms)
2026-07-04 00:21:38,930 [INFO] Pass: GatesInBasis - 0.47445 (ms)
2026-07-04 00:21:38,930 [INFO] Pass: Depth - 0.09608 (ms)
2026-07-04 00:21:38,931 [INFO] Pass: FixedPoint - 0.00548 (ms)
2026-07-04 00:21:38,931 [INFO] Pass: Size - 0.03576 (ms)
2026-07-04 00:21:38,931 [INFO] Pass: FixedPoint - 0.00405 (ms)
2026-07-04 00:21:38,931 [INFO] Pass: ContainsInstruction - 0.00429 (ms)
2026-07-04 00:21:38,931 [INFO] Total Transpile Time - 58.59685 (ms)
2026-07-04 00:21:38,986 [INFO] Pass: ContainsInstruction - 0.00596 (ms)
2026-07-04 00:21:38,986 [INFO] Pass: InverseCancellation - 0.11420 (ms)
2026-07-04 00:21:38,986 [INFO] Pass: UnitarySynthesis - 0.00429 (ms)
2026-07-04 00:21:38,987 [INFO] Pass: HighLevelSynthesis - 0.84829 (ms)
2026-07-04 00:21:38,987 [INFO] Pass: BasisTranslator - 0.49305 (ms)
2026-07-04 00:21:38,988 [INFO] Pass: Depth - 0.10371 (ms)
2026-07-04 00:21:38,988 [INFO] Pass: FixedPoint - 0.00668 (ms)
2026-07-04 00:21:38,988 [INFO] Pass: Size - 0.03767 (ms)
2026-07-04 00:21:38,988 [INFO] Pass: FixedPoint - 0.00429 (ms)
2026-07-04 00:21:38,989 [INFO] Pass: Optimize1qGatesDecomposition - 0.93389 (ms)
2026-07-04 00:21:38,989 [INFO] Pass: InverseCancellation - 0.00691 (ms)
2026-07-04 00:21:38,989 [INFO] Pass: GatesInBasis - 0.45443 (ms)
2026-07-04 00:21:38,989 [INFO] Pass: Depth - 0.10180 (ms)
2026-07-04 00:21:38,989 [INFO] Pass: FixedPoint - 0.00548 (ms)
2026-07-04 00:21:38,989 [INFO] Pass: Size - 0.03529 (ms)
2026-07-04 00:21:38,990 [INFO] Pass: FixedPoint - 0.00429 (ms)
2026-07-04 00:21:38,990 [INFO] Pass: Optimize1qGatesDecomposition - 0.77343 (ms)
2026-07-04 00:21:38,990 [INFO] Pass: InverseCancellation - 0.00620 (ms)
2026-07-04 00:21:38,991 [INFO] Pass: GatesInBasis - 0.47469 (ms)
2026-07-04 00:21:38,991 [INFO] Pass: Depth - 0.09489 (ms)
2026-07-04 00:21:38,991 [INFO] Pass: FixedPoint - 0.00453 (ms)
2026-07-04 00:21:38,991 [INFO] Pass: Size - 0.03552 (ms)
2026-07-04 00:21:38,991 [INFO] Pass: FixedPoint - 0.00405 (ms)
2026-07-04 00:21:38,991 [INFO] Pass: ContainsInstruction - 0.00477 (ms)
2026-07-04 00:21:38,992 [INFO] Total Transpile Time - 60.42409 (ms)
2026-07-04 00:40:18,076 [INFO] Pass: ContainsInstruction - 0.00811 (ms)
2026-07-04 00:40:18,077 [INFO] Pass: InverseCancellation - 0.00954 (ms)
2026-07-04 00:40:18,077 [INFO] Pass: UnitarySynthesis - 0.00429 (ms)
2026-07-04 00:40:18,078 [INFO] Pass: HighLevelSynthesis - 0.73171 (ms)
2026-07-04 00:40:18,078 [INFO] Pass: BasisTranslator - 0.41914 (ms)
2026-07-04 00:40:18,078 [INFO] Pass: Depth - 0.10467 (ms)
2026-07-04 00:40:18,078 [INFO] Pass: FixedPoint - 0.00715 (ms)
2026-07-04 00:40:18,078 [INFO] Pass: Size - 0.03624 (ms)
2026-07-04 00:40:18,078 [INFO] Pass: FixedPoint - 0.00453 (ms)
2026-07-04 00:40:18,079 [INFO] Pass: Optimize1qGatesDecomposition - 0.07463 (ms)
2026-07-04 00:40:18,079 [INFO] Pass: InverseCancellation - 0.00572 (ms)
2026-07-04 00:40:18,079 [INFO] Pass: GatesInBasis - 0.41819 (ms)
2026-07-04 00:40:18,079 [INFO] Pass: Depth - 0.09108 (ms)
2026-07-04 00:40:18,079 [INFO] Pass: FixedPoint - 0.00477 (ms)
2026-07-04 00:40:18,079 [INFO] Pass: Size - 0.03076 (ms)
2026-07-04 00:40:18,079 [INFO] Pass: FixedPoint - 0.00405 (ms)
2026-07-04 00:40:18,079 [INFO] Pass: ContainsInstruction - 0.00429 (ms)
2026-07-04 00:40:18,080 [INFO] Total Transpile Time - 59.32808 (ms)
2026-07-04 00:40:18,136 [INFO] Pass: ContainsInstruction - 0.00620 (ms)
2026-07-04 00:40:18,136 [INFO] Pass: InverseCancellation - 0.11396 (ms)
2026-07-04 00:40:18,136 [INFO] Pass: UnitarySynthesis - 0.00429 (ms)
2026-07-04 00:40:18,137 [INFO] Pass: HighLevelSynthesis - 0.78344 (ms)
2026-07-04 00:40:18,137 [INFO] Pass: BasisTranslator - 0.44203 (ms)
2026-07-04 00:40:18,137 [INFO] Pass: Depth - 0.09632 (ms)
2026-07-04 00:40:18,137 [INFO] Pass: FixedPoint - 0.00668 (ms)
2026-07-04 00:40:18,137 [INFO] Pass: Size - 0.03195 (ms)
2026-07-04 00:40:18,137 [INFO] Pass: FixedPoint - 0.00429 (ms)
2026-07-04 00:40:18,138 [INFO] Pass: Optimize1qGatesDecomposition - 0.80085 (ms)
2026-07-04 00:40:18,138 [INFO] Pass: InverseCancellation - 0.09847 (ms)
2026-07-04 00:40:18,139 [INFO] Pass: GatesInBasis - 0.47016 (ms)
2026-07-04 00:40:18,139 [INFO] Pass: Depth - 0.09131 (ms)
2026-07-04 00:40:18,139 [INFO] Pass: FixedPoint - 0.00525 (ms)
2026-07-04 00:40:18,139 [INFO] Pass: Size - 0.03147 (ms)
2026-07-04 00:40:18,139 [INFO] Pass: FixedPoint - 0.00405 (ms)
2026-07-04 00:40:18,139 [INFO] Pass: ContainsInstruction - 0.00453 (ms)
2026-07-04 00:40:18,140 [INFO] Total Transpile Time - 59.89099 (ms)
2026-07-04 00:40:18,194 [INFO] Pass: ContainsInstruction - 0.00596 (ms)
2026-07-04 00:40:18,194 [INFO] Pass: InverseCancellation - 0.11921 (ms)
2026-07-04 00:40:18,194 [INFO] Pass: UnitarySynthesis - 0.00381 (ms)
2026-07-04 00:40:18,195 [INFO] Pass: HighLevelSynthesis - 0.83208 (ms)
2026-07-04 00:40:18,196 [INFO] Pass: BasisTranslator - 0.60892 (ms)
2026-07-04 00:40:18,196 [INFO] Pass: Depth - 0.10395 (ms)
2026-07-04 00:40:18,196 [INFO] Pass: FixedPoint - 0.00691 (ms)
2026-07-04 00:40:18,196 [INFO] Pass: Size - 0.03409 (ms)
2026-07-04 00:40:18,196 [INFO] Pass: FixedPoint - 0.00429 (ms)
2026-07-04 00:40:18,197 [INFO] Pass: Optimize1qGatesDecomposition - 0.92769 (ms)
2026-07-04 00:40:18,197 [INFO] Pass: InverseCancellation - 0.00715 (ms)
2026-07-04 00:40:18,198 [INFO] Pass: GatesInBasis - 0.45800 (ms)
2026-07-04 00:40:18,198 [INFO] Pass: Depth - 0.09418 (ms)
2026-07-04 00:40:18,198 [INFO] Pass: FixedPoint - 0.00525 (ms)
2026-07-04 00:40:18,198 [INFO] Pass: Size - 0.03099 (ms)
2026-07-04 00:40:18,198 [INFO] Pass: FixedPoint - 0.00429 (ms)
2026-07-04 00:40:18,199 [INFO] Pass: Optimize1qGatesDecomposition - 0.77057 (ms)
2026-07-04 00:40:18,199 [INFO] Pass: InverseCancellation - 0.00620 (ms)
2026-07-04 00:40:18,199 [INFO] Pass: GatesInBasis - 0.44537 (ms)
2026-07-04 00:40:18,199 [INFO] Pass: Depth - 0.09084 (ms)
2026-07-04 00:40:18,200 [INFO] Pass: FixedPoint - 0.00501 (ms)
2026-07-04 00:40:18,200 [INFO] Pass: Size - 0.03123 (ms)
2026-07-04 00:40:18,200 [INFO] Pass: FixedPoint - 0.00405 (ms)
2026-07-04 00:40:18,200 [INFO] Pass: ContainsInstruction - 0.00477 (ms)
2026-07-04 00:40:18,200 [INFO] Total Transpile Time - 60.25624 (ms)
2026-07-04 00:58:52,803 [INFO] Pass: ContainsInstruction - 0.00834 (ms)
2026-07-04 00:58:52,803 [INFO] Pass: InverseCancellation - 0.00978 (ms)
2026-07-04 00:58:52,803 [INFO] Pass: UnitarySynthesis - 0.00405 (ms)
2026-07-04 00:58:52,804 [INFO] Pass: HighLevelSynthesis - 0.72575 (ms)
2026-07-04 00:58:52,804 [INFO] Pass: BasisTranslator - 0.42486 (ms)
2026-07-04 00:58:52,804 [INFO] Pass: Depth - 0.10037 (ms)
2026-07-04 00:58:52,804 [INFO] Pass: FixedPoint - 0.00763 (ms)
2026-07-04 00:58:52,804 [INFO] Pass: Size - 0.03195 (ms)
2026-07-04 00:58:52,804 [INFO] Pass: FixedPoint - 0.00811 (ms)
2026-07-04 00:58:52,804 [INFO] Pass: Optimize1qGatesDecomposition - 0.06843 (ms)
2026-07-04 00:58:52,805 [INFO] Pass: InverseCancellation - 0.00596 (ms)
2026-07-04 00:58:52,805 [INFO] Pass: GatesInBasis - 0.43726 (ms)
2026-07-04 00:58:52,805 [INFO] Pass: Depth - 0.08607 (ms)
2026-07-04 00:58:52,805 [INFO] Pass: FixedPoint - 0.00477 (ms)
2026-07-04 00:58:52,805 [INFO] Pass: Size - 0.02909 (ms)
2026-07-04 00:58:52,805 [INFO] Pass: FixedPoint - 0.00429 (ms)
2026-07-04 00:58:52,805 [INFO] Pass: ContainsInstruction - 0.00453 (ms)
2026-07-04 00:58:52,806 [INFO] Total Transpile Time - 59.46517 (ms)
2026-07-04 00:58:52,860 [INFO] Pass: ContainsInstruction - 0.00644 (ms)
2026-07-04 00:58:52,860 [INFO] Pass: InverseCancellation - 0.12016 (ms)
2026-07-04 00:58:52,860 [INFO] Pass: UnitarySynthesis - 0.00381 (ms)
2026-07-04 00:58:52,861 [INFO] Pass: HighLevelSynthesis - 0.78082 (ms)
2026-07-04 00:58:52,862 [INFO] Pass: BasisTranslator - 0.45061 (ms)
2026-07-04 00:58:52,862 [INFO] Pass: Depth - 0.09561 (ms)
2026-07-04 00:58:52,862 [INFO] Pass: FixedPoint - 0.00668 (ms)
2026-07-04 00:58:52,862 [INFO] Pass: Size - 0.03171 (ms)
2026-07-04 00:58:52,862 [INFO] Pass: FixedPoint - 0.00429 (ms)
2026-07-04 00:58:52,863 [INFO] Pass: Optimize1qGatesDecomposition - 0.80252 (ms)
2026-07-04 00:58:52,863 [INFO] Pass: InverseCancellation - 0.10085 (ms)
2026-07-04 00:58:52,864 [INFO] Pass: GatesInBasis - 0.45204 (ms)
2026-07-04 00:58:52,864 [INFO] Pass: Depth - 0.09227 (ms)
2026-07-04 00:58:52,864 [INFO] Pass: FixedPoint - 0.00501 (ms)
2026-07-04 00:58:52,864 [INFO] Pass: Size - 0.03147 (ms)
2026-07-04 00:58:52,864 [INFO] Pass: FixedPoint - 0.00405 (ms)
2026-07-04 00:58:52,864 [INFO] Pass: ContainsInstruction - 0.00429 (ms)
2026-07-04 00:58:52,865 [INFO] Total Transpile Time - 58.49957 (ms)
2026-07-04 00:58:52,919 [INFO] Pass: ContainsInstruction - 0.00596 (ms)
2026-07-04 00:58:52,919 [INFO] Pass: InverseCancellation - 0.11897 (ms)
2026-07-04 00:58:52,919 [INFO] Pass: UnitarySynthesis - 0.00381 (ms)
2026-07-04 00:58:52,920 [INFO] Pass: HighLevelSynthesis - 0.84925 (ms)
2026-07-04 00:58:52,920 [INFO] Pass: BasisTranslator - 0.61750 (ms)
2026-07-04 00:58:52,921 [INFO] Pass: Depth - 0.10276 (ms)
2026-07-04 00:58:52,921 [INFO] Pass: FixedPoint - 0.00691 (ms)
2026-07-04 00:58:52,921 [INFO] Pass: Size - 0.03386 (ms)
2026-07-04 00:58:52,921 [INFO] Pass: FixedPoint - 0.00453 (ms)
2026-07-04 00:58:52,922 [INFO] Pass: Optimize1qGatesDecomposition - 0.92697 (ms)
2026-07-04 00:58:52,922 [INFO] Pass: InverseCancellation - 0.00739 (ms)
2026-07-04 00:58:52,922 [INFO] Pass: GatesInBasis - 0.45347 (ms)
2026-07-04 00:58:52,922 [INFO] Pass: Depth - 0.09418 (ms)
2026-07-04 00:58:52,922 [INFO] Pass: FixedPoint - 0.00525 (ms)
2026-07-04 00:58:52,922 [INFO] Pass: Size - 0.03171 (ms)
2026-07-04 00:58:52,922 [INFO] Pass: FixedPoint - 0.00429 (ms)
2026-07-04 00:58:52,923 [INFO] Pass: Optimize1qGatesDecomposition - 0.76580 (ms)
2026-07-04 00:58:52,923 [INFO] Pass: InverseCancellation - 0.00596 (ms)
2026-07-04 00:58:52,924 [INFO] Pass: GatesInBasis - 0.44632 (ms)
2026-07-04 00:58:52,924 [INFO] Pass: Depth - 0.09084 (ms)
2026-07-04 00:58:52,924 [INFO] Pass: FixedPoint - 0.00501 (ms)
2026-07-04 00:58:52,924 [INFO] Pass: Size - 0.03099 (ms)
2026-07-04 00:58:52,924 [INFO] Pass: FixedPoint - 0.00405 (ms)
2026-07-04 00:58:52,924 [INFO] Pass: ContainsInstruction - 0.00429 (ms)
2026-07-04 00:58:52,925 [INFO] Total Transpile Time - 60.18114 (ms)
2026-07-04 01:17:30,906 [INFO] Pass: ContainsInstruction - 0.00811 (ms)
2026-07-04 01:17:30,906 [INFO] Pass: InverseCancellation - 0.01025 (ms)
2026-07-04 01:17:30,906 [INFO] Pass: UnitarySynthesis - 0.00405 (ms)
2026-07-04 01:17:30,907 [INFO] Pass: HighLevelSynthesis - 0.73099 (ms)
2026-07-04 01:17:30,908 [INFO] Pass: BasisTranslator - 0.43106 (ms)
2026-07-04 01:17:30,908 [INFO] Pass: Depth - 0.10180 (ms)
2026-07-04 01:17:30,908 [INFO] Pass: FixedPoint - 0.00739 (ms)
2026-07-04 01:17:30,908 [INFO] Pass: Size - 0.03195 (ms)
2026-07-04 01:17:30,908 [INFO] Pass: FixedPoint - 0.00453 (ms)
2026-07-04 01:17:30,908 [INFO] Pass: Optimize1qGatesDecomposition - 0.06938 (ms)
2026-07-04 01:17:30,908 [INFO] Pass: InverseCancellation - 0.00644 (ms)
2026-07-04 01:17:30,909 [INFO] Pass: GatesInBasis - 0.43964 (ms)
2026-07-04 01:17:30,909 [INFO] Pass: Depth - 0.08750 (ms)
2026-07-04 01:17:30,909 [INFO] Pass: FixedPoint - 0.00477 (ms)
2026-07-04 01:17:30,909 [INFO] Pass: Size - 0.02980 (ms)
2026-07-04 01:17:30,909 [INFO] Pass: FixedPoint - 0.00405 (ms)
2026-07-04 01:17:30,909 [INFO] Pass: ContainsInstruction - 0.00453 (ms)
2026-07-04 01:17:30,910 [INFO] Total Transpile Time - 61.21111 (ms)
2026-07-04 01:17:30,964 [INFO] Pass: ContainsInstruction - 0.00644 (ms)
2026-07-04 01:17:30,964 [INFO] Pass: InverseCancellation - 0.11420 (ms)
2026-07-04 01:17:30,964 [INFO] Pass: UnitarySynthesis - 0.00405 (ms)
2026-07-04 01:17:30,965 [INFO] Pass: HighLevelSynthesis - 0.78726 (ms)
2026-07-04 01:17:30,965 [INFO] Pass: BasisTranslator - 0.46086 (ms)
2026-07-04 01:17:30,966 [INFO] Pass: Depth - 0.09823 (ms)
2026-07-04 01:17:30,966 [INFO] Pass: FixedPoint - 0.00691 (ms)
2026-07-04 01:17:30,966 [INFO] Pass: Size - 0.03219 (ms)
2026-07-04 01:17:30,966 [INFO] Pass: FixedPoint - 0.00429 (ms)
2026-07-04 01:17:30,967 [INFO] Pass: Optimize1qGatesDecomposition - 0.83542 (ms)
2026-07-04 01:17:30,967 [INFO] Pass: InverseCancellation - 0.10371 (ms)
2026-07-04 01:17:30,967 [INFO] Pass: GatesInBasis - 0.44823 (ms)
2026-07-04 01:17:30,967 [INFO] Pass: Depth - 0.09251 (ms)
2026-07-04 01:17:30,967 [INFO] Pass: FixedPoint - 0.01001 (ms)
2026-07-04 01:17:30,967 [INFO] Pass: Size - 0.03171 (ms)
2026-07-04 01:17:30,967 [INFO] Pass: FixedPoint - 0.00405 (ms)
2026-07-04 01:17:30,967 [INFO] Pass: ContainsInstruction - 0.00477 (ms)
2026-07-04 01:17:30,968 [INFO] Total Transpile Time - 58.47311 (ms)
2026-07-04 01:17:31,022 [INFO] Pass: ContainsInstruction - 0.00572 (ms)
2026-07-04 01:17:31,022 [INFO] Pass: InverseCancellation - 0.11969 (ms)
2026-07-04 01:17:31,023 [INFO] Pass: UnitarySynthesis - 0.00405 (ms)
2026-07-04 01:17:31,023 [INFO] Pass: HighLevelSynthesis - 0.84686 (ms)
2026-07-04 01:17:31,024 [INFO] Pass: BasisTranslator - 0.61345 (ms)
2026-07-04 01:17:31,024 [INFO] Pass: Depth - 0.10300 (ms)
2026-07-04 01:17:31,024 [INFO] Pass: FixedPoint - 0.00668 (ms)
2026-07-04 01:17:31,024 [INFO] Pass: Size - 0.03386 (ms)
2026-07-04 01:17:31,024 [INFO] Pass: FixedPoint - 0.00453 (ms)
2026-07-04 01:17:31,025 [INFO] Pass: Optimize1qGatesDecomposition - 0.92053 (ms)
2026-07-04 01:17:31,025 [INFO] Pass: InverseCancellation - 0.00668 (ms)
2026-07-04 01:17:31,026 [INFO] Pass: GatesInBasis - 0.47278 (ms)
2026-07-04 01:17:31,026 [INFO] Pass: Depth - 0.09418 (ms)
2026-07-04 01:17:31,026 [INFO] Pass: FixedPoint - 0.00525 (ms)
2026-07-04 01:17:31,026 [INFO] Pass: Size - 0.03123 (ms)
2026-07-04 01:17:31,026 [INFO] Pass: FixedPoint - 0.00405 (ms)
2026-07-04 01:17:31,027 [INFO] Pass: Optimize1qGatesDecomposition - 0.76818 (ms)
2026-07-04 01:17:31,027 [INFO] Pass: InverseCancellation - 0.00572 (ms)
2026-07-04 01:17:31,028 [INFO] Pass: GatesInBasis - 0.45228 (ms)
2026-07-04 01:17:31,028 [INFO] Pass: Depth - 0.09131 (ms)
2026-07-04 01:17:31,028 [INFO] Pass: FixedPoint - 0.00477 (ms)
2026-07-04 01:17:31,028 [INFO] Pass: Size - 0.03171 (ms)
2026-07-04 01:17:31,028 [INFO] Pass: FixedPoint - 0.00405 (ms)
2026-07-04 01:17:31,028 [INFO] Pass: ContainsInstruction - 0.00477 (ms)
2026-07-04 01:17:31,029 [INFO] Total Transpile Time - 60.25887 (ms)
2026-07-04 01:36:07,442 [INFO] Pass: ContainsInstruction - 0.00858 (ms)
2026-07-04 01:36:07,442 [INFO] Pass: InverseCancellation - 0.00954 (ms)
2026-07-04 01:36:07,442 [INFO] Pass: UnitarySynthesis - 0.00453 (ms)
2026-07-04 01:36:07,443 [INFO] Pass: HighLevelSynthesis - 0.72765 (ms)
2026-07-04 01:36:07,443 [INFO] Pass: BasisTranslator - 0.41413 (ms)
2026-07-04 01:36:07,443 [INFO] Pass: Depth - 0.09990 (ms)
2026-07-04 01:36:07,443 [INFO] Pass: FixedPoint - 0.01073 (ms)
2026-07-04 01:36:07,443 [INFO] Pass: Size - 0.03171 (ms)
2026-07-04 01:36:07,443 [INFO] Pass: FixedPoint - 0.00429 (ms)
2026-07-04 01:36:07,444 [INFO] Pass: Optimize1qGatesDecomposition - 0.06914 (ms)
2026-07-04 01:36:07,444 [INFO] Pass: InverseCancellation - 0.00668 (ms)
2026-07-04 01:36:07,444 [INFO] Pass: GatesInBasis - 0.43559 (ms)
2026-07-04 01:36:07,444 [INFO] Pass: Depth - 0.08607 (ms)
2026-07-04 01:36:07,444 [INFO] Pass: FixedPoint - 0.00477 (ms)
2026-07-04 01:36:07,444 [INFO] Pass: Size - 0.02933 (ms)
2026-07-04 01:36:07,444 [INFO] Pass: FixedPoint - 0.00429 (ms)
2026-07-04 01:36:07,444 [INFO] Pass: ContainsInstruction - 0.00477 (ms)
2026-07-04 01:36:07,445 [INFO] Total Transpile Time - 58.89606 (ms)
2026-07-04 01:36:07,499 [INFO] Pass: ContainsInstruction - 0.00596 (ms)
2026-07-04 01:36:07,499 [INFO] Pass: InverseCancellation - 0.11659 (ms)
2026-07-04 01:36:07,499 [INFO] Pass: UnitarySynthesis - 0.00405 (ms)
2026-07-04 01:36:07,500 [INFO] Pass: HighLevelSynthesis - 0.77772 (ms)
2026-07-04 01:36:07,501 [INFO] Pass: BasisTranslator - 0.44799 (ms)
2026-07-04 01:36:07,501 [INFO] Pass: Depth - 0.09751 (ms)
2026-07-04 01:36:07,501 [INFO] Pass: FixedPoint - 0.00691 (ms)
2026-07-04 01:36:07,501 [INFO] Pass: Size - 0.03195 (ms)
2026-07-04 01:36:07,501 [INFO] Pass: FixedPoint - 0.00477 (ms)
2026-07-04 01:36:07,502 [INFO] Pass: Optimize1qGatesDecomposition - 0.80729 (ms)
2026-07-04 01:36:07,502 [INFO] Pass: InverseCancellation - 0.09942 (ms)
2026-07-04 01:36:07,503 [INFO] Pass: GatesInBasis - 0.47779 (ms)
2026-07-04 01:36:07,503 [INFO] Pass: Depth - 0.09251 (ms)
2026-07-04 01:36:07,503 [INFO] Pass: FixedPoint - 0.00525 (ms)
2026-07-04 01:36:07,503 [INFO] Pass: Size - 0.03147 (ms)
2026-07-04 01:36:07,503 [INFO] Pass: FixedPoint - 0.00429 (ms)
2026-07-04 01:36:07,503 [INFO] Pass: ContainsInstruction - 0.00453 (ms)
2026-07-04 01:36:07,504 [INFO] Total Transpile Time - 58.44903 (ms)
2026-07-04 01:36:07,558 [INFO] Pass: ContainsInstruction - 0.00596 (ms)
2026-07-04 01:36:07,558 [INFO] Pass: InverseCancellation - 0.12016 (ms)
2026-07-04 01:36:07,558 [INFO] Pass: UnitarySynthesis - 0.00405 (ms)
2026-07-04 01:36:07,559 [INFO] Pass: HighLevelSynthesis - 0.84591 (ms)
2026-07-04 01:36:07,559 [INFO] Pass: BasisTranslator - 0.62299 (ms)
2026-07-04 01:36:07,560 [INFO] Pass: Depth - 0.10347 (ms)
2026-07-04 01:36:07,560 [INFO] Pass: FixedPoint - 0.00668 (ms)
2026-07-04 01:36:07,560 [INFO] Pass: Size - 0.03386 (ms)
2026-07-04 01:36:07,560 [INFO] Pass: FixedPoint - 0.00453 (ms)
2026-07-04 01:36:07,561 [INFO] Pass: Optimize1qGatesDecomposition - 0.92673 (ms)
2026-07-04 01:36:07,561 [INFO] Pass: InverseCancellation - 0.00668 (ms)
2026-07-04 01:36:07,561 [INFO] Pass: GatesInBasis - 0.46492 (ms)
2026-07-04 01:36:07,561 [INFO] Pass: Depth - 0.09799 (ms)
2026-07-04 01:36:07,561 [INFO] Pass: FixedPoint - 0.00548 (ms)
2026-07-04 01:36:07,562 [INFO] Pass: Size - 0.03147 (ms)
2026-07-04 01:36:07,562 [INFO] Pass: FixedPoint - 0.00429 (ms)
2026-07-04 01:36:07,562 [INFO] Pass: Optimize1qGatesDecomposition - 0.76842 (ms)
2026-07-04 01:36:07,562 [INFO] Pass: InverseCancellation - 0.00596 (ms)
2026-07-04 01:36:07,563 [INFO] Pass: GatesInBasis - 0.44441 (ms)
2026-07-04 01:36:07,563 [INFO] Pass: Depth - 0.09060 (ms)
2026-07-04 01:36:07,563 [INFO] Pass: FixedPoint - 0.00477 (ms)
2026-07-04 01:36:07,563 [INFO] Pass: Size - 0.03123 (ms)
2026-07-04 01:36:07,563 [INFO] Pass: FixedPoint - 0.00381 (ms)
2026-07-04 01:36:07,563 [INFO] Pass: ContainsInstruction - 0.00453 (ms)
2026-07-04 01:36:07,564 [INFO] Total Transpile Time - 60.24098 (ms)
2026-07-04 01:54:45,975 [INFO] Pass: ContainsInstruction - 0.00787 (ms)
2026-07-04 01:54:45,976 [INFO] Pass: InverseCancellation - 0.01001 (ms)
2026-07-04 01:54:45,976 [INFO] Pass: UnitarySynthesis - 0.00429 (ms)
2026-07-04 01:54:45,976 [INFO] Pass: HighLevelSynthesis - 0.72241 (ms)
2026-07-04 01:54:45,977 [INFO] Pass: BasisTranslator - 0.41580 (ms)
2026-07-04 01:54:45,977 [INFO] Pass: Depth - 0.10157 (ms)
2026-07-04 01:54:45,977 [INFO] Pass: FixedPoint - 0.00787 (ms)
2026-07-04 01:54:45,977 [INFO] Pass: Size - 0.03123 (ms)
2026-07-04 01:54:45,977 [INFO] Pass: FixedPoint - 0.00477 (ms)
2026-07-04 01:54:45,977 [INFO] Pass: Optimize1qGatesDecomposition - 0.06914 (ms)
2026-07-04 01:54:45,977 [INFO] Pass: InverseCancellation - 0.00620 (ms)
2026-07-04 01:54:45,978 [INFO] Pass: GatesInBasis - 0.43797 (ms)
2026-07-04 01:54:45,978 [INFO] Pass: Depth - 0.08702 (ms)
2026-07-04 01:54:45,978 [INFO] Pass: FixedPoint - 0.00501 (ms)
2026-07-04 01:54:45,978 [INFO] Pass: Size - 0.02933 (ms)
2026-07-04 01:54:45,978 [INFO] Pass: FixedPoint - 0.00405 (ms)
2026-07-04 01:54:45,978 [INFO] Pass: ContainsInstruction - 0.00453 (ms)
2026-07-04 01:54:45,979 [INFO] Total Transpile Time - 59.03339 (ms)
2026-07-04 01:54:46,034 [INFO] Pass: ContainsInstruction - 0.00644 (ms)
2026-07-04 01:54:46,034 [INFO] Pass: InverseCancellation - 0.11349 (ms)
2026-07-04 01:54:46,034 [INFO] Pass: UnitarySynthesis - 0.00405 (ms)
2026-07-04 01:54:46,035 [INFO] Pass: HighLevelSynthesis - 0.77748 (ms)
2026-07-04 01:54:46,035 [INFO] Pass: BasisTranslator - 0.57125 (ms)
2026-07-04 01:54:46,035 [INFO] Pass: Depth - 0.09823 (ms)
2026-07-04 01:54:46,035 [INFO] Pass: FixedPoint - 0.00715 (ms)
2026-07-04 01:54:46,035 [INFO] Pass: Size - 0.03386 (ms)
2026-07-04 01:54:46,035 [INFO] Pass: FixedPoint - 0.00453 (ms)
2026-07-04 01:54:46,036 [INFO] Pass: Optimize1qGatesDecomposition - 0.81015 (ms)
2026-07-04 01:54:46,036 [INFO] Pass: InverseCancellation - 0.10133 (ms)
2026-07-04 01:54:46,037 [INFO] Pass: GatesInBasis - 0.47326 (ms)
2026-07-04 01:54:46,037 [INFO] Pass: Depth - 0.09370 (ms)
2026-07-04 01:54:46,037 [INFO] Pass: FixedPoint - 0.00501 (ms)
2026-07-04 01:54:46,037 [INFO] Pass: Size - 0.03147 (ms)
2026-07-04 01:54:46,037 [INFO] Pass: FixedPoint - 0.00405 (ms)
2026-07-04 01:54:46,037 [INFO] Pass: ContainsInstruction - 0.00453 (ms)
2026-07-04 01:54:46,038 [INFO] Total Transpile Time - 59.07059 (ms)
2026-07-04 01:54:46,092 [INFO] Pass: ContainsInstruction - 0.00596 (ms)
2026-07-04 01:54:46,093 [INFO] Pass: InverseCancellation - 0.12183 (ms)
2026-07-04 01:54:46,093 [INFO] Pass: UnitarySynthesis - 0.00405 (ms)
2026-07-04 01:54:46,094 [INFO] Pass: HighLevelSynthesis - 0.85187 (ms)
2026-07-04 01:54:46,094 [INFO] Pass: BasisTranslator - 0.61917 (ms)
2026-07-04 01:54:46,094 [INFO] Pass: Depth - 0.10371 (ms)
2026-07-04 01:54:46,094 [INFO] Pass: FixedPoint - 0.00691 (ms)
2026-07-04 01:54:46,094 [INFO] Pass: Size - 0.03433 (ms)
2026-07-04 01:54:46,095 [INFO] Pass: FixedPoint - 0.00429 (ms)
2026-07-04 01:54:46,095 [INFO] Pass: Optimize1qGatesDecomposition - 0.93865 (ms)
2026-07-04 01:54:46,096 [INFO] Pass: InverseCancellation - 0.00691 (ms)
2026-07-04 01:54:46,096 [INFO] Pass: GatesInBasis - 0.47517 (ms)
2026-07-04 01:54:46,096 [INFO] Pass: Depth - 0.09513 (ms)
2026-07-04 01:54:46,096 [INFO] Pass: FixedPoint - 0.00525 (ms)
2026-07-04 01:54:46,096 [INFO] Pass: Size - 0.03147 (ms)
2026-07-04 01:54:46,096 [INFO] Pass: FixedPoint - 0.00429 (ms)
2026-07-04 01:54:46,097 [INFO] Pass: Optimize1qGatesDecomposition - 0.77105 (ms)
2026-07-04 01:54:46,097 [INFO] Pass: InverseCancellation - 0.00620 (ms)
2026-07-04 01:54:46,098 [INFO] Pass: GatesInBasis - 0.47517 (ms)
2026-07-04 01:54:46,098 [INFO] Pass: Depth - 0.09179 (ms)
2026-07-04 01:54:46,098 [INFO] Pass: FixedPoint - 0.00477 (ms)
2026-07-04 01:54:46,098 [INFO] Pass: Size - 0.03123 (ms)
2026-07-04 01:54:46,098 [INFO] Pass: FixedPoint - 0.00405 (ms)
2026-07-04 01:54:46,098 [INFO] Pass: ContainsInstruction - 0.00429 (ms)
2026-07-04 01:54:46,099 [INFO] Total Transpile Time - 60.61292 (ms)
2026-07-04 02:13:31,022 [INFO] Pass: ContainsInstruction - 0.00882 (ms)
2026-07-04 02:13:31,023 [INFO] Pass: InverseCancellation - 0.01049 (ms)
2026-07-04 02:13:31,023 [INFO] Pass: UnitarySynthesis - 0.00429 (ms)
2026-07-04 02:13:31,023 [INFO] Pass: HighLevelSynthesis - 0.73028 (ms)
2026-07-04 02:13:31,024 [INFO] Pass: BasisTranslator - 0.54240 (ms)
2026-07-04 02:13:31,024 [INFO] Pass: Depth - 0.10347 (ms)
2026-07-04 02:13:31,024 [INFO] Pass: FixedPoint - 0.00834 (ms)
2026-07-04 02:13:31,024 [INFO] Pass: Size - 0.03147 (ms)
2026-07-04 02:13:31,024 [INFO] Pass: FixedPoint - 0.00477 (ms)
2026-07-04 02:13:31,024 [INFO] Pass: Optimize1qGatesDecomposition - 0.06866 (ms)
2026-07-04 02:13:31,025 [INFO] Pass: InverseCancellation - 0.00668 (ms)
2026-07-04 02:13:31,025 [INFO] Pass: GatesInBasis - 0.43249 (ms)
2026-07-04 02:13:31,025 [INFO] Pass: Depth - 0.08678 (ms)
2026-07-04 02:13:31,025 [INFO] Pass: FixedPoint - 0.00501 (ms)
2026-07-04 02:13:31,025 [INFO] Pass: Size - 0.02956 (ms)
2026-07-04 02:13:31,025 [INFO] Pass: FixedPoint - 0.00429 (ms)
2026-07-04 02:13:31,025 [INFO] Pass: ContainsInstruction - 0.00453 (ms)
2026-07-04 02:13:31,026 [INFO] Total Transpile Time - 59.05747 (ms)
2026-07-04 02:13:31,080 [INFO] Pass: ContainsInstruction - 0.00691 (ms)
2026-07-04 02:13:31,081 [INFO] Pass: InverseCancellation - 0.11444 (ms)
2026-07-04 02:13:31,081 [INFO] Pass: UnitarySynthesis - 0.00429 (ms)
2026-07-04 02:13:31,081 [INFO] Pass: HighLevelSynthesis - 0.77152 (ms)
2026-07-04 02:13:31,082 [INFO] Pass: BasisTranslator - 0.57387 (ms)
2026-07-04 02:13:31,082 [INFO] Pass: Depth - 0.09894 (ms)
2026-07-04 02:13:31,082 [INFO] Pass: FixedPoint - 0.00715 (ms)
2026-07-04 02:13:31,082 [INFO] Pass: Size - 0.03290 (ms)
2026-07-04 02:13:31,082 [INFO] Pass: FixedPoint - 0.00453 (ms)
2026-07-04 02:13:31,083 [INFO] Pass: Optimize1qGatesDecomposition - 0.80752 (ms)
2026-07-04 02:13:31,083 [INFO] Pass: InverseCancellation - 0.10157 (ms)
2026-07-04 02:13:31,084 [INFO] Pass: GatesInBasis - 0.46778 (ms)
2026-07-04 02:13:31,084 [INFO] Pass: Depth - 0.09370 (ms)
2026-07-04 02:13:31,084 [INFO] Pass: FixedPoint - 0.00525 (ms)
2026-07-04 02:13:31,084 [INFO] Pass: Size - 0.03171 (ms)
2026-07-04 02:13:31,084 [INFO] Pass: FixedPoint - 0.00429 (ms)
2026-07-04 02:13:31,084 [INFO] Pass: ContainsInstruction - 0.00453 (ms)
2026-07-04 02:13:31,085 [INFO] Total Transpile Time - 58.83193 (ms)
2026-07-04 02:13:31,139 [INFO] Pass: ContainsInstruction - 0.00620 (ms)
2026-07-04 02:13:31,139 [INFO] Pass: InverseCancellation - 0.11873 (ms)
2026-07-04 02:13:31,139 [INFO] Pass: UnitarySynthesis - 0.00405 (ms)
2026-07-04 02:13:31,140 [INFO] Pass: HighLevelSynthesis - 0.85568 (ms)
2026-07-04 02:13:31,141 [INFO] Pass: BasisTranslator - 0.61178 (ms)
2026-07-04 02:13:31,141 [INFO] Pass: Depth - 0.10419 (ms)
2026-07-04 02:13:31,141 [INFO] Pass: FixedPoint - 0.00691 (ms)
2026-07-04 02:13:31,141 [INFO] Pass: Size - 0.03457 (ms)
2026-07-04 02:13:31,141 [INFO] Pass: FixedPoint - 0.00429 (ms)
2026-07-04 02:13:31,142 [INFO] Pass: Optimize1qGatesDecomposition - 0.93532 (ms)
2026-07-04 02:13:31,142 [INFO] Pass: InverseCancellation - 0.00739 (ms)
2026-07-04 02:13:31,143 [INFO] Pass: GatesInBasis - 0.48208 (ms)
2026-07-04 02:13:31,143 [INFO] Pass: Depth - 0.09584 (ms)
2026-07-04 02:13:31,143 [INFO] Pass: FixedPoint - 0.00525 (ms)
2026-07-04 02:13:31,143 [INFO] Pass: Size - 0.03123 (ms)
2026-07-04 02:13:31,143 [INFO] Pass: FixedPoint - 0.00405 (ms)
2026-07-04 02:13:31,144 [INFO] Pass: Optimize1qGatesDecomposition - 0.77057 (ms)
2026-07-04 02:13:31,144 [INFO] Pass: InverseCancellation - 0.00668 (ms)
2026-07-04 02:13:31,144 [INFO] Pass: GatesInBasis - 0.44560 (ms)
2026-07-04 02:13:31,144 [INFO] Pass: Depth - 0.09131 (ms)
2026-07-04 02:13:31,144 [INFO] Pass: FixedPoint - 0.00501 (ms)
2026-07-04 02:13:31,144 [INFO] Pass: Size - 0.03171 (ms)
2026-07-04 02:13:31,144 [INFO] Pass: FixedPoint - 0.00405 (ms)
2026-07-04 02:13:31,144 [INFO] Pass: ContainsInstruction - 0.00501 (ms)
2026-07-04 02:13:31,145 [INFO] Total Transpile Time - 60.17542 (ms)
2026-07-04 02:32:09,199 [INFO] Pass: ContainsInstruction - 0.00834 (ms)
2026-07-04 02:32:09,200 [INFO] Pass: InverseCancellation - 0.00906 (ms)
2026-07-04 02:32:09,200 [INFO] Pass: UnitarySynthesis - 0.00405 (ms)
2026-07-04 02:32:09,201 [INFO] Pass: HighLevelSynthesis - 0.72885 (ms)
2026-07-04 02:32:09,201 [INFO] Pass: BasisTranslator - 0.41556 (ms)
2026-07-04 02:32:09,201 [INFO] Pass: Depth - 0.10228 (ms)
2026-07-04 02:32:09,201 [INFO] Pass: FixedPoint - 0.00739 (ms)
2026-07-04 02:32:09,201 [INFO] Pass: Size - 0.03195 (ms)
2026-07-04 02:32:09,201 [INFO] Pass: FixedPoint - 0.00453 (ms)
2026-07-04 02:32:09,201 [INFO] Pass: Optimize1qGatesDecomposition - 0.06938 (ms)
2026-07-04 02:32:09,201 [INFO] Pass: InverseCancellation - 0.00620 (ms)
2026-07-04 02:32:09,202 [INFO] Pass: GatesInBasis - 0.43106 (ms)
2026-07-04 02:32:09,202 [INFO] Pass: Depth - 0.08821 (ms)
2026-07-04 02:32:09,202 [INFO] Pass: FixedPoint - 0.00477 (ms)
2026-07-04 02:32:09,202 [INFO] Pass: Size - 0.03004 (ms)
2026-07-04 02:32:09,202 [INFO] Pass: FixedPoint - 0.00453 (ms)
2026-07-04 02:32:09,202 [INFO] Pass: ContainsInstruction - 0.00453 (ms)
2026-07-04 02:32:09,203 [INFO] Total Transpile Time - 58.83050 (ms)
2026-07-04 02:32:09,258 [INFO] Pass: ContainsInstruction - 0.00620 (ms)
2026-07-04 02:32:09,258 [INFO] Pass: InverseCancellation - 0.11539 (ms)
2026-07-04 02:32:09,258 [INFO] Pass: UnitarySynthesis - 0.00381 (ms)
2026-07-04 02:32:09,259 [INFO] Pass: HighLevelSynthesis - 0.79441 (ms)
2026-07-04 02:32:09,259 [INFO] Pass: BasisTranslator - 0.57411 (ms)
2026-07-04 02:32:09,259 [INFO] Pass: Depth - 0.09823 (ms)
2026-07-04 02:32:09,260 [INFO] Pass: FixedPoint - 0.00715 (ms)
2026-07-04 02:32:09,260 [INFO] Pass: Size - 0.03242 (ms)
2026-07-04 02:32:09,260 [INFO] Pass: FixedPoint - 0.00477 (ms)
2026-07-04 02:32:09,260 [INFO] Pass: Optimize1qGatesDecomposition - 0.80991 (ms)
2026-07-04 02:32:09,261 [INFO] Pass: InverseCancellation - 0.10133 (ms)
2026-07-04 02:32:09,261 [INFO] Pass: GatesInBasis - 0.44632 (ms)
2026-07-04 02:32:09,261 [INFO] Pass: Depth - 0.09274 (ms)
2026-07-04 02:32:09,261 [INFO] Pass: FixedPoint - 0.00525 (ms)
2026-07-04 02:32:09,261 [INFO] Pass: Size - 0.03600 (ms)
2026-07-04 02:32:09,261 [INFO] Pass: FixedPoint - 0.00405 (ms)
2026-07-04 02:32:09,261 [INFO] Pass: ContainsInstruction - 0.00429 (ms)
2026-07-04 02:32:09,262 [INFO] Total Transpile Time - 59.10158 (ms)
2026-07-04 02:32:09,316 [INFO] Pass: ContainsInstruction - 0.00644 (ms)
2026-07-04 02:32:09,317 [INFO] Pass: InverseCancellation - 0.11969 (ms)
2026-07-04 02:32:09,317 [INFO] Pass: UnitarySynthesis - 0.00405 (ms)
2026-07-04 02:32:09,318 [INFO] Pass: HighLevelSynthesis - 0.84782 (ms)
2026-07-04 02:32:09,318 [INFO] Pass: BasisTranslator - 0.61202 (ms)
2026-07-04 02:32:09,318 [INFO] Pass: Depth - 0.10967 (ms)
2026-07-04 02:32:09,318 [INFO] Pass: FixedPoint - 0.00715 (ms)
2026-07-04 02:32:09,318 [INFO] Pass: Size - 0.03409 (ms)
2026-07-04 02:32:09,319 [INFO] Pass: FixedPoint - 0.00453 (ms)
2026-07-04 02:32:09,319 [INFO] Pass: Optimize1qGatesDecomposition - 0.93174 (ms)
2026-07-04 02:32:09,320 [INFO] Pass: InverseCancellation - 0.00739 (ms)
2026-07-04 02:32:09,320 [INFO] Pass: GatesInBasis - 0.47708 (ms)
2026-07-04 02:32:09,320 [INFO] Pass: Depth - 0.09465 (ms)
2026-07-04 02:32:09,320 [INFO] Pass: FixedPoint - 0.00548 (ms)
2026-07-04 02:32:09,320 [INFO] Pass: Size - 0.03195 (ms)
2026-07-04 02:32:09,320 [INFO] Pass: FixedPoint - 0.00405 (ms)
2026-07-04 02:32:09,321 [INFO] Pass: Optimize1qGatesDecomposition - 0.76938 (ms)
2026-07-04 02:32:09,321 [INFO] Pass: InverseCancellation - 0.00644 (ms)
2026-07-04 02:32:09,322 [INFO] Pass: GatesInBasis - 0.47684 (ms)
2026-07-04 02:32:09,322 [INFO] Pass: Depth - 0.09179 (ms)
2026-07-04 02:32:09,322 [INFO] Pass: FixedPoint - 0.00453 (ms)
2026-07-04 02:32:09,322 [INFO] Pass: Size - 0.03099 (ms)
2026-07-04 02:32:09,322 [INFO] Pass: FixedPoint - 0.00381 (ms)
2026-07-04 02:32:09,322 [INFO] Pass: ContainsInstruction - 0.00453 (ms)
2026-07-04 02:32:09,323 [INFO] Total Transpile Time - 60.49228 (ms)
2026-07-04 02:50:54,040 [INFO] Pass: ContainsInstruction - 0.00858 (ms)
2026-07-04 02:50:54,040 [INFO] Pass: InverseCancellation - 0.01001 (ms)
2026-07-04 02:50:54,040 [INFO] Pass: UnitarySynthesis - 0.00381 (ms)
2026-07-04 02:50:54,041 [INFO] Pass: HighLevelSynthesis - 0.73910 (ms)
2026-07-04 02:50:54,041 [INFO] Pass: BasisTranslator - 0.53334 (ms)
2026-07-04 02:50:54,041 [INFO] Pass: Depth - 0.10538 (ms)
2026-07-04 02:50:54,041 [INFO] Pass: FixedPoint - 0.00763 (ms)
2026-07-04 02:50:54,042 [INFO] Pass: Size - 0.03171 (ms)
2026-07-04 02:50:54,042 [INFO] Pass: FixedPoint - 0.00453 (ms)
2026-07-04 02:50:54,042 [INFO] Pass: Optimize1qGatesDecomposition - 0.06938 (ms)
2026-07-04 02:50:54,042 [INFO] Pass: InverseCancellation - 0.00668 (ms)
2026-07-04 02:50:54,042 [INFO] Pass: GatesInBasis - 0.43750 (ms)
2026-07-04 02:50:54,042 [INFO] Pass: Depth - 0.08678 (ms)
2026-07-04 02:50:54,042 [INFO] Pass: FixedPoint - 0.00477 (ms)
2026-07-04 02:50:54,042 [INFO] Pass: Size - 0.02956 (ms)
2026-07-04 02:50:54,042 [INFO] Pass: FixedPoint - 0.00405 (ms)
2026-07-04 02:50:54,042 [INFO] Pass: ContainsInstruction - 0.00453 (ms)
2026-07-04 02:50:54,043 [INFO] Total Transpile Time - 58.76589 (ms)
2026-07-04 02:50:54,098 [INFO] Pass: ContainsInstruction - 0.00620 (ms)
2026-07-04 02:50:54,098 [INFO] Pass: InverseCancellation - 0.11492 (ms)
2026-07-04 02:50:54,098 [INFO] Pass: UnitarySynthesis - 0.00381 (ms)
2026-07-04 02:50:54,099 [INFO] Pass: HighLevelSynthesis - 0.78964 (ms)
2026-07-04 02:50:54,099 [INFO] Pass: BasisTranslator - 0.57936 (ms)
2026-07-04 02:50:54,099 [INFO] Pass: Depth - 0.10228 (ms)
2026-07-04 02:50:54,099 [INFO] Pass: FixedPoint - 0.00691 (ms)
2026-07-04 02:50:54,100 [INFO] Pass: Size - 0.03290 (ms)
2026-07-04 02:50:54,100 [INFO] Pass: FixedPoint - 0.00429 (ms)
2026-07-04 02:50:54,100 [INFO] Pass: Optimize1qGatesDecomposition - 0.80776 (ms)
2026-07-04 02:50:54,101 [INFO] Pass: InverseCancellation - 0.10109 (ms)
2026-07-04 02:50:54,101 [INFO] Pass: GatesInBasis - 0.45013 (ms)
2026-07-04 02:50:54,101 [INFO] Pass: Depth - 0.09227 (ms)
2026-07-04 02:50:54,101 [INFO] Pass: FixedPoint - 0.00501 (ms)
2026-07-04 02:50:54,101 [INFO] Pass: Size - 0.03147 (ms)
2026-07-04 02:50:54,101 [INFO] Pass: FixedPoint - 0.00453 (ms)
2026-07-04 02:50:54,101 [INFO] Pass: ContainsInstruction - 0.00453 (ms)
2026-07-04 02:50:54,102 [INFO] Total Transpile Time - 58.78711 (ms)
2026-07-04 02:50:54,156 [INFO] Pass: ContainsInstruction - 0.00644 (ms)
2026-07-04 02:50:54,156 [INFO] Pass: InverseCancellation - 0.11921 (ms)
2026-07-04 02:50:54,156 [INFO] Pass: UnitarySynthesis - 0.00429 (ms)
2026-07-04 02:50:54,157 [INFO] Pass: HighLevelSynthesis - 0.83494 (ms)
2026-07-04 02:50:54,158 [INFO] Pass: BasisTranslator - 0.62227 (ms)
2026-07-04 02:50:54,158 [INFO] Pass: Depth - 0.10419 (ms)
2026-07-04 02:50:54,158 [INFO] Pass: FixedPoint - 0.00691 (ms)
2026-07-04 02:50:54,158 [INFO] Pass: Size - 0.03386 (ms)
2026-07-04 02:50:54,158 [INFO] Pass: FixedPoint - 0.00429 (ms)
2026-07-04 02:50:54,159 [INFO] Pass: Optimize1qGatesDecomposition - 0.92578 (ms)
2026-07-04 02:50:54,159 [INFO] Pass: InverseCancellation - 0.00668 (ms)
2026-07-04 02:50:54,160 [INFO] Pass: GatesInBasis - 0.47946 (ms)
2026-07-04 02:50:54,160 [INFO] Pass: Depth - 0.09465 (ms)
2026-07-04 02:50:54,160 [INFO] Pass: FixedPoint - 0.00525 (ms)
2026-07-04 02:50:54,160 [INFO] Pass: Size - 0.03147 (ms)
2026-07-04 02:50:54,160 [INFO] Pass: FixedPoint - 0.00429 (ms)
2026-07-04 02:50:54,161 [INFO] Pass: Optimize1qGatesDecomposition - 0.77128 (ms)
2026-07-04 02:50:54,161 [INFO] Pass: InverseCancellation - 0.00596 (ms)
2026-07-04 02:50:54,161 [INFO] Pass: GatesInBasis - 0.46754 (ms)
2026-07-04 02:50:54,161 [INFO] Pass: Depth - 0.09203 (ms)
2026-07-04 02:50:54,162 [INFO] Pass: FixedPoint - 0.00501 (ms)
2026-07-04 02:50:54,162 [INFO] Pass: Size - 0.03099 (ms)
2026-07-04 02:50:54,162 [INFO] Pass: FixedPoint - 0.00405 (ms)
2026-07-04 02:50:54,162 [INFO] Pass: ContainsInstruction - 0.00477 (ms)
2026-07-04 02:50:54,162 [INFO] Total Transpile Time - 60.24098 (ms)
2026-07-04 03:09:27,366 [INFO] Pass: ContainsInstruction - 0.00858 (ms)
2026-07-04 03:09:27,367 [INFO] Pass: InverseCancellation - 0.00954 (ms)
2026-07-04 03:09:27,367 [INFO] Pass: UnitarySynthesis - 0.00453 (ms)
2026-07-04 03:09:27,368 [INFO] Pass: HighLevelSynthesis - 0.73004 (ms)
2026-07-04 03:09:27,368 [INFO] Pass: BasisTranslator - 0.41699 (ms)
2026-07-04 03:09:27,368 [INFO] Pass: Depth - 0.10157 (ms)
2026-07-04 03:09:27,368 [INFO] Pass: FixedPoint - 0.00739 (ms)
2026-07-04 03:09:27,368 [INFO] Pass: Size - 0.03123 (ms)
2026-07-04 03:09:27,368 [INFO] Pass: FixedPoint - 0.00477 (ms)
2026-07-04 03:09:27,368 [INFO] Pass: Optimize1qGatesDecomposition - 0.07439 (ms)
2026-07-04 03:09:27,368 [INFO] Pass: InverseCancellation - 0.00668 (ms)
2026-07-04 03:09:27,369 [INFO] Pass: GatesInBasis - 0.41318 (ms)
2026-07-04 03:09:27,369 [INFO] Pass: Depth - 0.08821 (ms)
2026-07-04 03:09:27,369 [INFO] Pass: FixedPoint - 0.00477 (ms)
2026-07-04 03:09:27,369 [INFO] Pass: Size - 0.02980 (ms)
2026-07-04 03:09:27,369 [INFO] Pass: FixedPoint - 0.00453 (ms)
2026-07-04 03:09:27,369 [INFO] Pass: ContainsInstruction - 0.00429 (ms)
2026-07-04 03:09:27,370 [INFO] Total Transpile Time - 58.64906 (ms)
2026-07-04 03:09:27,424 [INFO] Pass: ContainsInstruction - 0.00644 (ms)
2026-07-04 03:09:27,424 [INFO] Pass: InverseCancellation - 0.12040 (ms)
2026-07-04 03:09:27,424 [INFO] Pass: UnitarySynthesis - 0.00405 (ms)
2026-07-04 03:09:27,425 [INFO] Pass: HighLevelSynthesis - 0.77248 (ms)
2026-07-04 03:09:27,426 [INFO] Pass: BasisTranslator - 0.58174 (ms)
2026-07-04 03:09:27,426 [INFO] Pass: Depth - 0.09823 (ms)
2026-07-04 03:09:27,426 [INFO] Pass: FixedPoint - 0.00691 (ms)
2026-07-04 03:09:27,426 [INFO] Pass: Size - 0.03242 (ms)
2026-07-04 03:09:27,426 [INFO] Pass: FixedPoint - 0.00477 (ms)
2026-07-04 03:09:27,427 [INFO] Pass: Optimize1qGatesDecomposition - 0.80872 (ms)
2026-07-04 03:09:27,427 [INFO] Pass: InverseCancellation - 0.10204 (ms)
2026-07-04 03:09:27,428 [INFO] Pass: GatesInBasis - 0.47517 (ms)
2026-07-04 03:09:27,428 [INFO] Pass: Depth - 0.09370 (ms)
2026-07-04 03:09:27,428 [INFO] Pass: FixedPoint - 0.00525 (ms)
2026-07-04 03:09:27,428 [INFO] Pass: Size - 0.03171 (ms)
2026-07-04 03:09:27,428 [INFO] Pass: FixedPoint - 0.00429 (ms)
2026-07-04 03:09:27,428 [INFO] Pass: ContainsInstruction - 0.00405 (ms)
2026-07-04 03:09:27,429 [INFO] Total Transpile Time - 58.74991 (ms)
2026-07-04 03:09:27,483 [INFO] Pass: ContainsInstruction - 0.00596 (ms)
2026-07-04 03:09:27,483 [INFO] Pass: InverseCancellation - 0.11897 (ms)
2026-07-04 03:09:27,483 [INFO] Pass: UnitarySynthesis - 0.00405 (ms)
2026-07-04 03:09:27,484 [INFO] Pass: HighLevelSynthesis - 0.84138 (ms)
2026-07-04 03:09:27,485 [INFO] Pass: BasisTranslator - 0.61274 (ms)
2026-07-04 03:09:27,485 [INFO] Pass: Depth - 0.10276 (ms)
2026-07-04 03:09:27,485 [INFO] Pass: FixedPoint - 0.00715 (ms)
2026-07-04 03:09:27,485 [INFO] Pass: Size - 0.03386 (ms)
2026-07-04 03:09:27,485 [INFO] Pass: FixedPoint - 0.00453 (ms)
2026-07-04 03:09:27,486 [INFO] Pass: Optimize1qGatesDecomposition - 0.93389 (ms)
2026-07-04 03:09:27,486 [INFO] Pass: InverseCancellation - 0.00668 (ms)
2026-07-04 03:09:27,486 [INFO] Pass: GatesInBasis - 0.48137 (ms)
2026-07-04 03:09:27,487 [INFO] Pass: Depth - 0.09513 (ms)
2026-07-04 03:09:27,487 [INFO] Pass: FixedPoint - 0.00548 (ms)
2026-07-04 03:09:27,487 [INFO] Pass: Size - 0.03219 (ms)
2026-07-04 03:09:27,487 [INFO] Pass: FixedPoint - 0.00405 (ms)
2026-07-04 03:09:27,487 [INFO] Pass: Optimize1qGatesDecomposition - 0.77510 (ms)
2026-07-04 03:09:27,488 [INFO] Pass: InverseCancellation - 0.00572 (ms)
2026-07-04 03:09:27,488 [INFO] Pass: GatesInBasis - 0.44608 (ms)
2026-07-04 03:09:27,488 [INFO] Pass: Depth - 0.09227 (ms)
2026-07-04 03:09:27,488 [INFO] Pass: FixedPoint - 0.00477 (ms)
2026-07-04 03:09:27,488 [INFO] Pass: Size - 0.03123 (ms)
2026-07-04 03:09:27,488 [INFO] Pass: FixedPoint - 0.00405 (ms)
2026-07-04 03:09:27,488 [INFO] Pass: ContainsInstruction - 0.00477 (ms)
2026-07-04 03:09:27,489 [INFO] Total Transpile Time - 60.23407 (ms)
2026-07-04 03:28:10,471 [INFO] Pass: ContainsInstruction - 0.00834 (ms)
2026-07-04 03:28:10,471 [INFO] Pass: InverseCancellation - 0.01001 (ms)
2026-07-04 03:28:10,471 [INFO] Pass: UnitarySynthesis - 0.00381 (ms)
2026-07-04 03:28:10,472 [INFO] Pass: HighLevelSynthesis - 0.73862 (ms)
2026-07-04 03:28:10,473 [INFO] Pass: BasisTranslator - 0.53477 (ms)
2026-07-04 03:28:10,473 [INFO] Pass: Depth - 0.10443 (ms)
2026-07-04 03:28:10,473 [INFO] Pass: FixedPoint - 0.00739 (ms)
2026-07-04 03:28:10,473 [INFO] Pass: Size - 0.03147 (ms)
2026-07-04 03:28:10,473 [INFO] Pass: FixedPoint - 0.00453 (ms)
2026-07-04 03:28:10,473 [INFO] Pass: Optimize1qGatesDecomposition - 0.06890 (ms)
2026-07-04 03:28:10,473 [INFO] Pass: InverseCancellation - 0.00668 (ms)
2026-07-04 03:28:10,474 [INFO] Pass: GatesInBasis - 0.44346 (ms)
2026-07-04 03:28:10,474 [INFO] Pass: Depth - 0.08678 (ms)
2026-07-04 03:28:10,474 [INFO] Pass: FixedPoint - 0.00525 (ms)
2026-07-04 03:28:10,474 [INFO] Pass: Size - 0.02885 (ms)
2026-07-04 03:28:10,474 [INFO] Pass: FixedPoint - 0.00429 (ms)
2026-07-04 03:28:10,474 [INFO] Pass: ContainsInstruction - 0.00453 (ms)
2026-07-04 03:28:10,475 [INFO] Total Transpile Time - 59.65090 (ms)
2026-07-04 03:28:10,529 [INFO] Pass: ContainsInstruction - 0.00644 (ms)
2026-07-04 03:28:10,529 [INFO] Pass: InverseCancellation - 0.11468 (ms)
2026-07-04 03:28:10,529 [INFO] Pass: UnitarySynthesis - 0.00405 (ms)
2026-07-04 03:28:10,530 [INFO] Pass: HighLevelSynthesis - 0.78058 (ms)
2026-07-04 03:28:10,531 [INFO] Pass: BasisTranslator - 0.79441 (ms)
2026-07-04 03:28:10,531 [INFO] Pass: Depth - 0.10085 (ms)
2026-07-04 03:28:10,531 [INFO] Pass: FixedPoint - 0.00715 (ms)
2026-07-04 03:28:10,531 [INFO] Pass: Size - 0.03290 (ms)
2026-07-04 03:28:10,531 [INFO] Pass: FixedPoint - 0.00453 (ms)
2026-07-04 03:28:10,532 [INFO] Pass: Optimize1qGatesDecomposition - 0.81253 (ms)
2026-07-04 03:28:10,532 [INFO] Pass: InverseCancellation - 0.10157 (ms)
2026-07-04 03:28:10,533 [INFO] Pass: GatesInBasis - 0.47684 (ms)
2026-07-04 03:28:10,533 [INFO] Pass: Depth - 0.09346 (ms)
2026-07-04 03:28:10,533 [INFO] Pass: FixedPoint - 0.00525 (ms)
2026-07-04 03:28:10,533 [INFO] Pass: Size - 0.03147 (ms)
2026-07-04 03:28:10,533 [INFO] Pass: FixedPoint - 0.00405 (ms)
2026-07-04 03:28:10,533 [INFO] Pass: ContainsInstruction - 0.00453 (ms)
2026-07-04 03:28:10,534 [INFO] Total Transpile Time - 58.90417 (ms)
2026-07-04 03:28:10,587 [INFO] Pass: ContainsInstruction - 0.00596 (ms)
2026-07-04 03:28:10,588 [INFO] Pass: InverseCancellation - 0.11849 (ms)
2026-07-04 03:28:10,588 [INFO] Pass: UnitarySynthesis - 0.00381 (ms)
2026-07-04 03:28:10,589 [INFO] Pass: HighLevelSynthesis - 0.84376 (ms)
2026-07-04 03:28:10,589 [INFO] Pass: BasisTranslator - 0.61393 (ms)
2026-07-04 03:28:10,589 [INFO] Pass: Depth - 0.10729 (ms)
2026-07-04 03:28:10,589 [INFO] Pass: FixedPoint - 0.00691 (ms)
2026-07-04 03:28:10,589 [INFO] Pass: Size - 0.03433 (ms)
2026-07-04 03:28:10,590 [INFO] Pass: FixedPoint - 0.00429 (ms)
2026-07-04 03:28:10,590 [INFO] Pass: Optimize1qGatesDecomposition - 0.92506 (ms)
2026-07-04 03:28:10,591 [INFO] Pass: InverseCancellation - 0.00668 (ms)
2026-07-04 03:28:10,591 [INFO] Pass: GatesInBasis - 0.47469 (ms)
2026-07-04 03:28:10,591 [INFO] Pass: Depth - 0.09441 (ms)
2026-07-04 03:28:10,591 [INFO] Pass: FixedPoint - 0.00525 (ms)
2026-07-04 03:28:10,591 [INFO] Pass: Size - 0.03171 (ms)
2026-07-04 03:28:10,591 [INFO] Pass: FixedPoint - 0.00405 (ms)
2026-07-04 03:28:10,592 [INFO] Pass: Optimize1qGatesDecomposition - 0.76413 (ms)
2026-07-04 03:28:10,592 [INFO] Pass: InverseCancellation - 0.00596 (ms)
2026-07-04 03:28:10,593 [INFO] Pass: GatesInBasis - 0.48327 (ms)
2026-07-04 03:28:10,593 [INFO] Pass: Depth - 0.09346 (ms)
2026-07-04 03:28:10,593 [INFO] Pass: FixedPoint - 0.00477 (ms)
2026-07-04 03:28:10,593 [INFO] Pass: Size - 0.03123 (ms)
2026-07-04 03:28:10,593 [INFO] Pass: FixedPoint - 0.00429 (ms)
2026-07-04 03:28:10,593 [INFO] Pass: ContainsInstruction - 0.00477 (ms)
2026-07-04 03:28:10,594 [INFO] Total Transpile Time - 60.08625 (ms)
2026-07-04 03:46:49,228 [INFO] Pass: ContainsInstruction - 0.00787 (ms)
2026-07-04 03:46:49,228 [INFO] Pass: InverseCancellation - 0.01001 (ms)
2026-07-04 03:46:49,228 [INFO] Pass: UnitarySynthesis - 0.00405 (ms)
2026-07-04 03:46:49,229 [INFO] Pass: HighLevelSynthesis - 0.72861 (ms)
2026-07-04 03:46:49,230 [INFO] Pass: BasisTranslator - 0.54216 (ms)
2026-07-04 03:46:49,230 [INFO] Pass: Depth - 0.10228 (ms)
2026-07-04 03:46:49,230 [INFO] Pass: FixedPoint - 0.00811 (ms)
2026-07-04 03:46:49,230 [INFO] Pass: Size - 0.03219 (ms)
2026-07-04 03:46:49,230 [INFO] Pass: FixedPoint - 0.00453 (ms)
2026-07-04 03:46:49,230 [INFO] Pass: Optimize1qGatesDecomposition - 0.07224 (ms)
2026-07-04 03:46:49,230 [INFO] Pass: InverseCancellation - 0.00620 (ms)
2026-07-04 03:46:49,231 [INFO] Pass: GatesInBasis - 0.42129 (ms)
2026-07-04 03:46:49,231 [INFO] Pass: Depth - 0.08798 (ms)
2026-07-04 03:46:49,231 [INFO] Pass: FixedPoint - 0.00548 (ms)
2026-07-04 03:46:49,231 [INFO] Pass: Size - 0.03004 (ms)
2026-07-04 03:46:49,231 [INFO] Pass: FixedPoint - 0.00405 (ms)
2026-07-04 03:46:49,231 [INFO] Pass: ContainsInstruction - 0.00453 (ms)
2026-07-04 03:46:49,232 [INFO] Total Transpile Time - 59.24845 (ms)
2026-07-04 03:46:49,286 [INFO] Pass: ContainsInstruction - 0.00644 (ms)
2026-07-04 03:46:49,286 [INFO] Pass: InverseCancellation - 0.11683 (ms)
2026-07-04 03:46:49,286 [INFO] Pass: UnitarySynthesis - 0.00405 (ms)
2026-07-04 03:46:49,287 [INFO] Pass: HighLevelSynthesis - 0.78535 (ms)
2026-07-04 03:46:49,288 [INFO] Pass: BasisTranslator - 0.57697 (ms)
2026-07-04 03:46:49,288 [INFO] Pass: Depth - 0.09894 (ms)
2026-07-04 03:46:49,288 [INFO] Pass: FixedPoint - 0.00668 (ms)
2026-07-04 03:46:49,288 [INFO] Pass: Size - 0.03266 (ms)
2026-07-04 03:46:49,288 [INFO] Pass: FixedPoint - 0.00453 (ms)
2026-07-04 03:46:49,289 [INFO] Pass: Optimize1qGatesDecomposition - 0.81062 (ms)
2026-07-04 03:46:49,289 [INFO] Pass: InverseCancellation - 0.10228 (ms)
2026-07-04 03:46:49,289 [INFO] Pass: GatesInBasis - 0.45419 (ms)
2026-07-04 03:46:49,290 [INFO] Pass: Depth - 0.09370 (ms)
2026-07-04 03:46:49,290 [INFO] Pass: FixedPoint - 0.00525 (ms)
2026-07-04 03:46:49,290 [INFO] Pass: Size - 0.03171 (ms)
2026-07-04 03:46:49,290 [INFO] Pass: FixedPoint - 0.00405 (ms)
2026-07-04 03:46:49,290 [INFO] Pass: ContainsInstruction - 0.00501 (ms)
2026-07-04 03:46:49,291 [INFO] Total Transpile Time - 58.83622 (ms)
2026-07-04 03:46:49,345 [INFO] Pass: ContainsInstruction - 0.00596 (ms)
2026-07-04 03:46:49,345 [INFO] Pass: InverseCancellation - 0.12064 (ms)
2026-07-04 03:46:49,345 [INFO] Pass: UnitarySynthesis - 0.00405 (ms)
2026-07-04 03:46:49,346 [INFO] Pass: HighLevelSynthesis - 0.84782 (ms)
2026-07-04 03:46:49,346 [INFO] Pass: BasisTranslator - 0.62442 (ms)
2026-07-04 03:46:49,347 [INFO] Pass: Depth - 0.10371 (ms)
2026-07-04 03:46:49,347 [INFO] Pass: FixedPoint - 0.00715 (ms)
2026-07-04 03:46:49,347 [INFO] Pass: Size - 0.03409 (ms)
2026-07-04 03:46:49,347 [INFO] Pass: FixedPoint - 0.00453 (ms)
2026-07-04 03:46:49,348 [INFO] Pass: Optimize1qGatesDecomposition - 0.93293 (ms)
2026-07-04 03:46:49,348 [INFO] Pass: InverseCancellation - 0.00668 (ms)
2026-07-04 03:46:49,348 [INFO] Pass: GatesInBasis - 0.45228 (ms)
2026-07-04 03:46:49,348 [INFO] Pass: Depth - 0.10037 (ms)
2026-07-04 03:46:49,348 [INFO] Pass: FixedPoint - 0.00548 (ms)
2026-07-04 03:46:49,349 [INFO] Pass: Size - 0.03219 (ms)
2026-07-04 03:46:49,349 [INFO] Pass: FixedPoint - 0.00429 (ms)
2026-07-04 03:46:49,349 [INFO] Pass: Optimize1qGatesDecomposition - 0.77391 (ms)
2026-07-04 03:46:49,349 [INFO] Pass: InverseCancellation - 0.00644 (ms)
2026-07-04 03:46:49,350 [INFO] Pass: GatesInBasis - 0.46921 (ms)
2026-07-04 03:46:49,350 [INFO] Pass: Depth - 0.09155 (ms)
2026-07-04 03:46:49,350 [INFO] Pass: FixedPoint - 0.00477 (ms)
2026-07-04 03:46:49,350 [INFO] Pass: Size - 0.03123 (ms)
2026-07-04 03:46:49,350 [INFO] Pass: FixedPoint - 0.00405 (ms)
2026-07-04 03:46:49,350 [INFO] Pass: ContainsInstruction - 0.00477 (ms)
2026-07-04 03:46:49,351 [INFO] Total Transpile Time - 60.37760 (ms)
2026-07-04 04:05:27,934 [INFO] Pass: ContainsInstruction - 0.00763 (ms)
2026-07-04 04:05:27,934 [INFO] Pass: InverseCancellation - 0.00954 (ms)
2026-07-04 04:05:27,934 [INFO] Pass: UnitarySynthesis - 0.00381 (ms)
2026-07-04 04:05:27,935 [INFO] Pass: HighLevelSynthesis - 0.72885 (ms)
2026-07-04 04:05:27,936 [INFO] Pass: BasisTranslator - 0.53787 (ms)
2026-07-04 04:05:27,936 [INFO] Pass: Depth - 0.10204 (ms)
2026-07-04 04:05:27,936 [INFO] Pass: FixedPoint - 0.00763 (ms)
2026-07-04 04:05:27,936 [INFO] Pass: Size - 0.03195 (ms)
2026-07-04 04:05:27,936 [INFO] Pass: FixedPoint - 0.00429 (ms)
2026-07-04 04:05:27,936 [INFO] Pass: Optimize1qGatesDecomposition - 0.06962 (ms)
2026-07-04 04:05:27,936 [INFO] Pass: InverseCancellation - 0.00668 (ms)
2026-07-04 04:05:27,937 [INFO] Pass: GatesInBasis - 0.44441 (ms)
2026-07-04 04:05:27,937 [INFO] Pass: Depth - 0.08798 (ms)
2026-07-04 04:05:27,937 [INFO] Pass: FixedPoint - 0.00501 (ms)
2026-07-04 04:05:27,937 [INFO] Pass: Size - 0.02909 (ms)
2026-07-04 04:05:27,937 [INFO] Pass: FixedPoint - 0.00405 (ms)
2026-07-04 04:05:27,937 [INFO] Pass: ContainsInstruction - 0.00453 (ms)
2026-07-04 04:05:27,938 [INFO] Total Transpile Time - 59.66783 (ms)
2026-07-04 04:05:27,992 [INFO] Pass: ContainsInstruction - 0.00620 (ms)
2026-07-04 04:05:27,992 [INFO] Pass: InverseCancellation - 0.11396 (ms)
2026-07-04 04:05:27,992 [INFO] Pass: UnitarySynthesis - 0.00381 (ms)
2026-07-04 04:05:27,993 [INFO] Pass: HighLevelSynthesis - 0.77796 (ms)
2026-07-04 04:05:27,994 [INFO] Pass: BasisTranslator - 0.58222 (ms)
2026-07-04 04:05:27,994 [INFO] Pass: Depth - 0.09704 (ms)
2026-07-04 04:05:27,994 [INFO] Pass: FixedPoint - 0.00691 (ms)
2026-07-04 04:05:27,994 [INFO] Pass: Size - 0.03242 (ms)
2026-07-04 04:05:27,994 [INFO] Pass: FixedPoint - 0.00405 (ms)
2026-07-04 04:05:27,995 [INFO] Pass: Optimize1qGatesDecomposition - 0.81897 (ms)
2026-07-04 04:05:27,995 [INFO] Pass: InverseCancellation - 0.10228 (ms)
2026-07-04 04:05:27,996 [INFO] Pass: GatesInBasis - 0.47684 (ms)
2026-07-04 04:05:27,996 [INFO] Pass: Depth - 0.09370 (ms)
2026-07-04 04:05:27,996 [INFO] Pass: FixedPoint - 0.00548 (ms)
2026-07-04 04:05:27,996 [INFO] Pass: Size - 0.03171 (ms)
2026-07-04 04:05:27,996 [INFO] Pass: FixedPoint - 0.00405 (ms)
2026-07-04 04:05:27,996 [INFO] Pass: ContainsInstruction - 0.00429 (ms)
2026-07-04 04:05:27,997 [INFO] Total Transpile Time - 58.87580 (ms)
2026-07-04 04:05:28,051 [INFO] Pass: ContainsInstruction - 0.00620 (ms)
2026-07-04 04:05:28,051 [INFO] Pass: InverseCancellation - 0.11778 (ms)
2026-07-04 04:05:28,051 [INFO] Pass: UnitarySynthesis - 0.00381 (ms)
2026-07-04 04:05:28,052 [INFO] Pass: HighLevelSynthesis - 0.84472 (ms)
2026-07-04 04:05:28,052 [INFO] Pass: BasisTranslator - 0.61440 (ms)
2026-07-04 04:05:28,053 [INFO] Pass: Depth - 0.10252 (ms)
2026-07-04 04:05:28,053 [INFO] Pass: FixedPoint - 0.00668 (ms)
2026-07-04 04:05:28,053 [INFO] Pass: Size - 0.03386 (ms)
2026-07-04 04:05:28,053 [INFO] Pass: FixedPoint - 0.00477 (ms)
2026-07-04 04:05:28,054 [INFO] Pass: Optimize1qGatesDecomposition - 0.93126 (ms)
2026-07-04 04:05:28,054 [INFO] Pass: InverseCancellation - 0.00691 (ms)
2026-07-04 04:05:28,054 [INFO] Pass: GatesInBasis - 0.44656 (ms)
2026-07-04 04:05:28,054 [INFO] Pass: Depth - 0.09823 (ms)
2026-07-04 04:05:28,054 [INFO] Pass: FixedPoint - 0.00548 (ms)
2026-07-04 04:05:28,054 [INFO] Pass: Size - 0.03147 (ms)
2026-07-04 04:05:28,055 [INFO] Pass: FixedPoint - 0.00429 (ms)
2026-07-04 04:05:28,055 [INFO] Pass: Optimize1qGatesDecomposition - 0.76675 (ms)
2026-07-04 04:05:28,055 [INFO] Pass: InverseCancellation - 0.00572 (ms)
2026-07-04 04:05:28,056 [INFO] Pass: GatesInBasis - 0.46968 (ms)
2026-07-04 04:05:28,056 [INFO] Pass: Depth - 0.09084 (ms)
2026-07-04 04:05:28,056 [INFO] Pass: FixedPoint - 0.00501 (ms)
2026-07-04 04:05:28,056 [INFO] Pass: Size - 0.03099 (ms)
2026-07-04 04:05:28,056 [INFO] Pass: FixedPoint - 0.00405 (ms)
2026-07-04 04:05:28,056 [INFO] Pass: ContainsInstruction - 0.00453 (ms)
2026-07-04 04:05:28,057 [INFO] Total Transpile Time - 60.28581 (ms)
2026-07-04 04:24:02,700 [INFO] Pass: ContainsInstruction - 0.00811 (ms)
2026-07-04 04:24:02,700 [INFO] Pass: InverseCancellation - 0.00978 (ms)
2026-07-04 04:24:02,700 [INFO] Pass: UnitarySynthesis - 0.00405 (ms)
2026-07-04 04:24:02,701 [INFO] Pass: HighLevelSynthesis - 0.72861 (ms)
2026-07-04 04:24:02,701 [INFO] Pass: BasisTranslator - 0.42653 (ms)
2026-07-04 04:24:02,702 [INFO] Pass: Depth - 0.10061 (ms)
2026-07-04 04:24:02,702 [INFO] Pass: FixedPoint - 0.00715 (ms)
2026-07-04 04:24:02,702 [INFO] Pass: Size - 0.03147 (ms)
2026-07-04 04:24:02,702 [INFO] Pass: FixedPoint - 0.00501 (ms)
2026-07-04 04:24:02,702 [INFO] Pass: Optimize1qGatesDecomposition - 0.07010 (ms)
2026-07-04 04:24:02,702 [INFO] Pass: InverseCancellation - 0.00620 (ms)
2026-07-04 04:24:02,702 [INFO] Pass: GatesInBasis - 0.43511 (ms)
2026-07-04 04:24:02,702 [INFO] Pass: Depth - 0.08965 (ms)
2026-07-04 04:24:02,702 [INFO] Pass: FixedPoint - 0.00477 (ms)
2026-07-04 04:24:02,703 [INFO] Pass: Size - 0.03004 (ms)
2026-07-04 04:24:02,703 [INFO] Pass: FixedPoint - 0.00453 (ms)
2026-07-04 04:24:02,703 [INFO] Pass: ContainsInstruction - 0.00429 (ms)
2026-07-04 04:24:02,703 [INFO] Total Transpile Time - 58.94518 (ms)
2026-07-04 04:24:02,758 [INFO] Pass: ContainsInstruction - 0.00596 (ms)
2026-07-04 04:24:02,758 [INFO] Pass: InverseCancellation - 0.11587 (ms)
2026-07-04 04:24:02,758 [INFO] Pass: UnitarySynthesis - 0.00405 (ms)
2026-07-04 04:24:02,759 [INFO] Pass: HighLevelSynthesis - 0.77534 (ms)
2026-07-04 04:24:02,759 [INFO] Pass: BasisTranslator - 0.57721 (ms)
2026-07-04 04:24:02,759 [INFO] Pass: Depth - 0.09704 (ms)
2026-07-04 04:24:02,760 [INFO] Pass: FixedPoint - 0.00668 (ms)
2026-07-04 04:24:02,760 [INFO] Pass: Size - 0.03266 (ms)
2026-07-04 04:24:02,760 [INFO] Pass: FixedPoint - 0.00405 (ms)
2026-07-04 04:24:02,760 [INFO] Pass: Optimize1qGatesDecomposition - 0.80466 (ms)
2026-07-04 04:24:02,761 [INFO] Pass: InverseCancellation - 0.09966 (ms)
2026-07-04 04:24:02,761 [INFO] Pass: GatesInBasis - 0.47064 (ms)
2026-07-04 04:24:02,761 [INFO] Pass: Depth - 0.09155 (ms)
2026-07-04 04:24:02,761 [INFO] Pass: FixedPoint - 0.00548 (ms)
2026-07-04 04:24:02,761 [INFO] Pass: Size - 0.03672 (ms)
2026-07-04 04:24:02,761 [INFO] Pass: FixedPoint - 0.00429 (ms)
2026-07-04 04:24:02,761 [INFO] Pass: ContainsInstruction - 0.00453 (ms)
2026-07-04 04:24:02,762 [INFO] Total Transpile Time - 58.78472 (ms)
2026-07-04 04:24:02,816 [INFO] Pass: ContainsInstruction - 0.00620 (ms)
2026-07-04 04:24:02,816 [INFO] Pass: InverseCancellation - 0.11683 (ms)
2026-07-04 04:24:02,816 [INFO] Pass: UnitarySynthesis - 0.00405 (ms)
2026-07-04 04:24:02,817 [INFO] Pass: HighLevelSynthesis - 0.84019 (ms)
2026-07-04 04:24:02,818 [INFO] Pass: BasisTranslator - 0.61131 (ms)
2026-07-04 04:24:02,818 [INFO] Pass: Depth - 0.10204 (ms)
2026-07-04 04:24:02,818 [INFO] Pass: FixedPoint - 0.00668 (ms)
2026-07-04 04:24:02,818 [INFO] Pass: Size - 0.03338 (ms)
2026-07-04 04:24:02,818 [INFO] Pass: FixedPoint - 0.00453 (ms)
2026-07-04 04:24:02,819 [INFO] Pass: Optimize1qGatesDecomposition - 0.92411 (ms)
2026-07-04 04:24:02,819 [INFO] Pass: InverseCancellation - 0.00644 (ms)
2026-07-04 04:24:02,820 [INFO] Pass: GatesInBasis - 0.47898 (ms)
2026-07-04 04:24:02,820 [INFO] Pass: Depth - 0.09441 (ms)
2026-07-04 04:24:02,820 [INFO] Pass: FixedPoint - 0.00548 (ms)
2026-07-04 04:24:02,820 [INFO] Pass: Size - 0.03171 (ms)
2026-07-04 04:24:02,820 [INFO] Pass: FixedPoint - 0.00453 (ms)
2026-07-04 04:24:02,821 [INFO] Pass: Optimize1qGatesDecomposition - 0.77081 (ms)
2026-07-04 04:24:02,821 [INFO] Pass: InverseCancellation - 0.00596 (ms)
2026-07-04 04:24:02,821 [INFO] Pass: GatesInBasis - 0.47159 (ms)
2026-07-04 04:24:02,821 [INFO] Pass: Depth - 0.09394 (ms)
2026-07-04 04:24:02,821 [INFO] Pass: FixedPoint - 0.00501 (ms)
2026-07-04 04:24:02,821 [INFO] Pass: Size - 0.03076 (ms)
2026-07-04 04:24:02,822 [INFO] Pass: FixedPoint - 0.00405 (ms)
2026-07-04 04:24:02,822 [INFO] Pass: ContainsInstruction - 0.00429 (ms)
2026-07-04 04:24:02,822 [INFO] Total Transpile Time - 60.03547 (ms)
2026-07-04 04:42:44,449 [INFO] Pass: ContainsInstruction - 0.00858 (ms)
2026-07-04 04:42:44,449 [INFO] Pass: InverseCancellation - 0.01025 (ms)
2026-07-04 04:42:44,449 [INFO] Pass: UnitarySynthesis - 0.00405 (ms)
2026-07-04 04:42:44,450 [INFO] Pass: HighLevelSynthesis - 0.75650 (ms)
2026-07-04 04:42:44,450 [INFO] Pass: BasisTranslator - 0.45037 (ms)
2026-07-04 04:42:44,451 [INFO] Pass: Depth - 0.10180 (ms)
2026-07-04 04:42:44,451 [INFO] Pass: FixedPoint - 0.00739 (ms)
2026-07-04 04:42:44,451 [INFO] Pass: Size - 0.03147 (ms)
2026-07-04 04:42:44,451 [INFO] Pass: FixedPoint - 0.00477 (ms)
2026-07-04 04:42:44,451 [INFO] Pass: Optimize1qGatesDecomposition - 0.06843 (ms)
2026-07-04 04:42:44,451 [INFO] Pass: InverseCancellation - 0.00668 (ms)
2026-07-04 04:42:44,451 [INFO] Pass: GatesInBasis - 0.44131 (ms)
2026-07-04 04:42:44,451 [INFO] Pass: Depth - 0.08702 (ms)
2026-07-04 04:42:44,452 [INFO] Pass: FixedPoint - 0.00501 (ms)
2026-07-04 04:42:44,452 [INFO] Pass: Size - 0.02933 (ms)
2026-07-04 04:42:44,452 [INFO] Pass: FixedPoint - 0.00429 (ms)
2026-07-04 04:42:44,452 [INFO] Pass: ContainsInstruction - 0.00477 (ms)
2026-07-04 04:42:44,452 [INFO] Total Transpile Time - 59.08012 (ms)
2026-07-04 04:42:44,507 [INFO] Pass: ContainsInstruction - 0.00596 (ms)
2026-07-04 04:42:44,507 [INFO] Pass: InverseCancellation - 0.11420 (ms)
2026-07-04 04:42:44,507 [INFO] Pass: UnitarySynthesis - 0.00405 (ms)
2026-07-04 04:42:44,508 [INFO] Pass: HighLevelSynthesis - 0.77796 (ms)
2026-07-04 04:42:44,508 [INFO] Pass: BasisTranslator - 0.59056 (ms)
2026-07-04 04:42:44,509 [INFO] Pass: Depth - 0.09966 (ms)
2026-07-04 04:42:44,509 [INFO] Pass: FixedPoint - 0.00691 (ms)
2026-07-04 04:42:44,509 [INFO] Pass: Size - 0.03266 (ms)
2026-07-04 04:42:44,509 [INFO] Pass: FixedPoint - 0.00477 (ms)
2026-07-04 04:42:44,510 [INFO] Pass: Optimize1qGatesDecomposition - 0.81420 (ms)
2026-07-04 04:42:44,510 [INFO] Pass: InverseCancellation - 0.10180 (ms)
2026-07-04 04:42:44,510 [INFO] Pass: GatesInBasis - 0.44918 (ms)
2026-07-04 04:42:44,510 [INFO] Pass: Depth - 0.09274 (ms)
2026-07-04 04:42:44,510 [INFO] Pass: FixedPoint - 0.00525 (ms)
2026-07-04 04:42:44,510 [INFO] Pass: Size - 0.03195 (ms)
2026-07-04 04:42:44,510 [INFO] Pass: FixedPoint - 0.00477 (ms)
2026-07-04 04:42:44,511 [INFO] Pass: ContainsInstruction - 0.00453 (ms)
2026-07-04 04:42:44,511 [INFO] Total Transpile Time - 58.73442 (ms)
2026-07-04 04:42:44,566 [INFO] Pass: ContainsInstruction - 0.00620 (ms)
2026-07-04 04:42:44,566 [INFO] Pass: InverseCancellation - 0.11897 (ms)
2026-07-04 04:42:44,566 [INFO] Pass: UnitarySynthesis - 0.00405 (ms)
2026-07-04 04:42:44,567 [INFO] Pass: HighLevelSynthesis - 0.85640 (ms)
2026-07-04 04:42:44,567 [INFO] Pass: BasisTranslator - 0.62180 (ms)
2026-07-04 04:42:44,568 [INFO] Pass: Depth - 0.10371 (ms)
2026-07-04 04:42:44,568 [INFO] Pass: FixedPoint - 0.00691 (ms)
2026-07-04 04:42:44,568 [INFO] Pass: Size - 0.03409 (ms)
2026-07-04 04:42:44,568 [INFO] Pass: FixedPoint - 0.00429 (ms)
2026-07-04 04:42:44,569 [INFO] Pass: Optimize1qGatesDecomposition - 0.93627 (ms)
2026-07-04 04:42:44,569 [INFO] Pass: InverseCancellation - 0.00668 (ms)
2026-07-04 04:42:44,569 [INFO] Pass: GatesInBasis - 0.47493 (ms)
2026-07-04 04:42:44,569 [INFO] Pass: Depth - 0.09441 (ms)
2026-07-04 04:42:44,569 [INFO] Pass: FixedPoint - 0.00858 (ms)
2026-07-04 04:42:44,569 [INFO] Pass: Size - 0.03171 (ms)
2026-07-04 04:42:44,569 [INFO] Pass: FixedPoint - 0.00453 (ms)
2026-07-04 04:42:44,570 [INFO] Pass: Optimize1qGatesDecomposition - 0.76866 (ms)
2026-07-04 04:42:44,570 [INFO] Pass: InverseCancellation - 0.00644 (ms)
2026-07-04 04:42:44,571 [INFO] Pass: GatesInBasis - 0.47231 (ms)
2026-07-04 04:42:44,571 [INFO] Pass: Depth - 0.09155 (ms)
2026-07-04 04:42:44,571 [INFO] Pass: FixedPoint - 0.00477 (ms)
2026-07-04 04:42:44,571 [INFO] Pass: Size - 0.03076 (ms)
2026-07-04 04:42:44,571 [INFO] Pass: FixedPoint - 0.00405 (ms)
2026-07-04 04:42:44,571 [INFO] Pass: ContainsInstruction - 0.00477 (ms)
2026-07-04 04:42:44,572 [INFO] Total Transpile Time - 60.52470 (ms)
2026-07-04 05:01:24,289 [INFO] [PCE] n=175 beta=0.6643 ± 0.0133 (PASSED) qubits=12 duration=0:15:33:15 max_parallel_threads=32
