qmio/hpc unloaded
gcccore/12.3.0 unloaded
binutils/2.40 unloaded
gcc/12.3.0 unloaded
sqlite/3.45.3 unloaded
libffi/3.4.4 unloaded
python/3.11.9 unloaded
rust/1.88.0 unloaded
imkl/2023.2.0 unloaded
ninja/1.9.0 unloaded
meson/1.5.2-python-3.11.9 unloaded
meson-python/0.16.0-python-3.11.9 unloaded
cython/3.0.9-python-3.11.9 unloaded
numpy/1.26.4-python-3.11.9 unloaded
pythran/0.15.0-python-3.11.9 unloaded
pybind11/2.13.6-python-3.11.9 unloaded
xsimd/12.1.1 unloaded
scipy/1.13.0-python-3.11.9 unloaded
llvm/16.0.0 unloaded
gmp/6.3.0 unloaded
mpfr/4.2.1 unloaded
mpc/1.3.1 unloaded
flint/3.1.2 unloaded
symengine/0.11.2 unloaded
symengine-python/0.11.0-python-3.11.9 unloaded
spdlog/1.9.2 unloaded
pylatexenc/2.10-python-3.11.9 unloaded
libgd/2.3.3 unloaded
nasm/2.16.03 unloaded
libjpeg-turbo/3.0.2 unloaded
matplotlib/3.6.3-python-3.11.9 unloaded
pandas/2.2.2-python-3.11.9 unloaded
seaborn/0.12.2-python-3.11.9 unloaded
qiskit/2.2.3-python-3.11.9 unloaded
qmio-run/0.5.1-python-3.11.9 unloaded
qmio-tools/0.2.1-python-3.11.9 unloaded
        Preparing the environment for use of the sistema software stack.
        Please rebuild modules cache: module --ignore-cache avail
     
qmio/hpc loaded
gcccore/12.3.0 loaded
binutils/2.40 loaded
gcc/12.3.0 loaded
sqlite/3.45.3 loaded
libffi/3.4.4 loaded
python/3.11.9 loaded
rust/1.88.0 loaded

imkl/2023.2.0 loaded
ninja/1.9.0 loaded
meson/1.5.2-python-3.11.9 loaded
meson-python/0.16.0-python-3.11.9 loaded
cython/3.0.9-python-3.11.9 loaded
numpy/1.26.4-python-3.11.9 loaded
pythran/0.15.0-python-3.11.9 loaded
pybind11/2.13.6-python-3.11.9 loaded
xsimd/12.1.1 loaded
scipy/1.13.0-python-3.11.9 loaded
llvm/16.0.0 loaded
gmp/6.3.0 loaded
mpfr/4.2.1 loaded
mpc/1.3.1 loaded
flint/3.1.2 loaded
symengine/0.11.2 loaded
symengine-python/0.11.0-python-3.11.9 loaded
spdlog/1.9.2 loaded
pylatexenc/2.10-python-3.11.9 loaded
libgd/2.3.3 loaded
nasm/2.16.03 loaded
libjpeg-turbo/3.0.2 loaded
matplotlib/3.6.3-python-3.11.9 loaded
pandas/2.2.2-python-3.11.9 loaded
seaborn/0.12.2-python-3.11.9 loaded
qiskit/2.2.3-python-3.11.9 loaded
qmio-run/0.5.1-python-3.11.9 loaded
qmio-tools/0.2.1-python-3.11.9 loaded
gcc/12.3.0 unloaded
rust/1.88.0 unloaded
pythran/0.15.0-python-3.11.9 unloaded
scipy/1.13.0-python-3.11.9 unloaded
qiskit/2.2.3-python-3.11.9 unloaded
qmio-run/0.5.1-python-3.11.9 unloaded
qmio-tools/0.2.1-python-3.11.9 unloaded
gcc/12.3.0 loaded
rust/1.88.0 loaded
pythran/0.15.0-python-3.11.9 loaded
scipy/1.13.0-python-3.11.9 loaded
qiskit/2.2.3-python-3.11.9 loaded
qmio-run/0.5.1-python-3.11.9 loaded
qmio-tools/0.2.1-python-3.11.9 loaded
qiskit/2.2.3-python-3.11.9 unloaded
qiskit/2.2.3-python-3.11.9 loaded
qmio-tools/0.2.1-python-3.11.9 unloaded
qmio-tools/0.2.1-python-3.11.9 loaded
2026-07-01 21:45:12,961 [INFO] [PCE] Ejecutando 75 grafos con 150 nodos.
2026-07-01 21:45:12,961 [INFO] [PCE] n=150 usa 11 qubits (k=2).
2026-07-01 21:45:13,084 [INFO] Pass: ContainsInstruction - 0.03242 (ms)
2026-07-01 21:45:13,084 [INFO] Pass: UnitarySynthesis - 0.01311 (ms)
2026-07-01 21:45:13,084 [INFO] Pass: HighLevelSynthesis - 0.00620 (ms)
2026-07-01 21:45:13,085 [INFO] Pass: BasisTranslator - 0.05889 (ms)
2026-07-01 21:45:13,085 [INFO] Pass: ElidePermutations - 0.00501 (ms)
2026-07-01 21:45:13,085 [INFO] Pass: RemoveDiagonalGatesBeforeMeasure - 0.00763 (ms)
2026-07-01 21:45:13,085 [INFO] Pass: RemoveIdentityEquivalent - 0.00668 (ms)
2026-07-01 21:45:13,085 [INFO] Pass: InverseCancellation - 0.00501 (ms)
2026-07-01 21:45:13,085 [INFO] Pass: ContractIdleWiresInControlFlow - 0.00262 (ms)
2026-07-01 21:45:13,085 [INFO] Pass: CommutativeCancellation - 0.04792 (ms)
2026-07-01 21:45:13,085 [INFO] Pass: ConsolidateBlocks - 0.04745 (ms)
2026-07-01 21:45:13,085 [INFO] Pass: Split2QUnitaries - 0.00405 (ms)
2026-07-01 21:45:13,085 [INFO] Pass: UnitarySynthesis - 0.00501 (ms)
2026-07-01 21:45:13,085 [INFO] Pass: HighLevelSynthesis - 0.02122 (ms)
2026-07-01 21:45:13,085 [INFO] Pass: BasisTranslator - 0.06294 (ms)
2026-07-01 21:45:13,085 [INFO] Pass: ConsolidateBlocks - 0.04959 (ms)
2026-07-01 21:45:13,085 [INFO] Pass: UnitarySynthesis - 0.00453 (ms)
2026-07-01 21:45:13,085 [INFO] Pass: Depth - 0.01907 (ms)
2026-07-01 21:45:13,085 [INFO] Pass: FixedPoint - 0.00525 (ms)
2026-07-01 21:45:13,085 [INFO] Pass: Size - 0.00334 (ms)
2026-07-01 21:45:13,085 [INFO] Pass: FixedPoint - 0.00334 (ms)
2026-07-01 21:45:13,085 [INFO] Pass: RemoveIdentityEquivalent - 0.00286 (ms)
2026-07-01 21:45:13,085 [INFO] Pass: Optimize1qGatesDecomposition - 0.03529 (ms)
2026-07-01 21:45:13,086 [INFO] Pass: CommutativeCancellation - 0.06986 (ms)
2026-07-01 21:45:13,086 [INFO] Pass: ContractIdleWiresInControlFlow - 0.00238 (ms)
2026-07-01 21:45:13,086 [INFO] Pass: GatesInBasis - 0.01860 (ms)
2026-07-01 21:45:13,086 [INFO] Pass: Depth - 0.01645 (ms)
2026-07-01 21:45:13,086 [INFO] Pass: FixedPoint - 0.00429 (ms)
2026-07-01 21:45:13,086 [INFO] Pass: Size - 0.00191 (ms)
2026-07-01 21:45:13,086 [INFO] Pass: FixedPoint - 0.00310 (ms)
2026-07-01 21:45:13,086 [INFO] Pass: ContainsInstruction - 0.00620 (ms)
2026-07-01 21:45:13,086 [INFO] Total Transpile Time - 107.28383 (ms)
2026-07-01 21:45:13,176 [INFO] Pass: ContainsInstruction - 0.01168 (ms)
2026-07-01 21:45:13,176 [INFO] Pass: UnitarySynthesis - 0.00715 (ms)
2026-07-01 21:45:13,176 [INFO] Pass: HighLevelSynthesis - 0.00525 (ms)
2026-07-01 21:45:13,176 [INFO] Pass: BasisTranslator - 0.05627 (ms)
2026-07-01 21:45:13,176 [INFO] Pass: ElidePermutations - 0.00477 (ms)
2026-07-01 21:45:13,176 [INFO] Pass: RemoveDiagonalGatesBeforeMeasure - 0.00620 (ms)
2026-07-01 21:45:13,176 [INFO] Pass: RemoveIdentityEquivalent - 0.00525 (ms)
2026-07-01 21:45:13,176 [INFO] Pass: InverseCancellation - 0.02050 (ms)
2026-07-01 21:45:13,176 [INFO] Pass: ContractIdleWiresInControlFlow - 0.00262 (ms)
2026-07-01 21:45:13,176 [INFO] Pass: CommutativeCancellation - 0.05770 (ms)
2026-07-01 21:45:13,176 [INFO] Pass: ConsolidateBlocks - 0.03910 (ms)
2026-07-01 21:45:13,176 [INFO] Pass: Split2QUnitaries - 0.00310 (ms)
2026-07-01 21:45:13,176 [INFO] Pass: UnitarySynthesis - 0.00525 (ms)
2026-07-01 21:45:13,176 [INFO] Pass: HighLevelSynthesis - 0.02193 (ms)
2026-07-01 21:45:13,176 [INFO] Pass: BasisTranslator - 0.07129 (ms)
2026-07-01 21:45:13,177 [INFO] Pass: ConsolidateBlocks - 0.04935 (ms)
2026-07-01 21:45:13,177 [INFO] Pass: UnitarySynthesis - 0.00501 (ms)
2026-07-01 21:45:13,177 [INFO] Pass: Depth - 0.01740 (ms)
2026-07-01 21:45:13,177 [INFO] Pass: FixedPoint - 0.00548 (ms)
2026-07-01 21:45:13,177 [INFO] Pass: Size - 0.00310 (ms)
2026-07-01 21:45:13,177 [INFO] Pass: FixedPoint - 0.00310 (ms)
2026-07-01 21:45:13,177 [INFO] Pass: RemoveIdentityEquivalent - 0.00405 (ms)
2026-07-01 21:45:13,177 [INFO] Pass: Optimize1qGatesDecomposition - 0.15688 (ms)
2026-07-01 21:45:13,177 [INFO] Pass: CommutativeCancellation - 0.07701 (ms)
2026-07-01 21:45:13,177 [INFO] Pass: ContractIdleWiresInControlFlow - 0.00238 (ms)
2026-07-01 21:45:13,177 [INFO] Pass: GatesInBasis - 0.01907 (ms)
2026-07-01 21:45:13,177 [INFO] Pass: Depth - 0.01788 (ms)
2026-07-01 21:45:13,177 [INFO] Pass: FixedPoint - 0.00429 (ms)
2026-07-01 21:45:13,177 [INFO] Pass: Size - 0.00215 (ms)
2026-07-01 21:45:13,177 [INFO] Pass: FixedPoint - 0.00548 (ms)
2026-07-01 21:45:13,177 [INFO] Pass: ContainsInstruction - 0.00548 (ms)
2026-07-01 21:45:13,178 [INFO] Total Transpile Time - 90.99340 (ms)
2026-07-01 21:45:13,266 [INFO] Pass: ContainsInstruction - 0.01168 (ms)
2026-07-01 21:45:13,266 [INFO] Pass: UnitarySynthesis - 0.00691 (ms)
2026-07-01 21:45:13,266 [INFO] Pass: HighLevelSynthesis - 0.00525 (ms)
2026-07-01 21:45:13,266 [INFO] Pass: BasisTranslator - 0.05364 (ms)
2026-07-01 21:45:13,266 [INFO] Pass: ElidePermutations - 0.00429 (ms)
2026-07-01 21:45:13,266 [INFO] Pass: RemoveDiagonalGatesBeforeMeasure - 0.00668 (ms)
2026-07-01 21:45:13,266 [INFO] Pass: RemoveIdentityEquivalent - 0.00644 (ms)
2026-07-01 21:45:13,267 [INFO] Pass: InverseCancellation - 0.01907 (ms)
2026-07-01 21:45:13,267 [INFO] Pass: ContractIdleWiresInControlFlow - 0.00262 (ms)
2026-07-01 21:45:13,267 [INFO] Pass: CommutativeCancellation - 0.05531 (ms)
2026-07-01 21:45:13,267 [INFO] Pass: ConsolidateBlocks - 0.04053 (ms)
2026-07-01 21:45:13,267 [INFO] Pass: Split2QUnitaries - 0.00310 (ms)
2026-07-01 21:45:13,267 [INFO] Pass: UnitarySynthesis - 0.00978 (ms)
2026-07-01 21:45:13,267 [INFO] Pass: HighLevelSynthesis - 0.02432 (ms)
2026-07-01 21:45:13,267 [INFO] Pass: BasisTranslator - 0.06461 (ms)
2026-07-01 21:45:13,267 [INFO] Pass: ConsolidateBlocks - 0.04911 (ms)
2026-07-01 21:45:13,267 [INFO] Pass: UnitarySynthesis - 0.00525 (ms)
2026-07-01 21:45:13,267 [INFO] Pass: Depth - 0.01931 (ms)
2026-07-01 21:45:13,267 [INFO] Pass: FixedPoint - 0.00548 (ms)
2026-07-01 21:45:13,267 [INFO] Pass: Size - 0.00310 (ms)
2026-07-01 21:45:13,267 [INFO] Pass: FixedPoint - 0.00334 (ms)
2026-07-01 21:45:13,267 [INFO] Pass: RemoveIdentityEquivalent - 0.00525 (ms)
2026-07-01 21:45:13,267 [INFO] Pass: Optimize1qGatesDecomposition - 0.17405 (ms)
2026-07-01 21:45:13,267 [INFO] Pass: CommutativeCancellation - 0.07677 (ms)
2026-07-01 21:45:13,267 [INFO] Pass: ContractIdleWiresInControlFlow - 0.00262 (ms)
2026-07-01 21:45:13,268 [INFO] Pass: GatesInBasis - 0.01979 (ms)
2026-07-01 21:45:13,268 [INFO] Pass: Depth - 0.01836 (ms)
2026-07-01 21:45:13,268 [INFO] Pass: FixedPoint - 0.00358 (ms)
2026-07-01 21:45:13,268 [INFO] Pass: Size - 0.00238 (ms)
2026-07-01 21:45:13,268 [INFO] Pass: FixedPoint - 0.00358 (ms)
2026-07-01 21:45:13,268 [INFO] Pass: RemoveIdentityEquivalent - 0.00548 (ms)
2026-07-01 21:45:13,268 [INFO] Pass: Optimize1qGatesDecomposition - 0.13900 (ms)
2026-07-01 21:45:13,268 [INFO] Pass: CommutativeCancellation - 0.06533 (ms)
2026-07-01 21:45:13,268 [INFO] Pass: ContractIdleWiresInControlFlow - 0.00191 (ms)
2026-07-01 21:45:13,268 [INFO] Pass: GatesInBasis - 0.01717 (ms)
2026-07-01 21:45:13,268 [INFO] Pass: Depth - 0.01645 (ms)
2026-07-01 21:45:13,268 [INFO] Pass: FixedPoint - 0.00310 (ms)
2026-07-01 21:45:13,268 [INFO] Pass: Size - 0.00238 (ms)
2026-07-01 21:45:13,268 [INFO] Pass: FixedPoint - 0.00286 (ms)
2026-07-01 21:45:13,268 [INFO] Pass: ContainsInstruction - 0.00548 (ms)
2026-07-01 21:45:13,268 [INFO] Total Transpile Time - 90.49940 (ms)
2026-07-01 21:58:47,984 [INFO] Pass: ContainsInstruction - 0.01407 (ms)
2026-07-01 21:58:47,984 [INFO] Pass: UnitarySynthesis - 0.01287 (ms)
2026-07-01 21:58:47,984 [INFO] Pass: HighLevelSynthesis - 0.00858 (ms)
2026-07-01 21:58:47,985 [INFO] Pass: BasisTranslator - 0.08726 (ms)
2026-07-01 21:58:47,985 [INFO] Pass: ElidePermutations - 0.00668 (ms)
2026-07-01 21:58:47,985 [INFO] Pass: RemoveDiagonalGatesBeforeMeasure - 0.00763 (ms)
2026-07-01 21:58:47,985 [INFO] Pass: RemoveIdentityEquivalent - 0.00763 (ms)
2026-07-01 21:58:47,985 [INFO] Pass: InverseCancellation - 0.00620 (ms)
2026-07-01 21:58:47,985 [INFO] Pass: ContractIdleWiresInControlFlow - 0.00501 (ms)
2026-07-01 21:58:47,985 [INFO] Pass: CommutativeCancellation - 0.07129 (ms)
2026-07-01 21:58:47,985 [INFO] Pass: ConsolidateBlocks - 0.05054 (ms)
2026-07-01 21:58:47,985 [INFO] Pass: Split2QUnitaries - 0.00453 (ms)
2026-07-01 21:58:47,985 [INFO] Pass: UnitarySynthesis - 0.00620 (ms)
2026-07-01 21:58:47,985 [INFO] Pass: HighLevelSynthesis - 0.02456 (ms)
2026-07-01 21:58:47,985 [INFO] Pass: BasisTranslator - 0.07248 (ms)
2026-07-01 21:58:47,985 [INFO] Pass: ConsolidateBlocks - 0.05937 (ms)
2026-07-01 21:58:47,985 [INFO] Pass: UnitarySynthesis - 0.00572 (ms)
2026-07-01 21:58:47,985 [INFO] Pass: Depth - 0.02265 (ms)
2026-07-01 21:58:47,985 [INFO] Pass: FixedPoint - 0.00596 (ms)
2026-07-01 21:58:47,985 [INFO] Pass: Size - 0.00525 (ms)
2026-07-01 21:58:47,985 [INFO] Pass: FixedPoint - 0.00310 (ms)
2026-07-01 21:58:47,985 [INFO] Pass: RemoveIdentityEquivalent - 0.00334 (ms)
2026-07-01 21:58:47,985 [INFO] Pass: Optimize1qGatesDecomposition - 0.04435 (ms)
2026-07-01 21:58:47,986 [INFO] Pass: CommutativeCancellation - 0.08488 (ms)
2026-07-01 21:58:47,986 [INFO] Pass: ContractIdleWiresInControlFlow - 0.00238 (ms)
2026-07-01 21:58:47,986 [INFO] Pass: GatesInBasis - 0.02193 (ms)
2026-07-01 21:58:47,986 [INFO] Pass: Depth - 0.01907 (ms)
2026-07-01 21:58:47,986 [INFO] Pass: FixedPoint - 0.00381 (ms)
2026-07-01 21:58:47,986 [INFO] Pass: Size - 0.00238 (ms)
2026-07-01 21:58:47,986 [INFO] Pass: FixedPoint - 0.00310 (ms)
2026-07-01 21:58:47,986 [INFO] Pass: ContainsInstruction - 0.00548 (ms)
2026-07-01 21:58:47,986 [INFO] Total Transpile Time - 100.66414 (ms)
2026-07-01 21:58:48,081 [INFO] Pass: ContainsInstruction - 0.01311 (ms)
2026-07-01 21:58:48,081 [INFO] Pass: UnitarySynthesis - 0.00763 (ms)
2026-07-01 21:58:48,081 [INFO] Pass: HighLevelSynthesis - 0.00763 (ms)
2026-07-01 21:58:48,081 [INFO] Pass: BasisTranslator - 0.08011 (ms)
2026-07-01 21:58:48,081 [INFO] Pass: ElidePermutations - 0.00620 (ms)
2026-07-01 21:58:48,081 [INFO] Pass: RemoveDiagonalGatesBeforeMeasure - 0.00763 (ms)
2026-07-01 21:58:48,081 [INFO] Pass: RemoveIdentityEquivalent - 0.00763 (ms)
2026-07-01 21:58:48,081 [INFO] Pass: InverseCancellation - 0.02646 (ms)
2026-07-01 21:58:48,081 [INFO] Pass: ContractIdleWiresInControlFlow - 0.00215 (ms)
2026-07-01 21:58:48,081 [INFO] Pass: CommutativeCancellation - 0.08440 (ms)
2026-07-01 21:58:48,081 [INFO] Pass: ConsolidateBlocks - 0.04601 (ms)
2026-07-01 21:58:48,081 [INFO] Pass: Split2QUnitaries - 0.00381 (ms)
2026-07-01 21:58:48,081 [INFO] Pass: UnitarySynthesis - 0.00572 (ms)
2026-07-01 21:58:48,081 [INFO] Pass: HighLevelSynthesis - 0.02599 (ms)
2026-07-01 21:58:48,082 [INFO] Pass: BasisTranslator - 0.08130 (ms)
2026-07-01 21:58:48,082 [INFO] Pass: ConsolidateBlocks - 0.05436 (ms)
2026-07-01 21:58:48,082 [INFO] Pass: UnitarySynthesis - 0.00477 (ms)
2026-07-01 21:58:48,082 [INFO] Pass: Depth - 0.02360 (ms)
2026-07-01 21:58:48,082 [INFO] Pass: FixedPoint - 0.00620 (ms)
2026-07-01 21:58:48,082 [INFO] Pass: Size - 0.00405 (ms)
2026-07-01 21:58:48,082 [INFO] Pass: FixedPoint - 0.00310 (ms)
2026-07-01 21:58:48,082 [INFO] Pass: RemoveIdentityEquivalent - 0.00620 (ms)
2026-07-01 21:58:48,082 [INFO] Pass: Optimize1qGatesDecomposition - 0.17238 (ms)
2026-07-01 21:58:48,082 [INFO] Pass: CommutativeCancellation - 0.09871 (ms)
2026-07-01 21:58:48,082 [INFO] Pass: ContractIdleWiresInControlFlow - 0.00215 (ms)
2026-07-01 21:58:48,082 [INFO] Pass: GatesInBasis - 0.02170 (ms)
2026-07-01 21:58:48,082 [INFO] Pass: Depth - 0.02027 (ms)
2026-07-01 21:58:48,082 [INFO] Pass: FixedPoint - 0.00358 (ms)
2026-07-01 21:58:48,082 [INFO] Pass: Size - 0.00262 (ms)
2026-07-01 21:58:48,082 [INFO] Pass: FixedPoint - 0.00310 (ms)
2026-07-01 21:58:48,082 [INFO] Pass: ContainsInstruction - 0.00572 (ms)
2026-07-01 21:58:48,083 [INFO] Total Transpile Time - 95.78729 (ms)
2026-07-01 21:58:48,177 [INFO] Pass: ContainsInstruction - 0.01431 (ms)
2026-07-01 21:58:48,177 [INFO] Pass: UnitarySynthesis - 0.00882 (ms)
2026-07-01 21:58:48,177 [INFO] Pass: HighLevelSynthesis - 0.00739 (ms)
2026-07-01 21:58:48,178 [INFO] Pass: BasisTranslator - 0.08941 (ms)
2026-07-01 21:58:48,178 [INFO] Pass: ElidePermutations - 0.00596 (ms)
2026-07-01 21:58:48,178 [INFO] Pass: RemoveDiagonalGatesBeforeMeasure - 0.00954 (ms)
2026-07-01 21:58:48,178 [INFO] Pass: RemoveIdentityEquivalent - 0.00954 (ms)
2026-07-01 21:58:48,178 [INFO] Pass: InverseCancellation - 0.02885 (ms)
2026-07-01 21:58:48,178 [INFO] Pass: ContractIdleWiresInControlFlow - 0.00238 (ms)
2026-07-01 21:58:48,178 [INFO] Pass: CommutativeCancellation - 0.08106 (ms)
2026-07-01 21:58:48,178 [INFO] Pass: ConsolidateBlocks - 0.04840 (ms)
2026-07-01 21:58:48,178 [INFO] Pass: Split2QUnitaries - 0.00477 (ms)
2026-07-01 21:58:48,178 [INFO] Pass: UnitarySynthesis - 0.00548 (ms)
2026-07-01 21:58:48,178 [INFO] Pass: HighLevelSynthesis - 0.02694 (ms)
2026-07-01 21:58:48,178 [INFO] Pass: BasisTranslator - 0.07248 (ms)
2026-07-01 21:58:48,178 [INFO] Pass: ConsolidateBlocks - 0.05579 (ms)
2026-07-01 21:58:48,178 [INFO] Pass: UnitarySynthesis - 0.00477 (ms)
2026-07-01 21:58:48,178 [INFO] Pass: Depth - 0.02456 (ms)
2026-07-01 21:58:48,178 [INFO] Pass: FixedPoint - 0.00572 (ms)
2026-07-01 21:58:48,178 [INFO] Pass: Size - 0.00429 (ms)
2026-07-01 21:58:48,178 [INFO] Pass: FixedPoint - 0.00310 (ms)
2026-07-01 21:58:48,178 [INFO] Pass: RemoveIdentityEquivalent - 0.00620 (ms)
2026-07-01 21:58:48,179 [INFO] Pass: Optimize1qGatesDecomposition - 0.19956 (ms)
2026-07-01 21:58:48,179 [INFO] Pass: CommutativeCancellation - 0.09179 (ms)
2026-07-01 21:58:48,179 [INFO] Pass: ContractIdleWiresInControlFlow - 0.00238 (ms)
2026-07-01 21:58:48,179 [INFO] Pass: GatesInBasis - 0.02193 (ms)
2026-07-01 21:58:48,179 [INFO] Pass: Depth - 0.02050 (ms)
2026-07-01 21:58:48,179 [INFO] Pass: FixedPoint - 0.00381 (ms)
2026-07-01 21:58:48,179 [INFO] Pass: Size - 0.00215 (ms)
2026-07-01 21:58:48,179 [INFO] Pass: FixedPoint - 0.00262 (ms)
2026-07-01 21:58:48,179 [INFO] Pass: RemoveIdentityEquivalent - 0.00572 (ms)
2026-07-01 21:58:48,179 [INFO] Pass: Optimize1qGatesDecomposition - 0.15068 (ms)
2026-07-01 21:58:48,179 [INFO] Pass: CommutativeCancellation - 0.07653 (ms)
2026-07-01 21:58:48,179 [INFO] Pass: ContractIdleWiresInControlFlow - 0.00167 (ms)
2026-07-01 21:58:48,179 [INFO] Pass: GatesInBasis - 0.01884 (ms)
2026-07-01 21:58:48,179 [INFO] Pass: Depth - 0.02027 (ms)
2026-07-01 21:58:48,179 [INFO] Pass: FixedPoint - 0.00334 (ms)
2026-07-01 21:58:48,179 [INFO] Pass: Size - 0.00238 (ms)
2026-07-01 21:58:48,179 [INFO] Pass: FixedPoint - 0.00286 (ms)
2026-07-01 21:58:48,179 [INFO] Pass: ContainsInstruction - 0.00668 (ms)
2026-07-01 21:58:48,180 [INFO] Total Transpile Time - 96.36974 (ms)
2026-07-01 22:12:13,033 [INFO] Pass: ContainsInstruction - 0.01216 (ms)
2026-07-01 22:12:13,033 [INFO] Pass: UnitarySynthesis - 0.00930 (ms)
2026-07-01 22:12:13,034 [INFO] Pass: HighLevelSynthesis - 0.00620 (ms)
2026-07-01 22:12:13,034 [INFO] Pass: BasisTranslator - 0.06723 (ms)
2026-07-01 22:12:13,034 [INFO] Pass: ElidePermutations - 0.00572 (ms)
2026-07-01 22:12:13,034 [INFO] Pass: RemoveDiagonalGatesBeforeMeasure - 0.00739 (ms)
2026-07-01 22:12:13,034 [INFO] Pass: RemoveIdentityEquivalent - 0.00596 (ms)
2026-07-01 22:12:13,034 [INFO] Pass: InverseCancellation - 0.00572 (ms)
2026-07-01 22:12:13,034 [INFO] Pass: ContractIdleWiresInControlFlow - 0.00262 (ms)
2026-07-01 22:12:13,034 [INFO] Pass: CommutativeCancellation - 0.05746 (ms)
2026-07-01 22:12:13,034 [INFO] Pass: ConsolidateBlocks - 0.04196 (ms)
2026-07-01 22:12:13,034 [INFO] Pass: Split2QUnitaries - 0.00429 (ms)
2026-07-01 22:12:13,034 [INFO] Pass: UnitarySynthesis - 0.00548 (ms)
2026-07-01 22:12:13,034 [INFO] Pass: HighLevelSynthesis - 0.02289 (ms)
2026-07-01 22:12:13,034 [INFO] Pass: BasisTranslator - 0.06437 (ms)
2026-07-01 22:12:13,034 [INFO] Pass: ConsolidateBlocks - 0.04864 (ms)
2026-07-01 22:12:13,034 [INFO] Pass: UnitarySynthesis - 0.00429 (ms)
2026-07-01 22:12:13,034 [INFO] Pass: Depth - 0.02241 (ms)
2026-07-01 22:12:13,034 [INFO] Pass: FixedPoint - 0.00525 (ms)
2026-07-01 22:12:13,034 [INFO] Pass: Size - 0.00358 (ms)
2026-07-01 22:12:13,034 [INFO] Pass: FixedPoint - 0.00310 (ms)
2026-07-01 22:12:13,034 [INFO] Pass: RemoveIdentityEquivalent - 0.00334 (ms)
2026-07-01 22:12:13,034 [INFO] Pass: Optimize1qGatesDecomposition - 0.04053 (ms)
2026-07-01 22:12:13,035 [INFO] Pass: CommutativeCancellation - 0.07439 (ms)
2026-07-01 22:12:13,035 [INFO] Pass: ContractIdleWiresInControlFlow - 0.00215 (ms)
2026-07-01 22:12:13,035 [INFO] Pass: GatesInBasis - 0.01860 (ms)
2026-07-01 22:12:13,035 [INFO] Pass: Depth - 0.01693 (ms)
2026-07-01 22:12:13,035 [INFO] Pass: FixedPoint - 0.00358 (ms)
2026-07-01 22:12:13,035 [INFO] Pass: Size - 0.00215 (ms)
2026-07-01 22:12:13,035 [INFO] Pass: FixedPoint - 0.00286 (ms)
2026-07-01 22:12:13,035 [INFO] Pass: ContainsInstruction - 0.00525 (ms)
2026-07-01 22:12:13,035 [INFO] Total Transpile Time - 91.19844 (ms)
2026-07-01 22:12:13,125 [INFO] Pass: ContainsInstruction - 0.01764 (ms)
2026-07-01 22:12:13,125 [INFO] Pass: UnitarySynthesis - 0.00834 (ms)
2026-07-01 22:12:13,125 [INFO] Pass: HighLevelSynthesis - 0.00668 (ms)
2026-07-01 22:12:13,125 [INFO] Pass: BasisTranslator - 0.07963 (ms)
2026-07-01 22:12:13,125 [INFO] Pass: ElidePermutations - 0.00787 (ms)
2026-07-01 22:12:13,125 [INFO] Pass: RemoveDiagonalGatesBeforeMeasure - 0.00763 (ms)
2026-07-01 22:12:13,125 [INFO] Pass: RemoveIdentityEquivalent - 0.00882 (ms)
2026-07-01 22:12:13,125 [INFO] Pass: InverseCancellation - 0.02623 (ms)
2026-07-01 22:12:13,125 [INFO] Pass: ContractIdleWiresInControlFlow - 0.00238 (ms)
2026-07-01 22:12:13,125 [INFO] Pass: CommutativeCancellation - 0.07844 (ms)
2026-07-01 22:12:13,125 [INFO] Pass: ConsolidateBlocks - 0.04625 (ms)
2026-07-01 22:12:13,125 [INFO] Pass: Split2QUnitaries - 0.00644 (ms)
2026-07-01 22:12:13,125 [INFO] Pass: UnitarySynthesis - 0.00548 (ms)
2026-07-01 22:12:13,125 [INFO] Pass: HighLevelSynthesis - 0.02551 (ms)
2026-07-01 22:12:13,125 [INFO] Pass: BasisTranslator - 0.07105 (ms)
2026-07-01 22:12:13,125 [INFO] Pass: ConsolidateBlocks - 0.06270 (ms)
2026-07-01 22:12:13,126 [INFO] Pass: UnitarySynthesis - 0.00501 (ms)
2026-07-01 22:12:13,126 [INFO] Pass: Depth - 0.02217 (ms)
2026-07-01 22:12:13,126 [INFO] Pass: FixedPoint - 0.00572 (ms)
2026-07-01 22:12:13,126 [INFO] Pass: Size - 0.00429 (ms)
2026-07-01 22:12:13,126 [INFO] Pass: FixedPoint - 0.00358 (ms)
2026-07-01 22:12:13,126 [INFO] Pass: RemoveIdentityEquivalent - 0.00548 (ms)
2026-07-01 22:12:13,126 [INFO] Pass: Optimize1qGatesDecomposition - 0.17691 (ms)
2026-07-01 22:12:13,126 [INFO] Pass: CommutativeCancellation - 0.09894 (ms)
2026-07-01 22:12:13,126 [INFO] Pass: ContractIdleWiresInControlFlow - 0.00191 (ms)
2026-07-01 22:12:13,126 [INFO] Pass: GatesInBasis - 0.02050 (ms)
2026-07-01 22:12:13,126 [INFO] Pass: Depth - 0.01931 (ms)
2026-07-01 22:12:13,126 [INFO] Pass: FixedPoint - 0.00358 (ms)
2026-07-01 22:12:13,126 [INFO] Pass: Size - 0.00191 (ms)
2026-07-01 22:12:13,126 [INFO] Pass: FixedPoint - 0.00286 (ms)
2026-07-01 22:12:13,126 [INFO] Pass: ContainsInstruction - 0.00620 (ms)
2026-07-01 22:12:13,127 [INFO] Total Transpile Time - 90.96074 (ms)
2026-07-01 22:12:13,216 [INFO] Pass: ContainsInstruction - 0.01407 (ms)
2026-07-01 22:12:13,217 [INFO] Pass: UnitarySynthesis - 0.00906 (ms)
2026-07-01 22:12:13,217 [INFO] Pass: HighLevelSynthesis - 0.00620 (ms)
2026-07-01 22:12:13,217 [INFO] Pass: BasisTranslator - 0.07296 (ms)
2026-07-01 22:12:13,217 [INFO] Pass: ElidePermutations - 0.00620 (ms)
2026-07-01 22:12:13,217 [INFO] Pass: RemoveDiagonalGatesBeforeMeasure - 0.00811 (ms)
2026-07-01 22:12:13,217 [INFO] Pass: RemoveIdentityEquivalent - 0.00858 (ms)
2026-07-01 22:12:13,217 [INFO] Pass: InverseCancellation - 0.02718 (ms)
2026-07-01 22:12:13,217 [INFO] Pass: ContractIdleWiresInControlFlow - 0.00238 (ms)
2026-07-01 22:12:13,217 [INFO] Pass: CommutativeCancellation - 0.07606 (ms)
2026-07-01 22:12:13,217 [INFO] Pass: ConsolidateBlocks - 0.04554 (ms)
2026-07-01 22:12:13,217 [INFO] Pass: Split2QUnitaries - 0.00381 (ms)
2026-07-01 22:12:13,217 [INFO] Pass: UnitarySynthesis - 0.00572 (ms)
2026-07-01 22:12:13,217 [INFO] Pass: HighLevelSynthesis - 0.02718 (ms)
2026-07-01 22:12:13,217 [INFO] Pass: BasisTranslator - 0.07176 (ms)
2026-07-01 22:12:13,217 [INFO] Pass: ConsolidateBlocks - 0.05460 (ms)
2026-07-01 22:12:13,217 [INFO] Pass: UnitarySynthesis - 0.00477 (ms)
2026-07-01 22:12:13,217 [INFO] Pass: Depth - 0.02384 (ms)
2026-07-01 22:12:13,217 [INFO] Pass: FixedPoint - 0.00596 (ms)
2026-07-01 22:12:13,217 [INFO] Pass: Size - 0.00429 (ms)
2026-07-01 22:12:13,217 [INFO] Pass: FixedPoint - 0.00310 (ms)
2026-07-01 22:12:13,217 [INFO] Pass: RemoveIdentityEquivalent - 0.00548 (ms)
2026-07-01 22:12:13,218 [INFO] Pass: Optimize1qGatesDecomposition - 0.18501 (ms)
2026-07-01 22:12:13,218 [INFO] Pass: CommutativeCancellation - 0.08392 (ms)
2026-07-01 22:12:13,218 [INFO] Pass: ContractIdleWiresInControlFlow - 0.00238 (ms)
2026-07-01 22:12:13,218 [INFO] Pass: GatesInBasis - 0.02074 (ms)
2026-07-01 22:12:13,218 [INFO] Pass: Depth - 0.02074 (ms)
2026-07-01 22:12:13,218 [INFO] Pass: FixedPoint - 0.00381 (ms)
2026-07-01 22:12:13,218 [INFO] Pass: Size - 0.00262 (ms)
2026-07-01 22:12:13,218 [INFO] Pass: FixedPoint - 0.00310 (ms)
2026-07-01 22:12:13,218 [INFO] Pass: RemoveIdentityEquivalent - 0.00572 (ms)
2026-07-01 22:12:13,218 [INFO] Pass: Optimize1qGatesDecomposition - 0.15187 (ms)
2026-07-01 22:12:13,218 [INFO] Pass: CommutativeCancellation - 0.06962 (ms)
2026-07-01 22:12:13,218 [INFO] Pass: ContractIdleWiresInControlFlow - 0.00191 (ms)
2026-07-01 22:12:13,218 [INFO] Pass: GatesInBasis - 0.01764 (ms)
2026-07-01 22:12:13,218 [INFO] Pass: Depth - 0.01884 (ms)
2026-07-01 22:12:13,218 [INFO] Pass: FixedPoint - 0.00954 (ms)
2026-07-01 22:12:13,218 [INFO] Pass: Size - 0.00238 (ms)
2026-07-01 22:12:13,218 [INFO] Pass: FixedPoint - 0.00262 (ms)
2026-07-01 22:12:13,219 [INFO] Pass: ContainsInstruction - 0.00715 (ms)
2026-07-01 22:12:13,219 [INFO] Total Transpile Time - 91.59112 (ms)
2026-07-01 22:25:36,884 [INFO] Pass: ContainsInstruction - 0.02146 (ms)
2026-07-01 22:25:36,885 [INFO] Pass: UnitarySynthesis - 0.01144 (ms)
2026-07-01 22:25:36,885 [INFO] Pass: HighLevelSynthesis - 0.00715 (ms)
2026-07-01 22:25:36,885 [INFO] Pass: BasisTranslator - 0.07963 (ms)
2026-07-01 22:25:36,885 [INFO] Pass: ElidePermutations - 0.00548 (ms)
2026-07-01 22:25:36,885 [INFO] Pass: RemoveDiagonalGatesBeforeMeasure - 0.00763 (ms)
2026-07-01 22:25:36,885 [INFO] Pass: RemoveIdentityEquivalent - 0.00644 (ms)
2026-07-01 22:25:36,885 [INFO] Pass: InverseCancellation - 0.00596 (ms)
2026-07-01 22:25:36,885 [INFO] Pass: ContractIdleWiresInControlFlow - 0.00215 (ms)
2026-07-01 22:25:36,885 [INFO] Pass: CommutativeCancellation - 0.07010 (ms)
2026-07-01 22:25:36,885 [INFO] Pass: ConsolidateBlocks - 0.04721 (ms)
2026-07-01 22:25:36,885 [INFO] Pass: Split2QUnitaries - 0.00381 (ms)
2026-07-01 22:25:36,885 [INFO] Pass: UnitarySynthesis - 0.00548 (ms)
2026-07-01 22:25:36,885 [INFO] Pass: HighLevelSynthesis - 0.02384 (ms)
2026-07-01 22:25:36,885 [INFO] Pass: BasisTranslator - 0.07606 (ms)
2026-07-01 22:25:36,886 [INFO] Pass: ConsolidateBlocks - 0.05412 (ms)
2026-07-01 22:25:36,886 [INFO] Pass: UnitarySynthesis - 0.00548 (ms)
2026-07-01 22:25:36,886 [INFO] Pass: Depth - 0.02098 (ms)
2026-07-01 22:25:36,886 [INFO] Pass: FixedPoint - 0.00620 (ms)
2026-07-01 22:25:36,886 [INFO] Pass: Size - 0.00405 (ms)
2026-07-01 22:25:36,886 [INFO] Pass: FixedPoint - 0.00286 (ms)
2026-07-01 22:25:36,886 [INFO] Pass: RemoveIdentityEquivalent - 0.00334 (ms)
2026-07-01 22:25:36,886 [INFO] Pass: Optimize1qGatesDecomposition - 0.03672 (ms)
2026-07-01 22:25:36,886 [INFO] Pass: CommutativeCancellation - 0.08249 (ms)
2026-07-01 22:25:36,886 [INFO] Pass: ContractIdleWiresInControlFlow - 0.00238 (ms)
2026-07-01 22:25:36,886 [INFO] Pass: GatesInBasis - 0.02003 (ms)
2026-07-01 22:25:36,886 [INFO] Pass: Depth - 0.01860 (ms)
2026-07-01 22:25:36,886 [INFO] Pass: FixedPoint - 0.00334 (ms)
2026-07-01 22:25:36,886 [INFO] Pass: Size - 0.00215 (ms)
2026-07-01 22:25:36,886 [INFO] Pass: FixedPoint - 0.00286 (ms)
2026-07-01 22:25:36,886 [INFO] Pass: ContainsInstruction - 0.00548 (ms)
2026-07-01 22:25:36,886 [INFO] Total Transpile Time - 90.73710 (ms)
2026-07-01 22:25:36,976 [INFO] Pass: ContainsInstruction - 0.02122 (ms)
2026-07-01 22:25:36,977 [INFO] Pass: UnitarySynthesis - 0.00787 (ms)
2026-07-01 22:25:36,977 [INFO] Pass: HighLevelSynthesis - 0.00644 (ms)
2026-07-01 22:25:36,977 [INFO] Pass: BasisTranslator - 0.07319 (ms)
2026-07-01 22:25:36,977 [INFO] Pass: ElidePermutations - 0.00501 (ms)
2026-07-01 22:25:36,977 [INFO] Pass: RemoveDiagonalGatesBeforeMeasure - 0.00691 (ms)
2026-07-01 22:25:36,977 [INFO] Pass: RemoveIdentityEquivalent - 0.00668 (ms)
2026-07-01 22:25:36,977 [INFO] Pass: InverseCancellation - 0.02551 (ms)
2026-07-01 22:25:36,977 [INFO] Pass: ContractIdleWiresInControlFlow - 0.00238 (ms)
2026-07-01 22:25:36,977 [INFO] Pass: CommutativeCancellation - 0.07486 (ms)
2026-07-01 22:25:36,977 [INFO] Pass: ConsolidateBlocks - 0.04268 (ms)
2026-07-01 22:25:36,977 [INFO] Pass: Split2QUnitaries - 0.00358 (ms)
2026-07-01 22:25:36,977 [INFO] Pass: UnitarySynthesis - 0.00525 (ms)
2026-07-01 22:25:36,977 [INFO] Pass: HighLevelSynthesis - 0.02384 (ms)
2026-07-01 22:25:36,977 [INFO] Pass: BasisTranslator - 0.06485 (ms)
2026-07-01 22:25:36,977 [INFO] Pass: ConsolidateBlocks - 0.05054 (ms)
2026-07-01 22:25:36,977 [INFO] Pass: UnitarySynthesis - 0.00453 (ms)
2026-07-01 22:25:36,977 [INFO] Pass: Depth - 0.02313 (ms)
2026-07-01 22:25:36,977 [INFO] Pass: FixedPoint - 0.00477 (ms)
2026-07-01 22:25:36,977 [INFO] Pass: Size - 0.00429 (ms)
2026-07-01 22:25:36,977 [INFO] Pass: FixedPoint - 0.00286 (ms)
2026-07-01 22:25:36,977 [INFO] Pass: RemoveIdentityEquivalent - 0.00429 (ms)
2026-07-01 22:25:36,978 [INFO] Pass: Optimize1qGatesDecomposition - 0.17190 (ms)
2026-07-01 22:25:36,978 [INFO] Pass: CommutativeCancellation - 0.08941 (ms)
2026-07-01 22:25:36,978 [INFO] Pass: ContractIdleWiresInControlFlow - 0.00191 (ms)
2026-07-01 22:25:36,978 [INFO] Pass: GatesInBasis - 0.02027 (ms)
2026-07-01 22:25:36,978 [INFO] Pass: Depth - 0.02074 (ms)
2026-07-01 22:25:36,978 [INFO] Pass: FixedPoint - 0.00429 (ms)
2026-07-01 22:25:36,978 [INFO] Pass: Size - 0.00238 (ms)
2026-07-01 22:25:36,978 [INFO] Pass: FixedPoint - 0.00286 (ms)
2026-07-01 22:25:36,978 [INFO] Pass: ContainsInstruction - 0.00525 (ms)
2026-07-01 22:25:36,978 [INFO] Total Transpile Time - 91.18271 (ms)
2026-07-01 22:25:37,068 [INFO] Pass: ContainsInstruction - 0.01335 (ms)
2026-07-01 22:25:37,068 [INFO] Pass: UnitarySynthesis - 0.00787 (ms)
2026-07-01 22:25:37,068 [INFO] Pass: HighLevelSynthesis - 0.00691 (ms)
2026-07-01 22:25:37,068 [INFO] Pass: BasisTranslator - 0.07319 (ms)
2026-07-01 22:25:37,068 [INFO] Pass: ElidePermutations - 0.00548 (ms)
2026-07-01 22:25:37,068 [INFO] Pass: RemoveDiagonalGatesBeforeMeasure - 0.00668 (ms)
2026-07-01 22:25:37,068 [INFO] Pass: RemoveIdentityEquivalent - 0.00882 (ms)
2026-07-01 22:25:37,068 [INFO] Pass: InverseCancellation - 0.02480 (ms)
2026-07-01 22:25:37,068 [INFO] Pass: ContractIdleWiresInControlFlow - 0.00191 (ms)
2026-07-01 22:25:37,068 [INFO] Pass: CommutativeCancellation - 0.06938 (ms)
2026-07-01 22:25:37,068 [INFO] Pass: ConsolidateBlocks - 0.04339 (ms)
2026-07-01 22:25:37,068 [INFO] Pass: Split2QUnitaries - 0.00334 (ms)
2026-07-01 22:25:37,068 [INFO] Pass: UnitarySynthesis - 0.00525 (ms)
2026-07-01 22:25:37,068 [INFO] Pass: HighLevelSynthesis - 0.02551 (ms)
2026-07-01 22:25:37,068 [INFO] Pass: BasisTranslator - 0.06485 (ms)
2026-07-01 22:25:37,068 [INFO] Pass: ConsolidateBlocks - 0.05817 (ms)
2026-07-01 22:25:37,068 [INFO] Pass: UnitarySynthesis - 0.00501 (ms)
2026-07-01 22:25:37,069 [INFO] Pass: Depth - 0.02313 (ms)
2026-07-01 22:25:37,069 [INFO] Pass: FixedPoint - 0.00453 (ms)
2026-07-01 22:25:37,069 [INFO] Pass: Size - 0.00381 (ms)
2026-07-01 22:25:37,069 [INFO] Pass: FixedPoint - 0.00310 (ms)
2026-07-01 22:25:37,069 [INFO] Pass: RemoveIdentityEquivalent - 0.00572 (ms)
2026-07-01 22:25:37,069 [INFO] Pass: Optimize1qGatesDecomposition - 0.18859 (ms)
2026-07-01 22:25:37,069 [INFO] Pass: CommutativeCancellation - 0.08297 (ms)
2026-07-01 22:25:37,069 [INFO] Pass: ContractIdleWiresInControlFlow - 0.00191 (ms)
2026-07-01 22:25:37,069 [INFO] Pass: GatesInBasis - 0.02098 (ms)
2026-07-01 22:25:37,069 [INFO] Pass: Depth - 0.01931 (ms)
2026-07-01 22:25:37,069 [INFO] Pass: FixedPoint - 0.00334 (ms)
2026-07-01 22:25:37,069 [INFO] Pass: Size - 0.00191 (ms)
2026-07-01 22:25:37,069 [INFO] Pass: FixedPoint - 0.00310 (ms)
2026-07-01 22:25:37,069 [INFO] Pass: RemoveIdentityEquivalent - 0.00525 (ms)
2026-07-01 22:25:37,069 [INFO] Pass: Optimize1qGatesDecomposition - 0.15378 (ms)
2026-07-01 22:25:37,069 [INFO] Pass: CommutativeCancellation - 0.07772 (ms)
2026-07-01 22:25:37,069 [INFO] Pass: ContractIdleWiresInControlFlow - 0.00191 (ms)
2026-07-01 22:25:37,070 [INFO] Pass: GatesInBasis - 0.01860 (ms)
2026-07-01 22:25:37,070 [INFO] Pass: Depth - 0.01979 (ms)
2026-07-01 22:25:37,070 [INFO] Pass: FixedPoint - 0.00334 (ms)
2026-07-01 22:25:37,070 [INFO] Pass: Size - 0.00191 (ms)
2026-07-01 22:25:37,070 [INFO] Pass: FixedPoint - 0.00310 (ms)
2026-07-01 22:25:37,070 [INFO] Pass: ContainsInstruction - 0.00548 (ms)
2026-07-01 22:25:37,070 [INFO] Total Transpile Time - 91.01295 (ms)
2026-07-01 22:38:54,710 [INFO] Pass: ContainsInstruction - 0.01287 (ms)
2026-07-01 22:38:54,710 [INFO] Pass: UnitarySynthesis - 0.01001 (ms)
2026-07-01 22:38:54,710 [INFO] Pass: HighLevelSynthesis - 0.00739 (ms)
2026-07-01 22:38:54,710 [INFO] Pass: BasisTranslator - 0.08011 (ms)
2026-07-01 22:38:54,710 [INFO] Pass: ElidePermutations - 0.00572 (ms)
2026-07-01 22:38:54,711 [INFO] Pass: RemoveDiagonalGatesBeforeMeasure - 0.00691 (ms)
2026-07-01 22:38:54,711 [INFO] Pass: RemoveIdentityEquivalent - 0.00525 (ms)
2026-07-01 22:38:54,711 [INFO] Pass: InverseCancellation - 0.00548 (ms)
2026-07-01 22:38:54,711 [INFO] Pass: ContractIdleWiresInControlFlow - 0.00215 (ms)
2026-07-01 22:38:54,711 [INFO] Pass: CommutativeCancellation - 0.06342 (ms)
2026-07-01 22:38:54,711 [INFO] Pass: ConsolidateBlocks - 0.04220 (ms)
2026-07-01 22:38:54,711 [INFO] Pass: Split2QUnitaries - 0.00310 (ms)
2026-07-01 22:38:54,711 [INFO] Pass: UnitarySynthesis - 0.00548 (ms)
2026-07-01 22:38:54,711 [INFO] Pass: HighLevelSynthesis - 0.02265 (ms)
2026-07-01 22:38:54,711 [INFO] Pass: BasisTranslator - 0.06437 (ms)
2026-07-01 22:38:54,711 [INFO] Pass: ConsolidateBlocks - 0.04816 (ms)
2026-07-01 22:38:54,711 [INFO] Pass: UnitarySynthesis - 0.00477 (ms)
2026-07-01 22:38:54,711 [INFO] Pass: Depth - 0.01979 (ms)
2026-07-01 22:38:54,711 [INFO] Pass: FixedPoint - 0.00596 (ms)
2026-07-01 22:38:54,711 [INFO] Pass: Size - 0.00358 (ms)
2026-07-01 22:38:54,711 [INFO] Pass: FixedPoint - 0.00310 (ms)
2026-07-01 22:38:54,711 [INFO] Pass: RemoveIdentityEquivalent - 0.00286 (ms)
2026-07-01 22:38:54,711 [INFO] Pass: Optimize1qGatesDecomposition - 0.03552 (ms)
2026-07-01 22:38:54,711 [INFO] Pass: CommutativeCancellation - 0.07534 (ms)
2026-07-01 22:38:54,711 [INFO] Pass: ContractIdleWiresInControlFlow - 0.00191 (ms)
2026-07-01 22:38:54,711 [INFO] Pass: GatesInBasis - 0.02646 (ms)
2026-07-01 22:38:54,711 [INFO] Pass: Depth - 0.01669 (ms)
2026-07-01 22:38:54,712 [INFO] Pass: FixedPoint - 0.00358 (ms)
2026-07-01 22:38:54,712 [INFO] Pass: Size - 0.00238 (ms)
2026-07-01 22:38:54,712 [INFO] Pass: FixedPoint - 0.00286 (ms)
2026-07-01 22:38:54,712 [INFO] Pass: ContainsInstruction - 0.00525 (ms)
2026-07-01 22:38:54,712 [INFO] Total Transpile Time - 90.74664 (ms)
2026-07-01 22:38:54,801 [INFO] Pass: ContainsInstruction - 0.01359 (ms)
2026-07-01 22:38:54,801 [INFO] Pass: UnitarySynthesis - 0.00858 (ms)
2026-07-01 22:38:54,801 [INFO] Pass: HighLevelSynthesis - 0.00620 (ms)
2026-07-01 22:38:54,801 [INFO] Pass: BasisTranslator - 0.08154 (ms)
2026-07-01 22:38:54,802 [INFO] Pass: ElidePermutations - 0.00477 (ms)
2026-07-01 22:38:54,802 [INFO] Pass: RemoveDiagonalGatesBeforeMeasure - 0.00644 (ms)
2026-07-01 22:38:54,802 [INFO] Pass: RemoveIdentityEquivalent - 0.00691 (ms)
2026-07-01 22:38:54,802 [INFO] Pass: InverseCancellation - 0.02599 (ms)
2026-07-01 22:38:54,802 [INFO] Pass: ContractIdleWiresInControlFlow - 0.00215 (ms)
2026-07-01 22:38:54,802 [INFO] Pass: CommutativeCancellation - 0.07701 (ms)
2026-07-01 22:38:54,802 [INFO] Pass: ConsolidateBlocks - 0.04435 (ms)
2026-07-01 22:38:54,802 [INFO] Pass: Split2QUnitaries - 0.00501 (ms)
2026-07-01 22:38:54,802 [INFO] Pass: UnitarySynthesis - 0.00501 (ms)
2026-07-01 22:38:54,802 [INFO] Pass: HighLevelSynthesis - 0.02384 (ms)
2026-07-01 22:38:54,802 [INFO] Pass: BasisTranslator - 0.06628 (ms)
2026-07-01 22:38:54,802 [INFO] Pass: ConsolidateBlocks - 0.05102 (ms)
2026-07-01 22:38:54,802 [INFO] Pass: UnitarySynthesis - 0.00429 (ms)
2026-07-01 22:38:54,802 [INFO] Pass: Depth - 0.02193 (ms)
2026-07-01 22:38:54,802 [INFO] Pass: FixedPoint - 0.00548 (ms)
2026-07-01 22:38:54,802 [INFO] Pass: Size - 0.00405 (ms)
2026-07-01 22:38:54,802 [INFO] Pass: FixedPoint - 0.00262 (ms)
2026-07-01 22:38:54,802 [INFO] Pass: RemoveIdentityEquivalent - 0.00429 (ms)
2026-07-01 22:38:54,802 [INFO] Pass: Optimize1qGatesDecomposition - 0.17285 (ms)
2026-07-01 22:38:54,803 [INFO] Pass: CommutativeCancellation - 0.09370 (ms)
2026-07-01 22:38:54,803 [INFO] Pass: ContractIdleWiresInControlFlow - 0.00191 (ms)
2026-07-01 22:38:54,803 [INFO] Pass: GatesInBasis - 0.02146 (ms)
2026-07-01 22:38:54,803 [INFO] Pass: Depth - 0.02027 (ms)
2026-07-01 22:38:54,803 [INFO] Pass: FixedPoint - 0.00381 (ms)
2026-07-01 22:38:54,803 [INFO] Pass: Size - 0.00238 (ms)
2026-07-01 22:38:54,803 [INFO] Pass: FixedPoint - 0.00262 (ms)
2026-07-01 22:38:54,803 [INFO] Pass: ContainsInstruction - 0.00548 (ms)
2026-07-01 22:38:54,803 [INFO] Total Transpile Time - 90.67297 (ms)
2026-07-01 22:38:54,892 [INFO] Pass: ContainsInstruction - 0.01287 (ms)
2026-07-01 22:38:54,892 [INFO] Pass: UnitarySynthesis - 0.00858 (ms)
2026-07-01 22:38:54,892 [INFO] Pass: HighLevelSynthesis - 0.00668 (ms)
2026-07-01 22:38:54,892 [INFO] Pass: BasisTranslator - 0.07248 (ms)
2026-07-01 22:38:54,892 [INFO] Pass: ElidePermutations - 0.00525 (ms)
2026-07-01 22:38:54,892 [INFO] Pass: RemoveDiagonalGatesBeforeMeasure - 0.00739 (ms)
2026-07-01 22:38:54,892 [INFO] Pass: RemoveIdentityEquivalent - 0.01001 (ms)
2026-07-01 22:38:54,892 [INFO] Pass: InverseCancellation - 0.02599 (ms)
2026-07-01 22:38:54,892 [INFO] Pass: ContractIdleWiresInControlFlow - 0.00238 (ms)
2026-07-01 22:38:54,892 [INFO] Pass: CommutativeCancellation - 0.07296 (ms)
2026-07-01 22:38:54,892 [INFO] Pass: ConsolidateBlocks - 0.04506 (ms)
2026-07-01 22:38:54,892 [INFO] Pass: Split2QUnitaries - 0.01192 (ms)
2026-07-01 22:38:54,892 [INFO] Pass: UnitarySynthesis - 0.00620 (ms)
2026-07-01 22:38:54,893 [INFO] Pass: HighLevelSynthesis - 0.02766 (ms)
2026-07-01 22:38:54,893 [INFO] Pass: BasisTranslator - 0.06795 (ms)
2026-07-01 22:38:54,893 [INFO] Pass: ConsolidateBlocks - 0.05341 (ms)
2026-07-01 22:38:54,893 [INFO] Pass: UnitarySynthesis - 0.00501 (ms)
2026-07-01 22:38:54,893 [INFO] Pass: Depth - 0.02241 (ms)
2026-07-01 22:38:54,893 [INFO] Pass: FixedPoint - 0.00596 (ms)
2026-07-01 22:38:54,893 [INFO] Pass: Size - 0.00405 (ms)
2026-07-01 22:38:54,893 [INFO] Pass: FixedPoint - 0.00262 (ms)
2026-07-01 22:38:54,893 [INFO] Pass: RemoveIdentityEquivalent - 0.00596 (ms)
2026-07-01 22:38:54,893 [INFO] Pass: Optimize1qGatesDecomposition - 0.17571 (ms)
2026-07-01 22:38:54,893 [INFO] Pass: CommutativeCancellation - 0.08631 (ms)
2026-07-01 22:38:54,893 [INFO] Pass: ContractIdleWiresInControlFlow - 0.00238 (ms)
2026-07-01 22:38:54,893 [INFO] Pass: GatesInBasis - 0.01979 (ms)
2026-07-01 22:38:54,893 [INFO] Pass: Depth - 0.02122 (ms)
2026-07-01 22:38:54,893 [INFO] Pass: FixedPoint - 0.00358 (ms)
2026-07-01 22:38:54,893 [INFO] Pass: Size - 0.00215 (ms)
2026-07-01 22:38:54,893 [INFO] Pass: FixedPoint - 0.00310 (ms)
2026-07-01 22:38:54,893 [INFO] Pass: RemoveIdentityEquivalent - 0.00477 (ms)
2026-07-01 22:38:54,894 [INFO] Pass: Optimize1qGatesDecomposition - 0.14305 (ms)
2026-07-01 22:38:54,894 [INFO] Pass: CommutativeCancellation - 0.07558 (ms)
2026-07-01 22:38:54,894 [INFO] Pass: ContractIdleWiresInControlFlow - 0.00191 (ms)
2026-07-01 22:38:54,894 [INFO] Pass: GatesInBasis - 0.01740 (ms)
2026-07-01 22:38:54,894 [INFO] Pass: Depth - 0.01884 (ms)
2026-07-01 22:38:54,894 [INFO] Pass: FixedPoint - 0.00334 (ms)
2026-07-01 22:38:54,894 [INFO] Pass: Size - 0.00310 (ms)
2026-07-01 22:38:54,894 [INFO] Pass: FixedPoint - 0.00310 (ms)
2026-07-01 22:38:54,894 [INFO] Pass: ContainsInstruction - 0.00644 (ms)
2026-07-01 22:38:54,894 [INFO] Total Transpile Time - 90.48772 (ms)
2026-07-01 22:52:20,818 [INFO] Pass: ContainsInstruction - 0.01216 (ms)
2026-07-01 22:52:20,818 [INFO] Pass: UnitarySynthesis - 0.01049 (ms)
2026-07-01 22:52:20,818 [INFO] Pass: HighLevelSynthesis - 0.00620 (ms)
2026-07-01 22:52:20,818 [INFO] Pass: BasisTranslator - 0.07606 (ms)
2026-07-01 22:52:20,818 [INFO] Pass: ElidePermutations - 0.00596 (ms)
2026-07-01 22:52:20,818 [INFO] Pass: RemoveDiagonalGatesBeforeMeasure - 0.00811 (ms)
2026-07-01 22:52:20,818 [INFO] Pass: RemoveIdentityEquivalent - 0.00596 (ms)
2026-07-01 22:52:20,818 [INFO] Pass: InverseCancellation - 0.00548 (ms)
2026-07-01 22:52:20,818 [INFO] Pass: ContractIdleWiresInControlFlow - 0.00191 (ms)
2026-07-01 22:52:20,818 [INFO] Pass: CommutativeCancellation - 0.06032 (ms)
2026-07-01 22:52:20,818 [INFO] Pass: ConsolidateBlocks - 0.04411 (ms)
2026-07-01 22:52:20,819 [INFO] Pass: Split2QUnitaries - 0.00429 (ms)
2026-07-01 22:52:20,819 [INFO] Pass: UnitarySynthesis - 0.00620 (ms)
2026-07-01 22:52:20,819 [INFO] Pass: HighLevelSynthesis - 0.02384 (ms)
2026-07-01 22:52:20,819 [INFO] Pass: BasisTranslator - 0.06723 (ms)
2026-07-01 22:52:20,819 [INFO] Pass: ConsolidateBlocks - 0.05078 (ms)
2026-07-01 22:52:20,819 [INFO] Pass: UnitarySynthesis - 0.00525 (ms)
2026-07-01 22:52:20,819 [INFO] Pass: Depth - 0.01907 (ms)
2026-07-01 22:52:20,819 [INFO] Pass: FixedPoint - 0.00572 (ms)
2026-07-01 22:52:20,819 [INFO] Pass: Size - 0.00381 (ms)
2026-07-01 22:52:20,819 [INFO] Pass: FixedPoint - 0.00286 (ms)
2026-07-01 22:52:20,819 [INFO] Pass: RemoveIdentityEquivalent - 0.00358 (ms)
2026-07-01 22:52:20,819 [INFO] Pass: Optimize1qGatesDecomposition - 0.03600 (ms)
2026-07-01 22:52:20,819 [INFO] Pass: CommutativeCancellation - 0.07534 (ms)
2026-07-01 22:52:20,819 [INFO] Pass: ContractIdleWiresInControlFlow - 0.00167 (ms)
2026-07-01 22:52:20,819 [INFO] Pass: GatesInBasis - 0.02122 (ms)
2026-07-01 22:52:20,819 [INFO] Pass: Depth - 0.01860 (ms)
2026-07-01 22:52:20,819 [INFO] Pass: FixedPoint - 0.00358 (ms)
2026-07-01 22:52:20,819 [INFO] Pass: Size - 0.00238 (ms)
2026-07-01 22:52:20,819 [INFO] Pass: FixedPoint - 0.00286 (ms)
2026-07-01 22:52:20,819 [INFO] Pass: ContainsInstruction - 0.00596 (ms)
2026-07-01 22:52:20,820 [INFO] Total Transpile Time - 90.89899 (ms)
2026-07-01 22:52:20,909 [INFO] Pass: ContainsInstruction - 0.01383 (ms)
2026-07-01 22:52:20,909 [INFO] Pass: UnitarySynthesis - 0.00739 (ms)
2026-07-01 22:52:20,909 [INFO] Pass: HighLevelSynthesis - 0.00596 (ms)
2026-07-01 22:52:20,909 [INFO] Pass: BasisTranslator - 0.07176 (ms)
2026-07-01 22:52:20,909 [INFO] Pass: ElidePermutations - 0.00644 (ms)
2026-07-01 22:52:20,909 [INFO] Pass: RemoveDiagonalGatesBeforeMeasure - 0.00691 (ms)
2026-07-01 22:52:20,909 [INFO] Pass: RemoveIdentityEquivalent - 0.00787 (ms)
2026-07-01 22:52:20,909 [INFO] Pass: InverseCancellation - 0.02503 (ms)
2026-07-01 22:52:20,909 [INFO] Pass: ContractIdleWiresInControlFlow - 0.00215 (ms)
2026-07-01 22:52:20,909 [INFO] Pass: CommutativeCancellation - 0.07677 (ms)
2026-07-01 22:52:20,909 [INFO] Pass: ConsolidateBlocks - 0.04363 (ms)
2026-07-01 22:52:20,909 [INFO] Pass: Split2QUnitaries - 0.00381 (ms)
2026-07-01 22:52:20,909 [INFO] Pass: UnitarySynthesis - 0.00501 (ms)
2026-07-01 22:52:20,909 [INFO] Pass: HighLevelSynthesis - 0.02551 (ms)
2026-07-01 22:52:20,909 [INFO] Pass: BasisTranslator - 0.06819 (ms)
2026-07-01 22:52:20,909 [INFO] Pass: ConsolidateBlocks - 0.05722 (ms)
2026-07-01 22:52:20,909 [INFO] Pass: UnitarySynthesis - 0.00453 (ms)
2026-07-01 22:52:20,910 [INFO] Pass: Depth - 0.02146 (ms)
2026-07-01 22:52:20,910 [INFO] Pass: FixedPoint - 0.00501 (ms)
2026-07-01 22:52:20,910 [INFO] Pass: Size - 0.00358 (ms)
2026-07-01 22:52:20,910 [INFO] Pass: FixedPoint - 0.00310 (ms)
2026-07-01 22:52:20,910 [INFO] Pass: RemoveIdentityEquivalent - 0.00477 (ms)
2026-07-01 22:52:20,910 [INFO] Pass: Optimize1qGatesDecomposition - 0.17023 (ms)
2026-07-01 22:52:20,910 [INFO] Pass: CommutativeCancellation - 0.09227 (ms)
2026-07-01 22:52:20,910 [INFO] Pass: ContractIdleWiresInControlFlow - 0.00191 (ms)
2026-07-01 22:52:20,910 [INFO] Pass: GatesInBasis - 0.02074 (ms)
2026-07-01 22:52:20,910 [INFO] Pass: Depth - 0.01860 (ms)
2026-07-01 22:52:20,910 [INFO] Pass: FixedPoint - 0.00358 (ms)
2026-07-01 22:52:20,910 [INFO] Pass: Size - 0.00286 (ms)
2026-07-01 22:52:20,910 [INFO] Pass: FixedPoint - 0.00238 (ms)
2026-07-01 22:52:20,910 [INFO] Pass: ContainsInstruction - 0.00572 (ms)
2026-07-01 22:52:20,910 [INFO] Total Transpile Time - 90.13605 (ms)
2026-07-01 22:52:21,000 [INFO] Pass: ContainsInstruction - 0.01311 (ms)
2026-07-01 22:52:21,001 [INFO] Pass: UnitarySynthesis - 0.00811 (ms)
2026-07-01 22:52:21,001 [INFO] Pass: HighLevelSynthesis - 0.00739 (ms)
2026-07-01 22:52:21,001 [INFO] Pass: BasisTranslator - 0.07296 (ms)
2026-07-01 22:52:21,001 [INFO] Pass: ElidePermutations - 0.00501 (ms)
2026-07-01 22:52:21,001 [INFO] Pass: RemoveDiagonalGatesBeforeMeasure - 0.00715 (ms)
2026-07-01 22:52:21,001 [INFO] Pass: RemoveIdentityEquivalent - 0.00906 (ms)
2026-07-01 22:52:21,001 [INFO] Pass: InverseCancellation - 0.02623 (ms)
2026-07-01 22:52:21,001 [INFO] Pass: ContractIdleWiresInControlFlow - 0.00215 (ms)
2026-07-01 22:52:21,001 [INFO] Pass: CommutativeCancellation - 0.07033 (ms)
2026-07-01 22:52:21,001 [INFO] Pass: ConsolidateBlocks - 0.04625 (ms)
2026-07-01 22:52:21,001 [INFO] Pass: Split2QUnitaries - 0.00334 (ms)
2026-07-01 22:52:21,001 [INFO] Pass: UnitarySynthesis - 0.00572 (ms)
2026-07-01 22:52:21,001 [INFO] Pass: HighLevelSynthesis - 0.02623 (ms)
2026-07-01 22:52:21,001 [INFO] Pass: BasisTranslator - 0.06771 (ms)
2026-07-01 22:52:21,001 [INFO] Pass: ConsolidateBlocks - 0.05174 (ms)
2026-07-01 22:52:21,001 [INFO] Pass: UnitarySynthesis - 0.00501 (ms)
2026-07-01 22:52:21,001 [INFO] Pass: Depth - 0.02337 (ms)
2026-07-01 22:52:21,001 [INFO] Pass: FixedPoint - 0.00644 (ms)
2026-07-01 22:52:21,001 [INFO] Pass: Size - 0.00405 (ms)
2026-07-01 22:52:21,001 [INFO] Pass: FixedPoint - 0.00310 (ms)
2026-07-01 22:52:21,001 [INFO] Pass: RemoveIdentityEquivalent - 0.00668 (ms)
2026-07-01 22:52:21,002 [INFO] Pass: Optimize1qGatesDecomposition - 0.19240 (ms)
2026-07-01 22:52:21,002 [INFO] Pass: CommutativeCancellation - 0.08583 (ms)
2026-07-01 22:52:21,002 [INFO] Pass: ContractIdleWiresInControlFlow - 0.00191 (ms)
2026-07-01 22:52:21,002 [INFO] Pass: GatesInBasis - 0.02098 (ms)
2026-07-01 22:52:21,002 [INFO] Pass: Depth - 0.02074 (ms)
2026-07-01 22:52:21,002 [INFO] Pass: FixedPoint - 0.00381 (ms)
2026-07-01 22:52:21,002 [INFO] Pass: Size - 0.00215 (ms)
2026-07-01 22:52:21,002 [INFO] Pass: FixedPoint - 0.00310 (ms)
2026-07-01 22:52:21,002 [INFO] Pass: RemoveIdentityEquivalent - 0.00572 (ms)
2026-07-01 22:52:21,002 [INFO] Pass: Optimize1qGatesDecomposition - 0.14734 (ms)
2026-07-01 22:52:21,002 [INFO] Pass: CommutativeCancellation - 0.07081 (ms)
2026-07-01 22:52:21,002 [INFO] Pass: ContractIdleWiresInControlFlow - 0.00191 (ms)
2026-07-01 22:52:21,002 [INFO] Pass: GatesInBasis - 0.01764 (ms)
2026-07-01 22:52:21,002 [INFO] Pass: Depth - 0.02432 (ms)
2026-07-01 22:52:21,002 [INFO] Pass: FixedPoint - 0.00358 (ms)
2026-07-01 22:52:21,002 [INFO] Pass: Size - 0.00238 (ms)
2026-07-01 22:52:21,002 [INFO] Pass: FixedPoint - 0.00262 (ms)
2026-07-01 22:52:21,003 [INFO] Pass: ContainsInstruction - 0.00620 (ms)
2026-07-01 22:52:21,003 [INFO] Total Transpile Time - 91.80474 (ms)
2026-07-01 23:05:43,085 [INFO] Pass: ContainsInstruction - 0.01144 (ms)
2026-07-01 23:05:43,085 [INFO] Pass: UnitarySynthesis - 0.00954 (ms)
2026-07-01 23:05:43,085 [INFO] Pass: HighLevelSynthesis - 0.00620 (ms)
2026-07-01 23:05:43,085 [INFO] Pass: BasisTranslator - 0.06747 (ms)
2026-07-01 23:05:43,085 [INFO] Pass: ElidePermutations - 0.00572 (ms)
2026-07-01 23:05:43,085 [INFO] Pass: RemoveDiagonalGatesBeforeMeasure - 0.00668 (ms)
2026-07-01 23:05:43,085 [INFO] Pass: RemoveIdentityEquivalent - 0.00501 (ms)
2026-07-01 23:05:43,085 [INFO] Pass: InverseCancellation - 0.00525 (ms)
2026-07-01 23:05:43,085 [INFO] Pass: ContractIdleWiresInControlFlow - 0.00215 (ms)
2026-07-01 23:05:43,085 [INFO] Pass: CommutativeCancellation - 0.05746 (ms)
2026-07-01 23:05:43,085 [INFO] Pass: ConsolidateBlocks - 0.04125 (ms)
2026-07-01 23:05:43,086 [INFO] Pass: Split2QUnitaries - 0.00358 (ms)
2026-07-01 23:05:43,086 [INFO] Pass: UnitarySynthesis - 0.00501 (ms)
2026-07-01 23:05:43,086 [INFO] Pass: HighLevelSynthesis - 0.02217 (ms)
2026-07-01 23:05:43,086 [INFO] Pass: BasisTranslator - 0.06390 (ms)
2026-07-01 23:05:43,086 [INFO] Pass: ConsolidateBlocks - 0.05031 (ms)
2026-07-01 23:05:43,086 [INFO] Pass: UnitarySynthesis - 0.00453 (ms)
2026-07-01 23:05:43,086 [INFO] Pass: Depth - 0.01931 (ms)
2026-07-01 23:05:43,086 [INFO] Pass: FixedPoint - 0.00477 (ms)
2026-07-01 23:05:43,086 [INFO] Pass: Size - 0.00405 (ms)
2026-07-01 23:05:43,086 [INFO] Pass: FixedPoint - 0.00310 (ms)
2026-07-01 23:05:43,086 [INFO] Pass: RemoveIdentityEquivalent - 0.00286 (ms)
2026-07-01 23:05:43,086 [INFO] Pass: Optimize1qGatesDecomposition - 0.03576 (ms)
2026-07-01 23:05:43,086 [INFO] Pass: CommutativeCancellation - 0.07296 (ms)
2026-07-01 23:05:43,086 [INFO] Pass: ContractIdleWiresInControlFlow - 0.00191 (ms)
2026-07-01 23:05:43,086 [INFO] Pass: GatesInBasis - 0.01836 (ms)
2026-07-01 23:05:43,086 [INFO] Pass: Depth - 0.01693 (ms)
2026-07-01 23:05:43,086 [INFO] Pass: FixedPoint - 0.00334 (ms)
2026-07-01 23:05:43,086 [INFO] Pass: Size - 0.00191 (ms)
2026-07-01 23:05:43,086 [INFO] Pass: FixedPoint - 0.00262 (ms)
2026-07-01 23:05:43,086 [INFO] Pass: ContainsInstruction - 0.00525 (ms)
2026-07-01 23:05:43,087 [INFO] Total Transpile Time - 91.51483 (ms)
2026-07-01 23:05:43,175 [INFO] Pass: ContainsInstruction - 0.01264 (ms)
2026-07-01 23:05:43,175 [INFO] Pass: UnitarySynthesis - 0.00811 (ms)
2026-07-01 23:05:43,175 [INFO] Pass: HighLevelSynthesis - 0.00620 (ms)
2026-07-01 23:05:43,175 [INFO] Pass: BasisTranslator - 0.07486 (ms)
2026-07-01 23:05:43,175 [INFO] Pass: ElidePermutations - 0.00548 (ms)
2026-07-01 23:05:43,175 [INFO] Pass: RemoveDiagonalGatesBeforeMeasure - 0.00644 (ms)
2026-07-01 23:05:43,175 [INFO] Pass: RemoveIdentityEquivalent - 0.00811 (ms)
2026-07-01 23:05:43,176 [INFO] Pass: InverseCancellation - 0.02599 (ms)
2026-07-01 23:05:43,176 [INFO] Pass: ContractIdleWiresInControlFlow - 0.00238 (ms)
2026-07-01 23:05:43,176 [INFO] Pass: CommutativeCancellation - 0.07653 (ms)
2026-07-01 23:05:43,176 [INFO] Pass: ConsolidateBlocks - 0.04339 (ms)
2026-07-01 23:05:43,176 [INFO] Pass: Split2QUnitaries - 0.00405 (ms)
2026-07-01 23:05:43,176 [INFO] Pass: UnitarySynthesis - 0.00501 (ms)
2026-07-01 23:05:43,176 [INFO] Pass: HighLevelSynthesis - 0.02551 (ms)
2026-07-01 23:05:43,176 [INFO] Pass: BasisTranslator - 0.06652 (ms)
2026-07-01 23:05:43,176 [INFO] Pass: ConsolidateBlocks - 0.05198 (ms)
2026-07-01 23:05:43,176 [INFO] Pass: UnitarySynthesis - 0.00453 (ms)
2026-07-01 23:05:43,176 [INFO] Pass: Depth - 0.01907 (ms)
2026-07-01 23:05:43,176 [INFO] Pass: FixedPoint - 0.00572 (ms)
2026-07-01 23:05:43,176 [INFO] Pass: Size - 0.00381 (ms)
2026-07-01 23:05:43,176 [INFO] Pass: FixedPoint - 0.00310 (ms)
2026-07-01 23:05:43,176 [INFO] Pass: RemoveIdentityEquivalent - 0.00429 (ms)
2026-07-01 23:05:43,176 [INFO] Pass: Optimize1qGatesDecomposition - 0.17166 (ms)
2026-07-01 23:05:43,177 [INFO] Pass: CommutativeCancellation - 0.09632 (ms)
2026-07-01 23:05:43,177 [INFO] Pass: ContractIdleWiresInControlFlow - 0.00238 (ms)
2026-07-01 23:05:43,177 [INFO] Pass: GatesInBasis - 0.02050 (ms)
2026-07-01 23:05:43,177 [INFO] Pass: Depth - 0.01955 (ms)
2026-07-01 23:05:43,177 [INFO] Pass: FixedPoint - 0.00381 (ms)
2026-07-01 23:05:43,177 [INFO] Pass: Size - 0.00215 (ms)
2026-07-01 23:05:43,177 [INFO] Pass: FixedPoint - 0.00286 (ms)
2026-07-01 23:05:43,177 [INFO] Pass: ContainsInstruction - 0.00525 (ms)
2026-07-01 23:05:43,177 [INFO] Total Transpile Time - 89.98203 (ms)
2026-07-01 23:05:43,268 [INFO] Pass: ContainsInstruction - 0.01264 (ms)
2026-07-01 23:05:43,268 [INFO] Pass: UnitarySynthesis - 0.00787 (ms)
2026-07-01 23:05:43,268 [INFO] Pass: HighLevelSynthesis - 0.00572 (ms)
2026-07-01 23:05:43,268 [INFO] Pass: BasisTranslator - 0.06580 (ms)
2026-07-01 23:05:43,268 [INFO] Pass: ElidePermutations - 0.00525 (ms)
2026-07-01 23:05:43,268 [INFO] Pass: RemoveDiagonalGatesBeforeMeasure - 0.00644 (ms)
2026-07-01 23:05:43,268 [INFO] Pass: RemoveIdentityEquivalent - 0.00858 (ms)
2026-07-01 23:05:43,268 [INFO] Pass: InverseCancellation - 0.02480 (ms)
2026-07-01 23:05:43,268 [INFO] Pass: ContractIdleWiresInControlFlow - 0.00191 (ms)
2026-07-01 23:05:43,268 [INFO] Pass: CommutativeCancellation - 0.06914 (ms)
2026-07-01 23:05:43,268 [INFO] Pass: ConsolidateBlocks - 0.04292 (ms)
2026-07-01 23:05:43,268 [INFO] Pass: Split2QUnitaries - 0.00358 (ms)
2026-07-01 23:05:43,268 [INFO] Pass: UnitarySynthesis - 0.00548 (ms)
2026-07-01 23:05:43,268 [INFO] Pass: HighLevelSynthesis - 0.02503 (ms)
2026-07-01 23:05:43,269 [INFO] Pass: BasisTranslator - 0.06652 (ms)
2026-07-01 23:05:43,269 [INFO] Pass: ConsolidateBlocks - 0.05078 (ms)
2026-07-01 23:05:43,269 [INFO] Pass: UnitarySynthesis - 0.00477 (ms)
2026-07-01 23:05:43,269 [INFO] Pass: Depth - 0.02074 (ms)
2026-07-01 23:05:43,269 [INFO] Pass: FixedPoint - 0.00453 (ms)
2026-07-01 23:05:43,269 [INFO] Pass: Size - 0.00334 (ms)
2026-07-01 23:05:43,269 [INFO] Pass: FixedPoint - 0.00286 (ms)
2026-07-01 23:05:43,269 [INFO] Pass: RemoveIdentityEquivalent - 0.00548 (ms)
2026-07-01 23:05:43,269 [INFO] Pass: Optimize1qGatesDecomposition - 0.17405 (ms)
2026-07-01 23:05:43,269 [INFO] Pass: CommutativeCancellation - 0.08178 (ms)
2026-07-01 23:05:43,269 [INFO] Pass: ContractIdleWiresInControlFlow - 0.00191 (ms)
2026-07-01 23:05:43,269 [INFO] Pass: GatesInBasis - 0.02027 (ms)
2026-07-01 23:05:43,269 [INFO] Pass: Depth - 0.01931 (ms)
2026-07-01 23:05:43,269 [INFO] Pass: FixedPoint - 0.00358 (ms)
2026-07-01 23:05:43,269 [INFO] Pass: Size - 0.00238 (ms)
2026-07-01 23:05:43,269 [INFO] Pass: FixedPoint - 0.00334 (ms)
2026-07-01 23:05:43,269 [INFO] Pass: RemoveIdentityEquivalent - 0.00525 (ms)
2026-07-01 23:05:43,269 [INFO] Pass: Optimize1qGatesDecomposition - 0.15187 (ms)
2026-07-01 23:05:43,270 [INFO] Pass: CommutativeCancellation - 0.07153 (ms)
2026-07-01 23:05:43,270 [INFO] Pass: ContractIdleWiresInControlFlow - 0.00143 (ms)
2026-07-01 23:05:43,270 [INFO] Pass: GatesInBasis - 0.01788 (ms)
2026-07-01 23:05:43,270 [INFO] Pass: Depth - 0.01693 (ms)
2026-07-01 23:05:43,270 [INFO] Pass: FixedPoint - 0.00310 (ms)
2026-07-01 23:05:43,270 [INFO] Pass: Size - 0.00191 (ms)
2026-07-01 23:05:43,270 [INFO] Pass: FixedPoint - 0.00262 (ms)
2026-07-01 23:05:43,270 [INFO] Pass: ContainsInstruction - 0.00572 (ms)
2026-07-01 23:05:43,270 [INFO] Total Transpile Time - 92.37790 (ms)
2026-07-01 23:19:09,456 [INFO] Pass: ContainsInstruction - 0.01240 (ms)
2026-07-01 23:19:09,456 [INFO] Pass: UnitarySynthesis - 0.01049 (ms)
2026-07-01 23:19:09,456 [INFO] Pass: HighLevelSynthesis - 0.00763 (ms)
2026-07-01 23:19:09,456 [INFO] Pass: BasisTranslator - 0.07892 (ms)
2026-07-01 23:19:09,456 [INFO] Pass: ElidePermutations - 0.00644 (ms)
2026-07-01 23:19:09,456 [INFO] Pass: RemoveDiagonalGatesBeforeMeasure - 0.00834 (ms)
2026-07-01 23:19:09,456 [INFO] Pass: RemoveIdentityEquivalent - 0.00644 (ms)
2026-07-01 23:19:09,457 [INFO] Pass: InverseCancellation - 0.00572 (ms)
2026-07-01 23:19:09,457 [INFO] Pass: ContractIdleWiresInControlFlow - 0.00262 (ms)
2026-07-01 23:19:09,457 [INFO] Pass: CommutativeCancellation - 0.06747 (ms)
2026-07-01 23:19:09,457 [INFO] Pass: ConsolidateBlocks - 0.04601 (ms)
2026-07-01 23:19:09,457 [INFO] Pass: Split2QUnitaries - 0.00358 (ms)
2026-07-01 23:19:09,457 [INFO] Pass: UnitarySynthesis - 0.00691 (ms)
2026-07-01 23:19:09,457 [INFO] Pass: HighLevelSynthesis - 0.02408 (ms)
2026-07-01 23:19:09,457 [INFO] Pass: BasisTranslator - 0.06747 (ms)
2026-07-01 23:19:09,457 [INFO] Pass: ConsolidateBlocks - 0.05150 (ms)
2026-07-01 23:19:09,457 [INFO] Pass: UnitarySynthesis - 0.00548 (ms)
2026-07-01 23:19:09,457 [INFO] Pass: Depth - 0.02265 (ms)
2026-07-01 23:19:09,457 [INFO] Pass: FixedPoint - 0.00525 (ms)
2026-07-01 23:19:09,457 [INFO] Pass: Size - 0.00358 (ms)
2026-07-01 23:19:09,457 [INFO] Pass: FixedPoint - 0.00310 (ms)
2026-07-01 23:19:09,457 [INFO] Pass: RemoveIdentityEquivalent - 0.00334 (ms)
2026-07-01 23:19:09,457 [INFO] Pass: Optimize1qGatesDecomposition - 0.03695 (ms)
2026-07-01 23:19:09,457 [INFO] Pass: CommutativeCancellation - 0.08011 (ms)
2026-07-01 23:19:09,457 [INFO] Pass: ContractIdleWiresInControlFlow - 0.00191 (ms)
2026-07-01 23:19:09,457 [INFO] Pass: GatesInBasis - 0.01979 (ms)
2026-07-01 23:19:09,457 [INFO] Pass: Depth - 0.01812 (ms)
2026-07-01 23:19:09,457 [INFO] Pass: FixedPoint - 0.00334 (ms)
2026-07-01 23:19:09,458 [INFO] Pass: Size - 0.00191 (ms)
2026-07-01 23:19:09,458 [INFO] Pass: FixedPoint - 0.00262 (ms)
2026-07-01 23:19:09,458 [INFO] Pass: ContainsInstruction - 0.00548 (ms)
2026-07-01 23:19:09,458 [INFO] Total Transpile Time - 89.27464 (ms)
2026-07-01 23:19:09,547 [INFO] Pass: ContainsInstruction - 0.01216 (ms)
2026-07-01 23:19:09,547 [INFO] Pass: UnitarySynthesis - 0.00763 (ms)
2026-07-01 23:19:09,547 [INFO] Pass: HighLevelSynthesis - 0.00691 (ms)
2026-07-01 23:19:09,547 [INFO] Pass: BasisTranslator - 0.07319 (ms)
2026-07-01 23:19:09,547 [INFO] Pass: ElidePermutations - 0.00501 (ms)
2026-07-01 23:19:09,547 [INFO] Pass: RemoveDiagonalGatesBeforeMeasure - 0.00715 (ms)
2026-07-01 23:19:09,547 [INFO] Pass: RemoveIdentityEquivalent - 0.00811 (ms)
2026-07-01 23:19:09,547 [INFO] Pass: InverseCancellation - 0.02408 (ms)
2026-07-01 23:19:09,547 [INFO] Pass: ContractIdleWiresInControlFlow - 0.00215 (ms)
2026-07-01 23:19:09,547 [INFO] Pass: CommutativeCancellation - 0.07319 (ms)
2026-07-01 23:19:09,547 [INFO] Pass: ConsolidateBlocks - 0.04482 (ms)
2026-07-01 23:19:09,547 [INFO] Pass: Split2QUnitaries - 0.00358 (ms)
2026-07-01 23:19:09,547 [INFO] Pass: UnitarySynthesis - 0.00525 (ms)
2026-07-01 23:19:09,547 [INFO] Pass: HighLevelSynthesis - 0.02480 (ms)
2026-07-01 23:19:09,547 [INFO] Pass: BasisTranslator - 0.06700 (ms)
2026-07-01 23:19:09,547 [INFO] Pass: ConsolidateBlocks - 0.05078 (ms)
2026-07-01 23:19:09,547 [INFO] Pass: UnitarySynthesis - 0.00525 (ms)
2026-07-01 23:19:09,547 [INFO] Pass: Depth - 0.02337 (ms)
2026-07-01 23:19:09,548 [INFO] Pass: FixedPoint - 0.00548 (ms)
2026-07-01 23:19:09,548 [INFO] Pass: Size - 0.00334 (ms)
2026-07-01 23:19:09,548 [INFO] Pass: FixedPoint - 0.00310 (ms)
2026-07-01 23:19:09,548 [INFO] Pass: RemoveIdentityEquivalent - 0.00525 (ms)
2026-07-01 23:19:09,548 [INFO] Pass: Optimize1qGatesDecomposition - 0.16451 (ms)
2026-07-01 23:19:09,548 [INFO] Pass: CommutativeCancellation - 0.08965 (ms)
2026-07-01 23:19:09,548 [INFO] Pass: ContractIdleWiresInControlFlow - 0.00215 (ms)
2026-07-01 23:19:09,548 [INFO] Pass: GatesInBasis - 0.02050 (ms)
2026-07-01 23:19:09,548 [INFO] Pass: Depth - 0.02027 (ms)
2026-07-01 23:19:09,548 [INFO] Pass: FixedPoint - 0.00381 (ms)
2026-07-01 23:19:09,548 [INFO] Pass: Size - 0.00238 (ms)
2026-07-01 23:19:09,548 [INFO] Pass: FixedPoint - 0.00262 (ms)
2026-07-01 23:19:09,548 [INFO] Pass: ContainsInstruction - 0.00525 (ms)
2026-07-01 23:19:09,548 [INFO] Total Transpile Time - 89.85686 (ms)
2026-07-01 23:19:09,635 [INFO] Pass: ContainsInstruction - 0.01264 (ms)
2026-07-01 23:19:09,635 [INFO] Pass: UnitarySynthesis - 0.00763 (ms)
2026-07-01 23:19:09,635 [INFO] Pass: HighLevelSynthesis - 0.00644 (ms)
2026-07-01 23:19:09,635 [INFO] Pass: BasisTranslator - 0.07176 (ms)
2026-07-01 23:19:09,635 [INFO] Pass: ElidePermutations - 0.00548 (ms)
2026-07-01 23:19:09,636 [INFO] Pass: RemoveDiagonalGatesBeforeMeasure - 0.00715 (ms)
2026-07-01 23:19:09,636 [INFO] Pass: RemoveIdentityEquivalent - 0.00834 (ms)
2026-07-01 23:19:09,636 [INFO] Pass: InverseCancellation - 0.02337 (ms)
2026-07-01 23:19:09,636 [INFO] Pass: ContractIdleWiresInControlFlow - 0.00215 (ms)
2026-07-01 23:19:09,636 [INFO] Pass: CommutativeCancellation - 0.06986 (ms)
2026-07-01 23:19:09,636 [INFO] Pass: ConsolidateBlocks - 0.04387 (ms)
2026-07-01 23:19:09,636 [INFO] Pass: Split2QUnitaries - 0.00334 (ms)
2026-07-01 23:19:09,636 [INFO] Pass: UnitarySynthesis - 0.00548 (ms)
2026-07-01 23:19:09,636 [INFO] Pass: HighLevelSynthesis - 0.02503 (ms)
2026-07-01 23:19:09,636 [INFO] Pass: BasisTranslator - 0.06485 (ms)
2026-07-01 23:19:09,636 [INFO] Pass: ConsolidateBlocks - 0.05031 (ms)
2026-07-01 23:19:09,636 [INFO] Pass: UnitarySynthesis - 0.00477 (ms)
2026-07-01 23:19:09,636 [INFO] Pass: Depth - 0.02360 (ms)
2026-07-01 23:19:09,636 [INFO] Pass: FixedPoint - 0.00477 (ms)
2026-07-01 23:19:09,636 [INFO] Pass: Size - 0.00334 (ms)
2026-07-01 23:19:09,636 [INFO] Pass: FixedPoint - 0.00310 (ms)
2026-07-01 23:19:09,636 [INFO] Pass: RemoveIdentityEquivalent - 0.00501 (ms)
2026-07-01 23:19:09,636 [INFO] Pass: Optimize1qGatesDecomposition - 0.17262 (ms)
2026-07-01 23:19:09,637 [INFO] Pass: CommutativeCancellation - 0.08488 (ms)
2026-07-01 23:19:09,637 [INFO] Pass: ContractIdleWiresInControlFlow - 0.00215 (ms)
2026-07-01 23:19:09,637 [INFO] Pass: GatesInBasis - 0.01955 (ms)
2026-07-01 23:19:09,637 [INFO] Pass: Depth - 0.01884 (ms)
2026-07-01 23:19:09,637 [INFO] Pass: FixedPoint - 0.00358 (ms)
2026-07-01 23:19:09,637 [INFO] Pass: Size - 0.00191 (ms)
2026-07-01 23:19:09,637 [INFO] Pass: FixedPoint - 0.00310 (ms)
2026-07-01 23:19:09,637 [INFO] Pass: RemoveIdentityEquivalent - 0.00501 (ms)
2026-07-01 23:19:09,637 [INFO] Pass: Optimize1qGatesDecomposition - 0.13804 (ms)
2026-07-01 23:19:09,637 [INFO] Pass: CommutativeCancellation - 0.07415 (ms)
2026-07-01 23:19:09,637 [INFO] Pass: ContractIdleWiresInControlFlow - 0.00215 (ms)
2026-07-01 23:19:09,637 [INFO] Pass: GatesInBasis - 0.01717 (ms)
2026-07-01 23:19:09,637 [INFO] Pass: Depth - 0.01717 (ms)
2026-07-01 23:19:09,637 [INFO] Pass: FixedPoint - 0.00310 (ms)
2026-07-01 23:19:09,637 [INFO] Pass: Size - 0.00191 (ms)
2026-07-01 23:19:09,637 [INFO] Pass: FixedPoint - 0.00262 (ms)
2026-07-01 23:19:09,637 [INFO] Pass: ContainsInstruction - 0.00572 (ms)
2026-07-01 23:19:09,638 [INFO] Total Transpile Time - 88.42778 (ms)
2026-07-01 23:32:35,446 [INFO] Pass: ContainsInstruction - 0.01311 (ms)
2026-07-01 23:32:35,446 [INFO] Pass: UnitarySynthesis - 0.01025 (ms)
2026-07-01 23:32:35,446 [INFO] Pass: HighLevelSynthesis - 0.00763 (ms)
2026-07-01 23:32:35,446 [INFO] Pass: BasisTranslator - 0.07796 (ms)
2026-07-01 23:32:35,446 [INFO] Pass: ElidePermutations - 0.00668 (ms)
2026-07-01 23:32:35,446 [INFO] Pass: RemoveDiagonalGatesBeforeMeasure - 0.00787 (ms)
2026-07-01 23:32:35,446 [INFO] Pass: RemoveIdentityEquivalent - 0.00548 (ms)
2026-07-01 23:32:35,446 [INFO] Pass: InverseCancellation - 0.00572 (ms)
2026-07-01 23:32:35,446 [INFO] Pass: ContractIdleWiresInControlFlow - 0.00286 (ms)
2026-07-01 23:32:35,446 [INFO] Pass: CommutativeCancellation - 0.07439 (ms)
2026-07-01 23:32:35,447 [INFO] Pass: ConsolidateBlocks - 0.04578 (ms)
2026-07-01 23:32:35,447 [INFO] Pass: Split2QUnitaries - 0.00381 (ms)
2026-07-01 23:32:35,447 [INFO] Pass: UnitarySynthesis - 0.00572 (ms)
2026-07-01 23:32:35,447 [INFO] Pass: HighLevelSynthesis - 0.02360 (ms)
2026-07-01 23:32:35,447 [INFO] Pass: BasisTranslator - 0.06962 (ms)
2026-07-01 23:32:35,447 [INFO] Pass: ConsolidateBlocks - 0.05126 (ms)
2026-07-01 23:32:35,447 [INFO] Pass: UnitarySynthesis - 0.00525 (ms)
2026-07-01 23:32:35,447 [INFO] Pass: Depth - 0.02027 (ms)
2026-07-01 23:32:35,447 [INFO] Pass: FixedPoint - 0.00620 (ms)
2026-07-01 23:32:35,447 [INFO] Pass: Size - 0.00381 (ms)
2026-07-01 23:32:35,447 [INFO] Pass: FixedPoint - 0.00334 (ms)
2026-07-01 23:32:35,447 [INFO] Pass: RemoveIdentityEquivalent - 0.00358 (ms)
2026-07-01 23:32:35,447 [INFO] Pass: Optimize1qGatesDecomposition - 0.03505 (ms)
2026-07-01 23:32:35,447 [INFO] Pass: CommutativeCancellation - 0.07868 (ms)
2026-07-01 23:32:35,447 [INFO] Pass: ContractIdleWiresInControlFlow - 0.00215 (ms)
2026-07-01 23:32:35,447 [INFO] Pass: GatesInBasis - 0.02050 (ms)
2026-07-01 23:32:35,447 [INFO] Pass: Depth - 0.01812 (ms)
2026-07-01 23:32:35,447 [INFO] Pass: FixedPoint - 0.00334 (ms)
2026-07-01 23:32:35,447 [INFO] Pass: Size - 0.00191 (ms)
2026-07-01 23:32:35,447 [INFO] Pass: FixedPoint - 0.00262 (ms)
2026-07-01 23:32:35,447 [INFO] Pass: ContainsInstruction - 0.00596 (ms)
2026-07-01 23:32:35,448 [INFO] Total Transpile Time - 89.18643 (ms)
2026-07-01 23:32:35,536 [INFO] Pass: ContainsInstruction - 0.01335 (ms)
2026-07-01 23:32:35,536 [INFO] Pass: UnitarySynthesis - 0.00811 (ms)
2026-07-01 23:32:35,536 [INFO] Pass: HighLevelSynthesis - 0.00644 (ms)
2026-07-01 23:32:35,536 [INFO] Pass: BasisTranslator - 0.07725 (ms)
2026-07-01 23:32:35,536 [INFO] Pass: ElidePermutations - 0.00525 (ms)
2026-07-01 23:32:35,536 [INFO] Pass: RemoveDiagonalGatesBeforeMeasure - 0.00691 (ms)
2026-07-01 23:32:35,536 [INFO] Pass: RemoveIdentityEquivalent - 0.00763 (ms)
2026-07-01 23:32:35,536 [INFO] Pass: InverseCancellation - 0.02503 (ms)
2026-07-01 23:32:35,536 [INFO] Pass: ContractIdleWiresInControlFlow - 0.00191 (ms)
2026-07-01 23:32:35,536 [INFO] Pass: CommutativeCancellation - 0.07486 (ms)
2026-07-01 23:32:35,536 [INFO] Pass: ConsolidateBlocks - 0.04482 (ms)
2026-07-01 23:32:35,536 [INFO] Pass: Split2QUnitaries - 0.00358 (ms)
2026-07-01 23:32:35,536 [INFO] Pass: UnitarySynthesis - 0.00572 (ms)
2026-07-01 23:32:35,536 [INFO] Pass: HighLevelSynthesis - 0.02503 (ms)
2026-07-01 23:32:35,536 [INFO] Pass: BasisTranslator - 0.07510 (ms)
2026-07-01 23:32:35,537 [INFO] Pass: ConsolidateBlocks - 0.05293 (ms)
2026-07-01 23:32:35,537 [INFO] Pass: UnitarySynthesis - 0.00429 (ms)
2026-07-01 23:32:35,537 [INFO] Pass: Depth - 0.02193 (ms)
2026-07-01 23:32:35,537 [INFO] Pass: FixedPoint - 0.00548 (ms)
2026-07-01 23:32:35,537 [INFO] Pass: Size - 0.00405 (ms)
2026-07-01 23:32:35,537 [INFO] Pass: FixedPoint - 0.00310 (ms)
2026-07-01 23:32:35,537 [INFO] Pass: RemoveIdentityEquivalent - 0.00501 (ms)
2026-07-01 23:32:35,537 [INFO] Pass: Optimize1qGatesDecomposition - 0.18024 (ms)
2026-07-01 23:32:35,537 [INFO] Pass: CommutativeCancellation - 0.09108 (ms)
2026-07-01 23:32:35,537 [INFO] Pass: ContractIdleWiresInControlFlow - 0.00191 (ms)
2026-07-01 23:32:35,537 [INFO] Pass: GatesInBasis - 0.02050 (ms)
2026-07-01 23:32:35,537 [INFO] Pass: Depth - 0.02003 (ms)
2026-07-01 23:32:35,537 [INFO] Pass: FixedPoint - 0.00358 (ms)
2026-07-01 23:32:35,537 [INFO] Pass: Size - 0.00262 (ms)
2026-07-01 23:32:35,537 [INFO] Pass: FixedPoint - 0.00238 (ms)
2026-07-01 23:32:35,537 [INFO] Pass: ContainsInstruction - 0.00596 (ms)
2026-07-01 23:32:35,538 [INFO] Total Transpile Time - 89.23602 (ms)
2026-07-01 23:32:35,627 [INFO] Pass: ContainsInstruction - 0.02074 (ms)
2026-07-01 23:32:35,628 [INFO] Pass: UnitarySynthesis - 0.00882 (ms)
2026-07-01 23:32:35,628 [INFO] Pass: HighLevelSynthesis - 0.00668 (ms)
2026-07-01 23:32:35,628 [INFO] Pass: BasisTranslator - 0.07963 (ms)
2026-07-01 23:32:35,628 [INFO] Pass: ElidePermutations - 0.00477 (ms)
2026-07-01 23:32:35,628 [INFO] Pass: RemoveDiagonalGatesBeforeMeasure - 0.00715 (ms)
2026-07-01 23:32:35,628 [INFO] Pass: RemoveIdentityEquivalent - 0.00930 (ms)
2026-07-01 23:32:35,628 [INFO] Pass: InverseCancellation - 0.02599 (ms)
2026-07-01 23:32:35,628 [INFO] Pass: ContractIdleWiresInControlFlow - 0.00191 (ms)
2026-07-01 23:32:35,628 [INFO] Pass: CommutativeCancellation - 0.07391 (ms)
2026-07-01 23:32:35,628 [INFO] Pass: ConsolidateBlocks - 0.04745 (ms)
2026-07-01 23:32:35,628 [INFO] Pass: Split2QUnitaries - 0.00381 (ms)
2026-07-01 23:32:35,628 [INFO] Pass: UnitarySynthesis - 0.00548 (ms)
2026-07-01 23:32:35,628 [INFO] Pass: HighLevelSynthesis - 0.02718 (ms)
2026-07-01 23:32:35,628 [INFO] Pass: BasisTranslator - 0.07010 (ms)
2026-07-01 23:32:35,628 [INFO] Pass: ConsolidateBlocks - 0.05078 (ms)
2026-07-01 23:32:35,628 [INFO] Pass: UnitarySynthesis - 0.00501 (ms)
2026-07-01 23:32:35,628 [INFO] Pass: Depth - 0.02360 (ms)
2026-07-01 23:32:35,628 [INFO] Pass: FixedPoint - 0.00620 (ms)
2026-07-01 23:32:35,628 [INFO] Pass: Size - 0.00453 (ms)
2026-07-01 23:32:35,629 [INFO] Pass: FixedPoint - 0.00310 (ms)
2026-07-01 23:32:35,629 [INFO] Pass: RemoveIdentityEquivalent - 0.00644 (ms)
2026-07-01 23:32:35,629 [INFO] Pass: Optimize1qGatesDecomposition - 0.19407 (ms)
2026-07-01 23:32:35,629 [INFO] Pass: CommutativeCancellation - 0.08178 (ms)
2026-07-01 23:32:35,629 [INFO] Pass: ContractIdleWiresInControlFlow - 0.00215 (ms)
2026-07-01 23:32:35,629 [INFO] Pass: GatesInBasis - 0.02098 (ms)
2026-07-01 23:32:35,629 [INFO] Pass: Depth - 0.02003 (ms)
2026-07-01 23:32:35,629 [INFO] Pass: FixedPoint - 0.00381 (ms)
2026-07-01 23:32:35,629 [INFO] Pass: Size - 0.00215 (ms)
2026-07-01 23:32:35,629 [INFO] Pass: FixedPoint - 0.00286 (ms)
2026-07-01 23:32:35,629 [INFO] Pass: RemoveIdentityEquivalent - 0.00501 (ms)
2026-07-01 23:32:35,629 [INFO] Pass: Optimize1qGatesDecomposition - 0.15020 (ms)
2026-07-01 23:32:35,629 [INFO] Pass: CommutativeCancellation - 0.06914 (ms)
2026-07-01 23:32:35,629 [INFO] Pass: ContractIdleWiresInControlFlow - 0.00167 (ms)
2026-07-01 23:32:35,629 [INFO] Pass: GatesInBasis - 0.02480 (ms)
2026-07-01 23:32:35,629 [INFO] Pass: Depth - 0.01764 (ms)
2026-07-01 23:32:35,630 [INFO] Pass: FixedPoint - 0.00334 (ms)
2026-07-01 23:32:35,630 [INFO] Pass: Size - 0.00238 (ms)
2026-07-01 23:32:35,630 [INFO] Pass: FixedPoint - 0.00262 (ms)
2026-07-01 23:32:35,630 [INFO] Pass: ContainsInstruction - 0.00668 (ms)
2026-07-01 23:32:35,630 [INFO] Total Transpile Time - 91.61830 (ms)
2026-07-01 23:46:00,864 [INFO] Pass: ContainsInstruction - 0.01359 (ms)
2026-07-01 23:46:00,864 [INFO] Pass: UnitarySynthesis - 0.00906 (ms)
2026-07-01 23:46:00,864 [INFO] Pass: HighLevelSynthesis - 0.00644 (ms)
2026-07-01 23:46:00,865 [INFO] Pass: BasisTranslator - 0.08154 (ms)
2026-07-01 23:46:00,865 [INFO] Pass: ElidePermutations - 0.00572 (ms)
2026-07-01 23:46:00,865 [INFO] Pass: RemoveDiagonalGatesBeforeMeasure - 0.00811 (ms)
2026-07-01 23:46:00,865 [INFO] Pass: RemoveIdentityEquivalent - 0.00596 (ms)
2026-07-01 23:46:00,865 [INFO] Pass: InverseCancellation - 0.00525 (ms)
2026-07-01 23:46:00,865 [INFO] Pass: ContractIdleWiresInControlFlow - 0.00215 (ms)
2026-07-01 23:46:00,865 [INFO] Pass: CommutativeCancellation - 0.06461 (ms)
2026-07-01 23:46:00,865 [INFO] Pass: ConsolidateBlocks - 0.04506 (ms)
2026-07-01 23:46:00,865 [INFO] Pass: Split2QUnitaries - 0.00405 (ms)
2026-07-01 23:46:00,865 [INFO] Pass: UnitarySynthesis - 0.00596 (ms)
2026-07-01 23:46:00,865 [INFO] Pass: HighLevelSynthesis - 0.02289 (ms)
2026-07-01 23:46:00,865 [INFO] Pass: BasisTranslator - 0.06819 (ms)
2026-07-01 23:46:00,865 [INFO] Pass: ConsolidateBlocks - 0.04911 (ms)
2026-07-01 23:46:00,865 [INFO] Pass: UnitarySynthesis - 0.00453 (ms)
2026-07-01 23:46:00,865 [INFO] Pass: Depth - 0.02122 (ms)
2026-07-01 23:46:00,865 [INFO] Pass: FixedPoint - 0.00501 (ms)
2026-07-01 23:46:00,865 [INFO] Pass: Size - 0.00334 (ms)
2026-07-01 23:46:00,865 [INFO] Pass: FixedPoint - 0.00334 (ms)
2026-07-01 23:46:00,865 [INFO] Pass: RemoveIdentityEquivalent - 0.00310 (ms)
2026-07-01 23:46:00,865 [INFO] Pass: Optimize1qGatesDecomposition - 0.03386 (ms)
2026-07-01 23:46:00,865 [INFO] Pass: CommutativeCancellation - 0.08225 (ms)
2026-07-01 23:46:00,865 [INFO] Pass: ContractIdleWiresInControlFlow - 0.00238 (ms)
2026-07-01 23:46:00,866 [INFO] Pass: GatesInBasis - 0.01955 (ms)
2026-07-01 23:46:00,866 [INFO] Pass: Depth - 0.01717 (ms)
2026-07-01 23:46:00,866 [INFO] Pass: FixedPoint - 0.00381 (ms)
2026-07-01 23:46:00,866 [INFO] Pass: Size - 0.00191 (ms)
2026-07-01 23:46:00,866 [INFO] Pass: FixedPoint - 0.00310 (ms)
2026-07-01 23:46:00,866 [INFO] Pass: ContainsInstruction - 0.00596 (ms)
2026-07-01 23:46:00,866 [INFO] Total Transpile Time - 91.41183 (ms)
2026-07-01 23:46:00,955 [INFO] Pass: ContainsInstruction - 0.01359 (ms)
2026-07-01 23:46:00,955 [INFO] Pass: UnitarySynthesis - 0.00811 (ms)
2026-07-01 23:46:00,955 [INFO] Pass: HighLevelSynthesis - 0.00644 (ms)
2026-07-01 23:46:00,955 [INFO] Pass: BasisTranslator - 0.07367 (ms)
2026-07-01 23:46:00,955 [INFO] Pass: ElidePermutations - 0.00548 (ms)
2026-07-01 23:46:00,955 [INFO] Pass: RemoveDiagonalGatesBeforeMeasure - 0.00763 (ms)
2026-07-01 23:46:00,955 [INFO] Pass: RemoveIdentityEquivalent - 0.00811 (ms)
2026-07-01 23:46:00,955 [INFO] Pass: InverseCancellation - 0.02456 (ms)
2026-07-01 23:46:00,955 [INFO] Pass: ContractIdleWiresInControlFlow - 0.00215 (ms)
2026-07-01 23:46:00,955 [INFO] Pass: CommutativeCancellation - 0.08464 (ms)
2026-07-01 23:46:00,956 [INFO] Pass: ConsolidateBlocks - 0.04315 (ms)
2026-07-01 23:46:00,956 [INFO] Pass: Split2QUnitaries - 0.00358 (ms)
2026-07-01 23:46:00,956 [INFO] Pass: UnitarySynthesis - 0.00525 (ms)
2026-07-01 23:46:00,956 [INFO] Pass: HighLevelSynthesis - 0.02456 (ms)
2026-07-01 23:46:00,956 [INFO] Pass: BasisTranslator - 0.06914 (ms)
2026-07-01 23:46:00,956 [INFO] Pass: ConsolidateBlocks - 0.05174 (ms)
2026-07-01 23:46:00,956 [INFO] Pass: UnitarySynthesis - 0.00477 (ms)
2026-07-01 23:46:00,956 [INFO] Pass: Depth - 0.02408 (ms)
2026-07-01 23:46:00,956 [INFO] Pass: FixedPoint - 0.00572 (ms)
2026-07-01 23:46:00,956 [INFO] Pass: Size - 0.00405 (ms)
2026-07-01 23:46:00,956 [INFO] Pass: FixedPoint - 0.00310 (ms)
2026-07-01 23:46:00,956 [INFO] Pass: RemoveIdentityEquivalent - 0.00501 (ms)
2026-07-01 23:46:00,956 [INFO] Pass: Optimize1qGatesDecomposition - 0.16713 (ms)
2026-07-01 23:46:00,956 [INFO] Pass: CommutativeCancellation - 0.08845 (ms)
2026-07-01 23:46:00,956 [INFO] Pass: ContractIdleWiresInControlFlow - 0.00191 (ms)
2026-07-01 23:46:00,956 [INFO] Pass: GatesInBasis - 0.02003 (ms)
2026-07-01 23:46:00,956 [INFO] Pass: Depth - 0.01836 (ms)
2026-07-01 23:46:00,956 [INFO] Pass: FixedPoint - 0.00358 (ms)
2026-07-01 23:46:00,956 [INFO] Pass: Size - 0.00262 (ms)
2026-07-01 23:46:00,956 [INFO] Pass: FixedPoint - 0.00286 (ms)
2026-07-01 23:46:00,957 [INFO] Pass: ContainsInstruction - 0.00501 (ms)
2026-07-01 23:46:00,957 [INFO] Total Transpile Time - 90.31153 (ms)
2026-07-01 23:46:01,049 [INFO] Pass: ContainsInstruction - 0.01335 (ms)
2026-07-01 23:46:01,049 [INFO] Pass: UnitarySynthesis - 0.00715 (ms)
2026-07-01 23:46:01,049 [INFO] Pass: HighLevelSynthesis - 0.00572 (ms)
2026-07-01 23:46:01,049 [INFO] Pass: BasisTranslator - 0.06819 (ms)
2026-07-01 23:46:01,049 [INFO] Pass: ElidePermutations - 0.00501 (ms)
2026-07-01 23:46:01,049 [INFO] Pass: RemoveDiagonalGatesBeforeMeasure - 0.00739 (ms)
2026-07-01 23:46:01,049 [INFO] Pass: RemoveIdentityEquivalent - 0.00906 (ms)
2026-07-01 23:46:01,049 [INFO] Pass: InverseCancellation - 0.02503 (ms)
2026-07-01 23:46:01,049 [INFO] Pass: ContractIdleWiresInControlFlow - 0.00191 (ms)
2026-07-01 23:46:01,049 [INFO] Pass: CommutativeCancellation - 0.07176 (ms)
2026-07-01 23:46:01,049 [INFO] Pass: ConsolidateBlocks - 0.04435 (ms)
2026-07-01 23:46:01,049 [INFO] Pass: Split2QUnitaries - 0.00381 (ms)
2026-07-01 23:46:01,049 [INFO] Pass: UnitarySynthesis - 0.00572 (ms)
2026-07-01 23:46:01,049 [INFO] Pass: HighLevelSynthesis - 0.02623 (ms)
2026-07-01 23:46:01,049 [INFO] Pass: BasisTranslator - 0.07033 (ms)
2026-07-01 23:46:01,049 [INFO] Pass: ConsolidateBlocks - 0.05031 (ms)
2026-07-01 23:46:01,049 [INFO] Pass: UnitarySynthesis - 0.00477 (ms)
2026-07-01 23:46:01,049 [INFO] Pass: Depth - 0.02527 (ms)
2026-07-01 23:46:01,049 [INFO] Pass: FixedPoint - 0.00501 (ms)
2026-07-01 23:46:01,050 [INFO] Pass: Size - 0.00381 (ms)
2026-07-01 23:46:01,050 [INFO] Pass: FixedPoint - 0.00310 (ms)
2026-07-01 23:46:01,050 [INFO] Pass: RemoveIdentityEquivalent - 0.00644 (ms)
2026-07-01 23:46:01,050 [INFO] Pass: Optimize1qGatesDecomposition - 0.17428 (ms)
2026-07-01 23:46:01,050 [INFO] Pass: CommutativeCancellation - 0.08345 (ms)
2026-07-01 23:46:01,050 [INFO] Pass: ContractIdleWiresInControlFlow - 0.00215 (ms)
2026-07-01 23:46:01,050 [INFO] Pass: GatesInBasis - 0.02098 (ms)
2026-07-01 23:46:01,050 [INFO] Pass: Depth - 0.01979 (ms)
2026-07-01 23:46:01,050 [INFO] Pass: FixedPoint - 0.00381 (ms)
2026-07-01 23:46:01,050 [INFO] Pass: Size - 0.00215 (ms)
2026-07-01 23:46:01,050 [INFO] Pass: FixedPoint - 0.00262 (ms)
2026-07-01 23:46:01,050 [INFO] Pass: RemoveIdentityEquivalent - 0.00501 (ms)
2026-07-01 23:46:01,050 [INFO] Pass: Optimize1qGatesDecomposition - 0.14114 (ms)
2026-07-01 23:46:01,050 [INFO] Pass: CommutativeCancellation - 0.07153 (ms)
2026-07-01 23:46:01,050 [INFO] Pass: ContractIdleWiresInControlFlow - 0.00191 (ms)
2026-07-01 23:46:01,050 [INFO] Pass: GatesInBasis - 0.02432 (ms)
2026-07-01 23:46:01,050 [INFO] Pass: Depth - 0.01860 (ms)
2026-07-01 23:46:01,051 [INFO] Pass: FixedPoint - 0.00334 (ms)
2026-07-01 23:46:01,051 [INFO] Pass: Size - 0.00167 (ms)
2026-07-01 23:46:01,051 [INFO] Pass: FixedPoint - 0.00262 (ms)
2026-07-01 23:46:01,051 [INFO] Pass: ContainsInstruction - 0.00596 (ms)
2026-07-01 23:46:01,051 [INFO] Total Transpile Time - 93.41002 (ms)
2026-07-01 23:59:19,397 [INFO] Pass: ContainsInstruction - 0.01335 (ms)
2026-07-01 23:59:19,397 [INFO] Pass: UnitarySynthesis - 0.01097 (ms)
2026-07-01 23:59:19,397 [INFO] Pass: HighLevelSynthesis - 0.00644 (ms)
2026-07-01 23:59:19,398 [INFO] Pass: BasisTranslator - 0.07224 (ms)
2026-07-01 23:59:19,398 [INFO] Pass: ElidePermutations - 0.00572 (ms)
2026-07-01 23:59:19,398 [INFO] Pass: RemoveDiagonalGatesBeforeMeasure - 0.00691 (ms)
2026-07-01 23:59:19,398 [INFO] Pass: RemoveIdentityEquivalent - 0.00644 (ms)
2026-07-01 23:59:19,398 [INFO] Pass: InverseCancellation - 0.00620 (ms)
2026-07-01 23:59:19,398 [INFO] Pass: ContractIdleWiresInControlFlow - 0.00215 (ms)
2026-07-01 23:59:19,398 [INFO] Pass: CommutativeCancellation - 0.06413 (ms)
2026-07-01 23:59:19,398 [INFO] Pass: ConsolidateBlocks - 0.04268 (ms)
2026-07-01 23:59:19,398 [INFO] Pass: Split2QUnitaries - 0.00405 (ms)
2026-07-01 23:59:19,398 [INFO] Pass: UnitarySynthesis - 0.00572 (ms)
2026-07-01 23:59:19,398 [INFO] Pass: HighLevelSynthesis - 0.02289 (ms)
2026-07-01 23:59:19,398 [INFO] Pass: BasisTranslator - 0.06390 (ms)
2026-07-01 23:59:19,398 [INFO] Pass: ConsolidateBlocks - 0.05078 (ms)
2026-07-01 23:59:19,398 [INFO] Pass: UnitarySynthesis - 0.00501 (ms)
2026-07-01 23:59:19,398 [INFO] Pass: Depth - 0.02098 (ms)
2026-07-01 23:59:19,398 [INFO] Pass: FixedPoint - 0.00525 (ms)
2026-07-01 23:59:19,398 [INFO] Pass: Size - 0.00334 (ms)
2026-07-01 23:59:19,398 [INFO] Pass: FixedPoint - 0.00334 (ms)
2026-07-01 23:59:19,398 [INFO] Pass: RemoveIdentityEquivalent - 0.00334 (ms)
2026-07-01 23:59:19,398 [INFO] Pass: Optimize1qGatesDecomposition - 0.03552 (ms)
2026-07-01 23:59:19,398 [INFO] Pass: CommutativeCancellation - 0.08368 (ms)
2026-07-01 23:59:19,398 [INFO] Pass: ContractIdleWiresInControlFlow - 0.00215 (ms)
2026-07-01 23:59:19,399 [INFO] Pass: GatesInBasis - 0.01907 (ms)
2026-07-01 23:59:19,399 [INFO] Pass: Depth - 0.01860 (ms)
2026-07-01 23:59:19,399 [INFO] Pass: FixedPoint - 0.00381 (ms)
2026-07-01 23:59:19,399 [INFO] Pass: Size - 0.00215 (ms)
2026-07-01 23:59:19,399 [INFO] Pass: FixedPoint - 0.00310 (ms)
2026-07-01 23:59:19,399 [INFO] Pass: ContainsInstruction - 0.00548 (ms)
2026-07-01 23:59:19,399 [INFO] Total Transpile Time - 90.28196 (ms)
2026-07-01 23:59:19,488 [INFO] Pass: ContainsInstruction - 0.01359 (ms)
2026-07-01 23:59:19,488 [INFO] Pass: UnitarySynthesis - 0.00787 (ms)
2026-07-01 23:59:19,488 [INFO] Pass: HighLevelSynthesis - 0.00644 (ms)
2026-07-01 23:59:19,488 [INFO] Pass: BasisTranslator - 0.07510 (ms)
2026-07-01 23:59:19,488 [INFO] Pass: ElidePermutations - 0.00596 (ms)
2026-07-01 23:59:19,488 [INFO] Pass: RemoveDiagonalGatesBeforeMeasure - 0.00715 (ms)
2026-07-01 23:59:19,488 [INFO] Pass: RemoveIdentityEquivalent - 0.00858 (ms)
2026-07-01 23:59:19,488 [INFO] Pass: InverseCancellation - 0.02456 (ms)
2026-07-01 23:59:19,488 [INFO] Pass: ContractIdleWiresInControlFlow - 0.00215 (ms)
2026-07-01 23:59:19,488 [INFO] Pass: CommutativeCancellation - 0.07296 (ms)
2026-07-01 23:59:19,488 [INFO] Pass: ConsolidateBlocks - 0.04530 (ms)
2026-07-01 23:59:19,488 [INFO] Pass: Split2QUnitaries - 0.00358 (ms)
2026-07-01 23:59:19,488 [INFO] Pass: UnitarySynthesis - 0.00525 (ms)
2026-07-01 23:59:19,488 [INFO] Pass: HighLevelSynthesis - 0.02456 (ms)
2026-07-01 23:59:19,488 [INFO] Pass: BasisTranslator - 0.07677 (ms)
2026-07-01 23:59:19,489 [INFO] Pass: ConsolidateBlocks - 0.05221 (ms)
2026-07-01 23:59:19,489 [INFO] Pass: UnitarySynthesis - 0.00501 (ms)
2026-07-01 23:59:19,489 [INFO] Pass: Depth - 0.02074 (ms)
2026-07-01 23:59:19,489 [INFO] Pass: FixedPoint - 0.00525 (ms)
2026-07-01 23:59:19,489 [INFO] Pass: Size - 0.00358 (ms)
2026-07-01 23:59:19,489 [INFO] Pass: FixedPoint - 0.00286 (ms)
2026-07-01 23:59:19,489 [INFO] Pass: RemoveIdentityEquivalent - 0.00501 (ms)
2026-07-01 23:59:19,489 [INFO] Pass: Optimize1qGatesDecomposition - 0.16999 (ms)
2026-07-01 23:59:19,489 [INFO] Pass: CommutativeCancellation - 0.08965 (ms)
2026-07-01 23:59:19,489 [INFO] Pass: ContractIdleWiresInControlFlow - 0.00191 (ms)
2026-07-01 23:59:19,489 [INFO] Pass: GatesInBasis - 0.02050 (ms)
2026-07-01 23:59:19,489 [INFO] Pass: Depth - 0.01764 (ms)
2026-07-01 23:59:19,489 [INFO] Pass: FixedPoint - 0.00381 (ms)
2026-07-01 23:59:19,489 [INFO] Pass: Size - 0.00238 (ms)
2026-07-01 23:59:19,489 [INFO] Pass: FixedPoint - 0.00262 (ms)
2026-07-01 23:59:19,489 [INFO] Pass: ContainsInstruction - 0.00548 (ms)
2026-07-01 23:59:19,490 [INFO] Total Transpile Time - 89.97297 (ms)
2026-07-01 23:59:19,578 [INFO] Pass: ContainsInstruction - 0.01216 (ms)
2026-07-01 23:59:19,578 [INFO] Pass: UnitarySynthesis - 0.00763 (ms)
2026-07-01 23:59:19,578 [INFO] Pass: HighLevelSynthesis - 0.00548 (ms)
2026-07-01 23:59:19,578 [INFO] Pass: BasisTranslator - 0.06390 (ms)
2026-07-01 23:59:19,578 [INFO] Pass: ElidePermutations - 0.00429 (ms)
2026-07-01 23:59:19,578 [INFO] Pass: RemoveDiagonalGatesBeforeMeasure - 0.00691 (ms)
2026-07-01 23:59:19,578 [INFO] Pass: RemoveIdentityEquivalent - 0.00858 (ms)
2026-07-01 23:59:19,578 [INFO] Pass: InverseCancellation - 0.02313 (ms)
2026-07-01 23:59:19,578 [INFO] Pass: ContractIdleWiresInControlFlow - 0.00215 (ms)
2026-07-01 23:59:19,578 [INFO] Pass: CommutativeCancellation - 0.07033 (ms)
2026-07-01 23:59:19,578 [INFO] Pass: ConsolidateBlocks - 0.04387 (ms)
2026-07-01 23:59:19,579 [INFO] Pass: Split2QUnitaries - 0.00310 (ms)
2026-07-01 23:59:19,579 [INFO] Pass: UnitarySynthesis - 0.00572 (ms)
2026-07-01 23:59:19,579 [INFO] Pass: HighLevelSynthesis - 0.02503 (ms)
2026-07-01 23:59:19,579 [INFO] Pass: BasisTranslator - 0.06843 (ms)
2026-07-01 23:59:19,579 [INFO] Pass: ConsolidateBlocks - 0.04959 (ms)
2026-07-01 23:59:19,579 [INFO] Pass: UnitarySynthesis - 0.00501 (ms)
2026-07-01 23:59:19,579 [INFO] Pass: Depth - 0.02384 (ms)
2026-07-01 23:59:19,579 [INFO] Pass: FixedPoint - 0.00477 (ms)
2026-07-01 23:59:19,579 [INFO] Pass: Size - 0.00381 (ms)
2026-07-01 23:59:19,579 [INFO] Pass: FixedPoint - 0.00310 (ms)
2026-07-01 23:59:19,579 [INFO] Pass: RemoveIdentityEquivalent - 0.00596 (ms)
2026-07-01 23:59:19,579 [INFO] Pass: Optimize1qGatesDecomposition - 0.17381 (ms)
2026-07-01 23:59:19,579 [INFO] Pass: CommutativeCancellation - 0.08249 (ms)
2026-07-01 23:59:19,579 [INFO] Pass: ContractIdleWiresInControlFlow - 0.00191 (ms)
2026-07-01 23:59:19,579 [INFO] Pass: GatesInBasis - 0.02027 (ms)
2026-07-01 23:59:19,579 [INFO] Pass: Depth - 0.02098 (ms)
2026-07-01 23:59:19,579 [INFO] Pass: FixedPoint - 0.00381 (ms)
2026-07-01 23:59:19,579 [INFO] Pass: Size - 0.00906 (ms)
2026-07-01 23:59:19,579 [INFO] Pass: FixedPoint - 0.00286 (ms)
2026-07-01 23:59:19,579 [INFO] Pass: RemoveIdentityEquivalent - 0.00525 (ms)
2026-07-01 23:59:19,580 [INFO] Pass: Optimize1qGatesDecomposition - 0.14496 (ms)
2026-07-01 23:59:19,580 [INFO] Pass: CommutativeCancellation - 0.07224 (ms)
2026-07-01 23:59:19,580 [INFO] Pass: ContractIdleWiresInControlFlow - 0.00167 (ms)
2026-07-01 23:59:19,580 [INFO] Pass: GatesInBasis - 0.01693 (ms)
2026-07-01 23:59:19,580 [INFO] Pass: Depth - 0.01788 (ms)
2026-07-01 23:59:19,580 [INFO] Pass: FixedPoint - 0.00334 (ms)
2026-07-01 23:59:19,580 [INFO] Pass: Size - 0.00191 (ms)
2026-07-01 23:59:19,580 [INFO] Pass: FixedPoint - 0.00286 (ms)
2026-07-01 23:59:19,580 [INFO] Pass: ContainsInstruction - 0.00548 (ms)
2026-07-01 23:59:19,580 [INFO] Total Transpile Time - 90.05594 (ms)
2026-07-02 00:12:44,224 [INFO] Pass: ContainsInstruction - 0.01216 (ms)
2026-07-02 00:12:44,224 [INFO] Pass: UnitarySynthesis - 0.00930 (ms)
2026-07-02 00:12:44,224 [INFO] Pass: HighLevelSynthesis - 0.00644 (ms)
2026-07-02 00:12:44,225 [INFO] Pass: BasisTranslator - 0.07033 (ms)
2026-07-02 00:12:44,225 [INFO] Pass: ElidePermutations - 0.00572 (ms)
2026-07-02 00:12:44,225 [INFO] Pass: RemoveDiagonalGatesBeforeMeasure - 0.00691 (ms)
2026-07-02 00:12:44,225 [INFO] Pass: RemoveIdentityEquivalent - 0.00548 (ms)
2026-07-02 00:12:44,225 [INFO] Pass: InverseCancellation - 0.00501 (ms)
2026-07-02 00:12:44,225 [INFO] Pass: ContractIdleWiresInControlFlow - 0.00191 (ms)
2026-07-02 00:12:44,225 [INFO] Pass: CommutativeCancellation - 0.06175 (ms)
2026-07-02 00:12:44,225 [INFO] Pass: ConsolidateBlocks - 0.04482 (ms)
2026-07-02 00:12:44,225 [INFO] Pass: Split2QUnitaries - 0.00405 (ms)
2026-07-02 00:12:44,225 [INFO] Pass: UnitarySynthesis - 0.00525 (ms)
2026-07-02 00:12:44,225 [INFO] Pass: HighLevelSynthesis - 0.02289 (ms)
2026-07-02 00:12:44,225 [INFO] Pass: BasisTranslator - 0.06509 (ms)
2026-07-02 00:12:44,225 [INFO] Pass: ConsolidateBlocks - 0.04792 (ms)
2026-07-02 00:12:44,225 [INFO] Pass: UnitarySynthesis - 0.00525 (ms)
2026-07-02 00:12:44,225 [INFO] Pass: Depth - 0.02027 (ms)
2026-07-02 00:12:44,225 [INFO] Pass: FixedPoint - 0.00501 (ms)
2026-07-02 00:12:44,225 [INFO] Pass: Size - 0.00310 (ms)
2026-07-02 00:12:44,225 [INFO] Pass: FixedPoint - 0.00286 (ms)
2026-07-02 00:12:44,225 [INFO] Pass: RemoveIdentityEquivalent - 0.00286 (ms)
2026-07-02 00:12:44,225 [INFO] Pass: Optimize1qGatesDecomposition - 0.03457 (ms)
2026-07-02 00:12:44,225 [INFO] Pass: CommutativeCancellation - 0.07987 (ms)
2026-07-02 00:12:44,225 [INFO] Pass: ContractIdleWiresInControlFlow - 0.00167 (ms)
2026-07-02 00:12:44,226 [INFO] Pass: GatesInBasis - 0.01884 (ms)
2026-07-02 00:12:44,226 [INFO] Pass: Depth - 0.01788 (ms)
2026-07-02 00:12:44,226 [INFO] Pass: FixedPoint - 0.00358 (ms)
2026-07-02 00:12:44,226 [INFO] Pass: Size - 0.00167 (ms)
2026-07-02 00:12:44,226 [INFO] Pass: FixedPoint - 0.00262 (ms)
2026-07-02 00:12:44,226 [INFO] Pass: ContainsInstruction - 0.00501 (ms)
2026-07-02 00:12:44,226 [INFO] Total Transpile Time - 93.10460 (ms)
2026-07-02 00:12:44,314 [INFO] Pass: ContainsInstruction - 0.01287 (ms)
2026-07-02 00:12:44,314 [INFO] Pass: UnitarySynthesis - 0.00691 (ms)
2026-07-02 00:12:44,314 [INFO] Pass: HighLevelSynthesis - 0.00596 (ms)
2026-07-02 00:12:44,314 [INFO] Pass: BasisTranslator - 0.07176 (ms)
2026-07-02 00:12:44,314 [INFO] Pass: ElidePermutations - 0.00501 (ms)
2026-07-02 00:12:44,314 [INFO] Pass: RemoveDiagonalGatesBeforeMeasure - 0.00691 (ms)
2026-07-02 00:12:44,314 [INFO] Pass: RemoveIdentityEquivalent - 0.00739 (ms)
2026-07-02 00:12:44,314 [INFO] Pass: InverseCancellation - 0.02432 (ms)
2026-07-02 00:12:44,314 [INFO] Pass: ContractIdleWiresInControlFlow - 0.00238 (ms)
2026-07-02 00:12:44,314 [INFO] Pass: CommutativeCancellation - 0.07606 (ms)
2026-07-02 00:12:44,314 [INFO] Pass: ConsolidateBlocks - 0.04244 (ms)
2026-07-02 00:12:44,314 [INFO] Pass: Split2QUnitaries - 0.00405 (ms)
2026-07-02 00:12:44,314 [INFO] Pass: UnitarySynthesis - 0.00572 (ms)
2026-07-02 00:12:44,314 [INFO] Pass: HighLevelSynthesis - 0.02432 (ms)
2026-07-02 00:12:44,314 [INFO] Pass: BasisTranslator - 0.07081 (ms)
2026-07-02 00:12:44,314 [INFO] Pass: ConsolidateBlocks - 0.04959 (ms)
2026-07-02 00:12:44,314 [INFO] Pass: UnitarySynthesis - 0.00453 (ms)
2026-07-02 00:12:44,314 [INFO] Pass: Depth - 0.02265 (ms)
2026-07-02 00:12:44,315 [INFO] Pass: FixedPoint - 0.00525 (ms)
2026-07-02 00:12:44,315 [INFO] Pass: Size - 0.00358 (ms)
2026-07-02 00:12:44,315 [INFO] Pass: FixedPoint - 0.00286 (ms)
2026-07-02 00:12:44,315 [INFO] Pass: RemoveIdentityEquivalent - 0.00548 (ms)
2026-07-02 00:12:44,315 [INFO] Pass: Optimize1qGatesDecomposition - 0.17309 (ms)
2026-07-02 00:12:44,315 [INFO] Pass: CommutativeCancellation - 0.09274 (ms)
2026-07-02 00:12:44,315 [INFO] Pass: ContractIdleWiresInControlFlow - 0.00215 (ms)
2026-07-02 00:12:44,315 [INFO] Pass: GatesInBasis - 0.02027 (ms)
2026-07-02 00:12:44,315 [INFO] Pass: Depth - 0.02027 (ms)
2026-07-02 00:12:44,315 [INFO] Pass: FixedPoint - 0.00381 (ms)
2026-07-02 00:12:44,315 [INFO] Pass: Size - 0.00215 (ms)
2026-07-02 00:12:44,315 [INFO] Pass: FixedPoint - 0.00286 (ms)
2026-07-02 00:12:44,315 [INFO] Pass: ContainsInstruction - 0.00525 (ms)
2026-07-02 00:12:44,315 [INFO] Total Transpile Time - 88.92775 (ms)
2026-07-02 00:12:44,403 [INFO] Pass: ContainsInstruction - 0.01335 (ms)
2026-07-02 00:12:44,404 [INFO] Pass: UnitarySynthesis - 0.00739 (ms)
2026-07-02 00:12:44,404 [INFO] Pass: HighLevelSynthesis - 0.00668 (ms)
2026-07-02 00:12:44,404 [INFO] Pass: BasisTranslator - 0.07463 (ms)
2026-07-02 00:12:44,404 [INFO] Pass: ElidePermutations - 0.00453 (ms)
2026-07-02 00:12:44,404 [INFO] Pass: RemoveDiagonalGatesBeforeMeasure - 0.00668 (ms)
2026-07-02 00:12:44,404 [INFO] Pass: RemoveIdentityEquivalent - 0.00906 (ms)
2026-07-02 00:12:44,404 [INFO] Pass: InverseCancellation - 0.02408 (ms)
2026-07-02 00:12:44,404 [INFO] Pass: ContractIdleWiresInControlFlow - 0.00191 (ms)
2026-07-02 00:12:44,404 [INFO] Pass: CommutativeCancellation - 0.07319 (ms)
2026-07-02 00:12:44,404 [INFO] Pass: ConsolidateBlocks - 0.04363 (ms)
2026-07-02 00:12:44,404 [INFO] Pass: Split2QUnitaries - 0.00358 (ms)
2026-07-02 00:12:44,404 [INFO] Pass: UnitarySynthesis - 0.00572 (ms)
2026-07-02 00:12:44,404 [INFO] Pass: HighLevelSynthesis - 0.02575 (ms)
2026-07-02 00:12:44,404 [INFO] Pass: BasisTranslator - 0.06890 (ms)
2026-07-02 00:12:44,404 [INFO] Pass: ConsolidateBlocks - 0.05150 (ms)
2026-07-02 00:12:44,404 [INFO] Pass: UnitarySynthesis - 0.00477 (ms)
2026-07-02 00:12:44,404 [INFO] Pass: Depth - 0.02217 (ms)
2026-07-02 00:12:44,404 [INFO] Pass: FixedPoint - 0.00477 (ms)
2026-07-02 00:12:44,404 [INFO] Pass: Size - 0.00405 (ms)
2026-07-02 00:12:44,404 [INFO] Pass: FixedPoint - 0.00262 (ms)
2026-07-02 00:12:44,404 [INFO] Pass: RemoveIdentityEquivalent - 0.00572 (ms)
2026-07-02 00:12:44,405 [INFO] Pass: Optimize1qGatesDecomposition - 0.18263 (ms)
2026-07-02 00:12:44,405 [INFO] Pass: CommutativeCancellation - 0.08416 (ms)
2026-07-02 00:12:44,405 [INFO] Pass: ContractIdleWiresInControlFlow - 0.00191 (ms)
2026-07-02 00:12:44,405 [INFO] Pass: GatesInBasis - 0.02122 (ms)
2026-07-02 00:12:44,405 [INFO] Pass: Depth - 0.02003 (ms)
2026-07-02 00:12:44,405 [INFO] Pass: FixedPoint - 0.00405 (ms)
2026-07-02 00:12:44,405 [INFO] Pass: Size - 0.00215 (ms)
2026-07-02 00:12:44,405 [INFO] Pass: FixedPoint - 0.00310 (ms)
2026-07-02 00:12:44,405 [INFO] Pass: RemoveIdentityEquivalent - 0.00548 (ms)
2026-07-02 00:12:44,405 [INFO] Pass: Optimize1qGatesDecomposition - 0.14734 (ms)
2026-07-02 00:12:44,405 [INFO] Pass: CommutativeCancellation - 0.07200 (ms)
2026-07-02 00:12:44,405 [INFO] Pass: ContractIdleWiresInControlFlow - 0.00215 (ms)
2026-07-02 00:12:44,405 [INFO] Pass: GatesInBasis - 0.01788 (ms)
2026-07-02 00:12:44,405 [INFO] Pass: Depth - 0.01860 (ms)
2026-07-02 00:12:44,405 [INFO] Pass: FixedPoint - 0.00310 (ms)
2026-07-02 00:12:44,405 [INFO] Pass: Size - 0.00691 (ms)
2026-07-02 00:12:44,405 [INFO] Pass: FixedPoint - 0.00286 (ms)
2026-07-02 00:12:44,405 [INFO] Pass: ContainsInstruction - 0.00572 (ms)
2026-07-02 00:12:44,406 [INFO] Total Transpile Time - 89.68997 (ms)
2026-07-02 00:26:02,047 [INFO] Pass: ContainsInstruction - 0.01168 (ms)
2026-07-02 00:26:02,047 [INFO] Pass: UnitarySynthesis - 0.00978 (ms)
2026-07-02 00:26:02,047 [INFO] Pass: HighLevelSynthesis - 0.00620 (ms)
2026-07-02 00:26:02,047 [INFO] Pass: BasisTranslator - 0.06866 (ms)
2026-07-02 00:26:02,047 [INFO] Pass: ElidePermutations - 0.00525 (ms)
2026-07-02 00:26:02,047 [INFO] Pass: RemoveDiagonalGatesBeforeMeasure - 0.00668 (ms)
2026-07-02 00:26:02,047 [INFO] Pass: RemoveIdentityEquivalent - 0.00525 (ms)
2026-07-02 00:26:02,047 [INFO] Pass: InverseCancellation - 0.00525 (ms)
2026-07-02 00:26:02,047 [INFO] Pass: ContractIdleWiresInControlFlow - 0.00238 (ms)
2026-07-02 00:26:02,047 [INFO] Pass: CommutativeCancellation - 0.06056 (ms)
2026-07-02 00:26:02,047 [INFO] Pass: ConsolidateBlocks - 0.04458 (ms)
2026-07-02 00:26:02,047 [INFO] Pass: Split2QUnitaries - 0.00381 (ms)
2026-07-02 00:26:02,047 [INFO] Pass: UnitarySynthesis - 0.00501 (ms)
2026-07-02 00:26:02,047 [INFO] Pass: HighLevelSynthesis - 0.03242 (ms)
2026-07-02 00:26:02,048 [INFO] Pass: BasisTranslator - 0.06604 (ms)
2026-07-02 00:26:02,048 [INFO] Pass: ConsolidateBlocks - 0.05293 (ms)
2026-07-02 00:26:02,048 [INFO] Pass: UnitarySynthesis - 0.00477 (ms)
2026-07-02 00:26:02,048 [INFO] Pass: Depth - 0.01860 (ms)
2026-07-02 00:26:02,048 [INFO] Pass: FixedPoint - 0.00572 (ms)
2026-07-02 00:26:02,048 [INFO] Pass: Size - 0.00358 (ms)
2026-07-02 00:26:02,048 [INFO] Pass: FixedPoint - 0.00286 (ms)
2026-07-02 00:26:02,048 [INFO] Pass: RemoveIdentityEquivalent - 0.00310 (ms)
2026-07-02 00:26:02,048 [INFO] Pass: Optimize1qGatesDecomposition - 0.03624 (ms)
2026-07-02 00:26:02,048 [INFO] Pass: CommutativeCancellation - 0.07343 (ms)
2026-07-02 00:26:02,048 [INFO] Pass: ContractIdleWiresInControlFlow - 0.00191 (ms)
2026-07-02 00:26:02,048 [INFO] Pass: GatesInBasis - 0.01955 (ms)
2026-07-02 00:26:02,048 [INFO] Pass: Depth - 0.01621 (ms)
2026-07-02 00:26:02,048 [INFO] Pass: FixedPoint - 0.00358 (ms)
2026-07-02 00:26:02,048 [INFO] Pass: Size - 0.00215 (ms)
2026-07-02 00:26:02,048 [INFO] Pass: FixedPoint - 0.00286 (ms)
2026-07-02 00:26:02,048 [INFO] Pass: ContainsInstruction - 0.00548 (ms)
2026-07-02 00:26:02,048 [INFO] Total Transpile Time - 90.91473 (ms)
2026-07-02 00:26:02,140 [INFO] Pass: ContainsInstruction - 0.01407 (ms)
2026-07-02 00:26:02,140 [INFO] Pass: UnitarySynthesis - 0.00811 (ms)
2026-07-02 00:26:02,140 [INFO] Pass: HighLevelSynthesis - 0.00787 (ms)
2026-07-02 00:26:02,140 [INFO] Pass: BasisTranslator - 0.08321 (ms)
2026-07-02 00:26:02,140 [INFO] Pass: ElidePermutations - 0.00596 (ms)
2026-07-02 00:26:02,140 [INFO] Pass: RemoveDiagonalGatesBeforeMeasure - 0.00763 (ms)
2026-07-02 00:26:02,140 [INFO] Pass: RemoveIdentityEquivalent - 0.01025 (ms)
2026-07-02 00:26:02,140 [INFO] Pass: InverseCancellation - 0.02789 (ms)
2026-07-02 00:26:02,140 [INFO] Pass: ContractIdleWiresInControlFlow - 0.00238 (ms)
2026-07-02 00:26:02,140 [INFO] Pass: CommutativeCancellation - 0.08011 (ms)
2026-07-02 00:26:02,140 [INFO] Pass: ConsolidateBlocks - 0.04721 (ms)
2026-07-02 00:26:02,140 [INFO] Pass: Split2QUnitaries - 0.00381 (ms)
2026-07-02 00:26:02,140 [INFO] Pass: UnitarySynthesis - 0.00548 (ms)
2026-07-02 00:26:02,140 [INFO] Pass: HighLevelSynthesis - 0.02599 (ms)
2026-07-02 00:26:02,140 [INFO] Pass: BasisTranslator - 0.06938 (ms)
2026-07-02 00:26:02,140 [INFO] Pass: ConsolidateBlocks - 0.05889 (ms)
2026-07-02 00:26:02,140 [INFO] Pass: UnitarySynthesis - 0.00477 (ms)
2026-07-02 00:26:02,141 [INFO] Pass: Depth - 0.02241 (ms)
2026-07-02 00:26:02,141 [INFO] Pass: FixedPoint - 0.00596 (ms)
2026-07-02 00:26:02,141 [INFO] Pass: Size - 0.00405 (ms)
2026-07-02 00:26:02,141 [INFO] Pass: FixedPoint - 0.00310 (ms)
2026-07-02 00:26:02,141 [INFO] Pass: RemoveIdentityEquivalent - 0.00572 (ms)
2026-07-02 00:26:02,141 [INFO] Pass: Optimize1qGatesDecomposition - 0.18072 (ms)
2026-07-02 00:26:02,141 [INFO] Pass: CommutativeCancellation - 0.09561 (ms)
2026-07-02 00:26:02,141 [INFO] Pass: ContractIdleWiresInControlFlow - 0.00238 (ms)
2026-07-02 00:26:02,141 [INFO] Pass: GatesInBasis - 0.02122 (ms)
2026-07-02 00:26:02,141 [INFO] Pass: Depth - 0.02217 (ms)
2026-07-02 00:26:02,141 [INFO] Pass: FixedPoint - 0.00381 (ms)
2026-07-02 00:26:02,141 [INFO] Pass: Size - 0.00238 (ms)
2026-07-02 00:26:02,141 [INFO] Pass: FixedPoint - 0.00334 (ms)
2026-07-02 00:26:02,141 [INFO] Pass: ContainsInstruction - 0.00644 (ms)
2026-07-02 00:26:02,142 [INFO] Total Transpile Time - 92.52667 (ms)
2026-07-02 00:26:02,231 [INFO] Pass: ContainsInstruction - 0.01287 (ms)
2026-07-02 00:26:02,231 [INFO] Pass: UnitarySynthesis - 0.00763 (ms)
2026-07-02 00:26:02,232 [INFO] Pass: HighLevelSynthesis - 0.00596 (ms)
2026-07-02 00:26:02,232 [INFO] Pass: BasisTranslator - 0.06437 (ms)
2026-07-02 00:26:02,232 [INFO] Pass: ElidePermutations - 0.00477 (ms)
2026-07-02 00:26:02,232 [INFO] Pass: RemoveDiagonalGatesBeforeMeasure - 0.00644 (ms)
2026-07-02 00:26:02,232 [INFO] Pass: RemoveIdentityEquivalent - 0.00763 (ms)
2026-07-02 00:26:02,232 [INFO] Pass: InverseCancellation - 0.02265 (ms)
2026-07-02 00:26:02,232 [INFO] Pass: ContractIdleWiresInControlFlow - 0.00215 (ms)
2026-07-02 00:26:02,232 [INFO] Pass: CommutativeCancellation - 0.06938 (ms)
2026-07-02 00:26:02,232 [INFO] Pass: ConsolidateBlocks - 0.04172 (ms)
2026-07-02 00:26:02,232 [INFO] Pass: Split2QUnitaries - 0.00334 (ms)
2026-07-02 00:26:02,232 [INFO] Pass: UnitarySynthesis - 0.00525 (ms)
2026-07-02 00:26:02,232 [INFO] Pass: HighLevelSynthesis - 0.02503 (ms)
2026-07-02 00:26:02,232 [INFO] Pass: BasisTranslator - 0.06843 (ms)
2026-07-02 00:26:02,232 [INFO] Pass: ConsolidateBlocks - 0.04864 (ms)
2026-07-02 00:26:02,232 [INFO] Pass: UnitarySynthesis - 0.00477 (ms)
2026-07-02 00:26:02,232 [INFO] Pass: Depth - 0.02193 (ms)
2026-07-02 00:26:02,232 [INFO] Pass: FixedPoint - 0.00453 (ms)
2026-07-02 00:26:02,232 [INFO] Pass: Size - 0.00334 (ms)
2026-07-02 00:26:02,232 [INFO] Pass: FixedPoint - 0.00286 (ms)
2026-07-02 00:26:02,232 [INFO] Pass: RemoveIdentityEquivalent - 0.00501 (ms)
2026-07-02 00:26:02,233 [INFO] Pass: Optimize1qGatesDecomposition - 0.18573 (ms)
2026-07-02 00:26:02,233 [INFO] Pass: CommutativeCancellation - 0.08273 (ms)
2026-07-02 00:26:02,233 [INFO] Pass: ContractIdleWiresInControlFlow - 0.00215 (ms)
2026-07-02 00:26:02,233 [INFO] Pass: GatesInBasis - 0.02098 (ms)
2026-07-02 00:26:02,233 [INFO] Pass: Depth - 0.02098 (ms)
2026-07-02 00:26:02,233 [INFO] Pass: FixedPoint - 0.00358 (ms)
2026-07-02 00:26:02,233 [INFO] Pass: Size - 0.00262 (ms)
2026-07-02 00:26:02,233 [INFO] Pass: FixedPoint - 0.00310 (ms)
2026-07-02 00:26:02,233 [INFO] Pass: RemoveIdentityEquivalent - 0.00477 (ms)
2026-07-02 00:26:02,233 [INFO] Pass: Optimize1qGatesDecomposition - 0.15140 (ms)
2026-07-02 00:26:02,233 [INFO] Pass: CommutativeCancellation - 0.07200 (ms)
2026-07-02 00:26:02,233 [INFO] Pass: ContractIdleWiresInControlFlow - 0.00191 (ms)
2026-07-02 00:26:02,233 [INFO] Pass: GatesInBasis - 0.01812 (ms)
2026-07-02 00:26:02,233 [INFO] Pass: Depth - 0.01717 (ms)
2026-07-02 00:26:02,233 [INFO] Pass: FixedPoint - 0.00334 (ms)
2026-07-02 00:26:02,233 [INFO] Pass: Size - 0.00167 (ms)
2026-07-02 00:26:02,233 [INFO] Pass: FixedPoint - 0.00262 (ms)
2026-07-02 00:26:02,233 [INFO] Pass: ContainsInstruction - 0.00572 (ms)
2026-07-02 00:26:02,234 [INFO] Total Transpile Time - 91.43949 (ms)
2026-07-02 00:39:17,577 [INFO] Pass: ContainsInstruction - 0.01264 (ms)
2026-07-02 00:39:17,577 [INFO] Pass: UnitarySynthesis - 0.01001 (ms)
2026-07-02 00:39:17,577 [INFO] Pass: HighLevelSynthesis - 0.00715 (ms)
2026-07-02 00:39:17,577 [INFO] Pass: BasisTranslator - 0.07367 (ms)
2026-07-02 00:39:17,577 [INFO] Pass: ElidePermutations - 0.00596 (ms)
2026-07-02 00:39:17,577 [INFO] Pass: RemoveDiagonalGatesBeforeMeasure - 0.00834 (ms)
2026-07-02 00:39:17,577 [INFO] Pass: RemoveIdentityEquivalent - 0.00668 (ms)
2026-07-02 00:39:17,578 [INFO] Pass: InverseCancellation - 0.00548 (ms)
2026-07-02 00:39:17,578 [INFO] Pass: ContractIdleWiresInControlFlow - 0.00215 (ms)
2026-07-02 00:39:17,578 [INFO] Pass: CommutativeCancellation - 0.06461 (ms)
2026-07-02 00:39:17,578 [INFO] Pass: ConsolidateBlocks - 0.04363 (ms)
2026-07-02 00:39:17,578 [INFO] Pass: Split2QUnitaries - 0.00381 (ms)
2026-07-02 00:39:17,578 [INFO] Pass: UnitarySynthesis - 0.00572 (ms)
2026-07-02 00:39:17,578 [INFO] Pass: HighLevelSynthesis - 0.02337 (ms)
2026-07-02 00:39:17,578 [INFO] Pass: BasisTranslator - 0.06628 (ms)
2026-07-02 00:39:17,578 [INFO] Pass: ConsolidateBlocks - 0.04888 (ms)
2026-07-02 00:39:17,578 [INFO] Pass: UnitarySynthesis - 0.00477 (ms)
2026-07-02 00:39:17,578 [INFO] Pass: Depth - 0.02337 (ms)
2026-07-02 00:39:17,578 [INFO] Pass: FixedPoint - 0.00548 (ms)
2026-07-02 00:39:17,578 [INFO] Pass: Size - 0.00429 (ms)
2026-07-02 00:39:17,578 [INFO] Pass: FixedPoint - 0.00334 (ms)
2026-07-02 00:39:17,578 [INFO] Pass: RemoveIdentityEquivalent - 0.00310 (ms)
2026-07-02 00:39:17,578 [INFO] Pass: Optimize1qGatesDecomposition - 0.03433 (ms)
2026-07-02 00:39:17,578 [INFO] Pass: CommutativeCancellation - 0.07677 (ms)
2026-07-02 00:39:17,578 [INFO] Pass: ContractIdleWiresInControlFlow - 0.00167 (ms)
2026-07-02 00:39:17,578 [INFO] Pass: GatesInBasis - 0.01884 (ms)
2026-07-02 00:39:17,578 [INFO] Pass: Depth - 0.01740 (ms)
2026-07-02 00:39:17,578 [INFO] Pass: FixedPoint - 0.00358 (ms)
2026-07-02 00:39:17,578 [INFO] Pass: Size - 0.00238 (ms)
2026-07-02 00:39:17,578 [INFO] Pass: FixedPoint - 0.00286 (ms)
2026-07-02 00:39:17,579 [INFO] Pass: ContainsInstruction - 0.00572 (ms)
2026-07-02 00:39:17,579 [INFO] Total Transpile Time - 89.91766 (ms)
2026-07-02 00:39:17,666 [INFO] Pass: ContainsInstruction - 0.01240 (ms)
2026-07-02 00:39:17,666 [INFO] Pass: UnitarySynthesis - 0.00739 (ms)
2026-07-02 00:39:17,666 [INFO] Pass: HighLevelSynthesis - 0.00501 (ms)
2026-07-02 00:39:17,666 [INFO] Pass: BasisTranslator - 0.06819 (ms)
2026-07-02 00:39:17,666 [INFO] Pass: ElidePermutations - 0.00501 (ms)
2026-07-02 00:39:17,666 [INFO] Pass: RemoveDiagonalGatesBeforeMeasure - 0.00691 (ms)
2026-07-02 00:39:17,666 [INFO] Pass: RemoveIdentityEquivalent - 0.00811 (ms)
2026-07-02 00:39:17,666 [INFO] Pass: InverseCancellation - 0.02360 (ms)
2026-07-02 00:39:17,666 [INFO] Pass: ContractIdleWiresInControlFlow - 0.00191 (ms)
2026-07-02 00:39:17,666 [INFO] Pass: CommutativeCancellation - 0.07415 (ms)
2026-07-02 00:39:17,667 [INFO] Pass: ConsolidateBlocks - 0.04220 (ms)
2026-07-02 00:39:17,667 [INFO] Pass: Split2QUnitaries - 0.00334 (ms)
2026-07-02 00:39:17,667 [INFO] Pass: UnitarySynthesis - 0.00501 (ms)
2026-07-02 00:39:17,667 [INFO] Pass: HighLevelSynthesis - 0.02360 (ms)
2026-07-02 00:39:17,667 [INFO] Pass: BasisTranslator - 0.06557 (ms)
2026-07-02 00:39:17,667 [INFO] Pass: ConsolidateBlocks - 0.04888 (ms)
2026-07-02 00:39:17,667 [INFO] Pass: UnitarySynthesis - 0.00429 (ms)
2026-07-02 00:39:17,667 [INFO] Pass: Depth - 0.02050 (ms)
2026-07-02 00:39:17,667 [INFO] Pass: FixedPoint - 0.00525 (ms)
2026-07-02 00:39:17,667 [INFO] Pass: Size - 0.00358 (ms)
2026-07-02 00:39:17,667 [INFO] Pass: FixedPoint - 0.00310 (ms)
2026-07-02 00:39:17,667 [INFO] Pass: RemoveIdentityEquivalent - 0.00453 (ms)
2026-07-02 00:39:17,667 [INFO] Pass: Optimize1qGatesDecomposition - 0.16069 (ms)
2026-07-02 00:39:17,667 [INFO] Pass: CommutativeCancellation - 0.08821 (ms)
2026-07-02 00:39:17,667 [INFO] Pass: ContractIdleWiresInControlFlow - 0.00167 (ms)
2026-07-02 00:39:17,667 [INFO] Pass: GatesInBasis - 0.02027 (ms)
2026-07-02 00:39:17,667 [INFO] Pass: Depth - 0.01788 (ms)
2026-07-02 00:39:17,667 [INFO] Pass: FixedPoint - 0.00358 (ms)
2026-07-02 00:39:17,667 [INFO] Pass: Size - 0.00286 (ms)
2026-07-02 00:39:17,667 [INFO] Pass: FixedPoint - 0.00286 (ms)
2026-07-02 00:39:17,667 [INFO] Pass: ContainsInstruction - 0.00596 (ms)
2026-07-02 00:39:17,668 [INFO] Total Transpile Time - 88.34481 (ms)
2026-07-02 00:39:17,756 [INFO] Pass: ContainsInstruction - 0.01287 (ms)
2026-07-02 00:39:17,756 [INFO] Pass: UnitarySynthesis - 0.00834 (ms)
2026-07-02 00:39:17,756 [INFO] Pass: HighLevelSynthesis - 0.00644 (ms)
2026-07-02 00:39:17,756 [INFO] Pass: BasisTranslator - 0.07010 (ms)
2026-07-02 00:39:17,756 [INFO] Pass: ElidePermutations - 0.00548 (ms)
2026-07-02 00:39:17,756 [INFO] Pass: RemoveDiagonalGatesBeforeMeasure - 0.00691 (ms)
2026-07-02 00:39:17,756 [INFO] Pass: RemoveIdentityEquivalent - 0.00882 (ms)
2026-07-02 00:39:17,756 [INFO] Pass: InverseCancellation - 0.02480 (ms)
2026-07-02 00:39:17,756 [INFO] Pass: ContractIdleWiresInControlFlow - 0.00215 (ms)
2026-07-02 00:39:17,756 [INFO] Pass: CommutativeCancellation - 0.07343 (ms)
2026-07-02 00:39:17,756 [INFO] Pass: ConsolidateBlocks - 0.04792 (ms)
2026-07-02 00:39:17,756 [INFO] Pass: Split2QUnitaries - 0.00358 (ms)
2026-07-02 00:39:17,756 [INFO] Pass: UnitarySynthesis - 0.00548 (ms)
2026-07-02 00:39:17,756 [INFO] Pass: HighLevelSynthesis - 0.02718 (ms)
2026-07-02 00:39:17,756 [INFO] Pass: BasisTranslator - 0.06914 (ms)
2026-07-02 00:39:17,756 [INFO] Pass: ConsolidateBlocks - 0.05054 (ms)
2026-07-02 00:39:17,756 [INFO] Pass: UnitarySynthesis - 0.00477 (ms)
2026-07-02 00:39:17,756 [INFO] Pass: Depth - 0.02551 (ms)
2026-07-02 00:39:17,757 [INFO] Pass: FixedPoint - 0.00548 (ms)
2026-07-02 00:39:17,757 [INFO] Pass: Size - 0.00358 (ms)
2026-07-02 00:39:17,757 [INFO] Pass: FixedPoint - 0.00286 (ms)
2026-07-02 00:39:17,757 [INFO] Pass: RemoveIdentityEquivalent - 0.00596 (ms)
2026-07-02 00:39:17,757 [INFO] Pass: Optimize1qGatesDecomposition - 0.18859 (ms)
2026-07-02 00:39:17,757 [INFO] Pass: CommutativeCancellation - 0.08535 (ms)
2026-07-02 00:39:17,757 [INFO] Pass: ContractIdleWiresInControlFlow - 0.00167 (ms)
2026-07-02 00:39:17,757 [INFO] Pass: GatesInBasis - 0.02003 (ms)
2026-07-02 00:39:17,757 [INFO] Pass: Depth - 0.01812 (ms)
2026-07-02 00:39:17,757 [INFO] Pass: FixedPoint - 0.00358 (ms)
2026-07-02 00:39:17,757 [INFO] Pass: Size - 0.00238 (ms)
2026-07-02 00:39:17,757 [INFO] Pass: FixedPoint - 0.00286 (ms)
2026-07-02 00:39:17,757 [INFO] Pass: RemoveIdentityEquivalent - 0.00548 (ms)
2026-07-02 00:39:17,757 [INFO] Pass: Optimize1qGatesDecomposition - 0.14544 (ms)
2026-07-02 00:39:17,757 [INFO] Pass: CommutativeCancellation - 0.06938 (ms)
2026-07-02 00:39:17,757 [INFO] Pass: ContractIdleWiresInControlFlow - 0.00167 (ms)
2026-07-02 00:39:17,757 [INFO] Pass: GatesInBasis - 0.01717 (ms)
2026-07-02 00:39:17,757 [INFO] Pass: Depth - 0.01693 (ms)
2026-07-02 00:39:17,758 [INFO] Pass: FixedPoint - 0.00334 (ms)
2026-07-02 00:39:17,758 [INFO] Pass: Size - 0.00191 (ms)
2026-07-02 00:39:17,758 [INFO] Pass: FixedPoint - 0.00286 (ms)
2026-07-02 00:39:17,758 [INFO] Pass: ContainsInstruction - 0.00620 (ms)
2026-07-02 00:39:17,758 [INFO] Total Transpile Time - 89.55288 (ms)
2026-07-02 00:52:44,433 [INFO] Pass: ContainsInstruction - 0.01192 (ms)
2026-07-02 00:52:44,437 [INFO] Pass: UnitarySynthesis - 0.01049 (ms)
2026-07-02 00:52:44,437 [INFO] Pass: HighLevelSynthesis - 0.00668 (ms)
2026-07-02 00:52:44,437 [INFO] Pass: BasisTranslator - 0.07582 (ms)
2026-07-02 00:52:44,437 [INFO] Pass: ElidePermutations - 0.00525 (ms)
2026-07-02 00:52:44,437 [INFO] Pass: RemoveDiagonalGatesBeforeMeasure - 0.00763 (ms)
2026-07-02 00:52:44,437 [INFO] Pass: RemoveIdentityEquivalent - 0.00572 (ms)
2026-07-02 00:52:44,437 [INFO] Pass: InverseCancellation - 0.00620 (ms)
2026-07-02 00:52:44,437 [INFO] Pass: ContractIdleWiresInControlFlow - 0.00310 (ms)
2026-07-02 00:52:44,437 [INFO] Pass: CommutativeCancellation - 0.06175 (ms)
2026-07-02 00:52:44,437 [INFO] Pass: ConsolidateBlocks - 0.04458 (ms)
2026-07-02 00:52:44,437 [INFO] Pass: Split2QUnitaries - 0.00405 (ms)
2026-07-02 00:52:44,437 [INFO] Pass: UnitarySynthesis - 0.00620 (ms)
2026-07-02 00:52:44,437 [INFO] Pass: HighLevelSynthesis - 0.02432 (ms)
2026-07-02 00:52:44,437 [INFO] Pass: BasisTranslator - 0.06843 (ms)
2026-07-02 00:52:44,437 [INFO] Pass: ConsolidateBlocks - 0.06151 (ms)
2026-07-02 00:52:44,438 [INFO] Pass: UnitarySynthesis - 0.00525 (ms)
2026-07-02 00:52:44,438 [INFO] Pass: Depth - 0.02122 (ms)
2026-07-02 00:52:44,438 [INFO] Pass: FixedPoint - 0.00501 (ms)
2026-07-02 00:52:44,438 [INFO] Pass: Size - 0.00405 (ms)
2026-07-02 00:52:44,438 [INFO] Pass: FixedPoint - 0.00286 (ms)
2026-07-02 00:52:44,438 [INFO] Pass: RemoveIdentityEquivalent - 0.00334 (ms)
2026-07-02 00:52:44,438 [INFO] Pass: Optimize1qGatesDecomposition - 0.03695 (ms)
2026-07-02 00:52:44,438 [INFO] Pass: CommutativeCancellation - 0.07558 (ms)
2026-07-02 00:52:44,438 [INFO] Pass: ContractIdleWiresInControlFlow - 0.00167 (ms)
2026-07-02 00:52:44,438 [INFO] Pass: GatesInBasis - 0.02027 (ms)
2026-07-02 00:52:44,438 [INFO] Pass: Depth - 0.01931 (ms)
2026-07-02 00:52:44,438 [INFO] Pass: FixedPoint - 0.00334 (ms)
2026-07-02 00:52:44,438 [INFO] Pass: Size - 0.00215 (ms)
2026-07-02 00:52:44,438 [INFO] Pass: FixedPoint - 0.00334 (ms)
2026-07-02 00:52:44,438 [INFO] Pass: ContainsInstruction - 0.00548 (ms)
2026-07-02 00:52:44,438 [INFO] Total Transpile Time - 94.19870 (ms)
2026-07-02 00:52:44,526 [INFO] Pass: ContainsInstruction - 0.01216 (ms)
2026-07-02 00:52:44,526 [INFO] Pass: UnitarySynthesis - 0.00763 (ms)
2026-07-02 00:52:44,526 [INFO] Pass: HighLevelSynthesis - 0.00620 (ms)
2026-07-02 00:52:44,526 [INFO] Pass: BasisTranslator - 0.07057 (ms)
2026-07-02 00:52:44,526 [INFO] Pass: ElidePermutations - 0.00548 (ms)
2026-07-02 00:52:44,526 [INFO] Pass: RemoveDiagonalGatesBeforeMeasure - 0.00691 (ms)
2026-07-02 00:52:44,526 [INFO] Pass: RemoveIdentityEquivalent - 0.00763 (ms)
2026-07-02 00:52:44,526 [INFO] Pass: InverseCancellation - 0.02456 (ms)
2026-07-02 00:52:44,526 [INFO] Pass: ContractIdleWiresInControlFlow - 0.00238 (ms)
2026-07-02 00:52:44,526 [INFO] Pass: CommutativeCancellation - 0.07391 (ms)
2026-07-02 00:52:44,526 [INFO] Pass: ConsolidateBlocks - 0.04363 (ms)
2026-07-02 00:52:44,526 [INFO] Pass: Split2QUnitaries - 0.00358 (ms)
2026-07-02 00:52:44,526 [INFO] Pass: UnitarySynthesis - 0.00525 (ms)
2026-07-02 00:52:44,526 [INFO] Pass: HighLevelSynthesis - 0.02432 (ms)
2026-07-02 00:52:44,526 [INFO] Pass: BasisTranslator - 0.07343 (ms)
2026-07-02 00:52:44,527 [INFO] Pass: ConsolidateBlocks - 0.05031 (ms)
2026-07-02 00:52:44,527 [INFO] Pass: UnitarySynthesis - 0.00501 (ms)
2026-07-02 00:52:44,527 [INFO] Pass: Depth - 0.02360 (ms)
2026-07-02 00:52:44,527 [INFO] Pass: FixedPoint - 0.00501 (ms)
2026-07-02 00:52:44,527 [INFO] Pass: Size - 0.00453 (ms)
2026-07-02 00:52:44,527 [INFO] Pass: FixedPoint - 0.00310 (ms)
2026-07-02 00:52:44,527 [INFO] Pass: RemoveIdentityEquivalent - 0.00453 (ms)
2026-07-02 00:52:44,527 [INFO] Pass: Optimize1qGatesDecomposition - 0.16904 (ms)
2026-07-02 00:52:44,527 [INFO] Pass: CommutativeCancellation - 0.08941 (ms)
2026-07-02 00:52:44,527 [INFO] Pass: ContractIdleWiresInControlFlow - 0.00191 (ms)
2026-07-02 00:52:44,527 [INFO] Pass: GatesInBasis - 0.02146 (ms)
2026-07-02 00:52:44,527 [INFO] Pass: Depth - 0.01860 (ms)
2026-07-02 00:52:44,527 [INFO] Pass: FixedPoint - 0.00358 (ms)
2026-07-02 00:52:44,527 [INFO] Pass: Size - 0.00215 (ms)
2026-07-02 00:52:44,527 [INFO] Pass: FixedPoint - 0.00286 (ms)
2026-07-02 00:52:44,527 [INFO] Pass: ContainsInstruction - 0.00548 (ms)
2026-07-02 00:52:44,528 [INFO] Total Transpile Time - 88.50908 (ms)
2026-07-02 00:52:44,616 [INFO] Pass: ContainsInstruction - 0.01264 (ms)
2026-07-02 00:52:44,616 [INFO] Pass: UnitarySynthesis - 0.00811 (ms)
2026-07-02 00:52:44,616 [INFO] Pass: HighLevelSynthesis - 0.00620 (ms)
2026-07-02 00:52:44,616 [INFO] Pass: BasisTranslator - 0.07248 (ms)
2026-07-02 00:52:44,616 [INFO] Pass: ElidePermutations - 0.00501 (ms)
2026-07-02 00:52:44,616 [INFO] Pass: RemoveDiagonalGatesBeforeMeasure - 0.00668 (ms)
2026-07-02 00:52:44,616 [INFO] Pass: RemoveIdentityEquivalent - 0.00954 (ms)
2026-07-02 00:52:44,616 [INFO] Pass: InverseCancellation - 0.02480 (ms)
2026-07-02 00:52:44,616 [INFO] Pass: ContractIdleWiresInControlFlow - 0.00238 (ms)
2026-07-02 00:52:44,617 [INFO] Pass: CommutativeCancellation - 0.06771 (ms)
2026-07-02 00:52:44,617 [INFO] Pass: ConsolidateBlocks - 0.04458 (ms)
2026-07-02 00:52:44,617 [INFO] Pass: Split2QUnitaries - 0.00358 (ms)
2026-07-02 00:52:44,617 [INFO] Pass: UnitarySynthesis - 0.00525 (ms)
2026-07-02 00:52:44,617 [INFO] Pass: HighLevelSynthesis - 0.02646 (ms)
2026-07-02 00:52:44,617 [INFO] Pass: BasisTranslator - 0.06986 (ms)
2026-07-02 00:52:44,617 [INFO] Pass: ConsolidateBlocks - 0.04911 (ms)
2026-07-02 00:52:44,617 [INFO] Pass: UnitarySynthesis - 0.00477 (ms)
2026-07-02 00:52:44,617 [INFO] Pass: Depth - 0.02217 (ms)
2026-07-02 00:52:44,617 [INFO] Pass: FixedPoint - 0.00477 (ms)
2026-07-02 00:52:44,617 [INFO] Pass: Size - 0.00358 (ms)
2026-07-02 00:52:44,617 [INFO] Pass: FixedPoint - 0.00334 (ms)
2026-07-02 00:52:44,617 [INFO] Pass: RemoveIdentityEquivalent - 0.00644 (ms)
2026-07-02 00:52:44,617 [INFO] Pass: Optimize1qGatesDecomposition - 0.18573 (ms)
2026-07-02 00:52:44,617 [INFO] Pass: CommutativeCancellation - 0.08464 (ms)
2026-07-02 00:52:44,617 [INFO] Pass: ContractIdleWiresInControlFlow - 0.00215 (ms)
2026-07-02 00:52:44,618 [INFO] Pass: GatesInBasis - 0.02050 (ms)
2026-07-02 00:52:44,618 [INFO] Pass: Depth - 0.01955 (ms)
2026-07-02 00:52:44,618 [INFO] Pass: FixedPoint - 0.00358 (ms)
2026-07-02 00:52:44,618 [INFO] Pass: Size - 0.00238 (ms)
2026-07-02 00:52:44,618 [INFO] Pass: FixedPoint - 0.00358 (ms)
2026-07-02 00:52:44,618 [INFO] Pass: RemoveIdentityEquivalent - 0.00572 (ms)
2026-07-02 00:52:44,618 [INFO] Pass: Optimize1qGatesDecomposition - 0.15140 (ms)
2026-07-02 00:52:44,618 [INFO] Pass: CommutativeCancellation - 0.07129 (ms)
2026-07-02 00:52:44,618 [INFO] Pass: ContractIdleWiresInControlFlow - 0.00191 (ms)
2026-07-02 00:52:44,618 [INFO] Pass: GatesInBasis - 0.01740 (ms)
2026-07-02 00:52:44,618 [INFO] Pass: Depth - 0.01693 (ms)
2026-07-02 00:52:44,618 [INFO] Pass: FixedPoint - 0.00358 (ms)
2026-07-02 00:52:44,618 [INFO] Pass: Size - 0.00215 (ms)
2026-07-02 00:52:44,618 [INFO] Pass: FixedPoint - 0.00286 (ms)
2026-07-02 00:52:44,618 [INFO] Pass: ContainsInstruction - 0.00668 (ms)
2026-07-02 00:52:44,618 [INFO] Total Transpile Time - 90.26551 (ms)
2026-07-02 01:05:56,563 [INFO] Pass: ContainsInstruction - 0.01287 (ms)
2026-07-02 01:05:56,565 [INFO] Pass: UnitarySynthesis - 0.01168 (ms)
2026-07-02 01:05:56,565 [INFO] Pass: HighLevelSynthesis - 0.00787 (ms)
2026-07-02 01:05:56,566 [INFO] Pass: BasisTranslator - 0.07987 (ms)
2026-07-02 01:05:56,566 [INFO] Pass: ElidePermutations - 0.00525 (ms)
2026-07-02 01:05:56,566 [INFO] Pass: RemoveDiagonalGatesBeforeMeasure - 0.00787 (ms)
2026-07-02 01:05:56,566 [INFO] Pass: RemoveIdentityEquivalent - 0.00620 (ms)
2026-07-02 01:05:56,566 [INFO] Pass: InverseCancellation - 0.00572 (ms)
2026-07-02 01:05:56,566 [INFO] Pass: ContractIdleWiresInControlFlow - 0.00238 (ms)
2026-07-02 01:05:56,566 [INFO] Pass: CommutativeCancellation - 0.06580 (ms)
2026-07-02 01:05:56,566 [INFO] Pass: ConsolidateBlocks - 0.04578 (ms)
2026-07-02 01:05:56,566 [INFO] Pass: Split2QUnitaries - 0.00381 (ms)
2026-07-02 01:05:56,566 [INFO] Pass: UnitarySynthesis - 0.00596 (ms)
2026-07-02 01:05:56,566 [INFO] Pass: HighLevelSynthesis - 0.02456 (ms)
2026-07-02 01:05:56,566 [INFO] Pass: BasisTranslator - 0.06747 (ms)
2026-07-02 01:05:56,566 [INFO] Pass: ConsolidateBlocks - 0.05412 (ms)
2026-07-02 01:05:56,566 [INFO] Pass: UnitarySynthesis - 0.00548 (ms)
2026-07-02 01:05:56,566 [INFO] Pass: Depth - 0.02098 (ms)
2026-07-02 01:05:56,566 [INFO] Pass: FixedPoint - 0.00548 (ms)
2026-07-02 01:05:56,566 [INFO] Pass: Size - 0.00405 (ms)
2026-07-02 01:05:56,566 [INFO] Pass: FixedPoint - 0.00262 (ms)
2026-07-02 01:05:56,566 [INFO] Pass: RemoveIdentityEquivalent - 0.00358 (ms)
2026-07-02 01:05:56,566 [INFO] Pass: Optimize1qGatesDecomposition - 0.03695 (ms)
2026-07-02 01:05:56,567 [INFO] Pass: CommutativeCancellation - 0.08297 (ms)
2026-07-02 01:05:56,567 [INFO] Pass: ContractIdleWiresInControlFlow - 0.00191 (ms)
2026-07-02 01:05:56,567 [INFO] Pass: GatesInBasis - 0.01955 (ms)
2026-07-02 01:05:56,567 [INFO] Pass: Depth - 0.01621 (ms)
2026-07-02 01:05:56,567 [INFO] Pass: FixedPoint - 0.00334 (ms)
2026-07-02 01:05:56,567 [INFO] Pass: Size - 0.00215 (ms)
2026-07-02 01:05:56,567 [INFO] Pass: FixedPoint - 0.00310 (ms)
2026-07-02 01:05:56,567 [INFO] Pass: ContainsInstruction - 0.00668 (ms)
2026-07-02 01:05:56,567 [INFO] Total Transpile Time - 94.05088 (ms)
2026-07-02 01:05:56,656 [INFO] Pass: ContainsInstruction - 0.01144 (ms)
2026-07-02 01:05:56,656 [INFO] Pass: UnitarySynthesis - 0.00715 (ms)
2026-07-02 01:05:56,656 [INFO] Pass: HighLevelSynthesis - 0.00596 (ms)
2026-07-02 01:05:56,656 [INFO] Pass: BasisTranslator - 0.06509 (ms)
2026-07-02 01:05:56,656 [INFO] Pass: ElidePermutations - 0.00453 (ms)
2026-07-02 01:05:56,656 [INFO] Pass: RemoveDiagonalGatesBeforeMeasure - 0.00644 (ms)
2026-07-02 01:05:56,656 [INFO] Pass: RemoveIdentityEquivalent - 0.00691 (ms)
2026-07-02 01:05:56,656 [INFO] Pass: InverseCancellation - 0.02360 (ms)
2026-07-02 01:05:56,656 [INFO] Pass: ContractIdleWiresInControlFlow - 0.00215 (ms)
2026-07-02 01:05:56,656 [INFO] Pass: CommutativeCancellation - 0.07200 (ms)
2026-07-02 01:05:56,656 [INFO] Pass: ConsolidateBlocks - 0.04077 (ms)
2026-07-02 01:05:56,656 [INFO] Pass: Split2QUnitaries - 0.00334 (ms)
2026-07-02 01:05:56,656 [INFO] Pass: UnitarySynthesis - 0.00477 (ms)
2026-07-02 01:05:56,656 [INFO] Pass: HighLevelSynthesis - 0.02384 (ms)
2026-07-02 01:05:56,656 [INFO] Pass: BasisTranslator - 0.06509 (ms)
2026-07-02 01:05:56,656 [INFO] Pass: ConsolidateBlocks - 0.04792 (ms)
2026-07-02 01:05:56,656 [INFO] Pass: UnitarySynthesis - 0.00453 (ms)
2026-07-02 01:05:56,656 [INFO] Pass: Depth - 0.02170 (ms)
2026-07-02 01:05:56,656 [INFO] Pass: FixedPoint - 0.00453 (ms)
2026-07-02 01:05:56,657 [INFO] Pass: Size - 0.00358 (ms)
2026-07-02 01:05:56,657 [INFO] Pass: FixedPoint - 0.00310 (ms)
2026-07-02 01:05:56,657 [INFO] Pass: RemoveIdentityEquivalent - 0.00405 (ms)
2026-07-02 01:05:56,657 [INFO] Pass: Optimize1qGatesDecomposition - 0.16594 (ms)
2026-07-02 01:05:56,657 [INFO] Pass: CommutativeCancellation - 0.08869 (ms)
2026-07-02 01:05:56,657 [INFO] Pass: ContractIdleWiresInControlFlow - 0.00191 (ms)
2026-07-02 01:05:56,657 [INFO] Pass: GatesInBasis - 0.01979 (ms)
2026-07-02 01:05:56,657 [INFO] Pass: Depth - 0.01860 (ms)
2026-07-02 01:05:56,657 [INFO] Pass: FixedPoint - 0.00358 (ms)
2026-07-02 01:05:56,657 [INFO] Pass: Size - 0.00215 (ms)
2026-07-02 01:05:56,657 [INFO] Pass: FixedPoint - 0.00310 (ms)
2026-07-02 01:05:56,657 [INFO] Pass: ContainsInstruction - 0.00525 (ms)
2026-07-02 01:05:56,657 [INFO] Total Transpile Time - 89.59746 (ms)
2026-07-02 01:05:56,746 [INFO] Pass: ContainsInstruction - 0.01311 (ms)
2026-07-02 01:05:56,746 [INFO] Pass: UnitarySynthesis - 0.00882 (ms)
2026-07-02 01:05:56,747 [INFO] Pass: HighLevelSynthesis - 0.00596 (ms)
2026-07-02 01:05:56,747 [INFO] Pass: BasisTranslator - 0.07319 (ms)
2026-07-02 01:05:56,747 [INFO] Pass: ElidePermutations - 0.00548 (ms)
2026-07-02 01:05:56,747 [INFO] Pass: RemoveDiagonalGatesBeforeMeasure - 0.00644 (ms)
2026-07-02 01:05:56,747 [INFO] Pass: RemoveIdentityEquivalent - 0.00978 (ms)
2026-07-02 01:05:56,747 [INFO] Pass: InverseCancellation - 0.02432 (ms)
2026-07-02 01:05:56,747 [INFO] Pass: ContractIdleWiresInControlFlow - 0.00215 (ms)
2026-07-02 01:05:56,747 [INFO] Pass: CommutativeCancellation - 0.07463 (ms)
2026-07-02 01:05:56,747 [INFO] Pass: ConsolidateBlocks - 0.04601 (ms)
2026-07-02 01:05:56,747 [INFO] Pass: Split2QUnitaries - 0.00334 (ms)
2026-07-02 01:05:56,747 [INFO] Pass: UnitarySynthesis - 0.00572 (ms)
2026-07-02 01:05:56,747 [INFO] Pass: HighLevelSynthesis - 0.02623 (ms)
2026-07-02 01:05:56,747 [INFO] Pass: BasisTranslator - 0.06843 (ms)
2026-07-02 01:05:56,747 [INFO] Pass: ConsolidateBlocks - 0.05198 (ms)
2026-07-02 01:05:56,747 [INFO] Pass: UnitarySynthesis - 0.00477 (ms)
2026-07-02 01:05:56,747 [INFO] Pass: Depth - 0.02384 (ms)
2026-07-02 01:05:56,747 [INFO] Pass: FixedPoint - 0.00548 (ms)
2026-07-02 01:05:56,747 [INFO] Pass: Size - 0.00429 (ms)
2026-07-02 01:05:56,747 [INFO] Pass: FixedPoint - 0.00310 (ms)
2026-07-02 01:05:56,747 [INFO] Pass: RemoveIdentityEquivalent - 0.00572 (ms)
2026-07-02 01:05:56,748 [INFO] Pass: Optimize1qGatesDecomposition - 0.18358 (ms)
2026-07-02 01:05:56,748 [INFO] Pass: CommutativeCancellation - 0.08345 (ms)
2026-07-02 01:05:56,748 [INFO] Pass: ContractIdleWiresInControlFlow - 0.00191 (ms)
2026-07-02 01:05:56,748 [INFO] Pass: GatesInBasis - 0.02122 (ms)
2026-07-02 01:05:56,748 [INFO] Pass: Depth - 0.02122 (ms)
2026-07-02 01:05:56,748 [INFO] Pass: FixedPoint - 0.00381 (ms)
2026-07-02 01:05:56,748 [INFO] Pass: Size - 0.00215 (ms)
2026-07-02 01:05:56,748 [INFO] Pass: FixedPoint - 0.00262 (ms)
2026-07-02 01:05:56,748 [INFO] Pass: RemoveIdentityEquivalent - 0.00572 (ms)
2026-07-02 01:05:56,748 [INFO] Pass: Optimize1qGatesDecomposition - 0.14830 (ms)
2026-07-02 01:05:56,748 [INFO] Pass: CommutativeCancellation - 0.07200 (ms)
2026-07-02 01:05:56,748 [INFO] Pass: ContractIdleWiresInControlFlow - 0.00167 (ms)
2026-07-02 01:05:56,748 [INFO] Pass: GatesInBasis - 0.01717 (ms)
2026-07-02 01:05:56,748 [INFO] Pass: Depth - 0.01907 (ms)
2026-07-02 01:05:56,748 [INFO] Pass: FixedPoint - 0.00310 (ms)
2026-07-02 01:05:56,748 [INFO] Pass: Size - 0.00191 (ms)
2026-07-02 01:05:56,748 [INFO] Pass: FixedPoint - 0.00262 (ms)
2026-07-02 01:05:56,748 [INFO] Pass: ContainsInstruction - 0.00596 (ms)
2026-07-02 01:05:56,749 [INFO] Total Transpile Time - 90.90781 (ms)
2026-07-02 01:19:21,039 [INFO] Pass: ContainsInstruction - 0.01216 (ms)
2026-07-02 01:19:21,040 [INFO] Pass: UnitarySynthesis - 0.01192 (ms)
2026-07-02 01:19:21,040 [INFO] Pass: HighLevelSynthesis - 0.00644 (ms)
2026-07-02 01:19:21,040 [INFO] Pass: BasisTranslator - 0.07534 (ms)
2026-07-02 01:19:21,040 [INFO] Pass: ElidePermutations - 0.00620 (ms)
2026-07-02 01:19:21,040 [INFO] Pass: RemoveDiagonalGatesBeforeMeasure - 0.00763 (ms)
2026-07-02 01:19:21,040 [INFO] Pass: RemoveIdentityEquivalent - 0.00668 (ms)
2026-07-02 01:19:21,040 [INFO] Pass: InverseCancellation - 0.00572 (ms)
2026-07-02 01:19:21,040 [INFO] Pass: ContractIdleWiresInControlFlow - 0.00238 (ms)
2026-07-02 01:19:21,040 [INFO] Pass: CommutativeCancellation - 0.06390 (ms)
2026-07-02 01:19:21,040 [INFO] Pass: ConsolidateBlocks - 0.04554 (ms)
2026-07-02 01:19:21,040 [INFO] Pass: Split2QUnitaries - 0.00405 (ms)
2026-07-02 01:19:21,040 [INFO] Pass: UnitarySynthesis - 0.00572 (ms)
2026-07-02 01:19:21,040 [INFO] Pass: HighLevelSynthesis - 0.02289 (ms)
2026-07-02 01:19:21,040 [INFO] Pass: BasisTranslator - 0.07367 (ms)
2026-07-02 01:19:21,041 [INFO] Pass: ConsolidateBlocks - 0.05364 (ms)
2026-07-02 01:19:21,041 [INFO] Pass: UnitarySynthesis - 0.00453 (ms)
2026-07-02 01:19:21,041 [INFO] Pass: Depth - 0.02098 (ms)
2026-07-02 01:19:21,041 [INFO] Pass: FixedPoint - 0.00596 (ms)
2026-07-02 01:19:21,041 [INFO] Pass: Size - 0.00429 (ms)
2026-07-02 01:19:21,041 [INFO] Pass: FixedPoint - 0.00286 (ms)
2026-07-02 01:19:21,041 [INFO] Pass: RemoveIdentityEquivalent - 0.00405 (ms)
2026-07-02 01:19:21,041 [INFO] Pass: Optimize1qGatesDecomposition - 0.03695 (ms)
2026-07-02 01:19:21,041 [INFO] Pass: CommutativeCancellation - 0.08082 (ms)
2026-07-02 01:19:21,041 [INFO] Pass: ContractIdleWiresInControlFlow - 0.00191 (ms)
2026-07-02 01:19:21,041 [INFO] Pass: GatesInBasis - 0.01931 (ms)
2026-07-02 01:19:21,041 [INFO] Pass: Depth - 0.01764 (ms)
2026-07-02 01:19:21,041 [INFO] Pass: FixedPoint - 0.00358 (ms)
2026-07-02 01:19:21,041 [INFO] Pass: Size - 0.00215 (ms)
2026-07-02 01:19:21,041 [INFO] Pass: FixedPoint - 0.00238 (ms)
2026-07-02 01:19:21,041 [INFO] Pass: ContainsInstruction - 0.00596 (ms)
2026-07-02 01:19:21,041 [INFO] Total Transpile Time - 89.97297 (ms)
2026-07-02 01:19:21,129 [INFO] Pass: ContainsInstruction - 0.01216 (ms)
2026-07-02 01:19:21,129 [INFO] Pass: UnitarySynthesis - 0.00715 (ms)
2026-07-02 01:19:21,129 [INFO] Pass: HighLevelSynthesis - 0.00596 (ms)
2026-07-02 01:19:21,130 [INFO] Pass: BasisTranslator - 0.06580 (ms)
2026-07-02 01:19:21,130 [INFO] Pass: ElidePermutations - 0.00572 (ms)
2026-07-02 01:19:21,130 [INFO] Pass: RemoveDiagonalGatesBeforeMeasure - 0.00691 (ms)
2026-07-02 01:19:21,130 [INFO] Pass: RemoveIdentityEquivalent - 0.00787 (ms)
2026-07-02 01:19:21,130 [INFO] Pass: InverseCancellation - 0.02408 (ms)
2026-07-02 01:19:21,130 [INFO] Pass: ContractIdleWiresInControlFlow - 0.00215 (ms)
2026-07-02 01:19:21,130 [INFO] Pass: CommutativeCancellation - 0.07272 (ms)
2026-07-02 01:19:21,130 [INFO] Pass: ConsolidateBlocks - 0.04411 (ms)
2026-07-02 01:19:21,130 [INFO] Pass: Split2QUnitaries - 0.00334 (ms)
2026-07-02 01:19:21,130 [INFO] Pass: UnitarySynthesis - 0.00501 (ms)
2026-07-02 01:19:21,130 [INFO] Pass: HighLevelSynthesis - 0.02408 (ms)
2026-07-02 01:19:21,130 [INFO] Pass: BasisTranslator - 0.06771 (ms)
2026-07-02 01:19:21,130 [INFO] Pass: ConsolidateBlocks - 0.04983 (ms)
2026-07-02 01:19:21,130 [INFO] Pass: UnitarySynthesis - 0.00477 (ms)
2026-07-02 01:19:21,130 [INFO] Pass: Depth - 0.02122 (ms)
2026-07-02 01:19:21,130 [INFO] Pass: FixedPoint - 0.00477 (ms)
2026-07-02 01:19:21,130 [INFO] Pass: Size - 0.00358 (ms)
2026-07-02 01:19:21,130 [INFO] Pass: FixedPoint - 0.00286 (ms)
2026-07-02 01:19:21,130 [INFO] Pass: RemoveIdentityEquivalent - 0.00525 (ms)
2026-07-02 01:19:21,131 [INFO] Pass: Optimize1qGatesDecomposition - 0.17309 (ms)
2026-07-02 01:19:21,131 [INFO] Pass: CommutativeCancellation - 0.09418 (ms)
2026-07-02 01:19:21,131 [INFO] Pass: ContractIdleWiresInControlFlow - 0.00215 (ms)
2026-07-02 01:19:21,131 [INFO] Pass: GatesInBasis - 0.02098 (ms)
2026-07-02 01:19:21,131 [INFO] Pass: Depth - 0.01788 (ms)
2026-07-02 01:19:21,131 [INFO] Pass: FixedPoint - 0.00358 (ms)
2026-07-02 01:19:21,131 [INFO] Pass: Size - 0.00215 (ms)
2026-07-02 01:19:21,131 [INFO] Pass: FixedPoint - 0.00310 (ms)
2026-07-02 01:19:21,131 [INFO] Pass: ContainsInstruction - 0.00525 (ms)
2026-07-02 01:19:21,131 [INFO] Total Transpile Time - 89.11324 (ms)
2026-07-02 01:19:21,219 [INFO] Pass: ContainsInstruction - 0.01359 (ms)
2026-07-02 01:19:21,219 [INFO] Pass: UnitarySynthesis - 0.00811 (ms)
2026-07-02 01:19:21,219 [INFO] Pass: HighLevelSynthesis - 0.00763 (ms)
2026-07-02 01:19:21,220 [INFO] Pass: BasisTranslator - 0.07463 (ms)
2026-07-02 01:19:21,220 [INFO] Pass: ElidePermutations - 0.00477 (ms)
2026-07-02 01:19:21,220 [INFO] Pass: RemoveDiagonalGatesBeforeMeasure - 0.00668 (ms)
2026-07-02 01:19:21,220 [INFO] Pass: RemoveIdentityEquivalent - 0.00954 (ms)
2026-07-02 01:19:21,220 [INFO] Pass: InverseCancellation - 0.02551 (ms)
2026-07-02 01:19:21,220 [INFO] Pass: ContractIdleWiresInControlFlow - 0.00238 (ms)
2026-07-02 01:19:21,220 [INFO] Pass: CommutativeCancellation - 0.07343 (ms)
2026-07-02 01:19:21,220 [INFO] Pass: ConsolidateBlocks - 0.04554 (ms)
2026-07-02 01:19:21,220 [INFO] Pass: Split2QUnitaries - 0.00334 (ms)
2026-07-02 01:19:21,220 [INFO] Pass: UnitarySynthesis - 0.00525 (ms)
2026-07-02 01:19:21,220 [INFO] Pass: HighLevelSynthesis - 0.02718 (ms)
2026-07-02 01:19:21,220 [INFO] Pass: BasisTranslator - 0.06914 (ms)
2026-07-02 01:19:21,220 [INFO] Pass: ConsolidateBlocks - 0.04959 (ms)
2026-07-02 01:19:21,220 [INFO] Pass: UnitarySynthesis - 0.00525 (ms)
2026-07-02 01:19:21,220 [INFO] Pass: Depth - 0.02408 (ms)
2026-07-02 01:19:21,220 [INFO] Pass: FixedPoint - 0.00572 (ms)
2026-07-02 01:19:21,220 [INFO] Pass: Size - 0.00381 (ms)
2026-07-02 01:19:21,220 [INFO] Pass: FixedPoint - 0.00310 (ms)
2026-07-02 01:19:21,220 [INFO] Pass: RemoveIdentityEquivalent - 0.00548 (ms)
2026-07-02 01:19:21,221 [INFO] Pass: Optimize1qGatesDecomposition - 0.18024 (ms)
2026-07-02 01:19:21,221 [INFO] Pass: CommutativeCancellation - 0.08607 (ms)
2026-07-02 01:19:21,221 [INFO] Pass: ContractIdleWiresInControlFlow - 0.00215 (ms)
2026-07-02 01:19:21,221 [INFO] Pass: GatesInBasis - 0.02170 (ms)
2026-07-02 01:19:21,221 [INFO] Pass: Depth - 0.02289 (ms)
2026-07-02 01:19:21,221 [INFO] Pass: FixedPoint - 0.00405 (ms)
2026-07-02 01:19:21,221 [INFO] Pass: Size - 0.00310 (ms)
2026-07-02 01:19:21,221 [INFO] Pass: FixedPoint - 0.00310 (ms)
2026-07-02 01:19:21,221 [INFO] Pass: RemoveIdentityEquivalent - 0.00477 (ms)
2026-07-02 01:19:21,221 [INFO] Pass: Optimize1qGatesDecomposition - 0.13733 (ms)
2026-07-02 01:19:21,221 [INFO] Pass: CommutativeCancellation - 0.07319 (ms)
2026-07-02 01:19:21,221 [INFO] Pass: ContractIdleWiresInControlFlow - 0.00167 (ms)
2026-07-02 01:19:21,221 [INFO] Pass: GatesInBasis - 0.01764 (ms)
2026-07-02 01:19:21,221 [INFO] Pass: Depth - 0.02098 (ms)
2026-07-02 01:19:21,221 [INFO] Pass: FixedPoint - 0.00358 (ms)
2026-07-02 01:19:21,221 [INFO] Pass: Size - 0.00238 (ms)
2026-07-02 01:19:21,221 [INFO] Pass: FixedPoint - 0.00262 (ms)
2026-07-02 01:19:21,221 [INFO] Pass: ContainsInstruction - 0.00620 (ms)
2026-07-02 01:19:21,222 [INFO] Total Transpile Time - 90.02352 (ms)
2026-07-02 01:32:46,757 [INFO] Pass: ContainsInstruction - 0.01335 (ms)
2026-07-02 01:32:46,757 [INFO] Pass: UnitarySynthesis - 0.01121 (ms)
2026-07-02 01:32:46,757 [INFO] Pass: HighLevelSynthesis - 0.00691 (ms)
2026-07-02 01:32:46,757 [INFO] Pass: BasisTranslator - 0.07415 (ms)
2026-07-02 01:32:46,757 [INFO] Pass: ElidePermutations - 0.00572 (ms)
2026-07-02 01:32:46,757 [INFO] Pass: RemoveDiagonalGatesBeforeMeasure - 0.00763 (ms)
2026-07-02 01:32:46,757 [INFO] Pass: RemoveIdentityEquivalent - 0.00644 (ms)
2026-07-02 01:32:46,757 [INFO] Pass: InverseCancellation - 0.00525 (ms)
2026-07-02 01:32:46,757 [INFO] Pass: ContractIdleWiresInControlFlow - 0.00238 (ms)
2026-07-02 01:32:46,757 [INFO] Pass: CommutativeCancellation - 0.07248 (ms)
2026-07-02 01:32:46,758 [INFO] Pass: ConsolidateBlocks - 0.04601 (ms)
2026-07-02 01:32:46,758 [INFO] Pass: Split2QUnitaries - 0.00381 (ms)
2026-07-02 01:32:46,758 [INFO] Pass: UnitarySynthesis - 0.00548 (ms)
2026-07-02 01:32:46,758 [INFO] Pass: HighLevelSynthesis - 0.02456 (ms)
2026-07-02 01:32:46,758 [INFO] Pass: BasisTranslator - 0.06628 (ms)
2026-07-02 01:32:46,758 [INFO] Pass: ConsolidateBlocks - 0.05007 (ms)
2026-07-02 01:32:46,758 [INFO] Pass: UnitarySynthesis - 0.00453 (ms)
2026-07-02 01:32:46,758 [INFO] Pass: Depth - 0.01979 (ms)
2026-07-02 01:32:46,758 [INFO] Pass: FixedPoint - 0.00596 (ms)
2026-07-02 01:32:46,758 [INFO] Pass: Size - 0.00334 (ms)
2026-07-02 01:32:46,758 [INFO] Pass: FixedPoint - 0.00286 (ms)
2026-07-02 01:32:46,758 [INFO] Pass: RemoveIdentityEquivalent - 0.00334 (ms)
2026-07-02 01:32:46,758 [INFO] Pass: Optimize1qGatesDecomposition - 0.03552 (ms)
2026-07-02 01:32:46,758 [INFO] Pass: CommutativeCancellation - 0.07606 (ms)
2026-07-02 01:32:46,758 [INFO] Pass: ContractIdleWiresInControlFlow - 0.00238 (ms)
2026-07-02 01:32:46,758 [INFO] Pass: GatesInBasis - 0.01979 (ms)
2026-07-02 01:32:46,758 [INFO] Pass: Depth - 0.01526 (ms)
2026-07-02 01:32:46,758 [INFO] Pass: FixedPoint - 0.00381 (ms)
2026-07-02 01:32:46,758 [INFO] Pass: Size - 0.00215 (ms)
2026-07-02 01:32:46,758 [INFO] Pass: FixedPoint - 0.00286 (ms)
2026-07-02 01:32:46,758 [INFO] Pass: ContainsInstruction - 0.00596 (ms)
2026-07-02 01:32:46,759 [INFO] Total Transpile Time - 89.70475 (ms)
2026-07-02 01:32:46,847 [INFO] Pass: ContainsInstruction - 0.01216 (ms)
2026-07-02 01:32:46,847 [INFO] Pass: UnitarySynthesis - 0.00763 (ms)
2026-07-02 01:32:46,847 [INFO] Pass: HighLevelSynthesis - 0.00620 (ms)
2026-07-02 01:32:46,847 [INFO] Pass: BasisTranslator - 0.07153 (ms)
2026-07-02 01:32:46,847 [INFO] Pass: ElidePermutations - 0.00572 (ms)
2026-07-02 01:32:46,847 [INFO] Pass: RemoveDiagonalGatesBeforeMeasure - 0.00644 (ms)
2026-07-02 01:32:46,848 [INFO] Pass: RemoveIdentityEquivalent - 0.00811 (ms)
2026-07-02 01:32:46,848 [INFO] Pass: InverseCancellation - 0.02551 (ms)
2026-07-02 01:32:46,848 [INFO] Pass: ContractIdleWiresInControlFlow - 0.00191 (ms)
2026-07-02 01:32:46,848 [INFO] Pass: CommutativeCancellation - 0.07272 (ms)
2026-07-02 01:32:46,848 [INFO] Pass: ConsolidateBlocks - 0.04363 (ms)
2026-07-02 01:32:46,848 [INFO] Pass: Split2QUnitaries - 0.00381 (ms)
2026-07-02 01:32:46,848 [INFO] Pass: UnitarySynthesis - 0.00501 (ms)
2026-07-02 01:32:46,848 [INFO] Pass: HighLevelSynthesis - 0.02432 (ms)
2026-07-02 01:32:46,848 [INFO] Pass: BasisTranslator - 0.06700 (ms)
2026-07-02 01:32:46,848 [INFO] Pass: ConsolidateBlocks - 0.04935 (ms)
2026-07-02 01:32:46,848 [INFO] Pass: UnitarySynthesis - 0.00429 (ms)
2026-07-02 01:32:46,848 [INFO] Pass: Depth - 0.02217 (ms)
2026-07-02 01:32:46,848 [INFO] Pass: FixedPoint - 0.00501 (ms)
2026-07-02 01:32:46,848 [INFO] Pass: Size - 0.00405 (ms)
2026-07-02 01:32:46,848 [INFO] Pass: FixedPoint - 0.00262 (ms)
2026-07-02 01:32:46,848 [INFO] Pass: RemoveIdentityEquivalent - 0.00453 (ms)
2026-07-02 01:32:46,848 [INFO] Pass: Optimize1qGatesDecomposition - 0.17238 (ms)
2026-07-02 01:32:46,849 [INFO] Pass: CommutativeCancellation - 0.09012 (ms)
2026-07-02 01:32:46,849 [INFO] Pass: ContractIdleWiresInControlFlow - 0.00215 (ms)
2026-07-02 01:32:46,849 [INFO] Pass: GatesInBasis - 0.02170 (ms)
2026-07-02 01:32:46,849 [INFO] Pass: Depth - 0.02074 (ms)
2026-07-02 01:32:46,849 [INFO] Pass: FixedPoint - 0.00405 (ms)
2026-07-02 01:32:46,849 [INFO] Pass: Size - 0.00262 (ms)
2026-07-02 01:32:46,849 [INFO] Pass: FixedPoint - 0.00286 (ms)
2026-07-02 01:32:46,849 [INFO] Pass: ContainsInstruction - 0.00620 (ms)
2026-07-02 01:32:46,849 [INFO] Total Transpile Time - 89.71310 (ms)
2026-07-02 01:32:46,937 [INFO] Pass: ContainsInstruction - 0.01192 (ms)
2026-07-02 01:32:46,937 [INFO] Pass: UnitarySynthesis - 0.00739 (ms)
2026-07-02 01:32:46,937 [INFO] Pass: HighLevelSynthesis - 0.00572 (ms)
2026-07-02 01:32:46,937 [INFO] Pass: BasisTranslator - 0.07010 (ms)
2026-07-02 01:32:46,937 [INFO] Pass: ElidePermutations - 0.00501 (ms)
2026-07-02 01:32:46,937 [INFO] Pass: RemoveDiagonalGatesBeforeMeasure - 0.00668 (ms)
2026-07-02 01:32:46,937 [INFO] Pass: RemoveIdentityEquivalent - 0.00858 (ms)
2026-07-02 01:32:46,937 [INFO] Pass: InverseCancellation - 0.02456 (ms)
2026-07-02 01:32:46,937 [INFO] Pass: ContractIdleWiresInControlFlow - 0.00215 (ms)
2026-07-02 01:32:46,937 [INFO] Pass: CommutativeCancellation - 0.07081 (ms)
2026-07-02 01:32:46,937 [INFO] Pass: ConsolidateBlocks - 0.04387 (ms)
2026-07-02 01:32:46,937 [INFO] Pass: Split2QUnitaries - 0.00405 (ms)
2026-07-02 01:32:46,937 [INFO] Pass: UnitarySynthesis - 0.00572 (ms)
2026-07-02 01:32:46,937 [INFO] Pass: HighLevelSynthesis - 0.02646 (ms)
2026-07-02 01:32:46,937 [INFO] Pass: BasisTranslator - 0.06890 (ms)
2026-07-02 01:32:46,937 [INFO] Pass: ConsolidateBlocks - 0.05722 (ms)
2026-07-02 01:32:46,937 [INFO] Pass: UnitarySynthesis - 0.00501 (ms)
2026-07-02 01:32:46,938 [INFO] Pass: Depth - 0.02265 (ms)
2026-07-02 01:32:46,938 [INFO] Pass: FixedPoint - 0.00548 (ms)
2026-07-02 01:32:46,938 [INFO] Pass: Size - 0.00405 (ms)
2026-07-02 01:32:46,938 [INFO] Pass: FixedPoint - 0.00286 (ms)
2026-07-02 01:32:46,938 [INFO] Pass: RemoveIdentityEquivalent - 0.00620 (ms)
2026-07-02 01:32:46,938 [INFO] Pass: Optimize1qGatesDecomposition - 0.17619 (ms)
2026-07-02 01:32:46,938 [INFO] Pass: CommutativeCancellation - 0.08011 (ms)
2026-07-02 01:32:46,938 [INFO] Pass: ContractIdleWiresInControlFlow - 0.00215 (ms)
2026-07-02 01:32:46,938 [INFO] Pass: GatesInBasis - 0.02003 (ms)
2026-07-02 01:32:46,938 [INFO] Pass: Depth - 0.01955 (ms)
2026-07-02 01:32:46,938 [INFO] Pass: FixedPoint - 0.00381 (ms)
2026-07-02 01:32:46,938 [INFO] Pass: Size - 0.00238 (ms)
2026-07-02 01:32:46,938 [INFO] Pass: FixedPoint - 0.00286 (ms)
2026-07-02 01:32:46,938 [INFO] Pass: RemoveIdentityEquivalent - 0.00525 (ms)
2026-07-02 01:32:46,938 [INFO] Pass: Optimize1qGatesDecomposition - 0.14019 (ms)
2026-07-02 01:32:46,938 [INFO] Pass: CommutativeCancellation - 0.07272 (ms)
2026-07-02 01:32:46,938 [INFO] Pass: ContractIdleWiresInControlFlow - 0.00215 (ms)
2026-07-02 01:32:46,939 [INFO] Pass: GatesInBasis - 0.01717 (ms)
2026-07-02 01:32:46,939 [INFO] Pass: Depth - 0.01645 (ms)
2026-07-02 01:32:46,939 [INFO] Pass: FixedPoint - 0.00286 (ms)
2026-07-02 01:32:46,939 [INFO] Pass: Size - 0.00167 (ms)
2026-07-02 01:32:46,939 [INFO] Pass: FixedPoint - 0.00262 (ms)
2026-07-02 01:32:46,939 [INFO] Pass: ContainsInstruction - 0.00572 (ms)
2026-07-02 01:32:46,939 [INFO] Total Transpile Time - 89.30349 (ms)
2026-07-02 01:46:10,699 [INFO] Pass: ContainsInstruction - 0.01287 (ms)
2026-07-02 01:46:10,700 [INFO] Pass: UnitarySynthesis - 0.01049 (ms)
2026-07-02 01:46:10,700 [INFO] Pass: HighLevelSynthesis - 0.00691 (ms)
2026-07-02 01:46:10,700 [INFO] Pass: BasisTranslator - 0.07105 (ms)
2026-07-02 01:46:10,700 [INFO] Pass: ElidePermutations - 0.00691 (ms)
2026-07-02 01:46:10,700 [INFO] Pass: RemoveDiagonalGatesBeforeMeasure - 0.00691 (ms)
2026-07-02 01:46:10,700 [INFO] Pass: RemoveIdentityEquivalent - 0.00525 (ms)
2026-07-02 01:46:10,700 [INFO] Pass: InverseCancellation - 0.00572 (ms)
2026-07-02 01:46:10,700 [INFO] Pass: ContractIdleWiresInControlFlow - 0.00191 (ms)
2026-07-02 01:46:10,700 [INFO] Pass: CommutativeCancellation - 0.06795 (ms)
2026-07-02 01:46:10,700 [INFO] Pass: ConsolidateBlocks - 0.04435 (ms)
2026-07-02 01:46:10,700 [INFO] Pass: Split2QUnitaries - 0.00358 (ms)
2026-07-02 01:46:10,700 [INFO] Pass: UnitarySynthesis - 0.00572 (ms)
2026-07-02 01:46:10,700 [INFO] Pass: HighLevelSynthesis - 0.02241 (ms)
2026-07-02 01:46:10,700 [INFO] Pass: BasisTranslator - 0.06843 (ms)
2026-07-02 01:46:10,700 [INFO] Pass: ConsolidateBlocks - 0.05102 (ms)
2026-07-02 01:46:10,700 [INFO] Pass: UnitarySynthesis - 0.00548 (ms)
2026-07-02 01:46:10,700 [INFO] Pass: Depth - 0.01979 (ms)
2026-07-02 01:46:10,700 [INFO] Pass: FixedPoint - 0.00501 (ms)
2026-07-02 01:46:10,700 [INFO] Pass: Size - 0.00429 (ms)
2026-07-02 01:46:10,700 [INFO] Pass: FixedPoint - 0.00310 (ms)
2026-07-02 01:46:10,701 [INFO] Pass: RemoveIdentityEquivalent - 0.00358 (ms)
2026-07-02 01:46:10,701 [INFO] Pass: Optimize1qGatesDecomposition - 0.03481 (ms)
2026-07-02 01:46:10,701 [INFO] Pass: CommutativeCancellation - 0.08035 (ms)
2026-07-02 01:46:10,701 [INFO] Pass: ContractIdleWiresInControlFlow - 0.00167 (ms)
2026-07-02 01:46:10,701 [INFO] Pass: GatesInBasis - 0.01979 (ms)
2026-07-02 01:46:10,701 [INFO] Pass: Depth - 0.01693 (ms)
2026-07-02 01:46:10,701 [INFO] Pass: FixedPoint - 0.00405 (ms)
2026-07-02 01:46:10,701 [INFO] Pass: Size - 0.00215 (ms)
2026-07-02 01:46:10,701 [INFO] Pass: FixedPoint - 0.00286 (ms)
2026-07-02 01:46:10,701 [INFO] Pass: ContainsInstruction - 0.00501 (ms)
2026-07-02 01:46:10,701 [INFO] Total Transpile Time - 96.52090 (ms)
2026-07-02 01:46:10,791 [INFO] Pass: ContainsInstruction - 0.01216 (ms)
2026-07-02 01:46:10,792 [INFO] Pass: UnitarySynthesis - 0.00811 (ms)
2026-07-02 01:46:10,792 [INFO] Pass: HighLevelSynthesis - 0.00644 (ms)
2026-07-02 01:46:10,792 [INFO] Pass: BasisTranslator - 0.07629 (ms)
2026-07-02 01:46:10,792 [INFO] Pass: ElidePermutations - 0.00572 (ms)
2026-07-02 01:46:10,792 [INFO] Pass: RemoveDiagonalGatesBeforeMeasure - 0.00620 (ms)
2026-07-02 01:46:10,792 [INFO] Pass: RemoveIdentityEquivalent - 0.00858 (ms)
2026-07-02 01:46:10,792 [INFO] Pass: InverseCancellation - 0.02670 (ms)
2026-07-02 01:46:10,792 [INFO] Pass: ContractIdleWiresInControlFlow - 0.00191 (ms)
2026-07-02 01:46:10,792 [INFO] Pass: CommutativeCancellation - 0.07987 (ms)
2026-07-02 01:46:10,792 [INFO] Pass: ConsolidateBlocks - 0.04530 (ms)
2026-07-02 01:46:10,792 [INFO] Pass: Split2QUnitaries - 0.00358 (ms)
2026-07-02 01:46:10,792 [INFO] Pass: UnitarySynthesis - 0.00620 (ms)
2026-07-02 01:46:10,792 [INFO] Pass: HighLevelSynthesis - 0.02432 (ms)
2026-07-02 01:46:10,792 [INFO] Pass: BasisTranslator - 0.06962 (ms)
2026-07-02 01:46:10,792 [INFO] Pass: ConsolidateBlocks - 0.05412 (ms)
2026-07-02 01:46:10,792 [INFO] Pass: UnitarySynthesis - 0.00453 (ms)
2026-07-02 01:46:10,792 [INFO] Pass: Depth - 0.02241 (ms)
2026-07-02 01:46:10,792 [INFO] Pass: FixedPoint - 0.00572 (ms)
2026-07-02 01:46:10,792 [INFO] Pass: Size - 0.00453 (ms)
2026-07-02 01:46:10,793 [INFO] Pass: FixedPoint - 0.00310 (ms)
2026-07-02 01:46:10,793 [INFO] Pass: RemoveIdentityEquivalent - 0.00572 (ms)
2026-07-02 01:46:10,793 [INFO] Pass: Optimize1qGatesDecomposition - 0.17762 (ms)
2026-07-02 01:46:10,793 [INFO] Pass: CommutativeCancellation - 0.09537 (ms)
2026-07-02 01:46:10,793 [INFO] Pass: ContractIdleWiresInControlFlow - 0.00238 (ms)
2026-07-02 01:46:10,793 [INFO] Pass: GatesInBasis - 0.02217 (ms)
2026-07-02 01:46:10,793 [INFO] Pass: Depth - 0.01955 (ms)
2026-07-02 01:46:10,793 [INFO] Pass: FixedPoint - 0.00405 (ms)
2026-07-02 01:46:10,793 [INFO] Pass: Size - 0.00238 (ms)
2026-07-02 01:46:10,793 [INFO] Pass: FixedPoint - 0.00286 (ms)
2026-07-02 01:46:10,793 [INFO] Pass: ContainsInstruction - 0.00548 (ms)
2026-07-02 01:46:10,793 [INFO] Total Transpile Time - 91.61878 (ms)
2026-07-02 01:46:10,884 [INFO] Pass: ContainsInstruction - 0.01335 (ms)
2026-07-02 01:46:10,884 [INFO] Pass: UnitarySynthesis - 0.00787 (ms)
2026-07-02 01:46:10,884 [INFO] Pass: HighLevelSynthesis - 0.00668 (ms)
2026-07-02 01:46:10,885 [INFO] Pass: BasisTranslator - 0.06938 (ms)
2026-07-02 01:46:10,885 [INFO] Pass: ElidePermutations - 0.00477 (ms)
2026-07-02 01:46:10,885 [INFO] Pass: RemoveDiagonalGatesBeforeMeasure - 0.00739 (ms)
2026-07-02 01:46:10,885 [INFO] Pass: RemoveIdentityEquivalent - 0.00930 (ms)
2026-07-02 01:46:10,885 [INFO] Pass: InverseCancellation - 0.02575 (ms)
2026-07-02 01:46:10,885 [INFO] Pass: ContractIdleWiresInControlFlow - 0.00215 (ms)
2026-07-02 01:46:10,885 [INFO] Pass: CommutativeCancellation - 0.07200 (ms)
2026-07-02 01:46:10,885 [INFO] Pass: ConsolidateBlocks - 0.04458 (ms)
2026-07-02 01:46:10,885 [INFO] Pass: Split2QUnitaries - 0.00334 (ms)
2026-07-02 01:46:10,885 [INFO] Pass: UnitarySynthesis - 0.00525 (ms)
2026-07-02 01:46:10,885 [INFO] Pass: HighLevelSynthesis - 0.02646 (ms)
2026-07-02 01:46:10,885 [INFO] Pass: BasisTranslator - 0.06819 (ms)
2026-07-02 01:46:10,885 [INFO] Pass: ConsolidateBlocks - 0.05293 (ms)
2026-07-02 01:46:10,885 [INFO] Pass: UnitarySynthesis - 0.00501 (ms)
2026-07-02 01:46:10,885 [INFO] Pass: Depth - 0.02408 (ms)
2026-07-02 01:46:10,885 [INFO] Pass: FixedPoint - 0.00477 (ms)
2026-07-02 01:46:10,885 [INFO] Pass: Size - 0.00405 (ms)
2026-07-02 01:46:10,885 [INFO] Pass: FixedPoint - 0.00286 (ms)
2026-07-02 01:46:10,885 [INFO] Pass: RemoveIdentityEquivalent - 0.00548 (ms)
2026-07-02 01:46:10,886 [INFO] Pass: Optimize1qGatesDecomposition - 0.19312 (ms)
2026-07-02 01:46:10,886 [INFO] Pass: CommutativeCancellation - 0.08321 (ms)
2026-07-02 01:46:10,886 [INFO] Pass: ContractIdleWiresInControlFlow - 0.00191 (ms)
2026-07-02 01:46:10,886 [INFO] Pass: GatesInBasis - 0.02027 (ms)
2026-07-02 01:46:10,886 [INFO] Pass: Depth - 0.02003 (ms)
2026-07-02 01:46:10,886 [INFO] Pass: FixedPoint - 0.00381 (ms)
2026-07-02 01:46:10,886 [INFO] Pass: Size - 0.00286 (ms)
2026-07-02 01:46:10,886 [INFO] Pass: FixedPoint - 0.00286 (ms)
2026-07-02 01:46:10,886 [INFO] Pass: RemoveIdentityEquivalent - 0.00548 (ms)
2026-07-02 01:46:10,886 [INFO] Pass: Optimize1qGatesDecomposition - 0.15116 (ms)
2026-07-02 01:46:10,886 [INFO] Pass: CommutativeCancellation - 0.07200 (ms)
2026-07-02 01:46:10,886 [INFO] Pass: ContractIdleWiresInControlFlow - 0.00191 (ms)
2026-07-02 01:46:10,886 [INFO] Pass: GatesInBasis - 0.01788 (ms)
2026-07-02 01:46:10,886 [INFO] Pass: Depth - 0.01764 (ms)
2026-07-02 01:46:10,886 [INFO] Pass: FixedPoint - 0.00334 (ms)
2026-07-02 01:46:10,886 [INFO] Pass: Size - 0.00191 (ms)
2026-07-02 01:46:10,886 [INFO] Pass: FixedPoint - 0.00262 (ms)
2026-07-02 01:46:10,886 [INFO] Pass: ContainsInstruction - 0.00644 (ms)
2026-07-02 01:46:10,887 [INFO] Total Transpile Time - 92.64207 (ms)
2026-07-02 01:59:38,947 [INFO] Pass: ContainsInstruction - 0.01192 (ms)
2026-07-02 01:59:38,948 [INFO] Pass: UnitarySynthesis - 0.00954 (ms)
2026-07-02 01:59:38,948 [INFO] Pass: HighLevelSynthesis - 0.00691 (ms)
2026-07-02 01:59:38,948 [INFO] Pass: BasisTranslator - 0.07153 (ms)
2026-07-02 01:59:38,948 [INFO] Pass: ElidePermutations - 0.00477 (ms)
2026-07-02 01:59:38,948 [INFO] Pass: RemoveDiagonalGatesBeforeMeasure - 0.00739 (ms)
2026-07-02 01:59:38,948 [INFO] Pass: RemoveIdentityEquivalent - 0.00668 (ms)
2026-07-02 01:59:38,948 [INFO] Pass: InverseCancellation - 0.00525 (ms)
2026-07-02 01:59:38,948 [INFO] Pass: ContractIdleWiresInControlFlow - 0.00286 (ms)
2026-07-02 01:59:38,948 [INFO] Pass: CommutativeCancellation - 0.06461 (ms)
2026-07-02 01:59:38,948 [INFO] Pass: ConsolidateBlocks - 0.04458 (ms)
2026-07-02 01:59:38,948 [INFO] Pass: Split2QUnitaries - 0.00310 (ms)
2026-07-02 01:59:38,948 [INFO] Pass: UnitarySynthesis - 0.00548 (ms)
2026-07-02 01:59:38,948 [INFO] Pass: HighLevelSynthesis - 0.02289 (ms)
2026-07-02 01:59:38,948 [INFO] Pass: BasisTranslator - 0.06723 (ms)
2026-07-02 01:59:38,948 [INFO] Pass: ConsolidateBlocks - 0.04959 (ms)
2026-07-02 01:59:38,948 [INFO] Pass: UnitarySynthesis - 0.00453 (ms)
2026-07-02 01:59:38,948 [INFO] Pass: Depth - 0.01907 (ms)
2026-07-02 01:59:38,948 [INFO] Pass: FixedPoint - 0.00525 (ms)
2026-07-02 01:59:38,948 [INFO] Pass: Size - 0.00381 (ms)
2026-07-02 01:59:38,948 [INFO] Pass: FixedPoint - 0.00286 (ms)
2026-07-02 01:59:38,948 [INFO] Pass: RemoveIdentityEquivalent - 0.00310 (ms)
2026-07-02 01:59:38,948 [INFO] Pass: Optimize1qGatesDecomposition - 0.03481 (ms)
2026-07-02 01:59:38,949 [INFO] Pass: CommutativeCancellation - 0.08011 (ms)
2026-07-02 01:59:38,949 [INFO] Pass: ContractIdleWiresInControlFlow - 0.00215 (ms)
2026-07-02 01:59:38,949 [INFO] Pass: GatesInBasis - 0.02074 (ms)
2026-07-02 01:59:38,949 [INFO] Pass: Depth - 0.01717 (ms)
2026-07-02 01:59:38,949 [INFO] Pass: FixedPoint - 0.00358 (ms)
2026-07-02 01:59:38,949 [INFO] Pass: Size - 0.00286 (ms)
2026-07-02 01:59:38,949 [INFO] Pass: FixedPoint - 0.00286 (ms)
2026-07-02 01:59:38,949 [INFO] Pass: ContainsInstruction - 0.00548 (ms)
2026-07-02 01:59:38,949 [INFO] Total Transpile Time - 94.18035 (ms)
2026-07-02 01:59:39,038 [INFO] Pass: ContainsInstruction - 0.01311 (ms)
2026-07-02 01:59:39,038 [INFO] Pass: UnitarySynthesis - 0.00739 (ms)
2026-07-02 01:59:39,038 [INFO] Pass: HighLevelSynthesis - 0.00620 (ms)
2026-07-02 01:59:39,038 [INFO] Pass: BasisTranslator - 0.07391 (ms)
2026-07-02 01:59:39,038 [INFO] Pass: ElidePermutations - 0.00525 (ms)
2026-07-02 01:59:39,038 [INFO] Pass: RemoveDiagonalGatesBeforeMeasure - 0.00691 (ms)
2026-07-02 01:59:39,038 [INFO] Pass: RemoveIdentityEquivalent - 0.00882 (ms)
2026-07-02 01:59:39,038 [INFO] Pass: InverseCancellation - 0.02360 (ms)
2026-07-02 01:59:39,038 [INFO] Pass: ContractIdleWiresInControlFlow - 0.00238 (ms)
2026-07-02 01:59:39,038 [INFO] Pass: CommutativeCancellation - 0.07486 (ms)
2026-07-02 01:59:39,038 [INFO] Pass: ConsolidateBlocks - 0.04530 (ms)
2026-07-02 01:59:39,038 [INFO] Pass: Split2QUnitaries - 0.00334 (ms)
2026-07-02 01:59:39,038 [INFO] Pass: UnitarySynthesis - 0.00572 (ms)
2026-07-02 01:59:39,038 [INFO] Pass: HighLevelSynthesis - 0.03314 (ms)
2026-07-02 01:59:39,039 [INFO] Pass: BasisTranslator - 0.07057 (ms)
2026-07-02 01:59:39,039 [INFO] Pass: ConsolidateBlocks - 0.05507 (ms)
2026-07-02 01:59:39,039 [INFO] Pass: UnitarySynthesis - 0.00429 (ms)
2026-07-02 01:59:39,039 [INFO] Pass: Depth - 0.02384 (ms)
2026-07-02 01:59:39,039 [INFO] Pass: FixedPoint - 0.00596 (ms)
2026-07-02 01:59:39,039 [INFO] Pass: Size - 0.00405 (ms)
2026-07-02 01:59:39,039 [INFO] Pass: FixedPoint - 0.00310 (ms)
2026-07-02 01:59:39,039 [INFO] Pass: RemoveIdentityEquivalent - 0.00548 (ms)
2026-07-02 01:59:39,039 [INFO] Pass: Optimize1qGatesDecomposition - 0.17977 (ms)
2026-07-02 01:59:39,039 [INFO] Pass: CommutativeCancellation - 0.09370 (ms)
2026-07-02 01:59:39,039 [INFO] Pass: ContractIdleWiresInControlFlow - 0.00191 (ms)
2026-07-02 01:59:39,039 [INFO] Pass: GatesInBasis - 0.02074 (ms)
2026-07-02 01:59:39,039 [INFO] Pass: Depth - 0.02027 (ms)
2026-07-02 01:59:39,039 [INFO] Pass: FixedPoint - 0.00381 (ms)
2026-07-02 01:59:39,039 [INFO] Pass: Size - 0.00215 (ms)
2026-07-02 01:59:39,039 [INFO] Pass: FixedPoint - 0.00286 (ms)
2026-07-02 01:59:39,039 [INFO] Pass: ContainsInstruction - 0.00548 (ms)
2026-07-02 01:59:39,040 [INFO] Total Transpile Time - 89.91838 (ms)
2026-07-02 01:59:39,133 [INFO] Pass: ContainsInstruction - 0.01311 (ms)
2026-07-02 01:59:39,133 [INFO] Pass: UnitarySynthesis - 0.00834 (ms)
2026-07-02 01:59:39,133 [INFO] Pass: HighLevelSynthesis - 0.00668 (ms)
2026-07-02 01:59:39,133 [INFO] Pass: BasisTranslator - 0.07153 (ms)
2026-07-02 01:59:39,133 [INFO] Pass: ElidePermutations - 0.00525 (ms)
2026-07-02 01:59:39,133 [INFO] Pass: RemoveDiagonalGatesBeforeMeasure - 0.00715 (ms)
2026-07-02 01:59:39,133 [INFO] Pass: RemoveIdentityEquivalent - 0.00930 (ms)
2026-07-02 01:59:39,133 [INFO] Pass: InverseCancellation - 0.02813 (ms)
2026-07-02 01:59:39,133 [INFO] Pass: ContractIdleWiresInControlFlow - 0.00262 (ms)
2026-07-02 01:59:39,133 [INFO] Pass: CommutativeCancellation - 0.07391 (ms)
2026-07-02 01:59:39,133 [INFO] Pass: ConsolidateBlocks - 0.05221 (ms)
2026-07-02 01:59:39,134 [INFO] Pass: Split2QUnitaries - 0.00405 (ms)
2026-07-02 01:59:39,134 [INFO] Pass: UnitarySynthesis - 0.00644 (ms)
2026-07-02 01:59:39,134 [INFO] Pass: HighLevelSynthesis - 0.02575 (ms)
2026-07-02 01:59:39,134 [INFO] Pass: BasisTranslator - 0.07248 (ms)
2026-07-02 01:59:39,134 [INFO] Pass: ConsolidateBlocks - 0.05460 (ms)
2026-07-02 01:59:39,134 [INFO] Pass: UnitarySynthesis - 0.00501 (ms)
2026-07-02 01:59:39,134 [INFO] Pass: Depth - 0.02360 (ms)
2026-07-02 01:59:39,134 [INFO] Pass: FixedPoint - 0.00572 (ms)
2026-07-02 01:59:39,134 [INFO] Pass: Size - 0.00358 (ms)
2026-07-02 01:59:39,134 [INFO] Pass: FixedPoint - 0.00286 (ms)
2026-07-02 01:59:39,134 [INFO] Pass: RemoveIdentityEquivalent - 0.00596 (ms)
2026-07-02 01:59:39,134 [INFO] Pass: Optimize1qGatesDecomposition - 0.19026 (ms)
2026-07-02 01:59:39,134 [INFO] Pass: CommutativeCancellation - 0.08345 (ms)
2026-07-02 01:59:39,134 [INFO] Pass: ContractIdleWiresInControlFlow - 0.00191 (ms)
2026-07-02 01:59:39,134 [INFO] Pass: GatesInBasis - 0.02027 (ms)
2026-07-02 01:59:39,134 [INFO] Pass: Depth - 0.02265 (ms)
2026-07-02 01:59:39,134 [INFO] Pass: FixedPoint - 0.00405 (ms)
2026-07-02 01:59:39,134 [INFO] Pass: Size - 0.00262 (ms)
2026-07-02 01:59:39,134 [INFO] Pass: FixedPoint - 0.00286 (ms)
2026-07-02 01:59:39,135 [INFO] Pass: RemoveIdentityEquivalent - 0.00501 (ms)
2026-07-02 01:59:39,135 [INFO] Pass: Optimize1qGatesDecomposition - 0.15211 (ms)
2026-07-02 01:59:39,135 [INFO] Pass: CommutativeCancellation - 0.07367 (ms)
2026-07-02 01:59:39,135 [INFO] Pass: ContractIdleWiresInControlFlow - 0.00167 (ms)
2026-07-02 01:59:39,135 [INFO] Pass: GatesInBasis - 0.01764 (ms)
2026-07-02 01:59:39,135 [INFO] Pass: Depth - 0.02003 (ms)
2026-07-02 01:59:39,135 [INFO] Pass: FixedPoint - 0.00334 (ms)
2026-07-02 01:59:39,135 [INFO] Pass: Size - 0.00215 (ms)
2026-07-02 01:59:39,135 [INFO] Pass: FixedPoint - 0.00286 (ms)
2026-07-02 01:59:39,135 [INFO] Pass: ContainsInstruction - 0.00572 (ms)
2026-07-02 01:59:39,135 [INFO] Total Transpile Time - 94.92660 (ms)
2026-07-02 02:13:04,161 [INFO] Pass: ContainsInstruction - 0.01311 (ms)
2026-07-02 02:13:04,161 [INFO] Pass: UnitarySynthesis - 0.01168 (ms)
2026-07-02 02:13:04,162 [INFO] Pass: HighLevelSynthesis - 0.00739 (ms)
2026-07-02 02:13:04,162 [INFO] Pass: BasisTranslator - 0.07582 (ms)
2026-07-02 02:13:04,162 [INFO] Pass: ElidePermutations - 0.00572 (ms)
2026-07-02 02:13:04,162 [INFO] Pass: RemoveDiagonalGatesBeforeMeasure - 0.00787 (ms)
2026-07-02 02:13:04,162 [INFO] Pass: RemoveIdentityEquivalent - 0.00596 (ms)
2026-07-02 02:13:04,162 [INFO] Pass: InverseCancellation - 0.00501 (ms)
2026-07-02 02:13:04,162 [INFO] Pass: ContractIdleWiresInControlFlow - 0.00215 (ms)
2026-07-02 02:13:04,162 [INFO] Pass: CommutativeCancellation - 0.06270 (ms)
2026-07-02 02:13:04,162 [INFO] Pass: ConsolidateBlocks - 0.04911 (ms)
2026-07-02 02:13:04,162 [INFO] Pass: Split2QUnitaries - 0.00381 (ms)
2026-07-02 02:13:04,162 [INFO] Pass: UnitarySynthesis - 0.00501 (ms)
2026-07-02 02:13:04,162 [INFO] Pass: HighLevelSynthesis - 0.02360 (ms)
2026-07-02 02:13:04,162 [INFO] Pass: BasisTranslator - 0.06318 (ms)
2026-07-02 02:13:04,162 [INFO] Pass: ConsolidateBlocks - 0.04983 (ms)
2026-07-02 02:13:04,162 [INFO] Pass: UnitarySynthesis - 0.00453 (ms)
2026-07-02 02:13:04,162 [INFO] Pass: Depth - 0.02074 (ms)
2026-07-02 02:13:04,162 [INFO] Pass: FixedPoint - 0.00548 (ms)
2026-07-02 02:13:04,162 [INFO] Pass: Size - 0.00405 (ms)
2026-07-02 02:13:04,162 [INFO] Pass: FixedPoint - 0.00310 (ms)
2026-07-02 02:13:04,162 [INFO] Pass: RemoveIdentityEquivalent - 0.00310 (ms)
2026-07-02 02:13:04,162 [INFO] Pass: Optimize1qGatesDecomposition - 0.03600 (ms)
2026-07-02 02:13:04,163 [INFO] Pass: CommutativeCancellation - 0.08059 (ms)
2026-07-02 02:13:04,163 [INFO] Pass: ContractIdleWiresInControlFlow - 0.00238 (ms)
2026-07-02 02:13:04,163 [INFO] Pass: GatesInBasis - 0.01979 (ms)
2026-07-02 02:13:04,163 [INFO] Pass: Depth - 0.01717 (ms)
2026-07-02 02:13:04,163 [INFO] Pass: FixedPoint - 0.00358 (ms)
2026-07-02 02:13:04,163 [INFO] Pass: Size - 0.00215 (ms)
2026-07-02 02:13:04,163 [INFO] Pass: FixedPoint - 0.00286 (ms)
2026-07-02 02:13:04,163 [INFO] Pass: ContainsInstruction - 0.00548 (ms)
2026-07-02 02:13:04,163 [INFO] Total Transpile Time - 89.45417 (ms)
2026-07-02 02:13:04,251 [INFO] Pass: ContainsInstruction - 0.01144 (ms)
2026-07-02 02:13:04,251 [INFO] Pass: UnitarySynthesis - 0.00715 (ms)
2026-07-02 02:13:04,251 [INFO] Pass: HighLevelSynthesis - 0.00548 (ms)
2026-07-02 02:13:04,251 [INFO] Pass: BasisTranslator - 0.06485 (ms)
2026-07-02 02:13:04,251 [INFO] Pass: ElidePermutations - 0.00548 (ms)
2026-07-02 02:13:04,251 [INFO] Pass: RemoveDiagonalGatesBeforeMeasure - 0.00739 (ms)
2026-07-02 02:13:04,251 [INFO] Pass: RemoveIdentityEquivalent - 0.00668 (ms)
2026-07-02 02:13:04,251 [INFO] Pass: InverseCancellation - 0.02408 (ms)
2026-07-02 02:13:04,251 [INFO] Pass: ContractIdleWiresInControlFlow - 0.00215 (ms)
2026-07-02 02:13:04,251 [INFO] Pass: CommutativeCancellation - 0.07224 (ms)
2026-07-02 02:13:04,251 [INFO] Pass: ConsolidateBlocks - 0.04148 (ms)
2026-07-02 02:13:04,251 [INFO] Pass: Split2QUnitaries - 0.00358 (ms)
2026-07-02 02:13:04,251 [INFO] Pass: UnitarySynthesis - 0.00477 (ms)
2026-07-02 02:13:04,251 [INFO] Pass: HighLevelSynthesis - 0.02360 (ms)
2026-07-02 02:13:04,251 [INFO] Pass: BasisTranslator - 0.07272 (ms)
2026-07-02 02:13:04,252 [INFO] Pass: ConsolidateBlocks - 0.04864 (ms)
2026-07-02 02:13:04,252 [INFO] Pass: UnitarySynthesis - 0.00453 (ms)
2026-07-02 02:13:04,252 [INFO] Pass: Depth - 0.02027 (ms)
2026-07-02 02:13:04,252 [INFO] Pass: FixedPoint - 0.00453 (ms)
2026-07-02 02:13:04,252 [INFO] Pass: Size - 0.00334 (ms)
2026-07-02 02:13:04,252 [INFO] Pass: FixedPoint - 0.00262 (ms)
2026-07-02 02:13:04,252 [INFO] Pass: RemoveIdentityEquivalent - 0.00429 (ms)
2026-07-02 02:13:04,252 [INFO] Pass: Optimize1qGatesDecomposition - 0.16952 (ms)
2026-07-02 02:13:04,252 [INFO] Pass: CommutativeCancellation - 0.08631 (ms)
2026-07-02 02:13:04,252 [INFO] Pass: ContractIdleWiresInControlFlow - 0.00191 (ms)
2026-07-02 02:13:04,252 [INFO] Pass: GatesInBasis - 0.02027 (ms)
2026-07-02 02:13:04,252 [INFO] Pass: Depth - 0.01740 (ms)
2026-07-02 02:13:04,252 [INFO] Pass: FixedPoint - 0.00358 (ms)
2026-07-02 02:13:04,252 [INFO] Pass: Size - 0.00215 (ms)
2026-07-02 02:13:04,252 [INFO] Pass: FixedPoint - 0.00286 (ms)
2026-07-02 02:13:04,252 [INFO] Pass: ContainsInstruction - 0.00501 (ms)
2026-07-02 02:13:04,252 [INFO] Total Transpile Time - 88.70578 (ms)
2026-07-02 02:13:04,339 [INFO] Pass: ContainsInstruction - 0.01168 (ms)
2026-07-02 02:13:04,339 [INFO] Pass: UnitarySynthesis - 0.00787 (ms)
2026-07-02 02:13:04,339 [INFO] Pass: HighLevelSynthesis - 0.00644 (ms)
2026-07-02 02:13:04,340 [INFO] Pass: BasisTranslator - 0.06723 (ms)
2026-07-02 02:13:04,340 [INFO] Pass: ElidePermutations - 0.00477 (ms)
2026-07-02 02:13:04,340 [INFO] Pass: RemoveDiagonalGatesBeforeMeasure - 0.00715 (ms)
2026-07-02 02:13:04,340 [INFO] Pass: RemoveIdentityEquivalent - 0.00811 (ms)
2026-07-02 02:13:04,340 [INFO] Pass: InverseCancellation - 0.02384 (ms)
2026-07-02 02:13:04,340 [INFO] Pass: ContractIdleWiresInControlFlow - 0.00215 (ms)
2026-07-02 02:13:04,340 [INFO] Pass: CommutativeCancellation - 0.06413 (ms)
2026-07-02 02:13:04,340 [INFO] Pass: ConsolidateBlocks - 0.04387 (ms)
2026-07-02 02:13:04,340 [INFO] Pass: Split2QUnitaries - 0.00310 (ms)
2026-07-02 02:13:04,340 [INFO] Pass: UnitarySynthesis - 0.00477 (ms)
2026-07-02 02:13:04,340 [INFO] Pass: HighLevelSynthesis - 0.02503 (ms)
2026-07-02 02:13:04,340 [INFO] Pass: BasisTranslator - 0.06533 (ms)
2026-07-02 02:13:04,340 [INFO] Pass: ConsolidateBlocks - 0.04816 (ms)
2026-07-02 02:13:04,340 [INFO] Pass: UnitarySynthesis - 0.00453 (ms)
2026-07-02 02:13:04,340 [INFO] Pass: Depth - 0.02289 (ms)
2026-07-02 02:13:04,340 [INFO] Pass: FixedPoint - 0.00501 (ms)
2026-07-02 02:13:04,340 [INFO] Pass: Size - 0.00358 (ms)
2026-07-02 02:13:04,340 [INFO] Pass: FixedPoint - 0.00310 (ms)
2026-07-02 02:13:04,340 [INFO] Pass: RemoveIdentityEquivalent - 0.00525 (ms)
2026-07-02 02:13:04,341 [INFO] Pass: Optimize1qGatesDecomposition - 0.18787 (ms)
2026-07-02 02:13:04,341 [INFO] Pass: CommutativeCancellation - 0.07915 (ms)
2026-07-02 02:13:04,341 [INFO] Pass: ContractIdleWiresInControlFlow - 0.00191 (ms)
2026-07-02 02:13:04,341 [INFO] Pass: GatesInBasis - 0.02003 (ms)
2026-07-02 02:13:04,341 [INFO] Pass: Depth - 0.02098 (ms)
2026-07-02 02:13:04,341 [INFO] Pass: FixedPoint - 0.00358 (ms)
2026-07-02 02:13:04,341 [INFO] Pass: Size - 0.00262 (ms)
2026-07-02 02:13:04,341 [INFO] Pass: FixedPoint - 0.00286 (ms)
2026-07-02 02:13:04,341 [INFO] Pass: RemoveIdentityEquivalent - 0.00525 (ms)
2026-07-02 02:13:04,341 [INFO] Pass: Optimize1qGatesDecomposition - 0.15163 (ms)
2026-07-02 02:13:04,341 [INFO] Pass: CommutativeCancellation - 0.06986 (ms)
2026-07-02 02:13:04,341 [INFO] Pass: ContractIdleWiresInControlFlow - 0.00167 (ms)
2026-07-02 02:13:04,341 [INFO] Pass: GatesInBasis - 0.01740 (ms)
2026-07-02 02:13:04,341 [INFO] Pass: Depth - 0.01788 (ms)
2026-07-02 02:13:04,341 [INFO] Pass: FixedPoint - 0.00310 (ms)
2026-07-02 02:13:04,341 [INFO] Pass: Size - 0.00167 (ms)
2026-07-02 02:13:04,341 [INFO] Pass: FixedPoint - 0.00286 (ms)
2026-07-02 02:13:04,341 [INFO] Pass: ContainsInstruction - 0.00572 (ms)
2026-07-02 02:13:04,342 [INFO] Total Transpile Time - 88.71341 (ms)
2026-07-02 02:26:21,082 [INFO] Pass: ContainsInstruction - 0.01168 (ms)
2026-07-02 02:26:21,083 [INFO] Pass: UnitarySynthesis - 0.01097 (ms)
2026-07-02 02:26:21,083 [INFO] Pass: HighLevelSynthesis - 0.00668 (ms)
2026-07-02 02:26:21,083 [INFO] Pass: BasisTranslator - 0.07772 (ms)
2026-07-02 02:26:21,083 [INFO] Pass: ElidePermutations - 0.00525 (ms)
2026-07-02 02:26:21,083 [INFO] Pass: RemoveDiagonalGatesBeforeMeasure - 0.00811 (ms)
2026-07-02 02:26:21,083 [INFO] Pass: RemoveIdentityEquivalent - 0.00501 (ms)
2026-07-02 02:26:21,083 [INFO] Pass: InverseCancellation - 0.00620 (ms)
2026-07-02 02:26:21,083 [INFO] Pass: ContractIdleWiresInControlFlow - 0.00238 (ms)
2026-07-02 02:26:21,083 [INFO] Pass: CommutativeCancellation - 0.06771 (ms)
2026-07-02 02:26:21,083 [INFO] Pass: ConsolidateBlocks - 0.04482 (ms)
2026-07-02 02:26:21,083 [INFO] Pass: Split2QUnitaries - 0.00381 (ms)
2026-07-02 02:26:21,083 [INFO] Pass: UnitarySynthesis - 0.00548 (ms)
2026-07-02 02:26:21,083 [INFO] Pass: HighLevelSynthesis - 0.02265 (ms)
2026-07-02 02:26:21,083 [INFO] Pass: BasisTranslator - 0.06604 (ms)
2026-07-02 02:26:21,083 [INFO] Pass: ConsolidateBlocks - 0.04911 (ms)
2026-07-02 02:26:21,083 [INFO] Pass: UnitarySynthesis - 0.00525 (ms)
2026-07-02 02:26:21,083 [INFO] Pass: Depth - 0.01931 (ms)
2026-07-02 02:26:21,083 [INFO] Pass: FixedPoint - 0.00501 (ms)
2026-07-02 02:26:21,083 [INFO] Pass: Size - 0.00381 (ms)
2026-07-02 02:26:21,083 [INFO] Pass: FixedPoint - 0.00310 (ms)
2026-07-02 02:26:21,083 [INFO] Pass: RemoveIdentityEquivalent - 0.00334 (ms)
2026-07-02 02:26:21,084 [INFO] Pass: Optimize1qGatesDecomposition - 0.03266 (ms)
2026-07-02 02:26:21,084 [INFO] Pass: CommutativeCancellation - 0.07725 (ms)
2026-07-02 02:26:21,084 [INFO] Pass: ContractIdleWiresInControlFlow - 0.00167 (ms)
2026-07-02 02:26:21,084 [INFO] Pass: GatesInBasis - 0.02003 (ms)
2026-07-02 02:26:21,084 [INFO] Pass: Depth - 0.01526 (ms)
2026-07-02 02:26:21,084 [INFO] Pass: FixedPoint - 0.00334 (ms)
2026-07-02 02:26:21,084 [INFO] Pass: Size - 0.00215 (ms)
2026-07-02 02:26:21,084 [INFO] Pass: FixedPoint - 0.00262 (ms)
2026-07-02 02:26:21,084 [INFO] Pass: ContainsInstruction - 0.00620 (ms)
2026-07-02 02:26:21,084 [INFO] Total Transpile Time - 89.86521 (ms)
2026-07-02 02:26:21,171 [INFO] Pass: ContainsInstruction - 0.01264 (ms)
2026-07-02 02:26:21,172 [INFO] Pass: UnitarySynthesis - 0.00763 (ms)
2026-07-02 02:26:21,172 [INFO] Pass: HighLevelSynthesis - 0.00572 (ms)
2026-07-02 02:26:21,172 [INFO] Pass: BasisTranslator - 0.06604 (ms)
2026-07-02 02:26:21,172 [INFO] Pass: ElidePermutations - 0.00525 (ms)
2026-07-02 02:26:21,172 [INFO] Pass: RemoveDiagonalGatesBeforeMeasure - 0.00668 (ms)
2026-07-02 02:26:21,172 [INFO] Pass: RemoveIdentityEquivalent - 0.00691 (ms)
2026-07-02 02:26:21,172 [INFO] Pass: InverseCancellation - 0.02384 (ms)
2026-07-02 02:26:21,172 [INFO] Pass: ContractIdleWiresInControlFlow - 0.00215 (ms)
2026-07-02 02:26:21,172 [INFO] Pass: CommutativeCancellation - 0.07200 (ms)
2026-07-02 02:26:21,172 [INFO] Pass: ConsolidateBlocks - 0.04148 (ms)
2026-07-02 02:26:21,172 [INFO] Pass: Split2QUnitaries - 0.00310 (ms)
2026-07-02 02:26:21,172 [INFO] Pass: UnitarySynthesis - 0.00525 (ms)
2026-07-02 02:26:21,172 [INFO] Pass: HighLevelSynthesis - 0.02241 (ms)
2026-07-02 02:26:21,172 [INFO] Pass: BasisTranslator - 0.06676 (ms)
2026-07-02 02:26:21,172 [INFO] Pass: ConsolidateBlocks - 0.04983 (ms)
2026-07-02 02:26:21,172 [INFO] Pass: UnitarySynthesis - 0.00453 (ms)
2026-07-02 02:26:21,172 [INFO] Pass: Depth - 0.02193 (ms)
2026-07-02 02:26:21,172 [INFO] Pass: FixedPoint - 0.00525 (ms)
2026-07-02 02:26:21,172 [INFO] Pass: Size - 0.00358 (ms)
2026-07-02 02:26:21,172 [INFO] Pass: FixedPoint - 0.00310 (ms)
2026-07-02 02:26:21,173 [INFO] Pass: RemoveIdentityEquivalent - 0.00453 (ms)
2026-07-02 02:26:21,173 [INFO] Pass: Optimize1qGatesDecomposition - 0.16928 (ms)
2026-07-02 02:26:21,173 [INFO] Pass: CommutativeCancellation - 0.09131 (ms)
2026-07-02 02:26:21,173 [INFO] Pass: ContractIdleWiresInControlFlow - 0.00167 (ms)
2026-07-02 02:26:21,173 [INFO] Pass: GatesInBasis - 0.02003 (ms)
2026-07-02 02:26:21,173 [INFO] Pass: Depth - 0.01788 (ms)
2026-07-02 02:26:21,173 [INFO] Pass: FixedPoint - 0.00358 (ms)
2026-07-02 02:26:21,173 [INFO] Pass: Size - 0.00262 (ms)
2026-07-02 02:26:21,173 [INFO] Pass: FixedPoint - 0.00286 (ms)
2026-07-02 02:26:21,173 [INFO] Pass: ContainsInstruction - 0.00501 (ms)
2026-07-02 02:26:21,173 [INFO] Total Transpile Time - 88.51361 (ms)
2026-07-02 02:26:21,261 [INFO] Pass: ContainsInstruction - 0.01216 (ms)
2026-07-02 02:26:21,261 [INFO] Pass: UnitarySynthesis - 0.00715 (ms)
2026-07-02 02:26:21,261 [INFO] Pass: HighLevelSynthesis - 0.00548 (ms)
2026-07-02 02:26:21,261 [INFO] Pass: BasisTranslator - 0.06509 (ms)
2026-07-02 02:26:21,261 [INFO] Pass: ElidePermutations - 0.00525 (ms)
2026-07-02 02:26:21,261 [INFO] Pass: RemoveDiagonalGatesBeforeMeasure - 0.00691 (ms)
2026-07-02 02:26:21,261 [INFO] Pass: RemoveIdentityEquivalent - 0.00858 (ms)
2026-07-02 02:26:21,261 [INFO] Pass: InverseCancellation - 0.02480 (ms)
2026-07-02 02:26:21,261 [INFO] Pass: ContractIdleWiresInControlFlow - 0.00191 (ms)
2026-07-02 02:26:21,261 [INFO] Pass: CommutativeCancellation - 0.07153 (ms)
2026-07-02 02:26:21,261 [INFO] Pass: ConsolidateBlocks - 0.04315 (ms)
2026-07-02 02:26:21,261 [INFO] Pass: Split2QUnitaries - 0.00334 (ms)
2026-07-02 02:26:21,261 [INFO] Pass: UnitarySynthesis - 0.00477 (ms)
2026-07-02 02:26:21,261 [INFO] Pass: HighLevelSynthesis - 0.02551 (ms)
2026-07-02 02:26:21,261 [INFO] Pass: BasisTranslator - 0.06628 (ms)
2026-07-02 02:26:21,261 [INFO] Pass: ConsolidateBlocks - 0.05770 (ms)
2026-07-02 02:26:21,261 [INFO] Pass: UnitarySynthesis - 0.00477 (ms)
2026-07-02 02:26:21,262 [INFO] Pass: Depth - 0.02360 (ms)
2026-07-02 02:26:21,262 [INFO] Pass: FixedPoint - 0.00525 (ms)
2026-07-02 02:26:21,262 [INFO] Pass: Size - 0.00358 (ms)
2026-07-02 02:26:21,262 [INFO] Pass: FixedPoint - 0.00286 (ms)
2026-07-02 02:26:21,262 [INFO] Pass: RemoveIdentityEquivalent - 0.00596 (ms)
2026-07-02 02:26:21,262 [INFO] Pass: Optimize1qGatesDecomposition - 0.17905 (ms)
2026-07-02 02:26:21,262 [INFO] Pass: CommutativeCancellation - 0.08464 (ms)
2026-07-02 02:26:21,262 [INFO] Pass: ContractIdleWiresInControlFlow - 0.00215 (ms)
2026-07-02 02:26:21,262 [INFO] Pass: GatesInBasis - 0.02074 (ms)
2026-07-02 02:26:21,262 [INFO] Pass: Depth - 0.02146 (ms)
2026-07-02 02:26:21,262 [INFO] Pass: FixedPoint - 0.00334 (ms)
2026-07-02 02:26:21,262 [INFO] Pass: Size - 0.00191 (ms)
2026-07-02 02:26:21,262 [INFO] Pass: FixedPoint - 0.00334 (ms)
2026-07-02 02:26:21,262 [INFO] Pass: RemoveIdentityEquivalent - 0.00572 (ms)
2026-07-02 02:26:21,262 [INFO] Pass: Optimize1qGatesDecomposition - 0.15020 (ms)
2026-07-02 02:26:21,262 [INFO] Pass: CommutativeCancellation - 0.07915 (ms)
2026-07-02 02:26:21,262 [INFO] Pass: ContractIdleWiresInControlFlow - 0.00167 (ms)
2026-07-02 02:26:21,263 [INFO] Pass: GatesInBasis - 0.01717 (ms)
2026-07-02 02:26:21,263 [INFO] Pass: Depth - 0.02003 (ms)
2026-07-02 02:26:21,263 [INFO] Pass: FixedPoint - 0.00334 (ms)
2026-07-02 02:26:21,263 [INFO] Pass: Size - 0.00238 (ms)
2026-07-02 02:26:21,263 [INFO] Pass: FixedPoint - 0.00262 (ms)
2026-07-02 02:26:21,263 [INFO] Pass: ContainsInstruction - 0.00620 (ms)
2026-07-02 02:26:21,263 [INFO] Total Transpile Time - 89.13827 (ms)
2026-07-02 02:39:36,504 [INFO] Pass: ContainsInstruction - 0.01216 (ms)
2026-07-02 02:39:36,504 [INFO] Pass: UnitarySynthesis - 0.00906 (ms)
2026-07-02 02:39:36,504 [INFO] Pass: HighLevelSynthesis - 0.00691 (ms)
2026-07-02 02:39:36,504 [INFO] Pass: BasisTranslator - 0.08941 (ms)
2026-07-02 02:39:36,504 [INFO] Pass: ElidePermutations - 0.00596 (ms)
2026-07-02 02:39:36,505 [INFO] Pass: RemoveDiagonalGatesBeforeMeasure - 0.00811 (ms)
2026-07-02 02:39:36,505 [INFO] Pass: RemoveIdentityEquivalent - 0.00548 (ms)
2026-07-02 02:39:36,505 [INFO] Pass: InverseCancellation - 0.00548 (ms)
2026-07-02 02:39:36,505 [INFO] Pass: ContractIdleWiresInControlFlow - 0.00286 (ms)
2026-07-02 02:39:36,505 [INFO] Pass: CommutativeCancellation - 0.06652 (ms)
2026-07-02 02:39:36,505 [INFO] Pass: ConsolidateBlocks - 0.04506 (ms)
2026-07-02 02:39:36,505 [INFO] Pass: Split2QUnitaries - 0.00381 (ms)
2026-07-02 02:39:36,505 [INFO] Pass: UnitarySynthesis - 0.00572 (ms)
2026-07-02 02:39:36,505 [INFO] Pass: HighLevelSynthesis - 0.02313 (ms)
2026-07-02 02:39:36,505 [INFO] Pass: BasisTranslator - 0.06866 (ms)
2026-07-02 02:39:36,505 [INFO] Pass: ConsolidateBlocks - 0.05388 (ms)
2026-07-02 02:39:36,505 [INFO] Pass: UnitarySynthesis - 0.00453 (ms)
2026-07-02 02:39:36,505 [INFO] Pass: Depth - 0.02146 (ms)
2026-07-02 02:39:36,505 [INFO] Pass: FixedPoint - 0.00572 (ms)
2026-07-02 02:39:36,505 [INFO] Pass: Size - 0.00405 (ms)
2026-07-02 02:39:36,505 [INFO] Pass: FixedPoint - 0.00286 (ms)
2026-07-02 02:39:36,505 [INFO] Pass: RemoveIdentityEquivalent - 0.00334 (ms)
2026-07-02 02:39:36,505 [INFO] Pass: Optimize1qGatesDecomposition - 0.03505 (ms)
2026-07-02 02:39:36,505 [INFO] Pass: CommutativeCancellation - 0.08249 (ms)
2026-07-02 02:39:36,505 [INFO] Pass: ContractIdleWiresInControlFlow - 0.00215 (ms)
2026-07-02 02:39:36,505 [INFO] Pass: GatesInBasis - 0.01931 (ms)
2026-07-02 02:39:36,506 [INFO] Pass: Depth - 0.01764 (ms)
2026-07-02 02:39:36,506 [INFO] Pass: FixedPoint - 0.00358 (ms)
2026-07-02 02:39:36,506 [INFO] Pass: Size - 0.00238 (ms)
2026-07-02 02:39:36,506 [INFO] Pass: FixedPoint - 0.00310 (ms)
2026-07-02 02:39:36,506 [INFO] Pass: ContainsInstruction - 0.00572 (ms)
2026-07-02 02:39:36,506 [INFO] Total Transpile Time - 90.85345 (ms)
2026-07-02 02:39:36,596 [INFO] Pass: ContainsInstruction - 0.01383 (ms)
2026-07-02 02:39:36,596 [INFO] Pass: UnitarySynthesis - 0.00763 (ms)
2026-07-02 02:39:36,596 [INFO] Pass: HighLevelSynthesis - 0.00644 (ms)
2026-07-02 02:39:36,596 [INFO] Pass: BasisTranslator - 0.07176 (ms)
2026-07-02 02:39:36,596 [INFO] Pass: ElidePermutations - 0.00525 (ms)
2026-07-02 02:39:36,596 [INFO] Pass: RemoveDiagonalGatesBeforeMeasure - 0.00668 (ms)
2026-07-02 02:39:36,596 [INFO] Pass: RemoveIdentityEquivalent - 0.00787 (ms)
2026-07-02 02:39:36,596 [INFO] Pass: InverseCancellation - 0.02313 (ms)
2026-07-02 02:39:36,596 [INFO] Pass: ContractIdleWiresInControlFlow - 0.00215 (ms)
2026-07-02 02:39:36,596 [INFO] Pass: CommutativeCancellation - 0.07582 (ms)
2026-07-02 02:39:36,596 [INFO] Pass: ConsolidateBlocks - 0.05078 (ms)
2026-07-02 02:39:36,596 [INFO] Pass: Split2QUnitaries - 0.00668 (ms)
2026-07-02 02:39:36,597 [INFO] Pass: UnitarySynthesis - 0.00525 (ms)
2026-07-02 02:39:36,597 [INFO] Pass: HighLevelSynthesis - 0.02456 (ms)
2026-07-02 02:39:36,597 [INFO] Pass: BasisTranslator - 0.07153 (ms)
2026-07-02 02:39:36,597 [INFO] Pass: ConsolidateBlocks - 0.05341 (ms)
2026-07-02 02:39:36,597 [INFO] Pass: UnitarySynthesis - 0.00453 (ms)
2026-07-02 02:39:36,597 [INFO] Pass: Depth - 0.02265 (ms)
2026-07-02 02:39:36,597 [INFO] Pass: FixedPoint - 0.00548 (ms)
2026-07-02 02:39:36,597 [INFO] Pass: Size - 0.00334 (ms)
2026-07-02 02:39:36,597 [INFO] Pass: FixedPoint - 0.00286 (ms)
2026-07-02 02:39:36,597 [INFO] Pass: RemoveIdentityEquivalent - 0.00501 (ms)
2026-07-02 02:39:36,597 [INFO] Pass: Optimize1qGatesDecomposition - 0.16880 (ms)
2026-07-02 02:39:36,597 [INFO] Pass: CommutativeCancellation - 0.09060 (ms)
2026-07-02 02:39:36,597 [INFO] Pass: ContractIdleWiresInControlFlow - 0.00191 (ms)
2026-07-02 02:39:36,597 [INFO] Pass: GatesInBasis - 0.02170 (ms)
2026-07-02 02:39:36,597 [INFO] Pass: Depth - 0.01812 (ms)
2026-07-02 02:39:36,597 [INFO] Pass: FixedPoint - 0.00358 (ms)
2026-07-02 02:39:36,597 [INFO] Pass: Size - 0.00238 (ms)
2026-07-02 02:39:36,597 [INFO] Pass: FixedPoint - 0.00310 (ms)
2026-07-02 02:39:36,597 [INFO] Pass: ContainsInstruction - 0.00596 (ms)
2026-07-02 02:39:36,598 [INFO] Total Transpile Time - 91.09926 (ms)
2026-07-02 02:39:36,688 [INFO] Pass: ContainsInstruction - 0.01264 (ms)
2026-07-02 02:39:36,688 [INFO] Pass: UnitarySynthesis - 0.00811 (ms)
2026-07-02 02:39:36,688 [INFO] Pass: HighLevelSynthesis - 0.00596 (ms)
2026-07-02 02:39:36,688 [INFO] Pass: BasisTranslator - 0.06962 (ms)
2026-07-02 02:39:36,688 [INFO] Pass: ElidePermutations - 0.00501 (ms)
2026-07-02 02:39:36,688 [INFO] Pass: RemoveDiagonalGatesBeforeMeasure - 0.00620 (ms)
2026-07-02 02:39:36,688 [INFO] Pass: RemoveIdentityEquivalent - 0.00787 (ms)
2026-07-02 02:39:36,688 [INFO] Pass: InverseCancellation - 0.02599 (ms)
2026-07-02 02:39:36,688 [INFO] Pass: ContractIdleWiresInControlFlow - 0.00238 (ms)
2026-07-02 02:39:36,688 [INFO] Pass: CommutativeCancellation - 0.07296 (ms)
2026-07-02 02:39:36,688 [INFO] Pass: ConsolidateBlocks - 0.04339 (ms)
2026-07-02 02:39:36,688 [INFO] Pass: Split2QUnitaries - 0.00358 (ms)
2026-07-02 02:39:36,688 [INFO] Pass: UnitarySynthesis - 0.00525 (ms)
2026-07-02 02:39:36,688 [INFO] Pass: HighLevelSynthesis - 0.02599 (ms)
2026-07-02 02:39:36,688 [INFO] Pass: BasisTranslator - 0.07606 (ms)
2026-07-02 02:39:36,689 [INFO] Pass: ConsolidateBlocks - 0.05579 (ms)
2026-07-02 02:39:36,689 [INFO] Pass: UnitarySynthesis - 0.00477 (ms)
2026-07-02 02:39:36,689 [INFO] Pass: Depth - 0.02575 (ms)
2026-07-02 02:39:36,689 [INFO] Pass: FixedPoint - 0.00525 (ms)
2026-07-02 02:39:36,689 [INFO] Pass: Size - 0.00358 (ms)
2026-07-02 02:39:36,689 [INFO] Pass: FixedPoint - 0.00310 (ms)
2026-07-02 02:39:36,689 [INFO] Pass: RemoveIdentityEquivalent - 0.00572 (ms)
2026-07-02 02:39:36,689 [INFO] Pass: Optimize1qGatesDecomposition - 0.18668 (ms)
2026-07-02 02:39:36,689 [INFO] Pass: CommutativeCancellation - 0.08345 (ms)
2026-07-02 02:39:36,689 [INFO] Pass: ContractIdleWiresInControlFlow - 0.00215 (ms)
2026-07-02 02:39:36,689 [INFO] Pass: GatesInBasis - 0.02003 (ms)
2026-07-02 02:39:36,689 [INFO] Pass: Depth - 0.02098 (ms)
2026-07-02 02:39:36,689 [INFO] Pass: FixedPoint - 0.00358 (ms)
2026-07-02 02:39:36,689 [INFO] Pass: Size - 0.00167 (ms)
2026-07-02 02:39:36,689 [INFO] Pass: FixedPoint - 0.00310 (ms)
2026-07-02 02:39:36,689 [INFO] Pass: RemoveIdentityEquivalent - 0.00477 (ms)
2026-07-02 02:39:36,689 [INFO] Pass: Optimize1qGatesDecomposition - 0.15593 (ms)
2026-07-02 02:39:36,690 [INFO] Pass: CommutativeCancellation - 0.07772 (ms)
2026-07-02 02:39:36,690 [INFO] Pass: ContractIdleWiresInControlFlow - 0.00191 (ms)
2026-07-02 02:39:36,690 [INFO] Pass: GatesInBasis - 0.01740 (ms)
2026-07-02 02:39:36,690 [INFO] Pass: Depth - 0.01955 (ms)
2026-07-02 02:39:36,690 [INFO] Pass: FixedPoint - 0.00334 (ms)
2026-07-02 02:39:36,690 [INFO] Pass: Size - 0.00191 (ms)
2026-07-02 02:39:36,690 [INFO] Pass: FixedPoint - 0.00286 (ms)
2026-07-02 02:39:36,690 [INFO] Pass: ContainsInstruction - 0.00596 (ms)
2026-07-02 02:39:36,690 [INFO] Total Transpile Time - 91.78472 (ms)
2026-07-02 02:52:49,930 [INFO] Pass: ContainsInstruction - 0.01240 (ms)
2026-07-02 02:52:49,930 [INFO] Pass: UnitarySynthesis - 0.00834 (ms)
2026-07-02 02:52:49,930 [INFO] Pass: HighLevelSynthesis - 0.00572 (ms)
2026-07-02 02:52:49,930 [INFO] Pass: BasisTranslator - 0.06580 (ms)
2026-07-02 02:52:49,930 [INFO] Pass: ElidePermutations - 0.00501 (ms)
2026-07-02 02:52:49,930 [INFO] Pass: RemoveDiagonalGatesBeforeMeasure - 0.00620 (ms)
2026-07-02 02:52:49,930 [INFO] Pass: RemoveIdentityEquivalent - 0.00525 (ms)
2026-07-02 02:52:49,930 [INFO] Pass: InverseCancellation - 0.00548 (ms)
2026-07-02 02:52:49,930 [INFO] Pass: ContractIdleWiresInControlFlow - 0.00215 (ms)
2026-07-02 02:52:49,931 [INFO] Pass: CommutativeCancellation - 0.05865 (ms)
2026-07-02 02:52:49,931 [INFO] Pass: ConsolidateBlocks - 0.04339 (ms)
2026-07-02 02:52:49,931 [INFO] Pass: Split2QUnitaries - 0.00358 (ms)
2026-07-02 02:52:49,931 [INFO] Pass: UnitarySynthesis - 0.00477 (ms)
2026-07-02 02:52:49,931 [INFO] Pass: HighLevelSynthesis - 0.02193 (ms)
2026-07-02 02:52:49,931 [INFO] Pass: BasisTranslator - 0.06580 (ms)
2026-07-02 02:52:49,931 [INFO] Pass: ConsolidateBlocks - 0.04792 (ms)
2026-07-02 02:52:49,931 [INFO] Pass: UnitarySynthesis - 0.00405 (ms)
2026-07-02 02:52:49,931 [INFO] Pass: Depth - 0.02098 (ms)
2026-07-02 02:52:49,931 [INFO] Pass: FixedPoint - 0.00501 (ms)
2026-07-02 02:52:49,931 [INFO] Pass: Size - 0.00358 (ms)
2026-07-02 02:52:49,931 [INFO] Pass: FixedPoint - 0.00286 (ms)
2026-07-02 02:52:49,931 [INFO] Pass: RemoveIdentityEquivalent - 0.00310 (ms)
2026-07-02 02:52:49,931 [INFO] Pass: Optimize1qGatesDecomposition - 0.03338 (ms)
2026-07-02 02:52:49,931 [INFO] Pass: CommutativeCancellation - 0.07606 (ms)
2026-07-02 02:52:49,931 [INFO] Pass: ContractIdleWiresInControlFlow - 0.00215 (ms)
2026-07-02 02:52:49,931 [INFO] Pass: GatesInBasis - 0.01907 (ms)
2026-07-02 02:52:49,931 [INFO] Pass: Depth - 0.01669 (ms)
2026-07-02 02:52:49,931 [INFO] Pass: FixedPoint - 0.00334 (ms)
2026-07-02 02:52:49,931 [INFO] Pass: Size - 0.00191 (ms)
2026-07-02 02:52:49,931 [INFO] Pass: FixedPoint - 0.00238 (ms)
2026-07-02 02:52:49,931 [INFO] Pass: ContainsInstruction - 0.00453 (ms)
2026-07-02 02:52:49,932 [INFO] Total Transpile Time - 90.86251 (ms)
2026-07-02 02:52:50,019 [INFO] Pass: ContainsInstruction - 0.01454 (ms)
2026-07-02 02:52:50,019 [INFO] Pass: UnitarySynthesis - 0.00787 (ms)
2026-07-02 02:52:50,019 [INFO] Pass: HighLevelSynthesis - 0.00691 (ms)
2026-07-02 02:52:50,019 [INFO] Pass: BasisTranslator - 0.08059 (ms)
2026-07-02 02:52:50,019 [INFO] Pass: ElidePermutations - 0.00525 (ms)
2026-07-02 02:52:50,019 [INFO] Pass: RemoveDiagonalGatesBeforeMeasure - 0.00715 (ms)
2026-07-02 02:52:50,019 [INFO] Pass: RemoveIdentityEquivalent - 0.00787 (ms)
2026-07-02 02:52:50,019 [INFO] Pass: InverseCancellation - 0.02646 (ms)
2026-07-02 02:52:50,019 [INFO] Pass: ContractIdleWiresInControlFlow - 0.00238 (ms)
2026-07-02 02:52:50,019 [INFO] Pass: CommutativeCancellation - 0.07987 (ms)
2026-07-02 02:52:50,020 [INFO] Pass: ConsolidateBlocks - 0.04601 (ms)
2026-07-02 02:52:50,020 [INFO] Pass: Split2QUnitaries - 0.00381 (ms)
2026-07-02 02:52:50,020 [INFO] Pass: UnitarySynthesis - 0.00572 (ms)
2026-07-02 02:52:50,020 [INFO] Pass: HighLevelSynthesis - 0.02575 (ms)
2026-07-02 02:52:50,020 [INFO] Pass: BasisTranslator - 0.06795 (ms)
2026-07-02 02:52:50,020 [INFO] Pass: ConsolidateBlocks - 0.05341 (ms)
2026-07-02 02:52:50,020 [INFO] Pass: UnitarySynthesis - 0.00477 (ms)
2026-07-02 02:52:50,020 [INFO] Pass: Depth - 0.02170 (ms)
2026-07-02 02:52:50,020 [INFO] Pass: FixedPoint - 0.00620 (ms)
2026-07-02 02:52:50,020 [INFO] Pass: Size - 0.00405 (ms)
2026-07-02 02:52:50,020 [INFO] Pass: FixedPoint - 0.00310 (ms)
2026-07-02 02:52:50,020 [INFO] Pass: RemoveIdentityEquivalent - 0.00453 (ms)
2026-07-02 02:52:50,020 [INFO] Pass: Optimize1qGatesDecomposition - 0.17500 (ms)
2026-07-02 02:52:50,020 [INFO] Pass: CommutativeCancellation - 0.08965 (ms)
2026-07-02 02:52:50,020 [INFO] Pass: ContractIdleWiresInControlFlow - 0.00191 (ms)
2026-07-02 02:52:50,020 [INFO] Pass: GatesInBasis - 0.02861 (ms)
2026-07-02 02:52:50,020 [INFO] Pass: Depth - 0.02027 (ms)
2026-07-02 02:52:50,021 [INFO] Pass: FixedPoint - 0.00381 (ms)
2026-07-02 02:52:50,021 [INFO] Pass: Size - 0.00215 (ms)
2026-07-02 02:52:50,021 [INFO] Pass: FixedPoint - 0.00334 (ms)
2026-07-02 02:52:50,021 [INFO] Pass: ContainsInstruction - 0.00715 (ms)
2026-07-02 02:52:50,021 [INFO] Total Transpile Time - 88.73653 (ms)
2026-07-02 02:52:50,111 [INFO] Pass: ContainsInstruction - 0.01192 (ms)
2026-07-02 02:52:50,111 [INFO] Pass: UnitarySynthesis - 0.00811 (ms)
2026-07-02 02:52:50,111 [INFO] Pass: HighLevelSynthesis - 0.00596 (ms)
2026-07-02 02:52:50,111 [INFO] Pass: BasisTranslator - 0.07057 (ms)
2026-07-02 02:52:50,111 [INFO] Pass: ElidePermutations - 0.00548 (ms)
2026-07-02 02:52:50,111 [INFO] Pass: RemoveDiagonalGatesBeforeMeasure - 0.00715 (ms)
2026-07-02 02:52:50,111 [INFO] Pass: RemoveIdentityEquivalent - 0.00858 (ms)
2026-07-02 02:52:50,111 [INFO] Pass: InverseCancellation - 0.02527 (ms)
2026-07-02 02:52:50,111 [INFO] Pass: ContractIdleWiresInControlFlow - 0.00215 (ms)
2026-07-02 02:52:50,111 [INFO] Pass: CommutativeCancellation - 0.07176 (ms)
2026-07-02 02:52:50,112 [INFO] Pass: ConsolidateBlocks - 0.04554 (ms)
2026-07-02 02:52:50,112 [INFO] Pass: Split2QUnitaries - 0.00405 (ms)
2026-07-02 02:52:50,112 [INFO] Pass: UnitarySynthesis - 0.00548 (ms)
2026-07-02 02:52:50,112 [INFO] Pass: HighLevelSynthesis - 0.02694 (ms)
2026-07-02 02:52:50,112 [INFO] Pass: BasisTranslator - 0.06914 (ms)
2026-07-02 02:52:50,112 [INFO] Pass: ConsolidateBlocks - 0.05054 (ms)
2026-07-02 02:52:50,112 [INFO] Pass: UnitarySynthesis - 0.00477 (ms)
2026-07-02 02:52:50,112 [INFO] Pass: Depth - 0.02313 (ms)
2026-07-02 02:52:50,112 [INFO] Pass: FixedPoint - 0.00525 (ms)
2026-07-02 02:52:50,112 [INFO] Pass: Size - 0.00453 (ms)
2026-07-02 02:52:50,112 [INFO] Pass: FixedPoint - 0.00286 (ms)
2026-07-02 02:52:50,112 [INFO] Pass: RemoveIdentityEquivalent - 0.00596 (ms)
2026-07-02 02:52:50,112 [INFO] Pass: Optimize1qGatesDecomposition - 0.17500 (ms)
2026-07-02 02:52:50,112 [INFO] Pass: CommutativeCancellation - 0.08035 (ms)
2026-07-02 02:52:50,112 [INFO] Pass: ContractIdleWiresInControlFlow - 0.00191 (ms)
2026-07-02 02:52:50,112 [INFO] Pass: GatesInBasis - 0.02122 (ms)
2026-07-02 02:52:50,112 [INFO] Pass: Depth - 0.02027 (ms)
2026-07-02 02:52:50,112 [INFO] Pass: FixedPoint - 0.00381 (ms)
2026-07-02 02:52:50,112 [INFO] Pass: Size - 0.00262 (ms)
2026-07-02 02:52:50,112 [INFO] Pass: FixedPoint - 0.00286 (ms)
2026-07-02 02:52:50,113 [INFO] Pass: RemoveIdentityEquivalent - 0.00572 (ms)
2026-07-02 02:52:50,113 [INFO] Pass: Optimize1qGatesDecomposition - 0.14496 (ms)
2026-07-02 02:52:50,113 [INFO] Pass: CommutativeCancellation - 0.07129 (ms)
2026-07-02 02:52:50,113 [INFO] Pass: ContractIdleWiresInControlFlow - 0.00167 (ms)
2026-07-02 02:52:50,113 [INFO] Pass: GatesInBasis - 0.01764 (ms)
2026-07-02 02:52:50,113 [INFO] Pass: Depth - 0.01836 (ms)
2026-07-02 02:52:50,113 [INFO] Pass: FixedPoint - 0.00334 (ms)
2026-07-02 02:52:50,113 [INFO] Pass: Size - 0.00191 (ms)
2026-07-02 02:52:50,113 [INFO] Pass: FixedPoint - 0.00286 (ms)
2026-07-02 02:52:50,113 [INFO] Pass: ContainsInstruction - 0.00572 (ms)
2026-07-02 02:52:50,113 [INFO] Total Transpile Time - 91.67981 (ms)
2026-07-02 03:06:11,427 [INFO] Pass: ContainsInstruction - 0.01335 (ms)
2026-07-02 03:06:11,427 [INFO] Pass: UnitarySynthesis - 0.01025 (ms)
2026-07-02 03:06:11,428 [INFO] Pass: HighLevelSynthesis - 0.00691 (ms)
2026-07-02 03:06:11,428 [INFO] Pass: BasisTranslator - 0.07033 (ms)
2026-07-02 03:06:11,428 [INFO] Pass: ElidePermutations - 0.00525 (ms)
2026-07-02 03:06:11,428 [INFO] Pass: RemoveDiagonalGatesBeforeMeasure - 0.00691 (ms)
2026-07-02 03:06:11,428 [INFO] Pass: RemoveIdentityEquivalent - 0.00882 (ms)
2026-07-02 03:06:11,428 [INFO] Pass: InverseCancellation - 0.00525 (ms)
2026-07-02 03:06:11,428 [INFO] Pass: ContractIdleWiresInControlFlow - 0.00238 (ms)
2026-07-02 03:06:11,428 [INFO] Pass: CommutativeCancellation - 0.06342 (ms)
2026-07-02 03:06:11,428 [INFO] Pass: ConsolidateBlocks - 0.04244 (ms)
2026-07-02 03:06:11,428 [INFO] Pass: Split2QUnitaries - 0.00381 (ms)
2026-07-02 03:06:11,428 [INFO] Pass: UnitarySynthesis - 0.00596 (ms)
2026-07-02 03:06:11,428 [INFO] Pass: HighLevelSynthesis - 0.02265 (ms)
2026-07-02 03:06:11,428 [INFO] Pass: BasisTranslator - 0.06604 (ms)
2026-07-02 03:06:11,428 [INFO] Pass: ConsolidateBlocks - 0.05031 (ms)
2026-07-02 03:06:11,428 [INFO] Pass: UnitarySynthesis - 0.00501 (ms)
2026-07-02 03:06:11,428 [INFO] Pass: Depth - 0.02050 (ms)
2026-07-02 03:06:11,428 [INFO] Pass: FixedPoint - 0.00477 (ms)
2026-07-02 03:06:11,428 [INFO] Pass: Size - 0.00429 (ms)
2026-07-02 03:06:11,428 [INFO] Pass: FixedPoint - 0.00286 (ms)
2026-07-02 03:06:11,428 [INFO] Pass: RemoveIdentityEquivalent - 0.00286 (ms)
2026-07-02 03:06:11,428 [INFO] Pass: Optimize1qGatesDecomposition - 0.03457 (ms)
2026-07-02 03:06:11,429 [INFO] Pass: CommutativeCancellation - 0.07772 (ms)
2026-07-02 03:06:11,429 [INFO] Pass: ContractIdleWiresInControlFlow - 0.00191 (ms)
2026-07-02 03:06:11,429 [INFO] Pass: GatesInBasis - 0.01979 (ms)
2026-07-02 03:06:11,429 [INFO] Pass: Depth - 0.01693 (ms)
2026-07-02 03:06:11,429 [INFO] Pass: FixedPoint - 0.00381 (ms)
2026-07-02 03:06:11,429 [INFO] Pass: Size - 0.00238 (ms)
2026-07-02 03:06:11,429 [INFO] Pass: FixedPoint - 0.00286 (ms)
2026-07-02 03:06:11,429 [INFO] Pass: ContainsInstruction - 0.00501 (ms)
2026-07-02 03:06:11,429 [INFO] Total Transpile Time - 93.59312 (ms)
2026-07-02 03:06:11,518 [INFO] Pass: ContainsInstruction - 0.01144 (ms)
2026-07-02 03:06:11,518 [INFO] Pass: UnitarySynthesis - 0.00763 (ms)
2026-07-02 03:06:11,518 [INFO] Pass: HighLevelSynthesis - 0.00501 (ms)
2026-07-02 03:06:11,518 [INFO] Pass: BasisTranslator - 0.06747 (ms)
2026-07-02 03:06:11,518 [INFO] Pass: ElidePermutations - 0.00501 (ms)
2026-07-02 03:06:11,518 [INFO] Pass: RemoveDiagonalGatesBeforeMeasure - 0.00668 (ms)
2026-07-02 03:06:11,518 [INFO] Pass: RemoveIdentityEquivalent - 0.00763 (ms)
2026-07-02 03:06:11,518 [INFO] Pass: InverseCancellation - 0.02360 (ms)
2026-07-02 03:06:11,518 [INFO] Pass: ContractIdleWiresInControlFlow - 0.00191 (ms)
2026-07-02 03:06:11,518 [INFO] Pass: CommutativeCancellation - 0.06890 (ms)
2026-07-02 03:06:11,518 [INFO] Pass: ConsolidateBlocks - 0.04077 (ms)
2026-07-02 03:06:11,518 [INFO] Pass: Split2QUnitaries - 0.00381 (ms)
2026-07-02 03:06:11,518 [INFO] Pass: UnitarySynthesis - 0.00501 (ms)
2026-07-02 03:06:11,518 [INFO] Pass: HighLevelSynthesis - 0.02313 (ms)
2026-07-02 03:06:11,518 [INFO] Pass: BasisTranslator - 0.07391 (ms)
2026-07-02 03:06:11,519 [INFO] Pass: ConsolidateBlocks - 0.05102 (ms)
2026-07-02 03:06:11,519 [INFO] Pass: UnitarySynthesis - 0.00453 (ms)
2026-07-02 03:06:11,519 [INFO] Pass: Depth - 0.02098 (ms)
2026-07-02 03:06:11,519 [INFO] Pass: FixedPoint - 0.00477 (ms)
2026-07-02 03:06:11,519 [INFO] Pass: Size - 0.00358 (ms)
2026-07-02 03:06:11,519 [INFO] Pass: FixedPoint - 0.00286 (ms)
2026-07-02 03:06:11,519 [INFO] Pass: RemoveIdentityEquivalent - 0.00429 (ms)
2026-07-02 03:06:11,519 [INFO] Pass: Optimize1qGatesDecomposition - 0.16570 (ms)
2026-07-02 03:06:11,519 [INFO] Pass: CommutativeCancellation - 0.08941 (ms)
2026-07-02 03:06:11,519 [INFO] Pass: ContractIdleWiresInControlFlow - 0.00238 (ms)
2026-07-02 03:06:11,519 [INFO] Pass: GatesInBasis - 0.01931 (ms)
2026-07-02 03:06:11,519 [INFO] Pass: Depth - 0.02146 (ms)
2026-07-02 03:06:11,519 [INFO] Pass: FixedPoint - 0.00381 (ms)
2026-07-02 03:06:11,519 [INFO] Pass: Size - 0.00215 (ms)
2026-07-02 03:06:11,519 [INFO] Pass: FixedPoint - 0.00286 (ms)
2026-07-02 03:06:11,519 [INFO] Pass: ContainsInstruction - 0.00501 (ms)
2026-07-02 03:06:11,520 [INFO] Total Transpile Time - 89.85090 (ms)
2026-07-02 03:06:11,611 [INFO] Pass: ContainsInstruction - 0.01407 (ms)
2026-07-02 03:06:11,611 [INFO] Pass: UnitarySynthesis - 0.00763 (ms)
2026-07-02 03:06:11,611 [INFO] Pass: HighLevelSynthesis - 0.00763 (ms)
2026-07-02 03:06:11,611 [INFO] Pass: BasisTranslator - 0.07915 (ms)
2026-07-02 03:06:11,611 [INFO] Pass: ElidePermutations - 0.00668 (ms)
2026-07-02 03:06:11,611 [INFO] Pass: RemoveDiagonalGatesBeforeMeasure - 0.00715 (ms)
2026-07-02 03:06:11,611 [INFO] Pass: RemoveIdentityEquivalent - 0.00930 (ms)
2026-07-02 03:06:11,611 [INFO] Pass: InverseCancellation - 0.02742 (ms)
2026-07-02 03:06:11,611 [INFO] Pass: ContractIdleWiresInControlFlow - 0.00262 (ms)
2026-07-02 03:06:11,611 [INFO] Pass: CommutativeCancellation - 0.07629 (ms)
2026-07-02 03:06:11,611 [INFO] Pass: ConsolidateBlocks - 0.04745 (ms)
2026-07-02 03:06:11,611 [INFO] Pass: Split2QUnitaries - 0.00334 (ms)
2026-07-02 03:06:11,611 [INFO] Pass: UnitarySynthesis - 0.00596 (ms)
2026-07-02 03:06:11,611 [INFO] Pass: HighLevelSynthesis - 0.02742 (ms)
2026-07-02 03:06:11,611 [INFO] Pass: BasisTranslator - 0.08059 (ms)
2026-07-02 03:06:11,612 [INFO] Pass: ConsolidateBlocks - 0.05817 (ms)
2026-07-02 03:06:11,612 [INFO] Pass: UnitarySynthesis - 0.00548 (ms)
2026-07-02 03:06:11,612 [INFO] Pass: Depth - 0.02432 (ms)
2026-07-02 03:06:11,612 [INFO] Pass: FixedPoint - 0.00572 (ms)
2026-07-02 03:06:11,612 [INFO] Pass: Size - 0.00525 (ms)
2026-07-02 03:06:11,612 [INFO] Pass: FixedPoint - 0.00310 (ms)
2026-07-02 03:06:11,612 [INFO] Pass: RemoveIdentityEquivalent - 0.00763 (ms)
2026-07-02 03:06:11,612 [INFO] Pass: Optimize1qGatesDecomposition - 0.20361 (ms)
2026-07-02 03:06:11,612 [INFO] Pass: CommutativeCancellation - 0.08678 (ms)
2026-07-02 03:06:11,612 [INFO] Pass: ContractIdleWiresInControlFlow - 0.00215 (ms)
2026-07-02 03:06:11,612 [INFO] Pass: GatesInBasis - 0.02122 (ms)
2026-07-02 03:06:11,612 [INFO] Pass: Depth - 0.02146 (ms)
2026-07-02 03:06:11,612 [INFO] Pass: FixedPoint - 0.00453 (ms)
2026-07-02 03:06:11,612 [INFO] Pass: Size - 0.00262 (ms)
2026-07-02 03:06:11,612 [INFO] Pass: FixedPoint - 0.00262 (ms)
2026-07-02 03:06:11,612 [INFO] Pass: RemoveIdentityEquivalent - 0.00548 (ms)
2026-07-02 03:06:11,613 [INFO] Pass: Optimize1qGatesDecomposition - 0.15712 (ms)
2026-07-02 03:06:11,613 [INFO] Pass: CommutativeCancellation - 0.07868 (ms)
2026-07-02 03:06:11,613 [INFO] Pass: ContractIdleWiresInControlFlow - 0.00215 (ms)
2026-07-02 03:06:11,613 [INFO] Pass: GatesInBasis - 0.01788 (ms)
2026-07-02 03:06:11,613 [INFO] Pass: Depth - 0.01812 (ms)
2026-07-02 03:06:11,613 [INFO] Pass: FixedPoint - 0.00334 (ms)
2026-07-02 03:06:11,613 [INFO] Pass: Size - 0.00191 (ms)
2026-07-02 03:06:11,613 [INFO] Pass: FixedPoint - 0.00262 (ms)
2026-07-02 03:06:11,613 [INFO] Pass: ContainsInstruction - 0.00691 (ms)
2026-07-02 03:06:11,613 [INFO] Total Transpile Time - 93.22453 (ms)
2026-07-02 03:19:38,676 [INFO] Pass: ContainsInstruction - 0.01168 (ms)
2026-07-02 03:19:38,677 [INFO] Pass: UnitarySynthesis - 0.00834 (ms)
2026-07-02 03:19:38,677 [INFO] Pass: HighLevelSynthesis - 0.00644 (ms)
2026-07-02 03:19:38,677 [INFO] Pass: BasisTranslator - 0.07367 (ms)
2026-07-02 03:19:38,677 [INFO] Pass: ElidePermutations - 0.00572 (ms)
2026-07-02 03:19:38,677 [INFO] Pass: RemoveDiagonalGatesBeforeMeasure - 0.00811 (ms)
2026-07-02 03:19:38,677 [INFO] Pass: RemoveIdentityEquivalent - 0.00525 (ms)
2026-07-02 03:19:38,677 [INFO] Pass: InverseCancellation - 0.00477 (ms)
2026-07-02 03:19:38,677 [INFO] Pass: ContractIdleWiresInControlFlow - 0.00238 (ms)
2026-07-02 03:19:38,677 [INFO] Pass: CommutativeCancellation - 0.06032 (ms)
2026-07-02 03:19:38,677 [INFO] Pass: ConsolidateBlocks - 0.04220 (ms)
2026-07-02 03:19:38,677 [INFO] Pass: Split2QUnitaries - 0.00334 (ms)
2026-07-02 03:19:38,677 [INFO] Pass: UnitarySynthesis - 0.00477 (ms)
2026-07-02 03:19:38,677 [INFO] Pass: HighLevelSynthesis - 0.02217 (ms)
2026-07-02 03:19:38,677 [INFO] Pass: BasisTranslator - 0.06557 (ms)
2026-07-02 03:19:38,677 [INFO] Pass: ConsolidateBlocks - 0.05460 (ms)
2026-07-02 03:19:38,677 [INFO] Pass: UnitarySynthesis - 0.00477 (ms)
2026-07-02 03:19:38,678 [INFO] Pass: Depth - 0.02003 (ms)
2026-07-02 03:19:38,678 [INFO] Pass: FixedPoint - 0.00548 (ms)
2026-07-02 03:19:38,678 [INFO] Pass: Size - 0.00358 (ms)
2026-07-02 03:19:38,678 [INFO] Pass: FixedPoint - 0.00310 (ms)
2026-07-02 03:19:38,678 [INFO] Pass: RemoveIdentityEquivalent - 0.00381 (ms)
2026-07-02 03:19:38,678 [INFO] Pass: Optimize1qGatesDecomposition - 0.03457 (ms)
2026-07-02 03:19:38,678 [INFO] Pass: CommutativeCancellation - 0.07296 (ms)
2026-07-02 03:19:38,678 [INFO] Pass: ContractIdleWiresInControlFlow - 0.00215 (ms)
2026-07-02 03:19:38,678 [INFO] Pass: GatesInBasis - 0.01907 (ms)
2026-07-02 03:19:38,678 [INFO] Pass: Depth - 0.01526 (ms)
2026-07-02 03:19:38,678 [INFO] Pass: FixedPoint - 0.00358 (ms)
2026-07-02 03:19:38,678 [INFO] Pass: Size - 0.00191 (ms)
2026-07-02 03:19:38,678 [INFO] Pass: FixedPoint - 0.00262 (ms)
2026-07-02 03:19:38,678 [INFO] Pass: ContainsInstruction - 0.00477 (ms)
2026-07-02 03:19:38,678 [INFO] Total Transpile Time - 90.07478 (ms)
2026-07-02 03:19:38,769 [INFO] Pass: ContainsInstruction - 0.01359 (ms)
2026-07-02 03:19:38,769 [INFO] Pass: UnitarySynthesis - 0.00787 (ms)
2026-07-02 03:19:38,769 [INFO] Pass: HighLevelSynthesis - 0.00644 (ms)
2026-07-02 03:19:38,769 [INFO] Pass: BasisTranslator - 0.07319 (ms)
2026-07-02 03:19:38,769 [INFO] Pass: ElidePermutations - 0.00501 (ms)
2026-07-02 03:19:38,769 [INFO] Pass: RemoveDiagonalGatesBeforeMeasure - 0.00739 (ms)
2026-07-02 03:19:38,769 [INFO] Pass: RemoveIdentityEquivalent - 0.00882 (ms)
2026-07-02 03:19:38,769 [INFO] Pass: InverseCancellation - 0.02384 (ms)
2026-07-02 03:19:38,769 [INFO] Pass: ContractIdleWiresInControlFlow - 0.00191 (ms)
2026-07-02 03:19:38,769 [INFO] Pass: CommutativeCancellation - 0.08345 (ms)
2026-07-02 03:19:38,770 [INFO] Pass: ConsolidateBlocks - 0.04458 (ms)
2026-07-02 03:19:38,770 [INFO] Pass: Split2QUnitaries - 0.00405 (ms)
2026-07-02 03:19:38,770 [INFO] Pass: UnitarySynthesis - 0.00572 (ms)
2026-07-02 03:19:38,770 [INFO] Pass: HighLevelSynthesis - 0.02456 (ms)
2026-07-02 03:19:38,770 [INFO] Pass: BasisTranslator - 0.07176 (ms)
2026-07-02 03:19:38,770 [INFO] Pass: ConsolidateBlocks - 0.05126 (ms)
2026-07-02 03:19:38,770 [INFO] Pass: UnitarySynthesis - 0.00501 (ms)
2026-07-02 03:19:38,770 [INFO] Pass: Depth - 0.02384 (ms)
2026-07-02 03:19:38,770 [INFO] Pass: FixedPoint - 0.00620 (ms)
2026-07-02 03:19:38,770 [INFO] Pass: Size - 0.00381 (ms)
2026-07-02 03:19:38,770 [INFO] Pass: FixedPoint - 0.00286 (ms)
2026-07-02 03:19:38,770 [INFO] Pass: RemoveIdentityEquivalent - 0.00525 (ms)
2026-07-02 03:19:38,770 [INFO] Pass: Optimize1qGatesDecomposition - 0.17715 (ms)
2026-07-02 03:19:38,770 [INFO] Pass: CommutativeCancellation - 0.09084 (ms)
2026-07-02 03:19:38,770 [INFO] Pass: ContractIdleWiresInControlFlow - 0.00215 (ms)
2026-07-02 03:19:38,770 [INFO] Pass: GatesInBasis - 0.02718 (ms)
2026-07-02 03:19:38,770 [INFO] Pass: Depth - 0.01979 (ms)
2026-07-02 03:19:38,771 [INFO] Pass: FixedPoint - 0.00381 (ms)
2026-07-02 03:19:38,771 [INFO] Pass: Size - 0.00215 (ms)
2026-07-02 03:19:38,771 [INFO] Pass: FixedPoint - 0.00262 (ms)
2026-07-02 03:19:38,771 [INFO] Pass: ContainsInstruction - 0.00572 (ms)
2026-07-02 03:19:38,771 [INFO] Total Transpile Time - 92.04865 (ms)
2026-07-02 03:19:38,860 [INFO] Pass: ContainsInstruction - 0.01287 (ms)
2026-07-02 03:19:38,860 [INFO] Pass: UnitarySynthesis - 0.00787 (ms)
2026-07-02 03:19:38,860 [INFO] Pass: HighLevelSynthesis - 0.00620 (ms)
2026-07-02 03:19:38,860 [INFO] Pass: BasisTranslator - 0.07081 (ms)
2026-07-02 03:19:38,860 [INFO] Pass: ElidePermutations - 0.00477 (ms)
2026-07-02 03:19:38,860 [INFO] Pass: RemoveDiagonalGatesBeforeMeasure - 0.00668 (ms)
2026-07-02 03:19:38,861 [INFO] Pass: RemoveIdentityEquivalent - 0.00811 (ms)
2026-07-02 03:19:38,861 [INFO] Pass: InverseCancellation - 0.02480 (ms)
2026-07-02 03:19:38,861 [INFO] Pass: ContractIdleWiresInControlFlow - 0.00238 (ms)
2026-07-02 03:19:38,861 [INFO] Pass: CommutativeCancellation - 0.07010 (ms)
2026-07-02 03:19:38,861 [INFO] Pass: ConsolidateBlocks - 0.04172 (ms)
2026-07-02 03:19:38,861 [INFO] Pass: Split2QUnitaries - 0.00310 (ms)
2026-07-02 03:19:38,861 [INFO] Pass: UnitarySynthesis - 0.00620 (ms)
2026-07-02 03:19:38,861 [INFO] Pass: HighLevelSynthesis - 0.02599 (ms)
2026-07-02 03:19:38,861 [INFO] Pass: BasisTranslator - 0.07248 (ms)
2026-07-02 03:19:38,861 [INFO] Pass: ConsolidateBlocks - 0.05174 (ms)
2026-07-02 03:19:38,861 [INFO] Pass: UnitarySynthesis - 0.00525 (ms)
2026-07-02 03:19:38,861 [INFO] Pass: Depth - 0.01979 (ms)
2026-07-02 03:19:38,861 [INFO] Pass: FixedPoint - 0.00525 (ms)
2026-07-02 03:19:38,861 [INFO] Pass: Size - 0.00405 (ms)
2026-07-02 03:19:38,861 [INFO] Pass: FixedPoint - 0.00310 (ms)
2026-07-02 03:19:38,861 [INFO] Pass: RemoveIdentityEquivalent - 0.00548 (ms)
2026-07-02 03:19:38,861 [INFO] Pass: Optimize1qGatesDecomposition - 0.17977 (ms)
2026-07-02 03:19:38,862 [INFO] Pass: CommutativeCancellation - 0.08035 (ms)
2026-07-02 03:19:38,862 [INFO] Pass: ContractIdleWiresInControlFlow - 0.00215 (ms)
2026-07-02 03:19:38,862 [INFO] Pass: GatesInBasis - 0.02146 (ms)
2026-07-02 03:19:38,862 [INFO] Pass: Depth - 0.02217 (ms)
2026-07-02 03:19:38,862 [INFO] Pass: FixedPoint - 0.00358 (ms)
2026-07-02 03:19:38,862 [INFO] Pass: Size - 0.00215 (ms)
2026-07-02 03:19:38,862 [INFO] Pass: FixedPoint - 0.00334 (ms)
2026-07-02 03:19:38,862 [INFO] Pass: RemoveIdentityEquivalent - 0.00525 (ms)
2026-07-02 03:19:38,862 [INFO] Pass: Optimize1qGatesDecomposition - 0.14949 (ms)
2026-07-02 03:19:38,862 [INFO] Pass: CommutativeCancellation - 0.07081 (ms)
2026-07-02 03:19:38,862 [INFO] Pass: ContractIdleWiresInControlFlow - 0.00191 (ms)
2026-07-02 03:19:38,862 [INFO] Pass: GatesInBasis - 0.01836 (ms)
2026-07-02 03:19:38,862 [INFO] Pass: Depth - 0.01860 (ms)
2026-07-02 03:19:38,862 [INFO] Pass: FixedPoint - 0.00334 (ms)
2026-07-02 03:19:38,862 [INFO] Pass: Size - 0.00215 (ms)
2026-07-02 03:19:38,862 [INFO] Pass: FixedPoint - 0.00262 (ms)
2026-07-02 03:19:38,862 [INFO] Pass: ContainsInstruction - 0.00620 (ms)
2026-07-02 03:19:38,863 [INFO] Total Transpile Time - 90.96551 (ms)
2026-07-02 03:33:01,237 [INFO] Pass: ContainsInstruction - 0.01216 (ms)
2026-07-02 03:33:01,238 [INFO] Pass: UnitarySynthesis - 0.00739 (ms)
2026-07-02 03:33:01,238 [INFO] Pass: HighLevelSynthesis - 0.00620 (ms)
2026-07-02 03:33:01,238 [INFO] Pass: BasisTranslator - 0.06533 (ms)
2026-07-02 03:33:01,238 [INFO] Pass: ElidePermutations - 0.00525 (ms)
2026-07-02 03:33:01,238 [INFO] Pass: RemoveDiagonalGatesBeforeMeasure - 0.00644 (ms)
2026-07-02 03:33:01,238 [INFO] Pass: RemoveIdentityEquivalent - 0.00596 (ms)
2026-07-02 03:33:01,238 [INFO] Pass: InverseCancellation - 0.00548 (ms)
2026-07-02 03:33:01,238 [INFO] Pass: ContractIdleWiresInControlFlow - 0.00238 (ms)
2026-07-02 03:33:01,238 [INFO] Pass: CommutativeCancellation - 0.05269 (ms)
2026-07-02 03:33:01,238 [INFO] Pass: ConsolidateBlocks - 0.04077 (ms)
2026-07-02 03:33:01,238 [INFO] Pass: Split2QUnitaries - 0.00358 (ms)
2026-07-02 03:33:01,238 [INFO] Pass: UnitarySynthesis - 0.00453 (ms)
2026-07-02 03:33:01,238 [INFO] Pass: HighLevelSynthesis - 0.02098 (ms)
2026-07-02 03:33:01,238 [INFO] Pass: BasisTranslator - 0.06533 (ms)
2026-07-02 03:33:01,238 [INFO] Pass: ConsolidateBlocks - 0.04721 (ms)
2026-07-02 03:33:01,238 [INFO] Pass: UnitarySynthesis - 0.00405 (ms)
2026-07-02 03:33:01,238 [INFO] Pass: Depth - 0.02193 (ms)
2026-07-02 03:33:01,238 [INFO] Pass: FixedPoint - 0.00501 (ms)
2026-07-02 03:33:01,238 [INFO] Pass: Size - 0.00358 (ms)
2026-07-02 03:33:01,238 [INFO] Pass: FixedPoint - 0.00310 (ms)
2026-07-02 03:33:01,239 [INFO] Pass: RemoveIdentityEquivalent - 0.00310 (ms)
2026-07-02 03:33:01,239 [INFO] Pass: Optimize1qGatesDecomposition - 0.03576 (ms)
2026-07-02 03:33:01,239 [INFO] Pass: CommutativeCancellation - 0.07153 (ms)
2026-07-02 03:33:01,239 [INFO] Pass: ContractIdleWiresInControlFlow - 0.00191 (ms)
2026-07-02 03:33:01,239 [INFO] Pass: GatesInBasis - 0.01931 (ms)
2026-07-02 03:33:01,239 [INFO] Pass: Depth - 0.01884 (ms)
2026-07-02 03:33:01,239 [INFO] Pass: FixedPoint - 0.00358 (ms)
2026-07-02 03:33:01,239 [INFO] Pass: Size - 0.00215 (ms)
2026-07-02 03:33:01,239 [INFO] Pass: FixedPoint - 0.00262 (ms)
2026-07-02 03:33:01,239 [INFO] Pass: ContainsInstruction - 0.00477 (ms)
2026-07-02 03:33:01,239 [INFO] Total Transpile Time - 90.96766 (ms)
2026-07-02 03:33:01,326 [INFO] Pass: ContainsInstruction - 0.01192 (ms)
2026-07-02 03:33:01,326 [INFO] Pass: UnitarySynthesis - 0.00739 (ms)
2026-07-02 03:33:01,326 [INFO] Pass: HighLevelSynthesis - 0.00596 (ms)
2026-07-02 03:33:01,326 [INFO] Pass: BasisTranslator - 0.07033 (ms)
2026-07-02 03:33:01,326 [INFO] Pass: ElidePermutations - 0.00548 (ms)
2026-07-02 03:33:01,326 [INFO] Pass: RemoveDiagonalGatesBeforeMeasure - 0.00715 (ms)
2026-07-02 03:33:01,326 [INFO] Pass: RemoveIdentityEquivalent - 0.00715 (ms)
2026-07-02 03:33:01,326 [INFO] Pass: InverseCancellation - 0.02265 (ms)
2026-07-02 03:33:01,326 [INFO] Pass: ContractIdleWiresInControlFlow - 0.00262 (ms)
2026-07-02 03:33:01,327 [INFO] Pass: CommutativeCancellation - 0.06270 (ms)
2026-07-02 03:33:01,327 [INFO] Pass: ConsolidateBlocks - 0.04339 (ms)
2026-07-02 03:33:01,327 [INFO] Pass: Split2QUnitaries - 0.00334 (ms)
2026-07-02 03:33:01,327 [INFO] Pass: UnitarySynthesis - 0.00477 (ms)
2026-07-02 03:33:01,327 [INFO] Pass: HighLevelSynthesis - 0.02456 (ms)
2026-07-02 03:33:01,327 [INFO] Pass: BasisTranslator - 0.07486 (ms)
2026-07-02 03:33:01,327 [INFO] Pass: ConsolidateBlocks - 0.05221 (ms)
2026-07-02 03:33:01,327 [INFO] Pass: UnitarySynthesis - 0.00453 (ms)
2026-07-02 03:33:01,327 [INFO] Pass: Depth - 0.02456 (ms)
2026-07-02 03:33:01,327 [INFO] Pass: FixedPoint - 0.00548 (ms)
2026-07-02 03:33:01,327 [INFO] Pass: Size - 0.00358 (ms)
2026-07-02 03:33:01,327 [INFO] Pass: FixedPoint - 0.00286 (ms)
2026-07-02 03:33:01,327 [INFO] Pass: RemoveIdentityEquivalent - 0.00501 (ms)
2026-07-02 03:33:01,327 [INFO] Pass: Optimize1qGatesDecomposition - 0.17190 (ms)
2026-07-02 03:33:01,327 [INFO] Pass: CommutativeCancellation - 0.08559 (ms)
2026-07-02 03:33:01,327 [INFO] Pass: ContractIdleWiresInControlFlow - 0.00191 (ms)
2026-07-02 03:33:01,327 [INFO] Pass: GatesInBasis - 0.02050 (ms)
2026-07-02 03:33:01,328 [INFO] Pass: Depth - 0.02098 (ms)
2026-07-02 03:33:01,328 [INFO] Pass: FixedPoint - 0.00381 (ms)
2026-07-02 03:33:01,328 [INFO] Pass: Size - 0.00215 (ms)
2026-07-02 03:33:01,328 [INFO] Pass: FixedPoint - 0.00286 (ms)
2026-07-02 03:33:01,328 [INFO] Pass: ContainsInstruction - 0.00572 (ms)
2026-07-02 03:33:01,328 [INFO] Total Transpile Time - 88.26184 (ms)
2026-07-02 03:33:01,416 [INFO] Pass: ContainsInstruction - 0.01335 (ms)
2026-07-02 03:33:01,416 [INFO] Pass: UnitarySynthesis - 0.00715 (ms)
2026-07-02 03:33:01,416 [INFO] Pass: HighLevelSynthesis - 0.00644 (ms)
2026-07-02 03:33:01,416 [INFO] Pass: BasisTranslator - 0.06747 (ms)
2026-07-02 03:33:01,416 [INFO] Pass: ElidePermutations - 0.00548 (ms)
2026-07-02 03:33:01,416 [INFO] Pass: RemoveDiagonalGatesBeforeMeasure - 0.00691 (ms)
2026-07-02 03:33:01,416 [INFO] Pass: RemoveIdentityEquivalent - 0.00858 (ms)
2026-07-02 03:33:01,416 [INFO] Pass: InverseCancellation - 0.02456 (ms)
2026-07-02 03:33:01,416 [INFO] Pass: ContractIdleWiresInControlFlow - 0.00215 (ms)
2026-07-02 03:33:01,416 [INFO] Pass: CommutativeCancellation - 0.06270 (ms)
2026-07-02 03:33:01,416 [INFO] Pass: ConsolidateBlocks - 0.04482 (ms)
2026-07-02 03:33:01,416 [INFO] Pass: Split2QUnitaries - 0.00381 (ms)
2026-07-02 03:33:01,416 [INFO] Pass: UnitarySynthesis - 0.00548 (ms)
2026-07-02 03:33:01,417 [INFO] Pass: HighLevelSynthesis - 0.02646 (ms)
2026-07-02 03:33:01,417 [INFO] Pass: BasisTranslator - 0.07391 (ms)
2026-07-02 03:33:01,417 [INFO] Pass: ConsolidateBlocks - 0.05269 (ms)
2026-07-02 03:33:01,417 [INFO] Pass: UnitarySynthesis - 0.00429 (ms)
2026-07-02 03:33:01,417 [INFO] Pass: Depth - 0.02432 (ms)
2026-07-02 03:33:01,417 [INFO] Pass: FixedPoint - 0.00477 (ms)
2026-07-02 03:33:01,417 [INFO] Pass: Size - 0.00381 (ms)
2026-07-02 03:33:01,417 [INFO] Pass: FixedPoint - 0.00286 (ms)
2026-07-02 03:33:01,417 [INFO] Pass: RemoveIdentityEquivalent - 0.00620 (ms)
2026-07-02 03:33:01,417 [INFO] Pass: Optimize1qGatesDecomposition - 0.18764 (ms)
2026-07-02 03:33:01,417 [INFO] Pass: CommutativeCancellation - 0.07820 (ms)
2026-07-02 03:33:01,417 [INFO] Pass: ContractIdleWiresInControlFlow - 0.00167 (ms)
2026-07-02 03:33:01,417 [INFO] Pass: GatesInBasis - 0.02003 (ms)
2026-07-02 03:33:01,417 [INFO] Pass: Depth - 0.02098 (ms)
2026-07-02 03:33:01,417 [INFO] Pass: FixedPoint - 0.00715 (ms)
2026-07-02 03:33:01,417 [INFO] Pass: Size - 0.00191 (ms)
2026-07-02 03:33:01,417 [INFO] Pass: FixedPoint - 0.00310 (ms)
2026-07-02 03:33:01,417 [INFO] Pass: RemoveIdentityEquivalent - 0.00525 (ms)
2026-07-02 03:33:01,418 [INFO] Pass: Optimize1qGatesDecomposition - 0.14257 (ms)
2026-07-02 03:33:01,418 [INFO] Pass: CommutativeCancellation - 0.06771 (ms)
2026-07-02 03:33:01,418 [INFO] Pass: ContractIdleWiresInControlFlow - 0.00215 (ms)
2026-07-02 03:33:01,418 [INFO] Pass: GatesInBasis - 0.01740 (ms)
2026-07-02 03:33:01,418 [INFO] Pass: Depth - 0.01788 (ms)
2026-07-02 03:33:01,418 [INFO] Pass: FixedPoint - 0.00310 (ms)
2026-07-02 03:33:01,418 [INFO] Pass: Size - 0.00167 (ms)
2026-07-02 03:33:01,418 [INFO] Pass: FixedPoint - 0.00262 (ms)
2026-07-02 03:33:01,418 [INFO] Pass: ContainsInstruction - 0.00596 (ms)
2026-07-02 03:33:01,418 [INFO] Total Transpile Time - 89.76960 (ms)
2026-07-02 03:46:31,838 [INFO] Pass: ContainsInstruction - 0.01287 (ms)
2026-07-02 03:46:31,838 [INFO] Pass: UnitarySynthesis - 0.00978 (ms)
2026-07-02 03:46:31,838 [INFO] Pass: HighLevelSynthesis - 0.00620 (ms)
2026-07-02 03:46:31,838 [INFO] Pass: BasisTranslator - 0.06914 (ms)
2026-07-02 03:46:31,838 [INFO] Pass: ElidePermutations - 0.00525 (ms)
2026-07-02 03:46:31,838 [INFO] Pass: RemoveDiagonalGatesBeforeMeasure - 0.00715 (ms)
2026-07-02 03:46:31,838 [INFO] Pass: RemoveIdentityEquivalent - 0.00525 (ms)
2026-07-02 03:46:31,839 [INFO] Pass: InverseCancellation - 0.00572 (ms)
2026-07-02 03:46:31,839 [INFO] Pass: ContractIdleWiresInControlFlow - 0.00215 (ms)
2026-07-02 03:46:31,839 [INFO] Pass: CommutativeCancellation - 0.06175 (ms)
2026-07-02 03:46:31,839 [INFO] Pass: ConsolidateBlocks - 0.04530 (ms)
2026-07-02 03:46:31,839 [INFO] Pass: Split2QUnitaries - 0.00310 (ms)
2026-07-02 03:46:31,839 [INFO] Pass: UnitarySynthesis - 0.00525 (ms)
2026-07-02 03:46:31,839 [INFO] Pass: HighLevelSynthesis - 0.02265 (ms)
2026-07-02 03:46:31,839 [INFO] Pass: BasisTranslator - 0.06771 (ms)
2026-07-02 03:46:31,839 [INFO] Pass: ConsolidateBlocks - 0.05031 (ms)
2026-07-02 03:46:31,839 [INFO] Pass: UnitarySynthesis - 0.00501 (ms)
2026-07-02 03:46:31,839 [INFO] Pass: Depth - 0.02050 (ms)
2026-07-02 03:46:31,839 [INFO] Pass: FixedPoint - 0.00477 (ms)
2026-07-02 03:46:31,839 [INFO] Pass: Size - 0.00405 (ms)
2026-07-02 03:46:31,839 [INFO] Pass: FixedPoint - 0.00262 (ms)
2026-07-02 03:46:31,839 [INFO] Pass: RemoveIdentityEquivalent - 0.00310 (ms)
2026-07-02 03:46:31,839 [INFO] Pass: Optimize1qGatesDecomposition - 0.03481 (ms)
2026-07-02 03:46:31,839 [INFO] Pass: CommutativeCancellation - 0.07915 (ms)
2026-07-02 03:46:31,839 [INFO] Pass: ContractIdleWiresInControlFlow - 0.00167 (ms)
2026-07-02 03:46:31,839 [INFO] Pass: GatesInBasis - 0.01836 (ms)
2026-07-02 03:46:31,839 [INFO] Pass: Depth - 0.01717 (ms)
2026-07-02 03:46:31,839 [INFO] Pass: FixedPoint - 0.00334 (ms)
2026-07-02 03:46:31,839 [INFO] Pass: Size - 0.00191 (ms)
2026-07-02 03:46:31,839 [INFO] Pass: FixedPoint - 0.00286 (ms)
2026-07-02 03:46:31,840 [INFO] Pass: ContainsInstruction - 0.00525 (ms)
2026-07-02 03:46:31,840 [INFO] Total Transpile Time - 89.44535 (ms)
2026-07-02 03:46:31,927 [INFO] Pass: ContainsInstruction - 0.01216 (ms)
2026-07-02 03:46:31,928 [INFO] Pass: UnitarySynthesis - 0.00811 (ms)
2026-07-02 03:46:31,928 [INFO] Pass: HighLevelSynthesis - 0.00691 (ms)
2026-07-02 03:46:31,928 [INFO] Pass: BasisTranslator - 0.07725 (ms)
2026-07-02 03:46:31,928 [INFO] Pass: ElidePermutations - 0.00548 (ms)
2026-07-02 03:46:31,928 [INFO] Pass: RemoveDiagonalGatesBeforeMeasure - 0.00715 (ms)
2026-07-02 03:46:31,928 [INFO] Pass: RemoveIdentityEquivalent - 0.00739 (ms)
2026-07-02 03:46:31,928 [INFO] Pass: InverseCancellation - 0.02480 (ms)
2026-07-02 03:46:31,928 [INFO] Pass: ContractIdleWiresInControlFlow - 0.00215 (ms)
2026-07-02 03:46:31,928 [INFO] Pass: CommutativeCancellation - 0.08154 (ms)
2026-07-02 03:46:31,928 [INFO] Pass: ConsolidateBlocks - 0.04435 (ms)
2026-07-02 03:46:31,928 [INFO] Pass: Split2QUnitaries - 0.00358 (ms)
2026-07-02 03:46:31,928 [INFO] Pass: UnitarySynthesis - 0.00548 (ms)
2026-07-02 03:46:31,928 [INFO] Pass: HighLevelSynthesis - 0.02575 (ms)
2026-07-02 03:46:31,928 [INFO] Pass: BasisTranslator - 0.06914 (ms)
2026-07-02 03:46:31,928 [INFO] Pass: ConsolidateBlocks - 0.05293 (ms)
2026-07-02 03:46:31,928 [INFO] Pass: UnitarySynthesis - 0.00477 (ms)
2026-07-02 03:46:31,928 [INFO] Pass: Depth - 0.02265 (ms)
2026-07-02 03:46:31,928 [INFO] Pass: FixedPoint - 0.00525 (ms)
2026-07-02 03:46:31,928 [INFO] Pass: Size - 0.00477 (ms)
2026-07-02 03:46:31,928 [INFO] Pass: FixedPoint - 0.00310 (ms)
2026-07-02 03:46:31,929 [INFO] Pass: RemoveIdentityEquivalent - 0.00405 (ms)
2026-07-02 03:46:31,929 [INFO] Pass: Optimize1qGatesDecomposition - 0.17834 (ms)
2026-07-02 03:46:31,929 [INFO] Pass: CommutativeCancellation - 0.09346 (ms)
2026-07-02 03:46:31,929 [INFO] Pass: ContractIdleWiresInControlFlow - 0.00215 (ms)
2026-07-02 03:46:31,929 [INFO] Pass: GatesInBasis - 0.02027 (ms)
2026-07-02 03:46:31,929 [INFO] Pass: Depth - 0.02098 (ms)
2026-07-02 03:46:31,929 [INFO] Pass: FixedPoint - 0.00334 (ms)
2026-07-02 03:46:31,929 [INFO] Pass: Size - 0.00191 (ms)
2026-07-02 03:46:31,929 [INFO] Pass: FixedPoint - 0.00310 (ms)
2026-07-02 03:46:31,929 [INFO] Pass: ContainsInstruction - 0.00644 (ms)
2026-07-02 03:46:31,929 [INFO] Total Transpile Time - 88.94873 (ms)
2026-07-02 03:46:32,017 [INFO] Pass: ContainsInstruction - 0.01311 (ms)
2026-07-02 03:46:32,017 [INFO] Pass: UnitarySynthesis - 0.00739 (ms)
2026-07-02 03:46:32,017 [INFO] Pass: HighLevelSynthesis - 0.00596 (ms)
2026-07-02 03:46:32,017 [INFO] Pass: BasisTranslator - 0.08106 (ms)
2026-07-02 03:46:32,017 [INFO] Pass: ElidePermutations - 0.00548 (ms)
2026-07-02 03:46:32,018 [INFO] Pass: RemoveDiagonalGatesBeforeMeasure - 0.00787 (ms)
2026-07-02 03:46:32,018 [INFO] Pass: RemoveIdentityEquivalent - 0.00930 (ms)
2026-07-02 03:46:32,018 [INFO] Pass: InverseCancellation - 0.02527 (ms)
2026-07-02 03:46:32,018 [INFO] Pass: ContractIdleWiresInControlFlow - 0.00238 (ms)
2026-07-02 03:46:32,018 [INFO] Pass: CommutativeCancellation - 0.07319 (ms)
2026-07-02 03:46:32,018 [INFO] Pass: ConsolidateBlocks - 0.04435 (ms)
2026-07-02 03:46:32,018 [INFO] Pass: Split2QUnitaries - 0.00334 (ms)
2026-07-02 03:46:32,018 [INFO] Pass: UnitarySynthesis - 0.00548 (ms)
2026-07-02 03:46:32,018 [INFO] Pass: HighLevelSynthesis - 0.02670 (ms)
2026-07-02 03:46:32,018 [INFO] Pass: BasisTranslator - 0.06890 (ms)
2026-07-02 03:46:32,018 [INFO] Pass: ConsolidateBlocks - 0.04983 (ms)
2026-07-02 03:46:32,018 [INFO] Pass: UnitarySynthesis - 0.00477 (ms)
2026-07-02 03:46:32,018 [INFO] Pass: Depth - 0.02384 (ms)
2026-07-02 03:46:32,018 [INFO] Pass: FixedPoint - 0.00525 (ms)
2026-07-02 03:46:32,018 [INFO] Pass: Size - 0.00358 (ms)
2026-07-02 03:46:32,018 [INFO] Pass: FixedPoint - 0.00286 (ms)
2026-07-02 03:46:32,018 [INFO] Pass: RemoveIdentityEquivalent - 0.00596 (ms)
2026-07-02 03:46:32,018 [INFO] Pass: Optimize1qGatesDecomposition - 0.19145 (ms)
2026-07-02 03:46:32,019 [INFO] Pass: CommutativeCancellation - 0.08702 (ms)
2026-07-02 03:46:32,019 [INFO] Pass: ContractIdleWiresInControlFlow - 0.00215 (ms)
2026-07-02 03:46:32,019 [INFO] Pass: GatesInBasis - 0.02098 (ms)
2026-07-02 03:46:32,019 [INFO] Pass: Depth - 0.02146 (ms)
2026-07-02 03:46:32,019 [INFO] Pass: FixedPoint - 0.00381 (ms)
2026-07-02 03:46:32,019 [INFO] Pass: Size - 0.00191 (ms)
2026-07-02 03:46:32,019 [INFO] Pass: FixedPoint - 0.00286 (ms)
2026-07-02 03:46:32,019 [INFO] Pass: RemoveIdentityEquivalent - 0.00501 (ms)
2026-07-02 03:46:32,019 [INFO] Pass: Optimize1qGatesDecomposition - 0.14853 (ms)
2026-07-02 03:46:32,019 [INFO] Pass: CommutativeCancellation - 0.07367 (ms)
2026-07-02 03:46:32,019 [INFO] Pass: ContractIdleWiresInControlFlow - 0.00167 (ms)
2026-07-02 03:46:32,019 [INFO] Pass: GatesInBasis - 0.01717 (ms)
2026-07-02 03:46:32,019 [INFO] Pass: Depth - 0.01955 (ms)
2026-07-02 03:46:32,019 [INFO] Pass: FixedPoint - 0.00310 (ms)
2026-07-02 03:46:32,019 [INFO] Pass: Size - 0.00167 (ms)
2026-07-02 03:46:32,019 [INFO] Pass: FixedPoint - 0.00262 (ms)
2026-07-02 03:46:32,019 [INFO] Pass: ContainsInstruction - 0.00644 (ms)
2026-07-02 03:46:32,020 [INFO] Total Transpile Time - 89.55622 (ms)
2026-07-02 03:59:46,504 [INFO] Pass: ContainsInstruction - 0.01812 (ms)
2026-07-02 03:59:46,505 [INFO] Pass: UnitarySynthesis - 0.00882 (ms)
2026-07-02 03:59:46,505 [INFO] Pass: HighLevelSynthesis - 0.00525 (ms)
2026-07-02 03:59:46,505 [INFO] Pass: BasisTranslator - 0.06676 (ms)
2026-07-02 03:59:46,505 [INFO] Pass: ElidePermutations - 0.00477 (ms)
2026-07-02 03:59:46,505 [INFO] Pass: RemoveDiagonalGatesBeforeMeasure - 0.00739 (ms)
2026-07-02 03:59:46,505 [INFO] Pass: RemoveIdentityEquivalent - 0.00620 (ms)
2026-07-02 03:59:46,505 [INFO] Pass: InverseCancellation - 0.00501 (ms)
2026-07-02 03:59:46,505 [INFO] Pass: ContractIdleWiresInControlFlow - 0.00238 (ms)
2026-07-02 03:59:46,505 [INFO] Pass: CommutativeCancellation - 0.06056 (ms)
2026-07-02 03:59:46,505 [INFO] Pass: ConsolidateBlocks - 0.04125 (ms)
2026-07-02 03:59:46,505 [INFO] Pass: Split2QUnitaries - 0.00334 (ms)
2026-07-02 03:59:46,505 [INFO] Pass: UnitarySynthesis - 0.00477 (ms)
2026-07-02 03:59:46,505 [INFO] Pass: HighLevelSynthesis - 0.02122 (ms)
2026-07-02 03:59:46,505 [INFO] Pass: BasisTranslator - 0.06151 (ms)
2026-07-02 03:59:46,505 [INFO] Pass: ConsolidateBlocks - 0.06461 (ms)
2026-07-02 03:59:46,506 [INFO] Pass: UnitarySynthesis - 0.00477 (ms)
2026-07-02 03:59:46,506 [INFO] Pass: Depth - 0.02050 (ms)
2026-07-02 03:59:46,506 [INFO] Pass: FixedPoint - 0.00477 (ms)
2026-07-02 03:59:46,506 [INFO] Pass: Size - 0.00334 (ms)
2026-07-02 03:59:46,506 [INFO] Pass: FixedPoint - 0.00310 (ms)
2026-07-02 03:59:46,506 [INFO] Pass: RemoveIdentityEquivalent - 0.00310 (ms)
2026-07-02 03:59:46,506 [INFO] Pass: Optimize1qGatesDecomposition - 0.03242 (ms)
2026-07-02 03:59:46,506 [INFO] Pass: CommutativeCancellation - 0.07486 (ms)
2026-07-02 03:59:46,506 [INFO] Pass: ContractIdleWiresInControlFlow - 0.00191 (ms)
2026-07-02 03:59:46,506 [INFO] Pass: GatesInBasis - 0.01955 (ms)
2026-07-02 03:59:46,506 [INFO] Pass: Depth - 0.01717 (ms)
2026-07-02 03:59:46,506 [INFO] Pass: FixedPoint - 0.00334 (ms)
2026-07-02 03:59:46,506 [INFO] Pass: Size - 0.00215 (ms)
2026-07-02 03:59:46,506 [INFO] Pass: FixedPoint - 0.00286 (ms)
2026-07-02 03:59:46,506 [INFO] Pass: ContainsInstruction - 0.00477 (ms)
2026-07-02 03:59:46,506 [INFO] Total Transpile Time - 89.02717 (ms)
2026-07-02 03:59:46,594 [INFO] Pass: ContainsInstruction - 0.01216 (ms)
2026-07-02 03:59:46,594 [INFO] Pass: UnitarySynthesis - 0.00763 (ms)
2026-07-02 03:59:46,594 [INFO] Pass: HighLevelSynthesis - 0.00668 (ms)
2026-07-02 03:59:46,594 [INFO] Pass: BasisTranslator - 0.07272 (ms)
2026-07-02 03:59:46,594 [INFO] Pass: ElidePermutations - 0.00525 (ms)
2026-07-02 03:59:46,594 [INFO] Pass: RemoveDiagonalGatesBeforeMeasure - 0.00739 (ms)
2026-07-02 03:59:46,594 [INFO] Pass: RemoveIdentityEquivalent - 0.00715 (ms)
2026-07-02 03:59:46,594 [INFO] Pass: InverseCancellation - 0.02313 (ms)
2026-07-02 03:59:46,595 [INFO] Pass: ContractIdleWiresInControlFlow - 0.00262 (ms)
2026-07-02 03:59:46,595 [INFO] Pass: CommutativeCancellation - 0.07915 (ms)
2026-07-02 03:59:46,595 [INFO] Pass: ConsolidateBlocks - 0.04435 (ms)
2026-07-02 03:59:46,595 [INFO] Pass: Split2QUnitaries - 0.00381 (ms)
2026-07-02 03:59:46,595 [INFO] Pass: UnitarySynthesis - 0.00525 (ms)
2026-07-02 03:59:46,595 [INFO] Pass: HighLevelSynthesis - 0.02480 (ms)
2026-07-02 03:59:46,595 [INFO] Pass: BasisTranslator - 0.06938 (ms)
2026-07-02 03:59:46,595 [INFO] Pass: ConsolidateBlocks - 0.05007 (ms)
2026-07-02 03:59:46,595 [INFO] Pass: UnitarySynthesis - 0.00501 (ms)
2026-07-02 03:59:46,595 [INFO] Pass: Depth - 0.02122 (ms)
2026-07-02 03:59:46,595 [INFO] Pass: FixedPoint - 0.00572 (ms)
2026-07-02 03:59:46,595 [INFO] Pass: Size - 0.00405 (ms)
2026-07-02 03:59:46,595 [INFO] Pass: FixedPoint - 0.00286 (ms)
2026-07-02 03:59:46,595 [INFO] Pass: RemoveIdentityEquivalent - 0.00429 (ms)
2026-07-02 03:59:46,595 [INFO] Pass: Optimize1qGatesDecomposition - 0.16689 (ms)
2026-07-02 03:59:46,595 [INFO] Pass: CommutativeCancellation - 0.09823 (ms)
2026-07-02 03:59:46,595 [INFO] Pass: ContractIdleWiresInControlFlow - 0.00191 (ms)
2026-07-02 03:59:46,596 [INFO] Pass: GatesInBasis - 0.02098 (ms)
2026-07-02 03:59:46,596 [INFO] Pass: Depth - 0.02003 (ms)
2026-07-02 03:59:46,596 [INFO] Pass: FixedPoint - 0.00381 (ms)
2026-07-02 03:59:46,596 [INFO] Pass: Size - 0.00262 (ms)
2026-07-02 03:59:46,596 [INFO] Pass: FixedPoint - 0.00286 (ms)
2026-07-02 03:59:46,596 [INFO] Pass: ContainsInstruction - 0.00572 (ms)
2026-07-02 03:59:46,596 [INFO] Total Transpile Time - 89.22648 (ms)
2026-07-02 03:59:46,685 [INFO] Pass: ContainsInstruction - 0.01287 (ms)
2026-07-02 03:59:46,685 [INFO] Pass: UnitarySynthesis - 0.00906 (ms)
2026-07-02 03:59:46,685 [INFO] Pass: HighLevelSynthesis - 0.00668 (ms)
2026-07-02 03:59:46,685 [INFO] Pass: BasisTranslator - 0.07153 (ms)
2026-07-02 03:59:46,685 [INFO] Pass: ElidePermutations - 0.00477 (ms)
2026-07-02 03:59:46,685 [INFO] Pass: RemoveDiagonalGatesBeforeMeasure - 0.00668 (ms)
2026-07-02 03:59:46,685 [INFO] Pass: RemoveIdentityEquivalent - 0.00954 (ms)
2026-07-02 03:59:46,685 [INFO] Pass: InverseCancellation - 0.02623 (ms)
2026-07-02 03:59:46,685 [INFO] Pass: ContractIdleWiresInControlFlow - 0.00215 (ms)
2026-07-02 03:59:46,685 [INFO] Pass: CommutativeCancellation - 0.07200 (ms)
2026-07-02 03:59:46,685 [INFO] Pass: ConsolidateBlocks - 0.04339 (ms)
2026-07-02 03:59:46,685 [INFO] Pass: Split2QUnitaries - 0.00334 (ms)
2026-07-02 03:59:46,685 [INFO] Pass: UnitarySynthesis - 0.00525 (ms)
2026-07-02 03:59:46,686 [INFO] Pass: HighLevelSynthesis - 0.02623 (ms)
2026-07-02 03:59:46,686 [INFO] Pass: BasisTranslator - 0.07057 (ms)
2026-07-02 03:59:46,686 [INFO] Pass: ConsolidateBlocks - 0.05150 (ms)
2026-07-02 03:59:46,686 [INFO] Pass: UnitarySynthesis - 0.00429 (ms)
2026-07-02 03:59:46,686 [INFO] Pass: Depth - 0.02313 (ms)
2026-07-02 03:59:46,686 [INFO] Pass: FixedPoint - 0.00477 (ms)
2026-07-02 03:59:46,686 [INFO] Pass: Size - 0.00358 (ms)
2026-07-02 03:59:46,686 [INFO] Pass: FixedPoint - 0.00286 (ms)
2026-07-02 03:59:46,686 [INFO] Pass: RemoveIdentityEquivalent - 0.00644 (ms)
2026-07-02 03:59:46,686 [INFO] Pass: Optimize1qGatesDecomposition - 0.16952 (ms)
2026-07-02 03:59:46,686 [INFO] Pass: CommutativeCancellation - 0.08535 (ms)
2026-07-02 03:59:46,686 [INFO] Pass: ContractIdleWiresInControlFlow - 0.00191 (ms)
2026-07-02 03:59:46,686 [INFO] Pass: GatesInBasis - 0.02074 (ms)
2026-07-02 03:59:46,686 [INFO] Pass: Depth - 0.01979 (ms)
2026-07-02 03:59:46,686 [INFO] Pass: FixedPoint - 0.00358 (ms)
2026-07-02 03:59:46,686 [INFO] Pass: Size - 0.00238 (ms)
2026-07-02 03:59:46,686 [INFO] Pass: FixedPoint - 0.00310 (ms)
2026-07-02 03:59:46,686 [INFO] Pass: RemoveIdentityEquivalent - 0.00525 (ms)
2026-07-02 03:59:46,687 [INFO] Pass: Optimize1qGatesDecomposition - 0.14710 (ms)
2026-07-02 03:59:46,687 [INFO] Pass: CommutativeCancellation - 0.07343 (ms)
2026-07-02 03:59:46,687 [INFO] Pass: ContractIdleWiresInControlFlow - 0.00191 (ms)
2026-07-02 03:59:46,687 [INFO] Pass: GatesInBasis - 0.01788 (ms)
2026-07-02 03:59:46,687 [INFO] Pass: Depth - 0.01907 (ms)
2026-07-02 03:59:46,687 [INFO] Pass: FixedPoint - 0.00358 (ms)
2026-07-02 03:59:46,687 [INFO] Pass: Size - 0.00191 (ms)
2026-07-02 03:59:46,687 [INFO] Pass: FixedPoint - 0.00262 (ms)
2026-07-02 03:59:46,687 [INFO] Pass: ContainsInstruction - 0.00596 (ms)
2026-07-02 03:59:46,687 [INFO] Total Transpile Time - 90.58809 (ms)
2026-07-02 04:13:06,293 [INFO] Pass: ContainsInstruction - 0.01192 (ms)
2026-07-02 04:13:06,293 [INFO] Pass: UnitarySynthesis - 0.01049 (ms)
2026-07-02 04:13:06,293 [INFO] Pass: HighLevelSynthesis - 0.00644 (ms)
2026-07-02 04:13:06,293 [INFO] Pass: BasisTranslator - 0.07248 (ms)
2026-07-02 04:13:06,293 [INFO] Pass: ElidePermutations - 0.00525 (ms)
2026-07-02 04:13:06,293 [INFO] Pass: RemoveDiagonalGatesBeforeMeasure - 0.00668 (ms)
2026-07-02 04:13:06,293 [INFO] Pass: RemoveIdentityEquivalent - 0.00477 (ms)
2026-07-02 04:13:06,293 [INFO] Pass: InverseCancellation - 0.00548 (ms)
2026-07-02 04:13:06,293 [INFO] Pass: ContractIdleWiresInControlFlow - 0.00215 (ms)
2026-07-02 04:13:06,293 [INFO] Pass: CommutativeCancellation - 0.06104 (ms)
2026-07-02 04:13:06,293 [INFO] Pass: ConsolidateBlocks - 0.04172 (ms)
2026-07-02 04:13:06,293 [INFO] Pass: Split2QUnitaries - 0.00334 (ms)
2026-07-02 04:13:06,293 [INFO] Pass: UnitarySynthesis - 0.00525 (ms)
2026-07-02 04:13:06,294 [INFO] Pass: HighLevelSynthesis - 0.02193 (ms)
2026-07-02 04:13:06,294 [INFO] Pass: BasisTranslator - 0.06795 (ms)
2026-07-02 04:13:06,294 [INFO] Pass: ConsolidateBlocks - 0.05245 (ms)
2026-07-02 04:13:06,294 [INFO] Pass: UnitarySynthesis - 0.00477 (ms)
2026-07-02 04:13:06,294 [INFO] Pass: Depth - 0.02074 (ms)
2026-07-02 04:13:06,294 [INFO] Pass: FixedPoint - 0.00572 (ms)
2026-07-02 04:13:06,294 [INFO] Pass: Size - 0.00381 (ms)
2026-07-02 04:13:06,294 [INFO] Pass: FixedPoint - 0.00286 (ms)
2026-07-02 04:13:06,294 [INFO] Pass: RemoveIdentityEquivalent - 0.00358 (ms)
2026-07-02 04:13:06,294 [INFO] Pass: Optimize1qGatesDecomposition - 0.03433 (ms)
2026-07-02 04:13:06,294 [INFO] Pass: CommutativeCancellation - 0.07701 (ms)
2026-07-02 04:13:06,294 [INFO] Pass: ContractIdleWiresInControlFlow - 0.00191 (ms)
2026-07-02 04:13:06,294 [INFO] Pass: GatesInBasis - 0.01955 (ms)
2026-07-02 04:13:06,294 [INFO] Pass: Depth - 0.01764 (ms)
2026-07-02 04:13:06,294 [INFO] Pass: FixedPoint - 0.00334 (ms)
2026-07-02 04:13:06,294 [INFO] Pass: Size - 0.00238 (ms)
2026-07-02 04:13:06,294 [INFO] Pass: FixedPoint - 0.00286 (ms)
2026-07-02 04:13:06,294 [INFO] Pass: ContainsInstruction - 0.00548 (ms)
2026-07-02 04:13:06,295 [INFO] Total Transpile Time - 92.27896 (ms)
2026-07-02 04:13:06,384 [INFO] Pass: ContainsInstruction - 0.01240 (ms)
2026-07-02 04:13:06,384 [INFO] Pass: UnitarySynthesis - 0.00858 (ms)
2026-07-02 04:13:06,384 [INFO] Pass: HighLevelSynthesis - 0.00596 (ms)
2026-07-02 04:13:06,384 [INFO] Pass: BasisTranslator - 0.06461 (ms)
2026-07-02 04:13:06,384 [INFO] Pass: ElidePermutations - 0.00501 (ms)
2026-07-02 04:13:06,384 [INFO] Pass: RemoveDiagonalGatesBeforeMeasure - 0.00739 (ms)
2026-07-02 04:13:06,384 [INFO] Pass: RemoveIdentityEquivalent - 0.00715 (ms)
2026-07-02 04:13:06,384 [INFO] Pass: InverseCancellation - 0.02360 (ms)
2026-07-02 04:13:06,384 [INFO] Pass: ContractIdleWiresInControlFlow - 0.00238 (ms)
2026-07-02 04:13:06,384 [INFO] Pass: CommutativeCancellation - 0.07200 (ms)
2026-07-02 04:13:06,384 [INFO] Pass: ConsolidateBlocks - 0.04292 (ms)
2026-07-02 04:13:06,384 [INFO] Pass: Split2QUnitaries - 0.00381 (ms)
2026-07-02 04:13:06,384 [INFO] Pass: UnitarySynthesis - 0.00548 (ms)
2026-07-02 04:13:06,385 [INFO] Pass: HighLevelSynthesis - 0.02313 (ms)
2026-07-02 04:13:06,385 [INFO] Pass: BasisTranslator - 0.06533 (ms)
2026-07-02 04:13:06,385 [INFO] Pass: ConsolidateBlocks - 0.04864 (ms)
2026-07-02 04:13:06,385 [INFO] Pass: UnitarySynthesis - 0.00477 (ms)
2026-07-02 04:13:06,385 [INFO] Pass: Depth - 0.02122 (ms)
2026-07-02 04:13:06,385 [INFO] Pass: FixedPoint - 0.00501 (ms)
2026-07-02 04:13:06,385 [INFO] Pass: Size - 0.00381 (ms)
2026-07-02 04:13:06,385 [INFO] Pass: FixedPoint - 0.00286 (ms)
2026-07-02 04:13:06,385 [INFO] Pass: RemoveIdentityEquivalent - 0.00453 (ms)
2026-07-02 04:13:06,385 [INFO] Pass: Optimize1qGatesDecomposition - 0.16499 (ms)
2026-07-02 04:13:06,385 [INFO] Pass: CommutativeCancellation - 0.08988 (ms)
2026-07-02 04:13:06,385 [INFO] Pass: ContractIdleWiresInControlFlow - 0.00191 (ms)
2026-07-02 04:13:06,385 [INFO] Pass: GatesInBasis - 0.02122 (ms)
2026-07-02 04:13:06,385 [INFO] Pass: Depth - 0.01764 (ms)
2026-07-02 04:13:06,385 [INFO] Pass: FixedPoint - 0.00358 (ms)
2026-07-02 04:13:06,385 [INFO] Pass: Size - 0.00191 (ms)
2026-07-02 04:13:06,385 [INFO] Pass: FixedPoint - 0.00286 (ms)
2026-07-02 04:13:06,385 [INFO] Pass: ContainsInstruction - 0.00572 (ms)
2026-07-02 04:13:06,386 [INFO] Total Transpile Time - 90.52992 (ms)
2026-07-02 04:13:06,474 [INFO] Pass: ContainsInstruction - 0.01240 (ms)
2026-07-02 04:13:06,474 [INFO] Pass: UnitarySynthesis - 0.00763 (ms)
2026-07-02 04:13:06,474 [INFO] Pass: HighLevelSynthesis - 0.00620 (ms)
2026-07-02 04:13:06,474 [INFO] Pass: BasisTranslator - 0.08273 (ms)
2026-07-02 04:13:06,475 [INFO] Pass: ElidePermutations - 0.00572 (ms)
2026-07-02 04:13:06,475 [INFO] Pass: RemoveDiagonalGatesBeforeMeasure - 0.00715 (ms)
2026-07-02 04:13:06,475 [INFO] Pass: RemoveIdentityEquivalent - 0.00834 (ms)
2026-07-02 04:13:06,475 [INFO] Pass: InverseCancellation - 0.02503 (ms)
2026-07-02 04:13:06,475 [INFO] Pass: ContractIdleWiresInControlFlow - 0.00191 (ms)
2026-07-02 04:13:06,475 [INFO] Pass: CommutativeCancellation - 0.07629 (ms)
2026-07-02 04:13:06,475 [INFO] Pass: ConsolidateBlocks - 0.04363 (ms)
2026-07-02 04:13:06,475 [INFO] Pass: Split2QUnitaries - 0.00334 (ms)
2026-07-02 04:13:06,475 [INFO] Pass: UnitarySynthesis - 0.00525 (ms)
2026-07-02 04:13:06,475 [INFO] Pass: HighLevelSynthesis - 0.02718 (ms)
2026-07-02 04:13:06,475 [INFO] Pass: BasisTranslator - 0.06890 (ms)
2026-07-02 04:13:06,475 [INFO] Pass: ConsolidateBlocks - 0.05198 (ms)
2026-07-02 04:13:06,475 [INFO] Pass: UnitarySynthesis - 0.00477 (ms)
2026-07-02 04:13:06,475 [INFO] Pass: Depth - 0.02313 (ms)
2026-07-02 04:13:06,475 [INFO] Pass: FixedPoint - 0.00525 (ms)
2026-07-02 04:13:06,475 [INFO] Pass: Size - 0.00381 (ms)
2026-07-02 04:13:06,475 [INFO] Pass: FixedPoint - 0.00286 (ms)
2026-07-02 04:13:06,475 [INFO] Pass: RemoveIdentityEquivalent - 0.00572 (ms)
2026-07-02 04:13:06,476 [INFO] Pass: Optimize1qGatesDecomposition - 0.20361 (ms)
2026-07-02 04:13:06,476 [INFO] Pass: CommutativeCancellation - 0.08750 (ms)
2026-07-02 04:13:06,476 [INFO] Pass: ContractIdleWiresInControlFlow - 0.00191 (ms)
2026-07-02 04:13:06,476 [INFO] Pass: GatesInBasis - 0.02122 (ms)
2026-07-02 04:13:06,476 [INFO] Pass: Depth - 0.02074 (ms)
2026-07-02 04:13:06,476 [INFO] Pass: FixedPoint - 0.00381 (ms)
2026-07-02 04:13:06,476 [INFO] Pass: Size - 0.00262 (ms)
2026-07-02 04:13:06,476 [INFO] Pass: FixedPoint - 0.00286 (ms)
2026-07-02 04:13:06,476 [INFO] Pass: RemoveIdentityEquivalent - 0.00525 (ms)
2026-07-02 04:13:06,476 [INFO] Pass: Optimize1qGatesDecomposition - 0.14997 (ms)
2026-07-02 04:13:06,476 [INFO] Pass: CommutativeCancellation - 0.07248 (ms)
2026-07-02 04:13:06,476 [INFO] Pass: ContractIdleWiresInControlFlow - 0.00167 (ms)
2026-07-02 04:13:06,476 [INFO] Pass: GatesInBasis - 0.01812 (ms)
2026-07-02 04:13:06,476 [INFO] Pass: Depth - 0.01860 (ms)
2026-07-02 04:13:06,476 [INFO] Pass: FixedPoint - 0.00334 (ms)
2026-07-02 04:13:06,476 [INFO] Pass: Size - 0.00215 (ms)
2026-07-02 04:13:06,476 [INFO] Pass: FixedPoint - 0.00286 (ms)
2026-07-02 04:13:06,476 [INFO] Pass: ContainsInstruction - 0.00668 (ms)
2026-07-02 04:13:06,477 [INFO] Total Transpile Time - 90.51037 (ms)
2026-07-02 04:26:34,718 [INFO] Pass: ContainsInstruction - 0.01359 (ms)
2026-07-02 04:26:34,719 [INFO] Pass: UnitarySynthesis - 0.00978 (ms)
2026-07-02 04:26:34,719 [INFO] Pass: HighLevelSynthesis - 0.00739 (ms)
2026-07-02 04:26:34,719 [INFO] Pass: BasisTranslator - 0.08631 (ms)
2026-07-02 04:26:34,719 [INFO] Pass: ElidePermutations - 0.00691 (ms)
2026-07-02 04:26:34,719 [INFO] Pass: RemoveDiagonalGatesBeforeMeasure - 0.00858 (ms)
2026-07-02 04:26:34,719 [INFO] Pass: RemoveIdentityEquivalent - 0.00691 (ms)
2026-07-02 04:26:34,719 [INFO] Pass: InverseCancellation - 0.00644 (ms)
2026-07-02 04:26:34,719 [INFO] Pass: ContractIdleWiresInControlFlow - 0.00238 (ms)
2026-07-02 04:26:34,719 [INFO] Pass: CommutativeCancellation - 0.06795 (ms)
2026-07-02 04:26:34,719 [INFO] Pass: ConsolidateBlocks - 0.04745 (ms)
2026-07-02 04:26:34,719 [INFO] Pass: Split2QUnitaries - 0.00453 (ms)
2026-07-02 04:26:34,719 [INFO] Pass: UnitarySynthesis - 0.00501 (ms)
2026-07-02 04:26:34,719 [INFO] Pass: HighLevelSynthesis - 0.02360 (ms)
2026-07-02 04:26:34,719 [INFO] Pass: BasisTranslator - 0.06461 (ms)
2026-07-02 04:26:34,720 [INFO] Pass: ConsolidateBlocks - 0.05794 (ms)
2026-07-02 04:26:34,720 [INFO] Pass: UnitarySynthesis - 0.00572 (ms)
2026-07-02 04:26:34,720 [INFO] Pass: Depth - 0.02313 (ms)
2026-07-02 04:26:34,720 [INFO] Pass: FixedPoint - 0.00644 (ms)
2026-07-02 04:26:34,720 [INFO] Pass: Size - 0.00429 (ms)
2026-07-02 04:26:34,720 [INFO] Pass: FixedPoint - 0.00334 (ms)
2026-07-02 04:26:34,720 [INFO] Pass: RemoveIdentityEquivalent - 0.00334 (ms)
2026-07-02 04:26:34,720 [INFO] Pass: Optimize1qGatesDecomposition - 0.03648 (ms)
2026-07-02 04:26:34,720 [INFO] Pass: CommutativeCancellation - 0.07749 (ms)
2026-07-02 04:26:34,720 [INFO] Pass: ContractIdleWiresInControlFlow - 0.00262 (ms)
2026-07-02 04:26:34,720 [INFO] Pass: GatesInBasis - 0.02074 (ms)
2026-07-02 04:26:34,720 [INFO] Pass: Depth - 0.01884 (ms)
2026-07-02 04:26:34,720 [INFO] Pass: FixedPoint - 0.00405 (ms)
2026-07-02 04:26:34,720 [INFO] Pass: Size - 0.00238 (ms)
2026-07-02 04:26:34,720 [INFO] Pass: FixedPoint - 0.00286 (ms)
2026-07-02 04:26:34,720 [INFO] Pass: ContainsInstruction - 0.00620 (ms)
2026-07-02 04:26:34,720 [INFO] Total Transpile Time - 94.01345 (ms)
2026-07-02 04:26:34,810 [INFO] Pass: ContainsInstruction - 0.01216 (ms)
2026-07-02 04:26:34,810 [INFO] Pass: UnitarySynthesis - 0.00715 (ms)
2026-07-02 04:26:34,810 [INFO] Pass: HighLevelSynthesis - 0.00620 (ms)
2026-07-02 04:26:34,810 [INFO] Pass: BasisTranslator - 0.06819 (ms)
2026-07-02 04:26:34,810 [INFO] Pass: ElidePermutations - 0.00525 (ms)
2026-07-02 04:26:34,810 [INFO] Pass: RemoveDiagonalGatesBeforeMeasure - 0.00644 (ms)
2026-07-02 04:26:34,810 [INFO] Pass: RemoveIdentityEquivalent - 0.00691 (ms)
2026-07-02 04:26:34,810 [INFO] Pass: InverseCancellation - 0.02551 (ms)
2026-07-02 04:26:34,810 [INFO] Pass: ContractIdleWiresInControlFlow - 0.00238 (ms)
2026-07-02 04:26:34,811 [INFO] Pass: CommutativeCancellation - 0.07105 (ms)
2026-07-02 04:26:34,811 [INFO] Pass: ConsolidateBlocks - 0.04292 (ms)
2026-07-02 04:26:34,811 [INFO] Pass: Split2QUnitaries - 0.00381 (ms)
2026-07-02 04:26:34,811 [INFO] Pass: UnitarySynthesis - 0.00572 (ms)
2026-07-02 04:26:34,811 [INFO] Pass: HighLevelSynthesis - 0.02337 (ms)
2026-07-02 04:26:34,811 [INFO] Pass: BasisTranslator - 0.07057 (ms)
2026-07-02 04:26:34,811 [INFO] Pass: ConsolidateBlocks - 0.04864 (ms)
2026-07-02 04:26:34,811 [INFO] Pass: UnitarySynthesis - 0.00477 (ms)
2026-07-02 04:26:34,811 [INFO] Pass: Depth - 0.02146 (ms)
2026-07-02 04:26:34,811 [INFO] Pass: FixedPoint - 0.00548 (ms)
2026-07-02 04:26:34,811 [INFO] Pass: Size - 0.00358 (ms)
2026-07-02 04:26:34,811 [INFO] Pass: FixedPoint - 0.00262 (ms)
2026-07-02 04:26:34,811 [INFO] Pass: RemoveIdentityEquivalent - 0.00525 (ms)
2026-07-02 04:26:34,811 [INFO] Pass: Optimize1qGatesDecomposition - 0.16809 (ms)
2026-07-02 04:26:34,811 [INFO] Pass: CommutativeCancellation - 0.08941 (ms)
2026-07-02 04:26:34,811 [INFO] Pass: ContractIdleWiresInControlFlow - 0.00191 (ms)
2026-07-02 04:26:34,811 [INFO] Pass: GatesInBasis - 0.02766 (ms)
2026-07-02 04:26:34,811 [INFO] Pass: Depth - 0.01907 (ms)
2026-07-02 04:26:34,812 [INFO] Pass: FixedPoint - 0.00358 (ms)
2026-07-02 04:26:34,812 [INFO] Pass: Size - 0.00238 (ms)
2026-07-02 04:26:34,812 [INFO] Pass: FixedPoint - 0.00286 (ms)
2026-07-02 04:26:34,812 [INFO] Pass: ContainsInstruction - 0.00572 (ms)
2026-07-02 04:26:34,812 [INFO] Total Transpile Time - 90.67416 (ms)
2026-07-02 04:26:34,901 [INFO] Pass: ContainsInstruction - 0.01335 (ms)
2026-07-02 04:26:34,901 [INFO] Pass: UnitarySynthesis - 0.00787 (ms)
2026-07-02 04:26:34,901 [INFO] Pass: HighLevelSynthesis - 0.00644 (ms)
2026-07-02 04:26:34,902 [INFO] Pass: BasisTranslator - 0.07081 (ms)
2026-07-02 04:26:34,902 [INFO] Pass: ElidePermutations - 0.00477 (ms)
2026-07-02 04:26:34,902 [INFO] Pass: RemoveDiagonalGatesBeforeMeasure - 0.00691 (ms)
2026-07-02 04:26:34,902 [INFO] Pass: RemoveIdentityEquivalent - 0.00954 (ms)
2026-07-02 04:26:34,902 [INFO] Pass: InverseCancellation - 0.02599 (ms)
2026-07-02 04:26:34,902 [INFO] Pass: ContractIdleWiresInControlFlow - 0.00215 (ms)
2026-07-02 04:26:34,902 [INFO] Pass: CommutativeCancellation - 0.07057 (ms)
2026-07-02 04:26:34,902 [INFO] Pass: ConsolidateBlocks - 0.04292 (ms)
2026-07-02 04:26:34,902 [INFO] Pass: Split2QUnitaries - 0.00358 (ms)
2026-07-02 04:26:34,902 [INFO] Pass: UnitarySynthesis - 0.00572 (ms)
2026-07-02 04:26:34,902 [INFO] Pass: HighLevelSynthesis - 0.02694 (ms)
2026-07-02 04:26:34,902 [INFO] Pass: BasisTranslator - 0.06986 (ms)
2026-07-02 04:26:34,902 [INFO] Pass: ConsolidateBlocks - 0.05174 (ms)
2026-07-02 04:26:34,902 [INFO] Pass: UnitarySynthesis - 0.00501 (ms)
2026-07-02 04:26:34,902 [INFO] Pass: Depth - 0.02217 (ms)
2026-07-02 04:26:34,902 [INFO] Pass: FixedPoint - 0.00453 (ms)
2026-07-02 04:26:34,902 [INFO] Pass: Size - 0.00358 (ms)
2026-07-02 04:26:34,902 [INFO] Pass: FixedPoint - 0.00262 (ms)
2026-07-02 04:26:34,902 [INFO] Pass: RemoveIdentityEquivalent - 0.00525 (ms)
2026-07-02 04:26:34,903 [INFO] Pass: Optimize1qGatesDecomposition - 0.19002 (ms)
2026-07-02 04:26:34,903 [INFO] Pass: CommutativeCancellation - 0.08178 (ms)
2026-07-02 04:26:34,903 [INFO] Pass: ContractIdleWiresInControlFlow - 0.00191 (ms)
2026-07-02 04:26:34,903 [INFO] Pass: GatesInBasis - 0.02098 (ms)
2026-07-02 04:26:34,903 [INFO] Pass: Depth - 0.02146 (ms)
2026-07-02 04:26:34,903 [INFO] Pass: FixedPoint - 0.00358 (ms)
2026-07-02 04:26:34,903 [INFO] Pass: Size - 0.00238 (ms)
2026-07-02 04:26:34,903 [INFO] Pass: FixedPoint - 0.00310 (ms)
2026-07-02 04:26:34,903 [INFO] Pass: RemoveIdentityEquivalent - 0.00548 (ms)
2026-07-02 04:26:34,903 [INFO] Pass: Optimize1qGatesDecomposition - 0.14710 (ms)
2026-07-02 04:26:34,903 [INFO] Pass: CommutativeCancellation - 0.07176 (ms)
2026-07-02 04:26:34,903 [INFO] Pass: ContractIdleWiresInControlFlow - 0.00167 (ms)
2026-07-02 04:26:34,903 [INFO] Pass: GatesInBasis - 0.01764 (ms)
2026-07-02 04:26:34,903 [INFO] Pass: Depth - 0.01931 (ms)
2026-07-02 04:26:34,903 [INFO] Pass: FixedPoint - 0.00310 (ms)
2026-07-02 04:26:34,903 [INFO] Pass: Size - 0.00215 (ms)
2026-07-02 04:26:34,903 [INFO] Pass: FixedPoint - 0.00286 (ms)
2026-07-02 04:26:34,903 [INFO] Pass: ContainsInstruction - 0.00572 (ms)
2026-07-02 04:26:34,904 [INFO] Total Transpile Time - 91.26949 (ms)
2026-07-02 04:39:45,236 [INFO] Pass: ContainsInstruction - 0.01216 (ms)
2026-07-02 04:39:45,237 [INFO] Pass: UnitarySynthesis - 0.00811 (ms)
2026-07-02 04:39:45,237 [INFO] Pass: HighLevelSynthesis - 0.00572 (ms)
2026-07-02 04:39:45,237 [INFO] Pass: BasisTranslator - 0.06986 (ms)
2026-07-02 04:39:45,237 [INFO] Pass: ElidePermutations - 0.00572 (ms)
2026-07-02 04:39:45,237 [INFO] Pass: RemoveDiagonalGatesBeforeMeasure - 0.00668 (ms)
2026-07-02 04:39:45,237 [INFO] Pass: RemoveIdentityEquivalent - 0.00548 (ms)
2026-07-02 04:39:45,237 [INFO] Pass: InverseCancellation - 0.00548 (ms)
2026-07-02 04:39:45,237 [INFO] Pass: ContractIdleWiresInControlFlow - 0.00215 (ms)
2026-07-02 04:39:45,237 [INFO] Pass: CommutativeCancellation - 0.06270 (ms)
2026-07-02 04:39:45,237 [INFO] Pass: ConsolidateBlocks - 0.04077 (ms)
2026-07-02 04:39:45,237 [INFO] Pass: Split2QUnitaries - 0.00358 (ms)
2026-07-02 04:39:45,237 [INFO] Pass: UnitarySynthesis - 0.00525 (ms)
2026-07-02 04:39:45,237 [INFO] Pass: HighLevelSynthesis - 0.02241 (ms)
2026-07-02 04:39:45,237 [INFO] Pass: BasisTranslator - 0.06604 (ms)
2026-07-02 04:39:45,237 [INFO] Pass: ConsolidateBlocks - 0.04959 (ms)
2026-07-02 04:39:45,237 [INFO] Pass: UnitarySynthesis - 0.00477 (ms)
2026-07-02 04:39:45,238 [INFO] Pass: Depth - 0.02122 (ms)
2026-07-02 04:39:45,238 [INFO] Pass: FixedPoint - 0.00548 (ms)
2026-07-02 04:39:45,238 [INFO] Pass: Size - 0.00334 (ms)
2026-07-02 04:39:45,238 [INFO] Pass: FixedPoint - 0.00310 (ms)
2026-07-02 04:39:45,238 [INFO] Pass: RemoveIdentityEquivalent - 0.00334 (ms)
2026-07-02 04:39:45,238 [INFO] Pass: Optimize1qGatesDecomposition - 0.03409 (ms)
2026-07-02 04:39:45,238 [INFO] Pass: CommutativeCancellation - 0.07629 (ms)
2026-07-02 04:39:45,238 [INFO] Pass: ContractIdleWiresInControlFlow - 0.00191 (ms)
2026-07-02 04:39:45,238 [INFO] Pass: GatesInBasis - 0.01931 (ms)
2026-07-02 04:39:45,238 [INFO] Pass: Depth - 0.01574 (ms)
2026-07-02 04:39:45,238 [INFO] Pass: FixedPoint - 0.00358 (ms)
2026-07-02 04:39:45,238 [INFO] Pass: Size - 0.00238 (ms)
2026-07-02 04:39:45,238 [INFO] Pass: FixedPoint - 0.00286 (ms)
2026-07-02 04:39:45,238 [INFO] Pass: ContainsInstruction - 0.00477 (ms)
2026-07-02 04:39:45,238 [INFO] Total Transpile Time - 90.56067 (ms)
2026-07-02 04:39:45,326 [INFO] Pass: ContainsInstruction - 0.01240 (ms)
2026-07-02 04:39:45,327 [INFO] Pass: UnitarySynthesis - 0.00691 (ms)
2026-07-02 04:39:45,327 [INFO] Pass: HighLevelSynthesis - 0.00596 (ms)
2026-07-02 04:39:45,327 [INFO] Pass: BasisTranslator - 0.06652 (ms)
2026-07-02 04:39:45,327 [INFO] Pass: ElidePermutations - 0.00501 (ms)
2026-07-02 04:39:45,327 [INFO] Pass: RemoveDiagonalGatesBeforeMeasure - 0.00668 (ms)
2026-07-02 04:39:45,327 [INFO] Pass: RemoveIdentityEquivalent - 0.00668 (ms)
2026-07-02 04:39:45,327 [INFO] Pass: InverseCancellation - 0.02360 (ms)
2026-07-02 04:39:45,327 [INFO] Pass: ContractIdleWiresInControlFlow - 0.00238 (ms)
2026-07-02 04:39:45,327 [INFO] Pass: CommutativeCancellation - 0.07606 (ms)
2026-07-02 04:39:45,327 [INFO] Pass: ConsolidateBlocks - 0.04148 (ms)
2026-07-02 04:39:45,327 [INFO] Pass: Split2QUnitaries - 0.00334 (ms)
2026-07-02 04:39:45,327 [INFO] Pass: UnitarySynthesis - 0.00477 (ms)
2026-07-02 04:39:45,327 [INFO] Pass: HighLevelSynthesis - 0.02337 (ms)
2026-07-02 04:39:45,327 [INFO] Pass: BasisTranslator - 0.06437 (ms)
2026-07-02 04:39:45,327 [INFO] Pass: ConsolidateBlocks - 0.05031 (ms)
2026-07-02 04:39:45,327 [INFO] Pass: UnitarySynthesis - 0.00429 (ms)
2026-07-02 04:39:45,327 [INFO] Pass: Depth - 0.01860 (ms)
2026-07-02 04:39:45,327 [INFO] Pass: FixedPoint - 0.00501 (ms)
2026-07-02 04:39:45,327 [INFO] Pass: Size - 0.00334 (ms)
2026-07-02 04:39:45,327 [INFO] Pass: FixedPoint - 0.00286 (ms)
2026-07-02 04:39:45,327 [INFO] Pass: RemoveIdentityEquivalent - 0.00525 (ms)
2026-07-02 04:39:45,328 [INFO] Pass: Optimize1qGatesDecomposition - 0.16856 (ms)
2026-07-02 04:39:45,328 [INFO] Pass: CommutativeCancellation - 0.09131 (ms)
2026-07-02 04:39:45,328 [INFO] Pass: ContractIdleWiresInControlFlow - 0.00215 (ms)
2026-07-02 04:39:45,328 [INFO] Pass: GatesInBasis - 0.02003 (ms)
2026-07-02 04:39:45,328 [INFO] Pass: Depth - 0.01812 (ms)
2026-07-02 04:39:45,328 [INFO] Pass: FixedPoint - 0.00405 (ms)
2026-07-02 04:39:45,328 [INFO] Pass: Size - 0.00262 (ms)
2026-07-02 04:39:45,328 [INFO] Pass: FixedPoint - 0.00334 (ms)
2026-07-02 04:39:45,328 [INFO] Pass: ContainsInstruction - 0.00548 (ms)
2026-07-02 04:39:45,328 [INFO] Total Transpile Time - 89.53571 (ms)
2026-07-02 04:39:45,417 [INFO] Pass: ContainsInstruction - 0.01335 (ms)
2026-07-02 04:39:45,417 [INFO] Pass: UnitarySynthesis - 0.00715 (ms)
2026-07-02 04:39:45,418 [INFO] Pass: HighLevelSynthesis - 0.00668 (ms)
2026-07-02 04:39:45,418 [INFO] Pass: BasisTranslator - 0.07272 (ms)
2026-07-02 04:39:45,418 [INFO] Pass: ElidePermutations - 0.00525 (ms)
2026-07-02 04:39:45,418 [INFO] Pass: RemoveDiagonalGatesBeforeMeasure - 0.00739 (ms)
2026-07-02 04:39:45,418 [INFO] Pass: RemoveIdentityEquivalent - 0.00834 (ms)
2026-07-02 04:39:45,418 [INFO] Pass: InverseCancellation - 0.02456 (ms)
2026-07-02 04:39:45,418 [INFO] Pass: ContractIdleWiresInControlFlow - 0.00215 (ms)
2026-07-02 04:39:45,418 [INFO] Pass: CommutativeCancellation - 0.07153 (ms)
2026-07-02 04:39:45,418 [INFO] Pass: ConsolidateBlocks - 0.04506 (ms)
2026-07-02 04:39:45,418 [INFO] Pass: Split2QUnitaries - 0.00358 (ms)
2026-07-02 04:39:45,418 [INFO] Pass: UnitarySynthesis - 0.00501 (ms)
2026-07-02 04:39:45,418 [INFO] Pass: HighLevelSynthesis - 0.02623 (ms)
2026-07-02 04:39:45,418 [INFO] Pass: BasisTranslator - 0.06676 (ms)
2026-07-02 04:39:45,418 [INFO] Pass: ConsolidateBlocks - 0.05174 (ms)
2026-07-02 04:39:45,418 [INFO] Pass: UnitarySynthesis - 0.00477 (ms)
2026-07-02 04:39:45,418 [INFO] Pass: Depth - 0.02456 (ms)
2026-07-02 04:39:45,418 [INFO] Pass: FixedPoint - 0.00477 (ms)
2026-07-02 04:39:45,418 [INFO] Pass: Size - 0.00405 (ms)
2026-07-02 04:39:45,418 [INFO] Pass: FixedPoint - 0.00286 (ms)
2026-07-02 04:39:45,418 [INFO] Pass: RemoveIdentityEquivalent - 0.00548 (ms)
2026-07-02 04:39:45,419 [INFO] Pass: Optimize1qGatesDecomposition - 0.18811 (ms)
2026-07-02 04:39:45,419 [INFO] Pass: CommutativeCancellation - 0.08416 (ms)
2026-07-02 04:39:45,419 [INFO] Pass: ContractIdleWiresInControlFlow - 0.00215 (ms)
2026-07-02 04:39:45,419 [INFO] Pass: GatesInBasis - 0.02050 (ms)
2026-07-02 04:39:45,419 [INFO] Pass: Depth - 0.02003 (ms)
2026-07-02 04:39:45,419 [INFO] Pass: FixedPoint - 0.00358 (ms)
2026-07-02 04:39:45,419 [INFO] Pass: Size - 0.00215 (ms)
2026-07-02 04:39:45,419 [INFO] Pass: FixedPoint - 0.00262 (ms)
2026-07-02 04:39:45,419 [INFO] Pass: RemoveIdentityEquivalent - 0.00477 (ms)
2026-07-02 04:39:45,419 [INFO] Pass: Optimize1qGatesDecomposition - 0.14877 (ms)
2026-07-02 04:39:45,419 [INFO] Pass: CommutativeCancellation - 0.07391 (ms)
2026-07-02 04:39:45,419 [INFO] Pass: ContractIdleWiresInControlFlow - 0.00167 (ms)
2026-07-02 04:39:45,419 [INFO] Pass: GatesInBasis - 0.01764 (ms)
2026-07-02 04:39:45,419 [INFO] Pass: Depth - 0.02003 (ms)
2026-07-02 04:39:45,419 [INFO] Pass: FixedPoint - 0.00310 (ms)
2026-07-02 04:39:45,419 [INFO] Pass: Size - 0.00191 (ms)
2026-07-02 04:39:45,419 [INFO] Pass: FixedPoint - 0.00262 (ms)
2026-07-02 04:39:45,419 [INFO] Pass: ContainsInstruction - 0.00620 (ms)
2026-07-02 04:39:45,420 [INFO] Total Transpile Time - 90.86967 (ms)
2026-07-02 04:53:14,473 [INFO] Pass: ContainsInstruction - 0.01287 (ms)
2026-07-02 04:53:14,473 [INFO] Pass: UnitarySynthesis - 0.00858 (ms)
2026-07-02 04:53:14,473 [INFO] Pass: HighLevelSynthesis - 0.00644 (ms)
2026-07-02 04:53:14,473 [INFO] Pass: BasisTranslator - 0.08702 (ms)
2026-07-02 04:53:14,474 [INFO] Pass: ElidePermutations - 0.00572 (ms)
2026-07-02 04:53:14,474 [INFO] Pass: RemoveDiagonalGatesBeforeMeasure - 0.00739 (ms)
2026-07-02 04:53:14,474 [INFO] Pass: RemoveIdentityEquivalent - 0.00572 (ms)
2026-07-02 04:53:14,474 [INFO] Pass: InverseCancellation - 0.00548 (ms)
2026-07-02 04:53:14,474 [INFO] Pass: ContractIdleWiresInControlFlow - 0.00238 (ms)
2026-07-02 04:53:14,474 [INFO] Pass: CommutativeCancellation - 0.05889 (ms)
2026-07-02 04:53:14,474 [INFO] Pass: ConsolidateBlocks - 0.04315 (ms)
2026-07-02 04:53:14,474 [INFO] Pass: Split2QUnitaries - 0.00358 (ms)
2026-07-02 04:53:14,474 [INFO] Pass: UnitarySynthesis - 0.00501 (ms)
2026-07-02 04:53:14,474 [INFO] Pass: HighLevelSynthesis - 0.02241 (ms)
2026-07-02 04:53:14,474 [INFO] Pass: BasisTranslator - 0.06652 (ms)
2026-07-02 04:53:14,474 [INFO] Pass: ConsolidateBlocks - 0.05174 (ms)
2026-07-02 04:53:14,474 [INFO] Pass: UnitarySynthesis - 0.00477 (ms)
2026-07-02 04:53:14,474 [INFO] Pass: Depth - 0.02146 (ms)
2026-07-02 04:53:14,474 [INFO] Pass: FixedPoint - 0.00596 (ms)
2026-07-02 04:53:14,474 [INFO] Pass: Size - 0.00334 (ms)
2026-07-02 04:53:14,474 [INFO] Pass: FixedPoint - 0.00310 (ms)
2026-07-02 04:53:14,474 [INFO] Pass: RemoveIdentityEquivalent - 0.00310 (ms)
2026-07-02 04:53:14,474 [INFO] Pass: Optimize1qGatesDecomposition - 0.03290 (ms)
2026-07-02 04:53:14,474 [INFO] Pass: CommutativeCancellation - 0.07987 (ms)
2026-07-02 04:53:14,474 [INFO] Pass: ContractIdleWiresInControlFlow - 0.00167 (ms)
2026-07-02 04:53:14,474 [INFO] Pass: GatesInBasis - 0.01979 (ms)
2026-07-02 04:53:14,475 [INFO] Pass: Depth - 0.01693 (ms)
2026-07-02 04:53:14,475 [INFO] Pass: FixedPoint - 0.00358 (ms)
2026-07-02 04:53:14,475 [INFO] Pass: Size - 0.00191 (ms)
2026-07-02 04:53:14,475 [INFO] Pass: FixedPoint - 0.00286 (ms)
2026-07-02 04:53:14,475 [INFO] Pass: ContainsInstruction - 0.00501 (ms)
2026-07-02 04:53:14,475 [INFO] Total Transpile Time - 90.21688 (ms)
2026-07-02 04:53:14,563 [INFO] Pass: ContainsInstruction - 0.01192 (ms)
2026-07-02 04:53:14,563 [INFO] Pass: UnitarySynthesis - 0.00739 (ms)
2026-07-02 04:53:14,563 [INFO] Pass: HighLevelSynthesis - 0.00620 (ms)
2026-07-02 04:53:14,564 [INFO] Pass: BasisTranslator - 0.06771 (ms)
2026-07-02 04:53:14,564 [INFO] Pass: ElidePermutations - 0.00548 (ms)
2026-07-02 04:53:14,564 [INFO] Pass: RemoveDiagonalGatesBeforeMeasure - 0.00668 (ms)
2026-07-02 04:53:14,564 [INFO] Pass: RemoveIdentityEquivalent - 0.00763 (ms)
2026-07-02 04:53:14,564 [INFO] Pass: InverseCancellation - 0.02360 (ms)
2026-07-02 04:53:14,564 [INFO] Pass: ContractIdleWiresInControlFlow - 0.00215 (ms)
2026-07-02 04:53:14,564 [INFO] Pass: CommutativeCancellation - 0.07200 (ms)
2026-07-02 04:53:14,564 [INFO] Pass: ConsolidateBlocks - 0.04220 (ms)
2026-07-02 04:53:14,564 [INFO] Pass: Split2QUnitaries - 0.00334 (ms)
2026-07-02 04:53:14,564 [INFO] Pass: UnitarySynthesis - 0.00501 (ms)
2026-07-02 04:53:14,564 [INFO] Pass: HighLevelSynthesis - 0.02480 (ms)
2026-07-02 04:53:14,564 [INFO] Pass: BasisTranslator - 0.06723 (ms)
2026-07-02 04:53:14,564 [INFO] Pass: ConsolidateBlocks - 0.04816 (ms)
2026-07-02 04:53:14,564 [INFO] Pass: UnitarySynthesis - 0.00477 (ms)
2026-07-02 04:53:14,564 [INFO] Pass: Depth - 0.02265 (ms)
2026-07-02 04:53:14,564 [INFO] Pass: FixedPoint - 0.00477 (ms)
2026-07-02 04:53:14,564 [INFO] Pass: Size - 0.00334 (ms)
2026-07-02 04:53:14,564 [INFO] Pass: FixedPoint - 0.00286 (ms)
2026-07-02 04:53:14,564 [INFO] Pass: RemoveIdentityEquivalent - 0.00525 (ms)
2026-07-02 04:53:14,565 [INFO] Pass: Optimize1qGatesDecomposition - 0.17977 (ms)
2026-07-02 04:53:14,565 [INFO] Pass: CommutativeCancellation - 0.09036 (ms)
2026-07-02 04:53:14,565 [INFO] Pass: ContractIdleWiresInControlFlow - 0.00191 (ms)
2026-07-02 04:53:14,565 [INFO] Pass: GatesInBasis - 0.02074 (ms)
2026-07-02 04:53:14,565 [INFO] Pass: Depth - 0.01836 (ms)
2026-07-02 04:53:14,565 [INFO] Pass: FixedPoint - 0.00381 (ms)
2026-07-02 04:53:14,565 [INFO] Pass: Size - 0.00215 (ms)
2026-07-02 04:53:14,565 [INFO] Pass: FixedPoint - 0.00262 (ms)
2026-07-02 04:53:14,565 [INFO] Pass: ContainsInstruction - 0.00572 (ms)
2026-07-02 04:53:14,565 [INFO] Total Transpile Time - 89.66851 (ms)
2026-07-02 04:53:14,655 [INFO] Pass: ContainsInstruction - 0.01335 (ms)
2026-07-02 04:53:14,655 [INFO] Pass: UnitarySynthesis - 0.00834 (ms)
2026-07-02 04:53:14,655 [INFO] Pass: HighLevelSynthesis - 0.00620 (ms)
2026-07-02 04:53:14,656 [INFO] Pass: BasisTranslator - 0.07176 (ms)
2026-07-02 04:53:14,656 [INFO] Pass: ElidePermutations - 0.00548 (ms)
2026-07-02 04:53:14,656 [INFO] Pass: RemoveDiagonalGatesBeforeMeasure - 0.00739 (ms)
2026-07-02 04:53:14,656 [INFO] Pass: RemoveIdentityEquivalent - 0.00906 (ms)
2026-07-02 04:53:14,656 [INFO] Pass: InverseCancellation - 0.02670 (ms)
2026-07-02 04:53:14,656 [INFO] Pass: ContractIdleWiresInControlFlow - 0.00238 (ms)
2026-07-02 04:53:14,656 [INFO] Pass: CommutativeCancellation - 0.07248 (ms)
2026-07-02 04:53:14,656 [INFO] Pass: ConsolidateBlocks - 0.04673 (ms)
2026-07-02 04:53:14,656 [INFO] Pass: Split2QUnitaries - 0.00381 (ms)
2026-07-02 04:53:14,656 [INFO] Pass: UnitarySynthesis - 0.00596 (ms)
2026-07-02 04:53:14,656 [INFO] Pass: HighLevelSynthesis - 0.02718 (ms)
2026-07-02 04:53:14,656 [INFO] Pass: BasisTranslator - 0.06938 (ms)
2026-07-02 04:53:14,656 [INFO] Pass: ConsolidateBlocks - 0.05436 (ms)
2026-07-02 04:53:14,656 [INFO] Pass: UnitarySynthesis - 0.00477 (ms)
2026-07-02 04:53:14,656 [INFO] Pass: Depth - 0.02313 (ms)
2026-07-02 04:53:14,656 [INFO] Pass: FixedPoint - 0.00548 (ms)
2026-07-02 04:53:14,656 [INFO] Pass: Size - 0.00405 (ms)
2026-07-02 04:53:14,656 [INFO] Pass: FixedPoint - 0.00334 (ms)
2026-07-02 04:53:14,656 [INFO] Pass: RemoveIdentityEquivalent - 0.00596 (ms)
2026-07-02 04:53:14,657 [INFO] Pass: Optimize1qGatesDecomposition - 0.20528 (ms)
2026-07-02 04:53:14,657 [INFO] Pass: CommutativeCancellation - 0.08583 (ms)
2026-07-02 04:53:14,657 [INFO] Pass: ContractIdleWiresInControlFlow - 0.00215 (ms)
2026-07-02 04:53:14,657 [INFO] Pass: GatesInBasis - 0.02098 (ms)
2026-07-02 04:53:14,657 [INFO] Pass: Depth - 0.02146 (ms)
2026-07-02 04:53:14,657 [INFO] Pass: FixedPoint - 0.00405 (ms)
2026-07-02 04:53:14,657 [INFO] Pass: Size - 0.00191 (ms)
2026-07-02 04:53:14,657 [INFO] Pass: FixedPoint - 0.00286 (ms)
2026-07-02 04:53:14,657 [INFO] Pass: RemoveIdentityEquivalent - 0.00501 (ms)
2026-07-02 04:53:14,657 [INFO] Pass: Optimize1qGatesDecomposition - 0.14687 (ms)
2026-07-02 04:53:14,657 [INFO] Pass: CommutativeCancellation - 0.07081 (ms)
2026-07-02 04:53:14,657 [INFO] Pass: ContractIdleWiresInControlFlow - 0.00143 (ms)
2026-07-02 04:53:14,657 [INFO] Pass: GatesInBasis - 0.01740 (ms)
2026-07-02 04:53:14,657 [INFO] Pass: Depth - 0.01812 (ms)
2026-07-02 04:53:14,657 [INFO] Pass: FixedPoint - 0.00381 (ms)
2026-07-02 04:53:14,657 [INFO] Pass: Size - 0.00215 (ms)
2026-07-02 04:53:14,657 [INFO] Pass: FixedPoint - 0.00286 (ms)
2026-07-02 04:53:14,657 [INFO] Pass: ContainsInstruction - 0.00620 (ms)
2026-07-02 04:53:14,658 [INFO] Total Transpile Time - 92.06367 (ms)
2026-07-02 05:06:47,272 [INFO] Pass: ContainsInstruction - 0.01240 (ms)
2026-07-02 05:06:47,274 [INFO] Pass: UnitarySynthesis - 0.00834 (ms)
2026-07-02 05:06:47,274 [INFO] Pass: HighLevelSynthesis - 0.00691 (ms)
2026-07-02 05:06:47,274 [INFO] Pass: BasisTranslator - 0.07606 (ms)
2026-07-02 05:06:47,274 [INFO] Pass: ElidePermutations - 0.00501 (ms)
2026-07-02 05:06:47,274 [INFO] Pass: RemoveDiagonalGatesBeforeMeasure - 0.00715 (ms)
2026-07-02 05:06:47,274 [INFO] Pass: RemoveIdentityEquivalent - 0.00572 (ms)
2026-07-02 05:06:47,274 [INFO] Pass: InverseCancellation - 0.00572 (ms)
2026-07-02 05:06:47,274 [INFO] Pass: ContractIdleWiresInControlFlow - 0.00215 (ms)
2026-07-02 05:06:47,274 [INFO] Pass: CommutativeCancellation - 0.06151 (ms)
2026-07-02 05:06:47,274 [INFO] Pass: ConsolidateBlocks - 0.04339 (ms)
2026-07-02 05:06:47,274 [INFO] Pass: Split2QUnitaries - 0.00334 (ms)
2026-07-02 05:06:47,274 [INFO] Pass: UnitarySynthesis - 0.00477 (ms)
2026-07-02 05:06:47,274 [INFO] Pass: HighLevelSynthesis - 0.02217 (ms)
2026-07-02 05:06:47,274 [INFO] Pass: BasisTranslator - 0.07129 (ms)
2026-07-02 05:06:47,275 [INFO] Pass: ConsolidateBlocks - 0.04935 (ms)
2026-07-02 05:06:47,275 [INFO] Pass: UnitarySynthesis - 0.00453 (ms)
2026-07-02 05:06:47,275 [INFO] Pass: Depth - 0.02027 (ms)
2026-07-02 05:06:47,275 [INFO] Pass: FixedPoint - 0.00548 (ms)
2026-07-02 05:06:47,275 [INFO] Pass: Size - 0.00358 (ms)
2026-07-02 05:06:47,275 [INFO] Pass: FixedPoint - 0.00310 (ms)
2026-07-02 05:06:47,275 [INFO] Pass: RemoveIdentityEquivalent - 0.00286 (ms)
2026-07-02 05:06:47,275 [INFO] Pass: Optimize1qGatesDecomposition - 0.03576 (ms)
2026-07-02 05:06:47,275 [INFO] Pass: CommutativeCancellation - 0.07629 (ms)
2026-07-02 05:06:47,275 [INFO] Pass: ContractIdleWiresInControlFlow - 0.00191 (ms)
2026-07-02 05:06:47,275 [INFO] Pass: GatesInBasis - 0.01884 (ms)
2026-07-02 05:06:47,275 [INFO] Pass: Depth - 0.01669 (ms)
2026-07-02 05:06:47,275 [INFO] Pass: FixedPoint - 0.00334 (ms)
2026-07-02 05:06:47,275 [INFO] Pass: Size - 0.00167 (ms)
2026-07-02 05:06:47,275 [INFO] Pass: FixedPoint - 0.00286 (ms)
2026-07-02 05:06:47,275 [INFO] Pass: ContainsInstruction - 0.00477 (ms)
2026-07-02 05:06:47,275 [INFO] Total Transpile Time - 91.55989 (ms)
2026-07-02 05:06:47,365 [INFO] Pass: ContainsInstruction - 0.01287 (ms)
2026-07-02 05:06:47,365 [INFO] Pass: UnitarySynthesis - 0.00739 (ms)
2026-07-02 05:06:47,365 [INFO] Pass: HighLevelSynthesis - 0.00596 (ms)
2026-07-02 05:06:47,365 [INFO] Pass: BasisTranslator - 0.07439 (ms)
2026-07-02 05:06:47,365 [INFO] Pass: ElidePermutations - 0.00548 (ms)
2026-07-02 05:06:47,365 [INFO] Pass: RemoveDiagonalGatesBeforeMeasure - 0.00668 (ms)
2026-07-02 05:06:47,365 [INFO] Pass: RemoveIdentityEquivalent - 0.00811 (ms)
2026-07-02 05:06:47,365 [INFO] Pass: InverseCancellation - 0.02599 (ms)
2026-07-02 05:06:47,365 [INFO] Pass: ContractIdleWiresInControlFlow - 0.00238 (ms)
2026-07-02 05:06:47,365 [INFO] Pass: CommutativeCancellation - 0.07772 (ms)
2026-07-02 05:06:47,365 [INFO] Pass: ConsolidateBlocks - 0.04363 (ms)
2026-07-02 05:06:47,365 [INFO] Pass: Split2QUnitaries - 0.00358 (ms)
2026-07-02 05:06:47,365 [INFO] Pass: UnitarySynthesis - 0.00548 (ms)
2026-07-02 05:06:47,365 [INFO] Pass: HighLevelSynthesis - 0.02527 (ms)
2026-07-02 05:06:47,365 [INFO] Pass: BasisTranslator - 0.06938 (ms)
2026-07-02 05:06:47,365 [INFO] Pass: ConsolidateBlocks - 0.05245 (ms)
2026-07-02 05:06:47,365 [INFO] Pass: UnitarySynthesis - 0.00501 (ms)
2026-07-02 05:06:47,365 [INFO] Pass: Depth - 0.02098 (ms)
2026-07-02 05:06:47,366 [INFO] Pass: FixedPoint - 0.00596 (ms)
2026-07-02 05:06:47,366 [INFO] Pass: Size - 0.00381 (ms)
2026-07-02 05:06:47,366 [INFO] Pass: FixedPoint - 0.00286 (ms)
2026-07-02 05:06:47,366 [INFO] Pass: RemoveIdentityEquivalent - 0.00548 (ms)
2026-07-02 05:06:47,366 [INFO] Pass: Optimize1qGatesDecomposition - 0.17643 (ms)
2026-07-02 05:06:47,366 [INFO] Pass: CommutativeCancellation - 0.09274 (ms)
2026-07-02 05:06:47,366 [INFO] Pass: ContractIdleWiresInControlFlow - 0.00215 (ms)
2026-07-02 05:06:47,366 [INFO] Pass: GatesInBasis - 0.02050 (ms)
2026-07-02 05:06:47,366 [INFO] Pass: Depth - 0.01979 (ms)
2026-07-02 05:06:47,366 [INFO] Pass: FixedPoint - 0.00381 (ms)
2026-07-02 05:06:47,366 [INFO] Pass: Size - 0.00215 (ms)
2026-07-02 05:06:47,366 [INFO] Pass: FixedPoint - 0.00286 (ms)
2026-07-02 05:06:47,366 [INFO] Pass: ContainsInstruction - 0.00572 (ms)
2026-07-02 05:06:47,366 [INFO] Total Transpile Time - 90.37805 (ms)
2026-07-02 05:06:47,455 [INFO] Pass: ContainsInstruction - 0.01311 (ms)
2026-07-02 05:06:47,455 [INFO] Pass: UnitarySynthesis - 0.00787 (ms)
2026-07-02 05:06:47,455 [INFO] Pass: HighLevelSynthesis - 0.00620 (ms)
2026-07-02 05:06:47,455 [INFO] Pass: BasisTranslator - 0.07367 (ms)
2026-07-02 05:06:47,455 [INFO] Pass: ElidePermutations - 0.00477 (ms)
2026-07-02 05:06:47,455 [INFO] Pass: RemoveDiagonalGatesBeforeMeasure - 0.00691 (ms)
2026-07-02 05:06:47,455 [INFO] Pass: RemoveIdentityEquivalent - 0.00930 (ms)
2026-07-02 05:06:47,455 [INFO] Pass: InverseCancellation - 0.02670 (ms)
2026-07-02 05:06:47,455 [INFO] Pass: ContractIdleWiresInControlFlow - 0.00215 (ms)
2026-07-02 05:06:47,455 [INFO] Pass: CommutativeCancellation - 0.07939 (ms)
2026-07-02 05:06:47,456 [INFO] Pass: ConsolidateBlocks - 0.04363 (ms)
2026-07-02 05:06:47,456 [INFO] Pass: Split2QUnitaries - 0.00358 (ms)
2026-07-02 05:06:47,456 [INFO] Pass: UnitarySynthesis - 0.00572 (ms)
2026-07-02 05:06:47,456 [INFO] Pass: HighLevelSynthesis - 0.02575 (ms)
2026-07-02 05:06:47,456 [INFO] Pass: BasisTranslator - 0.06914 (ms)
2026-07-02 05:06:47,456 [INFO] Pass: ConsolidateBlocks - 0.05174 (ms)
2026-07-02 05:06:47,456 [INFO] Pass: UnitarySynthesis - 0.00477 (ms)
2026-07-02 05:06:47,456 [INFO] Pass: Depth - 0.02360 (ms)
2026-07-02 05:06:47,456 [INFO] Pass: FixedPoint - 0.00572 (ms)
2026-07-02 05:06:47,456 [INFO] Pass: Size - 0.00381 (ms)
2026-07-02 05:06:47,456 [INFO] Pass: FixedPoint - 0.00310 (ms)
2026-07-02 05:06:47,456 [INFO] Pass: RemoveIdentityEquivalent - 0.00525 (ms)
2026-07-02 05:06:47,456 [INFO] Pass: Optimize1qGatesDecomposition - 0.17333 (ms)
2026-07-02 05:06:47,456 [INFO] Pass: CommutativeCancellation - 0.08488 (ms)
2026-07-02 05:06:47,456 [INFO] Pass: ContractIdleWiresInControlFlow - 0.00215 (ms)
2026-07-02 05:06:47,456 [INFO] Pass: GatesInBasis - 0.02623 (ms)
2026-07-02 05:06:47,456 [INFO] Pass: Depth - 0.02027 (ms)
2026-07-02 05:06:47,457 [INFO] Pass: FixedPoint - 0.00429 (ms)
2026-07-02 05:06:47,457 [INFO] Pass: Size - 0.00215 (ms)
2026-07-02 05:06:47,457 [INFO] Pass: FixedPoint - 0.00286 (ms)
2026-07-02 05:06:47,457 [INFO] Pass: RemoveIdentityEquivalent - 0.00477 (ms)
2026-07-02 05:06:47,457 [INFO] Pass: Optimize1qGatesDecomposition - 0.13804 (ms)
2026-07-02 05:06:47,457 [INFO] Pass: CommutativeCancellation - 0.07176 (ms)
2026-07-02 05:06:47,457 [INFO] Pass: ContractIdleWiresInControlFlow - 0.00215 (ms)
2026-07-02 05:06:47,457 [INFO] Pass: GatesInBasis - 0.01717 (ms)
2026-07-02 05:06:47,457 [INFO] Pass: Depth - 0.01836 (ms)
2026-07-02 05:06:47,457 [INFO] Pass: FixedPoint - 0.00334 (ms)
2026-07-02 05:06:47,457 [INFO] Pass: Size - 0.00191 (ms)
2026-07-02 05:06:47,457 [INFO] Pass: FixedPoint - 0.00262 (ms)
2026-07-02 05:06:47,457 [INFO] Pass: ContainsInstruction - 0.00572 (ms)
2026-07-02 05:06:47,457 [INFO] Total Transpile Time - 90.27529 (ms)
2026-07-02 05:20:07,280 [INFO] Pass: ContainsInstruction - 0.01383 (ms)
2026-07-02 05:20:07,281 [INFO] Pass: UnitarySynthesis - 0.00954 (ms)
2026-07-02 05:20:07,281 [INFO] Pass: HighLevelSynthesis - 0.00691 (ms)
2026-07-02 05:20:07,281 [INFO] Pass: BasisTranslator - 0.07963 (ms)
2026-07-02 05:20:07,281 [INFO] Pass: ElidePermutations - 0.00548 (ms)
2026-07-02 05:20:07,281 [INFO] Pass: RemoveDiagonalGatesBeforeMeasure - 0.00739 (ms)
2026-07-02 05:20:07,281 [INFO] Pass: RemoveIdentityEquivalent - 0.00620 (ms)
2026-07-02 05:20:07,281 [INFO] Pass: InverseCancellation - 0.00644 (ms)
2026-07-02 05:20:07,281 [INFO] Pass: ContractIdleWiresInControlFlow - 0.00286 (ms)
2026-07-02 05:20:07,281 [INFO] Pass: CommutativeCancellation - 0.06580 (ms)
2026-07-02 05:20:07,281 [INFO] Pass: ConsolidateBlocks - 0.04530 (ms)
2026-07-02 05:20:07,281 [INFO] Pass: Split2QUnitaries - 0.00334 (ms)
2026-07-02 05:20:07,281 [INFO] Pass: UnitarySynthesis - 0.00501 (ms)
2026-07-02 05:20:07,281 [INFO] Pass: HighLevelSynthesis - 0.02193 (ms)
2026-07-02 05:20:07,281 [INFO] Pass: BasisTranslator - 0.06509 (ms)
2026-07-02 05:20:07,281 [INFO] Pass: ConsolidateBlocks - 0.05960 (ms)
2026-07-02 05:20:07,281 [INFO] Pass: UnitarySynthesis - 0.00477 (ms)
2026-07-02 05:20:07,282 [INFO] Pass: Depth - 0.02241 (ms)
2026-07-02 05:20:07,282 [INFO] Pass: FixedPoint - 0.00525 (ms)
2026-07-02 05:20:07,282 [INFO] Pass: Size - 0.00453 (ms)
2026-07-02 05:20:07,282 [INFO] Pass: FixedPoint - 0.00334 (ms)
2026-07-02 05:20:07,282 [INFO] Pass: RemoveIdentityEquivalent - 0.00310 (ms)
2026-07-02 05:20:07,282 [INFO] Pass: Optimize1qGatesDecomposition - 0.03505 (ms)
2026-07-02 05:20:07,282 [INFO] Pass: CommutativeCancellation - 0.08035 (ms)
2026-07-02 05:20:07,282 [INFO] Pass: ContractIdleWiresInControlFlow - 0.00215 (ms)
2026-07-02 05:20:07,282 [INFO] Pass: GatesInBasis - 0.02098 (ms)
2026-07-02 05:20:07,282 [INFO] Pass: Depth - 0.01740 (ms)
2026-07-02 05:20:07,282 [INFO] Pass: FixedPoint - 0.00405 (ms)
2026-07-02 05:20:07,282 [INFO] Pass: Size - 0.00191 (ms)
2026-07-02 05:20:07,282 [INFO] Pass: FixedPoint - 0.00310 (ms)
2026-07-02 05:20:07,282 [INFO] Pass: ContainsInstruction - 0.00596 (ms)
2026-07-02 05:20:07,282 [INFO] Total Transpile Time - 92.24248 (ms)
2026-07-02 05:20:07,374 [INFO] Pass: ContainsInstruction - 0.01121 (ms)
2026-07-02 05:20:07,374 [INFO] Pass: UnitarySynthesis - 0.00763 (ms)
2026-07-02 05:20:07,374 [INFO] Pass: HighLevelSynthesis - 0.00596 (ms)
2026-07-02 05:20:07,375 [INFO] Pass: BasisTranslator - 0.06390 (ms)
2026-07-02 05:20:07,375 [INFO] Pass: ElidePermutations - 0.00477 (ms)
2026-07-02 05:20:07,375 [INFO] Pass: RemoveDiagonalGatesBeforeMeasure - 0.00596 (ms)
2026-07-02 05:20:07,375 [INFO] Pass: RemoveIdentityEquivalent - 0.00668 (ms)
2026-07-02 05:20:07,375 [INFO] Pass: InverseCancellation - 0.02313 (ms)
2026-07-02 05:20:07,375 [INFO] Pass: ContractIdleWiresInControlFlow - 0.00238 (ms)
2026-07-02 05:20:07,375 [INFO] Pass: CommutativeCancellation - 0.06986 (ms)
2026-07-02 05:20:07,375 [INFO] Pass: ConsolidateBlocks - 0.04053 (ms)
2026-07-02 05:20:07,375 [INFO] Pass: Split2QUnitaries - 0.00358 (ms)
2026-07-02 05:20:07,375 [INFO] Pass: UnitarySynthesis - 0.00525 (ms)
2026-07-02 05:20:07,375 [INFO] Pass: HighLevelSynthesis - 0.02360 (ms)
2026-07-02 05:20:07,375 [INFO] Pass: BasisTranslator - 0.06509 (ms)
2026-07-02 05:20:07,375 [INFO] Pass: ConsolidateBlocks - 0.04745 (ms)
2026-07-02 05:20:07,375 [INFO] Pass: UnitarySynthesis - 0.00477 (ms)
2026-07-02 05:20:07,375 [INFO] Pass: Depth - 0.02193 (ms)
2026-07-02 05:20:07,375 [INFO] Pass: FixedPoint - 0.00429 (ms)
2026-07-02 05:20:07,375 [INFO] Pass: Size - 0.00358 (ms)
2026-07-02 05:20:07,375 [INFO] Pass: FixedPoint - 0.00286 (ms)
2026-07-02 05:20:07,375 [INFO] Pass: RemoveIdentityEquivalent - 0.00405 (ms)
2026-07-02 05:20:07,375 [INFO] Pass: Optimize1qGatesDecomposition - 0.16904 (ms)
2026-07-02 05:20:07,376 [INFO] Pass: CommutativeCancellation - 0.08464 (ms)
2026-07-02 05:20:07,376 [INFO] Pass: ContractIdleWiresInControlFlow - 0.00215 (ms)
2026-07-02 05:20:07,376 [INFO] Pass: GatesInBasis - 0.01979 (ms)
2026-07-02 05:20:07,376 [INFO] Pass: Depth - 0.02050 (ms)
2026-07-02 05:20:07,376 [INFO] Pass: FixedPoint - 0.00358 (ms)
2026-07-02 05:20:07,376 [INFO] Pass: Size - 0.00238 (ms)
2026-07-02 05:20:07,376 [INFO] Pass: FixedPoint - 0.00286 (ms)
2026-07-02 05:20:07,376 [INFO] Pass: ContainsInstruction - 0.00525 (ms)
2026-07-02 05:20:07,376 [INFO] Total Transpile Time - 92.96870 (ms)
2026-07-02 05:20:07,464 [INFO] Pass: ContainsInstruction - 0.01192 (ms)
2026-07-02 05:20:07,464 [INFO] Pass: UnitarySynthesis - 0.00787 (ms)
2026-07-02 05:20:07,464 [INFO] Pass: HighLevelSynthesis - 0.00548 (ms)
2026-07-02 05:20:07,464 [INFO] Pass: BasisTranslator - 0.06509 (ms)
2026-07-02 05:20:07,464 [INFO] Pass: ElidePermutations - 0.00501 (ms)
2026-07-02 05:20:07,464 [INFO] Pass: RemoveDiagonalGatesBeforeMeasure - 0.00739 (ms)
2026-07-02 05:20:07,464 [INFO] Pass: RemoveIdentityEquivalent - 0.00811 (ms)
2026-07-02 05:20:07,464 [INFO] Pass: InverseCancellation - 0.02337 (ms)
2026-07-02 05:20:07,464 [INFO] Pass: ContractIdleWiresInControlFlow - 0.00238 (ms)
2026-07-02 05:20:07,464 [INFO] Pass: CommutativeCancellation - 0.06700 (ms)
2026-07-02 05:20:07,464 [INFO] Pass: ConsolidateBlocks - 0.04196 (ms)
2026-07-02 05:20:07,464 [INFO] Pass: Split2QUnitaries - 0.00286 (ms)
2026-07-02 05:20:07,464 [INFO] Pass: UnitarySynthesis - 0.00525 (ms)
2026-07-02 05:20:07,464 [INFO] Pass: HighLevelSynthesis - 0.02503 (ms)
2026-07-02 05:20:07,464 [INFO] Pass: BasisTranslator - 0.07749 (ms)
2026-07-02 05:20:07,465 [INFO] Pass: ConsolidateBlocks - 0.04959 (ms)
2026-07-02 05:20:07,465 [INFO] Pass: UnitarySynthesis - 0.00501 (ms)
2026-07-02 05:20:07,465 [INFO] Pass: Depth - 0.02289 (ms)
2026-07-02 05:20:07,465 [INFO] Pass: FixedPoint - 0.00525 (ms)
2026-07-02 05:20:07,465 [INFO] Pass: Size - 0.00358 (ms)
2026-07-02 05:20:07,465 [INFO] Pass: FixedPoint - 0.00286 (ms)
2026-07-02 05:20:07,465 [INFO] Pass: RemoveIdentityEquivalent - 0.00596 (ms)
2026-07-02 05:20:07,465 [INFO] Pass: Optimize1qGatesDecomposition - 0.18406 (ms)
2026-07-02 05:20:07,465 [INFO] Pass: CommutativeCancellation - 0.08321 (ms)
2026-07-02 05:20:07,465 [INFO] Pass: ContractIdleWiresInControlFlow - 0.00191 (ms)
2026-07-02 05:20:07,465 [INFO] Pass: GatesInBasis - 0.02122 (ms)
2026-07-02 05:20:07,465 [INFO] Pass: Depth - 0.02122 (ms)
2026-07-02 05:20:07,465 [INFO] Pass: FixedPoint - 0.00381 (ms)
2026-07-02 05:20:07,465 [INFO] Pass: Size - 0.00238 (ms)
2026-07-02 05:20:07,465 [INFO] Pass: FixedPoint - 0.00310 (ms)
2026-07-02 05:20:07,465 [INFO] Pass: RemoveIdentityEquivalent - 0.00477 (ms)
2026-07-02 05:20:07,465 [INFO] Pass: Optimize1qGatesDecomposition - 0.14710 (ms)
2026-07-02 05:20:07,466 [INFO] Pass: CommutativeCancellation - 0.07439 (ms)
2026-07-02 05:20:07,466 [INFO] Pass: ContractIdleWiresInControlFlow - 0.00143 (ms)
2026-07-02 05:20:07,466 [INFO] Pass: GatesInBasis - 0.01764 (ms)
2026-07-02 05:20:07,466 [INFO] Pass: Depth - 0.02003 (ms)
2026-07-02 05:20:07,466 [INFO] Pass: FixedPoint - 0.00310 (ms)
2026-07-02 05:20:07,466 [INFO] Pass: Size - 0.00215 (ms)
2026-07-02 05:20:07,466 [INFO] Pass: FixedPoint - 0.00262 (ms)
2026-07-02 05:20:07,466 [INFO] Pass: ContainsInstruction - 0.00644 (ms)
2026-07-02 05:20:07,466 [INFO] Total Transpile Time - 89.51330 (ms)
2026-07-02 05:33:32,994 [INFO] Pass: ContainsInstruction - 0.01240 (ms)
2026-07-02 05:33:32,995 [INFO] Pass: UnitarySynthesis - 0.00834 (ms)
2026-07-02 05:33:32,995 [INFO] Pass: HighLevelSynthesis - 0.00596 (ms)
2026-07-02 05:33:32,995 [INFO] Pass: BasisTranslator - 0.07319 (ms)
2026-07-02 05:33:32,995 [INFO] Pass: ElidePermutations - 0.00548 (ms)
2026-07-02 05:33:32,995 [INFO] Pass: RemoveDiagonalGatesBeforeMeasure - 0.00763 (ms)
2026-07-02 05:33:32,995 [INFO] Pass: RemoveIdentityEquivalent - 0.00548 (ms)
2026-07-02 05:33:32,995 [INFO] Pass: InverseCancellation - 0.00477 (ms)
2026-07-02 05:33:32,995 [INFO] Pass: ContractIdleWiresInControlFlow - 0.00215 (ms)
2026-07-02 05:33:32,995 [INFO] Pass: CommutativeCancellation - 0.05984 (ms)
2026-07-02 05:33:32,995 [INFO] Pass: ConsolidateBlocks - 0.04053 (ms)
2026-07-02 05:33:32,995 [INFO] Pass: Split2QUnitaries - 0.00358 (ms)
2026-07-02 05:33:32,995 [INFO] Pass: UnitarySynthesis - 0.00525 (ms)
2026-07-02 05:33:32,995 [INFO] Pass: HighLevelSynthesis - 0.02265 (ms)
2026-07-02 05:33:32,995 [INFO] Pass: BasisTranslator - 0.08154 (ms)
2026-07-02 05:33:32,996 [INFO] Pass: ConsolidateBlocks - 0.04911 (ms)
2026-07-02 05:33:32,996 [INFO] Pass: UnitarySynthesis - 0.00429 (ms)
2026-07-02 05:33:32,996 [INFO] Pass: Depth - 0.01979 (ms)
2026-07-02 05:33:32,996 [INFO] Pass: FixedPoint - 0.00548 (ms)
2026-07-02 05:33:32,996 [INFO] Pass: Size - 0.00381 (ms)
2026-07-02 05:33:32,996 [INFO] Pass: FixedPoint - 0.00310 (ms)
2026-07-02 05:33:32,996 [INFO] Pass: RemoveIdentityEquivalent - 0.00334 (ms)
2026-07-02 05:33:32,996 [INFO] Pass: Optimize1qGatesDecomposition - 0.03290 (ms)
2026-07-02 05:33:32,996 [INFO] Pass: CommutativeCancellation - 0.07391 (ms)
2026-07-02 05:33:32,996 [INFO] Pass: ContractIdleWiresInControlFlow - 0.00167 (ms)
2026-07-02 05:33:32,996 [INFO] Pass: GatesInBasis - 0.01955 (ms)
2026-07-02 05:33:32,996 [INFO] Pass: Depth - 0.01669 (ms)
2026-07-02 05:33:32,996 [INFO] Pass: FixedPoint - 0.00381 (ms)
2026-07-02 05:33:32,996 [INFO] Pass: Size - 0.00191 (ms)
2026-07-02 05:33:32,996 [INFO] Pass: FixedPoint - 0.00286 (ms)
2026-07-02 05:33:32,996 [INFO] Pass: ContainsInstruction - 0.00477 (ms)
2026-07-02 05:33:32,996 [INFO] Total Transpile Time - 91.77375 (ms)
2026-07-02 05:33:33,087 [INFO] Pass: ContainsInstruction - 0.01311 (ms)
2026-07-02 05:33:33,087 [INFO] Pass: UnitarySynthesis - 0.00858 (ms)
2026-07-02 05:33:33,087 [INFO] Pass: HighLevelSynthesis - 0.00691 (ms)
2026-07-02 05:33:33,087 [INFO] Pass: BasisTranslator - 0.08059 (ms)
2026-07-02 05:33:33,087 [INFO] Pass: ElidePermutations - 0.00525 (ms)
2026-07-02 05:33:33,087 [INFO] Pass: RemoveDiagonalGatesBeforeMeasure - 0.00739 (ms)
2026-07-02 05:33:33,087 [INFO] Pass: RemoveIdentityEquivalent - 0.00834 (ms)
2026-07-02 05:33:33,087 [INFO] Pass: InverseCancellation - 0.02527 (ms)
2026-07-02 05:33:33,087 [INFO] Pass: ContractIdleWiresInControlFlow - 0.00262 (ms)
2026-07-02 05:33:33,087 [INFO] Pass: CommutativeCancellation - 0.07892 (ms)
2026-07-02 05:33:33,087 [INFO] Pass: ConsolidateBlocks - 0.04482 (ms)
2026-07-02 05:33:33,087 [INFO] Pass: Split2QUnitaries - 0.00429 (ms)
2026-07-02 05:33:33,087 [INFO] Pass: UnitarySynthesis - 0.00548 (ms)
2026-07-02 05:33:33,088 [INFO] Pass: HighLevelSynthesis - 0.02694 (ms)
2026-07-02 05:33:33,088 [INFO] Pass: BasisTranslator - 0.07582 (ms)
2026-07-02 05:33:33,088 [INFO] Pass: ConsolidateBlocks - 0.05531 (ms)
2026-07-02 05:33:33,088 [INFO] Pass: UnitarySynthesis - 0.00477 (ms)
2026-07-02 05:33:33,088 [INFO] Pass: Depth - 0.02193 (ms)
2026-07-02 05:33:33,088 [INFO] Pass: FixedPoint - 0.00644 (ms)
2026-07-02 05:33:33,088 [INFO] Pass: Size - 0.00429 (ms)
2026-07-02 05:33:33,088 [INFO] Pass: FixedPoint - 0.00286 (ms)
2026-07-02 05:33:33,088 [INFO] Pass: RemoveIdentityEquivalent - 0.00572 (ms)
2026-07-02 05:33:33,088 [INFO] Pass: Optimize1qGatesDecomposition - 0.16904 (ms)
2026-07-02 05:33:33,088 [INFO] Pass: CommutativeCancellation - 0.09155 (ms)
2026-07-02 05:33:33,088 [INFO] Pass: ContractIdleWiresInControlFlow - 0.00215 (ms)
2026-07-02 05:33:33,088 [INFO] Pass: GatesInBasis - 0.02098 (ms)
2026-07-02 05:33:33,088 [INFO] Pass: Depth - 0.01955 (ms)
2026-07-02 05:33:33,088 [INFO] Pass: FixedPoint - 0.00358 (ms)
2026-07-02 05:33:33,088 [INFO] Pass: Size - 0.00286 (ms)
2026-07-02 05:33:33,088 [INFO] Pass: FixedPoint - 0.00310 (ms)
2026-07-02 05:33:33,088 [INFO] Pass: ContainsInstruction - 0.00548 (ms)
2026-07-02 05:33:33,089 [INFO] Total Transpile Time - 91.85123 (ms)
2026-07-02 05:33:33,180 [INFO] Pass: ContainsInstruction - 0.01264 (ms)
2026-07-02 05:33:33,181 [INFO] Pass: UnitarySynthesis - 0.00811 (ms)
2026-07-02 05:33:33,181 [INFO] Pass: HighLevelSynthesis - 0.00572 (ms)
2026-07-02 05:33:33,181 [INFO] Pass: BasisTranslator - 0.06890 (ms)
2026-07-02 05:33:33,181 [INFO] Pass: ElidePermutations - 0.00453 (ms)
2026-07-02 05:33:33,181 [INFO] Pass: RemoveDiagonalGatesBeforeMeasure - 0.00644 (ms)
2026-07-02 05:33:33,181 [INFO] Pass: RemoveIdentityEquivalent - 0.00834 (ms)
2026-07-02 05:33:33,181 [INFO] Pass: InverseCancellation - 0.02503 (ms)
2026-07-02 05:33:33,181 [INFO] Pass: ContractIdleWiresInControlFlow - 0.00215 (ms)
2026-07-02 05:33:33,181 [INFO] Pass: CommutativeCancellation - 0.06914 (ms)
2026-07-02 05:33:33,181 [INFO] Pass: ConsolidateBlocks - 0.04339 (ms)
2026-07-02 05:33:33,181 [INFO] Pass: Split2QUnitaries - 0.00358 (ms)
2026-07-02 05:33:33,181 [INFO] Pass: UnitarySynthesis - 0.00525 (ms)
2026-07-02 05:33:33,181 [INFO] Pass: HighLevelSynthesis - 0.02623 (ms)
2026-07-02 05:33:33,181 [INFO] Pass: BasisTranslator - 0.07248 (ms)
2026-07-02 05:33:33,181 [INFO] Pass: ConsolidateBlocks - 0.05126 (ms)
2026-07-02 05:33:33,181 [INFO] Pass: UnitarySynthesis - 0.00477 (ms)
2026-07-02 05:33:33,181 [INFO] Pass: Depth - 0.02265 (ms)
2026-07-02 05:33:33,181 [INFO] Pass: FixedPoint - 0.00477 (ms)
2026-07-02 05:33:33,181 [INFO] Pass: Size - 0.01049 (ms)
2026-07-02 05:33:33,181 [INFO] Pass: FixedPoint - 0.00310 (ms)
2026-07-02 05:33:33,181 [INFO] Pass: RemoveIdentityEquivalent - 0.00572 (ms)
2026-07-02 05:33:33,182 [INFO] Pass: Optimize1qGatesDecomposition - 0.17285 (ms)
2026-07-02 05:33:33,182 [INFO] Pass: CommutativeCancellation - 0.08130 (ms)
2026-07-02 05:33:33,182 [INFO] Pass: ContractIdleWiresInControlFlow - 0.00167 (ms)
2026-07-02 05:33:33,182 [INFO] Pass: GatesInBasis - 0.02003 (ms)
2026-07-02 05:33:33,182 [INFO] Pass: Depth - 0.02217 (ms)
2026-07-02 05:33:33,182 [INFO] Pass: FixedPoint - 0.00405 (ms)
2026-07-02 05:33:33,182 [INFO] Pass: Size - 0.00191 (ms)
2026-07-02 05:33:33,182 [INFO] Pass: FixedPoint - 0.00334 (ms)
2026-07-02 05:33:33,182 [INFO] Pass: RemoveIdentityEquivalent - 0.00501 (ms)
2026-07-02 05:33:33,182 [INFO] Pass: Optimize1qGatesDecomposition - 0.14329 (ms)
2026-07-02 05:33:33,182 [INFO] Pass: CommutativeCancellation - 0.07224 (ms)
2026-07-02 05:33:33,182 [INFO] Pass: ContractIdleWiresInControlFlow - 0.00167 (ms)
2026-07-02 05:33:33,182 [INFO] Pass: GatesInBasis - 0.01740 (ms)
2026-07-02 05:33:33,182 [INFO] Pass: Depth - 0.01836 (ms)
2026-07-02 05:33:33,182 [INFO] Pass: FixedPoint - 0.00334 (ms)
2026-07-02 05:33:33,182 [INFO] Pass: Size - 0.00191 (ms)
2026-07-02 05:33:33,182 [INFO] Pass: FixedPoint - 0.00286 (ms)
2026-07-02 05:33:33,182 [INFO] Pass: ContainsInstruction - 0.00620 (ms)
2026-07-02 05:33:33,183 [INFO] Total Transpile Time - 93.37330 (ms)
2026-07-02 05:46:52,655 [INFO] Pass: ContainsInstruction - 0.01311 (ms)
2026-07-02 05:46:52,655 [INFO] Pass: UnitarySynthesis - 0.00858 (ms)
2026-07-02 05:46:52,655 [INFO] Pass: HighLevelSynthesis - 0.00691 (ms)
2026-07-02 05:46:52,655 [INFO] Pass: BasisTranslator - 0.08893 (ms)
2026-07-02 05:46:52,656 [INFO] Pass: ElidePermutations - 0.00596 (ms)
2026-07-02 05:46:52,656 [INFO] Pass: RemoveDiagonalGatesBeforeMeasure - 0.00787 (ms)
2026-07-02 05:46:52,656 [INFO] Pass: RemoveIdentityEquivalent - 0.00644 (ms)
2026-07-02 05:46:52,656 [INFO] Pass: InverseCancellation - 0.00548 (ms)
2026-07-02 05:46:52,656 [INFO] Pass: ContractIdleWiresInControlFlow - 0.00262 (ms)
2026-07-02 05:46:52,656 [INFO] Pass: CommutativeCancellation - 0.06104 (ms)
2026-07-02 05:46:52,656 [INFO] Pass: ConsolidateBlocks - 0.04530 (ms)
2026-07-02 05:46:52,656 [INFO] Pass: Split2QUnitaries - 0.00405 (ms)
2026-07-02 05:46:52,656 [INFO] Pass: UnitarySynthesis - 0.00477 (ms)
2026-07-02 05:46:52,656 [INFO] Pass: HighLevelSynthesis - 0.02360 (ms)
2026-07-02 05:46:52,656 [INFO] Pass: BasisTranslator - 0.06294 (ms)
2026-07-02 05:46:52,656 [INFO] Pass: ConsolidateBlocks - 0.05198 (ms)
2026-07-02 05:46:52,656 [INFO] Pass: UnitarySynthesis - 0.00405 (ms)
2026-07-02 05:46:52,656 [INFO] Pass: Depth - 0.02003 (ms)
2026-07-02 05:46:52,656 [INFO] Pass: FixedPoint - 0.00596 (ms)
2026-07-02 05:46:52,656 [INFO] Pass: Size - 0.00381 (ms)
2026-07-02 05:46:52,656 [INFO] Pass: FixedPoint - 0.00262 (ms)
2026-07-02 05:46:52,656 [INFO] Pass: RemoveIdentityEquivalent - 0.00310 (ms)
2026-07-02 05:46:52,656 [INFO] Pass: Optimize1qGatesDecomposition - 0.03386 (ms)
2026-07-02 05:46:52,656 [INFO] Pass: CommutativeCancellation - 0.07653 (ms)
2026-07-02 05:46:52,656 [INFO] Pass: ContractIdleWiresInControlFlow - 0.00191 (ms)
2026-07-02 05:46:52,656 [INFO] Pass: GatesInBasis - 0.01931 (ms)
2026-07-02 05:46:52,657 [INFO] Pass: Depth - 0.01621 (ms)
2026-07-02 05:46:52,657 [INFO] Pass: FixedPoint - 0.00334 (ms)
2026-07-02 05:46:52,657 [INFO] Pass: Size - 0.00191 (ms)
2026-07-02 05:46:52,657 [INFO] Pass: FixedPoint - 0.00262 (ms)
2026-07-02 05:46:52,657 [INFO] Pass: ContainsInstruction - 0.00548 (ms)
2026-07-02 05:46:52,657 [INFO] Total Transpile Time - 94.17915 (ms)
2026-07-02 05:46:52,747 [INFO] Pass: ContainsInstruction - 0.01264 (ms)
2026-07-02 05:46:52,747 [INFO] Pass: UnitarySynthesis - 0.00787 (ms)
2026-07-02 05:46:52,747 [INFO] Pass: HighLevelSynthesis - 0.00691 (ms)
2026-07-02 05:46:52,747 [INFO] Pass: BasisTranslator - 0.07081 (ms)
2026-07-02 05:46:52,747 [INFO] Pass: ElidePermutations - 0.00453 (ms)
2026-07-02 05:46:52,747 [INFO] Pass: RemoveDiagonalGatesBeforeMeasure - 0.00691 (ms)
2026-07-02 05:46:52,747 [INFO] Pass: RemoveIdentityEquivalent - 0.00739 (ms)
2026-07-02 05:46:52,747 [INFO] Pass: InverseCancellation - 0.02408 (ms)
2026-07-02 05:46:52,747 [INFO] Pass: ContractIdleWiresInControlFlow - 0.00238 (ms)
2026-07-02 05:46:52,747 [INFO] Pass: CommutativeCancellation - 0.07439 (ms)
2026-07-02 05:46:52,747 [INFO] Pass: ConsolidateBlocks - 0.04315 (ms)
2026-07-02 05:46:52,747 [INFO] Pass: Split2QUnitaries - 0.00381 (ms)
2026-07-02 05:46:52,747 [INFO] Pass: UnitarySynthesis - 0.00525 (ms)
2026-07-02 05:46:52,747 [INFO] Pass: HighLevelSynthesis - 0.02432 (ms)
2026-07-02 05:46:52,747 [INFO] Pass: BasisTranslator - 0.07319 (ms)
2026-07-02 05:46:52,748 [INFO] Pass: ConsolidateBlocks - 0.05221 (ms)
2026-07-02 05:46:52,748 [INFO] Pass: UnitarySynthesis - 0.00429 (ms)
2026-07-02 05:46:52,748 [INFO] Pass: Depth - 0.02170 (ms)
2026-07-02 05:46:52,748 [INFO] Pass: FixedPoint - 0.00525 (ms)
2026-07-02 05:46:52,748 [INFO] Pass: Size - 0.00429 (ms)
2026-07-02 05:46:52,748 [INFO] Pass: FixedPoint - 0.00286 (ms)
2026-07-02 05:46:52,748 [INFO] Pass: RemoveIdentityEquivalent - 0.00525 (ms)
2026-07-02 05:46:52,748 [INFO] Pass: Optimize1qGatesDecomposition - 0.16236 (ms)
2026-07-02 05:46:52,748 [INFO] Pass: CommutativeCancellation - 0.08988 (ms)
2026-07-02 05:46:52,748 [INFO] Pass: ContractIdleWiresInControlFlow - 0.00215 (ms)
2026-07-02 05:46:52,748 [INFO] Pass: GatesInBasis - 0.01931 (ms)
2026-07-02 05:46:52,748 [INFO] Pass: Depth - 0.02122 (ms)
2026-07-02 05:46:52,748 [INFO] Pass: FixedPoint - 0.00358 (ms)
2026-07-02 05:46:52,748 [INFO] Pass: Size - 0.00262 (ms)
2026-07-02 05:46:52,748 [INFO] Pass: FixedPoint - 0.00286 (ms)
2026-07-02 05:46:52,748 [INFO] Pass: ContainsInstruction - 0.00525 (ms)
2026-07-02 05:46:52,749 [INFO] Total Transpile Time - 91.01439 (ms)
2026-07-02 05:46:52,837 [INFO] Pass: ContainsInstruction - 0.01240 (ms)
2026-07-02 05:46:52,837 [INFO] Pass: UnitarySynthesis - 0.00834 (ms)
2026-07-02 05:46:52,837 [INFO] Pass: HighLevelSynthesis - 0.00620 (ms)
2026-07-02 05:46:52,838 [INFO] Pass: BasisTranslator - 0.07057 (ms)
2026-07-02 05:46:52,838 [INFO] Pass: ElidePermutations - 0.00525 (ms)
2026-07-02 05:46:52,838 [INFO] Pass: RemoveDiagonalGatesBeforeMeasure - 0.00715 (ms)
2026-07-02 05:46:52,838 [INFO] Pass: RemoveIdentityEquivalent - 0.00882 (ms)
2026-07-02 05:46:52,838 [INFO] Pass: InverseCancellation - 0.02503 (ms)
2026-07-02 05:46:52,838 [INFO] Pass: ContractIdleWiresInControlFlow - 0.00167 (ms)
2026-07-02 05:46:52,838 [INFO] Pass: CommutativeCancellation - 0.07033 (ms)
2026-07-02 05:46:52,838 [INFO] Pass: ConsolidateBlocks - 0.04435 (ms)
2026-07-02 05:46:52,838 [INFO] Pass: Split2QUnitaries - 0.00429 (ms)
2026-07-02 05:46:52,838 [INFO] Pass: UnitarySynthesis - 0.00596 (ms)
2026-07-02 05:46:52,838 [INFO] Pass: HighLevelSynthesis - 0.02623 (ms)
2026-07-02 05:46:52,838 [INFO] Pass: BasisTranslator - 0.06509 (ms)
2026-07-02 05:46:52,838 [INFO] Pass: ConsolidateBlocks - 0.05269 (ms)
2026-07-02 05:46:52,838 [INFO] Pass: UnitarySynthesis - 0.00429 (ms)
2026-07-02 05:46:52,838 [INFO] Pass: Depth - 0.02193 (ms)
2026-07-02 05:46:52,838 [INFO] Pass: FixedPoint - 0.00596 (ms)
2026-07-02 05:46:52,838 [INFO] Pass: Size - 0.00358 (ms)
2026-07-02 05:46:52,838 [INFO] Pass: FixedPoint - 0.00286 (ms)
2026-07-02 05:46:52,838 [INFO] Pass: RemoveIdentityEquivalent - 0.00548 (ms)
2026-07-02 05:46:52,839 [INFO] Pass: Optimize1qGatesDecomposition - 0.18930 (ms)
2026-07-02 05:46:52,839 [INFO] Pass: CommutativeCancellation - 0.08130 (ms)
2026-07-02 05:46:52,839 [INFO] Pass: ContractIdleWiresInControlFlow - 0.00215 (ms)
2026-07-02 05:46:52,839 [INFO] Pass: GatesInBasis - 0.02098 (ms)
2026-07-02 05:46:52,839 [INFO] Pass: Depth - 0.02074 (ms)
2026-07-02 05:46:52,839 [INFO] Pass: FixedPoint - 0.00358 (ms)
2026-07-02 05:46:52,839 [INFO] Pass: Size - 0.00191 (ms)
2026-07-02 05:46:52,839 [INFO] Pass: FixedPoint - 0.00262 (ms)
2026-07-02 05:46:52,839 [INFO] Pass: RemoveIdentityEquivalent - 0.00477 (ms)
2026-07-02 05:46:52,839 [INFO] Pass: Optimize1qGatesDecomposition - 0.14901 (ms)
2026-07-02 05:46:52,839 [INFO] Pass: CommutativeCancellation - 0.07248 (ms)
2026-07-02 05:46:52,839 [INFO] Pass: ContractIdleWiresInControlFlow - 0.00167 (ms)
2026-07-02 05:46:52,839 [INFO] Pass: GatesInBasis - 0.01740 (ms)
2026-07-02 05:46:52,839 [INFO] Pass: Depth - 0.02074 (ms)
2026-07-02 05:46:52,839 [INFO] Pass: FixedPoint - 0.00310 (ms)
2026-07-02 05:46:52,839 [INFO] Pass: Size - 0.00191 (ms)
2026-07-02 05:46:52,839 [INFO] Pass: FixedPoint - 0.00262 (ms)
2026-07-02 05:46:52,839 [INFO] Pass: ContainsInstruction - 0.00596 (ms)
2026-07-02 05:46:52,840 [INFO] Total Transpile Time - 90.50751 (ms)
2026-07-02 06:00:19,794 [INFO] Pass: ContainsInstruction - 0.01264 (ms)
2026-07-02 06:00:19,795 [INFO] Pass: UnitarySynthesis - 0.00811 (ms)
2026-07-02 06:00:19,795 [INFO] Pass: HighLevelSynthesis - 0.00620 (ms)
2026-07-02 06:00:19,795 [INFO] Pass: BasisTranslator - 0.07606 (ms)
2026-07-02 06:00:19,795 [INFO] Pass: ElidePermutations - 0.00572 (ms)
2026-07-02 06:00:19,795 [INFO] Pass: RemoveDiagonalGatesBeforeMeasure - 0.00811 (ms)
2026-07-02 06:00:19,795 [INFO] Pass: RemoveIdentityEquivalent - 0.00596 (ms)
2026-07-02 06:00:19,795 [INFO] Pass: InverseCancellation - 0.00525 (ms)
2026-07-02 06:00:19,795 [INFO] Pass: ContractIdleWiresInControlFlow - 0.00215 (ms)
2026-07-02 06:00:19,795 [INFO] Pass: CommutativeCancellation - 0.06008 (ms)
2026-07-02 06:00:19,795 [INFO] Pass: ConsolidateBlocks - 0.04411 (ms)
2026-07-02 06:00:19,795 [INFO] Pass: Split2QUnitaries - 0.00405 (ms)
2026-07-02 06:00:19,795 [INFO] Pass: UnitarySynthesis - 0.00501 (ms)
2026-07-02 06:00:19,795 [INFO] Pass: HighLevelSynthesis - 0.02384 (ms)
2026-07-02 06:00:19,795 [INFO] Pass: BasisTranslator - 0.06604 (ms)
2026-07-02 06:00:19,795 [INFO] Pass: ConsolidateBlocks - 0.04888 (ms)
2026-07-02 06:00:19,795 [INFO] Pass: UnitarySynthesis - 0.00429 (ms)
2026-07-02 06:00:19,795 [INFO] Pass: Depth - 0.01788 (ms)
2026-07-02 06:00:19,795 [INFO] Pass: FixedPoint - 0.00501 (ms)
2026-07-02 06:00:19,796 [INFO] Pass: Size - 0.00381 (ms)
2026-07-02 06:00:19,796 [INFO] Pass: FixedPoint - 0.00262 (ms)
2026-07-02 06:00:19,796 [INFO] Pass: RemoveIdentityEquivalent - 0.00358 (ms)
2026-07-02 06:00:19,796 [INFO] Pass: Optimize1qGatesDecomposition - 0.03266 (ms)
2026-07-02 06:00:19,796 [INFO] Pass: CommutativeCancellation - 0.07582 (ms)
2026-07-02 06:00:19,796 [INFO] Pass: ContractIdleWiresInControlFlow - 0.00215 (ms)
2026-07-02 06:00:19,796 [INFO] Pass: GatesInBasis - 0.01979 (ms)
2026-07-02 06:00:19,796 [INFO] Pass: Depth - 0.01669 (ms)
2026-07-02 06:00:19,796 [INFO] Pass: FixedPoint - 0.00334 (ms)
2026-07-02 06:00:19,796 [INFO] Pass: Size - 0.00215 (ms)
2026-07-02 06:00:19,796 [INFO] Pass: FixedPoint - 0.00286 (ms)
2026-07-02 06:00:19,796 [INFO] Pass: ContainsInstruction - 0.00477 (ms)
2026-07-02 06:00:19,796 [INFO] Total Transpile Time - 93.70923 (ms)
2026-07-02 06:00:19,884 [INFO] Pass: ContainsInstruction - 0.01359 (ms)
2026-07-02 06:00:19,884 [INFO] Pass: UnitarySynthesis - 0.00739 (ms)
2026-07-02 06:00:19,884 [INFO] Pass: HighLevelSynthesis - 0.00620 (ms)
2026-07-02 06:00:19,884 [INFO] Pass: BasisTranslator - 0.07463 (ms)
2026-07-02 06:00:19,884 [INFO] Pass: ElidePermutations - 0.00548 (ms)
2026-07-02 06:00:19,884 [INFO] Pass: RemoveDiagonalGatesBeforeMeasure - 0.00691 (ms)
2026-07-02 06:00:19,884 [INFO] Pass: RemoveIdentityEquivalent - 0.00787 (ms)
2026-07-02 06:00:19,884 [INFO] Pass: InverseCancellation - 0.02408 (ms)
2026-07-02 06:00:19,884 [INFO] Pass: ContractIdleWiresInControlFlow - 0.00262 (ms)
2026-07-02 06:00:19,884 [INFO] Pass: CommutativeCancellation - 0.07486 (ms)
2026-07-02 06:00:19,884 [INFO] Pass: ConsolidateBlocks - 0.04983 (ms)
2026-07-02 06:00:19,884 [INFO] Pass: Split2QUnitaries - 0.00405 (ms)
2026-07-02 06:00:19,885 [INFO] Pass: UnitarySynthesis - 0.00572 (ms)
2026-07-02 06:00:19,885 [INFO] Pass: HighLevelSynthesis - 0.02456 (ms)
2026-07-02 06:00:19,885 [INFO] Pass: BasisTranslator - 0.06771 (ms)
2026-07-02 06:00:19,885 [INFO] Pass: ConsolidateBlocks - 0.05150 (ms)
2026-07-02 06:00:19,885 [INFO] Pass: UnitarySynthesis - 0.00477 (ms)
2026-07-02 06:00:19,885 [INFO] Pass: Depth - 0.02074 (ms)
2026-07-02 06:00:19,885 [INFO] Pass: FixedPoint - 0.00644 (ms)
2026-07-02 06:00:19,885 [INFO] Pass: Size - 0.00405 (ms)
2026-07-02 06:00:19,885 [INFO] Pass: FixedPoint - 0.00286 (ms)
2026-07-02 06:00:19,885 [INFO] Pass: RemoveIdentityEquivalent - 0.00453 (ms)
2026-07-02 06:00:19,885 [INFO] Pass: Optimize1qGatesDecomposition - 0.17643 (ms)
2026-07-02 06:00:19,885 [INFO] Pass: CommutativeCancellation - 0.09203 (ms)
2026-07-02 06:00:19,885 [INFO] Pass: ContractIdleWiresInControlFlow - 0.00286 (ms)
2026-07-02 06:00:19,885 [INFO] Pass: GatesInBasis - 0.02074 (ms)
2026-07-02 06:00:19,885 [INFO] Pass: Depth - 0.02146 (ms)
2026-07-02 06:00:19,885 [INFO] Pass: FixedPoint - 0.00358 (ms)
2026-07-02 06:00:19,885 [INFO] Pass: Size - 0.00191 (ms)
2026-07-02 06:00:19,885 [INFO] Pass: FixedPoint - 0.00310 (ms)
2026-07-02 06:00:19,885 [INFO] Pass: ContainsInstruction - 0.00620 (ms)
2026-07-02 06:00:19,886 [INFO] Total Transpile Time - 88.99045 (ms)
2026-07-02 06:00:19,977 [INFO] Pass: ContainsInstruction - 0.01454 (ms)
2026-07-02 06:00:19,978 [INFO] Pass: UnitarySynthesis - 0.00763 (ms)
2026-07-02 06:00:19,978 [INFO] Pass: HighLevelSynthesis - 0.00548 (ms)
2026-07-02 06:00:19,978 [INFO] Pass: BasisTranslator - 0.07415 (ms)
2026-07-02 06:00:19,978 [INFO] Pass: ElidePermutations - 0.00525 (ms)
2026-07-02 06:00:19,978 [INFO] Pass: RemoveDiagonalGatesBeforeMeasure - 0.00668 (ms)
2026-07-02 06:00:19,978 [INFO] Pass: RemoveIdentityEquivalent - 0.00930 (ms)
2026-07-02 06:00:19,978 [INFO] Pass: InverseCancellation - 0.02551 (ms)
2026-07-02 06:00:19,978 [INFO] Pass: ContractIdleWiresInControlFlow - 0.00191 (ms)
2026-07-02 06:00:19,978 [INFO] Pass: CommutativeCancellation - 0.07415 (ms)
2026-07-02 06:00:19,978 [INFO] Pass: ConsolidateBlocks - 0.04601 (ms)
2026-07-02 06:00:19,978 [INFO] Pass: Split2QUnitaries - 0.00453 (ms)
2026-07-02 06:00:19,978 [INFO] Pass: UnitarySynthesis - 0.00596 (ms)
2026-07-02 06:00:19,978 [INFO] Pass: HighLevelSynthesis - 0.02551 (ms)
2026-07-02 06:00:19,978 [INFO] Pass: BasisTranslator - 0.07010 (ms)
2026-07-02 06:00:19,978 [INFO] Pass: ConsolidateBlocks - 0.05388 (ms)
2026-07-02 06:00:19,978 [INFO] Pass: UnitarySynthesis - 0.00501 (ms)
2026-07-02 06:00:19,978 [INFO] Pass: Depth - 0.02456 (ms)
2026-07-02 06:00:19,978 [INFO] Pass: FixedPoint - 0.00501 (ms)
2026-07-02 06:00:19,978 [INFO] Pass: Size - 0.00477 (ms)
2026-07-02 06:00:19,979 [INFO] Pass: FixedPoint - 0.00286 (ms)
2026-07-02 06:00:19,979 [INFO] Pass: RemoveIdentityEquivalent - 0.00596 (ms)
2026-07-02 06:00:19,979 [INFO] Pass: Optimize1qGatesDecomposition - 0.19503 (ms)
2026-07-02 06:00:19,979 [INFO] Pass: CommutativeCancellation - 0.08607 (ms)
2026-07-02 06:00:19,979 [INFO] Pass: ContractIdleWiresInControlFlow - 0.00215 (ms)
2026-07-02 06:00:19,979 [INFO] Pass: GatesInBasis - 0.02003 (ms)
2026-07-02 06:00:19,979 [INFO] Pass: Depth - 0.02074 (ms)
2026-07-02 06:00:19,979 [INFO] Pass: FixedPoint - 0.00358 (ms)
2026-07-02 06:00:19,979 [INFO] Pass: Size - 0.00262 (ms)
2026-07-02 06:00:19,979 [INFO] Pass: FixedPoint - 0.00334 (ms)
2026-07-02 06:00:19,979 [INFO] Pass: RemoveIdentityEquivalent - 0.00501 (ms)
2026-07-02 06:00:19,979 [INFO] Pass: Optimize1qGatesDecomposition - 0.14830 (ms)
2026-07-02 06:00:19,979 [INFO] Pass: CommutativeCancellation - 0.07319 (ms)
2026-07-02 06:00:19,979 [INFO] Pass: ContractIdleWiresInControlFlow - 0.00167 (ms)
2026-07-02 06:00:19,979 [INFO] Pass: GatesInBasis - 0.01788 (ms)
2026-07-02 06:00:19,979 [INFO] Pass: Depth - 0.01979 (ms)
2026-07-02 06:00:19,979 [INFO] Pass: FixedPoint - 0.00334 (ms)
2026-07-02 06:00:19,980 [INFO] Pass: Size - 0.00238 (ms)
2026-07-02 06:00:19,980 [INFO] Pass: FixedPoint - 0.00262 (ms)
2026-07-02 06:00:19,980 [INFO] Pass: ContainsInstruction - 0.00620 (ms)
2026-07-02 06:00:19,980 [INFO] Total Transpile Time - 93.40739 (ms)
2026-07-02 06:13:44,563 [INFO] Pass: ContainsInstruction - 0.01264 (ms)
2026-07-02 06:13:44,564 [INFO] Pass: UnitarySynthesis - 0.00906 (ms)
2026-07-02 06:13:44,564 [INFO] Pass: HighLevelSynthesis - 0.00668 (ms)
2026-07-02 06:13:44,564 [INFO] Pass: BasisTranslator - 0.07677 (ms)
2026-07-02 06:13:44,564 [INFO] Pass: ElidePermutations - 0.00572 (ms)
2026-07-02 06:13:44,564 [INFO] Pass: RemoveDiagonalGatesBeforeMeasure - 0.00763 (ms)
2026-07-02 06:13:44,564 [INFO] Pass: RemoveIdentityEquivalent - 0.00644 (ms)
2026-07-02 06:13:44,564 [INFO] Pass: InverseCancellation - 0.00572 (ms)
2026-07-02 06:13:44,564 [INFO] Pass: ContractIdleWiresInControlFlow - 0.00238 (ms)
2026-07-02 06:13:44,564 [INFO] Pass: CommutativeCancellation - 0.06318 (ms)
2026-07-02 06:13:44,564 [INFO] Pass: ConsolidateBlocks - 0.04435 (ms)
2026-07-02 06:13:44,564 [INFO] Pass: Split2QUnitaries - 0.00381 (ms)
2026-07-02 06:13:44,564 [INFO] Pass: UnitarySynthesis - 0.00477 (ms)
2026-07-02 06:13:44,564 [INFO] Pass: HighLevelSynthesis - 0.02241 (ms)
2026-07-02 06:13:44,564 [INFO] Pass: BasisTranslator - 0.06700 (ms)
2026-07-02 06:13:44,564 [INFO] Pass: ConsolidateBlocks - 0.04911 (ms)
2026-07-02 06:13:44,564 [INFO] Pass: UnitarySynthesis - 0.00453 (ms)
2026-07-02 06:13:44,564 [INFO] Pass: Depth - 0.01955 (ms)
2026-07-02 06:13:44,564 [INFO] Pass: FixedPoint - 0.00596 (ms)
2026-07-02 06:13:44,564 [INFO] Pass: Size - 0.00429 (ms)
2026-07-02 06:13:44,564 [INFO] Pass: FixedPoint - 0.00286 (ms)
2026-07-02 06:13:44,564 [INFO] Pass: RemoveIdentityEquivalent - 0.00310 (ms)
2026-07-02 06:13:44,565 [INFO] Pass: Optimize1qGatesDecomposition - 0.03481 (ms)
2026-07-02 06:13:44,565 [INFO] Pass: CommutativeCancellation - 0.07701 (ms)
2026-07-02 06:13:44,565 [INFO] Pass: ContractIdleWiresInControlFlow - 0.00191 (ms)
2026-07-02 06:13:44,565 [INFO] Pass: GatesInBasis - 0.02027 (ms)
2026-07-02 06:13:44,565 [INFO] Pass: Depth - 0.01812 (ms)
2026-07-02 06:13:44,565 [INFO] Pass: FixedPoint - 0.00358 (ms)
2026-07-02 06:13:44,565 [INFO] Pass: Size - 0.00238 (ms)
2026-07-02 06:13:44,565 [INFO] Pass: FixedPoint - 0.00262 (ms)
2026-07-02 06:13:44,565 [INFO] Pass: ContainsInstruction - 0.00501 (ms)
2026-07-02 06:13:44,565 [INFO] Total Transpile Time - 92.77821 (ms)
2026-07-02 06:13:44,656 [INFO] Pass: ContainsInstruction - 0.01311 (ms)
2026-07-02 06:13:44,657 [INFO] Pass: UnitarySynthesis - 0.00834 (ms)
2026-07-02 06:13:44,657 [INFO] Pass: HighLevelSynthesis - 0.00691 (ms)
2026-07-02 06:13:44,657 [INFO] Pass: BasisTranslator - 0.07200 (ms)
2026-07-02 06:13:44,657 [INFO] Pass: ElidePermutations - 0.00501 (ms)
2026-07-02 06:13:44,657 [INFO] Pass: RemoveDiagonalGatesBeforeMeasure - 0.00668 (ms)
2026-07-02 06:13:44,657 [INFO] Pass: RemoveIdentityEquivalent - 0.00763 (ms)
2026-07-02 06:13:44,657 [INFO] Pass: InverseCancellation - 0.02503 (ms)
2026-07-02 06:13:44,657 [INFO] Pass: ContractIdleWiresInControlFlow - 0.00191 (ms)
2026-07-02 06:13:44,657 [INFO] Pass: CommutativeCancellation - 0.07153 (ms)
2026-07-02 06:13:44,657 [INFO] Pass: ConsolidateBlocks - 0.04244 (ms)
2026-07-02 06:13:44,657 [INFO] Pass: Split2QUnitaries - 0.00358 (ms)
2026-07-02 06:13:44,657 [INFO] Pass: UnitarySynthesis - 0.00477 (ms)
2026-07-02 06:13:44,657 [INFO] Pass: HighLevelSynthesis - 0.02384 (ms)
2026-07-02 06:13:44,657 [INFO] Pass: BasisTranslator - 0.06843 (ms)
2026-07-02 06:13:44,657 [INFO] Pass: ConsolidateBlocks - 0.05102 (ms)
2026-07-02 06:13:44,657 [INFO] Pass: UnitarySynthesis - 0.00429 (ms)
2026-07-02 06:13:44,657 [INFO] Pass: Depth - 0.02408 (ms)
2026-07-02 06:13:44,657 [INFO] Pass: FixedPoint - 0.00548 (ms)
2026-07-02 06:13:44,657 [INFO] Pass: Size - 0.00381 (ms)
2026-07-02 06:13:44,657 [INFO] Pass: FixedPoint - 0.00262 (ms)
2026-07-02 06:13:44,658 [INFO] Pass: RemoveIdentityEquivalent - 0.00477 (ms)
2026-07-02 06:13:44,658 [INFO] Pass: Optimize1qGatesDecomposition - 0.16451 (ms)
2026-07-02 06:13:44,658 [INFO] Pass: CommutativeCancellation - 0.08798 (ms)
2026-07-02 06:13:44,658 [INFO] Pass: ContractIdleWiresInControlFlow - 0.00191 (ms)
2026-07-02 06:13:44,658 [INFO] Pass: GatesInBasis - 0.01955 (ms)
2026-07-02 06:13:44,658 [INFO] Pass: Depth - 0.02003 (ms)
2026-07-02 06:13:44,658 [INFO] Pass: FixedPoint - 0.00381 (ms)
2026-07-02 06:13:44,658 [INFO] Pass: Size - 0.00286 (ms)
2026-07-02 06:13:44,658 [INFO] Pass: FixedPoint - 0.00286 (ms)
2026-07-02 06:13:44,658 [INFO] Pass: ContainsInstruction - 0.00548 (ms)
2026-07-02 06:13:44,658 [INFO] Total Transpile Time - 92.45992 (ms)
2026-07-02 06:13:44,747 [INFO] Pass: ContainsInstruction - 0.01311 (ms)
2026-07-02 06:13:44,747 [INFO] Pass: UnitarySynthesis - 0.00811 (ms)
2026-07-02 06:13:44,747 [INFO] Pass: HighLevelSynthesis - 0.00739 (ms)
2026-07-02 06:13:44,747 [INFO] Pass: BasisTranslator - 0.07963 (ms)
2026-07-02 06:13:44,748 [INFO] Pass: ElidePermutations - 0.00501 (ms)
2026-07-02 06:13:44,748 [INFO] Pass: RemoveDiagonalGatesBeforeMeasure - 0.00691 (ms)
2026-07-02 06:13:44,748 [INFO] Pass: RemoveIdentityEquivalent - 0.00906 (ms)
2026-07-02 06:13:44,748 [INFO] Pass: InverseCancellation - 0.02599 (ms)
2026-07-02 06:13:44,748 [INFO] Pass: ContractIdleWiresInControlFlow - 0.00215 (ms)
2026-07-02 06:13:44,748 [INFO] Pass: CommutativeCancellation - 0.06747 (ms)
2026-07-02 06:13:44,748 [INFO] Pass: ConsolidateBlocks - 0.04363 (ms)
2026-07-02 06:13:44,748 [INFO] Pass: Split2QUnitaries - 0.00286 (ms)
2026-07-02 06:13:44,748 [INFO] Pass: UnitarySynthesis - 0.00572 (ms)
2026-07-02 06:13:44,748 [INFO] Pass: HighLevelSynthesis - 0.02599 (ms)
2026-07-02 06:13:44,748 [INFO] Pass: BasisTranslator - 0.06795 (ms)
2026-07-02 06:13:44,748 [INFO] Pass: ConsolidateBlocks - 0.05031 (ms)
2026-07-02 06:13:44,748 [INFO] Pass: UnitarySynthesis - 0.00525 (ms)
2026-07-02 06:13:44,748 [INFO] Pass: Depth - 0.02337 (ms)
2026-07-02 06:13:44,748 [INFO] Pass: FixedPoint - 0.00453 (ms)
2026-07-02 06:13:44,748 [INFO] Pass: Size - 0.00381 (ms)
2026-07-02 06:13:44,748 [INFO] Pass: FixedPoint - 0.00262 (ms)
2026-07-02 06:13:44,748 [INFO] Pass: RemoveIdentityEquivalent - 0.00596 (ms)
2026-07-02 06:13:44,748 [INFO] Pass: Optimize1qGatesDecomposition - 0.17762 (ms)
2026-07-02 06:13:44,749 [INFO] Pass: CommutativeCancellation - 0.08416 (ms)
2026-07-02 06:13:44,749 [INFO] Pass: ContractIdleWiresInControlFlow - 0.00191 (ms)
2026-07-02 06:13:44,749 [INFO] Pass: GatesInBasis - 0.02050 (ms)
2026-07-02 06:13:44,749 [INFO] Pass: Depth - 0.02074 (ms)
2026-07-02 06:13:44,749 [INFO] Pass: FixedPoint - 0.00358 (ms)
2026-07-02 06:13:44,749 [INFO] Pass: Size - 0.00238 (ms)
2026-07-02 06:13:44,749 [INFO] Pass: FixedPoint - 0.00286 (ms)
2026-07-02 06:13:44,749 [INFO] Pass: RemoveIdentityEquivalent - 0.00548 (ms)
2026-07-02 06:13:44,749 [INFO] Pass: Optimize1qGatesDecomposition - 0.14019 (ms)
2026-07-02 06:13:44,749 [INFO] Pass: CommutativeCancellation - 0.06986 (ms)
2026-07-02 06:13:44,749 [INFO] Pass: ContractIdleWiresInControlFlow - 0.00215 (ms)
2026-07-02 06:13:44,749 [INFO] Pass: GatesInBasis - 0.01717 (ms)
2026-07-02 06:13:44,749 [INFO] Pass: Depth - 0.01764 (ms)
2026-07-02 06:13:44,749 [INFO] Pass: FixedPoint - 0.00310 (ms)
2026-07-02 06:13:44,749 [INFO] Pass: Size - 0.00191 (ms)
2026-07-02 06:13:44,749 [INFO] Pass: FixedPoint - 0.00262 (ms)
2026-07-02 06:13:44,749 [INFO] Pass: ContainsInstruction - 0.00596 (ms)
2026-07-02 06:13:44,750 [INFO] Total Transpile Time - 90.65747 (ms)
2026-07-02 06:27:01,266 [INFO] Pass: ContainsInstruction - 0.01192 (ms)
2026-07-02 06:27:01,266 [INFO] Pass: UnitarySynthesis - 0.00763 (ms)
2026-07-02 06:27:01,266 [INFO] Pass: HighLevelSynthesis - 0.00572 (ms)
2026-07-02 06:27:01,266 [INFO] Pass: BasisTranslator - 0.08130 (ms)
2026-07-02 06:27:01,267 [INFO] Pass: ElidePermutations - 0.00548 (ms)
2026-07-02 06:27:01,267 [INFO] Pass: RemoveDiagonalGatesBeforeMeasure - 0.00763 (ms)
2026-07-02 06:27:01,267 [INFO] Pass: RemoveIdentityEquivalent - 0.00501 (ms)
2026-07-02 06:27:01,267 [INFO] Pass: InverseCancellation - 0.00525 (ms)
2026-07-02 06:27:01,267 [INFO] Pass: ContractIdleWiresInControlFlow - 0.00191 (ms)
2026-07-02 06:27:01,267 [INFO] Pass: CommutativeCancellation - 0.05889 (ms)
2026-07-02 06:27:01,267 [INFO] Pass: ConsolidateBlocks - 0.04029 (ms)
2026-07-02 06:27:01,267 [INFO] Pass: Split2QUnitaries - 0.00358 (ms)
2026-07-02 06:27:01,267 [INFO] Pass: UnitarySynthesis - 0.00477 (ms)
2026-07-02 06:27:01,267 [INFO] Pass: HighLevelSynthesis - 0.02241 (ms)
2026-07-02 06:27:01,267 [INFO] Pass: BasisTranslator - 0.06294 (ms)
2026-07-02 06:27:01,267 [INFO] Pass: ConsolidateBlocks - 0.05007 (ms)
2026-07-02 06:27:01,267 [INFO] Pass: UnitarySynthesis - 0.00405 (ms)
2026-07-02 06:27:01,267 [INFO] Pass: Depth - 0.01812 (ms)
2026-07-02 06:27:01,267 [INFO] Pass: FixedPoint - 0.00525 (ms)
2026-07-02 06:27:01,267 [INFO] Pass: Size - 0.00310 (ms)
2026-07-02 06:27:01,267 [INFO] Pass: FixedPoint - 0.00286 (ms)
2026-07-02 06:27:01,267 [INFO] Pass: RemoveIdentityEquivalent - 0.00286 (ms)
2026-07-02 06:27:01,267 [INFO] Pass: Optimize1qGatesDecomposition - 0.03219 (ms)
2026-07-02 06:27:01,267 [INFO] Pass: CommutativeCancellation - 0.07486 (ms)
2026-07-02 06:27:01,267 [INFO] Pass: ContractIdleWiresInControlFlow - 0.00191 (ms)
2026-07-02 06:27:01,267 [INFO] Pass: GatesInBasis - 0.01955 (ms)
2026-07-02 06:27:01,267 [INFO] Pass: Depth - 0.01574 (ms)
2026-07-02 06:27:01,268 [INFO] Pass: FixedPoint - 0.00381 (ms)
2026-07-02 06:27:01,268 [INFO] Pass: Size - 0.00215 (ms)
2026-07-02 06:27:01,268 [INFO] Pass: FixedPoint - 0.00262 (ms)
2026-07-02 06:27:01,268 [INFO] Pass: ContainsInstruction - 0.00477 (ms)
2026-07-02 06:27:01,268 [INFO] Total Transpile Time - 96.12513 (ms)
2026-07-02 06:27:01,357 [INFO] Pass: ContainsInstruction - 0.01192 (ms)
2026-07-02 06:27:01,357 [INFO] Pass: UnitarySynthesis - 0.00811 (ms)
2026-07-02 06:27:01,357 [INFO] Pass: HighLevelSynthesis - 0.00596 (ms)
2026-07-02 06:27:01,357 [INFO] Pass: BasisTranslator - 0.07105 (ms)
2026-07-02 06:27:01,357 [INFO] Pass: ElidePermutations - 0.00548 (ms)
2026-07-02 06:27:01,357 [INFO] Pass: RemoveDiagonalGatesBeforeMeasure - 0.00644 (ms)
2026-07-02 06:27:01,357 [INFO] Pass: RemoveIdentityEquivalent - 0.00834 (ms)
2026-07-02 06:27:01,357 [INFO] Pass: InverseCancellation - 0.02503 (ms)
2026-07-02 06:27:01,357 [INFO] Pass: ContractIdleWiresInControlFlow - 0.00215 (ms)
2026-07-02 06:27:01,357 [INFO] Pass: CommutativeCancellation - 0.06771 (ms)
2026-07-02 06:27:01,357 [INFO] Pass: ConsolidateBlocks - 0.04101 (ms)
2026-07-02 06:27:01,357 [INFO] Pass: Split2QUnitaries - 0.00334 (ms)
2026-07-02 06:27:01,357 [INFO] Pass: UnitarySynthesis - 0.00548 (ms)
2026-07-02 06:27:01,357 [INFO] Pass: HighLevelSynthesis - 0.02432 (ms)
2026-07-02 06:27:01,358 [INFO] Pass: BasisTranslator - 0.06628 (ms)
2026-07-02 06:27:01,358 [INFO] Pass: ConsolidateBlocks - 0.05078 (ms)
2026-07-02 06:27:01,358 [INFO] Pass: UnitarySynthesis - 0.00453 (ms)
2026-07-02 06:27:01,358 [INFO] Pass: Depth - 0.01931 (ms)
2026-07-02 06:27:01,358 [INFO] Pass: FixedPoint - 0.00477 (ms)
2026-07-02 06:27:01,358 [INFO] Pass: Size - 0.00453 (ms)
2026-07-02 06:27:01,358 [INFO] Pass: FixedPoint - 0.00286 (ms)
2026-07-02 06:27:01,358 [INFO] Pass: RemoveIdentityEquivalent - 0.00525 (ms)
2026-07-02 06:27:01,358 [INFO] Pass: Optimize1qGatesDecomposition - 0.16117 (ms)
2026-07-02 06:27:01,358 [INFO] Pass: CommutativeCancellation - 0.08965 (ms)
2026-07-02 06:27:01,358 [INFO] Pass: ContractIdleWiresInControlFlow - 0.00191 (ms)
2026-07-02 06:27:01,358 [INFO] Pass: GatesInBasis - 0.02098 (ms)
2026-07-02 06:27:01,358 [INFO] Pass: Depth - 0.02027 (ms)
2026-07-02 06:27:01,358 [INFO] Pass: FixedPoint - 0.00381 (ms)
2026-07-02 06:27:01,358 [INFO] Pass: Size - 0.00215 (ms)
2026-07-02 06:27:01,358 [INFO] Pass: FixedPoint - 0.00310 (ms)
2026-07-02 06:27:01,358 [INFO] Pass: ContainsInstruction - 0.00501 (ms)
2026-07-02 06:27:01,359 [INFO] Total Transpile Time - 90.22856 (ms)
2026-07-02 06:27:01,450 [INFO] Pass: ContainsInstruction - 0.01335 (ms)
2026-07-02 06:27:01,450 [INFO] Pass: UnitarySynthesis - 0.00834 (ms)
2026-07-02 06:27:01,451 [INFO] Pass: HighLevelSynthesis - 0.00691 (ms)
2026-07-02 06:27:01,451 [INFO] Pass: BasisTranslator - 0.07486 (ms)
2026-07-02 06:27:01,451 [INFO] Pass: ElidePermutations - 0.00501 (ms)
2026-07-02 06:27:01,451 [INFO] Pass: RemoveDiagonalGatesBeforeMeasure - 0.00715 (ms)
2026-07-02 06:27:01,451 [INFO] Pass: RemoveIdentityEquivalent - 0.00811 (ms)
2026-07-02 06:27:01,451 [INFO] Pass: InverseCancellation - 0.02432 (ms)
2026-07-02 06:27:01,451 [INFO] Pass: ContractIdleWiresInControlFlow - 0.00215 (ms)
2026-07-02 06:27:01,451 [INFO] Pass: CommutativeCancellation - 0.06890 (ms)
2026-07-02 06:27:01,451 [INFO] Pass: ConsolidateBlocks - 0.04601 (ms)
2026-07-02 06:27:01,451 [INFO] Pass: Split2QUnitaries - 0.00310 (ms)
2026-07-02 06:27:01,451 [INFO] Pass: UnitarySynthesis - 0.00525 (ms)
2026-07-02 06:27:01,451 [INFO] Pass: HighLevelSynthesis - 0.02623 (ms)
2026-07-02 06:27:01,451 [INFO] Pass: BasisTranslator - 0.06890 (ms)
2026-07-02 06:27:01,451 [INFO] Pass: ConsolidateBlocks - 0.05269 (ms)
2026-07-02 06:27:01,451 [INFO] Pass: UnitarySynthesis - 0.00477 (ms)
2026-07-02 06:27:01,451 [INFO] Pass: Depth - 0.02170 (ms)
2026-07-02 06:27:01,451 [INFO] Pass: FixedPoint - 0.00501 (ms)
2026-07-02 06:27:01,451 [INFO] Pass: Size - 0.00429 (ms)
2026-07-02 06:27:01,451 [INFO] Pass: FixedPoint - 0.00286 (ms)
2026-07-02 06:27:01,451 [INFO] Pass: RemoveIdentityEquivalent - 0.00596 (ms)
2026-07-02 06:27:01,452 [INFO] Pass: Optimize1qGatesDecomposition - 0.19360 (ms)
2026-07-02 06:27:01,452 [INFO] Pass: CommutativeCancellation - 0.08035 (ms)
2026-07-02 06:27:01,452 [INFO] Pass: ContractIdleWiresInControlFlow - 0.00215 (ms)
2026-07-02 06:27:01,452 [INFO] Pass: GatesInBasis - 0.02098 (ms)
2026-07-02 06:27:01,452 [INFO] Pass: Depth - 0.01931 (ms)
2026-07-02 06:27:01,452 [INFO] Pass: FixedPoint - 0.00429 (ms)
2026-07-02 06:27:01,452 [INFO] Pass: Size - 0.00238 (ms)
2026-07-02 06:27:01,452 [INFO] Pass: FixedPoint - 0.00286 (ms)
2026-07-02 06:27:01,452 [INFO] Pass: RemoveIdentityEquivalent - 0.00501 (ms)
2026-07-02 06:27:01,452 [INFO] Pass: Optimize1qGatesDecomposition - 0.14305 (ms)
2026-07-02 06:27:01,452 [INFO] Pass: CommutativeCancellation - 0.07033 (ms)
2026-07-02 06:27:01,452 [INFO] Pass: ContractIdleWiresInControlFlow - 0.00191 (ms)
2026-07-02 06:27:01,452 [INFO] Pass: GatesInBasis - 0.01812 (ms)
2026-07-02 06:27:01,452 [INFO] Pass: Depth - 0.01812 (ms)
2026-07-02 06:27:01,452 [INFO] Pass: FixedPoint - 0.00286 (ms)
2026-07-02 06:27:01,452 [INFO] Pass: Size - 0.00191 (ms)
2026-07-02 06:27:01,452 [INFO] Pass: FixedPoint - 0.00286 (ms)
2026-07-02 06:27:01,452 [INFO] Pass: ContainsInstruction - 0.00620 (ms)
2026-07-02 06:27:01,453 [INFO] Total Transpile Time - 93.57214 (ms)
2026-07-02 06:40:25,818 [INFO] Pass: ContainsInstruction - 0.01192 (ms)
2026-07-02 06:40:25,818 [INFO] Pass: UnitarySynthesis - 0.00763 (ms)
2026-07-02 06:40:25,818 [INFO] Pass: HighLevelSynthesis - 0.00548 (ms)
2026-07-02 06:40:25,818 [INFO] Pass: BasisTranslator - 0.06509 (ms)
2026-07-02 06:40:25,818 [INFO] Pass: ElidePermutations - 0.00548 (ms)
2026-07-02 06:40:25,818 [INFO] Pass: RemoveDiagonalGatesBeforeMeasure - 0.00691 (ms)
2026-07-02 06:40:25,818 [INFO] Pass: RemoveIdentityEquivalent - 0.00501 (ms)
2026-07-02 06:40:25,818 [INFO] Pass: InverseCancellation - 0.00525 (ms)
2026-07-02 06:40:25,818 [INFO] Pass: ContractIdleWiresInControlFlow - 0.00262 (ms)
2026-07-02 06:40:25,818 [INFO] Pass: CommutativeCancellation - 0.05651 (ms)
2026-07-02 06:40:25,818 [INFO] Pass: ConsolidateBlocks - 0.04029 (ms)
2026-07-02 06:40:25,818 [INFO] Pass: Split2QUnitaries - 0.00310 (ms)
2026-07-02 06:40:25,818 [INFO] Pass: UnitarySynthesis - 0.00477 (ms)
2026-07-02 06:40:25,818 [INFO] Pass: HighLevelSynthesis - 0.02122 (ms)
2026-07-02 06:40:25,818 [INFO] Pass: BasisTranslator - 0.07200 (ms)
2026-07-02 06:40:25,819 [INFO] Pass: ConsolidateBlocks - 0.04792 (ms)
2026-07-02 06:40:25,819 [INFO] Pass: UnitarySynthesis - 0.00405 (ms)
2026-07-02 06:40:25,819 [INFO] Pass: Depth - 0.01836 (ms)
2026-07-02 06:40:25,819 [INFO] Pass: FixedPoint - 0.00477 (ms)
2026-07-02 06:40:25,819 [INFO] Pass: Size - 0.00334 (ms)
2026-07-02 06:40:25,819 [INFO] Pass: FixedPoint - 0.00286 (ms)
2026-07-02 06:40:25,819 [INFO] Pass: RemoveIdentityEquivalent - 0.00381 (ms)
2026-07-02 06:40:25,819 [INFO] Pass: Optimize1qGatesDecomposition - 0.03219 (ms)
2026-07-02 06:40:25,819 [INFO] Pass: CommutativeCancellation - 0.07057 (ms)
2026-07-02 06:40:25,819 [INFO] Pass: ContractIdleWiresInControlFlow - 0.00215 (ms)
2026-07-02 06:40:25,819 [INFO] Pass: GatesInBasis - 0.01860 (ms)
2026-07-02 06:40:25,819 [INFO] Pass: Depth - 0.01836 (ms)
2026-07-02 06:40:25,819 [INFO] Pass: FixedPoint - 0.00334 (ms)
2026-07-02 06:40:25,819 [INFO] Pass: Size - 0.00191 (ms)
2026-07-02 06:40:25,819 [INFO] Pass: FixedPoint - 0.00262 (ms)
2026-07-02 06:40:25,819 [INFO] Pass: ContainsInstruction - 0.00501 (ms)
2026-07-02 06:40:25,819 [INFO] Total Transpile Time - 93.13869 (ms)
2026-07-02 06:40:25,907 [INFO] Pass: ContainsInstruction - 0.01335 (ms)
2026-07-02 06:40:25,907 [INFO] Pass: UnitarySynthesis - 0.00834 (ms)
2026-07-02 06:40:25,907 [INFO] Pass: HighLevelSynthesis - 0.00668 (ms)
2026-07-02 06:40:25,907 [INFO] Pass: BasisTranslator - 0.07629 (ms)
2026-07-02 06:40:25,907 [INFO] Pass: ElidePermutations - 0.00548 (ms)
2026-07-02 06:40:25,907 [INFO] Pass: RemoveDiagonalGatesBeforeMeasure - 0.00763 (ms)
2026-07-02 06:40:25,907 [INFO] Pass: RemoveIdentityEquivalent - 0.00787 (ms)
2026-07-02 06:40:25,907 [INFO] Pass: InverseCancellation - 0.03219 (ms)
2026-07-02 06:40:25,907 [INFO] Pass: ContractIdleWiresInControlFlow - 0.00215 (ms)
2026-07-02 06:40:25,908 [INFO] Pass: CommutativeCancellation - 0.08035 (ms)
2026-07-02 06:40:25,908 [INFO] Pass: ConsolidateBlocks - 0.04458 (ms)
2026-07-02 06:40:25,908 [INFO] Pass: Split2QUnitaries - 0.00358 (ms)
2026-07-02 06:40:25,908 [INFO] Pass: UnitarySynthesis - 0.00548 (ms)
2026-07-02 06:40:25,908 [INFO] Pass: HighLevelSynthesis - 0.02599 (ms)
2026-07-02 06:40:25,908 [INFO] Pass: BasisTranslator - 0.07105 (ms)
2026-07-02 06:40:25,908 [INFO] Pass: ConsolidateBlocks - 0.05412 (ms)
2026-07-02 06:40:25,908 [INFO] Pass: UnitarySynthesis - 0.00477 (ms)
2026-07-02 06:40:25,908 [INFO] Pass: Depth - 0.02122 (ms)
2026-07-02 06:40:25,908 [INFO] Pass: FixedPoint - 0.00477 (ms)
2026-07-02 06:40:25,908 [INFO] Pass: Size - 0.00405 (ms)
2026-07-02 06:40:25,908 [INFO] Pass: FixedPoint - 0.00310 (ms)
2026-07-02 06:40:25,908 [INFO] Pass: RemoveIdentityEquivalent - 0.00477 (ms)
2026-07-02 06:40:25,908 [INFO] Pass: Optimize1qGatesDecomposition - 0.16665 (ms)
2026-07-02 06:40:25,908 [INFO] Pass: CommutativeCancellation - 0.09489 (ms)
2026-07-02 06:40:25,908 [INFO] Pass: ContractIdleWiresInControlFlow - 0.00238 (ms)
2026-07-02 06:40:25,909 [INFO] Pass: GatesInBasis - 0.02170 (ms)
2026-07-02 06:40:25,909 [INFO] Pass: Depth - 0.01931 (ms)
2026-07-02 06:40:25,909 [INFO] Pass: FixedPoint - 0.00358 (ms)
2026-07-02 06:40:25,909 [INFO] Pass: Size - 0.00215 (ms)
2026-07-02 06:40:25,909 [INFO] Pass: FixedPoint - 0.00262 (ms)
2026-07-02 06:40:25,909 [INFO] Pass: ContainsInstruction - 0.00596 (ms)
2026-07-02 06:40:25,909 [INFO] Total Transpile Time - 89.23674 (ms)
2026-07-02 06:40:26,002 [INFO] Pass: ContainsInstruction - 0.01287 (ms)
2026-07-02 06:40:26,002 [INFO] Pass: UnitarySynthesis - 0.00834 (ms)
2026-07-02 06:40:26,002 [INFO] Pass: HighLevelSynthesis - 0.00644 (ms)
2026-07-02 06:40:26,002 [INFO] Pass: BasisTranslator - 0.07796 (ms)
2026-07-02 06:40:26,002 [INFO] Pass: ElidePermutations - 0.00501 (ms)
2026-07-02 06:40:26,002 [INFO] Pass: RemoveDiagonalGatesBeforeMeasure - 0.00691 (ms)
2026-07-02 06:40:26,002 [INFO] Pass: RemoveIdentityEquivalent - 0.00882 (ms)
2026-07-02 06:40:26,002 [INFO] Pass: InverseCancellation - 0.02527 (ms)
2026-07-02 06:40:26,002 [INFO] Pass: ContractIdleWiresInControlFlow - 0.00238 (ms)
2026-07-02 06:40:26,002 [INFO] Pass: CommutativeCancellation - 0.07367 (ms)
2026-07-02 06:40:26,002 [INFO] Pass: ConsolidateBlocks - 0.04387 (ms)
2026-07-02 06:40:26,002 [INFO] Pass: Split2QUnitaries - 0.00358 (ms)
2026-07-02 06:40:26,002 [INFO] Pass: UnitarySynthesis - 0.00572 (ms)
2026-07-02 06:40:26,002 [INFO] Pass: HighLevelSynthesis - 0.02694 (ms)
2026-07-02 06:40:26,002 [INFO] Pass: BasisTranslator - 0.07272 (ms)
2026-07-02 06:40:26,002 [INFO] Pass: ConsolidateBlocks - 0.05984 (ms)
2026-07-02 06:40:26,002 [INFO] Pass: UnitarySynthesis - 0.00548 (ms)
2026-07-02 06:40:26,003 [INFO] Pass: Depth - 0.02241 (ms)
2026-07-02 06:40:26,003 [INFO] Pass: FixedPoint - 0.00596 (ms)
2026-07-02 06:40:26,003 [INFO] Pass: Size - 0.00358 (ms)
2026-07-02 06:40:26,003 [INFO] Pass: FixedPoint - 0.00310 (ms)
2026-07-02 06:40:26,003 [INFO] Pass: RemoveIdentityEquivalent - 0.00596 (ms)
2026-07-02 06:40:26,003 [INFO] Pass: Optimize1qGatesDecomposition - 0.18048 (ms)
2026-07-02 06:40:26,003 [INFO] Pass: CommutativeCancellation - 0.08416 (ms)
2026-07-02 06:40:26,003 [INFO] Pass: ContractIdleWiresInControlFlow - 0.00215 (ms)
2026-07-02 06:40:26,003 [INFO] Pass: GatesInBasis - 0.02098 (ms)
2026-07-02 06:40:26,003 [INFO] Pass: Depth - 0.01907 (ms)
2026-07-02 06:40:26,003 [INFO] Pass: FixedPoint - 0.00405 (ms)
2026-07-02 06:40:26,003 [INFO] Pass: Size - 0.00215 (ms)
2026-07-02 06:40:26,003 [INFO] Pass: FixedPoint - 0.00358 (ms)
2026-07-02 06:40:26,003 [INFO] Pass: RemoveIdentityEquivalent - 0.00525 (ms)
2026-07-02 06:40:26,003 [INFO] Pass: Optimize1qGatesDecomposition - 0.14114 (ms)
2026-07-02 06:40:26,003 [INFO] Pass: CommutativeCancellation - 0.07105 (ms)
2026-07-02 06:40:26,003 [INFO] Pass: ContractIdleWiresInControlFlow - 0.00167 (ms)
2026-07-02 06:40:26,004 [INFO] Pass: GatesInBasis - 0.01788 (ms)
2026-07-02 06:40:26,004 [INFO] Pass: Depth - 0.01788 (ms)
2026-07-02 06:40:26,004 [INFO] Pass: FixedPoint - 0.00310 (ms)
2026-07-02 06:40:26,004 [INFO] Pass: Size - 0.00191 (ms)
2026-07-02 06:40:26,004 [INFO] Pass: FixedPoint - 0.00286 (ms)
2026-07-02 06:40:26,004 [INFO] Pass: ContainsInstruction - 0.00668 (ms)
2026-07-02 06:40:26,004 [INFO] Total Transpile Time - 94.29240 (ms)
2026-07-02 06:53:40,069 [INFO] Pass: ContainsInstruction - 0.01287 (ms)
2026-07-02 06:53:40,070 [INFO] Pass: UnitarySynthesis - 0.00787 (ms)
2026-07-02 06:53:40,070 [INFO] Pass: HighLevelSynthesis - 0.00668 (ms)
2026-07-02 06:53:40,070 [INFO] Pass: BasisTranslator - 0.07868 (ms)
2026-07-02 06:53:40,070 [INFO] Pass: ElidePermutations - 0.00596 (ms)
2026-07-02 06:53:40,070 [INFO] Pass: RemoveDiagonalGatesBeforeMeasure - 0.00715 (ms)
2026-07-02 06:53:40,070 [INFO] Pass: RemoveIdentityEquivalent - 0.00620 (ms)
2026-07-02 06:53:40,070 [INFO] Pass: InverseCancellation - 0.00525 (ms)
2026-07-02 06:53:40,070 [INFO] Pass: ContractIdleWiresInControlFlow - 0.00238 (ms)
2026-07-02 06:53:40,070 [INFO] Pass: CommutativeCancellation - 0.06032 (ms)
2026-07-02 06:53:40,070 [INFO] Pass: ConsolidateBlocks - 0.04339 (ms)
2026-07-02 06:53:40,070 [INFO] Pass: Split2QUnitaries - 0.00358 (ms)
2026-07-02 06:53:40,070 [INFO] Pass: UnitarySynthesis - 0.00572 (ms)
2026-07-02 06:53:40,070 [INFO] Pass: HighLevelSynthesis - 0.02265 (ms)
2026-07-02 06:53:40,070 [INFO] Pass: BasisTranslator - 0.06485 (ms)
2026-07-02 06:53:40,070 [INFO] Pass: ConsolidateBlocks - 0.05865 (ms)
2026-07-02 06:53:40,070 [INFO] Pass: UnitarySynthesis - 0.00429 (ms)
2026-07-02 06:53:40,071 [INFO] Pass: Depth - 0.02122 (ms)
2026-07-02 06:53:40,071 [INFO] Pass: FixedPoint - 0.00525 (ms)
2026-07-02 06:53:40,071 [INFO] Pass: Size - 0.00405 (ms)
2026-07-02 06:53:40,071 [INFO] Pass: FixedPoint - 0.00310 (ms)
2026-07-02 06:53:40,071 [INFO] Pass: RemoveIdentityEquivalent - 0.00358 (ms)
2026-07-02 06:53:40,071 [INFO] Pass: Optimize1qGatesDecomposition - 0.03600 (ms)
2026-07-02 06:53:40,071 [INFO] Pass: CommutativeCancellation - 0.07820 (ms)
2026-07-02 06:53:40,071 [INFO] Pass: ContractIdleWiresInControlFlow - 0.00238 (ms)
2026-07-02 06:53:40,071 [INFO] Pass: GatesInBasis - 0.01955 (ms)
2026-07-02 06:53:40,071 [INFO] Pass: Depth - 0.01550 (ms)
2026-07-02 06:53:40,071 [INFO] Pass: FixedPoint - 0.00358 (ms)
2026-07-02 06:53:40,071 [INFO] Pass: Size - 0.00215 (ms)
2026-07-02 06:53:40,071 [INFO] Pass: FixedPoint - 0.00286 (ms)
2026-07-02 06:53:40,071 [INFO] Pass: ContainsInstruction - 0.00501 (ms)
2026-07-02 06:53:40,071 [INFO] Total Transpile Time - 93.75644 (ms)
2026-07-02 06:53:40,163 [INFO] Pass: ContainsInstruction - 0.01168 (ms)
2026-07-02 06:53:40,164 [INFO] Pass: UnitarySynthesis - 0.00739 (ms)
2026-07-02 06:53:40,164 [INFO] Pass: HighLevelSynthesis - 0.00620 (ms)
2026-07-02 06:53:40,164 [INFO] Pass: BasisTranslator - 0.06485 (ms)
2026-07-02 06:53:40,164 [INFO] Pass: ElidePermutations - 0.00548 (ms)
2026-07-02 06:53:40,164 [INFO] Pass: RemoveDiagonalGatesBeforeMeasure - 0.00668 (ms)
2026-07-02 06:53:40,164 [INFO] Pass: RemoveIdentityEquivalent - 0.00715 (ms)
2026-07-02 06:53:40,164 [INFO] Pass: InverseCancellation - 0.02384 (ms)
2026-07-02 06:53:40,164 [INFO] Pass: ContractIdleWiresInControlFlow - 0.00191 (ms)
2026-07-02 06:53:40,164 [INFO] Pass: CommutativeCancellation - 0.07057 (ms)
2026-07-02 06:53:40,164 [INFO] Pass: ConsolidateBlocks - 0.04220 (ms)
2026-07-02 06:53:40,164 [INFO] Pass: Split2QUnitaries - 0.00334 (ms)
2026-07-02 06:53:40,164 [INFO] Pass: UnitarySynthesis - 0.00525 (ms)
2026-07-02 06:53:40,164 [INFO] Pass: HighLevelSynthesis - 0.02337 (ms)
2026-07-02 06:53:40,164 [INFO] Pass: BasisTranslator - 0.06747 (ms)
2026-07-02 06:53:40,164 [INFO] Pass: ConsolidateBlocks - 0.04888 (ms)
2026-07-02 06:53:40,164 [INFO] Pass: UnitarySynthesis - 0.00477 (ms)
2026-07-02 06:53:40,164 [INFO] Pass: Depth - 0.02122 (ms)
2026-07-02 06:53:40,164 [INFO] Pass: FixedPoint - 0.00453 (ms)
2026-07-02 06:53:40,164 [INFO] Pass: Size - 0.00381 (ms)
2026-07-02 06:53:40,164 [INFO] Pass: FixedPoint - 0.00310 (ms)
2026-07-02 06:53:40,165 [INFO] Pass: RemoveIdentityEquivalent - 0.00477 (ms)
2026-07-02 06:53:40,165 [INFO] Pass: Optimize1qGatesDecomposition - 0.16785 (ms)
2026-07-02 06:53:40,165 [INFO] Pass: CommutativeCancellation - 0.08821 (ms)
2026-07-02 06:53:40,165 [INFO] Pass: ContractIdleWiresInControlFlow - 0.00215 (ms)
2026-07-02 06:53:40,165 [INFO] Pass: GatesInBasis - 0.02122 (ms)
2026-07-02 06:53:40,165 [INFO] Pass: Depth - 0.01931 (ms)
2026-07-02 06:53:40,165 [INFO] Pass: FixedPoint - 0.00358 (ms)
2026-07-02 06:53:40,165 [INFO] Pass: Size - 0.00262 (ms)
2026-07-02 06:53:40,165 [INFO] Pass: FixedPoint - 0.00262 (ms)
2026-07-02 06:53:40,165 [INFO] Pass: ContainsInstruction - 0.00548 (ms)
2026-07-02 06:53:40,165 [INFO] Total Transpile Time - 93.36901 (ms)
2026-07-02 06:53:40,256 [INFO] Pass: ContainsInstruction - 0.01192 (ms)
2026-07-02 06:53:40,257 [INFO] Pass: UnitarySynthesis - 0.00811 (ms)
2026-07-02 06:53:40,257 [INFO] Pass: HighLevelSynthesis - 0.00572 (ms)
2026-07-02 06:53:40,257 [INFO] Pass: BasisTranslator - 0.06104 (ms)
2026-07-02 06:53:40,257 [INFO] Pass: ElidePermutations - 0.00501 (ms)
2026-07-02 06:53:40,257 [INFO] Pass: RemoveDiagonalGatesBeforeMeasure - 0.00787 (ms)
2026-07-02 06:53:40,257 [INFO] Pass: RemoveIdentityEquivalent - 0.00811 (ms)
2026-07-02 06:53:40,257 [INFO] Pass: InverseCancellation - 0.02432 (ms)
2026-07-02 06:53:40,257 [INFO] Pass: ContractIdleWiresInControlFlow - 0.00215 (ms)
2026-07-02 06:53:40,257 [INFO] Pass: CommutativeCancellation - 0.06580 (ms)
2026-07-02 06:53:40,257 [INFO] Pass: ConsolidateBlocks - 0.04292 (ms)
2026-07-02 06:53:40,257 [INFO] Pass: Split2QUnitaries - 0.00334 (ms)
2026-07-02 06:53:40,257 [INFO] Pass: UnitarySynthesis - 0.00548 (ms)
2026-07-02 06:53:40,257 [INFO] Pass: HighLevelSynthesis - 0.02503 (ms)
2026-07-02 06:53:40,257 [INFO] Pass: BasisTranslator - 0.06461 (ms)
2026-07-02 06:53:40,257 [INFO] Pass: ConsolidateBlocks - 0.04840 (ms)
2026-07-02 06:53:40,257 [INFO] Pass: UnitarySynthesis - 0.00453 (ms)
2026-07-02 06:53:40,257 [INFO] Pass: Depth - 0.02074 (ms)
2026-07-02 06:53:40,257 [INFO] Pass: FixedPoint - 0.00501 (ms)
2026-07-02 06:53:40,257 [INFO] Pass: Size - 0.00334 (ms)
2026-07-02 06:53:40,257 [INFO] Pass: FixedPoint - 0.00286 (ms)
2026-07-02 06:53:40,257 [INFO] Pass: RemoveIdentityEquivalent - 0.00572 (ms)
2026-07-02 06:53:40,258 [INFO] Pass: Optimize1qGatesDecomposition - 0.18024 (ms)
2026-07-02 06:53:40,258 [INFO] Pass: CommutativeCancellation - 0.08178 (ms)
2026-07-02 06:53:40,258 [INFO] Pass: ContractIdleWiresInControlFlow - 0.00215 (ms)
2026-07-02 06:53:40,258 [INFO] Pass: GatesInBasis - 0.02074 (ms)
2026-07-02 06:53:40,258 [INFO] Pass: Depth - 0.01812 (ms)
2026-07-02 06:53:40,258 [INFO] Pass: FixedPoint - 0.00334 (ms)
2026-07-02 06:53:40,258 [INFO] Pass: Size - 0.00215 (ms)
2026-07-02 06:53:40,258 [INFO] Pass: FixedPoint - 0.00262 (ms)
2026-07-02 06:53:40,258 [INFO] Pass: RemoveIdentityEquivalent - 0.00501 (ms)
2026-07-02 06:53:40,258 [INFO] Pass: Optimize1qGatesDecomposition - 0.14424 (ms)
2026-07-02 06:53:40,258 [INFO] Pass: CommutativeCancellation - 0.06938 (ms)
2026-07-02 06:53:40,258 [INFO] Pass: ContractIdleWiresInControlFlow - 0.00191 (ms)
2026-07-02 06:53:40,258 [INFO] Pass: GatesInBasis - 0.01717 (ms)
2026-07-02 06:53:40,258 [INFO] Pass: Depth - 0.01788 (ms)
2026-07-02 06:53:40,258 [INFO] Pass: FixedPoint - 0.00334 (ms)
2026-07-02 06:53:40,258 [INFO] Pass: Size - 0.00215 (ms)
2026-07-02 06:53:40,258 [INFO] Pass: FixedPoint - 0.00262 (ms)
2026-07-02 06:53:40,258 [INFO] Pass: ContainsInstruction - 0.00548 (ms)
2026-07-02 06:53:40,259 [INFO] Total Transpile Time - 92.88955 (ms)
2026-07-02 07:07:06,272 [INFO] Pass: ContainsInstruction - 0.01240 (ms)
2026-07-02 07:07:06,273 [INFO] Pass: UnitarySynthesis - 0.00858 (ms)
2026-07-02 07:07:06,273 [INFO] Pass: HighLevelSynthesis - 0.00691 (ms)
2026-07-02 07:07:06,273 [INFO] Pass: BasisTranslator - 0.07749 (ms)
2026-07-02 07:07:06,273 [INFO] Pass: ElidePermutations - 0.00620 (ms)
2026-07-02 07:07:06,273 [INFO] Pass: RemoveDiagonalGatesBeforeMeasure - 0.00715 (ms)
2026-07-02 07:07:06,273 [INFO] Pass: RemoveIdentityEquivalent - 0.00644 (ms)
2026-07-02 07:07:06,273 [INFO] Pass: InverseCancellation - 0.00501 (ms)
2026-07-02 07:07:06,273 [INFO] Pass: ContractIdleWiresInControlFlow - 0.00262 (ms)
2026-07-02 07:07:06,273 [INFO] Pass: CommutativeCancellation - 0.06104 (ms)
2026-07-02 07:07:06,273 [INFO] Pass: ConsolidateBlocks - 0.04387 (ms)
2026-07-02 07:07:06,273 [INFO] Pass: Split2QUnitaries - 0.00358 (ms)
2026-07-02 07:07:06,273 [INFO] Pass: UnitarySynthesis - 0.00548 (ms)
2026-07-02 07:07:06,273 [INFO] Pass: HighLevelSynthesis - 0.02337 (ms)
2026-07-02 07:07:06,273 [INFO] Pass: BasisTranslator - 0.06413 (ms)
2026-07-02 07:07:06,273 [INFO] Pass: ConsolidateBlocks - 0.05078 (ms)
2026-07-02 07:07:06,273 [INFO] Pass: UnitarySynthesis - 0.00525 (ms)
2026-07-02 07:07:06,273 [INFO] Pass: Depth - 0.01931 (ms)
2026-07-02 07:07:06,273 [INFO] Pass: FixedPoint - 0.00572 (ms)
2026-07-02 07:07:06,274 [INFO] Pass: Size - 0.00405 (ms)
2026-07-02 07:07:06,274 [INFO] Pass: FixedPoint - 0.00310 (ms)
2026-07-02 07:07:06,274 [INFO] Pass: RemoveIdentityEquivalent - 0.00334 (ms)
2026-07-02 07:07:06,274 [INFO] Pass: Optimize1qGatesDecomposition - 0.03242 (ms)
2026-07-02 07:07:06,274 [INFO] Pass: CommutativeCancellation - 0.07653 (ms)
2026-07-02 07:07:06,274 [INFO] Pass: ContractIdleWiresInControlFlow - 0.00191 (ms)
2026-07-02 07:07:06,274 [INFO] Pass: GatesInBasis - 0.02050 (ms)
2026-07-02 07:07:06,274 [INFO] Pass: Depth - 0.01740 (ms)
2026-07-02 07:07:06,274 [INFO] Pass: FixedPoint - 0.00358 (ms)
2026-07-02 07:07:06,274 [INFO] Pass: Size - 0.00238 (ms)
2026-07-02 07:07:06,274 [INFO] Pass: FixedPoint - 0.00286 (ms)
2026-07-02 07:07:06,274 [INFO] Pass: ContainsInstruction - 0.00501 (ms)
2026-07-02 07:07:06,274 [INFO] Total Transpile Time - 92.30494 (ms)
2026-07-02 07:07:06,365 [INFO] Pass: ContainsInstruction - 0.01264 (ms)
2026-07-02 07:07:06,365 [INFO] Pass: UnitarySynthesis - 0.00787 (ms)
2026-07-02 07:07:06,366 [INFO] Pass: HighLevelSynthesis - 0.00644 (ms)
2026-07-02 07:07:06,366 [INFO] Pass: BasisTranslator - 0.07105 (ms)
2026-07-02 07:07:06,366 [INFO] Pass: ElidePermutations - 0.00525 (ms)
2026-07-02 07:07:06,366 [INFO] Pass: RemoveDiagonalGatesBeforeMeasure - 0.00739 (ms)
2026-07-02 07:07:06,366 [INFO] Pass: RemoveIdentityEquivalent - 0.00763 (ms)
2026-07-02 07:07:06,366 [INFO] Pass: InverseCancellation - 0.02670 (ms)
2026-07-02 07:07:06,366 [INFO] Pass: ContractIdleWiresInControlFlow - 0.00215 (ms)
2026-07-02 07:07:06,366 [INFO] Pass: CommutativeCancellation - 0.07391 (ms)
2026-07-02 07:07:06,366 [INFO] Pass: ConsolidateBlocks - 0.04339 (ms)
2026-07-02 07:07:06,366 [INFO] Pass: Split2QUnitaries - 0.00358 (ms)
2026-07-02 07:07:06,366 [INFO] Pass: UnitarySynthesis - 0.00477 (ms)
2026-07-02 07:07:06,366 [INFO] Pass: HighLevelSynthesis - 0.02646 (ms)
2026-07-02 07:07:06,366 [INFO] Pass: BasisTranslator - 0.06461 (ms)
2026-07-02 07:07:06,366 [INFO] Pass: ConsolidateBlocks - 0.05078 (ms)
2026-07-02 07:07:06,366 [INFO] Pass: UnitarySynthesis - 0.00477 (ms)
2026-07-02 07:07:06,366 [INFO] Pass: Depth - 0.01884 (ms)
2026-07-02 07:07:06,366 [INFO] Pass: FixedPoint - 0.00548 (ms)
2026-07-02 07:07:06,366 [INFO] Pass: Size - 0.00381 (ms)
2026-07-02 07:07:06,366 [INFO] Pass: FixedPoint - 0.00334 (ms)
2026-07-02 07:07:06,366 [INFO] Pass: RemoveIdentityEquivalent - 0.00477 (ms)
2026-07-02 07:07:06,367 [INFO] Pass: Optimize1qGatesDecomposition - 0.16403 (ms)
2026-07-02 07:07:06,367 [INFO] Pass: CommutativeCancellation - 0.08607 (ms)
2026-07-02 07:07:06,367 [INFO] Pass: ContractIdleWiresInControlFlow - 0.00191 (ms)
2026-07-02 07:07:06,367 [INFO] Pass: GatesInBasis - 0.02050 (ms)
2026-07-02 07:07:06,367 [INFO] Pass: Depth - 0.01812 (ms)
2026-07-02 07:07:06,367 [INFO] Pass: FixedPoint - 0.00381 (ms)
2026-07-02 07:07:06,367 [INFO] Pass: Size - 0.00238 (ms)
2026-07-02 07:07:06,367 [INFO] Pass: FixedPoint - 0.00262 (ms)
2026-07-02 07:07:06,367 [INFO] Pass: ContainsInstruction - 0.00525 (ms)
2026-07-02 07:07:06,367 [INFO] Total Transpile Time - 92.28039 (ms)
2026-07-02 07:07:06,456 [INFO] Pass: ContainsInstruction - 0.01240 (ms)
2026-07-02 07:07:06,456 [INFO] Pass: UnitarySynthesis - 0.00858 (ms)
2026-07-02 07:07:06,456 [INFO] Pass: HighLevelSynthesis - 0.00572 (ms)
2026-07-02 07:07:06,456 [INFO] Pass: BasisTranslator - 0.06580 (ms)
2026-07-02 07:07:06,456 [INFO] Pass: ElidePermutations - 0.00453 (ms)
2026-07-02 07:07:06,456 [INFO] Pass: RemoveDiagonalGatesBeforeMeasure - 0.00668 (ms)
2026-07-02 07:07:06,456 [INFO] Pass: RemoveIdentityEquivalent - 0.00882 (ms)
2026-07-02 07:07:06,456 [INFO] Pass: InverseCancellation - 0.02718 (ms)
2026-07-02 07:07:06,456 [INFO] Pass: ContractIdleWiresInControlFlow - 0.00238 (ms)
2026-07-02 07:07:06,456 [INFO] Pass: CommutativeCancellation - 0.07081 (ms)
2026-07-02 07:07:06,456 [INFO] Pass: ConsolidateBlocks - 0.04888 (ms)
2026-07-02 07:07:06,456 [INFO] Pass: Split2QUnitaries - 0.00334 (ms)
2026-07-02 07:07:06,457 [INFO] Pass: UnitarySynthesis - 0.00501 (ms)
2026-07-02 07:07:06,457 [INFO] Pass: HighLevelSynthesis - 0.02575 (ms)
2026-07-02 07:07:06,457 [INFO] Pass: BasisTranslator - 0.06890 (ms)
2026-07-02 07:07:06,457 [INFO] Pass: ConsolidateBlocks - 0.05174 (ms)
2026-07-02 07:07:06,457 [INFO] Pass: UnitarySynthesis - 0.00525 (ms)
2026-07-02 07:07:06,457 [INFO] Pass: Depth - 0.02313 (ms)
2026-07-02 07:07:06,457 [INFO] Pass: FixedPoint - 0.00548 (ms)
2026-07-02 07:07:06,457 [INFO] Pass: Size - 0.00358 (ms)
2026-07-02 07:07:06,457 [INFO] Pass: FixedPoint - 0.00262 (ms)
2026-07-02 07:07:06,457 [INFO] Pass: RemoveIdentityEquivalent - 0.00548 (ms)
2026-07-02 07:07:06,457 [INFO] Pass: Optimize1qGatesDecomposition - 0.17262 (ms)
2026-07-02 07:07:06,457 [INFO] Pass: CommutativeCancellation - 0.08106 (ms)
2026-07-02 07:07:06,457 [INFO] Pass: ContractIdleWiresInControlFlow - 0.00215 (ms)
2026-07-02 07:07:06,457 [INFO] Pass: GatesInBasis - 0.01979 (ms)
2026-07-02 07:07:06,457 [INFO] Pass: Depth - 0.01788 (ms)
2026-07-02 07:07:06,457 [INFO] Pass: FixedPoint - 0.00334 (ms)
2026-07-02 07:07:06,457 [INFO] Pass: Size - 0.00215 (ms)
2026-07-02 07:07:06,457 [INFO] Pass: FixedPoint - 0.00310 (ms)
2026-07-02 07:07:06,457 [INFO] Pass: RemoveIdentityEquivalent - 0.00525 (ms)
2026-07-02 07:07:06,458 [INFO] Pass: Optimize1qGatesDecomposition - 0.14257 (ms)
2026-07-02 07:07:06,458 [INFO] Pass: CommutativeCancellation - 0.07248 (ms)
2026-07-02 07:07:06,458 [INFO] Pass: ContractIdleWiresInControlFlow - 0.00167 (ms)
2026-07-02 07:07:06,458 [INFO] Pass: GatesInBasis - 0.01764 (ms)
2026-07-02 07:07:06,458 [INFO] Pass: Depth - 0.01740 (ms)
2026-07-02 07:07:06,458 [INFO] Pass: FixedPoint - 0.00334 (ms)
2026-07-02 07:07:06,458 [INFO] Pass: Size - 0.00191 (ms)
2026-07-02 07:07:06,458 [INFO] Pass: FixedPoint - 0.00262 (ms)
2026-07-02 07:07:06,458 [INFO] Pass: ContainsInstruction - 0.00572 (ms)
2026-07-02 07:07:06,458 [INFO] Total Transpile Time - 90.30271 (ms)
2026-07-02 07:20:30,663 [INFO] Pass: ContainsInstruction - 0.01955 (ms)
2026-07-02 07:20:30,664 [INFO] Pass: UnitarySynthesis - 0.00787 (ms)
2026-07-02 07:20:30,664 [INFO] Pass: HighLevelSynthesis - 0.00691 (ms)
2026-07-02 07:20:30,664 [INFO] Pass: BasisTranslator - 0.07677 (ms)
2026-07-02 07:20:30,664 [INFO] Pass: ElidePermutations - 0.00525 (ms)
2026-07-02 07:20:30,664 [INFO] Pass: RemoveDiagonalGatesBeforeMeasure - 0.00739 (ms)
2026-07-02 07:20:30,664 [INFO] Pass: RemoveIdentityEquivalent - 0.00501 (ms)
2026-07-02 07:20:30,664 [INFO] Pass: InverseCancellation - 0.00548 (ms)
2026-07-02 07:20:30,664 [INFO] Pass: ContractIdleWiresInControlFlow - 0.00238 (ms)
2026-07-02 07:20:30,664 [INFO] Pass: CommutativeCancellation - 0.06199 (ms)
2026-07-02 07:20:30,664 [INFO] Pass: ConsolidateBlocks - 0.04339 (ms)
2026-07-02 07:20:30,664 [INFO] Pass: Split2QUnitaries - 0.00453 (ms)
2026-07-02 07:20:30,664 [INFO] Pass: UnitarySynthesis - 0.00477 (ms)
2026-07-02 07:20:30,665 [INFO] Pass: HighLevelSynthesis - 0.02360 (ms)
2026-07-02 07:20:30,665 [INFO] Pass: BasisTranslator - 0.06366 (ms)
2026-07-02 07:20:30,665 [INFO] Pass: ConsolidateBlocks - 0.05054 (ms)
2026-07-02 07:20:30,665 [INFO] Pass: UnitarySynthesis - 0.00453 (ms)
2026-07-02 07:20:30,665 [INFO] Pass: Depth - 0.01955 (ms)
2026-07-02 07:20:30,665 [INFO] Pass: FixedPoint - 0.00572 (ms)
2026-07-02 07:20:30,665 [INFO] Pass: Size - 0.00358 (ms)
2026-07-02 07:20:30,665 [INFO] Pass: FixedPoint - 0.00286 (ms)
2026-07-02 07:20:30,665 [INFO] Pass: RemoveIdentityEquivalent - 0.00310 (ms)
2026-07-02 07:20:30,665 [INFO] Pass: Optimize1qGatesDecomposition - 0.03552 (ms)
2026-07-02 07:20:30,665 [INFO] Pass: CommutativeCancellation - 0.07534 (ms)
2026-07-02 07:20:30,665 [INFO] Pass: ContractIdleWiresInControlFlow - 0.00215 (ms)
2026-07-02 07:20:30,665 [INFO] Pass: GatesInBasis - 0.02027 (ms)
2026-07-02 07:20:30,665 [INFO] Pass: Depth - 0.01931 (ms)
2026-07-02 07:20:30,665 [INFO] Pass: FixedPoint - 0.00358 (ms)
2026-07-02 07:20:30,665 [INFO] Pass: Size - 0.00238 (ms)
2026-07-02 07:20:30,665 [INFO] Pass: FixedPoint - 0.00286 (ms)
2026-07-02 07:20:30,665 [INFO] Pass: ContainsInstruction - 0.00572 (ms)
2026-07-02 07:20:30,666 [INFO] Total Transpile Time - 93.36543 (ms)
2026-07-02 07:20:30,757 [INFO] Pass: ContainsInstruction - 0.01264 (ms)
2026-07-02 07:20:30,757 [INFO] Pass: UnitarySynthesis - 0.00787 (ms)
2026-07-02 07:20:30,757 [INFO] Pass: HighLevelSynthesis - 0.00668 (ms)
2026-07-02 07:20:30,757 [INFO] Pass: BasisTranslator - 0.08297 (ms)
2026-07-02 07:20:30,757 [INFO] Pass: ElidePermutations - 0.00596 (ms)
2026-07-02 07:20:30,758 [INFO] Pass: RemoveDiagonalGatesBeforeMeasure - 0.00644 (ms)
2026-07-02 07:20:30,758 [INFO] Pass: RemoveIdentityEquivalent - 0.00858 (ms)
2026-07-02 07:20:30,758 [INFO] Pass: InverseCancellation - 0.02527 (ms)
2026-07-02 07:20:30,758 [INFO] Pass: ContractIdleWiresInControlFlow - 0.00215 (ms)
2026-07-02 07:20:30,758 [INFO] Pass: CommutativeCancellation - 0.07534 (ms)
2026-07-02 07:20:30,758 [INFO] Pass: ConsolidateBlocks - 0.04411 (ms)
2026-07-02 07:20:30,758 [INFO] Pass: Split2QUnitaries - 0.00334 (ms)
2026-07-02 07:20:30,758 [INFO] Pass: UnitarySynthesis - 0.00572 (ms)
2026-07-02 07:20:30,758 [INFO] Pass: HighLevelSynthesis - 0.02456 (ms)
2026-07-02 07:20:30,758 [INFO] Pass: BasisTranslator - 0.06890 (ms)
2026-07-02 07:20:30,758 [INFO] Pass: ConsolidateBlocks - 0.05293 (ms)
2026-07-02 07:20:30,758 [INFO] Pass: UnitarySynthesis - 0.00477 (ms)
2026-07-02 07:20:30,758 [INFO] Pass: Depth - 0.01979 (ms)
2026-07-02 07:20:30,758 [INFO] Pass: FixedPoint - 0.00525 (ms)
2026-07-02 07:20:30,758 [INFO] Pass: Size - 0.00429 (ms)
2026-07-02 07:20:30,758 [INFO] Pass: FixedPoint - 0.00286 (ms)
2026-07-02 07:20:30,758 [INFO] Pass: RemoveIdentityEquivalent - 0.00429 (ms)
2026-07-02 07:20:30,758 [INFO] Pass: Optimize1qGatesDecomposition - 0.17810 (ms)
2026-07-02 07:20:30,759 [INFO] Pass: CommutativeCancellation - 0.08845 (ms)
2026-07-02 07:20:30,759 [INFO] Pass: ContractIdleWiresInControlFlow - 0.00191 (ms)
2026-07-02 07:20:30,759 [INFO] Pass: GatesInBasis - 0.02074 (ms)
2026-07-02 07:20:30,759 [INFO] Pass: Depth - 0.01860 (ms)
2026-07-02 07:20:30,759 [INFO] Pass: FixedPoint - 0.00381 (ms)
2026-07-02 07:20:30,759 [INFO] Pass: Size - 0.00215 (ms)
2026-07-02 07:20:30,759 [INFO] Pass: FixedPoint - 0.00286 (ms)
2026-07-02 07:20:30,759 [INFO] Pass: ContainsInstruction - 0.00525 (ms)
2026-07-02 07:20:30,759 [INFO] Total Transpile Time - 92.90671 (ms)
2026-07-02 07:20:30,852 [INFO] Pass: ContainsInstruction - 0.01335 (ms)
2026-07-02 07:20:30,852 [INFO] Pass: UnitarySynthesis - 0.00787 (ms)
2026-07-02 07:20:30,852 [INFO] Pass: HighLevelSynthesis - 0.00572 (ms)
2026-07-02 07:20:30,852 [INFO] Pass: BasisTranslator - 0.06843 (ms)
2026-07-02 07:20:30,852 [INFO] Pass: ElidePermutations - 0.00548 (ms)
2026-07-02 07:20:30,852 [INFO] Pass: RemoveDiagonalGatesBeforeMeasure - 0.00668 (ms)
2026-07-02 07:20:30,852 [INFO] Pass: RemoveIdentityEquivalent - 0.00811 (ms)
2026-07-02 07:20:30,852 [INFO] Pass: InverseCancellation - 0.02408 (ms)
2026-07-02 07:20:30,852 [INFO] Pass: ContractIdleWiresInControlFlow - 0.00215 (ms)
2026-07-02 07:20:30,852 [INFO] Pass: CommutativeCancellation - 0.07129 (ms)
2026-07-02 07:20:30,852 [INFO] Pass: ConsolidateBlocks - 0.04506 (ms)
2026-07-02 07:20:30,852 [INFO] Pass: Split2QUnitaries - 0.00334 (ms)
2026-07-02 07:20:30,852 [INFO] Pass: UnitarySynthesis - 0.00572 (ms)
2026-07-02 07:20:30,852 [INFO] Pass: HighLevelSynthesis - 0.03171 (ms)
2026-07-02 07:20:30,853 [INFO] Pass: BasisTranslator - 0.07057 (ms)
2026-07-02 07:20:30,853 [INFO] Pass: ConsolidateBlocks - 0.05269 (ms)
2026-07-02 07:20:30,853 [INFO] Pass: UnitarySynthesis - 0.00453 (ms)
2026-07-02 07:20:30,853 [INFO] Pass: Depth - 0.02313 (ms)
2026-07-02 07:20:30,853 [INFO] Pass: FixedPoint - 0.00596 (ms)
2026-07-02 07:20:30,853 [INFO] Pass: Size - 0.00405 (ms)
2026-07-02 07:20:30,853 [INFO] Pass: FixedPoint - 0.00286 (ms)
2026-07-02 07:20:30,853 [INFO] Pass: RemoveIdentityEquivalent - 0.00572 (ms)
2026-07-02 07:20:30,853 [INFO] Pass: Optimize1qGatesDecomposition - 0.18740 (ms)
2026-07-02 07:20:30,853 [INFO] Pass: CommutativeCancellation - 0.08416 (ms)
2026-07-02 07:20:30,853 [INFO] Pass: ContractIdleWiresInControlFlow - 0.00238 (ms)
2026-07-02 07:20:30,853 [INFO] Pass: GatesInBasis - 0.02027 (ms)
2026-07-02 07:20:30,853 [INFO] Pass: Depth - 0.02170 (ms)
2026-07-02 07:20:30,853 [INFO] Pass: FixedPoint - 0.00381 (ms)
2026-07-02 07:20:30,853 [INFO] Pass: Size - 0.00215 (ms)
2026-07-02 07:20:30,853 [INFO] Pass: FixedPoint - 0.00310 (ms)
2026-07-02 07:20:30,853 [INFO] Pass: RemoveIdentityEquivalent - 0.00453 (ms)
2026-07-02 07:20:30,854 [INFO] Pass: Optimize1qGatesDecomposition - 0.14687 (ms)
2026-07-02 07:20:30,854 [INFO] Pass: CommutativeCancellation - 0.07319 (ms)
2026-07-02 07:20:30,854 [INFO] Pass: ContractIdleWiresInControlFlow - 0.00191 (ms)
2026-07-02 07:20:30,854 [INFO] Pass: GatesInBasis - 0.01788 (ms)
2026-07-02 07:20:30,854 [INFO] Pass: Depth - 0.02170 (ms)
2026-07-02 07:20:30,854 [INFO] Pass: FixedPoint - 0.00358 (ms)
2026-07-02 07:20:30,854 [INFO] Pass: Size - 0.00191 (ms)
2026-07-02 07:20:30,854 [INFO] Pass: FixedPoint - 0.00262 (ms)
2026-07-02 07:20:30,854 [INFO] Pass: ContainsInstruction - 0.00644 (ms)
2026-07-02 07:20:30,854 [INFO] Total Transpile Time - 94.35940 (ms)
2026-07-02 07:33:53,881 [INFO] Pass: ContainsInstruction - 0.01240 (ms)
2026-07-02 07:33:53,881 [INFO] Pass: UnitarySynthesis - 0.01526 (ms)
2026-07-02 07:33:53,881 [INFO] Pass: HighLevelSynthesis - 0.00668 (ms)
2026-07-02 07:33:53,882 [INFO] Pass: BasisTranslator - 0.08178 (ms)
2026-07-02 07:33:53,882 [INFO] Pass: ElidePermutations - 0.00596 (ms)
2026-07-02 07:33:53,882 [INFO] Pass: RemoveDiagonalGatesBeforeMeasure - 0.00763 (ms)
2026-07-02 07:33:53,882 [INFO] Pass: RemoveIdentityEquivalent - 0.00644 (ms)
2026-07-02 07:33:53,882 [INFO] Pass: InverseCancellation - 0.00572 (ms)
2026-07-02 07:33:53,882 [INFO] Pass: ContractIdleWiresInControlFlow - 0.00238 (ms)
2026-07-02 07:33:53,882 [INFO] Pass: CommutativeCancellation - 0.06461 (ms)
2026-07-02 07:33:53,882 [INFO] Pass: ConsolidateBlocks - 0.04649 (ms)
2026-07-02 07:33:53,882 [INFO] Pass: Split2QUnitaries - 0.00358 (ms)
2026-07-02 07:33:53,882 [INFO] Pass: UnitarySynthesis - 0.00572 (ms)
2026-07-02 07:33:53,882 [INFO] Pass: HighLevelSynthesis - 0.02360 (ms)
2026-07-02 07:33:53,882 [INFO] Pass: BasisTranslator - 0.06628 (ms)
2026-07-02 07:33:53,882 [INFO] Pass: ConsolidateBlocks - 0.04935 (ms)
2026-07-02 07:33:53,882 [INFO] Pass: UnitarySynthesis - 0.00525 (ms)
2026-07-02 07:33:53,882 [INFO] Pass: Depth - 0.01931 (ms)
2026-07-02 07:33:53,882 [INFO] Pass: FixedPoint - 0.00596 (ms)
2026-07-02 07:33:53,882 [INFO] Pass: Size - 0.00381 (ms)
2026-07-02 07:33:53,882 [INFO] Pass: FixedPoint - 0.00286 (ms)
2026-07-02 07:33:53,882 [INFO] Pass: RemoveIdentityEquivalent - 0.00286 (ms)
2026-07-02 07:33:53,882 [INFO] Pass: Optimize1qGatesDecomposition - 0.03290 (ms)
2026-07-02 07:33:53,883 [INFO] Pass: CommutativeCancellation - 0.07749 (ms)
2026-07-02 07:33:53,883 [INFO] Pass: ContractIdleWiresInControlFlow - 0.00167 (ms)
2026-07-02 07:33:53,883 [INFO] Pass: GatesInBasis - 0.02003 (ms)
2026-07-02 07:33:53,883 [INFO] Pass: Depth - 0.01693 (ms)
2026-07-02 07:33:53,883 [INFO] Pass: FixedPoint - 0.00358 (ms)
2026-07-02 07:33:53,883 [INFO] Pass: Size - 0.00215 (ms)
2026-07-02 07:33:53,883 [INFO] Pass: FixedPoint - 0.00286 (ms)
2026-07-02 07:33:53,883 [INFO] Pass: ContainsInstruction - 0.00596 (ms)
2026-07-02 07:33:53,883 [INFO] Total Transpile Time - 93.95838 (ms)
2026-07-02 07:33:53,975 [INFO] Pass: ContainsInstruction - 0.01264 (ms)
2026-07-02 07:33:53,975 [INFO] Pass: UnitarySynthesis - 0.00715 (ms)
2026-07-02 07:33:53,975 [INFO] Pass: HighLevelSynthesis - 0.00572 (ms)
2026-07-02 07:33:53,975 [INFO] Pass: BasisTranslator - 0.06843 (ms)
2026-07-02 07:33:53,975 [INFO] Pass: ElidePermutations - 0.00525 (ms)
2026-07-02 07:33:53,975 [INFO] Pass: RemoveDiagonalGatesBeforeMeasure - 0.00715 (ms)
2026-07-02 07:33:53,975 [INFO] Pass: RemoveIdentityEquivalent - 0.00668 (ms)
2026-07-02 07:33:53,975 [INFO] Pass: InverseCancellation - 0.02408 (ms)
2026-07-02 07:33:53,975 [INFO] Pass: ContractIdleWiresInControlFlow - 0.00238 (ms)
2026-07-02 07:33:53,975 [INFO] Pass: CommutativeCancellation - 0.08130 (ms)
2026-07-02 07:33:53,976 [INFO] Pass: ConsolidateBlocks - 0.04292 (ms)
2026-07-02 07:33:53,976 [INFO] Pass: Split2QUnitaries - 0.00405 (ms)
2026-07-02 07:33:53,976 [INFO] Pass: UnitarySynthesis - 0.00548 (ms)
2026-07-02 07:33:53,976 [INFO] Pass: HighLevelSynthesis - 0.02360 (ms)
2026-07-02 07:33:53,976 [INFO] Pass: BasisTranslator - 0.06986 (ms)
2026-07-02 07:33:53,976 [INFO] Pass: ConsolidateBlocks - 0.04959 (ms)
2026-07-02 07:33:53,976 [INFO] Pass: UnitarySynthesis - 0.00477 (ms)
2026-07-02 07:33:53,976 [INFO] Pass: Depth - 0.02003 (ms)
2026-07-02 07:33:53,976 [INFO] Pass: FixedPoint - 0.00477 (ms)
2026-07-02 07:33:53,976 [INFO] Pass: Size - 0.00381 (ms)
2026-07-02 07:33:53,976 [INFO] Pass: FixedPoint - 0.00310 (ms)
2026-07-02 07:33:53,976 [INFO] Pass: RemoveIdentityEquivalent - 0.00548 (ms)
2026-07-02 07:33:53,976 [INFO] Pass: Optimize1qGatesDecomposition - 0.16403 (ms)
2026-07-02 07:33:53,976 [INFO] Pass: CommutativeCancellation - 0.08774 (ms)
2026-07-02 07:33:53,976 [INFO] Pass: ContractIdleWiresInControlFlow - 0.00215 (ms)
2026-07-02 07:33:53,976 [INFO] Pass: GatesInBasis - 0.01955 (ms)
2026-07-02 07:33:53,976 [INFO] Pass: Depth - 0.01836 (ms)
2026-07-02 07:33:53,976 [INFO] Pass: FixedPoint - 0.00334 (ms)
2026-07-02 07:33:53,976 [INFO] Pass: Size - 0.00262 (ms)
2026-07-02 07:33:53,976 [INFO] Pass: FixedPoint - 0.00286 (ms)
2026-07-02 07:33:53,977 [INFO] Pass: ContainsInstruction - 0.00501 (ms)
2026-07-02 07:33:53,977 [INFO] Total Transpile Time - 93.00208 (ms)
2026-07-02 07:33:54,067 [INFO] Pass: ContainsInstruction - 0.01168 (ms)
2026-07-02 07:33:54,067 [INFO] Pass: UnitarySynthesis - 0.00739 (ms)
2026-07-02 07:33:54,067 [INFO] Pass: HighLevelSynthesis - 0.00572 (ms)
2026-07-02 07:33:54,067 [INFO] Pass: BasisTranslator - 0.06413 (ms)
2026-07-02 07:33:54,067 [INFO] Pass: ElidePermutations - 0.00501 (ms)
2026-07-02 07:33:54,067 [INFO] Pass: RemoveDiagonalGatesBeforeMeasure - 0.00596 (ms)
2026-07-02 07:33:54,067 [INFO] Pass: RemoveIdentityEquivalent - 0.00787 (ms)
2026-07-02 07:33:54,068 [INFO] Pass: InverseCancellation - 0.02432 (ms)
2026-07-02 07:33:54,068 [INFO] Pass: ContractIdleWiresInControlFlow - 0.00191 (ms)
2026-07-02 07:33:54,068 [INFO] Pass: CommutativeCancellation - 0.06962 (ms)
2026-07-02 07:33:54,068 [INFO] Pass: ConsolidateBlocks - 0.04292 (ms)
2026-07-02 07:33:54,068 [INFO] Pass: Split2QUnitaries - 0.00358 (ms)
2026-07-02 07:33:54,068 [INFO] Pass: UnitarySynthesis - 0.00525 (ms)
2026-07-02 07:33:54,068 [INFO] Pass: HighLevelSynthesis - 0.02503 (ms)
2026-07-02 07:33:54,068 [INFO] Pass: BasisTranslator - 0.06866 (ms)
2026-07-02 07:33:54,068 [INFO] Pass: ConsolidateBlocks - 0.05031 (ms)
2026-07-02 07:33:54,068 [INFO] Pass: UnitarySynthesis - 0.00453 (ms)
2026-07-02 07:33:54,068 [INFO] Pass: Depth - 0.02241 (ms)
2026-07-02 07:33:54,068 [INFO] Pass: FixedPoint - 0.00453 (ms)
2026-07-02 07:33:54,068 [INFO] Pass: Size - 0.00334 (ms)
2026-07-02 07:33:54,068 [INFO] Pass: FixedPoint - 0.00262 (ms)
2026-07-02 07:33:54,068 [INFO] Pass: RemoveIdentityEquivalent - 0.00525 (ms)
2026-07-02 07:33:54,068 [INFO] Pass: Optimize1qGatesDecomposition - 0.17285 (ms)
2026-07-02 07:33:54,068 [INFO] Pass: CommutativeCancellation - 0.08583 (ms)
2026-07-02 07:33:54,068 [INFO] Pass: ContractIdleWiresInControlFlow - 0.00191 (ms)
2026-07-02 07:33:54,069 [INFO] Pass: GatesInBasis - 0.02050 (ms)
2026-07-02 07:33:54,069 [INFO] Pass: Depth - 0.02074 (ms)
2026-07-02 07:33:54,069 [INFO] Pass: FixedPoint - 0.00381 (ms)
2026-07-02 07:33:54,069 [INFO] Pass: Size - 0.00191 (ms)
2026-07-02 07:33:54,069 [INFO] Pass: FixedPoint - 0.00286 (ms)
2026-07-02 07:33:54,069 [INFO] Pass: RemoveIdentityEquivalent - 0.00501 (ms)
2026-07-02 07:33:54,069 [INFO] Pass: Optimize1qGatesDecomposition - 0.13900 (ms)
2026-07-02 07:33:54,069 [INFO] Pass: CommutativeCancellation - 0.07176 (ms)
2026-07-02 07:33:54,069 [INFO] Pass: ContractIdleWiresInControlFlow - 0.00191 (ms)
2026-07-02 07:33:54,069 [INFO] Pass: GatesInBasis - 0.01788 (ms)
2026-07-02 07:33:54,069 [INFO] Pass: Depth - 0.01717 (ms)
2026-07-02 07:33:54,069 [INFO] Pass: FixedPoint - 0.00334 (ms)
2026-07-02 07:33:54,069 [INFO] Pass: Size - 0.00215 (ms)
2026-07-02 07:33:54,069 [INFO] Pass: FixedPoint - 0.00262 (ms)
2026-07-02 07:33:54,069 [INFO] Pass: ContainsInstruction - 0.00525 (ms)
2026-07-02 07:33:54,069 [INFO] Total Transpile Time - 92.01956 (ms)
2026-07-02 07:47:19,729 [INFO] Pass: ContainsInstruction - 0.01121 (ms)
2026-07-02 07:47:19,730 [INFO] Pass: UnitarySynthesis - 0.00858 (ms)
2026-07-02 07:47:19,730 [INFO] Pass: HighLevelSynthesis - 0.00548 (ms)
2026-07-02 07:47:19,730 [INFO] Pass: BasisTranslator - 0.07105 (ms)
2026-07-02 07:47:19,730 [INFO] Pass: ElidePermutations - 0.00501 (ms)
2026-07-02 07:47:19,730 [INFO] Pass: RemoveDiagonalGatesBeforeMeasure - 0.00644 (ms)
2026-07-02 07:47:19,730 [INFO] Pass: RemoveIdentityEquivalent - 0.00572 (ms)
2026-07-02 07:47:19,730 [INFO] Pass: InverseCancellation - 0.00501 (ms)
2026-07-02 07:47:19,730 [INFO] Pass: ContractIdleWiresInControlFlow - 0.00238 (ms)
2026-07-02 07:47:19,730 [INFO] Pass: CommutativeCancellation - 0.05913 (ms)
2026-07-02 07:47:19,730 [INFO] Pass: ConsolidateBlocks - 0.04172 (ms)
2026-07-02 07:47:19,730 [INFO] Pass: Split2QUnitaries - 0.00334 (ms)
2026-07-02 07:47:19,730 [INFO] Pass: UnitarySynthesis - 0.00525 (ms)
2026-07-02 07:47:19,730 [INFO] Pass: HighLevelSynthesis - 0.02074 (ms)
2026-07-02 07:47:19,730 [INFO] Pass: BasisTranslator - 0.06294 (ms)
2026-07-02 07:47:19,730 [INFO] Pass: ConsolidateBlocks - 0.04601 (ms)
2026-07-02 07:47:19,730 [INFO] Pass: UnitarySynthesis - 0.00429 (ms)
2026-07-02 07:47:19,730 [INFO] Pass: Depth - 0.02027 (ms)
2026-07-02 07:47:19,730 [INFO] Pass: FixedPoint - 0.00477 (ms)
2026-07-02 07:47:19,731 [INFO] Pass: Size - 0.00358 (ms)
2026-07-02 07:47:19,731 [INFO] Pass: FixedPoint - 0.00286 (ms)
2026-07-02 07:47:19,731 [INFO] Pass: RemoveIdentityEquivalent - 0.00310 (ms)
2026-07-02 07:47:19,731 [INFO] Pass: Optimize1qGatesDecomposition - 0.03314 (ms)
2026-07-02 07:47:19,731 [INFO] Pass: CommutativeCancellation - 0.07534 (ms)
2026-07-02 07:47:19,731 [INFO] Pass: ContractIdleWiresInControlFlow - 0.00215 (ms)
2026-07-02 07:47:19,731 [INFO] Pass: GatesInBasis - 0.01931 (ms)
2026-07-02 07:47:19,731 [INFO] Pass: Depth - 0.01550 (ms)
2026-07-02 07:47:19,731 [INFO] Pass: FixedPoint - 0.00358 (ms)
2026-07-02 07:47:19,731 [INFO] Pass: Size - 0.00167 (ms)
2026-07-02 07:47:19,731 [INFO] Pass: FixedPoint - 0.00286 (ms)
2026-07-02 07:47:19,731 [INFO] Pass: ContainsInstruction - 0.00477 (ms)
2026-07-02 07:47:19,731 [INFO] Total Transpile Time - 92.23723 (ms)
2026-07-02 07:47:19,820 [INFO] Pass: ContainsInstruction - 0.01216 (ms)
2026-07-02 07:47:19,820 [INFO] Pass: UnitarySynthesis - 0.00739 (ms)
2026-07-02 07:47:19,820 [INFO] Pass: HighLevelSynthesis - 0.00668 (ms)
2026-07-02 07:47:19,820 [INFO] Pass: BasisTranslator - 0.07153 (ms)
2026-07-02 07:47:19,820 [INFO] Pass: ElidePermutations - 0.00501 (ms)
2026-07-02 07:47:19,820 [INFO] Pass: RemoveDiagonalGatesBeforeMeasure - 0.00691 (ms)
2026-07-02 07:47:19,820 [INFO] Pass: RemoveIdentityEquivalent - 0.00691 (ms)
2026-07-02 07:47:19,820 [INFO] Pass: InverseCancellation - 0.02527 (ms)
2026-07-02 07:47:19,820 [INFO] Pass: ContractIdleWiresInControlFlow - 0.00191 (ms)
2026-07-02 07:47:19,820 [INFO] Pass: CommutativeCancellation - 0.07319 (ms)
2026-07-02 07:47:19,820 [INFO] Pass: ConsolidateBlocks - 0.04172 (ms)
2026-07-02 07:47:19,820 [INFO] Pass: Split2QUnitaries - 0.00358 (ms)
2026-07-02 07:47:19,820 [INFO] Pass: UnitarySynthesis - 0.00501 (ms)
2026-07-02 07:47:19,820 [INFO] Pass: HighLevelSynthesis - 0.02503 (ms)
2026-07-02 07:47:19,820 [INFO] Pass: BasisTranslator - 0.06747 (ms)
2026-07-02 07:47:19,820 [INFO] Pass: ConsolidateBlocks - 0.05817 (ms)
2026-07-02 07:47:19,821 [INFO] Pass: UnitarySynthesis - 0.00501 (ms)
2026-07-02 07:47:19,821 [INFO] Pass: Depth - 0.02170 (ms)
2026-07-02 07:47:19,821 [INFO] Pass: FixedPoint - 0.00525 (ms)
2026-07-02 07:47:19,821 [INFO] Pass: Size - 0.00358 (ms)
2026-07-02 07:47:19,821 [INFO] Pass: FixedPoint - 0.00286 (ms)
2026-07-02 07:47:19,821 [INFO] Pass: RemoveIdentityEquivalent - 0.00501 (ms)
2026-07-02 07:47:19,821 [INFO] Pass: Optimize1qGatesDecomposition - 0.16594 (ms)
2026-07-02 07:47:19,821 [INFO] Pass: CommutativeCancellation - 0.08535 (ms)
2026-07-02 07:47:19,821 [INFO] Pass: ContractIdleWiresInControlFlow - 0.00215 (ms)
2026-07-02 07:47:19,821 [INFO] Pass: GatesInBasis - 0.02074 (ms)
2026-07-02 07:47:19,821 [INFO] Pass: Depth - 0.01979 (ms)
2026-07-02 07:47:19,821 [INFO] Pass: FixedPoint - 0.00381 (ms)
2026-07-02 07:47:19,821 [INFO] Pass: Size - 0.00215 (ms)
2026-07-02 07:47:19,821 [INFO] Pass: FixedPoint - 0.00262 (ms)
2026-07-02 07:47:19,821 [INFO] Pass: ContainsInstruction - 0.00548 (ms)
2026-07-02 07:47:19,821 [INFO] Total Transpile Time - 89.79201 (ms)
2026-07-02 07:47:19,914 [INFO] Pass: ContainsInstruction - 0.01431 (ms)
2026-07-02 07:47:19,914 [INFO] Pass: UnitarySynthesis - 0.00811 (ms)
2026-07-02 07:47:19,914 [INFO] Pass: HighLevelSynthesis - 0.00620 (ms)
2026-07-02 07:47:19,914 [INFO] Pass: BasisTranslator - 0.06962 (ms)
2026-07-02 07:47:19,914 [INFO] Pass: ElidePermutations - 0.00501 (ms)
2026-07-02 07:47:19,914 [INFO] Pass: RemoveDiagonalGatesBeforeMeasure - 0.00691 (ms)
2026-07-02 07:47:19,914 [INFO] Pass: RemoveIdentityEquivalent - 0.00858 (ms)
2026-07-02 07:47:19,914 [INFO] Pass: InverseCancellation - 0.02456 (ms)
2026-07-02 07:47:19,914 [INFO] Pass: ContractIdleWiresInControlFlow - 0.00215 (ms)
2026-07-02 07:47:19,914 [INFO] Pass: CommutativeCancellation - 0.06962 (ms)
2026-07-02 07:47:19,914 [INFO] Pass: ConsolidateBlocks - 0.05078 (ms)
2026-07-02 07:47:19,915 [INFO] Pass: Split2QUnitaries - 0.00381 (ms)
2026-07-02 07:47:19,915 [INFO] Pass: UnitarySynthesis - 0.00525 (ms)
2026-07-02 07:47:19,915 [INFO] Pass: HighLevelSynthesis - 0.02646 (ms)
2026-07-02 07:47:19,915 [INFO] Pass: BasisTranslator - 0.07081 (ms)
2026-07-02 07:47:19,915 [INFO] Pass: ConsolidateBlocks - 0.05221 (ms)
2026-07-02 07:47:19,915 [INFO] Pass: UnitarySynthesis - 0.00453 (ms)
2026-07-02 07:47:19,915 [INFO] Pass: Depth - 0.02217 (ms)
2026-07-02 07:47:19,915 [INFO] Pass: FixedPoint - 0.00572 (ms)
2026-07-02 07:47:19,915 [INFO] Pass: Size - 0.00381 (ms)
2026-07-02 07:47:19,915 [INFO] Pass: FixedPoint - 0.00262 (ms)
2026-07-02 07:47:19,915 [INFO] Pass: RemoveIdentityEquivalent - 0.00525 (ms)
2026-07-02 07:47:19,915 [INFO] Pass: Optimize1qGatesDecomposition - 0.17786 (ms)
2026-07-02 07:47:19,915 [INFO] Pass: CommutativeCancellation - 0.08154 (ms)
2026-07-02 07:47:19,915 [INFO] Pass: ContractIdleWiresInControlFlow - 0.00191 (ms)
2026-07-02 07:47:19,915 [INFO] Pass: GatesInBasis - 0.02050 (ms)
2026-07-02 07:47:19,915 [INFO] Pass: Depth - 0.02027 (ms)
2026-07-02 07:47:19,915 [INFO] Pass: FixedPoint - 0.00381 (ms)
2026-07-02 07:47:19,915 [INFO] Pass: Size - 0.00238 (ms)
2026-07-02 07:47:19,915 [INFO] Pass: FixedPoint - 0.00310 (ms)
2026-07-02 07:47:19,915 [INFO] Pass: RemoveIdentityEquivalent - 0.00525 (ms)
2026-07-02 07:47:19,916 [INFO] Pass: Optimize1qGatesDecomposition - 0.13971 (ms)
2026-07-02 07:47:19,916 [INFO] Pass: CommutativeCancellation - 0.07057 (ms)
2026-07-02 07:47:19,916 [INFO] Pass: ContractIdleWiresInControlFlow - 0.00191 (ms)
2026-07-02 07:47:19,916 [INFO] Pass: GatesInBasis - 0.01740 (ms)
2026-07-02 07:47:19,916 [INFO] Pass: Depth - 0.01788 (ms)
2026-07-02 07:47:19,916 [INFO] Pass: FixedPoint - 0.00334 (ms)
2026-07-02 07:47:19,916 [INFO] Pass: Size - 0.00191 (ms)
2026-07-02 07:47:19,916 [INFO] Pass: FixedPoint - 0.00262 (ms)
2026-07-02 07:47:19,916 [INFO] Pass: ContainsInstruction - 0.00596 (ms)
2026-07-02 07:47:19,916 [INFO] Total Transpile Time - 94.16389 (ms)
2026-07-02 08:00:37,854 [INFO] Pass: ContainsInstruction - 0.01240 (ms)
2026-07-02 08:00:37,855 [INFO] Pass: UnitarySynthesis - 0.00906 (ms)
2026-07-02 08:00:37,855 [INFO] Pass: HighLevelSynthesis - 0.00668 (ms)
2026-07-02 08:00:37,855 [INFO] Pass: BasisTranslator - 0.07987 (ms)
2026-07-02 08:00:37,855 [INFO] Pass: ElidePermutations - 0.00596 (ms)
2026-07-02 08:00:37,855 [INFO] Pass: RemoveDiagonalGatesBeforeMeasure - 0.00763 (ms)
2026-07-02 08:00:37,855 [INFO] Pass: RemoveIdentityEquivalent - 0.00620 (ms)
2026-07-02 08:00:37,855 [INFO] Pass: InverseCancellation - 0.00525 (ms)
2026-07-02 08:00:37,855 [INFO] Pass: ContractIdleWiresInControlFlow - 0.00238 (ms)
2026-07-02 08:00:37,855 [INFO] Pass: CommutativeCancellation - 0.06151 (ms)
2026-07-02 08:00:37,855 [INFO] Pass: ConsolidateBlocks - 0.04578 (ms)
2026-07-02 08:00:37,855 [INFO] Pass: Split2QUnitaries - 0.00358 (ms)
2026-07-02 08:00:37,855 [INFO] Pass: UnitarySynthesis - 0.00501 (ms)
2026-07-02 08:00:37,855 [INFO] Pass: HighLevelSynthesis - 0.02360 (ms)
2026-07-02 08:00:37,855 [INFO] Pass: BasisTranslator - 0.06509 (ms)
2026-07-02 08:00:37,856 [INFO] Pass: ConsolidateBlocks - 0.05245 (ms)
2026-07-02 08:00:37,856 [INFO] Pass: UnitarySynthesis - 0.00453 (ms)
2026-07-02 08:00:37,856 [INFO] Pass: Depth - 0.02289 (ms)
2026-07-02 08:00:37,856 [INFO] Pass: FixedPoint - 0.00572 (ms)
2026-07-02 08:00:37,856 [INFO] Pass: Size - 0.00405 (ms)
2026-07-02 08:00:37,856 [INFO] Pass: FixedPoint - 0.00310 (ms)
2026-07-02 08:00:37,856 [INFO] Pass: RemoveIdentityEquivalent - 0.00334 (ms)
2026-07-02 08:00:37,856 [INFO] Pass: Optimize1qGatesDecomposition - 0.03362 (ms)
2026-07-02 08:00:37,856 [INFO] Pass: CommutativeCancellation - 0.07868 (ms)
2026-07-02 08:00:37,856 [INFO] Pass: ContractIdleWiresInControlFlow - 0.00191 (ms)
2026-07-02 08:00:37,856 [INFO] Pass: GatesInBasis - 0.02074 (ms)
2026-07-02 08:00:37,856 [INFO] Pass: Depth - 0.01907 (ms)
2026-07-02 08:00:37,856 [INFO] Pass: FixedPoint - 0.00334 (ms)
2026-07-02 08:00:37,856 [INFO] Pass: Size - 0.00191 (ms)
2026-07-02 08:00:37,856 [INFO] Pass: FixedPoint - 0.00286 (ms)
2026-07-02 08:00:37,856 [INFO] Pass: ContainsInstruction - 0.00501 (ms)
2026-07-02 08:00:37,856 [INFO] Total Transpile Time - 95.33858 (ms)
2026-07-02 08:00:37,948 [INFO] Pass: ContainsInstruction - 0.01240 (ms)
2026-07-02 08:00:37,948 [INFO] Pass: UnitarySynthesis - 0.00739 (ms)
2026-07-02 08:00:37,948 [INFO] Pass: HighLevelSynthesis - 0.00596 (ms)
2026-07-02 08:00:37,948 [INFO] Pass: BasisTranslator - 0.06866 (ms)
2026-07-02 08:00:37,948 [INFO] Pass: ElidePermutations - 0.00429 (ms)
2026-07-02 08:00:37,948 [INFO] Pass: RemoveDiagonalGatesBeforeMeasure - 0.00834 (ms)
2026-07-02 08:00:37,948 [INFO] Pass: RemoveIdentityEquivalent - 0.00691 (ms)
2026-07-02 08:00:37,948 [INFO] Pass: InverseCancellation - 0.02337 (ms)
2026-07-02 08:00:37,948 [INFO] Pass: ContractIdleWiresInControlFlow - 0.00238 (ms)
2026-07-02 08:00:37,948 [INFO] Pass: CommutativeCancellation - 0.07820 (ms)
2026-07-02 08:00:37,948 [INFO] Pass: ConsolidateBlocks - 0.04196 (ms)
2026-07-02 08:00:37,948 [INFO] Pass: Split2QUnitaries - 0.00429 (ms)
2026-07-02 08:00:37,948 [INFO] Pass: UnitarySynthesis - 0.00501 (ms)
2026-07-02 08:00:37,948 [INFO] Pass: HighLevelSynthesis - 0.02480 (ms)
2026-07-02 08:00:37,948 [INFO] Pass: BasisTranslator - 0.06890 (ms)
2026-07-02 08:00:37,948 [INFO] Pass: ConsolidateBlocks - 0.05937 (ms)
2026-07-02 08:00:37,948 [INFO] Pass: UnitarySynthesis - 0.00501 (ms)
2026-07-02 08:00:37,949 [INFO] Pass: Depth - 0.02098 (ms)
2026-07-02 08:00:37,949 [INFO] Pass: FixedPoint - 0.00525 (ms)
2026-07-02 08:00:37,949 [INFO] Pass: Size - 0.00381 (ms)
2026-07-02 08:00:37,949 [INFO] Pass: FixedPoint - 0.00286 (ms)
2026-07-02 08:00:37,949 [INFO] Pass: RemoveIdentityEquivalent - 0.00429 (ms)
2026-07-02 08:00:37,949 [INFO] Pass: Optimize1qGatesDecomposition - 0.16069 (ms)
2026-07-02 08:00:37,949 [INFO] Pass: CommutativeCancellation - 0.09179 (ms)
2026-07-02 08:00:37,949 [INFO] Pass: ContractIdleWiresInControlFlow - 0.00215 (ms)
2026-07-02 08:00:37,949 [INFO] Pass: GatesInBasis - 0.02003 (ms)
2026-07-02 08:00:37,949 [INFO] Pass: Depth - 0.02170 (ms)
2026-07-02 08:00:37,949 [INFO] Pass: FixedPoint - 0.00453 (ms)
2026-07-02 08:00:37,949 [INFO] Pass: Size - 0.00238 (ms)
2026-07-02 08:00:37,949 [INFO] Pass: FixedPoint - 0.00310 (ms)
2026-07-02 08:00:37,949 [INFO] Pass: ContainsInstruction - 0.00477 (ms)
2026-07-02 08:00:37,949 [INFO] Total Transpile Time - 92.42368 (ms)
2026-07-02 08:00:38,040 [INFO] Pass: ContainsInstruction - 0.01240 (ms)
2026-07-02 08:00:38,040 [INFO] Pass: UnitarySynthesis - 0.00763 (ms)
2026-07-02 08:00:38,040 [INFO] Pass: HighLevelSynthesis - 0.00620 (ms)
2026-07-02 08:00:38,040 [INFO] Pass: BasisTranslator - 0.06628 (ms)
2026-07-02 08:00:38,040 [INFO] Pass: ElidePermutations - 0.00453 (ms)
2026-07-02 08:00:38,040 [INFO] Pass: RemoveDiagonalGatesBeforeMeasure - 0.00715 (ms)
2026-07-02 08:00:38,040 [INFO] Pass: RemoveIdentityEquivalent - 0.00834 (ms)
2026-07-02 08:00:38,040 [INFO] Pass: InverseCancellation - 0.02313 (ms)
2026-07-02 08:00:38,040 [INFO] Pass: ContractIdleWiresInControlFlow - 0.00215 (ms)
2026-07-02 08:00:38,040 [INFO] Pass: CommutativeCancellation - 0.07892 (ms)
2026-07-02 08:00:38,041 [INFO] Pass: ConsolidateBlocks - 0.04196 (ms)
2026-07-02 08:00:38,041 [INFO] Pass: Split2QUnitaries - 0.00334 (ms)
2026-07-02 08:00:38,041 [INFO] Pass: UnitarySynthesis - 0.00525 (ms)
2026-07-02 08:00:38,041 [INFO] Pass: HighLevelSynthesis - 0.02527 (ms)
2026-07-02 08:00:38,041 [INFO] Pass: BasisTranslator - 0.06914 (ms)
2026-07-02 08:00:38,041 [INFO] Pass: ConsolidateBlocks - 0.05221 (ms)
2026-07-02 08:00:38,041 [INFO] Pass: UnitarySynthesis - 0.00477 (ms)
2026-07-02 08:00:38,041 [INFO] Pass: Depth - 0.02289 (ms)
2026-07-02 08:00:38,041 [INFO] Pass: FixedPoint - 0.00477 (ms)
2026-07-02 08:00:38,041 [INFO] Pass: Size - 0.00358 (ms)
2026-07-02 08:00:38,041 [INFO] Pass: FixedPoint - 0.00286 (ms)
2026-07-02 08:00:38,041 [INFO] Pass: RemoveIdentityEquivalent - 0.00620 (ms)
2026-07-02 08:00:38,041 [INFO] Pass: Optimize1qGatesDecomposition - 0.18191 (ms)
2026-07-02 08:00:38,041 [INFO] Pass: CommutativeCancellation - 0.08106 (ms)
2026-07-02 08:00:38,041 [INFO] Pass: ContractIdleWiresInControlFlow - 0.00238 (ms)
2026-07-02 08:00:38,041 [INFO] Pass: GatesInBasis - 0.02122 (ms)
2026-07-02 08:00:38,041 [INFO] Pass: Depth - 0.02813 (ms)
2026-07-02 08:00:38,041 [INFO] Pass: FixedPoint - 0.00405 (ms)
2026-07-02 08:00:38,042 [INFO] Pass: Size - 0.00238 (ms)
2026-07-02 08:00:38,042 [INFO] Pass: FixedPoint - 0.00286 (ms)
2026-07-02 08:00:38,042 [INFO] Pass: RemoveIdentityEquivalent - 0.00620 (ms)
2026-07-02 08:00:38,042 [INFO] Pass: Optimize1qGatesDecomposition - 0.14305 (ms)
2026-07-02 08:00:38,042 [INFO] Pass: CommutativeCancellation - 0.07319 (ms)
2026-07-02 08:00:38,042 [INFO] Pass: ContractIdleWiresInControlFlow - 0.00167 (ms)
2026-07-02 08:00:38,042 [INFO] Pass: GatesInBasis - 0.01812 (ms)
2026-07-02 08:00:38,042 [INFO] Pass: Depth - 0.02122 (ms)
2026-07-02 08:00:38,042 [INFO] Pass: FixedPoint - 0.00334 (ms)
2026-07-02 08:00:38,042 [INFO] Pass: Size - 0.00191 (ms)
2026-07-02 08:00:38,042 [INFO] Pass: FixedPoint - 0.00262 (ms)
2026-07-02 08:00:38,042 [INFO] Pass: ContainsInstruction - 0.00596 (ms)
2026-07-02 08:00:38,042 [INFO] Total Transpile Time - 92.26370 (ms)
2026-07-02 08:14:00,678 [INFO] Pass: ContainsInstruction - 0.01216 (ms)
2026-07-02 08:14:00,678 [INFO] Pass: UnitarySynthesis - 0.00811 (ms)
2026-07-02 08:14:00,678 [INFO] Pass: HighLevelSynthesis - 0.00620 (ms)
2026-07-02 08:14:00,678 [INFO] Pass: BasisTranslator - 0.06580 (ms)
2026-07-02 08:14:00,678 [INFO] Pass: ElidePermutations - 0.00453 (ms)
2026-07-02 08:14:00,678 [INFO] Pass: RemoveDiagonalGatesBeforeMeasure - 0.00715 (ms)
2026-07-02 08:14:00,678 [INFO] Pass: RemoveIdentityEquivalent - 0.00525 (ms)
2026-07-02 08:14:00,679 [INFO] Pass: InverseCancellation - 0.00477 (ms)
2026-07-02 08:14:00,679 [INFO] Pass: ContractIdleWiresInControlFlow - 0.00262 (ms)
2026-07-02 08:14:00,679 [INFO] Pass: CommutativeCancellation - 0.05865 (ms)
2026-07-02 08:14:00,679 [INFO] Pass: ConsolidateBlocks - 0.04172 (ms)
2026-07-02 08:14:00,679 [INFO] Pass: Split2QUnitaries - 0.00358 (ms)
2026-07-02 08:14:00,679 [INFO] Pass: UnitarySynthesis - 0.00525 (ms)
2026-07-02 08:14:00,679 [INFO] Pass: HighLevelSynthesis - 0.02170 (ms)
2026-07-02 08:14:00,679 [INFO] Pass: BasisTranslator - 0.06318 (ms)
2026-07-02 08:14:00,679 [INFO] Pass: ConsolidateBlocks - 0.04625 (ms)
2026-07-02 08:14:00,679 [INFO] Pass: UnitarySynthesis - 0.00429 (ms)
2026-07-02 08:14:00,679 [INFO] Pass: Depth - 0.02050 (ms)
2026-07-02 08:14:00,679 [INFO] Pass: FixedPoint - 0.00501 (ms)
2026-07-02 08:14:00,679 [INFO] Pass: Size - 0.00334 (ms)
2026-07-02 08:14:00,679 [INFO] Pass: FixedPoint - 0.00286 (ms)
2026-07-02 08:14:00,679 [INFO] Pass: RemoveIdentityEquivalent - 0.00286 (ms)
2026-07-02 08:14:00,679 [INFO] Pass: Optimize1qGatesDecomposition - 0.03290 (ms)
2026-07-02 08:14:00,679 [INFO] Pass: CommutativeCancellation - 0.07272 (ms)
2026-07-02 08:14:00,679 [INFO] Pass: ContractIdleWiresInControlFlow - 0.00215 (ms)
2026-07-02 08:14:00,679 [INFO] Pass: GatesInBasis - 0.01979 (ms)
2026-07-02 08:14:00,679 [INFO] Pass: Depth - 0.01812 (ms)
2026-07-02 08:14:00,679 [INFO] Pass: FixedPoint - 0.00358 (ms)
2026-07-02 08:14:00,679 [INFO] Pass: Size - 0.00930 (ms)
2026-07-02 08:14:00,679 [INFO] Pass: FixedPoint - 0.00310 (ms)
2026-07-02 08:14:00,679 [INFO] Pass: ContainsInstruction - 0.00501 (ms)
2026-07-02 08:14:00,680 [INFO] Total Transpile Time - 92.27538 (ms)
2026-07-02 08:14:00,768 [INFO] Pass: ContainsInstruction - 0.01240 (ms)
2026-07-02 08:14:00,768 [INFO] Pass: UnitarySynthesis - 0.00763 (ms)
2026-07-02 08:14:00,768 [INFO] Pass: HighLevelSynthesis - 0.00596 (ms)
2026-07-02 08:14:00,769 [INFO] Pass: BasisTranslator - 0.06866 (ms)
2026-07-02 08:14:00,769 [INFO] Pass: ElidePermutations - 0.00525 (ms)
2026-07-02 08:14:00,769 [INFO] Pass: RemoveDiagonalGatesBeforeMeasure - 0.00715 (ms)
2026-07-02 08:14:00,769 [INFO] Pass: RemoveIdentityEquivalent - 0.00739 (ms)
2026-07-02 08:14:00,769 [INFO] Pass: InverseCancellation - 0.02527 (ms)
2026-07-02 08:14:00,769 [INFO] Pass: ContractIdleWiresInControlFlow - 0.00238 (ms)
2026-07-02 08:14:00,769 [INFO] Pass: CommutativeCancellation - 0.07415 (ms)
2026-07-02 08:14:00,769 [INFO] Pass: ConsolidateBlocks - 0.04458 (ms)
2026-07-02 08:14:00,769 [INFO] Pass: Split2QUnitaries - 0.00358 (ms)
2026-07-02 08:14:00,769 [INFO] Pass: UnitarySynthesis - 0.00548 (ms)
2026-07-02 08:14:00,769 [INFO] Pass: HighLevelSynthesis - 0.02432 (ms)
2026-07-02 08:14:00,769 [INFO] Pass: BasisTranslator - 0.06747 (ms)
2026-07-02 08:14:00,769 [INFO] Pass: ConsolidateBlocks - 0.04935 (ms)
2026-07-02 08:14:00,769 [INFO] Pass: UnitarySynthesis - 0.00477 (ms)
2026-07-02 08:14:00,769 [INFO] Pass: Depth - 0.02170 (ms)
2026-07-02 08:14:00,769 [INFO] Pass: FixedPoint - 0.00525 (ms)
2026-07-02 08:14:00,769 [INFO] Pass: Size - 0.00358 (ms)
2026-07-02 08:14:00,769 [INFO] Pass: FixedPoint - 0.00310 (ms)
2026-07-02 08:14:00,769 [INFO] Pass: RemoveIdentityEquivalent - 0.00501 (ms)
2026-07-02 08:14:00,770 [INFO] Pass: Optimize1qGatesDecomposition - 0.16689 (ms)
2026-07-02 08:14:00,770 [INFO] Pass: CommutativeCancellation - 0.08607 (ms)
2026-07-02 08:14:00,770 [INFO] Pass: ContractIdleWiresInControlFlow - 0.00215 (ms)
2026-07-02 08:14:00,770 [INFO] Pass: GatesInBasis - 0.01884 (ms)
2026-07-02 08:14:00,770 [INFO] Pass: Depth - 0.01812 (ms)
2026-07-02 08:14:00,770 [INFO] Pass: FixedPoint - 0.00358 (ms)
2026-07-02 08:14:00,770 [INFO] Pass: Size - 0.00238 (ms)
2026-07-02 08:14:00,770 [INFO] Pass: FixedPoint - 0.00334 (ms)
2026-07-02 08:14:00,770 [INFO] Pass: ContainsInstruction - 0.00548 (ms)
2026-07-02 08:14:00,770 [INFO] Total Transpile Time - 89.95819 (ms)
2026-07-02 08:14:00,864 [INFO] Pass: ContainsInstruction - 0.01502 (ms)
2026-07-02 08:14:00,864 [INFO] Pass: UnitarySynthesis - 0.00811 (ms)
2026-07-02 08:14:00,864 [INFO] Pass: HighLevelSynthesis - 0.00620 (ms)
2026-07-02 08:14:00,864 [INFO] Pass: BasisTranslator - 0.07176 (ms)
2026-07-02 08:14:00,864 [INFO] Pass: ElidePermutations - 0.00525 (ms)
2026-07-02 08:14:00,864 [INFO] Pass: RemoveDiagonalGatesBeforeMeasure - 0.00715 (ms)
2026-07-02 08:14:00,865 [INFO] Pass: RemoveIdentityEquivalent - 0.00930 (ms)
2026-07-02 08:14:00,865 [INFO] Pass: InverseCancellation - 0.02670 (ms)
2026-07-02 08:14:00,865 [INFO] Pass: ContractIdleWiresInControlFlow - 0.00238 (ms)
2026-07-02 08:14:00,865 [INFO] Pass: CommutativeCancellation - 0.07105 (ms)
2026-07-02 08:14:00,865 [INFO] Pass: ConsolidateBlocks - 0.04554 (ms)
2026-07-02 08:14:00,865 [INFO] Pass: Split2QUnitaries - 0.00381 (ms)
2026-07-02 08:14:00,865 [INFO] Pass: UnitarySynthesis - 0.00572 (ms)
2026-07-02 08:14:00,865 [INFO] Pass: HighLevelSynthesis - 0.02527 (ms)
2026-07-02 08:14:00,865 [INFO] Pass: BasisTranslator - 0.07105 (ms)
2026-07-02 08:14:00,865 [INFO] Pass: ConsolidateBlocks - 0.05221 (ms)
2026-07-02 08:14:00,865 [INFO] Pass: UnitarySynthesis - 0.00501 (ms)
2026-07-02 08:14:00,865 [INFO] Pass: Depth - 0.02527 (ms)
2026-07-02 08:14:00,865 [INFO] Pass: FixedPoint - 0.00525 (ms)
2026-07-02 08:14:00,865 [INFO] Pass: Size - 0.00477 (ms)
2026-07-02 08:14:00,865 [INFO] Pass: FixedPoint - 0.00310 (ms)
2026-07-02 08:14:00,865 [INFO] Pass: RemoveIdentityEquivalent - 0.00572 (ms)
2026-07-02 08:14:00,865 [INFO] Pass: Optimize1qGatesDecomposition - 0.19312 (ms)
2026-07-02 08:14:00,866 [INFO] Pass: CommutativeCancellation - 0.08321 (ms)
2026-07-02 08:14:00,866 [INFO] Pass: ContractIdleWiresInControlFlow - 0.00238 (ms)
2026-07-02 08:14:00,866 [INFO] Pass: GatesInBasis - 0.02074 (ms)
2026-07-02 08:14:00,866 [INFO] Pass: Depth - 0.02146 (ms)
2026-07-02 08:14:00,866 [INFO] Pass: FixedPoint - 0.00405 (ms)
2026-07-02 08:14:00,866 [INFO] Pass: Size - 0.00238 (ms)
2026-07-02 08:14:00,866 [INFO] Pass: FixedPoint - 0.00310 (ms)
2026-07-02 08:14:00,866 [INFO] Pass: RemoveIdentityEquivalent - 0.00548 (ms)
2026-07-02 08:14:00,866 [INFO] Pass: Optimize1qGatesDecomposition - 0.14210 (ms)
2026-07-02 08:14:00,866 [INFO] Pass: CommutativeCancellation - 0.07248 (ms)
2026-07-02 08:14:00,866 [INFO] Pass: ContractIdleWiresInControlFlow - 0.00191 (ms)
2026-07-02 08:14:00,866 [INFO] Pass: GatesInBasis - 0.01764 (ms)
2026-07-02 08:14:00,866 [INFO] Pass: Depth - 0.01788 (ms)
2026-07-02 08:14:00,866 [INFO] Pass: FixedPoint - 0.00334 (ms)
2026-07-02 08:14:00,866 [INFO] Pass: Size - 0.00167 (ms)
2026-07-02 08:14:00,866 [INFO] Pass: FixedPoint - 0.00262 (ms)
2026-07-02 08:14:00,866 [INFO] Pass: ContainsInstruction - 0.00620 (ms)
2026-07-02 08:14:00,867 [INFO] Total Transpile Time - 95.81113 (ms)
2026-07-02 08:27:29,162 [INFO] Pass: ContainsInstruction - 0.01264 (ms)
2026-07-02 08:27:29,162 [INFO] Pass: UnitarySynthesis - 0.01001 (ms)
2026-07-02 08:27:29,162 [INFO] Pass: HighLevelSynthesis - 0.00715 (ms)
2026-07-02 08:27:29,162 [INFO] Pass: BasisTranslator - 0.07439 (ms)
2026-07-02 08:27:29,162 [INFO] Pass: ElidePermutations - 0.00548 (ms)
2026-07-02 08:27:29,162 [INFO] Pass: RemoveDiagonalGatesBeforeMeasure - 0.00668 (ms)
2026-07-02 08:27:29,162 [INFO] Pass: RemoveIdentityEquivalent - 0.00525 (ms)
2026-07-02 08:27:29,162 [INFO] Pass: InverseCancellation - 0.00572 (ms)
2026-07-02 08:27:29,162 [INFO] Pass: ContractIdleWiresInControlFlow - 0.00262 (ms)
2026-07-02 08:27:29,162 [INFO] Pass: CommutativeCancellation - 0.06080 (ms)
2026-07-02 08:27:29,162 [INFO] Pass: ConsolidateBlocks - 0.05436 (ms)
2026-07-02 08:27:29,162 [INFO] Pass: Split2QUnitaries - 0.00358 (ms)
2026-07-02 08:27:29,163 [INFO] Pass: UnitarySynthesis - 0.00501 (ms)
2026-07-02 08:27:29,163 [INFO] Pass: HighLevelSynthesis - 0.02384 (ms)
2026-07-02 08:27:29,163 [INFO] Pass: BasisTranslator - 0.06819 (ms)
2026-07-02 08:27:29,163 [INFO] Pass: ConsolidateBlocks - 0.05031 (ms)
2026-07-02 08:27:29,163 [INFO] Pass: UnitarySynthesis - 0.00429 (ms)
2026-07-02 08:27:29,163 [INFO] Pass: Depth - 0.02098 (ms)
2026-07-02 08:27:29,163 [INFO] Pass: FixedPoint - 0.00525 (ms)
2026-07-02 08:27:29,163 [INFO] Pass: Size - 0.00405 (ms)
2026-07-02 08:27:29,163 [INFO] Pass: FixedPoint - 0.00334 (ms)
2026-07-02 08:27:29,163 [INFO] Pass: RemoveIdentityEquivalent - 0.00334 (ms)
2026-07-02 08:27:29,163 [INFO] Pass: Optimize1qGatesDecomposition - 0.03600 (ms)
2026-07-02 08:27:29,163 [INFO] Pass: CommutativeCancellation - 0.07558 (ms)
2026-07-02 08:27:29,163 [INFO] Pass: ContractIdleWiresInControlFlow - 0.00167 (ms)
2026-07-02 08:27:29,163 [INFO] Pass: GatesInBasis - 0.01955 (ms)
2026-07-02 08:27:29,163 [INFO] Pass: Depth - 0.01979 (ms)
2026-07-02 08:27:29,163 [INFO] Pass: FixedPoint - 0.00381 (ms)
2026-07-02 08:27:29,163 [INFO] Pass: Size - 0.00191 (ms)
2026-07-02 08:27:29,163 [INFO] Pass: FixedPoint - 0.00310 (ms)
2026-07-02 08:27:29,163 [INFO] Pass: ContainsInstruction - 0.00572 (ms)
2026-07-02 08:27:29,164 [INFO] Total Transpile Time - 92.74483 (ms)
2026-07-02 08:27:29,257 [INFO] Pass: ContainsInstruction - 0.01168 (ms)
2026-07-02 08:27:29,257 [INFO] Pass: UnitarySynthesis - 0.00763 (ms)
2026-07-02 08:27:29,257 [INFO] Pass: HighLevelSynthesis - 0.00572 (ms)
2026-07-02 08:27:29,257 [INFO] Pass: BasisTranslator - 0.06962 (ms)
2026-07-02 08:27:29,257 [INFO] Pass: ElidePermutations - 0.00525 (ms)
2026-07-02 08:27:29,257 [INFO] Pass: RemoveDiagonalGatesBeforeMeasure - 0.01454 (ms)
2026-07-02 08:27:29,257 [INFO] Pass: RemoveIdentityEquivalent - 0.00811 (ms)
2026-07-02 08:27:29,258 [INFO] Pass: InverseCancellation - 0.02289 (ms)
2026-07-02 08:27:29,258 [INFO] Pass: ContractIdleWiresInControlFlow - 0.00215 (ms)
2026-07-02 08:27:29,258 [INFO] Pass: CommutativeCancellation - 0.07391 (ms)
2026-07-02 08:27:29,258 [INFO] Pass: ConsolidateBlocks - 0.04339 (ms)
2026-07-02 08:27:29,258 [INFO] Pass: Split2QUnitaries - 0.00310 (ms)
2026-07-02 08:27:29,258 [INFO] Pass: UnitarySynthesis - 0.00477 (ms)
2026-07-02 08:27:29,258 [INFO] Pass: HighLevelSynthesis - 0.02289 (ms)
2026-07-02 08:27:29,258 [INFO] Pass: BasisTranslator - 0.06986 (ms)
2026-07-02 08:27:29,258 [INFO] Pass: ConsolidateBlocks - 0.04911 (ms)
2026-07-02 08:27:29,258 [INFO] Pass: UnitarySynthesis - 0.00429 (ms)
2026-07-02 08:27:29,258 [INFO] Pass: Depth - 0.02193 (ms)
2026-07-02 08:27:29,258 [INFO] Pass: FixedPoint - 0.00477 (ms)
2026-07-02 08:27:29,258 [INFO] Pass: Size - 0.00310 (ms)
2026-07-02 08:27:29,258 [INFO] Pass: FixedPoint - 0.00286 (ms)
2026-07-02 08:27:29,258 [INFO] Pass: RemoveIdentityEquivalent - 0.00501 (ms)
2026-07-02 08:27:29,258 [INFO] Pass: Optimize1qGatesDecomposition - 0.17190 (ms)
2026-07-02 08:27:29,258 [INFO] Pass: CommutativeCancellation - 0.09751 (ms)
2026-07-02 08:27:29,259 [INFO] Pass: ContractIdleWiresInControlFlow - 0.00238 (ms)
2026-07-02 08:27:29,259 [INFO] Pass: GatesInBasis - 0.02027 (ms)
2026-07-02 08:27:29,259 [INFO] Pass: Depth - 0.01955 (ms)
2026-07-02 08:27:29,259 [INFO] Pass: FixedPoint - 0.00358 (ms)
2026-07-02 08:27:29,259 [INFO] Pass: Size - 0.00238 (ms)
2026-07-02 08:27:29,259 [INFO] Pass: FixedPoint - 0.00310 (ms)
2026-07-02 08:27:29,259 [INFO] Pass: ContainsInstruction - 0.00501 (ms)
2026-07-02 08:27:29,259 [INFO] Total Transpile Time - 94.73991 (ms)
2026-07-02 08:27:29,350 [INFO] Pass: ContainsInstruction - 0.01216 (ms)
2026-07-02 08:27:29,350 [INFO] Pass: UnitarySynthesis - 0.00787 (ms)
2026-07-02 08:27:29,350 [INFO] Pass: HighLevelSynthesis - 0.00596 (ms)
2026-07-02 08:27:29,350 [INFO] Pass: BasisTranslator - 0.07248 (ms)
2026-07-02 08:27:29,350 [INFO] Pass: ElidePermutations - 0.00501 (ms)
2026-07-02 08:27:29,350 [INFO] Pass: RemoveDiagonalGatesBeforeMeasure - 0.00668 (ms)
2026-07-02 08:27:29,350 [INFO] Pass: RemoveIdentityEquivalent - 0.00763 (ms)
2026-07-02 08:27:29,350 [INFO] Pass: InverseCancellation - 0.02480 (ms)
2026-07-02 08:27:29,350 [INFO] Pass: ContractIdleWiresInControlFlow - 0.00238 (ms)
2026-07-02 08:27:29,350 [INFO] Pass: CommutativeCancellation - 0.07200 (ms)
2026-07-02 08:27:29,350 [INFO] Pass: ConsolidateBlocks - 0.04411 (ms)
2026-07-02 08:27:29,350 [INFO] Pass: Split2QUnitaries - 0.00334 (ms)
2026-07-02 08:27:29,350 [INFO] Pass: UnitarySynthesis - 0.00548 (ms)
2026-07-02 08:27:29,351 [INFO] Pass: HighLevelSynthesis - 0.02623 (ms)
2026-07-02 08:27:29,351 [INFO] Pass: BasisTranslator - 0.07105 (ms)
2026-07-02 08:27:29,351 [INFO] Pass: ConsolidateBlocks - 0.05126 (ms)
2026-07-02 08:27:29,351 [INFO] Pass: UnitarySynthesis - 0.00453 (ms)
2026-07-02 08:27:29,351 [INFO] Pass: Depth - 0.02360 (ms)
2026-07-02 08:27:29,351 [INFO] Pass: FixedPoint - 0.00596 (ms)
2026-07-02 08:27:29,351 [INFO] Pass: Size - 0.00381 (ms)
2026-07-02 08:27:29,351 [INFO] Pass: FixedPoint - 0.00286 (ms)
2026-07-02 08:27:29,351 [INFO] Pass: RemoveIdentityEquivalent - 0.00620 (ms)
2026-07-02 08:27:29,351 [INFO] Pass: Optimize1qGatesDecomposition - 0.18978 (ms)
2026-07-02 08:27:29,351 [INFO] Pass: CommutativeCancellation - 0.08225 (ms)
2026-07-02 08:27:29,351 [INFO] Pass: ContractIdleWiresInControlFlow - 0.00191 (ms)
2026-07-02 08:27:29,351 [INFO] Pass: GatesInBasis - 0.02050 (ms)
2026-07-02 08:27:29,351 [INFO] Pass: Depth - 0.01979 (ms)
2026-07-02 08:27:29,351 [INFO] Pass: FixedPoint - 0.00381 (ms)
2026-07-02 08:27:29,351 [INFO] Pass: Size - 0.00215 (ms)
2026-07-02 08:27:29,351 [INFO] Pass: FixedPoint - 0.00262 (ms)
2026-07-02 08:27:29,351 [INFO] Pass: RemoveIdentityEquivalent - 0.00501 (ms)
2026-07-02 08:27:29,352 [INFO] Pass: Optimize1qGatesDecomposition - 0.15450 (ms)
2026-07-02 08:27:29,352 [INFO] Pass: CommutativeCancellation - 0.07248 (ms)
2026-07-02 08:27:29,352 [INFO] Pass: ContractIdleWiresInControlFlow - 0.00167 (ms)
2026-07-02 08:27:29,352 [INFO] Pass: GatesInBasis - 0.01717 (ms)
2026-07-02 08:27:29,352 [INFO] Pass: Depth - 0.02003 (ms)
2026-07-02 08:27:29,352 [INFO] Pass: FixedPoint - 0.00358 (ms)
2026-07-02 08:27:29,352 [INFO] Pass: Size - 0.00215 (ms)
2026-07-02 08:27:29,352 [INFO] Pass: FixedPoint - 0.00238 (ms)
2026-07-02 08:27:29,352 [INFO] Pass: ContainsInstruction - 0.00596 (ms)
2026-07-02 08:27:29,352 [INFO] Total Transpile Time - 92.70096 (ms)
2026-07-02 08:40:50,558 [INFO] Pass: ContainsInstruction - 0.01264 (ms)
2026-07-02 08:40:50,558 [INFO] Pass: UnitarySynthesis - 0.01001 (ms)
2026-07-02 08:40:50,558 [INFO] Pass: HighLevelSynthesis - 0.00644 (ms)
2026-07-02 08:40:50,558 [INFO] Pass: BasisTranslator - 0.06890 (ms)
2026-07-02 08:40:50,558 [INFO] Pass: ElidePermutations - 0.00525 (ms)
2026-07-02 08:40:50,558 [INFO] Pass: RemoveDiagonalGatesBeforeMeasure - 0.00715 (ms)
2026-07-02 08:40:50,558 [INFO] Pass: RemoveIdentityEquivalent - 0.00548 (ms)
2026-07-02 08:40:50,558 [INFO] Pass: InverseCancellation - 0.00501 (ms)
2026-07-02 08:40:50,558 [INFO] Pass: ContractIdleWiresInControlFlow - 0.00238 (ms)
2026-07-02 08:40:50,558 [INFO] Pass: CommutativeCancellation - 0.05817 (ms)
2026-07-02 08:40:50,558 [INFO] Pass: ConsolidateBlocks - 0.05436 (ms)
2026-07-02 08:40:50,558 [INFO] Pass: Split2QUnitaries - 0.00381 (ms)
2026-07-02 08:40:50,559 [INFO] Pass: UnitarySynthesis - 0.00501 (ms)
2026-07-02 08:40:50,559 [INFO] Pass: HighLevelSynthesis - 0.02265 (ms)
2026-07-02 08:40:50,559 [INFO] Pass: BasisTranslator - 0.06461 (ms)
2026-07-02 08:40:50,559 [INFO] Pass: ConsolidateBlocks - 0.04792 (ms)
2026-07-02 08:40:50,559 [INFO] Pass: UnitarySynthesis - 0.00405 (ms)
2026-07-02 08:40:50,559 [INFO] Pass: Depth - 0.01931 (ms)
2026-07-02 08:40:50,559 [INFO] Pass: FixedPoint - 0.00453 (ms)
2026-07-02 08:40:50,559 [INFO] Pass: Size - 0.00358 (ms)
2026-07-02 08:40:50,559 [INFO] Pass: FixedPoint - 0.00310 (ms)
2026-07-02 08:40:50,559 [INFO] Pass: RemoveIdentityEquivalent - 0.00310 (ms)
2026-07-02 08:40:50,559 [INFO] Pass: Optimize1qGatesDecomposition - 0.03147 (ms)
2026-07-02 08:40:50,559 [INFO] Pass: CommutativeCancellation - 0.07439 (ms)
2026-07-02 08:40:50,559 [INFO] Pass: ContractIdleWiresInControlFlow - 0.00215 (ms)
2026-07-02 08:40:50,559 [INFO] Pass: GatesInBasis - 0.01931 (ms)
2026-07-02 08:40:50,559 [INFO] Pass: Depth - 0.01788 (ms)
2026-07-02 08:40:50,559 [INFO] Pass: FixedPoint - 0.00358 (ms)
2026-07-02 08:40:50,559 [INFO] Pass: Size - 0.00215 (ms)
2026-07-02 08:40:50,559 [INFO] Pass: FixedPoint - 0.00262 (ms)
2026-07-02 08:40:50,559 [INFO] Pass: ContainsInstruction - 0.00453 (ms)
2026-07-02 08:40:50,560 [INFO] Total Transpile Time - 92.82351 (ms)
2026-07-02 08:40:50,650 [INFO] Pass: ContainsInstruction - 0.01216 (ms)
2026-07-02 08:40:50,651 [INFO] Pass: UnitarySynthesis - 0.00739 (ms)
2026-07-02 08:40:50,651 [INFO] Pass: HighLevelSynthesis - 0.00620 (ms)
2026-07-02 08:40:50,651 [INFO] Pass: BasisTranslator - 0.07153 (ms)
2026-07-02 08:40:50,651 [INFO] Pass: ElidePermutations - 0.00477 (ms)
2026-07-02 08:40:50,651 [INFO] Pass: RemoveDiagonalGatesBeforeMeasure - 0.00644 (ms)
2026-07-02 08:40:50,651 [INFO] Pass: RemoveIdentityEquivalent - 0.00715 (ms)
2026-07-02 08:40:50,651 [INFO] Pass: InverseCancellation - 0.02503 (ms)
2026-07-02 08:40:50,651 [INFO] Pass: ContractIdleWiresInControlFlow - 0.00262 (ms)
2026-07-02 08:40:50,651 [INFO] Pass: CommutativeCancellation - 0.07415 (ms)
2026-07-02 08:40:50,651 [INFO] Pass: ConsolidateBlocks - 0.04411 (ms)
2026-07-02 08:40:50,651 [INFO] Pass: Split2QUnitaries - 0.00453 (ms)
2026-07-02 08:40:50,651 [INFO] Pass: UnitarySynthesis - 0.00548 (ms)
2026-07-02 08:40:50,651 [INFO] Pass: HighLevelSynthesis - 0.02599 (ms)
2026-07-02 08:40:50,651 [INFO] Pass: BasisTranslator - 0.06652 (ms)
2026-07-02 08:40:50,651 [INFO] Pass: ConsolidateBlocks - 0.04816 (ms)
2026-07-02 08:40:50,651 [INFO] Pass: UnitarySynthesis - 0.00453 (ms)
2026-07-02 08:40:50,651 [INFO] Pass: Depth - 0.02360 (ms)
2026-07-02 08:40:50,651 [INFO] Pass: FixedPoint - 0.00501 (ms)
2026-07-02 08:40:50,651 [INFO] Pass: Size - 0.00381 (ms)
2026-07-02 08:40:50,652 [INFO] Pass: FixedPoint - 0.00286 (ms)
2026-07-02 08:40:50,652 [INFO] Pass: RemoveIdentityEquivalent - 0.00477 (ms)
2026-07-02 08:40:50,652 [INFO] Pass: Optimize1qGatesDecomposition - 0.17023 (ms)
2026-07-02 08:40:50,652 [INFO] Pass: CommutativeCancellation - 0.09084 (ms)
2026-07-02 08:40:50,652 [INFO] Pass: ContractIdleWiresInControlFlow - 0.00215 (ms)
2026-07-02 08:40:50,652 [INFO] Pass: GatesInBasis - 0.02050 (ms)
2026-07-02 08:40:50,652 [INFO] Pass: Depth - 0.01979 (ms)
2026-07-02 08:40:50,652 [INFO] Pass: FixedPoint - 0.00358 (ms)
2026-07-02 08:40:50,652 [INFO] Pass: Size - 0.00238 (ms)
2026-07-02 08:40:50,652 [INFO] Pass: FixedPoint - 0.00310 (ms)
2026-07-02 08:40:50,652 [INFO] Pass: ContainsInstruction - 0.00501 (ms)
2026-07-02 08:40:50,652 [INFO] Total Transpile Time - 92.28849 (ms)
2026-07-02 08:40:50,746 [INFO] Pass: ContainsInstruction - 0.01431 (ms)
2026-07-02 08:40:50,746 [INFO] Pass: UnitarySynthesis - 0.00882 (ms)
2026-07-02 08:40:50,746 [INFO] Pass: HighLevelSynthesis - 0.00644 (ms)
2026-07-02 08:40:50,746 [INFO] Pass: BasisTranslator - 0.07677 (ms)
2026-07-02 08:40:50,746 [INFO] Pass: ElidePermutations - 0.00548 (ms)
2026-07-02 08:40:50,746 [INFO] Pass: RemoveDiagonalGatesBeforeMeasure - 0.00691 (ms)
2026-07-02 08:40:50,746 [INFO] Pass: RemoveIdentityEquivalent - 0.00882 (ms)
2026-07-02 08:40:50,746 [INFO] Pass: InverseCancellation - 0.02527 (ms)
2026-07-02 08:40:50,746 [INFO] Pass: ContractIdleWiresInControlFlow - 0.00238 (ms)
2026-07-02 08:40:50,746 [INFO] Pass: CommutativeCancellation - 0.07558 (ms)
2026-07-02 08:40:50,746 [INFO] Pass: ConsolidateBlocks - 0.04649 (ms)
2026-07-02 08:40:50,746 [INFO] Pass: Split2QUnitaries - 0.00381 (ms)
2026-07-02 08:40:50,746 [INFO] Pass: UnitarySynthesis - 0.00668 (ms)
2026-07-02 08:40:50,747 [INFO] Pass: HighLevelSynthesis - 0.02718 (ms)
2026-07-02 08:40:50,747 [INFO] Pass: BasisTranslator - 0.07129 (ms)
2026-07-02 08:40:50,747 [INFO] Pass: ConsolidateBlocks - 0.05579 (ms)
2026-07-02 08:40:50,747 [INFO] Pass: UnitarySynthesis - 0.00548 (ms)
2026-07-02 08:40:50,747 [INFO] Pass: Depth - 0.02456 (ms)
2026-07-02 08:40:50,747 [INFO] Pass: FixedPoint - 0.00548 (ms)
2026-07-02 08:40:50,747 [INFO] Pass: Size - 0.00358 (ms)
2026-07-02 08:40:50,747 [INFO] Pass: FixedPoint - 0.00262 (ms)
2026-07-02 08:40:50,747 [INFO] Pass: RemoveIdentityEquivalent - 0.00644 (ms)
2026-07-02 08:40:50,747 [INFO] Pass: Optimize1qGatesDecomposition - 0.19979 (ms)
2026-07-02 08:40:50,747 [INFO] Pass: CommutativeCancellation - 0.08416 (ms)
2026-07-02 08:40:50,747 [INFO] Pass: ContractIdleWiresInControlFlow - 0.00191 (ms)
2026-07-02 08:40:50,747 [INFO] Pass: GatesInBasis - 0.02074 (ms)
2026-07-02 08:40:50,747 [INFO] Pass: Depth - 0.02170 (ms)
2026-07-02 08:40:50,747 [INFO] Pass: FixedPoint - 0.00358 (ms)
2026-07-02 08:40:50,747 [INFO] Pass: Size - 0.00238 (ms)
2026-07-02 08:40:50,747 [INFO] Pass: FixedPoint - 0.00334 (ms)
2026-07-02 08:40:50,747 [INFO] Pass: RemoveIdentityEquivalent - 0.00525 (ms)
2026-07-02 08:40:50,748 [INFO] Pass: Optimize1qGatesDecomposition - 0.15211 (ms)
2026-07-02 08:40:50,748 [INFO] Pass: CommutativeCancellation - 0.07463 (ms)
2026-07-02 08:40:50,748 [INFO] Pass: ContractIdleWiresInControlFlow - 0.00167 (ms)
2026-07-02 08:40:50,748 [INFO] Pass: GatesInBasis - 0.01764 (ms)
2026-07-02 08:40:50,748 [INFO] Pass: Depth - 0.01907 (ms)
2026-07-02 08:40:50,748 [INFO] Pass: FixedPoint - 0.00358 (ms)
2026-07-02 08:40:50,748 [INFO] Pass: Size - 0.00238 (ms)
2026-07-02 08:40:50,748 [INFO] Pass: FixedPoint - 0.00286 (ms)
2026-07-02 08:40:50,748 [INFO] Pass: ContainsInstruction - 0.00596 (ms)
2026-07-02 08:40:50,748 [INFO] Total Transpile Time - 95.30258 (ms)
2026-07-02 08:54:20,613 [INFO] Pass: ContainsInstruction - 0.01216 (ms)
2026-07-02 08:54:20,613 [INFO] Pass: UnitarySynthesis - 0.00882 (ms)
2026-07-02 08:54:20,613 [INFO] Pass: HighLevelSynthesis - 0.00668 (ms)
2026-07-02 08:54:20,613 [INFO] Pass: BasisTranslator - 0.07463 (ms)
2026-07-02 08:54:20,613 [INFO] Pass: ElidePermutations - 0.00525 (ms)
2026-07-02 08:54:20,613 [INFO] Pass: RemoveDiagonalGatesBeforeMeasure - 0.00691 (ms)
2026-07-02 08:54:20,613 [INFO] Pass: RemoveIdentityEquivalent - 0.00429 (ms)
2026-07-02 08:54:20,613 [INFO] Pass: InverseCancellation - 0.00596 (ms)
2026-07-02 08:54:20,613 [INFO] Pass: ContractIdleWiresInControlFlow - 0.00238 (ms)
2026-07-02 08:54:20,613 [INFO] Pass: CommutativeCancellation - 0.07033 (ms)
2026-07-02 08:54:20,614 [INFO] Pass: ConsolidateBlocks - 0.04220 (ms)
2026-07-02 08:54:20,614 [INFO] Pass: Split2QUnitaries - 0.00381 (ms)
2026-07-02 08:54:20,614 [INFO] Pass: UnitarySynthesis - 0.00548 (ms)
2026-07-02 08:54:20,614 [INFO] Pass: HighLevelSynthesis - 0.02146 (ms)
2026-07-02 08:54:20,614 [INFO] Pass: BasisTranslator - 0.06652 (ms)
2026-07-02 08:54:20,614 [INFO] Pass: ConsolidateBlocks - 0.04816 (ms)
2026-07-02 08:54:20,614 [INFO] Pass: UnitarySynthesis - 0.00429 (ms)
2026-07-02 08:54:20,614 [INFO] Pass: Depth - 0.01979 (ms)
2026-07-02 08:54:20,614 [INFO] Pass: FixedPoint - 0.00501 (ms)
2026-07-02 08:54:20,614 [INFO] Pass: Size - 0.00334 (ms)
2026-07-02 08:54:20,614 [INFO] Pass: FixedPoint - 0.00286 (ms)
2026-07-02 08:54:20,614 [INFO] Pass: RemoveIdentityEquivalent - 0.00334 (ms)
2026-07-02 08:54:20,614 [INFO] Pass: Optimize1qGatesDecomposition - 0.03219 (ms)
2026-07-02 08:54:20,614 [INFO] Pass: CommutativeCancellation - 0.07439 (ms)
2026-07-02 08:54:20,614 [INFO] Pass: ContractIdleWiresInControlFlow - 0.00167 (ms)
2026-07-02 08:54:20,614 [INFO] Pass: GatesInBasis - 0.01884 (ms)
2026-07-02 08:54:20,614 [INFO] Pass: Depth - 0.01550 (ms)
2026-07-02 08:54:20,614 [INFO] Pass: FixedPoint - 0.00358 (ms)
2026-07-02 08:54:20,614 [INFO] Pass: Size - 0.00167 (ms)
2026-07-02 08:54:20,614 [INFO] Pass: FixedPoint - 0.00286 (ms)
2026-07-02 08:54:20,614 [INFO] Pass: ContainsInstruction - 0.00477 (ms)
2026-07-02 08:54:20,615 [INFO] Total Transpile Time - 91.15410 (ms)
2026-07-02 08:54:20,705 [INFO] Pass: ContainsInstruction - 0.01240 (ms)
2026-07-02 08:54:20,705 [INFO] Pass: UnitarySynthesis - 0.00787 (ms)
2026-07-02 08:54:20,705 [INFO] Pass: HighLevelSynthesis - 0.00620 (ms)
2026-07-02 08:54:20,705 [INFO] Pass: BasisTranslator - 0.07081 (ms)
2026-07-02 08:54:20,705 [INFO] Pass: ElidePermutations - 0.00525 (ms)
2026-07-02 08:54:20,705 [INFO] Pass: RemoveDiagonalGatesBeforeMeasure - 0.00668 (ms)
2026-07-02 08:54:20,705 [INFO] Pass: RemoveIdentityEquivalent - 0.00715 (ms)
2026-07-02 08:54:20,705 [INFO] Pass: InverseCancellation - 0.02623 (ms)
2026-07-02 08:54:20,705 [INFO] Pass: ContractIdleWiresInControlFlow - 0.00262 (ms)
2026-07-02 08:54:20,705 [INFO] Pass: CommutativeCancellation - 0.07463 (ms)
2026-07-02 08:54:20,705 [INFO] Pass: ConsolidateBlocks - 0.04315 (ms)
2026-07-02 08:54:20,705 [INFO] Pass: Split2QUnitaries - 0.00381 (ms)
2026-07-02 08:54:20,705 [INFO] Pass: UnitarySynthesis - 0.00572 (ms)
2026-07-02 08:54:20,706 [INFO] Pass: HighLevelSynthesis - 0.02432 (ms)
2026-07-02 08:54:20,706 [INFO] Pass: BasisTranslator - 0.06771 (ms)
2026-07-02 08:54:20,706 [INFO] Pass: ConsolidateBlocks - 0.05078 (ms)
2026-07-02 08:54:20,706 [INFO] Pass: UnitarySynthesis - 0.00477 (ms)
2026-07-02 08:54:20,706 [INFO] Pass: Depth - 0.02193 (ms)
2026-07-02 08:54:20,706 [INFO] Pass: FixedPoint - 0.00548 (ms)
2026-07-02 08:54:20,706 [INFO] Pass: Size - 0.00381 (ms)
2026-07-02 08:54:20,706 [INFO] Pass: FixedPoint - 0.00262 (ms)
2026-07-02 08:54:20,706 [INFO] Pass: RemoveIdentityEquivalent - 0.00477 (ms)
2026-07-02 08:54:20,706 [INFO] Pass: Optimize1qGatesDecomposition - 0.16189 (ms)
2026-07-02 08:54:20,706 [INFO] Pass: CommutativeCancellation - 0.09203 (ms)
2026-07-02 08:54:20,706 [INFO] Pass: ContractIdleWiresInControlFlow - 0.00215 (ms)
2026-07-02 08:54:20,706 [INFO] Pass: GatesInBasis - 0.02003 (ms)
2026-07-02 08:54:20,706 [INFO] Pass: Depth - 0.02027 (ms)
2026-07-02 08:54:20,706 [INFO] Pass: FixedPoint - 0.00358 (ms)
2026-07-02 08:54:20,706 [INFO] Pass: Size - 0.00238 (ms)
2026-07-02 08:54:20,706 [INFO] Pass: FixedPoint - 0.00310 (ms)
2026-07-02 08:54:20,706 [INFO] Pass: ContainsInstruction - 0.00548 (ms)
2026-07-02 08:54:20,707 [INFO] Total Transpile Time - 91.45212 (ms)
2026-07-02 08:54:20,798 [INFO] Pass: ContainsInstruction - 0.01192 (ms)
2026-07-02 08:54:20,798 [INFO] Pass: UnitarySynthesis - 0.00787 (ms)
2026-07-02 08:54:20,798 [INFO] Pass: HighLevelSynthesis - 0.00596 (ms)
2026-07-02 08:54:20,799 [INFO] Pass: BasisTranslator - 0.06700 (ms)
2026-07-02 08:54:20,799 [INFO] Pass: ElidePermutations - 0.00429 (ms)
2026-07-02 08:54:20,799 [INFO] Pass: RemoveDiagonalGatesBeforeMeasure - 0.00691 (ms)
2026-07-02 08:54:20,799 [INFO] Pass: RemoveIdentityEquivalent - 0.00834 (ms)
2026-07-02 08:54:20,799 [INFO] Pass: InverseCancellation - 0.02503 (ms)
2026-07-02 08:54:20,799 [INFO] Pass: ContractIdleWiresInControlFlow - 0.00262 (ms)
2026-07-02 08:54:20,799 [INFO] Pass: CommutativeCancellation - 0.07153 (ms)
2026-07-02 08:54:20,799 [INFO] Pass: ConsolidateBlocks - 0.04244 (ms)
2026-07-02 08:54:20,799 [INFO] Pass: Split2QUnitaries - 0.00334 (ms)
2026-07-02 08:54:20,799 [INFO] Pass: UnitarySynthesis - 0.00596 (ms)
2026-07-02 08:54:20,799 [INFO] Pass: HighLevelSynthesis - 0.02646 (ms)
2026-07-02 08:54:20,799 [INFO] Pass: BasisTranslator - 0.07010 (ms)
2026-07-02 08:54:20,799 [INFO] Pass: ConsolidateBlocks - 0.04959 (ms)
2026-07-02 08:54:20,799 [INFO] Pass: UnitarySynthesis - 0.00429 (ms)
2026-07-02 08:54:20,799 [INFO] Pass: Depth - 0.02170 (ms)
2026-07-02 08:54:20,799 [INFO] Pass: FixedPoint - 0.00501 (ms)
2026-07-02 08:54:20,799 [INFO] Pass: Size - 0.00334 (ms)
2026-07-02 08:54:20,799 [INFO] Pass: FixedPoint - 0.00286 (ms)
2026-07-02 08:54:20,799 [INFO] Pass: RemoveIdentityEquivalent - 0.00596 (ms)
2026-07-02 08:54:20,800 [INFO] Pass: Optimize1qGatesDecomposition - 0.18501 (ms)
2026-07-02 08:54:20,800 [INFO] Pass: CommutativeCancellation - 0.08488 (ms)
2026-07-02 08:54:20,800 [INFO] Pass: ContractIdleWiresInControlFlow - 0.00167 (ms)
2026-07-02 08:54:20,800 [INFO] Pass: GatesInBasis - 0.02074 (ms)
2026-07-02 08:54:20,800 [INFO] Pass: Depth - 0.01979 (ms)
2026-07-02 08:54:20,800 [INFO] Pass: FixedPoint - 0.00358 (ms)
2026-07-02 08:54:20,800 [INFO] Pass: Size - 0.00238 (ms)
2026-07-02 08:54:20,800 [INFO] Pass: FixedPoint - 0.00262 (ms)
2026-07-02 08:54:20,800 [INFO] Pass: RemoveIdentityEquivalent - 0.00548 (ms)
2026-07-02 08:54:20,800 [INFO] Pass: Optimize1qGatesDecomposition - 0.14067 (ms)
2026-07-02 08:54:20,800 [INFO] Pass: CommutativeCancellation - 0.07200 (ms)
2026-07-02 08:54:20,800 [INFO] Pass: ContractIdleWiresInControlFlow - 0.00143 (ms)
2026-07-02 08:54:20,800 [INFO] Pass: GatesInBasis - 0.01693 (ms)
2026-07-02 08:54:20,800 [INFO] Pass: Depth - 0.01788 (ms)
2026-07-02 08:54:20,800 [INFO] Pass: FixedPoint - 0.00358 (ms)
2026-07-02 08:54:20,800 [INFO] Pass: Size - 0.00215 (ms)
2026-07-02 08:54:20,800 [INFO] Pass: FixedPoint - 0.00286 (ms)
2026-07-02 08:54:20,800 [INFO] Pass: ContainsInstruction - 0.00668 (ms)
2026-07-02 08:54:20,801 [INFO] Total Transpile Time - 93.33801 (ms)
2026-07-02 09:07:41,158 [INFO] Pass: ContainsInstruction - 0.01311 (ms)
2026-07-02 09:07:41,158 [INFO] Pass: UnitarySynthesis - 0.00834 (ms)
2026-07-02 09:07:41,158 [INFO] Pass: HighLevelSynthesis - 0.00572 (ms)
2026-07-02 09:07:41,158 [INFO] Pass: BasisTranslator - 0.07033 (ms)
2026-07-02 09:07:41,158 [INFO] Pass: ElidePermutations - 0.00548 (ms)
2026-07-02 09:07:41,158 [INFO] Pass: RemoveDiagonalGatesBeforeMeasure - 0.00691 (ms)
2026-07-02 09:07:41,158 [INFO] Pass: RemoveIdentityEquivalent - 0.00501 (ms)
2026-07-02 09:07:41,158 [INFO] Pass: InverseCancellation - 0.00525 (ms)
2026-07-02 09:07:41,158 [INFO] Pass: ContractIdleWiresInControlFlow - 0.00215 (ms)
2026-07-02 09:07:41,158 [INFO] Pass: CommutativeCancellation - 0.06247 (ms)
2026-07-02 09:07:41,158 [INFO] Pass: ConsolidateBlocks - 0.04315 (ms)
2026-07-02 09:07:41,159 [INFO] Pass: Split2QUnitaries - 0.00358 (ms)
2026-07-02 09:07:41,159 [INFO] Pass: UnitarySynthesis - 0.00525 (ms)
2026-07-02 09:07:41,159 [INFO] Pass: HighLevelSynthesis - 0.02241 (ms)
2026-07-02 09:07:41,159 [INFO] Pass: BasisTranslator - 0.07057 (ms)
2026-07-02 09:07:41,159 [INFO] Pass: ConsolidateBlocks - 0.04697 (ms)
2026-07-02 09:07:41,159 [INFO] Pass: UnitarySynthesis - 0.00453 (ms)
2026-07-02 09:07:41,159 [INFO] Pass: Depth - 0.02146 (ms)
2026-07-02 09:07:41,159 [INFO] Pass: FixedPoint - 0.00525 (ms)
2026-07-02 09:07:41,159 [INFO] Pass: Size - 0.00334 (ms)
2026-07-02 09:07:41,159 [INFO] Pass: FixedPoint - 0.00262 (ms)
2026-07-02 09:07:41,159 [INFO] Pass: RemoveIdentityEquivalent - 0.00310 (ms)
2026-07-02 09:07:41,159 [INFO] Pass: Optimize1qGatesDecomposition - 0.03409 (ms)
2026-07-02 09:07:41,159 [INFO] Pass: CommutativeCancellation - 0.07391 (ms)
2026-07-02 09:07:41,159 [INFO] Pass: ContractIdleWiresInControlFlow - 0.00191 (ms)
2026-07-02 09:07:41,159 [INFO] Pass: GatesInBasis - 0.01907 (ms)
2026-07-02 09:07:41,159 [INFO] Pass: Depth - 0.01621 (ms)
2026-07-02 09:07:41,159 [INFO] Pass: FixedPoint - 0.00358 (ms)
2026-07-02 09:07:41,159 [INFO] Pass: Size - 0.00215 (ms)
2026-07-02 09:07:41,159 [INFO] Pass: FixedPoint - 0.00286 (ms)
2026-07-02 09:07:41,159 [INFO] Pass: ContainsInstruction - 0.00501 (ms)
2026-07-02 09:07:41,160 [INFO] Total Transpile Time - 93.44292 (ms)
2026-07-02 09:07:41,251 [INFO] Pass: ContainsInstruction - 0.01216 (ms)
2026-07-02 09:07:41,251 [INFO] Pass: UnitarySynthesis - 0.00787 (ms)
2026-07-02 09:07:41,251 [INFO] Pass: HighLevelSynthesis - 0.00691 (ms)
2026-07-02 09:07:41,251 [INFO] Pass: BasisTranslator - 0.07415 (ms)
2026-07-02 09:07:41,251 [INFO] Pass: ElidePermutations - 0.00501 (ms)
2026-07-02 09:07:41,251 [INFO] Pass: RemoveDiagonalGatesBeforeMeasure - 0.00691 (ms)
2026-07-02 09:07:41,251 [INFO] Pass: RemoveIdentityEquivalent - 0.00811 (ms)
2026-07-02 09:07:41,251 [INFO] Pass: InverseCancellation - 0.02360 (ms)
2026-07-02 09:07:41,251 [INFO] Pass: ContractIdleWiresInControlFlow - 0.00238 (ms)
2026-07-02 09:07:41,251 [INFO] Pass: CommutativeCancellation - 0.07200 (ms)
2026-07-02 09:07:41,251 [INFO] Pass: ConsolidateBlocks - 0.04244 (ms)
2026-07-02 09:07:41,251 [INFO] Pass: Split2QUnitaries - 0.00453 (ms)
2026-07-02 09:07:41,251 [INFO] Pass: UnitarySynthesis - 0.00525 (ms)
2026-07-02 09:07:41,251 [INFO] Pass: HighLevelSynthesis - 0.02503 (ms)
2026-07-02 09:07:41,251 [INFO] Pass: BasisTranslator - 0.07820 (ms)
2026-07-02 09:07:41,252 [INFO] Pass: ConsolidateBlocks - 0.05245 (ms)
2026-07-02 09:07:41,252 [INFO] Pass: UnitarySynthesis - 0.00477 (ms)
2026-07-02 09:07:41,252 [INFO] Pass: Depth - 0.02360 (ms)
2026-07-02 09:07:41,252 [INFO] Pass: FixedPoint - 0.00525 (ms)
2026-07-02 09:07:41,252 [INFO] Pass: Size - 0.00381 (ms)
2026-07-02 09:07:41,252 [INFO] Pass: FixedPoint - 0.00310 (ms)
2026-07-02 09:07:41,252 [INFO] Pass: RemoveIdentityEquivalent - 0.00501 (ms)
2026-07-02 09:07:41,252 [INFO] Pass: Optimize1qGatesDecomposition - 0.17381 (ms)
2026-07-02 09:07:41,252 [INFO] Pass: CommutativeCancellation - 0.09036 (ms)
2026-07-02 09:07:41,252 [INFO] Pass: ContractIdleWiresInControlFlow - 0.00215 (ms)
2026-07-02 09:07:41,252 [INFO] Pass: GatesInBasis - 0.02003 (ms)
2026-07-02 09:07:41,252 [INFO] Pass: Depth - 0.02170 (ms)
2026-07-02 09:07:41,252 [INFO] Pass: FixedPoint - 0.00405 (ms)
2026-07-02 09:07:41,252 [INFO] Pass: Size - 0.00215 (ms)
2026-07-02 09:07:41,252 [INFO] Pass: FixedPoint - 0.00262 (ms)
2026-07-02 09:07:41,252 [INFO] Pass: ContainsInstruction - 0.00501 (ms)
2026-07-02 09:07:41,253 [INFO] Total Transpile Time - 92.45133 (ms)
2026-07-02 09:07:41,344 [INFO] Pass: ContainsInstruction - 0.01192 (ms)
2026-07-02 09:07:41,344 [INFO] Pass: UnitarySynthesis - 0.00763 (ms)
2026-07-02 09:07:41,344 [INFO] Pass: HighLevelSynthesis - 0.00572 (ms)
2026-07-02 09:07:41,344 [INFO] Pass: BasisTranslator - 0.07558 (ms)
2026-07-02 09:07:41,344 [INFO] Pass: ElidePermutations - 0.00525 (ms)
2026-07-02 09:07:41,345 [INFO] Pass: RemoveDiagonalGatesBeforeMeasure - 0.00691 (ms)
2026-07-02 09:07:41,345 [INFO] Pass: RemoveIdentityEquivalent - 0.00858 (ms)
2026-07-02 09:07:41,345 [INFO] Pass: InverseCancellation - 0.02432 (ms)
2026-07-02 09:07:41,345 [INFO] Pass: ContractIdleWiresInControlFlow - 0.00191 (ms)
2026-07-02 09:07:41,345 [INFO] Pass: CommutativeCancellation - 0.06819 (ms)
2026-07-02 09:07:41,345 [INFO] Pass: ConsolidateBlocks - 0.04435 (ms)
2026-07-02 09:07:41,345 [INFO] Pass: Split2QUnitaries - 0.00381 (ms)
2026-07-02 09:07:41,345 [INFO] Pass: UnitarySynthesis - 0.00620 (ms)
2026-07-02 09:07:41,345 [INFO] Pass: HighLevelSynthesis - 0.02599 (ms)
2026-07-02 09:07:41,345 [INFO] Pass: BasisTranslator - 0.07391 (ms)
2026-07-02 09:07:41,345 [INFO] Pass: ConsolidateBlocks - 0.05484 (ms)
2026-07-02 09:07:41,345 [INFO] Pass: UnitarySynthesis - 0.00477 (ms)
2026-07-02 09:07:41,345 [INFO] Pass: Depth - 0.02480 (ms)
2026-07-02 09:07:41,345 [INFO] Pass: FixedPoint - 0.00477 (ms)
2026-07-02 09:07:41,345 [INFO] Pass: Size - 0.00405 (ms)
2026-07-02 09:07:41,345 [INFO] Pass: FixedPoint - 0.00286 (ms)
2026-07-02 09:07:41,345 [INFO] Pass: RemoveIdentityEquivalent - 0.00644 (ms)
2026-07-02 09:07:41,345 [INFO] Pass: Optimize1qGatesDecomposition - 0.18859 (ms)
2026-07-02 09:07:41,346 [INFO] Pass: CommutativeCancellation - 0.08416 (ms)
2026-07-02 09:07:41,346 [INFO] Pass: ContractIdleWiresInControlFlow - 0.00215 (ms)
2026-07-02 09:07:41,346 [INFO] Pass: GatesInBasis - 0.02050 (ms)
2026-07-02 09:07:41,346 [INFO] Pass: Depth - 0.02122 (ms)
2026-07-02 09:07:41,346 [INFO] Pass: FixedPoint - 0.00358 (ms)
2026-07-02 09:07:41,346 [INFO] Pass: Size - 0.00238 (ms)
2026-07-02 09:07:41,346 [INFO] Pass: FixedPoint - 0.00286 (ms)
2026-07-02 09:07:41,346 [INFO] Pass: RemoveIdentityEquivalent - 0.00548 (ms)
2026-07-02 09:07:41,346 [INFO] Pass: Optimize1qGatesDecomposition - 0.15044 (ms)
2026-07-02 09:07:41,346 [INFO] Pass: CommutativeCancellation - 0.07200 (ms)
2026-07-02 09:07:41,346 [INFO] Pass: ContractIdleWiresInControlFlow - 0.00167 (ms)
2026-07-02 09:07:41,346 [INFO] Pass: GatesInBasis - 0.01764 (ms)
2026-07-02 09:07:41,346 [INFO] Pass: Depth - 0.01884 (ms)
2026-07-02 09:07:41,346 [INFO] Pass: FixedPoint - 0.00334 (ms)
2026-07-02 09:07:41,346 [INFO] Pass: Size - 0.00238 (ms)
2026-07-02 09:07:41,346 [INFO] Pass: FixedPoint - 0.00310 (ms)
2026-07-02 09:07:41,346 [INFO] Pass: ContainsInstruction - 0.00596 (ms)
2026-07-02 09:07:41,347 [INFO] Total Transpile Time - 93.38999 (ms)
2026-07-02 09:21:10,952 [INFO] Pass: ContainsInstruction - 0.01216 (ms)
2026-07-02 09:21:10,952 [INFO] Pass: UnitarySynthesis - 0.00811 (ms)
2026-07-02 09:21:10,952 [INFO] Pass: HighLevelSynthesis - 0.00691 (ms)
2026-07-02 09:21:10,952 [INFO] Pass: BasisTranslator - 0.07248 (ms)
2026-07-02 09:21:10,952 [INFO] Pass: ElidePermutations - 0.00572 (ms)
2026-07-02 09:21:10,952 [INFO] Pass: RemoveDiagonalGatesBeforeMeasure - 0.00763 (ms)
2026-07-02 09:21:10,952 [INFO] Pass: RemoveIdentityEquivalent - 0.00477 (ms)
2026-07-02 09:21:10,952 [INFO] Pass: InverseCancellation - 0.00572 (ms)
2026-07-02 09:21:10,952 [INFO] Pass: ContractIdleWiresInControlFlow - 0.00238 (ms)
2026-07-02 09:21:10,952 [INFO] Pass: CommutativeCancellation - 0.06151 (ms)
2026-07-02 09:21:10,952 [INFO] Pass: ConsolidateBlocks - 0.04363 (ms)
2026-07-02 09:21:10,952 [INFO] Pass: Split2QUnitaries - 0.00358 (ms)
2026-07-02 09:21:10,952 [INFO] Pass: UnitarySynthesis - 0.00501 (ms)
2026-07-02 09:21:10,952 [INFO] Pass: HighLevelSynthesis - 0.02337 (ms)
2026-07-02 09:21:10,952 [INFO] Pass: BasisTranslator - 0.07081 (ms)
2026-07-02 09:21:10,953 [INFO] Pass: ConsolidateBlocks - 0.04888 (ms)
2026-07-02 09:21:10,953 [INFO] Pass: UnitarySynthesis - 0.00453 (ms)
2026-07-02 09:21:10,953 [INFO] Pass: Depth - 0.02050 (ms)
2026-07-02 09:21:10,953 [INFO] Pass: FixedPoint - 0.00596 (ms)
2026-07-02 09:21:10,953 [INFO] Pass: Size - 0.00358 (ms)
2026-07-02 09:21:10,953 [INFO] Pass: FixedPoint - 0.00286 (ms)
2026-07-02 09:21:10,953 [INFO] Pass: RemoveIdentityEquivalent - 0.00262 (ms)
2026-07-02 09:21:10,953 [INFO] Pass: Optimize1qGatesDecomposition - 0.03314 (ms)
2026-07-02 09:21:10,953 [INFO] Pass: CommutativeCancellation - 0.07319 (ms)
2026-07-02 09:21:10,953 [INFO] Pass: ContractIdleWiresInControlFlow - 0.00215 (ms)
2026-07-02 09:21:10,953 [INFO] Pass: GatesInBasis - 0.01955 (ms)
2026-07-02 09:21:10,953 [INFO] Pass: Depth - 0.01812 (ms)
2026-07-02 09:21:10,953 [INFO] Pass: FixedPoint - 0.00358 (ms)
2026-07-02 09:21:10,953 [INFO] Pass: Size - 0.00191 (ms)
2026-07-02 09:21:10,953 [INFO] Pass: FixedPoint - 0.00238 (ms)
2026-07-02 09:21:10,953 [INFO] Pass: ContainsInstruction - 0.00477 (ms)
2026-07-02 09:21:10,953 [INFO] Total Transpile Time - 92.29779 (ms)
2026-07-02 09:21:11,044 [INFO] Pass: ContainsInstruction - 0.01216 (ms)
2026-07-02 09:21:11,045 [INFO] Pass: UnitarySynthesis - 0.00787 (ms)
2026-07-02 09:21:11,045 [INFO] Pass: HighLevelSynthesis - 0.00620 (ms)
2026-07-02 09:21:11,045 [INFO] Pass: BasisTranslator - 0.06676 (ms)
2026-07-02 09:21:11,045 [INFO] Pass: ElidePermutations - 0.00501 (ms)
2026-07-02 09:21:11,045 [INFO] Pass: RemoveDiagonalGatesBeforeMeasure - 0.00668 (ms)
2026-07-02 09:21:11,045 [INFO] Pass: RemoveIdentityEquivalent - 0.00763 (ms)
2026-07-02 09:21:11,045 [INFO] Pass: InverseCancellation - 0.02337 (ms)
2026-07-02 09:21:11,045 [INFO] Pass: ContractIdleWiresInControlFlow - 0.00238 (ms)
2026-07-02 09:21:11,045 [INFO] Pass: CommutativeCancellation - 0.07296 (ms)
2026-07-02 09:21:11,045 [INFO] Pass: ConsolidateBlocks - 0.04172 (ms)
2026-07-02 09:21:11,045 [INFO] Pass: Split2QUnitaries - 0.00334 (ms)
2026-07-02 09:21:11,045 [INFO] Pass: UnitarySynthesis - 0.00548 (ms)
2026-07-02 09:21:11,045 [INFO] Pass: HighLevelSynthesis - 0.02241 (ms)
2026-07-02 09:21:11,045 [INFO] Pass: BasisTranslator - 0.06747 (ms)
2026-07-02 09:21:11,045 [INFO] Pass: ConsolidateBlocks - 0.05007 (ms)
2026-07-02 09:21:11,045 [INFO] Pass: UnitarySynthesis - 0.00453 (ms)
2026-07-02 09:21:11,045 [INFO] Pass: Depth - 0.02265 (ms)
2026-07-02 09:21:11,045 [INFO] Pass: FixedPoint - 0.00501 (ms)
2026-07-02 09:21:11,045 [INFO] Pass: Size - 0.00334 (ms)
2026-07-02 09:21:11,045 [INFO] Pass: FixedPoint - 0.00286 (ms)
2026-07-02 09:21:11,045 [INFO] Pass: RemoveIdentityEquivalent - 0.00453 (ms)
2026-07-02 09:21:11,046 [INFO] Pass: Optimize1qGatesDecomposition - 0.15855 (ms)
2026-07-02 09:21:11,046 [INFO] Pass: CommutativeCancellation - 0.08798 (ms)
2026-07-02 09:21:11,046 [INFO] Pass: ContractIdleWiresInControlFlow - 0.00143 (ms)
2026-07-02 09:21:11,046 [INFO] Pass: GatesInBasis - 0.02003 (ms)
2026-07-02 09:21:11,046 [INFO] Pass: Depth - 0.02122 (ms)
2026-07-02 09:21:11,046 [INFO] Pass: FixedPoint - 0.00381 (ms)
2026-07-02 09:21:11,046 [INFO] Pass: Size - 0.00262 (ms)
2026-07-02 09:21:11,046 [INFO] Pass: FixedPoint - 0.00286 (ms)
2026-07-02 09:21:11,046 [INFO] Pass: ContainsInstruction - 0.00548 (ms)
2026-07-02 09:21:11,046 [INFO] Total Transpile Time - 92.28611 (ms)
2026-07-02 09:21:11,136 [INFO] Pass: ContainsInstruction - 0.01311 (ms)
2026-07-02 09:21:11,136 [INFO] Pass: UnitarySynthesis - 0.00787 (ms)
2026-07-02 09:21:11,136 [INFO] Pass: HighLevelSynthesis - 0.00691 (ms)
2026-07-02 09:21:11,136 [INFO] Pass: BasisTranslator - 0.07296 (ms)
2026-07-02 09:21:11,136 [INFO] Pass: ElidePermutations - 0.00501 (ms)
2026-07-02 09:21:11,136 [INFO] Pass: RemoveDiagonalGatesBeforeMeasure - 0.00668 (ms)
2026-07-02 09:21:11,136 [INFO] Pass: RemoveIdentityEquivalent - 0.00834 (ms)
2026-07-02 09:21:11,136 [INFO] Pass: InverseCancellation - 0.02575 (ms)
2026-07-02 09:21:11,136 [INFO] Pass: ContractIdleWiresInControlFlow - 0.00262 (ms)
2026-07-02 09:21:11,136 [INFO] Pass: CommutativeCancellation - 0.07224 (ms)
2026-07-02 09:21:11,136 [INFO] Pass: ConsolidateBlocks - 0.04554 (ms)
2026-07-02 09:21:11,137 [INFO] Pass: Split2QUnitaries - 0.00358 (ms)
2026-07-02 09:21:11,137 [INFO] Pass: UnitarySynthesis - 0.00572 (ms)
2026-07-02 09:21:11,137 [INFO] Pass: HighLevelSynthesis - 0.02670 (ms)
2026-07-02 09:21:11,137 [INFO] Pass: BasisTranslator - 0.07129 (ms)
2026-07-02 09:21:11,137 [INFO] Pass: ConsolidateBlocks - 0.05341 (ms)
2026-07-02 09:21:11,137 [INFO] Pass: UnitarySynthesis - 0.00501 (ms)
2026-07-02 09:21:11,137 [INFO] Pass: Depth - 0.01979 (ms)
2026-07-02 09:21:11,137 [INFO] Pass: FixedPoint - 0.00501 (ms)
2026-07-02 09:21:11,137 [INFO] Pass: Size - 0.00405 (ms)
2026-07-02 09:21:11,137 [INFO] Pass: FixedPoint - 0.00310 (ms)
2026-07-02 09:21:11,137 [INFO] Pass: RemoveIdentityEquivalent - 0.00572 (ms)
2026-07-02 09:21:11,137 [INFO] Pass: Optimize1qGatesDecomposition - 0.18668 (ms)
2026-07-02 09:21:11,137 [INFO] Pass: CommutativeCancellation - 0.08082 (ms)
2026-07-02 09:21:11,137 [INFO] Pass: ContractIdleWiresInControlFlow - 0.00191 (ms)
2026-07-02 09:21:11,137 [INFO] Pass: GatesInBasis - 0.01979 (ms)
2026-07-02 09:21:11,137 [INFO] Pass: Depth - 0.02074 (ms)
2026-07-02 09:21:11,137 [INFO] Pass: FixedPoint - 0.00381 (ms)
2026-07-02 09:21:11,137 [INFO] Pass: Size - 0.00262 (ms)
2026-07-02 09:21:11,137 [INFO] Pass: FixedPoint - 0.00286 (ms)
2026-07-02 09:21:11,138 [INFO] Pass: RemoveIdentityEquivalent - 0.00572 (ms)
2026-07-02 09:21:11,138 [INFO] Pass: Optimize1qGatesDecomposition - 0.14377 (ms)
2026-07-02 09:21:11,138 [INFO] Pass: CommutativeCancellation - 0.07176 (ms)
2026-07-02 09:21:11,138 [INFO] Pass: ContractIdleWiresInControlFlow - 0.00191 (ms)
2026-07-02 09:21:11,138 [INFO] Pass: GatesInBasis - 0.01717 (ms)
2026-07-02 09:21:11,138 [INFO] Pass: Depth - 0.01764 (ms)
2026-07-02 09:21:11,138 [INFO] Pass: FixedPoint - 0.00334 (ms)
2026-07-02 09:21:11,138 [INFO] Pass: Size - 0.00191 (ms)
2026-07-02 09:21:11,138 [INFO] Pass: FixedPoint - 0.00238 (ms)
2026-07-02 09:21:11,138 [INFO] Pass: ContainsInstruction - 0.00668 (ms)
2026-07-02 09:21:11,138 [INFO] Total Transpile Time - 91.51459 (ms)
2026-07-02 09:34:28,699 [INFO] Pass: ContainsInstruction - 0.01192 (ms)
2026-07-02 09:34:28,700 [INFO] Pass: UnitarySynthesis - 0.00787 (ms)
2026-07-02 09:34:28,700 [INFO] Pass: HighLevelSynthesis - 0.00596 (ms)
2026-07-02 09:34:28,700 [INFO] Pass: BasisTranslator - 0.07582 (ms)
2026-07-02 09:34:28,700 [INFO] Pass: ElidePermutations - 0.00548 (ms)
2026-07-02 09:34:28,700 [INFO] Pass: RemoveDiagonalGatesBeforeMeasure - 0.00691 (ms)
2026-07-02 09:34:28,700 [INFO] Pass: RemoveIdentityEquivalent - 0.00548 (ms)
2026-07-02 09:34:28,700 [INFO] Pass: InverseCancellation - 0.00453 (ms)
2026-07-02 09:34:28,700 [INFO] Pass: ContractIdleWiresInControlFlow - 0.00215 (ms)
2026-07-02 09:34:28,700 [INFO] Pass: CommutativeCancellation - 0.05913 (ms)
2026-07-02 09:34:28,700 [INFO] Pass: ConsolidateBlocks - 0.04292 (ms)
2026-07-02 09:34:28,700 [INFO] Pass: Split2QUnitaries - 0.00381 (ms)
2026-07-02 09:34:28,700 [INFO] Pass: UnitarySynthesis - 0.00525 (ms)
2026-07-02 09:34:28,700 [INFO] Pass: HighLevelSynthesis - 0.02289 (ms)
2026-07-02 09:34:28,700 [INFO] Pass: BasisTranslator - 0.07153 (ms)
2026-07-02 09:34:28,700 [INFO] Pass: ConsolidateBlocks - 0.04649 (ms)
2026-07-02 09:34:28,700 [INFO] Pass: UnitarySynthesis - 0.00453 (ms)
2026-07-02 09:34:28,700 [INFO] Pass: Depth - 0.01836 (ms)
2026-07-02 09:34:28,700 [INFO] Pass: FixedPoint - 0.00548 (ms)
2026-07-02 09:34:28,700 [INFO] Pass: Size - 0.00358 (ms)
2026-07-02 09:34:28,700 [INFO] Pass: FixedPoint - 0.00286 (ms)
2026-07-02 09:34:28,700 [INFO] Pass: RemoveIdentityEquivalent - 0.00286 (ms)
2026-07-02 09:34:28,700 [INFO] Pass: Optimize1qGatesDecomposition - 0.04363 (ms)
2026-07-02 09:34:28,701 [INFO] Pass: CommutativeCancellation - 0.07415 (ms)
2026-07-02 09:34:28,701 [INFO] Pass: ContractIdleWiresInControlFlow - 0.00191 (ms)
2026-07-02 09:34:28,701 [INFO] Pass: GatesInBasis - 0.01812 (ms)
2026-07-02 09:34:28,701 [INFO] Pass: Depth - 0.01550 (ms)
2026-07-02 09:34:28,701 [INFO] Pass: FixedPoint - 0.00334 (ms)
2026-07-02 09:34:28,701 [INFO] Pass: Size - 0.00215 (ms)
2026-07-02 09:34:28,701 [INFO] Pass: FixedPoint - 0.00286 (ms)
2026-07-02 09:34:28,701 [INFO] Pass: ContainsInstruction - 0.00453 (ms)
2026-07-02 09:34:28,701 [INFO] Total Transpile Time - 93.23144 (ms)
2026-07-02 09:34:28,791 [INFO] Pass: ContainsInstruction - 0.01359 (ms)
2026-07-02 09:34:28,792 [INFO] Pass: UnitarySynthesis - 0.00834 (ms)
2026-07-02 09:34:28,792 [INFO] Pass: HighLevelSynthesis - 0.00644 (ms)
2026-07-02 09:34:28,792 [INFO] Pass: BasisTranslator - 0.07296 (ms)
2026-07-02 09:34:28,792 [INFO] Pass: ElidePermutations - 0.00501 (ms)
2026-07-02 09:34:28,792 [INFO] Pass: RemoveDiagonalGatesBeforeMeasure - 0.00691 (ms)
2026-07-02 09:34:28,792 [INFO] Pass: RemoveIdentityEquivalent - 0.00811 (ms)
2026-07-02 09:34:28,792 [INFO] Pass: InverseCancellation - 0.02360 (ms)
2026-07-02 09:34:28,792 [INFO] Pass: ContractIdleWiresInControlFlow - 0.00191 (ms)
2026-07-02 09:34:28,792 [INFO] Pass: CommutativeCancellation - 0.07367 (ms)
2026-07-02 09:34:28,792 [INFO] Pass: ConsolidateBlocks - 0.04363 (ms)
2026-07-02 09:34:28,792 [INFO] Pass: Split2QUnitaries - 0.00358 (ms)
2026-07-02 09:34:28,792 [INFO] Pass: UnitarySynthesis - 0.00501 (ms)
2026-07-02 09:34:28,792 [INFO] Pass: HighLevelSynthesis - 0.02432 (ms)
2026-07-02 09:34:28,792 [INFO] Pass: BasisTranslator - 0.07010 (ms)
2026-07-02 09:34:28,792 [INFO] Pass: ConsolidateBlocks - 0.05174 (ms)
2026-07-02 09:34:28,792 [INFO] Pass: UnitarySynthesis - 0.00477 (ms)
2026-07-02 09:34:28,792 [INFO] Pass: Depth - 0.02050 (ms)
2026-07-02 09:34:28,792 [INFO] Pass: FixedPoint - 0.00572 (ms)
2026-07-02 09:34:28,792 [INFO] Pass: Size - 0.00405 (ms)
2026-07-02 09:34:28,792 [INFO] Pass: FixedPoint - 0.00310 (ms)
2026-07-02 09:34:28,792 [INFO] Pass: RemoveIdentityEquivalent - 0.00501 (ms)
2026-07-02 09:34:28,793 [INFO] Pass: Optimize1qGatesDecomposition - 0.17476 (ms)
2026-07-02 09:34:28,793 [INFO] Pass: CommutativeCancellation - 0.08821 (ms)
2026-07-02 09:34:28,793 [INFO] Pass: ContractIdleWiresInControlFlow - 0.00191 (ms)
2026-07-02 09:34:28,793 [INFO] Pass: GatesInBasis - 0.02050 (ms)
2026-07-02 09:34:28,793 [INFO] Pass: Depth - 0.02027 (ms)
2026-07-02 09:34:28,793 [INFO] Pass: FixedPoint - 0.00381 (ms)
2026-07-02 09:34:28,793 [INFO] Pass: Size - 0.00262 (ms)
2026-07-02 09:34:28,793 [INFO] Pass: FixedPoint - 0.00262 (ms)
2026-07-02 09:34:28,793 [INFO] Pass: ContainsInstruction - 0.00572 (ms)
2026-07-02 09:34:28,793 [INFO] Total Transpile Time - 91.71772 (ms)
2026-07-02 09:34:28,885 [INFO] Pass: ContainsInstruction - 0.01121 (ms)
2026-07-02 09:34:28,885 [INFO] Pass: UnitarySynthesis - 0.00739 (ms)
2026-07-02 09:34:28,885 [INFO] Pass: HighLevelSynthesis - 0.00572 (ms)
2026-07-02 09:34:28,885 [INFO] Pass: BasisTranslator - 0.06485 (ms)
2026-07-02 09:34:28,885 [INFO] Pass: ElidePermutations - 0.00453 (ms)
2026-07-02 09:34:28,885 [INFO] Pass: RemoveDiagonalGatesBeforeMeasure - 0.00596 (ms)
2026-07-02 09:34:28,885 [INFO] Pass: RemoveIdentityEquivalent - 0.00739 (ms)
2026-07-02 09:34:28,885 [INFO] Pass: InverseCancellation - 0.02241 (ms)
2026-07-02 09:34:28,885 [INFO] Pass: ContractIdleWiresInControlFlow - 0.00238 (ms)
2026-07-02 09:34:28,885 [INFO] Pass: CommutativeCancellation - 0.06723 (ms)
2026-07-02 09:34:28,885 [INFO] Pass: ConsolidateBlocks - 0.04244 (ms)
2026-07-02 09:34:28,885 [INFO] Pass: Split2QUnitaries - 0.00334 (ms)
2026-07-02 09:34:28,885 [INFO] Pass: UnitarySynthesis - 0.00501 (ms)
2026-07-02 09:34:28,885 [INFO] Pass: HighLevelSynthesis - 0.02575 (ms)
2026-07-02 09:34:28,885 [INFO] Pass: BasisTranslator - 0.07105 (ms)
2026-07-02 09:34:28,885 [INFO] Pass: ConsolidateBlocks - 0.05746 (ms)
2026-07-02 09:34:28,885 [INFO] Pass: UnitarySynthesis - 0.00453 (ms)
2026-07-02 09:34:28,886 [INFO] Pass: Depth - 0.02265 (ms)
2026-07-02 09:34:28,886 [INFO] Pass: FixedPoint - 0.00477 (ms)
2026-07-02 09:34:28,886 [INFO] Pass: Size - 0.00358 (ms)
2026-07-02 09:34:28,886 [INFO] Pass: FixedPoint - 0.00286 (ms)
2026-07-02 09:34:28,886 [INFO] Pass: RemoveIdentityEquivalent - 0.00548 (ms)
2026-07-02 09:34:28,886 [INFO] Pass: Optimize1qGatesDecomposition - 0.17643 (ms)
2026-07-02 09:34:28,886 [INFO] Pass: CommutativeCancellation - 0.07915 (ms)
2026-07-02 09:34:28,886 [INFO] Pass: ContractIdleWiresInControlFlow - 0.00215 (ms)
2026-07-02 09:34:28,886 [INFO] Pass: GatesInBasis - 0.02003 (ms)
2026-07-02 09:34:28,886 [INFO] Pass: Depth - 0.01931 (ms)
2026-07-02 09:34:28,886 [INFO] Pass: FixedPoint - 0.00381 (ms)
2026-07-02 09:34:28,886 [INFO] Pass: Size - 0.00238 (ms)
2026-07-02 09:34:28,886 [INFO] Pass: FixedPoint - 0.00262 (ms)
2026-07-02 09:34:28,886 [INFO] Pass: RemoveIdentityEquivalent - 0.00477 (ms)
2026-07-02 09:34:28,886 [INFO] Pass: Optimize1qGatesDecomposition - 0.14400 (ms)
2026-07-02 09:34:28,886 [INFO] Pass: CommutativeCancellation - 0.07558 (ms)
2026-07-02 09:34:28,886 [INFO] Pass: ContractIdleWiresInControlFlow - 0.00215 (ms)
2026-07-02 09:34:28,887 [INFO] Pass: GatesInBasis - 0.01764 (ms)
2026-07-02 09:34:28,887 [INFO] Pass: Depth - 0.01955 (ms)
2026-07-02 09:34:28,887 [INFO] Pass: FixedPoint - 0.00334 (ms)
2026-07-02 09:34:28,887 [INFO] Pass: Size - 0.00215 (ms)
2026-07-02 09:34:28,887 [INFO] Pass: FixedPoint - 0.00286 (ms)
2026-07-02 09:34:28,887 [INFO] Pass: ContainsInstruction - 0.00572 (ms)
2026-07-02 09:34:28,887 [INFO] Total Transpile Time - 92.94915 (ms)
2026-07-02 09:48:01,795 [INFO] Pass: ContainsInstruction - 0.01264 (ms)
2026-07-02 09:48:01,796 [INFO] Pass: UnitarySynthesis - 0.00858 (ms)
2026-07-02 09:48:01,796 [INFO] Pass: HighLevelSynthesis - 0.00715 (ms)
2026-07-02 09:48:01,796 [INFO] Pass: BasisTranslator - 0.08082 (ms)
2026-07-02 09:48:01,796 [INFO] Pass: ElidePermutations - 0.00644 (ms)
2026-07-02 09:48:01,796 [INFO] Pass: RemoveDiagonalGatesBeforeMeasure - 0.00763 (ms)
2026-07-02 09:48:01,796 [INFO] Pass: RemoveIdentityEquivalent - 0.00668 (ms)
2026-07-02 09:48:01,796 [INFO] Pass: InverseCancellation - 0.00691 (ms)
2026-07-02 09:48:01,796 [INFO] Pass: ContractIdleWiresInControlFlow - 0.00334 (ms)
2026-07-02 09:48:01,796 [INFO] Pass: CommutativeCancellation - 0.06652 (ms)
2026-07-02 09:48:01,796 [INFO] Pass: ConsolidateBlocks - 0.04435 (ms)
2026-07-02 09:48:01,796 [INFO] Pass: Split2QUnitaries - 0.00429 (ms)
2026-07-02 09:48:01,796 [INFO] Pass: UnitarySynthesis - 0.00525 (ms)
2026-07-02 09:48:01,796 [INFO] Pass: HighLevelSynthesis - 0.02360 (ms)
2026-07-02 09:48:01,796 [INFO] Pass: BasisTranslator - 0.07939 (ms)
2026-07-02 09:48:01,797 [INFO] Pass: ConsolidateBlocks - 0.05460 (ms)
2026-07-02 09:48:01,797 [INFO] Pass: UnitarySynthesis - 0.00477 (ms)
2026-07-02 09:48:01,797 [INFO] Pass: Depth - 0.02170 (ms)
2026-07-02 09:48:01,797 [INFO] Pass: FixedPoint - 0.00596 (ms)
2026-07-02 09:48:01,797 [INFO] Pass: Size - 0.00358 (ms)
2026-07-02 09:48:01,797 [INFO] Pass: FixedPoint - 0.00286 (ms)
2026-07-02 09:48:01,797 [INFO] Pass: RemoveIdentityEquivalent - 0.00310 (ms)
2026-07-02 09:48:01,797 [INFO] Pass: Optimize1qGatesDecomposition - 0.03576 (ms)
2026-07-02 09:48:01,797 [INFO] Pass: CommutativeCancellation - 0.08059 (ms)
2026-07-02 09:48:01,797 [INFO] Pass: ContractIdleWiresInControlFlow - 0.00215 (ms)
2026-07-02 09:48:01,797 [INFO] Pass: GatesInBasis - 0.01955 (ms)
2026-07-02 09:48:01,797 [INFO] Pass: Depth - 0.02027 (ms)
2026-07-02 09:48:01,797 [INFO] Pass: FixedPoint - 0.00358 (ms)
2026-07-02 09:48:01,797 [INFO] Pass: Size - 0.00238 (ms)
2026-07-02 09:48:01,797 [INFO] Pass: FixedPoint - 0.00310 (ms)
2026-07-02 09:48:01,797 [INFO] Pass: ContainsInstruction - 0.00525 (ms)
2026-07-02 09:48:01,797 [INFO] Total Transpile Time - 94.83004 (ms)
2026-07-02 09:48:01,889 [INFO] Pass: ContainsInstruction - 0.01311 (ms)
2026-07-02 09:48:01,889 [INFO] Pass: UnitarySynthesis - 0.01454 (ms)
2026-07-02 09:48:01,889 [INFO] Pass: HighLevelSynthesis - 0.00596 (ms)
2026-07-02 09:48:01,890 [INFO] Pass: BasisTranslator - 0.06986 (ms)
2026-07-02 09:48:01,890 [INFO] Pass: ElidePermutations - 0.00477 (ms)
2026-07-02 09:48:01,890 [INFO] Pass: RemoveDiagonalGatesBeforeMeasure - 0.00691 (ms)
2026-07-02 09:48:01,890 [INFO] Pass: RemoveIdentityEquivalent - 0.00834 (ms)
2026-07-02 09:48:01,890 [INFO] Pass: InverseCancellation - 0.02599 (ms)
2026-07-02 09:48:01,890 [INFO] Pass: ContractIdleWiresInControlFlow - 0.00215 (ms)
2026-07-02 09:48:01,890 [INFO] Pass: CommutativeCancellation - 0.07248 (ms)
2026-07-02 09:48:01,890 [INFO] Pass: ConsolidateBlocks - 0.04339 (ms)
2026-07-02 09:48:01,890 [INFO] Pass: Split2QUnitaries - 0.00381 (ms)
2026-07-02 09:48:01,890 [INFO] Pass: UnitarySynthesis - 0.00525 (ms)
2026-07-02 09:48:01,890 [INFO] Pass: HighLevelSynthesis - 0.02432 (ms)
2026-07-02 09:48:01,890 [INFO] Pass: BasisTranslator - 0.07200 (ms)
2026-07-02 09:48:01,890 [INFO] Pass: ConsolidateBlocks - 0.05245 (ms)
2026-07-02 09:48:01,890 [INFO] Pass: UnitarySynthesis - 0.00453 (ms)
2026-07-02 09:48:01,890 [INFO] Pass: Depth - 0.02265 (ms)
2026-07-02 09:48:01,890 [INFO] Pass: FixedPoint - 0.00548 (ms)
2026-07-02 09:48:01,890 [INFO] Pass: Size - 0.00381 (ms)
2026-07-02 09:48:01,890 [INFO] Pass: FixedPoint - 0.00286 (ms)
2026-07-02 09:48:01,890 [INFO] Pass: RemoveIdentityEquivalent - 0.00548 (ms)
2026-07-02 09:48:01,891 [INFO] Pass: Optimize1qGatesDecomposition - 0.17309 (ms)
2026-07-02 09:48:01,891 [INFO] Pass: CommutativeCancellation - 0.08726 (ms)
2026-07-02 09:48:01,891 [INFO] Pass: ContractIdleWiresInControlFlow - 0.00191 (ms)
2026-07-02 09:48:01,891 [INFO] Pass: GatesInBasis - 0.02050 (ms)
2026-07-02 09:48:01,891 [INFO] Pass: Depth - 0.02217 (ms)
2026-07-02 09:48:01,891 [INFO] Pass: FixedPoint - 0.00405 (ms)
2026-07-02 09:48:01,891 [INFO] Pass: Size - 0.00215 (ms)
2026-07-02 09:48:01,891 [INFO] Pass: FixedPoint - 0.00310 (ms)
2026-07-02 09:48:01,891 [INFO] Pass: ContainsInstruction - 0.00548 (ms)
2026-07-02 09:48:01,891 [INFO] Total Transpile Time - 93.02211 (ms)
2026-07-02 09:48:01,981 [INFO] Pass: ContainsInstruction - 0.01168 (ms)
2026-07-02 09:48:01,981 [INFO] Pass: UnitarySynthesis - 0.00715 (ms)
2026-07-02 09:48:01,982 [INFO] Pass: HighLevelSynthesis - 0.00572 (ms)
2026-07-02 09:48:01,982 [INFO] Pass: BasisTranslator - 0.06723 (ms)
2026-07-02 09:48:01,982 [INFO] Pass: ElidePermutations - 0.00477 (ms)
2026-07-02 09:48:01,982 [INFO] Pass: RemoveDiagonalGatesBeforeMeasure - 0.00691 (ms)
2026-07-02 09:48:01,982 [INFO] Pass: RemoveIdentityEquivalent - 0.00834 (ms)
2026-07-02 09:48:01,982 [INFO] Pass: InverseCancellation - 0.02551 (ms)
2026-07-02 09:48:01,982 [INFO] Pass: ContractIdleWiresInControlFlow - 0.00215 (ms)
2026-07-02 09:48:01,982 [INFO] Pass: CommutativeCancellation - 0.06700 (ms)
2026-07-02 09:48:01,982 [INFO] Pass: ConsolidateBlocks - 0.04292 (ms)
2026-07-02 09:48:01,982 [INFO] Pass: Split2QUnitaries - 0.00358 (ms)
2026-07-02 09:48:01,982 [INFO] Pass: UnitarySynthesis - 0.00501 (ms)
2026-07-02 09:48:01,982 [INFO] Pass: HighLevelSynthesis - 0.02480 (ms)
2026-07-02 09:48:01,982 [INFO] Pass: BasisTranslator - 0.07272 (ms)
2026-07-02 09:48:01,982 [INFO] Pass: ConsolidateBlocks - 0.05054 (ms)
2026-07-02 09:48:01,982 [INFO] Pass: UnitarySynthesis - 0.00453 (ms)
2026-07-02 09:48:01,982 [INFO] Pass: Depth - 0.02098 (ms)
2026-07-02 09:48:01,982 [INFO] Pass: FixedPoint - 0.00453 (ms)
2026-07-02 09:48:01,982 [INFO] Pass: Size - 0.00358 (ms)
2026-07-02 09:48:01,982 [INFO] Pass: FixedPoint - 0.00286 (ms)
2026-07-02 09:48:01,982 [INFO] Pass: RemoveIdentityEquivalent - 0.00596 (ms)
2026-07-02 09:48:01,983 [INFO] Pass: Optimize1qGatesDecomposition - 0.18930 (ms)
2026-07-02 09:48:01,983 [INFO] Pass: CommutativeCancellation - 0.07844 (ms)
2026-07-02 09:48:01,983 [INFO] Pass: ContractIdleWiresInControlFlow - 0.00191 (ms)
2026-07-02 09:48:01,983 [INFO] Pass: GatesInBasis - 0.02074 (ms)
2026-07-02 09:48:01,983 [INFO] Pass: Depth - 0.01931 (ms)
2026-07-02 09:48:01,983 [INFO] Pass: FixedPoint - 0.00358 (ms)
2026-07-02 09:48:01,983 [INFO] Pass: Size - 0.00215 (ms)
2026-07-02 09:48:01,983 [INFO] Pass: FixedPoint - 0.00310 (ms)
2026-07-02 09:48:01,983 [INFO] Pass: RemoveIdentityEquivalent - 0.00501 (ms)
2026-07-02 09:48:01,983 [INFO] Pass: Optimize1qGatesDecomposition - 0.14782 (ms)
2026-07-02 09:48:01,983 [INFO] Pass: CommutativeCancellation - 0.06962 (ms)
2026-07-02 09:48:01,983 [INFO] Pass: ContractIdleWiresInControlFlow - 0.00167 (ms)
2026-07-02 09:48:01,983 [INFO] Pass: GatesInBasis - 0.01717 (ms)
2026-07-02 09:48:01,983 [INFO] Pass: Depth - 0.01788 (ms)
2026-07-02 09:48:01,983 [INFO] Pass: FixedPoint - 0.00334 (ms)
2026-07-02 09:48:01,983 [INFO] Pass: Size - 0.00191 (ms)
2026-07-02 09:48:01,983 [INFO] Pass: FixedPoint - 0.00262 (ms)
2026-07-02 09:48:01,983 [INFO] Pass: ContainsInstruction - 0.00572 (ms)
2026-07-02 09:48:01,984 [INFO] Total Transpile Time - 91.86816 (ms)
2026-07-02 10:01:28,869 [INFO] Pass: ContainsInstruction - 0.01287 (ms)
2026-07-02 10:01:28,869 [INFO] Pass: UnitarySynthesis - 0.00858 (ms)
2026-07-02 10:01:28,869 [INFO] Pass: HighLevelSynthesis - 0.00715 (ms)
2026-07-02 10:01:28,869 [INFO] Pass: BasisTranslator - 0.08416 (ms)
2026-07-02 10:01:28,869 [INFO] Pass: ElidePermutations - 0.00548 (ms)
2026-07-02 10:01:28,869 [INFO] Pass: RemoveDiagonalGatesBeforeMeasure - 0.00739 (ms)
2026-07-02 10:01:28,869 [INFO] Pass: RemoveIdentityEquivalent - 0.00739 (ms)
2026-07-02 10:01:28,869 [INFO] Pass: InverseCancellation - 0.00596 (ms)
2026-07-02 10:01:28,869 [INFO] Pass: ContractIdleWiresInControlFlow - 0.00238 (ms)
2026-07-02 10:01:28,869 [INFO] Pass: CommutativeCancellation - 0.06723 (ms)
2026-07-02 10:01:28,870 [INFO] Pass: ConsolidateBlocks - 0.04888 (ms)
2026-07-02 10:01:28,870 [INFO] Pass: Split2QUnitaries - 0.00453 (ms)
2026-07-02 10:01:28,870 [INFO] Pass: UnitarySynthesis - 0.00548 (ms)
2026-07-02 10:01:28,870 [INFO] Pass: HighLevelSynthesis - 0.02480 (ms)
2026-07-02 10:01:28,870 [INFO] Pass: BasisTranslator - 0.06795 (ms)
2026-07-02 10:01:28,870 [INFO] Pass: ConsolidateBlocks - 0.04983 (ms)
2026-07-02 10:01:28,870 [INFO] Pass: UnitarySynthesis - 0.00453 (ms)
2026-07-02 10:01:28,870 [INFO] Pass: Depth - 0.02170 (ms)
2026-07-02 10:01:28,870 [INFO] Pass: FixedPoint - 0.00572 (ms)
2026-07-02 10:01:28,870 [INFO] Pass: Size - 0.00429 (ms)
2026-07-02 10:01:28,870 [INFO] Pass: FixedPoint - 0.00310 (ms)
2026-07-02 10:01:28,870 [INFO] Pass: RemoveIdentityEquivalent - 0.00358 (ms)
2026-07-02 10:01:28,870 [INFO] Pass: Optimize1qGatesDecomposition - 0.03624 (ms)
2026-07-02 10:01:28,870 [INFO] Pass: CommutativeCancellation - 0.07701 (ms)
2026-07-02 10:01:28,870 [INFO] Pass: ContractIdleWiresInControlFlow - 0.00215 (ms)
2026-07-02 10:01:28,870 [INFO] Pass: GatesInBasis - 0.01907 (ms)
2026-07-02 10:01:28,870 [INFO] Pass: Depth - 0.01860 (ms)
2026-07-02 10:01:28,870 [INFO] Pass: FixedPoint - 0.00405 (ms)
2026-07-02 10:01:28,870 [INFO] Pass: Size - 0.00238 (ms)
2026-07-02 10:01:28,870 [INFO] Pass: FixedPoint - 0.00286 (ms)
2026-07-02 10:01:28,870 [INFO] Pass: ContainsInstruction - 0.00525 (ms)
2026-07-02 10:01:28,871 [INFO] Total Transpile Time - 95.76988 (ms)
2026-07-02 10:01:28,963 [INFO] Pass: ContainsInstruction - 0.01144 (ms)
2026-07-02 10:01:28,963 [INFO] Pass: UnitarySynthesis - 0.00739 (ms)
2026-07-02 10:01:28,963 [INFO] Pass: HighLevelSynthesis - 0.00596 (ms)
2026-07-02 10:01:28,963 [INFO] Pass: BasisTranslator - 0.06628 (ms)
2026-07-02 10:01:28,963 [INFO] Pass: ElidePermutations - 0.00501 (ms)
2026-07-02 10:01:28,963 [INFO] Pass: RemoveDiagonalGatesBeforeMeasure - 0.00620 (ms)
2026-07-02 10:01:28,963 [INFO] Pass: RemoveIdentityEquivalent - 0.00715 (ms)
2026-07-02 10:01:28,963 [INFO] Pass: InverseCancellation - 0.02289 (ms)
2026-07-02 10:01:28,963 [INFO] Pass: ContractIdleWiresInControlFlow - 0.00215 (ms)
2026-07-02 10:01:28,963 [INFO] Pass: CommutativeCancellation - 0.07939 (ms)
2026-07-02 10:01:28,964 [INFO] Pass: ConsolidateBlocks - 0.04315 (ms)
2026-07-02 10:01:28,964 [INFO] Pass: Split2QUnitaries - 0.00334 (ms)
2026-07-02 10:01:28,964 [INFO] Pass: UnitarySynthesis - 0.00501 (ms)
2026-07-02 10:01:28,964 [INFO] Pass: HighLevelSynthesis - 0.02313 (ms)
2026-07-02 10:01:28,964 [INFO] Pass: BasisTranslator - 0.06771 (ms)
2026-07-02 10:01:28,964 [INFO] Pass: ConsolidateBlocks - 0.04888 (ms)
2026-07-02 10:01:28,964 [INFO] Pass: UnitarySynthesis - 0.00477 (ms)
2026-07-02 10:01:28,964 [INFO] Pass: Depth - 0.02074 (ms)
2026-07-02 10:01:28,964 [INFO] Pass: FixedPoint - 0.00453 (ms)
2026-07-02 10:01:28,964 [INFO] Pass: Size - 0.00334 (ms)
2026-07-02 10:01:28,964 [INFO] Pass: FixedPoint - 0.00286 (ms)
2026-07-02 10:01:28,964 [INFO] Pass: RemoveIdentityEquivalent - 0.00501 (ms)
2026-07-02 10:01:28,964 [INFO] Pass: Optimize1qGatesDecomposition - 0.15903 (ms)
2026-07-02 10:01:28,964 [INFO] Pass: CommutativeCancellation - 0.08869 (ms)
2026-07-02 10:01:28,964 [INFO] Pass: ContractIdleWiresInControlFlow - 0.00215 (ms)
2026-07-02 10:01:28,964 [INFO] Pass: GatesInBasis - 0.01979 (ms)
2026-07-02 10:01:28,964 [INFO] Pass: Depth - 0.02217 (ms)
2026-07-02 10:01:28,964 [INFO] Pass: FixedPoint - 0.00405 (ms)
2026-07-02 10:01:28,965 [INFO] Pass: Size - 0.00262 (ms)
2026-07-02 10:01:28,965 [INFO] Pass: FixedPoint - 0.00310 (ms)
2026-07-02 10:01:28,965 [INFO] Pass: ContainsInstruction - 0.00548 (ms)
2026-07-02 10:01:28,965 [INFO] Total Transpile Time - 93.40405 (ms)
2026-07-02 10:01:29,055 [INFO] Pass: ContainsInstruction - 0.01192 (ms)
2026-07-02 10:01:29,055 [INFO] Pass: UnitarySynthesis - 0.00834 (ms)
2026-07-02 10:01:29,055 [INFO] Pass: HighLevelSynthesis - 0.00644 (ms)
2026-07-02 10:01:29,055 [INFO] Pass: BasisTranslator - 0.06676 (ms)
2026-07-02 10:01:29,055 [INFO] Pass: ElidePermutations - 0.00596 (ms)
2026-07-02 10:01:29,055 [INFO] Pass: RemoveDiagonalGatesBeforeMeasure - 0.00739 (ms)
2026-07-02 10:01:29,056 [INFO] Pass: RemoveIdentityEquivalent - 0.00882 (ms)
2026-07-02 10:01:29,056 [INFO] Pass: InverseCancellation - 0.02480 (ms)
2026-07-02 10:01:29,056 [INFO] Pass: ContractIdleWiresInControlFlow - 0.00215 (ms)
2026-07-02 10:01:29,056 [INFO] Pass: CommutativeCancellation - 0.07415 (ms)
2026-07-02 10:01:29,056 [INFO] Pass: ConsolidateBlocks - 0.04530 (ms)
2026-07-02 10:01:29,056 [INFO] Pass: Split2QUnitaries - 0.00381 (ms)
2026-07-02 10:01:29,056 [INFO] Pass: UnitarySynthesis - 0.00548 (ms)
2026-07-02 10:01:29,056 [INFO] Pass: HighLevelSynthesis - 0.02599 (ms)
2026-07-02 10:01:29,056 [INFO] Pass: BasisTranslator - 0.07224 (ms)
2026-07-02 10:01:29,056 [INFO] Pass: ConsolidateBlocks - 0.05293 (ms)
2026-07-02 10:01:29,056 [INFO] Pass: UnitarySynthesis - 0.00525 (ms)
2026-07-02 10:01:29,056 [INFO] Pass: Depth - 0.02456 (ms)
2026-07-02 10:01:29,056 [INFO] Pass: FixedPoint - 0.00501 (ms)
2026-07-02 10:01:29,056 [INFO] Pass: Size - 0.00358 (ms)
2026-07-02 10:01:29,056 [INFO] Pass: FixedPoint - 0.00334 (ms)
2026-07-02 10:01:29,056 [INFO] Pass: RemoveIdentityEquivalent - 0.00572 (ms)
2026-07-02 10:01:29,056 [INFO] Pass: Optimize1qGatesDecomposition - 0.19693 (ms)
2026-07-02 10:01:29,057 [INFO] Pass: CommutativeCancellation - 0.08297 (ms)
2026-07-02 10:01:29,057 [INFO] Pass: ContractIdleWiresInControlFlow - 0.00191 (ms)
2026-07-02 10:01:29,057 [INFO] Pass: GatesInBasis - 0.02003 (ms)
2026-07-02 10:01:29,057 [INFO] Pass: Depth - 0.02050 (ms)
2026-07-02 10:01:29,057 [INFO] Pass: FixedPoint - 0.00381 (ms)
2026-07-02 10:01:29,057 [INFO] Pass: Size - 0.00215 (ms)
2026-07-02 10:01:29,057 [INFO] Pass: FixedPoint - 0.00262 (ms)
2026-07-02 10:01:29,057 [INFO] Pass: RemoveIdentityEquivalent - 0.00477 (ms)
2026-07-02 10:01:29,057 [INFO] Pass: Optimize1qGatesDecomposition - 0.15020 (ms)
2026-07-02 10:01:29,057 [INFO] Pass: CommutativeCancellation - 0.07296 (ms)
2026-07-02 10:01:29,057 [INFO] Pass: ContractIdleWiresInControlFlow - 0.00167 (ms)
2026-07-02 10:01:29,057 [INFO] Pass: GatesInBasis - 0.01740 (ms)
2026-07-02 10:01:29,057 [INFO] Pass: Depth - 0.01907 (ms)
2026-07-02 10:01:29,057 [INFO] Pass: FixedPoint - 0.00310 (ms)
2026-07-02 10:01:29,057 [INFO] Pass: Size - 0.00167 (ms)
2026-07-02 10:01:29,057 [INFO] Pass: FixedPoint - 0.00262 (ms)
2026-07-02 10:01:29,057 [INFO] Pass: ContainsInstruction - 0.00572 (ms)
2026-07-02 10:01:29,058 [INFO] Total Transpile Time - 92.27824 (ms)
2026-07-02 10:14:45,154 [INFO] Pass: ContainsInstruction - 0.01359 (ms)
2026-07-02 10:14:45,155 [INFO] Pass: UnitarySynthesis - 0.01192 (ms)
2026-07-02 10:14:45,155 [INFO] Pass: HighLevelSynthesis - 0.00834 (ms)
2026-07-02 10:14:45,155 [INFO] Pass: BasisTranslator - 0.08225 (ms)
2026-07-02 10:14:45,155 [INFO] Pass: ElidePermutations - 0.00596 (ms)
2026-07-02 10:14:45,155 [INFO] Pass: RemoveDiagonalGatesBeforeMeasure - 0.00811 (ms)
2026-07-02 10:14:45,155 [INFO] Pass: RemoveIdentityEquivalent - 0.00715 (ms)
2026-07-02 10:14:45,155 [INFO] Pass: InverseCancellation - 0.00620 (ms)
2026-07-02 10:14:45,155 [INFO] Pass: ContractIdleWiresInControlFlow - 0.00215 (ms)
2026-07-02 10:14:45,155 [INFO] Pass: CommutativeCancellation - 0.06342 (ms)
2026-07-02 10:14:45,155 [INFO] Pass: ConsolidateBlocks - 0.04864 (ms)
2026-07-02 10:14:45,155 [INFO] Pass: Split2QUnitaries - 0.00429 (ms)
2026-07-02 10:14:45,155 [INFO] Pass: UnitarySynthesis - 0.00691 (ms)
2026-07-02 10:14:45,155 [INFO] Pass: HighLevelSynthesis - 0.02503 (ms)
2026-07-02 10:14:45,155 [INFO] Pass: BasisTranslator - 0.07105 (ms)
2026-07-02 10:14:45,155 [INFO] Pass: ConsolidateBlocks - 0.05627 (ms)
2026-07-02 10:14:45,155 [INFO] Pass: UnitarySynthesis - 0.00548 (ms)
2026-07-02 10:14:45,155 [INFO] Pass: Depth - 0.03362 (ms)
2026-07-02 10:14:45,155 [INFO] Pass: FixedPoint - 0.00620 (ms)
2026-07-02 10:14:45,156 [INFO] Pass: Size - 0.00405 (ms)
2026-07-02 10:14:45,156 [INFO] Pass: FixedPoint - 0.00310 (ms)
2026-07-02 10:14:45,156 [INFO] Pass: RemoveIdentityEquivalent - 0.00286 (ms)
2026-07-02 10:14:45,156 [INFO] Pass: Optimize1qGatesDecomposition - 0.03600 (ms)
2026-07-02 10:14:45,156 [INFO] Pass: CommutativeCancellation - 0.07987 (ms)
2026-07-02 10:14:45,156 [INFO] Pass: ContractIdleWiresInControlFlow - 0.00238 (ms)
2026-07-02 10:14:45,156 [INFO] Pass: GatesInBasis - 0.02098 (ms)
2026-07-02 10:14:45,156 [INFO] Pass: Depth - 0.01931 (ms)
2026-07-02 10:14:45,156 [INFO] Pass: FixedPoint - 0.00381 (ms)
2026-07-02 10:14:45,156 [INFO] Pass: Size - 0.00215 (ms)
2026-07-02 10:14:45,156 [INFO] Pass: FixedPoint - 0.00262 (ms)
2026-07-02 10:14:45,156 [INFO] Pass: ContainsInstruction - 0.00644 (ms)
2026-07-02 10:14:45,156 [INFO] Total Transpile Time - 95.67428 (ms)
2026-07-02 10:14:45,248 [INFO] Pass: ContainsInstruction - 0.01168 (ms)
2026-07-02 10:14:45,249 [INFO] Pass: UnitarySynthesis - 0.00787 (ms)
2026-07-02 10:14:45,249 [INFO] Pass: HighLevelSynthesis - 0.00572 (ms)
2026-07-02 10:14:45,249 [INFO] Pass: BasisTranslator - 0.06914 (ms)
2026-07-02 10:14:45,249 [INFO] Pass: ElidePermutations - 0.00548 (ms)
2026-07-02 10:14:45,249 [INFO] Pass: RemoveDiagonalGatesBeforeMeasure - 0.00668 (ms)
2026-07-02 10:14:45,249 [INFO] Pass: RemoveIdentityEquivalent - 0.00834 (ms)
2026-07-02 10:14:45,249 [INFO] Pass: InverseCancellation - 0.02480 (ms)
2026-07-02 10:14:45,249 [INFO] Pass: ContractIdleWiresInControlFlow - 0.00262 (ms)
2026-07-02 10:14:45,249 [INFO] Pass: CommutativeCancellation - 0.07725 (ms)
2026-07-02 10:14:45,249 [INFO] Pass: ConsolidateBlocks - 0.04148 (ms)
2026-07-02 10:14:45,249 [INFO] Pass: Split2QUnitaries - 0.00381 (ms)
2026-07-02 10:14:45,249 [INFO] Pass: UnitarySynthesis - 0.00525 (ms)
2026-07-02 10:14:45,249 [INFO] Pass: HighLevelSynthesis - 0.02360 (ms)
2026-07-02 10:14:45,249 [INFO] Pass: BasisTranslator - 0.07200 (ms)
2026-07-02 10:14:45,249 [INFO] Pass: ConsolidateBlocks - 0.05221 (ms)
2026-07-02 10:14:45,249 [INFO] Pass: UnitarySynthesis - 0.00548 (ms)
2026-07-02 10:14:45,249 [INFO] Pass: Depth - 0.02074 (ms)
2026-07-02 10:14:45,249 [INFO] Pass: FixedPoint - 0.00572 (ms)
2026-07-02 10:14:45,249 [INFO] Pass: Size - 0.00381 (ms)
2026-07-02 10:14:45,249 [INFO] Pass: FixedPoint - 0.00286 (ms)
2026-07-02 10:14:45,249 [INFO] Pass: RemoveIdentityEquivalent - 0.00477 (ms)
2026-07-02 10:14:45,250 [INFO] Pass: Optimize1qGatesDecomposition - 0.16928 (ms)
2026-07-02 10:14:45,250 [INFO] Pass: CommutativeCancellation - 0.09060 (ms)
2026-07-02 10:14:45,250 [INFO] Pass: ContractIdleWiresInControlFlow - 0.00167 (ms)
2026-07-02 10:14:45,250 [INFO] Pass: GatesInBasis - 0.02027 (ms)
2026-07-02 10:14:45,250 [INFO] Pass: Depth - 0.02003 (ms)
2026-07-02 10:14:45,250 [INFO] Pass: FixedPoint - 0.00381 (ms)
2026-07-02 10:14:45,250 [INFO] Pass: Size - 0.00191 (ms)
2026-07-02 10:14:45,250 [INFO] Pass: FixedPoint - 0.00286 (ms)
2026-07-02 10:14:45,250 [INFO] Pass: ContainsInstruction - 0.00525 (ms)
2026-07-02 10:14:45,250 [INFO] Total Transpile Time - 93.31083 (ms)
2026-07-02 10:14:45,341 [INFO] Pass: ContainsInstruction - 0.01240 (ms)
2026-07-02 10:14:45,341 [INFO] Pass: UnitarySynthesis - 0.00787 (ms)
2026-07-02 10:14:45,341 [INFO] Pass: HighLevelSynthesis - 0.00525 (ms)
2026-07-02 10:14:45,341 [INFO] Pass: BasisTranslator - 0.06533 (ms)
2026-07-02 10:14:45,341 [INFO] Pass: ElidePermutations - 0.00453 (ms)
2026-07-02 10:14:45,341 [INFO] Pass: RemoveDiagonalGatesBeforeMeasure - 0.00620 (ms)
2026-07-02 10:14:45,341 [INFO] Pass: RemoveIdentityEquivalent - 0.00834 (ms)
2026-07-02 10:14:45,341 [INFO] Pass: InverseCancellation - 0.03219 (ms)
2026-07-02 10:14:45,341 [INFO] Pass: ContractIdleWiresInControlFlow - 0.00191 (ms)
2026-07-02 10:14:45,342 [INFO] Pass: CommutativeCancellation - 0.07272 (ms)
2026-07-02 10:14:45,342 [INFO] Pass: ConsolidateBlocks - 0.04339 (ms)
2026-07-02 10:14:45,342 [INFO] Pass: Split2QUnitaries - 0.00310 (ms)
2026-07-02 10:14:45,342 [INFO] Pass: UnitarySynthesis - 0.00572 (ms)
2026-07-02 10:14:45,342 [INFO] Pass: HighLevelSynthesis - 0.02480 (ms)
2026-07-02 10:14:45,342 [INFO] Pass: BasisTranslator - 0.07343 (ms)
2026-07-02 10:14:45,342 [INFO] Pass: ConsolidateBlocks - 0.05198 (ms)
2026-07-02 10:14:45,342 [INFO] Pass: UnitarySynthesis - 0.00501 (ms)
2026-07-02 10:14:45,342 [INFO] Pass: Depth - 0.02289 (ms)
2026-07-02 10:14:45,342 [INFO] Pass: FixedPoint - 0.00453 (ms)
2026-07-02 10:14:45,342 [INFO] Pass: Size - 0.00405 (ms)
2026-07-02 10:14:45,342 [INFO] Pass: FixedPoint - 0.00286 (ms)
2026-07-02 10:14:45,342 [INFO] Pass: RemoveIdentityEquivalent - 0.00596 (ms)
2026-07-02 10:14:45,342 [INFO] Pass: Optimize1qGatesDecomposition - 0.18358 (ms)
2026-07-02 10:14:45,342 [INFO] Pass: CommutativeCancellation - 0.08512 (ms)
2026-07-02 10:14:45,342 [INFO] Pass: ContractIdleWiresInControlFlow - 0.00215 (ms)
2026-07-02 10:14:45,343 [INFO] Pass: GatesInBasis - 0.02003 (ms)
2026-07-02 10:14:45,343 [INFO] Pass: Depth - 0.02170 (ms)
2026-07-02 10:14:45,343 [INFO] Pass: FixedPoint - 0.00358 (ms)
2026-07-02 10:14:45,343 [INFO] Pass: Size - 0.00215 (ms)
2026-07-02 10:14:45,343 [INFO] Pass: FixedPoint - 0.00310 (ms)
2026-07-02 10:14:45,343 [INFO] Pass: RemoveIdentityEquivalent - 0.00548 (ms)
2026-07-02 10:14:45,343 [INFO] Pass: Optimize1qGatesDecomposition - 0.15116 (ms)
2026-07-02 10:14:45,343 [INFO] Pass: CommutativeCancellation - 0.07892 (ms)
2026-07-02 10:14:45,343 [INFO] Pass: ContractIdleWiresInControlFlow - 0.00167 (ms)
2026-07-02 10:14:45,343 [INFO] Pass: GatesInBasis - 0.01788 (ms)
2026-07-02 10:14:45,343 [INFO] Pass: Depth - 0.02170 (ms)
2026-07-02 10:14:45,343 [INFO] Pass: FixedPoint - 0.00334 (ms)
2026-07-02 10:14:45,343 [INFO] Pass: Size - 0.00215 (ms)
2026-07-02 10:14:45,343 [INFO] Pass: FixedPoint - 0.00286 (ms)
2026-07-02 10:14:45,343 [INFO] Pass: ContainsInstruction - 0.00572 (ms)
2026-07-02 10:14:45,343 [INFO] Total Transpile Time - 92.58294 (ms)
2026-07-02 10:28:11,170 [INFO] Pass: ContainsInstruction - 0.01216 (ms)
2026-07-02 10:28:11,170 [INFO] Pass: UnitarySynthesis - 0.00834 (ms)
2026-07-02 10:28:11,170 [INFO] Pass: HighLevelSynthesis - 0.00572 (ms)
2026-07-02 10:28:11,170 [INFO] Pass: BasisTranslator - 0.06914 (ms)
2026-07-02 10:28:11,170 [INFO] Pass: ElidePermutations - 0.00525 (ms)
2026-07-02 10:28:11,170 [INFO] Pass: RemoveDiagonalGatesBeforeMeasure - 0.00715 (ms)
2026-07-02 10:28:11,170 [INFO] Pass: RemoveIdentityEquivalent - 0.00477 (ms)
2026-07-02 10:28:11,170 [INFO] Pass: InverseCancellation - 0.00572 (ms)
2026-07-02 10:28:11,170 [INFO] Pass: ContractIdleWiresInControlFlow - 0.00215 (ms)
2026-07-02 10:28:11,170 [INFO] Pass: CommutativeCancellation - 0.06199 (ms)
2026-07-02 10:28:11,170 [INFO] Pass: ConsolidateBlocks - 0.04125 (ms)
2026-07-02 10:28:11,170 [INFO] Pass: Split2QUnitaries - 0.00358 (ms)
2026-07-02 10:28:11,170 [INFO] Pass: UnitarySynthesis - 0.00477 (ms)
2026-07-02 10:28:11,170 [INFO] Pass: HighLevelSynthesis - 0.02718 (ms)
2026-07-02 10:28:11,171 [INFO] Pass: BasisTranslator - 0.06533 (ms)
2026-07-02 10:28:11,171 [INFO] Pass: ConsolidateBlocks - 0.04935 (ms)
2026-07-02 10:28:11,171 [INFO] Pass: UnitarySynthesis - 0.00453 (ms)
2026-07-02 10:28:11,171 [INFO] Pass: Depth - 0.01836 (ms)
2026-07-02 10:28:11,171 [INFO] Pass: FixedPoint - 0.00477 (ms)
2026-07-02 10:28:11,171 [INFO] Pass: Size - 0.00429 (ms)
2026-07-02 10:28:11,171 [INFO] Pass: FixedPoint - 0.00310 (ms)
2026-07-02 10:28:11,171 [INFO] Pass: RemoveIdentityEquivalent - 0.00286 (ms)
2026-07-02 10:28:11,171 [INFO] Pass: Optimize1qGatesDecomposition - 0.03481 (ms)
2026-07-02 10:28:11,171 [INFO] Pass: CommutativeCancellation - 0.07915 (ms)
2026-07-02 10:28:11,171 [INFO] Pass: ContractIdleWiresInControlFlow - 0.00191 (ms)
2026-07-02 10:28:11,171 [INFO] Pass: GatesInBasis - 0.01836 (ms)
2026-07-02 10:28:11,171 [INFO] Pass: Depth - 0.01740 (ms)
2026-07-02 10:28:11,171 [INFO] Pass: FixedPoint - 0.00334 (ms)
2026-07-02 10:28:11,171 [INFO] Pass: Size - 0.00215 (ms)
2026-07-02 10:28:11,171 [INFO] Pass: FixedPoint - 0.00286 (ms)
2026-07-02 10:28:11,171 [INFO] Pass: ContainsInstruction - 0.00501 (ms)
2026-07-02 10:28:11,171 [INFO] Total Transpile Time - 95.75844 (ms)
2026-07-02 10:28:11,263 [INFO] Pass: ContainsInstruction - 0.01407 (ms)
2026-07-02 10:28:11,263 [INFO] Pass: UnitarySynthesis - 0.00787 (ms)
2026-07-02 10:28:11,263 [INFO] Pass: HighLevelSynthesis - 0.00644 (ms)
2026-07-02 10:28:11,264 [INFO] Pass: BasisTranslator - 0.07367 (ms)
2026-07-02 10:28:11,264 [INFO] Pass: ElidePermutations - 0.00501 (ms)
2026-07-02 10:28:11,264 [INFO] Pass: RemoveDiagonalGatesBeforeMeasure - 0.00763 (ms)
2026-07-02 10:28:11,264 [INFO] Pass: RemoveIdentityEquivalent - 0.00763 (ms)
2026-07-02 10:28:11,264 [INFO] Pass: InverseCancellation - 0.02599 (ms)
2026-07-02 10:28:11,264 [INFO] Pass: ContractIdleWiresInControlFlow - 0.00286 (ms)
2026-07-02 10:28:11,264 [INFO] Pass: CommutativeCancellation - 0.07439 (ms)
2026-07-02 10:28:11,264 [INFO] Pass: ConsolidateBlocks - 0.04363 (ms)
2026-07-02 10:28:11,264 [INFO] Pass: Split2QUnitaries - 0.00334 (ms)
2026-07-02 10:28:11,264 [INFO] Pass: UnitarySynthesis - 0.00501 (ms)
2026-07-02 10:28:11,264 [INFO] Pass: HighLevelSynthesis - 0.02527 (ms)
2026-07-02 10:28:11,264 [INFO] Pass: BasisTranslator - 0.06747 (ms)
2026-07-02 10:28:11,264 [INFO] Pass: ConsolidateBlocks - 0.05102 (ms)
2026-07-02 10:28:11,264 [INFO] Pass: UnitarySynthesis - 0.00477 (ms)
2026-07-02 10:28:11,264 [INFO] Pass: Depth - 0.01955 (ms)
2026-07-02 10:28:11,264 [INFO] Pass: FixedPoint - 0.00525 (ms)
2026-07-02 10:28:11,264 [INFO] Pass: Size - 0.00358 (ms)
2026-07-02 10:28:11,264 [INFO] Pass: FixedPoint - 0.00286 (ms)
2026-07-02 10:28:11,264 [INFO] Pass: RemoveIdentityEquivalent - 0.00405 (ms)
2026-07-02 10:28:11,265 [INFO] Pass: Optimize1qGatesDecomposition - 0.17452 (ms)
2026-07-02 10:28:11,265 [INFO] Pass: CommutativeCancellation - 0.08988 (ms)
2026-07-02 10:28:11,265 [INFO] Pass: ContractIdleWiresInControlFlow - 0.00215 (ms)
2026-07-02 10:28:11,265 [INFO] Pass: GatesInBasis - 0.02003 (ms)
2026-07-02 10:28:11,265 [INFO] Pass: Depth - 0.02027 (ms)
2026-07-02 10:28:11,265 [INFO] Pass: FixedPoint - 0.00381 (ms)
2026-07-02 10:28:11,265 [INFO] Pass: Size - 0.00238 (ms)
2026-07-02 10:28:11,265 [INFO] Pass: FixedPoint - 0.00286 (ms)
2026-07-02 10:28:11,265 [INFO] Pass: ContainsInstruction - 0.00525 (ms)
2026-07-02 10:28:11,265 [INFO] Total Transpile Time - 93.20831 (ms)
2026-07-02 10:28:11,357 [INFO] Pass: ContainsInstruction - 0.01192 (ms)
2026-07-02 10:28:11,357 [INFO] Pass: UnitarySynthesis - 0.00715 (ms)
2026-07-02 10:28:11,357 [INFO] Pass: HighLevelSynthesis - 0.00548 (ms)
2026-07-02 10:28:11,357 [INFO] Pass: BasisTranslator - 0.06175 (ms)
2026-07-02 10:28:11,357 [INFO] Pass: ElidePermutations - 0.00477 (ms)
2026-07-02 10:28:11,357 [INFO] Pass: RemoveDiagonalGatesBeforeMeasure - 0.00596 (ms)
2026-07-02 10:28:11,357 [INFO] Pass: RemoveIdentityEquivalent - 0.00882 (ms)
2026-07-02 10:28:11,357 [INFO] Pass: InverseCancellation - 0.02408 (ms)
2026-07-02 10:28:11,357 [INFO] Pass: ContractIdleWiresInControlFlow - 0.00215 (ms)
2026-07-02 10:28:11,357 [INFO] Pass: CommutativeCancellation - 0.06652 (ms)
2026-07-02 10:28:11,357 [INFO] Pass: ConsolidateBlocks - 0.04220 (ms)
2026-07-02 10:28:11,358 [INFO] Pass: Split2QUnitaries - 0.00381 (ms)
2026-07-02 10:28:11,358 [INFO] Pass: UnitarySynthesis - 0.00548 (ms)
2026-07-02 10:28:11,358 [INFO] Pass: HighLevelSynthesis - 0.02432 (ms)
2026-07-02 10:28:11,358 [INFO] Pass: BasisTranslator - 0.06819 (ms)
2026-07-02 10:28:11,358 [INFO] Pass: ConsolidateBlocks - 0.04983 (ms)
2026-07-02 10:28:11,358 [INFO] Pass: UnitarySynthesis - 0.00429 (ms)
2026-07-02 10:28:11,358 [INFO] Pass: Depth - 0.02122 (ms)
2026-07-02 10:28:11,358 [INFO] Pass: FixedPoint - 0.00453 (ms)
2026-07-02 10:28:11,358 [INFO] Pass: Size - 0.00381 (ms)
2026-07-02 10:28:11,358 [INFO] Pass: FixedPoint - 0.00262 (ms)
2026-07-02 10:28:11,358 [INFO] Pass: RemoveIdentityEquivalent - 0.00572 (ms)
2026-07-02 10:28:11,358 [INFO] Pass: Optimize1qGatesDecomposition - 0.17095 (ms)
2026-07-02 10:28:11,358 [INFO] Pass: CommutativeCancellation - 0.08011 (ms)
2026-07-02 10:28:11,358 [INFO] Pass: ContractIdleWiresInControlFlow - 0.00215 (ms)
2026-07-02 10:28:11,358 [INFO] Pass: GatesInBasis - 0.02003 (ms)
2026-07-02 10:28:11,358 [INFO] Pass: Depth - 0.01931 (ms)
2026-07-02 10:28:11,358 [INFO] Pass: FixedPoint - 0.00358 (ms)
2026-07-02 10:28:11,358 [INFO] Pass: Size - 0.00215 (ms)
2026-07-02 10:28:11,358 [INFO] Pass: FixedPoint - 0.00286 (ms)
2026-07-02 10:28:11,358 [INFO] Pass: RemoveIdentityEquivalent - 0.00501 (ms)
2026-07-02 10:28:11,359 [INFO] Pass: Optimize1qGatesDecomposition - 0.14043 (ms)
2026-07-02 10:28:11,359 [INFO] Pass: CommutativeCancellation - 0.06866 (ms)
2026-07-02 10:28:11,359 [INFO] Pass: ContractIdleWiresInControlFlow - 0.00167 (ms)
2026-07-02 10:28:11,359 [INFO] Pass: GatesInBasis - 0.01764 (ms)
2026-07-02 10:28:11,359 [INFO] Pass: Depth - 0.01907 (ms)
2026-07-02 10:28:11,359 [INFO] Pass: FixedPoint - 0.00334 (ms)
2026-07-02 10:28:11,359 [INFO] Pass: Size - 0.00191 (ms)
2026-07-02 10:28:11,359 [INFO] Pass: FixedPoint - 0.00286 (ms)
2026-07-02 10:28:11,359 [INFO] Pass: ContainsInstruction - 0.00572 (ms)
2026-07-02 10:28:11,359 [INFO] Total Transpile Time - 93.33301 (ms)
2026-07-02 10:41:27,142 [INFO] Pass: ContainsInstruction - 0.01264 (ms)
2026-07-02 10:41:27,143 [INFO] Pass: UnitarySynthesis - 0.00882 (ms)
2026-07-02 10:41:27,143 [INFO] Pass: HighLevelSynthesis - 0.00620 (ms)
2026-07-02 10:41:27,143 [INFO] Pass: BasisTranslator - 0.06866 (ms)
2026-07-02 10:41:27,143 [INFO] Pass: ElidePermutations - 0.00525 (ms)
2026-07-02 10:41:27,143 [INFO] Pass: RemoveDiagonalGatesBeforeMeasure - 0.00763 (ms)
2026-07-02 10:41:27,143 [INFO] Pass: RemoveIdentityEquivalent - 0.00501 (ms)
2026-07-02 10:41:27,143 [INFO] Pass: InverseCancellation - 0.00548 (ms)
2026-07-02 10:41:27,143 [INFO] Pass: ContractIdleWiresInControlFlow - 0.00238 (ms)
2026-07-02 10:41:27,143 [INFO] Pass: CommutativeCancellation - 0.05960 (ms)
2026-07-02 10:41:27,143 [INFO] Pass: ConsolidateBlocks - 0.04458 (ms)
2026-07-02 10:41:27,143 [INFO] Pass: Split2QUnitaries - 0.00358 (ms)
2026-07-02 10:41:27,143 [INFO] Pass: UnitarySynthesis - 0.00477 (ms)
2026-07-02 10:41:27,143 [INFO] Pass: HighLevelSynthesis - 0.02241 (ms)
2026-07-02 10:41:27,143 [INFO] Pass: BasisTranslator - 0.06914 (ms)
2026-07-02 10:41:27,143 [INFO] Pass: ConsolidateBlocks - 0.04792 (ms)
2026-07-02 10:41:27,143 [INFO] Pass: UnitarySynthesis - 0.00405 (ms)
2026-07-02 10:41:27,143 [INFO] Pass: Depth - 0.01931 (ms)
2026-07-02 10:41:27,144 [INFO] Pass: FixedPoint - 0.00572 (ms)
2026-07-02 10:41:27,144 [INFO] Pass: Size - 0.00334 (ms)
2026-07-02 10:41:27,144 [INFO] Pass: FixedPoint - 0.00286 (ms)
2026-07-02 10:41:27,144 [INFO] Pass: RemoveIdentityEquivalent - 0.00262 (ms)
2026-07-02 10:41:27,144 [INFO] Pass: Optimize1qGatesDecomposition - 0.03457 (ms)
2026-07-02 10:41:27,144 [INFO] Pass: CommutativeCancellation - 0.07343 (ms)
2026-07-02 10:41:27,144 [INFO] Pass: ContractIdleWiresInControlFlow - 0.00191 (ms)
2026-07-02 10:41:27,144 [INFO] Pass: GatesInBasis - 0.02146 (ms)
2026-07-02 10:41:27,144 [INFO] Pass: Depth - 0.01740 (ms)
2026-07-02 10:41:27,144 [INFO] Pass: FixedPoint - 0.00334 (ms)
2026-07-02 10:41:27,144 [INFO] Pass: Size - 0.00215 (ms)
2026-07-02 10:41:27,144 [INFO] Pass: FixedPoint - 0.00286 (ms)
2026-07-02 10:41:27,144 [INFO] Pass: ContainsInstruction - 0.00477 (ms)
2026-07-02 10:41:27,144 [INFO] Total Transpile Time - 94.41972 (ms)
2026-07-02 10:41:27,235 [INFO] Pass: ContainsInstruction - 0.01287 (ms)
2026-07-02 10:41:27,235 [INFO] Pass: UnitarySynthesis - 0.00787 (ms)
2026-07-02 10:41:27,235 [INFO] Pass: HighLevelSynthesis - 0.00668 (ms)
2026-07-02 10:41:27,235 [INFO] Pass: BasisTranslator - 0.07463 (ms)
2026-07-02 10:41:27,235 [INFO] Pass: ElidePermutations - 0.00596 (ms)
2026-07-02 10:41:27,235 [INFO] Pass: RemoveDiagonalGatesBeforeMeasure - 0.00787 (ms)
2026-07-02 10:41:27,235 [INFO] Pass: RemoveIdentityEquivalent - 0.00763 (ms)
2026-07-02 10:41:27,235 [INFO] Pass: InverseCancellation - 0.02480 (ms)
2026-07-02 10:41:27,235 [INFO] Pass: ContractIdleWiresInControlFlow - 0.00215 (ms)
2026-07-02 10:41:27,235 [INFO] Pass: CommutativeCancellation - 0.07415 (ms)
2026-07-02 10:41:27,236 [INFO] Pass: ConsolidateBlocks - 0.04578 (ms)
2026-07-02 10:41:27,236 [INFO] Pass: Split2QUnitaries - 0.00358 (ms)
2026-07-02 10:41:27,236 [INFO] Pass: UnitarySynthesis - 0.00644 (ms)
2026-07-02 10:41:27,236 [INFO] Pass: HighLevelSynthesis - 0.02575 (ms)
2026-07-02 10:41:27,236 [INFO] Pass: BasisTranslator - 0.07272 (ms)
2026-07-02 10:41:27,236 [INFO] Pass: ConsolidateBlocks - 0.05078 (ms)
2026-07-02 10:41:27,236 [INFO] Pass: UnitarySynthesis - 0.00477 (ms)
2026-07-02 10:41:27,236 [INFO] Pass: Depth - 0.02050 (ms)
2026-07-02 10:41:27,236 [INFO] Pass: FixedPoint - 0.00548 (ms)
2026-07-02 10:41:27,236 [INFO] Pass: Size - 0.00453 (ms)
2026-07-02 10:41:27,236 [INFO] Pass: FixedPoint - 0.00286 (ms)
2026-07-02 10:41:27,236 [INFO] Pass: RemoveIdentityEquivalent - 0.00501 (ms)
2026-07-02 10:41:27,236 [INFO] Pass: Optimize1qGatesDecomposition - 0.17428 (ms)
2026-07-02 10:41:27,236 [INFO] Pass: CommutativeCancellation - 0.09060 (ms)
2026-07-02 10:41:27,236 [INFO] Pass: ContractIdleWiresInControlFlow - 0.00191 (ms)
2026-07-02 10:41:27,236 [INFO] Pass: GatesInBasis - 0.02027 (ms)
2026-07-02 10:41:27,236 [INFO] Pass: Depth - 0.02122 (ms)
2026-07-02 10:41:27,236 [INFO] Pass: FixedPoint - 0.00334 (ms)
2026-07-02 10:41:27,236 [INFO] Pass: Size - 0.00238 (ms)
2026-07-02 10:41:27,236 [INFO] Pass: FixedPoint - 0.00310 (ms)
2026-07-02 10:41:27,237 [INFO] Pass: ContainsInstruction - 0.00596 (ms)
2026-07-02 10:41:27,237 [INFO] Total Transpile Time - 92.06581 (ms)
2026-07-02 10:41:27,330 [INFO] Pass: ContainsInstruction - 0.01311 (ms)
2026-07-02 10:41:27,330 [INFO] Pass: UnitarySynthesis - 0.00739 (ms)
2026-07-02 10:41:27,330 [INFO] Pass: HighLevelSynthesis - 0.00739 (ms)
2026-07-02 10:41:27,331 [INFO] Pass: BasisTranslator - 0.07272 (ms)
2026-07-02 10:41:27,331 [INFO] Pass: ElidePermutations - 0.00548 (ms)
2026-07-02 10:41:27,331 [INFO] Pass: RemoveDiagonalGatesBeforeMeasure - 0.00763 (ms)
2026-07-02 10:41:27,331 [INFO] Pass: RemoveIdentityEquivalent - 0.00906 (ms)
2026-07-02 10:41:27,331 [INFO] Pass: InverseCancellation - 0.02432 (ms)
2026-07-02 10:41:27,331 [INFO] Pass: ContractIdleWiresInControlFlow - 0.00238 (ms)
2026-07-02 10:41:27,331 [INFO] Pass: CommutativeCancellation - 0.07534 (ms)
2026-07-02 10:41:27,331 [INFO] Pass: ConsolidateBlocks - 0.04435 (ms)
2026-07-02 10:41:27,331 [INFO] Pass: Split2QUnitaries - 0.00358 (ms)
2026-07-02 10:41:27,331 [INFO] Pass: UnitarySynthesis - 0.00572 (ms)
2026-07-02 10:41:27,331 [INFO] Pass: HighLevelSynthesis - 0.02742 (ms)
2026-07-02 10:41:27,331 [INFO] Pass: BasisTranslator - 0.07319 (ms)
2026-07-02 10:41:27,331 [INFO] Pass: ConsolidateBlocks - 0.05269 (ms)
2026-07-02 10:41:27,331 [INFO] Pass: UnitarySynthesis - 0.00453 (ms)
2026-07-02 10:41:27,331 [INFO] Pass: Depth - 0.02289 (ms)
2026-07-02 10:41:27,331 [INFO] Pass: FixedPoint - 0.00572 (ms)
2026-07-02 10:41:27,331 [INFO] Pass: Size - 0.00453 (ms)
2026-07-02 10:41:27,331 [INFO] Pass: FixedPoint - 0.00310 (ms)
2026-07-02 10:41:27,331 [INFO] Pass: RemoveIdentityEquivalent - 0.00548 (ms)
2026-07-02 10:41:27,332 [INFO] Pass: Optimize1qGatesDecomposition - 0.20075 (ms)
2026-07-02 10:41:27,332 [INFO] Pass: CommutativeCancellation - 0.08321 (ms)
2026-07-02 10:41:27,332 [INFO] Pass: ContractIdleWiresInControlFlow - 0.00215 (ms)
2026-07-02 10:41:27,332 [INFO] Pass: GatesInBasis - 0.02050 (ms)
2026-07-02 10:41:27,332 [INFO] Pass: Depth - 0.02170 (ms)
2026-07-02 10:41:27,332 [INFO] Pass: FixedPoint - 0.00429 (ms)
2026-07-02 10:41:27,332 [INFO] Pass: Size - 0.00262 (ms)
2026-07-02 10:41:27,332 [INFO] Pass: FixedPoint - 0.00286 (ms)
2026-07-02 10:41:27,332 [INFO] Pass: RemoveIdentityEquivalent - 0.00548 (ms)
2026-07-02 10:41:27,332 [INFO] Pass: Optimize1qGatesDecomposition - 0.15044 (ms)
2026-07-02 10:41:27,332 [INFO] Pass: CommutativeCancellation - 0.07296 (ms)
2026-07-02 10:41:27,332 [INFO] Pass: ContractIdleWiresInControlFlow - 0.00191 (ms)
2026-07-02 10:41:27,332 [INFO] Pass: GatesInBasis - 0.01740 (ms)
2026-07-02 10:41:27,332 [INFO] Pass: Depth - 0.02241 (ms)
2026-07-02 10:41:27,332 [INFO] Pass: FixedPoint - 0.00334 (ms)
2026-07-02 10:41:27,332 [INFO] Pass: Size - 0.00191 (ms)
2026-07-02 10:41:27,332 [INFO] Pass: FixedPoint - 0.00262 (ms)
2026-07-02 10:41:27,332 [INFO] Pass: ContainsInstruction - 0.00620 (ms)
2026-07-02 10:41:27,333 [INFO] Total Transpile Time - 95.27183 (ms)
2026-07-02 10:54:55,855 [INFO] Pass: ContainsInstruction - 0.01240 (ms)
2026-07-02 10:54:55,855 [INFO] Pass: UnitarySynthesis - 0.00834 (ms)
2026-07-02 10:54:55,855 [INFO] Pass: HighLevelSynthesis - 0.00572 (ms)
2026-07-02 10:54:55,855 [INFO] Pass: BasisTranslator - 0.07272 (ms)
2026-07-02 10:54:55,855 [INFO] Pass: ElidePermutations - 0.00572 (ms)
2026-07-02 10:54:55,855 [INFO] Pass: RemoveDiagonalGatesBeforeMeasure - 0.00668 (ms)
2026-07-02 10:54:55,855 [INFO] Pass: RemoveIdentityEquivalent - 0.00715 (ms)
2026-07-02 10:54:55,855 [INFO] Pass: InverseCancellation - 0.00572 (ms)
2026-07-02 10:54:55,855 [INFO] Pass: ContractIdleWiresInControlFlow - 0.00238 (ms)
2026-07-02 10:54:55,855 [INFO] Pass: CommutativeCancellation - 0.06294 (ms)
2026-07-02 10:54:55,855 [INFO] Pass: ConsolidateBlocks - 0.04411 (ms)
2026-07-02 10:54:55,855 [INFO] Pass: Split2QUnitaries - 0.00381 (ms)
2026-07-02 10:54:55,855 [INFO] Pass: UnitarySynthesis - 0.00501 (ms)
2026-07-02 10:54:55,856 [INFO] Pass: HighLevelSynthesis - 0.02265 (ms)
2026-07-02 10:54:55,856 [INFO] Pass: BasisTranslator - 0.06986 (ms)
2026-07-02 10:54:55,856 [INFO] Pass: ConsolidateBlocks - 0.05221 (ms)
2026-07-02 10:54:55,856 [INFO] Pass: UnitarySynthesis - 0.00453 (ms)
2026-07-02 10:54:55,856 [INFO] Pass: Depth - 0.02146 (ms)
2026-07-02 10:54:55,856 [INFO] Pass: FixedPoint - 0.00525 (ms)
2026-07-02 10:54:55,856 [INFO] Pass: Size - 0.00453 (ms)
2026-07-02 10:54:55,856 [INFO] Pass: FixedPoint - 0.00310 (ms)
2026-07-02 10:54:55,856 [INFO] Pass: RemoveIdentityEquivalent - 0.00310 (ms)
2026-07-02 10:54:55,856 [INFO] Pass: Optimize1qGatesDecomposition - 0.03409 (ms)
2026-07-02 10:54:55,856 [INFO] Pass: CommutativeCancellation - 0.07868 (ms)
2026-07-02 10:54:55,856 [INFO] Pass: ContractIdleWiresInControlFlow - 0.00191 (ms)
2026-07-02 10:54:55,856 [INFO] Pass: GatesInBasis - 0.01836 (ms)
2026-07-02 10:54:55,856 [INFO] Pass: Depth - 0.01597 (ms)
2026-07-02 10:54:55,856 [INFO] Pass: FixedPoint - 0.00358 (ms)
2026-07-02 10:54:55,856 [INFO] Pass: Size - 0.00215 (ms)
2026-07-02 10:54:55,856 [INFO] Pass: FixedPoint - 0.00286 (ms)
2026-07-02 10:54:55,856 [INFO] Pass: ContainsInstruction - 0.00525 (ms)
2026-07-02 10:54:55,857 [INFO] Total Transpile Time - 92.54217 (ms)
2026-07-02 10:54:55,947 [INFO] Pass: ContainsInstruction - 0.01383 (ms)
2026-07-02 10:54:55,947 [INFO] Pass: UnitarySynthesis - 0.00763 (ms)
2026-07-02 10:54:55,947 [INFO] Pass: HighLevelSynthesis - 0.00596 (ms)
2026-07-02 10:54:55,947 [INFO] Pass: BasisTranslator - 0.07582 (ms)
2026-07-02 10:54:55,947 [INFO] Pass: ElidePermutations - 0.00548 (ms)
2026-07-02 10:54:55,947 [INFO] Pass: RemoveDiagonalGatesBeforeMeasure - 0.00715 (ms)
2026-07-02 10:54:55,947 [INFO] Pass: RemoveIdentityEquivalent - 0.00811 (ms)
2026-07-02 10:54:55,947 [INFO] Pass: InverseCancellation - 0.02408 (ms)
2026-07-02 10:54:55,947 [INFO] Pass: ContractIdleWiresInControlFlow - 0.00215 (ms)
2026-07-02 10:54:55,947 [INFO] Pass: CommutativeCancellation - 0.07391 (ms)
2026-07-02 10:54:55,947 [INFO] Pass: ConsolidateBlocks - 0.04554 (ms)
2026-07-02 10:54:55,947 [INFO] Pass: Split2QUnitaries - 0.00310 (ms)
2026-07-02 10:54:55,947 [INFO] Pass: UnitarySynthesis - 0.00525 (ms)
2026-07-02 10:54:55,947 [INFO] Pass: HighLevelSynthesis - 0.02480 (ms)
2026-07-02 10:54:55,947 [INFO] Pass: BasisTranslator - 0.06938 (ms)
2026-07-02 10:54:55,947 [INFO] Pass: ConsolidateBlocks - 0.05198 (ms)
2026-07-02 10:54:55,948 [INFO] Pass: UnitarySynthesis - 0.00429 (ms)
2026-07-02 10:54:55,948 [INFO] Pass: Depth - 0.02384 (ms)
2026-07-02 10:54:55,948 [INFO] Pass: FixedPoint - 0.00548 (ms)
2026-07-02 10:54:55,948 [INFO] Pass: Size - 0.00453 (ms)
2026-07-02 10:54:55,948 [INFO] Pass: FixedPoint - 0.00286 (ms)
2026-07-02 10:54:55,948 [INFO] Pass: RemoveIdentityEquivalent - 0.00453 (ms)
2026-07-02 10:54:55,948 [INFO] Pass: Optimize1qGatesDecomposition - 0.16451 (ms)
2026-07-02 10:54:55,948 [INFO] Pass: CommutativeCancellation - 0.09346 (ms)
2026-07-02 10:54:55,948 [INFO] Pass: ContractIdleWiresInControlFlow - 0.00191 (ms)
2026-07-02 10:54:55,948 [INFO] Pass: GatesInBasis - 0.02027 (ms)
2026-07-02 10:54:55,948 [INFO] Pass: Depth - 0.01907 (ms)
2026-07-02 10:54:55,948 [INFO] Pass: FixedPoint - 0.00405 (ms)
2026-07-02 10:54:55,948 [INFO] Pass: Size - 0.00215 (ms)
2026-07-02 10:54:55,948 [INFO] Pass: FixedPoint - 0.00310 (ms)
2026-07-02 10:54:55,948 [INFO] Pass: ContainsInstruction - 0.00548 (ms)
2026-07-02 10:54:55,949 [INFO] Total Transpile Time - 91.29167 (ms)
2026-07-02 10:54:56,041 [INFO] Pass: ContainsInstruction - 0.01359 (ms)
2026-07-02 10:54:56,041 [INFO] Pass: UnitarySynthesis - 0.00858 (ms)
2026-07-02 10:54:56,041 [INFO] Pass: HighLevelSynthesis - 0.00644 (ms)
2026-07-02 10:54:56,041 [INFO] Pass: BasisTranslator - 0.06866 (ms)
2026-07-02 10:54:56,041 [INFO] Pass: ElidePermutations - 0.00477 (ms)
2026-07-02 10:54:56,041 [INFO] Pass: RemoveDiagonalGatesBeforeMeasure - 0.00668 (ms)
2026-07-02 10:54:56,041 [INFO] Pass: RemoveIdentityEquivalent - 0.00834 (ms)
2026-07-02 10:54:56,041 [INFO] Pass: InverseCancellation - 0.02432 (ms)
2026-07-02 10:54:56,041 [INFO] Pass: ContractIdleWiresInControlFlow - 0.00215 (ms)
2026-07-02 10:54:56,041 [INFO] Pass: CommutativeCancellation - 0.06676 (ms)
2026-07-02 10:54:56,041 [INFO] Pass: ConsolidateBlocks - 0.04411 (ms)
2026-07-02 10:54:56,041 [INFO] Pass: Split2QUnitaries - 0.00358 (ms)
2026-07-02 10:54:56,041 [INFO] Pass: UnitarySynthesis - 0.00501 (ms)
2026-07-02 10:54:56,041 [INFO] Pass: HighLevelSynthesis - 0.03433 (ms)
2026-07-02 10:54:56,042 [INFO] Pass: BasisTranslator - 0.07367 (ms)
2026-07-02 10:54:56,042 [INFO] Pass: ConsolidateBlocks - 0.05174 (ms)
2026-07-02 10:54:56,042 [INFO] Pass: UnitarySynthesis - 0.00525 (ms)
2026-07-02 10:54:56,042 [INFO] Pass: Depth - 0.02384 (ms)
2026-07-02 10:54:56,042 [INFO] Pass: FixedPoint - 0.00501 (ms)
2026-07-02 10:54:56,042 [INFO] Pass: Size - 0.00429 (ms)
2026-07-02 10:54:56,042 [INFO] Pass: FixedPoint - 0.00310 (ms)
2026-07-02 10:54:56,042 [INFO] Pass: RemoveIdentityEquivalent - 0.00596 (ms)
2026-07-02 10:54:56,042 [INFO] Pass: Optimize1qGatesDecomposition - 0.18263 (ms)
2026-07-02 10:54:56,042 [INFO] Pass: CommutativeCancellation - 0.08011 (ms)
2026-07-02 10:54:56,042 [INFO] Pass: ContractIdleWiresInControlFlow - 0.00238 (ms)
2026-07-02 10:54:56,042 [INFO] Pass: GatesInBasis - 0.02003 (ms)
2026-07-02 10:54:56,042 [INFO] Pass: Depth - 0.01979 (ms)
2026-07-02 10:54:56,042 [INFO] Pass: FixedPoint - 0.00381 (ms)
2026-07-02 10:54:56,042 [INFO] Pass: Size - 0.00238 (ms)
2026-07-02 10:54:56,042 [INFO] Pass: FixedPoint - 0.00286 (ms)
2026-07-02 10:54:56,042 [INFO] Pass: RemoveIdentityEquivalent - 0.00525 (ms)
2026-07-02 10:54:56,043 [INFO] Pass: Optimize1qGatesDecomposition - 0.14806 (ms)
2026-07-02 10:54:56,043 [INFO] Pass: CommutativeCancellation - 0.07224 (ms)
2026-07-02 10:54:56,043 [INFO] Pass: ContractIdleWiresInControlFlow - 0.00215 (ms)
2026-07-02 10:54:56,043 [INFO] Pass: GatesInBasis - 0.01788 (ms)
2026-07-02 10:54:56,043 [INFO] Pass: Depth - 0.01931 (ms)
2026-07-02 10:54:56,043 [INFO] Pass: FixedPoint - 0.00358 (ms)
2026-07-02 10:54:56,043 [INFO] Pass: Size - 0.00215 (ms)
2026-07-02 10:54:56,043 [INFO] Pass: FixedPoint - 0.00310 (ms)
2026-07-02 10:54:56,043 [INFO] Pass: ContainsInstruction - 0.00644 (ms)
2026-07-02 10:54:56,043 [INFO] Total Transpile Time - 93.99033 (ms)
2026-07-02 11:08:17,084 [INFO] Pass: ContainsInstruction - 0.01264 (ms)
2026-07-02 11:08:17,085 [INFO] Pass: UnitarySynthesis - 0.00882 (ms)
2026-07-02 11:08:17,085 [INFO] Pass: HighLevelSynthesis - 0.00691 (ms)
2026-07-02 11:08:17,085 [INFO] Pass: BasisTranslator - 0.07892 (ms)
2026-07-02 11:08:17,085 [INFO] Pass: ElidePermutations - 0.00525 (ms)
2026-07-02 11:08:17,085 [INFO] Pass: RemoveDiagonalGatesBeforeMeasure - 0.00763 (ms)
2026-07-02 11:08:17,085 [INFO] Pass: RemoveIdentityEquivalent - 0.00620 (ms)
2026-07-02 11:08:17,085 [INFO] Pass: InverseCancellation - 0.00548 (ms)
2026-07-02 11:08:17,085 [INFO] Pass: ContractIdleWiresInControlFlow - 0.00238 (ms)
2026-07-02 11:08:17,085 [INFO] Pass: CommutativeCancellation - 0.06175 (ms)
2026-07-02 11:08:17,085 [INFO] Pass: ConsolidateBlocks - 0.04649 (ms)
2026-07-02 11:08:17,085 [INFO] Pass: Split2QUnitaries - 0.00381 (ms)
2026-07-02 11:08:17,085 [INFO] Pass: UnitarySynthesis - 0.00477 (ms)
2026-07-02 11:08:17,085 [INFO] Pass: HighLevelSynthesis - 0.02313 (ms)
2026-07-02 11:08:17,085 [INFO] Pass: BasisTranslator - 0.06366 (ms)
2026-07-02 11:08:17,085 [INFO] Pass: ConsolidateBlocks - 0.04983 (ms)
2026-07-02 11:08:17,085 [INFO] Pass: UnitarySynthesis - 0.00453 (ms)
2026-07-02 11:08:17,085 [INFO] Pass: Depth - 0.01836 (ms)
2026-07-02 11:08:17,085 [INFO] Pass: FixedPoint - 0.00477 (ms)
2026-07-02 11:08:17,085 [INFO] Pass: Size - 0.00477 (ms)
2026-07-02 11:08:17,085 [INFO] Pass: FixedPoint - 0.00310 (ms)
2026-07-02 11:08:17,085 [INFO] Pass: RemoveIdentityEquivalent - 0.00310 (ms)
2026-07-02 11:08:17,086 [INFO] Pass: Optimize1qGatesDecomposition - 0.03624 (ms)
2026-07-02 11:08:17,086 [INFO] Pass: CommutativeCancellation - 0.07319 (ms)
2026-07-02 11:08:17,086 [INFO] Pass: ContractIdleWiresInControlFlow - 0.00191 (ms)
2026-07-02 11:08:17,086 [INFO] Pass: GatesInBasis - 0.01907 (ms)
2026-07-02 11:08:17,086 [INFO] Pass: Depth - 0.01669 (ms)
2026-07-02 11:08:17,086 [INFO] Pass: FixedPoint - 0.00334 (ms)
2026-07-02 11:08:17,086 [INFO] Pass: Size - 0.00167 (ms)
2026-07-02 11:08:17,086 [INFO] Pass: FixedPoint - 0.00262 (ms)
2026-07-02 11:08:17,086 [INFO] Pass: ContainsInstruction - 0.00477 (ms)
2026-07-02 11:08:17,086 [INFO] Total Transpile Time - 94.07496 (ms)
2026-07-02 11:08:17,179 [INFO] Pass: ContainsInstruction - 0.01287 (ms)
2026-07-02 11:08:17,179 [INFO] Pass: UnitarySynthesis - 0.00739 (ms)
2026-07-02 11:08:17,179 [INFO] Pass: HighLevelSynthesis - 0.00596 (ms)
2026-07-02 11:08:17,179 [INFO] Pass: BasisTranslator - 0.07582 (ms)
2026-07-02 11:08:17,179 [INFO] Pass: ElidePermutations - 0.00501 (ms)
2026-07-02 11:08:17,179 [INFO] Pass: RemoveDiagonalGatesBeforeMeasure - 0.00739 (ms)
2026-07-02 11:08:17,179 [INFO] Pass: RemoveIdentityEquivalent - 0.00787 (ms)
2026-07-02 11:08:17,179 [INFO] Pass: InverseCancellation - 0.03099 (ms)
2026-07-02 11:08:17,179 [INFO] Pass: ContractIdleWiresInControlFlow - 0.00215 (ms)
2026-07-02 11:08:17,180 [INFO] Pass: CommutativeCancellation - 0.07367 (ms)
2026-07-02 11:08:17,180 [INFO] Pass: ConsolidateBlocks - 0.04244 (ms)
2026-07-02 11:08:17,180 [INFO] Pass: Split2QUnitaries - 0.00334 (ms)
2026-07-02 11:08:17,180 [INFO] Pass: UnitarySynthesis - 0.00572 (ms)
2026-07-02 11:08:17,180 [INFO] Pass: HighLevelSynthesis - 0.02360 (ms)
2026-07-02 11:08:17,180 [INFO] Pass: BasisTranslator - 0.07153 (ms)
2026-07-02 11:08:17,180 [INFO] Pass: ConsolidateBlocks - 0.05460 (ms)
2026-07-02 11:08:17,180 [INFO] Pass: UnitarySynthesis - 0.00453 (ms)
2026-07-02 11:08:17,180 [INFO] Pass: Depth - 0.02027 (ms)
2026-07-02 11:08:17,180 [INFO] Pass: FixedPoint - 0.00525 (ms)
2026-07-02 11:08:17,180 [INFO] Pass: Size - 0.00405 (ms)
2026-07-02 11:08:17,180 [INFO] Pass: FixedPoint - 0.00262 (ms)
2026-07-02 11:08:17,180 [INFO] Pass: RemoveIdentityEquivalent - 0.00501 (ms)
2026-07-02 11:08:17,180 [INFO] Pass: Optimize1qGatesDecomposition - 0.17405 (ms)
2026-07-02 11:08:17,180 [INFO] Pass: CommutativeCancellation - 0.09704 (ms)
2026-07-02 11:08:17,180 [INFO] Pass: ContractIdleWiresInControlFlow - 0.00191 (ms)
2026-07-02 11:08:17,181 [INFO] Pass: GatesInBasis - 0.02098 (ms)
2026-07-02 11:08:17,181 [INFO] Pass: Depth - 0.02122 (ms)
2026-07-02 11:08:17,181 [INFO] Pass: FixedPoint - 0.00405 (ms)
2026-07-02 11:08:17,181 [INFO] Pass: Size - 0.00215 (ms)
2026-07-02 11:08:17,181 [INFO] Pass: FixedPoint - 0.00310 (ms)
2026-07-02 11:08:17,181 [INFO] Pass: ContainsInstruction - 0.00620 (ms)
2026-07-02 11:08:17,181 [INFO] Total Transpile Time - 94.13004 (ms)
2026-07-02 11:08:17,271 [INFO] Pass: ContainsInstruction - 0.01240 (ms)
2026-07-02 11:08:17,271 [INFO] Pass: UnitarySynthesis - 0.00763 (ms)
2026-07-02 11:08:17,271 [INFO] Pass: HighLevelSynthesis - 0.00548 (ms)
2026-07-02 11:08:17,271 [INFO] Pass: BasisTranslator - 0.06628 (ms)
2026-07-02 11:08:17,271 [INFO] Pass: ElidePermutations - 0.00477 (ms)
2026-07-02 11:08:17,271 [INFO] Pass: RemoveDiagonalGatesBeforeMeasure - 0.00596 (ms)
2026-07-02 11:08:17,271 [INFO] Pass: RemoveIdentityEquivalent - 0.00811 (ms)
2026-07-02 11:08:17,271 [INFO] Pass: InverseCancellation - 0.02456 (ms)
2026-07-02 11:08:17,271 [INFO] Pass: ContractIdleWiresInControlFlow - 0.00215 (ms)
2026-07-02 11:08:17,271 [INFO] Pass: CommutativeCancellation - 0.06866 (ms)
2026-07-02 11:08:17,271 [INFO] Pass: ConsolidateBlocks - 0.05198 (ms)
2026-07-02 11:08:17,272 [INFO] Pass: Split2QUnitaries - 0.00358 (ms)
2026-07-02 11:08:17,272 [INFO] Pass: UnitarySynthesis - 0.00548 (ms)
2026-07-02 11:08:17,272 [INFO] Pass: HighLevelSynthesis - 0.02599 (ms)
2026-07-02 11:08:17,272 [INFO] Pass: BasisTranslator - 0.07010 (ms)
2026-07-02 11:08:17,272 [INFO] Pass: ConsolidateBlocks - 0.05198 (ms)
2026-07-02 11:08:17,272 [INFO] Pass: UnitarySynthesis - 0.00501 (ms)
2026-07-02 11:08:17,272 [INFO] Pass: Depth - 0.02456 (ms)
2026-07-02 11:08:17,272 [INFO] Pass: FixedPoint - 0.00501 (ms)
2026-07-02 11:08:17,272 [INFO] Pass: Size - 0.00358 (ms)
2026-07-02 11:08:17,272 [INFO] Pass: FixedPoint - 0.00286 (ms)
2026-07-02 11:08:17,272 [INFO] Pass: RemoveIdentityEquivalent - 0.00548 (ms)
2026-07-02 11:08:17,272 [INFO] Pass: Optimize1qGatesDecomposition - 0.17452 (ms)
2026-07-02 11:08:17,272 [INFO] Pass: CommutativeCancellation - 0.08154 (ms)
2026-07-02 11:08:17,272 [INFO] Pass: ContractIdleWiresInControlFlow - 0.00215 (ms)
2026-07-02 11:08:17,272 [INFO] Pass: GatesInBasis - 0.02074 (ms)
2026-07-02 11:08:17,272 [INFO] Pass: Depth - 0.01907 (ms)
2026-07-02 11:08:17,272 [INFO] Pass: FixedPoint - 0.00358 (ms)
2026-07-02 11:08:17,272 [INFO] Pass: Size - 0.00215 (ms)
2026-07-02 11:08:17,272 [INFO] Pass: FixedPoint - 0.00286 (ms)
2026-07-02 11:08:17,272 [INFO] Pass: RemoveIdentityEquivalent - 0.00501 (ms)
2026-07-02 11:08:17,273 [INFO] Pass: Optimize1qGatesDecomposition - 0.14424 (ms)
2026-07-02 11:08:17,273 [INFO] Pass: CommutativeCancellation - 0.06747 (ms)
2026-07-02 11:08:17,273 [INFO] Pass: ContractIdleWiresInControlFlow - 0.00191 (ms)
2026-07-02 11:08:17,273 [INFO] Pass: GatesInBasis - 0.01812 (ms)
2026-07-02 11:08:17,273 [INFO] Pass: Depth - 0.01740 (ms)
2026-07-02 11:08:17,273 [INFO] Pass: FixedPoint - 0.00334 (ms)
2026-07-02 11:08:17,273 [INFO] Pass: Size - 0.00215 (ms)
2026-07-02 11:08:17,273 [INFO] Pass: FixedPoint - 0.00286 (ms)
2026-07-02 11:08:17,273 [INFO] Pass: ContainsInstruction - 0.00572 (ms)
2026-07-02 11:08:17,273 [INFO] Total Transpile Time - 91.60781 (ms)
2026-07-02 11:21:46,876 [INFO] Pass: ContainsInstruction - 0.01168 (ms)
2026-07-02 11:21:46,877 [INFO] Pass: UnitarySynthesis - 0.00858 (ms)
2026-07-02 11:21:46,877 [INFO] Pass: HighLevelSynthesis - 0.00668 (ms)
2026-07-02 11:21:46,877 [INFO] Pass: BasisTranslator - 0.07343 (ms)
2026-07-02 11:21:46,877 [INFO] Pass: ElidePermutations - 0.00620 (ms)
2026-07-02 11:21:46,877 [INFO] Pass: RemoveDiagonalGatesBeforeMeasure - 0.00715 (ms)
2026-07-02 11:21:46,877 [INFO] Pass: RemoveIdentityEquivalent - 0.00739 (ms)
2026-07-02 11:21:46,877 [INFO] Pass: InverseCancellation - 0.00501 (ms)
2026-07-02 11:21:46,877 [INFO] Pass: ContractIdleWiresInControlFlow - 0.00215 (ms)
2026-07-02 11:21:46,877 [INFO] Pass: CommutativeCancellation - 0.06509 (ms)
2026-07-02 11:21:46,877 [INFO] Pass: ConsolidateBlocks - 0.04411 (ms)
2026-07-02 11:21:46,877 [INFO] Pass: Split2QUnitaries - 0.00381 (ms)
2026-07-02 11:21:46,877 [INFO] Pass: UnitarySynthesis - 0.00525 (ms)
2026-07-02 11:21:46,877 [INFO] Pass: HighLevelSynthesis - 0.02265 (ms)
2026-07-02 11:21:46,877 [INFO] Pass: BasisTranslator - 0.06652 (ms)
2026-07-02 11:21:46,877 [INFO] Pass: ConsolidateBlocks - 0.06676 (ms)
2026-07-02 11:21:46,878 [INFO] Pass: UnitarySynthesis - 0.00477 (ms)
2026-07-02 11:21:46,878 [INFO] Pass: Depth - 0.02027 (ms)
2026-07-02 11:21:46,878 [INFO] Pass: FixedPoint - 0.00596 (ms)
2026-07-02 11:21:46,878 [INFO] Pass: Size - 0.00334 (ms)
2026-07-02 11:21:46,878 [INFO] Pass: FixedPoint - 0.00286 (ms)
2026-07-02 11:21:46,878 [INFO] Pass: RemoveIdentityEquivalent - 0.00310 (ms)
2026-07-02 11:21:46,878 [INFO] Pass: Optimize1qGatesDecomposition - 0.03505 (ms)
2026-07-02 11:21:46,878 [INFO] Pass: CommutativeCancellation - 0.07629 (ms)
2026-07-02 11:21:46,878 [INFO] Pass: ContractIdleWiresInControlFlow - 0.00191 (ms)
2026-07-02 11:21:46,878 [INFO] Pass: GatesInBasis - 0.01979 (ms)
2026-07-02 11:21:46,878 [INFO] Pass: Depth - 0.01669 (ms)
2026-07-02 11:21:46,878 [INFO] Pass: FixedPoint - 0.00358 (ms)
2026-07-02 11:21:46,878 [INFO] Pass: Size - 0.00191 (ms)
2026-07-02 11:21:46,878 [INFO] Pass: FixedPoint - 0.00286 (ms)
2026-07-02 11:21:46,878 [INFO] Pass: ContainsInstruction - 0.00477 (ms)
2026-07-02 11:21:46,878 [INFO] Total Transpile Time - 92.95321 (ms)
2026-07-02 11:21:46,970 [INFO] Pass: ContainsInstruction - 0.01192 (ms)
2026-07-02 11:21:46,970 [INFO] Pass: UnitarySynthesis - 0.00811 (ms)
2026-07-02 11:21:46,970 [INFO] Pass: HighLevelSynthesis - 0.00596 (ms)
2026-07-02 11:21:46,971 [INFO] Pass: BasisTranslator - 0.07272 (ms)
2026-07-02 11:21:46,971 [INFO] Pass: ElidePermutations - 0.00596 (ms)
2026-07-02 11:21:46,971 [INFO] Pass: RemoveDiagonalGatesBeforeMeasure - 0.00739 (ms)
2026-07-02 11:21:46,971 [INFO] Pass: RemoveIdentityEquivalent - 0.00858 (ms)
2026-07-02 11:21:46,971 [INFO] Pass: InverseCancellation - 0.02480 (ms)
2026-07-02 11:21:46,971 [INFO] Pass: ContractIdleWiresInControlFlow - 0.00238 (ms)
2026-07-02 11:21:46,971 [INFO] Pass: CommutativeCancellation - 0.07510 (ms)
2026-07-02 11:21:46,971 [INFO] Pass: ConsolidateBlocks - 0.04530 (ms)
2026-07-02 11:21:46,971 [INFO] Pass: Split2QUnitaries - 0.00429 (ms)
2026-07-02 11:21:46,971 [INFO] Pass: UnitarySynthesis - 0.00572 (ms)
2026-07-02 11:21:46,971 [INFO] Pass: HighLevelSynthesis - 0.02456 (ms)
2026-07-02 11:21:46,971 [INFO] Pass: BasisTranslator - 0.07319 (ms)
2026-07-02 11:21:46,971 [INFO] Pass: ConsolidateBlocks - 0.05221 (ms)
2026-07-02 11:21:46,971 [INFO] Pass: UnitarySynthesis - 0.00477 (ms)
2026-07-02 11:21:46,971 [INFO] Pass: Depth - 0.02170 (ms)
2026-07-02 11:21:46,971 [INFO] Pass: FixedPoint - 0.00548 (ms)
2026-07-02 11:21:46,971 [INFO] Pass: Size - 0.00358 (ms)
2026-07-02 11:21:46,971 [INFO] Pass: FixedPoint - 0.00286 (ms)
2026-07-02 11:21:46,971 [INFO] Pass: RemoveIdentityEquivalent - 0.00548 (ms)
2026-07-02 11:21:46,972 [INFO] Pass: Optimize1qGatesDecomposition - 0.17405 (ms)
2026-07-02 11:21:46,972 [INFO] Pass: CommutativeCancellation - 0.08988 (ms)
2026-07-02 11:21:46,972 [INFO] Pass: ContractIdleWiresInControlFlow - 0.00215 (ms)
2026-07-02 11:21:46,972 [INFO] Pass: GatesInBasis - 0.01979 (ms)
2026-07-02 11:21:46,972 [INFO] Pass: Depth - 0.01907 (ms)
2026-07-02 11:21:46,972 [INFO] Pass: FixedPoint - 0.00358 (ms)
2026-07-02 11:21:46,972 [INFO] Pass: Size - 0.00238 (ms)
2026-07-02 11:21:46,972 [INFO] Pass: FixedPoint - 0.00286 (ms)
2026-07-02 11:21:46,972 [INFO] Pass: ContainsInstruction - 0.00525 (ms)
2026-07-02 11:21:46,972 [INFO] Total Transpile Time - 93.15848 (ms)
2026-07-02 11:21:47,063 [INFO] Pass: ContainsInstruction - 0.01264 (ms)
2026-07-02 11:21:47,063 [INFO] Pass: UnitarySynthesis - 0.00787 (ms)
2026-07-02 11:21:47,063 [INFO] Pass: HighLevelSynthesis - 0.00548 (ms)
2026-07-02 11:21:47,063 [INFO] Pass: BasisTranslator - 0.06604 (ms)
2026-07-02 11:21:47,063 [INFO] Pass: ElidePermutations - 0.00501 (ms)
2026-07-02 11:21:47,063 [INFO] Pass: RemoveDiagonalGatesBeforeMeasure - 0.00739 (ms)
2026-07-02 11:21:47,064 [INFO] Pass: RemoveIdentityEquivalent - 0.00763 (ms)
2026-07-02 11:21:47,064 [INFO] Pass: InverseCancellation - 0.02503 (ms)
2026-07-02 11:21:47,064 [INFO] Pass: ContractIdleWiresInControlFlow - 0.00215 (ms)
2026-07-02 11:21:47,064 [INFO] Pass: CommutativeCancellation - 0.06866 (ms)
2026-07-02 11:21:47,064 [INFO] Pass: ConsolidateBlocks - 0.04244 (ms)
2026-07-02 11:21:47,064 [INFO] Pass: Split2QUnitaries - 0.00334 (ms)
2026-07-02 11:21:47,064 [INFO] Pass: UnitarySynthesis - 0.00548 (ms)
2026-07-02 11:21:47,064 [INFO] Pass: HighLevelSynthesis - 0.02432 (ms)
2026-07-02 11:21:47,064 [INFO] Pass: BasisTranslator - 0.07391 (ms)
2026-07-02 11:21:47,064 [INFO] Pass: ConsolidateBlocks - 0.04983 (ms)
2026-07-02 11:21:47,064 [INFO] Pass: UnitarySynthesis - 0.00453 (ms)
2026-07-02 11:21:47,064 [INFO] Pass: Depth - 0.02289 (ms)
2026-07-02 11:21:47,064 [INFO] Pass: FixedPoint - 0.00453 (ms)
2026-07-02 11:21:47,064 [INFO] Pass: Size - 0.00334 (ms)
2026-07-02 11:21:47,064 [INFO] Pass: FixedPoint - 0.00262 (ms)
2026-07-02 11:21:47,064 [INFO] Pass: RemoveIdentityEquivalent - 0.00620 (ms)
2026-07-02 11:21:47,064 [INFO] Pass: Optimize1qGatesDecomposition - 0.17166 (ms)
2026-07-02 11:21:47,065 [INFO] Pass: CommutativeCancellation - 0.07915 (ms)
2026-07-02 11:21:47,065 [INFO] Pass: ContractIdleWiresInControlFlow - 0.00215 (ms)
2026-07-02 11:21:47,065 [INFO] Pass: GatesInBasis - 0.02074 (ms)
2026-07-02 11:21:47,065 [INFO] Pass: Depth - 0.02027 (ms)
2026-07-02 11:21:47,065 [INFO] Pass: FixedPoint - 0.00381 (ms)
2026-07-02 11:21:47,065 [INFO] Pass: Size - 0.00215 (ms)
2026-07-02 11:21:47,065 [INFO] Pass: FixedPoint - 0.00286 (ms)
2026-07-02 11:21:47,065 [INFO] Pass: RemoveIdentityEquivalent - 0.00525 (ms)
2026-07-02 11:21:47,065 [INFO] Pass: Optimize1qGatesDecomposition - 0.13924 (ms)
2026-07-02 11:21:47,065 [INFO] Pass: CommutativeCancellation - 0.06723 (ms)
2026-07-02 11:21:47,065 [INFO] Pass: ContractIdleWiresInControlFlow - 0.00167 (ms)
2026-07-02 11:21:47,065 [INFO] Pass: GatesInBasis - 0.01788 (ms)
2026-07-02 11:21:47,065 [INFO] Pass: Depth - 0.01907 (ms)
2026-07-02 11:21:47,065 [INFO] Pass: FixedPoint - 0.00334 (ms)
2026-07-02 11:21:47,065 [INFO] Pass: Size - 0.00191 (ms)
2026-07-02 11:21:47,065 [INFO] Pass: FixedPoint - 0.00262 (ms)
2026-07-02 11:21:47,065 [INFO] Pass: ContainsInstruction - 0.00572 (ms)
2026-07-02 11:21:47,065 [INFO] Total Transpile Time - 92.64231 (ms)
2026-07-02 11:35:02,462 [INFO] Pass: ContainsInstruction - 0.01359 (ms)
2026-07-02 11:35:02,463 [INFO] Pass: UnitarySynthesis - 0.00763 (ms)
2026-07-02 11:35:02,463 [INFO] Pass: HighLevelSynthesis - 0.00596 (ms)
2026-07-02 11:35:02,463 [INFO] Pass: BasisTranslator - 0.06890 (ms)
2026-07-02 11:35:02,463 [INFO] Pass: ElidePermutations - 0.00644 (ms)
2026-07-02 11:35:02,463 [INFO] Pass: RemoveDiagonalGatesBeforeMeasure - 0.00691 (ms)
2026-07-02 11:35:02,463 [INFO] Pass: RemoveIdentityEquivalent - 0.00501 (ms)
2026-07-02 11:35:02,463 [INFO] Pass: InverseCancellation - 0.00548 (ms)
2026-07-02 11:35:02,463 [INFO] Pass: ContractIdleWiresInControlFlow - 0.00215 (ms)
2026-07-02 11:35:02,463 [INFO] Pass: CommutativeCancellation - 0.05531 (ms)
2026-07-02 11:35:02,463 [INFO] Pass: ConsolidateBlocks - 0.04244 (ms)
2026-07-02 11:35:02,463 [INFO] Pass: Split2QUnitaries - 0.00405 (ms)
2026-07-02 11:35:02,463 [INFO] Pass: UnitarySynthesis - 0.00477 (ms)
2026-07-02 11:35:02,463 [INFO] Pass: HighLevelSynthesis - 0.02170 (ms)
2026-07-02 11:35:02,463 [INFO] Pass: BasisTranslator - 0.06342 (ms)
2026-07-02 11:35:02,463 [INFO] Pass: ConsolidateBlocks - 0.04840 (ms)
2026-07-02 11:35:02,463 [INFO] Pass: UnitarySynthesis - 0.00405 (ms)
2026-07-02 11:35:02,463 [INFO] Pass: Depth - 0.03529 (ms)
2026-07-02 11:35:02,463 [INFO] Pass: FixedPoint - 0.00548 (ms)
2026-07-02 11:35:02,463 [INFO] Pass: Size - 0.00429 (ms)
2026-07-02 11:35:02,464 [INFO] Pass: FixedPoint - 0.00334 (ms)
2026-07-02 11:35:02,464 [INFO] Pass: RemoveIdentityEquivalent - 0.00310 (ms)
2026-07-02 11:35:02,464 [INFO] Pass: Optimize1qGatesDecomposition - 0.03505 (ms)
2026-07-02 11:35:02,464 [INFO] Pass: CommutativeCancellation - 0.07415 (ms)
2026-07-02 11:35:02,464 [INFO] Pass: ContractIdleWiresInControlFlow - 0.00167 (ms)
2026-07-02 11:35:02,464 [INFO] Pass: GatesInBasis - 0.01931 (ms)
2026-07-02 11:35:02,464 [INFO] Pass: Depth - 0.01717 (ms)
2026-07-02 11:35:02,464 [INFO] Pass: FixedPoint - 0.00358 (ms)
2026-07-02 11:35:02,464 [INFO] Pass: Size - 0.00215 (ms)
2026-07-02 11:35:02,464 [INFO] Pass: FixedPoint - 0.00286 (ms)
2026-07-02 11:35:02,464 [INFO] Pass: ContainsInstruction - 0.00525 (ms)
2026-07-02 11:35:02,464 [INFO] Total Transpile Time - 92.74864 (ms)
2026-07-02 11:35:02,557 [INFO] Pass: ContainsInstruction - 0.01264 (ms)
2026-07-02 11:35:02,558 [INFO] Pass: UnitarySynthesis - 0.00787 (ms)
2026-07-02 11:35:02,558 [INFO] Pass: HighLevelSynthesis - 0.00644 (ms)
2026-07-02 11:35:02,558 [INFO] Pass: BasisTranslator - 0.07319 (ms)
2026-07-02 11:35:02,558 [INFO] Pass: ElidePermutations - 0.00477 (ms)
2026-07-02 11:35:02,558 [INFO] Pass: RemoveDiagonalGatesBeforeMeasure - 0.00715 (ms)
2026-07-02 11:35:02,558 [INFO] Pass: RemoveIdentityEquivalent - 0.00787 (ms)
2026-07-02 11:35:02,558 [INFO] Pass: InverseCancellation - 0.02503 (ms)
2026-07-02 11:35:02,558 [INFO] Pass: ContractIdleWiresInControlFlow - 0.00215 (ms)
2026-07-02 11:35:02,558 [INFO] Pass: CommutativeCancellation - 0.06986 (ms)
2026-07-02 11:35:02,558 [INFO] Pass: ConsolidateBlocks - 0.04315 (ms)
2026-07-02 11:35:02,558 [INFO] Pass: Split2QUnitaries - 0.00405 (ms)
2026-07-02 11:35:02,558 [INFO] Pass: UnitarySynthesis - 0.00572 (ms)
2026-07-02 11:35:02,558 [INFO] Pass: HighLevelSynthesis - 0.02408 (ms)
2026-07-02 11:35:02,558 [INFO] Pass: BasisTranslator - 0.06962 (ms)
2026-07-02 11:35:02,558 [INFO] Pass: ConsolidateBlocks - 0.04983 (ms)
2026-07-02 11:35:02,558 [INFO] Pass: UnitarySynthesis - 0.00453 (ms)
2026-07-02 11:35:02,558 [INFO] Pass: Depth - 0.02122 (ms)
2026-07-02 11:35:02,558 [INFO] Pass: FixedPoint - 0.00501 (ms)
2026-07-02 11:35:02,558 [INFO] Pass: Size - 0.00381 (ms)
2026-07-02 11:35:02,558 [INFO] Pass: FixedPoint - 0.00262 (ms)
2026-07-02 11:35:02,558 [INFO] Pass: RemoveIdentityEquivalent - 0.00453 (ms)
2026-07-02 11:35:02,559 [INFO] Pass: Optimize1qGatesDecomposition - 0.17262 (ms)
2026-07-02 11:35:02,559 [INFO] Pass: CommutativeCancellation - 0.08893 (ms)
2026-07-02 11:35:02,559 [INFO] Pass: ContractIdleWiresInControlFlow - 0.00191 (ms)
2026-07-02 11:35:02,559 [INFO] Pass: GatesInBasis - 0.01955 (ms)
2026-07-02 11:35:02,559 [INFO] Pass: Depth - 0.02193 (ms)
2026-07-02 11:35:02,559 [INFO] Pass: FixedPoint - 0.00381 (ms)
2026-07-02 11:35:02,559 [INFO] Pass: Size - 0.00215 (ms)
2026-07-02 11:35:02,559 [INFO] Pass: FixedPoint - 0.00286 (ms)
2026-07-02 11:35:02,559 [INFO] Pass: ContainsInstruction - 0.00596 (ms)
2026-07-02 11:35:02,559 [INFO] Total Transpile Time - 94.45548 (ms)
2026-07-02 11:35:02,652 [INFO] Pass: ContainsInstruction - 0.01264 (ms)
2026-07-02 11:35:02,652 [INFO] Pass: UnitarySynthesis - 0.00787 (ms)
2026-07-02 11:35:02,652 [INFO] Pass: HighLevelSynthesis - 0.00691 (ms)
2026-07-02 11:35:02,652 [INFO] Pass: BasisTranslator - 0.07391 (ms)
2026-07-02 11:35:02,652 [INFO] Pass: ElidePermutations - 0.00501 (ms)
2026-07-02 11:35:02,652 [INFO] Pass: RemoveDiagonalGatesBeforeMeasure - 0.00715 (ms)
2026-07-02 11:35:02,652 [INFO] Pass: RemoveIdentityEquivalent - 0.00882 (ms)
2026-07-02 11:35:02,652 [INFO] Pass: InverseCancellation - 0.02599 (ms)
2026-07-02 11:35:02,652 [INFO] Pass: ContractIdleWiresInControlFlow - 0.00215 (ms)
2026-07-02 11:35:02,652 [INFO] Pass: CommutativeCancellation - 0.07057 (ms)
2026-07-02 11:35:02,652 [INFO] Pass: ConsolidateBlocks - 0.04458 (ms)
2026-07-02 11:35:02,652 [INFO] Pass: Split2QUnitaries - 0.00334 (ms)
2026-07-02 11:35:02,652 [INFO] Pass: UnitarySynthesis - 0.00548 (ms)
2026-07-02 11:35:02,652 [INFO] Pass: HighLevelSynthesis - 0.03314 (ms)
2026-07-02 11:35:02,653 [INFO] Pass: BasisTranslator - 0.07248 (ms)
2026-07-02 11:35:02,653 [INFO] Pass: ConsolidateBlocks - 0.05293 (ms)
2026-07-02 11:35:02,653 [INFO] Pass: UnitarySynthesis - 0.00501 (ms)
2026-07-02 11:35:02,653 [INFO] Pass: Depth - 0.02122 (ms)
2026-07-02 11:35:02,653 [INFO] Pass: FixedPoint - 0.00501 (ms)
2026-07-02 11:35:02,653 [INFO] Pass: Size - 0.00381 (ms)
2026-07-02 11:35:02,653 [INFO] Pass: FixedPoint - 0.00286 (ms)
2026-07-02 11:35:02,653 [INFO] Pass: RemoveIdentityEquivalent - 0.00548 (ms)
2026-07-02 11:35:02,653 [INFO] Pass: Optimize1qGatesDecomposition - 0.18978 (ms)
2026-07-02 11:35:02,653 [INFO] Pass: CommutativeCancellation - 0.08130 (ms)
2026-07-02 11:35:02,653 [INFO] Pass: ContractIdleWiresInControlFlow - 0.00215 (ms)
2026-07-02 11:35:02,653 [INFO] Pass: GatesInBasis - 0.02050 (ms)
2026-07-02 11:35:02,653 [INFO] Pass: Depth - 0.02170 (ms)
2026-07-02 11:35:02,653 [INFO] Pass: FixedPoint - 0.00405 (ms)
2026-07-02 11:35:02,653 [INFO] Pass: Size - 0.00238 (ms)
2026-07-02 11:35:02,653 [INFO] Pass: FixedPoint - 0.00286 (ms)
2026-07-02 11:35:02,653 [INFO] Pass: RemoveIdentityEquivalent - 0.00501 (ms)
2026-07-02 11:35:02,654 [INFO] Pass: Optimize1qGatesDecomposition - 0.15688 (ms)
2026-07-02 11:35:02,654 [INFO] Pass: CommutativeCancellation - 0.07319 (ms)
2026-07-02 11:35:02,654 [INFO] Pass: ContractIdleWiresInControlFlow - 0.00215 (ms)
2026-07-02 11:35:02,654 [INFO] Pass: GatesInBasis - 0.01717 (ms)
2026-07-02 11:35:02,654 [INFO] Pass: Depth - 0.01812 (ms)
2026-07-02 11:35:02,654 [INFO] Pass: FixedPoint - 0.00334 (ms)
2026-07-02 11:35:02,654 [INFO] Pass: Size - 0.00215 (ms)
2026-07-02 11:35:02,654 [INFO] Pass: FixedPoint - 0.00286 (ms)
2026-07-02 11:35:02,654 [INFO] Pass: ContainsInstruction - 0.00620 (ms)
2026-07-02 11:35:02,654 [INFO] Total Transpile Time - 94.24067 (ms)
2026-07-02 11:48:26,432 [INFO] Pass: ContainsInstruction - 0.01264 (ms)
2026-07-02 11:48:26,433 [INFO] Pass: UnitarySynthesis - 0.00834 (ms)
2026-07-02 11:48:26,433 [INFO] Pass: HighLevelSynthesis - 0.00548 (ms)
2026-07-02 11:48:26,433 [INFO] Pass: BasisTranslator - 0.07391 (ms)
2026-07-02 11:48:26,433 [INFO] Pass: ElidePermutations - 0.00572 (ms)
2026-07-02 11:48:26,433 [INFO] Pass: RemoveDiagonalGatesBeforeMeasure - 0.00763 (ms)
2026-07-02 11:48:26,433 [INFO] Pass: RemoveIdentityEquivalent - 0.00548 (ms)
2026-07-02 11:48:26,433 [INFO] Pass: InverseCancellation - 0.00572 (ms)
2026-07-02 11:48:26,433 [INFO] Pass: ContractIdleWiresInControlFlow - 0.00215 (ms)
2026-07-02 11:48:26,433 [INFO] Pass: CommutativeCancellation - 0.06104 (ms)
2026-07-02 11:48:26,433 [INFO] Pass: ConsolidateBlocks - 0.04196 (ms)
2026-07-02 11:48:26,433 [INFO] Pass: Split2QUnitaries - 0.00358 (ms)
2026-07-02 11:48:26,433 [INFO] Pass: UnitarySynthesis - 0.00453 (ms)
2026-07-02 11:48:26,433 [INFO] Pass: HighLevelSynthesis - 0.02098 (ms)
2026-07-02 11:48:26,433 [INFO] Pass: BasisTranslator - 0.06747 (ms)
2026-07-02 11:48:26,433 [INFO] Pass: ConsolidateBlocks - 0.05627 (ms)
2026-07-02 11:48:26,434 [INFO] Pass: UnitarySynthesis - 0.00453 (ms)
2026-07-02 11:48:26,434 [INFO] Pass: Depth - 0.02241 (ms)
2026-07-02 11:48:26,434 [INFO] Pass: FixedPoint - 0.00501 (ms)
2026-07-02 11:48:26,434 [INFO] Pass: Size - 0.00381 (ms)
2026-07-02 11:48:26,434 [INFO] Pass: FixedPoint - 0.00262 (ms)
2026-07-02 11:48:26,434 [INFO] Pass: RemoveIdentityEquivalent - 0.00310 (ms)
2026-07-02 11:48:26,434 [INFO] Pass: Optimize1qGatesDecomposition - 0.03409 (ms)
2026-07-02 11:48:26,434 [INFO] Pass: CommutativeCancellation - 0.07701 (ms)
2026-07-02 11:48:26,434 [INFO] Pass: ContractIdleWiresInControlFlow - 0.00191 (ms)
2026-07-02 11:48:26,434 [INFO] Pass: GatesInBasis - 0.01812 (ms)
2026-07-02 11:48:26,434 [INFO] Pass: Depth - 0.01907 (ms)
2026-07-02 11:48:26,434 [INFO] Pass: FixedPoint - 0.00334 (ms)
2026-07-02 11:48:26,434 [INFO] Pass: Size - 0.00215 (ms)
2026-07-02 11:48:26,434 [INFO] Pass: FixedPoint - 0.00310 (ms)
2026-07-02 11:48:26,434 [INFO] Pass: ContainsInstruction - 0.00477 (ms)
2026-07-02 11:48:26,434 [INFO] Total Transpile Time - 93.64343 (ms)
2026-07-02 11:48:26,526 [INFO] Pass: ContainsInstruction - 0.01192 (ms)
2026-07-02 11:48:26,526 [INFO] Pass: UnitarySynthesis - 0.00691 (ms)
2026-07-02 11:48:26,526 [INFO] Pass: HighLevelSynthesis - 0.00548 (ms)
2026-07-02 11:48:26,526 [INFO] Pass: BasisTranslator - 0.06533 (ms)
2026-07-02 11:48:26,526 [INFO] Pass: ElidePermutations - 0.00477 (ms)
2026-07-02 11:48:26,526 [INFO] Pass: RemoveDiagonalGatesBeforeMeasure - 0.00715 (ms)
2026-07-02 11:48:26,526 [INFO] Pass: RemoveIdentityEquivalent - 0.00715 (ms)
2026-07-02 11:48:26,526 [INFO] Pass: InverseCancellation - 0.02289 (ms)
2026-07-02 11:48:26,526 [INFO] Pass: ContractIdleWiresInControlFlow - 0.00191 (ms)
2026-07-02 11:48:26,526 [INFO] Pass: CommutativeCancellation - 0.07606 (ms)
2026-07-02 11:48:26,526 [INFO] Pass: ConsolidateBlocks - 0.04363 (ms)
2026-07-02 11:48:26,526 [INFO] Pass: Split2QUnitaries - 0.00310 (ms)
2026-07-02 11:48:26,526 [INFO] Pass: UnitarySynthesis - 0.00525 (ms)
2026-07-02 11:48:26,526 [INFO] Pass: HighLevelSynthesis - 0.02337 (ms)
2026-07-02 11:48:26,527 [INFO] Pass: BasisTranslator - 0.07057 (ms)
2026-07-02 11:48:26,527 [INFO] Pass: ConsolidateBlocks - 0.04935 (ms)
2026-07-02 11:48:26,527 [INFO] Pass: UnitarySynthesis - 0.00501 (ms)
2026-07-02 11:48:26,527 [INFO] Pass: Depth - 0.02027 (ms)
2026-07-02 11:48:26,527 [INFO] Pass: FixedPoint - 0.00453 (ms)
2026-07-02 11:48:26,527 [INFO] Pass: Size - 0.00334 (ms)
2026-07-02 11:48:26,527 [INFO] Pass: FixedPoint - 0.00238 (ms)
2026-07-02 11:48:26,527 [INFO] Pass: RemoveIdentityEquivalent - 0.00429 (ms)
2026-07-02 11:48:26,527 [INFO] Pass: Optimize1qGatesDecomposition - 0.16236 (ms)
2026-07-02 11:48:26,527 [INFO] Pass: CommutativeCancellation - 0.09012 (ms)
2026-07-02 11:48:26,527 [INFO] Pass: ContractIdleWiresInControlFlow - 0.00238 (ms)
2026-07-02 11:48:26,527 [INFO] Pass: GatesInBasis - 0.02003 (ms)
2026-07-02 11:48:26,527 [INFO] Pass: Depth - 0.02098 (ms)
2026-07-02 11:48:26,527 [INFO] Pass: FixedPoint - 0.00358 (ms)
2026-07-02 11:48:26,527 [INFO] Pass: Size - 0.00215 (ms)
2026-07-02 11:48:26,527 [INFO] Pass: FixedPoint - 0.00334 (ms)
2026-07-02 11:48:26,527 [INFO] Pass: ContainsInstruction - 0.00501 (ms)
2026-07-02 11:48:26,528 [INFO] Total Transpile Time - 92.80539 (ms)
2026-07-02 11:48:26,619 [INFO] Pass: ContainsInstruction - 0.01335 (ms)
2026-07-02 11:48:26,619 [INFO] Pass: UnitarySynthesis - 0.00787 (ms)
2026-07-02 11:48:26,620 [INFO] Pass: HighLevelSynthesis - 0.00620 (ms)
2026-07-02 11:48:26,620 [INFO] Pass: BasisTranslator - 0.07224 (ms)
2026-07-02 11:48:26,620 [INFO] Pass: ElidePermutations - 0.00572 (ms)
2026-07-02 11:48:26,620 [INFO] Pass: RemoveDiagonalGatesBeforeMeasure - 0.00668 (ms)
2026-07-02 11:48:26,620 [INFO] Pass: RemoveIdentityEquivalent - 0.00834 (ms)
2026-07-02 11:48:26,620 [INFO] Pass: InverseCancellation - 0.02575 (ms)
2026-07-02 11:48:26,620 [INFO] Pass: ContractIdleWiresInControlFlow - 0.00262 (ms)
2026-07-02 11:48:26,620 [INFO] Pass: CommutativeCancellation - 0.07534 (ms)
2026-07-02 11:48:26,620 [INFO] Pass: ConsolidateBlocks - 0.04411 (ms)
2026-07-02 11:48:26,620 [INFO] Pass: Split2QUnitaries - 0.00358 (ms)
2026-07-02 11:48:26,620 [INFO] Pass: UnitarySynthesis - 0.00525 (ms)
2026-07-02 11:48:26,620 [INFO] Pass: HighLevelSynthesis - 0.02766 (ms)
2026-07-02 11:48:26,620 [INFO] Pass: BasisTranslator - 0.07129 (ms)
2026-07-02 11:48:26,620 [INFO] Pass: ConsolidateBlocks - 0.05126 (ms)
2026-07-02 11:48:26,620 [INFO] Pass: UnitarySynthesis - 0.00477 (ms)
2026-07-02 11:48:26,620 [INFO] Pass: Depth - 0.02193 (ms)
2026-07-02 11:48:26,620 [INFO] Pass: FixedPoint - 0.00477 (ms)
2026-07-02 11:48:26,620 [INFO] Pass: Size - 0.00381 (ms)
2026-07-02 11:48:26,620 [INFO] Pass: FixedPoint - 0.00286 (ms)
2026-07-02 11:48:26,620 [INFO] Pass: RemoveIdentityEquivalent - 0.00596 (ms)
2026-07-02 11:48:26,621 [INFO] Pass: Optimize1qGatesDecomposition - 0.18859 (ms)
2026-07-02 11:48:26,621 [INFO] Pass: CommutativeCancellation - 0.08225 (ms)
2026-07-02 11:48:26,621 [INFO] Pass: ContractIdleWiresInControlFlow - 0.00191 (ms)
2026-07-02 11:48:26,621 [INFO] Pass: GatesInBasis - 0.02098 (ms)
2026-07-02 11:48:26,621 [INFO] Pass: Depth - 0.01931 (ms)
2026-07-02 11:48:26,621 [INFO] Pass: FixedPoint - 0.00381 (ms)
2026-07-02 11:48:26,621 [INFO] Pass: Size - 0.00238 (ms)
2026-07-02 11:48:26,621 [INFO] Pass: FixedPoint - 0.00310 (ms)
2026-07-02 11:48:26,621 [INFO] Pass: RemoveIdentityEquivalent - 0.00525 (ms)
2026-07-02 11:48:26,621 [INFO] Pass: Optimize1qGatesDecomposition - 0.14997 (ms)
2026-07-02 11:48:26,621 [INFO] Pass: CommutativeCancellation - 0.07367 (ms)
2026-07-02 11:48:26,621 [INFO] Pass: ContractIdleWiresInControlFlow - 0.00167 (ms)
2026-07-02 11:48:26,621 [INFO] Pass: GatesInBasis - 0.01788 (ms)
2026-07-02 11:48:26,621 [INFO] Pass: Depth - 0.02050 (ms)
2026-07-02 11:48:26,621 [INFO] Pass: FixedPoint - 0.00334 (ms)
2026-07-02 11:48:26,621 [INFO] Pass: Size - 0.00191 (ms)
2026-07-02 11:48:26,621 [INFO] Pass: FixedPoint - 0.00262 (ms)
2026-07-02 11:48:26,621 [INFO] Pass: ContainsInstruction - 0.00596 (ms)
2026-07-02 11:48:26,622 [INFO] Total Transpile Time - 93.58764 (ms)
2026-07-02 12:01:43,416 [INFO] Pass: ContainsInstruction - 0.01144 (ms)
2026-07-02 12:01:43,416 [INFO] Pass: UnitarySynthesis - 0.00858 (ms)
2026-07-02 12:01:43,416 [INFO] Pass: HighLevelSynthesis - 0.01454 (ms)
2026-07-02 12:01:43,417 [INFO] Pass: BasisTranslator - 0.06962 (ms)
2026-07-02 12:01:43,417 [INFO] Pass: ElidePermutations - 0.00548 (ms)
2026-07-02 12:01:43,417 [INFO] Pass: RemoveDiagonalGatesBeforeMeasure - 0.00715 (ms)
2026-07-02 12:01:43,417 [INFO] Pass: RemoveIdentityEquivalent - 0.00477 (ms)
2026-07-02 12:01:43,417 [INFO] Pass: InverseCancellation - 0.00548 (ms)
2026-07-02 12:01:43,417 [INFO] Pass: ContractIdleWiresInControlFlow - 0.00215 (ms)
2026-07-02 12:01:43,417 [INFO] Pass: CommutativeCancellation - 0.06318 (ms)
2026-07-02 12:01:43,417 [INFO] Pass: ConsolidateBlocks - 0.04458 (ms)
2026-07-02 12:01:43,417 [INFO] Pass: Split2QUnitaries - 0.00358 (ms)
2026-07-02 12:01:43,417 [INFO] Pass: UnitarySynthesis - 0.00501 (ms)
2026-07-02 12:01:43,417 [INFO] Pass: HighLevelSynthesis - 0.02217 (ms)
2026-07-02 12:01:43,417 [INFO] Pass: BasisTranslator - 0.06700 (ms)
2026-07-02 12:01:43,417 [INFO] Pass: ConsolidateBlocks - 0.04673 (ms)
2026-07-02 12:01:43,417 [INFO] Pass: UnitarySynthesis - 0.00453 (ms)
2026-07-02 12:01:43,417 [INFO] Pass: Depth - 0.02027 (ms)
2026-07-02 12:01:43,417 [INFO] Pass: FixedPoint - 0.00453 (ms)
2026-07-02 12:01:43,417 [INFO] Pass: Size - 0.00381 (ms)
2026-07-02 12:01:43,417 [INFO] Pass: FixedPoint - 0.00310 (ms)
2026-07-02 12:01:43,417 [INFO] Pass: RemoveIdentityEquivalent - 0.00358 (ms)
2026-07-02 12:01:43,417 [INFO] Pass: Optimize1qGatesDecomposition - 0.03481 (ms)
2026-07-02 12:01:43,417 [INFO] Pass: CommutativeCancellation - 0.08440 (ms)
2026-07-02 12:01:43,417 [INFO] Pass: ContractIdleWiresInControlFlow - 0.00215 (ms)
2026-07-02 12:01:43,418 [INFO] Pass: GatesInBasis - 0.02003 (ms)
2026-07-02 12:01:43,418 [INFO] Pass: Depth - 0.02098 (ms)
2026-07-02 12:01:43,418 [INFO] Pass: FixedPoint - 0.00334 (ms)
2026-07-02 12:01:43,418 [INFO] Pass: Size - 0.00215 (ms)
2026-07-02 12:01:43,418 [INFO] Pass: FixedPoint - 0.00238 (ms)
2026-07-02 12:01:43,418 [INFO] Pass: ContainsInstruction - 0.00548 (ms)
2026-07-02 12:01:43,418 [INFO] Total Transpile Time - 94.84887 (ms)
2026-07-02 12:01:43,509 [INFO] Pass: ContainsInstruction - 0.01216 (ms)
2026-07-02 12:01:43,509 [INFO] Pass: UnitarySynthesis - 0.00763 (ms)
2026-07-02 12:01:43,509 [INFO] Pass: HighLevelSynthesis - 0.00620 (ms)
2026-07-02 12:01:43,509 [INFO] Pass: BasisTranslator - 0.06533 (ms)
2026-07-02 12:01:43,509 [INFO] Pass: ElidePermutations - 0.00501 (ms)
2026-07-02 12:01:43,509 [INFO] Pass: RemoveDiagonalGatesBeforeMeasure - 0.00811 (ms)
2026-07-02 12:01:43,509 [INFO] Pass: RemoveIdentityEquivalent - 0.00715 (ms)
2026-07-02 12:01:43,509 [INFO] Pass: InverseCancellation - 0.02360 (ms)
2026-07-02 12:01:43,509 [INFO] Pass: ContractIdleWiresInControlFlow - 0.00191 (ms)
2026-07-02 12:01:43,510 [INFO] Pass: CommutativeCancellation - 0.07486 (ms)
2026-07-02 12:01:43,510 [INFO] Pass: ConsolidateBlocks - 0.04244 (ms)
2026-07-02 12:01:43,510 [INFO] Pass: Split2QUnitaries - 0.00334 (ms)
2026-07-02 12:01:43,510 [INFO] Pass: UnitarySynthesis - 0.00477 (ms)
2026-07-02 12:01:43,510 [INFO] Pass: HighLevelSynthesis - 0.02360 (ms)
2026-07-02 12:01:43,510 [INFO] Pass: BasisTranslator - 0.06938 (ms)
2026-07-02 12:01:43,510 [INFO] Pass: ConsolidateBlocks - 0.04840 (ms)
2026-07-02 12:01:43,510 [INFO] Pass: UnitarySynthesis - 0.00453 (ms)
2026-07-02 12:01:43,510 [INFO] Pass: Depth - 0.02337 (ms)
2026-07-02 12:01:43,510 [INFO] Pass: FixedPoint - 0.00477 (ms)
2026-07-02 12:01:43,510 [INFO] Pass: Size - 0.00381 (ms)
2026-07-02 12:01:43,510 [INFO] Pass: FixedPoint - 0.00286 (ms)
2026-07-02 12:01:43,510 [INFO] Pass: RemoveIdentityEquivalent - 0.00405 (ms)
2026-07-02 12:01:43,510 [INFO] Pass: Optimize1qGatesDecomposition - 0.15688 (ms)
2026-07-02 12:01:43,510 [INFO] Pass: CommutativeCancellation - 0.08965 (ms)
2026-07-02 12:01:43,510 [INFO] Pass: ContractIdleWiresInControlFlow - 0.00215 (ms)
2026-07-02 12:01:43,511 [INFO] Pass: GatesInBasis - 0.02050 (ms)
2026-07-02 12:01:43,511 [INFO] Pass: Depth - 0.02098 (ms)
2026-07-02 12:01:43,511 [INFO] Pass: FixedPoint - 0.00358 (ms)
2026-07-02 12:01:43,511 [INFO] Pass: Size - 0.00215 (ms)
2026-07-02 12:01:43,511 [INFO] Pass: FixedPoint - 0.00262 (ms)
2026-07-02 12:01:43,511 [INFO] Pass: ContainsInstruction - 0.00501 (ms)
2026-07-02 12:01:43,511 [INFO] Total Transpile Time - 92.41056 (ms)
2026-07-02 12:01:43,602 [INFO] Pass: ContainsInstruction - 0.01264 (ms)
2026-07-02 12:01:43,602 [INFO] Pass: UnitarySynthesis - 0.00787 (ms)
2026-07-02 12:01:43,602 [INFO] Pass: HighLevelSynthesis - 0.00644 (ms)
2026-07-02 12:01:43,602 [INFO] Pass: BasisTranslator - 0.06986 (ms)
2026-07-02 12:01:43,602 [INFO] Pass: ElidePermutations - 0.00525 (ms)
2026-07-02 12:01:43,602 [INFO] Pass: RemoveDiagonalGatesBeforeMeasure - 0.00644 (ms)
2026-07-02 12:01:43,602 [INFO] Pass: RemoveIdentityEquivalent - 0.00882 (ms)
2026-07-02 12:01:43,602 [INFO] Pass: InverseCancellation - 0.02289 (ms)
2026-07-02 12:01:43,602 [INFO] Pass: ContractIdleWiresInControlFlow - 0.00215 (ms)
2026-07-02 12:01:43,602 [INFO] Pass: CommutativeCancellation - 0.08130 (ms)
2026-07-02 12:01:43,603 [INFO] Pass: ConsolidateBlocks - 0.04506 (ms)
2026-07-02 12:01:43,603 [INFO] Pass: Split2QUnitaries - 0.00381 (ms)
2026-07-02 12:01:43,603 [INFO] Pass: UnitarySynthesis - 0.00596 (ms)
2026-07-02 12:01:43,603 [INFO] Pass: HighLevelSynthesis - 0.02646 (ms)
2026-07-02 12:01:43,603 [INFO] Pass: BasisTranslator - 0.07224 (ms)
2026-07-02 12:01:43,603 [INFO] Pass: ConsolidateBlocks - 0.05412 (ms)
2026-07-02 12:01:43,603 [INFO] Pass: UnitarySynthesis - 0.00477 (ms)
2026-07-02 12:01:43,603 [INFO] Pass: Depth - 0.02122 (ms)
2026-07-02 12:01:43,603 [INFO] Pass: FixedPoint - 0.00644 (ms)
2026-07-02 12:01:43,603 [INFO] Pass: Size - 0.00405 (ms)
2026-07-02 12:01:43,603 [INFO] Pass: FixedPoint - 0.00286 (ms)
2026-07-02 12:01:43,603 [INFO] Pass: RemoveIdentityEquivalent - 0.00572 (ms)
2026-07-02 12:01:43,603 [INFO] Pass: Optimize1qGatesDecomposition - 0.18764 (ms)
2026-07-02 12:01:43,603 [INFO] Pass: CommutativeCancellation - 0.08202 (ms)
2026-07-02 12:01:43,603 [INFO] Pass: ContractIdleWiresInControlFlow - 0.00191 (ms)
2026-07-02 12:01:43,603 [INFO] Pass: GatesInBasis - 0.02003 (ms)
2026-07-02 12:01:43,603 [INFO] Pass: Depth - 0.02241 (ms)
2026-07-02 12:01:43,603 [INFO] Pass: FixedPoint - 0.00381 (ms)
2026-07-02 12:01:43,604 [INFO] Pass: Size - 0.00262 (ms)
2026-07-02 12:01:43,604 [INFO] Pass: FixedPoint - 0.00262 (ms)
2026-07-02 12:01:43,604 [INFO] Pass: RemoveIdentityEquivalent - 0.00572 (ms)
2026-07-02 12:01:43,604 [INFO] Pass: Optimize1qGatesDecomposition - 0.14901 (ms)
2026-07-02 12:01:43,604 [INFO] Pass: CommutativeCancellation - 0.07057 (ms)
2026-07-02 12:01:43,604 [INFO] Pass: ContractIdleWiresInControlFlow - 0.00215 (ms)
2026-07-02 12:01:43,604 [INFO] Pass: GatesInBasis - 0.01740 (ms)
2026-07-02 12:01:43,604 [INFO] Pass: Depth - 0.01740 (ms)
2026-07-02 12:01:43,604 [INFO] Pass: FixedPoint - 0.00334 (ms)
2026-07-02 12:01:43,604 [INFO] Pass: Size - 0.00215 (ms)
2026-07-02 12:01:43,604 [INFO] Pass: FixedPoint - 0.00262 (ms)
2026-07-02 12:01:43,604 [INFO] Pass: ContainsInstruction - 0.00596 (ms)
2026-07-02 12:01:43,604 [INFO] Total Transpile Time - 92.96393 (ms)
2026-07-02 12:15:11,542 [INFO] Pass: ContainsInstruction - 0.01264 (ms)
2026-07-02 12:15:11,542 [INFO] Pass: UnitarySynthesis - 0.00882 (ms)
2026-07-02 12:15:11,542 [INFO] Pass: HighLevelSynthesis - 0.00620 (ms)
2026-07-02 12:15:11,542 [INFO] Pass: BasisTranslator - 0.07582 (ms)
2026-07-02 12:15:11,542 [INFO] Pass: ElidePermutations - 0.00525 (ms)
2026-07-02 12:15:11,542 [INFO] Pass: RemoveDiagonalGatesBeforeMeasure - 0.00668 (ms)
2026-07-02 12:15:11,542 [INFO] Pass: RemoveIdentityEquivalent - 0.00620 (ms)
2026-07-02 12:15:11,542 [INFO] Pass: InverseCancellation - 0.00572 (ms)
2026-07-02 12:15:11,542 [INFO] Pass: ContractIdleWiresInControlFlow - 0.00191 (ms)
2026-07-02 12:15:11,542 [INFO] Pass: CommutativeCancellation - 0.06413 (ms)
2026-07-02 12:15:11,542 [INFO] Pass: ConsolidateBlocks - 0.04435 (ms)
2026-07-02 12:15:11,542 [INFO] Pass: Split2QUnitaries - 0.00334 (ms)
2026-07-02 12:15:11,542 [INFO] Pass: UnitarySynthesis - 0.00453 (ms)
2026-07-02 12:15:11,542 [INFO] Pass: HighLevelSynthesis - 0.02313 (ms)
2026-07-02 12:15:11,543 [INFO] Pass: BasisTranslator - 0.07129 (ms)
2026-07-02 12:15:11,543 [INFO] Pass: ConsolidateBlocks - 0.05078 (ms)
2026-07-02 12:15:11,543 [INFO] Pass: UnitarySynthesis - 0.00453 (ms)
2026-07-02 12:15:11,543 [INFO] Pass: Depth - 0.02027 (ms)
2026-07-02 12:15:11,543 [INFO] Pass: FixedPoint - 0.00596 (ms)
2026-07-02 12:15:11,543 [INFO] Pass: Size - 0.00358 (ms)
2026-07-02 12:15:11,543 [INFO] Pass: FixedPoint - 0.00310 (ms)
2026-07-02 12:15:11,543 [INFO] Pass: RemoveIdentityEquivalent - 0.00334 (ms)
2026-07-02 12:15:11,543 [INFO] Pass: Optimize1qGatesDecomposition - 0.03457 (ms)
2026-07-02 12:15:11,543 [INFO] Pass: CommutativeCancellation - 0.07606 (ms)
2026-07-02 12:15:11,543 [INFO] Pass: ContractIdleWiresInControlFlow - 0.00215 (ms)
2026-07-02 12:15:11,543 [INFO] Pass: GatesInBasis - 0.01931 (ms)
2026-07-02 12:15:11,543 [INFO] Pass: Depth - 0.01884 (ms)
2026-07-02 12:15:11,543 [INFO] Pass: FixedPoint - 0.00358 (ms)
2026-07-02 12:15:11,543 [INFO] Pass: Size - 0.00191 (ms)
2026-07-02 12:15:11,543 [INFO] Pass: FixedPoint - 0.00262 (ms)
2026-07-02 12:15:11,543 [INFO] Pass: ContainsInstruction - 0.00501 (ms)
2026-07-02 12:15:11,543 [INFO] Total Transpile Time - 93.72044 (ms)
2026-07-02 12:15:11,635 [INFO] Pass: ContainsInstruction - 0.01264 (ms)
2026-07-02 12:15:11,635 [INFO] Pass: UnitarySynthesis - 0.00787 (ms)
2026-07-02 12:15:11,635 [INFO] Pass: HighLevelSynthesis - 0.00572 (ms)
2026-07-02 12:15:11,635 [INFO] Pass: BasisTranslator - 0.06771 (ms)
2026-07-02 12:15:11,635 [INFO] Pass: ElidePermutations - 0.00453 (ms)
2026-07-02 12:15:11,635 [INFO] Pass: RemoveDiagonalGatesBeforeMeasure - 0.00691 (ms)
2026-07-02 12:15:11,635 [INFO] Pass: RemoveIdentityEquivalent - 0.00668 (ms)
2026-07-02 12:15:11,635 [INFO] Pass: InverseCancellation - 0.02313 (ms)
2026-07-02 12:15:11,635 [INFO] Pass: ContractIdleWiresInControlFlow - 0.00191 (ms)
2026-07-02 12:15:11,635 [INFO] Pass: CommutativeCancellation - 0.07248 (ms)
2026-07-02 12:15:11,635 [INFO] Pass: ConsolidateBlocks - 0.04292 (ms)
2026-07-02 12:15:11,635 [INFO] Pass: Split2QUnitaries - 0.00381 (ms)
2026-07-02 12:15:11,635 [INFO] Pass: UnitarySynthesis - 0.00525 (ms)
2026-07-02 12:15:11,635 [INFO] Pass: HighLevelSynthesis - 0.02289 (ms)
2026-07-02 12:15:11,635 [INFO] Pass: BasisTranslator - 0.06962 (ms)
2026-07-02 12:15:11,635 [INFO] Pass: ConsolidateBlocks - 0.05746 (ms)
2026-07-02 12:15:11,635 [INFO] Pass: UnitarySynthesis - 0.00453 (ms)
2026-07-02 12:15:11,636 [INFO] Pass: Depth - 0.02146 (ms)
2026-07-02 12:15:11,636 [INFO] Pass: FixedPoint - 0.00501 (ms)
2026-07-02 12:15:11,636 [INFO] Pass: Size - 0.00358 (ms)
2026-07-02 12:15:11,636 [INFO] Pass: FixedPoint - 0.00286 (ms)
2026-07-02 12:15:11,636 [INFO] Pass: RemoveIdentityEquivalent - 0.00477 (ms)
2026-07-02 12:15:11,636 [INFO] Pass: Optimize1qGatesDecomposition - 0.16522 (ms)
2026-07-02 12:15:11,636 [INFO] Pass: CommutativeCancellation - 0.09060 (ms)
2026-07-02 12:15:11,636 [INFO] Pass: ContractIdleWiresInControlFlow - 0.00191 (ms)
2026-07-02 12:15:11,636 [INFO] Pass: GatesInBasis - 0.02050 (ms)
2026-07-02 12:15:11,636 [INFO] Pass: Depth - 0.01979 (ms)
2026-07-02 12:15:11,636 [INFO] Pass: FixedPoint - 0.00358 (ms)
2026-07-02 12:15:11,636 [INFO] Pass: Size - 0.00215 (ms)
2026-07-02 12:15:11,636 [INFO] Pass: FixedPoint - 0.00262 (ms)
2026-07-02 12:15:11,636 [INFO] Pass: ContainsInstruction - 0.00525 (ms)
2026-07-02 12:15:11,636 [INFO] Total Transpile Time - 92.31925 (ms)
2026-07-02 12:15:11,727 [INFO] Pass: ContainsInstruction - 0.01192 (ms)
2026-07-02 12:15:11,727 [INFO] Pass: UnitarySynthesis - 0.00811 (ms)
2026-07-02 12:15:11,728 [INFO] Pass: HighLevelSynthesis - 0.00644 (ms)
2026-07-02 12:15:11,728 [INFO] Pass: BasisTranslator - 0.07296 (ms)
2026-07-02 12:15:11,728 [INFO] Pass: ElidePermutations - 0.00548 (ms)
2026-07-02 12:15:11,728 [INFO] Pass: RemoveDiagonalGatesBeforeMeasure - 0.00644 (ms)
2026-07-02 12:15:11,728 [INFO] Pass: RemoveIdentityEquivalent - 0.00834 (ms)
2026-07-02 12:15:11,728 [INFO] Pass: InverseCancellation - 0.02432 (ms)
2026-07-02 12:15:11,728 [INFO] Pass: ContractIdleWiresInControlFlow - 0.00215 (ms)
2026-07-02 12:15:11,728 [INFO] Pass: CommutativeCancellation - 0.07367 (ms)
2026-07-02 12:15:11,728 [INFO] Pass: ConsolidateBlocks - 0.04411 (ms)
2026-07-02 12:15:11,728 [INFO] Pass: Split2QUnitaries - 0.00334 (ms)
2026-07-02 12:15:11,728 [INFO] Pass: UnitarySynthesis - 0.00596 (ms)
2026-07-02 12:15:11,728 [INFO] Pass: HighLevelSynthesis - 0.02551 (ms)
2026-07-02 12:15:11,728 [INFO] Pass: BasisTranslator - 0.07224 (ms)
2026-07-02 12:15:11,728 [INFO] Pass: ConsolidateBlocks - 0.05317 (ms)
2026-07-02 12:15:11,728 [INFO] Pass: UnitarySynthesis - 0.00501 (ms)
2026-07-02 12:15:11,728 [INFO] Pass: Depth - 0.02313 (ms)
2026-07-02 12:15:11,728 [INFO] Pass: FixedPoint - 0.00501 (ms)
2026-07-02 12:15:11,728 [INFO] Pass: Size - 0.00358 (ms)
2026-07-02 12:15:11,728 [INFO] Pass: FixedPoint - 0.00310 (ms)
2026-07-02 12:15:11,728 [INFO] Pass: RemoveIdentityEquivalent - 0.00525 (ms)
2026-07-02 12:15:11,729 [INFO] Pass: Optimize1qGatesDecomposition - 0.18215 (ms)
2026-07-02 12:15:11,729 [INFO] Pass: CommutativeCancellation - 0.08512 (ms)
2026-07-02 12:15:11,729 [INFO] Pass: ContractIdleWiresInControlFlow - 0.00191 (ms)
2026-07-02 12:15:11,729 [INFO] Pass: GatesInBasis - 0.02027 (ms)
2026-07-02 12:15:11,729 [INFO] Pass: Depth - 0.02217 (ms)
2026-07-02 12:15:11,729 [INFO] Pass: FixedPoint - 0.00381 (ms)
2026-07-02 12:15:11,729 [INFO] Pass: Size - 0.00238 (ms)
2026-07-02 12:15:11,729 [INFO] Pass: FixedPoint - 0.00286 (ms)
2026-07-02 12:15:11,729 [INFO] Pass: RemoveIdentityEquivalent - 0.00548 (ms)
2026-07-02 12:15:11,729 [INFO] Pass: Optimize1qGatesDecomposition - 0.14424 (ms)
2026-07-02 12:15:11,729 [INFO] Pass: CommutativeCancellation - 0.07319 (ms)
2026-07-02 12:15:11,729 [INFO] Pass: ContractIdleWiresInControlFlow - 0.00191 (ms)
2026-07-02 12:15:11,729 [INFO] Pass: GatesInBasis - 0.01764 (ms)
2026-07-02 12:15:11,729 [INFO] Pass: Depth - 0.01836 (ms)
2026-07-02 12:15:11,729 [INFO] Pass: FixedPoint - 0.00334 (ms)
2026-07-02 12:15:11,729 [INFO] Pass: Size - 0.00215 (ms)
2026-07-02 12:15:11,729 [INFO] Pass: FixedPoint - 0.00262 (ms)
2026-07-02 12:15:11,729 [INFO] Pass: ContainsInstruction - 0.00691 (ms)
2026-07-02 12:15:11,730 [INFO] Total Transpile Time - 92.80753 (ms)
2026-07-02 12:28:39,491 [INFO] Pass: ContainsInstruction - 0.01383 (ms)
2026-07-02 12:28:39,491 [INFO] Pass: UnitarySynthesis - 0.00906 (ms)
2026-07-02 12:28:39,491 [INFO] Pass: HighLevelSynthesis - 0.00763 (ms)
2026-07-02 12:28:39,491 [INFO] Pass: BasisTranslator - 0.07629 (ms)
2026-07-02 12:28:39,491 [INFO] Pass: ElidePermutations - 0.00548 (ms)
2026-07-02 12:28:39,491 [INFO] Pass: RemoveDiagonalGatesBeforeMeasure - 0.00763 (ms)
2026-07-02 12:28:39,491 [INFO] Pass: RemoveIdentityEquivalent - 0.00572 (ms)
2026-07-02 12:28:39,491 [INFO] Pass: InverseCancellation - 0.00548 (ms)
2026-07-02 12:28:39,491 [INFO] Pass: ContractIdleWiresInControlFlow - 0.00262 (ms)
2026-07-02 12:28:39,491 [INFO] Pass: CommutativeCancellation - 0.05913 (ms)
2026-07-02 12:28:39,491 [INFO] Pass: ConsolidateBlocks - 0.04363 (ms)
2026-07-02 12:28:39,491 [INFO] Pass: Split2QUnitaries - 0.00358 (ms)
2026-07-02 12:28:39,491 [INFO] Pass: UnitarySynthesis - 0.00501 (ms)
2026-07-02 12:28:39,492 [INFO] Pass: HighLevelSynthesis - 0.02265 (ms)
2026-07-02 12:28:39,492 [INFO] Pass: BasisTranslator - 0.06938 (ms)
2026-07-02 12:28:39,492 [INFO] Pass: ConsolidateBlocks - 0.05412 (ms)
2026-07-02 12:28:39,492 [INFO] Pass: UnitarySynthesis - 0.00453 (ms)
2026-07-02 12:28:39,492 [INFO] Pass: Depth - 0.01931 (ms)
2026-07-02 12:28:39,492 [INFO] Pass: FixedPoint - 0.00572 (ms)
2026-07-02 12:28:39,492 [INFO] Pass: Size - 0.00358 (ms)
2026-07-02 12:28:39,492 [INFO] Pass: FixedPoint - 0.00310 (ms)
2026-07-02 12:28:39,492 [INFO] Pass: RemoveIdentityEquivalent - 0.00334 (ms)
2026-07-02 12:28:39,492 [INFO] Pass: Optimize1qGatesDecomposition - 0.03576 (ms)
2026-07-02 12:28:39,492 [INFO] Pass: CommutativeCancellation - 0.07725 (ms)
2026-07-02 12:28:39,492 [INFO] Pass: ContractIdleWiresInControlFlow - 0.00215 (ms)
2026-07-02 12:28:39,492 [INFO] Pass: GatesInBasis - 0.02003 (ms)
2026-07-02 12:28:39,492 [INFO] Pass: Depth - 0.01979 (ms)
2026-07-02 12:28:39,492 [INFO] Pass: FixedPoint - 0.00310 (ms)
2026-07-02 12:28:39,492 [INFO] Pass: Size - 0.00215 (ms)
2026-07-02 12:28:39,492 [INFO] Pass: FixedPoint - 0.00286 (ms)
2026-07-02 12:28:39,492 [INFO] Pass: ContainsInstruction - 0.00525 (ms)
2026-07-02 12:28:39,493 [INFO] Total Transpile Time - 94.17272 (ms)
2026-07-02 12:28:39,585 [INFO] Pass: ContainsInstruction - 0.01216 (ms)
2026-07-02 12:28:39,585 [INFO] Pass: UnitarySynthesis - 0.00739 (ms)
2026-07-02 12:28:39,585 [INFO] Pass: HighLevelSynthesis - 0.00548 (ms)
2026-07-02 12:28:39,585 [INFO] Pass: BasisTranslator - 0.06628 (ms)
2026-07-02 12:28:39,585 [INFO] Pass: ElidePermutations - 0.00453 (ms)
2026-07-02 12:28:39,585 [INFO] Pass: RemoveDiagonalGatesBeforeMeasure - 0.00668 (ms)
2026-07-02 12:28:39,585 [INFO] Pass: RemoveIdentityEquivalent - 0.00739 (ms)
2026-07-02 12:28:39,585 [INFO] Pass: InverseCancellation - 0.02313 (ms)
2026-07-02 12:28:39,585 [INFO] Pass: ContractIdleWiresInControlFlow - 0.00215 (ms)
2026-07-02 12:28:39,585 [INFO] Pass: CommutativeCancellation - 0.07129 (ms)
2026-07-02 12:28:39,585 [INFO] Pass: ConsolidateBlocks - 0.04220 (ms)
2026-07-02 12:28:39,585 [INFO] Pass: Split2QUnitaries - 0.00334 (ms)
2026-07-02 12:28:39,585 [INFO] Pass: UnitarySynthesis - 0.00525 (ms)
2026-07-02 12:28:39,585 [INFO] Pass: HighLevelSynthesis - 0.02265 (ms)
2026-07-02 12:28:39,585 [INFO] Pass: BasisTranslator - 0.06866 (ms)
2026-07-02 12:28:39,585 [INFO] Pass: ConsolidateBlocks - 0.04983 (ms)
2026-07-02 12:28:39,585 [INFO] Pass: UnitarySynthesis - 0.00501 (ms)
2026-07-02 12:28:39,586 [INFO] Pass: Depth - 0.01836 (ms)
2026-07-02 12:28:39,586 [INFO] Pass: FixedPoint - 0.00453 (ms)
2026-07-02 12:28:39,586 [INFO] Pass: Size - 0.00334 (ms)
2026-07-02 12:28:39,586 [INFO] Pass: FixedPoint - 0.00262 (ms)
2026-07-02 12:28:39,586 [INFO] Pass: RemoveIdentityEquivalent - 0.00548 (ms)
2026-07-02 12:28:39,586 [INFO] Pass: Optimize1qGatesDecomposition - 0.15736 (ms)
2026-07-02 12:28:39,586 [INFO] Pass: CommutativeCancellation - 0.08655 (ms)
2026-07-02 12:28:39,586 [INFO] Pass: ContractIdleWiresInControlFlow - 0.00191 (ms)
2026-07-02 12:28:39,586 [INFO] Pass: GatesInBasis - 0.01979 (ms)
2026-07-02 12:28:39,586 [INFO] Pass: Depth - 0.01979 (ms)
2026-07-02 12:28:39,586 [INFO] Pass: FixedPoint - 0.00381 (ms)
2026-07-02 12:28:39,586 [INFO] Pass: Size - 0.00262 (ms)
2026-07-02 12:28:39,586 [INFO] Pass: FixedPoint - 0.00286 (ms)
2026-07-02 12:28:39,586 [INFO] Pass: ContainsInstruction - 0.00548 (ms)
2026-07-02 12:28:39,586 [INFO] Total Transpile Time - 93.20664 (ms)
2026-07-02 12:28:39,677 [INFO] Pass: ContainsInstruction - 0.01335 (ms)
2026-07-02 12:28:39,677 [INFO] Pass: UnitarySynthesis - 0.00787 (ms)
2026-07-02 12:28:39,677 [INFO] Pass: HighLevelSynthesis - 0.00548 (ms)
2026-07-02 12:28:39,677 [INFO] Pass: BasisTranslator - 0.07081 (ms)
2026-07-02 12:28:39,677 [INFO] Pass: ElidePermutations - 0.00477 (ms)
2026-07-02 12:28:39,677 [INFO] Pass: RemoveDiagonalGatesBeforeMeasure - 0.00668 (ms)
2026-07-02 12:28:39,677 [INFO] Pass: RemoveIdentityEquivalent - 0.00763 (ms)
2026-07-02 12:28:39,677 [INFO] Pass: InverseCancellation - 0.02384 (ms)
2026-07-02 12:28:39,677 [INFO] Pass: ContractIdleWiresInControlFlow - 0.00238 (ms)
2026-07-02 12:28:39,677 [INFO] Pass: CommutativeCancellation - 0.06890 (ms)
2026-07-02 12:28:39,677 [INFO] Pass: ConsolidateBlocks - 0.05007 (ms)
2026-07-02 12:28:39,677 [INFO] Pass: Split2QUnitaries - 0.00334 (ms)
2026-07-02 12:28:39,678 [INFO] Pass: UnitarySynthesis - 0.00501 (ms)
2026-07-02 12:28:39,678 [INFO] Pass: HighLevelSynthesis - 0.02599 (ms)
2026-07-02 12:28:39,678 [INFO] Pass: BasisTranslator - 0.07343 (ms)
2026-07-02 12:28:39,678 [INFO] Pass: ConsolidateBlocks - 0.05364 (ms)
2026-07-02 12:28:39,678 [INFO] Pass: UnitarySynthesis - 0.00525 (ms)
2026-07-02 12:28:39,678 [INFO] Pass: Depth - 0.02193 (ms)
2026-07-02 12:28:39,678 [INFO] Pass: FixedPoint - 0.00477 (ms)
2026-07-02 12:28:39,678 [INFO] Pass: Size - 0.00334 (ms)
2026-07-02 12:28:39,678 [INFO] Pass: FixedPoint - 0.00310 (ms)
2026-07-02 12:28:39,678 [INFO] Pass: RemoveIdentityEquivalent - 0.00525 (ms)
2026-07-02 12:28:39,678 [INFO] Pass: Optimize1qGatesDecomposition - 0.18477 (ms)
2026-07-02 12:28:39,678 [INFO] Pass: CommutativeCancellation - 0.08273 (ms)
2026-07-02 12:28:39,678 [INFO] Pass: ContractIdleWiresInControlFlow - 0.00191 (ms)
2026-07-02 12:28:39,678 [INFO] Pass: GatesInBasis - 0.02146 (ms)
2026-07-02 12:28:39,678 [INFO] Pass: Depth - 0.01907 (ms)
2026-07-02 12:28:39,678 [INFO] Pass: FixedPoint - 0.00381 (ms)
2026-07-02 12:28:39,678 [INFO] Pass: Size - 0.00262 (ms)
2026-07-02 12:28:39,678 [INFO] Pass: FixedPoint - 0.00286 (ms)
2026-07-02 12:28:39,678 [INFO] Pass: RemoveIdentityEquivalent - 0.00501 (ms)
2026-07-02 12:28:39,679 [INFO] Pass: Optimize1qGatesDecomposition - 0.13971 (ms)
2026-07-02 12:28:39,679 [INFO] Pass: CommutativeCancellation - 0.07415 (ms)
2026-07-02 12:28:39,679 [INFO] Pass: ContractIdleWiresInControlFlow - 0.00215 (ms)
2026-07-02 12:28:39,679 [INFO] Pass: GatesInBasis - 0.01764 (ms)
2026-07-02 12:28:39,679 [INFO] Pass: Depth - 0.01812 (ms)
2026-07-02 12:28:39,679 [INFO] Pass: FixedPoint - 0.00334 (ms)
2026-07-02 12:28:39,679 [INFO] Pass: Size - 0.00215 (ms)
2026-07-02 12:28:39,679 [INFO] Pass: FixedPoint - 0.00286 (ms)
2026-07-02 12:28:39,679 [INFO] Pass: ContainsInstruction - 0.00596 (ms)
2026-07-02 12:28:39,679 [INFO] Total Transpile Time - 92.34357 (ms)
2026-07-02 12:41:58,518 [INFO] Pass: ContainsInstruction - 0.01216 (ms)
2026-07-02 12:41:58,518 [INFO] Pass: UnitarySynthesis - 0.00787 (ms)
2026-07-02 12:41:58,518 [INFO] Pass: HighLevelSynthesis - 0.00572 (ms)
2026-07-02 12:41:58,518 [INFO] Pass: BasisTranslator - 0.07129 (ms)
2026-07-02 12:41:58,518 [INFO] Pass: ElidePermutations - 0.00572 (ms)
2026-07-02 12:41:58,518 [INFO] Pass: RemoveDiagonalGatesBeforeMeasure - 0.01574 (ms)
2026-07-02 12:41:58,518 [INFO] Pass: RemoveIdentityEquivalent - 0.00525 (ms)
2026-07-02 12:41:58,518 [INFO] Pass: InverseCancellation - 0.00572 (ms)
2026-07-02 12:41:58,519 [INFO] Pass: ContractIdleWiresInControlFlow - 0.00238 (ms)
2026-07-02 12:41:58,519 [INFO] Pass: CommutativeCancellation - 0.06104 (ms)
2026-07-02 12:41:58,519 [INFO] Pass: ConsolidateBlocks - 0.04101 (ms)
2026-07-02 12:41:58,519 [INFO] Pass: Split2QUnitaries - 0.00429 (ms)
2026-07-02 12:41:58,519 [INFO] Pass: UnitarySynthesis - 0.00501 (ms)
2026-07-02 12:41:58,519 [INFO] Pass: HighLevelSynthesis - 0.02122 (ms)
2026-07-02 12:41:58,519 [INFO] Pass: BasisTranslator - 0.06771 (ms)
2026-07-02 12:41:58,519 [INFO] Pass: ConsolidateBlocks - 0.05102 (ms)
2026-07-02 12:41:58,519 [INFO] Pass: UnitarySynthesis - 0.00429 (ms)
2026-07-02 12:41:58,519 [INFO] Pass: Depth - 0.02193 (ms)
2026-07-02 12:41:58,519 [INFO] Pass: FixedPoint - 0.00501 (ms)
2026-07-02 12:41:58,519 [INFO] Pass: Size - 0.00334 (ms)
2026-07-02 12:41:58,519 [INFO] Pass: FixedPoint - 0.00310 (ms)
2026-07-02 12:41:58,519 [INFO] Pass: RemoveIdentityEquivalent - 0.00310 (ms)
2026-07-02 12:41:58,519 [INFO] Pass: Optimize1qGatesDecomposition - 0.03362 (ms)
2026-07-02 12:41:58,519 [INFO] Pass: CommutativeCancellation - 0.07343 (ms)
2026-07-02 12:41:58,519 [INFO] Pass: ContractIdleWiresInControlFlow - 0.00215 (ms)
2026-07-02 12:41:58,519 [INFO] Pass: GatesInBasis - 0.01860 (ms)
2026-07-02 12:41:58,519 [INFO] Pass: Depth - 0.01979 (ms)
2026-07-02 12:41:58,519 [INFO] Pass: FixedPoint - 0.00358 (ms)
2026-07-02 12:41:58,519 [INFO] Pass: Size - 0.00238 (ms)
2026-07-02 12:41:58,519 [INFO] Pass: FixedPoint - 0.00310 (ms)
2026-07-02 12:41:58,519 [INFO] Pass: ContainsInstruction - 0.00477 (ms)
2026-07-02 12:41:58,520 [INFO] Total Transpile Time - 95.64877 (ms)
2026-07-02 12:41:58,610 [INFO] Pass: ContainsInstruction - 0.01192 (ms)
2026-07-02 12:41:58,610 [INFO] Pass: UnitarySynthesis - 0.01478 (ms)
2026-07-02 12:41:58,610 [INFO] Pass: HighLevelSynthesis - 0.00572 (ms)
2026-07-02 12:41:58,611 [INFO] Pass: BasisTranslator - 0.06914 (ms)
2026-07-02 12:41:58,611 [INFO] Pass: ElidePermutations - 0.00453 (ms)
2026-07-02 12:41:58,611 [INFO] Pass: RemoveDiagonalGatesBeforeMeasure - 0.00715 (ms)
2026-07-02 12:41:58,611 [INFO] Pass: RemoveIdentityEquivalent - 0.00668 (ms)
2026-07-02 12:41:58,611 [INFO] Pass: InverseCancellation - 0.02432 (ms)
2026-07-02 12:41:58,611 [INFO] Pass: ContractIdleWiresInControlFlow - 0.00191 (ms)
2026-07-02 12:41:58,611 [INFO] Pass: CommutativeCancellation - 0.07224 (ms)
2026-07-02 12:41:58,611 [INFO] Pass: ConsolidateBlocks - 0.04101 (ms)
2026-07-02 12:41:58,611 [INFO] Pass: Split2QUnitaries - 0.00310 (ms)
2026-07-02 12:41:58,611 [INFO] Pass: UnitarySynthesis - 0.00501 (ms)
2026-07-02 12:41:58,611 [INFO] Pass: HighLevelSynthesis - 0.02313 (ms)
2026-07-02 12:41:58,611 [INFO] Pass: BasisTranslator - 0.06938 (ms)
2026-07-02 12:41:58,611 [INFO] Pass: ConsolidateBlocks - 0.04983 (ms)
2026-07-02 12:41:58,611 [INFO] Pass: UnitarySynthesis - 0.00453 (ms)
2026-07-02 12:41:58,611 [INFO] Pass: Depth - 0.02146 (ms)
2026-07-02 12:41:58,611 [INFO] Pass: FixedPoint - 0.00453 (ms)
2026-07-02 12:41:58,611 [INFO] Pass: Size - 0.00358 (ms)
2026-07-02 12:41:58,611 [INFO] Pass: FixedPoint - 0.00310 (ms)
2026-07-02 12:41:58,611 [INFO] Pass: RemoveIdentityEquivalent - 0.00501 (ms)
2026-07-02 12:41:58,612 [INFO] Pass: Optimize1qGatesDecomposition - 0.17619 (ms)
2026-07-02 12:41:58,612 [INFO] Pass: CommutativeCancellation - 0.09108 (ms)
2026-07-02 12:41:58,612 [INFO] Pass: ContractIdleWiresInControlFlow - 0.00238 (ms)
2026-07-02 12:41:58,612 [INFO] Pass: GatesInBasis - 0.02003 (ms)
2026-07-02 12:41:58,612 [INFO] Pass: Depth - 0.02241 (ms)
2026-07-02 12:41:58,612 [INFO] Pass: FixedPoint - 0.00405 (ms)
2026-07-02 12:41:58,612 [INFO] Pass: Size - 0.00215 (ms)
2026-07-02 12:41:58,612 [INFO] Pass: FixedPoint - 0.00286 (ms)
2026-07-02 12:41:58,612 [INFO] Pass: ContainsInstruction - 0.00525 (ms)
2026-07-02 12:41:58,612 [INFO] Total Transpile Time - 91.80379 (ms)
2026-07-02 12:41:58,704 [INFO] Pass: ContainsInstruction - 0.01478 (ms)
2026-07-02 12:41:58,704 [INFO] Pass: UnitarySynthesis - 0.00954 (ms)
2026-07-02 12:41:58,704 [INFO] Pass: HighLevelSynthesis - 0.00644 (ms)
2026-07-02 12:41:58,704 [INFO] Pass: BasisTranslator - 0.08035 (ms)
2026-07-02 12:41:58,704 [INFO] Pass: ElidePermutations - 0.00525 (ms)
2026-07-02 12:41:58,704 [INFO] Pass: RemoveDiagonalGatesBeforeMeasure - 0.00691 (ms)
2026-07-02 12:41:58,704 [INFO] Pass: RemoveIdentityEquivalent - 0.00954 (ms)
2026-07-02 12:41:58,704 [INFO] Pass: InverseCancellation - 0.03004 (ms)
2026-07-02 12:41:58,704 [INFO] Pass: ContractIdleWiresInControlFlow - 0.00215 (ms)
2026-07-02 12:41:58,705 [INFO] Pass: CommutativeCancellation - 0.07868 (ms)
2026-07-02 12:41:58,705 [INFO] Pass: ConsolidateBlocks - 0.04864 (ms)
2026-07-02 12:41:58,705 [INFO] Pass: Split2QUnitaries - 0.00358 (ms)
2026-07-02 12:41:58,705 [INFO] Pass: UnitarySynthesis - 0.00596 (ms)
2026-07-02 12:41:58,705 [INFO] Pass: HighLevelSynthesis - 0.02813 (ms)
2026-07-02 12:41:58,705 [INFO] Pass: BasisTranslator - 0.07463 (ms)
2026-07-02 12:41:58,705 [INFO] Pass: ConsolidateBlocks - 0.05674 (ms)
2026-07-02 12:41:58,705 [INFO] Pass: UnitarySynthesis - 0.00501 (ms)
2026-07-02 12:41:58,705 [INFO] Pass: Depth - 0.02384 (ms)
2026-07-02 12:41:58,705 [INFO] Pass: FixedPoint - 0.00620 (ms)
2026-07-02 12:41:58,705 [INFO] Pass: Size - 0.00453 (ms)
2026-07-02 12:41:58,705 [INFO] Pass: FixedPoint - 0.00310 (ms)
2026-07-02 12:41:58,705 [INFO] Pass: RemoveIdentityEquivalent - 0.00644 (ms)
2026-07-02 12:41:58,705 [INFO] Pass: Optimize1qGatesDecomposition - 0.19574 (ms)
2026-07-02 12:41:58,706 [INFO] Pass: CommutativeCancellation - 0.10014 (ms)
2026-07-02 12:41:58,706 [INFO] Pass: ContractIdleWiresInControlFlow - 0.00215 (ms)
2026-07-02 12:41:58,706 [INFO] Pass: GatesInBasis - 0.02098 (ms)
2026-07-02 12:41:58,706 [INFO] Pass: Depth - 0.02289 (ms)
2026-07-02 12:41:58,706 [INFO] Pass: FixedPoint - 0.00501 (ms)
2026-07-02 12:41:58,706 [INFO] Pass: Size - 0.00238 (ms)
2026-07-02 12:41:58,706 [INFO] Pass: FixedPoint - 0.00310 (ms)
2026-07-02 12:41:58,706 [INFO] Pass: RemoveIdentityEquivalent - 0.00644 (ms)
2026-07-02 12:41:58,706 [INFO] Pass: Optimize1qGatesDecomposition - 0.14925 (ms)
2026-07-02 12:41:58,706 [INFO] Pass: CommutativeCancellation - 0.07868 (ms)
2026-07-02 12:41:58,706 [INFO] Pass: ContractIdleWiresInControlFlow - 0.00215 (ms)
2026-07-02 12:41:58,706 [INFO] Pass: GatesInBasis - 0.01764 (ms)
2026-07-02 12:41:58,706 [INFO] Pass: Depth - 0.02122 (ms)
2026-07-02 12:41:58,706 [INFO] Pass: FixedPoint - 0.00358 (ms)
2026-07-02 12:41:58,706 [INFO] Pass: Size - 0.00238 (ms)
2026-07-02 12:41:58,706 [INFO] Pass: FixedPoint - 0.00310 (ms)
2026-07-02 12:41:58,706 [INFO] Pass: ContainsInstruction - 0.00715 (ms)
2026-07-02 12:41:58,707 [INFO] Total Transpile Time - 93.92071 (ms)
2026-07-02 12:55:26,733 [INFO] Pass: ContainsInstruction - 0.01192 (ms)
2026-07-02 12:55:26,733 [INFO] Pass: UnitarySynthesis - 0.00739 (ms)
2026-07-02 12:55:26,733 [INFO] Pass: HighLevelSynthesis - 0.00572 (ms)
2026-07-02 12:55:26,734 [INFO] Pass: BasisTranslator - 0.07367 (ms)
2026-07-02 12:55:26,734 [INFO] Pass: ElidePermutations - 0.00525 (ms)
2026-07-02 12:55:26,734 [INFO] Pass: RemoveDiagonalGatesBeforeMeasure - 0.00691 (ms)
2026-07-02 12:55:26,734 [INFO] Pass: RemoveIdentityEquivalent - 0.00596 (ms)
2026-07-02 12:55:26,734 [INFO] Pass: InverseCancellation - 0.00501 (ms)
2026-07-02 12:55:26,734 [INFO] Pass: ContractIdleWiresInControlFlow - 0.00262 (ms)
2026-07-02 12:55:26,734 [INFO] Pass: CommutativeCancellation - 0.06366 (ms)
2026-07-02 12:55:26,734 [INFO] Pass: ConsolidateBlocks - 0.04053 (ms)
2026-07-02 12:55:26,734 [INFO] Pass: Split2QUnitaries - 0.00334 (ms)
2026-07-02 12:55:26,734 [INFO] Pass: UnitarySynthesis - 0.00477 (ms)
2026-07-02 12:55:26,734 [INFO] Pass: HighLevelSynthesis - 0.02217 (ms)
2026-07-02 12:55:26,734 [INFO] Pass: BasisTranslator - 0.06914 (ms)
2026-07-02 12:55:26,734 [INFO] Pass: ConsolidateBlocks - 0.04935 (ms)
2026-07-02 12:55:26,734 [INFO] Pass: UnitarySynthesis - 0.00477 (ms)
2026-07-02 12:55:26,734 [INFO] Pass: Depth - 0.01884 (ms)
2026-07-02 12:55:26,734 [INFO] Pass: FixedPoint - 0.00501 (ms)
2026-07-02 12:55:26,734 [INFO] Pass: Size - 0.00334 (ms)
2026-07-02 12:55:26,734 [INFO] Pass: FixedPoint - 0.00310 (ms)
2026-07-02 12:55:26,734 [INFO] Pass: RemoveIdentityEquivalent - 0.00238 (ms)
2026-07-02 12:55:26,734 [INFO] Pass: Optimize1qGatesDecomposition - 0.03386 (ms)
2026-07-02 12:55:26,734 [INFO] Pass: CommutativeCancellation - 0.08368 (ms)
2026-07-02 12:55:26,735 [INFO] Pass: ContractIdleWiresInControlFlow - 0.00215 (ms)
2026-07-02 12:55:26,735 [INFO] Pass: GatesInBasis - 0.01907 (ms)
2026-07-02 12:55:26,735 [INFO] Pass: Depth - 0.01764 (ms)
2026-07-02 12:55:26,735 [INFO] Pass: FixedPoint - 0.00358 (ms)
2026-07-02 12:55:26,735 [INFO] Pass: Size - 0.00191 (ms)
2026-07-02 12:55:26,735 [INFO] Pass: FixedPoint - 0.00286 (ms)
2026-07-02 12:55:26,735 [INFO] Pass: ContainsInstruction - 0.00548 (ms)
2026-07-02 12:55:26,735 [INFO] Total Transpile Time - 94.87104 (ms)
2026-07-02 12:55:26,827 [INFO] Pass: ContainsInstruction - 0.01240 (ms)
2026-07-02 12:55:26,827 [INFO] Pass: UnitarySynthesis - 0.00715 (ms)
2026-07-02 12:55:26,827 [INFO] Pass: HighLevelSynthesis - 0.00572 (ms)
2026-07-02 12:55:26,827 [INFO] Pass: BasisTranslator - 0.07033 (ms)
2026-07-02 12:55:26,827 [INFO] Pass: ElidePermutations - 0.00525 (ms)
2026-07-02 12:55:26,827 [INFO] Pass: RemoveDiagonalGatesBeforeMeasure - 0.00715 (ms)
2026-07-02 12:55:26,827 [INFO] Pass: RemoveIdentityEquivalent - 0.00811 (ms)
2026-07-02 12:55:26,827 [INFO] Pass: InverseCancellation - 0.02503 (ms)
2026-07-02 12:55:26,827 [INFO] Pass: ContractIdleWiresInControlFlow - 0.00215 (ms)
2026-07-02 12:55:26,827 [INFO] Pass: CommutativeCancellation - 0.07343 (ms)
2026-07-02 12:55:26,827 [INFO] Pass: ConsolidateBlocks - 0.04148 (ms)
2026-07-02 12:55:26,827 [INFO] Pass: Split2QUnitaries - 0.00358 (ms)
2026-07-02 12:55:26,827 [INFO] Pass: UnitarySynthesis - 0.00477 (ms)
2026-07-02 12:55:26,827 [INFO] Pass: HighLevelSynthesis - 0.02432 (ms)
2026-07-02 12:55:26,827 [INFO] Pass: BasisTranslator - 0.07248 (ms)
2026-07-02 12:55:26,827 [INFO] Pass: ConsolidateBlocks - 0.05269 (ms)
2026-07-02 12:55:26,827 [INFO] Pass: UnitarySynthesis - 0.00477 (ms)
2026-07-02 12:55:26,827 [INFO] Pass: Depth - 0.02003 (ms)
2026-07-02 12:55:26,827 [INFO] Pass: FixedPoint - 0.00477 (ms)
2026-07-02 12:55:26,828 [INFO] Pass: Size - 0.00381 (ms)
2026-07-02 12:55:26,828 [INFO] Pass: FixedPoint - 0.00286 (ms)
2026-07-02 12:55:26,828 [INFO] Pass: RemoveIdentityEquivalent - 0.00477 (ms)
2026-07-02 12:55:26,828 [INFO] Pass: Optimize1qGatesDecomposition - 0.17476 (ms)
2026-07-02 12:55:26,828 [INFO] Pass: CommutativeCancellation - 0.09084 (ms)
2026-07-02 12:55:26,828 [INFO] Pass: ContractIdleWiresInControlFlow - 0.00215 (ms)
2026-07-02 12:55:26,828 [INFO] Pass: GatesInBasis - 0.01979 (ms)
2026-07-02 12:55:26,828 [INFO] Pass: Depth - 0.01836 (ms)
2026-07-02 12:55:26,828 [INFO] Pass: FixedPoint - 0.00358 (ms)
2026-07-02 12:55:26,828 [INFO] Pass: Size - 0.00238 (ms)
2026-07-02 12:55:26,828 [INFO] Pass: FixedPoint - 0.00286 (ms)
2026-07-02 12:55:26,828 [INFO] Pass: ContainsInstruction - 0.00572 (ms)
2026-07-02 12:55:26,828 [INFO] Total Transpile Time - 92.82756 (ms)
2026-07-02 12:55:26,920 [INFO] Pass: ContainsInstruction - 0.01454 (ms)
2026-07-02 12:55:26,920 [INFO] Pass: UnitarySynthesis - 0.00763 (ms)
2026-07-02 12:55:26,920 [INFO] Pass: HighLevelSynthesis - 0.00596 (ms)
2026-07-02 12:55:26,920 [INFO] Pass: BasisTranslator - 0.06866 (ms)
2026-07-02 12:55:26,920 [INFO] Pass: ElidePermutations - 0.00501 (ms)
2026-07-02 12:55:26,920 [INFO] Pass: RemoveDiagonalGatesBeforeMeasure - 0.00668 (ms)
2026-07-02 12:55:26,920 [INFO] Pass: RemoveIdentityEquivalent - 0.00858 (ms)
2026-07-02 12:55:26,920 [INFO] Pass: InverseCancellation - 0.02408 (ms)
2026-07-02 12:55:26,920 [INFO] Pass: ContractIdleWiresInControlFlow - 0.00215 (ms)
2026-07-02 12:55:26,920 [INFO] Pass: CommutativeCancellation - 0.06843 (ms)
2026-07-02 12:55:26,920 [INFO] Pass: ConsolidateBlocks - 0.04983 (ms)
2026-07-02 12:55:26,920 [INFO] Pass: Split2QUnitaries - 0.00358 (ms)
2026-07-02 12:55:26,921 [INFO] Pass: UnitarySynthesis - 0.00501 (ms)
2026-07-02 12:55:26,921 [INFO] Pass: HighLevelSynthesis - 0.02599 (ms)
2026-07-02 12:55:26,921 [INFO] Pass: BasisTranslator - 0.07248 (ms)
2026-07-02 12:55:26,921 [INFO] Pass: ConsolidateBlocks - 0.05245 (ms)
2026-07-02 12:55:26,921 [INFO] Pass: UnitarySynthesis - 0.00477 (ms)
2026-07-02 12:55:26,921 [INFO] Pass: Depth - 0.02193 (ms)
2026-07-02 12:55:26,921 [INFO] Pass: FixedPoint - 0.00501 (ms)
2026-07-02 12:55:26,921 [INFO] Pass: Size - 0.00310 (ms)
2026-07-02 12:55:26,921 [INFO] Pass: FixedPoint - 0.00310 (ms)
2026-07-02 12:55:26,921 [INFO] Pass: RemoveIdentityEquivalent - 0.00596 (ms)
2026-07-02 12:55:26,921 [INFO] Pass: Optimize1qGatesDecomposition - 0.17786 (ms)
2026-07-02 12:55:26,921 [INFO] Pass: CommutativeCancellation - 0.08225 (ms)
2026-07-02 12:55:26,921 [INFO] Pass: ContractIdleWiresInControlFlow - 0.00191 (ms)
2026-07-02 12:55:26,921 [INFO] Pass: GatesInBasis - 0.02003 (ms)
2026-07-02 12:55:26,921 [INFO] Pass: Depth - 0.01812 (ms)
2026-07-02 12:55:26,921 [INFO] Pass: FixedPoint - 0.00381 (ms)
2026-07-02 12:55:26,921 [INFO] Pass: Size - 0.00215 (ms)
2026-07-02 12:55:26,921 [INFO] Pass: FixedPoint - 0.00286 (ms)
2026-07-02 12:55:26,921 [INFO] Pass: RemoveIdentityEquivalent - 0.00477 (ms)
2026-07-02 12:55:26,922 [INFO] Pass: Optimize1qGatesDecomposition - 0.13947 (ms)
2026-07-02 12:55:26,922 [INFO] Pass: CommutativeCancellation - 0.07033 (ms)
2026-07-02 12:55:26,922 [INFO] Pass: ContractIdleWiresInControlFlow - 0.00191 (ms)
2026-07-02 12:55:26,922 [INFO] Pass: GatesInBasis - 0.01788 (ms)
2026-07-02 12:55:26,922 [INFO] Pass: Depth - 0.01836 (ms)
2026-07-02 12:55:26,922 [INFO] Pass: FixedPoint - 0.00334 (ms)
2026-07-02 12:55:26,922 [INFO] Pass: Size - 0.00215 (ms)
2026-07-02 12:55:26,922 [INFO] Pass: FixedPoint - 0.00310 (ms)
2026-07-02 12:55:26,922 [INFO] Pass: ContainsInstruction - 0.00596 (ms)
2026-07-02 12:55:26,922 [INFO] Total Transpile Time - 93.24908 (ms)
2026-07-02 13:08:47,238 [INFO] Pass: ContainsInstruction - 0.01168 (ms)
2026-07-02 13:08:47,238 [INFO] Pass: UnitarySynthesis - 0.00834 (ms)
2026-07-02 13:08:47,238 [INFO] Pass: HighLevelSynthesis - 0.00548 (ms)
2026-07-02 13:08:47,238 [INFO] Pass: BasisTranslator - 0.06843 (ms)
2026-07-02 13:08:47,238 [INFO] Pass: ElidePermutations - 0.00501 (ms)
2026-07-02 13:08:47,238 [INFO] Pass: RemoveDiagonalGatesBeforeMeasure - 0.00739 (ms)
2026-07-02 13:08:47,238 [INFO] Pass: RemoveIdentityEquivalent - 0.00501 (ms)
2026-07-02 13:08:47,238 [INFO] Pass: InverseCancellation - 0.00501 (ms)
2026-07-02 13:08:47,238 [INFO] Pass: ContractIdleWiresInControlFlow - 0.00215 (ms)
2026-07-02 13:08:47,238 [INFO] Pass: CommutativeCancellation - 0.06938 (ms)
2026-07-02 13:08:47,239 [INFO] Pass: ConsolidateBlocks - 0.04315 (ms)
2026-07-02 13:08:47,239 [INFO] Pass: Split2QUnitaries - 0.00381 (ms)
2026-07-02 13:08:47,239 [INFO] Pass: UnitarySynthesis - 0.00501 (ms)
2026-07-02 13:08:47,239 [INFO] Pass: HighLevelSynthesis - 0.02146 (ms)
2026-07-02 13:08:47,239 [INFO] Pass: BasisTranslator - 0.06175 (ms)
2026-07-02 13:08:47,239 [INFO] Pass: ConsolidateBlocks - 0.04673 (ms)
2026-07-02 13:08:47,239 [INFO] Pass: UnitarySynthesis - 0.00429 (ms)
2026-07-02 13:08:47,239 [INFO] Pass: Depth - 0.01836 (ms)
2026-07-02 13:08:47,239 [INFO] Pass: FixedPoint - 0.00477 (ms)
2026-07-02 13:08:47,239 [INFO] Pass: Size - 0.00429 (ms)
2026-07-02 13:08:47,239 [INFO] Pass: FixedPoint - 0.00310 (ms)
2026-07-02 13:08:47,239 [INFO] Pass: RemoveIdentityEquivalent - 0.00334 (ms)
2026-07-02 13:08:47,239 [INFO] Pass: Optimize1qGatesDecomposition - 0.03505 (ms)
2026-07-02 13:08:47,239 [INFO] Pass: CommutativeCancellation - 0.07296 (ms)
2026-07-02 13:08:47,239 [INFO] Pass: ContractIdleWiresInControlFlow - 0.00238 (ms)
2026-07-02 13:08:47,239 [INFO] Pass: GatesInBasis - 0.01860 (ms)
2026-07-02 13:08:47,239 [INFO] Pass: Depth - 0.01526 (ms)
2026-07-02 13:08:47,239 [INFO] Pass: FixedPoint - 0.00334 (ms)
2026-07-02 13:08:47,239 [INFO] Pass: Size - 0.00215 (ms)
2026-07-02 13:08:47,239 [INFO] Pass: FixedPoint - 0.00286 (ms)
2026-07-02 13:08:47,239 [INFO] Pass: ContainsInstruction - 0.00453 (ms)
2026-07-02 13:08:47,240 [INFO] Total Transpile Time - 95.63923 (ms)
2026-07-02 13:08:47,331 [INFO] Pass: ContainsInstruction - 0.01216 (ms)
2026-07-02 13:08:47,331 [INFO] Pass: UnitarySynthesis - 0.00763 (ms)
2026-07-02 13:08:47,331 [INFO] Pass: HighLevelSynthesis - 0.00572 (ms)
2026-07-02 13:08:47,331 [INFO] Pass: BasisTranslator - 0.07343 (ms)
2026-07-02 13:08:47,331 [INFO] Pass: ElidePermutations - 0.00477 (ms)
2026-07-02 13:08:47,331 [INFO] Pass: RemoveDiagonalGatesBeforeMeasure - 0.00715 (ms)
2026-07-02 13:08:47,331 [INFO] Pass: RemoveIdentityEquivalent - 0.00739 (ms)
2026-07-02 13:08:47,331 [INFO] Pass: InverseCancellation - 0.02480 (ms)
2026-07-02 13:08:47,331 [INFO] Pass: ContractIdleWiresInControlFlow - 0.00238 (ms)
2026-07-02 13:08:47,331 [INFO] Pass: CommutativeCancellation - 0.07582 (ms)
2026-07-02 13:08:47,331 [INFO] Pass: ConsolidateBlocks - 0.04339 (ms)
2026-07-02 13:08:47,331 [INFO] Pass: Split2QUnitaries - 0.00358 (ms)
2026-07-02 13:08:47,331 [INFO] Pass: UnitarySynthesis - 0.00525 (ms)
2026-07-02 13:08:47,331 [INFO] Pass: HighLevelSynthesis - 0.02503 (ms)
2026-07-02 13:08:47,331 [INFO] Pass: BasisTranslator - 0.07105 (ms)
2026-07-02 13:08:47,331 [INFO] Pass: ConsolidateBlocks - 0.05031 (ms)
2026-07-02 13:08:47,331 [INFO] Pass: UnitarySynthesis - 0.01097 (ms)
2026-07-02 13:08:47,331 [INFO] Pass: Depth - 0.02050 (ms)
2026-07-02 13:08:47,332 [INFO] Pass: FixedPoint - 0.00548 (ms)
2026-07-02 13:08:47,332 [INFO] Pass: Size - 0.00405 (ms)
2026-07-02 13:08:47,332 [INFO] Pass: FixedPoint - 0.00286 (ms)
2026-07-02 13:08:47,332 [INFO] Pass: RemoveIdentityEquivalent - 0.00501 (ms)
2026-07-02 13:08:47,332 [INFO] Pass: Optimize1qGatesDecomposition - 0.16546 (ms)
2026-07-02 13:08:47,332 [INFO] Pass: CommutativeCancellation - 0.08917 (ms)
2026-07-02 13:08:47,332 [INFO] Pass: ContractIdleWiresInControlFlow - 0.00238 (ms)
2026-07-02 13:08:47,332 [INFO] Pass: GatesInBasis - 0.02003 (ms)
2026-07-02 13:08:47,332 [INFO] Pass: Depth - 0.01979 (ms)
2026-07-02 13:08:47,332 [INFO] Pass: FixedPoint - 0.00334 (ms)
2026-07-02 13:08:47,332 [INFO] Pass: Size - 0.00215 (ms)
2026-07-02 13:08:47,332 [INFO] Pass: FixedPoint - 0.00310 (ms)
2026-07-02 13:08:47,332 [INFO] Pass: ContainsInstruction - 0.00572 (ms)
2026-07-02 13:08:47,332 [INFO] Total Transpile Time - 92.27514 (ms)
2026-07-02 13:08:47,425 [INFO] Pass: ContainsInstruction - 0.01335 (ms)
2026-07-02 13:08:47,425 [INFO] Pass: UnitarySynthesis - 0.00787 (ms)
2026-07-02 13:08:47,425 [INFO] Pass: HighLevelSynthesis - 0.00691 (ms)
2026-07-02 13:08:47,425 [INFO] Pass: BasisTranslator - 0.07391 (ms)
2026-07-02 13:08:47,425 [INFO] Pass: ElidePermutations - 0.00525 (ms)
2026-07-02 13:08:47,425 [INFO] Pass: RemoveDiagonalGatesBeforeMeasure - 0.00668 (ms)
2026-07-02 13:08:47,425 [INFO] Pass: RemoveIdentityEquivalent - 0.00882 (ms)
2026-07-02 13:08:47,425 [INFO] Pass: InverseCancellation - 0.02527 (ms)
2026-07-02 13:08:47,425 [INFO] Pass: ContractIdleWiresInControlFlow - 0.00286 (ms)
2026-07-02 13:08:47,425 [INFO] Pass: CommutativeCancellation - 0.07439 (ms)
2026-07-02 13:08:47,425 [INFO] Pass: ConsolidateBlocks - 0.05245 (ms)
2026-07-02 13:08:47,425 [INFO] Pass: Split2QUnitaries - 0.00381 (ms)
2026-07-02 13:08:47,426 [INFO] Pass: UnitarySynthesis - 0.00572 (ms)
2026-07-02 13:08:47,426 [INFO] Pass: HighLevelSynthesis - 0.02718 (ms)
2026-07-02 13:08:47,426 [INFO] Pass: BasisTranslator - 0.07319 (ms)
2026-07-02 13:08:47,426 [INFO] Pass: ConsolidateBlocks - 0.05746 (ms)
2026-07-02 13:08:47,426 [INFO] Pass: UnitarySynthesis - 0.00477 (ms)
2026-07-02 13:08:47,426 [INFO] Pass: Depth - 0.02551 (ms)
2026-07-02 13:08:47,426 [INFO] Pass: FixedPoint - 0.00644 (ms)
2026-07-02 13:08:47,426 [INFO] Pass: Size - 0.00405 (ms)
2026-07-02 13:08:47,426 [INFO] Pass: FixedPoint - 0.00286 (ms)
2026-07-02 13:08:47,426 [INFO] Pass: RemoveIdentityEquivalent - 0.00691 (ms)
2026-07-02 13:08:47,426 [INFO] Pass: Optimize1qGatesDecomposition - 0.18430 (ms)
2026-07-02 13:08:47,426 [INFO] Pass: CommutativeCancellation - 0.08965 (ms)
2026-07-02 13:08:47,426 [INFO] Pass: ContractIdleWiresInControlFlow - 0.00191 (ms)
2026-07-02 13:08:47,426 [INFO] Pass: GatesInBasis - 0.02074 (ms)
2026-07-02 13:08:47,426 [INFO] Pass: Depth - 0.02003 (ms)
2026-07-02 13:08:47,426 [INFO] Pass: FixedPoint - 0.00381 (ms)
2026-07-02 13:08:47,426 [INFO] Pass: Size - 0.00238 (ms)
2026-07-02 13:08:47,426 [INFO] Pass: FixedPoint - 0.00310 (ms)
2026-07-02 13:08:47,427 [INFO] Pass: RemoveIdentityEquivalent - 0.00501 (ms)
2026-07-02 13:08:47,427 [INFO] Pass: Optimize1qGatesDecomposition - 0.14400 (ms)
2026-07-02 13:08:47,427 [INFO] Pass: CommutativeCancellation - 0.07558 (ms)
2026-07-02 13:08:47,427 [INFO] Pass: ContractIdleWiresInControlFlow - 0.00191 (ms)
2026-07-02 13:08:47,427 [INFO] Pass: GatesInBasis - 0.01788 (ms)
2026-07-02 13:08:47,427 [INFO] Pass: Depth - 0.01931 (ms)
2026-07-02 13:08:47,427 [INFO] Pass: FixedPoint - 0.00334 (ms)
2026-07-02 13:08:47,427 [INFO] Pass: Size - 0.00191 (ms)
2026-07-02 13:08:47,427 [INFO] Pass: FixedPoint - 0.00310 (ms)
2026-07-02 13:08:47,427 [INFO] Pass: ContainsInstruction - 0.00691 (ms)
2026-07-02 13:08:47,427 [INFO] Total Transpile Time - 94.29193 (ms)
2026-07-02 13:22:27,822 [INFO] Pass: ContainsInstruction - 0.01121 (ms)
2026-07-02 13:22:27,822 [INFO] Pass: UnitarySynthesis - 0.00787 (ms)
2026-07-02 13:22:27,822 [INFO] Pass: HighLevelSynthesis - 0.00572 (ms)
2026-07-02 13:22:27,822 [INFO] Pass: BasisTranslator - 0.06795 (ms)
2026-07-02 13:22:27,822 [INFO] Pass: ElidePermutations - 0.00501 (ms)
2026-07-02 13:22:27,822 [INFO] Pass: RemoveDiagonalGatesBeforeMeasure - 0.00715 (ms)
2026-07-02 13:22:27,822 [INFO] Pass: RemoveIdentityEquivalent - 0.00572 (ms)
2026-07-02 13:22:27,822 [INFO] Pass: InverseCancellation - 0.00525 (ms)
2026-07-02 13:22:27,822 [INFO] Pass: ContractIdleWiresInControlFlow - 0.00191 (ms)
2026-07-02 13:22:27,822 [INFO] Pass: CommutativeCancellation - 0.06080 (ms)
2026-07-02 13:22:27,822 [INFO] Pass: ConsolidateBlocks - 0.04053 (ms)
2026-07-02 13:22:27,823 [INFO] Pass: Split2QUnitaries - 0.00381 (ms)
2026-07-02 13:22:27,823 [INFO] Pass: UnitarySynthesis - 0.00572 (ms)
2026-07-02 13:22:27,823 [INFO] Pass: HighLevelSynthesis - 0.02241 (ms)
2026-07-02 13:22:27,823 [INFO] Pass: BasisTranslator - 0.06962 (ms)
2026-07-02 13:22:27,823 [INFO] Pass: ConsolidateBlocks - 0.04959 (ms)
2026-07-02 13:22:27,823 [INFO] Pass: UnitarySynthesis - 0.00453 (ms)
2026-07-02 13:22:27,823 [INFO] Pass: Depth - 0.02050 (ms)
2026-07-02 13:22:27,823 [INFO] Pass: FixedPoint - 0.00429 (ms)
2026-07-02 13:22:27,823 [INFO] Pass: Size - 0.00358 (ms)
2026-07-02 13:22:27,823 [INFO] Pass: FixedPoint - 0.00262 (ms)
2026-07-02 13:22:27,823 [INFO] Pass: RemoveIdentityEquivalent - 0.00334 (ms)
2026-07-02 13:22:27,823 [INFO] Pass: Optimize1qGatesDecomposition - 0.03529 (ms)
2026-07-02 13:22:27,823 [INFO] Pass: CommutativeCancellation - 0.07391 (ms)
2026-07-02 13:22:27,823 [INFO] Pass: ContractIdleWiresInControlFlow - 0.00215 (ms)
2026-07-02 13:22:27,823 [INFO] Pass: GatesInBasis - 0.01931 (ms)
2026-07-02 13:22:27,823 [INFO] Pass: Depth - 0.01884 (ms)
2026-07-02 13:22:27,823 [INFO] Pass: FixedPoint - 0.00358 (ms)
2026-07-02 13:22:27,823 [INFO] Pass: Size - 0.00191 (ms)
2026-07-02 13:22:27,823 [INFO] Pass: FixedPoint - 0.00286 (ms)
2026-07-02 13:22:27,823 [INFO] Pass: ContainsInstruction - 0.00501 (ms)
2026-07-02 13:22:27,824 [INFO] Total Transpile Time - 94.24472 (ms)
2026-07-02 13:22:27,914 [INFO] Pass: ContainsInstruction - 0.01144 (ms)
2026-07-02 13:22:27,914 [INFO] Pass: UnitarySynthesis - 0.00691 (ms)
2026-07-02 13:22:27,914 [INFO] Pass: HighLevelSynthesis - 0.00548 (ms)
2026-07-02 13:22:27,914 [INFO] Pass: BasisTranslator - 0.06294 (ms)
2026-07-02 13:22:27,914 [INFO] Pass: ElidePermutations - 0.00429 (ms)
2026-07-02 13:22:27,914 [INFO] Pass: RemoveDiagonalGatesBeforeMeasure - 0.00668 (ms)
2026-07-02 13:22:27,914 [INFO] Pass: RemoveIdentityEquivalent - 0.00668 (ms)
2026-07-02 13:22:27,914 [INFO] Pass: InverseCancellation - 0.02241 (ms)
2026-07-02 13:22:27,914 [INFO] Pass: ContractIdleWiresInControlFlow - 0.00191 (ms)
2026-07-02 13:22:27,914 [INFO] Pass: CommutativeCancellation - 0.07367 (ms)
2026-07-02 13:22:27,914 [INFO] Pass: ConsolidateBlocks - 0.04244 (ms)
2026-07-02 13:22:27,914 [INFO] Pass: Split2QUnitaries - 0.00405 (ms)
2026-07-02 13:22:27,914 [INFO] Pass: UnitarySynthesis - 0.00525 (ms)
2026-07-02 13:22:27,914 [INFO] Pass: HighLevelSynthesis - 0.02265 (ms)
2026-07-02 13:22:27,914 [INFO] Pass: BasisTranslator - 0.06866 (ms)
2026-07-02 13:22:27,914 [INFO] Pass: ConsolidateBlocks - 0.05698 (ms)
2026-07-02 13:22:27,915 [INFO] Pass: UnitarySynthesis - 0.00477 (ms)
2026-07-02 13:22:27,915 [INFO] Pass: Depth - 0.01907 (ms)
2026-07-02 13:22:27,915 [INFO] Pass: FixedPoint - 0.00429 (ms)
2026-07-02 13:22:27,915 [INFO] Pass: Size - 0.00334 (ms)
2026-07-02 13:22:27,915 [INFO] Pass: FixedPoint - 0.00286 (ms)
2026-07-02 13:22:27,915 [INFO] Pass: RemoveIdentityEquivalent - 0.00453 (ms)
2026-07-02 13:22:27,915 [INFO] Pass: Optimize1qGatesDecomposition - 0.15807 (ms)
2026-07-02 13:22:27,915 [INFO] Pass: CommutativeCancellation - 0.08678 (ms)
2026-07-02 13:22:27,915 [INFO] Pass: ContractIdleWiresInControlFlow - 0.00191 (ms)
2026-07-02 13:22:27,915 [INFO] Pass: GatesInBasis - 0.02003 (ms)
2026-07-02 13:22:27,915 [INFO] Pass: Depth - 0.02074 (ms)
2026-07-02 13:22:27,915 [INFO] Pass: FixedPoint - 0.00334 (ms)
2026-07-02 13:22:27,915 [INFO] Pass: Size - 0.00215 (ms)
2026-07-02 13:22:27,915 [INFO] Pass: FixedPoint - 0.00286 (ms)
2026-07-02 13:22:27,915 [INFO] Pass: ContainsInstruction - 0.00548 (ms)
2026-07-02 13:22:27,915 [INFO] Total Transpile Time - 91.33649 (ms)
2026-07-02 13:22:28,007 [INFO] Pass: ContainsInstruction - 0.02146 (ms)
2026-07-02 13:22:28,008 [INFO] Pass: UnitarySynthesis - 0.00811 (ms)
2026-07-02 13:22:28,008 [INFO] Pass: HighLevelSynthesis - 0.00668 (ms)
2026-07-02 13:22:28,008 [INFO] Pass: BasisTranslator - 0.07200 (ms)
2026-07-02 13:22:28,008 [INFO] Pass: ElidePermutations - 0.00525 (ms)
2026-07-02 13:22:28,008 [INFO] Pass: RemoveDiagonalGatesBeforeMeasure - 0.00739 (ms)
2026-07-02 13:22:28,008 [INFO] Pass: RemoveIdentityEquivalent - 0.00954 (ms)
2026-07-02 13:22:28,008 [INFO] Pass: InverseCancellation - 0.02599 (ms)
2026-07-02 13:22:28,008 [INFO] Pass: ContractIdleWiresInControlFlow - 0.00238 (ms)
2026-07-02 13:22:28,008 [INFO] Pass: CommutativeCancellation - 0.06843 (ms)
2026-07-02 13:22:28,008 [INFO] Pass: ConsolidateBlocks - 0.04315 (ms)
2026-07-02 13:22:28,008 [INFO] Pass: Split2QUnitaries - 0.00358 (ms)
2026-07-02 13:22:28,008 [INFO] Pass: UnitarySynthesis - 0.00501 (ms)
2026-07-02 13:22:28,008 [INFO] Pass: HighLevelSynthesis - 0.02575 (ms)
2026-07-02 13:22:28,008 [INFO] Pass: BasisTranslator - 0.07582 (ms)
2026-07-02 13:22:28,008 [INFO] Pass: ConsolidateBlocks - 0.05364 (ms)
2026-07-02 13:22:28,008 [INFO] Pass: UnitarySynthesis - 0.00477 (ms)
2026-07-02 13:22:28,008 [INFO] Pass: Depth - 0.02432 (ms)
2026-07-02 13:22:28,008 [INFO] Pass: FixedPoint - 0.00548 (ms)
2026-07-02 13:22:28,008 [INFO] Pass: Size - 0.00453 (ms)
2026-07-02 13:22:28,008 [INFO] Pass: FixedPoint - 0.00310 (ms)
2026-07-02 13:22:28,009 [INFO] Pass: RemoveIdentityEquivalent - 0.00644 (ms)
2026-07-02 13:22:28,009 [INFO] Pass: Optimize1qGatesDecomposition - 0.18597 (ms)
2026-07-02 13:22:28,009 [INFO] Pass: CommutativeCancellation - 0.07963 (ms)
2026-07-02 13:22:28,009 [INFO] Pass: ContractIdleWiresInControlFlow - 0.00215 (ms)
2026-07-02 13:22:28,009 [INFO] Pass: GatesInBasis - 0.02193 (ms)
2026-07-02 13:22:28,009 [INFO] Pass: Depth - 0.02217 (ms)
2026-07-02 13:22:28,009 [INFO] Pass: FixedPoint - 0.00381 (ms)
2026-07-02 13:22:28,009 [INFO] Pass: Size - 0.00238 (ms)
2026-07-02 13:22:28,009 [INFO] Pass: FixedPoint - 0.00286 (ms)
2026-07-02 13:22:28,009 [INFO] Pass: RemoveIdentityEquivalent - 0.00572 (ms)
2026-07-02 13:22:28,009 [INFO] Pass: Optimize1qGatesDecomposition - 0.14186 (ms)
2026-07-02 13:22:28,009 [INFO] Pass: CommutativeCancellation - 0.06843 (ms)
2026-07-02 13:22:28,009 [INFO] Pass: ContractIdleWiresInControlFlow - 0.00167 (ms)
2026-07-02 13:22:28,009 [INFO] Pass: GatesInBasis - 0.01812 (ms)
2026-07-02 13:22:28,009 [INFO] Pass: Depth - 0.01979 (ms)
2026-07-02 13:22:28,009 [INFO] Pass: FixedPoint - 0.00334 (ms)
2026-07-02 13:22:28,010 [INFO] Pass: Size - 0.00215 (ms)
2026-07-02 13:22:28,010 [INFO] Pass: FixedPoint - 0.00286 (ms)
2026-07-02 13:22:28,010 [INFO] Pass: ContainsInstruction - 0.00644 (ms)
2026-07-02 13:22:28,010 [INFO] Total Transpile Time - 93.99438 (ms)
2026-07-02 13:35:46,437 [INFO] Pass: ContainsInstruction - 0.01311 (ms)
2026-07-02 13:35:46,437 [INFO] Pass: UnitarySynthesis - 0.00882 (ms)
2026-07-02 13:35:46,438 [INFO] Pass: HighLevelSynthesis - 0.00644 (ms)
2026-07-02 13:35:46,438 [INFO] Pass: BasisTranslator - 0.06938 (ms)
2026-07-02 13:35:46,438 [INFO] Pass: ElidePermutations - 0.00501 (ms)
2026-07-02 13:35:46,438 [INFO] Pass: RemoveDiagonalGatesBeforeMeasure - 0.00691 (ms)
2026-07-02 13:35:46,438 [INFO] Pass: RemoveIdentityEquivalent - 0.00572 (ms)
2026-07-02 13:35:46,438 [INFO] Pass: InverseCancellation - 0.00572 (ms)
2026-07-02 13:35:46,438 [INFO] Pass: ContractIdleWiresInControlFlow - 0.00238 (ms)
2026-07-02 13:35:46,438 [INFO] Pass: CommutativeCancellation - 0.06151 (ms)
2026-07-02 13:35:46,438 [INFO] Pass: ConsolidateBlocks - 0.04077 (ms)
2026-07-02 13:35:46,438 [INFO] Pass: Split2QUnitaries - 0.00358 (ms)
2026-07-02 13:35:46,438 [INFO] Pass: UnitarySynthesis - 0.00477 (ms)
2026-07-02 13:35:46,438 [INFO] Pass: HighLevelSynthesis - 0.02074 (ms)
2026-07-02 13:35:46,438 [INFO] Pass: BasisTranslator - 0.06962 (ms)
2026-07-02 13:35:46,438 [INFO] Pass: ConsolidateBlocks - 0.05126 (ms)
2026-07-02 13:35:46,438 [INFO] Pass: UnitarySynthesis - 0.00477 (ms)
2026-07-02 13:35:46,438 [INFO] Pass: Depth - 0.01979 (ms)
2026-07-02 13:35:46,438 [INFO] Pass: FixedPoint - 0.00477 (ms)
2026-07-02 13:35:46,438 [INFO] Pass: Size - 0.00358 (ms)
2026-07-02 13:35:46,438 [INFO] Pass: FixedPoint - 0.00286 (ms)
2026-07-02 13:35:46,438 [INFO] Pass: RemoveIdentityEquivalent - 0.00334 (ms)
2026-07-02 13:35:46,438 [INFO] Pass: Optimize1qGatesDecomposition - 0.04578 (ms)
2026-07-02 13:35:46,439 [INFO] Pass: CommutativeCancellation - 0.08082 (ms)
2026-07-02 13:35:46,439 [INFO] Pass: ContractIdleWiresInControlFlow - 0.00215 (ms)
2026-07-02 13:35:46,439 [INFO] Pass: GatesInBasis - 0.01955 (ms)
2026-07-02 13:35:46,439 [INFO] Pass: Depth - 0.01788 (ms)
2026-07-02 13:35:46,439 [INFO] Pass: FixedPoint - 0.00358 (ms)
2026-07-02 13:35:46,439 [INFO] Pass: Size - 0.00215 (ms)
2026-07-02 13:35:46,439 [INFO] Pass: FixedPoint - 0.00286 (ms)
2026-07-02 13:35:46,439 [INFO] Pass: ContainsInstruction - 0.00477 (ms)
2026-07-02 13:35:46,439 [INFO] Total Transpile Time - 93.73093 (ms)
2026-07-02 13:35:46,529 [INFO] Pass: ContainsInstruction - 0.01168 (ms)
2026-07-02 13:35:46,529 [INFO] Pass: UnitarySynthesis - 0.00787 (ms)
2026-07-02 13:35:46,529 [INFO] Pass: HighLevelSynthesis - 0.00644 (ms)
2026-07-02 13:35:46,530 [INFO] Pass: BasisTranslator - 0.07272 (ms)
2026-07-02 13:35:46,530 [INFO] Pass: ElidePermutations - 0.00525 (ms)
2026-07-02 13:35:46,530 [INFO] Pass: RemoveDiagonalGatesBeforeMeasure - 0.00644 (ms)
2026-07-02 13:35:46,530 [INFO] Pass: RemoveIdentityEquivalent - 0.00763 (ms)
2026-07-02 13:35:46,530 [INFO] Pass: InverseCancellation - 0.02408 (ms)
2026-07-02 13:35:46,530 [INFO] Pass: ContractIdleWiresInControlFlow - 0.00238 (ms)
2026-07-02 13:35:46,530 [INFO] Pass: CommutativeCancellation - 0.07367 (ms)
2026-07-02 13:35:46,530 [INFO] Pass: ConsolidateBlocks - 0.04292 (ms)
2026-07-02 13:35:46,530 [INFO] Pass: Split2QUnitaries - 0.00405 (ms)
2026-07-02 13:35:46,530 [INFO] Pass: UnitarySynthesis - 0.00525 (ms)
2026-07-02 13:35:46,530 [INFO] Pass: HighLevelSynthesis - 0.02408 (ms)
2026-07-02 13:35:46,530 [INFO] Pass: BasisTranslator - 0.07272 (ms)
2026-07-02 13:35:46,530 [INFO] Pass: ConsolidateBlocks - 0.05293 (ms)
2026-07-02 13:35:46,530 [INFO] Pass: UnitarySynthesis - 0.00477 (ms)
2026-07-02 13:35:46,530 [INFO] Pass: Depth - 0.02170 (ms)
2026-07-02 13:35:46,530 [INFO] Pass: FixedPoint - 0.00548 (ms)
2026-07-02 13:35:46,530 [INFO] Pass: Size - 0.00405 (ms)
2026-07-02 13:35:46,530 [INFO] Pass: FixedPoint - 0.00286 (ms)
2026-07-02 13:35:46,530 [INFO] Pass: RemoveIdentityEquivalent - 0.00453 (ms)
2026-07-02 13:35:46,531 [INFO] Pass: Optimize1qGatesDecomposition - 0.18525 (ms)
2026-07-02 13:35:46,531 [INFO] Pass: CommutativeCancellation - 0.09203 (ms)
2026-07-02 13:35:46,531 [INFO] Pass: ContractIdleWiresInControlFlow - 0.00238 (ms)
2026-07-02 13:35:46,531 [INFO] Pass: GatesInBasis - 0.02074 (ms)
2026-07-02 13:35:46,531 [INFO] Pass: Depth - 0.02027 (ms)
2026-07-02 13:35:46,531 [INFO] Pass: FixedPoint - 0.00358 (ms)
2026-07-02 13:35:46,531 [INFO] Pass: Size - 0.00238 (ms)
2026-07-02 13:35:46,531 [INFO] Pass: FixedPoint - 0.00310 (ms)
2026-07-02 13:35:46,531 [INFO] Pass: ContainsInstruction - 0.00620 (ms)
2026-07-02 13:35:46,531 [INFO] Total Transpile Time - 91.63308 (ms)
2026-07-02 13:35:46,623 [INFO] Pass: ContainsInstruction - 0.01240 (ms)
2026-07-02 13:35:46,624 [INFO] Pass: UnitarySynthesis - 0.00834 (ms)
2026-07-02 13:35:46,624 [INFO] Pass: HighLevelSynthesis - 0.00787 (ms)
2026-07-02 13:35:46,624 [INFO] Pass: BasisTranslator - 0.07296 (ms)
2026-07-02 13:35:46,624 [INFO] Pass: ElidePermutations - 0.00477 (ms)
2026-07-02 13:35:46,624 [INFO] Pass: RemoveDiagonalGatesBeforeMeasure - 0.00739 (ms)
2026-07-02 13:35:46,624 [INFO] Pass: RemoveIdentityEquivalent - 0.00811 (ms)
2026-07-02 13:35:46,624 [INFO] Pass: InverseCancellation - 0.02551 (ms)
2026-07-02 13:35:46,624 [INFO] Pass: ContractIdleWiresInControlFlow - 0.00191 (ms)
2026-07-02 13:35:46,624 [INFO] Pass: CommutativeCancellation - 0.07057 (ms)
2026-07-02 13:35:46,624 [INFO] Pass: ConsolidateBlocks - 0.04292 (ms)
2026-07-02 13:35:46,624 [INFO] Pass: Split2QUnitaries - 0.00358 (ms)
2026-07-02 13:35:46,624 [INFO] Pass: UnitarySynthesis - 0.00548 (ms)
2026-07-02 13:35:46,624 [INFO] Pass: HighLevelSynthesis - 0.02694 (ms)
2026-07-02 13:35:46,624 [INFO] Pass: BasisTranslator - 0.07272 (ms)
2026-07-02 13:35:46,624 [INFO] Pass: ConsolidateBlocks - 0.05651 (ms)
2026-07-02 13:35:46,624 [INFO] Pass: UnitarySynthesis - 0.00501 (ms)
2026-07-02 13:35:46,624 [INFO] Pass: Depth - 0.02289 (ms)
2026-07-02 13:35:46,624 [INFO] Pass: FixedPoint - 0.00596 (ms)
2026-07-02 13:35:46,624 [INFO] Pass: Size - 0.00429 (ms)
2026-07-02 13:35:46,625 [INFO] Pass: FixedPoint - 0.00310 (ms)
2026-07-02 13:35:46,625 [INFO] Pass: RemoveIdentityEquivalent - 0.00644 (ms)
2026-07-02 13:35:46,625 [INFO] Pass: Optimize1qGatesDecomposition - 0.19050 (ms)
2026-07-02 13:35:46,625 [INFO] Pass: CommutativeCancellation - 0.08464 (ms)
2026-07-02 13:35:46,625 [INFO] Pass: ContractIdleWiresInControlFlow - 0.00262 (ms)
2026-07-02 13:35:46,625 [INFO] Pass: GatesInBasis - 0.02122 (ms)
2026-07-02 13:35:46,625 [INFO] Pass: Depth - 0.01979 (ms)
2026-07-02 13:35:46,625 [INFO] Pass: FixedPoint - 0.00358 (ms)
2026-07-02 13:35:46,625 [INFO] Pass: Size - 0.00262 (ms)
2026-07-02 13:35:46,625 [INFO] Pass: FixedPoint - 0.00310 (ms)
2026-07-02 13:35:46,625 [INFO] Pass: RemoveIdentityEquivalent - 0.00477 (ms)
2026-07-02 13:35:46,625 [INFO] Pass: Optimize1qGatesDecomposition - 0.14544 (ms)
2026-07-02 13:35:46,625 [INFO] Pass: CommutativeCancellation - 0.07510 (ms)
2026-07-02 13:35:46,625 [INFO] Pass: ContractIdleWiresInControlFlow - 0.00167 (ms)
2026-07-02 13:35:46,625 [INFO] Pass: GatesInBasis - 0.02313 (ms)
2026-07-02 13:35:46,625 [INFO] Pass: Depth - 0.01860 (ms)
2026-07-02 13:35:46,626 [INFO] Pass: FixedPoint - 0.00310 (ms)
2026-07-02 13:35:46,626 [INFO] Pass: Size - 0.00191 (ms)
2026-07-02 13:35:46,626 [INFO] Pass: FixedPoint - 0.00286 (ms)
2026-07-02 13:35:46,626 [INFO] Pass: ContainsInstruction - 0.00620 (ms)
2026-07-02 13:35:46,626 [INFO] Total Transpile Time - 94.01536 (ms)
2026-07-02 13:49:07,746 [INFO] Pass: ContainsInstruction - 0.01240 (ms)
2026-07-02 13:49:07,747 [INFO] Pass: UnitarySynthesis - 0.00811 (ms)
2026-07-02 13:49:07,747 [INFO] Pass: HighLevelSynthesis - 0.00525 (ms)
2026-07-02 13:49:07,747 [INFO] Pass: BasisTranslator - 0.06580 (ms)
2026-07-02 13:49:07,747 [INFO] Pass: ElidePermutations - 0.00453 (ms)
2026-07-02 13:49:07,747 [INFO] Pass: RemoveDiagonalGatesBeforeMeasure - 0.00715 (ms)
2026-07-02 13:49:07,747 [INFO] Pass: RemoveIdentityEquivalent - 0.00453 (ms)
2026-07-02 13:49:07,747 [INFO] Pass: InverseCancellation - 0.00525 (ms)
2026-07-02 13:49:07,747 [INFO] Pass: ContractIdleWiresInControlFlow - 0.00215 (ms)
2026-07-02 13:49:07,747 [INFO] Pass: CommutativeCancellation - 0.06175 (ms)
2026-07-02 13:49:07,747 [INFO] Pass: ConsolidateBlocks - 0.04196 (ms)
2026-07-02 13:49:07,747 [INFO] Pass: Split2QUnitaries - 0.00334 (ms)
2026-07-02 13:49:07,747 [INFO] Pass: UnitarySynthesis - 0.00525 (ms)
2026-07-02 13:49:07,747 [INFO] Pass: HighLevelSynthesis - 0.02170 (ms)
2026-07-02 13:49:07,747 [INFO] Pass: BasisTranslator - 0.06533 (ms)
2026-07-02 13:49:07,747 [INFO] Pass: ConsolidateBlocks - 0.04840 (ms)
2026-07-02 13:49:07,747 [INFO] Pass: UnitarySynthesis - 0.00453 (ms)
2026-07-02 13:49:07,747 [INFO] Pass: Depth - 0.01931 (ms)
2026-07-02 13:49:07,748 [INFO] Pass: FixedPoint - 0.00477 (ms)
2026-07-02 13:49:07,748 [INFO] Pass: Size - 0.00334 (ms)
2026-07-02 13:49:07,748 [INFO] Pass: FixedPoint - 0.00310 (ms)
2026-07-02 13:49:07,748 [INFO] Pass: RemoveIdentityEquivalent - 0.00286 (ms)
2026-07-02 13:49:07,748 [INFO] Pass: Optimize1qGatesDecomposition - 0.03386 (ms)
2026-07-02 13:49:07,748 [INFO] Pass: CommutativeCancellation - 0.07415 (ms)
2026-07-02 13:49:07,748 [INFO] Pass: ContractIdleWiresInControlFlow - 0.00191 (ms)
2026-07-02 13:49:07,748 [INFO] Pass: GatesInBasis - 0.01907 (ms)
2026-07-02 13:49:07,748 [INFO] Pass: Depth - 0.01526 (ms)
2026-07-02 13:49:07,748 [INFO] Pass: FixedPoint - 0.00358 (ms)
2026-07-02 13:49:07,748 [INFO] Pass: Size - 0.00215 (ms)
2026-07-02 13:49:07,748 [INFO] Pass: FixedPoint - 0.00310 (ms)
2026-07-02 13:49:07,748 [INFO] Pass: ContainsInstruction - 0.00501 (ms)
2026-07-02 13:49:07,748 [INFO] Total Transpile Time - 93.32228 (ms)
2026-07-02 13:49:07,839 [INFO] Pass: ContainsInstruction - 0.01359 (ms)
2026-07-02 13:49:07,840 [INFO] Pass: UnitarySynthesis - 0.00787 (ms)
2026-07-02 13:49:07,840 [INFO] Pass: HighLevelSynthesis - 0.00596 (ms)
2026-07-02 13:49:07,840 [INFO] Pass: BasisTranslator - 0.07463 (ms)
2026-07-02 13:49:07,840 [INFO] Pass: ElidePermutations - 0.00548 (ms)
2026-07-02 13:49:07,840 [INFO] Pass: RemoveDiagonalGatesBeforeMeasure - 0.00644 (ms)
2026-07-02 13:49:07,840 [INFO] Pass: RemoveIdentityEquivalent - 0.00811 (ms)
2026-07-02 13:49:07,840 [INFO] Pass: InverseCancellation - 0.02456 (ms)
2026-07-02 13:49:07,840 [INFO] Pass: ContractIdleWiresInControlFlow - 0.00238 (ms)
2026-07-02 13:49:07,840 [INFO] Pass: CommutativeCancellation - 0.07534 (ms)
2026-07-02 13:49:07,840 [INFO] Pass: ConsolidateBlocks - 0.04530 (ms)
2026-07-02 13:49:07,840 [INFO] Pass: Split2QUnitaries - 0.00334 (ms)
2026-07-02 13:49:07,840 [INFO] Pass: UnitarySynthesis - 0.00477 (ms)
2026-07-02 13:49:07,840 [INFO] Pass: HighLevelSynthesis - 0.02480 (ms)
2026-07-02 13:49:07,840 [INFO] Pass: BasisTranslator - 0.06962 (ms)
2026-07-02 13:49:07,840 [INFO] Pass: ConsolidateBlocks - 0.05269 (ms)
2026-07-02 13:49:07,840 [INFO] Pass: UnitarySynthesis - 0.00453 (ms)
2026-07-02 13:49:07,840 [INFO] Pass: Depth - 0.02241 (ms)
2026-07-02 13:49:07,840 [INFO] Pass: FixedPoint - 0.00525 (ms)
2026-07-02 13:49:07,841 [INFO] Pass: Size - 0.00453 (ms)
2026-07-02 13:49:07,841 [INFO] Pass: FixedPoint - 0.00286 (ms)
2026-07-02 13:49:07,841 [INFO] Pass: RemoveIdentityEquivalent - 0.00405 (ms)
2026-07-02 13:49:07,841 [INFO] Pass: Optimize1qGatesDecomposition - 0.16761 (ms)
2026-07-02 13:49:07,841 [INFO] Pass: CommutativeCancellation - 0.08893 (ms)
2026-07-02 13:49:07,841 [INFO] Pass: ContractIdleWiresInControlFlow - 0.00167 (ms)
2026-07-02 13:49:07,841 [INFO] Pass: GatesInBasis - 0.01979 (ms)
2026-07-02 13:49:07,841 [INFO] Pass: Depth - 0.01955 (ms)
2026-07-02 13:49:07,841 [INFO] Pass: FixedPoint - 0.00381 (ms)
2026-07-02 13:49:07,841 [INFO] Pass: Size - 0.00238 (ms)
2026-07-02 13:49:07,841 [INFO] Pass: FixedPoint - 0.00286 (ms)
2026-07-02 13:49:07,841 [INFO] Pass: ContainsInstruction - 0.00548 (ms)
2026-07-02 13:49:07,841 [INFO] Total Transpile Time - 92.64874 (ms)
2026-07-02 13:49:07,932 [INFO] Pass: ContainsInstruction - 0.01240 (ms)
2026-07-02 13:49:07,933 [INFO] Pass: UnitarySynthesis - 0.00715 (ms)
2026-07-02 13:49:07,933 [INFO] Pass: HighLevelSynthesis - 0.00620 (ms)
2026-07-02 13:49:07,933 [INFO] Pass: BasisTranslator - 0.06700 (ms)
2026-07-02 13:49:07,933 [INFO] Pass: ElidePermutations - 0.00477 (ms)
2026-07-02 13:49:07,933 [INFO] Pass: RemoveDiagonalGatesBeforeMeasure - 0.00715 (ms)
2026-07-02 13:49:07,933 [INFO] Pass: RemoveIdentityEquivalent - 0.00834 (ms)
2026-07-02 13:49:07,933 [INFO] Pass: InverseCancellation - 0.02503 (ms)
2026-07-02 13:49:07,933 [INFO] Pass: ContractIdleWiresInControlFlow - 0.00215 (ms)
2026-07-02 13:49:07,933 [INFO] Pass: CommutativeCancellation - 0.06700 (ms)
2026-07-02 13:49:07,933 [INFO] Pass: ConsolidateBlocks - 0.04196 (ms)
2026-07-02 13:49:07,933 [INFO] Pass: Split2QUnitaries - 0.00334 (ms)
2026-07-02 13:49:07,933 [INFO] Pass: UnitarySynthesis - 0.00548 (ms)
2026-07-02 13:49:07,933 [INFO] Pass: HighLevelSynthesis - 0.02623 (ms)
2026-07-02 13:49:07,933 [INFO] Pass: BasisTranslator - 0.07033 (ms)
2026-07-02 13:49:07,933 [INFO] Pass: ConsolidateBlocks - 0.05031 (ms)
2026-07-02 13:49:07,933 [INFO] Pass: UnitarySynthesis - 0.00453 (ms)
2026-07-02 13:49:07,933 [INFO] Pass: Depth - 0.02503 (ms)
2026-07-02 13:49:07,933 [INFO] Pass: FixedPoint - 0.00548 (ms)
2026-07-02 13:49:07,933 [INFO] Pass: Size - 0.00429 (ms)
2026-07-02 13:49:07,933 [INFO] Pass: FixedPoint - 0.00310 (ms)
2026-07-02 13:49:07,933 [INFO] Pass: RemoveIdentityEquivalent - 0.00525 (ms)
2026-07-02 13:49:07,934 [INFO] Pass: Optimize1qGatesDecomposition - 0.19121 (ms)
2026-07-02 13:49:07,934 [INFO] Pass: CommutativeCancellation - 0.08273 (ms)
2026-07-02 13:49:07,934 [INFO] Pass: ContractIdleWiresInControlFlow - 0.00215 (ms)
2026-07-02 13:49:07,934 [INFO] Pass: GatesInBasis - 0.02074 (ms)
2026-07-02 13:49:07,934 [INFO] Pass: Depth - 0.02217 (ms)
2026-07-02 13:49:07,934 [INFO] Pass: FixedPoint - 0.00381 (ms)
2026-07-02 13:49:07,934 [INFO] Pass: Size - 0.00215 (ms)
2026-07-02 13:49:07,934 [INFO] Pass: FixedPoint - 0.00286 (ms)
2026-07-02 13:49:07,934 [INFO] Pass: RemoveIdentityEquivalent - 0.00501 (ms)
2026-07-02 13:49:07,934 [INFO] Pass: Optimize1qGatesDecomposition - 0.14734 (ms)
2026-07-02 13:49:07,934 [INFO] Pass: CommutativeCancellation - 0.07153 (ms)
2026-07-02 13:49:07,934 [INFO] Pass: ContractIdleWiresInControlFlow - 0.00191 (ms)
2026-07-02 13:49:07,934 [INFO] Pass: GatesInBasis - 0.01717 (ms)
2026-07-02 13:49:07,934 [INFO] Pass: Depth - 0.02551 (ms)
2026-07-02 13:49:07,934 [INFO] Pass: FixedPoint - 0.00358 (ms)
2026-07-02 13:49:07,934 [INFO] Pass: Size - 0.00191 (ms)
2026-07-02 13:49:07,935 [INFO] Pass: FixedPoint - 0.00262 (ms)
2026-07-02 13:49:07,935 [INFO] Pass: ContainsInstruction - 0.00644 (ms)
2026-07-02 13:49:07,935 [INFO] Total Transpile Time - 92.76676 (ms)
slurmstepd-c7-3: error: *** JOB 512333 ON c7-3 CANCELLED AT 2026-07-02T13:55:39 ***
